/*--------------------------------*- C++ -*----------------------------------*\
| =========                 |                                                 |
| \\      /  F ield         | OpenFOAM: The Open Source CFD Toolbox           |
|  \\    /   O peration     | Version:  2306                                  |
|   \\  /    A nd           | Website:  www.openfoam.com                      |
|    \\/     M anipulation  |                                                 |
\*---------------------------------------------------------------------------*/
FoamFile
{
    version     2.0;
    format      binary;
    arch        "LSB;label=32;scalar=64";
    class       decomposedBlockData;
    object      Dwm;
    data.format     ascii;
    data.class      volScalarField;
}
// * * * * * * * * * * * * * * * * * * * * * * * * * * * * * * * * * * * * * //


// processor0

57381
(FoamFile
{
    version     2.0;
    format      ascii;
    arch        "LSB;label=32;scalar=64";
    class       volScalarField;
    location    "1/phiI";
    object      Dwm;
}
dimensions      [0 2 -1 0 0 0 0];

internalField   nonuniform List<scalar> 
4000
(
3.775525e-10
3.761375e-10
3.783988e-10
3.782473e-10
3.732001e-10
3.767366e-10
3.768343e-10
3.792199e-10
3.790798e-10
3.783991e-10
3.691282e-10
3.73598e-10
3.738747e-10
3.774507e-10
3.774107e-10
3.770236e-10
3.79977e-10
3.798893e-10
3.79195e-10
3.772079e-10
3.649987e-10
3.692074e-10
3.697476e-10
3.7404e-10
3.742539e-10
3.741036e-10
3.781388e-10
3.781127e-10
3.775546e-10
3.759219e-10
3.807239e-10
3.806382e-10
3.799723e-10
3.779422e-10
3.741957e-10
3.624872e-10
3.650037e-10
3.655079e-10
3.695224e-10
3.697992e-10
3.700175e-10
3.745915e-10
3.746779e-10
3.744519e-10
3.731621e-10
3.788326e-10
3.787929e-10
3.782257e-10
3.763939e-10
3.730598e-10
3.814151e-10
3.813796e-10
3.80695e-10
3.786636e-10
3.748476e-10
3.603271e-10
3.624064e-10
3.631837e-10
3.62819e-10
3.652582e-10
3.654626e-10
3.657883e-10
3.698741e-10
3.700979e-10
3.700407e-10
3.693142e-10
3.751797e-10
3.752214e-10
3.748424e-10
3.734742e-10
3.706274e-10
3.794806e-10
3.794817e-10
3.78881e-10
3.770134e-10
3.734743e-10
3.599315e-10
3.819918e-10
3.820663e-10
3.81414e-10
3.793374e-10
3.7549e-10
3.608313e-10
3.569682e-10
3.637146e-10
3.647101e-10
3.625448e-10
3.638053e-10
3.634231e-10
3.630425e-10
3.655356e-10
3.65693e-10
3.65708e-10
3.653655e-10
3.703158e-10
3.704395e-10
3.703147e-10
3.693284e-10
3.672884e-10
3.757405e-10
3.758054e-10
3.753636e-10
3.73823e-10
3.709078e-10
3.592228e-10
3.800276e-10
3.801257e-10
3.795485e-10
3.776228e-10
3.740244e-10
3.603599e-10
3.570477e-10
3.82491e-10
3.826391e-10
3.820809e-10
3.800111e-10
3.760913e-10
3.612673e-10
3.573793e-10
3.567507e-10
3.652043e-10
3.680793e-10
3.636895e-10
3.662853e-10
3.647041e-10
3.626603e-10
3.642366e-10
3.640025e-10
3.635874e-10
3.628724e-10
3.65841e-10
3.659589e-10
3.659158e-10
3.653122e-10
3.639957e-10
3.707566e-10
3.708779e-10
3.706364e-10
3.695775e-10
3.673326e-10
3.587326e-10
3.762262e-10
3.763633e-10
3.759287e-10
3.743049e-10
3.712167e-10
3.596843e-10
3.574212e-10
3.804991e-10
3.806693e-10
3.801737e-10
3.78247e-10
3.745665e-10
3.607597e-10
3.574892e-10
3.569999e-10
3.82937e-10
3.831346e-10
3.826371e-10
3.806371e-10
3.766946e-10
3.616398e-10
3.576775e-10
3.571307e-10
3.570823e-10
3.661102e-10
3.713757e-10
3.650683e-10
3.709248e-10
3.678652e-10
3.636923e-10
3.672097e-10
3.66214e-10
3.647236e-10
3.626477e-10
3.64538e-10
3.644162e-10
3.641385e-10
3.634801e-10
3.621949e-10
3.661357e-10
3.662611e-10
3.661669e-10
3.655192e-10
3.640721e-10
3.594483e-10
3.711548e-10
3.713175e-10
3.710598e-10
3.698723e-10
3.675687e-10
3.593761e-10
3.586819e-10
3.766408e-10
3.768467e-10
3.764699e-10
3.748314e-10
3.716439e-10
3.600192e-10
3.580168e-10
3.577485e-10
3.809239e-10
3.811375e-10
3.807014e-10
3.788328e-10
3.751235e-10
3.611e-10
3.577912e-10
3.574505e-10
3.574956e-10
3.833229e-10
3.835775e-10
3.831179e-10
3.811593e-10
3.77256e-10
3.619904e-10
3.578941e-10
3.57379e-10
3.574423e-10
3.579703e-10
3.661102e-10
3.733098e-10
3.659197e-10
3.753599e-10
3.710198e-10
3.649877e-10
3.725623e-10
3.706244e-10
3.677372e-10
3.637599e-10
3.677182e-10
3.671108e-10
3.661929e-10
3.64801e-10
3.625167e-10
3.64773e-10
3.647127e-10
3.645394e-10
3.640585e-10
3.630632e-10
3.623462e-10
3.664005e-10
3.665554e-10
3.66459e-10
3.657599e-10
3.643223e-10
3.608208e-10
3.617755e-10
3.714876e-10
3.717154e-10
3.714866e-10
3.702653e-10
3.678351e-10
3.59802e-10
3.59732e-10
3.59592e-10
3.7702e-10
3.772588e-10
3.769392e-10
3.753366e-10
3.721106e-10
3.603105e-10
3.58372e-10
3.584034e-10
3.586014e-10
3.812855e-10
3.815595e-10
3.811556e-10
3.793274e-10
3.756468e-10
3.614182e-10
3.579963e-10
3.577195e-10
3.579649e-10
3.585395e-10
3.8396e-10
3.835478e-10
3.816104e-10
3.777246e-10
3.623106e-10
3.580714e-10
3.575373e-10
3.576483e-10
3.583222e-10
3.594155e-10
3.652043e-10
3.733098e-10
3.659197e-10
3.779527e-10
3.728839e-10
3.657964e-10
3.776642e-10
3.749033e-10
3.707822e-10
3.650919e-10
3.734254e-10
3.722244e-10
3.704416e-10
3.679091e-10
3.64e-10
3.680447e-10
3.676109e-10
3.670745e-10
3.663201e-10
3.650608e-10
3.667776e-10
3.649462e-10
3.649474e-10
3.648305e-10
3.644691e-10
3.637631e-10
3.654604e-10
3.673308e-10
3.666316e-10
3.668212e-10
3.66745e-10
3.660346e-10
3.645673e-10
3.616062e-10
3.639756e-10
3.634328e-10
3.717912e-10
3.720473e-10
3.718737e-10
3.706623e-10
3.681825e-10
3.600778e-10
3.602896e-10
3.608049e-10
3.60999e-10
3.773315e-10
3.77636e-10
3.773387e-10
3.75775e-10
3.725585e-10
3.605716e-10
3.585764e-10
3.58772e-10
3.593291e-10
3.599807e-10
3.81918e-10
3.815652e-10
3.797528e-10
3.760889e-10
3.617082e-10
3.581526e-10
3.57876e-10
3.582092e-10
3.590382e-10
3.601315e-10
3.839185e-10
3.820142e-10
3.781293e-10
3.625764e-10
3.58225e-10
3.576487e-10
3.577541e-10
3.58495e-10
3.597724e-10
3.614156e-10
3.637146e-10
3.713757e-10
3.650683e-10
3.779528e-10
3.728839e-10
3.657964e-10
3.806506e-10
3.774188e-10
3.725899e-10
3.659146e-10
3.788829e-10
3.771629e-10
3.745995e-10
3.709957e-10
3.655529e-10
3.739579e-10
3.73075e-10
3.720219e-10
3.706757e-10
3.686336e-10
3.712795e-10
3.682189e-10
3.679358e-10
3.675719e-10
3.672295e-10
3.66777e-10
3.725492e-10
3.739686e-10
3.65102e-10
3.651231e-10
3.650625e-10
3.647594e-10
3.642248e-10
3.671905e-10
3.717956e-10
3.697673e-10
3.668442e-10
3.67053e-10
3.670044e-10
3.663017e-10
3.648207e-10
3.620388e-10
3.651041e-10
3.659454e-10
3.655477e-10
3.720255e-10
3.723502e-10
3.721957e-10
3.710226e-10
3.685313e-10
3.60285e-10
3.605764e-10
3.614226e-10
3.623894e-10
3.628979e-10
3.77945e-10
3.777049e-10
3.761478e-10
3.72947e-10
3.608058e-10
3.587025e-10
3.589495e-10
3.597187e-10
3.607947e-10
3.618849e-10
3.819123e-10
3.801369e-10
3.764691e-10
3.619502e-10
3.582837e-10
3.579728e-10
3.583233e-10
3.59267e-10
3.606711e-10
3.622682e-10
3.823617e-10
3.78492e-10
3.628081e-10
3.5835e-10
3.577383e-10
3.578039e-10
3.585548e-10
3.599214e-10
3.617909e-10
3.639652e-10
3.624064e-10
3.680793e-10
3.636895e-10
3.7536e-10
3.710198e-10
3.649877e-10
3.806505e-10
3.774189e-10
3.725899e-10
3.659146e-10
3.820871e-10
3.800684e-10
3.770527e-10
3.728184e-10
3.664768e-10
3.796384e-10
3.783658e-10
3.768351e-10
3.748801e-10
3.71997e-10
3.747241e-10
3.742139e-10
3.736041e-10
3.728701e-10
3.722956e-10
3.71652e-10
3.798835e-10
3.800158e-10
3.683774e-10
3.681133e-10
3.678983e-10
3.677416e-10
3.67786e-10
3.757893e-10
3.815835e-10
3.770129e-10
3.652177e-10
3.652811e-10
3.652372e-10
3.649867e-10
3.645271e-10
3.680968e-10
3.741417e-10
3.747162e-10
3.726173e-10
3.670142e-10
3.672672e-10
3.672302e-10
3.665424e-10
3.650588e-10
3.622677e-10
3.656609e-10
3.672137e-10
3.683865e-10
3.681087e-10
3.725823e-10
3.724898e-10
3.713217e-10
3.688466e-10
3.604554e-10
3.606978e-10
3.617228e-10
3.630768e-10
3.644792e-10
3.652851e-10
3.780036e-10
3.764899e-10
3.732774e-10
3.610013e-10
3.587953e-10
3.590297e-10
3.598761e-10
3.612135e-10
3.627985e-10
3.643095e-10
3.804617e-10
3.768127e-10
3.621605e-10
3.583885e-10
3.580444e-10
3.583651e-10
3.593455e-10
3.608938e-10
3.628606e-10
3.649434e-10
3.788041e-10
3.630149e-10
3.584609e-10
3.578086e-10
3.578332e-10
3.585488e-10
3.599426e-10
3.619261e-10
3.643727e-10
3.670813e-10
3.624872e-10
3.647101e-10
3.625448e-10
3.709248e-10
3.678652e-10
3.636923e-10
3.77664e-10
3.749034e-10
3.707821e-10
3.650919e-10
3.82087e-10
3.800683e-10
3.770527e-10
3.728184e-10
3.664768e-10
3.829841e-10
3.814873e-10
3.796756e-10
3.773495e-10
3.739463e-10
3.765408e-10
3.80004e-10
3.791162e-10
3.780351e-10
3.771611e-10
3.761645e-10
3.85608e-10
3.843947e-10
3.744448e-10
3.738631e-10
3.734029e-10
3.731697e-10
3.734084e-10
3.84801e-10
3.908088e-10
3.834615e-10
3.684367e-10
3.682747e-10
3.680797e-10
3.680771e-10
3.683439e-10
3.775158e-10
3.856845e-10
3.852581e-10
3.804343e-10
3.653613e-10
3.654006e-10
3.653941e-10
3.651542e-10
3.647517e-10
3.685336e-10
3.753179e-10
3.772963e-10
3.780602e-10
3.758642e-10
3.674362e-10
3.674394e-10
3.667519e-10
3.652679e-10
3.624113e-10
3.658821e-10
3.678303e-10
3.69804e-10
3.71285e-10
3.71111e-10
3.727135e-10
3.715948e-10
3.691082e-10
3.605894e-10
3.607565e-10
3.618217e-10
3.633972e-10
3.652458e-10
3.670704e-10
3.681552e-10
3.767684e-10
3.735806e-10
3.611703e-10
3.588621e-10
3.59073e-10
3.599159e-10
3.61358e-10
3.632549e-10
3.653361e-10
3.672478e-10
3.771033e-10
3.623486e-10
3.584818e-10
3.580972e-10
3.583813e-10
3.593384e-10
3.609444e-10
3.630874e-10
3.656011e-10
3.681743e-10
3.63203e-10
3.585587e-10
3.578725e-10
3.578516e-10
3.585223e-10
3.598869e-10
3.619166e-10
3.645046e-10
3.675351e-10
3.814161e-10
3.649987e-10
3.631838e-10
3.62819e-10
3.662853e-10
3.647041e-10
3.626603e-10
3.725621e-10
3.706245e-10
3.677371e-10
3.637599e-10
3.788826e-10
3.771627e-10
3.745996e-10
3.709957e-10
3.655529e-10
3.82984e-10
3.814871e-10
3.796755e-10
3.773495e-10
3.739463e-10
3.765408e-10
3.83423e-10
3.823783e-10
3.81091e-10
3.800199e-10
3.787742e-10
3.886725e-10
3.866427e-10
3.803349e-10
3.794843e-10
3.7879e-10
3.783934e-10
3.786035e-10
3.919017e-10
3.976737e-10
3.880731e-10
3.744963e-10
3.74097e-10
3.73669e-10
3.737221e-10
3.743549e-10
3.874904e-10
3.967561e-10
3.949827e-10
3.872587e-10
3.686397e-10
3.683394e-10
3.682445e-10
3.682627e-10
3.687038e-10
3.7837e-10
3.87819e-10
3.896709e-10
3.893148e-10
3.842136e-10
3.655435e-10
3.655136e-10
3.653046e-10
3.649064e-10
3.687774e-10
3.758427e-10
3.785875e-10
3.808813e-10
3.818081e-10
3.795038e-10
3.676032e-10
3.669452e-10
3.654502e-10
3.624901e-10
3.659736e-10
3.680636e-10
3.704874e-10
3.728603e-10
3.746353e-10
3.745489e-10
3.71802e-10
3.693464e-10
3.607057e-10
3.607758e-10
3.618475e-10
3.6348e-10
3.655934e-10
3.679257e-10
3.701567e-10
3.715009e-10
3.738279e-10
3.613204e-10
3.58923e-10
3.59094e-10
3.599144e-10
3.613638e-10
3.633944e-10
3.658387e-10
3.684006e-10
3.707186e-10
3.625199e-10
3.585625e-10
3.581459e-10
3.583851e-10
3.593039e-10
3.608948e-10
3.631179e-10
3.658422e-10
3.689102e-10
3.828499e-10
3.5866e-10
3.579273e-10
3.578704e-10
3.584922e-10
3.598101e-10
3.618182e-10
3.644725e-10
3.676739e-10
3.819514e-10
4.199266e-10
3.691281e-10
3.650037e-10
3.655079e-10
3.638053e-10
3.634231e-10
3.630425e-10
3.672096e-10
3.66214e-10
3.647236e-10
3.626477e-10
3.73425e-10
3.722243e-10
3.704416e-10
3.679091e-10
3.64e-10
3.796379e-10
3.783654e-10
3.768349e-10
3.748802e-10
3.719969e-10
3.747241e-10
3.83423e-10
3.823781e-10
3.810909e-10
3.800199e-10
3.787743e-10
3.886725e-10
3.866427e-10
3.838245e-10
3.828192e-10
3.819868e-10
3.814703e-10
3.816121e-10
3.957317e-10
4.012636e-10
3.904259e-10
3.80402e-10
3.798177e-10
3.791668e-10
3.791743e-10
3.799246e-10
3.954049e-10
4.050916e-10
4.02136e-10
3.920873e-10
3.748278e-10
3.741548e-10
3.739094e-10
3.740014e-10
3.749535e-10
3.888605e-10
3.999521e-10
4.012917e-10
3.995102e-10
3.913871e-10
3.685414e-10
3.683137e-10
3.684313e-10
3.688967e-10
3.788641e-10
3.888477e-10
3.919683e-10
3.940438e-10
3.937319e-10
3.883479e-10
3.656545e-10
3.654157e-10
3.650455e-10
3.688722e-10
3.761064e-10
3.791638e-10
3.822935e-10
3.848761e-10
3.859551e-10
3.835313e-10
3.670982e-10
3.656147e-10
3.625628e-10
3.65977e-10
3.681499e-10
3.707393e-10
3.736172e-10
3.763767e-10
3.784308e-10
3.784158e-10
3.695291e-10
3.608e-10
3.607996e-10
3.618309e-10
3.634782e-10
3.656667e-10
3.683074e-10
3.7111e-10
3.737305e-10
3.753434e-10
3.614605e-10
3.589702e-10
3.591161e-10
3.598931e-10
3.613229e-10
3.633729e-10
3.65981e-10
3.689579e-10
3.720106e-10
3.861185e-10
3.586514e-10
3.581854e-10
3.583917e-10
3.592627e-10
3.608154e-10
3.630329e-10
3.658608e-10
3.691758e-10
3.837612e-10
4.216876e-10
3.579943e-10
3.578842e-10
3.584692e-10
3.597358e-10
3.61697e-10
3.643388e-10
3.676276e-10
3.820661e-10
4.206497e-10
4.236868e-10
3.731999e-10
3.692074e-10
3.697476e-10
3.652582e-10
3.654626e-10
3.657882e-10
3.642367e-10
3.640025e-10
3.635874e-10
3.628724e-10
3.67718e-10
3.671107e-10
3.661929e-10
3.64801e-10
3.625167e-10
3.739573e-10
3.730746e-10
3.720217e-10
3.706757e-10
3.686336e-10
3.712796e-10
3.800041e-10
3.791157e-10
3.780347e-10
3.771609e-10
3.761646e-10
3.85608e-10
3.843947e-10
3.838247e-10
3.828192e-10
3.819866e-10
3.814701e-10
3.81612e-10
3.957318e-10
4.012636e-10
3.90426e-10
3.839049e-10
3.832229e-10
3.824371e-10
3.82395e-10
3.831589e-10
3.996942e-10
4.094885e-10
4.058553e-10
3.945378e-10
3.808684e-10
3.798916e-10
3.795086e-10
3.795701e-10
3.807661e-10
3.972315e-10
4.091568e-10
4.099419e-10
4.06935e-10
3.96417e-10
3.744845e-10
3.739753e-10
3.742541e-10
3.752571e-10
3.896862e-10
4.015585e-10
4.046821e-10
4.061834e-10
4.043691e-10
3.958454e-10
3.685165e-10
3.685007e-10
3.690721e-10
3.790721e-10
3.894263e-10
3.930821e-10
3.965084e-10
3.987801e-10
3.985066e-10
3.928342e-10
3.655542e-10
3.651391e-10
3.689601e-10
3.761738e-10
3.794537e-10
3.829271e-10
3.864148e-10
3.892755e-10
3.904959e-10
3.87942e-10
3.657523e-10
3.625964e-10
3.659862e-10
3.681374e-10
3.70826e-10
3.738941e-10
3.772138e-10
3.803461e-10
3.82664e-10
3.82736e-10
3.609043e-10
3.608018e-10
3.618256e-10
3.634302e-10
3.656434e-10
3.683783e-10
3.715328e-10
3.747908e-10
3.778128e-10
3.918689e-10
3.590384e-10
3.591259e-10
3.598795e-10
3.612637e-10
3.632986e-10
3.659395e-10
3.691111e-10
3.726315e-10
3.877462e-10
4.256416e-10
3.582426e-10
3.583921e-10
3.592305e-10
3.607334e-10
3.629146e-10
3.657478e-10
3.691908e-10
3.840502e-10
4.229054e-10
4.254141e-10
3.579188e-10
3.584445e-10
3.596742e-10
3.61583e-10
3.641796e-10
3.67466e-10
3.819423e-10
4.207789e-10
4.246121e-10
4.242854e-10
3.761374e-10
3.735981e-10
3.738746e-10
3.695221e-10
3.697992e-10
3.700175e-10
3.655359e-10
3.656929e-10
3.657081e-10
3.653654e-10
3.645381e-10
3.644163e-10
3.641385e-10
3.634801e-10
3.621949e-10
3.680444e-10
3.676107e-10
3.670745e-10
3.663201e-10
3.650608e-10
3.667776e-10
3.74214e-10
3.736035e-10
3.728697e-10
3.722955e-10
3.716521e-10
3.798834e-10
3.800158e-10
3.803354e-10
3.794843e-10
3.787896e-10
3.78393e-10
3.786033e-10
3.919019e-10
3.976737e-10
3.880731e-10
3.83905e-10
3.832231e-10
3.824371e-10
3.823948e-10
3.831588e-10
3.99694e-10
4.094886e-10
4.058553e-10
3.945378e-10
3.844533e-10
3.833104e-10
3.828498e-10
3.82867e-10
3.841509e-10
4.017851e-10
4.14037e-10
4.144794e-10
4.107763e-10
3.989581e-10
3.803557e-10
3.795928e-10
3.799297e-10
3.811975e-10
3.983608e-10
4.112563e-10
4.142183e-10
4.151307e-10
4.120488e-10
4.010619e-10
3.743077e-10
3.743272e-10
3.755318e-10
3.900663e-10
4.025159e-10
4.063961e-10
4.097712e-10
4.11408e-10
4.095587e-10
4.006325e-10
3.687095e-10
3.69137e-10
3.792613e-10
3.89652e-10
3.937139e-10
3.977118e-10
4.014157e-10
4.03877e-10
4.036361e-10
3.9767e-10
3.652772e-10
3.689545e-10
3.762384e-10
3.795283e-10
3.832486e-10
3.871112e-10
3.909459e-10
3.94074e-10
3.954255e-10
3.927643e-10
3.626929e-10
3.659422e-10
3.681333e-10
3.708024e-10
3.739872e-10
3.775221e-10
3.812698e-10
3.847608e-10
3.873598e-10
4.006959e-10
3.608563e-10
3.617978e-10
3.633995e-10
3.655691e-10
3.683398e-10
3.716083e-10
3.752616e-10
3.78989e-10
3.949377e-10
4.324367e-10
3.591684e-10
3.598544e-10
3.61218e-10
3.632063e-10
3.658381e-10
3.690571e-10
3.728034e-10
3.884998e-10
4.277932e-10
4.292894e-10
3.584196e-10
3.591943e-10
3.606659e-10
3.627967e-10
3.655972e-10
3.690572e-10
3.84016e-10
4.23273e-10
4.268406e-10
4.259795e-10
3.58449e-10
3.596139e-10
3.614869e-10
3.640311e-10
3.672753e-10
3.816691e-10
4.205838e-10
4.2488e-10
4.253559e-10
4.235115e-10
3.775524e-10
3.767366e-10
3.768341e-10
3.7404e-10
3.74254e-10
3.741035e-10
3.698746e-10
3.700976e-10
3.700407e-10
3.693141e-10
3.658418e-10
3.659592e-10
3.659158e-10
3.653122e-10
3.639957e-10
3.647732e-10
3.647128e-10
3.645394e-10
3.640585e-10
3.630632e-10
3.623462e-10
3.682189e-10
3.679356e-10
3.675717e-10
3.672294e-10
3.66777e-10
3.725491e-10
3.739686e-10
3.744453e-10
3.738632e-10
3.734023e-10
3.731693e-10
3.734082e-10
3.848012e-10
3.908087e-10
3.834616e-10
3.804023e-10
3.798181e-10
3.791669e-10
3.791739e-10
3.799243e-10
3.954046e-10
4.050918e-10
4.021359e-10
3.920873e-10
3.844533e-10
3.833105e-10
3.8285e-10
3.82867e-10
3.841507e-10
4.017849e-10
4.140369e-10
4.144794e-10
4.107762e-10
3.989581e-10
3.838562e-10
3.829486e-10
3.833002e-10
3.846639e-10
4.030943e-10
4.164175e-10
4.19246e-10
4.198009e-10
4.160047e-10
4.03687e-10
3.800606e-10
3.800258e-10
3.815898e-10
3.989114e-10
4.125459e-10
4.164382e-10
4.196208e-10
4.206356e-10
4.174783e-10
4.060221e-10
3.746724e-10
3.756119e-10
3.904081e-10
4.029471e-10
4.074256e-10
4.115967e-10
4.151959e-10
4.169652e-10
4.150787e-10
4.057475e-10
3.693617e-10
3.792658e-10
3.898569e-10
3.939671e-10
3.984014e-10
4.027134e-10
4.066875e-10
4.09332e-10
4.091183e-10
4.028869e-10
3.691136e-10
3.761804e-10
3.795996e-10
3.833349e-10
3.874695e-10
3.917107e-10
3.958814e-10
3.992664e-10
4.007733e-10
4.121916e-10
3.660163e-10
3.680696e-10
3.707892e-10
3.739575e-10
3.776276e-10
3.816161e-10
3.857772e-10
3.896457e-10
4.06258e-10
4.425505e-10
3.618377e-10
3.633447e-10
3.655171e-10
3.682444e-10
3.715613e-10
3.753489e-10
3.795145e-10
3.963742e-10
4.363668e-10
4.35979e-10
3.598735e-10
3.611611e-10
3.631323e-10
3.657178e-10
3.689352e-10
3.727442e-10
3.886811e-10
4.287627e-10
4.316963e-10
4.2978e-10
3.591949e-10
3.605965e-10
3.626981e-10
3.654486e-10
3.688808e-10
3.837897e-10
4.232068e-10
4.273557e-10
4.275516e-10
4.251794e-10
3.595914e-10
3.613944e-10
3.639046e-10
3.670973e-10
3.813608e-10
4.201895e-10
4.247853e-10
4.257284e-10
4.246719e-10
4.225733e-10
3.783989e-10
3.782471e-10
3.774506e-10
3.774107e-10
3.770234e-10
3.745921e-10
3.746778e-10
3.74452e-10
3.73162e-10
3.70317e-10
3.704401e-10
3.703144e-10
3.693284e-10
3.672883e-10
3.661367e-10
3.66262e-10
3.661672e-10
3.655192e-10
3.640722e-10
3.594483e-10
3.649462e-10
3.649476e-10
3.648307e-10
3.644691e-10
3.637631e-10
3.654604e-10
3.673308e-10
3.683776e-10
3.681133e-10
3.678981e-10
3.677414e-10
3.677859e-10
3.757892e-10
3.815834e-10
3.770129e-10
3.744967e-10
3.740974e-10
3.73669e-10
3.737216e-10
3.743544e-10
3.8749e-10
3.967564e-10
3.949826e-10
3.872587e-10
3.808682e-10
3.79892e-10
3.79509e-10
3.795702e-10
3.807657e-10
3.972309e-10
4.091564e-10
4.099421e-10
4.069349e-10
3.96417e-10
3.838562e-10
3.829488e-10
3.833003e-10
3.846639e-10
4.030941e-10
4.164172e-10
4.192459e-10
4.19801e-10
4.160047e-10
4.03687e-10
3.834988e-10
3.834132e-10
3.851351e-10
4.037471e-10
4.179002e-10
4.217523e-10
4.247881e-10
4.254312e-10
4.215424e-10
4.087252e-10
3.805109e-10
3.817008e-10
3.994097e-10
4.13169e-10
4.178109e-10
4.219645e-10
4.253417e-10
4.26458e-10
4.232249e-10
4.112981e-10
3.759869e-10
3.904631e-10
4.033338e-10
4.078989e-10
4.127022e-10
4.171368e-10
4.209562e-10
4.228553e-10
4.209295e-10
4.112241e-10
3.795774e-10
3.898355e-10
3.941969e-10
3.986862e-10
4.034652e-10
4.080837e-10
4.12321e-10
4.151431e-10
4.149864e-10
4.234016e-10
3.763567e-10
3.795361e-10
3.834169e-10
3.875723e-10
3.921111e-10
3.967199e-10
4.012156e-10
4.048823e-10
4.214824e-10
4.552795e-10
3.681429e-10
3.707093e-10
3.739396e-10
3.775971e-10
3.8174e-10
3.861678e-10
3.907609e-10
4.089763e-10
4.493867e-10
4.460094e-10
3.633727e-10
3.654389e-10
3.681755e-10
3.714504e-10
3.753e-10
3.796206e-10
3.97002e-10
4.381908e-10
4.402269e-10
4.363671e-10
3.611597e-10
3.63047e-10
3.656199e-10
3.687922e-10
3.726083e-10
3.885682e-10
4.289909e-10
4.328211e-10
4.323586e-10
4.289223e-10
3.60573e-10
3.625987e-10
3.65323e-10
3.687066e-10
3.835103e-10
4.228867e-10
4.273955e-10
4.281754e-10
4.2684e-10
4.242268e-10
3.613478e-10
3.637835e-10
3.669447e-10
3.810761e-10
4.197474e-10
4.244724e-10
4.257128e-10
4.251116e-10
4.237753e-10
3.792199e-10
3.790798e-10
3.78399e-10
3.781395e-10
3.781127e-10
3.775547e-10
3.759218e-10
3.751812e-10
3.752221e-10
3.748423e-10
3.734743e-10
3.706273e-10
3.707586e-10
3.708791e-10
3.706369e-10
3.695773e-10
3.673326e-10
3.587326e-10
3.664005e-10
3.665564e-10
3.664598e-10
3.657602e-10
3.643223e-10
3.608208e-10
3.617755e-10
3.651019e-10
3.651231e-10
3.650627e-10
3.647596e-10
3.642248e-10
3.671905e-10
3.717956e-10
3.697673e-10
3.684368e-10
3.682748e-10
3.680797e-10
3.680769e-10
3.683436e-10
3.775155e-10
3.856844e-10
3.85258e-10
3.804343e-10
3.748276e-10
3.741552e-10
3.739098e-10
3.740015e-10
3.749529e-10
3.888597e-10
3.999516e-10
4.01292e-10
3.995101e-10
3.913872e-10
3.803555e-10
3.795931e-10
3.799301e-10
3.811975e-10
3.9836e-10
4.112556e-10
4.142179e-10
4.151309e-10
4.120487e-10
4.010619e-10
3.834987e-10
3.834134e-10
3.851352e-10
4.037471e-10
4.178999e-10
4.21752e-10
4.247879e-10
4.254313e-10
4.215424e-10
4.087252e-10
3.839826e-10
3.852668e-10
4.043446e-10
4.186354e-10
4.23323e-10
4.274234e-10
4.306411e-10
4.313727e-10
4.273914e-10
4.140738e-10
3.822244e-10
3.995177e-10
4.137319e-10
4.184848e-10
4.234238e-10
4.278126e-10
4.313827e-10
4.325999e-10
4.292905e-10
4.169246e-10
3.909795e-10
4.033839e-10
4.083237e-10
4.132211e-10
4.183221e-10
4.230161e-10
4.270523e-10
4.29079e-10
4.271466e-10
4.324085e-10
3.902011e-10
3.941834e-10
3.989446e-10
4.037857e-10
4.089023e-10
4.138203e-10
4.183144e-10
4.213438e-10
4.37048e-10
4.672842e-10
3.797295e-10
3.833516e-10
3.876693e-10
3.92235e-10
3.971673e-10
4.021329e-10
4.069782e-10
4.261937e-10
4.662402e-10
4.587289e-10
3.707849e-10
3.738473e-10
3.775788e-10
3.817137e-10
3.863159e-10
3.912018e-10
4.102934e-10
4.527037e-10
4.532554e-10
4.463096e-10
3.65458e-10
3.680774e-10
3.713691e-10
3.751791e-10
3.795763e-10
3.971134e-10
4.389825e-10
4.422522e-10
4.408211e-10
4.354293e-10
3.630284e-10
3.655099e-10
3.686748e-10
3.72448e-10
3.883591e-10
4.288387e-10
4.331672e-10
4.335929e-10
4.316024e-10
4.279387e-10
3.625544e-10
3.651976e-10
3.685585e-10
3.832392e-10
4.224948e-10
4.27161e-10
4.282971e-10
4.275325e-10
4.259277e-10
3.637162e-10
3.667987e-10
3.8083e-10
4.193356e-10
4.240977e-10
4.254667e-10
4.251483e-10
4.242469e-10
3.799778e-10
3.798892e-10
3.79195e-10
3.772077e-10
3.788343e-10
3.787936e-10
3.782257e-10
3.763939e-10
3.730596e-10
3.757425e-10
3.758069e-10
3.753642e-10
3.738229e-10
3.709079e-10
3.592228e-10
3.711543e-10
3.713195e-10
3.71061e-10
3.698728e-10
3.675684e-10
3.593761e-10
3.586819e-10
3.666312e-10
3.668213e-10
3.667461e-10
3.660354e-10
3.645675e-10
3.616062e-10
3.639756e-10
3.634328e-10
3.652175e-10
3.65281e-10
3.652372e-10
3.64987e-10
3.645272e-10
3.680966e-10
3.741418e-10
3.747161e-10
3.726174e-10
3.686397e-10
3.683396e-10
3.682446e-10
3.682627e-10
3.687034e-10
3.783692e-10
3.878186e-10
3.896709e-10
3.893147e-10
3.842136e-10
3.744844e-10
3.739757e-10
3.742545e-10
3.752571e-10
3.896851e-10
4.015575e-10
4.046816e-10
4.061836e-10
4.04369e-10
3.958455e-10
3.800605e-10
3.800262e-10
3.815902e-10
3.989115e-10
4.12545e-10
4.164375e-10
4.196205e-10
4.206358e-10
4.174783e-10
4.060221e-10
3.839826e-10
3.85267e-10
4.043449e-10
4.186354e-10
4.233227e-10
4.274232e-10
4.30641e-10
4.313728e-10
4.273914e-10
4.140738e-10
3.858788e-10
4.044832e-10
4.193072e-10
4.241129e-10
4.290854e-10
4.334089e-10
4.368079e-10
4.376282e-10
4.335544e-10
4.197681e-10
4.002157e-10
4.138476e-10
4.19094e-10
4.241517e-10
4.293619e-10
4.339842e-10
4.377461e-10
4.390639e-10
4.357118e-10
4.384696e-10
4.039816e-10
4.083917e-10
4.136874e-10
4.188902e-10
4.24285e-10
4.29235e-10
4.334851e-10
4.356723e-10
4.50043e-10
4.766779e-10
3.945819e-10
3.989423e-10
4.040763e-10
4.092625e-10
4.147097e-10
4.199208e-10
4.247012e-10
4.441282e-10
4.828841e-10
4.707924e-10
3.835652e-10
3.876057e-10
3.923509e-10
3.973169e-10
4.026324e-10
4.079793e-10
4.285882e-10
4.717398e-10
4.702176e-10
4.590044e-10
3.739287e-10
3.77478e-10
3.816995e-10
3.86299e-10
3.913799e-10
4.108122e-10
4.5431e-10
4.568255e-10
4.538159e-10
4.452993e-10
3.68091e-10
3.712549e-10
3.750899e-10
3.79451e-10
3.970397e-10
4.391332e-10
4.431754e-10
4.429836e-10
4.400016e-10
4.344026e-10
3.654774e-10
3.685439e-10
3.723155e-10
3.88122e-10
4.285598e-10
4.331091e-10
4.340267e-10
4.329038e-10
4.306638e-10
3.651359e-10
3.684107e-10
3.830065e-10
4.221116e-10
4.2684e-10
4.281314e-10
4.277077e-10
4.266523e-10
3.667142e-10
3.805963e-10
4.189754e-10
4.237367e-10
4.251487e-10
4.249474e-10
4.24309e-10
3.807257e-10
3.806389e-10
3.799723e-10
3.779423e-10
3.741956e-10
3.794828e-10
3.794834e-10
3.788817e-10
3.770134e-10
3.734744e-10
3.599314e-10
3.762259e-10
3.763653e-10
3.759302e-10
3.743055e-10
3.712166e-10
3.596844e-10
3.574212e-10
3.714862e-10
3.717149e-10
3.714886e-10
3.702664e-10
3.678356e-10
3.59802e-10
3.59732e-10
3.59592e-10
3.668436e-10
3.670526e-10
3.670044e-10
3.663027e-10
3.648214e-10
3.620387e-10
3.651041e-10
3.659454e-10
3.655477e-10
3.653613e-10
3.654004e-10
3.65394e-10
3.651542e-10
3.647518e-10
3.685331e-10
3.753176e-10
3.772963e-10
3.780601e-10
3.758643e-10
3.685413e-10
3.683139e-10
3.684314e-10
3.688968e-10
3.788632e-10
3.888467e-10
3.919679e-10
3.940437e-10
3.937318e-10
3.883479e-10
3.743075e-10
3.743276e-10
3.755322e-10
3.900665e-10
4.025146e-10
4.063951e-10
4.097707e-10
4.114082e-10
4.095586e-10
4.006325e-10
3.805108e-10
3.817012e-10
3.994104e-10
4.131691e-10
4.178099e-10
4.219638e-10
4.253413e-10
4.264582e-10
4.232248e-10
4.112981e-10
3.858788e-10
4.044834e-10
4.193075e-10
4.241129e-10
4.290851e-10
4.334086e-10
4.368078e-10
4.376282e-10
4.335544e-10
4.197681e-10
4.052839e-10
4.194589e-10
4.248348e-10
4.299331e-10
4.351653e-10
4.397114e-10
4.432917e-10
4.442011e-10
4.400688e-10
4.414663e-10
4.146421e-10
4.192336e-10
4.248103e-10
4.301471e-10
4.35627e-10
4.404818e-10
4.444348e-10
4.458874e-10
4.590585e-10
4.828853e-10
4.090336e-10
4.137761e-10
4.194012e-10
4.249058e-10
4.305912e-10
4.357943e-10
4.40291e-10
4.593597e-10
4.964329e-10
4.802577e-10
3.993765e-10
4.040885e-10
4.095888e-10
4.151134e-10
4.208853e-10
4.26419e-10
4.478536e-10
4.908739e-10
4.870281e-10
4.711078e-10
3.878425e-10
3.922927e-10
3.974558e-10
4.02812e-10
4.085356e-10
4.297353e-10
4.74535e-10
4.760285e-10
4.7083e-10
4.579671e-10
3.775684e-10
3.81594e-10
3.862933e-10
3.913772e-10
4.110195e-10
4.54959e-10
4.585967e-10
4.575545e-10
4.529533e-10
4.442341e-10
3.712662e-10
3.749635e-10
3.793583e-10
3.968673e-10
4.390509e-10
4.434339e-10
4.440003e-10
4.422462e-10
4.390259e-10
3.685011e-10
3.721676e-10
3.879233e-10
4.28241e-10
4.329082e-10
4.340417e-10
4.333934e-10
4.319957e-10
3.68335e-10
3.827772e-10
4.217785e-10
4.265105e-10
4.278688e-10
4.275881e-10
4.268533e-10
3.804477e-10
4.186333e-10
4.234192e-10
4.248316e-10
4.246684e-10
4.241306e-10
3.814174e-10
3.813813e-10
3.806958e-10
3.786636e-10
3.748476e-10
3.603271e-10
3.800273e-10
3.801279e-10
3.795502e-10
3.776235e-10
3.740243e-10
3.603599e-10
3.570476e-10
3.766397e-10
3.768464e-10
3.764719e-10
3.748328e-10
3.716444e-10
3.600191e-10
3.580168e-10
3.577485e-10
3.717894e-10
3.720458e-10
3.718732e-10
3.706642e-10
3.681835e-10
3.600779e-10
3.602897e-10
3.608049e-10
3.60999e-10
3.670143e-10
3.672666e-10
3.672298e-10
3.665424e-10
3.650596e-10
3.622675e-10
3.656607e-10
3.672138e-10
3.683865e-10
3.681087e-10
3.655435e-10
3.655134e-10
3.653045e-10
3.649064e-10
3.687767e-10
3.758419e-10
3.785871e-10
3.808814e-10
3.81808e-10
3.795038e-10
3.685165e-10
3.685008e-10
3.690723e-10
3.790722e-10
3.894251e-10
3.93081e-10
3.96508e-10
3.9878e-10
3.985065e-10
3.928343e-10
3.746723e-10
3.756124e-10
3.904089e-10
4.029472e-10
4.074243e-10
4.115957e-10
4.151954e-10
4.169655e-10
4.150787e-10
4.057475e-10
3.822243e-10
3.995183e-10
4.137327e-10
4.184849e-10
4.234228e-10
4.278118e-10
4.313824e-10
4.326001e-10
4.292904e-10
4.169247e-10
4.052838e-10
4.194591e-10
4.248351e-10
4.299331e-10
4.35165e-10
4.397111e-10
4.432916e-10
4.442012e-10
4.400688e-10
4.414663e-10
4.203625e-10
4.250132e-10
4.307079e-10
4.360739e-10
4.415657e-10
4.463343e-10
4.500962e-10
4.511294e-10
4.636076e-10
4.859225e-10
4.200788e-10
4.249765e-10
4.308579e-10
4.364727e-10
4.422216e-10
4.473082e-10
4.514863e-10
4.70058e-10
5.056808e-10
4.865222e-10
4.144645e-10
4.195135e-10
4.254647e-10
4.312681e-10
4.372416e-10
4.427304e-10
4.643855e-10
5.067199e-10
5.007394e-10
4.806321e-10
4.04561e-10
4.096186e-10
4.154791e-10
4.213362e-10
4.274625e-10
4.497651e-10
4.950708e-10
4.953846e-10
4.877542e-10
4.700914e-10
3.925557e-10
3.974065e-10
4.029776e-10
4.087493e-10
4.303756e-10
4.758919e-10
4.790278e-10
4.768471e-10
4.69987e-10
4.568906e-10
3.816967e-10
3.861869e-10
3.913841e-10
4.110127e-10
4.552315e-10
4.593719e-10
4.594397e-10
4.567915e-10
4.519522e-10
3.74976e-10
3.792234e-10
3.967357e-10
4.388406e-10
4.43442e-10
4.44339e-10
4.433208e-10
4.413074e-10
3.721178e-10
3.87707e-10
4.279692e-10
4.326491e-10
4.339028e-10
4.334564e-10
4.325117e-10
3.82646e-10
4.214508e-10
4.262223e-10
4.275847e-10
4.273651e-10
4.267563e-10
4.18408e-10
4.231127e-10
4.245514e-10
4.24382e-10
4.238711e-10
3.819915e-10
3.820686e-10
3.814157e-10
3.793382e-10
3.754899e-10
3.608313e-10
3.569682e-10
3.804979e-10
3.80669e-10
3.801758e-10
3.782486e-10
3.745671e-10
3.607597e-10
3.574892e-10
3.569999e-10
3.770185e-10
3.772576e-10
3.769389e-10
3.753386e-10
3.721119e-10
3.603107e-10
3.58372e-10
3.584034e-10
3.586014e-10
3.720257e-10
3.723483e-10
3.721942e-10
3.710221e-10
3.68533e-10
3.602852e-10
3.605763e-10
3.614227e-10
3.623894e-10
3.628979e-10
3.674363e-10
3.674388e-10
3.667516e-10
3.652679e-10
3.62411e-10
3.658814e-10
3.6783e-10
3.698041e-10
3.71285e-10
3.711111e-10
3.656546e-10
3.654156e-10
3.650454e-10
3.688722e-10
3.761053e-10
3.79163e-10
3.822931e-10
3.848761e-10
3.85955e-10
3.835314e-10
3.687094e-10
3.691372e-10
3.792618e-10
3.896521e-10
3.937126e-10
3.977107e-10
4.014152e-10
4.03877e-10
4.03636e-10
3.976701e-10
3.759868e-10
3.904639e-10
4.033348e-10
4.07899e-10
4.127008e-10
4.171357e-10
4.209557e-10
4.228556e-10
4.209294e-10
4.112242e-10
4.002155e-10
4.138482e-10
4.190948e-10
4.241518e-10
4.293609e-10
4.339835e-10
4.377458e-10
4.390641e-10
4.357117e-10
4.384696e-10
4.203624e-10
4.250135e-10
4.307082e-10
4.36074e-10
4.415654e-10
4.46334e-10
4.500961e-10
4.511295e-10
4.636076e-10
4.859226e-10
4.259703e-10
4.309156e-10
4.369044e-10
4.425382e-10
4.482899e-10
4.532815e-10
4.572596e-10
4.75505e-10
5.103061e-10
4.895911e-10
4.258743e-10
4.310533e-10
4.372386e-10
4.431307e-10
4.491484e-10
4.54501e-10
4.760825e-10
5.176761e-10
5.101061e-10
4.869471e-10
4.202505e-10
4.256034e-10
4.31878e-10
4.379778e-10
4.442721e-10
4.67046e-10
5.12251e-10
5.114379e-10
5.015889e-10
4.796537e-10
4.101318e-10
4.155295e-10
4.217444e-10
4.279641e-10
4.50931e-10
4.972432e-10
4.998199e-10
4.963551e-10
4.869797e-10
4.690284e-10
3.976985e-10
4.029407e-10
4.089454e-10
4.306257e-10
4.766622e-10
4.805343e-10
4.79986e-10
4.761265e-10
4.689984e-10
3.863052e-10
3.912805e-10
4.110161e-10
4.552424e-10
4.59748e-10
4.603056e-10
4.587462e-10
4.55835e-10
3.792404e-10
3.96553e-10
4.386754e-10
4.433022e-10
4.444163e-10
4.43711e-10
4.424087e-10
3.876193e-10
4.276743e-10
4.324271e-10
4.336925e-10
4.33359e-10
4.32598e-10
4.212554e-10
4.259319e-10
4.27335e-10
4.271124e-10
4.265531e-10
4.229236e-10
4.242765e-10
4.241277e-10
4.236001e-10
3.824897e-10
3.826388e-10
3.820831e-10
3.800128e-10
3.76092e-10
3.612673e-10
3.573793e-10
3.567507e-10
3.809223e-10
3.811363e-10
3.807011e-10
3.788349e-10
3.75125e-10
3.611003e-10
3.577912e-10
3.574505e-10
3.574956e-10
3.773317e-10
3.776345e-10
3.773376e-10
3.757747e-10
3.725602e-10
3.605721e-10
3.585764e-10
3.58772e-10
3.593291e-10
3.599808e-10
3.725825e-10
3.724879e-10
3.713203e-10
3.688461e-10
3.604558e-10
3.606975e-10
3.617226e-10
3.630769e-10
3.644792e-10
3.652852e-10
3.676033e-10
3.669447e-10
3.654499e-10
3.6249e-10
3.659728e-10
3.680628e-10
3.704871e-10
3.728603e-10
3.746353e-10
3.74549e-10
3.655543e-10
3.65139e-10
3.689604e-10
3.761738e-10
3.794526e-10
3.829262e-10
3.864143e-10
3.892755e-10
3.904958e-10
3.87942e-10
3.693617e-10
3.792664e-10
3.898576e-10
3.939671e-10
3.984001e-10
4.027122e-10
4.06687e-10
4.09332e-10
4.091182e-10
4.02887e-10
3.909792e-10
4.033849e-10
4.083247e-10
4.132213e-10
4.183207e-10
4.23015e-10
4.270519e-10
4.290792e-10
4.271465e-10
4.324086e-10
4.146418e-10
4.192343e-10
4.248111e-10
4.301472e-10
4.356261e-10
4.404811e-10
4.444345e-10
4.458876e-10
4.590584e-10
4.828854e-10
4.259702e-10
4.309159e-10
4.369046e-10
4.425383e-10
4.482896e-10
4.532812e-10
4.572594e-10
4.755051e-10
5.103061e-10
4.895911e-10
4.319281e-10
4.37144e-10
4.43427e-10
4.493293e-10
4.553417e-10
4.605911e-10
4.820677e-10
5.232075e-10
5.147938e-10
4.900447e-10
4.320057e-10
4.374657e-10
4.439546e-10
4.50124e-10
4.56445e-10
4.79332e-10
5.242191e-10
5.225448e-10
5.110511e-10
4.86003e-10
4.26391e-10
4.320456e-10
4.386416e-10
4.450708e-10
4.687331e-10
5.151987e-10
5.172332e-10
5.125645e-10
5.008954e-10
4.786128e-10
4.160858e-10
4.218184e-10
4.284181e-10
4.514984e-10
4.985817e-10
5.021651e-10
5.00954e-10
4.957281e-10
4.860307e-10
4.032646e-10
4.08924e-10
4.308539e-10
4.769795e-10
4.81426e-10
4.815985e-10
4.793509e-10
4.75194e-10
3.914175e-10
4.10889e-10
4.552599e-10
4.598388e-10
4.607581e-10
4.596692e-10
4.578216e-10
3.965597e-10
4.384438e-10
4.431953e-10
4.443316e-10
4.438333e-10
4.428234e-10
4.27548e-10
4.321731e-10
4.335115e-10
4.331816e-10
4.325208e-10
4.25775e-10
4.270772e-10
4.268893e-10
4.263162e-10
4.241185e-10
4.238753e-10
4.233591e-10
3.829354e-10
3.831333e-10
3.826368e-10
3.806393e-10
3.766961e-10
3.616401e-10
3.576775e-10
3.571307e-10
3.570823e-10
3.812856e-10
3.815579e-10
3.811544e-10
3.793271e-10
3.756487e-10
3.614188e-10
3.579963e-10
3.577195e-10
3.579649e-10
3.585396e-10
3.779451e-10
3.777034e-10
3.761467e-10
3.729468e-10
3.608065e-10
3.587025e-10
3.589494e-10
3.597187e-10
3.607947e-10
3.61885e-10
3.727138e-10
3.71593e-10
3.69107e-10
3.605893e-10
3.607561e-10
3.618213e-10
3.63397e-10
3.65246e-10
3.670704e-10
3.681552e-10
3.670984e-10
3.656142e-10
3.625629e-10
3.65977e-10
3.68149e-10
3.707383e-10
3.736169e-10
3.763767e-10
3.784307e-10
3.784158e-10
3.652772e-10
3.689548e-10
3.762388e-10
3.795284e-10
3.832473e-10
3.871102e-10
3.909455e-10
3.940741e-10
3.954254e-10
3.927644e-10
3.795773e-10
3.898364e-10
3.941975e-10
3.986863e-10
4.034639e-10
4.080826e-10
4.123206e-10
4.15143e-10
4.149863e-10
4.234017e-10
4.039813e-10
4.083927e-10
4.136884e-10
4.188904e-10
4.242836e-10
4.292339e-10
4.334847e-10
4.356726e-10
4.500429e-10
4.766779e-10
4.200786e-10
4.249772e-10
4.308587e-10
4.364728e-10
4.422206e-10
4.473075e-10
4.51486e-10
4.700582e-10
5.056808e-10
4.865223e-10
4.31928e-10
4.371442e-10
4.434273e-10
4.493293e-10
4.553414e-10
4.605909e-10
4.820675e-10
5.232075e-10
5.147938e-10
4.900448e-10
4.382137e-10
4.437009e-10
4.502791e-10
4.564509e-10
4.627594e-10
4.856394e-10
5.302925e-10
5.281544e-10
5.157901e-10
4.891206e-10
4.384745e-10
4.442158e-10
4.510086e-10
4.5749e-10
4.814329e-10
5.277667e-10
5.293702e-10
5.237909e-10
5.104225e-10
4.849817e-10
4.32886e-10
4.388407e-10
4.457914e-10
4.696152e-10
5.170811e-10
5.203721e-10
5.185425e-10
5.120408e-10
4.999925e-10
4.224202e-10
4.285183e-10
4.520107e-10
4.992497e-10
5.036436e-10
5.034212e-10
5.004281e-10
4.948487e-10
4.092824e-10
4.308346e-10
4.772661e-10
4.818361e-10
4.825778e-10
4.810296e-10
4.784582e-10
4.110465e-10
4.551182e-10
4.599257e-10
4.609091e-10
4.601705e-10
4.587715e-10
4.384491e-10
4.430094e-10
4.442705e-10
4.437851e-10
4.429674e-10
4.320895e-10
4.332919e-10
4.330284e-10
4.323598e-10
4.269524e-10
4.266543e-10
4.261065e-10
4.237386e-10
4.231181e-10
3.83323e-10
3.835758e-10
3.831166e-10
3.81159e-10
3.77258e-10
3.619912e-10
3.578943e-10
3.57379e-10
3.574423e-10
3.579703e-10
3.819181e-10
3.815636e-10
3.797517e-10
3.760887e-10
3.617091e-10
3.581528e-10
3.57876e-10
3.582092e-10
3.590382e-10
3.601316e-10
3.780038e-10
3.764885e-10
3.732764e-10
3.610012e-10
3.587953e-10
3.590295e-10
3.598759e-10
3.612135e-10
3.627985e-10
3.643096e-10
3.718022e-10
3.693448e-10
3.607054e-10
3.607759e-10
3.618468e-10
3.634794e-10
3.655931e-10
3.679259e-10
3.701567e-10
3.71501e-10
3.657524e-10
3.625965e-10
3.659864e-10
3.681374e-10
3.708249e-10
3.73893e-10
3.772134e-10
3.803462e-10
3.82664e-10
3.82736e-10
3.691135e-10
3.761811e-10
3.796e-10
3.83335e-10
3.874682e-10
3.917097e-10
3.958809e-10
3.992665e-10
4.007732e-10
4.121917e-10
3.902009e-10
3.941842e-10
3.989453e-10
4.037858e-10
4.089009e-10
4.138191e-10
4.183139e-10
4.213438e-10
4.370479e-10
4.672843e-10
4.090333e-10
4.137771e-10
4.194022e-10
4.24906e-10
4.305898e-10
4.357933e-10
4.402905e-10
4.593599e-10
4.964329e-10
4.802578e-10
4.25874e-10
4.31054e-10
4.372394e-10
4.431308e-10
4.491475e-10
4.545004e-10
4.760821e-10
5.176762e-10
5.101061e-10
4.869472e-10
4.382136e-10
4.437011e-10
4.502794e-10
4.564509e-10
4.627591e-10
4.856392e-10
5.302924e-10
5.281544e-10
5.157901e-10
4.891207e-10
4.448297e-10
4.505895e-10
4.574644e-10
4.639411e-10
4.879694e-10
5.341659e-10
5.355308e-10
5.294638e-10
5.151969e-10
4.881106e-10
4.45283e-10
4.513062e-10
4.58438e-10
4.825708e-10
5.300734e-10
5.331211e-10
5.308126e-10
5.233488e-10
5.095564e-10
4.397357e-10
4.460243e-10
4.704103e-10
5.180827e-10
5.224096e-10
5.218168e-10
5.181327e-10
5.112199e-10
4.291677e-10
4.521324e-10
4.998509e-10
5.044173e-10
5.050001e-10
5.029719e-10
4.995968e-10
4.312441e-10
4.772653e-10
4.822053e-10
4.830561e-10
4.820645e-10
4.801683e-10
4.553152e-10
4.59838e-10
4.610484e-10
4.603606e-10
4.592961e-10
4.430631e-10
4.441215e-10
4.437544e-10
4.429371e-10
4.332425e-10
4.328325e-10
4.322205e-10
4.265514e-10
4.258829e-10
4.229922e-10
3.839602e-10
3.835462e-10
3.816092e-10
3.777243e-10
3.623116e-10
3.580716e-10
3.575374e-10
3.576483e-10
3.583222e-10
3.594156e-10
3.819125e-10
3.801354e-10
3.76468e-10
3.619501e-10
3.58284e-10
3.579728e-10
3.583232e-10
3.59267e-10
3.606711e-10
3.622683e-10
3.767685e-10
3.735793e-10
3.611698e-10
3.588621e-10
3.590728e-10
3.599156e-10
3.613578e-10
3.632549e-10
3.653361e-10
3.672479e-10
3.695293e-10
3.607996e-10
3.607999e-10
3.618311e-10
3.634772e-10
3.65666e-10
3.68307e-10
3.711102e-10
3.737305e-10
3.753435e-10
3.626929e-10
3.659426e-10
3.681337e-10
3.708023e-10
3.739859e-10
3.77521e-10
3.812694e-10
3.847609e-10
3.873598e-10
4.00696e-10
3.763565e-10
3.795369e-10
3.834175e-10
3.875724e-10
3.921097e-10
3.967188e-10
4.012151e-10
4.048824e-10
4.214823e-10
4.552796e-10
3.945817e-10
3.989432e-10
4.040771e-10
4.092626e-10
4.147083e-10
4.199196e-10
4.247007e-10
4.441281e-10
4.82884e-10
4.707924e-10
4.144642e-10
4.195145e-10
4.254657e-10
4.312683e-10
4.372402e-10
4.427293e-10
4.64385e-10
5.067202e-10
5.007393e-10
4.806322e-10
4.320054e-10
4.374664e-10
4.439554e-10
4.501241e-10
4.564441e-10
4.793313e-10
5.242187e-10
5.22545e-10
5.110511e-10
4.860031e-10
4.448296e-10
4.505898e-10
4.574647e-10
4.639411e-10
4.879691e-10
5.341657e-10
5.355307e-10
5.294638e-10
5.151969e-10
4.881106e-10
4.517793e-10
4.578137e-10
4.650208e-10
4.892478e-10
5.367053e-10
5.396132e-10
5.370435e-10
5.290656e-10
5.143509e-10
4.524337e-10
4.587741e-10
4.83602e-10
5.313396e-10
5.355926e-10
5.347079e-10
5.30494e-10
5.225741e-10
4.46976e-10
4.706768e-10
5.189845e-10
5.235274e-10
5.239655e-10
5.214929e-10
5.173672e-10
4.528544e-10
5.000143e-10
5.051142e-10
5.058509e-10
5.046148e-10
5.021776e-10
4.777511e-10
4.822667e-10
4.834862e-10
4.825867e-10
4.812298e-10
4.600946e-10
4.610024e-10
4.605339e-10
4.59505e-10
4.442123e-10
4.436301e-10
4.429212e-10
4.328061e-10
4.320364e-10
4.257909e-10
3.839186e-10
3.820126e-10
3.781282e-10
3.625763e-10
3.582254e-10
3.576487e-10
3.57754e-10
3.58495e-10
3.597724e-10
3.614157e-10
3.804618e-10
3.768113e-10
3.6216e-10
3.583884e-10
3.580444e-10
3.58365e-10
3.593453e-10
3.608939e-10
3.628606e-10
3.649434e-10
3.73828e-10
3.613198e-10
3.589229e-10
3.59094e-10
3.599139e-10
3.613633e-10
3.633941e-10
3.658387e-10
3.684005e-10
3.707186e-10
3.609044e-10
3.608021e-10
3.618261e-10
3.634304e-10
3.656423e-10
3.683774e-10
3.715324e-10
3.74791e-10
3.778128e-10
3.918689e-10
3.660162e-10
3.680701e-10
3.707895e-10
3.739575e-10
3.776262e-10
3.816149e-10
3.857768e-10
3.896458e-10
4.06258e-10
4.425505e-10
3.797293e-10
3.833524e-10
3.876698e-10
3.922351e-10
3.971659e-10
4.021318e-10
4.069777e-10
4.261938e-10
4.662401e-10
4.587289e-10
3.993764e-10
4.040894e-10
4.095896e-10
4.151135e-10
4.208839e-10
4.264178e-10
4.478531e-10
4.908739e-10
4.87028e-10
4.711078e-10
4.202501e-10
4.256044e-10
4.31879e-10
4.379779e-10
4.442708e-10
4.67045e-10
5.122506e-10
5.114381e-10
5.015889e-10
4.796538e-10
4.384743e-10
4.442164e-10
4.510094e-10
4.574901e-10
4.814321e-10
5.27766e-10
5.293699e-10
5.23791e-10
5.104225e-10
4.849817e-10
4.517792e-10
4.578139e-10
4.650211e-10
4.892478e-10
5.36705e-10
5.39613e-10
5.370434e-10
5.290656e-10
5.143508e-10
4.590664e-10
4.65411e-10
4.904144e-10
5.381156e-10
5.423218e-10
5.412747e-10
5.367739e-10
5.283158e-10
4.599637e-10
4.839784e-10
5.324857e-10
5.369815e-10
5.372979e-10
5.344815e-10
5.297802e-10
4.717134e-10
5.193063e-10
5.245359e-10
5.251679e-10
5.237128e-10
5.207692e-10
5.008363e-10
5.053473e-10
5.066177e-10
5.05515e-10
5.038514e-10
4.828242e-10
4.835944e-10
4.83056e-10
4.817732e-10
4.613031e-10
4.605155e-10
4.596947e-10
4.437452e-10
4.428092e-10
4.320212e-10
3.823618e-10
3.784905e-10
3.628075e-10
3.583499e-10
3.577385e-10
3.578038e-10
3.585547e-10
3.599214e-10
3.617909e-10
3.639652e-10
3.771034e-10
3.623479e-10
3.584816e-10
3.580972e-10
3.58381e-10
3.59338e-10
3.609441e-10
3.630874e-10
3.65601e-10
3.681744e-10
3.614605e-10
3.589701e-10
3.591162e-10
3.598932e-10
3.613222e-10
3.633723e-10
3.659806e-10
3.68958e-10
3.720106e-10
3.861185e-10
3.608563e-10
3.617984e-10
3.634001e-10
3.655694e-10
3.683385e-10
3.716074e-10
3.752611e-10
3.789892e-10
3.949377e-10
4.324368e-10
3.681428e-10
3.707099e-10
3.7394e-10
3.775971e-10
3.817385e-10
3.861665e-10
3.907604e-10
4.089764e-10
4.493867e-10
4.460095e-10
3.83565e-10
3.876065e-10
3.923515e-10
3.97317e-10
4.02631e-10
4.079783e-10
4.285877e-10
4.717399e-10
4.702175e-10
4.590045e-10
4.045608e-10
4.096196e-10
4.154798e-10
4.213363e-10
4.274611e-10
4.497639e-10
4.950703e-10
4.953846e-10
4.877541e-10
4.700914e-10
4.263906e-10
4.320466e-10
4.386426e-10
4.45071e-10
4.687317e-10
5.151977e-10
5.172328e-10
5.125647e-10
5.008954e-10
4.786129e-10
4.452827e-10
4.513069e-10
4.584387e-10
4.825708e-10
5.300725e-10
5.331205e-10
5.308123e-10
5.233489e-10
5.095563e-10
4.590663e-10
4.654112e-10
4.904147e-10
5.381156e-10
5.423216e-10
5.412745e-10
5.367738e-10
5.283158e-10
4.667284e-10
4.908479e-10
5.393998e-10
5.43858e-10
5.441052e-10
5.411003e-10
5.360878e-10
4.852587e-10
5.329249e-10
5.382407e-10
5.387761e-10
5.371477e-10
5.33813e-10
5.204544e-10
5.249331e-10
5.262543e-10
5.249698e-10
5.23024e-10
5.062527e-10
5.069026e-10
5.063268e-10
5.047756e-10
4.842039e-10
4.831947e-10
4.822614e-10
4.608443e-10
4.596898e-10
4.429359e-10
3.788043e-10
3.630141e-10
3.584607e-10
3.578086e-10
3.578331e-10
3.585485e-10
3.599424e-10
3.619261e-10
3.643727e-10
3.670813e-10
3.6252e-10
3.585622e-10
3.581459e-10
3.583851e-10
3.593035e-10
3.608943e-10
3.631176e-10
3.658422e-10
3.689102e-10
3.828501e-10
3.590384e-10
3.59126e-10
3.598797e-10
3.612638e-10
3.632977e-10
3.659388e-10
3.691107e-10
3.726315e-10
3.877461e-10
4.256417e-10
3.618376e-10
3.633456e-10
3.655179e-10
3.682448e-10
3.715598e-10
3.753479e-10
3.79514e-10
3.963745e-10
4.363667e-10
4.359791e-10
3.707848e-10
3.73848e-10
3.775793e-10
3.817137e-10
3.863144e-10
3.912005e-10
4.102929e-10
4.527038e-10
4.532553e-10
4.463097e-10
3.878423e-10
3.922936e-10
3.974564e-10
4.02812e-10
4.085341e-10
4.297341e-10
4.745345e-10
4.760286e-10
4.7083e-10
4.579672e-10
4.101316e-10
4.155305e-10
4.217452e-10
4.279642e-10
4.509296e-10
4.97242e-10
4.998195e-10
4.963551e-10
4.869796e-10
4.690284e-10
4.328856e-10
4.388417e-10
4.457924e-10
4.696153e-10
5.170798e-10
5.203713e-10
5.185421e-10
5.12041e-10
4.999924e-10
4.524334e-10
4.587747e-10
4.836027e-10
5.313397e-10
5.355918e-10
5.347073e-10
5.304938e-10
5.225742e-10
4.667283e-10
4.908481e-10
5.394001e-10
5.43858e-10
5.44105e-10
5.411002e-10
5.360877e-10
4.922584e-10
5.398996e-10
5.452579e-10
5.457331e-10
5.440096e-10
5.404614e-10
5.343218e-10
5.387598e-10
5.401178e-10
5.386837e-10
5.365169e-10
5.261735e-10
5.267073e-10
5.261064e-10
5.243077e-10
5.078682e-10
5.066455e-10
5.056093e-10
4.838373e-10
4.824149e-10
4.60032e-10
3.63203e-10
3.585583e-10
3.578724e-10
3.578516e-10
3.58522e-10
3.598865e-10
3.619163e-10
3.645046e-10
3.675351e-10
3.814161e-10
3.586514e-10
3.581854e-10
3.583918e-10
3.592628e-10
3.608147e-10
3.630322e-10
3.658605e-10
3.691758e-10
3.837611e-10
4.216878e-10
3.591683e-10
3.598547e-10
3.612183e-10
3.632064e-10
3.658371e-10
3.690562e-10
3.72803e-10
3.884999e-10
4.277932e-10
4.292895e-10
3.633726e-10
3.654399e-10
3.681765e-10
3.714508e-10
3.752983e-10
3.796196e-10
3.970014e-10
4.381911e-10
4.402268e-10
4.363672e-10
3.739285e-10
3.774787e-10
3.817e-10
3.86299e-10
3.913782e-10
4.108106e-10
4.543094e-10
4.568256e-10
4.538159e-10
4.452993e-10
3.925555e-10
3.974074e-10
4.029782e-10
4.087494e-10
4.30374e-10
4.758907e-10
4.790273e-10
4.768471e-10
4.699869e-10
4.568906e-10
4.160856e-10
4.218194e-10
4.284188e-10
4.514985e-10
4.985803e-10
5.02164e-10
5.009536e-10
4.957281e-10
4.860306e-10
4.397354e-10
4.460253e-10
4.704113e-10
5.180829e-10
5.224084e-10
5.21816e-10
5.181324e-10
5.1122e-10
4.599634e-10
4.839791e-10
5.324864e-10
5.369815e-10
5.372972e-10
5.34481e-10
5.2978e-10
4.922583e-10
5.398998e-10
5.452581e-10
5.457331e-10
5.440094e-10
5.404613e-10
5.414284e-10
5.458402e-10
5.472175e-10
5.456968e-10
5.434097e-10
5.402552e-10
5.406959e-10
5.40079e-10
5.380814e-10
5.280143e-10
5.265957e-10
5.254691e-10
5.076495e-10
5.059444e-10
4.830734e-10
3.5866e-10
3.579272e-10
3.578705e-10
3.584923e-10
3.598096e-10
3.618176e-10
3.644722e-10
3.676739e-10
3.819513e-10
4.199267e-10
3.582426e-10
3.583922e-10
3.592307e-10
3.607335e-10
3.629138e-10
3.657471e-10
3.691904e-10
3.840502e-10
4.229053e-10
4.254142e-10
3.598734e-10
3.611615e-10
3.631328e-10
3.657179e-10
3.68934e-10
3.727432e-10
3.886805e-10
4.287628e-10
4.316962e-10
4.297801e-10
3.654578e-10
3.680786e-10
3.713701e-10
3.751795e-10
3.795745e-10
3.97112e-10
4.389818e-10
4.422524e-10
4.408211e-10
4.354294e-10
3.775682e-10
3.815948e-10
3.862938e-10
3.913772e-10
4.110176e-10
4.549574e-10
4.585962e-10
4.575546e-10
4.529533e-10
4.442342e-10
3.976983e-10
4.029416e-10
4.08946e-10
4.306258e-10
4.766606e-10
4.805333e-10
4.799856e-10
4.761266e-10
4.689983e-10
4.2242e-10
4.285193e-10
4.520115e-10
4.992498e-10
5.036423e-10
5.034202e-10
5.004277e-10
4.948487e-10
4.469756e-10
4.706778e-10
5.189854e-10
5.235276e-10
5.239644e-10
5.214922e-10
5.173669e-10
4.852585e-10
5.329256e-10
5.382413e-10
5.387761e-10
5.371471e-10
5.338126e-10
5.414283e-10
5.458404e-10
5.472177e-10
5.456968e-10
5.434095e-10
5.474712e-10
5.478606e-10
5.472361e-10
5.451263e-10
5.422628e-10
5.406955e-10
5.395031e-10
5.279456e-10
5.259761e-10
5.069671e-10
3.579943e-10
3.578843e-10
3.584693e-10
3.597358e-10
3.616963e-10
3.643381e-10
3.676272e-10
3.820661e-10
4.206496e-10
4.236869e-10
3.584196e-10
3.591946e-10
3.606663e-10
3.627968e-10
3.655962e-10
3.690564e-10
3.840154e-10
4.232731e-10
4.268405e-10
4.259796e-10
3.611596e-10
3.630476e-10
3.656204e-10
3.687924e-10
3.726071e-10
3.885669e-10
4.289902e-10
4.328212e-10
4.323586e-10
4.289224e-10
3.680908e-10
3.712562e-10
3.750911e-10
3.794514e-10
3.970375e-10
4.391317e-10
4.431748e-10
4.429838e-10
4.400015e-10
4.344027e-10
3.816965e-10
3.861878e-10
3.913846e-10
4.110126e-10
4.552295e-10
4.593704e-10
4.594392e-10
4.567916e-10
4.519522e-10
4.032644e-10
4.08925e-10
4.308546e-10
4.769796e-10
4.814246e-10
4.815975e-10
4.793505e-10
4.75194e-10
4.291675e-10
4.521334e-10
4.998517e-10
5.044174e-10
5.04999e-10
5.02971e-10
4.995964e-10
4.71713e-10
5.193072e-10
5.245367e-10
5.25168e-10
5.237118e-10
5.207685e-10
5.343215e-10
5.387603e-10
5.401184e-10
5.386837e-10
5.365163e-10
5.474711e-10
5.478608e-10
5.472363e-10
5.451263e-10
5.495659e-10
5.47919e-10
5.466929e-10
5.423086e-10
5.401385e-10
5.27347e-10
3.579188e-10
3.584447e-10
3.596745e-10
3.615831e-10
3.641787e-10
3.674652e-10
3.819418e-10
4.207789e-10
4.246121e-10
4.242855e-10
3.591948e-10
3.605969e-10
3.626985e-10
3.654487e-10
3.688797e-10
3.837885e-10
4.232061e-10
4.273557e-10
4.275515e-10
4.251795e-10
3.630283e-10
3.655106e-10
3.686754e-10
3.724482e-10
3.883574e-10
4.288371e-10
4.331665e-10
4.33593e-10
4.316024e-10
4.279388e-10
3.71266e-10
3.74965e-10
3.793595e-10
3.968678e-10
4.390484e-10
4.434325e-10
4.439997e-10
4.422464e-10
4.390259e-10
3.86305e-10
3.912814e-10
4.110168e-10
4.552423e-10
4.597462e-10
4.603043e-10
4.587458e-10
4.55835e-10
4.092822e-10
4.308356e-10
4.772668e-10
4.818362e-10
4.825765e-10
4.810286e-10
4.784578e-10
4.528542e-10
5.000153e-10
5.051149e-10
5.058509e-10
5.046137e-10
5.021767e-10
5.204541e-10
5.24934e-10
5.26255e-10
5.249699e-10
5.23023e-10
5.40255e-10
5.406964e-10
5.400795e-10
5.380814e-10
5.495658e-10
5.479191e-10
5.466931e-10
5.496723e-10
5.473953e-10
5.417745e-10
3.58449e-10
3.596143e-10
3.614873e-10
3.640312e-10
3.672743e-10
3.816679e-10
4.205831e-10
4.248801e-10
4.253558e-10
4.235116e-10
3.605729e-10
3.625993e-10
3.653236e-10
3.687067e-10
3.835087e-10
4.228852e-10
4.273949e-10
4.281754e-10
4.2684e-10
4.242269e-10
3.654773e-10
3.685447e-10
3.723162e-10
3.881223e-10
4.285577e-10
4.331077e-10
4.340261e-10
4.329039e-10
4.306637e-10
3.749758e-10
3.79225e-10
3.967372e-10
4.388412e-10
4.434398e-10
4.443377e-10
4.433203e-10
4.413076e-10
3.914173e-10
4.1089e-10
4.552606e-10
4.598388e-10
4.607565e-10
4.59668e-10
4.578212e-10
4.312439e-10
4.772663e-10
4.822059e-10
4.830562e-10
4.820632e-10
4.801674e-10
5.008361e-10
5.053482e-10
5.066183e-10
5.05515e-10
5.038503e-10
5.261732e-10
5.267081e-10
5.261071e-10
5.243078e-10
5.422627e-10
5.406959e-10
5.395036e-10
5.496723e-10
5.473954e-10
5.491726e-10
3.595913e-10
3.613949e-10
3.639051e-10
3.670974e-10
3.813593e-10
4.201879e-10
4.247846e-10
4.257284e-10
4.246719e-10
4.225734e-10
3.625543e-10
3.651983e-10
3.685591e-10
3.832394e-10
4.224928e-10
4.271596e-10
4.282966e-10
4.275325e-10
4.259276e-10
3.68501e-10
3.721685e-10
3.879242e-10
4.282412e-10
4.329063e-10
4.340404e-10
4.333929e-10
4.319958e-10
3.792402e-10
3.96555e-10
4.386772e-10
4.433027e-10
4.444142e-10
4.437098e-10
4.424082e-10
4.110463e-10
4.551194e-10
4.599263e-10
4.609091e-10
4.60169e-10
4.587703e-10
4.777509e-10
4.822676e-10
4.834868e-10
4.825867e-10
4.812286e-10
5.062526e-10
5.069035e-10
5.063274e-10
5.047757e-10
5.28014e-10
5.265965e-10
5.254697e-10
5.423085e-10
5.401389e-10
5.491725e-10
3.613477e-10
3.637842e-10
3.669453e-10
3.810763e-10
4.197454e-10
4.24471e-10
4.257122e-10
4.251116e-10
4.237753e-10
3.651358e-10
3.684115e-10
3.830073e-10
4.221119e-10
4.268381e-10
4.281301e-10
4.277072e-10
4.266523e-10
3.721177e-10
3.877082e-10
4.279703e-10
4.326493e-10
4.339011e-10
4.334552e-10
4.325112e-10
3.965595e-10
4.384461e-10
4.431969e-10
4.443321e-10
4.438314e-10
4.428222e-10
4.55315e-10
4.59839e-10
4.61049e-10
4.603606e-10
4.592946e-10
4.82824e-10
4.835953e-10
4.830565e-10
4.817732e-10
5.078681e-10
5.066462e-10
5.056099e-10
5.279453e-10
5.259768e-10
5.417744e-10
3.637162e-10
3.667994e-10
3.808308e-10
4.193358e-10
4.240959e-10
4.254654e-10
4.251477e-10
4.242469e-10
3.68335e-10
3.827783e-10
4.217796e-10
4.265107e-10
4.278671e-10
4.275869e-10
4.268528e-10
3.876192e-10
4.276759e-10
4.324281e-10
4.336927e-10
4.333574e-10
4.325968e-10
4.384488e-10
4.430114e-10
4.442719e-10
4.437855e-10
4.429656e-10
4.600944e-10
4.610034e-10
4.605344e-10
4.59505e-10
4.842038e-10
4.831955e-10
4.822619e-10
5.076494e-10
5.059451e-10
5.273467e-10
3.667141e-10
3.805974e-10
4.189765e-10
4.237369e-10
4.251471e-10
4.249462e-10
4.243085e-10
3.826459e-10
4.214522e-10
4.262233e-10
4.275849e-10
4.273635e-10
4.267552e-10
4.275478e-10
4.321745e-10
4.335124e-10
4.331818e-10
4.325193e-10
4.430629e-10
4.441233e-10
4.437556e-10
4.429375e-10
4.613029e-10
4.605164e-10
4.596953e-10
4.838372e-10
4.824157e-10
5.06967e-10
3.804476e-10
4.186348e-10
4.234202e-10
4.248318e-10
4.246669e-10
4.241294e-10
4.212553e-10
4.259332e-10
4.273359e-10
4.271126e-10
4.265516e-10
4.320894e-10
4.332932e-10
4.330293e-10
4.3236e-10
4.442121e-10
4.436318e-10
4.429224e-10
4.608441e-10
4.596906e-10
4.830733e-10
4.184079e-10
4.23114e-10
4.245523e-10
4.243821e-10
4.238696e-10
4.257749e-10
4.270784e-10
4.268902e-10
4.263163e-10
4.332424e-10
4.328337e-10
4.322213e-10
4.437451e-10
4.428108e-10
4.600319e-10
4.229235e-10
4.242777e-10
4.241286e-10
4.236003e-10
4.269523e-10
4.266554e-10
4.261073e-10
4.32806e-10
4.320375e-10
4.429358e-10
4.241184e-10
4.238764e-10
4.233599e-10
4.265513e-10
4.25884e-10
4.320211e-10
4.237386e-10
4.231191e-10
4.257909e-10
4.229921e-10
)
;

boundaryField
{
    cathodeSides
    {
        type            zeroGradient;
    }
    electrolyteSides
    {
        type            zeroGradient;
    }
    anodeSides
    {
        type            zeroGradient;
    }
    phiI_to_phiI0
    {
        type            zeroGradient;
    }
    procBoundary0to1
    {
        type            processor;
        value           nonuniform List<scalar> 
400
(
3.836155e-10
3.815372e-10
3.842492e-10
3.77506e-10
3.821663e-10
3.841976e-10
3.721071e-10
3.781156e-10
3.821512e-10
3.826228e-10
3.670798e-10
3.726588e-10
3.78166e-10
3.806843e-10
3.790392e-10
3.655892e-10
3.674941e-10
3.72783e-10
3.769183e-10
3.773032e-10
3.633647e-10
3.692707e-10
3.657583e-10
3.676553e-10
3.718657e-10
3.739627e-10
3.626643e-10
3.587705e-10
3.760038e-10
3.69152e-10
3.658624e-10
3.671533e-10
3.695919e-10
3.615819e-10
3.587576e-10
3.580845e-10
3.825444e-10
3.756339e-10
3.691172e-10
3.657756e-10
3.658265e-10
3.61035e-10
3.591514e-10
3.583342e-10
3.579907e-10
3.864337e-10
3.820008e-10
3.754436e-10
3.693326e-10
3.655453e-10
3.629521e-10
3.610323e-10
3.592795e-10
3.584988e-10
3.58505e-10
3.864337e-10
3.858036e-10
3.816896e-10
3.758365e-10
3.700588e-10
3.697269e-10
3.663919e-10
3.620334e-10
3.599852e-10
3.592642e-10
3.596341e-10
3.825444e-10
3.858037e-10
3.854284e-10
3.821705e-10
3.772447e-10
3.807756e-10
3.771728e-10
3.685655e-10
3.635907e-10
3.612747e-10
3.606353e-10
3.613803e-10
3.760038e-10
3.820009e-10
3.854284e-10
3.859439e-10
3.839888e-10
3.928506e-10
3.916758e-10
3.806235e-10
3.71257e-10
3.657009e-10
3.631495e-10
3.626127e-10
3.637418e-10
3.692707e-10
3.756339e-10
3.816896e-10
3.859439e-10
3.879499e-10
4.026562e-10
4.061758e-10
3.961593e-10
3.845386e-10
3.744524e-10
3.683613e-10
3.656075e-10
3.651933e-10
3.667359e-10
3.655892e-10
3.69152e-10
3.754437e-10
3.821705e-10
3.879499e-10
4.080624e-10
4.174285e-10
4.113455e-10
4.010573e-10
3.888968e-10
3.781458e-10
3.715665e-10
3.686433e-10
3.683948e-10
3.804459e-10
3.670798e-10
3.657583e-10
3.691172e-10
3.758365e-10
3.839888e-10
4.080624e-10
4.234975e-10
4.229903e-10
4.168943e-10
4.063455e-10
3.93692e-10
3.823299e-10
3.753086e-10
3.72275e-10
3.826985e-10
4.183853e-10
3.721072e-10
3.674942e-10
3.658624e-10
3.693326e-10
3.772447e-10
4.026563e-10
4.234975e-10
4.292333e-10
4.289111e-10
4.227984e-10
4.120206e-10
3.989179e-10
3.869959e-10
3.796077e-10
3.878026e-10
4.213092e-10
4.229416e-10
3.775057e-10
3.726589e-10
3.676553e-10
3.657756e-10
3.700588e-10
3.928507e-10
4.174285e-10
4.292333e-10
4.353193e-10
4.35168e-10
4.290572e-10
4.180795e-10
4.045681e-10
3.921676e-10
3.970032e-10
4.277766e-10
4.258722e-10
4.241685e-10
3.815369e-10
3.781154e-10
3.727831e-10
3.671534e-10
3.655453e-10
3.807757e-10
4.061758e-10
4.229904e-10
4.353193e-10
4.417332e-10
4.417628e-10
4.35671e-10
4.245194e-10
4.106713e-10
4.11928e-10
4.390002e-10
4.323674e-10
4.270829e-10
4.238098e-10
3.836152e-10
3.82166e-10
3.781658e-10
3.718657e-10
3.658266e-10
3.697269e-10
3.916758e-10
4.113456e-10
4.289112e-10
4.417332e-10
4.484781e-10
4.486979e-10
4.426403e-10
4.313732e-10
4.328137e-10
4.563704e-10
4.436728e-10
4.335565e-10
4.267034e-10
4.230736e-10
3.842489e-10
3.821509e-10
3.769181e-10
3.695919e-10
3.62952e-10
3.771728e-10
3.961593e-10
4.168944e-10
4.35168e-10
4.484782e-10
4.555576e-10
4.559763e-10
4.500009e-10
4.552713e-10
4.795475e-10
4.612258e-10
4.448625e-10
4.331427e-10
4.259533e-10
3.841973e-10
3.80684e-10
3.739625e-10
3.61035e-10
3.663919e-10
3.806235e-10
4.010573e-10
4.227984e-10
4.417628e-10
4.555576e-10
4.629755e-10
4.636351e-10
4.749634e-10
5.035072e-10
4.847186e-10
4.624856e-10
4.4442e-10
4.323682e-10
3.826225e-10
3.773029e-10
3.615819e-10
3.610323e-10
3.685655e-10
3.845387e-10
4.063455e-10
4.290573e-10
4.48698e-10
4.629755e-10
4.707697e-10
4.891598e-10
5.239665e-10
5.090438e-10
4.861646e-10
4.620576e-10
4.436218e-10
3.790389e-10
3.626641e-10
3.591514e-10
3.620333e-10
3.71257e-10
3.888968e-10
4.120207e-10
4.356711e-10
4.559764e-10
4.707698e-10
4.9653e-10
5.384845e-10
5.298247e-10
5.107416e-10
4.85838e-10
4.612591e-10
3.633646e-10
3.587575e-10
3.592795e-10
3.635907e-10
3.744523e-10
3.93692e-10
4.180796e-10
4.426404e-10
4.636352e-10
4.9653e-10
5.459588e-10
5.445711e-10
5.317622e-10
5.105737e-10
4.850926e-10
3.587705e-10
3.583342e-10
3.599852e-10
3.657009e-10
3.781458e-10
3.989179e-10
4.245194e-10
4.50001e-10
4.891598e-10
5.459588e-10
5.521603e-10
5.466863e-10
5.31754e-10
5.099153e-10
3.580845e-10
3.584988e-10
3.612748e-10
3.683613e-10
3.823298e-10
4.045682e-10
4.313732e-10
4.749635e-10
5.384846e-10
5.521603e-10
5.54367e-10
5.468003e-10
5.311848e-10
3.579907e-10
3.592643e-10
3.631496e-10
3.715664e-10
3.869958e-10
4.106713e-10
4.552713e-10
5.239666e-10
5.445712e-10
5.54367e-10
5.545448e-10
5.462996e-10
3.58505e-10
3.606354e-10
3.656076e-10
3.753086e-10
3.921675e-10
4.328138e-10
5.035073e-10
5.298248e-10
5.466864e-10
5.545448e-10
5.540803e-10
3.596342e-10
3.626128e-10
3.686434e-10
3.796077e-10
4.119279e-10
4.795475e-10
5.090439e-10
5.317622e-10
5.468003e-10
5.540803e-10
3.613804e-10
3.651934e-10
3.722752e-10
3.970032e-10
4.563704e-10
4.847186e-10
5.107417e-10
5.317541e-10
5.462997e-10
3.637419e-10
3.683949e-10
3.878028e-10
4.390002e-10
4.612257e-10
4.861646e-10
5.105737e-10
5.311848e-10
3.667361e-10
3.826987e-10
4.277768e-10
4.436728e-10
4.624856e-10
4.858381e-10
5.099153e-10
3.804461e-10
4.213094e-10
4.323677e-10
4.448625e-10
4.620576e-10
4.850926e-10
4.183855e-10
4.258724e-10
4.335567e-10
4.4442e-10
4.612591e-10
4.229418e-10
4.270831e-10
4.331428e-10
4.436218e-10
4.241688e-10
4.267036e-10
4.323684e-10
4.2381e-10
4.259534e-10
4.230738e-10
)
;
    }
}
)

// processor1

62535
(dimensions      [0 2 -1 0 0 0 0];

internalField   nonuniform List<scalar> 
4000
(
3.836155e-10
3.815372e-10
3.840191e-10
3.842492e-10
3.77506e-10
3.819262e-10
3.821663e-10
3.844003e-10
3.846503e-10
3.841976e-10
3.721071e-10
3.778606e-10
3.781156e-10
3.822927e-10
3.825531e-10
3.821512e-10
3.847823e-10
3.850294e-10
3.845876e-10
3.826228e-10
3.670798e-10
3.723918e-10
3.726588e-10
3.781954e-10
3.78469e-10
3.78166e-10
3.826607e-10
3.829178e-10
3.825273e-10
3.806843e-10
3.851403e-10
3.854092e-10
3.849566e-10
3.829898e-10
3.790392e-10
3.655892e-10
3.672689e-10
3.674941e-10
3.72676e-10
3.729434e-10
3.72783e-10
3.785318e-10
3.788028e-10
3.785098e-10
3.769183e-10
3.830052e-10
3.832841e-10
3.828824e-10
3.810377e-10
3.773032e-10
3.855048e-10
3.857654e-10
3.853263e-10
3.833374e-10
3.793696e-10
3.633647e-10
3.692707e-10
3.656746e-10
3.657583e-10
3.674602e-10
3.676852e-10
3.676553e-10
3.729552e-10
3.732284e-10
3.7306e-10
3.718657e-10
3.78846e-10
3.791382e-10
3.788349e-10
3.772403e-10
3.739627e-10
3.833566e-10
3.836271e-10
3.832389e-10
3.813717e-10
3.776201e-10
3.626643e-10
3.858579e-10
3.86128e-10
3.856732e-10
3.836857e-10
3.796829e-10
3.635539e-10
3.587705e-10
3.760038e-10
3.692713e-10
3.69152e-10
3.65739e-10
3.658481e-10
3.658624e-10
3.676502e-10
3.678795e-10
3.678422e-10
3.671533e-10
3.732144e-10
3.73508e-10
3.733381e-10
3.721232e-10
3.695919e-10
3.791676e-10
3.794517e-10
3.791616e-10
3.77545e-10
3.742486e-10
3.615819e-10
3.836934e-10
3.839769e-10
3.83573e-10
3.81707e-10
3.779197e-10
3.628377e-10
3.587576e-10
3.862408e-10
3.864794e-10
3.860263e-10
3.840128e-10
3.799966e-10
3.637287e-10
3.588607e-10
3.580845e-10
3.825444e-10
3.759529e-10
3.756339e-10
3.692135e-10
3.691591e-10
3.691172e-10
3.658027e-10
3.659183e-10
3.659527e-10
3.657756e-10
3.678246e-10
3.680723e-10
3.680327e-10
3.673254e-10
3.658265e-10
3.734804e-10
3.737678e-10
3.736108e-10
3.723823e-10
3.698162e-10
3.61035e-10
3.794708e-10
3.797724e-10
3.79467e-10
3.778511e-10
3.745192e-10
3.617209e-10
3.591514e-10
3.840622e-10
3.843123e-10
3.839137e-10
3.820216e-10
3.782204e-10
3.629963e-10
3.588316e-10
3.583342e-10
3.865858e-10
3.868606e-10
3.86369e-10
3.843458e-10
3.802917e-10
3.639028e-10
3.589378e-10
3.581352e-10
3.579907e-10
3.864337e-10
3.824685e-10
3.820008e-10
3.758003e-10
3.755908e-10
3.754436e-10
3.691402e-10
3.691094e-10
3.691292e-10
3.693326e-10
3.658606e-10
3.659881e-10
3.660238e-10
3.658573e-10
3.655453e-10
3.680056e-10
3.682494e-10
3.682218e-10
3.674998e-10
3.659709e-10
3.629521e-10
3.737311e-10
3.740341e-10
3.738642e-10
3.726359e-10
3.700412e-10
3.611161e-10
3.610323e-10
3.798062e-10
3.800749e-10
3.797795e-10
3.781377e-10
3.747908e-10
3.61845e-10
3.591914e-10
3.592795e-10
3.843971e-10
3.846798e-10
3.842407e-10
3.823424e-10
3.78503e-10
3.631543e-10
3.588919e-10
3.583696e-10
3.584988e-10
3.869239e-10
3.872041e-10
3.867407e-10
3.846694e-10
3.80592e-10
3.640671e-10
3.590133e-10
3.581734e-10
3.580034e-10
3.58505e-10
3.864337e-10
3.86348e-10
3.858036e-10
3.822538e-10
3.819336e-10
3.816896e-10
3.756183e-10
3.754479e-10
3.754089e-10
3.758365e-10
3.690756e-10
3.690451e-10
3.690848e-10
3.69343e-10
3.700588e-10
3.659221e-10
3.660514e-10
3.660945e-10
3.65918e-10
3.656074e-10
3.697269e-10
3.681739e-10
3.684332e-10
3.683955e-10
3.676728e-10
3.661138e-10
3.62963e-10
3.663919e-10
3.740031e-10
3.742854e-10
3.741239e-10
3.728719e-10
3.70261e-10
3.611834e-10
3.610213e-10
3.620334e-10
3.801174e-10
3.804097e-10
3.800745e-10
3.784308e-10
3.750454e-10
3.61968e-10
3.592161e-10
3.59283e-10
3.599852e-10
3.847234e-10
3.850135e-10
3.845991e-10
3.826507e-10
3.78791e-10
3.633034e-10
3.589505e-10
3.583915e-10
3.584972e-10
3.592642e-10
3.875404e-10
3.870758e-10
3.850205e-10
3.808844e-10
3.64235e-10
3.590851e-10
3.582094e-10
3.580036e-10
3.584818e-10
3.596341e-10
3.825444e-10
3.86348e-10
3.858037e-10
3.861003e-10
3.85727e-10
3.854284e-10
3.820037e-10
3.817296e-10
3.81633e-10
3.821705e-10
3.754464e-10
3.752766e-10
3.752749e-10
3.758063e-10
3.772447e-10
3.690105e-10
3.689883e-10
3.690263e-10
3.692946e-10
3.700595e-10
3.807756e-10
3.659801e-10
3.661185e-10
3.661585e-10
3.659773e-10
3.656427e-10
3.696722e-10
3.771728e-10
3.683553e-10
3.686038e-10
3.685756e-10
3.678317e-10
3.662549e-10
3.629432e-10
3.663232e-10
3.685655e-10
3.742619e-10
3.745579e-10
3.743693e-10
3.731135e-10
3.704658e-10
3.612469e-10
3.609864e-10
3.619915e-10
3.635907e-10
3.80418e-10
3.807205e-10
3.804012e-10
3.787079e-10
3.753058e-10
3.620839e-10
3.592382e-10
3.592706e-10
3.599543e-10
3.612747e-10
3.853382e-10
3.849248e-10
3.829887e-10
3.790684e-10
3.634561e-10
3.590062e-10
3.58411e-10
3.584821e-10
3.592279e-10
3.606353e-10
3.874035e-10
3.853372e-10
3.812019e-10
3.643995e-10
3.591592e-10
3.582439e-10
3.580011e-10
3.584458e-10
3.595775e-10
3.613803e-10
3.760038e-10
3.824686e-10
3.820009e-10
3.861003e-10
3.85727e-10
3.854284e-10
3.858143e-10
3.854903e-10
3.853635e-10
3.859439e-10
3.817571e-10
3.81491e-10
3.814401e-10
3.821226e-10
3.839888e-10
3.752757e-10
3.751144e-10
3.751129e-10
3.756736e-10
3.772138e-10
3.928506e-10
3.689534e-10
3.689312e-10
3.689744e-10
3.692308e-10
3.699939e-10
3.806825e-10
3.916758e-10
3.660443e-10
3.661815e-10
3.662262e-10
3.66031e-10
3.656745e-10
3.695498e-10
3.770549e-10
3.806235e-10
3.685268e-10
3.687878e-10
3.687429e-10
3.679964e-10
3.663847e-10
3.629186e-10
3.662047e-10
3.684748e-10
3.71257e-10
3.745203e-10
3.748174e-10
3.746353e-10
3.733423e-10
3.706756e-10
3.613066e-10
3.609484e-10
3.619216e-10
3.635205e-10
3.657009e-10
3.810204e-10
3.807048e-10
3.790148e-10
3.755525e-10
3.622031e-10
3.592594e-10
3.592548e-10
3.599065e-10
3.61212e-10
3.631495e-10
3.852412e-10
3.832961e-10
3.793727e-10
3.636042e-10
3.590641e-10
3.584299e-10
3.584636e-10
3.591775e-10
3.60567e-10
3.626127e-10
3.856468e-10
3.814887e-10
3.645792e-10
3.592331e-10
3.582802e-10
3.579993e-10
3.584064e-10
3.595074e-10
3.612931e-10
3.637418e-10
3.692707e-10
3.75953e-10
3.756339e-10
3.822538e-10
3.819337e-10
3.816896e-10
3.858144e-10
3.854903e-10
3.853635e-10
3.859439e-10
3.855362e-10
3.852162e-10
3.851391e-10
3.858897e-10
3.879499e-10
3.815108e-10
3.812551e-10
3.812132e-10
3.81935e-10
3.839466e-10
4.026562e-10
3.751229e-10
3.749534e-10
3.749591e-10
3.755123e-10
3.770715e-10
3.927485e-10
4.061758e-10
3.688951e-10
3.688812e-10
3.689222e-10
3.69174e-10
3.699097e-10
3.804756e-10
3.915376e-10
3.961593e-10
3.661042e-10
3.662509e-10
3.662896e-10
3.660878e-10
3.657033e-10
3.694113e-10
3.768449e-10
3.804942e-10
3.845386e-10
3.687077e-10
3.689617e-10
3.689233e-10
3.681496e-10
3.665191e-10
3.628962e-10
3.660794e-10
3.683268e-10
3.711471e-10
3.744524e-10
3.750763e-10
3.748889e-10
3.735903e-10
3.708746e-10
3.613685e-10
3.609133e-10
3.618485e-10
3.634179e-10
3.656055e-10
3.683613e-10
3.809971e-10
3.793008e-10
3.758259e-10
3.623172e-10
3.592823e-10
3.592404e-10
3.598543e-10
3.61131e-10
3.630581e-10
3.656075e-10
3.835945e-10
3.796498e-10
3.637677e-10
3.591216e-10
3.584503e-10
3.584468e-10
3.59123e-10
3.604834e-10
3.625153e-10
3.651933e-10
3.817687e-10
3.647428e-10
3.593151e-10
3.583174e-10
3.579986e-10
3.583696e-10
3.59433e-10
3.611913e-10
3.636272e-10
3.667359e-10
3.655892e-10
3.692713e-10
3.69152e-10
3.758001e-10
3.755909e-10
3.754437e-10
3.820041e-10
3.817296e-10
3.81633e-10
3.821705e-10
3.855364e-10
3.852163e-10
3.851391e-10
3.858898e-10
3.879499e-10
3.852497e-10
3.849493e-10
3.848778e-10
3.856725e-10
3.879047e-10
4.080624e-10
3.812928e-10
3.810197e-10
3.809879e-10
3.817126e-10
3.837548e-10
4.025582e-10
4.174285e-10
3.749621e-10
3.748093e-10
3.748065e-10
3.753583e-10
3.768977e-10
3.924809e-10
4.060437e-10
4.113455e-10
3.688456e-10
3.688306e-10
3.688764e-10
3.691164e-10
3.698341e-10
3.802285e-10
3.912587e-10
3.9602e-10
4.010573e-10
3.66172e-10
3.663154e-10
3.663594e-10
3.661412e-10
3.657339e-10
3.692861e-10
3.766113e-10
3.802635e-10
3.84401e-10
3.888968e-10
3.69145e-10
3.690938e-10
3.683149e-10
3.666446e-10
3.628741e-10
3.659641e-10
3.68171e-10
3.709724e-10
3.743266e-10
3.781458e-10
3.751417e-10
3.73827e-10
3.710905e-10
3.614285e-10
3.608786e-10
3.617803e-10
3.633116e-10
3.654727e-10
3.682438e-10
3.715665e-10
3.795754e-10
3.760812e-10
3.624449e-10
3.593058e-10
3.592269e-10
3.598057e-10
3.610446e-10
3.629463e-10
3.654905e-10
3.686433e-10
3.799187e-10
3.63918e-10
3.591866e-10
3.584719e-10
3.584308e-10
3.590719e-10
3.60395e-10
3.624013e-10
3.650701e-10
3.683948e-10
3.649036e-10
3.593911e-10
3.583597e-10
3.579998e-10
3.583334e-10
3.593631e-10
3.610843e-10
3.634963e-10
3.665971e-10
3.804459e-10
3.670798e-10
3.656746e-10
3.657583e-10
3.692135e-10
3.691591e-10
3.691172e-10
3.756187e-10
3.754478e-10
3.75409e-10
3.758365e-10
3.817576e-10
3.814913e-10
3.814401e-10
3.821227e-10
3.839888e-10
3.852498e-10
3.849494e-10
3.848779e-10
3.856725e-10
3.879047e-10
4.080624e-10
3.849977e-10
3.846741e-10
3.846224e-10
3.854177e-10
3.876859e-10
4.079687e-10
4.234975e-10
3.810613e-10
3.808111e-10
3.807632e-10
3.814908e-10
3.83526e-10
4.022534e-10
4.173101e-10
4.229903e-10
3.748219e-10
3.746576e-10
3.746696e-10
3.752054e-10
3.76731e-10
3.921622e-10
4.057169e-10
4.112201e-10
4.168943e-10
3.687978e-10
3.687876e-10
3.688301e-10
3.690655e-10
3.69757e-10
3.800058e-10
3.909279e-10
3.957294e-10
4.009196e-10
4.063455e-10
3.663881e-10
3.664242e-10
3.662001e-10
3.657633e-10
3.691567e-10
3.763997e-10
3.800065e-10
3.841525e-10
3.88754e-10
3.93692e-10
3.692734e-10
3.684712e-10
3.667801e-10
3.628553e-10
3.658462e-10
3.680271e-10
3.707887e-10
3.741283e-10
3.780074e-10
3.823299e-10
3.74063e-10
3.71297e-10
3.614952e-10
3.608477e-10
3.617118e-10
3.632122e-10
3.653359e-10
3.68084e-10
3.714303e-10
3.753086e-10
3.763261e-10
3.625654e-10
3.59334e-10
3.592159e-10
3.597571e-10
3.609636e-10
3.628282e-10
3.653508e-10
3.685042e-10
3.72275e-10
3.64065e-10
3.592477e-10
3.584976e-10
3.584173e-10
3.590211e-10
3.603117e-10
3.622813e-10
3.649284e-10
3.682491e-10
3.826985e-10
3.594671e-10
3.584001e-10
3.580034e-10
3.583e-10
3.592931e-10
3.609834e-10
3.633594e-10
3.6644e-10
3.802243e-10
4.183853e-10
3.721072e-10
3.672687e-10
3.674942e-10
3.65739e-10
3.658481e-10
3.658624e-10
3.691404e-10
3.691093e-10
3.691292e-10
3.693326e-10
3.754468e-10
3.752769e-10
3.752747e-10
3.758064e-10
3.772447e-10
3.815109e-10
3.812556e-10
3.812135e-10
3.81935e-10
3.839467e-10
4.026563e-10
3.849978e-10
3.846742e-10
3.846226e-10
3.854179e-10
3.876859e-10
4.079687e-10
4.234975e-10
3.847305e-10
3.84432e-10
3.843592e-10
3.851677e-10
3.874276e-10
4.076422e-10
4.233878e-10
4.292333e-10
3.80859e-10
3.805898e-10
3.805637e-10
3.812694e-10
3.832962e-10
4.018951e-10
4.169549e-10
4.228835e-10
4.289111e-10
3.746823e-10
3.745254e-10
3.745255e-10
3.750677e-10
3.765651e-10
3.918564e-10
4.053289e-10
4.108885e-10
4.167781e-10
4.227984e-10
3.687467e-10
3.687908e-10
3.690135e-10
3.696879e-10
3.797777e-10
3.906293e-10
3.953836e-10
4.006201e-10
4.062124e-10
4.120206e-10
3.664969e-10
3.66255e-10
3.657966e-10
3.690399e-10
3.761803e-10
3.797731e-10
3.838751e-10
3.884908e-10
3.935471e-10
3.989179e-10
3.686359e-10
3.669088e-10
3.628373e-10
3.657388e-10
3.678797e-10
3.706186e-10
3.739196e-10
3.777887e-10
3.821822e-10
3.869959e-10
3.715029e-10
3.615605e-10
3.608166e-10
3.616487e-10
3.631117e-10
3.652076e-10
3.679193e-10
3.712465e-10
3.751572e-10
3.796077e-10
3.626825e-10
3.593623e-10
3.592061e-10
3.597129e-10
3.608818e-10
3.627169e-10
3.652036e-10
3.683395e-10
3.721173e-10
3.878026e-10
3.593089e-10
3.585231e-10
3.584048e-10
3.58974e-10
3.602279e-10
3.62168e-10
3.647796e-10
3.680825e-10
3.824742e-10
4.213092e-10
3.584413e-10
3.580087e-10
3.582662e-10
3.592268e-10
3.608817e-10
3.632299e-10
3.662757e-10
3.799802e-10
4.180606e-10
4.229416e-10
3.775057e-10
3.723913e-10
3.726589e-10
3.674603e-10
3.67685e-10
3.676553e-10
3.658026e-10
3.659183e-10
3.659526e-10
3.657756e-10
3.690757e-10
3.690452e-10
3.690848e-10
3.69343e-10
3.700588e-10
3.752758e-10
3.751148e-10
3.751133e-10
3.756735e-10
3.772139e-10
3.928507e-10
3.812929e-10
3.810198e-10
3.809884e-10
3.81713e-10
3.837548e-10
4.025583e-10
4.174285e-10
3.847305e-10
3.84432e-10
3.843593e-10
3.851678e-10
3.874277e-10
4.076422e-10
4.233879e-10
4.292333e-10
3.844963e-10
3.841753e-10
3.841271e-10
3.849097e-10
3.871725e-10
4.072608e-10
4.230148e-10
4.291376e-10
4.353193e-10
3.806562e-10
3.803962e-10
3.803521e-10
3.810724e-10
3.830667e-10
4.015353e-10
4.165376e-10
4.22528e-10
4.288181e-10
4.35168e-10
3.743941e-10
3.743997e-10
3.749227e-10
3.764149e-10
3.915512e-10
4.04956e-10
4.104929e-10
4.164442e-10
4.226937e-10
4.290572e-10
3.687537e-10
3.689689e-10
3.696163e-10
3.7957e-10
3.903229e-10
3.950706e-10
4.002623e-10
4.059067e-10
4.118947e-10
4.180795e-10
3.66317e-10
3.658283e-10
3.68918e-10
3.75981e-10
3.795309e-10
3.836226e-10
3.881961e-10
3.932724e-10
3.98774e-10
4.045681e-10
3.670445e-10
3.628224e-10
3.656266e-10
3.677447e-10
3.70444e-10
3.737259e-10
3.775581e-10
3.819463e-10
3.868422e-10
3.921676e-10
3.616274e-10
3.607892e-10
3.615831e-10
3.630183e-10
3.650773e-10
3.677646e-10
3.710569e-10
3.749527e-10
3.794446e-10
3.970032e-10
3.593917e-10
3.591992e-10
3.596666e-10
3.608062e-10
3.626042e-10
3.650646e-10
3.68166e-10
3.719306e-10
3.875754e-10
4.277766e-10
3.585499e-10
3.583955e-10
3.589249e-10
3.601491e-10
3.620536e-10
3.646388e-10
3.679076e-10
3.822239e-10
4.209891e-10
4.258722e-10
3.580159e-10
3.582378e-10
3.591576e-10
3.607847e-10
3.63099e-10
3.661201e-10
3.797261e-10
4.177047e-10
4.226461e-10
4.241685e-10
3.815369e-10
3.778603e-10
3.781154e-10
3.726763e-10
3.729429e-10
3.727831e-10
3.676498e-10
3.678796e-10
3.67842e-10
3.671534e-10
3.658604e-10
3.65988e-10
3.660238e-10
3.658573e-10
3.655453e-10
3.690105e-10
3.689884e-10
3.690264e-10
3.692946e-10
3.700595e-10
3.807757e-10
3.75123e-10
3.749536e-10
3.749595e-10
3.755126e-10
3.770713e-10
3.927487e-10
4.061758e-10
3.810613e-10
3.808112e-10
3.807633e-10
3.814912e-10
3.835263e-10
4.022534e-10
4.173102e-10
4.229904e-10
3.844963e-10
3.841753e-10
3.841272e-10
3.849097e-10
3.871727e-10
4.07261e-10
4.230148e-10
4.291377e-10
4.353193e-10
3.8426e-10
3.839502e-10
3.838812e-10
3.846816e-10
3.86909e-10
4.068839e-10
4.225789e-10
4.287664e-10
4.352395e-10
4.417332e-10
3.802025e-10
3.801667e-10
3.808632e-10
3.828617e-10
4.011752e-10
4.161183e-10
4.22108e-10
4.284645e-10
4.350909e-10
4.417628e-10
3.74275e-10
3.747956e-10
3.762564e-10
3.912734e-10
4.045834e-10
4.101116e-10
4.160436e-10
4.223599e-10
4.289665e-10
4.35671e-10
3.689261e-10
3.695539e-10
3.79351e-10
3.900432e-10
3.947491e-10
3.999374e-10
4.055398e-10
4.115856e-10
4.179634e-10
4.245194e-10
3.658653e-10
3.688094e-10
3.757715e-10
3.793102e-10
3.833602e-10
3.879273e-10
3.929636e-10
3.984907e-10
4.044282e-10
4.106713e-10
3.628099e-10
3.655232e-10
3.676029e-10
3.702834e-10
3.735268e-10
3.773436e-10
3.816969e-10
3.865924e-10
3.92011e-10
4.11928e-10
3.607649e-10
3.615228e-10
3.629199e-10
3.649556e-10
3.676071e-10
3.708784e-10
3.747412e-10
3.792224e-10
3.967868e-10
4.390002e-10
3.59195e-10
3.596257e-10
3.607253e-10
3.624992e-10
3.649234e-10
3.680019e-10
3.717338e-10
3.873117e-10
4.274686e-10
4.323674e-10
3.583887e-10
3.588823e-10
3.600655e-10
3.619452e-10
3.644963e-10
3.677419e-10
3.819622e-10
4.206329e-10
4.25583e-10
4.270829e-10
3.58212e-10
3.59097e-10
3.606822e-10
3.629735e-10
3.659625e-10
3.79485e-10
4.173342e-10
4.223132e-10
4.238997e-10
4.238098e-10
3.836152e-10
3.819259e-10
3.82166e-10
3.781956e-10
3.784687e-10
3.781658e-10
3.729544e-10
3.732286e-10
3.730594e-10
3.718657e-10
3.67824e-10
3.68072e-10
3.680328e-10
3.673252e-10
3.658266e-10
3.659221e-10
3.660512e-10
3.660943e-10
3.65918e-10
3.656074e-10
3.697269e-10
3.689534e-10
3.689313e-10
3.689745e-10
3.69231e-10
3.699938e-10
3.806826e-10
3.916758e-10
3.749621e-10
3.748094e-10
3.748067e-10
3.753587e-10
3.768981e-10
3.924806e-10
4.060438e-10
4.113456e-10
3.808589e-10
3.805898e-10
3.805638e-10
3.812695e-10
3.832967e-10
4.018956e-10
4.169549e-10
4.228837e-10
4.289112e-10
3.842599e-10
3.839502e-10
3.838812e-10
3.846817e-10
3.86909e-10
4.068842e-10
4.225791e-10
4.287664e-10
4.352396e-10
4.417332e-10
3.837234e-10
3.836652e-10
3.844399e-10
3.866751e-10
4.064941e-10
4.221476e-10
4.283301e-10
4.348723e-10
4.416715e-10
4.484781e-10
3.799818e-10
3.806795e-10
3.826437e-10
4.008521e-10
4.156981e-10
4.216845e-10
4.280439e-10
4.347415e-10
4.417038e-10
4.486979e-10
3.746698e-10
3.761168e-10
3.909783e-10
4.042435e-10
4.097304e-10
4.156563e-10
4.219568e-10
4.286352e-10
4.355964e-10
4.426403e-10
3.694925e-10
3.791566e-10
3.897473e-10
3.94455e-10
3.996035e-10
4.052058e-10
4.112125e-10
4.176534e-10
4.244156e-10
4.313732e-10
3.686973e-10
3.755833e-10
3.790779e-10
3.831205e-10
3.876476e-10
3.926812e-10
3.981709e-10
4.041393e-10
4.10538e-10
4.328137e-10
3.654194e-10
3.674715e-10
3.701145e-10
3.733431e-10
3.771228e-10
3.814644e-10
3.863274e-10
3.917504e-10
4.117382e-10
4.563704e-10
3.61466e-10
3.628282e-10
3.648268e-10
3.674595e-10
3.706964e-10
3.745417e-10
3.78992e-10
3.964973e-10
4.387269e-10
4.436728e-10
3.595889e-10
3.606521e-10
3.623859e-10
3.647912e-10
3.67835e-10
3.715472e-10
3.870344e-10
4.271108e-10
4.320937e-10
4.335565e-10
3.588432e-10
3.599912e-10
3.618293e-10
3.643607e-10
3.675737e-10
3.817139e-10
4.202602e-10
4.252508e-10
4.268212e-10
4.267034e-10
3.590399e-10
3.605914e-10
3.628404e-10
3.65811e-10
3.792404e-10
4.169823e-10
4.219638e-10
4.235889e-10
4.235599e-10
4.230736e-10
3.840188e-10
3.842489e-10
3.822929e-10
3.825528e-10
3.821509e-10
3.78531e-10
3.788031e-10
3.785094e-10
3.769181e-10
3.732131e-10
3.735072e-10
3.733384e-10
3.721227e-10
3.695919e-10
3.680054e-10
3.682488e-10
3.682215e-10
3.674999e-10
3.659707e-10
3.62952e-10
3.659801e-10
3.661184e-10
3.661583e-10
3.659772e-10
3.656427e-10
3.696723e-10
3.771728e-10
3.688951e-10
3.688813e-10
3.689222e-10
3.691741e-10
3.699099e-10
3.804755e-10
3.915377e-10
3.961593e-10
3.748218e-10
3.746577e-10
3.746697e-10
3.752056e-10
3.767314e-10
3.921629e-10
4.057165e-10
4.112203e-10
4.168944e-10
3.80656e-10
3.803961e-10
3.803521e-10
3.810724e-10
3.830669e-10
4.015361e-10
4.165382e-10
4.22528e-10
4.288182e-10
4.35168e-10
3.837233e-10
3.836652e-10
3.844399e-10
3.866752e-10
4.064942e-10
4.221479e-10
4.283303e-10
4.348723e-10
4.416716e-10
4.484782e-10
3.83448e-10
3.84227e-10
3.864272e-10
4.061468e-10
4.217011e-10
4.278968e-10
4.344376e-10
4.413104e-10
4.484365e-10
4.555576e-10
3.804965e-10
3.824515e-10
4.005074e-10
4.153201e-10
4.212598e-10
4.276186e-10
4.343225e-10
4.413605e-10
4.486589e-10
4.559763e-10
3.759784e-10
3.907167e-10
4.03882e-10
4.093818e-10
4.152687e-10
4.215661e-10
4.28232e-10
4.352697e-10
4.425839e-10
4.500009e-10
3.789574e-10
3.894837e-10
3.941437e-10
3.992973e-10
4.04862e-10
4.108718e-10
4.172768e-10
4.241072e-10
4.31284e-10
4.552713e-10
3.753866e-10
3.788686e-10
3.828681e-10
3.873915e-10
3.92387e-10
3.978776e-10
4.038114e-10
4.102462e-10
4.326668e-10
4.795475e-10
3.673388e-10
3.69957e-10
3.731496e-10
3.769186e-10
3.812247e-10
3.860797e-10
3.914726e-10
4.114257e-10
4.561516e-10
4.612258e-10
3.627407e-10
3.64706e-10
3.673028e-10
3.705254e-10
3.743381e-10
3.787742e-10
3.961968e-10
4.383606e-10
4.434369e-10
4.448625e-10
3.605844e-10
3.622826e-10
3.646482e-10
3.676782e-10
3.713571e-10
3.867714e-10
4.267338e-10
4.317621e-10
4.333121e-10
4.331427e-10
3.599216e-10
3.617256e-10
3.642154e-10
3.674134e-10
3.814615e-10
4.199063e-10
4.249003e-10
4.265117e-10
4.264613e-10
4.259533e-10
3.605048e-10
3.627216e-10
3.656498e-10
3.790047e-10
4.166244e-10
4.216311e-10
4.232606e-10
4.232654e-10
4.228334e-10
3.844005e-10
3.846499e-10
3.841973e-10
3.826598e-10
3.82918e-10
3.82527e-10
3.80684e-10
3.788447e-10
3.791374e-10
3.788351e-10
3.772399e-10
3.739625e-10
3.734798e-10
3.737664e-10
3.736099e-10
3.723825e-10
3.698158e-10
3.61035e-10
3.681737e-10
3.684329e-10
3.683949e-10
3.676725e-10
3.661139e-10
3.629631e-10
3.663919e-10
3.660443e-10
3.661814e-10
3.662261e-10
3.660309e-10
3.656744e-10
3.695498e-10
3.77055e-10
3.806235e-10
3.688456e-10
3.688306e-10
3.688764e-10
3.691165e-10
3.698343e-10
3.802291e-10
3.912585e-10
3.960201e-10
4.010573e-10
3.746821e-10
3.745254e-10
3.745255e-10
3.750678e-10
3.765653e-10
3.918572e-10
4.053297e-10
4.108882e-10
4.167783e-10
4.227984e-10
3.802023e-10
3.801667e-10
3.808632e-10
3.828617e-10
4.011755e-10
4.161192e-10
4.221086e-10
4.284645e-10
4.350911e-10
4.417628e-10
3.834479e-10
3.84227e-10
3.864272e-10
4.061469e-10
4.217012e-10
4.27897e-10
4.344378e-10
4.413103e-10
4.484366e-10
4.555576e-10
3.840133e-10
3.862079e-10
4.057774e-10
4.213025e-10
4.274479e-10
4.340044e-10
4.408792e-10
4.480833e-10
4.555378e-10
4.629755e-10
3.822603e-10
4.002019e-10
4.149166e-10
4.20877e-10
4.271915e-10
4.338975e-10
4.409452e-10
4.483236e-10
4.559592e-10
4.636351e-10
3.904536e-10
4.035606e-10
4.090109e-10
4.149136e-10
4.211744e-10
4.2784e-10
4.348687e-10
4.422638e-10
4.499647e-10
4.749634e-10
3.892125e-10
3.938658e-10
3.989731e-10
4.045462e-10
4.105208e-10
4.16932e-10
4.237297e-10
4.309794e-10
4.551833e-10
5.035072e-10
3.786497e-10
3.8264e-10
3.871216e-10
3.921171e-10
3.975718e-10
4.035099e-10
4.09913e-10
4.323403e-10
4.793971e-10
4.847186e-10
3.697977e-10
3.729686e-10
3.767032e-10
3.810027e-10
3.85824e-10
3.912124e-10
4.110915e-10
4.557854e-10
4.610485e-10
4.624856e-10
3.645897e-10
3.671551e-10
3.703435e-10
3.741463e-10
3.785516e-10
3.959126e-10
4.379777e-10
4.43101e-10
4.446575e-10
4.4442e-10
3.62186e-10
3.645172e-10
3.675083e-10
3.711783e-10
3.865029e-10
4.263759e-10
4.314093e-10
4.330044e-10
4.329187e-10
4.323682e-10
3.616274e-10
3.640846e-10
3.672413e-10
3.812202e-10
4.195457e-10
4.245665e-10
4.261828e-10
4.261682e-10
4.257211e-10
3.626077e-10
3.655054e-10
3.787533e-10
4.162796e-10
4.212922e-10
4.229471e-10
4.229527e-10
4.225474e-10
3.847814e-10
3.850296e-10
3.845872e-10
3.826225e-10
3.830038e-10
3.832832e-10
3.828826e-10
3.810374e-10
3.773029e-10
3.791669e-10
3.794504e-10
3.791608e-10
3.775452e-10
3.742484e-10
3.615819e-10
3.737308e-10
3.740335e-10
3.738629e-10
3.726351e-10
3.700414e-10
3.61116e-10
3.610323e-10
3.683552e-10
3.686036e-10
3.685753e-10
3.678311e-10
3.662546e-10
3.629432e-10
3.663233e-10
3.685655e-10
3.661042e-10
3.662509e-10
3.662896e-10
3.660877e-10
3.657032e-10
3.694115e-10
3.768449e-10
3.804943e-10
3.845387e-10
3.687978e-10
3.687876e-10
3.688301e-10
3.690655e-10
3.697571e-10
3.800065e-10
3.909287e-10
3.957292e-10
4.009197e-10
4.063455e-10
3.743939e-10
3.743996e-10
3.749227e-10
3.76415e-10
3.915515e-10
4.04957e-10
4.104938e-10
4.164439e-10
4.226939e-10
4.290573e-10
3.799816e-10
3.806794e-10
3.826437e-10
4.008522e-10
4.156983e-10
4.216854e-10
4.280446e-10
4.347414e-10
4.417039e-10
4.48698e-10
3.840133e-10
3.862079e-10
4.057774e-10
4.213026e-10
4.27448e-10
4.340047e-10
4.408794e-10
4.480833e-10
4.555378e-10
4.629755e-10
3.859882e-10
4.054494e-10
4.208781e-10
4.270464e-10
4.335552e-10
4.404482e-10
4.476577e-10
4.551943e-10
4.629793e-10
4.707697e-10
3.998954e-10
4.145582e-10
4.204682e-10
4.268059e-10
4.334702e-10
4.405227e-10
4.479139e-10
4.556336e-10
4.636415e-10
4.891598e-10
4.032365e-10
4.086805e-10
4.145356e-10
4.20815e-10
4.274466e-10
4.344778e-10
4.418671e-10
4.496531e-10
4.749379e-10
5.239665e-10
3.9358e-10
3.986831e-10
4.042117e-10
4.101978e-10
4.165761e-10
4.23383e-10
4.306034e-10
4.548582e-10
5.034341e-10
5.090438e-10
3.824013e-10
3.868772e-10
3.918325e-10
3.972907e-10
4.031951e-10
4.096058e-10
4.319665e-10
4.790407e-10
4.846152e-10
4.861646e-10
3.727852e-10
3.765013e-10
3.807681e-10
3.855868e-10
3.909434e-10
4.107781e-10
4.553905e-10
4.607168e-10
4.623413e-10
4.620576e-10
3.670126e-10
3.701717e-10
3.739421e-10
3.783417e-10
3.956216e-10
4.376149e-10
4.427452e-10
4.44348e-10
4.44236e-10
4.436218e-10
3.643938e-10
3.673521e-10
3.709842e-10
3.862497e-10
4.260098e-10
4.310732e-10
4.326742e-10
4.32628e-10
4.321546e-10
3.639599e-10
3.670858e-10
3.809608e-10
4.19201e-10
4.242258e-10
4.258687e-10
4.258552e-10
4.254366e-10
3.653664e-10
3.785265e-10
4.159123e-10
4.209659e-10
4.226274e-10
4.226536e-10
4.222429e-10
3.851389e-10
3.854083e-10
3.849568e-10
3.829895e-10
3.790389e-10
3.833559e-10
3.836257e-10
3.83238e-10
3.813719e-10
3.776198e-10
3.626641e-10
3.794703e-10
3.797717e-10
3.794658e-10
3.778504e-10
3.745194e-10
3.617208e-10
3.591514e-10
3.740027e-10
3.742851e-10
3.741233e-10
3.728706e-10
3.702603e-10
3.611834e-10
3.610214e-10
3.620333e-10
3.685267e-10
3.687877e-10
3.687428e-10
3.679961e-10
3.663842e-10
3.629187e-10
3.662046e-10
3.684749e-10
3.71257e-10
3.66172e-10
3.663154e-10
3.663594e-10
3.661411e-10
3.657338e-10
3.692865e-10
3.766116e-10
3.802635e-10
3.844012e-10
3.888968e-10
3.687467e-10
3.687907e-10
3.690135e-10
3.696879e-10
3.797779e-10
3.906302e-10
3.953845e-10
4.006199e-10
4.062125e-10
4.120207e-10
3.742748e-10
3.747956e-10
3.762564e-10
3.912736e-10
4.045838e-10
4.101127e-10
4.160444e-10
4.223596e-10
4.289667e-10
4.356711e-10
3.804962e-10
3.824515e-10
4.005074e-10
4.153203e-10
4.212601e-10
4.276195e-10
4.343231e-10
4.413604e-10
4.486591e-10
4.559764e-10
3.859881e-10
4.054493e-10
4.208781e-10
4.270464e-10
4.335553e-10
4.404485e-10
4.476578e-10
4.551943e-10
4.629794e-10
4.707698e-10
4.051185e-10
4.205005e-10
4.266187e-10
4.331526e-10
4.400007e-10
4.472308e-10
4.54776e-10
4.626473e-10
4.707988e-10
4.9653e-10
4.141979e-10
4.201045e-10
4.263939e-10
4.330837e-10
4.400972e-10
4.474959e-10
4.552313e-10
4.633274e-10
4.891822e-10
5.384845e-10
4.083477e-10
4.141983e-10
4.204322e-10
4.270849e-10
4.340846e-10
4.414793e-10
4.492626e-10
4.746152e-10
5.239668e-10
5.298247e-10
3.983849e-10
4.039118e-10
4.098553e-10
4.162481e-10
4.230245e-10
4.30257e-10
4.544555e-10
5.030968e-10
5.090226e-10
5.107416e-10
3.866215e-10
3.915743e-10
3.969941e-10
4.029053e-10
4.092845e-10
4.316208e-10
4.786293e-10
4.842967e-10
4.860974e-10
4.85838e-10
3.762964e-10
3.80548e-10
3.853359e-10
3.906936e-10
4.104536e-10
4.550191e-10
4.603531e-10
4.62038e-10
4.619353e-10
4.612591e-10
3.700054e-10
3.737489e-10
3.781179e-10
3.953468e-10
4.372426e-10
4.424066e-10
4.440162e-10
4.439449e-10
4.434483e-10
3.672044e-10
3.708055e-10
3.859748e-10
4.25664e-10
4.307289e-10
4.323587e-10
4.323142e-10
4.318727e-10
3.669371e-10
3.807251e-10
4.18831e-10
4.239002e-10
4.255477e-10
4.255557e-10
4.251319e-10
3.783068e-10
4.15579e-10
4.206188e-10
4.223199e-10
4.223484e-10
4.219514e-10
3.855041e-10
3.857639e-10
3.853254e-10
3.833376e-10
3.793694e-10
3.633646e-10
3.836926e-10
3.839761e-10
3.835717e-10
3.817062e-10
3.779199e-10
3.628376e-10
3.587575e-10
3.798058e-10
3.800744e-10
3.797788e-10
3.781365e-10
3.747901e-10
3.618451e-10
3.591914e-10
3.592795e-10
3.742617e-10
3.745576e-10
3.74369e-10
3.731129e-10
3.704647e-10
3.612467e-10
3.609864e-10
3.619917e-10
3.635907e-10
3.687078e-10
3.689616e-10
3.689232e-10
3.681494e-10
3.665189e-10
3.628963e-10
3.660796e-10
3.683267e-10
3.711473e-10
3.744523e-10
3.663881e-10
3.664241e-10
3.662001e-10
3.657633e-10
3.691568e-10
3.764003e-10
3.800069e-10
3.841525e-10
3.887541e-10
3.93692e-10
3.687536e-10
3.689689e-10
3.696163e-10
3.795702e-10
3.903232e-10
3.950715e-10
4.002631e-10
4.059065e-10
4.118948e-10
4.180796e-10
3.746696e-10
3.761168e-10
3.909784e-10
4.042438e-10
4.097308e-10
4.156574e-10
4.219577e-10
4.286348e-10
4.355966e-10
4.426404e-10
3.8226e-10
4.002019e-10
4.149166e-10
4.208772e-10
4.271918e-10
4.338984e-10
4.409458e-10
4.483236e-10
4.559593e-10
4.636352e-10
4.051184e-10
4.205005e-10
4.266187e-10
4.331526e-10
4.400008e-10
4.472311e-10
4.547762e-10
4.626472e-10
4.707988e-10
4.9653e-10
4.201192e-10
4.262375e-10
4.327237e-10
4.395988e-10
4.467868e-10
4.54355e-10
4.622379e-10
4.704796e-10
4.965774e-10
5.459588e-10
4.197393e-10
4.260266e-10
4.326706e-10
4.397115e-10
4.47074e-10
4.548196e-10
4.62934e-10
4.888625e-10
5.385389e-10
5.445711e-10
4.138589e-10
4.2009e-10
4.266995e-10
4.337225e-10
4.410884e-10
4.488798e-10
4.742079e-10
5.236433e-10
5.298803e-10
5.317622e-10
4.036037e-10
4.09548e-10
4.159002e-10
4.226937e-10
4.298981e-10
4.540832e-10
5.026752e-10
5.08725e-10
5.107596e-10
5.105737e-10
3.913042e-10
3.967245e-10
4.025992e-10
4.089883e-10
4.312587e-10
4.782468e-10
4.839215e-10
4.858091e-10
4.857947e-10
4.850926e-10
3.803244e-10
3.851002e-10
3.904291e-10
4.101518e-10
4.546336e-10
4.600092e-10
4.617007e-10
4.616515e-10
4.611477e-10
3.735615e-10
3.77906e-10
3.950536e-10
4.368909e-10
4.420583e-10
4.436994e-10
4.436301e-10
4.431665e-10
3.706358e-10
3.857209e-10
4.252898e-10
4.304033e-10
4.32035e-10
4.320137e-10
4.315673e-10
3.804982e-10
4.184933e-10
4.235513e-10
4.252409e-10
4.252494e-10
4.2484e-10
4.152538e-10
4.203031e-10
4.219931e-10
4.220548e-10
4.216538e-10
3.858571e-10
3.861272e-10
3.856718e-10
3.836848e-10
3.79683e-10
3.635538e-10
3.587705e-10
3.840617e-10
3.843115e-10
3.83913e-10
3.820203e-10
3.782197e-10
3.629964e-10
3.588315e-10
3.583342e-10
3.801173e-10
3.804093e-10
3.80074e-10
3.784302e-10
3.750443e-10
3.619677e-10
3.592161e-10
3.59283e-10
3.599852e-10
3.745207e-10
3.748173e-10
3.74635e-10
3.73342e-10
3.70675e-10
3.613063e-10
3.609485e-10
3.619216e-10
3.635208e-10
3.657009e-10
3.691451e-10
3.690937e-10
3.683148e-10
3.666444e-10
3.628741e-10
3.659645e-10
3.681713e-10
3.709723e-10
3.743268e-10
3.781458e-10
3.664969e-10
3.66255e-10
3.657966e-10
3.6904e-10
3.761806e-10
3.797738e-10
3.838755e-10
3.884908e-10
3.935473e-10
3.989179e-10
3.689261e-10
3.695539e-10
3.79351e-10
3.900434e-10
3.947495e-10
3.999384e-10
4.055406e-10
4.115854e-10
4.179635e-10
4.245194e-10
3.759782e-10
3.907166e-10
4.03882e-10
4.093821e-10
4.152691e-10
4.215671e-10
4.282328e-10
4.352693e-10
4.425841e-10
4.50001e-10
3.99895e-10
4.145581e-10
4.204682e-10
4.268061e-10
4.334705e-10
4.405235e-10
4.479145e-10
4.556336e-10
4.636417e-10
4.891598e-10
4.20119e-10
4.262375e-10
4.327237e-10
4.395989e-10
4.467869e-10
4.543553e-10
4.62238e-10
4.704796e-10
4.965774e-10
5.459588e-10
4.258531e-10
4.323406e-10
4.391706e-10
4.463875e-10
4.539164e-10
4.618245e-10
4.700806e-10
4.962553e-10
5.460408e-10
5.521603e-10
4.256584e-10
4.323016e-10
4.392992e-10
4.46691e-10
4.544031e-10
4.625303e-10
4.884582e-10
5.382249e-10
5.446833e-10
5.466863e-10
4.19746e-10
4.263544e-10
4.333366e-10
4.407278e-10
4.484928e-10
4.738082e-10
5.232291e-10
5.295985e-10
5.318593e-10
5.31754e-10
4.092323e-10
4.155874e-10
4.223425e-10
4.295664e-10
4.536965e-10
5.022832e-10
5.083435e-10
5.104932e-10
5.106174e-10
5.099153e-10
3.964427e-10
4.023207e-10
4.086753e-10
4.309246e-10
4.778453e-10
4.835701e-10
4.85463e-10
4.855267e-10
4.850609e-10
3.848607e-10
3.901803e-10
4.09832e-10
4.542747e-10
4.596513e-10
4.613802e-10
4.613324e-10
4.608736e-10
3.777001e-10
3.947758e-10
4.365159e-10
4.417291e-10
4.433727e-10
4.433288e-10
4.428604e-10
3.854782e-10
4.249434e-10
4.300519e-10
4.317287e-10
4.31705e-10
4.312746e-10
4.181655e-10
4.232323e-10
4.249128e-10
4.249566e-10
4.245414e-10
4.199944e-10
4.216953e-10
4.217431e-10
4.213676e-10
3.862402e-10
3.864786e-10
3.860255e-10
3.840115e-10
3.799958e-10
3.637288e-10
3.588606e-10
3.580845e-10
3.843972e-10
3.846792e-10
3.8424e-10
3.823417e-10
3.785018e-10
3.63154e-10
3.58892e-10
3.583696e-10
3.584988e-10
3.804186e-10
3.807205e-10
3.804007e-10
3.787074e-10
3.753053e-10
3.620834e-10
3.592381e-10
3.592706e-10
3.599543e-10
3.612748e-10
3.750768e-10
3.748887e-10
3.7359e-10
3.708743e-10
3.613683e-10
3.609135e-10
3.618487e-10
3.634178e-10
3.656057e-10
3.683613e-10
3.692735e-10
3.684711e-10
3.667801e-10
3.628553e-10
3.658464e-10
3.680276e-10
3.70789e-10
3.741281e-10
3.780077e-10
3.823298e-10
3.66317e-10
3.658283e-10
3.68918e-10
3.759811e-10
3.795312e-10
3.836233e-10
3.881966e-10
3.932723e-10
3.987742e-10
4.045682e-10
3.694925e-10
3.791565e-10
3.897473e-10
3.944553e-10
3.996039e-10
4.052067e-10
4.112133e-10
4.176533e-10
4.244157e-10
4.313732e-10
3.904532e-10
4.035605e-10
4.090109e-10
4.149139e-10
4.211748e-10
4.278411e-10
4.348695e-10
4.422635e-10
4.499648e-10
4.749635e-10
4.141975e-10
4.201044e-10
4.263939e-10
4.330838e-10
4.400974e-10
4.474967e-10
4.552319e-10
4.633274e-10
4.891823e-10
5.384846e-10
4.258529e-10
4.323406e-10
4.391706e-10
4.463875e-10
4.539165e-10
4.618248e-10
4.700808e-10
4.962553e-10
5.460409e-10
5.521603e-10
4.319549e-10
4.387875e-10
4.459617e-10
4.535211e-10
4.613928e-10
4.696764e-10
4.95848e-10
5.457279e-10
5.523015e-10
5.54367e-10
4.319322e-10
4.389304e-10
4.462813e-10
4.540242e-10
4.621207e-10
4.880431e-10
5.378201e-10
5.444124e-10
5.468417e-10
5.468003e-10
4.260078e-10
4.329905e-10
4.403432e-10
4.481353e-10
4.734025e-10
5.228216e-10
5.292253e-10
5.316097e-10
5.318783e-10
5.311848e-10
4.152664e-10
4.220264e-10
4.29214e-10
4.533389e-10
5.018741e-10
5.079857e-10
5.101431e-10
5.103716e-10
5.099715e-10
4.020298e-10
4.0839e-10
4.30571e-10
4.774742e-10
4.831999e-10
4.851371e-10
4.852005e-10
4.848029e-10
3.899276e-10
4.095311e-10
4.538941e-10
4.593173e-10
4.610457e-10
4.610281e-10
4.605637e-10
3.945046e-10
4.361611e-10
4.413783e-10
4.430638e-10
4.430176e-10
4.42567e-10
4.246094e-10
4.297263e-10
4.313987e-10
4.314129e-10
4.309738e-10
4.229219e-10
4.246123e-10
4.246437e-10
4.242559e-10
4.214037e-10
4.214587e-10
4.210639e-10
3.865859e-10
3.868601e-10
3.863681e-10
3.843451e-10
3.802904e-10
3.639024e-10
3.589378e-10
3.581352e-10
3.579907e-10
3.847239e-10
3.850136e-10
3.845986e-10
3.8265e-10
3.787904e-10
3.633028e-10
3.589503e-10
3.583915e-10
3.584973e-10
3.592643e-10
3.81021e-10
3.807048e-10
3.790144e-10
3.755521e-10
3.622028e-10
3.592593e-10
3.592548e-10
3.599064e-10
3.612121e-10
3.631496e-10
3.751421e-10
3.738268e-10
3.710902e-10
3.614284e-10
3.608787e-10
3.617807e-10
3.633119e-10
3.654726e-10
3.682442e-10
3.715664e-10
3.68636e-10
3.669087e-10
3.628373e-10
3.657389e-10
3.678799e-10
3.706192e-10
3.7392e-10
3.777885e-10
3.821824e-10
3.869958e-10
3.658653e-10
3.688094e-10
3.757715e-10
3.793104e-10
3.833605e-10
3.87928e-10
3.92964e-10
3.984907e-10
4.044283e-10
4.106713e-10
3.789572e-10
3.894836e-10
3.941437e-10
3.992976e-10
4.048624e-10
4.108728e-10
4.172777e-10
4.24107e-10
4.312841e-10
4.552713e-10
4.03236e-10
4.086804e-10
4.145356e-10
4.208152e-10
4.27447e-10
4.344788e-10
4.41868e-10
4.496527e-10
4.749381e-10
5.239666e-10
4.197388e-10
4.260266e-10
4.326706e-10
4.397117e-10
4.470743e-10
4.548204e-10
4.629346e-10
4.888624e-10
5.38539e-10
5.445712e-10
4.319547e-10
4.387875e-10
4.459617e-10
4.535212e-10
4.613929e-10
4.696766e-10
4.958482e-10
5.457279e-10
5.523016e-10
5.54367e-10
4.384022e-10
4.455802e-10
4.530995e-10
4.610032e-10
4.692531e-10
4.954351e-10
5.453233e-10
5.520328e-10
5.545524e-10
5.545448e-10
4.385615e-10
4.459142e-10
4.536188e-10
4.617475e-10
4.876204e-10
5.374046e-10
5.440487e-10
5.466037e-10
5.469839e-10
5.462996e-10
4.326432e-10
4.399978e-10
4.477539e-10
4.730275e-10
5.22405e-10
5.288554e-10
5.312683e-10
5.3165e-10
5.313223e-10
4.217022e-10
4.288964e-10
4.529586e-10
5.014953e-10
5.076102e-10
5.098123e-10
5.100426e-10
5.09736e-10
4.080924e-10
4.302485e-10
4.77081e-10
4.828569e-10
4.847925e-10
4.848918e-10
4.844866e-10
4.09225e-10
4.535367e-10
4.589631e-10
4.607332e-10
4.6071e-10
4.602675e-10
4.358128e-10
4.410467e-10
4.427348e-10
4.427232e-10
4.422637e-10
4.294115e-10
4.310929e-10
4.310984e-10
4.306889e-10
4.243194e-10
4.24357e-10
4.239511e-10
4.2118e-10
4.207866e-10
3.869244e-10
3.872042e-10
3.867402e-10
3.846686e-10
3.805914e-10
3.640664e-10
3.590131e-10
3.581734e-10
3.580034e-10
3.58505e-10
3.853388e-10
3.849248e-10
3.829882e-10
3.790678e-10
3.634557e-10
3.59006e-10
3.584109e-10
3.58482e-10
3.59228e-10
3.606354e-10
3.809977e-10
3.793007e-10
3.758256e-10
3.62317e-10
3.592823e-10
3.592404e-10
3.598544e-10
3.611309e-10
3.630582e-10
3.656076e-10
3.740633e-10
3.712968e-10
3.614951e-10
3.608477e-10
3.617119e-10
3.632128e-10
3.653363e-10
3.680838e-10
3.714307e-10
3.753086e-10
3.670446e-10
3.628224e-10
3.656267e-10
3.677448e-10
3.704442e-10
3.737266e-10
3.775585e-10
3.819461e-10
3.868425e-10
3.921675e-10
3.686972e-10
3.755833e-10
3.79078e-10
3.831207e-10
3.876479e-10
3.926819e-10
3.981714e-10
4.041392e-10
4.105381e-10
4.328138e-10
3.892122e-10
3.938657e-10
3.989731e-10
4.045465e-10
4.105212e-10
4.16933e-10
4.237306e-10
4.309792e-10
4.551834e-10
5.035073e-10
4.083471e-10
4.141982e-10
4.204322e-10
4.270851e-10
4.340849e-10
4.414804e-10
4.492634e-10
4.746149e-10
5.23967e-10
5.298248e-10
4.256579e-10
4.323016e-10
4.392992e-10
4.466912e-10
4.544033e-10
4.625311e-10
4.884588e-10
5.382249e-10
5.446834e-10
5.466864e-10
4.384021e-10
4.455801e-10
4.530995e-10
4.610032e-10
4.692532e-10
4.954354e-10
5.453235e-10
5.520328e-10
5.545525e-10
5.545448e-10
4.45197e-10
4.52721e-10
4.605872e-10
4.688703e-10
4.950014e-10
5.449126e-10
5.516701e-10
5.543174e-10
5.547592e-10
5.540803e-10
4.455476e-10
4.53255e-10
4.613478e-10
4.872347e-10
5.36978e-10
5.436726e-10
5.462719e-10
5.467678e-10
5.464971e-10
4.396516e-10
4.474107e-10
4.726269e-10
5.220194e-10
5.284743e-10
5.309276e-10
5.313299e-10
5.311045e-10
4.28571e-10
4.526153e-10
5.010921e-10
5.072616e-10
5.094636e-10
5.097301e-10
5.094173e-10
4.29912e-10
4.76722e-10
4.824933e-10
4.844725e-10
4.845647e-10
4.841864e-10
4.531725e-10
4.586305e-10
4.604017e-10
4.604124e-10
4.599577e-10
4.407208e-10
4.42424e-10
4.424098e-10
4.419768e-10
4.307965e-10
4.30807e-10
4.303826e-10
4.240772e-10
4.236716e-10
4.205147e-10
3.87541e-10
3.870758e-10
3.8502e-10
3.808837e-10
3.642346e-10
3.590848e-10
3.582093e-10
3.580036e-10
3.584818e-10
3.596342e-10
3.852418e-10
3.832961e-10
3.793723e-10
3.636038e-10
3.59064e-10
3.584298e-10
3.584637e-10
3.591774e-10
3.60567e-10
3.626128e-10
3.79576e-10
3.760812e-10
3.624447e-10
3.593058e-10
3.592269e-10
3.598058e-10
3.610448e-10
3.629462e-10
3.654907e-10
3.686434e-10
3.715032e-10
3.615604e-10
3.608166e-10
3.616488e-10
3.631119e-10
3.652082e-10
3.679198e-10
3.712463e-10
3.751576e-10
3.796077e-10
3.628099e-10
3.655233e-10
3.67603e-10
3.702836e-10
3.735271e-10
3.773444e-10
3.816973e-10
3.865923e-10
3.920112e-10
4.119279e-10
3.753864e-10
3.788687e-10
3.828681e-10
3.873917e-10
3.923873e-10
3.978785e-10
4.038119e-10
4.102461e-10
4.32667e-10
4.795475e-10
3.935796e-10
3.98683e-10
4.042117e-10
4.101981e-10
4.165765e-10
4.23384e-10
4.306043e-10
4.54858e-10
5.034343e-10
5.090439e-10
4.138583e-10
4.2009e-10
4.266995e-10
4.337228e-10
4.410887e-10
4.488808e-10
4.742088e-10
5.23643e-10
5.298805e-10
5.317622e-10
4.319317e-10
4.389303e-10
4.462813e-10
4.540244e-10
4.621209e-10
4.88044e-10
5.378206e-10
5.444124e-10
5.468418e-10
5.468003e-10
4.451968e-10
4.52721e-10
4.605872e-10
4.688704e-10
4.950014e-10
5.449128e-10
5.516703e-10
5.543174e-10
5.547592e-10
5.540803e-10
4.523416e-10
4.602133e-10
4.684615e-10
4.946085e-10
5.444786e-10
5.512985e-10
5.53987e-10
5.545465e-10
5.543088e-10
4.528921e-10
4.609886e-10
4.868213e-10
5.36588e-10
5.432835e-10
5.459262e-10
5.464571e-10
5.462917e-10
4.470672e-10
4.722661e-10
5.216071e-10
5.281206e-10
5.305743e-10
5.310086e-10
5.307947e-10
4.522637e-10
5.007274e-10
5.068902e-10
5.091392e-10
5.093994e-10
5.091137e-10
4.76348e-10
4.821605e-10
4.841331e-10
4.842605e-10
4.83868e-10
4.582923e-10
4.600904e-10
4.600968e-10
4.596676e-10
4.421185e-10
4.421139e-10
4.416713e-10
4.305241e-10
4.300986e-10
4.233987e-10
3.874041e-10
3.853373e-10
3.812014e-10
3.643991e-10
3.591591e-10
3.582437e-10
3.580011e-10
3.584458e-10
3.595776e-10
3.613804e-10
3.83595e-10
3.796499e-10
3.637675e-10
3.591215e-10
3.584503e-10
3.584468e-10
3.591231e-10
3.604834e-10
3.625154e-10
3.651934e-10
3.763267e-10
3.625653e-10
3.593339e-10
3.592159e-10
3.597572e-10
3.609639e-10
3.628284e-10
3.653507e-10
3.685043e-10
3.722752e-10
3.616275e-10
3.607892e-10
3.615832e-10
3.630184e-10
3.650776e-10
3.677654e-10
3.710574e-10
3.749525e-10
3.79445e-10
3.970032e-10
3.654193e-10
3.674716e-10
3.701145e-10
3.733434e-10
3.771231e-10
3.814652e-10
3.863278e-10
3.917503e-10
4.117385e-10
4.563704e-10
3.786495e-10
3.8264e-10
3.871216e-10
3.921174e-10
3.975721e-10
4.035107e-10
4.099135e-10
4.323403e-10
4.793973e-10
4.847186e-10
3.983846e-10
4.039118e-10
4.098553e-10
4.162484e-10
4.230249e-10
4.30258e-10
4.544564e-10
5.030966e-10
5.090227e-10
5.107417e-10
4.197454e-10
4.263543e-10
4.333366e-10
4.407281e-10
4.484931e-10
4.738093e-10
5.232299e-10
5.295983e-10
5.318594e-10
5.317541e-10
4.385611e-10
4.459142e-10
4.536188e-10
4.617477e-10
4.876206e-10
5.374054e-10
5.440492e-10
5.466037e-10
5.46984e-10
5.462997e-10
4.523414e-10
4.602132e-10
4.684615e-10
4.946085e-10
5.444787e-10
5.512987e-10
5.539871e-10
5.545465e-10
5.543089e-10
4.598389e-10
4.680933e-10
4.941883e-10
5.440844e-10
5.509032e-10
5.536456e-10
5.542374e-10
5.54107e-10
4.606309e-10
4.864493e-10
5.361694e-10
5.429264e-10
5.455661e-10
5.461315e-10
5.459913e-10
4.719047e-10
5.21235e-10
5.277418e-10
5.302457e-10
5.30674e-10
5.304829e-10
5.003541e-10
5.065534e-10
5.087932e-10
5.090913e-10
5.087919e-10
4.818154e-10
4.83822e-10
4.839376e-10
4.835716e-10
4.597745e-10
4.598003e-10
4.5936e-10
4.418228e-10
4.41383e-10
4.298227e-10
3.856473e-10
3.814887e-10
3.645789e-10
3.592329e-10
3.582801e-10
3.579993e-10
3.584065e-10
3.595073e-10
3.612932e-10
3.637419e-10
3.799192e-10
3.63918e-10
3.591865e-10
3.584718e-10
3.584308e-10
3.590721e-10
3.603951e-10
3.624012e-10
3.650702e-10
3.683949e-10
3.626828e-10
3.593623e-10
3.592061e-10
3.59713e-10
3.60882e-10
3.627173e-10
3.652039e-10
3.683394e-10
3.721175e-10
3.878028e-10
3.607649e-10
3.615228e-10
3.6292e-10
3.649558e-10
3.676075e-10
3.708793e-10
3.747418e-10
3.792222e-10
3.967873e-10
4.390002e-10
3.673387e-10
3.699572e-10
3.731496e-10
3.769189e-10
3.81225e-10
3.860806e-10
3.914731e-10
4.114255e-10
4.561519e-10
4.612257e-10
3.824011e-10
3.868773e-10
3.918325e-10
3.97291e-10
4.031954e-10
4.096066e-10
4.31967e-10
4.790407e-10
4.846154e-10
4.861646e-10
4.036034e-10
4.095479e-10
4.159002e-10
4.22694e-10
4.298985e-10
4.540843e-10
5.026761e-10
5.087249e-10
5.107597e-10
5.105737e-10
4.260072e-10
4.329904e-10
4.403432e-10
4.481356e-10
4.734028e-10
5.228227e-10
5.29226e-10
5.316094e-10
5.318785e-10
5.311848e-10
4.455471e-10
4.532549e-10
4.613478e-10
4.872349e-10
5.369783e-10
5.436733e-10
5.462724e-10
5.467678e-10
5.464972e-10
4.598387e-10
4.680933e-10
4.941883e-10
5.440845e-10
5.509033e-10
5.536458e-10
5.542375e-10
5.54107e-10
4.677253e-10
4.938096e-10
5.436622e-10
5.505426e-10
5.532801e-10
5.53916e-10
5.538084e-10
4.860785e-10
5.357921e-10
5.425426e-10
5.452346e-10
5.457908e-10
5.456755e-10
5.208619e-10
5.273991e-10
5.298933e-10
5.303621e-10
5.301575e-10
5.062099e-10
5.084787e-10
5.087623e-10
5.084918e-10
4.835004e-10
4.836413e-10
4.832569e-10
4.594999e-10
4.59071e-10
4.410994e-10
3.817693e-10
3.647428e-10
3.59315e-10
3.583173e-10
3.579986e-10
3.583697e-10
3.594332e-10
3.611912e-10
3.636273e-10
3.667361e-10
3.640652e-10
3.592477e-10
3.584976e-10
3.584173e-10
3.590212e-10
3.60312e-10
3.622815e-10
3.649283e-10
3.682492e-10
3.826987e-10
3.593918e-10
3.591992e-10
3.596666e-10
3.608063e-10
3.626044e-10
3.650651e-10
3.681664e-10
3.719305e-10
3.875757e-10
4.277768e-10
3.614659e-10
3.628283e-10
3.64827e-10
3.674597e-10
3.706968e-10
3.745427e-10
3.789926e-10
3.964971e-10
4.387275e-10
4.436728e-10
3.697976e-10
3.729688e-10
3.767032e-10
3.81003e-10
3.858243e-10
3.912134e-10
4.110921e-10
4.557852e-10
4.610488e-10
4.624856e-10
3.866212e-10
3.915744e-10
3.969941e-10
4.029056e-10
4.092848e-10
4.316217e-10
4.786298e-10
4.842967e-10
4.860976e-10
4.858381e-10
4.092319e-10
4.155873e-10
4.223425e-10
4.295667e-10
4.536969e-10
5.022843e-10
5.083443e-10
5.10493e-10
5.106175e-10
5.099153e-10
4.326426e-10
4.399977e-10
4.477539e-10
4.730278e-10
5.224053e-10
5.288563e-10
5.31269e-10
5.316498e-10
5.313225e-10
4.528916e-10
4.609886e-10
4.868213e-10
5.365882e-10
5.432837e-10
5.459268e-10
5.464575e-10
5.462916e-10
4.677252e-10
4.938096e-10
5.436622e-10
5.505427e-10
5.532802e-10
5.539162e-10
5.538085e-10
4.93431e-10
5.43281e-10
5.501558e-10
5.529456e-10
5.535704e-10
5.534967e-10
5.354158e-10
5.421954e-10
5.448778e-10
5.454763e-10
5.453443e-10
5.270567e-10
5.295737e-10
5.300274e-10
5.298537e-10
5.081591e-10
5.08463e-10
5.081712e-10
4.833358e-10
4.82968e-10
4.587784e-10
3.649039e-10
3.593911e-10
3.583597e-10
3.579998e-10
3.583334e-10
3.593634e-10
3.610846e-10
3.634963e-10
3.665972e-10
3.804461e-10
3.59309e-10
3.585231e-10
3.584048e-10
3.589741e-10
3.60228e-10
3.621684e-10
3.647799e-10
3.680824e-10
3.824744e-10
4.213094e-10
3.59195e-10
3.596257e-10
3.607254e-10
3.624993e-10
3.649237e-10
3.680026e-10
3.717342e-10
3.873115e-10
4.274689e-10
4.323677e-10
3.627405e-10
3.64706e-10
3.673029e-10
3.705257e-10
3.743385e-10
3.787753e-10
3.961976e-10
4.383603e-10
4.434374e-10
4.448625e-10
3.727851e-10
3.765014e-10
3.807682e-10
3.855871e-10
3.909438e-10
4.107792e-10
4.553912e-10
4.607166e-10
4.623416e-10
4.620576e-10
3.91304e-10
3.967246e-10
4.025992e-10
4.089886e-10
4.312591e-10
4.782478e-10
4.83922e-10
4.85809e-10
4.857949e-10
4.850926e-10
4.15266e-10
4.220263e-10
4.29214e-10
4.533392e-10
5.018745e-10
5.079866e-10
5.101438e-10
5.103715e-10
5.099716e-10
4.39651e-10
4.474107e-10
4.726269e-10
5.220197e-10
5.284746e-10
5.309284e-10
5.313305e-10
5.311042e-10
4.606304e-10
4.864492e-10
5.361694e-10
5.429265e-10
5.455663e-10
5.461321e-10
5.459917e-10
4.934309e-10
5.43281e-10
5.501558e-10
5.529457e-10
5.535705e-10
5.534969e-10
5.428998e-10
5.498054e-10
5.525863e-10
5.532532e-10
5.531608e-10
5.418507e-10
5.445543e-10
5.451376e-10
5.450381e-10
5.292554e-10
5.297232e-10
5.295277e-10
5.081594e-10
5.078793e-10
4.826705e-10
3.594672e-10
3.584001e-10
3.580034e-10
3.583e-10
3.592932e-10
3.609838e-10
3.633597e-10
3.664399e-10
3.802245e-10
4.183855e-10
3.5855e-10
3.583955e-10
3.58925e-10
3.601492e-10
3.620538e-10
3.646394e-10
3.67908e-10
3.822238e-10
4.209894e-10
4.258724e-10
3.595888e-10
3.606522e-10
3.62386e-10
3.647914e-10
3.678353e-10
3.715479e-10
3.870349e-10
4.271106e-10
4.32094e-10
4.335567e-10
3.645895e-10
3.671552e-10
3.703437e-10
3.741466e-10
3.785521e-10
3.95914e-10
4.379787e-10
4.431007e-10
4.44658e-10
4.4442e-10
3.762962e-10
3.805481e-10
3.85336e-10
3.906939e-10
4.104541e-10
4.550203e-10
4.603537e-10
4.620379e-10
4.619356e-10
4.612591e-10
3.964424e-10
4.023208e-10
4.086753e-10
4.309249e-10
4.778457e-10
4.83571e-10
4.854635e-10
4.855267e-10
4.850611e-10
4.217018e-10
4.288963e-10
4.529586e-10
5.014956e-10
5.076106e-10
5.098132e-10
5.100433e-10
5.097358e-10
4.470666e-10
4.722661e-10
5.216071e-10
5.281209e-10
5.305746e-10
5.310094e-10
5.307953e-10
4.860781e-10
5.35792e-10
5.425426e-10
5.452347e-10
5.45791e-10
5.456761e-10
5.428997e-10
5.498054e-10
5.525863e-10
5.532532e-10
5.531609e-10
5.494567e-10
5.522597e-10
5.529121e-10
5.52852e-10
5.442343e-10
5.448297e-10
5.447082e-10
5.294211e-10
5.29231e-10
5.075837e-10
3.584414e-10
3.580087e-10
3.582663e-10
3.59227e-10
3.608819e-10
3.632304e-10
3.662761e-10
3.799801e-10
4.180609e-10
4.229418e-10
3.583887e-10
3.588823e-10
3.600656e-10
3.619454e-10
3.644965e-10
3.677425e-10
3.819627e-10
4.206327e-10
4.255833e-10
4.270831e-10
3.605843e-10
3.622827e-10
3.646484e-10
3.676785e-10
3.713575e-10
3.867724e-10
4.267346e-10
4.317619e-10
4.333124e-10
4.331428e-10
3.670123e-10
3.701718e-10
3.739423e-10
3.78342e-10
3.956222e-10
4.376166e-10
4.42746e-10
4.443477e-10
4.442365e-10
4.436218e-10
3.803242e-10
3.851003e-10
3.904292e-10
4.101521e-10
4.546342e-10
4.600102e-10
4.617012e-10
4.616514e-10
4.61148e-10
4.020295e-10
4.083901e-10
4.305711e-10
4.774745e-10
4.832003e-10
4.851379e-10
4.85201e-10
4.848029e-10
4.285706e-10
4.526153e-10
5.010921e-10
5.072619e-10
5.09464e-10
5.097309e-10
5.09418e-10
4.719041e-10
5.212349e-10
5.277419e-10
5.302459e-10
5.306743e-10
5.304837e-10
5.354153e-10
5.421954e-10
5.448778e-10
5.454764e-10
5.453444e-10
5.494566e-10
5.522597e-10
5.529121e-10
5.528521e-10
5.519363e-10
5.526015e-10
5.525198e-10
5.445262e-10
5.44408e-10
5.289368e-10
3.580159e-10
3.582378e-10
3.591577e-10
3.607849e-10
3.630993e-10
3.661206e-10
3.797266e-10
4.177046e-10
4.226464e-10
4.241688e-10
3.588432e-10
3.599912e-10
3.618295e-10
3.64361e-10
3.67574e-10
3.817148e-10
4.20261e-10
4.252506e-10
4.268215e-10
4.267036e-10
3.621858e-10
3.645172e-10
3.675085e-10
3.711785e-10
3.865034e-10
4.263771e-10
4.3141e-10
4.330042e-10
4.32919e-10
4.323684e-10
3.700051e-10
3.73749e-10
3.781181e-10
3.953472e-10
4.372433e-10
4.424081e-10
4.440169e-10
4.439447e-10
4.434487e-10
3.848605e-10
3.901805e-10
4.098321e-10
4.542751e-10
4.596517e-10
4.613811e-10
4.613329e-10
4.608735e-10
4.08092e-10
4.302486e-10
4.770811e-10
4.828572e-10
4.847928e-10
4.848926e-10
4.84487e-10
4.522633e-10
5.007274e-10
5.068902e-10
5.091395e-10
5.093998e-10
5.091145e-10
5.208614e-10
5.273991e-10
5.298933e-10
5.303623e-10
5.301578e-10
5.418503e-10
5.445543e-10
5.451376e-10
5.450382e-10
5.519362e-10
5.526015e-10
5.525198e-10
5.522948e-10
5.52217e-10
5.441124e-10
3.58212e-10
3.590969e-10
3.606824e-10
3.629738e-10
3.659628e-10
3.794859e-10
4.17335e-10
4.22313e-10
4.238999e-10
4.2381e-10
3.599215e-10
3.617256e-10
3.642155e-10
3.674138e-10
3.814619e-10
4.199075e-10
4.24901e-10
4.265116e-10
4.264615e-10
4.259534e-10
3.643935e-10
3.673522e-10
3.709844e-10
3.862501e-10
4.260104e-10
4.310743e-10
4.326748e-10
4.326279e-10
4.321548e-10
3.735611e-10
3.779062e-10
3.950539e-10
4.368914e-10
4.42059e-10
4.437006e-10
4.436308e-10
4.431663e-10
3.899274e-10
4.095314e-10
4.538943e-10
4.593176e-10
4.610462e-10
4.61029e-10
4.605641e-10
4.299117e-10
4.767221e-10
4.824933e-10
4.844728e-10
4.84565e-10
4.841871e-10
5.003537e-10
5.065534e-10
5.087932e-10
5.090915e-10
5.087923e-10
5.270562e-10
5.295736e-10
5.300274e-10
5.298539e-10
5.442339e-10
5.448297e-10
5.447082e-10
5.522947e-10
5.52217e-10
5.519185e-10
3.590398e-10
3.605914e-10
3.628406e-10
3.658113e-10
3.792409e-10
4.169835e-10
4.219645e-10
4.235887e-10
4.235602e-10
4.230738e-10
3.616272e-10
3.640845e-10
3.672415e-10
3.812207e-10
4.195463e-10
4.245676e-10
4.261834e-10
4.261681e-10
4.257213e-10
3.672041e-10
3.708056e-10
3.859751e-10
4.256645e-10
4.307294e-10
4.323598e-10
4.323148e-10
4.318726e-10
3.776998e-10
3.947759e-10
4.365163e-10
4.417295e-10
4.433733e-10
4.4333e-10
4.428611e-10
4.092248e-10
4.535369e-10
4.589633e-10
4.607335e-10
4.607105e-10
4.602684e-10
4.763477e-10
4.821606e-10
4.841331e-10
4.842608e-10
4.838683e-10
5.062096e-10
5.084787e-10
5.087624e-10
5.08492e-10
5.29255e-10
5.297231e-10
5.295277e-10
5.445259e-10
5.44408e-10
5.519184e-10
3.605047e-10
3.627216e-10
3.6565e-10
3.790052e-10
4.166251e-10
4.216322e-10
4.232612e-10
4.232653e-10
4.228336e-10
3.639597e-10
3.670858e-10
3.809611e-10
4.192017e-10
4.242264e-10
4.258697e-10
4.258558e-10
4.254365e-10
3.706355e-10
3.85721e-10
4.252902e-10
4.304038e-10
4.320355e-10
4.320147e-10
4.315679e-10
3.945041e-10
4.361614e-10
4.413786e-10
4.430642e-10
4.430182e-10
4.425681e-10
4.531722e-10
4.586307e-10
4.604019e-10
4.604128e-10
4.599581e-10
4.818151e-10
4.838221e-10
4.839376e-10
4.835718e-10
5.081588e-10
5.084629e-10
5.081713e-10
5.294207e-10
5.29231e-10
5.441121e-10
3.626076e-10
3.655054e-10
3.787536e-10
4.162803e-10
4.212928e-10
4.229481e-10
4.229533e-10
4.225473e-10
3.669368e-10
3.807251e-10
4.188314e-10
4.239008e-10
4.255482e-10
4.255566e-10
4.251324e-10
3.854778e-10
4.249436e-10
4.300522e-10
4.317292e-10
4.317055e-10
4.312755e-10
4.358122e-10
4.410469e-10
4.427351e-10
4.427236e-10
4.422643e-10
4.582921e-10
4.600906e-10
4.60097e-10
4.596679e-10
4.835001e-10
4.836414e-10
4.83257e-10
5.081591e-10
5.078792e-10
5.289365e-10
3.653662e-10
3.785265e-10
4.159128e-10
4.209666e-10
4.22628e-10
4.226546e-10
4.222435e-10
3.804978e-10
4.184933e-10
4.235517e-10
4.252415e-10
4.252499e-10
4.248409e-10
4.246088e-10
4.297264e-10
4.313991e-10
4.314133e-10
4.309742e-10
4.407203e-10
4.424242e-10
4.424101e-10
4.419771e-10
4.597742e-10
4.598005e-10
4.593601e-10
4.833356e-10
4.829681e-10
5.075834e-10
3.783065e-10
4.15579e-10
4.206192e-10
4.223204e-10
4.223489e-10
4.219523e-10
4.18165e-10
4.232323e-10
4.249132e-10
4.249571e-10
4.245418e-10
4.29411e-10
4.31093e-10
4.310988e-10
4.306893e-10
4.42118e-10
4.42114e-10
4.416716e-10
4.594997e-10
4.590712e-10
4.826703e-10
4.152533e-10
4.203031e-10
4.219935e-10
4.220553e-10
4.216543e-10
4.229214e-10
4.246123e-10
4.246441e-10
4.242564e-10
4.307961e-10
4.30807e-10
4.303829e-10
4.418224e-10
4.413832e-10
4.587782e-10
4.19994e-10
4.216952e-10
4.217435e-10
4.213681e-10
4.24319e-10
4.24357e-10
4.239514e-10
4.305237e-10
4.300986e-10
4.41099e-10
4.214033e-10
4.214587e-10
4.210642e-10
4.240768e-10
4.236716e-10
4.298224e-10
4.211796e-10
4.207865e-10
4.233983e-10
4.205143e-10
)
;

boundaryField
{
    cathodeSides
    {
        type            zeroGradient;
    }
    electrolyteSides
    {
        type            zeroGradient;
    }
    anodeSides
    {
        type            zeroGradient;
    }
    phiI_to_phiI0
    {
        type            zeroGradient;
    }
    procBoundary1to0
    {
        type            processor;
        value           nonuniform List<scalar> 
400
(
3.833229e-10
3.812855e-10
3.8396e-10
3.773315e-10
3.81918e-10
3.839185e-10
3.720255e-10
3.77945e-10
3.819123e-10
3.823617e-10
3.670142e-10
3.725823e-10
3.780036e-10
3.804617e-10
3.788041e-10
3.653613e-10
3.674362e-10
3.727135e-10
3.767684e-10
3.771033e-10
3.63203e-10
3.686397e-10
3.655435e-10
3.676032e-10
3.71802e-10
3.738279e-10
3.625199e-10
3.5866e-10
3.748278e-10
3.685414e-10
3.656545e-10
3.670982e-10
3.695291e-10
3.614605e-10
3.586514e-10
3.579943e-10
3.808684e-10
3.744845e-10
3.685165e-10
3.655542e-10
3.657523e-10
3.609043e-10
3.590384e-10
3.582426e-10
3.579188e-10
3.844533e-10
3.803557e-10
3.743077e-10
3.687095e-10
3.652772e-10
3.626929e-10
3.608563e-10
3.591684e-10
3.584196e-10
3.58449e-10
3.844533e-10
3.838562e-10
3.800606e-10
3.746724e-10
3.693617e-10
3.691136e-10
3.660163e-10
3.618377e-10
3.598735e-10
3.591949e-10
3.595914e-10
3.808682e-10
3.838562e-10
3.834988e-10
3.805109e-10
3.759869e-10
3.795774e-10
3.763567e-10
3.681429e-10
3.633727e-10
3.611597e-10
3.60573e-10
3.613478e-10
3.748276e-10
3.803555e-10
3.834987e-10
3.839826e-10
3.822244e-10
3.909795e-10
3.902011e-10
3.797295e-10
3.707849e-10
3.65458e-10
3.630284e-10
3.625544e-10
3.637162e-10
3.686397e-10
3.744844e-10
3.800605e-10
3.839826e-10
3.858788e-10
4.002157e-10
4.039816e-10
3.945819e-10
3.835652e-10
3.739287e-10
3.68091e-10
3.654774e-10
3.651359e-10
3.667142e-10
3.653613e-10
3.685413e-10
3.743075e-10
3.805108e-10
3.858788e-10
4.052839e-10
4.146421e-10
4.090336e-10
3.993765e-10
3.878425e-10
3.775684e-10
3.712662e-10
3.685011e-10
3.68335e-10
3.804477e-10
3.670143e-10
3.655435e-10
3.685165e-10
3.746723e-10
3.822243e-10
4.052838e-10
4.203625e-10
4.200788e-10
4.144645e-10
4.04561e-10
3.925557e-10
3.816967e-10
3.74976e-10
3.721178e-10
3.82646e-10
4.18408e-10
3.720257e-10
3.674363e-10
3.656546e-10
3.687094e-10
3.759868e-10
4.002155e-10
4.203624e-10
4.259703e-10
4.258743e-10
4.202505e-10
4.101318e-10
3.976985e-10
3.863052e-10
3.792404e-10
3.876193e-10
4.212554e-10
4.229236e-10
3.773317e-10
3.725825e-10
3.676033e-10
3.655543e-10
3.693617e-10
3.909792e-10
4.146418e-10
4.259702e-10
4.319281e-10
4.320057e-10
4.26391e-10
4.160858e-10
4.032646e-10
3.914175e-10
3.965597e-10
4.27548e-10
4.25775e-10
4.241185e-10
3.812856e-10
3.779451e-10
3.727138e-10
3.670984e-10
3.652772e-10
3.795773e-10
4.039813e-10
4.200786e-10
4.31928e-10
4.382137e-10
4.384745e-10
4.32886e-10
4.224202e-10
4.092824e-10
4.110465e-10
4.384491e-10
4.320895e-10
4.269524e-10
4.237386e-10
3.83323e-10
3.819181e-10
3.780038e-10
3.718022e-10
3.657524e-10
3.691135e-10
3.902009e-10
4.090333e-10
4.25874e-10
4.382136e-10
4.448297e-10
4.45283e-10
4.397357e-10
4.291677e-10
4.312441e-10
4.553152e-10
4.430631e-10
4.332425e-10
4.265514e-10
4.229922e-10
3.839602e-10
3.819125e-10
3.767685e-10
3.695293e-10
3.626929e-10
3.763565e-10
3.945817e-10
4.144642e-10
4.320054e-10
4.448296e-10
4.517793e-10
4.524337e-10
4.46976e-10
4.528544e-10
4.777511e-10
4.600946e-10
4.442123e-10
4.328061e-10
4.257909e-10
3.839186e-10
3.804618e-10
3.73828e-10
3.609044e-10
3.660162e-10
3.797293e-10
3.993764e-10
4.202501e-10
4.384743e-10
4.517792e-10
4.590664e-10
4.599637e-10
4.717134e-10
5.008363e-10
4.828242e-10
4.613031e-10
4.437452e-10
4.320212e-10
3.823618e-10
3.771034e-10
3.614605e-10
3.608563e-10
3.681428e-10
3.83565e-10
4.045608e-10
4.263906e-10
4.452827e-10
4.590663e-10
4.667284e-10
4.852587e-10
5.204544e-10
5.062527e-10
4.842039e-10
4.608443e-10
4.429359e-10
3.788043e-10
3.6252e-10
3.590384e-10
3.618376e-10
3.707848e-10
3.878423e-10
4.101316e-10
4.328856e-10
4.524334e-10
4.667283e-10
4.922584e-10
5.343218e-10
5.261735e-10
5.078682e-10
4.838373e-10
4.60032e-10
3.63203e-10
3.586514e-10
3.591683e-10
3.633726e-10
3.739285e-10
3.925555e-10
4.160856e-10
4.397354e-10
4.599634e-10
4.922583e-10
5.414284e-10
5.402552e-10
5.280143e-10
5.076495e-10
4.830734e-10
3.5866e-10
3.582426e-10
3.598734e-10
3.654578e-10
3.775682e-10
3.976983e-10
4.2242e-10
4.469756e-10
4.852585e-10
5.414283e-10
5.474712e-10
5.422628e-10
5.279456e-10
5.069671e-10
3.579943e-10
3.584196e-10
3.611596e-10
3.680908e-10
3.816965e-10
4.032644e-10
4.291675e-10
4.71713e-10
5.343215e-10
5.474711e-10
5.495659e-10
5.423086e-10
5.27347e-10
3.579188e-10
3.591948e-10
3.630283e-10
3.71266e-10
3.86305e-10
4.092822e-10
4.528542e-10
5.204541e-10
5.40255e-10
5.495658e-10
5.496723e-10
5.417745e-10
3.58449e-10
3.605729e-10
3.654773e-10
3.749758e-10
3.914173e-10
4.312439e-10
5.008361e-10
5.261732e-10
5.422627e-10
5.496723e-10
5.491726e-10
3.595913e-10
3.625543e-10
3.68501e-10
3.792402e-10
4.110463e-10
4.777509e-10
5.062526e-10
5.28014e-10
5.423085e-10
5.491725e-10
3.613477e-10
3.651358e-10
3.721177e-10
3.965595e-10
4.55315e-10
4.82824e-10
5.078681e-10
5.279453e-10
5.417744e-10
3.637162e-10
3.68335e-10
3.876192e-10
4.384488e-10
4.600944e-10
4.842038e-10
5.076494e-10
5.273467e-10
3.667141e-10
3.826459e-10
4.275478e-10
4.430629e-10
4.613029e-10
4.838372e-10
5.06967e-10
3.804476e-10
4.212553e-10
4.320894e-10
4.442121e-10
4.608441e-10
4.830733e-10
4.184079e-10
4.257749e-10
4.332424e-10
4.437451e-10
4.600319e-10
4.229235e-10
4.269523e-10
4.32806e-10
4.429358e-10
4.241184e-10
4.265513e-10
4.320211e-10
4.237386e-10
4.257909e-10
4.229921e-10
)
;
    }
    procBoundary1to2
    {
        type            processor;
        value           nonuniform List<scalar> 
400
(
3.872403e-10
3.850272e-10
3.878554e-10
3.806937e-10
3.856408e-10
3.877107e-10
3.747494e-10
3.812953e-10
3.855363e-10
3.859373e-10
3.688677e-10
3.753058e-10
3.812653e-10
3.838731e-10
3.820321e-10
3.662378e-10
3.69307e-10
3.753659e-10
3.798277e-10
3.801702e-10
3.650564e-10
3.68769e-10
3.664579e-10
3.694322e-10
3.742724e-10
3.765516e-10
3.642042e-10
3.59541e-10
3.745824e-10
3.687235e-10
3.665665e-10
3.687819e-10
3.716862e-10
3.627926e-10
3.593689e-10
3.584829e-10
3.805154e-10
3.743008e-10
3.687335e-10
3.663774e-10
3.671658e-10
3.616904e-10
3.594223e-10
3.58578e-10
3.580257e-10
3.840998e-10
3.800688e-10
3.741871e-10
3.689012e-10
3.659046e-10
3.628056e-10
3.607487e-10
3.59195e-10
3.583857e-10
3.581911e-10
3.840998e-10
3.835704e-10
3.798548e-10
3.74581e-10
3.69452e-10
3.686115e-10
3.653376e-10
3.614214e-10
3.595593e-10
3.588103e-10
3.589897e-10
3.805154e-10
3.835704e-10
3.833025e-10
3.803714e-10
3.758797e-10
3.788021e-10
3.752299e-10
3.672325e-10
3.626692e-10
3.605267e-10
3.598603e-10
3.604271e-10
3.745824e-10
3.800687e-10
3.833025e-10
3.838711e-10
3.821295e-10
3.902547e-10
3.889974e-10
3.784746e-10
3.696688e-10
3.644933e-10
3.621019e-10
3.615395e-10
3.625046e-10
3.68769e-10
3.743007e-10
3.798548e-10
3.838711e-10
3.858424e-10
3.996772e-10
4.029888e-10
3.933532e-10
3.822099e-10
3.726359e-10
3.668932e-10
3.642853e-10
3.638477e-10
3.652399e-10
3.662378e-10
3.687235e-10
3.741871e-10
3.803713e-10
3.858424e-10
4.048913e-10
4.139394e-10
4.080941e-10
3.981488e-10
3.864163e-10
3.761291e-10
3.698653e-10
3.670738e-10
3.668026e-10
3.781053e-10
3.688677e-10
3.664579e-10
3.687335e-10
3.74581e-10
3.821295e-10
4.048913e-10
4.198555e-10
4.194785e-10
4.136012e-10
4.033604e-10
3.910876e-10
3.801415e-10
3.734031e-10
3.704855e-10
3.802916e-10
4.149546e-10
3.747496e-10
3.69307e-10
3.665666e-10
3.689012e-10
3.758797e-10
3.996772e-10
4.198554e-10
4.255888e-10
4.253971e-10
4.194864e-10
4.089841e-10
3.962171e-10
3.846648e-10
3.775258e-10
3.852618e-10
4.178662e-10
4.197112e-10
3.80694e-10
3.753061e-10
3.694322e-10
3.663774e-10
3.69452e-10
3.902546e-10
4.139394e-10
4.255888e-10
4.316918e-10
4.316722e-10
4.257482e-10
4.150154e-10
4.017976e-10
3.897211e-10
3.942736e-10
4.243105e-10
4.226394e-10
4.211367e-10
3.850274e-10
3.812956e-10
3.753661e-10
3.687819e-10
3.659046e-10
3.788021e-10
4.029888e-10
4.194785e-10
4.316917e-10
4.381418e-10
4.383044e-10
4.323853e-10
4.214505e-10
4.078558e-10
4.089738e-10
4.355148e-10
4.291309e-10
4.240535e-10
4.209253e-10
3.872405e-10
3.85641e-10
3.812656e-10
3.742726e-10
3.671658e-10
3.686115e-10
3.889974e-10
4.08094e-10
4.253971e-10
4.381418e-10
4.449409e-10
4.452949e-10
4.393971e-10
4.283205e-10
4.296447e-10
4.528732e-10
4.404434e-10
4.305332e-10
4.238237e-10
4.202664e-10
3.878556e-10
3.855365e-10
3.79828e-10
3.716864e-10
3.628056e-10
3.752299e-10
3.933532e-10
4.136012e-10
4.316722e-10
4.449409e-10
4.520912e-10
4.526453e-10
4.468177e-10
4.519941e-10
4.760522e-10
4.580171e-10
4.418594e-10
4.302735e-10
4.231517e-10
3.877109e-10
3.838733e-10
3.765519e-10
3.616905e-10
3.653376e-10
3.784746e-10
3.981488e-10
4.194864e-10
4.383044e-10
4.520912e-10
4.595955e-10
4.603913e-10
4.716442e-10
5.000713e-10
4.815472e-10
4.595196e-10
4.415769e-10
4.295787e-10
3.859374e-10
3.801704e-10
3.627927e-10
3.607486e-10
3.672325e-10
3.822099e-10
4.033605e-10
4.257481e-10
4.452948e-10
4.595955e-10
4.674902e-10
4.858326e-10
5.205978e-10
5.059571e-10
4.832545e-10
4.592592e-10
4.408602e-10
3.820322e-10
3.642043e-10
3.594224e-10
3.614214e-10
3.696688e-10
3.864163e-10
4.089841e-10
4.323853e-10
4.526453e-10
4.674902e-10
4.931916e-10
5.35171e-10
5.268237e-10
5.079299e-10
4.831051e-10
4.585448e-10
3.650565e-10
3.593689e-10
3.59195e-10
3.626692e-10
3.726359e-10
3.910876e-10
4.150154e-10
4.393971e-10
4.603912e-10
4.931916e-10
5.426639e-10
5.416372e-10
5.290466e-10
5.07946e-10
4.824473e-10
3.59541e-10
3.58578e-10
3.595592e-10
3.644932e-10
3.761291e-10
3.962172e-10
4.214505e-10
4.468177e-10
4.858325e-10
5.426638e-10
5.492523e-10
5.440449e-10
5.292283e-10
5.07378e-10
3.584829e-10
3.583857e-10
3.605266e-10
3.668931e-10
3.801415e-10
4.017976e-10
4.283205e-10
4.716442e-10
5.35171e-10
5.492523e-10
5.517562e-10
5.443529e-10
5.287519e-10
3.580257e-10
3.588103e-10
3.621018e-10
3.698652e-10
3.846648e-10
4.078558e-10
4.519942e-10
5.205978e-10
5.416372e-10
5.517562e-10
5.521308e-10
5.439469e-10
3.581911e-10
3.598602e-10
3.642853e-10
3.73403e-10
3.897211e-10
4.296447e-10
5.000713e-10
5.268237e-10
5.440449e-10
5.521308e-10
5.517624e-10
3.589897e-10
3.615395e-10
3.670737e-10
3.775257e-10
4.089739e-10
4.760522e-10
5.059571e-10
5.290466e-10
5.443529e-10
5.517623e-10
3.604271e-10
3.638476e-10
3.704854e-10
3.942734e-10
4.528732e-10
4.815472e-10
5.079299e-10
5.292283e-10
5.439469e-10
3.625045e-10
3.668025e-10
3.852616e-10
4.355145e-10
4.580171e-10
4.832545e-10
5.07946e-10
5.287519e-10
3.652398e-10
3.802915e-10
4.243104e-10
4.404432e-10
4.595196e-10
4.831051e-10
5.07378e-10
3.781052e-10
4.178661e-10
4.291307e-10
4.418593e-10
4.592592e-10
4.824473e-10
4.149545e-10
4.226393e-10
4.305331e-10
4.415768e-10
4.585447e-10
4.197111e-10
4.240535e-10
4.302734e-10
4.408601e-10
4.211366e-10
4.238236e-10
4.295786e-10
4.209252e-10
4.231516e-10
4.202664e-10
)
;
    }
}
)

// processor2

62512
(dimensions      [0 2 -1 0 0 0 0];

internalField   nonuniform List<scalar> 
4000
(
3.872403e-10
3.850272e-10
3.875851e-10
3.878554e-10
3.806937e-10
3.853599e-10
3.856408e-10
3.879207e-10
3.881986e-10
3.877107e-10
3.747494e-10
3.809987e-10
3.812953e-10
3.856819e-10
3.859722e-10
3.855363e-10
3.882926e-10
3.885328e-10
3.880455e-10
3.859373e-10
3.688677e-10
3.750056e-10
3.753058e-10
3.812925e-10
3.815996e-10
3.812653e-10
3.860392e-10
3.862932e-10
3.858596e-10
3.838731e-10
3.886517e-10
3.889033e-10
3.883719e-10
3.862538e-10
3.820321e-10
3.662378e-10
3.690481e-10
3.69307e-10
3.75251e-10
3.755624e-10
3.753659e-10
3.816161e-10
3.818929e-10
3.815619e-10
3.798277e-10
3.863846e-10
3.866492e-10
3.861731e-10
3.841783e-10
3.801702e-10
3.890305e-10
3.892612e-10
3.887337e-10
3.86563e-10
3.82319e-10
3.650564e-10
3.68769e-10
3.663089e-10
3.664579e-10
3.692175e-10
3.694898e-10
3.694322e-10
3.755184e-10
3.758084e-10
3.756163e-10
3.742724e-10
3.819313e-10
3.822159e-10
3.818484e-10
3.801064e-10
3.765516e-10
3.8675e-10
3.869937e-10
3.865208e-10
3.844748e-10
3.804457e-10
3.642042e-10
3.893937e-10
3.896386e-10
3.890836e-10
3.869057e-10
3.825998e-10
3.652229e-10
3.59541e-10
3.745824e-10
3.687219e-10
3.687235e-10
3.663759e-10
3.665338e-10
3.665665e-10
3.69403e-10
3.696615e-10
3.696115e-10
3.687819e-10
3.757796e-10
3.760763e-10
3.758568e-10
3.745064e-10
3.716862e-10
3.822668e-10
3.825308e-10
3.821639e-10
3.803765e-10
3.768006e-10
3.627926e-10
3.87102e-10
3.87358e-10
3.868576e-10
3.848036e-10
3.807139e-10
3.643566e-10
3.593689e-10
3.897663e-10
3.900008e-10
3.894524e-10
3.872376e-10
3.829111e-10
3.653869e-10
3.596216e-10
3.584829e-10
3.805154e-10
3.744338e-10
3.743008e-10
3.686816e-10
3.686835e-10
3.687335e-10
3.664508e-10
3.666051e-10
3.666424e-10
3.663774e-10
3.695798e-10
3.698493e-10
3.6978e-10
3.689469e-10
3.671658e-10
3.760621e-10
3.763383e-10
3.761186e-10
3.747314e-10
3.718908e-10
3.616904e-10
3.825914e-10
3.828658e-10
3.824719e-10
3.806738e-10
3.770426e-10
3.629137e-10
3.594223e-10
3.874622e-10
3.877093e-10
3.872135e-10
3.851227e-10
3.810114e-10
3.645059e-10
3.594345e-10
3.58578e-10
3.90115e-10
3.903719e-10
3.898065e-10
3.875871e-10
3.832132e-10
3.655694e-10
3.597021e-10
3.585282e-10
3.580257e-10
3.840998e-10
3.802968e-10
3.800688e-10
3.742996e-10
3.741607e-10
3.741871e-10
3.686404e-10
3.686494e-10
3.686971e-10
3.689012e-10
3.665217e-10
3.666846e-10
3.667136e-10
3.664423e-10
3.659046e-10
3.697773e-10
3.700284e-10
3.699641e-10
3.691019e-10
3.673023e-10
3.628056e-10
3.763342e-10
3.766214e-10
3.763751e-10
3.749762e-10
3.72088e-10
3.617593e-10
3.607487e-10
3.829247e-10
3.831902e-10
3.827992e-10
3.809645e-10
3.773087e-10
3.630324e-10
3.594554e-10
3.59195e-10
3.877979e-10
3.880682e-10
3.875571e-10
3.854595e-10
3.813006e-10
3.646724e-10
3.594998e-10
3.586086e-10
3.583857e-10
3.904878e-10
3.907194e-10
3.901692e-10
3.879234e-10
3.835312e-10
3.657477e-10
3.597926e-10
3.585742e-10
3.580363e-10
3.581911e-10
3.840998e-10
3.838475e-10
3.835704e-10
3.800979e-10
3.798596e-10
3.798548e-10
3.741586e-10
3.740342e-10
3.740538e-10
3.74581e-10
3.686062e-10
3.686149e-10
3.686662e-10
3.688584e-10
3.69452e-10
3.666031e-10
3.667597e-10
3.667928e-10
3.665036e-10
3.659442e-10
3.686115e-10
3.699673e-10
3.702283e-10
3.701399e-10
3.692713e-10
3.67431e-10
3.627964e-10
3.653376e-10
3.766177e-10
3.768944e-10
3.76652e-10
3.752167e-10
3.723027e-10
3.61827e-10
3.607281e-10
3.614214e-10
3.83233e-10
3.835229e-10
3.831166e-10
3.812732e-10
3.775697e-10
3.631639e-10
3.594891e-10
3.591939e-10
3.595593e-10
3.881558e-10
3.884031e-10
3.879078e-10
3.857853e-10
3.816059e-10
3.648356e-10
3.595738e-10
3.5864e-10
3.58382e-10
3.588103e-10
3.910909e-10
3.905091e-10
3.882675e-10
3.838378e-10
3.659365e-10
3.598825e-10
3.586268e-10
3.580484e-10
3.581682e-10
3.589897e-10
3.805154e-10
3.838475e-10
3.835704e-10
3.836171e-10
3.833279e-10
3.833025e-10
3.798836e-10
3.79669e-10
3.796542e-10
3.803714e-10
3.740374e-10
3.739015e-10
3.73933e-10
3.744455e-10
3.758797e-10
3.685706e-10
3.685867e-10
3.68635e-10
3.688214e-10
3.693888e-10
3.788021e-10
3.666832e-10
3.668457e-10
3.668677e-10
3.665717e-10
3.659823e-10
3.685019e-10
3.752299e-10
3.701682e-10
3.704207e-10
3.70336e-10
3.694335e-10
3.675717e-10
3.627894e-10
3.652384e-10
3.672325e-10
3.768823e-10
3.771784e-10
3.769193e-10
3.75476e-10
3.725141e-10
3.619018e-10
3.6071e-10
3.613687e-10
3.626692e-10
3.835587e-10
3.838309e-10
3.834418e-10
3.815732e-10
3.778468e-10
3.632943e-10
3.595278e-10
3.591946e-10
3.595252e-10
3.605267e-10
3.887598e-10
3.882354e-10
3.861175e-10
3.819017e-10
3.650088e-10
3.596479e-10
3.586766e-10
3.583802e-10
3.587737e-10
3.598603e-10
3.908722e-10
3.885904e-10
3.841513e-10
3.661198e-10
3.599788e-10
3.586801e-10
3.580636e-10
3.581475e-10
3.589348e-10
3.604271e-10
3.745824e-10
3.80297e-10
3.800687e-10
3.836174e-10
3.833279e-10
3.833025e-10
3.833646e-10
3.831061e-10
3.830695e-10
3.838711e-10
3.797026e-10
3.794639e-10
3.794711e-10
3.801719e-10
3.821295e-10
3.739043e-10
3.737873e-10
3.738064e-10
3.743224e-10
3.757294e-10
3.902547e-10
3.685408e-10
3.685576e-10
3.686095e-10
3.687835e-10
3.69333e-10
3.785921e-10
3.889974e-10
3.667707e-10
3.669303e-10
3.669532e-10
3.666365e-10
3.660251e-10
3.684024e-10
3.750352e-10
3.784746e-10
3.703614e-10
3.706239e-10
3.70525e-10
3.696142e-10
3.677071e-10
3.627835e-10
3.651473e-10
3.671046e-10
3.696688e-10
3.771555e-10
3.774437e-10
3.77197e-10
3.757269e-10
3.72742e-10
3.619771e-10
3.606924e-10
3.613197e-10
3.625859e-10
3.644933e-10
3.841561e-10
3.837431e-10
3.818801e-10
3.781167e-10
3.634338e-10
3.59568e-10
3.591973e-10
3.594939e-10
3.604612e-10
3.621019e-10
3.885841e-10
3.864283e-10
3.822032e-10
3.651781e-10
3.597277e-10
3.587144e-10
3.5838e-10
3.587398e-10
3.597924e-10
3.615395e-10
3.889351e-10
3.844461e-10
3.663081e-10
3.600737e-10
3.587379e-10
3.580808e-10
3.581265e-10
3.588827e-10
3.60342e-10
3.625046e-10
3.68769e-10
3.744339e-10
3.743007e-10
3.800986e-10
3.798597e-10
3.798548e-10
3.833648e-10
3.831064e-10
3.830696e-10
3.838711e-10
3.831527e-10
3.828633e-10
3.82856e-10
3.836408e-10
3.858424e-10
3.795019e-10
3.792906e-10
3.792742e-10
3.799891e-10
3.819197e-10
3.996772e-10
3.737883e-10
3.736621e-10
3.736974e-10
3.741933e-10
3.75592e-10
3.899674e-10
4.029888e-10
3.685104e-10
3.685338e-10
3.685835e-10
3.687519e-10
3.692747e-10
3.784023e-10
3.887103e-10
3.933532e-10
3.668578e-10
3.670223e-10
3.670375e-10
3.667105e-10
3.660666e-10
3.682964e-10
3.748572e-10
3.78257e-10
3.822099e-10
3.705566e-10
3.708195e-10
3.707242e-10
3.697889e-10
3.678578e-10
3.627804e-10
3.650505e-10
3.669863e-10
3.695144e-10
3.726359e-10
3.777173e-10
3.774568e-10
3.759872e-10
3.729631e-10
3.620597e-10
3.606776e-10
3.612685e-10
3.625073e-10
3.643813e-10
3.668932e-10
3.840609e-10
3.82165e-10
3.783925e-10
3.635712e-10
3.596125e-10
3.592023e-10
3.594615e-10
3.603994e-10
3.620068e-10
3.642853e-10
3.867588e-10
3.824858e-10
3.653515e-10
3.598072e-10
3.587561e-10
3.583822e-10
3.587042e-10
3.597279e-10
3.614423e-10
3.638477e-10
3.847606e-10
3.664864e-10
3.601721e-10
3.587959e-10
3.581007e-10
3.581086e-10
3.588271e-10
3.602604e-10
3.623915e-10
3.652399e-10
3.662378e-10
3.68722e-10
3.687235e-10
3.743002e-10
3.741609e-10
3.741871e-10
3.798839e-10
3.796697e-10
3.796544e-10
3.803713e-10
3.831529e-10
3.828634e-10
3.828563e-10
3.836409e-10
3.858424e-10
3.829185e-10
3.826593e-10
3.826224e-10
3.834291e-10
3.856042e-10
4.048913e-10
3.79329e-10
3.790986e-10
3.791076e-10
3.797926e-10
3.817265e-10
3.993397e-10
4.139394e-10
3.736596e-10
3.73553e-10
3.735781e-10
3.740816e-10
3.754477e-10
3.897025e-10
4.026342e-10
4.080941e-10
3.684849e-10
3.685099e-10
3.685622e-10
3.687189e-10
3.692245e-10
3.782004e-10
3.884498e-10
3.930498e-10
3.981488e-10
3.669483e-10
3.671138e-10
3.671289e-10
3.667839e-10
3.661146e-10
3.682013e-10
3.74666e-10
3.780575e-10
3.81972e-10
3.864163e-10
3.710167e-10
3.709163e-10
3.699728e-10
3.680042e-10
3.627789e-10
3.649612e-10
3.668601e-10
3.693707e-10
3.724574e-10
3.761291e-10
3.777244e-10
3.762313e-10
3.731925e-10
3.621417e-10
3.606639e-10
3.612209e-10
3.624242e-10
3.642751e-10
3.667549e-10
3.698653e-10
3.824652e-10
3.786492e-10
3.637127e-10
3.596581e-10
3.592095e-10
3.594323e-10
3.603336e-10
3.619164e-10
3.641629e-10
3.670738e-10
3.827862e-10
3.655154e-10
3.598897e-10
3.587988e-10
3.583865e-10
3.586721e-10
3.596588e-10
3.613493e-10
3.637235e-10
3.668026e-10
3.666774e-10
3.602666e-10
3.588568e-10
3.581223e-10
3.580917e-10
3.587757e-10
3.601723e-10
3.622824e-10
3.651011e-10
3.781053e-10
3.688677e-10
3.663088e-10
3.664579e-10
3.686817e-10
3.686835e-10
3.687335e-10
3.74159e-10
3.740348e-10
3.740539e-10
3.74581e-10
3.797032e-10
3.794642e-10
3.794718e-10
3.80172e-10
3.821295e-10
3.829186e-10
3.826595e-10
3.826225e-10
3.834294e-10
3.856043e-10
4.048913e-10
3.827156e-10
3.824342e-10
3.824259e-10
3.831975e-10
3.853842e-10
4.045314e-10
4.198555e-10
3.791332e-10
3.789331e-10
3.789232e-10
3.79626e-10
3.815187e-10
3.990273e-10
4.13542e-10
4.194785e-10
3.73541e-10
3.734321e-10
3.734738e-10
3.739593e-10
3.75322e-10
3.894226e-10
4.023064e-10
4.077289e-10
4.136012e-10
3.684605e-10
3.684905e-10
3.685412e-10
3.686909e-10
3.691707e-10
3.780199e-10
3.881719e-10
3.927738e-10
3.978315e-10
4.033604e-10
3.672086e-10
3.672199e-10
3.668635e-10
3.661632e-10
3.680976e-10
3.744925e-10
3.77843e-10
3.817532e-10
3.861606e-10
3.910876e-10
3.711096e-10
3.701505e-10
3.681583e-10
3.627801e-10
3.648648e-10
3.667426e-10
3.692172e-10
3.722907e-10
3.759292e-10
3.801415e-10
3.764823e-10
3.734081e-10
3.622279e-10
3.606534e-10
3.61172e-10
3.623453e-10
3.64162e-10
3.666231e-10
3.697031e-10
3.734031e-10
3.789196e-10
3.638458e-10
3.597065e-10
3.592192e-10
3.594034e-10
3.602717e-10
3.618192e-10
3.640459e-10
3.669265e-10
3.704855e-10
3.656904e-10
3.59969e-10
3.58844e-10
3.583931e-10
3.586403e-10
3.59594e-10
3.612486e-10
3.636041e-10
3.666537e-10
3.802916e-10
3.603687e-10
3.589161e-10
3.58146e-10
3.580779e-10
3.587236e-10
3.600892e-10
3.621641e-10
3.649667e-10
3.778844e-10
4.149546e-10
3.747496e-10
3.690478e-10
3.69307e-10
3.663757e-10
3.665337e-10
3.665666e-10
3.686405e-10
3.686495e-10
3.686972e-10
3.689012e-10
3.74038e-10
3.739018e-10
3.739336e-10
3.744457e-10
3.758797e-10
3.795022e-10
3.792912e-10
3.792745e-10
3.799898e-10
3.819199e-10
3.996772e-10
3.827154e-10
3.824343e-10
3.824261e-10
3.831976e-10
3.853845e-10
4.045315e-10
4.198554e-10
3.824863e-10
3.822389e-10
3.822093e-10
3.830022e-10
3.851435e-10
4.041975e-10
4.194399e-10
4.255888e-10
3.789521e-10
3.787458e-10
3.78764e-10
3.794416e-10
3.813417e-10
3.9869e-10
4.131733e-10
4.190745e-10
4.253971e-10
3.734167e-10
3.733207e-10
3.733585e-10
3.738519e-10
3.751843e-10
3.891761e-10
4.019594e-10
4.073906e-10
4.132279e-10
4.194864e-10
3.684725e-10
3.685243e-10
3.686623e-10
3.691231e-10
3.778222e-10
3.879224e-10
3.924793e-10
3.975423e-10
4.030319e-10
4.089841e-10
3.673139e-10
3.669432e-10
3.662162e-10
3.680011e-10
3.743016e-10
3.776477e-10
3.815178e-10
3.85925e-10
3.908169e-10
3.962171e-10
3.703291e-10
3.683079e-10
3.627833e-10
3.647756e-10
3.666153e-10
3.690735e-10
3.721123e-10
3.757418e-10
3.799228e-10
3.846648e-10
3.736296e-10
3.623108e-10
3.606445e-10
3.611276e-10
3.622628e-10
3.640537e-10
3.664824e-10
3.695482e-10
3.732196e-10
3.775258e-10
3.639869e-10
3.597537e-10
3.592309e-10
3.59378e-10
3.602083e-10
3.617266e-10
3.639196e-10
3.667853e-10
3.703156e-10
3.852618e-10
3.600547e-10
3.588886e-10
3.584016e-10
3.58612e-10
3.595278e-10
3.611532e-10
3.634743e-10
3.665102e-10
3.800631e-10
4.178662e-10
3.589809e-10
3.581705e-10
3.580656e-10
3.586759e-10
3.600039e-10
3.620517e-10
3.648207e-10
3.7767e-10
4.146268e-10
4.197112e-10
3.80694e-10
3.750051e-10
3.753061e-10
3.692168e-10
3.694895e-10
3.694322e-10
3.664504e-10
3.666048e-10
3.666422e-10
3.663774e-10
3.686065e-10
3.68615e-10
3.686663e-10
3.688584e-10
3.69452e-10
3.739047e-10
3.737879e-10
3.738068e-10
3.74323e-10
3.757296e-10
3.902546e-10
3.793282e-10
3.790989e-10
3.791082e-10
3.79793e-10
3.817273e-10
3.993399e-10
4.139394e-10
3.824865e-10
3.822388e-10
3.822094e-10
3.830024e-10
3.851436e-10
4.041979e-10
4.194399e-10
4.255888e-10
3.822768e-10
3.820185e-10
3.82021e-10
3.827871e-10
3.849397e-10
4.03831e-10
4.190534e-10
4.251687e-10
4.316918e-10
3.787575e-10
3.785724e-10
3.785841e-10
3.792818e-10
3.811459e-10
3.984005e-10
4.127749e-10
4.18699e-10
4.249888e-10
4.316722e-10
3.732042e-10
3.732519e-10
3.737332e-10
3.750623e-10
3.889041e-10
4.016528e-10
4.070325e-10
4.128813e-10
4.191072e-10
4.257482e-10
3.685089e-10
3.686381e-10
3.69073e-10
3.776392e-10
3.876483e-10
3.922142e-10
3.972335e-10
4.027319e-10
4.086468e-10
4.150154e-10
3.670255e-10
3.662703e-10
3.67901e-10
3.741216e-10
3.774326e-10
3.813028e-10
3.856712e-10
3.905669e-10
3.95934e-10
4.017976e-10
3.684581e-10
3.62789e-10
3.646845e-10
3.664963e-10
3.689174e-10
3.719446e-10
3.75541e-10
3.797173e-10
3.844299e-10
3.897211e-10
3.623971e-10
3.606388e-10
3.610837e-10
3.621859e-10
3.639397e-10
3.663469e-10
3.693823e-10
3.73044e-10
3.773235e-10
3.942736e-10
3.598049e-10
3.592441e-10
3.593539e-10
3.601494e-10
3.616307e-10
3.637986e-10
3.666325e-10
3.701526e-10
3.850178e-10
4.243105e-10
3.589374e-10
3.584119e-10
3.58585e-10
3.594662e-10
3.610548e-10
3.633507e-10
3.663539e-10
3.798424e-10
4.175356e-10
4.226394e-10
3.581982e-10
3.580562e-10
3.586288e-10
3.599241e-10
3.619355e-10
3.646814e-10
3.774363e-10
4.143087e-10
4.194e-10
4.211367e-10
3.850274e-10
3.809981e-10
3.812956e-10
3.7525e-10
3.755619e-10
3.753661e-10
3.69402e-10
3.696608e-10
3.696112e-10
3.687819e-10
3.66521e-10
3.666842e-10
3.667133e-10
3.664422e-10
3.659046e-10
3.685707e-10
3.685869e-10
3.686351e-10
3.688215e-10
3.693889e-10
3.788021e-10
3.73787e-10
3.736624e-10
3.73698e-10
3.741936e-10
3.755927e-10
3.899676e-10
4.029888e-10
3.791337e-10
3.789323e-10
3.789235e-10
3.796265e-10
3.815191e-10
3.990285e-10
4.135422e-10
4.194785e-10
3.822783e-10
3.820188e-10
3.820208e-10
3.827873e-10
3.849399e-10
4.038313e-10
4.190539e-10
4.251688e-10
4.316917e-10
3.820461e-10
3.818169e-10
3.818088e-10
3.825995e-10
3.847154e-10
4.035188e-10
4.18629e-10
4.247772e-10
4.312691e-10
4.381418e-10
3.783865e-10
3.78417e-10
3.791014e-10
3.809753e-10
3.98079e-10
4.124319e-10
4.182932e-10
4.246084e-10
4.312615e-10
4.383044e-10
3.731407e-10
3.736229e-10
3.749274e-10
3.886601e-10
4.01314e-10
4.067154e-10
4.125144e-10
4.187546e-10
4.253653e-10
4.323853e-10
3.686149e-10
3.690277e-10
3.774421e-10
3.873933e-10
3.919229e-10
3.96955e-10
4.024113e-10
4.083383e-10
4.146719e-10
4.214505e-10
3.663265e-10
3.678071e-10
3.739333e-10
3.772291e-10
3.810659e-10
3.85439e-10
3.902974e-10
3.95672e-10
4.015046e-10
4.078558e-10
3.627965e-10
3.646002e-10
3.663741e-10
3.687705e-10
3.717622e-10
3.753519e-10
3.794968e-10
3.842089e-10
3.894727e-10
4.089738e-10
3.606347e-10
3.610453e-10
3.621085e-10
3.638324e-10
3.662039e-10
3.692222e-10
3.728556e-10
3.771297e-10
3.94006e-10
4.355148e-10
3.592595e-10
3.593339e-10
3.600911e-10
3.615401e-10
3.636725e-10
3.664855e-10
3.699759e-10
3.847831e-10
4.23974e-10
4.291309e-10
3.584243e-10
3.585619e-10
3.594053e-10
3.609619e-10
3.632224e-10
3.662045e-10
3.796015e-10
4.172161e-10
4.223262e-10
4.240535e-10
3.580478e-10
3.585869e-10
3.598443e-10
3.61826e-10
3.645368e-10
3.772122e-10
4.139618e-10
4.190982e-10
4.208428e-10
4.209253e-10
3.872405e-10
3.853592e-10
3.85641e-10
3.812911e-10
3.81599e-10
3.812656e-10
3.755163e-10
3.758073e-10
3.756159e-10
3.742726e-10
3.695782e-10
3.698482e-10
3.697792e-10
3.689466e-10
3.671658e-10
3.666027e-10
3.66759e-10
3.667924e-10
3.665033e-10
3.659442e-10
3.686115e-10
3.685403e-10
3.685577e-10
3.686097e-10
3.687836e-10
3.693332e-10
3.785923e-10
3.889974e-10
3.736601e-10
3.735517e-10
3.735784e-10
3.740822e-10
3.754481e-10
3.897039e-10
4.026345e-10
4.08094e-10
3.789557e-10
3.787463e-10
3.787632e-10
3.794419e-10
3.813423e-10
3.986906e-10
4.131747e-10
4.190748e-10
4.253971e-10
3.82046e-10
3.818183e-10
3.81809e-10
3.825994e-10
3.847155e-10
4.035192e-10
4.186292e-10
4.247777e-10
4.312691e-10
4.381418e-10
3.815951e-10
3.816141e-10
3.823883e-10
3.845188e-10
4.031741e-10
4.182665e-10
4.243472e-10
4.308744e-10
4.377186e-10
4.449409e-10
3.782382e-10
3.789332e-10
3.807828e-10
3.977966e-10
4.120507e-10
4.179431e-10
4.241973e-10
4.308784e-10
4.378934e-10
4.452949e-10
3.735078e-10
3.748009e-10
3.883885e-10
4.010091e-10
4.063652e-10
4.121889e-10
4.183811e-10
4.250089e-10
4.32001e-10
4.393971e-10
3.689825e-10
3.772549e-10
3.871179e-10
3.916513e-10
3.96649e-10
4.021218e-10
4.080084e-10
4.143571e-10
4.21103e-10
4.283205e-10
3.677142e-10
3.737539e-10
3.77016e-10
3.808413e-10
3.85183e-10
3.900504e-10
3.953894e-10
4.012331e-10
4.075553e-10
4.296447e-10
3.645181e-10
3.662598e-10
3.686192e-10
3.715899e-10
3.751458e-10
3.792888e-10
3.839714e-10
3.892385e-10
4.08672e-10
4.528732e-10
3.610076e-10
3.620387e-10
3.637234e-10
3.660683e-10
3.690527e-10
3.726736e-10
3.769216e-10
3.937495e-10
4.351696e-10
4.404434e-10
3.593146e-10
3.600393e-10
3.614495e-10
3.635527e-10
3.66332e-10
3.698056e-10
3.845283e-10
4.236506e-10
4.288135e-10
4.305332e-10
3.585392e-10
3.593505e-10
3.608691e-10
3.631007e-10
3.66049e-10
3.793701e-10
4.168675e-10
4.220237e-10
4.23758e-10
4.238237e-10
3.585439e-10
3.597715e-10
3.617156e-10
3.643999e-10
3.769784e-10
4.13629e-10
4.187695e-10
4.205578e-10
4.206443e-10
4.202664e-10
3.875844e-10
3.878556e-10
3.856802e-10
3.859715e-10
3.855365e-10
3.81613e-10
3.818915e-10
3.815613e-10
3.79828e-10
3.757773e-10
3.760741e-10
3.758558e-10
3.745059e-10
3.716864e-10
3.697764e-10
3.700268e-10
3.69963e-10
3.691012e-10
3.67302e-10
3.628056e-10
3.666848e-10
3.668453e-10
3.66867e-10
3.665713e-10
3.659821e-10
3.68502e-10
3.752299e-10
3.685106e-10
3.685334e-10
3.685836e-10
3.687521e-10
3.692749e-10
3.78403e-10
3.887106e-10
3.933532e-10
3.735444e-10
3.734326e-10
3.734725e-10
3.739596e-10
3.753228e-10
3.894234e-10
4.02308e-10
4.077292e-10
4.136012e-10
3.787574e-10
3.785759e-10
3.785845e-10
3.79281e-10
3.811462e-10
3.984015e-10
4.127756e-10
4.187004e-10
4.24989e-10
4.316722e-10
3.815951e-10
3.816155e-10
3.823885e-10
3.845186e-10
4.031744e-10
4.182669e-10
4.243475e-10
4.30875e-10
4.377186e-10
4.449409e-10
3.814004e-10
3.821939e-10
3.842977e-10
4.028699e-10
4.178659e-10
4.239793e-10
4.30441e-10
4.373228e-10
4.445189e-10
4.520912e-10
3.787533e-10
3.806022e-10
3.974768e-10
4.117149e-10
4.175543e-10
4.238421e-10
4.304642e-10
4.375095e-10
4.448855e-10
4.526453e-10
3.746686e-10
3.881304e-10
4.006692e-10
4.060493e-10
4.118294e-10
4.180493e-10
4.24631e-10
4.316427e-10
4.390133e-10
4.468177e-10
3.770615e-10
3.868549e-10
3.91358e-10
3.963632e-10
4.018036e-10
4.077101e-10
4.140203e-10
4.207842e-10
4.279712e-10
4.519941e-10
3.735747e-10
3.768123e-10
3.806059e-10
3.849399e-10
3.89778e-10
3.951302e-10
4.0094e-10
4.072767e-10
4.293043e-10
4.760522e-10
3.661478e-10
3.684771e-10
3.714121e-10
3.749507e-10
3.790619e-10
3.837472e-10
3.889867e-10
4.083873e-10
4.525127e-10
4.580171e-10
3.619688e-10
3.636241e-10
3.659302e-10
3.688915e-10
3.724804e-10
3.767203e-10
3.934734e-10
4.348391e-10
4.401195e-10
4.418594e-10
3.599865e-10
3.613676e-10
3.63432e-10
3.661854e-10
3.696272e-10
3.842822e-10
4.232991e-10
4.285084e-10
4.302342e-10
4.302735e-10
3.59294e-10
3.607843e-10
3.629783e-10
3.659009e-10
3.791281e-10
4.165326e-10
4.216938e-10
4.234726e-10
4.235414e-10
4.231517e-10
3.596956e-10
3.61614e-10
3.642613e-10
3.767557e-10
4.1328e-10
4.184543e-10
4.202476e-10
4.20372e-10
4.199924e-10
3.879187e-10
3.881978e-10
3.877109e-10
3.860356e-10
3.862914e-10
3.858589e-10
3.838733e-10
3.819285e-10
3.822128e-10
3.818471e-10
3.801059e-10
3.765519e-10
3.760608e-10
3.76336e-10
3.761165e-10
3.747304e-10
3.718904e-10
3.616905e-10
3.69971e-10
3.702274e-10
3.701383e-10
3.692704e-10
3.674304e-10
3.627964e-10
3.653376e-10
3.667699e-10
3.669319e-10
3.669529e-10
3.666358e-10
3.660248e-10
3.684028e-10
3.750355e-10
3.784746e-10
3.684857e-10
3.6851e-10
3.685619e-10
3.687189e-10
3.692249e-10
3.782011e-10
3.884508e-10
3.930501e-10
3.981488e-10
3.734165e-10
3.733239e-10
3.733589e-10
3.738506e-10
3.751846e-10
3.891776e-10
4.019604e-10
4.073923e-10
4.132282e-10
4.194864e-10
3.783863e-10
3.784204e-10
3.791019e-10
3.809744e-10
3.980796e-10
4.124331e-10
4.182939e-10
4.246099e-10
4.312617e-10
4.383044e-10
3.814004e-10
3.821953e-10
3.842979e-10
4.028696e-10
4.178661e-10
4.239797e-10
4.304413e-10
4.373233e-10
4.44519e-10
4.520912e-10
3.819806e-10
3.84093e-10
4.025268e-10
4.175114e-10
4.23573e-10
4.300696e-10
4.36888e-10
4.441238e-10
4.516722e-10
4.595955e-10
3.804092e-10
3.971744e-10
4.113343e-10
4.17211e-10
4.234477e-10
4.301058e-10
4.370942e-10
4.445026e-10
4.522392e-10
4.603913e-10
3.878584e-10
4.003454e-10
4.056973e-10
4.115046e-10
4.176829e-10
4.24295e-10
4.312625e-10
4.386553e-10
4.464363e-10
4.716442e-10
3.865824e-10
3.910773e-10
3.960545e-10
4.015059e-10
4.073821e-10
4.137154e-10
4.204427e-10
4.276504e-10
4.516168e-10
5.000713e-10
3.766085e-10
3.803802e-10
3.846847e-10
3.89519e-10
3.948441e-10
4.006709e-10
4.069755e-10
4.289885e-10
4.756731e-10
4.815472e-10
3.68337e-10
3.712443e-10
3.74749e-10
3.788468e-10
3.835024e-10
3.887488e-10
4.080804e-10
4.521727e-10
4.576811e-10
4.595196e-10
3.635239e-10
3.658034e-10
3.687268e-10
3.722965e-10
3.765063e-10
3.932063e-10
4.344826e-10
4.398095e-10
4.415551e-10
4.415769e-10
3.612832e-10
3.633221e-10
3.660372e-10
3.694566e-10
3.840234e-10
4.229601e-10
4.281769e-10
4.299469e-10
4.29988e-10
4.295787e-10
3.606961e-10
3.628657e-10
3.657514e-10
3.788968e-10
4.161807e-10
4.213773e-10
4.231616e-10
4.232687e-10
4.228763e-10
3.615075e-10
3.641331e-10
3.76529e-10
4.129473e-10
4.181232e-10
4.199504e-10
4.200759e-10
4.197268e-10
3.882889e-10
3.885309e-10
3.880447e-10
3.859374e-10
3.863815e-10
3.866457e-10
3.861714e-10
3.841777e-10
3.801704e-10
3.822653e-10
3.82528e-10
3.821608e-10
3.803753e-10
3.768001e-10
3.627927e-10
3.76339e-10
3.766201e-10
3.763728e-10
3.749742e-10
3.720871e-10
3.617592e-10
3.607486e-10
3.701663e-10
3.704245e-10
3.703351e-10
3.69432e-10
3.675709e-10
3.627894e-10
3.652386e-10
3.672325e-10
3.668551e-10
3.670215e-10
3.670391e-10
3.667102e-10
3.660662e-10
3.682968e-10
3.748579e-10
3.782573e-10
3.822099e-10
3.684604e-10
3.684911e-10
3.685413e-10
3.686904e-10
3.691709e-10
3.780214e-10
3.88173e-10
3.927748e-10
3.978318e-10
4.033605e-10
3.73204e-10
3.73255e-10
3.737336e-10
3.750609e-10
3.889048e-10
4.016546e-10
4.070335e-10
4.128831e-10
4.191075e-10
4.257481e-10
3.782381e-10
3.789366e-10
3.807833e-10
3.977951e-10
4.120514e-10
4.179444e-10
4.24198e-10
4.308799e-10
4.378937e-10
4.452948e-10
3.819806e-10
3.840946e-10
4.025272e-10
4.175111e-10
4.235732e-10
4.300701e-10
4.368882e-10
4.441243e-10
4.516723e-10
4.595955e-10
3.838687e-10
4.022071e-10
4.171115e-10
4.232127e-10
4.296595e-10
4.365149e-10
4.436895e-10
4.512795e-10
4.591812e-10
4.674902e-10
3.968495e-10
4.109736e-10
4.168222e-10
4.230989e-10
4.297078e-10
4.367345e-10
4.440881e-10
4.518592e-10
4.599902e-10
4.858326e-10
4.000032e-10
4.053612e-10
4.111428e-10
4.173514e-10
4.239237e-10
4.309242e-10
4.382747e-10
4.460802e-10
4.712433e-10
5.205978e-10
3.907863e-10
3.957585e-10
4.011844e-10
4.070751e-10
4.133801e-10
4.201334e-10
4.273062e-10
4.5127e-10
4.996713e-10
5.059571e-10
3.801541e-10
3.844398e-10
3.892469e-10
3.945718e-10
4.003738e-10
4.066988e-10
4.286465e-10
4.753212e-10
4.811958e-10
4.832545e-10
3.710786e-10
3.745582e-10
3.78624e-10
3.832701e-10
3.884889e-10
4.077906e-10
4.518053e-10
4.57364e-10
4.592047e-10
4.592592e-10
3.656751e-10
3.68575e-10
3.72108e-10
3.763023e-10
3.929216e-10
4.341388e-10
4.394747e-10
4.412637e-10
4.412865e-10
4.408602e-10
3.632082e-10
3.659017e-10
3.692836e-10
3.837751e-10
4.22602e-10
4.278578e-10
4.296347e-10
4.297137e-10
4.293003e-10
3.62748e-10
3.656133e-10
3.786618e-10
4.158441e-10
4.210442e-10
4.228634e-10
4.229718e-10
4.226104e-10
3.639983e-10
3.76318e-10
4.126062e-10
4.178077e-10
4.196378e-10
4.197921e-10
4.194381e-10
3.886485e-10
3.888996e-10
3.8837e-10
3.862531e-10
3.820322e-10
3.867484e-10
3.869907e-10
3.865173e-10
3.844731e-10
3.804451e-10
3.642043e-10
3.82595e-10
3.828643e-10
3.824691e-10
3.806708e-10
3.770415e-10
3.629135e-10
3.594224e-10
3.766151e-10
3.768992e-10
3.766507e-10
3.752145e-10
3.723009e-10
3.618266e-10
3.607281e-10
3.614214e-10
3.703586e-10
3.70622e-10
3.705287e-10
3.696134e-10
3.677058e-10
3.627835e-10
3.651476e-10
3.671049e-10
3.696688e-10
3.669502e-10
3.671109e-10
3.671281e-10
3.667853e-10
3.661144e-10
3.682022e-10
3.746668e-10
3.780583e-10
3.819724e-10
3.864163e-10
3.684724e-10
3.685248e-10
3.686625e-10
3.691223e-10
3.778228e-10
3.879244e-10
3.924803e-10
3.975434e-10
4.030322e-10
4.089841e-10
3.731405e-10
3.736261e-10
3.749278e-10
3.886572e-10
4.013149e-10
4.067173e-10
4.125154e-10
4.187564e-10
4.253656e-10
4.323853e-10
3.787532e-10
3.806059e-10
3.974775e-10
4.117131e-10
4.175549e-10
4.238434e-10
4.304649e-10
4.37511e-10
4.448857e-10
4.526453e-10
3.838687e-10
4.022095e-10
4.171118e-10
4.232124e-10
4.296597e-10
4.365153e-10
4.436897e-10
4.5128e-10
4.591812e-10
4.674902e-10
4.018553e-10
4.167379e-10
4.228065e-10
4.292953e-10
4.361028e-10
4.433165e-10
4.508475e-10
4.587925e-10
4.67082e-10
4.931916e-10
4.105855e-10
4.164531e-10
4.22704e-10
4.293554e-10
4.363349e-10
4.437288e-10
4.514473e-10
4.596145e-10
4.854173e-10
5.35171e-10
4.050062e-10
4.107969e-10
4.169821e-10
4.235876e-10
4.305503e-10
4.379359e-10
4.457011e-10
4.708692e-10
5.201852e-10
5.268237e-10
3.954516e-10
4.008758e-10
4.067433e-10
4.13066e-10
4.197929e-10
4.269945e-10
4.50897e-10
4.993037e-10
5.055881e-10
5.079299e-10
3.84194e-10
3.889855e-10
3.942856e-10
4.00091e-10
4.063931e-10
4.283323e-10
4.74939e-10
4.808693e-10
4.82926e-10
4.831051e-10
3.743693e-10
3.78413e-10
3.830291e-10
3.882422e-10
4.074735e-10
4.514591e-10
4.570208e-10
4.589074e-10
4.589591e-10
4.585448e-10
3.684209e-10
3.719338e-10
3.760928e-10
3.926498e-10
4.337711e-10
4.391526e-10
4.409488e-10
4.410085e-10
4.40577e-10
3.657607e-10
3.691248e-10
3.835221e-10
4.222589e-10
4.275201e-10
4.293345e-10
4.294156e-10
4.290328e-10
3.654685e-10
3.784437e-10
4.154998e-10
4.207259e-10
4.225492e-10
4.226873e-10
4.223209e-10
3.760952e-10
4.122881e-10
4.174835e-10
4.193402e-10
4.194936e-10
4.191615e-10
3.890289e-10
3.892581e-10
3.887301e-10
3.865612e-10
3.823184e-10
3.650565e-10
3.871041e-10
3.873564e-10
3.868546e-10
3.848003e-10
3.807124e-10
3.643563e-10
3.593689e-10
3.829219e-10
3.831938e-10
3.827977e-10
3.809618e-10
3.773061e-10
3.630318e-10
3.594553e-10
3.59195e-10
3.76882e-10
3.771757e-10
3.76924e-10
3.754747e-10
3.725121e-10
3.619011e-10
3.607101e-10
3.613688e-10
3.626692e-10
3.705611e-10
3.708167e-10
3.707223e-10
3.697923e-10
3.678571e-10
3.627804e-10
3.65051e-10
3.669868e-10
3.695146e-10
3.726359e-10
3.672105e-10
3.67217e-10
3.668628e-10
3.661641e-10
3.68098e-10
3.744941e-10
3.77844e-10
3.817541e-10
3.86161e-10
3.910876e-10
3.685088e-10
3.686389e-10
3.690733e-10
3.776362e-10
3.876491e-10
3.922163e-10
3.972346e-10
4.02733e-10
4.086472e-10
4.150154e-10
3.735075e-10
3.748046e-10
3.883894e-10
4.010055e-10
4.063661e-10
4.121908e-10
4.183821e-10
4.250107e-10
4.320013e-10
4.393971e-10
3.80409e-10
3.971806e-10
4.113352e-10
4.172092e-10
4.234483e-10
4.301071e-10
4.370949e-10
4.445041e-10
4.522395e-10
4.603912e-10
4.018553e-10
4.167406e-10
4.228069e-10
4.29295e-10
4.361031e-10
4.433169e-10
4.508478e-10
4.58793e-10
4.670821e-10
4.931916e-10
4.163264e-10
4.224264e-10
4.288848e-10
4.357366e-10
4.429044e-10
4.504762e-10
4.583646e-10
4.666988e-10
4.927717e-10
5.426639e-10
4.16056e-10
4.223287e-10
4.289566e-10
4.359808e-10
4.433295e-10
4.5109e-10
4.592069e-10
4.850286e-10
5.347506e-10
5.416372e-10
4.104315e-10
4.166288e-10
4.232131e-10
4.302115e-10
4.375613e-10
4.453636e-10
4.704698e-10
5.198008e-10
5.264438e-10
5.290466e-10
4.005556e-10
4.064247e-10
4.127264e-10
4.194742e-10
4.266511e-10
4.505593e-10
4.989066e-10
5.052484e-10
5.075855e-10
5.07946e-10
3.887227e-10
3.940104e-10
3.997932e-10
4.061024e-10
4.279849e-10
4.745883e-10
4.805139e-10
4.826205e-10
4.827923e-10
4.824473e-10
3.782035e-10
3.828007e-10
3.879858e-10
4.071725e-10
4.510798e-10
4.566978e-10
4.585851e-10
4.586756e-10
4.582522e-10
3.717565e-10
3.75899e-10
3.923695e-10
4.334208e-10
4.388077e-10
4.406463e-10
4.407079e-10
4.403059e-10
3.689594e-10
3.83289e-10
4.219067e-10
4.271971e-10
4.290166e-10
4.291294e-10
4.287421e-10
3.782139e-10
4.151796e-10
4.203993e-10
4.222493e-10
4.223872e-10
4.220436e-10
4.119508e-10
4.171811e-10
4.190337e-10
4.192093e-10
4.188704e-10
3.893956e-10
3.89637e-10
3.890805e-10
3.869022e-10
3.825982e-10
3.652226e-10
3.59541e-10
3.874594e-10
3.877113e-10
3.872119e-10
3.851198e-10
3.810083e-10
3.645051e-10
3.594343e-10
3.58578e-10
3.832334e-10
3.835202e-10
3.831202e-10
3.812718e-10
3.775673e-10
3.631626e-10
3.594889e-10
3.591939e-10
3.595592e-10
3.771604e-10
3.774434e-10
3.771944e-10
3.757313e-10
3.727409e-10
3.619764e-10
3.606925e-10
3.613199e-10
3.62586e-10
3.644932e-10
3.710214e-10
3.709135e-10
3.69971e-10
3.680071e-10
3.627788e-10
3.649619e-10
3.668607e-10
3.693714e-10
3.724577e-10
3.761291e-10
3.673158e-10
3.669406e-10
3.662157e-10
3.679993e-10
3.743023e-10
3.776495e-10
3.815188e-10
3.859259e-10
3.908173e-10
3.962172e-10
3.686148e-10
3.690292e-10
3.774433e-10
3.873891e-10
3.919237e-10
3.969573e-10
4.024125e-10
4.083395e-10
4.146722e-10
4.214505e-10
3.746683e-10
3.88138e-10
4.006703e-10
4.060456e-10
4.118303e-10
4.180513e-10
4.24632e-10
4.316445e-10
4.390136e-10
4.468177e-10
3.968493e-10
4.10981e-10
4.168231e-10
4.23097e-10
4.297085e-10
4.367358e-10
4.440888e-10
4.518606e-10
4.599904e-10
4.858325e-10
4.163264e-10
4.224292e-10
4.288851e-10
4.357363e-10
4.429047e-10
4.504766e-10
4.583648e-10
4.666993e-10
4.927717e-10
5.426638e-10
4.220079e-10
4.285002e-10
4.353238e-10
4.425378e-10
4.500659e-10
4.579965e-10
4.662766e-10
4.923777e-10
5.422415e-10
5.492523e-10
4.219249e-10
4.285772e-10
4.355801e-10
4.429755e-10
4.506927e-10
4.588531e-10
4.846058e-10
5.343578e-10
5.412505e-10
5.440449e-10
4.162554e-10
4.228548e-10
4.29834e-10
4.372218e-10
4.4499e-10
4.701142e-10
5.193882e-10
5.260897e-10
5.286924e-10
5.292283e-10
4.060937e-10
4.124004e-10
4.191292e-10
4.263298e-10
4.501867e-10
4.985475e-10
5.048802e-10
5.072682e-10
5.076183e-10
5.07378e-10
3.937334e-10
3.995072e-10
4.057958e-10
4.276549e-10
4.742e-10
4.801881e-10
4.822872e-10
4.825011e-10
4.821422e-10
3.825733e-10
3.877428e-10
4.068586e-10
4.507209e-10
4.563439e-10
4.582822e-10
4.58368e-10
4.579756e-10
3.75701e-10
3.921096e-10
4.330572e-10
4.384798e-10
4.403222e-10
4.404196e-10
4.400127e-10
3.830449e-10
4.215816e-10
4.268646e-10
4.287129e-10
4.288259e-10
4.284631e-10
4.148408e-10
4.200957e-10
4.219408e-10
4.22101e-10
4.21751e-10
4.168603e-10
4.187478e-10
4.189163e-10
4.185933e-10
3.897635e-10
3.900026e-10
3.894507e-10
3.872346e-10
3.829079e-10
3.653859e-10
3.596215e-10
3.584829e-10
3.877985e-10
3.880654e-10
3.875591e-10
3.85458e-10
3.812979e-10
3.646707e-10
3.594995e-10
3.586085e-10
3.583857e-10
3.835627e-10
3.838313e-10
3.83439e-10
3.815766e-10
3.778455e-10
3.632931e-10
3.595274e-10
3.591946e-10
3.595253e-10
3.605266e-10
3.777223e-10
3.774565e-10
3.759848e-10
3.729671e-10
3.620593e-10
3.606777e-10
3.612689e-10
3.625077e-10
3.643815e-10
3.668931e-10
3.711142e-10
3.701479e-10
3.681568e-10
3.627802e-10
3.648653e-10
3.667437e-10
3.69218e-10
3.722914e-10
3.759295e-10
3.801415e-10
3.670272e-10
3.662685e-10
3.679018e-10
3.741183e-10
3.774334e-10
3.813048e-10
3.856723e-10
3.905678e-10
3.959343e-10
4.017976e-10
3.689822e-10
3.772611e-10
3.871195e-10
3.916468e-10
3.966499e-10
4.021241e-10
4.080096e-10
4.143583e-10
4.211033e-10
4.283205e-10
3.878577e-10
4.003548e-10
4.056984e-10
4.115008e-10
4.176838e-10
4.24297e-10
4.312636e-10
4.38657e-10
4.464366e-10
4.716442e-10
4.105852e-10
4.164607e-10
4.227049e-10
4.293536e-10
4.363356e-10
4.437301e-10
4.514479e-10
4.596159e-10
4.854175e-10
5.35171e-10
4.220079e-10
4.285031e-10
4.353241e-10
4.425375e-10
4.500661e-10
4.57997e-10
4.662768e-10
4.923782e-10
5.422416e-10
5.492523e-10
4.280768e-10
4.349368e-10
4.421247e-10
4.497007e-10
4.575895e-10
4.659132e-10
4.919429e-10
5.418462e-10
5.488639e-10
5.517562e-10
4.28169e-10
4.351988e-10
4.425747e-10
4.503404e-10
4.584595e-10
4.842388e-10
5.339287e-10
5.40889e-10
5.436844e-10
5.443529e-10
4.224757e-10
4.294729e-10
4.368433e-10
4.446517e-10
4.6972e-10
5.190212e-10
5.257079e-10
5.283619e-10
5.288913e-10
5.287519e-10
4.120612e-10
4.187982e-10
4.259816e-10
4.498387e-10
4.981503e-10
5.045478e-10
5.069233e-10
5.07316e-10
5.070585e-10
3.992185e-10
4.055014e-10
4.273058e-10
4.738332e-10
4.798271e-10
4.81982e-10
4.821831e-10
4.818582e-10
3.875001e-10
4.065613e-10
4.503443e-10
4.560099e-10
4.579502e-10
4.580792e-10
4.576755e-10
3.918429e-10
4.327202e-10
4.381383e-10
4.400146e-10
4.401105e-10
4.397316e-10
4.212396e-10
4.265576e-10
4.283994e-10
4.285364e-10
4.281673e-10
4.197741e-10
4.216541e-10
4.218062e-10
4.214721e-10
4.184444e-10
4.186429e-10
4.183074e-10
3.901156e-10
3.903691e-10
3.898083e-10
3.875856e-10
3.832104e-10
3.655675e-10
3.597016e-10
3.585281e-10
3.580257e-10
3.881585e-10
3.884037e-10
3.879051e-10
3.857872e-10
3.816045e-10
3.648341e-10
3.595731e-10
3.586398e-10
3.58382e-10
3.588103e-10
3.8416e-10
3.837435e-10
3.818775e-10
3.781197e-10
3.634332e-10
3.595676e-10
3.591972e-10
3.59494e-10
3.604613e-10
3.621018e-10
3.777293e-10
3.762309e-10
3.731903e-10
3.621431e-10
3.606639e-10
3.612213e-10
3.624248e-10
3.642755e-10
3.667551e-10
3.698652e-10
3.703334e-10
3.683056e-10
3.627832e-10
3.647739e-10
3.666159e-10
3.690748e-10
3.721132e-10
3.757426e-10
3.799231e-10
3.846648e-10
3.663277e-10
3.6781e-10
3.739348e-10
3.772254e-10
3.810668e-10
3.854411e-10
3.902986e-10
3.95673e-10
4.015049e-10
4.078558e-10
3.770604e-10
3.868637e-10
3.913597e-10
3.963585e-10
4.018045e-10
4.077125e-10
4.140215e-10
4.207854e-10
4.279715e-10
4.519942e-10
4.000024e-10
4.05371e-10
4.111439e-10
4.173475e-10
4.239246e-10
4.309262e-10
4.382757e-10
4.460819e-10
4.712436e-10
5.205978e-10
4.160557e-10
4.223363e-10
4.289575e-10
4.35979e-10
4.433302e-10
4.510913e-10
4.592075e-10
4.8503e-10
5.347508e-10
5.416372e-10
4.280768e-10
4.349397e-10
4.42125e-10
4.497004e-10
4.575897e-10
4.659136e-10
4.919431e-10
5.418467e-10
5.48864e-10
5.517562e-10
4.345107e-10
4.417373e-10
4.492889e-10
4.572273e-10
4.655109e-10
4.915684e-10
5.414084e-10
5.485002e-10
5.513941e-10
5.521308e-10
4.347882e-10
4.421935e-10
4.499414e-10
4.581104e-10
4.838297e-10
5.335561e-10
5.404927e-10
5.433472e-10
5.440098e-10
5.439469e-10
4.290905e-10
4.364816e-10
4.442741e-10
4.693634e-10
5.186133e-10
5.253688e-10
5.280046e-10
5.285767e-10
5.284233e-10
4.184533e-10
4.25648e-10
4.494607e-10
4.977814e-10
5.041793e-10
5.066122e-10
5.069869e-10
5.067637e-10
4.052037e-10
4.269716e-10
4.734427e-10
4.794872e-10
4.816436e-10
4.81892e-10
4.815478e-10
4.062626e-10
4.499892e-10
4.556582e-10
4.576375e-10
4.577625e-10
4.573938e-10
4.323717e-10
4.378223e-10
4.396935e-10
4.398174e-10
4.394301e-10
4.26234e-10
4.281101e-10
4.28237e-10
4.278851e-10
4.213502e-10
4.215321e-10
4.211845e-10
4.183529e-10
4.180408e-10
3.9049e-10
3.907201e-10
3.901665e-10
3.879251e-10
3.835298e-10
3.657461e-10
3.597917e-10
3.585739e-10
3.580363e-10
3.581911e-10
3.887626e-10
3.88236e-10
3.861149e-10
3.819034e-10
3.650081e-10
3.596472e-10
3.586762e-10
3.583802e-10
3.587737e-10
3.598602e-10
3.840648e-10
3.821654e-10
3.783902e-10
3.635727e-10
3.596123e-10
3.592022e-10
3.594618e-10
3.603997e-10
3.62007e-10
3.642853e-10
3.764869e-10
3.734078e-10
3.622271e-10
3.606532e-10
3.611722e-10
3.623459e-10
3.641628e-10
3.666237e-10
3.697034e-10
3.73403e-10
3.684617e-10
3.627889e-10
3.646853e-10
3.66494e-10
3.68918e-10
3.719461e-10
3.75542e-10
3.797182e-10
3.844303e-10
3.897211e-10
3.677124e-10
3.737595e-10
3.770177e-10
3.808372e-10
3.85184e-10
3.900527e-10
3.953907e-10
4.012342e-10
4.075557e-10
4.296447e-10
3.865807e-10
3.910866e-10
3.960562e-10
4.015011e-10
4.073831e-10
4.137179e-10
4.204439e-10
4.276516e-10
4.516171e-10
5.000713e-10
4.050054e-10
4.108069e-10
4.169832e-10
4.235837e-10
4.305512e-10
4.379379e-10
4.457021e-10
4.70871e-10
5.201855e-10
5.268237e-10
4.219245e-10
4.28585e-10
4.355809e-10
4.429737e-10
4.506934e-10
4.588544e-10
4.846065e-10
5.343591e-10
5.412507e-10
5.440449e-10
4.345106e-10
4.417401e-10
4.492892e-10
4.572269e-10
4.655111e-10
4.915688e-10
5.414086e-10
5.485006e-10
5.513941e-10
5.521308e-10
4.413104e-10
4.489029e-10
4.568185e-10
4.651531e-10
4.911531e-10
5.410312e-10
5.480961e-10
5.510548e-10
5.517862e-10
5.517624e-10
4.417827e-10
4.495623e-10
4.577149e-10
4.834673e-10
5.331397e-10
5.401488e-10
5.429766e-10
5.436888e-10
5.436124e-10
4.36098e-10
4.439138e-10
4.689648e-10
5.182455e-10
5.24991e-10
5.276875e-10
5.282357e-10
5.281165e-10
4.252997e-10
4.490997e-10
4.973786e-10
5.038383e-10
5.062669e-10
5.066903e-10
5.064423e-10
4.266316e-10
4.730715e-10
4.791242e-10
4.813259e-10
4.81569e-10
4.812637e-10
4.496286e-10
4.553277e-10
4.573074e-10
4.574648e-10
4.570849e-10
4.374941e-10
4.393966e-10
4.395109e-10
4.391445e-10
4.278046e-10
4.279607e-10
4.275931e-10
4.212415e-10
4.209172e-10
4.177578e-10
3.910931e-10
3.905098e-10
3.882648e-10
3.838394e-10
3.659357e-10
3.598817e-10
3.586263e-10
3.580483e-10
3.581682e-10
3.589897e-10
3.885868e-10
3.864288e-10
3.822008e-10
3.651791e-10
3.597273e-10
3.58714e-10
3.583799e-10
3.587399e-10
3.597925e-10
3.615395e-10
3.824689e-10
3.786495e-10
3.637115e-10
3.596587e-10
3.592095e-10
3.594325e-10
3.603342e-10
3.619168e-10
3.641631e-10
3.670737e-10
3.736337e-10
3.623106e-10
3.606445e-10
3.611269e-10
3.622631e-10
3.640546e-10
3.664834e-10
3.695488e-10
3.732199e-10
3.775257e-10
3.627967e-10
3.646014e-10
3.663751e-10
3.687678e-10
3.71763e-10
3.753536e-10
3.794979e-10
3.842098e-10
3.89473e-10
4.089739e-10
3.735712e-10
3.768186e-10
3.806077e-10
3.849355e-10
3.897791e-10
3.951325e-10
4.009413e-10
4.072777e-10
4.293048e-10
4.760522e-10
3.907845e-10
3.957683e-10
4.011862e-10
4.070702e-10
4.13381e-10
4.201358e-10
4.273075e-10
4.512712e-10
4.996717e-10
5.059571e-10
4.104306e-10
4.16639e-10
4.232142e-10
4.302077e-10
4.375622e-10
4.453656e-10
4.704708e-10
5.198026e-10
5.264441e-10
5.290466e-10
4.281686e-10
4.352065e-10
4.425755e-10
4.503386e-10
4.584601e-10
4.8424e-10
5.339293e-10
5.408902e-10
5.436846e-10
5.443529e-10
4.413104e-10
4.489057e-10
4.568189e-10
4.651528e-10
4.911534e-10
5.410316e-10
5.480963e-10
5.510552e-10
5.517862e-10
5.517623e-10
4.484774e-10
4.564358e-10
4.64749e-10
4.907842e-10
5.406114e-10
5.477482e-10
5.50677e-10
5.514631e-10
5.514262e-10
4.491532e-10
4.573397e-10
4.83056e-10
5.327717e-10
5.397635e-10
5.42655e-10
5.433353e-10
5.432993e-10
4.43531e-10
4.685859e-10
5.178331e-10
5.246514e-10
5.273335e-10
5.279334e-10
5.277835e-10
4.487212e-10
4.969971e-10
5.034649e-10
5.059482e-10
5.063606e-10
5.061528e-10
4.7269e-10
4.787809e-10
4.809856e-10
4.812665e-10
4.809485e-10
4.5499e-10
4.569981e-10
4.571498e-10
4.567947e-10
4.390873e-10
4.392278e-10
4.388456e-10
4.276687e-10
4.273236e-10
4.206337e-10
3.908745e-10
3.88591e-10
3.841489e-10
3.661207e-10
3.599784e-10
3.586796e-10
3.580634e-10
3.581476e-10
3.589349e-10
3.604271e-10
3.867614e-10
3.824862e-10
3.653502e-10
3.598076e-10
3.587559e-10
3.583821e-10
3.587045e-10
3.597283e-10
3.614425e-10
3.638476e-10
3.789229e-10
3.638459e-10
3.597061e-10
3.592193e-10
3.594035e-10
3.602722e-10
3.6182e-10
3.640464e-10
3.669267e-10
3.704854e-10
3.623987e-10
3.606387e-10
3.610841e-10
3.621847e-10
3.639402e-10
3.663481e-10
3.693835e-10
3.730447e-10
3.773239e-10
3.942734e-10
3.645162e-10
3.662614e-10
3.686205e-10
3.715867e-10
3.751467e-10
3.792907e-10
3.839726e-10
3.892395e-10
4.086724e-10
4.528732e-10
3.766044e-10
3.803871e-10
3.846867e-10
3.895143e-10
3.948452e-10
4.006733e-10
4.069768e-10
4.289897e-10
4.756735e-10
4.815472e-10
3.954497e-10
4.00886e-10
4.067451e-10
4.130611e-10
4.197939e-10
4.269969e-10
4.508983e-10
4.99305e-10
5.055884e-10
5.079299e-10
4.162544e-10
4.228651e-10
4.298351e-10
4.37218e-10
4.449909e-10
4.701162e-10
5.193892e-10
5.260912e-10
5.286926e-10
5.292283e-10
4.347879e-10
4.422012e-10
4.499422e-10
4.581087e-10
4.838303e-10
5.335573e-10
5.404933e-10
5.433483e-10
5.440099e-10
5.439469e-10
4.484774e-10
4.564386e-10
4.647493e-10
4.907839e-10
5.406116e-10
5.477485e-10
5.506772e-10
5.514635e-10
5.514262e-10
4.560134e-10
4.643712e-10
4.903668e-10
5.402396e-10
5.473599e-10
5.503518e-10
5.511028e-10
5.511111e-10
4.569341e-10
4.826674e-10
5.32353e-10
5.394238e-10
5.422941e-10
5.430286e-10
5.429541e-10
4.681817e-10
5.174445e-10
5.242697e-10
5.27016e-10
5.275954e-10
5.274884e-10
4.965938e-10
5.031132e-10
5.055984e-10
5.06057e-10
5.058308e-10
4.784258e-10
4.806651e-10
4.809419e-10
4.806536e-10
4.566805e-10
4.568553e-10
4.564874e-10
4.389321e-10
4.385696e-10
4.270387e-10
3.889372e-10
3.844466e-10
3.663067e-10
3.600742e-10
3.587377e-10
3.580806e-10
3.581267e-10
3.588829e-10
3.603422e-10
3.625045e-10
3.827885e-10
3.655156e-10
3.59889e-10
3.587991e-10
3.583865e-10
3.586723e-10
3.596594e-10
3.613498e-10
3.637237e-10
3.668025e-10
3.639887e-10
3.597537e-10
3.592307e-10
3.593778e-10
3.602086e-10
3.617274e-10
3.639208e-10
3.667859e-10
3.703159e-10
3.852616e-10
3.606347e-10
3.610453e-10
3.621091e-10
3.638306e-10
3.662045e-10
3.692236e-10
3.72857e-10
3.771306e-10
3.940064e-10
4.355145e-10
3.661452e-10
3.68479e-10
3.714136e-10
3.749472e-10
3.790629e-10
3.837492e-10
3.88988e-10
4.083884e-10
4.525131e-10
4.580171e-10
3.801496e-10
3.844473e-10
3.89249e-10
3.94567e-10
4.003748e-10
4.067012e-10
4.28648e-10
4.753225e-10
4.811962e-10
4.832545e-10
4.005536e-10
4.064351e-10
4.127283e-10
4.194692e-10
4.266521e-10
4.505619e-10
4.989079e-10
5.052495e-10
5.075858e-10
5.07946e-10
4.224747e-10
4.294832e-10
4.368444e-10
4.44648e-10
4.697209e-10
5.190232e-10
5.257088e-10
5.283633e-10
5.288915e-10
5.287519e-10
4.417824e-10
4.495699e-10
4.577156e-10
4.834655e-10
5.331403e-10
5.401499e-10
5.429771e-10
5.436898e-10
5.436125e-10
4.560134e-10
4.643738e-10
4.903671e-10
5.402393e-10
5.473601e-10
5.503521e-10
5.51103e-10
5.511114e-10
4.639536e-10
4.89978e-10
5.398178e-10
5.470169e-10
5.49988e-10
5.507927e-10
5.507593e-10
4.822459e-10
5.319608e-10
5.390365e-10
5.419765e-10
5.42684e-10
5.426547e-10
5.170269e-10
5.23912e-10
5.266585e-10
5.272928e-10
5.271582e-10
5.027395e-10
5.052705e-10
5.057231e-10
5.055347e-10
4.80332e-10
4.80637e-10
4.803367e-10
4.565519e-10
4.562004e-10
4.38281e-10
3.847625e-10
3.664867e-10
3.601714e-10
3.587963e-10
3.581006e-10
3.581087e-10
3.588276e-10
3.602608e-10
3.623917e-10
3.652398e-10
3.656918e-10
3.599691e-10
3.588437e-10
3.583932e-10
3.586404e-10
3.595945e-10
3.612495e-10
3.636047e-10
3.666539e-10
3.802915e-10
3.598056e-10
3.59244e-10
3.593541e-10
3.601488e-10
3.616311e-10
3.637996e-10
3.666338e-10
3.701533e-10
3.850182e-10
4.243104e-10
3.61007e-10
3.620387e-10
3.637243e-10
3.660661e-10
3.690534e-10
3.726751e-10
3.769231e-10
3.937506e-10
4.351701e-10
4.404432e-10
3.683338e-10
3.712466e-10
3.747507e-10
3.788429e-10
3.835034e-10
3.887509e-10
4.08082e-10
4.52174e-10
4.576816e-10
4.595196e-10
3.841892e-10
3.889934e-10
3.942877e-10
4.00086e-10
4.063942e-10
4.28335e-10
4.749405e-10
4.808704e-10
4.829264e-10
4.831051e-10
4.060916e-10
4.12411e-10
4.19131e-10
4.263249e-10
4.501877e-10
4.985501e-10
5.048814e-10
5.072692e-10
5.076186e-10
5.07378e-10
4.290895e-10
4.364918e-10
4.442752e-10
4.693596e-10
5.186141e-10
5.253706e-10
5.280054e-10
5.28578e-10
5.284235e-10
4.491529e-10
4.57347e-10
4.830568e-10
5.3277e-10
5.397641e-10
5.42656e-10
5.433357e-10
5.433002e-10
4.639535e-10
4.899806e-10
5.398181e-10
5.470166e-10
5.499882e-10
5.50793e-10
5.507594e-10
4.89547e-10
5.394278e-10
5.466267e-10
5.496674e-10
5.504453e-10
5.504565e-10
5.315327e-10
5.386758e-10
5.416137e-10
5.423811e-10
5.42318e-10
5.235258e-10
5.263251e-10
5.269514e-10
5.268629e-10
5.049205e-10
5.054112e-10
5.052087e-10
4.80319e-10
4.800396e-10
4.559042e-10
3.666786e-10
3.602667e-10
3.588563e-10
3.581224e-10
3.580918e-10
3.587761e-10
3.601731e-10
3.62283e-10
3.651013e-10
3.781052e-10
3.600554e-10
3.588886e-10
3.584015e-10
3.586119e-10
3.59528e-10
3.61154e-10
3.634755e-10
3.665109e-10
3.800635e-10
4.178661e-10
3.592598e-10
3.593339e-10
3.600915e-10
3.615392e-10
3.63673e-10
3.664868e-10
3.699775e-10
3.847842e-10
4.239746e-10
4.291307e-10
3.619676e-10
3.636241e-10
3.659314e-10
3.688889e-10
3.724812e-10
3.76722e-10
3.934754e-10
4.348404e-10
4.4012e-10
4.418593e-10
3.710748e-10
3.745609e-10
3.786258e-10
3.83266e-10
3.8849e-10
4.077931e-10
4.518071e-10
4.573652e-10
4.592051e-10
4.592592e-10
3.887176e-10
3.940187e-10
3.997954e-10
4.060973e-10
4.279861e-10
4.745912e-10
4.805153e-10
4.826215e-10
4.827926e-10
4.824473e-10
4.120591e-10
4.188088e-10
4.259834e-10
4.498336e-10
4.981514e-10
5.045501e-10
5.069244e-10
5.07317e-10
5.070588e-10
4.36097e-10
4.439238e-10
4.689659e-10
5.182419e-10
5.249918e-10
5.276891e-10
5.282365e-10
5.281177e-10
4.569338e-10
4.826748e-10
5.323538e-10
5.394224e-10
5.422946e-10
5.430295e-10
5.429546e-10
4.89547e-10
5.394303e-10
5.46627e-10
5.496672e-10
5.504454e-10
5.504568e-10
5.389934e-10
5.462681e-10
5.493019e-10
5.501396e-10
5.501171e-10
5.382803e-10
5.412776e-10
5.420347e-10
5.420224e-10
5.259637e-10
5.266343e-10
5.265295e-10
5.050774e-10
5.049047e-10
4.797291e-10
3.603694e-10
3.589162e-10
3.581458e-10
3.580779e-10
3.587238e-10
3.600899e-10
3.621651e-10
3.649675e-10
3.778848e-10
4.149545e-10
3.589378e-10
3.584119e-10
3.585851e-10
3.594659e-10
3.610551e-10
3.633517e-10
3.663553e-10
3.798435e-10
4.175361e-10
4.226393e-10
3.593144e-10
3.600392e-10
3.614502e-10
3.635515e-10
3.663326e-10
3.698071e-10
3.845305e-10
4.23652e-10
4.288139e-10
4.305331e-10
3.635222e-10
3.658036e-10
3.687282e-10
3.722936e-10
3.765072e-10
3.932085e-10
4.34485e-10
4.398107e-10
4.415555e-10
4.415768e-10
3.743651e-10
3.784159e-10
3.83031e-10
3.882379e-10
4.074748e-10
4.514618e-10
4.570224e-10
4.589084e-10
4.589595e-10
4.585447e-10
3.93728e-10
3.995156e-10
4.05798e-10
4.276494e-10
4.742013e-10
4.801906e-10
4.822885e-10
4.82502e-10
4.821426e-10
4.184512e-10
4.256585e-10
4.494626e-10
4.977763e-10
5.041803e-10
5.066143e-10
5.069879e-10
5.067646e-10
4.435301e-10
4.68596e-10
5.178343e-10
5.246482e-10
5.273342e-10
5.279348e-10
5.277843e-10
4.822456e-10
5.319678e-10
5.390372e-10
5.419752e-10
5.426844e-10
5.426556e-10
5.389934e-10
5.462703e-10
5.493022e-10
5.501394e-10
5.501172e-10
5.45867e-10
5.489675e-10
5.497906e-10
5.498187e-10
5.409075e-10
5.417149e-10
5.41684e-10
5.262895e-10
5.262204e-10
5.045787e-10
3.589813e-10
3.581705e-10
3.580656e-10
3.586757e-10
3.600042e-10
3.620526e-10
3.64822e-10
3.776712e-10
4.146273e-10
4.197111e-10
3.584245e-10
3.585619e-10
3.594057e-10
3.609615e-10
3.632229e-10
3.662058e-10
3.796035e-10
4.172176e-10
4.223267e-10
4.240535e-10
3.599859e-10
3.613675e-10
3.634329e-10
3.661839e-10
3.696279e-10
3.842842e-10
4.233019e-10
4.285096e-10
4.302347e-10
4.302734e-10
3.656729e-10
3.685752e-10
3.721095e-10
3.762992e-10
3.929227e-10
4.341415e-10
4.394768e-10
4.412647e-10
4.412869e-10
4.408601e-10
3.781988e-10
3.828038e-10
3.879879e-10
4.071675e-10
4.510812e-10
4.567003e-10
4.585865e-10
4.586766e-10
4.582525e-10
3.99213e-10
4.0551e-10
4.273082e-10
4.738276e-10
4.798282e-10
4.819843e-10
4.821842e-10
4.818591e-10
4.252976e-10
4.491107e-10
4.973805e-10
5.038339e-10
5.062677e-10
5.066922e-10
5.064433e-10
4.681807e-10
5.174542e-10
5.242707e-10
5.270132e-10
5.275961e-10
5.274898e-10
5.315323e-10
5.38682e-10
5.416143e-10
5.423799e-10
5.423185e-10
5.458669e-10
5.489695e-10
5.497908e-10
5.498185e-10
5.485923e-10
5.494723e-10
5.494777e-10
5.413618e-10
5.413721e-10
5.258837e-10
3.581985e-10
3.580561e-10
3.586291e-10
3.599238e-10
3.619359e-10
3.646826e-10
3.774383e-10
4.143103e-10
4.194005e-10
4.211366e-10
3.585391e-10
3.593504e-10
3.608697e-10
3.631001e-10
3.660496e-10
3.79372e-10
4.168703e-10
4.220251e-10
4.237585e-10
4.238236e-10
3.612823e-10
3.63322e-10
3.660383e-10
3.694549e-10
3.840244e-10
4.229627e-10
4.281794e-10
4.29948e-10
4.299884e-10
4.295786e-10
3.684183e-10
3.719341e-10
3.760945e-10
3.926457e-10
4.337725e-10
4.39155e-10
4.409507e-10
4.410095e-10
4.405774e-10
3.825683e-10
3.87746e-10
4.06861e-10
4.507155e-10
4.563452e-10
4.582845e-10
4.583693e-10
4.579766e-10
4.051981e-10
4.269809e-10
4.734452e-10
4.794823e-10
4.816446e-10
4.818941e-10
4.815489e-10
4.48719e-10
4.970079e-10
5.034666e-10
5.059442e-10
5.063614e-10
5.061546e-10
5.170259e-10
5.239206e-10
5.266594e-10
5.272901e-10
5.271589e-10
5.3828e-10
5.412831e-10
5.420352e-10
5.420212e-10
5.485923e-10
5.494741e-10
5.494779e-10
5.491143e-10
5.491673e-10
5.410274e-10
3.580478e-10
3.585868e-10
3.598448e-10
3.618255e-10
3.645374e-10
3.77214e-10
4.139647e-10
4.190997e-10
4.208432e-10
4.209252e-10
3.592936e-10
3.607842e-10
3.629791e-10
3.659001e-10
3.79129e-10
4.165352e-10
4.216964e-10
4.234739e-10
4.235418e-10
4.231516e-10
3.63207e-10
3.659015e-10
3.692848e-10
3.837727e-10
4.226033e-10
4.278601e-10
4.29637e-10
4.297147e-10
4.293007e-10
3.717535e-10
3.758992e-10
3.923717e-10
4.334161e-10
4.388089e-10
4.406485e-10
4.407097e-10
4.403069e-10
3.874949e-10
4.065651e-10
4.50347e-10
4.560051e-10
4.579514e-10
4.580813e-10
4.576768e-10
4.266254e-10
4.730811e-10
4.791264e-10
4.813215e-10
4.8157e-10
4.812657e-10
4.965916e-10
5.031227e-10
5.055999e-10
5.060533e-10
5.058316e-10
5.235249e-10
5.263328e-10
5.269522e-10
5.268603e-10
5.409073e-10
5.4172e-10
5.416845e-10
5.491143e-10
5.49169e-10
5.488177e-10
3.585436e-10
3.597713e-10
3.617163e-10
3.643993e-10
3.769792e-10
4.136316e-10
4.187721e-10
4.205591e-10
4.206448e-10
4.202664e-10
3.606954e-10
3.628656e-10
3.657523e-10
3.788956e-10
4.161819e-10
4.213797e-10
4.23164e-10
4.232699e-10
4.228768e-10
3.657592e-10
3.691247e-10
3.835238e-10
4.222559e-10
4.275213e-10
4.293367e-10
4.294178e-10
4.290338e-10
3.756978e-10
3.9211e-10
4.330598e-10
4.384756e-10
4.403234e-10
4.404217e-10
4.400144e-10
4.062564e-10
4.499934e-10
4.556606e-10
4.576332e-10
4.577636e-10
4.573958e-10
4.726837e-10
4.787893e-10
4.809876e-10
4.812625e-10
4.809494e-10
5.027375e-10
5.052789e-10
5.057246e-10
5.055312e-10
5.259629e-10
5.266414e-10
5.265303e-10
5.413616e-10
5.413771e-10
5.488177e-10
3.596952e-10
3.616138e-10
3.642622e-10
3.767547e-10
4.132813e-10
4.184566e-10
4.2025e-10
4.203733e-10
4.199928e-10
3.627472e-10
3.656132e-10
3.786633e-10
4.158425e-10
4.210454e-10
4.228656e-10
4.22974e-10
4.226116e-10
3.689575e-10
3.832888e-10
4.21909e-10
4.271945e-10
4.290177e-10
4.291314e-10
4.287442e-10
3.918387e-10
4.327208e-10
4.381407e-10
4.400109e-10
4.401115e-10
4.397336e-10
4.496218e-10
4.553315e-10
4.573095e-10
4.574608e-10
4.57086e-10
4.784203e-10
4.806726e-10
4.809437e-10
4.806497e-10
5.049187e-10
5.054191e-10
5.0521e-10
5.262888e-10
5.262272e-10
5.410272e-10
3.615069e-10
3.641329e-10
3.765304e-10
4.129459e-10
4.181243e-10
4.199525e-10
4.200781e-10
4.19728e-10
3.654675e-10
3.784435e-10
4.155019e-10
4.207245e-10
4.225503e-10
4.226893e-10
4.223231e-10
3.830423e-10
4.215815e-10
4.268666e-10
4.287105e-10
4.28827e-10
4.284651e-10
4.323667e-10
4.378228e-10
4.396956e-10
4.398139e-10
4.394312e-10
4.54984e-10
4.570015e-10
4.571518e-10
4.567909e-10
4.803271e-10
4.806439e-10
4.803385e-10
5.050757e-10
5.049122e-10
5.25883e-10
3.639976e-10
3.763178e-10
4.126083e-10
4.178065e-10
4.196389e-10
4.197941e-10
4.194402e-10
3.782123e-10
4.151794e-10
4.204012e-10
4.22248e-10
4.223882e-10
4.220456e-10
4.212362e-10
4.265575e-10
4.284012e-10
4.285342e-10
4.281683e-10
4.374896e-10
4.393971e-10
4.395128e-10
4.391412e-10
4.566751e-10
4.568584e-10
4.564893e-10
4.803144e-10
4.800462e-10
5.045771e-10
3.760939e-10
4.122878e-10
4.174854e-10
4.19339e-10
4.194945e-10
4.191634e-10
4.148385e-10
4.200955e-10
4.219425e-10
4.220998e-10
4.21752e-10
4.262309e-10
4.281101e-10
4.282387e-10
4.27883e-10
4.390833e-10
4.392283e-10
4.388475e-10
4.565469e-10
4.562034e-10
4.797248e-10
4.119489e-10
4.171809e-10
4.190353e-10
4.192082e-10
4.188713e-10
4.197719e-10
4.21654e-10
4.218077e-10
4.214709e-10
4.278018e-10
4.279607e-10
4.275947e-10
4.389284e-10
4.385701e-10
4.558995e-10
4.168585e-10
4.187477e-10
4.189178e-10
4.185922e-10
4.213482e-10
4.215321e-10
4.21186e-10
4.276661e-10
4.273236e-10
4.382775e-10
4.184428e-10
4.186429e-10
4.183089e-10
4.212397e-10
4.209171e-10
4.270362e-10
4.183513e-10
4.180407e-10
4.206319e-10
4.177563e-10
)
;

boundaryField
{
    cathodeSides
    {
        type            zeroGradient;
    }
    electrolyteSides
    {
        type            zeroGradient;
    }
    anodeSides
    {
        type            zeroGradient;
    }
    phiI_to_phiI0
    {
        type            zeroGradient;
    }
    procBoundary2to1
    {
        type            processor;
        value           nonuniform List<scalar> 
400
(
3.869239e-10
3.847234e-10
3.875404e-10
3.80418e-10
3.853382e-10
3.874035e-10
3.745203e-10
3.810204e-10
3.852412e-10
3.856468e-10
3.687077e-10
3.750763e-10
3.809971e-10
3.835945e-10
3.817687e-10
3.66172e-10
3.69145e-10
3.751417e-10
3.795754e-10
3.799187e-10
3.649036e-10
3.687978e-10
3.663881e-10
3.692734e-10
3.74063e-10
3.763261e-10
3.64065e-10
3.594671e-10
3.746823e-10
3.687467e-10
3.664969e-10
3.686359e-10
3.715029e-10
3.626825e-10
3.593089e-10
3.584413e-10
3.806562e-10
3.743941e-10
3.687537e-10
3.66317e-10
3.670445e-10
3.616274e-10
3.593917e-10
3.585499e-10
3.580159e-10
3.8426e-10
3.802025e-10
3.74275e-10
3.689261e-10
3.658653e-10
3.628099e-10
3.607649e-10
3.59195e-10
3.583887e-10
3.58212e-10
3.842599e-10
3.837234e-10
3.799818e-10
3.746698e-10
3.694925e-10
3.686973e-10
3.654194e-10
3.61466e-10
3.595889e-10
3.588432e-10
3.590399e-10
3.80656e-10
3.837233e-10
3.83448e-10
3.804965e-10
3.759784e-10
3.789574e-10
3.753866e-10
3.673388e-10
3.627407e-10
3.605844e-10
3.599216e-10
3.605048e-10
3.746821e-10
3.802023e-10
3.834479e-10
3.840133e-10
3.822603e-10
3.904536e-10
3.892125e-10
3.786497e-10
3.697977e-10
3.645897e-10
3.62186e-10
3.616274e-10
3.626077e-10
3.687978e-10
3.743939e-10
3.799816e-10
3.840133e-10
3.859882e-10
3.998954e-10
4.032365e-10
3.9358e-10
3.824013e-10
3.727852e-10
3.670126e-10
3.643938e-10
3.639599e-10
3.653664e-10
3.66172e-10
3.687467e-10
3.742748e-10
3.804962e-10
3.859881e-10
4.051185e-10
4.141979e-10
4.083477e-10
3.983849e-10
3.866215e-10
3.762964e-10
3.700054e-10
3.672044e-10
3.669371e-10
3.783068e-10
3.687078e-10
3.663881e-10
3.687536e-10
3.746696e-10
3.8226e-10
4.051184e-10
4.201192e-10
4.197393e-10
4.138589e-10
4.036037e-10
3.913042e-10
3.803244e-10
3.735615e-10
3.706358e-10
3.804982e-10
4.152538e-10
3.745207e-10
3.691451e-10
3.664969e-10
3.689261e-10
3.759782e-10
3.99895e-10
4.20119e-10
4.258531e-10
4.256584e-10
4.19746e-10
4.092323e-10
3.964427e-10
3.848607e-10
3.777001e-10
3.854782e-10
4.181655e-10
4.199944e-10
3.804186e-10
3.750768e-10
3.692735e-10
3.66317e-10
3.694925e-10
3.904532e-10
4.141975e-10
4.258529e-10
4.319549e-10
4.319322e-10
4.260078e-10
4.152664e-10
4.020298e-10
3.899276e-10
3.945046e-10
4.246094e-10
4.229219e-10
4.214037e-10
3.847239e-10
3.81021e-10
3.751421e-10
3.68636e-10
3.658653e-10
3.789572e-10
4.03236e-10
4.197388e-10
4.319547e-10
4.384022e-10
4.385615e-10
4.326432e-10
4.217022e-10
4.080924e-10
4.09225e-10
4.358128e-10
4.294115e-10
4.243194e-10
4.2118e-10
3.869244e-10
3.853388e-10
3.809977e-10
3.740633e-10
3.670446e-10
3.686972e-10
3.892122e-10
4.083471e-10
4.256579e-10
4.384021e-10
4.45197e-10
4.455476e-10
4.396516e-10
4.28571e-10
4.29912e-10
4.531725e-10
4.407208e-10
4.307965e-10
4.240772e-10
4.205147e-10
3.87541e-10
3.852418e-10
3.79576e-10
3.715032e-10
3.628099e-10
3.753864e-10
3.935796e-10
4.138583e-10
4.319317e-10
4.451968e-10
4.523416e-10
4.528921e-10
4.470672e-10
4.522637e-10
4.76348e-10
4.582923e-10
4.421185e-10
4.305241e-10
4.233987e-10
3.874041e-10
3.83595e-10
3.763267e-10
3.616275e-10
3.654193e-10
3.786495e-10
3.983846e-10
4.197454e-10
4.385611e-10
4.523414e-10
4.598389e-10
4.606309e-10
4.719047e-10
5.003541e-10
4.818154e-10
4.597745e-10
4.418228e-10
4.298227e-10
3.856473e-10
3.799192e-10
3.626828e-10
3.607649e-10
3.673387e-10
3.824011e-10
4.036034e-10
4.260072e-10
4.455471e-10
4.598387e-10
4.677253e-10
4.860785e-10
5.208619e-10
5.062099e-10
4.835004e-10
4.594999e-10
4.410994e-10
3.817693e-10
3.640652e-10
3.593918e-10
3.614659e-10
3.697976e-10
3.866212e-10
4.092319e-10
4.326426e-10
4.528916e-10
4.677252e-10
4.93431e-10
5.354158e-10
5.270567e-10
5.081591e-10
4.833358e-10
4.587784e-10
3.649039e-10
3.59309e-10
3.59195e-10
3.627405e-10
3.727851e-10
3.91304e-10
4.15266e-10
4.39651e-10
4.606304e-10
4.934309e-10
5.428998e-10
5.418507e-10
5.292554e-10
5.081594e-10
4.826705e-10
3.594672e-10
3.5855e-10
3.595888e-10
3.645895e-10
3.762962e-10
3.964424e-10
4.217018e-10
4.470666e-10
4.860781e-10
5.428997e-10
5.494567e-10
5.442343e-10
5.294211e-10
5.075837e-10
3.584414e-10
3.583887e-10
3.605843e-10
3.670123e-10
3.803242e-10
4.020295e-10
4.285706e-10
4.719041e-10
5.354153e-10
5.494566e-10
5.519363e-10
5.445262e-10
5.289368e-10
3.580159e-10
3.588432e-10
3.621858e-10
3.700051e-10
3.848605e-10
4.08092e-10
4.522633e-10
5.208614e-10
5.418503e-10
5.519362e-10
5.522948e-10
5.441124e-10
3.58212e-10
3.599215e-10
3.643935e-10
3.735611e-10
3.899274e-10
4.299117e-10
5.003537e-10
5.270562e-10
5.442339e-10
5.522947e-10
5.519185e-10
3.590398e-10
3.616272e-10
3.672041e-10
3.776998e-10
4.092248e-10
4.763477e-10
5.062096e-10
5.29255e-10
5.445259e-10
5.519184e-10
3.605047e-10
3.639597e-10
3.706355e-10
3.945041e-10
4.531722e-10
4.818151e-10
5.081588e-10
5.294207e-10
5.441121e-10
3.626076e-10
3.669368e-10
3.854778e-10
4.358122e-10
4.582921e-10
4.835001e-10
5.081591e-10
5.289365e-10
3.653662e-10
3.804978e-10
4.246088e-10
4.407203e-10
4.597742e-10
4.833356e-10
5.075834e-10
3.783065e-10
4.18165e-10
4.29411e-10
4.42118e-10
4.594997e-10
4.826703e-10
4.152533e-10
4.229214e-10
4.307961e-10
4.418224e-10
4.587782e-10
4.19994e-10
4.24319e-10
4.305237e-10
4.41099e-10
4.214033e-10
4.240768e-10
4.298224e-10
4.211796e-10
4.233983e-10
4.205143e-10
)
;
    }
    procBoundary2to3
    {
        type            processor;
        value           nonuniform List<scalar> 
400
(
3.908303e-10
3.884851e-10
3.914323e-10
3.838589e-10
3.890883e-10
3.912062e-10
3.774046e-10
3.844559e-10
3.889054e-10
3.892525e-10
3.707299e-10
3.77967e-10
3.843542e-10
3.870638e-10
3.850507e-10
3.670265e-10
3.71192e-10
3.779688e-10
3.827427e-10
3.830639e-10
3.668547e-10
3.68444e-10
3.672903e-10
3.712816e-10
3.76712e-10
3.791699e-10
3.658534e-10
3.604647e-10
3.733219e-10
3.684611e-10
3.673949e-10
3.704884e-10
3.738329e-10
3.641189e-10
3.601358e-10
3.590426e-10
3.7861e-10
3.731154e-10
3.684994e-10
3.670967e-10
3.685925e-10
3.624777e-10
3.598543e-10
3.589845e-10
3.582259e-10
3.818718e-10
3.782455e-10
3.73056e-10
3.68599e-10
3.66376e-10
3.628054e-10
3.606332e-10
3.59276e-10
3.58438e-10
3.580423e-10
3.818709e-10
3.814276e-10
3.781026e-10
3.734197e-10
3.689486e-10
3.676389e-10
3.644479e-10
3.609756e-10
3.592989e-10
3.585203e-10
3.585063e-10
3.78608e-10
3.814268e-10
3.812389e-10
3.786167e-10
3.745667e-10
3.769079e-10
3.734269e-10
3.66051e-10
3.619073e-10
3.5994e-10
3.59244e-10
3.596278e-10
3.7332e-10
3.782436e-10
3.812381e-10
3.818192e-10
3.802619e-10
3.876451e-10
3.863643e-10
3.764396e-10
3.682153e-10
3.634346e-10
3.612074e-10
3.606167e-10
3.614113e-10
3.684438e-10
3.731136e-10
3.781007e-10
3.818185e-10
3.836984e-10
3.965991e-10
3.997339e-10
3.90553e-10
3.799663e-10
3.70934e-10
3.6556e-10
3.631052e-10
3.626414e-10
3.638761e-10
3.670281e-10
3.684609e-10
3.730542e-10
3.786148e-10
3.836976e-10
4.015859e-10
4.102854e-10
4.047263e-10
3.952049e-10
3.839894e-10
3.74204e-10
3.682821e-10
3.656327e-10
3.653369e-10
3.758918e-10
3.707332e-10
3.67292e-10
3.684993e-10
3.734179e-10
3.802598e-10
4.015846e-10
4.160103e-10
4.157485e-10
4.101429e-10
4.002978e-10
3.885035e-10
3.780198e-10
3.715965e-10
3.688086e-10
3.78004e-10
4.116425e-10
3.774089e-10
3.711953e-10
3.673966e-10
3.685987e-10
3.745646e-10
3.965955e-10
4.160089e-10
4.216859e-10
4.216117e-10
4.159601e-10
4.05827e-10
3.935019e-10
3.823737e-10
3.755223e-10
3.82822e-10
4.145311e-10
4.165672e-10
3.838638e-10
3.779713e-10
3.712849e-10
3.670982e-10
3.68948e-10
3.876408e-10
4.102812e-10
4.216845e-10
4.277507e-10
4.278521e-10
4.221757e-10
4.117876e-10
3.98977e-10
3.87287e-10
3.916018e-10
4.209272e-10
4.194802e-10
4.181673e-10
3.884906e-10
3.844608e-10
3.77973e-10
3.704914e-10
3.66377e-10
3.76905e-10
3.997284e-10
4.157442e-10
4.277493e-10
4.341823e-10
4.344693e-10
4.287876e-10
4.181748e-10
4.049544e-10
4.06e-10
4.320569e-10
4.259388e-10
4.210726e-10
4.180879e-10
3.90836e-10
3.890938e-10
3.843591e-10
3.767159e-10
3.685951e-10
3.676375e-10
3.863603e-10
4.047207e-10
4.216074e-10
4.341808e-10
4.409813e-10
4.414635e-10
4.357941e-10
4.250183e-10
4.263466e-10
4.493118e-10
4.371981e-10
4.275263e-10
4.209763e-10
4.174994e-10
3.91438e-10
3.889108e-10
3.827474e-10
3.738364e-10
3.628056e-10
3.73424e-10
3.905487e-10
4.101372e-10
4.278478e-10
4.409799e-10
4.481492e-10
4.488353e-10
4.432277e-10
4.48415e-10
4.723699e-10
4.546938e-10
4.388088e-10
4.274029e-10
4.20375e-10
3.912118e-10
3.870689e-10
3.791741e-10
3.624791e-10
3.644466e-10
3.764364e-10
3.952004e-10
4.159543e-10
4.34465e-10
4.481477e-10
4.556876e-10
4.566189e-10
4.678612e-10
4.962671e-10
4.78128e-10
4.564022e-10
4.386662e-10
4.267794e-10
3.892579e-10
3.830685e-10
3.641211e-10
3.606333e-10
3.660493e-10
3.799627e-10
4.002931e-10
4.221699e-10
4.414593e-10
4.556862e-10
4.636315e-10
4.81918e-10
5.166954e-10
5.024369e-10
4.800527e-10
4.562862e-10
4.380216e-10
3.850556e-10
3.658561e-10
3.598551e-10
3.609751e-10
3.682132e-10
3.839855e-10
4.058222e-10
4.287818e-10
4.488311e-10
4.636301e-10
4.892144e-10
5.311992e-10
5.232196e-10
5.046373e-10
4.800525e-10
4.556449e-10
3.668577e-10
3.601372e-10
3.592764e-10
3.619064e-10
3.709315e-10
3.884994e-10
4.117827e-10
4.357883e-10
4.566148e-10
4.89213e-10
5.386578e-10
5.379728e-10
5.256775e-10
5.048073e-10
4.79469e-10
3.604663e-10
3.589854e-10
3.592987e-10
3.634332e-10
3.742011e-10
3.934976e-10
4.181699e-10
4.43222e-10
4.819139e-10
5.386565e-10
5.455577e-10
5.406203e-10
5.260168e-10
5.043152e-10
3.590436e-10
3.584383e-10
3.599393e-10
3.655582e-10
3.780166e-10
3.989727e-10
4.250135e-10
4.678554e-10
5.311953e-10
5.455565e-10
5.483035e-10
5.410881e-10
5.256175e-10
3.582264e-10
3.585201e-10
3.612063e-10
3.6828e-10
3.823703e-10
4.0495e-10
4.484099e-10
5.166898e-10
5.379693e-10
5.483025e-10
5.488392e-10
5.407603e-10
3.580423e-10
3.592433e-10
3.631036e-10
3.715941e-10
3.872834e-10
4.263416e-10
4.96262e-10
5.232147e-10
5.406172e-10
5.488383e-10
5.485493e-10
3.585058e-10
3.606155e-10
3.656308e-10
3.755196e-10
4.059958e-10
4.723648e-10
5.024324e-10
5.256731e-10
5.410852e-10
5.485484e-10
3.596268e-10
3.626398e-10
3.688064e-10
3.915982e-10
4.49307e-10
4.781234e-10
5.046333e-10
5.260127e-10
5.407575e-10
3.614099e-10
3.653349e-10
3.828188e-10
4.320526e-10
4.546895e-10
4.800486e-10
5.048036e-10
5.256136e-10
3.638742e-10
3.78001e-10
4.20923e-10
4.371942e-10
4.563983e-10
4.800487e-10
5.043116e-10
3.758889e-10
4.145268e-10
4.25935e-10
4.388052e-10
4.562826e-10
4.794654e-10
4.116382e-10
4.194763e-10
4.275228e-10
4.386629e-10
4.556414e-10
4.165632e-10
4.21069e-10
4.273995e-10
4.380184e-10
4.181637e-10
4.209729e-10
4.267762e-10
4.180845e-10
4.203717e-10
4.174961e-10
)
;
    }
}
)

// processor3

57196
(dimensions      [0 2 -1 0 0 0 0];

internalField   nonuniform List<scalar> 
4000
(
3.908303e-10
3.884851e-10
3.912078e-10
3.914323e-10
3.838589e-10
3.888501e-10
3.890883e-10
3.915469e-10
3.918083e-10
3.912062e-10
3.774046e-10
3.841957e-10
3.844559e-10
3.891767e-10
3.894521e-10
3.889054e-10
3.919201e-10
3.921465e-10
3.915739e-10
3.892525e-10
3.707299e-10
3.776911e-10
3.77967e-10
3.844949e-10
3.847922e-10
3.843542e-10
3.895378e-10
3.897778e-10
3.892611e-10
3.870638e-10
3.922546e-10
3.925182e-10
3.919048e-10
3.896018e-10
3.850507e-10
3.670265e-10
3.709342e-10
3.71192e-10
3.779431e-10
3.78254e-10
3.779688e-10
3.848298e-10
3.85091e-10
3.846831e-10
3.827427e-10
3.898603e-10
3.901378e-10
3.895799e-10
3.874012e-10
3.830639e-10
3.926193e-10
3.928517e-10
3.922683e-10
3.899166e-10
3.853698e-10
3.668547e-10
3.68444e-10
3.671195e-10
3.672903e-10
3.711136e-10
3.713983e-10
3.712816e-10
3.782306e-10
3.785065e-10
3.782496e-10
3.76712e-10
3.851333e-10
3.854254e-10
3.849755e-10
3.830536e-10
3.791699e-10
3.902128e-10
3.904595e-10
3.899319e-10
3.87704e-10
3.83371e-10
3.658534e-10
3.929436e-10
3.932149e-10
3.925948e-10
3.902622e-10
3.85658e-10
3.670507e-10
3.604647e-10
3.733219e-10
3.684257e-10
3.684611e-10
3.672028e-10
3.673874e-10
3.673949e-10
3.713194e-10
3.715796e-10
3.714839e-10
3.704884e-10
3.784799e-10
3.787946e-10
3.784969e-10
3.769756e-10
3.738329e-10
3.854674e-10
3.857295e-10
3.85303e-10
3.833305e-10
3.794503e-10
3.641189e-10
3.905327e-10
3.908109e-10
3.902468e-10
3.880382e-10
3.836471e-10
3.660344e-10
3.601358e-10
3.933167e-10
3.935382e-10
3.929501e-10
3.90573e-10
3.859742e-10
3.672287e-10
3.605716e-10
3.590426e-10
3.7861e-10
3.732085e-10
3.731154e-10
3.684126e-10
3.684487e-10
3.684994e-10
3.673027e-10
3.674744e-10
3.674911e-10
3.670967e-10
3.714921e-10
3.717872e-10
3.716618e-10
3.706755e-10
3.685925e-10
3.787571e-10
3.790441e-10
3.78779e-10
3.772084e-10
3.740661e-10
3.624777e-10
3.85772e-10
3.860637e-10
3.856026e-10
3.83641e-10
3.797006e-10
3.642675e-10
3.598543e-10
3.909196e-10
3.911307e-10
3.905905e-10
3.883376e-10
3.839517e-10
3.661984e-10
3.602268e-10
3.589845e-10
3.935855e-10
3.939099e-10
3.932667e-10
3.909111e-10
3.862592e-10
3.674249e-10
3.606698e-10
3.591119e-10
3.582259e-10
3.818718e-10
3.784269e-10
3.782455e-10
3.731176e-10
3.730094e-10
3.73056e-10
3.683987e-10
3.684405e-10
3.684892e-10
3.68599e-10
3.673882e-10
3.675784e-10
3.675773e-10
3.671813e-10
3.66376e-10
3.716909e-10
3.719613e-10
3.718647e-10
3.708404e-10
3.687505e-10
3.628054e-10
3.789976e-10
3.793214e-10
3.790227e-10
3.774736e-10
3.742725e-10
3.625712e-10
3.606332e-10
3.86131e-10
3.863688e-10
3.859308e-10
3.839269e-10
3.799814e-10
3.644014e-10
3.59911e-10
3.59276e-10
3.911938e-10
3.915185e-10
3.909056e-10
3.886641e-10
3.842252e-10
3.663802e-10
3.603104e-10
3.590381e-10
3.58438e-10
3.938687e-10
3.941775e-10
3.936304e-10
3.912128e-10
3.86569e-10
3.676028e-10
3.607791e-10
3.591763e-10
3.582578e-10
3.580423e-10
3.818709e-10
3.816526e-10
3.814276e-10
3.782839e-10
3.780706e-10
3.781026e-10
3.730088e-10
3.729243e-10
3.729547e-10
3.734197e-10
3.6839e-10
3.684326e-10
3.684829e-10
3.685812e-10
3.689486e-10
3.674883e-10
3.676674e-10
3.676802e-10
3.672573e-10
3.664347e-10
3.676389e-10
3.718571e-10
3.721615e-10
3.720348e-10
3.710279e-10
3.688902e-10
3.628169e-10
3.644479e-10
3.792921e-10
3.795619e-10
3.792934e-10
3.77702e-10
3.745074e-10
3.626553e-10
3.60633e-10
3.609756e-10
3.863839e-10
3.867272e-10
3.862301e-10
3.84239e-10
3.802408e-10
3.645523e-10
3.599634e-10
3.59296e-10
3.592989e-10
3.914283e-10
3.917927e-10
3.91289e-10
3.889663e-10
3.845234e-10
3.665445e-10
3.60404e-10
3.590883e-10
3.584546e-10
3.585203e-10
3.944588e-10
3.938923e-10
3.915592e-10
3.868463e-10
3.677973e-10
3.608792e-10
3.592485e-10
3.582887e-10
3.580378e-10
3.585063e-10
3.78608e-10
3.816518e-10
3.814268e-10
3.814837e-10
3.81217e-10
3.812389e-10
3.781103e-10
3.77934e-10
3.779343e-10
3.786167e-10
3.729227e-10
3.728228e-10
3.728734e-10
3.733144e-10
3.745667e-10
3.683814e-10
3.684288e-10
3.68477e-10
3.685681e-10
3.689097e-10
3.769079e-10
3.675686e-10
3.677712e-10
3.677683e-10
3.673482e-10
3.664883e-10
3.675514e-10
3.734269e-10
3.720662e-10
3.723288e-10
3.722305e-10
3.71185e-10
3.690489e-10
3.628292e-10
3.643671e-10
3.66051e-10
3.795024e-10
3.798562e-10
3.795281e-10
3.779561e-10
3.747102e-10
3.627523e-10
3.60635e-10
3.609404e-10
3.619073e-10
3.866402e-10
3.8698e-10
3.865803e-10
3.845224e-10
3.805235e-10
3.646924e-10
3.600236e-10
3.593158e-10
3.59283e-10
3.5994e-10
3.920218e-10
3.915589e-10
3.893348e-10
3.848011e-10
3.667246e-10
3.604898e-10
3.59145e-10
3.584716e-10
3.585011e-10
3.59244e-10
3.941669e-10
3.918089e-10
3.871646e-10
3.679723e-10
3.609894e-10
3.593154e-10
3.58324e-10
3.580357e-10
3.584668e-10
3.596278e-10
3.7332e-10
3.784252e-10
3.782436e-10
3.814835e-10
3.812162e-10
3.812381e-10
3.812776e-10
3.810546e-10
3.810358e-10
3.818192e-10
3.779722e-10
3.777683e-10
3.778027e-10
3.78447e-10
3.802619e-10
3.728217e-10
3.727424e-10
3.727765e-10
3.732294e-10
3.744446e-10
3.876451e-10
3.683771e-10
3.684259e-10
3.684748e-10
3.68554e-10
3.688782e-10
3.76729e-10
3.863643e-10
3.676717e-10
3.678543e-10
3.678709e-10
3.674262e-10
3.665526e-10
3.674769e-10
3.732542e-10
3.764396e-10
3.722171e-10
3.725393e-10
3.72394e-10
3.713662e-10
3.691824e-10
3.628446e-10
3.642987e-10
3.659392e-10
3.682153e-10
3.797564e-10
3.800669e-10
3.798154e-10
3.781765e-10
3.749359e-10
3.628377e-10
3.60639e-10
3.609116e-10
3.618385e-10
3.634346e-10
3.872359e-10
3.868282e-10
3.848535e-10
3.807801e-10
3.648465e-10
3.600807e-10
3.593396e-10
3.592708e-10
3.598895e-10
3.612074e-10
3.917757e-10
3.89593e-10
3.851391e-10
3.668921e-10
3.605847e-10
3.591979e-10
3.584919e-10
3.584858e-10
3.591904e-10
3.606167e-10
3.920705e-10
3.873947e-10
3.681743e-10
3.610897e-10
3.593896e-10
3.583578e-10
3.580351e-10
3.58433e-10
3.595549e-10
3.614113e-10
3.684438e-10
3.73207e-10
3.731136e-10
3.782833e-10
3.78069e-10
3.781007e-10
3.812778e-10
3.810545e-10
3.810351e-10
3.818185e-10
3.811147e-10
3.808568e-10
3.808791e-10
3.816162e-10
3.836984e-10
3.778069e-10
3.776364e-10
3.776432e-10
3.783138e-10
3.800789e-10
3.965991e-10
3.727428e-10
3.726483e-10
3.726996e-10
3.73128e-10
3.743453e-10
3.873892e-10
3.997339e-10
3.683733e-10
3.684261e-10
3.684737e-10
3.685449e-10
3.688419e-10
3.765761e-10
3.861101e-10
3.90553e-10
3.677459e-10
3.67961e-10
3.679528e-10
3.675171e-10
3.666085e-10
3.673912e-10
3.731048e-10
3.762423e-10
3.799663e-10
3.724181e-10
3.726916e-10
3.725999e-10
3.715176e-10
3.693364e-10
3.628596e-10
3.642231e-10
3.658435e-10
3.680744e-10
3.70934e-10
3.803218e-10
3.80022e-10
3.784466e-10
3.751323e-10
3.629336e-10
3.606447e-10
3.608806e-10
3.6178e-10
3.633341e-10
3.6556e-10
3.870804e-10
3.850893e-10
3.810804e-10
3.649884e-10
3.601446e-10
3.593633e-10
3.592589e-10
3.598466e-10
3.611243e-10
3.631052e-10
3.897931e-10
3.853763e-10
3.670968e-10
3.606736e-10
3.592569e-10
3.585121e-10
3.584706e-10
3.591442e-10
3.605307e-10
3.626414e-10
3.876362e-10
3.683218e-10
3.612063e-10
3.594578e-10
3.58396e-10
3.580364e-10
3.583975e-10
3.594909e-10
3.613073e-10
3.638761e-10
3.670281e-10
3.684255e-10
3.684609e-10
3.73117e-10
3.73008e-10
3.730542e-10
3.781105e-10
3.779334e-10
3.779328e-10
3.786148e-10
3.811158e-10
3.80857e-10
3.808789e-10
3.816154e-10
3.836976e-10
3.80916e-10
3.807003e-10
3.806883e-10
3.81459e-10
3.83484e-10
4.015859e-10
3.77676e-10
3.774787e-10
3.77516e-10
3.781525e-10
3.799346e-10
3.962875e-10
4.102854e-10
3.72646e-10
3.725749e-10
3.726098e-10
3.730471e-10
3.742265e-10
3.871782e-10
3.994104e-10
4.047263e-10
3.683726e-10
3.684278e-10
3.684752e-10
3.685356e-10
3.688143e-10
3.763944e-10
3.858916e-10
3.902807e-10
3.952049e-10
3.678518e-10
3.680376e-10
3.680579e-10
3.675897e-10
3.666738e-10
3.673217e-10
3.729315e-10
3.76071e-10
3.797466e-10
3.839894e-10
3.728947e-10
3.727492e-10
3.717084e-10
3.694656e-10
3.628779e-10
3.641623e-10
3.657368e-10
3.67953e-10
3.707663e-10
3.74204e-10
3.802733e-10
3.786418e-10
3.75373e-10
3.630186e-10
3.606523e-10
3.608559e-10
3.617153e-10
3.632474e-10
3.654299e-10
3.682821e-10
3.853312e-10
3.812953e-10
3.651559e-10
3.602051e-10
3.593908e-10
3.592502e-10
3.598004e-10
3.610521e-10
3.629916e-10
3.656327e-10
3.855593e-10
3.672427e-10
3.607831e-10
3.593129e-10
3.585356e-10
3.58459e-10
3.590949e-10
3.604551e-10
3.625252e-10
3.653369e-10
3.684782e-10
3.612922e-10
3.595376e-10
3.584321e-10
3.580393e-10
3.583675e-10
3.594224e-10
3.612151e-10
3.637433e-10
3.758918e-10
3.707332e-10
3.671215e-10
3.67292e-10
3.684125e-10
3.684485e-10
3.684993e-10
3.730088e-10
3.729238e-10
3.729534e-10
3.734179e-10
3.779749e-10
3.777684e-10
3.778021e-10
3.784454e-10
3.802598e-10
3.809164e-10
3.807013e-10
3.806885e-10
3.814588e-10
3.834831e-10
4.015846e-10
3.807608e-10
3.805096e-10
3.805371e-10
3.812678e-10
3.833172e-10
4.012464e-10
4.160103e-10
3.775165e-10
3.773538e-10
3.773643e-10
3.780235e-10
3.797596e-10
3.960395e-10
4.099117e-10
4.157485e-10
3.725854e-10
3.72485e-10
3.725395e-10
3.729526e-10
3.741309e-10
3.869237e-10
3.991426e-10
4.043899e-10
4.101429e-10
3.683734e-10
3.684307e-10
3.684785e-10
3.685305e-10
3.687832e-10
3.762462e-10
3.856313e-10
3.900461e-10
3.949169e-10
4.002978e-10
3.681471e-10
3.681335e-10
3.676829e-10
3.667266e-10
3.672432e-10
3.727884e-10
3.75872e-10
3.795554e-10
3.837499e-10
3.885035e-10
3.729498e-10
3.718475e-10
3.696285e-10
3.628951e-10
3.640939e-10
3.656497e-10
3.678169e-10
3.706212e-10
3.740121e-10
3.780198e-10
3.788807e-10
3.755478e-10
3.631237e-10
3.606611e-10
3.6083e-10
3.616612e-10
3.631509e-10
3.653171e-10
3.681251e-10
3.715965e-10
3.815163e-10
3.652766e-10
3.602778e-10
3.594182e-10
3.592421e-10
3.597606e-10
3.609735e-10
3.62892e-10
3.654911e-10
3.688086e-10
3.67361e-10
3.608623e-10
3.593821e-10
3.585589e-10
3.584476e-10
3.590526e-10
3.603736e-10
3.624224e-10
3.65193e-10
3.78004e-10
3.61384e-10
3.595969e-10
3.584751e-10
3.580438e-10
3.583362e-10
3.593625e-10
3.611156e-10
3.636249e-10
3.7567e-10
4.116425e-10
3.774089e-10
3.709386e-10
3.711953e-10
3.672036e-10
3.673895e-10
3.673966e-10
3.683987e-10
3.684405e-10
3.684891e-10
3.685987e-10
3.729251e-10
3.728227e-10
3.728729e-10
3.73313e-10
3.745646e-10
3.778081e-10
3.776389e-10
3.776433e-10
3.783133e-10
3.800772e-10
3.965955e-10
3.807612e-10
3.8051e-10
3.805381e-10
3.81268e-10
3.833171e-10
4.012451e-10
4.160089e-10
3.805709e-10
3.803605e-10
3.803531e-10
3.811159e-10
3.831145e-10
4.009804e-10
4.156118e-10
4.216859e-10
3.774159e-10
3.77202e-10
3.772438e-10
3.778696e-10
3.796189e-10
3.957379e-10
4.096134e-10
4.153655e-10
4.216117e-10
3.724928e-10
3.724289e-10
3.724538e-10
3.728782e-10
3.74019e-10
3.867159e-10
3.988193e-10
4.041109e-10
4.097959e-10
4.159601e-10
3.68437e-10
3.684825e-10
3.685255e-10
3.687602e-10
3.760743e-10
3.854176e-10
3.897667e-10
3.946684e-10
3.999965e-10
4.05827e-10
3.682417e-10
3.677503e-10
3.667945e-10
3.671842e-10
3.726253e-10
3.75707e-10
3.79333e-10
3.83541e-10
3.882468e-10
3.935019e-10
3.720356e-10
3.697478e-10
3.629178e-10
3.64039e-10
3.655514e-10
3.677049e-10
3.70458e-10
3.738455e-10
3.778064e-10
3.823737e-10
3.757619e-10
3.632009e-10
3.606733e-10
3.608095e-10
3.616027e-10
3.630688e-10
3.65191e-10
3.679882e-10
3.714152e-10
3.755223e-10
3.654008e-10
3.60331e-10
3.594522e-10
3.592368e-10
3.597183e-10
3.609042e-10
3.62783e-10
3.653664e-10
3.686416e-10
3.82822e-10
3.609287e-10
3.594329e-10
3.585886e-10
3.584393e-10
3.590078e-10
3.603022e-10
3.623108e-10
3.650651e-10
3.777738e-10
4.145311e-10
3.596603e-10
3.585075e-10
3.580505e-10
3.583101e-10
3.592986e-10
3.610277e-10
3.634967e-10
3.75471e-10
4.113049e-10
4.165672e-10
3.838638e-10
3.776975e-10
3.779713e-10
3.711152e-10
3.714029e-10
3.712849e-10
3.67303e-10
3.674752e-10
3.674932e-10
3.670982e-10
3.683902e-10
3.684326e-10
3.684828e-10
3.685809e-10
3.68948e-10
3.728228e-10
3.727446e-10
3.727764e-10
3.732289e-10
3.744429e-10
3.876408e-10
3.776768e-10
3.774799e-10
3.775185e-10
3.781527e-10
3.79934e-10
3.962846e-10
4.102812e-10
3.805705e-10
3.803609e-10
3.803536e-10
3.811169e-10
3.831147e-10
4.009802e-10
4.156103e-10
4.216845e-10
3.804501e-10
3.801786e-10
3.80209e-10
3.809311e-10
3.829526e-10
4.00656e-10
4.152986e-10
4.212799e-10
4.277507e-10
3.772537e-10
3.771062e-10
3.770979e-10
3.77747e-10
3.794511e-10
3.954929e-10
4.092501e-10
4.150591e-10
4.212215e-10
4.278521e-10
3.723432e-10
3.724003e-10
3.727875e-10
3.7393e-10
3.864709e-10
3.985543e-10
4.037741e-10
4.095076e-10
4.156048e-10
4.221757e-10
3.684902e-10
3.685238e-10
3.687334e-10
3.75936e-10
3.851689e-10
3.895367e-10
3.943723e-10
3.997362e-10
4.055149e-10
4.117876e-10
3.67847e-10
3.668441e-10
3.671103e-10
3.724998e-10
3.755187e-10
3.79148e-10
3.832979e-10
3.880226e-10
3.932306e-10
3.98977e-10
3.699096e-10
3.629356e-10
3.639716e-10
3.654714e-10
3.675784e-10
3.703229e-10
3.736577e-10
3.776208e-10
3.821416e-10
3.87287e-10
3.632957e-10
3.606833e-10
3.60786e-10
3.615537e-10
3.629794e-10
3.650826e-10
3.67835e-10
3.712567e-10
3.753194e-10
3.916018e-10
3.603858e-10
3.594776e-10
3.592324e-10
3.596814e-10
3.608294e-10
3.626863e-10
3.652294e-10
3.684941e-10
3.825743e-10
4.209272e-10
3.594767e-10
3.586112e-10
3.584309e-10
3.589691e-10
3.602257e-10
3.622124e-10
3.649258e-10
3.77568e-10
4.141902e-10
4.194802e-10
3.585421e-10
3.580562e-10
3.582817e-10
3.592433e-10
3.609332e-10
3.633828e-10
3.752542e-10
4.110012e-10
4.162459e-10
4.181673e-10
3.884906e-10
3.842033e-10
3.844608e-10
3.779455e-10
3.782604e-10
3.77973e-10
3.713202e-10
3.715813e-10
3.714883e-10
3.704914e-10
3.673851e-10
3.675787e-10
3.675781e-10
3.671831e-10
3.66377e-10
3.683815e-10
3.684288e-10
3.68477e-10
3.68568e-10
3.68909e-10
3.76905e-10
3.727435e-10
3.726494e-10
3.727017e-10
3.731279e-10
3.743447e-10
3.873857e-10
3.997284e-10
3.775161e-10
3.773546e-10
3.773654e-10
3.780261e-10
3.797598e-10
3.960386e-10
4.099082e-10
4.157442e-10
3.804512e-10
3.801783e-10
3.802094e-10
3.809316e-10
3.829538e-10
4.006564e-10
4.152984e-10
4.212784e-10
4.277493e-10
3.802544e-10
3.800628e-10
3.800337e-10
3.807857e-10
3.827557e-10
4.003949e-10
4.149164e-10
4.209602e-10
4.273393e-10
4.341823e-10
3.76952e-10
3.770057e-10
3.775987e-10
3.793165e-10
3.951995e-10
4.089542e-10
4.14686e-10
4.209089e-10
4.274569e-10
4.344693e-10
3.723185e-10
3.727305e-10
3.738212e-10
3.862728e-10
3.982412e-10
4.034974e-10
4.091595e-10
4.153092e-10
4.218144e-10
4.287876e-10
3.685228e-10
3.687168e-10
3.757694e-10
3.849675e-10
3.892689e-10
3.94128e-10
3.99426e-10
4.05245e-10
4.11467e-10
4.181748e-10
3.669157e-10
3.670589e-10
3.723416e-10
3.75373e-10
3.789367e-10
3.830952e-10
3.877615e-10
3.929934e-10
3.986938e-10
4.049544e-10
3.629604e-10
3.639236e-10
3.653726e-10
3.674745e-10
3.701702e-10
3.735016e-10
3.77411e-10
3.819394e-10
3.87039e-10
4.06e-10
3.60696e-10
3.607701e-10
3.614955e-10
3.629031e-10
3.649641e-10
3.677025e-10
3.710791e-10
3.751418e-10
3.913277e-10
4.320569e-10
3.595038e-10
3.592303e-10
3.596396e-10
3.607625e-10
3.625812e-10
3.651076e-10
3.683317e-10
3.823547e-10
4.205794e-10
4.259388e-10
3.58631e-10
3.584257e-10
3.589242e-10
3.601583e-10
3.621062e-10
3.648025e-10
3.773428e-10
4.138847e-10
4.191565e-10
4.210726e-10
3.580622e-10
3.582613e-10
3.591812e-10
3.608504e-10
3.632599e-10
3.750606e-10
4.106691e-10
4.159567e-10
4.178634e-10
4.180879e-10
3.90836e-10
3.888584e-10
3.890938e-10
3.844979e-10
3.847998e-10
3.843591e-10
3.782311e-10
3.785089e-10
3.782559e-10
3.767159e-10
3.714874e-10
3.717881e-10
3.716635e-10
3.706797e-10
3.685951e-10
3.674864e-10
3.676641e-10
3.676805e-10
3.67258e-10
3.664361e-10
3.676375e-10
3.68377e-10
3.684258e-10
3.684748e-10
3.68554e-10
3.688779e-10
3.767258e-10
3.863603e-10
3.726451e-10
3.725756e-10
3.726108e-10
3.730494e-10
3.742264e-10
3.871768e-10
3.994059e-10
4.047207e-10
3.774193e-10
3.772017e-10
3.772447e-10
3.778709e-10
3.796219e-10
3.957383e-10
4.096124e-10
4.153619e-10
4.216074e-10
3.802566e-10
3.800639e-10
3.800335e-10
3.807862e-10
3.827563e-10
4.003968e-10
4.149168e-10
4.209599e-10
4.273377e-10
4.341808e-10
3.798752e-10
3.799219e-10
3.806095e-10
3.826e-10
4.000762e-10
4.146078e-10
4.2057e-10
4.270147e-10
4.337674e-10
4.409813e-10
3.76857e-10
3.775047e-10
3.791539e-10
3.949618e-10
4.085993e-10
4.143816e-10
4.205282e-10
4.271398e-10
4.340713e-10
4.414635e-10
3.72643e-10
3.737522e-10
3.860288e-10
3.979869e-10
4.031703e-10
4.088731e-10
4.149523e-10
4.215135e-10
4.284224e-10
4.357941e-10
3.686934e-10
3.756566e-10
3.847239e-10
3.890513e-10
3.938434e-10
3.991696e-10
4.049232e-10
4.111897e-10
4.178481e-10
4.250183e-10
3.669868e-10
3.722296e-10
3.751892e-10
3.787724e-10
3.828633e-10
3.875433e-10
3.92717e-10
3.98446e-10
4.046617e-10
4.263466e-10
3.638596e-10
3.653015e-10
3.673458e-10
3.700441e-10
3.733249e-10
3.77236e-10
3.817105e-10
3.868228e-10
4.056944e-10
4.493118e-10
3.607511e-10
3.614543e-10
3.628116e-10
3.648622e-10
3.675572e-10
3.709248e-10
3.749424e-10
3.910871e-10
4.316988e-10
4.371981e-10
3.592282e-10
3.596107e-10
3.60685e-10
3.624862e-10
3.649746e-10
3.681871e-10
3.821119e-10
4.202702e-10
4.256099e-10
4.275263e-10
3.584209e-10
3.588923e-10
3.600791e-10
3.620121e-10
3.646689e-10
3.771424e-10
4.135491e-10
4.188662e-10
4.207666e-10
4.209763e-10
3.582391e-10
3.591358e-10
3.607567e-10
3.631515e-10
3.748505e-10
4.103718e-10
4.1564e-10
4.175897e-10
4.177972e-10
4.174994e-10
3.912164e-10
3.91438e-10
3.8918e-10
3.894604e-10
3.889108e-10
3.848301e-10
3.850939e-10
3.846906e-10
3.827474e-10
3.784714e-10
3.787951e-10
3.784993e-10
3.769816e-10
3.738364e-10
3.716879e-10
3.719565e-10
3.718656e-10
3.70842e-10
3.687541e-10
3.628056e-10
3.675678e-10
3.677692e-10
3.67765e-10
3.673484e-10
3.664888e-10
3.675497e-10
3.73424e-10
3.683732e-10
3.68426e-10
3.684736e-10
3.685452e-10
3.688419e-10
3.765749e-10
3.861055e-10
3.905487e-10
3.725875e-10
3.724842e-10
3.725402e-10
3.729538e-10
3.741337e-10
3.869237e-10
3.99141e-10
4.043853e-10
4.101372e-10
3.772628e-10
3.771095e-10
3.770977e-10
3.77748e-10
3.794527e-10
3.954982e-10
4.092506e-10
4.15058e-10
4.212179e-10
4.278478e-10
3.798777e-10
3.799232e-10
3.806093e-10
3.826005e-10
4.000772e-10
4.146101e-10
4.205704e-10
4.270145e-10
4.337659e-10
4.409799e-10
3.797404e-10
3.804966e-10
3.824113e-10
3.998219e-10
4.142308e-10
4.202545e-10
4.266187e-10
4.334399e-10
4.405652e-10
4.481492e-10
3.773523e-10
3.7905e-10
3.946731e-10
4.083108e-10
4.140163e-10
4.202171e-10
4.267537e-10
4.337515e-10
4.410646e-10
4.488353e-10
3.736452e-10
3.858707e-10
3.97673e-10
4.029042e-10
4.085345e-10
4.146583e-10
4.2115e-10
4.28118e-10
4.35427e-10
4.432277e-10
3.754891e-10
3.845577e-10
3.887879e-10
3.936117e-10
3.988708e-10
4.04657e-10
4.108589e-10
4.175654e-10
4.246876e-10
4.48415e-10
3.720706e-10
3.750585e-10
3.785651e-10
3.826824e-10
3.872935e-10
3.924858e-10
3.981571e-10
4.044056e-10
4.260115e-10
4.723699e-10
3.652065e-10
3.672529e-10
3.698877e-10
3.731785e-10
3.770379e-10
3.81519e-10
3.865774e-10
4.054275e-10
4.489429e-10
4.546938e-10
3.614045e-10
3.627463e-10
3.647396e-10
3.674317e-10
3.707553e-10
3.747688e-10
3.908164e-10
4.313839e-10
4.368613e-10
4.388088e-10
3.595813e-10
3.606305e-10
3.623752e-10
3.648538e-10
3.680287e-10
3.818953e-10
4.199273e-10
4.253174e-10
4.27216e-10
4.274029e-10
3.588628e-10
3.600218e-10
3.61901e-10
3.645501e-10
3.769243e-10
4.132499e-10
4.185469e-10
4.204922e-10
4.206837e-10
4.20375e-10
3.590863e-10
3.606876e-10
3.630283e-10
3.746642e-10
4.100475e-10
4.153566e-10
4.172897e-10
4.175354e-10
4.172158e-10
3.915504e-10
3.91817e-10
3.912118e-10
3.895381e-10
3.897812e-10
3.892693e-10
3.870689e-10
3.851196e-10
3.854256e-10
3.849784e-10
3.830608e-10
3.791741e-10
3.787514e-10
3.790356e-10
3.787795e-10
3.772105e-10
3.740714e-10
3.624791e-10
3.718557e-10
3.721585e-10
3.720302e-10
3.710287e-10
3.688915e-10
3.628173e-10
3.644466e-10
3.676728e-10
3.678535e-10
3.678689e-10
3.674232e-10
3.665527e-10
3.674763e-10
3.732508e-10
3.764364e-10
3.683724e-10
3.684277e-10
3.684751e-10
3.685357e-10
3.688152e-10
3.763942e-10
3.8589e-10
3.902758e-10
3.952004e-10
3.724976e-10
3.724309e-10
3.724531e-10
3.72879e-10
3.740205e-10
3.867222e-10
3.988193e-10
4.041093e-10
4.097911e-10
4.159543e-10
3.769608e-10
3.77009e-10
3.775986e-10
3.793179e-10
3.952025e-10
4.089606e-10
4.146866e-10
4.209079e-10
4.274533e-10
4.34465e-10
3.797433e-10
3.804981e-10
3.824111e-10
3.998229e-10
4.14232e-10
4.202569e-10
4.266192e-10
4.334396e-10
4.405637e-10
4.481477e-10
3.803124e-10
3.822897e-10
3.995124e-10
4.139288e-10
4.198689e-10
4.262981e-10
4.330401e-10
4.402363e-10
4.477337e-10
4.556876e-10
3.788806e-10
3.94486e-10
4.079596e-10
4.137188e-10
4.198437e-10
4.264379e-10
4.333621e-10
4.407439e-10
4.484374e-10
4.566189e-10
3.856215e-10
3.974683e-10
4.025754e-10
4.082584e-10
4.143103e-10
4.208504e-10
4.277503e-10
4.35121e-10
4.428607e-10
4.678612e-10
3.84309e-10
3.886076e-10
3.933308e-10
3.986271e-10
4.043464e-10
4.105851e-10
4.172281e-10
4.244016e-10
4.480544e-10
4.962671e-10
3.748723e-10
3.784173e-10
3.82454e-10
3.87098e-10
3.922207e-10
3.979152e-10
4.041069e-10
4.257186e-10
4.719929e-10
4.78128e-10
3.671284e-10
3.697744e-10
3.729968e-10
3.768733e-10
3.813022e-10
3.863719e-10
4.05124e-10
4.48621e-10
4.543485e-10
4.564022e-10
3.626672e-10
3.646515e-10
3.672802e-10
3.706083e-10
3.745777e-10
3.905799e-10
4.310288e-10
4.36565e-10
4.384916e-10
4.386662e-10
3.605749e-10
3.622964e-10
3.647118e-10
3.678845e-10
3.81657e-10
4.196217e-10
4.249925e-10
4.269399e-10
4.271063e-10
4.267794e-10
3.599678e-10
3.618199e-10
3.644097e-10
3.767296e-10
4.129227e-10
4.182624e-10
4.201901e-10
4.204213e-10
4.200896e-10
3.60612e-10
3.629371e-10
3.744512e-10
4.097595e-10
4.150468e-10
4.170213e-10
4.172483e-10
4.169603e-10
3.919203e-10
3.921499e-10
3.915825e-10
3.892579e-10
3.898485e-10
3.901381e-10
3.895832e-10
3.87409e-10
3.830685e-10
3.854553e-10
3.857154e-10
3.853031e-10
3.833332e-10
3.794567e-10
3.641211e-10
3.789944e-10
3.793157e-10
3.790145e-10
3.77474e-10
3.742744e-10
3.625733e-10
3.606333e-10
3.720683e-10
3.723274e-10
3.722277e-10
3.711809e-10
3.690495e-10
3.628293e-10
3.643655e-10
3.660493e-10
3.67744e-10
3.67962e-10
3.67952e-10
3.675152e-10
3.666063e-10
3.67391e-10
3.731037e-10
3.762384e-10
3.799627e-10
3.683731e-10
3.684305e-10
3.684785e-10
3.685305e-10
3.687837e-10
3.762515e-10
3.856309e-10
3.900445e-10
3.949118e-10
4.002931e-10
3.723478e-10
3.724023e-10
3.727869e-10
3.739311e-10
3.864745e-10
3.985624e-10
4.037741e-10
4.095059e-10
4.155999e-10
4.221699e-10
3.768656e-10
3.775083e-10
3.79154e-10
3.949645e-10
4.08603e-10
4.143883e-10
4.205288e-10
4.271388e-10
4.340676e-10
4.414593e-10
3.803159e-10
3.822915e-10
3.995124e-10
4.139301e-10
4.198702e-10
4.263005e-10
4.330406e-10
4.402361e-10
4.477322e-10
4.556862e-10
3.820898e-10
3.993106e-10
4.135608e-10
4.195594e-10
4.25906e-10
4.327161e-10
4.398347e-10
4.47405e-10
4.552745e-10
4.636315e-10
3.941773e-10
4.077307e-10
4.133565e-10
4.195392e-10
4.260585e-10
4.330433e-10
4.403532e-10
4.481174e-10
4.562237e-10
4.81918e-10
3.971437e-10
4.023603e-10
4.079171e-10
4.140264e-10
4.204955e-10
4.27447e-10
4.347511e-10
4.425548e-10
4.674726e-10
5.166954e-10
3.883369e-10
3.931381e-10
3.983313e-10
4.040928e-10
4.102651e-10
4.169488e-10
4.2406e-10
4.477429e-10
4.958806e-10
5.024369e-10
3.78206e-10
3.822907e-10
3.86851e-10
3.920127e-10
3.976375e-10
4.038565e-10
4.253763e-10
4.716643e-10
4.777762e-10
4.800527e-10
3.696225e-10
3.728649e-10
3.766689e-10
3.811216e-10
3.861388e-10
4.048692e-10
4.482536e-10
4.540474e-10
4.560775e-10
4.562862e-10
3.645448e-10
3.671711e-10
3.704308e-10
3.744116e-10
3.903188e-10
4.307185e-10
4.362306e-10
4.382126e-10
4.383633e-10
4.380216e-10
3.62216e-10
3.646106e-10
3.677144e-10
3.814396e-10
4.192837e-10
4.247036e-10
4.26633e-10
4.268424e-10
4.264901e-10
3.617422e-10
3.643066e-10
3.764989e-10
4.126307e-10
4.179504e-10
4.199209e-10
4.201322e-10
4.198335e-10
3.628368e-10
3.74292e-10
4.094289e-10
4.147719e-10
4.167275e-10
4.169914e-10
4.166801e-10
3.922425e-10
3.925184e-10
3.919082e-10
3.8961e-10
3.850556e-10
3.902032e-10
3.904476e-10
3.899322e-10
3.877071e-10
3.833781e-10
3.658561e-10
3.857646e-10
3.860512e-10
3.85588e-10
3.836409e-10
3.797029e-10
3.642709e-10
3.598551e-10
3.792941e-10
3.795586e-10
3.792879e-10
3.776944e-10
3.745078e-10
3.626561e-10
3.606331e-10
3.609751e-10
3.722139e-10
3.725413e-10
3.723926e-10
3.713635e-10
3.691788e-10
3.628447e-10
3.642982e-10
3.65937e-10
3.682132e-10
3.678474e-10
3.680356e-10
3.680588e-10
3.675889e-10
3.666723e-10
3.673242e-10
3.729312e-10
3.760698e-10
3.797422e-10
3.839855e-10
3.684364e-10
3.684823e-10
3.685254e-10
3.687605e-10
3.760776e-10
3.854252e-10
3.897664e-10
3.946667e-10
3.999912e-10
4.058222e-10
3.72323e-10
3.727328e-10
3.738207e-10
3.862758e-10
3.982458e-10
4.035059e-10
4.091596e-10
4.153076e-10
4.218095e-10
4.287818e-10
3.773615e-10
3.790544e-10
3.946737e-10
4.083143e-10
4.140203e-10
4.20224e-10
4.267544e-10
4.337505e-10
4.41061e-10
4.488311e-10
3.820942e-10
3.993139e-10
4.135609e-10
4.195609e-10
4.259074e-10
4.327185e-10
4.398352e-10
4.474048e-10
4.55273e-10
4.636301e-10
3.98975e-10
4.133196e-10
4.19182e-10
4.255909e-10
4.323197e-10
4.395091e-10
4.470035e-10
4.549476e-10
4.632225e-10
4.892144e-10
4.073508e-10
4.131197e-10
4.191679e-10
4.257489e-10
4.326602e-10
4.400333e-10
4.477272e-10
4.55906e-10
4.815066e-10
5.311992e-10
4.020179e-10
4.076932e-10
4.136751e-10
4.202057e-10
4.270874e-10
4.344461e-10
4.421847e-10
4.67149e-10
5.16292e-10
5.232196e-10
3.928477e-10
3.981278e-10
4.037846e-10
4.100039e-10
4.166219e-10
4.237772e-10
4.473705e-10
4.955483e-10
5.020772e-10
5.046373e-10
3.820569e-10
3.866742e-10
3.917499e-10
3.974191e-10
4.035687e-10
4.250895e-10
4.712795e-10
4.774705e-10
4.797221e-10
4.800525e-10
3.72688e-10
3.765202e-10
3.808973e-10
3.859445e-10
4.045796e-10
4.479446e-10
4.537031e-10
4.557946e-10
4.559761e-10
4.556449e-10
3.670389e-10
3.703026e-10
3.742109e-10
3.900914e-10
4.303738e-10
4.359385e-10
4.378975e-10
4.380967e-10
4.37726e-10
3.64507e-10
3.675926e-10
3.811822e-10
4.189764e-10
4.243833e-10
4.263605e-10
4.26549e-10
4.262326e-10
3.642062e-10
3.763277e-10
4.122846e-10
4.176726e-10
4.196253e-10
4.198747e-10
4.195513e-10
3.741162e-10
4.091786e-10
4.144559e-10
4.164668e-10
4.167099e-10
4.164294e-10
3.926093e-10
3.928395e-10
3.922685e-10
3.899198e-10
3.853773e-10
3.668577e-10
3.905238e-10
3.908011e-10
3.902351e-10
3.880384e-10
3.836498e-10
3.660386e-10
3.601372e-10
3.861322e-10
3.863612e-10
3.859178e-10
3.839123e-10
3.799812e-10
3.644027e-10
3.599123e-10
3.592764e-10
3.794983e-10
3.79858e-10
3.795248e-10
3.77951e-10
3.747034e-10
3.627524e-10
3.606351e-10
3.609397e-10
3.619064e-10
3.724107e-10
3.726882e-10
3.726015e-10
3.715161e-10
3.69334e-10
3.62859e-10
3.642229e-10
3.658428e-10
3.680715e-10
3.709315e-10
3.681424e-10
3.681314e-10
3.676836e-10
3.667259e-10
3.672448e-10
3.727937e-10
3.758717e-10
3.79554e-10
3.837451e-10
3.884994e-10
3.684895e-10
3.685237e-10
3.687332e-10
3.759382e-10
3.851738e-10
3.89545e-10
3.94372e-10
3.997345e-10
4.055094e-10
4.117827e-10
3.726481e-10
3.737553e-10
3.860282e-10
3.979909e-10
4.031754e-10
4.08882e-10
4.149524e-10
4.215118e-10
4.284174e-10
4.357883e-10
3.788914e-10
3.944943e-10
4.079606e-10
4.137227e-10
4.198478e-10
4.264448e-10
4.333627e-10
4.407429e-10
4.484338e-10
4.566148e-10
3.98983e-10
4.133237e-10
4.191823e-10
4.255924e-10
4.323211e-10
4.395116e-10
4.47004e-10
4.549474e-10
4.632211e-10
4.89213e-10
4.129159e-10
4.189341e-10
4.252063e-10
4.320008e-10
4.391104e-10
4.46678e-10
4.54548e-10
4.628988e-10
4.887916e-10
5.386578e-10
4.12725e-10
4.189247e-10
4.25371e-10
4.323473e-10
4.396483e-10
4.474079e-10
4.555181e-10
4.811756e-10
5.3078e-10
5.379728e-10
4.073357e-10
4.134442e-10
4.198468e-10
4.267938e-10
4.340839e-10
4.418798e-10
4.667571e-10
5.159571e-10
5.228452e-10
5.256775e-10
3.978204e-10
4.035722e-10
4.096858e-10
4.163552e-10
4.234458e-10
4.470625e-10
4.951501e-10
5.017688e-10
5.042993e-10
5.048073e-10
3.864204e-10
3.915614e-10
3.971431e-10
4.03342e-10
4.247588e-10
4.709576e-10
4.771117e-10
4.794353e-10
4.797365e-10
4.79469e-10
3.763208e-10
3.807339e-10
3.857031e-10
4.043377e-10
4.475921e-10
4.534133e-10
4.554705e-10
4.55706e-10
4.553422e-10
3.70147e-10
3.740655e-10
3.898161e-10
4.300741e-10
4.356129e-10
4.376223e-10
4.377957e-10
4.37466e-10
3.674673e-10
3.809963e-10
4.186115e-10
4.240932e-10
4.260578e-10
4.262886e-10
4.259462e-10
3.761583e-10
4.120244e-10
4.17344e-10
4.193624e-10
4.195915e-10
4.193001e-10
4.088984e-10
4.142148e-10
4.16167e-10
4.164603e-10
4.161545e-10
3.929378e-10
3.932049e-10
3.925827e-10
3.902623e-10
3.856608e-10
3.670552e-10
3.604663e-10
3.909193e-10
3.911213e-10
3.905807e-10
3.883262e-10
3.839518e-10
3.662e-10
3.602289e-10
3.589854e-10
3.863786e-10
3.867282e-10
3.862226e-10
3.842259e-10
3.802273e-10
3.645522e-10
3.599639e-10
3.592965e-10
3.592987e-10
3.797475e-10
3.800626e-10
3.798169e-10
3.781733e-10
3.749311e-10
3.628346e-10
3.60639e-10
3.609114e-10
3.618371e-10
3.634332e-10
3.728869e-10
3.727457e-10
3.717096e-10
3.694641e-10
3.628775e-10
3.641638e-10
3.657365e-10
3.679521e-10
3.707629e-10
3.742011e-10
3.682369e-10
3.677482e-10
3.667948e-10
3.671849e-10
3.726287e-10
3.757132e-10
3.793327e-10
3.835395e-10
3.882417e-10
3.934976e-10
3.685226e-10
3.687173e-10
3.757686e-10
3.84971e-10
3.892743e-10
3.941369e-10
3.994257e-10
4.052432e-10
4.114614e-10
4.181699e-10
3.73652e-10
3.858784e-10
3.976727e-10
4.029087e-10
4.085398e-10
4.146674e-10
4.211501e-10
4.281164e-10
4.354221e-10
4.43222e-10
3.941976e-10
4.077413e-10
4.133578e-10
4.195433e-10
4.260628e-10
4.330504e-10
4.403538e-10
4.481164e-10
4.562202e-10
4.819139e-10
4.129258e-10
4.189386e-10
4.252067e-10
4.320024e-10
4.391118e-10
4.466804e-10
4.545485e-10
4.628986e-10
4.887901e-10
5.386565e-10
4.185173e-10
4.249532e-10
4.316112e-10
4.387895e-10
4.462789e-10
4.542241e-10
4.625027e-10
4.884568e-10
5.382305e-10
5.455577e-10
4.185179e-10
4.251231e-10
4.319651e-10
4.393342e-10
4.470231e-10
4.55201e-10
4.807712e-10
5.304431e-10
5.375843e-10
5.406203e-10
4.130741e-10
4.196105e-10
4.264297e-10
4.337885e-10
4.41517e-10
4.664346e-10
5.155503e-10
5.22535e-10
5.25326e-10
5.260168e-10
4.032505e-10
4.094664e-10
4.160296e-10
4.231754e-10
4.467003e-10
4.948217e-10
5.013987e-10
5.040103e-10
5.04484e-10
5.043152e-10
3.912903e-10
3.969449e-10
4.030554e-10
4.244979e-10
4.705842e-10
4.768121e-10
4.790984e-10
4.794627e-10
4.791603e-10
3.805144e-10
3.85527e-10
4.040372e-10
4.472979e-10
4.530818e-10
4.551977e-10
4.553963e-10
4.550786e-10
3.738888e-10
3.896155e-10
4.297108e-10
4.353302e-10
4.373149e-10
4.375328e-10
4.371722e-10
3.808029e-10
4.183444e-10
4.237481e-10
4.257846e-10
4.259991e-10
4.256923e-10
4.117583e-10
4.17095e-10
4.19052e-10
4.1934e-10
4.190235e-10
4.139426e-10
4.159369e-10
4.161729e-10
4.159108e-10
3.933162e-10
3.935323e-10
3.929401e-10
3.905613e-10
3.859742e-10
3.672304e-10
3.605741e-10
3.590436e-10
3.911874e-10
3.91518e-10
3.908955e-10
3.886545e-10
3.842146e-10
3.663801e-10
3.603112e-10
3.590395e-10
3.584383e-10
3.866324e-10
3.869744e-10
3.865811e-10
3.845151e-10
3.805113e-10
3.646852e-10
3.600236e-10
3.59316e-10
3.592827e-10
3.599393e-10
3.803125e-10
3.800174e-10
3.784475e-10
3.751291e-10
3.629313e-10
3.606443e-10
3.608806e-10
3.617795e-10
3.63332e-10
3.655582e-10
3.729415e-10
3.718438e-10
3.696291e-10
3.628948e-10
3.640949e-10
3.656521e-10
3.678165e-10
3.706201e-10
3.740082e-10
3.780166e-10
3.678423e-10
3.668422e-10
3.6711e-10
3.725016e-10
3.755228e-10
3.791551e-10
3.832976e-10
3.88021e-10
3.932253e-10
3.989727e-10
3.686946e-10
3.756614e-10
3.847233e-10
3.890554e-10
3.938492e-10
3.991789e-10
4.049229e-10
4.111879e-10
4.178425e-10
4.250135e-10
3.856386e-10
3.974787e-10
4.025754e-10
4.082633e-10
4.143159e-10
4.208597e-10
4.277504e-10
4.351194e-10
4.428558e-10
4.678554e-10
4.073764e-10
4.13131e-10
4.191695e-10
4.257532e-10
4.326645e-10
4.400403e-10
4.477279e-10
4.55905e-10
4.81503e-10
5.311953e-10
4.185279e-10
4.249579e-10
4.316116e-10
4.387912e-10
4.462804e-10
4.542265e-10
4.625032e-10
4.884566e-10
5.382291e-10
5.455565e-10
4.245259e-10
4.313545e-10
4.383971e-10
4.459579e-10
4.538265e-10
4.621819e-10
4.880467e-10
5.378922e-10
5.45162e-10
5.483035e-10
4.24707e-10
4.31714e-10
4.389496e-10
4.467094e-10
4.548181e-10
4.804412e-10
5.300303e-10
5.372725e-10
5.402559e-10
5.410881e-10
4.192307e-10
4.261896e-10
4.334213e-10
4.412214e-10
4.660497e-10
5.152171e-10
5.221574e-10
5.250353e-10
5.256807e-10
5.256175e-10
4.091329e-10
4.158049e-10
4.228448e-10
4.464055e-10
4.944333e-10
5.010942e-10
5.036628e-10
5.042082e-10
5.039992e-10
3.966592e-10
4.028494e-10
4.241677e-10
4.702895e-10
4.764632e-10
4.788173e-10
4.791407e-10
4.788931e-10
3.8529e-10
4.038171e-10
4.469321e-10
4.528054e-10
4.548849e-10
4.551354e-10
4.547762e-10
3.893703e-10
4.294435e-10
4.349875e-10
4.370482e-10
4.372385e-10
4.369157e-10
4.180595e-10
4.234937e-10
4.254593e-10
4.257384e-10
4.254097e-10
4.168342e-10
4.188153e-10
4.190432e-10
4.187781e-10
4.156755e-10
4.159516e-10
4.156302e-10
3.93579e-10
3.939092e-10
3.932606e-10
3.909012e-10
3.862482e-10
3.674248e-10
3.606708e-10
3.591135e-10
3.582264e-10
3.914178e-10
3.91786e-10
3.912882e-10
3.889558e-10
3.845144e-10
3.66538e-10
3.60404e-10
3.590887e-10
3.584551e-10
3.585201e-10
3.872278e-10
3.868223e-10
3.848538e-10
3.80773e-10
3.648399e-10
3.600777e-10
3.593396e-10
3.592707e-10
3.598885e-10
3.612063e-10
3.802634e-10
3.786368e-10
3.753733e-10
3.630169e-10
3.60652e-10
3.608567e-10
3.617153e-10
3.632468e-10
3.654272e-10
3.6828e-10
3.72027e-10
3.69744e-10
3.629178e-10
3.640397e-10
3.655531e-10
3.677082e-10
3.704576e-10
3.738443e-10
3.778021e-10
3.823703e-10
3.669117e-10
3.670608e-10
3.723413e-10
3.753753e-10
3.789414e-10
3.831029e-10
3.877611e-10
3.929918e-10
3.986883e-10
4.0495e-10
3.754993e-10
3.845653e-10
3.887876e-10
3.936163e-10
3.98877e-10
4.046666e-10
4.108586e-10
4.175636e-10
4.24682e-10
4.484099e-10
3.971667e-10
4.023718e-10
4.079174e-10
4.140317e-10
4.205012e-10
4.274564e-10
4.347513e-10
4.425532e-10
4.674676e-10
5.166898e-10
4.127521e-10
4.189366e-10
4.253727e-10
4.323518e-10
4.396527e-10
4.474149e-10
4.555187e-10
4.811747e-10
5.307766e-10
5.379693e-10
4.245371e-10
4.313593e-10
4.383976e-10
4.459595e-10
4.538279e-10
4.621843e-10
4.880471e-10
5.37892e-10
5.451608e-10
5.483025e-10
4.309195e-10
4.381383e-10
4.455645e-10
4.53507e-10
4.617875e-10
4.877151e-10
5.374766e-10
5.448491e-10
5.479325e-10
5.488392e-10
4.312913e-10
4.386969e-10
4.463246e-10
4.545065e-10
4.800415e-10
5.296951e-10
5.368896e-10
5.399638e-10
5.407398e-10
5.407603e-10
4.258027e-10
4.331791e-10
4.408534e-10
4.657371e-10
5.148171e-10
5.218491e-10
5.246808e-10
5.254031e-10
5.25289e-10
4.154623e-10
4.226164e-10
4.460436e-10
4.941188e-10
5.007324e-10
5.033776e-10
5.038761e-10
5.037298e-10
4.025515e-10
4.239299e-10
4.699157e-10
4.761878e-10
4.784889e-10
4.788725e-10
4.785786e-10
4.035196e-10
4.466626e-10
4.524616e-10
4.546244e-10
4.548358e-10
4.545215e-10
4.291125e-10
4.347342e-10
4.367249e-10
4.369836e-10
4.366283e-10
4.232178e-10
4.25218e-10
4.254276e-10
4.251555e-10
4.185629e-10
4.188161e-10
4.184885e-10
4.156989e-10
4.154136e-10
3.938558e-10
3.941709e-10
3.936294e-10
3.912065e-10
3.865597e-10
3.675959e-10
3.60779e-10
3.591769e-10
3.582587e-10
3.580423e-10
3.920111e-10
3.915518e-10
3.893333e-10
3.847908e-10
3.66719e-10
3.604863e-10
3.59145e-10
3.584718e-10
3.585008e-10
3.592433e-10
3.870717e-10
3.85083e-10
3.8108e-10
3.649841e-10
3.601418e-10
3.59362e-10
3.592589e-10
3.598462e-10
3.611226e-10
3.631036e-10
3.788702e-10
3.755424e-10
3.631235e-10
3.606608e-10
3.608305e-10
3.616631e-10
3.63151e-10
3.653162e-10
3.681219e-10
3.715941e-10
3.699012e-10
3.629348e-10
3.639715e-10
3.654726e-10
3.675807e-10
3.703269e-10
3.736573e-10
3.776195e-10
3.821369e-10
3.872834e-10
3.669906e-10
3.722342e-10
3.751891e-10
3.787753e-10
3.828686e-10
3.875516e-10
3.927167e-10
3.984444e-10
4.046561e-10
4.263416e-10
3.843251e-10
3.886164e-10
3.933308e-10
3.98632e-10
4.043528e-10
4.105949e-10
4.172278e-10
4.243998e-10
4.480484e-10
4.96262e-10
4.02043e-10
4.077055e-10
4.136757e-10
4.202112e-10
4.270932e-10
4.344554e-10
4.421849e-10
4.671474e-10
5.162872e-10
5.232147e-10
4.185462e-10
4.251353e-10
4.319669e-10
4.393387e-10
4.470274e-10
4.552078e-10
4.807718e-10
5.304421e-10
5.375813e-10
5.406172e-10
4.309311e-10
4.381432e-10
4.45565e-10
4.535086e-10
4.617889e-10
4.877175e-10
5.37477e-10
5.448489e-10
5.479314e-10
5.488383e-10
4.376982e-10
4.45305e-10
4.531146e-10
4.61471e-10
4.873064e-10
5.371422e-10
5.444636e-10
5.476394e-10
5.484846e-10
5.485493e-10
4.382701e-10
4.460716e-10
4.541233e-10
4.797174e-10
5.292868e-10
5.365798e-10
5.396043e-10
5.404609e-10
5.404199e-10
4.327874e-10
4.406104e-10
4.653465e-10
5.144944e-10
5.214771e-10
5.243923e-10
5.250641e-10
5.250179e-10
4.22267e-10
4.457932e-10
4.937301e-10
5.004407e-10
5.030373e-10
5.036038e-10
5.034052e-10
4.235843e-10
4.696459e-10
4.758377e-10
4.782296e-10
4.785582e-10
4.783167e-10
4.462948e-10
4.522078e-10
4.543e-10
4.545866e-10
4.542287e-10
4.34418e-10
4.36485e-10
4.366744e-10
4.363794e-10
4.249529e-10
4.251963e-10
4.248524e-10
4.18571e-10
4.182665e-10
4.151656e-10
3.944455e-10
3.938852e-10
3.915577e-10
3.8684e-10
3.677912e-10
3.608752e-10
3.592484e-10
3.58289e-10
3.580378e-10
3.585058e-10
3.91765e-10
3.895854e-10
3.85137e-10
3.668859e-10
3.605816e-10
3.591957e-10
3.584919e-10
3.584857e-10
3.591893e-10
3.606155e-10
3.853216e-10
3.812885e-10
3.651552e-10
3.602032e-10
3.593896e-10
3.592505e-10
3.598004e-10
3.610516e-10
3.629892e-10
3.656308e-10
3.757511e-10
3.631981e-10
3.606732e-10
3.608098e-10
3.616041e-10
3.630717e-10
3.65191e-10
3.679872e-10
3.714115e-10
3.755196e-10
3.629587e-10
3.639253e-10
3.653726e-10
3.674762e-10
3.701731e-10
3.735063e-10
3.774106e-10
3.81938e-10
3.870341e-10
4.059958e-10
3.720798e-10
3.750642e-10
3.785653e-10
3.826857e-10
3.872992e-10
3.924946e-10
3.981568e-10
4.04404e-10
4.260052e-10
4.723648e-10
3.883552e-10
3.931478e-10
3.983314e-10
4.040981e-10
4.102718e-10
4.169587e-10
4.240597e-10
4.47741e-10
4.958746e-10
5.024324e-10
4.073624e-10
4.134571e-10
4.198476e-10
4.267994e-10
4.340897e-10
4.41889e-10
4.667571e-10
5.159555e-10
5.228409e-10
5.256731e-10
4.24736e-10
4.317264e-10
4.389515e-10
4.467139e-10
4.548223e-10
4.804481e-10
5.300309e-10
5.372717e-10
5.402531e-10
5.410852e-10
4.3771e-10
4.4531e-10
4.531151e-10
4.614726e-10
4.873078e-10
5.371444e-10
5.44464e-10
5.476393e-10
5.484836e-10
5.485484e-10
4.448625e-10
4.528558e-10
4.610814e-10
4.869795e-10
5.367279e-10
5.441546e-10
5.472775e-10
5.482047e-10
5.482027e-10
4.456432e-10
4.538713e-10
4.793171e-10
5.289583e-10
5.362004e-10
5.393144e-10
5.40117e-10
5.401474e-10
4.402162e-10
4.650882e-10
5.140885e-10
5.211787e-10
5.240426e-10
5.247888e-10
5.246865e-10
4.454083e-10
4.934607e-10
5.00078e-10
5.027639e-10
5.032782e-10
5.031395e-10
4.692496e-10
4.75585e-10
4.778996e-10
4.783102e-10
4.780095e-10
4.518591e-10
4.540603e-10
4.542761e-10
4.539851e-10
4.361837e-10
4.364444e-10
4.360776e-10
4.249398e-10
4.246264e-10
4.180254e-10
3.94153e-10
3.918013e-10
3.871624e-10
3.679681e-10
3.609858e-10
3.593127e-10
3.58324e-10
3.580357e-10
3.58466e-10
3.596268e-10
3.897821e-10
3.853683e-10
3.670951e-10
3.606703e-10
3.592549e-10
3.585112e-10
3.584706e-10
3.591438e-10
3.605289e-10
3.626398e-10
3.815059e-10
3.652721e-10
3.602774e-10
3.594172e-10
3.592423e-10
3.597623e-10
3.609735e-10
3.628912e-10
3.654882e-10
3.688064e-10
3.632902e-10
3.606827e-10
3.60786e-10
3.615547e-10
3.629815e-10
3.650866e-10
3.67835e-10
3.712556e-10
3.753153e-10
3.915982e-10
3.63863e-10
3.653043e-10
3.673461e-10
3.700463e-10
3.733284e-10
3.772414e-10
3.817101e-10
3.868213e-10
4.056884e-10
4.49307e-10
3.748838e-10
3.78424e-10
3.824544e-10
3.871017e-10
3.922267e-10
3.979243e-10
4.041065e-10
4.257167e-10
4.719863e-10
4.781234e-10
3.928679e-10
3.981383e-10
4.037849e-10
4.100093e-10
4.166287e-10
4.237872e-10
4.473702e-10
4.955463e-10
5.020719e-10
5.046333e-10
4.131021e-10
4.196238e-10
4.264305e-10
4.337941e-10
4.415227e-10
4.66444e-10
5.155504e-10
5.225335e-10
5.253221e-10
5.260127e-10
4.313207e-10
4.387093e-10
4.463264e-10
4.545109e-10
4.800458e-10
5.297016e-10
5.368901e-10
5.399631e-10
5.407373e-10
5.407575e-10
4.448744e-10
4.528607e-10
4.610818e-10
4.869811e-10
5.367293e-10
5.441566e-10
5.472778e-10
5.482046e-10
5.482017e-10
4.52413e-10
4.608245e-10
4.865753e-10
5.36399e-10
5.4377e-10
5.469883e-10
5.478585e-10
5.479293e-10
4.534434e-10
4.790538e-10
5.285491e-10
5.358972e-10
5.389578e-10
5.398404e-10
5.398111e-10
4.646675e-10
5.138195e-10
5.20801e-10
5.237633e-10
5.244541e-10
5.244177e-10
4.930422e-10
4.998268e-10
5.024224e-10
5.030173e-10
5.028211e-10
4.752108e-10
4.776614e-10
4.77994e-10
4.77767e-10
4.537291e-10
4.540464e-10
4.536817e-10
4.361542e-10
4.358528e-10
4.243743e-10
3.92056e-10
3.873865e-10
3.681725e-10
3.610871e-10
3.593871e-10
3.583564e-10
3.58035e-10
3.584327e-10
3.595534e-10
3.614099e-10
3.855477e-10
3.67237e-10
3.60782e-10
3.593107e-10
3.585347e-10
3.584592e-10
3.590949e-10
3.604545e-10
3.625228e-10
3.653349e-10
3.65394e-10
3.603288e-10
3.594519e-10
3.592369e-10
3.597198e-10
3.609072e-10
3.62783e-10
3.653654e-10
3.686382e-10
3.828188e-10
3.606949e-10
3.607705e-10
3.614957e-10
3.629048e-10
3.649671e-10
3.677074e-10
3.710791e-10
3.751405e-10
3.913223e-10
4.320526e-10
3.65212e-10
3.672567e-10
3.698881e-10
3.731812e-10
3.77042e-10
3.81525e-10
3.86577e-10
4.054257e-10
4.489362e-10
4.546895e-10
3.782196e-10
3.822984e-10
3.868516e-10
3.920167e-10
3.976437e-10
4.038658e-10
4.253759e-10
4.716623e-10
4.777704e-10
4.800486e-10
3.978422e-10
4.035834e-10
4.096862e-10
4.163607e-10
4.234525e-10
4.47073e-10
4.951497e-10
5.017671e-10
5.042945e-10
5.048036e-10
4.192595e-10
4.262031e-10
4.334222e-10
4.412269e-10
4.660555e-10
5.152262e-10
5.221574e-10
5.25034e-10
5.256771e-10
5.256136e-10
4.382996e-10
4.460839e-10
4.54125e-10
4.797219e-10
5.292908e-10
5.365856e-10
5.396047e-10
5.404602e-10
5.404174e-10
4.524248e-10
4.608292e-10
4.865758e-10
5.364006e-10
5.437712e-10
5.469901e-10
5.478587e-10
5.479291e-10
4.603836e-10
4.863088e-10
5.359888e-10
5.434666e-10
5.466268e-10
5.475825e-10
5.475906e-10
4.786052e-10
5.282798e-10
5.355167e-10
5.386743e-10
5.39499e-10
5.39541e-10
5.133777e-10
5.205511e-10
5.234081e-10
5.241877e-10
5.240902e-10
4.994328e-10
5.02186e-10
5.026901e-10
5.025663e-10
4.773063e-10
4.777658e-10
4.774578e-10
4.537278e-10
4.534571e-10
4.355682e-10
3.87621e-10
3.683159e-10
3.61205e-10
3.594559e-10
3.583947e-10
3.580362e-10
3.583975e-10
3.594904e-10
3.613052e-10
3.638742e-10
3.673524e-10
3.608589e-10
3.593813e-10
3.585579e-10
3.584478e-10
3.59054e-10
3.603736e-10
3.624216e-10
3.6519e-10
3.78001e-10
3.603824e-10
3.594764e-10
3.592323e-10
3.596825e-10
3.608322e-10
3.626905e-10
3.652295e-10
3.68493e-10
3.825694e-10
4.20923e-10
3.607519e-10
3.614558e-10
3.628121e-10
3.648646e-10
3.675609e-10
3.709305e-10
3.749425e-10
3.910854e-10
4.316922e-10
4.371942e-10
3.67136e-10
3.697793e-10
3.729974e-10
3.768765e-10
3.813066e-10
3.863782e-10
4.051235e-10
4.486189e-10
4.543425e-10
4.563983e-10
3.820723e-10
3.866827e-10
3.917506e-10
3.974233e-10
4.035751e-10
4.250998e-10
4.71279e-10
4.774687e-10
4.797169e-10
4.800487e-10
4.032735e-10
4.094779e-10
4.160301e-10
4.23181e-10
4.467074e-10
4.948321e-10
5.013984e-10
5.040087e-10
5.044796e-10
5.043116e-10
4.258318e-10
4.331925e-10
4.408542e-10
4.657428e-10
5.148227e-10
5.218571e-10
5.246808e-10
5.254019e-10
5.252855e-10
4.456723e-10
4.538834e-10
4.793189e-10
5.289625e-10
5.36204e-10
5.393196e-10
5.401174e-10
5.401467e-10
4.603951e-10
4.863136e-10
5.359892e-10
5.434679e-10
5.466278e-10
5.475842e-10
5.475909e-10
4.8585e-10
5.357186e-10
5.43085e-10
5.463431e-10
5.472364e-10
5.473211e-10
5.278184e-10
5.352669e-10
5.383162e-10
5.392287e-10
5.39207e-10
5.201365e-10
5.231733e-10
5.238476e-10
5.238302e-10
5.018124e-10
5.024638e-10
5.022461e-10
4.774241e-10
4.772347e-10
4.531447e-10
3.684673e-10
3.612885e-10
3.595366e-10
3.58431e-10
3.580391e-10
3.583685e-10
3.594224e-10
3.612144e-10
3.637405e-10
3.758889e-10
3.609234e-10
3.594306e-10
3.585882e-10
3.584395e-10
3.59009e-10
3.603048e-10
3.623109e-10
3.650641e-10
3.777691e-10
4.145268e-10
3.595018e-10
3.592302e-10
3.596399e-10
3.607647e-10
3.62585e-10
3.651128e-10
3.683318e-10
3.82353e-10
4.205729e-10
4.25935e-10
3.614073e-10
3.627489e-10
3.647402e-10
3.674347e-10
3.707597e-10
3.747752e-10
3.908164e-10
4.313818e-10
4.368553e-10
4.388052e-10
3.69632e-10
3.728707e-10
3.766697e-10
3.811251e-10
3.861436e-10
4.048769e-10
4.48253e-10
4.540455e-10
4.560721e-10
4.562826e-10
3.864373e-10
3.915705e-10
3.971438e-10
4.033464e-10
4.247659e-10
4.709683e-10
4.771113e-10
4.794337e-10
4.797316e-10
4.794654e-10
4.091566e-10
4.158166e-10
4.228453e-10
4.464113e-10
4.944403e-10
5.011034e-10
5.036625e-10
5.042067e-10
5.039949e-10
4.328164e-10
4.406237e-10
4.653473e-10
5.144998e-10
5.21482e-10
5.243995e-10
5.250641e-10
5.250167e-10
4.534719e-10
4.790659e-10
5.285507e-10
5.359009e-10
5.389609e-10
5.398452e-10
5.398115e-10
4.858617e-10
5.357231e-10
5.430854e-10
5.463443e-10
5.472374e-10
5.473227e-10
5.352506e-10
5.428346e-10
5.459841e-10
5.469659e-10
5.469825e-10
5.348351e-10
5.380817e-10
5.388857e-10
5.389432e-10
5.227808e-10
5.236229e-10
5.234974e-10
5.021041e-10
5.020249e-10
4.768994e-10
3.613771e-10
3.595941e-10
3.584745e-10
3.580436e-10
3.583371e-10
3.593646e-10
3.611157e-10
3.63624e-10
3.756655e-10
4.116382e-10
3.594729e-10
3.586099e-10
3.584309e-10
3.589703e-10
3.60228e-10
3.62216e-10
3.649259e-10
3.775664e-10
4.141837e-10
4.194763e-10
3.592279e-10
3.596118e-10
3.606856e-10
3.624893e-10
3.649794e-10
3.681931e-10
3.82112e-10
4.20268e-10
4.25604e-10
4.275228e-10
3.626719e-10
3.646552e-10
3.672811e-10
3.706118e-10
3.745826e-10
3.905885e-10
4.310289e-10
4.36563e-10
4.384861e-10
4.386629e-10
3.726992e-10
3.765268e-10
3.808981e-10
3.859483e-10
4.045854e-10
4.479535e-10
4.537026e-10
4.557929e-10
4.55971e-10
4.556414e-10
3.913083e-10
3.969543e-10
4.030562e-10
4.245028e-10
4.705916e-10
4.768217e-10
4.790979e-10
4.794612e-10
4.791556e-10
4.154863e-10
4.22628e-10
4.460441e-10
4.941246e-10
5.007386e-10
5.033858e-10
5.038757e-10
5.037283e-10
4.402448e-10
4.651018e-10
5.140892e-10
5.211835e-10
5.24047e-10
5.247955e-10
5.246865e-10
4.786338e-10
5.282912e-10
5.35518e-10
5.386776e-10
5.395019e-10
5.395456e-10
5.352616e-10
5.428386e-10
5.459844e-10
5.46967e-10
5.469835e-10
5.423971e-10
5.457492e-10
5.466219e-10
5.467185e-10
5.376736e-10
5.386614e-10
5.386074e-10
5.232452e-10
5.232777e-10
5.016718e-10
3.596552e-10
3.585058e-10
3.580504e-10
3.583107e-10
3.593005e-10
3.610308e-10
3.634968e-10
3.754695e-10
4.112984e-10
4.165632e-10
3.58629e-10
3.584257e-10
3.589247e-10
3.601605e-10
3.621094e-10
3.648069e-10
3.77343e-10
4.138825e-10
4.191505e-10
4.21069e-10
3.595828e-10
3.606327e-10
3.62376e-10
3.648578e-10
3.680343e-10
3.81904e-10
4.199274e-10
4.253153e-10
4.272106e-10
4.273995e-10
3.645514e-10
3.671757e-10
3.704318e-10
3.744156e-10
3.903253e-10
4.307291e-10
4.362306e-10
4.382108e-10
4.383582e-10
4.380184e-10
3.763335e-10
3.807411e-10
3.85704e-10
4.043424e-10
4.475987e-10
4.534213e-10
4.554701e-10
4.557043e-10
4.553373e-10
3.966779e-10
4.028591e-10
4.241685e-10
4.702946e-10
4.764698e-10
4.788259e-10
4.791403e-10
4.788916e-10
4.222909e-10
4.458055e-10
4.937305e-10
5.004458e-10
5.030429e-10
5.036115e-10
5.034049e-10
4.646966e-10
5.138324e-10
5.208016e-10
5.237676e-10
5.244581e-10
5.244241e-10
5.278452e-10
5.352768e-10
5.383173e-10
5.392318e-10
5.392098e-10
5.424068e-10
5.457527e-10
5.466221e-10
5.467195e-10
5.453357e-10
5.463973e-10
5.463817e-10
5.38269e-10
5.383882e-10
5.229071e-10
3.58539e-10
3.580558e-10
3.58282e-10
3.592447e-10
3.60936e-10
3.633868e-10
3.752545e-10
4.10999e-10
4.1624e-10
4.181637e-10
3.584209e-10
3.588936e-10
3.6008e-10
3.620152e-10
3.646728e-10
3.771495e-10
4.135493e-10
4.188641e-10
4.207612e-10
4.209729e-10
3.605781e-10
3.622997e-10
3.647129e-10
3.678893e-10
3.816651e-10
4.196331e-10
4.249926e-10
4.26938e-10
4.271012e-10
4.267762e-10
3.670472e-10
3.70308e-10
3.74212e-10
3.900967e-10
4.303819e-10
4.35948e-10
4.378975e-10
4.38095e-10
4.377212e-10
3.805283e-10
3.855346e-10
4.040382e-10
4.473032e-10
4.530877e-10
4.55205e-10
4.553959e-10
4.55077e-10
4.025706e-10
4.239406e-10
4.699166e-10
4.761923e-10
4.784948e-10
4.788804e-10
4.785782e-10
4.454335e-10
4.934727e-10
5.000783e-10
5.027685e-10
5.032833e-10
5.031468e-10
5.134054e-10
5.205622e-10
5.234085e-10
5.241917e-10
5.240941e-10
5.348585e-10
5.380906e-10
5.388866e-10
5.389461e-10
5.453443e-10
5.464006e-10
5.463819e-10
5.459998e-10
5.461622e-10
5.380032e-10
3.580613e-10
3.582621e-10
3.591819e-10
3.608525e-10
3.632635e-10
3.750674e-10
4.106694e-10
4.159546e-10
4.178579e-10
4.180845e-10
3.588648e-10
3.600242e-10
3.619023e-10
3.645539e-10
3.769306e-10
4.132599e-10
4.185471e-10
4.204903e-10
4.206787e-10
4.203717e-10
3.622209e-10
3.646149e-10
3.677158e-10
3.814467e-10
4.192942e-10
4.247137e-10
4.266331e-10
4.268406e-10
4.264852e-10
3.701567e-10
3.740715e-10
3.898176e-10
4.300808e-10
4.356203e-10
4.37631e-10
4.377957e-10
4.374643e-10
3.853047e-10
4.038263e-10
4.469332e-10
4.528102e-10
4.548903e-10
4.551422e-10
4.547758e-10
4.236055e-10
4.696569e-10
4.758384e-10
4.782337e-10
4.785637e-10
4.783243e-10
4.930668e-10
4.998373e-10
5.024225e-10
5.030215e-10
5.02826e-10
5.201606e-10
5.231832e-10
5.238479e-10
5.23834e-10
5.376944e-10
5.386696e-10
5.386083e-10
5.460078e-10
5.461653e-10
5.457722e-10
3.582404e-10
3.591378e-10
3.607579e-10
3.631543e-10
3.748566e-10
4.103816e-10
4.156403e-10
4.175877e-10
4.177922e-10
4.174961e-10
3.599718e-10
3.618235e-10
3.644114e-10
3.767356e-10
4.129315e-10
4.182715e-10
4.201903e-10
4.204195e-10
4.200847e-10
3.645133e-10
3.675977e-10
3.811842e-10
4.189858e-10
4.243926e-10
4.263696e-10
4.26549e-10
4.262309e-10
3.738996e-10
3.896236e-10
4.297127e-10
4.353363e-10
4.373216e-10
4.375409e-10
4.371722e-10
4.035373e-10
4.466729e-10
4.524626e-10
4.546287e-10
4.54841e-10
4.54528e-10
4.692715e-10
4.755947e-10
4.779001e-10
4.78314e-10
4.780148e-10
4.994542e-10
5.021953e-10
5.026901e-10
5.025703e-10
5.228022e-10
5.23632e-10
5.234976e-10
5.382882e-10
5.38396e-10
5.457799e-10
3.590897e-10
3.606907e-10
3.630299e-10
3.746689e-10
4.100563e-10
4.153655e-10
4.172899e-10
4.175336e-10
4.172109e-10
3.617481e-10
3.643111e-10
3.765015e-10
4.12639e-10
4.179585e-10
4.199291e-10
4.201324e-10
4.198318e-10
3.674749e-10
3.810039e-10
4.186141e-10
4.241016e-10
4.260662e-10
4.26297e-10
4.259463e-10
3.893847e-10
4.294533e-10
4.349892e-10
4.370537e-10
4.372448e-10
4.369234e-10
4.463145e-10
4.522168e-10
4.543008e-10
4.545906e-10
4.542336e-10
4.752299e-10
4.776699e-10
4.779944e-10
4.777707e-10
5.018314e-10
5.024723e-10
5.022461e-10
5.232649e-10
5.232864e-10
5.380216e-10
3.606174e-10
3.629411e-10
3.744539e-10
4.097663e-10
4.150549e-10
4.170295e-10
4.172485e-10
4.169585e-10
3.642137e-10
3.76335e-10
4.122882e-10
4.176801e-10
4.196326e-10
4.198823e-10
4.195515e-10
3.808143e-10
4.183544e-10
4.237504e-10
4.257922e-10
4.260068e-10
4.257003e-10
4.291301e-10
4.347429e-10
4.367264e-10
4.369887e-10
4.366343e-10
4.518763e-10
4.540683e-10
4.542768e-10
4.53989e-10
4.773232e-10
4.777736e-10
4.774582e-10
5.021215e-10
5.02033e-10
5.229259e-10
3.62844e-10
3.742989e-10
4.094328e-10
4.147781e-10
4.167348e-10
4.16999e-10
4.166803e-10
3.761705e-10
4.120346e-10
4.173472e-10
4.193691e-10
4.195984e-10
4.193074e-10
4.180746e-10
4.235027e-10
4.254613e-10
4.257453e-10
4.254171e-10
4.344335e-10
4.364928e-10
4.366757e-10
4.363844e-10
4.537444e-10
4.540537e-10
4.536824e-10
4.774395e-10
4.772421e-10
5.016884e-10
3.741284e-10
4.091886e-10
4.144593e-10
4.164725e-10
4.167168e-10
4.164367e-10
4.117756e-10
4.171042e-10
4.190548e-10
4.193462e-10
4.190301e-10
4.232314e-10
4.25226e-10
4.254295e-10
4.251621e-10
4.361976e-10
4.364516e-10
4.360788e-10
4.537418e-10
4.534641e-10
4.769141e-10
4.089161e-10
4.142238e-10
4.1617e-10
4.164656e-10
4.161611e-10
4.168498e-10
4.188235e-10
4.190458e-10
4.18784e-10
4.249651e-10
4.252037e-10
4.248542e-10
4.361669e-10
4.358596e-10
4.531581e-10
4.139585e-10
4.15945e-10
4.161757e-10
4.159159e-10
4.18577e-10
4.188237e-10
4.18491e-10
4.24951e-10
4.246334e-10
4.355803e-10
4.156898e-10
4.159591e-10
4.156329e-10
4.185839e-10
4.182738e-10
4.243851e-10
4.157121e-10
4.154208e-10
4.180378e-10
4.151783e-10
)
;

boundaryField
{
    cathodeSides
    {
        type            zeroGradient;
    }
    electrolyteSides
    {
        type            zeroGradient;
    }
    anodeSides
    {
        type            zeroGradient;
    }
    phiI_to_phiI0
    {
        type            zeroGradient;
    }
    procBoundary3to2
    {
        type            processor;
        value           nonuniform List<scalar> 
400
(
3.904878e-10
3.881558e-10
3.910909e-10
3.835587e-10
3.887598e-10
3.908722e-10
3.771555e-10
3.841561e-10
3.885841e-10
3.889351e-10
3.705566e-10
3.777173e-10
3.840609e-10
3.867588e-10
3.847606e-10
3.669483e-10
3.710167e-10
3.777244e-10
3.824652e-10
3.827862e-10
3.666774e-10
3.684605e-10
3.672086e-10
3.711096e-10
3.764823e-10
3.789196e-10
3.656904e-10
3.603687e-10
3.734167e-10
3.684725e-10
3.673139e-10
3.703291e-10
3.736296e-10
3.639869e-10
3.600547e-10
3.589809e-10
3.787575e-10
3.732042e-10
3.685089e-10
3.670255e-10
3.684581e-10
3.623971e-10
3.598049e-10
3.589374e-10
3.581982e-10
3.820461e-10
3.783865e-10
3.731407e-10
3.686149e-10
3.663265e-10
3.627965e-10
3.606347e-10
3.592595e-10
3.584243e-10
3.580478e-10
3.82046e-10
3.815951e-10
3.782382e-10
3.735078e-10
3.689825e-10
3.677142e-10
3.645181e-10
3.610076e-10
3.593146e-10
3.585392e-10
3.585439e-10
3.787574e-10
3.815951e-10
3.814004e-10
3.787533e-10
3.746686e-10
3.770615e-10
3.735747e-10
3.661478e-10
3.619688e-10
3.599865e-10
3.59294e-10
3.596956e-10
3.734165e-10
3.783863e-10
3.814004e-10
3.819806e-10
3.804092e-10
3.878584e-10
3.865824e-10
3.766085e-10
3.68337e-10
3.635239e-10
3.612832e-10
3.606961e-10
3.615075e-10
3.684604e-10
3.73204e-10
3.782381e-10
3.819806e-10
3.838687e-10
3.968495e-10
4.000032e-10
3.907863e-10
3.801541e-10
3.710786e-10
3.656751e-10
3.632082e-10
3.62748e-10
3.639983e-10
3.669502e-10
3.684724e-10
3.731405e-10
3.787532e-10
3.838687e-10
4.018553e-10
4.105855e-10
4.050062e-10
3.954516e-10
3.84194e-10
3.743693e-10
3.684209e-10
3.657607e-10
3.654685e-10
3.760952e-10
3.705611e-10
3.672105e-10
3.685088e-10
3.735075e-10
3.80409e-10
4.018553e-10
4.163264e-10
4.16056e-10
4.104315e-10
4.005556e-10
3.887227e-10
3.782035e-10
3.717565e-10
3.689594e-10
3.782139e-10
4.119508e-10
3.771604e-10
3.710214e-10
3.673158e-10
3.686148e-10
3.746683e-10
3.968493e-10
4.163264e-10
4.220079e-10
4.219249e-10
4.162554e-10
4.060937e-10
3.937334e-10
3.825733e-10
3.75701e-10
3.830449e-10
4.148408e-10
4.168603e-10
3.835627e-10
3.777223e-10
3.711142e-10
3.670272e-10
3.689822e-10
3.878577e-10
4.105852e-10
4.220079e-10
4.280768e-10
4.28169e-10
4.224757e-10
4.120612e-10
3.992185e-10
3.875001e-10
3.918429e-10
4.212396e-10
4.197741e-10
4.184444e-10
3.881585e-10
3.8416e-10
3.777293e-10
3.703334e-10
3.663277e-10
3.770604e-10
4.000024e-10
4.160557e-10
4.280768e-10
4.345107e-10
4.347882e-10
4.290905e-10
4.184533e-10
4.052037e-10
4.062626e-10
4.323717e-10
4.26234e-10
4.213502e-10
4.183529e-10
3.9049e-10
3.887626e-10
3.840648e-10
3.764869e-10
3.684617e-10
3.677124e-10
3.865807e-10
4.050054e-10
4.219245e-10
4.345106e-10
4.413104e-10
4.417827e-10
4.36098e-10
4.252997e-10
4.266316e-10
4.496286e-10
4.374941e-10
4.278046e-10
4.212415e-10
4.177578e-10
3.910931e-10
3.885868e-10
3.824689e-10
3.736337e-10
3.627967e-10
3.735712e-10
3.907845e-10
4.104306e-10
4.281686e-10
4.413104e-10
4.484774e-10
4.491532e-10
4.43531e-10
4.487212e-10
4.7269e-10
4.5499e-10
4.390873e-10
4.276687e-10
4.206337e-10
3.908745e-10
3.867614e-10
3.789229e-10
3.623987e-10
3.645162e-10
3.766044e-10
3.954497e-10
4.162544e-10
4.347879e-10
4.484774e-10
4.560134e-10
4.569341e-10
4.681817e-10
4.965938e-10
4.784258e-10
4.566805e-10
4.389321e-10
4.270387e-10
3.889372e-10
3.827885e-10
3.639887e-10
3.606347e-10
3.661452e-10
3.801496e-10
4.005536e-10
4.224747e-10
4.417824e-10
4.560134e-10
4.639536e-10
4.822459e-10
5.170269e-10
5.027395e-10
4.80332e-10
4.565519e-10
4.38281e-10
3.847625e-10
3.656918e-10
3.598056e-10
3.61007e-10
3.683338e-10
3.841892e-10
4.060916e-10
4.290895e-10
4.491529e-10
4.639535e-10
4.89547e-10
5.315327e-10
5.235258e-10
5.049205e-10
4.80319e-10
4.559042e-10
3.666786e-10
3.600554e-10
3.592598e-10
3.619676e-10
3.710748e-10
3.887176e-10
4.120591e-10
4.36097e-10
4.569338e-10
4.89547e-10
5.389934e-10
5.382803e-10
5.259637e-10
5.050774e-10
4.797291e-10
3.603694e-10
3.589378e-10
3.593144e-10
3.635222e-10
3.743651e-10
3.93728e-10
4.184512e-10
4.435301e-10
4.822456e-10
5.389934e-10
5.45867e-10
5.409075e-10
5.262895e-10
5.045787e-10
3.589813e-10
3.584245e-10
3.599859e-10
3.656729e-10
3.781988e-10
3.99213e-10
4.252976e-10
4.681807e-10
5.315323e-10
5.458669e-10
5.485923e-10
5.413618e-10
5.258837e-10
3.581985e-10
3.585391e-10
3.612823e-10
3.684183e-10
3.825683e-10
4.051981e-10
4.48719e-10
5.170259e-10
5.3828e-10
5.485923e-10
5.491143e-10
5.410274e-10
3.580478e-10
3.592936e-10
3.63207e-10
3.717535e-10
3.874949e-10
4.266254e-10
4.965916e-10
5.235249e-10
5.409073e-10
5.491143e-10
5.488177e-10
3.585436e-10
3.606954e-10
3.657592e-10
3.756978e-10
4.062564e-10
4.726837e-10
5.027375e-10
5.259629e-10
5.413616e-10
5.488177e-10
3.596952e-10
3.627472e-10
3.689575e-10
3.918387e-10
4.496218e-10
4.784203e-10
5.049187e-10
5.262888e-10
5.410272e-10
3.615069e-10
3.654675e-10
3.830423e-10
4.323667e-10
4.54984e-10
4.803271e-10
5.050757e-10
5.25883e-10
3.639976e-10
3.782123e-10
4.212362e-10
4.374896e-10
4.566751e-10
4.803144e-10
5.045771e-10
3.760939e-10
4.148385e-10
4.262309e-10
4.390833e-10
4.565469e-10
4.797248e-10
4.119489e-10
4.197719e-10
4.278018e-10
4.389284e-10
4.558995e-10
4.168585e-10
4.213482e-10
4.276661e-10
4.382775e-10
4.184428e-10
4.212397e-10
4.270362e-10
4.183513e-10
4.206319e-10
4.177563e-10
)
;
    }
}
)

// processor4

370
(dimensions      [0 2 -1 0 0 0 0];

internalField   nonuniform List<scalar> 0();

boundaryField
{
    cathodeSides
    {
        type            zeroGradient;
    }
    electrolyteSides
    {
        type            zeroGradient;
    }
    anodeSides
    {
        type            zeroGradient;
    }
    phiI_to_phiI0
    {
        type            zeroGradient;
    }
}
)

// processor5

370
(dimensions      [0 2 -1 0 0 0 0];

internalField   nonuniform List<scalar> 0();

boundaryField
{
    cathodeSides
    {
        type            zeroGradient;
    }
    electrolyteSides
    {
        type            zeroGradient;
    }
    anodeSides
    {
        type            zeroGradient;
    }
    phiI_to_phiI0
    {
        type            zeroGradient;
    }
}
)

// processor6

370
(dimensions      [0 2 -1 0 0 0 0];

internalField   nonuniform List<scalar> 0();

boundaryField
{
    cathodeSides
    {
        type            zeroGradient;
    }
    electrolyteSides
    {
        type            zeroGradient;
    }
    anodeSides
    {
        type            zeroGradient;
    }
    phiI_to_phiI0
    {
        type            zeroGradient;
    }
}
)

// processor7

370
(dimensions      [0 2 -1 0 0 0 0];

internalField   nonuniform List<scalar> 0();

boundaryField
{
    cathodeSides
    {
        type            zeroGradient;
    }
    electrolyteSides
    {
        type            zeroGradient;
    }
    anodeSides
    {
        type            zeroGradient;
    }
    phiI_to_phiI0
    {
        type            zeroGradient;
    }
}
)
