/*--------------------------------*- C++ -*----------------------------------*\
| =========                 |                                                 |
| \\      /  F ield         | OpenFOAM: The Open Source CFD Toolbox           |
|  \\    /   O peration     | Version:  2306                                  |
|   \\  /    A nd           | Website:  www.openfoam.com                      |
|    \\/     M anipulation  |                                                 |
\*---------------------------------------------------------------------------*/
FoamFile
{
    version     2.0;
    format      binary;
    arch        "LSB;label=32;scalar=64";
    class       decomposedBlockData;
    object      nernst;
    data.format     ascii;
    data.class      volScalarField;
}
// * * * * * * * * * * * * * * * * * * * * * * * * * * * * * * * * * * * * * //


// processor0

36506
(FoamFile
{
    version     2.0;
    format      ascii;
    arch        "LSB;label=32;scalar=64";
    class       volScalarField;
    location    "1/air";
    object      nernst;
}
dimensions      [1 2 -3 0 0 -1 0];

internalField   nonuniform List<scalar> 
4000
(
1.412148
1.412165
1.411755
1.412152
1.41217
1.411772
1.412174
1.411763
1.411762
1.412151
1.412172
1.411776
1.412177
1.411775
1.411782
1.412174
1.411761
1.411763
1.411761
1.412147
1.412172
1.411778
1.412177
1.411779
1.411788
1.412176
1.411772
1.411781
1.411784
1.412174
1.411759
1.41176
1.411761
1.411758
1.412144
1.412172
1.411778
1.412178
1.411781
1.411789
1.412177
1.411777
1.411788
1.411791
1.412176
1.41177
1.411777
1.411782
1.411783
1.412173
1.411757
1.411757
1.411757
1.411757
1.411755
1.41214
1.410698
1.412172
1.411778
1.412178
1.411782
1.411789
1.412178
1.411779
1.411791
1.411792
1.412178
1.411775
1.411786
1.411791
1.411791
1.412176
1.411768
1.411775
1.411778
1.411782
1.411782
1.412172
1.411755
1.411755
1.411754
1.411753
1.411753
1.411751
1.412137
1.41074
1.410643
1.410558
1.41217
1.411778
1.412177
1.411782
1.411789
1.412178
1.41178
1.411792
1.411792
1.412178
1.411778
1.411789
1.411794
1.411792
1.412178
1.411774
1.411783
1.411789
1.411792
1.411791
1.412175
1.411767
1.411772
1.411775
1.411778
1.41178
1.411781
1.412168
1.411754
1.411753
1.411752
1.41175
1.411748
1.411748
1.411745
1.41213
1.410823
1.410684
1.410597
1.410588
1.410501
1.41041
1.412165
1.411776
1.412177
1.411781
1.411789
1.412177
1.41178
1.411792
1.411792
1.412178
1.411779
1.41179
1.411795
1.411792
1.412178
1.411776
1.411788
1.411793
1.411794
1.411792
1.412177
1.411772
1.411781
1.411787
1.411789
1.411791
1.41179
1.412172
1.411765
1.41177
1.411772
1.411774
1.411775
1.411777
1.411778
1.412161
1.411753
1.411752
1.41175
1.411747
1.411744
1.41174
1.411737
1.411728
1.412089
1.410946
1.410766
1.410674
1.41063
1.410539
1.410448
1.410544
1.410444
1.410347
1.410138
1.412148
1.411772
1.412174
1.411779
1.411788
1.412176
1.411779
1.411791
1.411792
1.412178
1.411779
1.41179
1.411795
1.411792
1.412178
1.411777
1.411789
1.411794
1.411794
1.411792
1.412177
1.411775
1.411786
1.411792
1.411794
1.411793
1.411792
1.412174
1.411771
1.411779
1.411784
1.411787
1.411788
1.411789
1.411788
1.412162
1.411764
1.411768
1.41177
1.41177
1.411771
1.411768
1.411767
1.411762
1.41212
1.411751
1.41175
1.411747
1.411744
1.411739
1.411733
1.411722
1.411706
1.411667
1.411839
1.411103
1.410886
1.41078
1.410711
1.410613
1.410515
1.410585
1.410482
1.410386
1.41017
1.410508
1.410398
1.410283
1.410076
1.41021
1.411755
1.412152
1.411775
1.411782
1.412174
1.411777
1.411788
1.411791
1.412176
1.411778
1.411789
1.411794
1.411792
1.412178
1.411777
1.411789
1.411794
1.411794
1.411792
1.412177
1.411776
1.411787
1.411794
1.411795
1.411793
1.411792
1.412174
1.411773
1.411784
1.41179
1.411793
1.411794
1.41179
1.41179
1.412162
1.41177
1.411777
1.411782
1.411784
1.411785
1.411783
1.41178
1.411773
1.412123
1.411762
1.411767
1.411767
1.411767
1.411764
1.41176
1.411747
1.411726
1.411675
1.411787
1.411748
1.411746
1.411741
1.411735
1.411724
1.411707
1.411674
1.411609
1.411445
1.411099
1.411036
1.41089
1.410832
1.410714
1.410584
1.410667
1.410556
1.410457
1.410227
1.410549
1.410437
1.410322
1.410107
1.410247
1.410477
1.410361
1.410232
1.410019
1.410142
1.410381
1.411763
1.411762
1.412151
1.411772
1.411781
1.411784
1.412174
1.411775
1.411786
1.411791
1.411791
1.412176
1.411776
1.411788
1.411793
1.411794
1.411792
1.412177
1.411776
1.411787
1.411794
1.411795
1.411793
1.411792
1.412174
1.411775
1.411786
1.411792
1.411795
1.411795
1.41179
1.411791
1.412162
1.411773
1.411782
1.411788
1.411791
1.411791
1.411789
1.411781
1.411775
1.412121
1.411768
1.411776
1.411778
1.411781
1.411779
1.411777
1.411763
1.411739
1.41168
1.411758
1.411763
1.411766
1.411762
1.411759
1.411748
1.411729
1.411681
1.411589
1.411382
1.411063
1.411742
1.411739
1.411729
1.411716
1.411691
1.411647
1.411556
1.411353
1.410968
1.410919
1.410979
1.410816
1.410598
1.410788
1.410656
1.410538
1.410293
1.410632
1.41051
1.410398
1.410162
1.410317
1.410519
1.4104
1.410272
1.410049
1.410177
1.410423
1.410451
1.41033
1.410192
1.409973
1.410079
1.410313
1.410399
1.411761
1.411763
1.411761
1.412147
1.41177
1.411777
1.411782
1.411783
1.412173
1.411774
1.411783
1.411789
1.411792
1.411791
1.412175
1.411775
1.411786
1.411792
1.411794
1.411793
1.411792
1.412174
1.411775
1.411786
1.411792
1.411795
1.411795
1.41179
1.411791
1.412162
1.411774
1.411784
1.411791
1.411793
1.411793
1.411791
1.411781
1.411775
1.41212
1.411771
1.411781
1.411785
1.411789
1.411788
1.411783
1.41177
1.411743
1.41168
1.41174
1.411772
1.411778
1.411776
1.411776
1.411764
1.411746
1.411692
1.411591
1.411363
1.411037
1.41176
1.411761
1.411751
1.411739
1.411705
1.411644
1.411511
1.411245
1.410916
1.410917
1.411733
1.411726
1.411707
1.411678
1.411621
1.411517
1.411288
1.410886
1.410814
1.41052
1.410935
1.410754
1.410573
1.410328
1.410753
1.41061
1.410488
1.410224
1.41041
1.410602
1.410474
1.410348
1.410103
1.410244
1.410502
1.410493
1.410369
1.410231
1.410003
1.410114
1.410353
1.410441
1.410427
1.410304
1.410157
1.409938
1.41003
1.410249
1.410331
1.410399
1.411759
1.41176
1.411761
1.411758
1.412144
1.411768
1.411775
1.411778
1.411782
1.411782
1.412172
1.411772
1.411781
1.411787
1.411789
1.411791
1.41179
1.412172
1.411773
1.411784
1.41179
1.411793
1.411794
1.41179
1.41179
1.412162
1.411774
1.411784
1.411791
1.411793
1.411793
1.411791
1.411781
1.411775
1.41212
1.411772
1.411784
1.411788
1.411792
1.411791
1.411785
1.411772
1.411744
1.411679
1.411731
1.411777
1.411785
1.411784
1.411785
1.411774
1.411755
1.411698
1.411591
1.411351
1.41102
1.411771
1.411776
1.411767
1.411756
1.41172
1.411653
1.411504
1.411215
1.410882
1.410919
1.411751
1.411749
1.411724
1.411688
1.411604
1.411452
1.411152
1.410824
1.410794
1.410517
1.411717
1.411701
1.411663
1.411601
1.411483
1.411242
1.410828
1.410739
1.410489
1.410283
1.4109
1.410706
1.410539
1.410252
1.410502
1.410723
1.410573
1.41044
1.410164
1.410331
1.410611
1.410576
1.410443
1.410307
1.410057
1.41018
1.410429
1.410521
1.41047
1.410342
1.410197
1.409968
1.410065
1.410289
1.410372
1.410442
1.410407
1.41028
1.410128
1.409908
1.409992
1.410199
1.410268
1.410332
1.410394
1.411757
1.411757
1.411757
1.411757
1.411755
1.41214
1.411767
1.411772
1.411775
1.411778
1.41178
1.411781
1.412168
1.411771
1.411779
1.411784
1.411787
1.411788
1.411789
1.411788
1.412162
1.411773
1.411782
1.411788
1.411791
1.411791
1.411789
1.411781
1.411775
1.412121
1.411772
1.411784
1.411788
1.411792
1.411791
1.411785
1.411772
1.411744
1.411679
1.411731
1.411779
1.411789
1.411788
1.411788
1.411777
1.411758
1.411699
1.41159
1.411345
1.411012
1.411778
1.411785
1.411776
1.411767
1.411729
1.41166
1.411502
1.411198
1.410859
1.410921
1.411764
1.411767
1.41174
1.411702
1.411607
1.411437
1.41111
1.410784
1.410781
1.410592
1.411733
1.411719
1.411664
1.411576
1.4114
1.41109
1.410759
1.410709
1.410481
1.410247
1.411688
1.411653
1.41158
1.411457
1.411206
1.410785
1.410682
1.410466
1.410183
1.410551
1.41087
1.410668
1.410493
1.410189
1.410412
1.410734
1.410698
1.410542
1.410398
1.410117
1.410264
1.410533
1.410632
1.410553
1.410416
1.410272
1.410022
1.41013
1.410364
1.410449
1.410522
1.410449
1.410319
1.410168
1.409938
1.410027
1.410238
1.410308
1.410372
1.410437
1.410387
1.410259
1.410103
1.409883
1.409959
1.410158
1.410217
1.410268
1.410327
1.41039
1.411755
1.411755
1.411754
1.411753
1.411753
1.411751
1.412137
1.411765
1.41177
1.411772
1.411774
1.411775
1.411777
1.411778
1.412161
1.41177
1.411777
1.411782
1.411784
1.411785
1.411783
1.41178
1.411773
1.412123
1.411771
1.411781
1.411785
1.411789
1.411788
1.411783
1.41177
1.411743
1.41168
1.41174
1.411779
1.411789
1.411788
1.411788
1.411777
1.411758
1.411699
1.41159
1.411345
1.411012
1.411781
1.411789
1.41178
1.411771
1.411732
1.411663
1.411501
1.411191
1.410848
1.410918
1.411773
1.411778
1.41175
1.411712
1.411612
1.411435
1.411091
1.410759
1.410768
1.41067
1.411747
1.411737
1.411674
1.411576
1.411375
1.411039
1.410715
1.410684
1.410536
1.41024
1.411696
1.411654
1.411543
1.411363
1.411041
1.410711
1.410645
1.410466
1.410122
1.410568
1.411636
1.411566
1.411432
1.411179
1.41075
1.410639
1.410419
1.410114
1.41044
1.410843
1.410845
1.410636
1.41045
1.41014
1.410341
1.410646
1.410757
1.410675
1.410516
1.410362
1.410081
1.410213
1.410465
1.410553
1.410633
1.410533
1.410393
1.410243
1.409992
1.410091
1.410312
1.410383
1.41045
1.410518
1.410429
1.410298
1.410143
1.409913
1.409994
1.410197
1.410256
1.410308
1.410367
1.410433
1.410239
1.410082
1.40986
1.409932
1.410123
1.410176
1.410217
1.410263
1.410322
1.410389
1.411754
1.411753
1.411752
1.41175
1.411748
1.411748
1.411745
1.41213
1.411764
1.411768
1.41177
1.41177
1.411771
1.411768
1.411767
1.411762
1.41212
1.411768
1.411776
1.411778
1.411781
1.411779
1.411777
1.411763
1.411739
1.41168
1.411758
1.411777
1.411785
1.411784
1.411785
1.411774
1.411755
1.411698
1.411591
1.411351
1.41102
1.411781
1.411789
1.41178
1.411771
1.411732
1.411663
1.411501
1.411191
1.410848
1.410918
1.411777
1.411782
1.411754
1.411717
1.411615
1.411433
1.411082
1.410747
1.410761
1.410684
1.411756
1.41175
1.411682
1.41158
1.411368
1.411018
1.410689
1.410667
1.410533
1.410242
1.411706
1.411665
1.411534
1.411332
1.410983
1.410666
1.410615
1.410449
1.410091
1.410572
1.411622
1.411526
1.411325
1.411006
1.410673
1.410598
1.410402
1.410044
1.410435
1.410918
1.411545
1.411414
1.411153
1.410722
1.410603
1.410372
1.410058
1.410361
1.410744
1.41087
1.410822
1.410609
1.410411
1.410101
1.410288
1.410576
1.41067
1.410759
1.410655
1.410493
1.410332
1.41005
1.410174
1.410413
1.410486
1.410555
1.410629
1.410513
1.410372
1.410218
1.409967
1.410059
1.410271
1.410332
1.410384
1.410445
1.410514
1.410278
1.410121
1.40989
1.409966
1.410162
1.410216
1.410257
1.410303
1.410363
1.410432
1.410062
1.409841
1.409907
1.410094
1.410141
1.410176
1.410212
1.410259
1.410322
1.410392
1.411753
1.411752
1.41175
1.411747
1.411744
1.41174
1.411737
1.411728
1.412089
1.411762
1.411767
1.411767
1.411767
1.411764
1.41176
1.411747
1.411726
1.411675
1.411787
1.411772
1.411778
1.411776
1.411776
1.411764
1.411746
1.411692
1.411591
1.411363
1.411037
1.411778
1.411785
1.411776
1.411767
1.411729
1.41166
1.411502
1.411198
1.410859
1.410921
1.411777
1.411782
1.411754
1.411717
1.411615
1.411433
1.411082
1.410747
1.410761
1.410684
1.411761
1.411755
1.411686
1.411583
1.411366
1.411009
1.410676
1.410659
1.41053
1.410241
1.411714
1.411676
1.411535
1.411323
1.410958
1.410639
1.410597
1.410442
1.410072
1.410571
1.411621
1.411517
1.411285
1.410944
1.410625
1.410566
1.410383
1.41
1.410422
1.410963
1.411488
1.411303
1.410972
1.410643
1.410559
1.410355
1.40998
1.410348
1.410809
1.410949
1.411391
1.411133
1.410697
1.410575
1.410327
1.410015
1.410304
1.410669
1.410772
1.410874
1.410803
1.410586
1.410378
1.410068
1.410248
1.410522
1.4106
1.410672
1.410756
1.410636
1.410472
1.410306
1.410024
1.410141
1.410372
1.410434
1.410488
1.410551
1.410626
1.410353
1.410197
1.409944
1.410031
1.410237
1.410291
1.410333
1.41038
1.410441
1.410514
1.410101
1.409871
1.409942
1.410133
1.410181
1.410216
1.410252
1.410299
1.410363
1.410436
1.409822
1.409886
1.410068
1.410112
1.410141
1.410171
1.410207
1.410258
1.410325
1.410408
1.411751
1.41175
1.411747
1.411744
1.411739
1.411733
1.411722
1.411706
1.411667
1.411839
1.411763
1.411766
1.411762
1.411759
1.411748
1.411729
1.411681
1.411589
1.411382
1.411063
1.411771
1.411776
1.411767
1.411756
1.41172
1.411653
1.411504
1.411215
1.410882
1.410919
1.411773
1.411778
1.41175
1.411712
1.411612
1.411435
1.411091
1.410759
1.410768
1.41067
1.411761
1.411755
1.411686
1.411583
1.411366
1.411009
1.410676
1.410659
1.41053
1.410241
1.411719
1.411681
1.411536
1.41132
1.410949
1.410626
1.410588
1.410439
1.410062
1.410568
1.411625
1.411519
1.41127
1.410917
1.410598
1.410546
1.410374
1.409976
1.410407
1.410986
1.411465
1.411261
1.410905
1.410594
1.410525
1.410332
1.409931
1.410326
1.410848
1.410997
1.411266
1.41095
1.410615
1.410529
1.410315
1.409932
1.410285
1.410731
1.410843
1.410956
1.411111
1.410676
1.410549
1.41029
1.40998
1.410263
1.410613
1.410698
1.410777
1.410873
1.410784
1.410565
1.410351
1.410042
1.410214
1.410481
1.410546
1.410602
1.41067
1.410754
1.410452
1.410285
1.410001
1.410113
1.410337
1.410393
1.410435
1.410484
1.410548
1.410627
1.410177
1.409924
1.410007
1.410208
1.410256
1.410292
1.410328
1.410376
1.410441
1.410519
1.409852
1.40992
1.410107
1.410152
1.410181
1.410211
1.410247
1.410298
1.410366
1.410452
1.409865
1.410045
1.410086
1.410112
1.410136
1.410166
1.410206
1.410261
1.41034
1.410438
1.411748
1.411746
1.411741
1.411735
1.411724
1.411707
1.411674
1.411609
1.411445
1.411099
1.41176
1.411761
1.411751
1.411739
1.411705
1.411644
1.411511
1.411245
1.410916
1.410917
1.411764
1.411767
1.41174
1.411702
1.411607
1.411437
1.41111
1.410784
1.410781
1.410592
1.411756
1.41175
1.411682
1.41158
1.411368
1.411018
1.410689
1.410667
1.410533
1.410242
1.411719
1.411681
1.411536
1.41132
1.410949
1.410626
1.410588
1.410439
1.410062
1.410568
1.411627
1.411521
1.411266
1.410907
1.410585
1.410537
1.410371
1.409964
1.410399
1.410996
1.411458
1.411246
1.410876
1.410566
1.410505
1.410323
1.409904
1.410306
1.410868
1.411022
1.411212
1.410881
1.410565
1.410494
1.41029
1.40988
1.410259
1.410768
1.410885
1.411004
1.410919
1.410594
1.4105
1.410277
1.409893
1.410241
1.410673
1.410765
1.41085
1.410956
1.410654
1.410528
1.41026
1.409952
1.410229
1.410571
1.410642
1.410703
1.410776
1.410873
1.410545
1.41033
1.410018
1.410186
1.410446
1.410504
1.410549
1.4106
1.410667
1.410757
1.410265
1.409982
1.410088
1.410308
1.410358
1.410394
1.410431
1.41048
1.410549
1.410633
1.409906
1.409985
1.410182
1.410227
1.410257
1.410287
1.410324
1.410376
1.410446
1.410536
1.4099
1.410084
1.410125
1.410152
1.410176
1.410206
1.410247
1.410302
1.410382
1.410482
1.410023
1.410063
1.410086
1.410107
1.410131
1.410165
1.410209
1.410276
1.41037
1.410488
1.411103
1.411742
1.411739
1.411729
1.411716
1.411691
1.411647
1.411556
1.411353
1.410968
1.410919
1.411751
1.411749
1.411724
1.411688
1.411604
1.411452
1.411152
1.410824
1.410794
1.410517
1.411747
1.411737
1.411674
1.411576
1.411375
1.411039
1.410715
1.410684
1.410536
1.41024
1.411714
1.411676
1.411535
1.411323
1.410958
1.410639
1.410597
1.410442
1.410072
1.410571
1.411627
1.411521
1.411266
1.410907
1.410585
1.410537
1.410371
1.409964
1.410399
1.410996
1.411457
1.411242
1.410864
1.410553
1.410495
1.410319
1.409892
1.410294
1.410877
1.411033
1.411189
1.410851
1.410536
1.410473
1.410281
1.409851
1.410236
1.410788
1.410908
1.411031
1.410844
1.410543
1.410465
1.410258
1.409837
1.410212
1.41071
1.410807
1.410894
1.411006
1.410569
1.410479
1.410244
1.409863
1.410205
1.41063
1.410708
1.410773
1.410851
1.410957
1.410505
1.410238
1.409927
1.410202
1.410535
1.410599
1.410648
1.410703
1.410776
1.410878
1.410309
1.409998
1.41016
1.410416
1.410469
1.410507
1.410546
1.410597
1.41067
1.410765
1.409963
1.410067
1.410282
1.410329
1.410359
1.41039
1.410428
1.410482
1.410555
1.410652
1.409965
1.410159
1.410201
1.410228
1.410252
1.410283
1.410324
1.41038
1.410463
1.410568
1.410063
1.410103
1.410126
1.410147
1.410171
1.410206
1.41025
1.410317
1.410413
1.410533
1.410041
1.410063
1.410081
1.410102
1.41013
1.410168
1.410224
1.410305
1.41042
1.410946
1.411036
1.41089
1.411733
1.411726
1.411707
1.411678
1.411621
1.411517
1.411288
1.410886
1.410814
1.41052
1.411733
1.411719
1.411664
1.411576
1.4114
1.41109
1.410759
1.410709
1.410481
1.410247
1.411706
1.411665
1.411534
1.411332
1.410983
1.410666
1.410615
1.410449
1.410091
1.410572
1.411625
1.411519
1.41127
1.410917
1.410598
1.410546
1.410374
1.409976
1.410407
1.410986
1.411457
1.411242
1.410864
1.410553
1.410495
1.410319
1.409892
1.410294
1.410877
1.411033
1.411181
1.41084
1.410522
1.410463
1.410276
1.409839
1.410223
1.410796
1.410918
1.411042
1.41081
1.410514
1.410443
1.410248
1.409808
1.410188
1.410729
1.410829
1.410918
1.411033
1.410516
1.410443
1.410228
1.409805
1.410174
1.410665
1.410749
1.410816
1.410896
1.411008
1.410454
1.410221
1.409835
1.410177
1.410593
1.410665
1.410716
1.410775
1.410853
1.410964
1.410215
1.409907
1.410177
1.410505
1.410563
1.410605
1.410647
1.410703
1.410782
1.410889
1.409978
1.410139
1.41039
1.41044
1.410472
1.410504
1.410544
1.4106
1.410679
1.410787
1.410046
1.41026
1.410303
1.41033
1.410355
1.410387
1.410429
1.410488
1.410574
1.410687
1.410137
1.410178
1.410201
1.410223
1.410248
1.410283
1.410328
1.410397
1.410495
1.41062
1.410081
1.410103
1.410121
1.410142
1.410171
1.410209
1.410265
1.410348
1.410464
1.410041
1.410058
1.410075
1.410101
1.410132
1.410182
1.410253
1.410356
1.410823
1.410886
1.41078
1.410979
1.410816
1.410598
1.411717
1.411701
1.411663
1.411601
1.411483
1.411242
1.410828
1.410739
1.410489
1.410283
1.411696
1.411654
1.411543
1.411363
1.411041
1.410711
1.410645
1.410466
1.410122
1.410568
1.411621
1.411517
1.411285
1.410944
1.410625
1.410566
1.410383
1.41
1.410422
1.410963
1.411458
1.411246
1.410876
1.410566
1.410505
1.410323
1.409904
1.410306
1.410868
1.411022
1.411181
1.41084
1.410522
1.410463
1.410276
1.409839
1.410223
1.410796
1.410918
1.411042
1.410797
1.410501
1.410432
1.410244
1.409794
1.410174
1.410737
1.410839
1.410928
1.411044
1.410485
1.410421
1.410217
1.409775
1.410149
1.410685
1.410771
1.41084
1.410921
1.411035
1.410416
1.410206
1.409776
1.410145
1.410628
1.410705
1.410759
1.410819
1.410899
1.411016
1.410197
1.409815
1.410151
1.410563
1.410628
1.410673
1.410718
1.410777
1.410861
1.410978
1.409885
1.410156
1.410479
1.410534
1.410569
1.410605
1.410648
1.410709
1.410794
1.410914
1.410118
1.410368
1.410413
1.410442
1.410469
1.410502
1.410547
1.410609
1.410701
1.410824
1.410238
1.41028
1.410304
1.410326
1.410352
1.410388
1.410435
1.410507
1.410609
1.410742
1.410156
1.410179
1.410197
1.410219
1.410248
1.410287
1.410345
1.410429
1.410548
1.410081
1.410098
1.410116
1.410141
1.410174
1.410224
1.410296
1.410399
1.410036
1.410052
1.410074
1.410103
1.410147
1.410211
1.410303
1.41074
1.410766
1.410674
1.410832
1.410714
1.410584
1.410935
1.410754
1.410573
1.410328
1.411688
1.411653
1.41158
1.411457
1.411206
1.410785
1.410682
1.410466
1.410183
1.410551
1.411622
1.411526
1.411325
1.411006
1.410673
1.410598
1.410402
1.410044
1.410435
1.410918
1.411465
1.411261
1.410905
1.410594
1.410525
1.410332
1.409931
1.410326
1.410848
1.410997
1.411189
1.410851
1.410536
1.410473
1.410281
1.409851
1.410236
1.410788
1.410908
1.411031
1.410797
1.410501
1.410432
1.410244
1.409794
1.410174
1.410737
1.410839
1.410928
1.411044
1.410471
1.41041
1.410213
1.409761
1.410134
1.410693
1.410781
1.41085
1.410931
1.411047
1.410392
1.410195
1.409745
1.410119
1.410647
1.410727
1.410782
1.410843
1.410924
1.411044
1.41018
1.409755
1.410118
1.410598
1.410668
1.410715
1.410762
1.410822
1.410908
1.411031
1.40979
1.41013
1.410536
1.410598
1.410636
1.410675
1.410721
1.410785
1.410875
1.411005
1.410134
1.410456
1.410507
1.41054
1.410569
1.410605
1.410654
1.410721
1.41082
1.410956
1.410346
1.410391
1.410416
1.41044
1.410467
1.410505
1.410556
1.410631
1.410739
1.410884
1.410258
1.410281
1.4103
1.410323
1.410353
1.410394
1.410454
1.410541
1.410664
1.410157
1.410174
1.410192
1.410218
1.410252
1.410303
1.410377
1.410482
1.410076
1.410093
1.410115
1.410144
1.410188
1.410254
1.410346
1.41003
1.410051
1.410076
1.410117
1.410176
1.410261
1.410698
1.410684
1.410597
1.410711
1.410613
1.410515
1.410788
1.410656
1.410538
1.410293
1.4109
1.410706
1.410539
1.410252
1.410502
1.411636
1.411566
1.411432
1.411179
1.41075
1.410639
1.410419
1.410114
1.41044
1.410843
1.411488
1.411303
1.410972
1.410643
1.410559
1.410355
1.40998
1.410348
1.410809
1.410949
1.411212
1.410881
1.410565
1.410494
1.41029
1.40988
1.410259
1.410768
1.410885
1.411004
1.41081
1.410514
1.410443
1.410248
1.409808
1.410188
1.410729
1.410829
1.410918
1.411033
1.410471
1.41041
1.410213
1.409761
1.410134
1.410693
1.410781
1.41085
1.410931
1.411047
1.410381
1.410191
1.409731
1.410104
1.410656
1.410737
1.410792
1.410854
1.410935
1.411056
1.410168
1.409723
1.410091
1.410617
1.41069
1.410738
1.410786
1.410847
1.410934
1.41106
1.409729
1.410097
1.41057
1.410638
1.410678
1.410718
1.410765
1.410832
1.410925
1.411061
1.410106
1.410514
1.410571
1.410607
1.410638
1.410677
1.410729
1.4108
1.410904
1.41105
1.410433
1.410485
1.410513
1.41054
1.410569
1.410611
1.410666
1.410747
1.410862
1.411019
1.410369
1.410394
1.410413
1.410438
1.41047
1.410514
1.410578
1.41067
1.410799
1.410259
1.410277
1.410296
1.410324
1.410359
1.410412
1.410489
1.410597
1.410152
1.410169
1.410192
1.410222
1.410268
1.410335
1.410429
1.410071
1.410092
1.410117
1.410159
1.410218
1.410304
1.410029
1.410053
1.41009
1.410146
1.410225
1.410643
1.410558
1.41063
1.410539
1.410448
1.410667
1.410556
1.410457
1.410227
1.410753
1.41061
1.410488
1.410224
1.41041
1.41087
1.410668
1.410493
1.410189
1.410412
1.410734
1.411545
1.411414
1.411153
1.410722
1.410603
1.410372
1.410058
1.410361
1.410744
1.41087
1.411266
1.41095
1.410615
1.410529
1.410315
1.409932
1.410285
1.410731
1.410843
1.410956
1.410844
1.410543
1.410465
1.410258
1.409837
1.410212
1.41071
1.410807
1.410894
1.411006
1.410485
1.410421
1.410217
1.409775
1.410149
1.410685
1.410771
1.41084
1.410921
1.411035
1.410381
1.410191
1.409731
1.410104
1.410656
1.410737
1.410792
1.410854
1.410935
1.411056
1.410163
1.409709
1.410076
1.410626
1.4107
1.410749
1.410797
1.410858
1.410945
1.411073
1.409696
1.41007
1.410589
1.41066
1.410701
1.410742
1.41079
1.410857
1.410952
1.411091
1.410072
1.410548
1.41061
1.410648
1.410681
1.410722
1.410775
1.410849
1.410956
1.411107
1.41049
1.410548
1.410579
1.410609
1.410641
1.410686
1.410744
1.41083
1.410951
1.411117
1.410462
1.41049
1.410513
1.41054
1.410575
1.410624
1.410692
1.41079
1.410927
1.410371
1.410391
1.410411
1.410441
1.410479
1.410536
1.410616
1.410729
1.410255
1.410274
1.410297
1.410329
1.410377
1.410447
1.410544
1.410147
1.410169
1.410196
1.410239
1.4103
1.410387
1.410069
1.410094
1.410132
1.410189
1.410269
1.410031
1.410067
1.410119
1.410195
1.410588
1.410501
1.41041
1.410585
1.410482
1.410386
1.41017
1.410632
1.41051
1.410398
1.410162
1.410317
1.410723
1.410573
1.41044
1.410164
1.410331
1.410611
1.410845
1.410636
1.41045
1.41014
1.410341
1.410646
1.410757
1.411391
1.411133
1.410697
1.410575
1.410327
1.410015
1.410304
1.410669
1.410772
1.410874
1.410919
1.410594
1.4105
1.410277
1.409893
1.410241
1.410673
1.410765
1.41085
1.410956
1.410516
1.410443
1.410228
1.409805
1.410174
1.410665
1.410749
1.410816
1.410896
1.411008
1.410392
1.410195
1.409745
1.410119
1.410647
1.410727
1.410782
1.410843
1.410924
1.411044
1.410163
1.409709
1.410076
1.410626
1.4107
1.410749
1.410797
1.410858
1.410945
1.411073
1.409681
1.410054
1.410597
1.41067
1.410712
1.410753
1.410801
1.410868
1.410963
1.411104
1.410043
1.410567
1.410632
1.410671
1.410705
1.410747
1.410801
1.410876
1.410984
1.411139
1.410523
1.410587
1.41062
1.410651
1.410685
1.410732
1.410793
1.410881
1.411005
1.411177
1.410525
1.410557
1.410581
1.410611
1.410649
1.410701
1.410774
1.410877
1.411019
1.410467
1.41049
1.410513
1.410546
1.410588
1.41065
1.410735
1.410855
1.410368
1.410389
1.410414
1.410449
1.4105
1.410574
1.410676
1.410251
1.410274
1.410303
1.410348
1.410412
1.410502
1.410147
1.410173
1.410212
1.41027
1.410352
1.410072
1.410109
1.410162
1.410239
1.410044
1.410095
1.410168
1.410544
1.410444
1.410347
1.410138
1.410549
1.410437
1.410322
1.410107
1.410247
1.410602
1.410474
1.410348
1.410103
1.410244
1.410502
1.410698
1.410542
1.410398
1.410117
1.410264
1.410533
1.410632
1.410822
1.410609
1.410411
1.410101
1.410288
1.410576
1.41067
1.410759
1.411111
1.410676
1.410549
1.41029
1.40998
1.410263
1.410613
1.410698
1.410777
1.410873
1.410569
1.410479
1.410244
1.409863
1.410205
1.41063
1.410708
1.410773
1.410851
1.410957
1.410416
1.410206
1.409776
1.410145
1.410628
1.410705
1.410759
1.410819
1.410899
1.411016
1.410168
1.409723
1.410091
1.410617
1.41069
1.410738
1.410786
1.410847
1.410934
1.41106
1.409681
1.410054
1.410597
1.41067
1.410712
1.410753
1.410801
1.410868
1.410963
1.411104
1.410027
1.410575
1.410642
1.410682
1.410716
1.410758
1.410812
1.410888
1.410997
1.411152
1.410542
1.410609
1.410643
1.410675
1.41071
1.410758
1.41082
1.41091
1.411035
1.41121
1.410563
1.410597
1.410624
1.410655
1.410695
1.41075
1.410825
1.410931
1.411077
1.410533
1.410559
1.410584
1.41062
1.410665
1.410731
1.410822
1.410947
1.410467
1.41049
1.410519
1.410558
1.410614
1.410693
1.410801
1.410366
1.410391
1.410423
1.410471
1.410539
1.410634
1.410252
1.41028
1.410321
1.410382
1.410467
1.410151
1.410189
1.410243
1.410322
1.410086
1.410138
1.410212
1.410073
1.410144
1.410508
1.410398
1.410283
1.410076
1.41021
1.410519
1.4104
1.410272
1.410049
1.410177
1.410423
1.410576
1.410443
1.410307
1.410057
1.41018
1.410429
1.410521
1.410675
1.410516
1.410362
1.410081
1.410213
1.410465
1.410553
1.410633
1.410803
1.410586
1.410378
1.410068
1.410248
1.410522
1.4106
1.410672
1.410756
1.410654
1.410528
1.41026
1.409952
1.410229
1.410571
1.410642
1.410703
1.410776
1.410873
1.410454
1.410221
1.409835
1.410177
1.410593
1.410665
1.410716
1.410775
1.410853
1.410964
1.41018
1.409755
1.410118
1.410598
1.410668
1.410715
1.410762
1.410822
1.410908
1.411031
1.409696
1.41007
1.410589
1.41066
1.410701
1.410742
1.41079
1.410857
1.410952
1.411091
1.410027
1.410575
1.410642
1.410682
1.410716
1.410758
1.410812
1.410888
1.410997
1.411152
1.41055
1.410619
1.410653
1.410686
1.410721
1.410769
1.410832
1.410922
1.411048
1.411224
1.410584
1.41062
1.410647
1.41068
1.410721
1.410777
1.410854
1.410962
1.411109
1.410573
1.410601
1.410627
1.410665
1.410713
1.410783
1.410876
1.411005
1.410535
1.410561
1.410592
1.410635
1.410695
1.410779
1.410892
1.410467
1.410496
1.410531
1.410584
1.410657
1.410758
1.410369
1.4104
1.410444
1.410509
1.410598
1.410258
1.410298
1.410355
1.410437
1.410166
1.41022
1.410295
1.410116
1.410188
1.410122
1.410477
1.410361
1.410232
1.410019
1.410142
1.410381
1.410493
1.410369
1.410231
1.410003
1.410114
1.410353
1.410441
1.410553
1.410416
1.410272
1.410022
1.41013
1.410364
1.410449
1.410522
1.410655
1.410493
1.410332
1.41005
1.410174
1.410413
1.410486
1.410555
1.410629
1.410784
1.410565
1.410351
1.410042
1.410214
1.410481
1.410546
1.410602
1.41067
1.410754
1.410505
1.410238
1.409927
1.410202
1.410535
1.410599
1.410648
1.410703
1.410776
1.410878
1.410197
1.409815
1.410151
1.410563
1.410628
1.410673
1.410718
1.410777
1.410861
1.410978
1.409729
1.410097
1.41057
1.410638
1.410678
1.410718
1.410765
1.410832
1.410925
1.411061
1.410043
1.410567
1.410632
1.410671
1.410705
1.410747
1.410801
1.410876
1.410984
1.411139
1.41055
1.410619
1.410653
1.410686
1.410721
1.410769
1.410832
1.410922
1.411048
1.411224
1.410594
1.410631
1.410658
1.410691
1.410732
1.410789
1.410867
1.410975
1.411123
1.410596
1.410625
1.410652
1.410691
1.41074
1.410812
1.410907
1.411037
1.410577
1.410605
1.410638
1.410684
1.410746
1.410833
1.41095
1.410537
1.41057
1.410608
1.410665
1.410743
1.410849
1.410473
1.410509
1.410557
1.410628
1.410723
1.410377
1.410421
1.410482
1.410569
1.410276
1.410332
1.41041
1.410198
1.410272
1.410165
1.410451
1.41033
1.410192
1.409973
1.410079
1.410313
1.410399
1.41047
1.410342
1.410197
1.409968
1.410065
1.410289
1.410372
1.410442
1.410533
1.410393
1.410243
1.409992
1.410091
1.410312
1.410383
1.41045
1.410518
1.410636
1.410472
1.410306
1.410024
1.410141
1.410372
1.410434
1.410488
1.410551
1.410626
1.410545
1.41033
1.410018
1.410186
1.410446
1.410504
1.410549
1.4106
1.410667
1.410757
1.410215
1.409907
1.410177
1.410505
1.410563
1.410605
1.410647
1.410703
1.410782
1.410889
1.40979
1.41013
1.410536
1.410598
1.410636
1.410675
1.410721
1.410785
1.410875
1.411005
1.410072
1.410548
1.41061
1.410648
1.410681
1.410722
1.410775
1.410849
1.410956
1.411107
1.410542
1.410609
1.410643
1.410675
1.41071
1.410758
1.41082
1.41091
1.411035
1.41121
1.410594
1.410631
1.410658
1.410691
1.410732
1.410789
1.410867
1.410975
1.411123
1.410606
1.410635
1.410663
1.410703
1.410753
1.410825
1.41092
1.411051
1.4106
1.410629
1.410663
1.410711
1.410775
1.410864
1.410983
1.41058
1.410615
1.410656
1.410716
1.410797
1.410908
1.410546
1.410585
1.410638
1.410713
1.410813
1.410486
1.410535
1.410601
1.410693
1.410399
1.410459
1.410542
1.41031
1.410387
1.410249
1.410427
1.410304
1.410157
1.409938
1.41003
1.410249
1.410331
1.410399
1.410449
1.410319
1.410168
1.409938
1.410027
1.410238
1.410308
1.410372
1.410437
1.410513
1.410372
1.410218
1.409967
1.410059
1.410271
1.410332
1.410384
1.410445
1.410514
1.410452
1.410285
1.410001
1.410113
1.410337
1.410393
1.410435
1.410484
1.410548
1.410627
1.410309
1.409998
1.41016
1.410416
1.410469
1.410507
1.410546
1.410597
1.41067
1.410765
1.409885
1.410156
1.410479
1.410534
1.410569
1.410605
1.410648
1.410709
1.410794
1.410914
1.410106
1.410514
1.410571
1.410607
1.410638
1.410677
1.410729
1.4108
1.410904
1.41105
1.410523
1.410587
1.41062
1.410651
1.410685
1.410732
1.410793
1.410881
1.411005
1.411177
1.410584
1.41062
1.410647
1.41068
1.410721
1.410777
1.410854
1.410962
1.411109
1.410606
1.410635
1.410663
1.410703
1.410753
1.410825
1.41092
1.411051
1.41061
1.41064
1.410674
1.410723
1.410788
1.410878
1.410998
1.410604
1.41064
1.410683
1.410745
1.410828
1.410941
1.410591
1.410633
1.410689
1.410767
1.410871
1.410562
1.410615
1.410686
1.410784
1.410512
1.410578
1.410666
1.410437
1.410519
1.410364
1.410407
1.41028
1.410128
1.409908
1.409992
1.410198
1.410268
1.410332
1.410394
1.410429
1.410298
1.410143
1.409913
1.409994
1.410197
1.410256
1.410308
1.410367
1.410433
1.410353
1.410197
1.409944
1.410031
1.410237
1.410291
1.410333
1.41038
1.410441
1.410514
1.410265
1.409982
1.410088
1.410308
1.410358
1.410394
1.410431
1.41048
1.410549
1.410633
1.409978
1.410139
1.41039
1.41044
1.410472
1.410504
1.410544
1.4106
1.410679
1.410787
1.410134
1.410456
1.410507
1.41054
1.410569
1.410605
1.410654
1.410721
1.41082
1.410956
1.41049
1.410548
1.410579
1.410609
1.410641
1.410686
1.410744
1.41083
1.410951
1.411117
1.410563
1.410597
1.410624
1.410655
1.410695
1.41075
1.410825
1.410931
1.411077
1.410596
1.410625
1.410652
1.410691
1.41074
1.410812
1.410907
1.411037
1.41061
1.41064
1.410674
1.410723
1.410788
1.410878
1.410998
1.410615
1.410652
1.410695
1.410758
1.410842
1.410956
1.410616
1.41066
1.410718
1.410799
1.410905
1.410609
1.410666
1.41074
1.410842
1.410592
1.410663
1.410756
1.410555
1.410643
1.410496
1.410387
1.410259
1.410103
1.409883
1.409959
1.410158
1.410217
1.410268
1.410327
1.41039
1.410278
1.410121
1.40989
1.409966
1.410162
1.410216
1.410257
1.410303
1.410363
1.410432
1.410177
1.409924
1.410007
1.410208
1.410256
1.410292
1.410328
1.410376
1.410441
1.410519
1.409963
1.410067
1.410282
1.410329
1.410359
1.41039
1.410428
1.410482
1.410555
1.410652
1.410118
1.410368
1.410413
1.410442
1.410469
1.410502
1.410547
1.410609
1.410701
1.410824
1.410433
1.410485
1.410513
1.41054
1.410569
1.410611
1.410666
1.410747
1.410862
1.411019
1.410525
1.410557
1.410581
1.410611
1.410649
1.410701
1.410774
1.410877
1.411019
1.410573
1.410601
1.410627
1.410665
1.410713
1.410783
1.410876
1.411005
1.4106
1.410629
1.410663
1.410711
1.410775
1.410864
1.410983
1.410615
1.410652
1.410695
1.410758
1.410842
1.410956
1.410627
1.410672
1.410731
1.410813
1.41092
1.410636
1.410695
1.410771
1.410875
1.410642
1.410717
1.410814
1.410639
1.410734
1.41062
1.410239
1.410082
1.40986
1.409932
1.410123
1.410176
1.410217
1.410263
1.410322
1.410389
1.410101
1.409871
1.409942
1.410133
1.410181
1.410216
1.410252
1.410299
1.410363
1.410436
1.409906
1.409985
1.410182
1.410227
1.410257
1.410287
1.410324
1.410376
1.410446
1.410536
1.410046
1.41026
1.410303
1.41033
1.410355
1.410387
1.410429
1.410488
1.410574
1.410687
1.410346
1.410391
1.410416
1.41044
1.410467
1.410505
1.410556
1.410631
1.410739
1.410884
1.410462
1.41049
1.410513
1.41054
1.410575
1.410624
1.410692
1.41079
1.410927
1.410533
1.410559
1.410584
1.41062
1.410665
1.410731
1.410822
1.410947
1.410577
1.410605
1.410638
1.410684
1.410746
1.410833
1.41095
1.410604
1.41064
1.410683
1.410745
1.410828
1.410941
1.410627
1.410672
1.410731
1.410813
1.41092
1.410647
1.410708
1.410785
1.410891
1.41067
1.410748
1.410848
1.410693
1.410792
1.41071
1.410062
1.409841
1.409907
1.410094
1.410141
1.410176
1.410212
1.410259
1.410322
1.410392
1.409852
1.40992
1.410107
1.410152
1.410181
1.410211
1.410247
1.410298
1.410366
1.410452
1.409965
1.410159
1.410201
1.410228
1.410252
1.410283
1.410324
1.41038
1.410463
1.410568
1.410238
1.41028
1.410304
1.410326
1.410352
1.410388
1.410435
1.410507
1.410609
1.410742
1.410369
1.410394
1.410413
1.410438
1.41047
1.410514
1.410578
1.41067
1.410799
1.410467
1.41049
1.410513
1.410546
1.410588
1.41065
1.410735
1.410855
1.410535
1.410561
1.410592
1.410635
1.410695
1.410779
1.410892
1.41058
1.410615
1.410656
1.410716
1.410797
1.410908
1.410616
1.41066
1.410718
1.410799
1.410905
1.410647
1.410708
1.410785
1.410891
1.410683
1.410762
1.410863
1.410724
1.410825
1.410768
1.409822
1.409886
1.410068
1.410112
1.410141
1.410171
1.410207
1.410258
1.410325
1.410408
1.4099
1.410084
1.410125
1.410152
1.410176
1.410206
1.410247
1.410302
1.410382
1.410482
1.410137
1.410178
1.410201
1.410223
1.410248
1.410283
1.410328
1.410397
1.410495
1.41062
1.410258
1.410281
1.4103
1.410323
1.410353
1.410394
1.410454
1.410541
1.410664
1.410371
1.410391
1.410411
1.410441
1.410479
1.410536
1.410616
1.410729
1.410467
1.41049
1.410519
1.410558
1.410614
1.410693
1.410801
1.410537
1.41057
1.410608
1.410665
1.410743
1.410849
1.410591
1.410633
1.410689
1.410767
1.410871
1.410636
1.410695
1.410771
1.410875
1.410683
1.410762
1.410863
1.410738
1.41084
1.410801
1.409865
1.410045
1.410086
1.410112
1.410136
1.410166
1.410206
1.410261
1.41034
1.410438
1.410063
1.410103
1.410126
1.410147
1.410171
1.410206
1.41025
1.410317
1.410413
1.410533
1.410156
1.410179
1.410197
1.410219
1.410248
1.410287
1.410345
1.410429
1.410548
1.410259
1.410277
1.410296
1.410324
1.410359
1.410412
1.410489
1.410597
1.410368
1.410389
1.410414
1.410449
1.4105
1.410574
1.410676
1.410467
1.410496
1.410531
1.410584
1.410657
1.410758
1.410546
1.410585
1.410638
1.410713
1.410813
1.410609
1.410666
1.41074
1.410842
1.41067
1.410748
1.410848
1.410738
1.41084
1.410816
1.410023
1.410063
1.410086
1.410107
1.410131
1.410165
1.410209
1.410276
1.41037
1.410488
1.410081
1.410103
1.410121
1.410142
1.410171
1.410209
1.410265
1.410348
1.410464
1.410157
1.410174
1.410192
1.410218
1.410252
1.410303
1.410377
1.410482
1.410255
1.410274
1.410297
1.410329
1.410377
1.410447
1.410544
1.410366
1.410391
1.410423
1.410471
1.410539
1.410634
1.410473
1.410509
1.410557
1.410628
1.410723
1.410562
1.410615
1.410686
1.410784
1.410642
1.410717
1.410814
1.410724
1.410825
1.410816
1.410041
1.410063
1.410081
1.410102
1.41013
1.410168
1.410224
1.410305
1.41042
1.410081
1.410098
1.410116
1.410141
1.410174
1.410224
1.410296
1.410399
1.410152
1.410169
1.410192
1.410222
1.410268
1.410335
1.410429
1.410251
1.410274
1.410303
1.410348
1.410411
1.410502
1.410369
1.4104
1.410444
1.410509
1.410598
1.410486
1.410535
1.410601
1.410693
1.410592
1.410663
1.410756
1.410693
1.410792
1.410801
1.410041
1.410058
1.410076
1.410101
1.410132
1.410182
1.410253
1.410356
1.410076
1.410093
1.410115
1.410144
1.410188
1.410254
1.410346
1.410147
1.410169
1.410196
1.410239
1.4103
1.410387
1.410252
1.41028
1.410321
1.410382
1.410467
1.410377
1.410421
1.410482
1.410569
1.410512
1.410578
1.410666
1.410639
1.410734
1.410768
1.410036
1.410052
1.410074
1.410103
1.410147
1.410211
1.410303
1.410071
1.410092
1.410117
1.410159
1.410218
1.410304
1.410147
1.410173
1.410212
1.41027
1.410352
1.410258
1.410298
1.410355
1.410437
1.410399
1.410459
1.410542
1.410555
1.410643
1.41071
1.41003
1.410051
1.410076
1.410117
1.410176
1.410261
1.410069
1.410094
1.410132
1.410189
1.410269
1.410151
1.410189
1.410243
1.410322
1.410276
1.410332
1.41041
1.410437
1.410519
1.41062
1.410029
1.410053
1.41009
1.410146
1.410225
1.410072
1.410109
1.410162
1.410239
1.410166
1.41022
1.410295
1.41031
1.410387
1.410496
1.410031
1.410067
1.410119
1.410195
1.410086
1.410138
1.410212
1.410198
1.410272
1.410364
1.410044
1.410095
1.410168
1.410116
1.410188
1.410249
1.410073
1.410144
1.410165
1.410122
)
;

boundaryField
{
    airInlet
    {
        type            calculated;
        value           uniform 0;
    }
    airOutlet
    {
        type            calculated;
        value           nonuniform List<scalar> 0();
    }
    cathodeSides
    {
        type            calculated;
        value           uniform 0;
    }
    air_to_interconnect
    {
        type            calculated;
        value           uniform 0;
    }
    air_to_electrolyte
    {
        type            calculated;
        value           uniform 0;
    }
    procBoundary0to1
    {
        type            processor;
        value           uniform 0;
    }
}
)

// processor1

36440
(dimensions      [1 2 -3 0 0 -1 0];

internalField   nonuniform List<scalar> 
4000
(
1.411748
1.411755
1.411746
1.411739
1.411756
1.411753
1.41174
1.411745
1.411738
1.411728
1.411756
1.411755
1.411736
1.411752
1.411738
1.41172
1.411743
1.411736
1.411726
1.411713
1.411756
1.411756
1.411733
1.411754
1.411735
1.41171
1.411751
1.411737
1.411718
1.411694
1.411742
1.411735
1.411724
1.41171
1.41169
1.411756
1.411755
1.411731
1.411755
1.411732
1.411701
1.411753
1.411734
1.411708
1.411675
1.41175
1.411735
1.411717
1.411691
1.411656
1.411741
1.411733
1.411722
1.411707
1.411685
1.411654
1.410369
1.411756
1.411755
1.411731
1.411755
1.41173
1.411697
1.411754
1.411731
1.4117
1.41166
1.411752
1.411733
1.411707
1.411673
1.411626
1.411748
1.411734
1.411714
1.411689
1.411652
1.411601
1.411739
1.411731
1.41172
1.411704
1.411682
1.411647
1.411597
1.410412
1.410352
1.410221
1.411756
1.411756
1.411733
1.411755
1.41173
1.411697
1.411754
1.411729
1.411695
1.411652
1.411753
1.411729
1.411699
1.411658
1.411603
1.411751
1.411731
1.411705
1.411671
1.411623
1.411557
1.411747
1.411732
1.411713
1.411686
1.411649
1.411594
1.411515
1.411738
1.41173
1.411718
1.411702
1.411677
1.411642
1.411587
1.411504
1.410496
1.410395
1.41026
1.410337
1.410204
1.410043
1.411755
1.411755
1.411736
1.411755
1.411732
1.411701
1.411754
1.411729
1.411695
1.411652
1.411753
1.411727
1.411694
1.41165
1.411591
1.411752
1.411728
1.411697
1.411657
1.4116
1.411524
1.41175
1.41173
1.411704
1.411668
1.41162
1.411551
1.411454
1.411745
1.411731
1.41171
1.411683
1.411644
1.411589
1.411506
1.411383
1.411736
1.411728
1.411716
1.411698
1.411674
1.411635
1.41158
1.411492
1.411355
1.410619
1.410479
1.410334
1.41038
1.410243
1.410083
1.410322
1.410189
1.410026
1.409804
1.411748
1.411753
1.41174
1.411754
1.411735
1.41171
1.411754
1.411731
1.4117
1.41166
1.411753
1.411727
1.411694
1.41165
1.411591
1.411752
1.411726
1.411693
1.411649
1.411588
1.411507
1.411751
1.411727
1.411696
1.411654
1.411598
1.411519
1.411412
1.411748
1.411728
1.411701
1.411666
1.411616
1.411547
1.411446
1.411303
1.411744
1.411729
1.411709
1.41168
1.411641
1.411582
1.411498
1.411371
1.41118
1.411734
1.411726
1.411713
1.411696
1.411669
1.41163
1.411571
1.411482
1.41134
1.411082
1.410766
1.410602
1.410434
1.410464
1.410317
1.410158
1.410365
1.410228
1.410065
1.409834
1.410308
1.410174
1.41001
1.409788
1.409846
1.411746
1.411739
1.411752
1.411738
1.41172
1.411753
1.411734
1.411708
1.411675
1.411753
1.411729
1.411699
1.411658
1.411603
1.411752
1.411726
1.411693
1.411649
1.411588
1.411507
1.411751
1.411725
1.411692
1.411647
1.411586
1.411503
1.41139
1.411749
1.411726
1.411694
1.411653
1.411595
1.411516
1.411404
1.411251
1.411747
1.411726
1.4117
1.411663
1.411613
1.411541
1.411439
1.411291
1.411082
1.411742
1.411727
1.411706
1.411677
1.411636
1.411577
1.411489
1.411361
1.411166
1.410866
1.411724
1.411712
1.411692
1.411665
1.411624
1.411564
1.411471
1.411328
1.411066
1.410628
1.41075
1.410525
1.410587
1.410417
1.410245
1.410449
1.410302
1.41014
1.409887
1.410351
1.410213
1.41005
1.409818
1.409881
1.410294
1.41016
1.409995
1.409774
1.409829
1.410003
1.411745
1.411738
1.411728
1.411751
1.411737
1.411718
1.411694
1.411752
1.411733
1.411707
1.411673
1.411626
1.411752
1.411728
1.411697
1.411657
1.4116
1.411524
1.411751
1.411725
1.411692
1.411647
1.411586
1.411503
1.41139
1.41175
1.411724
1.41169
1.411645
1.411583
1.411499
1.411383
1.411226
1.411748
1.411724
1.411693
1.41165
1.411592
1.41151
1.411398
1.41124
1.411026
1.411745
1.411725
1.411697
1.411661
1.411609
1.411536
1.41143
1.411281
1.411067
1.41077
1.411725
1.411704
1.411674
1.411632
1.411571
1.411482
1.411349
1.411153
1.410849
1.410535
1.411709
1.41169
1.41166
1.411619
1.411555
1.411462
1.411315
1.411053
1.410611
1.410478
1.410736
1.410508
1.410288
1.410573
1.410402
1.410228
1.409943
1.410436
1.410288
1.410125
1.409871
1.409945
1.410337
1.410199
1.410035
1.409804
1.409863
1.410043
1.410282
1.410146
1.409982
1.40976
1.409813
1.409985
1.410021
1.411743
1.411736
1.411726
1.411713
1.41175
1.411735
1.411717
1.411691
1.411656
1.411751
1.411731
1.411705
1.411671
1.411623
1.411557
1.411751
1.411727
1.411696
1.411654
1.411598
1.411519
1.411412
1.41175
1.411724
1.41169
1.411645
1.411583
1.411499
1.411383
1.411226
1.411749
1.411722
1.411688
1.411643
1.411581
1.411494
1.411377
1.411215
1.411
1.411747
1.411722
1.41169
1.411648
1.411588
1.411507
1.41139
1.411231
1.411011
1.410721
1.411723
1.411695
1.411657
1.411606
1.41153
1.411424
1.41127
1.411055
1.410753
1.410475
1.411701
1.411671
1.411628
1.411566
1.411474
1.41134
1.411139
1.410835
1.410518
1.41042
1.411686
1.411657
1.411612
1.411549
1.411452
1.411305
1.411039
1.410597
1.410462
1.410189
1.410721
1.410494
1.410272
1.409956
1.41056
1.410388
1.410213
1.409928
1.410026
1.410422
1.410274
1.41011
1.409858
1.409928
1.410117
1.410325
1.410185
1.410021
1.40979
1.409848
1.410024
1.410061
1.410269
1.410133
1.409968
1.409747
1.409798
1.409968
1.410002
1.410021
1.411742
1.411735
1.411724
1.41171
1.41169
1.411748
1.411734
1.411714
1.411689
1.411652
1.411601
1.41175
1.41173
1.411704
1.411668
1.41162
1.411551
1.411454
1.411749
1.411726
1.411694
1.411653
1.411595
1.411516
1.411404
1.411251
1.411749
1.411722
1.411688
1.411643
1.411581
1.411494
1.411377
1.411215
1.411
1.411747
1.411721
1.411686
1.411641
1.411577
1.411491
1.41137
1.411206
1.410986
1.410699
1.411721
1.411688
1.411645
1.411586
1.411501
1.411384
1.41122
1.410999
1.410704
1.41044
1.411693
1.411655
1.411601
1.411525
1.411415
1.41126
1.411041
1.410739
1.410458
1.410376
1.411668
1.411624
1.411559
1.411467
1.411329
1.411128
1.410821
1.410504
1.410404
1.410165
1.411652
1.411607
1.411541
1.411444
1.411293
1.411027
1.410583
1.410448
1.410174
1.409855
1.410709
1.410479
1.410257
1.40994
1.410095
1.410546
1.410375
1.410198
1.409914
1.410009
1.410217
1.41041
1.410261
1.410097
1.409844
1.409913
1.410099
1.410136
1.410312
1.410173
1.410007
1.409778
1.409833
1.410007
1.410042
1.410061
1.410257
1.410121
1.409955
1.409735
1.409784
1.409951
1.409985
1.410002
1.410016
1.411741
1.411733
1.411722
1.411707
1.411685
1.411654
1.411747
1.411732
1.411713
1.411686
1.411649
1.411594
1.411515
1.411748
1.411728
1.411701
1.411666
1.411616
1.411547
1.411446
1.411303
1.411748
1.411724
1.411693
1.41165
1.411592
1.41151
1.411398
1.41124
1.411026
1.411747
1.411721
1.411686
1.411641
1.411577
1.411491
1.41137
1.411206
1.410986
1.410699
1.411719
1.411685
1.411638
1.411575
1.411486
1.411364
1.411196
1.410973
1.410682
1.410423
1.411686
1.411642
1.411581
1.411497
1.411376
1.411211
1.410986
1.41069
1.410422
1.410348
1.411652
1.411597
1.411519
1.411409
1.41125
1.41103
1.410725
1.410444
1.410359
1.41014
1.411619
1.411554
1.411458
1.411321
1.411116
1.410809
1.41049
1.41039
1.410151
1.409753
1.411601
1.411534
1.411434
1.411283
1.411015
1.410571
1.410434
1.41016
1.40984
1.410106
1.410696
1.410467
1.410243
1.409927
1.410078
1.410323
1.410535
1.410361
1.410185
1.409901
1.409994
1.410198
1.410237
1.410397
1.410248
1.410083
1.409832
1.409897
1.410082
1.410117
1.410136
1.410301
1.41016
1.409995
1.409765
1.409819
1.409991
1.410025
1.410042
1.410056
1.410245
1.410109
1.409942
1.409723
1.40977
1.409936
1.409969
1.409985
1.409997
1.41001
1.411739
1.411731
1.41172
1.411704
1.411682
1.411647
1.411597
1.411745
1.411731
1.41171
1.411683
1.411644
1.411589
1.411506
1.411383
1.411747
1.411726
1.4117
1.411663
1.411613
1.411541
1.411439
1.411291
1.411082
1.411747
1.411722
1.41169
1.411648
1.411588
1.411507
1.41139
1.411231
1.411011
1.410721
1.411719
1.411685
1.411638
1.411575
1.411486
1.411364
1.411196
1.410973
1.410682
1.410423
1.411683
1.411636
1.411571
1.411482
1.411356
1.411187
1.41096
1.410668
1.410406
1.410334
1.41164
1.411578
1.411491
1.41137
1.411201
1.410975
1.410675
1.410409
1.41033
1.410124
1.411593
1.411514
1.4114
1.411241
1.411017
1.410713
1.41043
1.410345
1.410124
1.409685
1.411548
1.411452
1.411311
1.411106
1.410796
1.410478
1.410376
1.410138
1.409738
1.410073
1.411526
1.411426
1.411273
1.411005
1.410559
1.410422
1.410146
1.409828
1.41009
1.410409
1.410684
1.410454
1.41023
1.409914
1.410064
1.410305
1.410346
1.410522
1.410349
1.410172
1.409889
1.409979
1.410182
1.410219
1.410238
1.410386
1.410236
1.41007
1.409819
1.409884
1.410066
1.410101
1.410118
1.410132
1.410289
1.410148
1.409981
1.409753
1.409805
1.409976
1.410008
1.410025
1.410037
1.410051
1.410097
1.409929
1.409711
1.409757
1.409921
1.409953
1.409968
1.40998
1.409991
1.410009
1.411738
1.41173
1.411718
1.411702
1.411677
1.411642
1.411587
1.411504
1.411744
1.411729
1.411709
1.41168
1.411641
1.411582
1.411498
1.411371
1.41118
1.411745
1.411725
1.411697
1.411661
1.411609
1.411536
1.41143
1.411281
1.411067
1.41077
1.411721
1.411688
1.411645
1.411586
1.411501
1.411384
1.41122
1.410999
1.410704
1.41044
1.411683
1.411636
1.411571
1.411482
1.411356
1.411187
1.41096
1.410668
1.410406
1.410334
1.411633
1.411568
1.411476
1.411351
1.411177
1.410949
1.410654
1.410392
1.410317
1.410117
1.411574
1.411486
1.411362
1.411193
1.410962
1.410663
1.410395
1.410316
1.410108
1.409648
1.411508
1.411394
1.411231
1.411007
1.4107
1.410418
1.410331
1.410111
1.409671
1.410034
1.411444
1.411303
1.411095
1.410785
1.410466
1.410364
1.410124
1.409726
1.410057
1.410463
1.411417
1.411264
1.410993
1.410548
1.410409
1.410134
1.409816
1.410076
1.410391
1.410438
1.410672
1.410442
1.410217
1.409903
1.410049
1.410289
1.410328
1.410349
1.410511
1.410337
1.41016
1.409877
1.409966
1.410166
1.410202
1.41022
1.410234
1.410374
1.410224
1.410057
1.409808
1.40987
1.410051
1.410084
1.410101
1.410113
1.410127
1.410136
1.409969
1.409742
1.409792
1.409961
1.409994
1.410008
1.41002
1.410032
1.410049
1.409917
1.4097
1.409744
1.409907
1.409938
1.409953
1.409963
1.409974
1.40999
1.41001
1.411736
1.411728
1.411716
1.411698
1.411674
1.411635
1.41158
1.411492
1.411355
1.411742
1.411727
1.411706
1.411677
1.411636
1.411577
1.411489
1.411361
1.411166
1.410866
1.411723
1.411695
1.411657
1.411606
1.41153
1.411424
1.41127
1.411054
1.410753
1.410475
1.411686
1.411642
1.411581
1.411497
1.411376
1.411211
1.410986
1.41069
1.410422
1.410348
1.411633
1.411568
1.411476
1.411351
1.411177
1.410949
1.410654
1.410392
1.410317
1.410117
1.411564
1.411472
1.411343
1.411169
1.410937
1.410642
1.410378
1.410303
1.410101
1.409631
1.411481
1.411356
1.411183
1.410952
1.41065
1.410383
1.410302
1.410095
1.409633
1.410001
1.411386
1.411223
1.410996
1.410689
1.410405
1.410319
1.410097
1.409659
1.410017
1.410494
1.411293
1.411086
1.410774
1.410455
1.410351
1.410113
1.409714
1.410043
1.410445
1.410498
1.411254
1.410983
1.410536
1.410398
1.410122
1.409805
1.410063
1.410375
1.410419
1.410443
1.410662
1.41043
1.410206
1.409891
1.410036
1.410273
1.410312
1.41033
1.410346
1.4105
1.410326
1.410147
1.409866
1.409952
1.410152
1.410186
1.410203
1.410216
1.41023
1.410212
1.410045
1.409796
1.409858
1.410036
1.410069
1.410084
1.410096
1.410108
1.410126
1.409956
1.409731
1.409779
1.409947
1.409978
1.409993
1.410003
1.410015
1.41003
1.410052
1.409689
1.409732
1.409893
1.409924
1.409938
1.409948
1.409957
1.409973
1.409991
1.410024
1.411734
1.411726
1.411713
1.411696
1.411669
1.41163
1.411571
1.411482
1.41134
1.411082
1.411725
1.411704
1.411674
1.411632
1.411571
1.411482
1.411349
1.411153
1.410849
1.410535
1.411693
1.411655
1.411601
1.411525
1.411415
1.41126
1.411041
1.410739
1.410458
1.410376
1.41164
1.411578
1.411491
1.41137
1.411201
1.410975
1.410675
1.410409
1.41033
1.410124
1.411564
1.411472
1.411343
1.411169
1.410937
1.410642
1.410378
1.410303
1.410101
1.409631
1.411467
1.411337
1.41116
1.410928
1.410629
1.410366
1.410289
1.410088
1.409617
1.409983
1.411349
1.411175
1.410941
1.41064
1.41037
1.41029
1.410082
1.409622
1.409984
1.41051
1.411214
1.410987
1.410677
1.410394
1.410306
1.410086
1.409647
1.410004
1.410475
1.410534
1.411075
1.410764
1.410443
1.41034
1.410101
1.409704
1.41003
1.410429
1.410479
1.410506
1.410973
1.410526
1.410386
1.410111
1.409794
1.410051
1.41036
1.410403
1.410425
1.410443
1.41065
1.410419
1.410194
1.409881
1.410023
1.410259
1.410296
1.410314
1.410328
1.410344
1.410314
1.410135
1.409855
1.40994
1.410137
1.410172
1.410187
1.410199
1.410212
1.410231
1.410032
1.409786
1.409845
1.410023
1.410055
1.41007
1.41008
1.410091
1.410108
1.41013
1.40972
1.409767
1.409933
1.409965
1.409978
1.409988
1.409998
1.410013
1.410033
1.410066
1.409719
1.40988
1.40991
1.409924
1.409932
1.409942
1.409956
1.409974
1.410005
1.410053
1.411724
1.411711
1.411692
1.411665
1.411624
1.411564
1.411471
1.411328
1.411066
1.410628
1.411701
1.411671
1.411628
1.411566
1.411474
1.41134
1.411139
1.410835
1.410518
1.41042
1.411652
1.411597
1.411519
1.411409
1.41125
1.41103
1.410725
1.410444
1.410359
1.41014
1.411574
1.411486
1.411362
1.411193
1.410962
1.410663
1.410395
1.410316
1.410108
1.409648
1.411467
1.411337
1.41116
1.410928
1.410629
1.410366
1.410289
1.410088
1.409617
1.409983
1.41133
1.411152
1.410916
1.410618
1.410353
1.410277
1.410075
1.409605
1.409966
1.410517
1.411166
1.410932
1.410628
1.410359
1.410278
1.410071
1.40961
1.409971
1.410492
1.410553
1.410976
1.410667
1.410383
1.410295
1.410074
1.409637
1.409991
1.41046
1.410515
1.410544
1.410753
1.410433
1.410328
1.410091
1.409694
1.410019
1.410414
1.410464
1.410488
1.410509
1.410515
1.410376
1.4101
1.409785
1.410038
1.410346
1.410388
1.410409
1.410425
1.410443
1.410408
1.410183
1.40987
1.410012
1.410245
1.410282
1.410298
1.410312
1.410325
1.410347
1.410123
1.409845
1.409927
1.410124
1.410157
1.410172
1.410183
1.410195
1.410212
1.410237
1.409775
1.409833
1.410009
1.410041
1.410055
1.410065
1.410075
1.410091
1.410111
1.410146
1.409755
1.40992
1.40995
1.409964
1.409973
1.409983
1.409997
1.410016
1.410047
1.410095
1.409867
1.409897
1.40991
1.409918
1.409927
1.40994
1.409957
1.409988
1.410033
1.410101
1.410766
1.411709
1.41169
1.41166
1.411619
1.411555
1.411462
1.411315
1.411053
1.410611
1.410478
1.411668
1.411624
1.411559
1.411467
1.411329
1.411128
1.410821
1.410504
1.410404
1.410165
1.411593
1.411514
1.4114
1.411241
1.411017
1.410713
1.41043
1.410345
1.410124
1.409685
1.411481
1.411356
1.411183
1.410952
1.41065
1.410383
1.410302
1.410095
1.409633
1.410001
1.41133
1.411152
1.410916
1.410618
1.410353
1.410277
1.410075
1.409605
1.409966
1.410517
1.411143
1.410907
1.410606
1.410343
1.410264
1.410064
1.409594
1.409953
1.410499
1.410562
1.410921
1.410618
1.410347
1.410267
1.410058
1.409601
1.409959
1.410477
1.410535
1.410565
1.410656
1.410373
1.410283
1.410064
1.409627
1.40998
1.410445
1.4105
1.410526
1.410548
1.410422
1.410318
1.41008
1.409685
1.410007
1.4104
1.410448
1.410472
1.41049
1.410511
1.410365
1.41009
1.409774
1.410027
1.410332
1.410374
1.410393
1.410409
1.410425
1.410449
1.410171
1.40986
1.409999
1.410232
1.410267
1.410284
1.410295
1.410309
1.410328
1.410355
1.409834
1.409916
1.41011
1.410144
1.410158
1.410168
1.410179
1.410196
1.410218
1.410255
1.409821
1.409996
1.410027
1.410041
1.41005
1.41006
1.410074
1.410094
1.410127
1.410177
1.409907
1.409938
1.40995
1.409959
1.409968
1.409981
1.409999
1.41003
1.410076
1.410145
1.409884
1.409897
1.409904
1.409913
1.409925
1.409942
1.409971
1.410016
1.410082
1.410619
1.41075
1.410525
1.411686
1.411657
1.411612
1.411549
1.411452
1.411305
1.411039
1.410597
1.410462
1.410189
1.411619
1.411554
1.411458
1.411321
1.411116
1.410809
1.41049
1.41039
1.410151
1.409753
1.411508
1.411394
1.411231
1.411007
1.4107
1.410418
1.410331
1.410111
1.409671
1.410034
1.411349
1.411175
1.410941
1.41064
1.41037
1.41029
1.410082
1.409622
1.409984
1.41051
1.411143
1.410907
1.410606
1.410343
1.410264
1.410064
1.409594
1.409953
1.410499
1.410562
1.410897
1.410596
1.410331
1.410253
1.410052
1.409584
1.409941
1.410484
1.410543
1.410574
1.410606
1.410337
1.410255
1.410048
1.40959
1.409948
1.410461
1.41052
1.410547
1.41057
1.410362
1.410273
1.410053
1.409618
1.409969
1.410432
1.410484
1.41051
1.410529
1.410552
1.410307
1.410071
1.409675
1.409997
1.410386
1.410435
1.410457
1.410475
1.410493
1.41052
1.410079
1.409766
1.410016
1.410319
1.410359
1.410379
1.410393
1.410409
1.410431
1.410462
1.40985
1.409988
1.410218
1.410254
1.410269
1.410281
1.410293
1.410312
1.410337
1.410377
1.409904
1.410098
1.41013
1.410144
1.410153
1.410164
1.410179
1.410201
1.410236
1.410289
1.409983
1.410014
1.410027
1.410036
1.410045
1.410059
1.410078
1.41011
1.410158
1.410228
1.409924
1.409937
1.409945
1.409954
1.409966
1.409983
1.410013
1.410059
1.410125
1.409883
1.409891
1.409899
1.409911
1.409926
1.409955
1.409999
1.410064
1.410496
1.410602
1.410434
1.410736
1.410508
1.410288
1.411652
1.411607
1.411541
1.411444
1.411293
1.411027
1.410583
1.410448
1.410174
1.409855
1.411548
1.411452
1.411311
1.411106
1.410796
1.410478
1.410376
1.410138
1.409738
1.410073
1.411386
1.411223
1.410996
1.410689
1.410405
1.410319
1.410097
1.409659
1.410017
1.410494
1.411166
1.410932
1.410628
1.410359
1.410278
1.410071
1.40961
1.409971
1.410492
1.410553
1.410897
1.410596
1.410331
1.410253
1.410052
1.409584
1.409941
1.410484
1.410543
1.410574
1.410585
1.410321
1.410241
1.410041
1.409574
1.40993
1.410468
1.410528
1.410556
1.410579
1.410326
1.410245
1.410037
1.409582
1.409936
1.410448
1.410504
1.410531
1.410551
1.410575
1.410262
1.410043
1.409609
1.409958
1.410417
1.410471
1.410495
1.410514
1.410534
1.410563
1.41006
1.409667
1.409986
1.410374
1.41042
1.410443
1.410459
1.410477
1.410501
1.410536
1.409756
1.410006
1.410306
1.410347
1.410365
1.410379
1.410393
1.410415
1.410443
1.410488
1.409977
1.410206
1.410241
1.410256
1.410267
1.410279
1.410296
1.41032
1.410358
1.410415
1.410085
1.410117
1.41013
1.41014
1.410149
1.410165
1.410185
1.410219
1.41027
1.410343
1.410001
1.410014
1.410022
1.410031
1.410044
1.410063
1.410093
1.410141
1.410209
1.409924
1.409932
1.40994
1.409952
1.409968
1.409997
1.410042
1.410108
1.409878
1.409886
1.409897
1.409912
1.409939
1.409983
1.410047
1.410412
1.410479
1.410334
1.410587
1.410417
1.410245
1.410721
1.410494
1.410272
1.409956
1.411601
1.411534
1.411434
1.411283
1.411015
1.410571
1.410434
1.41016
1.40984
1.410106
1.411444
1.411303
1.411095
1.410785
1.410466
1.410364
1.410124
1.409726
1.410057
1.410463
1.411214
1.410987
1.410677
1.410394
1.410306
1.410086
1.409647
1.410004
1.410475
1.410534
1.410921
1.410618
1.410347
1.410267
1.410058
1.409601
1.409959
1.410477
1.410535
1.410565
1.410585
1.410321
1.410241
1.410041
1.409574
1.40993
1.410468
1.410528
1.410556
1.410579
1.41031
1.410232
1.41003
1.409565
1.409919
1.410455
1.410513
1.41054
1.410561
1.410585
1.410234
1.410028
1.409572
1.409927
1.410434
1.41049
1.410516
1.410536
1.410556
1.410586
1.410033
1.409601
1.409948
1.410405
1.410456
1.410481
1.410498
1.410518
1.410544
1.410581
1.409657
1.409976
1.410361
1.410408
1.410428
1.410445
1.410461
1.410486
1.410517
1.410566
1.409995
1.410294
1.410333
1.410352
1.410364
1.410379
1.410399
1.410427
1.410469
1.410531
1.410194
1.410229
1.410243
1.410254
1.410264
1.410281
1.410304
1.410342
1.410396
1.410474
1.410104
1.410118
1.410126
1.410136
1.41015
1.41017
1.410203
1.410253
1.410324
1.410001
1.410009
1.410017
1.41003
1.410047
1.410078
1.410124
1.410192
1.409919
1.409927
1.409938
1.409954
1.409982
1.410026
1.410091
1.409872
1.409884
1.409898
1.409925
1.409967
1.410031
1.410369
1.410395
1.41026
1.410464
1.410317
1.410158
1.410573
1.410402
1.410228
1.409943
1.410709
1.410479
1.410257
1.40994
1.410095
1.411526
1.411426
1.411273
1.411005
1.410559
1.410422
1.410146
1.409828
1.41009
1.410409
1.411293
1.411086
1.410774
1.410455
1.410351
1.410113
1.409714
1.410043
1.410445
1.410498
1.410976
1.410667
1.410383
1.410295
1.410074
1.409637
1.409991
1.41046
1.410515
1.410544
1.410606
1.410337
1.410255
1.410048
1.40959
1.409948
1.410461
1.41052
1.410547
1.41057
1.41031
1.410232
1.41003
1.409565
1.409919
1.410455
1.410513
1.41054
1.410561
1.410585
1.41022
1.410021
1.409556
1.409909
1.410441
1.410499
1.410525
1.410545
1.410566
1.410597
1.410018
1.409565
1.409916
1.410422
1.410476
1.410502
1.41052
1.410541
1.410568
1.410607
1.409592
1.409938
1.410392
1.410444
1.410467
1.410485
1.410502
1.410529
1.410563
1.410615
1.409966
1.41035
1.410395
1.410416
1.410431
1.410447
1.41047
1.410502
1.410548
1.410614
1.410282
1.410322
1.410339
1.410352
1.410365
1.410385
1.410411
1.410453
1.410513
1.410597
1.410216
1.410231
1.41024
1.410251
1.410267
1.41029
1.410325
1.410379
1.410455
1.410105
1.410114
1.410122
1.410136
1.410155
1.410188
1.410236
1.410307
1.409996
1.410004
1.410016
1.410034
1.410063
1.410108
1.410175
1.409913
1.409925
1.40994
1.409968
1.410011
1.410075
1.40987
1.409885
1.409911
1.409953
1.410015
1.410352
1.410221
1.41038
1.410243
1.410083
1.410449
1.410302
1.41014
1.409887
1.41056
1.410388
1.410213
1.409928
1.410026
1.410696
1.410467
1.410243
1.409927
1.410078
1.410323
1.411417
1.411264
1.410993
1.410548
1.410409
1.410134
1.409816
1.410076
1.410391
1.410438
1.411075
1.410764
1.410443
1.41034
1.410101
1.409704
1.41003
1.410429
1.410479
1.410506
1.410656
1.410373
1.410283
1.410064
1.409627
1.40998
1.410445
1.4105
1.410526
1.410548
1.410326
1.410245
1.410037
1.409582
1.409936
1.410448
1.410504
1.410531
1.410551
1.410575
1.41022
1.410021
1.409556
1.409909
1.410441
1.410499
1.410525
1.410545
1.410566
1.410597
1.410011
1.409548
1.409898
1.410429
1.410485
1.410511
1.41053
1.41055
1.410578
1.410618
1.409556
1.409907
1.410409
1.410464
1.410488
1.410506
1.410525
1.410552
1.410588
1.410642
1.409928
1.410381
1.410431
1.410454
1.41047
1.410489
1.410513
1.410547
1.410596
1.410666
1.410337
1.410383
1.410403
1.410418
1.410433
1.410456
1.410486
1.410532
1.410596
1.410685
1.410309
1.410327
1.410338
1.410352
1.41037
1.410397
1.410437
1.410496
1.410578
1.410218
1.410228
1.410237
1.410254
1.410275
1.410311
1.410363
1.410439
1.410101
1.41011
1.410122
1.410142
1.410173
1.410221
1.41029
1.409991
1.410003
1.410019
1.410049
1.410093
1.410159
1.409912
1.409927
1.409953
1.409996
1.410059
1.409871
1.409898
1.409939
1.410001
1.410337
1.410204
1.410043
1.410365
1.410228
1.410065
1.409834
1.410436
1.410288
1.410125
1.409871
1.409945
1.410546
1.410375
1.410198
1.409914
1.410009
1.410217
1.410684
1.410454
1.41023
1.409914
1.410064
1.410305
1.410346
1.411254
1.410983
1.410536
1.410398
1.410122
1.409805
1.410063
1.410375
1.410419
1.410443
1.410753
1.410433
1.410328
1.410091
1.409694
1.410019
1.410414
1.410464
1.410488
1.410509
1.410362
1.410273
1.410053
1.409618
1.409969
1.410432
1.410484
1.41051
1.410529
1.410552
1.410234
1.410028
1.409572
1.409927
1.410434
1.41049
1.410516
1.410536
1.410556
1.410586
1.410011
1.409548
1.409898
1.410429
1.410485
1.410511
1.41053
1.41055
1.410578
1.410618
1.409539
1.409889
1.410416
1.410473
1.410497
1.410516
1.410535
1.410563
1.410599
1.410654
1.409897
1.410398
1.410451
1.410475
1.410492
1.410511
1.410536
1.410572
1.410623
1.410696
1.410369
1.41042
1.410441
1.410458
1.410474
1.410499
1.410531
1.41058
1.410647
1.410741
1.410371
1.410391
1.410405
1.41042
1.410442
1.410472
1.410516
1.41058
1.410667
1.410314
1.410326
1.410338
1.410358
1.410383
1.410423
1.41048
1.410562
1.410215
1.410225
1.41024
1.410262
1.410296
1.410348
1.410422
1.410097
1.41011
1.410127
1.410159
1.410206
1.410275
1.40999
1.410006
1.410034
1.410079
1.410144
1.409913
1.40994
1.409982
1.410045
1.409884
1.409925
1.409986
1.410322
1.410189
1.410026
1.409804
1.410351
1.410213
1.41005
1.409818
1.409881
1.410422
1.410274
1.41011
1.409858
1.409928
1.410117
1.410535
1.410361
1.410185
1.409901
1.409994
1.410198
1.410237
1.410672
1.410442
1.410217
1.409903
1.410049
1.410289
1.410328
1.410349
1.410973
1.410526
1.410386
1.410112
1.409794
1.410051
1.41036
1.410403
1.410425
1.410443
1.410422
1.410318
1.41008
1.409685
1.410007
1.4104
1.410448
1.410472
1.41049
1.410511
1.410262
1.410043
1.409609
1.409958
1.410418
1.410471
1.410495
1.410514
1.410534
1.410563
1.410018
1.409565
1.409916
1.410422
1.410476
1.410502
1.41052
1.410541
1.410568
1.410607
1.409539
1.409889
1.410416
1.410473
1.410497
1.410516
1.410535
1.410563
1.410599
1.410654
1.409879
1.410405
1.410459
1.410485
1.410502
1.410521
1.410547
1.410583
1.410635
1.410709
1.410386
1.410439
1.410462
1.41048
1.410497
1.410523
1.410556
1.410607
1.410677
1.410773
1.410407
1.41043
1.410444
1.410462
1.410485
1.410517
1.410564
1.410632
1.410723
1.410379
1.410393
1.410407
1.410429
1.410457
1.410502
1.410564
1.410651
1.410314
1.410327
1.410344
1.41037
1.410408
1.410466
1.410545
1.410212
1.410228
1.410248
1.410283
1.410333
1.410407
1.410097
1.410115
1.410145
1.410192
1.41026
1.409993
1.410021
1.410065
1.41013
1.409927
1.409969
1.410031
1.409912
1.409973
1.410308
1.410174
1.41001
1.409788
1.409846
1.410337
1.410199
1.410035
1.409804
1.409863
1.410043
1.41041
1.410261
1.410097
1.409844
1.409913
1.410099
1.410136
1.410522
1.410349
1.410172
1.409889
1.409979
1.410182
1.410219
1.410238
1.410662
1.41043
1.410206
1.409891
1.410036
1.410273
1.410312
1.41033
1.410346
1.410515
1.410376
1.4101
1.409785
1.410038
1.410346
1.410388
1.410409
1.410425
1.410443
1.410307
1.410071
1.409675
1.409997
1.410386
1.410435
1.410457
1.410475
1.410493
1.41052
1.410033
1.409601
1.409948
1.410405
1.410456
1.410481
1.410498
1.410518
1.410544
1.410581
1.409556
1.409907
1.410409
1.410464
1.410488
1.410506
1.410525
1.410552
1.410588
1.410642
1.409879
1.410405
1.410459
1.410485
1.410502
1.410521
1.410547
1.410583
1.410635
1.410709
1.410393
1.410448
1.410471
1.410489
1.410507
1.410533
1.410568
1.41062
1.41069
1.410788
1.410427
1.410451
1.410466
1.410484
1.410508
1.410543
1.410592
1.410661
1.410755
1.410417
1.410433
1.410448
1.410472
1.410503
1.41055
1.410616
1.410707
1.410381
1.410396
1.410416
1.410445
1.410487
1.41055
1.410634
1.410314
1.410332
1.410356
1.410395
1.410451
1.410531
1.410215
1.410236
1.410269
1.41032
1.410392
1.410102
1.410132
1.410178
1.410246
1.410008
1.410052
1.410115
1.409955
1.410017
1.409959
1.410294
1.41016
1.409995
1.409774
1.409829
1.410003
1.410325
1.410185
1.410021
1.40979
1.409848
1.410024
1.410061
1.410397
1.410248
1.410083
1.409832
1.409897
1.410082
1.410117
1.410136
1.410511
1.410337
1.41016
1.409877
1.409966
1.410166
1.410202
1.41022
1.410234
1.41065
1.410419
1.410194
1.409881
1.410023
1.410259
1.410296
1.410314
1.410328
1.410344
1.410365
1.41009
1.409774
1.410027
1.410332
1.410374
1.410393
1.410409
1.410425
1.410449
1.41006
1.409667
1.409986
1.410374
1.41042
1.410443
1.410459
1.410477
1.410501
1.410536
1.409592
1.409938
1.410392
1.410444
1.410467
1.410485
1.410502
1.410529
1.410563
1.410615
1.409897
1.410398
1.410451
1.410475
1.410492
1.410511
1.410536
1.410572
1.410623
1.410696
1.410393
1.410448
1.410471
1.410489
1.410507
1.410533
1.410568
1.41062
1.41069
1.410788
1.410436
1.41046
1.410476
1.410494
1.410519
1.410554
1.410604
1.410674
1.410769
1.410438
1.410455
1.410471
1.410496
1.410528
1.410578
1.410645
1.410739
1.41042
1.410437
1.410459
1.41049
1.410536
1.410602
1.410691
1.410383
1.410404
1.410431
1.410475
1.410535
1.41062
1.410319
1.410344
1.410382
1.410438
1.410516
1.410223
1.410257
1.410306
1.410379
1.410119
1.410165
1.410232
1.410038
1.410102
1.410004
1.410282
1.410146
1.409982
1.40976
1.409813
1.409985
1.410021
1.410312
1.410173
1.410007
1.409778
1.409833
1.410007
1.410042
1.410061
1.410386
1.410236
1.410071
1.409819
1.409884
1.410066
1.410101
1.410118
1.410132
1.4105
1.410326
1.410147
1.409866
1.409952
1.410152
1.410186
1.410203
1.410216
1.41023
1.410408
1.410183
1.40987
1.410012
1.410245
1.410282
1.410298
1.410312
1.410325
1.410347
1.410079
1.409766
1.410016
1.410319
1.410359
1.410379
1.410393
1.410409
1.410431
1.410462
1.409657
1.409976
1.410361
1.410408
1.410428
1.410445
1.410461
1.410486
1.410517
1.410566
1.409928
1.410381
1.410431
1.410454
1.41047
1.410489
1.410513
1.410547
1.410596
1.410666
1.410386
1.410439
1.410462
1.41048
1.410497
1.410523
1.410556
1.410607
1.410677
1.410773
1.410436
1.41046
1.410476
1.410494
1.410519
1.410554
1.410604
1.410674
1.410769
1.410447
1.410465
1.410481
1.410506
1.410539
1.41059
1.410658
1.410753
1.410442
1.41046
1.410482
1.410516
1.410563
1.410631
1.410723
1.410424
1.410447
1.410477
1.410523
1.410587
1.410676
1.410391
1.410419
1.410461
1.410522
1.410605
1.410331
1.41037
1.410424
1.410503
1.410243
1.410294
1.410365
1.410152
1.410219
1.410089
1.410269
1.410133
1.409968
1.409747
1.409798
1.409968
1.410002
1.410021
1.410301
1.41016
1.409995
1.409765
1.409819
1.409991
1.410025
1.410042
1.410056
1.410374
1.410224
1.410057
1.409808
1.40987
1.410051
1.410084
1.410101
1.410113
1.410127
1.410314
1.410135
1.409855
1.40994
1.410137
1.410172
1.410187
1.410199
1.410212
1.410231
1.410171
1.40986
1.409999
1.410232
1.410267
1.410284
1.410296
1.410309
1.410328
1.410355
1.409756
1.410006
1.410306
1.410347
1.410365
1.410379
1.410393
1.410415
1.410443
1.410488
1.409966
1.41035
1.410395
1.410416
1.410431
1.410447
1.41047
1.410502
1.410548
1.410614
1.410369
1.41042
1.410441
1.410458
1.410474
1.410499
1.410531
1.41058
1.410648
1.410741
1.410427
1.410451
1.410466
1.410484
1.410508
1.410543
1.410592
1.410661
1.410755
1.410447
1.410465
1.410481
1.410506
1.410539
1.41059
1.410658
1.410753
1.410452
1.41047
1.410493
1.410527
1.410575
1.410645
1.410737
1.410447
1.410471
1.410502
1.410551
1.410617
1.410709
1.410435
1.410465
1.41051
1.410574
1.410662
1.410407
1.410449
1.410508
1.410592
1.410357
1.410412
1.410489
1.410281
1.410352
1.410206
1.410257
1.410121
1.409955
1.409735
1.409784
1.409951
1.409985
1.410002
1.410016
1.410289
1.410148
1.409981
1.409753
1.409805
1.409976
1.410008
1.410025
1.410037
1.410051
1.410212
1.410045
1.409796
1.409858
1.410036
1.410069
1.410084
1.410096
1.410108
1.410126
1.410123
1.409845
1.409927
1.410124
1.410157
1.410172
1.410183
1.410195
1.410212
1.410237
1.40985
1.409988
1.410218
1.410254
1.410269
1.410281
1.410293
1.410312
1.410337
1.410377
1.409995
1.410294
1.410333
1.410352
1.410364
1.410379
1.410399
1.410427
1.410469
1.410531
1.410337
1.410383
1.410403
1.410418
1.410433
1.410456
1.410486
1.410532
1.410596
1.410685
1.410407
1.41043
1.410444
1.410462
1.410485
1.410517
1.410564
1.410632
1.410723
1.410438
1.410455
1.410471
1.410496
1.410528
1.410578
1.410645
1.410739
1.410452
1.41047
1.410493
1.410527
1.410575
1.410645
1.410737
1.410457
1.410482
1.410514
1.410563
1.41063
1.410723
1.410458
1.410491
1.410537
1.410604
1.410694
1.410453
1.410498
1.410561
1.410649
1.410436
1.410497
1.410579
1.410399
1.410477
1.410339
1.410245
1.410109
1.409942
1.409723
1.40977
1.409936
1.409969
1.409985
1.409997
1.41001
1.410136
1.409969
1.409742
1.409792
1.409961
1.409994
1.410008
1.41002
1.410032
1.410049
1.410032
1.409786
1.409845
1.410023
1.410055
1.41007
1.41008
1.410091
1.410108
1.41013
1.409834
1.409916
1.41011
1.410144
1.410158
1.410168
1.410179
1.410196
1.410218
1.410255
1.409977
1.410206
1.410241
1.410256
1.410267
1.410279
1.410296
1.41032
1.410358
1.410415
1.410282
1.410322
1.410339
1.410352
1.410365
1.410385
1.410411
1.410453
1.410513
1.410597
1.410371
1.410391
1.410405
1.41042
1.410442
1.410472
1.410516
1.41058
1.410667
1.410417
1.410433
1.410448
1.410472
1.410503
1.41055
1.410616
1.410707
1.410442
1.41046
1.410482
1.410516
1.410563
1.410631
1.410723
1.410457
1.410482
1.410514
1.410563
1.41063
1.410723
1.410469
1.410502
1.410549
1.410617
1.410709
1.410478
1.410526
1.41059
1.410681
1.410485
1.410549
1.410635
1.410484
1.410567
1.410464
1.410097
1.409929
1.409711
1.409757
1.409921
1.409953
1.409968
1.40998
1.409991
1.410009
1.409956
1.409731
1.409779
1.409947
1.409978
1.409993
1.410003
1.410015
1.41003
1.410052
1.409775
1.409833
1.410009
1.410041
1.410055
1.410065
1.410075
1.410091
1.410111
1.410146
1.409904
1.410098
1.41013
1.410144
1.410153
1.410164
1.410179
1.410201
1.410236
1.410289
1.410194
1.410229
1.410243
1.410254
1.410264
1.410281
1.410304
1.410342
1.410396
1.410474
1.410309
1.410327
1.410338
1.410352
1.41037
1.410397
1.410437
1.410496
1.410578
1.410379
1.410393
1.410407
1.410429
1.410457
1.410502
1.410564
1.410651
1.41042
1.410437
1.410459
1.41049
1.410536
1.410602
1.410691
1.410447
1.410471
1.410502
1.410551
1.410617
1.410709
1.410469
1.410502
1.410549
1.410617
1.410709
1.410489
1.410538
1.410604
1.410696
1.410513
1.410579
1.410668
1.410536
1.410623
1.410554
1.409917
1.4097
1.409744
1.409907
1.409938
1.409953
1.409963
1.409974
1.40999
1.41001
1.40972
1.409767
1.409933
1.409965
1.409978
1.409988
1.409998
1.410013
1.410033
1.410066
1.409821
1.409996
1.410027
1.410041
1.41005
1.41006
1.410074
1.410094
1.410127
1.410177
1.410085
1.410117
1.41013
1.41014
1.410149
1.410165
1.410185
1.410219
1.41027
1.410343
1.410216
1.410231
1.41024
1.410251
1.410267
1.41029
1.410325
1.410379
1.410455
1.410314
1.410326
1.410338
1.410358
1.410383
1.410423
1.41048
1.410562
1.410381
1.410396
1.410416
1.410445
1.410487
1.41055
1.410634
1.410424
1.410447
1.410477
1.410523
1.410587
1.410676
1.410458
1.410491
1.410537
1.410604
1.410694
1.410489
1.410538
1.410604
1.410696
1.410525
1.410592
1.410682
1.410566
1.410656
1.410611
1.409689
1.409732
1.409893
1.409924
1.409938
1.409948
1.409957
1.409973
1.409991
1.410024
1.409755
1.40992
1.40995
1.409964
1.409973
1.409983
1.409997
1.410016
1.410047
1.410095
1.409983
1.410014
1.410027
1.410036
1.410045
1.410059
1.410078
1.41011
1.410158
1.410228
1.410104
1.410118
1.410126
1.410136
1.41015
1.41017
1.410203
1.410253
1.410324
1.410218
1.410228
1.410237
1.410254
1.410275
1.410311
1.410363
1.410439
1.410314
1.410327
1.410344
1.41037
1.410408
1.410466
1.410545
1.410383
1.410404
1.410431
1.410475
1.410535
1.41062
1.410435
1.410465
1.41051
1.410574
1.410662
1.410478
1.410526
1.41059
1.410681
1.410525
1.410592
1.410682
1.410579
1.410671
1.410643
1.409719
1.40988
1.40991
1.409924
1.409932
1.409942
1.409956
1.409974
1.410005
1.410053
1.409907
1.409938
1.40995
1.409959
1.409968
1.409981
1.409999
1.41003
1.410076
1.410145
1.410001
1.410014
1.410022
1.410031
1.410044
1.410063
1.410093
1.410141
1.410209
1.410105
1.410114
1.410122
1.410136
1.410155
1.410188
1.410236
1.410307
1.410215
1.410225
1.41024
1.410262
1.410296
1.410348
1.410422
1.410314
1.410332
1.410356
1.410395
1.410451
1.410531
1.410391
1.410419
1.410461
1.410522
1.410605
1.410453
1.410498
1.410561
1.410649
1.410513
1.410579
1.410668
1.410579
1.410671
1.410658
1.409867
1.409897
1.40991
1.409918
1.409927
1.40994
1.409957
1.409988
1.410033
1.410101
1.409924
1.409937
1.409945
1.409954
1.409966
1.409983
1.410013
1.410059
1.410125
1.410001
1.410009
1.410017
1.41003
1.410047
1.410078
1.410124
1.410192
1.410101
1.41011
1.410122
1.410142
1.410173
1.410221
1.41029
1.410212
1.410228
1.410248
1.410283
1.410333
1.410407
1.410319
1.410344
1.410382
1.410438
1.410516
1.410407
1.410449
1.410508
1.410592
1.410485
1.410549
1.410635
1.410566
1.410656
1.410658
1.409884
1.409897
1.409904
1.409913
1.409925
1.409942
1.409971
1.410016
1.410082
1.409924
1.409932
1.40994
1.409952
1.409968
1.409997
1.410042
1.410108
1.409996
1.410004
1.410016
1.410034
1.410063
1.410108
1.410175
1.410097
1.41011
1.410127
1.410159
1.410206
1.410275
1.410215
1.410236
1.410269
1.41032
1.410392
1.410331
1.41037
1.410424
1.410503
1.410436
1.410497
1.410579
1.410536
1.410623
1.410643
1.409883
1.409891
1.409899
1.409911
1.409926
1.409955
1.409999
1.410064
1.409919
1.409927
1.409938
1.409954
1.409982
1.410026
1.410091
1.409991
1.410003
1.410019
1.410049
1.410093
1.410159
1.410097
1.410115
1.410145
1.410192
1.41026
1.410223
1.410257
1.410306
1.410379
1.410357
1.410412
1.410489
1.410484
1.410567
1.410611
1.409878
1.409886
1.409897
1.409912
1.409939
1.409983
1.410047
1.409913
1.409925
1.40994
1.409968
1.410011
1.410075
1.40999
1.410006
1.410034
1.410079
1.410144
1.410102
1.410132
1.410178
1.410246
1.410243
1.410294
1.410365
1.410399
1.410477
1.410554
1.409872
1.409884
1.409898
1.409925
1.409967
1.410031
1.409912
1.409927
1.409953
1.409996
1.410059
1.409993
1.410021
1.410065
1.41013
1.410119
1.410165
1.410232
1.410281
1.410352
1.410464
1.40987
1.409885
1.409911
1.409953
1.410015
1.409913
1.40994
1.409982
1.410045
1.410008
1.410052
1.410115
1.410152
1.410219
1.410339
1.409871
1.409898
1.409939
1.410001
1.409927
1.409969
1.410031
1.410038
1.410102
1.410206
1.409884
1.409925
1.409986
1.409955
1.410017
1.410089
1.409912
1.409973
1.410004
1.409959
)
;

boundaryField
{
    airInlet
    {
        type            calculated;
        value           nonuniform List<scalar> 0();
    }
    airOutlet
    {
        type            calculated;
        value           nonuniform List<scalar> 0();
    }
    cathodeSides
    {
        type            calculated;
        value           uniform 0;
    }
    air_to_interconnect
    {
        type            calculated;
        value           uniform 0;
    }
    air_to_electrolyte
    {
        type            calculated;
        value           uniform 0;
    }
    procBoundary1to0
    {
        type            processor;
        value           uniform 0;
    }
    procBoundary1to2
    {
        type            processor;
        value           uniform 0;
    }
}
)

// processor2

36387
(dimensions      [1 2 -3 0 0 -1 0];

internalField   nonuniform List<scalar> 
4000
(
1.411732
1.41174
1.41173
1.411721
1.411743
1.411738
1.411721
1.411729
1.411719
1.411705
1.411744
1.411741
1.411717
1.411736
1.411719
1.411695
1.411726
1.411717
1.411702
1.411682
1.411744
1.411742
1.411714
1.411739
1.411715
1.411684
1.411734
1.411717
1.411692
1.41166
1.411725
1.411715
1.4117
1.411678
1.411647
1.411744
1.411743
1.411712
1.411741
1.411712
1.411676
1.411737
1.411714
1.411682
1.411641
1.411732
1.411714
1.41169
1.411656
1.41161
1.411722
1.411713
1.411697
1.411675
1.411642
1.411595
1.410234
1.411744
1.411743
1.411712
1.411742
1.41171
1.411671
1.411739
1.411711
1.411674
1.411626
1.411736
1.411712
1.41168
1.411637
1.41158
1.41173
1.411713
1.411687
1.411654
1.411605
1.411538
1.41172
1.41171
1.411695
1.411671
1.411638
1.411589
1.411519
1.410278
1.410223
1.410086
1.411743
1.411742
1.411714
1.411742
1.41171
1.411671
1.41174
1.411709
1.411669
1.411618
1.411738
1.411709
1.411672
1.411623
1.411559
1.411734
1.41171
1.411678
1.411635
1.411576
1.411494
1.411728
1.41171
1.411685
1.41165
1.411602
1.411531
1.411433
1.411717
1.411708
1.411692
1.411669
1.411633
1.411584
1.411511
1.411409
1.410364
1.410267
1.410126
1.410213
1.410075
1.409905
1.41174
1.411741
1.411717
1.411741
1.411712
1.411676
1.41174
1.411709
1.411669
1.411618
1.411739
1.411707
1.411668
1.411616
1.411548
1.411736
1.411708
1.41167
1.411622
1.411555
1.411465
1.411732
1.411708
1.411676
1.411632
1.411573
1.411489
1.411372
1.411725
1.411708
1.411682
1.411648
1.411597
1.411527
1.411426
1.411282
1.411715
1.411705
1.41169
1.411665
1.41163
1.411578
1.411506
1.4114
1.411245
1.410489
1.410352
1.410202
1.410256
1.410114
1.409945
1.410202
1.410064
1.409893
1.409679
1.411732
1.411738
1.411721
1.411739
1.411715
1.411684
1.411739
1.411711
1.411674
1.411626
1.411739
1.411707
1.411668
1.411616
1.411548
1.411737
1.411706
1.411666
1.411614
1.411544
1.41145
1.411734
1.411705
1.411668
1.411618
1.411552
1.411459
1.411333
1.411729
1.411706
1.411673
1.41163
1.411568
1.411485
1.411365
1.4112
1.411724
1.411705
1.41168
1.411644
1.411594
1.411521
1.41142
1.411273
1.411064
1.411712
1.411703
1.411686
1.411662
1.411625
1.411574
1.411498
1.411393
1.411235
1.410963
1.41064
1.410478
1.410304
1.410343
1.41019
1.410021
1.410246
1.410104
1.409933
1.40971
1.410192
1.410053
1.409882
1.409668
1.409708
1.41173
1.411721
1.411736
1.411719
1.411695
1.411737
1.411714
1.411682
1.411641
1.411738
1.411709
1.411672
1.411623
1.411559
1.411737
1.411706
1.411666
1.411614
1.411544
1.41145
1.411735
1.411704
1.411664
1.411611
1.411542
1.411444
1.411314
1.411732
1.411704
1.411666
1.411616
1.411548
1.411456
1.411326
1.411151
1.411728
1.411703
1.411671
1.411626
1.411565
1.411479
1.41136
1.411191
1.410964
1.411721
1.411703
1.411677
1.411641
1.411589
1.411517
1.411412
1.411266
1.411055
1.410743
1.4117
1.411684
1.411658
1.411622
1.411568
1.411493
1.411385
1.411227
1.410953
1.410505
1.41063
1.410398
1.410469
1.410293
1.410112
1.410332
1.41018
1.410009
1.409765
1.410236
1.410093
1.409922
1.409699
1.409744
1.410182
1.410043
1.409871
1.409659
1.409696
1.409855
1.411729
1.411719
1.411705
1.411734
1.411717
1.411692
1.41166
1.411736
1.411712
1.41168
1.411637
1.41158
1.411736
1.411708
1.41167
1.411622
1.411555
1.411465
1.411735
1.411704
1.411664
1.411611
1.411542
1.411444
1.411314
1.411733
1.411703
1.411662
1.411609
1.411537
1.411441
1.411307
1.411128
1.41173
1.411701
1.411664
1.411613
1.411545
1.41145
1.411321
1.411142
1.410908
1.411725
1.411702
1.411668
1.411624
1.41156
1.411475
1.411352
1.411185
1.410954
1.410645
1.4117
1.411675
1.411637
1.411586
1.411511
1.411407
1.411258
1.411047
1.410732
1.410412
1.41168
1.411655
1.411617
1.411563
1.411486
1.411378
1.411218
1.410945
1.410495
1.410355
1.41062
1.410387
1.410161
1.410458
1.410283
1.4101
1.409824
1.410322
1.41017
1.409998
1.409755
1.40981
1.410225
1.410083
1.40991
1.40969
1.409732
1.409895
1.410172
1.410033
1.409859
1.409649
1.409686
1.409843
1.409872
1.411726
1.411717
1.411702
1.411682
1.411732
1.411714
1.41169
1.411656
1.41161
1.411734
1.41171
1.411678
1.411635
1.411576
1.411494
1.411734
1.411705
1.411668
1.411618
1.411552
1.411459
1.411333
1.411733
1.411703
1.411662
1.411609
1.411537
1.411441
1.411307
1.411128
1.411732
1.4117
1.41166
1.411606
1.411535
1.411435
1.411302
1.411119
1.410883
1.411728
1.4117
1.411661
1.411611
1.411541
1.411446
1.411313
1.411136
1.410898
1.410595
1.411699
1.411666
1.41162
1.411558
1.411469
1.411347
1.411176
1.410946
1.410634
1.410352
1.411671
1.411634
1.41158
1.411507
1.4114
1.411251
1.411037
1.410724
1.410402
1.410297
1.411651
1.411613
1.411557
1.411481
1.41137
1.411211
1.410935
1.410486
1.410344
1.410069
1.41061
1.410378
1.410149
1.409841
1.410449
1.410272
1.41009
1.409814
1.409893
1.410312
1.41016
1.409987
1.409746
1.409798
1.409972
1.410216
1.410073
1.409899
1.40968
1.409722
1.409883
1.409913
1.410162
1.410023
1.409848
1.40964
1.409674
1.409831
1.409859
1.409871
1.411725
1.411715
1.4117
1.411678
1.411647
1.41173
1.411713
1.411687
1.411654
1.411605
1.411538
1.411732
1.411708
1.411676
1.411632
1.411573
1.411489
1.411372
1.411732
1.411704
1.411666
1.411616
1.411548
1.411456
1.411326
1.411151
1.411732
1.4117
1.41166
1.411606
1.411535
1.411435
1.411302
1.411119
1.410883
1.411729
1.411699
1.411658
1.411604
1.411531
1.411432
1.411295
1.411112
1.410873
1.410573
1.411697
1.411659
1.411607
1.411538
1.41144
1.411308
1.411127
1.41089
1.410585
1.410316
1.411663
1.411617
1.411553
1.411465
1.41134
1.41117
1.410936
1.410626
1.410341
1.410252
1.41163
1.411577
1.4115
1.411395
1.411243
1.41103
1.410714
1.410393
1.410287
1.41005
1.411608
1.411553
1.411474
1.411364
1.411202
1.410927
1.410476
1.410335
1.410058
1.409748
1.410601
1.410367
1.41014
1.409831
1.409966
1.410439
1.410263
1.410078
1.409805
1.409882
1.410073
1.410303
1.41015
1.409976
1.409736
1.409788
1.409959
1.409989
1.410206
1.410064
1.409887
1.409671
1.40971
1.409872
1.4099
1.409912
1.410153
1.410013
1.409837
1.40963
1.409664
1.409819
1.409848
1.409859
1.409866
1.411722
1.411713
1.411697
1.411675
1.411642
1.411595
1.411728
1.41171
1.411685
1.41165
1.411602
1.411532
1.411433
1.411729
1.411706
1.411673
1.41163
1.411568
1.411485
1.411365
1.4112
1.41173
1.411701
1.411664
1.411613
1.411545
1.41145
1.411321
1.411142
1.410908
1.411729
1.411699
1.411658
1.411604
1.411531
1.411432
1.411295
1.411112
1.410873
1.410573
1.411696
1.411656
1.411601
1.411528
1.411426
1.41129
1.411104
1.410865
1.410563
1.4103
1.411656
1.411605
1.411533
1.411437
1.411301
1.411121
1.410881
1.410576
1.410306
1.410224
1.411613
1.41155
1.411459
1.411334
1.411161
1.410929
1.410616
1.410333
1.410242
1.410023
1.411572
1.411496
1.411387
1.411237
1.411021
1.410706
1.410383
1.410278
1.410039
1.409649
1.411547
1.411469
1.411356
1.411195
1.410918
1.410468
1.410325
1.410048
1.409739
1.409986
1.410591
1.410358
1.410129
1.409823
1.409955
1.410182
1.41043
1.410253
1.410068
1.409796
1.409872
1.410061
1.410093
1.410293
1.410141
1.409964
1.409727
1.409777
1.409948
1.409977
1.409989
1.410197
1.410054
1.409877
1.409662
1.4097
1.40986
1.409889
1.409899
1.409907
1.410143
1.410004
1.409825
1.409622
1.409653
1.409808
1.409836
1.409847
1.409853
1.40986
1.41172
1.41171
1.411695
1.411671
1.411638
1.411589
1.411519
1.411725
1.411708
1.411682
1.411648
1.411597
1.411527
1.411426
1.411282
1.411728
1.411703
1.411671
1.411626
1.411565
1.411479
1.411359
1.411191
1.410964
1.411728
1.4117
1.411661
1.411611
1.411541
1.411446
1.411313
1.411136
1.410898
1.410595
1.411696
1.411656
1.411601
1.411528
1.411426
1.41129
1.411104
1.410865
1.410563
1.4103
1.411653
1.411599
1.411524
1.411423
1.411283
1.411098
1.410856
1.410554
1.410289
1.41021
1.411601
1.411531
1.411431
1.411296
1.411112
1.410873
1.410566
1.410297
1.410213
1.410008
1.411544
1.411455
1.411327
1.411155
1.41092
1.410608
1.410323
1.410233
1.410013
1.409583
1.41149
1.411382
1.411229
1.411014
1.410697
1.410375
1.410268
1.41003
1.40964
1.409957
1.411462
1.411351
1.411187
1.410911
1.410458
1.410316
1.410038
1.409731
1.409976
1.410271
1.410583
1.410348
1.410119
1.409813
1.409946
1.41017
1.410204
1.41042
1.410244
1.410057
1.409787
1.409861
1.41005
1.410081
1.410093
1.410284
1.410131
1.409953
1.409718
1.409767
1.409936
1.409966
1.409977
1.409984
1.410188
1.410045
1.409865
1.409653
1.409689
1.409849
1.409877
1.409888
1.409894
1.409901
1.409994
1.409815
1.409612
1.409643
1.409797
1.409825
1.409835
1.409842
1.409847
1.409858
1.411717
1.411708
1.411692
1.411669
1.411633
1.411584
1.411511
1.411409
1.411724
1.411705
1.41168
1.411644
1.411594
1.411521
1.41142
1.411273
1.411064
1.411725
1.411702
1.411668
1.411624
1.41156
1.411475
1.411352
1.411185
1.410954
1.410645
1.411697
1.411659
1.411607
1.411538
1.41144
1.411308
1.411127
1.41089
1.410585
1.410316
1.411653
1.411599
1.411524
1.411423
1.411283
1.411098
1.410856
1.410554
1.410289
1.41021
1.411595
1.411521
1.411417
1.411278
1.411089
1.410848
1.410544
1.41028
1.4102
1.410001
1.411526
1.411427
1.411289
1.411106
1.410864
1.410558
1.410287
1.410205
1.409998
1.409547
1.411449
1.411322
1.411147
1.410913
1.410598
1.410315
1.410223
1.410005
1.409575
1.409919
1.411375
1.411223
1.411005
1.410689
1.410366
1.41026
1.41002
1.409633
1.409947
1.410326
1.411343
1.41118
1.410901
1.410451
1.410307
1.410029
1.409723
1.409968
1.410259
1.410298
1.410573
1.41034
1.410108
1.409806
1.409935
1.41016
1.410192
1.410207
1.410412
1.410234
1.410046
1.409778
1.409851
1.410039
1.41007
1.410081
1.410089
1.410275
1.410122
1.409942
1.409709
1.409756
1.409926
1.409954
1.409966
1.409972
1.409979
1.410035
1.409855
1.409644
1.409679
1.409837
1.409866
1.409876
1.409883
1.409889
1.4099
1.409805
1.409604
1.409633
1.409786
1.409813
1.409824
1.409829
1.409836
1.409845
1.409859
1.411715
1.411705
1.41169
1.411665
1.41163
1.411578
1.411506
1.4114
1.411245
1.411721
1.411703
1.411677
1.411641
1.411589
1.411517
1.411412
1.411266
1.411055
1.410743
1.411699
1.411666
1.41162
1.411557
1.411469
1.411347
1.411176
1.410946
1.410634
1.410352
1.411656
1.411605
1.411533
1.411437
1.411301
1.411121
1.410881
1.410576
1.410306
1.410224
1.411595
1.411521
1.411417
1.411278
1.411089
1.410848
1.410544
1.41028
1.4102
1.410001
1.411516
1.411413
1.411271
1.411083
1.410839
1.410536
1.41027
1.410191
1.409991
1.409531
1.411421
1.411284
1.411098
1.410857
1.410548
1.410279
1.410195
1.40999
1.409539
1.409888
1.411315
1.411141
1.410904
1.410591
1.410305
1.410215
1.409995
1.409568
1.40991
1.410358
1.411215
1.410999
1.41068
1.410358
1.41025
1.410012
1.409625
1.409939
1.410315
1.41036
1.411172
1.410894
1.410441
1.410299
1.410018
1.409716
1.409958
1.410249
1.410286
1.410303
1.410565
1.41033
1.410098
1.409797
1.409926
1.410148
1.410182
1.410194
1.410204
1.410402
1.410226
1.410035
1.40977
1.409841
1.410028
1.410058
1.41007
1.410077
1.410085
1.410112
1.409932
1.4097
1.409747
1.409914
1.409943
1.409954
1.409961
1.409967
1.409978
1.409845
1.409636
1.409669
1.409827
1.409854
1.409865
1.409871
1.409877
1.409887
1.409901
1.409595
1.409623
1.409775
1.409802
1.409812
1.409818
1.409824
1.409834
1.409846
1.409872
1.411712
1.411703
1.411686
1.411662
1.411625
1.411574
1.411498
1.411393
1.411235
1.410963
1.4117
1.411675
1.411637
1.411586
1.411511
1.411407
1.411258
1.411047
1.410732
1.410412
1.411663
1.411617
1.411553
1.411465
1.41134
1.41117
1.410936
1.410626
1.410341
1.410252
1.411601
1.411531
1.411431
1.411296
1.411112
1.410873
1.410566
1.410297
1.410213
1.410008
1.411516
1.411413
1.411271
1.411083
1.410839
1.410536
1.41027
1.410191
1.409991
1.409531
1.411407
1.411266
1.411075
1.410832
1.410527
1.410262
1.410181
1.409983
1.409523
1.40987
1.411277
1.411092
1.410848
1.410541
1.410269
1.410186
1.40998
1.409532
1.409879
1.410375
1.411133
1.410897
1.410582
1.410297
1.410205
1.409987
1.40956
1.409902
1.410347
1.410396
1.41099
1.410673
1.410348
1.410242
1.410002
1.409618
1.40993
1.410305
1.410348
1.410368
1.410886
1.410434
1.410289
1.410009
1.409708
1.40995
1.410238
1.410276
1.410291
1.410303
1.410556
1.410322
1.410087
1.409789
1.409915
1.410138
1.41017
1.410184
1.410191
1.410201
1.410216
1.410025
1.409761
1.409831
1.410017
1.410047
1.410058
1.410066
1.410073
1.410085
1.409922
1.409692
1.409736
1.409904
1.409932
1.409943
1.409949
1.409956
1.409966
1.409981
1.409627
1.40966
1.409815
1.409844
1.409853
1.40986
1.409865
1.409875
1.409888
1.409914
1.409613
1.409765
1.409791
1.409802
1.409807
1.409813
1.409821
1.409835
1.409859
1.409899
1.4117
1.411684
1.411658
1.411622
1.411568
1.411493
1.411385
1.411227
1.410953
1.410505
1.411671
1.411634
1.41158
1.411507
1.4114
1.411251
1.411037
1.410724
1.410402
1.410297
1.411613
1.41155
1.411459
1.411334
1.411161
1.410929
1.410616
1.410333
1.410242
1.410023
1.411526
1.411427
1.411289
1.411106
1.410864
1.410558
1.410287
1.410205
1.409998
1.409547
1.411407
1.411266
1.411075
1.410832
1.410527
1.410262
1.410181
1.409983
1.409523
1.40987
1.411259
1.411069
1.410823
1.410519
1.410253
1.410173
1.409973
1.409516
1.409861
1.410382
1.411084
1.410842
1.410532
1.410261
1.410177
1.409972
1.409524
1.409871
1.410363
1.410416
1.410889
1.410575
1.410288
1.410197
1.409978
1.409553
1.409893
1.410337
1.410384
1.410406
1.410664
1.410341
1.410231
1.409991
1.409611
1.409923
1.410294
1.410338
1.410356
1.41037
1.410425
1.410281
1.409998
1.409701
1.409941
1.410228
1.410265
1.410281
1.410291
1.410303
1.410312
1.410076
1.40978
1.409907
1.410127
1.41016
1.410172
1.410181
1.410189
1.410203
1.410014
1.409753
1.409821
1.410007
1.410036
1.410048
1.410054
1.410062
1.410073
1.41009
1.409683
1.409727
1.409893
1.409921
1.409931
1.409938
1.409944
1.409955
1.409969
1.409996
1.409649
1.409806
1.409832
1.409843
1.409848
1.409854
1.409863
1.409877
1.409902
1.409943
1.409754
1.409781
1.40979
1.409796
1.409801
1.40981
1.409822
1.409847
1.409886
1.409947
1.41064
1.41168
1.411655
1.411617
1.411563
1.411486
1.411378
1.411218
1.410945
1.410495
1.410355
1.41163
1.411577
1.4115
1.411395
1.411243
1.41103
1.410714
1.410393
1.410287
1.41005
1.411545
1.411455
1.411327
1.411155
1.41092
1.410608
1.410323
1.410233
1.410013
1.409583
1.411421
1.411284
1.411098
1.410857
1.410548
1.410279
1.410195
1.40999
1.409539
1.409888
1.411259
1.411069
1.410823
1.410519
1.410253
1.410173
1.409973
1.409516
1.409861
1.410382
1.411061
1.410817
1.41051
1.410244
1.410163
1.409964
1.409508
1.409854
1.410371
1.410425
1.410833
1.410524
1.41025
1.410168
1.40996
1.409517
1.409863
1.410354
1.410404
1.410427
1.410566
1.410278
1.410187
1.409969
1.409545
1.409886
1.410326
1.410374
1.410394
1.41041
1.410331
1.410221
1.40997
1.409604
1.409914
1.410284
1.410326
1.410346
1.410358
1.410372
1.41027
1.409987
1.409694
1.409934
1.410217
1.410255
1.410269
1.41028
1.410291
1.410308
1.410064
1.409773
1.409896
1.410118
1.410149
1.410162
1.410169
1.410178
1.410191
1.410211
1.409745
1.409812
1.409996
1.410026
1.410036
1.410044
1.41005
1.410062
1.410078
1.410107
1.409717
1.409883
1.40991
1.409921
1.409926
1.409933
1.409942
1.409957
1.409983
1.410026
1.409795
1.409822
1.409832
1.409837
1.409842
1.409852
1.409865
1.40989
1.40993
1.409991
1.40977
1.40978
1.409785
1.40979
1.409799
1.409811
1.409835
1.409875
1.409934
1.410489
1.41063
1.410398
1.411651
1.411613
1.411557
1.411481
1.41137
1.411211
1.410935
1.410486
1.410344
1.410069
1.411572
1.411496
1.411387
1.411237
1.411021
1.410706
1.410383
1.410278
1.41004
1.409649
1.411449
1.411322
1.411147
1.410913
1.410598
1.410315
1.410223
1.410005
1.409575
1.409919
1.411277
1.411092
1.410848
1.410541
1.410269
1.410186
1.40998
1.409532
1.409879
1.410375
1.411061
1.410817
1.41051
1.410245
1.410163
1.409964
1.409508
1.409854
1.410371
1.410425
1.410808
1.410498
1.410218
1.410146
1.409951
1.409499
1.409845
1.410361
1.410413
1.410437
1.410512
1.410212
1.410135
1.409946
1.409505
1.409855
1.410343
1.410394
1.410415
1.410432
1.410261
1.410161
1.409953
1.409536
1.409878
1.410316
1.410363
1.410384
1.410398
1.410413
1.410206
1.409941
1.409595
1.409907
1.410274
1.410317
1.410334
1.410347
1.41036
1.41038
1.409967
1.409687
1.409925
1.410208
1.410244
1.41026
1.410269
1.41028
1.410296
1.41032
1.409765
1.409888
1.410107
1.410139
1.410151
1.410159
1.410166
1.41018
1.410199
1.410232
1.409802
1.409986
1.410015
1.410026
1.410032
1.410039
1.41005
1.410067
1.410095
1.41014
1.409872
1.4099
1.40991
1.409916
1.409921
1.409932
1.409945
1.409972
1.410013
1.410076
1.409811
1.409822
1.409826
1.409832
1.40984
1.409854
1.409878
1.409918
1.409978
1.409769
1.409775
1.409779
1.409788
1.409799
1.409824
1.409862
1.409922
1.410364
1.410478
1.410304
1.41062
1.410387
1.410161
1.411608
1.411553
1.411474
1.411364
1.411202
1.410927
1.410476
1.410335
1.410058
1.409748
1.41149
1.411382
1.411229
1.411014
1.410697
1.410375
1.410268
1.41003
1.40964
1.409957
1.411315
1.411141
1.410904
1.410591
1.410305
1.410215
1.409995
1.409568
1.40991
1.410358
1.411084
1.410842
1.410532
1.410261
1.410176
1.409971
1.409524
1.409871
1.410363
1.410416
1.410808
1.410502
1.410229
1.41015
1.409952
1.409499
1.409845
1.410361
1.410413
1.410437
1.410469
1.409976
1.409971
1.409859
1.409484
1.409838
1.41035
1.410403
1.410425
1.410441
1.410023
1.409887
1.409764
1.409488
1.409846
1.410334
1.410383
1.410405
1.41042
1.410436
1.410101
1.409825
1.409521
1.40987
1.410306
1.410354
1.410373
1.410388
1.410401
1.410424
1.409886
1.409585
1.409898
1.410265
1.410306
1.410325
1.410336
1.41035
1.410368
1.410396
1.409678
1.409919
1.410198
1.410234
1.410248
1.410259
1.410269
1.410286
1.410308
1.410346
1.409878
1.410097
1.410128
1.410141
1.410148
1.410156
1.410169
1.410188
1.41022
1.410269
1.409976
1.410005
1.410015
1.410022
1.410028
1.410039
1.410055
1.410084
1.410128
1.410194
1.409889
1.4099
1.409905
1.409911
1.40992
1.409934
1.40996
1.410002
1.410064
1.409811
1.409816
1.40982
1.40983
1.409842
1.409867
1.409906
1.409966
1.409763
1.409769
1.409776
1.409789
1.409812
1.409851
1.409909
1.410278
1.410352
1.410202
1.410469
1.410293
1.410112
1.41061
1.410378
1.41015
1.409841
1.411547
1.411469
1.411356
1.411195
1.410918
1.410468
1.410325
1.410048
1.409739
1.409986
1.411375
1.411223
1.411005
1.410689
1.410365
1.410259
1.410019
1.409633
1.409947
1.410326
1.411133
1.410897
1.410582
1.410297
1.410205
1.409987
1.40956
1.409902
1.410347
1.410396
1.410833
1.410524
1.410249
1.410166
1.409959
1.409515
1.409862
1.410354
1.410404
1.410427
1.410477
1.410134
1.410078
1.409896
1.409485
1.409838
1.41035
1.410403
1.410425
1.410441
1.409476
1.409393
1.409519
1.409451
1.409828
1.410341
1.410392
1.410415
1.410429
1.410446
1.409394
1.409429
1.409442
1.409837
1.410323
1.410374
1.410394
1.41041
1.410424
1.410447
1.409616
1.409488
1.40986
1.410297
1.410343
1.410363
1.410376
1.410391
1.410412
1.410442
1.409566
1.409891
1.410254
1.410297
1.410314
1.410326
1.410338
1.410358
1.410384
1.410425
1.40991
1.410189
1.410224
1.410239
1.410248
1.410259
1.410274
1.410298
1.410333
1.410388
1.410087
1.410119
1.41013
1.410138
1.410145
1.410159
1.410176
1.410209
1.410257
1.410327
1.409995
1.410006
1.410011
1.410018
1.410028
1.410044
1.410072
1.410116
1.410181
1.409889
1.409895
1.4099
1.40991
1.409922
1.409949
1.40999
1.410052
1.409805
1.40981
1.409818
1.409831
1.409855
1.409895
1.409954
1.409758
1.409766
1.409777
1.409801
1.409839
1.409898
1.410234
1.410267
1.410126
1.410343
1.41019
1.410021
1.410458
1.410283
1.4101
1.409824
1.410601
1.410367
1.41014
1.409831
1.409966
1.411462
1.411351
1.411187
1.41091
1.410458
1.410316
1.410038
1.409731
1.409976
1.410271
1.411215
1.410999
1.41068
1.410358
1.410249
1.410009
1.409625
1.409939
1.410315
1.41036
1.410889
1.410575
1.410287
1.410197
1.409976
1.409552
1.409893
1.410337
1.410384
1.410406
1.410513
1.410214
1.410127
1.409925
1.409502
1.409855
1.410343
1.410394
1.410415
1.410432
1.409633
1.409538
1.409584
1.409457
1.409828
1.410341
1.410392
1.410415
1.410429
1.410446
1.408928
1.409099
1.40937
1.409816
1.41033
1.410383
1.410403
1.410419
1.410434
1.410458
1.409081
1.409357
1.409822
1.410314
1.410363
1.410385
1.410398
1.410414
1.410435
1.410467
1.409436
1.409849
1.410286
1.410334
1.410352
1.410367
1.41038
1.410401
1.41043
1.410474
1.409881
1.410246
1.410286
1.410304
1.410315
1.410329
1.410346
1.410373
1.410413
1.410473
1.410179
1.410215
1.410228
1.410238
1.410248
1.410264
1.410286
1.410323
1.410376
1.410452
1.410108
1.410121
1.410127
1.410135
1.410147
1.410166
1.410197
1.410246
1.410315
1.409995
1.410001
1.410007
1.410018
1.410032
1.410061
1.410104
1.41017
1.409884
1.40989
1.409898
1.409912
1.409937
1.409979
1.41004
1.409799
1.409808
1.40982
1.409844
1.409883
1.409943
1.409755
1.409767
1.409789
1.409828
1.409886
1.410223
1.410086
1.410256
1.410114
1.409945
1.410332
1.41018
1.410009
1.409765
1.410449
1.410272
1.41009
1.409814
1.409893
1.410591
1.410358
1.410129
1.409823
1.409955
1.410182
1.411343
1.41118
1.410901
1.410451
1.410307
1.410029
1.409723
1.409968
1.410259
1.410298
1.41099
1.410673
1.410348
1.41024
1.409995
1.409618
1.40993
1.410305
1.410348
1.410368
1.410566
1.410277
1.410178
1.409965
1.409542
1.409886
1.410326
1.410374
1.410394
1.41041
1.410073
1.409876
1.409701
1.409481
1.409845
1.410333
1.410383
1.410405
1.41042
1.410436
1.409056
1.409191
1.409383
1.409817
1.41033
1.410383
1.410403
1.410419
1.410434
1.410458
1.408767
1.40924
1.409794
1.410321
1.410372
1.410394
1.410408
1.410424
1.410446
1.410478
1.409243
1.4098
1.410303
1.410354
1.410374
1.410389
1.410403
1.410425
1.410455
1.410502
1.409832
1.410277
1.410323
1.410343
1.410356
1.41037
1.41039
1.410419
1.410462
1.410525
1.410235
1.410277
1.410294
1.410306
1.410318
1.410337
1.410362
1.410403
1.41046
1.410543
1.410204
1.410219
1.410228
1.410238
1.410253
1.410276
1.410311
1.410365
1.41044
1.41011
1.410118
1.410124
1.410137
1.410155
1.410187
1.410234
1.410304
1.409991
1.409997
1.410007
1.410022
1.410049
1.410094
1.410158
1.409879
1.409888
1.409901
1.409927
1.409967
1.410029
1.409797
1.40981
1.409833
1.409872
1.409931
1.409756
1.409779
1.409816
1.409875
1.410213
1.410075
1.409905
1.410246
1.410104
1.409933
1.40971
1.410322
1.41017
1.409999
1.409755
1.40981
1.410439
1.410263
1.410079
1.409805
1.409882
1.410073
1.410583
1.410348
1.410119
1.409813
1.409946
1.41017
1.410204
1.411172
1.410894
1.410441
1.410298
1.410017
1.409716
1.409958
1.410249
1.410286
1.410303
1.410664
1.41034
1.410228
1.409975
1.409609
1.409923
1.410294
1.410338
1.410356
1.41037
1.410261
1.410147
1.409873
1.40953
1.409877
1.410316
1.410363
1.410384
1.410398
1.410413
1.409453
1.409415
1.409428
1.409836
1.410323
1.410374
1.410394
1.41041
1.410424
1.410447
1.408854
1.409269
1.409797
1.410321
1.410372
1.410394
1.410408
1.410424
1.410446
1.410478
1.409093
1.409764
1.410309
1.410363
1.410383
1.410398
1.410413
1.410436
1.410466
1.410514
1.40977
1.410293
1.410343
1.410365
1.410378
1.410393
1.410414
1.410445
1.41049
1.410555
1.410266
1.410314
1.410333
1.410347
1.410359
1.41038
1.410408
1.410452
1.410513
1.410599
1.410267
1.410285
1.410295
1.410308
1.410326
1.410352
1.410391
1.41045
1.41053
1.410209
1.410219
1.410228
1.410244
1.410265
1.410301
1.410353
1.410429
1.410107
1.410115
1.410126
1.410145
1.410175
1.410223
1.410292
1.409986
1.409997
1.410011
1.410039
1.410082
1.410147
1.409878
1.409891
1.409915
1.409956
1.410017
1.409798
1.409822
1.40986
1.40992
1.409768
1.409806
1.409863
1.410202
1.410064
1.409893
1.409679
1.410236
1.410093
1.409922
1.409699
1.409744
1.410312
1.41016
1.409987
1.409746
1.409798
1.409972
1.41043
1.410253
1.410068
1.409796
1.409872
1.410061
1.410093
1.410573
1.41034
1.410108
1.409806
1.409935
1.41016
1.410192
1.410207
1.410886
1.410434
1.410288
1.410007
1.409708
1.40995
1.410238
1.410276
1.410291
1.410303
1.410331
1.410217
1.409943
1.409601
1.409914
1.410284
1.410326
1.410346
1.410358
1.410372
1.410091
1.409732
1.409504
1.409869
1.410306
1.410354
1.410373
1.410388
1.410401
1.410424
1.40912
1.409352
1.409819
1.410314
1.410363
1.410385
1.410398
1.410414
1.410435
1.410467
1.409134
1.409769
1.410309
1.410363
1.410383
1.410398
1.410413
1.410436
1.410466
1.410514
1.409724
1.410299
1.410352
1.410374
1.410387
1.410403
1.410425
1.410456
1.410502
1.410568
1.41028
1.410334
1.410354
1.410369
1.410382
1.410405
1.410434
1.41048
1.410543
1.410632
1.410304
1.410324
1.410336
1.41035
1.410369
1.410398
1.410441
1.410503
1.410587
1.410274
1.410287
1.410298
1.410317
1.410341
1.410382
1.410438
1.41052
1.410208
1.410219
1.410233
1.410255
1.41029
1.410343
1.410418
1.410104
1.410117
1.410134
1.410165
1.410212
1.410281
1.409986
1.410001
1.410028
1.410072
1.410135
1.40988
1.409905
1.409945
1.410006
1.409811
1.40985
1.409908
1.409795
1.409853
1.410192
1.410053
1.409882
1.409668
1.409708
1.410225
1.410083
1.40991
1.40969
1.409732
1.409895
1.410303
1.41015
1.409976
1.409736
1.409788
1.409959
1.409989
1.41042
1.410244
1.410057
1.409787
1.409861
1.41005
1.410081
1.410093
1.410565
1.41033
1.410097
1.409797
1.409926
1.410148
1.410182
1.410194
1.410204
1.410424
1.41028
1.409992
1.409701
1.409941
1.410228
1.410265
1.410281
1.410291
1.410303
1.4102
1.409904
1.409589
1.409906
1.410274
1.410317
1.410334
1.410347
1.41036
1.41038
1.409554
1.409469
1.409857
1.410297
1.410343
1.410363
1.410376
1.410391
1.410412
1.410442
1.409257
1.409799
1.410303
1.410354
1.410374
1.410389
1.410403
1.410425
1.410455
1.410502
1.409734
1.410299
1.410352
1.410374
1.410387
1.410403
1.410425
1.410456
1.410502
1.410568
1.410285
1.410343
1.410363
1.410378
1.410392
1.410415
1.410445
1.410492
1.410556
1.410647
1.410323
1.410345
1.410358
1.410373
1.410393
1.410424
1.410468
1.410533
1.41062
1.410313
1.410327
1.41034
1.41036
1.410387
1.410431
1.410491
1.410577
1.410276
1.410289
1.410306
1.410332
1.41037
1.410429
1.410508
1.410208
1.410224
1.410244
1.41028
1.410332
1.410408
1.410106
1.410125
1.410154
1.410202
1.41027
1.409991
1.410018
1.41006
1.410125
1.409894
1.409935
1.409995
1.409839
1.409898
1.409841
1.410182
1.410043
1.409871
1.409659
1.409696
1.409855
1.410216
1.410073
1.409899
1.40968
1.409722
1.409883
1.409913
1.410293
1.410141
1.409964
1.409727
1.409777
1.409948
1.409977
1.409989
1.410412
1.410234
1.410046
1.409778
1.409851
1.410039
1.41007
1.410081
1.410089
1.410556
1.410322
1.410085
1.409789
1.409915
1.410138
1.41017
1.410184
1.410191
1.410201
1.410269
1.409976
1.409692
1.409934
1.410217
1.410255
1.410269
1.41028
1.410291
1.410308
1.409841
1.409576
1.409897
1.410265
1.410306
1.410325
1.410336
1.41035
1.410368
1.410396
1.409421
1.409845
1.410286
1.410334
1.410352
1.410367
1.41038
1.410401
1.41043
1.410474
1.409773
1.410293
1.410343
1.410365
1.410378
1.410393
1.410414
1.410445
1.41049
1.410555
1.410286
1.410343
1.410363
1.410378
1.410392
1.410415
1.410445
1.410492
1.410556
1.410647
1.410331
1.410354
1.410368
1.410383
1.410404
1.410435
1.41048
1.410546
1.410634
1.410334
1.410349
1.410363
1.410384
1.410413
1.410458
1.410521
1.410609
1.410317
1.410331
1.41035
1.410378
1.41042
1.410481
1.410565
1.410278
1.410297
1.410321
1.410361
1.410417
1.410498
1.410213
1.410235
1.410269
1.410322
1.410396
1.410114
1.410145
1.410191
1.41026
1.410007
1.410051
1.410113
1.409924
1.409984
1.409887
1.410172
1.410033
1.409859
1.409649
1.409686
1.409843
1.409872
1.410206
1.410064
1.409887
1.409671
1.40971
1.409872
1.4099
1.409912
1.410284
1.410131
1.409954
1.409718
1.409767
1.409936
1.409966
1.409977
1.409984
1.410402
1.410226
1.410035
1.40977
1.409841
1.410028
1.410058
1.41007
1.410077
1.410085
1.410312
1.410073
1.40978
1.409907
1.410127
1.41016
1.410172
1.410181
1.410189
1.410203
1.409957
1.409685
1.409925
1.410208
1.410244
1.41026
1.410269
1.41028
1.410296
1.41032
1.409557
1.409889
1.410254
1.410297
1.410314
1.410326
1.410338
1.410358
1.410384
1.410425
1.409829
1.410277
1.410323
1.410343
1.410356
1.41037
1.41039
1.410419
1.410462
1.410525
1.410281
1.410334
1.410354
1.410369
1.410382
1.410405
1.410434
1.41048
1.410543
1.410632
1.410331
1.410354
1.410368
1.410383
1.410404
1.410435
1.41048
1.410546
1.410634
1.410343
1.410359
1.410373
1.410395
1.410424
1.410471
1.410534
1.410624
1.410339
1.410354
1.410374
1.410404
1.410447
1.410511
1.410598
1.41032
1.410341
1.410367
1.410411
1.41047
1.410555
1.410286
1.410312
1.41035
1.410408
1.410487
1.410225
1.41026
1.410311
1.410387
1.410134
1.410181
1.410249
1.41004
1.410104
1.409973
1.410162
1.410023
1.409848
1.40964
1.409675
1.409831
1.409859
1.409871
1.410197
1.410054
1.409877
1.409662
1.4097
1.40986
1.409889
1.409899
1.409907
1.410275
1.410122
1.409942
1.409709
1.409756
1.409926
1.409954
1.409966
1.409972
1.409979
1.410216
1.410024
1.409761
1.409831
1.410017
1.410047
1.410058
1.410066
1.410073
1.410085
1.410063
1.409773
1.409896
1.410118
1.410149
1.410162
1.410169
1.410178
1.410191
1.410211
1.409676
1.409918
1.410198
1.410234
1.410248
1.410259
1.410269
1.410286
1.410308
1.410346
1.409879
1.410245
1.410286
1.410304
1.410315
1.410329
1.410346
1.410373
1.410413
1.410473
1.410266
1.410314
1.410333
1.410347
1.410359
1.410381
1.410408
1.410452
1.410513
1.410599
1.410323
1.410345
1.410358
1.410373
1.410393
1.410424
1.410468
1.410533
1.41062
1.410344
1.410359
1.410373
1.410395
1.410424
1.410471
1.410534
1.410624
1.410348
1.410364
1.410384
1.410415
1.41046
1.410525
1.410612
1.410343
1.410365
1.410393
1.410438
1.4105
1.410588
1.41033
1.410359
1.4104
1.410461
1.410544
1.410302
1.410341
1.410397
1.410478
1.41025
1.410302
1.410375
1.410171
1.410239
1.410092
1.410153
1.410013
1.409837
1.40963
1.409664
1.409819
1.409848
1.409859
1.409866
1.410188
1.410045
1.409865
1.409653
1.409689
1.409849
1.409877
1.409888
1.409894
1.409901
1.410112
1.409932
1.4097
1.409747
1.409914
1.409943
1.409954
1.409961
1.409967
1.409978
1.410013
1.409753
1.409821
1.410007
1.410036
1.410048
1.410054
1.410062
1.410073
1.41009
1.409764
1.409888
1.410107
1.410139
1.410151
1.410159
1.410166
1.41018
1.410199
1.410232
1.409909
1.410189
1.410224
1.410239
1.410248
1.410259
1.410274
1.410298
1.410333
1.410388
1.410235
1.410277
1.410294
1.410306
1.410318
1.410337
1.410362
1.410403
1.41046
1.410543
1.410304
1.410324
1.410336
1.41035
1.410369
1.410398
1.410441
1.410503
1.410587
1.410334
1.410349
1.410363
1.410384
1.410413
1.410458
1.410521
1.410609
1.410348
1.410364
1.410384
1.410415
1.41046
1.410525
1.410612
1.410353
1.410376
1.410404
1.410451
1.410514
1.410603
1.410354
1.410384
1.410427
1.410491
1.410577
1.410348
1.410391
1.41045
1.410535
1.410331
1.410388
1.410467
1.410292
1.410366
1.410228
1.410143
1.410004
1.409825
1.409622
1.409653
1.409808
1.409836
1.409847
1.409853
1.40986
1.410035
1.409855
1.409644
1.409679
1.409837
1.409866
1.409876
1.409883
1.409889
1.4099
1.409921
1.409692
1.409736
1.409904
1.409932
1.409943
1.409949
1.409956
1.409966
1.409981
1.409745
1.409812
1.409996
1.410026
1.410037
1.410044
1.41005
1.410062
1.410078
1.410107
1.409878
1.410097
1.410128
1.410141
1.410148
1.410156
1.410169
1.410188
1.41022
1.410269
1.410179
1.410215
1.410228
1.410238
1.410248
1.410264
1.410286
1.410323
1.410376
1.410452
1.410267
1.410285
1.410295
1.410308
1.410326
1.410352
1.410391
1.41045
1.41053
1.410313
1.410327
1.41034
1.41036
1.410387
1.410431
1.410491
1.410577
1.410339
1.410354
1.410374
1.410404
1.410447
1.410511
1.410598
1.410353
1.410376
1.410404
1.410451
1.410514
1.410603
1.410365
1.410396
1.41044
1.410505
1.410592
1.410374
1.410419
1.41048
1.410568
1.41038
1.410441
1.410524
1.410377
1.410458
1.410355
1.409994
1.409815
1.409612
1.409643
1.409797
1.409825
1.409835
1.409842
1.409847
1.409858
1.409845
1.409636
1.409669
1.409827
1.409854
1.409865
1.409871
1.409877
1.409887
1.409901
1.409683
1.409727
1.409893
1.409921
1.409931
1.409938
1.409944
1.409955
1.409969
1.409996
1.409802
1.409986
1.410015
1.410026
1.410032
1.410039
1.41005
1.410067
1.410095
1.41014
1.410087
1.410119
1.41013
1.410138
1.410145
1.410159
1.410176
1.410209
1.410257
1.410327
1.410204
1.410219
1.410228
1.410238
1.410253
1.410276
1.410311
1.410365
1.41044
1.410274
1.410287
1.410298
1.410317
1.410341
1.410382
1.410438
1.41052
1.410317
1.410331
1.41035
1.410378
1.41042
1.410481
1.410565
1.410343
1.410365
1.410393
1.410438
1.4105
1.410588
1.410365
1.410396
1.41044
1.410505
1.410592
1.410385
1.410431
1.410494
1.410582
1.410408
1.410472
1.410557
1.410431
1.410515
1.410447
1.409805
1.409604
1.409633
1.409786
1.409813
1.409824
1.409829
1.409836
1.409845
1.409859
1.409627
1.40966
1.409815
1.409843
1.409853
1.40986
1.409865
1.409875
1.409888
1.409914
1.409717
1.409883
1.40991
1.409921
1.409926
1.409933
1.409942
1.409957
1.409983
1.410026
1.409976
1.410005
1.410015
1.410022
1.410028
1.410039
1.410055
1.410084
1.410128
1.410194
1.410108
1.410121
1.410127
1.410135
1.410147
1.410166
1.410197
1.410246
1.410315
1.410209
1.410219
1.410228
1.410244
1.410265
1.410301
1.410353
1.410429
1.410276
1.410289
1.410306
1.410332
1.41037
1.410429
1.410508
1.41032
1.410341
1.410367
1.410411
1.41047
1.410555
1.410354
1.410384
1.410427
1.410491
1.410577
1.410385
1.410431
1.410494
1.410582
1.41042
1.410485
1.410572
1.410461
1.410548
1.410504
1.409595
1.409623
1.409775
1.409802
1.409812
1.409818
1.409824
1.409834
1.409846
1.409872
1.409649
1.409806
1.409832
1.409843
1.409848
1.409854
1.409863
1.409877
1.409902
1.409943
1.409872
1.4099
1.40991
1.409916
1.409921
1.409932
1.409945
1.409972
1.410013
1.410076
1.409995
1.410006
1.410011
1.410018
1.410028
1.410044
1.410072
1.410116
1.410181
1.41011
1.410118
1.410124
1.410137
1.410155
1.410187
1.410234
1.410304
1.410208
1.410219
1.410233
1.410255
1.41029
1.410343
1.410418
1.410278
1.410297
1.410321
1.410361
1.410417
1.410498
1.41033
1.410359
1.4104
1.410461
1.410544
1.410374
1.410419
1.41048
1.410568
1.41042
1.410485
1.410572
1.410474
1.410563
1.410537
1.409613
1.409765
1.409791
1.409802
1.409807
1.409813
1.409821
1.409835
1.409859
1.409899
1.409795
1.409822
1.409832
1.409837
1.409842
1.409852
1.409865
1.40989
1.40993
1.409991
1.409889
1.4099
1.409905
1.409911
1.40992
1.409934
1.40996
1.410002
1.410064
1.409995
1.410001
1.410007
1.410018
1.410032
1.410061
1.410104
1.41017
1.410107
1.410115
1.410126
1.410145
1.410175
1.410223
1.410292
1.410208
1.410224
1.410244
1.41028
1.410332
1.410408
1.410286
1.410312
1.41035
1.410408
1.410487
1.410348
1.410391
1.41045
1.410535
1.410408
1.410472
1.410557
1.410474
1.410563
1.410552
1.409754
1.409781
1.40979
1.409796
1.409801
1.40981
1.409822
1.409847
1.409886
1.409947
1.409811
1.409822
1.409826
1.409832
1.40984
1.409854
1.409878
1.409918
1.409978
1.409889
1.409895
1.4099
1.40991
1.409923
1.409949
1.40999
1.410052
1.409991
1.409997
1.410007
1.410022
1.410049
1.410094
1.410158
1.410104
1.410117
1.410134
1.410165
1.410212
1.410281
1.410213
1.410235
1.410269
1.410322
1.410396
1.410301
1.410341
1.410397
1.410478
1.41038
1.410441
1.410524
1.410461
1.410548
1.410552
1.40977
1.40978
1.409785
1.40979
1.409799
1.409811
1.409835
1.409875
1.409934
1.409811
1.409816
1.409821
1.40983
1.409842
1.409867
1.409906
1.409966
1.409884
1.40989
1.409898
1.409912
1.409937
1.409979
1.41004
1.409986
1.409997
1.410011
1.410039
1.410082
1.410147
1.410106
1.410125
1.410154
1.410202
1.41027
1.410225
1.41026
1.410311
1.410386
1.410331
1.410388
1.410467
1.410431
1.410515
1.410537
1.409769
1.409775
1.409779
1.409788
1.409799
1.409824
1.409862
1.409922
1.409805
1.40981
1.409818
1.409831
1.409855
1.409895
1.409954
1.409879
1.409888
1.409901
1.409927
1.409967
1.410029
1.409986
1.410001
1.410028
1.410072
1.410135
1.410114
1.410145
1.410191
1.41026
1.41025
1.410302
1.410375
1.410377
1.410458
1.410504
1.409763
1.409769
1.409776
1.409789
1.409812
1.409851
1.409909
1.409799
1.409808
1.40982
1.409844
1.409883
1.409943
1.409877
1.409891
1.409915
1.409956
1.410017
1.409991
1.410018
1.41006
1.410125
1.410134
1.410181
1.410249
1.410292
1.410366
1.410447
1.409758
1.409766
1.409777
1.409801
1.409839
1.409898
1.409797
1.40981
1.409833
1.409872
1.409931
1.40988
1.409905
1.409945
1.410006
1.410007
1.410051
1.410113
1.410171
1.410239
1.410355
1.409755
1.409767
1.409789
1.409828
1.409886
1.409798
1.409822
1.40986
1.40992
1.409894
1.409935
1.409995
1.41004
1.410104
1.410228
1.409756
1.409779
1.409816
1.409875
1.409811
1.40985
1.409908
1.409924
1.409984
1.410092
1.409768
1.409806
1.409863
1.409839
1.409898
1.409973
1.409795
1.409853
1.409887
1.409841
)
;

boundaryField
{
    airInlet
    {
        type            calculated;
        value           nonuniform List<scalar> 0();
    }
    airOutlet
    {
        type            calculated;
        value           nonuniform List<scalar> 0();
    }
    cathodeSides
    {
        type            calculated;
        value           uniform 0;
    }
    air_to_interconnect
    {
        type            calculated;
        value           uniform 0;
    }
    air_to_electrolyte
    {
        type            calculated;
        value           uniform 0;
    }
    procBoundary2to1
    {
        type            processor;
        value           uniform 0;
    }
    procBoundary2to3
    {
        type            processor;
        value           uniform 0;
    }
}
)

// processor3

36279
(dimensions      [1 2 -3 0 0 -1 0];

internalField   nonuniform List<scalar> 
4000
(
1.41171
1.411719
1.411707
1.411698
1.411723
1.411715
1.411698
1.411705
1.411694
1.411678
1.411726
1.41172
1.411696
1.411714
1.411695
1.411668
1.411701
1.411692
1.411674
1.411648
1.411727
1.411723
1.411695
1.411718
1.411693
1.41166
1.41171
1.411693
1.411665
1.411627
1.411699
1.411688
1.411672
1.411644
1.411605
1.411727
1.411725
1.411694
1.411721
1.411692
1.411653
1.411715
1.411691
1.411656
1.41161
1.411708
1.411689
1.411663
1.411623
1.411568
1.411696
1.411686
1.411668
1.411641
1.411599
1.411543
1.410135
1.411726
1.411725
1.411694
1.411723
1.411691
1.41165
1.411718
1.41169
1.41165
1.411598
1.411713
1.411688
1.411654
1.411606
1.411541
1.411705
1.411687
1.411659
1.41162
1.411563
1.411486
1.411693
1.411682
1.411665
1.411636
1.411596
1.411537
1.411457
1.410179
1.410125
1.409986
1.411723
1.411723
1.411695
1.411723
1.411691
1.41165
1.41172
1.411689
1.411647
1.411592
1.411716
1.411687
1.411648
1.411594
1.411522
1.41171
1.411686
1.41165
1.411603
1.411536
1.411444
1.411702
1.411683
1.411656
1.411615
1.41156
1.41148
1.41137
1.41169
1.41168
1.411661
1.411633
1.411591
1.411533
1.41145
1.411337
1.410267
1.41017
1.410026
1.410117
1.409976
1.409795
1.411719
1.41172
1.411696
1.411721
1.411692
1.411653
1.41172
1.411689
1.411647
1.411592
1.411718
1.411686
1.411645
1.411588
1.411512
1.411713
1.411685
1.411645
1.411592
1.411517
1.411417
1.411708
1.411682
1.411648
1.411599
1.411533
1.411438
1.41131
1.411699
1.411681
1.411652
1.411613
1.411555
1.411476
1.411363
1.411209
1.411687
1.411676
1.411658
1.411629
1.411587
1.411527
1.411445
1.411329
1.411166
1.410394
1.410257
1.410104
1.410162
1.410017
1.409835
1.410108
1.409968
1.409785
1.409587
1.41171
1.411715
1.411698
1.411718
1.411693
1.41166
1.411718
1.41169
1.41165
1.411598
1.411718
1.411686
1.411645
1.411588
1.411512
1.411715
1.411684
1.411642
1.411586
1.411507
1.411403
1.411711
1.411681
1.411643
1.411587
1.411514
1.411411
1.411272
1.411704
1.41168
1.411644
1.411596
1.411527
1.411434
1.411303
1.411127
1.411696
1.411677
1.41165
1.411608
1.411551
1.41147
1.411359
1.411201
1.410984
1.411683
1.411673
1.411654
1.411626
1.411582
1.411523
1.411438
1.411324
1.411157
1.410879
1.410548
1.410385
1.410208
1.410249
1.410094
1.409912
1.410152
1.410009
1.409825
1.409619
1.4101
1.409959
1.409776
1.409579
1.409604
1.411707
1.411698
1.411714
1.411695
1.411668
1.411715
1.411691
1.411656
1.41161
1.411716
1.411687
1.411648
1.411594
1.411522
1.411715
1.411684
1.411642
1.411586
1.411507
1.411403
1.411713
1.411681
1.41164
1.411582
1.411505
1.411397
1.411254
1.411708
1.411679
1.411639
1.411585
1.411509
1.411407
1.411265
1.411078
1.411701
1.411677
1.411642
1.411592
1.411524
1.411428
1.411298
1.411119
1.410882
1.411692
1.411674
1.411646
1.411605
1.411546
1.411466
1.411351
1.411196
1.410975
1.410657
1.411669
1.411651
1.411621
1.411579
1.411516
1.411434
1.411316
1.411151
1.41087
1.410417
1.410539
1.410305
1.410377
1.410199
1.410005
1.41024
1.410087
1.409901
1.409676
1.410145
1.409999
1.409816
1.40961
1.40964
1.410091
1.409951
1.409766
1.409571
1.409594
1.409744
1.411705
1.411694
1.411678
1.41171
1.411693
1.411665
1.411627
1.411713
1.411688
1.411654
1.411606
1.411541
1.411713
1.411685
1.411645
1.411592
1.411517
1.411417
1.411713
1.411681
1.41164
1.411582
1.411505
1.411397
1.411254
1.41171
1.411679
1.411636
1.411579
1.4115
1.411394
1.411247
1.411056
1.411705
1.411676
1.411637
1.411581
1.411506
1.411401
1.411261
1.41107
1.410827
1.411698
1.411674
1.411638
1.411589
1.411519
1.411424
1.411291
1.411114
1.410874
1.410558
1.41167
1.411643
1.411601
1.411543
1.411459
1.411347
1.411188
1.41097
1.410649
1.410322
1.411647
1.411618
1.411573
1.411513
1.411426
1.411311
1.411143
1.410864
1.410408
1.410261
1.410532
1.410295
1.410056
1.410368
1.410191
1.409993
1.409738
1.410232
1.410077
1.409893
1.409667
1.409708
1.410135
1.409992
1.409806
1.409603
1.40963
1.409785
1.410083
1.409942
1.409757
1.409563
1.409585
1.409733
1.40976
1.411701
1.411692
1.411674
1.411648
1.411708
1.411689
1.411663
1.411623
1.411568
1.41171
1.411686
1.411651
1.411603
1.411536
1.411444
1.411711
1.411682
1.411643
1.411588
1.411514
1.411411
1.411272
1.41171
1.411679
1.411636
1.411579
1.4115
1.411394
1.411247
1.411056
1.411708
1.411675
1.411634
1.411575
1.411497
1.411387
1.411242
1.411048
1.410802
1.411701
1.411673
1.411633
1.411578
1.411501
1.411397
1.411253
1.411065
1.410818
1.41049
1.41167
1.411635
1.411584
1.411516
1.411418
1.411287
1.411106
1.410868
1.410548
1.41022
1.411638
1.411597
1.411537
1.411455
1.41134
1.411183
1.410961
1.410642
1.41031
1.410184
1.411612
1.41157
1.411506
1.411422
1.411304
1.411138
1.410855
1.410401
1.41025
1.409948
1.410523
1.410288
1.410042
1.409758
1.410361
1.410182
1.409984
1.409729
1.409794
1.410223
1.41007
1.409882
1.40966
1.409698
1.409863
1.410128
1.409982
1.409797
1.409595
1.409622
1.409774
1.409802
1.410074
1.409934
1.409747
1.409556
1.409575
1.409724
1.40975
1.40976
1.411699
1.411688
1.411672
1.411644
1.411605
1.411705
1.411687
1.411659
1.41162
1.411563
1.411486
1.411708
1.411682
1.411648
1.411599
1.411533
1.411438
1.41131
1.411708
1.411679
1.411639
1.411585
1.411509
1.411407
1.411265
1.411078
1.411708
1.411676
1.411634
1.411575
1.411497
1.411388
1.411243
1.411048
1.410802
1.411703
1.411674
1.41163
1.411572
1.411492
1.411384
1.411235
1.411043
1.410792
1.41043
1.411669
1.41163
1.411573
1.411497
1.411391
1.411249
1.411057
1.410811
1.410457
1.409606
1.411631
1.411581
1.41151
1.411414
1.411279
1.411101
1.410859
1.410536
1.410142
1.409887
1.411592
1.411534
1.411449
1.411335
1.411175
1.410956
1.410633
1.410296
1.410152
1.409804
1.411562
1.411503
1.411415
1.411299
1.411129
1.41085
1.410392
1.41024
1.409922
1.409669
1.410516
1.410278
1.410031
1.409749
1.40987
1.410352
1.410174
1.409974
1.409722
1.409784
1.409967
1.410216
1.410061
1.409874
1.409652
1.40969
1.409852
1.40988
1.410118
1.409975
1.409787
1.409588
1.409612
1.409765
1.409791
1.409801
1.410065
1.409924
1.409739
1.409547
1.409567
1.409714
1.40974
1.409749
1.409754
1.411696
1.411686
1.411668
1.411641
1.411599
1.411543
1.411702
1.411683
1.411656
1.411616
1.41156
1.41148
1.41137
1.411704
1.41168
1.411645
1.411596
1.411528
1.411434
1.411303
1.411127
1.411706
1.411676
1.411637
1.411581
1.411506
1.411401
1.411261
1.41107
1.410827
1.411703
1.411674
1.41163
1.411573
1.411492
1.411384
1.411235
1.411043
1.410792
1.410441
1.411669
1.411628
1.411568
1.411488
1.411377
1.411231
1.411035
1.410785
1.410374
1.409108
1.411626
1.411571
1.411492
1.411386
1.411241
1.411052
1.410802
1.41041
1.409256
1.409022
1.411576
1.411506
1.411406
1.411274
1.411092
1.410853
1.410514
1.409921
1.409563
1.409389
1.411526
1.411445
1.411327
1.41117
1.410947
1.410626
1.410273
1.410113
1.409711
1.409543
1.411494
1.411411
1.411291
1.411124
1.410841
1.410384
1.410229
1.409898
1.409657
1.409901
1.410507
1.410271
1.41002
1.409742
1.409861
1.410078
1.410345
1.410165
1.409965
1.409714
1.409776
1.409956
1.409986
1.410207
1.410053
1.409864
1.409645
1.40968
1.409843
1.409869
1.40988
1.41011
1.409965
1.409779
1.409579
1.409604
1.409755
1.409782
1.40979
1.409795
1.410054
1.409916
1.40973
1.40954
1.409557
1.409705
1.40973
1.409739
1.409743
1.409748
1.411693
1.411682
1.411665
1.411636
1.411596
1.411537
1.411457
1.411699
1.411681
1.411652
1.411613
1.411555
1.411476
1.411363
1.411209
1.411702
1.411677
1.411642
1.411592
1.411524
1.411428
1.411298
1.411119
1.410882
1.411701
1.411674
1.411633
1.411578
1.411501
1.411397
1.411254
1.411065
1.410818
1.410492
1.411668
1.411628
1.411568
1.411489
1.411378
1.411231
1.411035
1.410786
1.410386
1.409209
1.411623
1.411565
1.411483
1.411374
1.411223
1.411029
1.410775
1.410294
1.408834
1.408639
1.411565
1.411485
1.411373
1.411236
1.411043
1.410795
1.410336
1.408954
1.408753
1.408829
1.411498
1.411399
1.411266
1.411087
1.410844
1.410487
1.4096
1.409268
1.409181
1.409373
1.411435
1.411323
1.411162
1.410942
1.410616
1.41024
1.410062
1.409621
1.409516
1.40987
1.411401
1.411287
1.411116
1.410835
1.410373
1.410217
1.409875
1.409646
1.409891
1.41017
1.4105
1.410261
1.410008
1.409734
1.409853
1.410068
1.4101
1.410336
1.410158
1.409953
1.409708
1.409767
1.409948
1.409975
1.409986
1.410199
1.410044
1.409855
1.409637
1.409672
1.409833
1.40986
1.409869
1.409875
1.410099
1.409957
1.40977
1.409573
1.409594
1.409746
1.409771
1.409781
1.409785
1.40979
1.409905
1.409722
1.409532
1.409549
1.409694
1.409721
1.409729
1.409734
1.409737
1.409746
1.41169
1.41168
1.411661
1.411634
1.411591
1.411533
1.41145
1.411337
1.411697
1.411677
1.41165
1.411608
1.411552
1.41147
1.411359
1.411202
1.410984
1.411697
1.411675
1.411638
1.411589
1.411519
1.411424
1.411291
1.411114
1.410874
1.410558
1.411669
1.411631
1.411574
1.411498
1.411391
1.411249
1.411057
1.410811
1.410456
1.409646
1.411623
1.411566
1.411483
1.411372
1.411224
1.411029
1.410775
1.410309
1.408881
1.408712
1.41156
1.411477
1.411365
1.411212
1.411021
1.410767
1.410181
1.408612
1.408443
1.408563
1.411466
1.411224
1.411224
1.411038
1.410784
1.410251
1.408712
1.408533
1.408648
1.409135
1.411365
1.411261
1.411079
1.410838
1.410449
1.409309
1.409002
1.408993
1.409305
1.409814
1.411312
1.411158
1.410933
1.410608
1.410174
1.409934
1.409528
1.409491
1.409858
1.410226
1.411276
1.411111
1.410826
1.410363
1.410194
1.409842
1.409634
1.409883
1.41016
1.410196
1.410491
1.410252
1.409989
1.409727
1.409843
1.410059
1.410089
1.410101
1.410328
1.410148
1.409942
1.4097
1.409759
1.409937
1.409966
1.409975
1.409981
1.410187
1.410036
1.409845
1.40963
1.409663
1.409824
1.40985
1.40986
1.409864
1.409869
1.409946
1.409763
1.409564
1.409586
1.409736
1.409762
1.409771
1.409776
1.409779
1.409788
1.409713
1.409525
1.40954
1.409686
1.40971
1.40972
1.409723
1.409728
1.409735
1.409746
1.411688
1.411676
1.411659
1.411629
1.411588
1.411527
1.411445
1.411329
1.411166
1.411691
1.411675
1.411646
1.411606
1.411546
1.411466
1.411352
1.411196
1.410976
1.410657
1.411669
1.411636
1.411585
1.411516
1.411418
1.411287
1.411106
1.410868
1.410547
1.41021
1.411625
1.411571
1.411493
1.411387
1.411242
1.411052
1.410802
1.410403
1.409244
1.409063
1.41156
1.411477
1.411367
1.411214
1.411021
1.410768
1.410204
1.408638
1.40847
1.408613
1.411469
1.411271
1.411264
1.411015
1.410756
1.410047
1.40845
1.408288
1.408423
1.408974
1.41119
1.411156
1.41103
1.410777
1.41015
1.408557
1.408366
1.408496
1.409036
1.409741
1.411213
1.411074
1.410828
1.410392
1.409062
1.408784
1.408823
1.409234
1.409793
1.410257
1.411146
1.410928
1.410588
1.410076
1.409666
1.409409
1.409462
1.409848
1.410216
1.410259
1.4111
1.41082
1.410343
1.410161
1.409785
1.409621
1.409872
1.410152
1.410186
1.4102
1.410483
1.410241
1.409964
1.409717
1.409836
1.410049
1.410081
1.410091
1.410098
1.410316
1.410141
1.409928
1.409693
1.409749
1.409929
1.409956
1.409967
1.409971
1.409977
1.410024
1.409837
1.409622
1.409655
1.409814
1.409841
1.40985
1.409855
1.409859
1.409868
1.409754
1.409558
1.409577
1.409727
1.409752
1.409762
1.409765
1.40977
1.409777
1.409789
1.409517
1.409532
1.409675
1.409702
1.40971
1.409714
1.409717
1.409725
1.409735
1.409758
1.411682
1.411674
1.411654
1.411626
1.411582
1.411523
1.411438
1.411324
1.411157
1.410879
1.411669
1.411644
1.411601
1.411543
1.41146
1.411347
1.411188
1.41097
1.410649
1.410321
1.41163
1.411582
1.411511
1.411414
1.41128
1.411101
1.410859
1.410528
1.4101
1.409808
1.411565
1.411489
1.411381
1.411237
1.411044
1.410795
1.410323
1.408915
1.40874
1.408859
1.411471
1.411204
1.411201
1.411016
1.410757
1.410072
1.408468
1.408299
1.408439
1.409006
1.411241
1.41088
1.411014
1.410748
1.409909
1.408361
1.40818
1.408307
1.408874
1.409688
1.411029
1.411012
1.410765
1.410024
1.408464
1.408268
1.408375
1.408933
1.409709
1.41027
1.41105
1.410814
1.410284
1.408851
1.408616
1.408682
1.409154
1.409771
1.410246
1.410295
1.410915
1.410546
1.409742
1.40939
1.409249
1.409426
1.409835
1.410208
1.410248
1.410266
1.410807
1.410315
1.410115
1.409699
1.409602
1.409863
1.410141
1.410177
1.41019
1.4102
1.410471
1.410232
1.409934
1.409706
1.409826
1.410041
1.410071
1.410083
1.410088
1.410095
1.410129
1.409919
1.409684
1.409742
1.409919
1.409948
1.409956
1.409962
1.409967
1.409977
1.409828
1.409615
1.409645
1.409806
1.409831
1.409841
1.409844
1.40985
1.409857
1.40987
1.409549
1.409569
1.409717
1.409744
1.409751
1.409756
1.409759
1.409768
1.409778
1.409802
1.409522
1.409666
1.409691
1.409701
1.409704
1.409708
1.409715
1.409726
1.409747
1.409785
1.411668
1.411652
1.411621
1.411579
1.411517
1.411434
1.411317
1.411152
1.41087
1.410417
1.411637
1.411598
1.411538
1.411456
1.41134
1.411183
1.410961
1.410642
1.410307
1.410175
1.411576
1.411508
1.411408
1.411275
1.411093
1.410853
1.410494
1.409693
1.40944
1.409341
1.411482
1.411373
1.41123
1.411039
1.410784
1.410228
1.408678
1.408502
1.408638
1.40915
1.411223
1.411043
1.411005
1.410748
1.409926
1.408367
1.408186
1.408313
1.408887
1.409697
1.410911
1.410604
1.410736
1.409712
1.408322
1.408132
1.408222
1.408769
1.409651
1.410274
1.410766
1.41075
1.409784
1.408406
1.408219
1.408301
1.408825
1.409673
1.410258
1.410314
1.410801
1.409901
1.408657
1.40849
1.408571
1.409073
1.409745
1.410236
1.410284
1.410305
1.410509
1.409386
1.409136
1.409085
1.409373
1.409822
1.410197
1.41024
1.410256
1.410268
1.410276
1.410046
1.409612
1.409578
1.409851
1.410134
1.410167
1.410182
1.410189
1.410199
1.410222
1.409922
1.409694
1.409817
1.410031
1.410062
1.410072
1.410079
1.410085
1.410098
1.409911
1.409678
1.409732
1.409911
1.409937
1.409948
1.409952
1.409958
1.409966
1.409981
1.409607
1.409638
1.409795
1.409823
1.409831
1.409836
1.409839
1.409848
1.40986
1.409885
1.409559
1.409708
1.409733
1.409743
1.409746
1.40975
1.409757
1.409769
1.409791
1.409829
1.409654
1.409682
1.40969
1.409695
1.409698
1.409706
1.409715
1.409738
1.409774
1.409831
1.410548
1.411646
1.411619
1.411574
1.411513
1.411427
1.411312
1.411143
1.410864
1.410408
1.41026
1.411591
1.411535
1.41145
1.411336
1.411176
1.410956
1.410632
1.410283
1.410133
1.409759
1.4115
1.411405
1.411268
1.411088
1.410844
1.41045
1.409319
1.409081
1.409102
1.40936
1.411365
1.411215
1.411031
1.410777
1.41011
1.408524
1.408341
1.408471
1.40903
1.409744
1.411015
1.410971
1.410737
1.409743
1.408321
1.408131
1.408226
1.408776
1.409655
1.410275
1.410676
1.410565
1.409464
1.408304
1.408122
1.408184
1.408664
1.409605
1.410262
1.410322
1.410685
1.409019
1.408363
1.408195
1.408265
1.408736
1.409624
1.410247
1.410303
1.410326
1.409769
1.408482
1.408386
1.408489
1.408992
1.409717
1.410224
1.410276
1.410295
1.410308
1.409148
1.408945
1.408946
1.409313
1.409803
1.410189
1.41023
1.410248
1.410258
1.41027
1.41001
1.40958
1.409552
1.409839
1.410123
1.410159
1.410172
1.410181
1.410189
1.410205
1.409934
1.409689
1.409807
1.410023
1.410052
1.410064
1.410069
1.410077
1.410087
1.410105
1.409671
1.409725
1.4099
1.409929
1.409938
1.409943
1.409947
1.409958
1.409971
1.409998
1.409628
1.409787
1.409812
1.409823
1.409826
1.409831
1.409838
1.409851
1.409874
1.409914
1.409696
1.409724
1.409732
1.409737
1.40974
1.409748
1.409758
1.409781
1.409818
1.409877
1.40967
1.409681
1.409684
1.409689
1.409695
1.409706
1.409727
1.409764
1.40982
1.410394
1.410539
1.410304
1.411612
1.411571
1.411507
1.411423
1.411304
1.411138
1.410856
1.4104
1.410247
1.409936
1.411527
1.411446
1.411329
1.411171
1.410948
1.410624
1.410214
1.410048
1.409643
1.409534
1.411396
1.411264
1.41108
1.410838
1.410391
1.409035
1.408796
1.408874
1.409279
1.409811
1.411206
1.411026
1.410767
1.409984
1.408435
1.408247
1.408356
1.408913
1.409707
1.410271
1.41095
1.410622
1.40954
1.408304
1.408119
1.408182
1.408674
1.409608
1.410262
1.410322
1.410653
1.40889
1.408272
1.408127
1.408174
1.408586
1.40954
1.41025
1.410311
1.410335
1.409146
1.408181
1.408176
1.408245
1.408673
1.409571
1.410233
1.410295
1.410315
1.41033
1.408417
1.40828
1.408417
1.408918
1.409683
1.410214
1.410265
1.410287
1.410298
1.410312
1.40884
1.40886
1.409255
1.409784
1.410178
1.410222
1.410238
1.41025
1.41026
1.410278
1.409641
1.409546
1.409826
1.410115
1.410149
1.410164
1.410171
1.410181
1.410194
1.410216
1.409691
1.409801
1.410013
1.410044
1.410054
1.410061
1.410066
1.410079
1.410094
1.410125
1.409716
1.409892
1.409919
1.40993
1.409933
1.409939
1.409947
1.409962
1.409987
1.41003
1.409775
1.409804
1.409812
1.409817
1.40982
1.409829
1.40984
1.409865
1.409903
1.409964
1.409712
1.409724
1.409727
1.409732
1.409738
1.409749
1.409771
1.409809
1.409866
1.409669
1.409675
1.409678
1.409686
1.409695
1.409718
1.409753
1.409811
1.410267
1.410385
1.410208
1.410532
1.410295
1.410052
1.411563
1.411504
1.411416
1.411299
1.41113
1.41085
1.410389
1.410233
1.409903
1.409666
1.411437
1.411325
1.411163
1.410942
1.410606
1.410121
1.409718
1.409481
1.409501
1.409869
1.411254
1.411076
1.410828
1.410324
1.408833
1.408603
1.408691
1.409182
1.409787
1.410257
1.411015
1.410756
1.409845
1.408391
1.408202
1.408286
1.408807
1.409665
1.410258
1.410314
1.410684
1.409009
1.408279
1.408128
1.408172
1.408593
1.409548
1.41025
1.410311
1.410335
1.408787
1.408097
1.40809
1.408171
1.408539
1.409463
1.410234
1.410302
1.410324
1.41034
1.408179
1.40806
1.408215
1.408626
1.409515
1.410221
1.410283
1.410307
1.41032
1.410335
1.40822
1.408328
1.408843
1.409648
1.410202
1.410257
1.410276
1.41029
1.410302
1.410322
1.408853
1.409227
1.409763
1.410169
1.410212
1.41023
1.410239
1.410252
1.410268
1.410293
1.409571
1.409821
1.410104
1.410141
1.410154
1.410163
1.410171
1.410186
1.410206
1.410241
1.409794
1.410005
1.410034
1.410046
1.410051
1.410058
1.410068
1.410086
1.410115
1.410162
1.40988
1.409911
1.409919
1.409925
1.409929
1.409939
1.409951
1.409978
1.41002
1.410083
1.409791
1.409803
1.409807
1.409812
1.409819
1.409831
1.409854
1.409894
1.409953
1.409711
1.409718
1.409721
1.409729
1.409739
1.409762
1.409798
1.409856
1.409663
1.409669
1.409676
1.409687
1.409707
1.409744
1.4098
1.410179
1.410257
1.410104
1.410377
1.410199
1.410003
1.410523
1.410287
1.410038
1.409757
1.411495
1.411412
1.411291
1.411125
1.410841
1.410378
1.410205
1.409852
1.409652
1.409901
1.411315
1.411159
1.410934
1.410589
1.409849
1.409432
1.409283
1.409455
1.409855
1.410226
1.411065
1.410818
1.41025
1.4087
1.408476
1.408565
1.409079
1.409758
1.410245
1.410295
1.410723
1.409208
1.408367
1.408191
1.408253
1.408721
1.409616
1.410246
1.410303
1.410326
1.408894
1.408128
1.408099
1.408174
1.408539
1.409475
1.410235
1.410302
1.410324
1.41034
1.408033
1.407972
1.40811
1.408503
1.409388
1.41022
1.41029
1.410316
1.410329
1.410345
1.40802
1.408099
1.408562
1.409461
1.410206
1.410274
1.410297
1.410312
1.410325
1.410346
1.408253
1.408763
1.409607
1.410191
1.410246
1.410268
1.41028
1.410294
1.410312
1.41034
1.409267
1.409753
1.410158
1.410204
1.41022
1.410232
1.410242
1.41026
1.410283
1.410322
1.409821
1.410097
1.410131
1.410146
1.410153
1.410163
1.410176
1.410198
1.410231
1.410283
1.409993
1.410026
1.410036
1.410043
1.410048
1.41006
1.410076
1.410106
1.410151
1.410219
1.409898
1.409911
1.409914
1.40992
1.409928
1.409943
1.409968
1.410011
1.410072
1.409791
1.409798
1.409801
1.40981
1.409821
1.409845
1.409883
1.409943
1.409705
1.409712
1.409719
1.40973
1.409751
1.409789
1.409845
1.409657
1.409667
1.409676
1.409698
1.409734
1.409791
1.410135
1.41017
1.410026
1.410249
1.410094
1.409912
1.410368
1.410191
1.409992
1.409737
1.410516
1.410276
1.410021
1.409748
1.40987
1.411402
1.411287
1.411116
1.410835
1.41036
1.41017
1.409774
1.409634
1.40989
1.41017
1.411148
1.410929
1.410565
1.409599
1.409197
1.409112
1.409393
1.40984
1.410216
1.410258
1.410805
1.409988
1.408617
1.408402
1.408481
1.408988
1.409723
1.410235
1.410284
1.410305
1.409362
1.408214
1.408181
1.408243
1.408653
1.409561
1.410232
1.410294
1.410315
1.41033
1.408053
1.407991
1.408124
1.408504
1.409391
1.410221
1.41029
1.410316
1.410329
1.410345
1.407913
1.407985
1.408422
1.409323
1.410202
1.410281
1.410305
1.410321
1.410335
1.410357
1.408023
1.40843
1.409387
1.410194
1.410262
1.410288
1.410302
1.410317
1.410336
1.410366
1.408718
1.409572
1.410178
1.410238
1.410258
1.410272
1.410284
1.410304
1.410329
1.410372
1.409759
1.410151
1.410193
1.410212
1.410222
1.410234
1.41025
1.410275
1.410312
1.410369
1.410086
1.410124
1.410136
1.410145
1.410153
1.410168
1.410187
1.410222
1.410272
1.410347
1.410014
1.410028
1.410033
1.41004
1.41005
1.410067
1.410096
1.410142
1.410209
1.409898
1.409906
1.40991
1.40992
1.409933
1.409959
1.41
1.410063
1.409785
1.409793
1.4098
1.409812
1.409835
1.409875
1.409933
1.409699
1.40971
1.409719
1.409742
1.409778
1.409836
1.409654
1.409667
1.409687
1.409725
1.40978
1.410125
1.409986
1.410162
1.410017
1.409835
1.41024
1.410087
1.409901
1.409676
1.410361
1.410182
1.409982
1.409729
1.409794
1.410506
1.410267
1.409998
1.40974
1.40986
1.410078
1.411276
1.411112
1.410825
1.410329
1.410125
1.409684
1.40961
1.409879
1.41016
1.410196
1.410916
1.410526
1.40941
1.409017
1.408974
1.40933
1.409819
1.410207
1.410248
1.410266
1.409871
1.408522
1.408361
1.40843
1.40891
1.409687
1.410222
1.410276
1.410294
1.410308
1.408225
1.408089
1.408226
1.408608
1.409496
1.41022
1.410283
1.410307
1.41032
1.410335
1.407917
1.408013
1.408439
1.409318
1.410203
1.410281
1.410305
1.410321
1.410335
1.410357
1.407913
1.408255
1.409259
1.410189
1.410268
1.410297
1.410311
1.410327
1.410346
1.410377
1.408319
1.409284
1.410178
1.410254
1.410278
1.410294
1.410306
1.410328
1.410355
1.4104
1.409568
1.41017
1.410227
1.41025
1.410262
1.410276
1.410294
1.410322
1.410362
1.410422
1.41014
1.410186
1.410202
1.410214
1.410224
1.410242
1.410265
1.410304
1.410359
1.410438
1.410111
1.410128
1.410135
1.410145
1.410158
1.410179
1.410212
1.410264
1.410336
1.410015
1.410025
1.41003
1.410042
1.410057
1.410087
1.410132
1.4102
1.409893
1.409902
1.40991
1.409924
1.409949
1.409991
1.410053
1.40978
1.409791
1.409802
1.409826
1.409864
1.409924
1.409697
1.40971
1.409732
1.40977
1.409826
1.409654
1.409678
1.409714
1.409771
1.410117
1.409976
1.409795
1.410152
1.410009
1.409825
1.409619
1.410232
1.410077
1.409893
1.409667
1.409708
1.410352
1.410174
1.409969
1.409722
1.409784
1.409967
1.410499
1.410255
1.40997
1.409729
1.409852
1.410068
1.4101
1.4111
1.410819
1.410293
1.409966
1.409593
1.409583
1.409866
1.410151
1.410185
1.4102
1.410488
1.409237
1.408902
1.408869
1.409267
1.409799
1.410195
1.41024
1.410256
1.410268
1.408456
1.408306
1.408401
1.408848
1.409647
1.410211
1.410265
1.410286
1.410298
1.410312
1.408053
1.408143
1.408572
1.409431
1.410204
1.410274
1.410296
1.410312
1.410325
1.410346
1.407924
1.408323
1.409268
1.410188
1.410268
1.410297
1.410311
1.410327
1.410346
1.410377
1.40814
1.409107
1.41017
1.410259
1.410286
1.410303
1.410316
1.410339
1.410367
1.410412
1.40921
1.410162
1.410242
1.41027
1.410283
1.410299
1.410318
1.410347
1.41039
1.410453
1.410158
1.41022
1.41024
1.410254
1.410266
1.410286
1.410311
1.410354
1.410412
1.410496
1.410174
1.410195
1.410204
1.410216
1.410232
1.410257
1.410294
1.410351
1.410428
1.410116
1.410128
1.410135
1.41015
1.410169
1.410204
1.410254
1.410328
1.410012
1.410022
1.410032
1.410049
1.410077
1.410124
1.410189
1.409889
1.409901
1.409914
1.409941
1.409981
1.410044
1.409778
1.409793
1.409816
1.409855
1.409913
1.409697
1.409723
1.409759
1.409817
1.409666
1.409705
1.40976
1.410108
1.409968
1.409785
1.409587
1.410145
1.409999
1.409816
1.40961
1.40964
1.410223
1.41007
1.409882
1.40966
1.409698
1.409863
1.410345
1.410164
1.409958
1.409714
1.409776
1.409956
1.409986
1.410488
1.410243
1.409935
1.409717
1.409842
1.410059
1.410089
1.410101
1.410805
1.410263
1.409831
1.4095
1.409554
1.409853
1.410141
1.410177
1.41019
1.4102
1.409073
1.408835
1.408805
1.409213
1.409776
1.410186
1.410229
1.410248
1.410257
1.41027
1.408256
1.408358
1.408811
1.409608
1.410198
1.410256
1.410276
1.41029
1.410302
1.410322
1.408078
1.408513
1.409385
1.41019
1.410262
1.410288
1.410301
1.410317
1.410336
1.410366
1.408228
1.40921
1.410171
1.410258
1.410286
1.410303
1.410316
1.410339
1.410367
1.410412
1.408955
1.410137
1.410245
1.410278
1.410292
1.410309
1.410328
1.410359
1.410402
1.410466
1.410141
1.410232
1.410259
1.410276
1.410289
1.41031
1.410337
1.410382
1.410442
1.410529
1.410207
1.410233
1.410244
1.410259
1.410276
1.410304
1.410344
1.410404
1.410486
1.410182
1.410197
1.410206
1.410225
1.410247
1.410286
1.41034
1.41042
1.410115
1.410128
1.41014
1.410162
1.410194
1.410246
1.410318
1.410009
1.410024
1.410039
1.410069
1.410113
1.410181
1.409889
1.409905
1.40993
1.409973
1.410034
1.40978
1.409807
1.409845
1.409905
1.40971
1.40975
1.409806
1.409692
1.409751
1.4101
1.409959
1.409776
1.409579
1.409604
1.410135
1.409992
1.409806
1.409603
1.40963
1.409785
1.410216
1.41006
1.409873
1.409652
1.40969
1.409852
1.40988
1.410336
1.410157
1.409942
1.409707
1.409767
1.409948
1.409975
1.409986
1.410481
1.410228
1.409899
1.409704
1.409833
1.410049
1.410081
1.410091
1.410098
1.410195
1.409761
1.409431
1.409527
1.409838
1.410132
1.410167
1.410182
1.410189
1.410199
1.408783
1.408783
1.409177
1.409756
1.410175
1.410221
1.410237
1.410249
1.41026
1.410278
1.408317
1.4088
1.409581
1.410187
1.410245
1.410268
1.41028
1.410294
1.410312
1.41034
1.408487
1.409381
1.410176
1.410252
1.410277
1.410294
1.410306
1.410328
1.410355
1.4104
1.409179
1.410161
1.410245
1.410277
1.410292
1.410309
1.410328
1.410359
1.410402
1.410466
1.41009
1.410228
1.410266
1.410285
1.410298
1.410321
1.410348
1.410394
1.410456
1.410544
1.410216
1.410251
1.410265
1.410281
1.4103
1.41033
1.410371
1.410434
1.410519
1.41022
1.410237
1.410248
1.410269
1.410294
1.410336
1.410394
1.410478
1.410184
1.410199
1.410214
1.41024
1.410276
1.410333
1.41041
1.410115
1.410133
1.410151
1.410186
1.410236
1.41031
1.410011
1.410031
1.410059
1.410105
1.410171
1.409892
1.409922
1.409962
1.410025
1.409794
1.409836
1.409894
1.409737
1.409797
1.409738
1.410091
1.409951
1.409766
1.409571
1.409594
1.409744
1.410128
1.409982
1.409797
1.409595
1.409622
1.409774
1.409802
1.410207
1.410053
1.409862
1.409645
1.40968
1.409843
1.409869
1.40988
1.410328
1.410147
1.409927
1.409698
1.409759
1.409937
1.409966
1.409975
1.409981
1.410468
1.410219
1.409869
1.409692
1.409822
1.410041
1.41007
1.410083
1.410088
1.410095
1.409745
1.409413
1.409505
1.409826
1.410121
1.410159
1.410171
1.410181
1.410189
1.410205
1.408794
1.409178
1.409739
1.410166
1.41021
1.410229
1.410239
1.410252
1.410268
1.410293
1.408834
1.409589
1.410175
1.410236
1.410257
1.410272
1.410284
1.410304
1.410329
1.410372
1.409432
1.410172
1.410241
1.410269
1.410283
1.410299
1.410318
1.410347
1.410389
1.410453
1.410153
1.410238
1.410266
1.410285
1.410298
1.410321
1.410348
1.410394
1.410456
1.410544
1.410199
1.410254
1.410274
1.410291
1.41031
1.410341
1.410384
1.410448
1.410533
1.410237
1.410258
1.410271
1.410293
1.410319
1.410364
1.410424
1.410511
1.410224
1.410241
1.410258
1.410286
1.410326
1.410386
1.410468
1.410186
1.410207
1.410229
1.410269
1.410322
1.410402
1.41012
1.410144
1.410176
1.410228
1.410299
1.410018
1.410051
1.410095
1.410163
1.409909
1.409954
1.410015
1.409823
1.409885
1.409784
1.410083
1.409942
1.409757
1.409563
1.409585
1.409733
1.40976
1.410118
1.409975
1.409788
1.409588
1.409612
1.409765
1.409791
1.409801
1.410199
1.410043
1.409852
1.409637
1.409672
1.409833
1.40986
1.409869
1.409875
1.410316
1.41014
1.409914
1.40969
1.409749
1.409929
1.409956
1.409967
1.409971
1.409977
1.410212
1.409861
1.40968
1.409814
1.410031
1.410062
1.410072
1.410079
1.410085
1.410098
1.40947
1.409503
1.409813
1.410113
1.410148
1.410164
1.410171
1.410181
1.410194
1.410216
1.409231
1.409739
1.410155
1.410202
1.410219
1.410231
1.410241
1.41026
1.410283
1.410322
1.409623
1.410171
1.410225
1.41025
1.410262
1.410276
1.410294
1.410322
1.410362
1.410422
1.410167
1.410236
1.410259
1.410276
1.410288
1.41031
1.410337
1.410382
1.410442
1.410529
1.410228
1.410259
1.410274
1.410291
1.41031
1.410341
1.410384
1.410448
1.410533
1.410234
1.410264
1.41028
1.410303
1.410331
1.410376
1.410438
1.410526
1.410244
1.410263
1.410282
1.410312
1.410354
1.410417
1.4105
1.410228
1.410252
1.410276
1.410319
1.410376
1.41046
1.410194
1.410222
1.410258
1.410315
1.410392
1.410131
1.410169
1.410218
1.410292
1.410037
1.410087
1.410152
1.40994
1.410006
1.409872
1.410074
1.409934
1.409747
1.409556
1.409575
1.409724
1.40975
1.40976
1.41011
1.409965
1.409779
1.409579
1.409604
1.409755
1.409782
1.40979
1.409795
1.410187
1.410036
1.409842
1.40963
1.409663
1.409824
1.40985
1.40986
1.409864
1.409869
1.410129
1.40991
1.409681
1.409741
1.409919
1.409948
1.409956
1.409962
1.409966
1.409977
1.409896
1.409677
1.409804
1.410023
1.410052
1.410064
1.410069
1.410077
1.410087
1.410105
1.409533
1.40981
1.410103
1.410141
1.410153
1.410163
1.410171
1.410186
1.410206
1.410241
1.409752
1.410149
1.410192
1.410212
1.410221
1.410234
1.41025
1.410275
1.410312
1.410369
1.410164
1.41022
1.410239
1.410254
1.410266
1.410286
1.410311
1.410354
1.410412
1.410496
1.410225
1.410253
1.410265
1.410281
1.4103
1.41033
1.410371
1.410434
1.410519
1.410248
1.410267
1.41028
1.410303
1.410331
1.410376
1.410438
1.410526
1.410247
1.410271
1.410292
1.410323
1.410366
1.41043
1.410515
1.41025
1.410275
1.410302
1.410347
1.410406
1.410493
1.410238
1.410269
1.410308
1.410369
1.41045
1.410209
1.410251
1.410305
1.410384
1.410155
1.41021
1.410281
1.410073
1.410144
1.409993
1.410065
1.409924
1.409739
1.409547
1.409567
1.409714
1.40974
1.409749
1.409754
1.410099
1.409957
1.40977
1.409572
1.409594
1.409746
1.409771
1.409781
1.409785
1.40979
1.410024
1.409836
1.409621
1.409655
1.409814
1.409842
1.40985
1.409855
1.409859
1.409868
1.409916
1.409675
1.409731
1.409911
1.409937
1.409948
1.409952
1.409958
1.409966
1.409981
1.409682
1.409798
1.410012
1.410044
1.410054
1.410061
1.410066
1.410079
1.410094
1.410125
1.409812
1.410096
1.41013
1.410146
1.410153
1.410163
1.410176
1.410198
1.410231
1.410283
1.41014
1.410186
1.410201
1.410214
1.410224
1.410242
1.410265
1.410304
1.410359
1.410438
1.410209
1.410233
1.410244
1.410258
1.410276
1.410304
1.410344
1.410404
1.410486
1.410241
1.410259
1.41027
1.410292
1.410319
1.410364
1.410424
1.410511
1.410255
1.410273
1.410292
1.410323
1.410366
1.41043
1.410515
1.410255
1.410284
1.410313
1.410359
1.41042
1.410508
1.410262
1.410295
1.410336
1.410399
1.410483
1.410256
1.410302
1.410359
1.410443
1.410238
1.410298
1.410374
1.410197
1.410274
1.410131
1.410054
1.409916
1.409729
1.40954
1.409557
1.409705
1.40973
1.409739
1.409743
1.409748
1.409946
1.409763
1.409564
1.409586
1.409736
1.409762
1.409771
1.409775
1.409779
1.409788
1.409831
1.409615
1.409645
1.409806
1.409831
1.409841
1.409844
1.40985
1.409857
1.40987
1.409671
1.409724
1.4099
1.409929
1.409938
1.409943
1.409947
1.409958
1.409971
1.409998
1.409792
1.410005
1.410034
1.410046
1.410051
1.410058
1.410068
1.410086
1.410115
1.410162
1.410085
1.410123
1.410135
1.410145
1.410153
1.410168
1.410187
1.410222
1.410272
1.410347
1.410174
1.410195
1.410204
1.410216
1.410232
1.410257
1.410294
1.410351
1.410428
1.410221
1.410237
1.410248
1.410268
1.410294
1.410336
1.410394
1.410478
1.410246
1.410264
1.410282
1.410312
1.410354
1.410417
1.4105
1.410261
1.410286
1.410313
1.410359
1.41042
1.410508
1.410269
1.410305
1.410348
1.410413
1.410498
1.410281
1.410329
1.410389
1.410476
1.410288
1.410352
1.410432
1.410284
1.410367
1.41026
1.409905
1.409722
1.409532
1.409549
1.409695
1.409721
1.409729
1.409734
1.409737
1.409745
1.409754
1.409558
1.409577
1.409727
1.409752
1.409762
1.409765
1.40977
1.409777
1.409789
1.409608
1.409638
1.409795
1.409823
1.409831
1.409836
1.409839
1.409848
1.40986
1.409885
1.409715
1.409892
1.409919
1.40993
1.409933
1.409939
1.409947
1.409962
1.409987
1.41003
1.409993
1.410026
1.410036
1.410043
1.410048
1.41006
1.410076
1.410106
1.410151
1.410219
1.410111
1.410128
1.410135
1.410145
1.410158
1.410179
1.410212
1.410264
1.410336
1.410182
1.410197
1.410206
1.410224
1.410247
1.410286
1.41034
1.41042
1.410225
1.410242
1.410258
1.410286
1.410326
1.410386
1.410468
1.410252
1.410276
1.410302
1.410346
1.410406
1.410493
1.410273
1.410306
1.410348
1.410413
1.410498
1.410291
1.410341
1.410402
1.410491
1.410316
1.410382
1.410465
1.410338
1.410425
1.410353
1.409713
1.409525
1.40954
1.409686
1.40971
1.40972
1.409723
1.409728
1.409735
1.409746
1.409549
1.409569
1.409717
1.409744
1.409751
1.409756
1.409759
1.409768
1.409778
1.409802
1.409628
1.409787
1.409812
1.409823
1.409826
1.409831
1.409838
1.40985
1.409874
1.409914
1.40988
1.409911
1.409919
1.409925
1.409929
1.409939
1.409951
1.409978
1.41002
1.410083
1.410014
1.410028
1.410032
1.41004
1.41005
1.410067
1.410096
1.410142
1.410209
1.410116
1.410128
1.410135
1.41015
1.410169
1.410204
1.410254
1.410328
1.410184
1.410199
1.410214
1.410239
1.410276
1.410333
1.41041
1.410229
1.410252
1.410276
1.410319
1.410376
1.41046
1.410263
1.410295
1.410336
1.410399
1.410483
1.410293
1.410342
1.410402
1.410491
1.410327
1.410395
1.41048
1.410369
1.410459
1.410412
1.409517
1.409532
1.409675
1.409702
1.40971
1.409714
1.409717
1.409725
1.409735
1.409758
1.409559
1.409708
1.409733
1.409743
1.409746
1.40975
1.409757
1.409769
1.409791
1.409829
1.409775
1.409804
1.409812
1.409817
1.40982
1.409829
1.40984
1.409865
1.409903
1.409964
1.409898
1.409911
1.409914
1.40992
1.409929
1.409943
1.409968
1.410011
1.410072
1.410015
1.410025
1.41003
1.410042
1.410057
1.410087
1.410132
1.4102
1.410115
1.410127
1.41014
1.410162
1.410194
1.410246
1.410318
1.410186
1.410207
1.410229
1.410268
1.410322
1.410402
1.410239
1.410269
1.410308
1.410369
1.41045
1.410282
1.41033
1.410389
1.410476
1.410329
1.410396
1.41048
1.410381
1.410474
1.410445
1.409522
1.409666
1.409691
1.409701
1.409704
1.409708
1.409715
1.409726
1.409747
1.409785
1.409696
1.409724
1.409732
1.409737
1.40974
1.409748
1.409758
1.409781
1.409818
1.409877
1.409791
1.409803
1.409807
1.409812
1.409819
1.409831
1.409854
1.409894
1.409953
1.409898
1.409906
1.40991
1.40992
1.409933
1.409959
1.41
1.410063
1.410012
1.410022
1.410032
1.410049
1.410077
1.410124
1.410189
1.410115
1.410133
1.410151
1.410186
1.410236
1.41031
1.410194
1.410222
1.410258
1.410315
1.410392
1.410256
1.410302
1.410359
1.410443
1.410316
1.410382
1.410465
1.410382
1.410474
1.41046
1.409654
1.409682
1.40969
1.409695
1.409698
1.409706
1.409715
1.409738
1.409774
1.409831
1.409712
1.409724
1.409727
1.409731
1.409738
1.409749
1.409771
1.409809
1.409866
1.409791
1.409798
1.409801
1.40981
1.409821
1.409845
1.409883
1.409943
1.409893
1.409902
1.40991
1.409924
1.409949
1.409991
1.410053
1.410009
1.410024
1.410039
1.410069
1.410113
1.410181
1.41012
1.410144
1.410176
1.410228
1.410299
1.410209
1.410251
1.410305
1.410384
1.410288
1.410352
1.410432
1.410369
1.410459
1.41046
1.40967
1.409681
1.409684
1.409689
1.409695
1.409706
1.409727
1.409764
1.40982
1.409711
1.409718
1.409721
1.409729
1.409739
1.409762
1.409798
1.409856
1.409786
1.409793
1.4098
1.409812
1.409835
1.409875
1.409933
1.409889
1.409901
1.409914
1.409941
1.409981
1.410044
1.410011
1.410031
1.410059
1.410105
1.410171
1.410131
1.410169
1.410218
1.410292
1.410238
1.410298
1.410374
1.410338
1.410425
1.410445
1.409669
1.409675
1.409678
1.409686
1.409695
1.409718
1.409753
1.409811
1.409705
1.409712
1.409719
1.40973
1.409751
1.409789
1.409845
1.40978
1.409791
1.409802
1.409826
1.409864
1.409924
1.409889
1.409905
1.40993
1.409973
1.410034
1.410018
1.410051
1.410095
1.410163
1.410155
1.41021
1.410281
1.410284
1.410367
1.410412
1.409663
1.409669
1.409676
1.409687
1.409707
1.409744
1.4098
1.409699
1.40971
1.409719
1.409742
1.409778
1.409836
1.409779
1.409793
1.409816
1.409855
1.409913
1.409892
1.409922
1.409962
1.410025
1.410037
1.410087
1.410152
1.410197
1.410274
1.410353
1.409657
1.409667
1.409676
1.409698
1.409734
1.409791
1.409697
1.40971
1.409732
1.40977
1.409826
1.40978
1.409807
1.409845
1.409905
1.409909
1.409954
1.410015
1.410073
1.410144
1.41026
1.409654
1.409667
1.409687
1.409725
1.40978
1.409697
1.409723
1.409759
1.409817
1.409794
1.409836
1.409894
1.40994
1.410006
1.410131
1.409654
1.409678
1.409714
1.409771
1.40971
1.40975
1.409806
1.409823
1.409885
1.409993
1.409666
1.409705
1.40976
1.409737
1.409797
1.409872
1.409692
1.409751
1.409784
1.409738
)
;

boundaryField
{
    airInlet
    {
        type            calculated;
        value           nonuniform List<scalar> 0();
    }
    airOutlet
    {
        type            calculated;
        value           uniform 0;
    }
    cathodeSides
    {
        type            calculated;
        value           uniform 0;
    }
    air_to_interconnect
    {
        type            calculated;
        value           uniform 0;
    }
    air_to_electrolyte
    {
        type            calculated;
        value           uniform 0;
    }
    procBoundary3to2
    {
        type            processor;
        value           uniform 0;
    }
}
)

// processor4

696
(dimensions      [1 2 -3 0 0 -1 0];

internalField   nonuniform List<scalar> 0();

boundaryField
{
    airInlet
    {
        type            calculated;
        value           nonuniform List<scalar> 0();
    }
    airOutlet
    {
        type            calculated;
        value           nonuniform List<scalar> 0();
    }
    cathodeSides
    {
        type            calculated;
        value           nonuniform List<scalar> 0();
    }
    air_to_interconnect
    {
        type            calculated;
        value           nonuniform List<scalar> 0();
    }
    air_to_electrolyte
    {
        type            calculated;
        value           nonuniform List<scalar> 0();
    }
}
)

// processor5

696
(dimensions      [1 2 -3 0 0 -1 0];

internalField   nonuniform List<scalar> 0();

boundaryField
{
    airInlet
    {
        type            calculated;
        value           nonuniform List<scalar> 0();
    }
    airOutlet
    {
        type            calculated;
        value           nonuniform List<scalar> 0();
    }
    cathodeSides
    {
        type            calculated;
        value           nonuniform List<scalar> 0();
    }
    air_to_interconnect
    {
        type            calculated;
        value           nonuniform List<scalar> 0();
    }
    air_to_electrolyte
    {
        type            calculated;
        value           nonuniform List<scalar> 0();
    }
}
)

// processor6

696
(dimensions      [1 2 -3 0 0 -1 0];

internalField   nonuniform List<scalar> 0();

boundaryField
{
    airInlet
    {
        type            calculated;
        value           nonuniform List<scalar> 0();
    }
    airOutlet
    {
        type            calculated;
        value           nonuniform List<scalar> 0();
    }
    cathodeSides
    {
        type            calculated;
        value           nonuniform List<scalar> 0();
    }
    air_to_interconnect
    {
        type            calculated;
        value           nonuniform List<scalar> 0();
    }
    air_to_electrolyte
    {
        type            calculated;
        value           nonuniform List<scalar> 0();
    }
}
)

// processor7

696
(dimensions      [1 2 -3 0 0 -1 0];

internalField   nonuniform List<scalar> 0();

boundaryField
{
    airInlet
    {
        type            calculated;
        value           nonuniform List<scalar> 0();
    }
    airOutlet
    {
        type            calculated;
        value           nonuniform List<scalar> 0();
    }
    cathodeSides
    {
        type            calculated;
        value           nonuniform List<scalar> 0();
    }
    air_to_interconnect
    {
        type            calculated;
        value           nonuniform List<scalar> 0();
    }
    air_to_electrolyte
    {
        type            calculated;
        value           nonuniform List<scalar> 0();
    }
}
)
