/*--------------------------------*- C++ -*----------------------------------*\
| =========                 |                                                 |
| \\      /  F ield         | OpenFOAM: The Open Source CFD Toolbox           |
|  \\    /   O peration     | Version:  2306                                  |
|   \\  /    A nd           | Website:  www.openfoam.com                      |
|    \\/     M anipulation  |                                                 |
\*---------------------------------------------------------------------------*/
FoamFile
{
    version     2.0;
    format      binary;
    arch        "LSB;label=32;scalar=64";
    class       decomposedBlockData;
    object      T;
    data.format     ascii;
    data.class      volScalarField;
}
// * * * * * * * * * * * * * * * * * * * * * * * * * * * * * * * * * * * * * //


// processor0

49523
(FoamFile
{
    version     2.0;
    format      ascii;
    arch        "LSB;label=32;scalar=64";
    class       volScalarField;
    location    "1.5/phiEC";
    object      T;
}
dimensions      [0 0 0 1 0 0 0];

internalField   nonuniform List<scalar> 
5000
(
353.1613
353.1612
353.1617
353.1844
353.161
353.1616
353.1841
353.162
353.1854
353.2088
353.1607
353.1614
353.1834
353.1619
353.1851
353.2081
353.1624
353.1866
353.2106
353.2359
353.1604
353.1611
353.1824
353.1617
353.1844
353.2068
353.1622
353.1862
353.2099
353.2348
353.1626
353.1875
353.2126
353.2386
353.2671
353.16
353.1607
353.1813
353.1614
353.1834
353.2049
353.162
353.1855
353.2086
353.2326
353.1625
353.1871
353.2119
353.2375
353.2658
353.1627
353.1882
353.2142
353.2415
353.271
353.2944
353.1597
353.1603
353.1801
353.1611
353.1822
353.2025
353.1617
353.1845
353.2066
353.2291
353.1622
353.1864
353.2105
353.2352
353.263
353.1626
353.1878
353.2135
353.2404
353.2696
353.2935
353.1629
353.1887
353.2154
353.2438
353.275
353.2993
353.3133
353.1594
353.16
353.1789
353.1607
353.181
353.1998
353.1613
353.1833
353.2041
353.2245
353.1619
353.1854
353.2084
353.2317
353.2581
353.1624
353.1871
353.212
353.238
353.2667
353.2918
353.1628
353.1883
353.2146
353.2426
353.2736
353.2984
353.3128
353.163
353.1891
353.2162
353.2455
353.2782
353.3043
353.319
353.3328
353.1592
353.1597
353.1779
353.1603
353.1798
353.1973
353.161
353.182
353.2014
353.219
353.1616
353.1841
353.2059
353.2269
353.25
353.1621
353.186
353.2099
353.2344
353.2617
353.2894
353.1625
353.1876
353.2131
353.2402
353.2707
353.2967
353.3117
353.1629
353.1887
353.2154
353.2443
353.2768
353.3034
353.3184
353.3325
353.1631
353.1894
353.2168
353.2467
353.2804
353.3082
353.3247
353.3393
353.3526
353.1591
353.1595
353.1772
353.16
353.1787
353.1952
353.1606
353.1807
353.1988
353.214
353.1612
353.1828
353.203
353.2212
353.2361
353.1617
353.1848
353.2073
353.2295
353.2534
353.2868
353.1622
353.1865
353.211
353.2365
353.2655
353.2942
353.3103
353.1626
353.1879
353.214
353.2419
353.2737
353.3017
353.3174
353.3318
353.163
353.189
353.2161
353.2455
353.279
353.3073
353.3242
353.339
353.3524
353.1632
353.1897
353.2174
353.2477
353.2821
353.311
353.3291
353.3457
353.3599
353.3725
353.1591
353.1594
353.1768
353.1598
353.178
353.1938
353.1603
353.1797
353.1966
353.2101
353.1608
353.1815
353.2004
353.216
353.2263
353.1613
353.1834
353.2044
353.2236
353.239
353.1618
353.1852
353.2083
353.2315
353.2569
353.2917
353.309
353.1623
353.1869
353.2118
353.2381
353.2684
353.2992
353.316
353.331
353.1627
353.1882
353.2146
353.243
353.2759
353.3055
353.3231
353.3384
353.352
353.1631
353.1893
353.2166
353.2464
353.2807
353.3101
353.3285
353.3454
353.3598
353.3725
353.1902
353.218
353.2485
353.2834
353.313
353.3322
353.3506
353.3671
353.3807
353.3924
353.1592
353.1594
353.1768
353.1597
353.1776
353.193
353.16
353.1789
353.1951
353.2074
353.1604
353.1804
353.1981
353.212
353.2198
353.1609
353.1821
353.2017
353.2182
353.2289
353.1614
353.1838
353.2054
353.2255
353.242
353.1619
353.1856
353.2091
353.233
353.2596
353.2966
353.3148
353.3302
353.1624
353.1872
353.2124
353.2392
353.2706
353.303
353.3217
353.3376
353.3515
353.1629
353.1886
353.2151
353.2439
353.2775
353.3082
353.3275
353.3448
353.3595
353.3723
353.1898
353.2172
353.2472
353.2819
353.3121
353.3317
353.3503
353.3669
353.3807
353.3925
353.2188
353.2493
353.2844
353.3145
353.3345
353.3541
353.3725
353.3885
353.4014
353.4121
353.1594
353.1595
353.1772
353.1597
353.1776
353.193
353.1599
353.1785
353.1943
353.2061
353.1602
353.1796
353.1966
353.2092
353.2157
353.1606
353.181
353.1994
353.214
353.2221
353.161
353.1825
353.2026
353.22
353.2316
353.1615
353.1842
353.2061
353.2268
353.2443
353.162
353.1859
353.2097
353.234
353.2616
353.3003
353.3206
353.337
353.351
353.1626
353.1875
353.2129
353.2401
353.2721
353.3057
353.3261
353.3441
353.3591
353.372
353.189
353.2157
353.2447
353.2787
353.3102
353.3306
353.3497
353.3667
353.3807
353.3926
353.218
353.2481
353.283
353.3136
353.3339
353.3538
353.3723
353.3886
353.4016
353.4124
353.2504
353.2855
353.3158
353.3362
353.3566
353.3763
353.3944
353.41
353.422
353.4315
353.1597
353.1597
353.1779
353.1598
353.178
353.1938
353.1599
353.1785
353.1943
353.2061
353.1601
353.1792
353.1958
353.2078
353.2137
353.1604
353.1802
353.1978
353.2112
353.2179
353.1607
353.1814
353.2003
353.2157
353.2245
353.1611
353.1828
353.2033
353.2213
353.2337
353.1616
353.1845
353.2067
353.2279
353.2461
353.1622
353.1862
353.2102
353.2349
353.2631
353.303
353.3249
353.3435
353.3587
353.3717
353.1879
353.2135
353.2408
353.2733
353.3076
353.3292
353.349
353.3664
353.3806
353.3926
353.2164
353.2455
353.2798
353.3117
353.3328
353.3532
353.3721
353.3886
353.4019
353.4129
353.2492
353.2841
353.3149
353.3356
353.3563
353.3761
353.3945
353.4102
353.4224
353.432
353.287
353.3172
353.3377
353.3585
353.379
353.3986
353.4164
353.4313
353.4422
353.4502
353.16
353.16
353.1789
353.16
353.1787
353.1952
353.16
353.1789
353.1951
353.2074
353.1601
353.1792
353.1958
353.2078
353.2137
353.1602
353.1798
353.1969
353.2098
353.2158
353.1605
353.1806
353.1987
353.2128
353.2202
353.1608
353.1817
353.201
353.2169
353.2265
353.1612
353.1831
353.2038
353.2222
353.2352
353.1618
353.1848
353.2072
353.2286
353.2473
353.1866
353.2107
353.2356
353.2641
353.3049
353.328
353.3484
353.3661
353.3804
353.3924
353.2142
353.2416
353.2743
353.3091
353.3314
353.3525
353.3718
353.3886
353.4022
353.4133
353.2466
353.2809
353.313
353.3345
353.3557
353.3759
353.3946
353.4106
353.4232
353.4331
353.2856
353.3162
353.3371
353.3582
353.3789
353.3986
353.4166
353.4318
353.443
353.4511
353.319
353.3392
353.3601
353.3811
353.4016
353.4208
353.438
353.452
353.4616
353.4677
353.1604
353.1603
353.1801
353.1603
353.1798
353.1973
353.1603
353.1797
353.1966
353.2101
353.1602
353.1796
353.1966
353.2092
353.2157
353.1602
353.1798
353.1969
353.2098
353.2158
353.1603
353.1802
353.1978
353.2113
353.2181
353.1605
353.1809
353.1993
353.2139
353.222
353.1609
353.182
353.2015
353.2178
353.2279
353.1614
353.1834
353.2043
353.223
353.2364
353.1852
353.2077
353.2293
353.2483
353.2114
353.2363
353.2651
353.3064
353.3302
353.3519
353.3716
353.3886
353.4022
353.4134
353.2427
353.2753
353.3104
353.3331
353.355
353.3757
353.3946
353.411
353.424
353.4342
353.2823
353.3144
353.336
353.3576
353.3787
353.3987
353.4171
353.4326
353.4444
353.453
353.318
353.3386
353.3598
353.381
353.4017
353.4211
353.4386
353.4529
353.4629
353.4692
353.3412
353.3618
353.3829
353.4038
353.4241
353.4428
353.4592
353.4719
353.4797
353.7208
353.1607
353.1607
353.1813
353.1607
353.181
353.1998
353.1606
353.1807
353.1988
353.214
353.1604
353.1804
353.1981
353.212
353.2198
353.1604
353.1802
353.1978
353.2112
353.2179
353.1603
353.1802
353.1978
353.2113
353.2181
353.1604
353.1805
353.1985
353.2125
353.2198
353.1606
353.1812
353.1998
353.2148
353.2233
353.161
353.1823
353.2019
353.2185
353.229
353.1838
353.2048
353.2236
353.2372
353.2084
353.23
353.2491
353.2373
353.2661
353.3077
353.3319
353.3545
353.3754
353.3946
353.4112
353.4244
353.4349
353.2767
353.3117
353.3346
353.3569
353.3785
353.3988
353.4175
353.4336
353.4461
353.4555
353.3162
353.3375
353.3592
353.3808
353.4018
353.4216
353.4396
353.4546
353.4653
353.4722
353.3406
353.3615
353.3828
353.4039
353.4243
353.4434
353.4602
353.4733
353.4815
353.7269
353.364
353.3847
353.4058
353.4265
353.4462
353.4642
353.4794
353.4904
353.738
354.2086
353.161
353.1611
353.1824
353.1611
353.1822
353.2025
353.161
353.182
353.2014
353.219
353.1608
353.1815
353.2004
353.216
353.2263
353.1606
353.181
353.1994
353.214
353.2221
353.1605
353.1806
353.1987
353.2128
353.2202
353.1604
353.1805
353.1985
353.2125
353.2198
353.1605
353.1807
353.1989
353.2133
353.2212
353.1608
353.1815
353.2002
353.2155
353.2243
353.1827
353.2024
353.2191
353.2298
353.2054
353.2242
353.238
353.2309
353.2499
353.2674
353.3089
353.3334
353.3564
353.3782
353.3988
353.4178
353.4343
353.4474
353.4578
353.3135
353.336
353.3586
353.3806
353.4019
353.4221
353.4407
353.4566
353.4687
353.4769
353.3395
353.3609
353.3826
353.404
353.4249
353.4444
353.4619
353.4761
353.4854
353.7422
353.3637
353.3846
353.4059
353.4268
353.4468
353.4652
353.4809
353.4924
353.7457
354.223
353.3871
353.4077
353.4285
353.4488
353.4678
353.4846
353.4981
353.7517
354.2356
354.6883
353.1612
353.1614
353.1834
353.1614
353.1834
353.2049
353.1613
353.1833
353.2041
353.2245
353.1612
353.1828
353.203
353.2212
353.2361
353.1609
353.1821
353.2017
353.2182
353.2289
353.1607
353.1814
353.2003
353.2157
353.2245
353.1605
353.1809
353.1993
353.2139
353.222
353.1605
353.1807
353.1989
353.2133
353.2212
353.1606
353.181
353.1994
353.2139
353.2221
353.1818
353.2007
353.216
353.2251
353.203
353.2197
353.2304
353.2251
353.2387
353.2511
353.3107
353.3348
353.358
353.3803
353.4019
353.4224
353.4415
353.4582
353.472
353.4832
353.3381
353.3602
353.3824
353.4042
353.4254
353.4456
353.4641
353.48
353.4914
353.7798
353.3631
353.3844
353.406
353.4273
353.4479
353.467
353.4839
353.4967
353.7648
354.2591
353.387
353.4078
353.4289
353.4494
353.4688
353.4862
353.5003
353.7603
354.2539
354.7093
353.4103
353.4306
353.451
353.4705
353.4884
353.5035
353.7612
354.2551
354.7246
355.1588
353.1613
353.1616
353.1841
353.1617
353.1844
353.2068
353.1617
353.1845
353.2066
353.2291
353.1616
353.1841
353.2059
353.2269
353.25
353.1613
353.1834
353.2044
353.2236
353.239
353.161
353.1825
353.2026
353.22
353.2316
353.1608
353.1817
353.201
353.2169
353.2265
353.1606
353.1812
353.1998
353.2148
353.2233
353.1606
353.181
353.1994
353.2139
353.2221
353.1814
353.1998
353.2145
353.2228
353.2013
353.2166
353.2257
353.2205
353.2312
353.2398
353.3369
353.3596
353.3822
353.4042
353.4258
353.4464
353.466
353.4838
353.4995
353.9217
353.3624
353.3842
353.4062
353.4279
353.4491
353.4694
353.488
353.5034
353.811
354.3423
353.3869
353.4079
353.4294
353.4505
353.4708
353.4892
353.5047
353.7814
354.2992
354.7602
353.4104
353.4309
353.4516
353.4715
353.49
353.5057
353.7702
354.2754
354.7514
355.1842
353.4334
353.4531
353.4728
353.4911
353.5073
353.7676
354.268
354.7495
355.2032
355.6192
353.1617
353.1844
353.1619
353.1851
353.2081
353.162
353.1855
353.2086
353.2326
353.1619
353.1854
353.2084
353.2317
353.2581
353.1617
353.1848
353.2073
353.2295
353.2534
353.2868
353.1614
353.1838
353.2054
353.2255
353.242
353.1611
353.1828
353.2033
353.2213
353.2337
353.1609
353.182
353.2015
353.2178
353.2279
353.1608
353.1815
353.2002
353.2155
353.2243
353.1814
353.1998
353.2145
353.2228
353.2004
353.2151
353.2235
353.2174
353.2264
353.2321
354.9947
353.3619
353.384
353.4062
353.4283
353.4501
353.4713
353.4921
353.5124
353.9815
354.5669
353.3866
353.4081
353.43
353.4518
353.4732
353.4935
353.5118
353.8322
354.4021
354.8678
353.4106
353.4315
353.4527
353.4735
353.4931
353.5103
353.7925
354.3256
354.8159
355.2439
353.4337
353.4538
353.4739
353.4928
353.5096
353.777
354.2894
354.7793
355.2359
355.6469
353.4561
353.475
353.4935
353.5102
353.7723
354.2765
354.7655
355.2329
355.6703
355.8538
353.162
353.1854
353.2088
353.1622
353.1862
353.2099
353.2348
353.1622
353.1864
353.2105
353.2352
353.263
353.1621
353.186
353.2099
353.2344
353.2617
353.2894
353.1618
353.1852
353.2083
353.2315
353.2569
353.2917
353.309
353.1615
353.1842
353.2061
353.2268
353.2443
353.1612
353.1831
353.2038
353.2222
353.2352
353.161
353.1823
353.2019
353.2185
353.229
353.1818
353.2007
353.216
353.2251
353.2004
353.2151
353.2235
353.2159
353.2242
353.2274
355.4549
355.2554
355.2627
353.3865
353.4082
353.4305
353.4528
353.4752
353.4978
353.5213
354.0175
354.6749
355.1017
353.4108
353.4321
353.4541
353.4759
353.4975
353.5176
353.8457
354.4387
354.9503
355.3602
353.4343
353.4549
353.4759
353.496
353.5143
353.7999
354.3422
354.8508
355.3124
355.7103
353.4567
353.4761
353.4952
353.5125
353.7818
354.2986
354.7969
355.2694
355.7066
355.8818
353.4781
353.4958
353.5126
353.7757
354.2827
354.776
355.2517
355.704
355.9075
355.8729
353.1624
353.1866
353.2106
353.2359
353.1625
353.1871
353.2119
353.2375
353.2658
353.1624
353.1871
353.212
353.238
353.2667
353.2918
353.1622
353.1865
353.211
353.2365
353.2655
353.2942
353.3103
353.1619
353.1856
353.2091
353.233
353.2596
353.2966
353.3148
353.3302
353.1616
353.1845
353.2067
353.2279
353.2461
353.1614
353.1834
353.2043
353.223
353.2364
353.1827
353.2024
353.2191
353.2298
353.2013
353.2166
353.2257
353.2159
353.2242
353.2251
355.6997
355.8545
355.6805
355.3955
355.5131
355.585
353.4109
353.4325
353.4551
353.4781
353.502
353.5273
354.0393
354.7371
355.2386
355.5765
353.435
353.4562
353.4784
353.5004
353.5218
353.8545
354.4611
354.9993
355.46
355.826
353.4579
353.4781
353.4985
353.5172
353.8052
354.3529
354.8723
355.3545
355.7889
355.9451
353.4792
353.4975
353.515
353.7853
354.3052
354.8084
355.2903
355.7446
355.9445
355.9009
353.499
353.515
353.7786
354.2871
354.7836
355.2639
355.7252
355.9429
355.9268
355.8919
353.1626
353.1875
353.2126
353.2386
353.2671
353.1626
353.1878
353.2135
353.2404
353.2696
353.2935
353.1625
353.1876
353.2131
353.2402
353.2707
353.2967
353.3117
353.1623
353.1869
353.2118
353.2381
353.2684
353.2992
353.316
353.331
353.162
353.1859
353.2097
353.234
353.2616
353.3003
353.3206
353.337
353.351
353.1618
353.1848
353.2072
353.2286
353.2473
353.1838
353.2048
353.2236
353.2372
353.203
353.2197
353.2304
353.2174
353.2264
353.2251
355.834
356.1895
355.9238
356.0783
356.0498
355.9409
355.4747
355.6506
355.8308
355.9305
353.4355
353.4573
353.4806
353.505
353.5317
354.0529
354.7736
355.3165
355.7314
356.0168
353.4593
353.4807
353.503
353.5248
353.8609
354.4751
355.0287
355.5183
355.9382
356.0578
353.4813
353.5008
353.5198
353.809
354.3606
354.8861
355.3802
355.8367
356.0275
355.9642
353.5007
353.5173
353.7884
354.3099
354.8166
355.3038
355.7681
355.9843
355.9638
355.9199
353.5182
353.7813
354.2909
354.7889
355.2728
355.739
355.965
355.9623
355.9461
355.9109
353.1627
353.1882
353.2142
353.2415
353.271
353.2944
353.1628
353.1883
353.2146
353.2426
353.2736
353.2984
353.3128
353.1626
353.1879
353.214
353.2419
353.2737
353.3017
353.3174
353.3318
353.1624
353.1872
353.2124
353.2392
353.2706
353.303
353.3217
353.3376
353.3515
353.1622
353.1862
353.2102
353.2349
353.2631
353.303
353.3249
353.3435
353.3587
353.3717
353.1852
353.2077
353.2293
353.2483
353.2054
353.2242
353.238
353.2205
353.2312
353.2274
355.8947
356.3791
356.0613
356.4697
356.3771
356.1687
356.2072
356.2569
356.2883
356.2262
355.5214
355.7292
355.9669
356.1742
356.2851
353.4605
353.4829
353.5076
353.5349
354.0626
354.7959
355.3618
355.8187
356.1831
356.2354
353.4839
353.5053
353.5274
353.8653
354.4852
355.0469
355.5529
356.0032
356.1746
356.0766
353.5041
353.5222
353.8123
354.366
354.896
355.3964
355.8655
356.0774
356.0469
355.9831
353.5206
353.7911
354.314
354.8225
355.3135
355.7833
356.0089
356.0038
355.9831
355.9389
353.785
354.2941
354.7936
355.2791
355.749
355.9795
355.9845
355.9816
355.9652
355.9298
353.1629
353.1887
353.2154
353.2438
353.275
353.2993
353.3133
353.1629
353.1887
353.2154
353.2443
353.2768
353.3034
353.3184
353.3325
353.1627
353.1882
353.2146
353.243
353.2759
353.3055
353.3231
353.3384
353.352
353.1626
353.1875
353.2129
353.2401
353.2721
353.3057
353.3261
353.3441
353.3591
353.372
353.1866
353.2107
353.2356
353.2641
353.3049
353.328
353.3484
353.3661
353.3804
353.3924
353.2084
353.23
353.2491
353.2251
353.2387
353.2321
355.8947
356.4663
356.1241
356.6943
356.5679
356.3031
356.6352
356.6352
356.5934
356.432
356.283
356.3764
356.4825
356.5581
356.5287
355.5543
355.7758
356.045
356.3089
356.5276
356.4712
353.4862
353.51
353.5376
354.0691
354.8118
355.3895
355.8694
356.276
356.4055
356.2532
353.5087
353.5299
353.8692
354.492
355.06
355.5744
356.0416
356.2419
356.1937
356.0953
353.5255
353.8151
354.3707
354.9028
355.4081
355.8839
356.1075
356.0969
356.0662
356.002
353.7949
354.3173
354.8275
355.3203
355.7943
356.0248
356.0285
356.0232
356.0022
355.9578
354.2987
354.7973
355.2844
355.756
355.9899
355.999
356.0039
356.0009
355.9843
355.9467
353.163
353.1891
353.2162
353.2455
353.2782
353.3043
353.319
353.3328
353.163
353.189
353.2161
353.2455
353.279
353.3073
353.3242
353.339
353.3524
353.1629
353.1886
353.2151
353.2439
353.2775
353.3082
353.3275
353.3448
353.3595
353.3723
353.1879
353.2135
353.2408
353.2733
353.3076
353.3292
353.349
353.3664
353.3806
353.3926
353.2114
353.2363
353.2651
353.3064
353.3302
353.3519
353.3716
353.3886
353.4022
353.4134
353.2309
353.2499
353.2398
355.834
356.4663
356.1241
356.7982
356.6567
356.3655
356.8826
356.859
356.7786
356.5588
356.7334
356.7868
356.8331
356.8349
356.7106
356.3366
356.4472
356.5945
356.7419
356.8496
356.6922
355.5751
355.8088
356.0917
356.3862
356.6604
356.7132
356.4864
353.5135
353.5401
354.0749
354.8222
355.4091
355.9003
356.3298
356.4999
356.4235
356.2708
353.5333
353.8724
354.4981
355.0689
355.5898
356.0654
356.2816
356.2612
356.2127
356.1139
353.8193
354.3744
354.9087
355.4162
355.897
356.1266
356.1271
356.1163
356.0853
356.0208
354.3222
354.8315
355.3262
355.802
356.0363
356.0445
356.048
356.0425
356.0213
355.9747
354.8027
355.2887
355.762
355.9973
356.0095
356.0185
356.0233
356.0201
356.0014
355.9599
353.1631
353.1894
353.2168
353.2467
353.2804
353.3082
353.3247
353.3393
353.3526
353.1631
353.1893
353.2166
353.2464
353.2807
353.3101
353.3285
353.3454
353.3598
353.3725
353.189
353.2157
353.2447
353.2787
353.3102
353.3306
353.3497
353.3667
353.3807
353.3926
353.2142
353.2416
353.2743
353.3091
353.3314
353.3525
353.3718
353.3886
353.4022
353.4133
353.2373
353.2661
353.3077
353.3319
353.3545
353.3754
353.3946
353.4112
353.4244
353.4349
353.2511
355.6997
356.3791
356.0613
356.7982
356.6567
356.3655
356.9975
356.9638
356.8663
356.619
356.9952
357.0315
357.0489
357.0102
356.8275
356.8039
356.877
356.9731
357.0592
357.0977
356.8622
356.3699
356.4975
356.6612
356.8476
357.0246
357.0093
356.7056
355.5942
355.8298
356.1248
356.4326
356.7365
356.8448
356.7284
356.5016
353.5437
354.0791
354.8317
355.4221
355.9224
356.3627
356.5546
356.5181
356.4414
356.2883
353.8771
354.5025
355.0767
355.6002
356.0825
356.3062
356.301
356.2804
356.2316
356.1323
354.3799
354.9132
355.4232
355.9061
356.1404
356.1463
356.1466
356.1356
356.1043
356.0376
354.8372
355.3307
355.8086
356.0443
356.056
356.064
356.0673
356.0617
356.0384
355.9878
355.2948
355.7667
356.0036
356.0169
356.029
356.0379
356.0425
356.0373
356.0147
355.971
353.1632
353.1897
353.2174
353.2477
353.2821
353.311
353.3291
353.3457
353.3599
353.3725
353.1898
353.2172
353.2472
353.2819
353.3121
353.3317
353.3503
353.3669
353.3807
353.3925
353.2164
353.2455
353.2798
353.3117
353.3328
353.3532
353.3721
353.3886
353.4019
353.4129
353.2427
353.2753
353.3104
353.3331
353.355
353.3757
353.3946
353.411
353.424
353.4342
353.2674
353.3089
353.3334
353.3564
353.3782
353.3988
353.4178
353.4343
353.4474
353.4578
355.4549
356.1895
355.9238
356.6943
356.5679
356.3031
356.9975
356.9638
356.8663
356.619
357.1173
357.1466
357.1517
357.0948
356.884
357.0773
357.1348
357.2078
357.2627
357.2611
356.9735
356.8473
356.9417
357.0566
357.1893
357.3091
357.2439
356.8747
356.401
356.5289
356.7087
356.9109
357.1249
357.1803
357.0224
356.7191
355.6054
355.8491
356.146
356.4656
356.7825
356.9201
356.8598
356.7436
356.5169
354.0858
354.8379
355.4337
355.9369
356.3861
356.5881
356.5728
356.5361
356.4591
356.3058
354.5094
355.0821
355.6093
356.0941
356.3239
356.3257
356.3202
356.2994
356.2503
356.1488
354.92
355.4284
355.9139
356.1498
356.1601
356.1658
356.166
356.1547
356.1213
356.0507
355.3373
355.8136
356.0512
356.064
356.0755
356.0834
356.0866
356.0788
356.0517
355.9989
355.7734
356.0085
356.0232
356.0364
356.0484
356.0572
356.0598
356.0506
356.0259
355.9793
353.1902
353.218
353.2485
353.2834
353.313
353.3322
353.3506
353.3671
353.3807
353.3924
353.218
353.2481
353.283
353.3136
353.3339
353.3538
353.3723
353.3886
353.4016
353.4124
353.2466
353.2809
353.313
353.3345
353.3557
353.3759
353.3946
353.4106
353.4232
353.4331
353.2767
353.3117
353.3346
353.3569
353.3785
353.3988
353.4175
353.4336
353.4461
353.4555
353.3107
353.3348
353.358
353.3803
353.4019
353.4224
353.4415
353.4582
353.472
353.4832
354.9947
355.8545
355.6805
356.4697
356.3771
356.1687
356.8826
356.859
356.7786
356.5588
357.1173
357.1466
357.1517
357.0948
356.884
357.2048
357.2564
357.3201
357.3616
357.3415
357.0278
357.1278
357.2096
357.303
357.4099
357.4986
357.4011
356.9855
356.8885
356.982
357.1164
357.2671
357.4307
357.4496
357.2559
356.8872
356.4181
356.5582
356.7387
356.9559
357.1851
357.278
357.1931
357.0356
356.7326
355.6251
355.8605
356.1654
356.487
356.8152
356.9656
356.9351
356.8749
356.7588
356.5321
354.8481
355.4412
355.9499
356.4016
356.6119
356.6063
356.5908
356.5539
356.4768
356.3214
355.0908
355.6157
356.1042
356.3359
356.3435
356.345
356.3393
356.3182
356.267
356.1616
355.4362
355.9197
356.158
356.1696
356.1797
356.1852
356.1852
356.1718
356.1345
356.0617
355.8208
356.0564
356.0709
356.0836
356.095
356.1027
356.1038
356.0922
356.0628
356.0072
356.0154
356.0281
356.0428
356.0559
356.0678
356.0744
356.0731
356.0619
356.0343
355.9834
353.2188
353.2493
353.2844
353.3145
353.3345
353.3541
353.3725
353.3885
353.4014
353.4121
353.2492
353.2841
353.3149
353.3356
353.3563
353.3761
353.3945
353.4102
353.4224
353.432
353.2823
353.3144
353.336
353.3576
353.3787
353.3987
353.4171
353.4326
353.4444
353.453
353.3135
353.336
353.3586
353.3806
353.4019
353.4221
353.4407
353.4566
353.4687
353.4769
353.3369
353.3596
353.3822
353.4042
353.4258
353.4464
353.466
353.4838
353.4995
353.9217
355.2554
355.2627
356.0783
356.0498
355.9409
356.6352
356.6352
356.5934
356.432
356.9952
357.0315
357.0489
357.0102
356.8275
357.2048
357.2564
357.3201
357.3616
357.3415
357.0278
357.2591
357.3362
357.4213
357.5175
357.5925
357.4791
357.0396
357.1762
357.2561
357.3716
357.4981
357.6357
357.632
357.4126
356.9976
356.9106
357.0198
357.154
357.3228
357.5036
357.5674
357.4612
357.2681
356.8999
356.449
356.5746
356.7664
356.9846
357.228
357.3368
357.2906
357.206
357.049
356.7463
355.8804
356.177
356.5064
356.8365
356.9981
356.9806
356.9501
356.89
356.774
356.5458
355.4537
355.9582
356.4155
356.6278
356.6302
356.6244
356.6087
356.5716
356.4925
356.3334
355.6256
356.1111
356.3464
356.3555
356.3628
356.3642
356.3582
356.335
356.2799
356.1724
355.9283
356.1639
356.1778
356.1892
356.1991
356.2045
356.2023
356.1851
356.1456
356.0699
356.064
356.0762
356.0905
356.1031
356.1143
356.1199
356.1172
356.1034
356.0713
356.0112
356.0351
356.0477
356.0622
356.0752
356.0851
356.0878
356.0844
356.0704
356.0384
353.2504
353.2855
353.3158
353.3362
353.3566
353.3763
353.3944
353.41
353.422
353.4315
353.2856
353.3162
353.3371
353.3582
353.3789
353.3986
353.4166
353.4318
353.443
353.4511
353.3162
353.3375
353.3592
353.3808
353.4018
353.4216
353.4396
353.4546
353.4653
353.4722
353.3381
353.3602
353.3824
353.4042
353.4254
353.4456
353.4641
353.48
353.4914
353.7798
353.3619
353.384
353.4062
353.4283
353.4501
353.4713
353.4921
353.5124
353.9815
354.5669
355.3955
355.5131
355.585
356.2072
356.2569
356.2883
356.2262
356.7334
356.7868
356.8331
356.8349
356.7106
357.0773
357.1348
357.2078
357.2627
357.2611
356.9735
357.2591
357.3362
357.4213
357.5175
357.5925
357.4791
357.0396
357.3112
357.3861
357.4945
357.6112
357.7377
357.7232
357.4905
357.0515
357.2018
357.3002
357.4148
357.5616
357.718
357.7647
357.6431
357.4243
357.0097
356.9507
357.0406
357.189
357.3581
357.5558
357.6382
357.5787
357.473
357.2804
356.9126
356.6041
356.7822
357.011
357.2557
357.3787
357.3493
357.3034
357.2191
357.0624
356.7586
356.1971
356.5181
356.8558
357.0193
357.013
356.9955
356.9651
356.9051
356.7877
356.5564
355.9721
356.4244
356.6419
356.6461
356.6483
356.6423
356.6265
356.5874
356.5047
356.3435
356.1221
356.3536
356.366
356.3749
356.382
356.3831
356.3751
356.348
356.2908
356.1804
356.1729
356.1838
356.1975
356.2087
356.2184
356.2217
356.2157
356.1963
356.154
356.0739
356.0837
356.0958
356.11
356.1224
356.1316
356.1334
356.1285
356.1119
356.0753
356.0546
356.0672
356.0816
356.0925
356.0985
356.0991
356.0929
356.0745
353.287
353.3172
353.3377
353.3585
353.379
353.3986
353.4164
353.4313
353.4422
353.4502
353.318
353.3386
353.3598
353.381
353.4017
353.4211
353.4386
353.4529
353.4629
353.4692
353.3395
353.3609
353.3826
353.404
353.4249
353.4444
353.4619
353.4761
353.4854
353.7422
353.3624
353.3842
353.4062
353.4279
353.4491
353.4694
353.488
353.5034
353.811
354.3423
353.3865
353.4082
353.4305
353.4528
353.4752
353.4978
353.5213
354.0175
354.6749
355.1017
355.4747
355.6506
355.8308
355.9305
356.283
356.3764
356.4825
356.5581
356.5287
356.8039
356.877
356.9731
357.0592
357.0977
356.8622
357.1278
357.2096
357.303
357.4099
357.4986
357.4011
356.9855
357.3112
357.3861
357.4945
357.6112
357.7377
357.7232
357.4905
357.0515
357.3386
357.4333
357.5405
357.6787
357.8249
357.8636
357.734
357.502
357.0635
357.2485
357.324
357.4552
357.6017
357.777
357.8443
357.7754
357.6543
357.4361
357.022
357.0781
357.2086
357.3908
357.5892
357.6887
357.6493
357.5902
357.4849
357.2928
356.9241
356.8105
357.0263
357.2809
357.4059
357.3911
357.3619
357.3162
357.2322
357.0745
356.768
356.5384
356.8675
357.0385
357.0342
357.028
357.0105
356.9801
356.9186
356.7982
356.5652
356.4392
356.651
356.6602
356.6642
356.6663
356.6601
356.6423
356.5996
356.5149
356.351
356.3649
356.3732
356.3854
356.3941
356.401
356.4
356.3881
356.359
356.299
356.1843
356.1927
356.2034
356.217
356.228
356.2357
356.2351
356.2269
356.2047
356.1581
356.1034
356.1153
356.1294
356.1397
356.145
356.1446
356.137
356.116
356.0741
356.0865
356.0989
356.106
356.1098
356.1077
356.0971
353.319
353.3392
353.3601
353.3811
353.4016
353.4208
353.438
353.452
353.4616
353.4677
353.3406
353.3615
353.3828
353.4039
353.4243
353.4434
353.4602
353.4733
353.4815
353.7269
353.3631
353.3844
353.406
353.4273
353.4479
353.467
353.4839
353.4967
353.7648
354.2591
353.3866
353.4081
353.43
353.4518
353.4732
353.4935
353.5118
353.8322
354.4021
354.8678
353.4109
353.4325
353.4551
353.4781
353.502
353.5273
354.0393
354.7371
355.2386
355.5765
355.5214
355.7292
355.9669
356.1742
356.2851
356.3366
356.4472
356.5945
356.7419
356.8496
356.6922
356.8473
356.9417
357.0566
357.1893
357.3091
357.2439
356.8747
357.1762
357.2561
357.3716
357.4981
357.6357
357.632
357.4126
356.9976
357.3386
357.4333
357.5405
357.6787
357.8249
357.8636
357.734
357.502
357.0635
357.3888
357.4588
357.5837
357.7214
357.8875
357.948
357.8741
357.745
357.5136
357.0756
357.3674
357.4774
357.6391
357.8147
357.9014
357.8548
357.7862
357.6656
357.4481
357.0331
357.2439
357.4093
357.6199
357.7213
357.6997
357.6606
357.6018
357.4969
357.3041
356.9329
357.0536
357.2958
357.4305
357.4182
357.4037
357.3746
357.3291
357.2441
357.0839
356.7758
356.8878
357.0502
357.0534
357.0492
357.0429
357.0255
356.9936
356.9291
356.807
356.5716
356.6661
356.6694
356.6784
356.6822
356.6841
356.6759
356.6545
356.6099
356.5226
356.3544
356.3846
356.3926
356.4047
356.4131
356.4179
356.4131
356.3991
356.3672
356.303
356.2124
356.2229
356.2363
356.2453
356.249
356.2463
356.2354
356.2088
356.1229
356.1347
356.1468
356.1532
356.1564
356.1532
356.1411
356.0935
356.1039
356.1124
356.1173
356.1184
356.1118
353.3412
353.3618
353.3829
353.4038
353.4241
353.4428
353.4592
353.4719
353.4797
353.7208
353.3637
353.3846
353.4059
353.4268
353.4468
353.4652
353.4809
353.4924
353.7457
354.223
353.3869
353.4079
353.4294
353.4505
353.4708
353.4892
353.5047
353.7814
354.2992
354.7602
353.4108
353.4321
353.4541
353.4759
353.4975
353.5176
353.8457
354.4387
354.9503
355.3602
353.4355
353.4573
353.4806
353.505
353.5317
354.0529
354.7736
355.3165
355.7314
356.0168
355.5543
355.7758
356.045
356.3089
356.5276
356.4712
356.3699
356.4975
356.6612
356.8476
357.0246
357.0093
356.7056
356.8885
356.982
357.1164
357.2671
357.4307
357.4496
357.2559
356.8872
357.2018
357.3002
357.4148
357.5616
357.718
357.7647
357.6431
357.4243
357.0097
357.3888
357.4588
357.5837
357.7214
357.8875
357.948
357.8741
357.745
357.5136
357.0756
357.5052
357.6074
357.7612
357.9275
358.0085
357.9582
357.8847
357.7561
357.5253
357.0865
357.5179
357.66
357.8495
357.938
357.9117
357.8654
357.7972
357.6771
357.4589
357.0415
357.4427
357.6375
357.7511
357.7322
357.7109
357.672
357.6135
357.5078
357.3128
356.9401
357.322
357.4452
357.4429
357.4307
357.4163
357.3874
357.3408
357.2532
357.0916
356.7814
357.0704
357.0651
357.0683
357.0641
357.0578
357.0389
357.004
356.9378
356.8135
356.5741
356.6844
356.6875
356.6964
356.7
356.6999
356.6881
356.6648
356.6175
356.5261
356.404
356.4119
356.4237
356.43
356.4311
356.4241
356.4074
356.3712
356.2319
356.2423
356.2536
356.2586
356.2603
356.2548
356.2395
356.1423
356.152
356.1602
356.1645
356.1649
356.1574
356.1109
356.1174
356.1237
356.1259
356.1225
353.364
353.3847
353.4058
353.4265
353.4462
353.4642
353.4794
353.4904
353.738
354.2086
353.387
353.4078
353.4289
353.4494
353.4688
353.4862
353.5003
353.7603
354.2539
354.7093
353.4106
353.4315
353.4527
353.4735
353.4931
353.5103
353.7925
354.3256
354.8159
355.2439
353.435
353.4562
353.4784
353.5004
353.5218
353.8545
354.4611
354.9993
355.46
355.826
353.4605
353.4829
353.5076
353.5349
354.0626
354.7959
355.3619
355.8187
356.1831
356.2354
355.5751
355.8088
356.0917
356.3862
356.6604
356.7132
356.4864
356.401
356.5289
356.7087
356.9109
357.1249
357.1803
357.0224
356.7191
356.9106
357.0198
357.154
357.3228
357.5036
357.5674
357.4612
357.2681
356.8999
357.2485
357.324
357.4552
357.6017
357.777
357.8443
357.7754
357.6543
357.4361
357.022
357.5052
357.6074
357.7612
357.9275
358.0085
357.9582
357.8847
357.7561
357.5253
357.0865
357.6506
357.7834
357.9645
358.0473
358.0186
357.9686
357.8955
357.7674
357.536
357.0948
357.698
357.8692
357.9716
357.9482
357.9222
357.8762
357.8084
357.6875
357.4673
357.0485
357.6692
357.7683
357.7619
357.7433
357.7222
357.6836
357.6242
357.5162
357.32
356.9452
357.471
357.4575
357.4553
357.4433
357.429
357.399
357.3498
357.2608
357.0972
356.7833
357.0853
357.08
357.0832
357.079
357.0713
357.0493
357.0126
356.9442
356.8161
356.7026
356.7055
356.7142
356.7158
356.7122
356.6984
356.6724
356.6211
356.4233
356.4309
356.4407
356.4432
356.4421
356.4324
356.4114
356.2513
356.2596
356.267
356.2699
356.2688
356.259
356.1597
356.1655
356.1715
356.1731
356.1691
356.1244
356.1287
356.1323
356.13
353.3871
353.4077
353.4285
353.4488
353.4678
353.4846
353.4981
353.7517
354.2356
354.6883
353.4104
353.4309
353.4516
353.4715
353.49
353.5057
353.7702
354.2754
354.7514
355.1842
353.4343
353.4549
353.4759
353.496
353.5143
353.7999
354.3422
354.8508
355.3124
355.7103
353.4593
353.4807
353.503
353.5248
353.8609
354.4751
355.0287
355.5183
355.9382
356.0578
353.4862
353.51
353.5376
354.0691
354.8118
355.3895
355.8694
356.276
356.4055
356.2532
355.5942
355.8298
356.1248
356.4326
356.7365
356.8448
356.7284
356.5016
356.4181
356.5582
356.7387
356.9559
357.1851
357.278
357.1931
357.0356
356.7326
356.9507
357.0406
357.189
357.3581
357.5558
357.6382
357.5787
357.473
357.2804
356.9126
357.3674
357.4774
357.6391
357.8147
357.9014
357.8548
357.7862
357.6656
357.4481
357.0331
357.6506
357.7834
357.9645
358.0473
358.0186
357.9686
357.8955
357.7674
357.536
357.0948
357.8238
357.9854
358.083
358.0573
358.0288
357.9792
357.9064
357.7776
357.5442
357.1016
357.905
357.9909
357.9818
357.9586
357.9329
357.8872
357.8185
357.6956
357.4742
357.0533
357.7992
357.7791
357.773
357.7546
357.7337
357.6941
357.6324
357.5231
357.3251
356.9467
357.4832
357.4699
357.4679
357.456
357.4406
357.4079
357.3572
357.2662
357.0993
357.1002
357.0949
357.0981
357.0924
357.0816
357.0579
357.0189
356.9468
356.7206
356.7233
356.7301
356.7281
356.7224
356.706
356.676
356.4424
356.4479
356.4538
356.4542
356.4504
356.4365
356.2686
356.273
356.2783
356.2784
356.273
356.1731
356.1768
356.1801
356.1773
356.1357
356.1373
356.1365
353.4103
353.4306
353.451
353.4705
353.4884
353.5035
353.7612
354.2551
354.7246
355.1588
353.4337
353.4538
353.4739
353.4928
353.5096
353.777
354.2894
354.7793
355.2359
355.6469
353.4579
353.4781
353.4985
353.5172
353.8052
354.3529
354.8723
355.3545
355.7889
355.9451
353.4839
353.5053
353.5274
353.8653
354.4852
355.0469
355.5529
356.0032
356.1746
356.0766
353.5135
353.5401
354.0749
354.8222
355.4091
355.9004
356.3298
356.4999
356.4235
356.2708
355.6054
355.8491
356.146
356.4657
356.7825
356.9201
356.8598
356.7436
356.5169
356.449
356.5746
356.7664
356.9846
357.228
357.3368
357.2906
357.206
357.049
356.7463
357.0781
357.2086
357.3908
357.5892
357.6887
357.6493
357.5902
357.4849
357.2928
356.9241
357.5179
357.66
357.8495
357.938
357.9117
357.8654
357.7972
357.6771
357.4589
357.0415
357.8238
357.9854
358.083
358.0573
358.0288
357.9792
357.9064
357.7776
357.5442
357.1016
358.0233
358.1033
358.0929
358.0674
358.0392
357.9899
357.9163
357.7855
357.551
357.1063
358.0257
358.001
357.9921
357.9692
357.9437
357.8972
357.8263
357.7022
357.4791
357.0546
357.81
357.7901
357.7841
357.766
357.7441
357.7022
357.6392
357.528
357.3268
357.4956
357.4824
357.4805
357.4675
357.4494
357.4153
357.3626
357.2681
357.1151
357.1099
357.1115
357.1028
357.0902
357.0642
357.0215
356.7385
356.7392
356.7423
356.7384
356.7301
356.7096
356.4593
356.4611
356.4649
356.4625
356.4544
356.282
356.2843
356.2868
356.2826
356.1845
356.1854
356.1843
356.1443
356.1414
353.4334
353.4531
353.4728
353.4911
353.5073
353.7676
354.268
354.7495
355.2032
355.6192
353.4567
353.4761
353.4952
353.5125
353.7818
354.2986
354.7969
355.2694
355.7066
355.8818
353.4813
353.5008
353.5198
353.809
354.3606
354.8861
355.3802
355.8367
356.0275
355.9642
353.5087
353.5299
353.8692
354.492
355.06
355.5744
356.0416
356.2419
356.1937
356.0953
353.5437
354.0791
354.8317
355.4221
355.9224
356.3627
356.5546
356.5181
356.4414
356.2883
355.6251
355.8605
356.1654
356.487
356.8152
356.9656
356.9351
356.8749
356.7588
356.5321
356.6041
356.7822
357.011
357.2557
357.3787
357.3493
357.3034
357.2191
357.0624
356.7586
357.2439
357.4093
357.6199
357.7213
357.6997
357.6606
357.6018
357.4969
357.3041
356.9329
357.698
357.8692
357.9716
357.9482
357.9222
357.8762
357.8084
357.6875
357.4673
357.0485
358.0233
358.1033
358.0929
358.0674
358.0392
357.9899
357.9163
357.7855
357.551
357.1063
358.1402
358.1131
358.1029
358.0777
358.0498
357.9996
357.924
357.792
357.5558
357.1075
358.0357
358.0113
358.0026
357.98
357.9536
357.9049
357.8327
357.7068
357.4806
357.821
357.8013
357.7955
357.7763
357.7521
357.7089
357.6439
357.5296
357.5081
357.4951
357.492
357.4763
357.4567
357.4205
357.3643
357.13
357.1233
357.1218
357.1114
357.0965
357.0667
356.7543
356.7515
356.7526
356.746
356.7337
356.4725
356.4721
356.4732
356.4666
356.2933
356.2928
356.291
356.193
356.1896
356.1485
353.4561
353.475
353.4935
353.5102
353.7723
354.2765
354.7655
355.2329
355.6703
355.8538
353.4792
353.4975
353.515
353.7853
354.3052
354.8084
355.2903
355.7446
355.9445
355.9009
353.5041
353.5222
353.8123
354.366
354.896
355.3964
355.8655
356.0774
356.0469
355.9831
353.5333
353.8724
354.4981
355.0689
355.5898
356.0655
356.2816
356.2612
356.2127
356.1139
354.0858
354.8379
355.4337
355.9369
356.3861
356.5881
356.5728
356.5361
356.4591
356.3058
355.8804
356.177
356.5064
356.8365
356.9981
356.9806
356.9501
356.89
356.774
356.5458
356.8105
357.0263
357.2809
357.4059
357.3911
357.3619
357.3162
357.2322
357.0745
356.768
357.4427
357.6375
357.751
357.7322
357.7109
357.672
357.6135
357.5078
357.3128
356.9401
357.905
357.9909
357.9818
357.9586
357.9329
357.8872
357.8185
357.6956
357.4742
357.0533
358.1402
358.1131
358.1029
358.0777
358.0498
357.9996
357.924
357.792
357.5558
357.1075
358.15
358.1231
358.1131
358.0882
358.0594
358.0071
357.9302
357.7965
357.5573
358.0459
358.0217
358.0133
357.9898
357.9611
357.9112
357.8372
357.7082
357.8321
357.8126
357.8058
357.7843
357.7587
357.7135
357.6453
357.5207
357.5065
357.5008
357.4836
357.4619
357.4223
357.1434
357.1336
357.1304
357.1176
357.0989
356.7666
356.7618
356.7603
356.7496
356.4836
356.4805
356.4772
356.3019
356.297
356.1972
353.4781
353.4958
353.5126
353.7757
354.2827
354.776
355.2517
355.704
355.9075
355.8729
353.5007
353.5173
353.7884
354.3099
354.8166
355.3038
355.7681
355.9843
355.9638
355.9199
353.5255
353.8151
354.3707
354.9028
355.4082
355.8839
356.1075
356.0969
356.0662
356.002
353.8771
354.5025
355.0767
355.6002
356.0825
356.3063
356.301
356.2804
356.2316
356.1323
354.8481
355.4412
355.9499
356.4016
356.612
356.6063
356.5908
356.5539
356.4768
356.3214
356.1971
356.5181
356.8558
357.0193
357.013
356.9955
356.9651
356.9051
356.7877
356.5564
357.0536
357.2958
357.4305
357.4182
357.4037
357.3746
357.3291
357.2441
357.0839
356.7758
357.6692
357.7683
357.7619
357.7433
357.7222
357.6836
357.6242
357.5162
357.32
356.9452
358.0257
358.001
357.9921
357.9692
357.9437
357.8972
357.8263
357.7022
357.4791
357.0546
358.15
358.1231
358.1131
358.0882
358.0594
358.0071
357.9302
357.7965
357.5573
358.1599
358.1333
358.1235
358.0977
358.0668
358.0133
357.9346
357.7979
358.0563
358.0323
358.023
357.9973
357.9673
357.9155
357.8385
357.8433
357.8229
357.8137
357.7908
357.7633
357.7148
357.5321
357.5153
357.508
357.4888
357.4636
357.1537
357.1421
357.1366
357.1201
356.7769
356.7694
356.7638
356.4919
356.4845
356.3061
353.499
353.515
353.7786
354.2871
354.7836
355.2639
355.7252
355.9429
355.9268
355.8919
353.5206
353.7911
354.314
354.8225
355.3135
355.7833
356.0089
356.0038
355.9831
355.9389
353.8193
354.3744
354.9087
355.4162
355.897
356.1266
356.1271
356.1163
356.0853
356.0208
354.5094
355.0821
355.6093
356.0941
356.324
356.3257
356.3202
356.2994
356.2503
356.1488
355.4537
355.9582
356.4155
356.6278
356.6302
356.6244
356.6087
356.5716
356.4925
356.3334
356.5384
356.8675
357.0385
357.0342
357.028
357.0105
356.9801
356.9186
356.7982
356.5652
357.322
357.4452
357.4429
357.4307
357.4163
357.3874
357.3408
357.2532
357.0916
356.7814
357.7992
357.7791
357.7729
357.7546
357.7337
357.6941
357.6324
357.5231
357.3251
356.9467
358.0357
358.0113
358.0026
357.98
357.9536
357.9049
357.8327
357.7068
357.4806
358.1599
358.1333
358.1235
358.0977
358.0668
358.0133
357.9346
357.7979
358.17
358.1436
358.133
358.1051
358.0728
358.0175
357.9358
358.0669
358.042
358.0305
358.0034
357.9716
357.9167
357.8536
357.8308
357.8202
357.7954
357.7645
357.5409
357.5225
357.5132
357.4904
357.1622
357.1484
357.1391
356.7846
356.773
356.496
353.5182
353.7813
354.2909
354.7889
355.2728
355.739
355.965
355.9623
355.9461
355.9109
353.7949
354.3173
354.8275
355.3203
355.7943
356.0248
356.0285
356.0232
356.0022
355.9578
354.3799
354.9132
355.4232
355.9061
356.1404
356.1463
356.1466
356.1356
356.1043
356.0376
355.0908
355.6157
356.1042
356.3359
356.3435
356.3451
356.3393
356.3182
356.267
356.1616
355.9721
356.4244
356.6419
356.6461
356.6483
356.6423
356.6265
356.5874
356.5047
356.3435
356.8878
357.0502
357.0534
357.0492
357.0429
357.0255
356.9936
356.9291
356.807
356.5716
357.471
357.4575
357.4553
357.4433
357.429
357.399
357.3498
357.2608
357.0972
356.7833
357.81
357.7901
357.7841
357.766
357.7441
357.7022
357.6392
357.528
357.3268
358.0459
358.0217
358.0133
357.9898
357.9611
357.9112
357.8372
357.7082
358.17
358.1436
358.133
358.1051
358.0728
358.0175
357.9358
358.1802
358.1531
358.1403
358.111
358.077
358.0186
358.0765
358.0495
358.0366
358.0077
357.9727
357.8614
357.8372
357.8247
357.7966
357.5481
357.5276
357.5148
357.1684
357.1508
356.7881
353.785
354.2941
354.7936
355.2791
355.749
355.9795
355.9845
355.9816
355.9652
355.9298
354.3222
354.8315
355.3262
355.802
356.0363
356.0445
356.048
356.0425
356.0213
355.9747
354.92
355.4284
355.9139
356.1498
356.1601
356.1658
356.166
356.1547
356.1213
356.0507
355.6256
356.1111
356.3464
356.3555
356.3628
356.3642
356.3582
356.335
356.2799
356.1724
356.4392
356.651
356.6602
356.6642
356.6663
356.6601
356.6423
356.5996
356.5149
356.351
357.0704
357.0651
357.0683
357.0641
357.0578
357.0389
357.004
356.9378
356.8135
356.5741
357.4832
357.4699
357.4679
357.456
357.4406
357.4079
357.3572
357.2662
357.0993
357.821
357.8013
357.7955
357.7763
357.7521
357.7089
357.6439
357.5296
358.0563
358.0323
358.023
357.9973
357.9673
357.9155
357.8385
358.1802
358.1531
358.1403
358.111
358.077
358.0186
358.1896
358.1603
358.1462
358.1152
358.078
358.0839
358.0555
358.0407
358.0087
357.8678
357.8417
357.8259
357.5532
357.5293
357.1709
354.2987
354.7973
355.2844
355.756
355.9899
355.999
356.0039
356.0009
355.9843
355.9467
354.8372
355.3307
355.8085
356.0443
356.056
356.064
356.0673
356.0617
356.0384
355.9878
355.4362
355.9196
356.158
356.1696
356.1797
356.1852
356.1852
356.1718
356.1345
356.0617
356.1221
356.3536
356.366
356.3749
356.382
356.3832
356.3751
356.348
356.2908
356.1804
356.6661
356.6694
356.6784
356.6822
356.6841
356.6759
356.6545
356.6099
356.5226
356.3544
357.0853
357.08
357.0832
357.079
357.0713
357.0493
357.0126
356.9442
356.8161
357.4956
357.4824
357.4805
357.4675
357.4494
357.4153
357.3626
357.2681
357.8321
357.8126
357.8058
357.7843
357.7587
357.7135
357.6453
358.0669
358.042
358.0305
358.0034
357.9716
357.9167
358.1896
358.1603
358.1462
358.1152
358.078
358.1968
358.1662
358.1503
358.1161
358.0899
358.0597
358.0417
357.8723
357.8429
357.5548
354.8027
355.2887
355.762
355.9973
356.0095
356.0185
356.0233
356.0201
356.0014
355.9599
355.3373
355.8136
356.0512
356.064
356.0755
356.0834
356.0866
356.0788
356.0517
355.9989
355.9283
356.1639
356.1778
356.1892
356.1991
356.2045
356.2023
356.1851
356.1456
356.0699
356.3649
356.3732
356.3854
356.3941
356.401
356.4
356.3881
356.359
356.299
356.1843
356.6844
356.6875
356.6964
356.7
356.6999
356.6881
356.6648
356.6175
356.5261
357.1002
357.0949
357.0981
357.0924
357.0816
357.0579
357.0189
356.9468
357.5081
357.4951
357.492
357.4763
357.4567
357.4205
357.3643
357.8433
357.8229
357.8137
357.7908
357.7633
357.7148
358.0765
358.0495
358.0366
358.0077
357.9727
358.1968
358.1662
358.1503
358.1161
358.2026
358.1702
358.1512
358.094
358.0607
357.8734
355.2948
355.7667
356.0036
356.0169
356.029
356.0379
356.0425
356.0373
356.0147
355.971
355.8208
356.0564
356.0709
356.0836
356.095
356.1027
356.1038
356.0922
356.0628
356.0072
356.1729
356.1838
356.1975
356.2087
356.2184
356.2217
356.2157
356.1963
356.154
356.0739
356.3846
356.3926
356.4047
356.4131
356.4179
356.4131
356.3991
356.3672
356.303
356.7026
356.7055
356.7142
356.7158
356.7122
356.6984
356.6724
356.6211
357.1151
357.1099
357.1115
357.1028
357.0902
357.0642
357.0215
357.5207
357.5065
357.5008
357.4836
357.4619
357.4223
357.8536
357.8308
357.8202
357.7954
357.7645
358.0839
358.0555
358.0407
358.0087
358.2026
358.1702
358.1512
358.2066
358.1711
358.095
355.7734
356.0085
356.0232
356.0364
356.0484
356.0572
356.0598
356.0506
356.0259
355.9793
356.064
356.0762
356.0905
356.1031
356.1143
356.12
356.1172
356.1034
356.0713
356.0112
356.1927
356.2034
356.217
356.228
356.2357
356.2351
356.2269
356.2047
356.1581
356.404
356.4119
356.4237
356.43
356.4311
356.4241
356.4074
356.3712
356.7206
356.7233
356.7301
356.7281
356.7224
356.706
356.676
357.13
357.1232
357.1218
357.1114
357.0965
357.0667
357.5321
357.5153
357.508
357.4888
357.4636
357.8614
357.8372
357.8247
357.7966
358.0899
358.0597
358.0417
358.2066
358.1711
358.2075
356.0154
356.0281
356.0428
356.0559
356.0678
356.0744
356.0732
356.0619
356.0343
355.9834
356.0837
356.0958
356.11
356.1224
356.1316
356.1334
356.1285
356.1119
356.0753
356.2124
356.2229
356.2363
356.2453
356.249
356.2463
356.2354
356.2088
356.4233
356.4309
356.4407
356.4432
356.4421
356.4324
356.4114
356.7385
356.7392
356.7423
356.7384
356.7301
356.7096
357.1434
357.1336
357.1304
357.1176
357.099
357.5409
357.5225
357.5132
357.4904
357.8678
357.8417
357.8259
358.094
358.0607
358.2075
356.0351
356.0477
356.0622
356.0752
356.0851
356.0879
356.0844
356.0704
356.0384
356.1034
356.1153
356.1294
356.1397
356.145
356.1447
356.137
356.116
356.2319
356.2423
356.2536
356.2586
356.2603
356.2548
356.2395
356.4424
356.4479
356.4538
356.4542
356.4504
356.4365
356.7543
356.7515
356.7526
356.746
356.7337
357.1537
357.1421
357.1366
357.1201
357.5481
357.5276
357.5148
357.8723
357.8429
358.095
356.0546
356.0672
356.0816
356.0925
356.0985
356.0992
356.0929
356.0745
356.1229
356.1347
356.1467
356.1532
356.1564
356.1532
356.1411
356.2513
356.2596
356.267
356.2699
356.2688
356.259
356.4593
356.4611
356.4649
356.4625
356.4544
356.7666
356.7618
356.7603
356.7496
357.1622
357.1484
357.1391
357.5532
357.5293
357.8734
356.0741
356.0865
356.0989
356.106
356.1098
356.1077
356.0971
356.1423
356.152
356.1602
356.1645
356.1649
356.1574
356.2686
356.273
356.2783
356.2784
356.273
356.4725
356.4721
356.4732
356.4666
356.7769
356.7694
356.7638
357.1684
357.1508
357.5548
356.0935
356.1039
356.1124
356.1173
356.1184
356.1118
356.1597
356.1655
356.1715
356.1731
356.1691
356.282
356.2843
356.2868
356.2826
356.4836
356.4804
356.4772
356.7846
356.773
357.1709
356.1109
356.1174
356.1237
356.1259
356.1225
356.1731
356.1768
356.1801
356.1773
356.2933
356.2928
356.291
356.4919
356.4845
356.7881
356.1244
356.1287
356.1323
356.13
356.1845
356.1854
356.1843
356.3019
356.297
356.496
356.1357
356.1373
356.1365
356.193
356.1896
356.3061
356.1443
356.1414
356.1972
356.1485
)
;

boundaryField
{
    interconnect0
    {
        type            zeroGradient;
    }
    interconnectSides
    {
        type            zeroGradient;
    }
    cathodeSides
    {
        type            zeroGradient;
    }
    phiEC_to_phiE0
    {
        type            zeroGradient;
    }
    procBoundary0to1
    {
        type            processor;
        value           nonuniform List<scalar> 
500
(
353.1634
353.1633
353.1908
353.1631
353.1904
353.2198
353.1628
353.1896
353.219
353.252
353.1624
353.1885
353.2175
353.2507
353.2892
353.1619
353.1872
353.2152
353.2482
353.2877
353.3217
353.1615
353.1858
353.2124
353.2442
353.2845
353.3207
353.3442
353.1612
353.1844
353.2093
353.2388
353.2788
353.3189
353.3437
353.3674
353.161
353.1832
353.2064
353.2323
353.2694
353.3162
353.3426
353.3671
353.3909
353.1608
353.1824
353.204
353.2265
353.2529
353.3134
353.3412
353.3666
353.3908
353.4144
353.1608
353.182
353.2022
353.2219
353.2416
353.3401
353.3661
353.3907
353.4145
353.4377
353.161
353.182
353.2013
353.2188
353.2339
353.3657
353.3907
353.4148
353.4381
353.4607
353.1612
353.1824
353.2013
353.2172
353.2291
353.3908
353.4153
353.4389
353.4614
353.4829
353.1615
353.1832
353.2022
353.2172
353.2268
353.4157
353.4398
353.4628
353.4841
353.504
353.1619
353.1844
353.204
353.2188
353.2268
353.4407
353.4645
353.4864
353.5058
353.5233
353.1624
353.1858
353.2064
353.2219
353.2291
353.466
353.4893
353.5094
353.5258
353.7909
353.1628
353.1872
353.2093
353.2265
353.2339
353.492
353.5143
353.531
353.8011
354.306
353.1631
353.1885
353.2124
353.2323
353.2416
353.5194
353.5391
353.8262
354.3302
354.8114
353.1633
353.1896
353.2152
353.2388
353.2529
353.5498
353.8858
354.3897
354.847
355.3047
353.1634
353.1904
353.2175
353.2442
353.2694
354.1
354.5229
354.9322
355.3485
355.7842
353.1908
353.219
353.2482
353.2788
353.3134
355.6782
354.8711
355.108
355.4503
355.8331
356.0265
353.2198
353.2507
353.2845
353.3162
353.3401
356.5402
355.9322
355.4815
355.6454
355.9438
356.0766
356.0463
353.252
353.2877
353.3189
353.3412
353.3657
357.0759
356.6868
356.2473
356.0023
356.1435
356.1888
356.0964
356.0659
353.2892
353.3207
353.3426
353.3661
353.3908
357.3993
357.1889
356.8857
356.5865
356.4703
356.3867
356.2087
356.1161
356.0854
353.3217
353.3437
353.3666
353.3907
353.4157
357.5533
357.4994
357.3422
357.122
356.9335
356.6972
356.4064
356.2284
356.1356
356.1048
353.3442
353.3671
353.3907
353.4153
353.4407
357.5533
357.6486
357.6337
357.53
357.3841
357.1146
356.7155
356.4259
356.248
356.1551
356.1222
353.3674
353.3908
353.4148
353.4398
353.466
357.3993
357.6486
357.7758
357.7996
357.7467
357.53
357.1294
356.7337
356.4451
356.2674
356.1724
356.1357
353.3909
353.4145
353.4389
353.4645
353.492
357.0759
357.4994
357.7758
357.9332
357.9942
357.8721
357.542
357.1442
356.7517
356.4642
356.2847
356.1859
356.147
353.4144
353.4381
353.4628
353.4893
353.5194
356.5402
357.1889
357.6337
357.9332
358.1189
358.1092
357.8825
357.5542
357.159
356.7695
356.4812
356.2981
356.1973
356.1556
353.4377
353.4614
353.4864
353.5143
353.5498
355.6782
356.6868
357.3422
357.7996
358.1189
358.2294
358.1188
357.8931
357.5664
357.1738
356.7854
356.4944
356.3094
356.2058
356.1598
353.4607
353.4841
353.5094
353.5391
354.1
355.9322
356.8857
357.53
357.9942
358.2294
358.2387
358.1285
357.9039
357.5788
357.1871
356.7976
356.5055
356.318
356.21
353.4829
353.5058
353.531
353.8858
354.8711
356.2473
357.122
357.7467
358.1092
358.2387
358.2481
358.1385
357.9148
357.59
357.1973
356.8079
356.5138
356.3222
353.504
353.5258
353.8262
354.5229
355.4815
356.5865
357.3841
357.8721
358.1188
358.2481
358.2577
358.1486
357.9247
357.5986
357.2057
356.8155
356.5179
353.5233
353.8011
354.3897
355.108
356.0023
356.9335
357.53
357.8825
358.1285
358.2577
358.2675
358.1579
357.9323
357.6056
357.2119
356.8191
353.7909
354.3302
354.9322
355.6454
356.4703
357.1146
357.542
357.8931
358.1385
358.2675
358.2765
358.1649
357.9385
357.6105
357.2142
354.306
354.847
355.4503
356.1435
356.6972
357.1294
357.5542
357.9039
358.1486
358.2765
358.2833
358.1706
357.9427
357.612
354.8114
355.3485
355.9438
356.3867
356.7155
357.1442
357.5664
357.9148
358.1579
358.2833
358.2888
358.1745
357.9436
355.3047
355.8331
356.1888
356.4064
356.7337
357.159
357.5788
357.9247
358.1649
358.2888
358.2925
358.1751
355.7842
356.0766
356.2087
356.4259
356.7517
357.1738
357.59
357.9323
358.1706
358.2925
358.293
356.0265
356.0964
356.2284
356.4451
356.7695
357.1871
357.5986
357.9385
358.1745
358.293
356.0463
356.1161
356.248
356.4642
356.7854
357.1973
357.6056
357.9427
358.1751
356.0659
356.1356
356.2674
356.4812
356.7976
357.2057
357.6105
357.9436
356.0854
356.1551
356.2847
356.4944
356.8079
357.2119
357.612
356.1048
356.1724
356.2981
356.5055
356.8155
357.2142
356.1222
356.1859
356.3094
356.5138
356.8191
356.1357
356.1973
356.318
356.5179
356.147
356.2058
356.3222
356.1556
356.21
356.1598
)
;
    }
}
)

// processor1

53945
(dimensions      [0 0 0 1 0 0 0];

internalField   nonuniform List<scalar> 
5000
(
353.1634
353.1633
353.1636
353.1908
353.1631
353.1634
353.1904
353.1636
353.1912
353.2198
353.1628
353.1632
353.1896
353.1635
353.1908
353.219
353.1636
353.1913
353.2204
353.252
353.1624
353.1629
353.1885
353.1633
353.19
353.2175
353.1635
353.1909
353.2196
353.2507
353.1637
353.1914
353.2207
353.2528
353.2892
353.1619
353.1625
353.1872
353.1629
353.1889
353.2152
353.1633
353.1901
353.2181
353.2482
353.1635
353.191
353.2199
353.2516
353.2877
353.1637
353.1915
353.2208
353.2532
353.2903
353.3217
353.1615
353.1621
353.1858
353.1625
353.1875
353.2124
353.163
353.189
353.2158
353.2442
353.1633
353.1902
353.2183
353.249
353.2845
353.1635
353.1911
353.22
353.252
353.2888
353.3207
353.1637
353.1915
353.2209
353.2534
353.2909
353.323
353.3442
353.1612
353.1616
353.1844
353.1621
353.1861
353.2093
353.1626
353.1877
353.213
353.2388
353.163
353.1891
353.2161
353.245
353.2788
353.1633
353.1903
353.2185
353.2494
353.2855
353.3189
353.1636
353.1911
353.2201
353.2522
353.2893
353.3221
353.3437
353.1637
353.1915
353.221
353.2535
353.2911
353.3236
353.3457
353.3674
353.161
353.1613
353.1832
353.1617
353.1847
353.2064
353.1621
353.1862
353.2099
353.2323
353.1626
353.1878
353.2132
353.2395
353.2694
353.163
353.1892
353.2162
353.2453
353.2799
353.3162
353.1633
353.1903
353.2185
353.2496
353.2861
353.3202
353.3426
353.1636
353.1911
353.2202
353.2523
353.2896
353.3227
353.3451
353.3671
353.1637
353.1915
353.221
353.2536
353.2913
353.3239
353.3464
353.369
353.3909
353.1608
353.1611
353.1824
353.1614
353.1835
353.204
353.1617
353.1848
353.2069
353.2265
353.1621
353.1863
353.2101
353.233
353.2529
353.1626
353.1878
353.2134
353.2399
353.2704
353.3134
353.163
353.1892
353.2163
353.2455
353.2804
353.3175
353.3412
353.1633
353.1903
353.2186
353.2497
353.2863
353.3208
353.3441
353.3666
353.1636
353.1911
353.2202
353.2523
353.2897
353.323
353.3458
353.3687
353.3908
353.1637
353.1916
353.221
353.2537
353.2913
353.3241
353.3467
353.3698
353.3926
353.4144
353.1608
353.1609
353.182
353.1611
353.1827
353.2022
353.1614
353.1837
353.2045
353.2219
353.1617
353.1849
353.2072
353.2271
353.2416
353.1622
353.1864
353.2102
353.2334
353.2538
353.1626
353.1878
353.2134
353.2401
353.2708
353.3147
353.3401
353.163
353.1892
353.2163
353.2456
353.2806
353.3181
353.3427
353.3661
353.1633
353.1903
353.2186
353.2497
353.2864
353.3211
353.3448
353.3682
353.3907
353.1636
353.1912
353.2202
353.2524
353.2898
353.3231
353.3462
353.3695
353.3926
353.4145
353.1916
353.2211
353.2537
353.2914
353.3242
353.3469
353.3701
353.3934
353.4162
353.4377
353.161
353.1609
353.182
353.161
353.1822
353.2013
353.1611
353.1828
353.2027
353.2188
353.1614
353.1837
353.2047
353.2225
353.2339
353.1617
353.185
353.2073
353.2275
353.2423
353.1622
353.1864
353.2103
353.2335
353.2542
353.1626
353.1878
353.2135
353.2402
353.2711
353.3153
353.3416
353.3657
353.163
353.1892
353.2164
353.2457
353.2807
353.3184
353.3434
353.3677
353.3907
353.1633
353.1904
353.2187
353.2498
353.2865
353.3213
353.3451
353.369
353.3925
353.4148
353.1912
353.2203
353.2524
353.2899
353.3233
353.3464
353.3699
353.3934
353.4164
353.4381
353.2211
353.2538
353.2915
353.3243
353.3471
353.3703
353.3938
353.4171
353.4397
353.4607
353.1612
353.1611
353.1824
353.161
353.1822
353.2013
353.161
353.1824
353.2018
353.2172
353.1611
353.1829
353.2029
353.2194
353.2291
353.1614
353.1838
353.2048
353.2228
353.2346
353.1618
353.185
353.2073
353.2276
353.2427
353.1622
353.1864
353.2103
353.2336
353.2544
353.1626
353.1879
353.2135
353.2402
353.2712
353.3156
353.3423
353.3673
353.3908
353.163
353.1892
353.2164
353.2457
353.2808
353.3186
353.3437
353.3684
353.3925
353.4153
353.1904
353.2187
353.2498
353.2866
353.3214
353.3453
353.3694
353.3933
353.4167
353.4389
353.2203
353.2525
353.29
353.3233
353.3465
353.3701
353.3938
353.4173
353.4401
353.4614
353.2538
353.2915
353.3244
353.3471
353.3705
353.394
353.4175
353.4406
353.4628
353.4829
353.1615
353.1613
353.1832
353.1611
353.1827
353.2022
353.161
353.1824
353.2018
353.2172
353.161
353.1825
353.202
353.2178
353.2268
353.1611
353.1829
353.2031
353.2197
353.2298
353.1614
353.1838
353.2049
353.223
353.235
353.1618
353.185
353.2074
353.2277
353.2429
353.1622
353.1864
353.2104
353.2337
353.2545
353.1626
353.1879
353.2135
353.2403
353.2713
353.3158
353.3426
353.368
353.3925
353.4157
353.1893
353.2164
353.2458
353.2809
353.3187
353.3439
353.3688
353.3933
353.4171
353.4398
353.2188
353.2499
353.2867
353.3215
353.3454
353.3696
353.3937
353.4176
353.4409
353.4628
353.2526
353.29
353.3234
353.3466
353.3702
353.394
353.4177
353.441
353.4635
353.4841
353.2916
353.3244
353.3472
353.3706
353.3942
353.4178
353.4411
353.4637
353.4851
353.504
353.1619
353.1616
353.1844
353.1614
353.1835
353.204
353.1611
353.1828
353.2027
353.2188
353.161
353.1825
353.202
353.2178
353.2268
353.161
353.1825
353.2022
353.2181
353.2275
353.1612
353.183
353.2031
353.2198
353.2302
353.1614
353.1838
353.2049
353.2231
353.2351
353.1618
353.185
353.2074
353.2278
353.243
353.1622
353.1864
353.2104
353.2337
353.2546
353.1879
353.2136
353.2403
353.2713
353.3159
353.3428
353.3684
353.3933
353.4176
353.4407
353.2165
353.2458
353.2809
353.3188
353.344
353.369
353.3937
353.418
353.4418
353.4645
353.2499
353.2867
353.3215
353.3455
353.3697
353.3939
353.418
353.4418
353.4649
353.4864
353.2901
353.3235
353.3467
353.3703
353.3941
353.4179
353.4415
353.4645
353.4863
353.5058
353.3246
353.3473
353.3707
353.3943
353.4179
353.4413
353.4642
353.4861
353.5062
353.5233
353.1624
353.1621
353.1858
353.1617
353.1847
353.2064
353.1614
353.1837
353.2045
353.2219
353.1611
353.1829
353.2029
353.2194
353.2291
353.161
353.1825
353.2022
353.2181
353.2275
353.161
353.1825
353.2022
353.2182
353.2278
353.1612
353.183
353.2032
353.2199
353.2303
353.1614
353.1838
353.2049
353.2231
353.2352
353.1618
353.185
353.2074
353.2278
353.2431
353.1865
353.2104
353.2338
353.2547
353.2136
353.2404
353.2714
353.316
353.3429
353.3686
353.3937
353.4184
353.4427
353.466
353.2459
353.281
353.3188
353.3441
353.3691
353.3939
353.4184
353.4427
353.4666
353.4893
353.2868
353.3216
353.3456
353.3698
353.3941
353.4183
353.4422
353.4658
353.4886
353.5094
353.3236
353.3467
353.3704
353.3942
353.4181
353.4417
353.4649
353.4873
353.508
353.5258
353.3474
353.3708
353.3944
353.418
353.4415
353.4644
353.4866
353.5072
353.5256
353.7909
353.1628
353.1625
353.1872
353.1621
353.1861
353.2093
353.1617
353.1848
353.2069
353.2265
353.1614
353.1837
353.2047
353.2225
353.2339
353.1611
353.1829
353.2031
353.2197
353.2298
353.161
353.1825
353.2022
353.2182
353.2278
353.161
353.1825
353.2023
353.2183
353.228
353.1612
353.183
353.2032
353.22
353.2304
353.1614
353.1839
353.205
353.2232
353.2353
353.1851
353.2075
353.2279
353.2431
353.2105
353.2338
353.2547
353.2404
353.2715
353.316
353.343
353.3688
353.3939
353.4189
353.4436
353.4681
353.492
353.2811
353.3189
353.3442
353.3692
353.394
353.4187
353.4432
353.4675
353.4915
353.5143
353.3217
353.3457
353.3699
353.3942
353.4184
353.4425
353.4663
353.4895
353.5116
353.531
353.3469
353.3705
353.3943
353.4182
353.4419
353.4652
353.4878
353.509
353.5281
353.8011
353.3709
353.3945
353.4181
353.4416
353.4646
353.4868
353.5077
353.5266
353.7933
354.306
353.1631
353.1629
353.1885
353.1625
353.1875
353.2124
353.1621
353.1862
353.2099
353.2323
353.1617
353.1849
353.2072
353.2271
353.2416
353.1614
353.1838
353.2048
353.2228
353.2346
353.1612
353.183
353.2031
353.2198
353.2302
353.161
353.1825
353.2023
353.2183
353.228
353.161
353.1826
353.2023
353.2184
353.2281
353.1612
353.183
353.2032
353.22
353.2305
353.1839
353.205
353.2232
353.2354
353.2075
353.2279
353.2432
353.2339
353.2548
353.2715
353.3161
353.3431
353.3689
353.3941
353.4191
353.444
353.469
353.4942
353.5194
353.319
353.3443
353.3693
353.3941
353.4188
353.4434
353.468
353.4924
353.5165
353.5391
353.3458
353.37
353.3943
353.4185
353.4427
353.4666
353.49
353.5126
353.5332
353.8262
353.3706
353.3944
353.4183
353.442
353.4654
353.488
353.5095
353.5291
353.8036
354.3302
353.3946
353.4183
353.4417
353.4647
353.487
353.508
353.5271
353.7944
354.3088
354.8114
353.1633
353.1632
353.1896
353.1629
353.1889
353.2152
353.1626
353.1877
353.213
353.2388
353.1621
353.1863
353.2101
353.233
353.2529
353.1617
353.185
353.2073
353.2275
353.2423
353.1614
353.1838
353.2049
353.223
353.235
353.1612
353.183
353.2032
353.2199
353.2303
353.161
353.1826
353.2023
353.2184
353.2281
353.161
353.1826
353.2023
353.2184
353.2282
353.183
353.2032
353.22
353.2305
353.205
353.2232
353.2354
353.228
353.2432
353.2549
353.3162
353.3432
353.369
353.3942
353.4193
353.4443
353.4695
353.4952
353.5217
353.5498
353.3444
353.3694
353.3942
353.4189
353.4436
353.4682
353.4929
353.5175
353.5414
353.8858
353.3701
353.3944
353.4186
353.4428
353.4667
353.4903
353.5131
353.5343
353.8288
354.3897
353.3946
353.4184
353.4421
353.4655
353.4882
353.5098
353.5296
353.8046
354.3331
354.847
353.4184
353.4418
353.4649
353.4871
353.5082
353.5274
353.7949
354.31
354.8145
355.3047
353.1634
353.1634
353.1904
353.1633
353.19
353.2175
353.163
353.189
353.2158
353.2442
353.1626
353.1878
353.2132
353.2395
353.2694
353.1622
353.1864
353.2102
353.2334
353.2538
353.1618
353.185
353.2073
353.2276
353.2427
353.1614
353.1838
353.2049
353.2231
353.2351
353.1612
353.183
353.2032
353.22
353.2304
353.161
353.1826
353.2023
353.2184
353.2282
353.1826
353.2023
353.2185
353.2282
353.2033
353.2201
353.2306
353.2233
353.2355
353.2433
353.3433
353.3691
353.3943
353.4194
353.4445
353.4698
353.4957
353.5227
353.5522
354.1
353.3696
353.3944
353.4191
353.4437
353.4684
353.4932
353.518
353.5424
353.8885
354.5229
353.3945
353.4188
353.4429
353.4669
353.4905
353.5134
353.5348
353.8299
354.3927
354.9322
353.4186
353.4423
353.4656
353.4883
353.51
353.5299
353.8052
354.3343
354.8502
355.3485
353.442
353.465
353.4873
353.5083
353.5275
353.7952
354.3107
354.8158
355.308
355.7842
353.1636
353.1908
353.1635
353.1908
353.219
353.1633
353.1901
353.2181
353.2482
353.163
353.1891
353.2161
353.245
353.2788
353.1626
353.1878
353.2134
353.2399
353.2704
353.3134
353.1622
353.1864
353.2103
353.2335
353.2542
353.1618
353.185
353.2074
353.2277
353.2429
353.1614
353.1838
353.2049
353.2231
353.2352
353.1612
353.183
353.2032
353.22
353.2305
353.1826
353.2023
353.2185
353.2282
353.2024
353.2185
353.2283
353.2201
353.2306
353.2355
355.6782
353.3692
353.3944
353.4195
353.4446
353.47
353.4959
353.5232
353.5532
354.1032
354.8711
353.3945
353.4192
353.4438
353.4685
353.4934
353.5183
353.5429
353.8896
354.5263
355.108
353.4189
353.443
353.467
353.4906
353.5136
353.535
353.8304
354.394
354.9356
355.4503
353.4424
353.4657
353.4885
353.5101
353.5301
353.8055
354.335
354.8516
355.352
355.8331
353.4652
353.4874
353.5085
353.5277
353.7955
354.3111
354.8166
355.3095
355.7878
356.0265
353.1636
353.1912
353.2198
353.1635
353.1909
353.2196
353.2507
353.1633
353.1902
353.2183
353.249
353.2845
353.163
353.1892
353.2162
353.2453
353.2799
353.3162
353.1626
353.1878
353.2134
353.2401
353.2708
353.3147
353.3401
353.1622
353.1864
353.2103
353.2336
353.2544
353.1618
353.185
353.2074
353.2278
353.243
353.1614
353.1839
353.205
353.2232
353.2353
353.183
353.2032
353.22
353.2305
353.2024
353.2185
353.2283
353.2186
353.2283
353.2307
356.5402
355.6844
355.9322
353.3946
353.4196
353.4447
353.4701
353.4961
353.5235
353.5537
354.1045
354.8753
355.4815
353.4193
353.444
353.4687
353.4935
353.5185
353.5432
353.8902
354.5277
355.112
355.6454
353.4432
353.4671
353.4907
353.5137
353.5352
353.8308
354.3947
354.9371
355.4541
355.9438
353.4659
353.4886
353.5103
353.5302
353.8058
354.3354
354.8523
355.3535
355.8369
356.0766
353.4876
353.5086
353.5278
353.7956
354.3114
354.817
355.3103
355.7894
356.0303
356.0463
353.1636
353.1913
353.2204
353.252
353.1635
353.191
353.2199
353.2516
353.2877
353.1633
353.1903
353.2185
353.2494
353.2855
353.3189
353.163
353.1892
353.2163
353.2455
353.2804
353.3175
353.3412
353.1626
353.1878
353.2135
353.2402
353.2711
353.3153
353.3416
353.3657
353.1622
353.1864
353.2104
353.2337
353.2545
353.1618
353.185
353.2074
353.2278
353.2431
353.1839
353.205
353.2232
353.2354
353.2033
353.2201
353.2306
353.2186
353.2283
353.2284
357.0759
356.5484
356.6868
355.6867
355.9387
356.2473
353.4198
353.4448
353.4702
353.4963
353.5237
353.554
354.1052
354.877
355.4864
356.0023
353.4441
353.4688
353.4936
353.5186
353.5434
353.8906
354.5285
355.1136
355.6499
356.1435
353.4673
353.4909
353.5138
353.5354
353.831
354.3952
354.9379
355.4557
355.9479
356.1888
353.4888
353.5104
353.5303
353.8059
354.3357
354.8528
355.3543
355.8385
356.0805
356.0964
353.5088
353.528
353.7958
354.3116
354.8174
355.3109
355.7903
356.0319
356.05
356.0659
353.1637
353.1914
353.2207
353.2528
353.2892
353.1635
353.1911
353.22
353.252
353.2888
353.3207
353.1633
353.1903
353.2185
353.2496
353.2861
353.3202
353.3426
353.163
353.1892
353.2163
353.2456
353.2806
353.3181
353.3427
353.3661
353.1626
353.1879
353.2135
353.2402
353.2712
353.3156
353.3423
353.3673
353.3908
353.1622
353.1864
353.2104
353.2337
353.2546
353.1851
353.2075
353.2279
353.2431
353.205
353.2232
353.2354
353.2201
353.2306
353.2284
357.3993
357.0858
357.1889
356.5515
356.6953
356.8857
355.688
355.9411
356.2541
356.5865
353.445
353.4703
353.4964
353.5238
353.5542
354.1056
354.8779
355.4883
356.0078
356.4703
353.469
353.4938
353.5188
353.5435
353.8908
354.529
355.1145
355.6516
356.1483
356.3867
353.4911
353.514
353.5355
353.8312
354.3955
354.9384
355.4566
355.9497
356.1931
356.2087
353.5106
353.5305
353.8061
354.3359
354.8532
355.3549
355.8394
356.0822
356.1003
356.1161
353.5282
353.796
354.3118
354.8177
355.3113
355.7909
356.0328
356.0516
356.0696
356.0854
353.1637
353.1915
353.2208
353.2532
353.2903
353.3217
353.1636
353.1911
353.2201
353.2522
353.2893
353.3221
353.3437
353.1633
353.1903
353.2186
353.2497
353.2863
353.3208
353.3441
353.3666
353.163
353.1892
353.2164
353.2457
353.2807
353.3184
353.3434
353.3677
353.3907
353.1626
353.1879
353.2135
353.2403
353.2713
353.3158
353.3426
353.368
353.3925
353.4157
353.1865
353.2104
353.2338
353.2547
353.2075
353.2279
353.2432
353.2233
353.2355
353.2307
357.5533
357.4104
357.4994
357.0894
357.199
357.3422
356.5533
356.6983
356.8944
357.122
355.6889
355.9425
356.2566
356.5935
356.9335
353.4705
353.4965
353.524
353.5544
354.1059
354.8785
355.4894
356.0099
356.4762
356.6972
353.494
353.5189
353.5437
353.891
354.5293
355.1151
355.6526
356.1502
356.3917
356.4064
353.5142
353.5357
353.8314
354.3957
354.9388
355.4572
355.9507
356.1949
356.213
356.2284
353.5307
353.8063
354.3362
354.8535
355.3553
355.8401
356.0832
356.102
356.12
356.1356
353.7962
354.3121
354.818
355.3116
355.7914
356.0335
356.0525
356.0712
356.0891
356.1048
353.1637
353.1915
353.2209
353.2534
353.2909
353.323
353.3442
353.1636
353.1911
353.2202
353.2523
353.2896
353.3227
353.3451
353.3671
353.1633
353.1903
353.2186
353.2497
353.2864
353.3211
353.3448
353.3682
353.3907
353.163
353.1892
353.2164
353.2457
353.2808
353.3186
353.3437
353.3684
353.3925
353.4153
353.1879
353.2136
353.2403
353.2713
353.3159
353.3428
353.3684
353.3933
353.4176
353.4407
353.2105
353.2338
353.2547
353.228
353.2432
353.2355
357.5533
357.5651
357.6486
357.4143
357.5106
357.6337
357.0916
357.2025
357.3523
357.53
356.5546
356.7002
356.8974
357.1307
357.3841
355.6896
355.9434
356.258
356.5961
356.9407
357.1146
353.4967
353.5241
353.5545
354.1062
354.879
355.4901
356.0111
356.4784
356.7032
356.7155
353.5191
353.5438
353.8912
354.5296
355.1155
355.6533
356.1513
356.3936
356.4114
356.4259
353.5359
353.8315
354.396
354.9391
355.4577
355.9513
356.1959
356.2148
356.2327
356.248
353.8065
354.3364
354.8538
355.3557
355.8406
356.0838
356.103
356.1217
356.1396
356.1551
354.3124
354.8183
355.312
355.7918
356.034
356.0532
356.0722
356.0907
356.1085
356.1222
353.1637
353.1915
353.221
353.2535
353.2911
353.3236
353.3457
353.3674
353.1636
353.1911
353.2202
353.2523
353.2897
353.323
353.3458
353.3687
353.3908
353.1633
353.1904
353.2187
353.2498
353.2865
353.3213
353.3451
353.369
353.3925
353.4148
353.1893
353.2164
353.2458
353.2809
353.3187
353.3439
353.3688
353.3933
353.4171
353.4398
353.2136
353.2404
353.2714
353.316
353.3429
353.3686
353.3937
353.4184
353.4427
353.466
353.2339
353.2548
353.2433
357.3993
357.5651
357.6486
357.5692
357.6605
357.7758
357.4168
357.5145
357.6449
357.7996
357.093
357.2046
357.3558
357.5401
357.7467
356.5556
356.7014
356.8992
357.1337
357.3929
357.53
355.6901
355.9441
356.259
356.5976
356.9433
357.1219
357.1294
353.5243
353.5546
354.1064
354.8793
355.4907
356.0119
356.4797
356.7054
356.7215
356.7337
353.544
353.8914
354.5299
355.1159
355.6539
356.1521
356.3948
356.4133
356.4308
356.4451
353.8318
354.3962
354.9395
355.4581
355.9519
356.1967
356.2158
356.2345
356.2523
356.2674
354.3367
354.8541
355.3561
355.841
356.0844
356.1036
356.1226
356.1412
356.159
356.1724
354.8187
355.3124
355.7922
356.0344
356.0537
356.0728
356.0917
356.1102
356.1259
356.1357
353.1637
353.1915
353.221
353.2536
353.2913
353.3239
353.3464
353.369
353.3909
353.1636
353.1912
353.2202
353.2524
353.2898
353.3231
353.3462
353.3695
353.3926
353.4145
353.1904
353.2187
353.2498
353.2866
353.3214
353.3453
353.3694
353.3933
353.4167
353.4389
353.2165
353.2458
353.2809
353.3188
353.344
353.369
353.3937
353.418
353.4418
353.4645
353.2404
353.2715
353.316
353.343
353.3688
353.3939
353.4189
353.4436
353.4681
353.492
353.2549
357.0759
357.4104
357.4994
357.5692
357.6605
357.7758
357.5717
357.6645
357.7877
357.9332
357.4183
357.5168
357.6487
357.8108
357.9942
357.0942
357.206
357.3578
357.5435
357.7567
357.8721
356.5563
356.7024
356.9004
357.1355
357.3959
357.5387
357.542
355.6907
355.9447
356.2598
356.5986
356.9449
357.1246
357.1367
357.1442
353.5548
354.1066
354.8797
355.4911
356.0125
356.4805
356.7068
356.7238
356.7397
356.7517
353.8917
354.5302
355.1163
355.6543
356.1527
356.3956
356.4145
356.4328
356.4501
356.4642
354.3966
354.9398
355.4585
355.9523
356.1972
356.2165
356.2356
356.2541
356.2717
356.2847
354.8545
355.3565
355.8414
356.0848
356.1042
356.1233
356.1422
356.1607
356.1764
356.1859
355.3128
355.7926
356.0349
356.0541
356.0733
356.0923
356.1111
356.1276
356.1394
356.147
353.1637
353.1916
353.221
353.2537
353.2913
353.3241
353.3467
353.3698
353.3926
353.4144
353.1912
353.2203
353.2524
353.2899
353.3233
353.3464
353.3699
353.3934
353.4164
353.4381
353.2188
353.2499
353.2867
353.3215
353.3454
353.3696
353.3937
353.4176
353.4409
353.4628
353.2459
353.281
353.3188
353.3441
353.3691
353.3939
353.4184
353.4427
353.4666
353.4893
353.2715
353.3161
353.3431
353.3689
353.3941
353.4191
353.444
353.469
353.4942
353.5194
356.5402
357.0858
357.1889
357.4143
357.5106
357.6337
357.5717
357.6645
357.7877
357.9332
357.5733
357.6669
357.7916
357.9449
358.1189
357.4196
357.5184
357.651
357.8145
358.0052
358.1092
357.0951
357.2072
357.3593
357.5456
357.7601
357.8821
357.8825
356.557
356.7031
356.9014
357.1367
357.3977
357.5417
357.5507
357.5542
355.6911
355.9453
356.2604
356.5994
356.9459
357.1262
357.1394
357.1515
357.159
354.1069
354.88
355.4916
356.0131
356.4813
356.7077
356.7251
356.742
356.7577
356.7695
354.5305
355.1166
355.6547
356.1532
356.3962
356.4153
356.434
356.4521
356.4693
356.4812
354.9402
355.4589
355.9528
356.1977
356.2171
356.2363
356.2551
356.2735
356.2891
356.2981
355.3569
355.8418
356.0853
356.1046
356.1238
356.1429
356.1617
356.1781
356.1899
356.1973
355.7931
356.0353
356.0546
356.0738
356.0929
356.1118
356.1285
356.1411
356.1508
356.1556
353.1916
353.2211
353.2537
353.2914
353.3242
353.3469
353.3701
353.3934
353.4162
353.4377
353.2203
353.2525
353.29
353.3233
353.3465
353.3701
353.3938
353.4173
353.4401
353.4614
353.2499
353.2867
353.3215
353.3455
353.3697
353.3939
353.418
353.4418
353.4649
353.4864
353.2811
353.3189
353.3442
353.3692
353.394
353.4187
353.4432
353.4675
353.4915
353.5143
353.3162
353.3432
353.369
353.3942
353.4193
353.4443
353.4695
353.4952
353.5217
353.5498
355.6782
356.5484
356.6868
357.0894
357.199
357.3422
357.4168
357.5145
357.6449
357.7996
357.5733
357.6669
357.7916
357.9449
358.1189
357.5747
357.6685
357.7939
357.9487
358.1304
358.2294
357.4206
357.5196
357.6525
357.8167
358.0089
358.1201
358.1188
357.0959
357.208
357.3604
357.547
357.7622
357.8855
357.8925
357.8931
356.5575
356.7038
356.9021
357.1377
357.399
357.5436
357.5538
357.5629
357.5664
355.6917
355.9457
356.261
356.6001
356.9468
357.1272
357.141
357.1542
357.1663
357.1738
354.8804
355.492
356.0136
356.4818
356.7084
356.726
356.7433
356.76
356.7755
356.7854
355.117
355.6551
356.1537
356.3968
356.4159
356.4348
356.4533
356.4712
356.4863
356.4944
355.4593
355.9532
356.1982
356.2176
356.2369
356.2559
356.2746
356.2909
356.3025
356.3094
355.8423
356.0857
356.1051
356.1243
356.1434
356.1623
356.1791
356.1916
356.2012
356.2058
356.0358
356.0551
356.0743
356.0933
356.1123
356.1292
356.142
356.1524
356.1593
356.1598
353.2211
353.2538
353.2915
353.3243
353.3471
353.3703
353.3938
353.4171
353.4397
353.4607
353.2526
353.29
353.3234
353.3466
353.3702
353.394
353.4177
353.441
353.4635
353.4841
353.2868
353.3216
353.3456
353.3698
353.3941
353.4183
353.4422
353.4658
353.4886
353.5094
353.319
353.3443
353.3693
353.3941
353.4188
353.4434
353.468
353.4924
353.5165
353.5391
353.3433
353.3691
353.3943
353.4194
353.4445
353.4698
353.4957
353.5227
353.5522
354.1
355.6844
355.9322
356.5515
356.6953
356.8857
357.0916
357.2025
357.3523
357.53
357.4183
357.5168
357.6487
357.8108
357.9942
357.5747
357.6685
357.7939
357.9487
358.1304
358.2294
357.5756
357.6699
357.7955
357.9511
358.1342
358.2408
358.2387
357.4215
357.5205
357.6538
357.8182
358.0111
358.1237
358.1296
358.1285
357.0965
357.2089
357.3612
357.5481
357.7636
357.8875
357.8959
357.9031
357.9039
356.5584
356.7044
356.9029
357.1385
357.4
357.5448
357.5556
357.5659
357.5751
357.5788
355.9464
356.2614
356.6007
356.9475
357.1281
357.142
357.1558
357.169
357.1811
357.1871
355.4925
356.014
356.4824
356.709
356.7268
356.7442
356.7613
356.7778
356.7914
356.7976
355.6556
356.1542
356.3973
356.4165
356.4354
356.4541
356.4724
356.4883
356.4994
356.5055
355.9537
356.1987
356.2181
356.2374
356.2564
356.2753
356.2919
356.3043
356.3138
356.318
356.0862
356.1056
356.1248
356.1439
356.1629
356.1797
356.1925
356.2029
356.2098
356.21
356.0555
356.0747
356.0938
356.1128
356.1297
356.1427
356.1534
356.161
356.1635
353.2538
353.2915
353.3244
353.3471
353.3705
353.394
353.4175
353.4406
353.4628
353.4829
353.2901
353.3235
353.3467
353.3703
353.3941
353.4179
353.4415
353.4645
353.4863
353.5058
353.3217
353.3457
353.3699
353.3942
353.4184
353.4425
353.4663
353.4895
353.5116
353.531
353.3444
353.3694
353.3942
353.4189
353.4436
353.4682
353.4929
353.5175
353.5414
353.8858
353.3692
353.3944
353.4195
353.4446
353.47
353.4959
353.5232
353.5532
354.1032
354.8711
355.6867
355.9387
356.2473
356.5533
356.6983
356.8944
357.122
357.093
357.2046
357.3558
357.5401
357.7467
357.4196
357.5184
357.651
357.8145
358.0052
358.1092
357.5756
357.6699
357.7955
357.9511
358.1342
358.2408
358.2387
357.5765
357.6708
357.7968
357.9526
358.1365
358.2446
358.2501
358.2481
357.4221
357.5214
357.6547
357.8195
358.0126
358.1259
358.1333
358.1394
358.1385
357.0975
357.2095
357.3621
357.549
357.7647
357.8889
357.8979
357.9064
357.9138
357.9148
356.7052
356.9034
357.1393
357.4008
357.5459
357.5569
357.5677
357.5782
357.5875
357.59
356.2622
356.6012
356.9482
357.1288
357.1429
357.1568
357.1705
357.1837
357.1944
357.1973
356.0146
356.4829
356.7096
356.7274
356.745
356.7622
356.7791
356.7937
356.8036
356.8079
356.1547
356.3978
356.417
356.436
356.4548
356.4732
356.4894
356.5014
356.5105
356.5138
356.1992
356.2186
356.2379
356.2569
356.2759
356.2926
356.3054
356.3156
356.3223
356.3222
356.106
356.1252
356.1444
356.1634
356.1803
356.1932
356.2039
356.2115
356.214
356.0752
356.0942
356.1132
356.1302
356.1432
356.154
356.1619
356.1652
353.2916
353.3244
353.3472
353.3706
353.3942
353.4178
353.4411
353.4637
353.4851
353.504
353.3236
353.3467
353.3704
353.3942
353.4181
353.4417
353.4649
353.4873
353.508
353.5258
353.3458
353.37
353.3943
353.4185
353.4427
353.4666
353.49
353.5126
353.5332
353.8262
353.3696
353.3944
353.4191
353.4437
353.4684
353.4932
353.518
353.5424
353.8885
354.5229
353.3946
353.4196
353.4447
353.4701
353.4961
353.5235
353.5537
354.1045
354.8753
355.4815
355.688
355.9411
356.2541
356.5865
356.5546
356.7002
356.8974
357.1307
357.3841
357.0942
357.206
357.3578
357.5435
357.7567
357.8721
357.4206
357.5196
357.6525
357.8167
358.0089
358.1201
358.1188
357.5765
357.6708
357.7968
357.9526
358.1365
358.2446
358.2501
358.2481
357.5771
357.6717
357.7977
357.9539
358.1381
358.2469
358.2538
358.2595
358.2577
357.4232
357.5221
357.6556
357.8204
358.0139
358.1274
358.1355
358.143
358.1493
358.1486
357.2105
357.3627
357.5498
357.7656
357.8901
357.8993
357.9085
357.9172
357.9247
357.9247
356.9043
357.1398
357.4016
357.5467
357.5579
357.569
357.58
357.5905
357.5987
357.5986
356.602
356.9487
357.1295
357.1436
357.1577
357.1716
357.1853
357.197
357.2046
357.2057
356.4836
356.7102
356.728
356.7456
356.763
356.7801
356.795
356.8059
356.8139
356.8155
356.3984
356.4175
356.4365
356.4553
356.4739
356.4902
356.5026
356.5125
356.5188
356.5179
356.2191
356.2383
356.2575
356.2764
356.2932
356.3061
356.3167
356.3241
356.3265
356.1257
356.1448
356.1638
356.1807
356.1938
356.2046
356.2125
356.2157
356.0947
356.1137
356.1306
356.1437
356.1545
356.1626
356.1661
353.3246
353.3473
353.3707
353.3943
353.4179
353.4413
353.4642
353.4861
353.5062
353.5233
353.3469
353.3705
353.3943
353.4182
353.4419
353.4652
353.4878
353.509
353.5281
353.8011
353.3701
353.3944
353.4186
353.4428
353.4667
353.4903
353.5131
353.5343
353.8288
354.3897
353.3945
353.4192
353.4438
353.4685
353.4934
353.5183
353.5429
353.8896
354.5263
355.108
353.4198
353.4448
353.4702
353.4963
353.5237
353.554
354.1052
354.877
355.4864
356.0023
355.6889
355.9425
356.2566
356.5935
356.9335
356.5556
356.7014
356.8992
357.1337
357.3929
357.53
357.0951
357.2072
357.3592
357.5456
357.7601
357.8821
357.8825
357.4215
357.5205
357.6537
357.8182
358.0111
358.1237
358.1296
358.1285
357.5771
357.6717
357.7977
357.9539
358.1381
358.2469
358.2538
358.2595
358.2577
357.5783
357.6724
357.7987
357.9549
358.1394
358.2485
358.2561
358.2632
358.269
358.2675
357.5232
357.6562
357.8213
358.0148
358.1287
358.137
358.1452
358.1529
358.1594
358.1579
357.3637
357.5505
357.7665
357.891
357.9005
357.9099
357.9192
357.9281
357.9346
357.9323
357.1407
357.4022
357.5475
357.5587
357.57
357.5813
357.5924
357.6017
357.6073
357.6056
356.9495
357.1301
357.1444
357.1584
357.1725
357.1864
357.1986
357.2072
357.213
357.2119
356.7108
356.7285
356.7462
356.7636
356.7808
356.7959
356.8073
356.8162
356.8215
356.8191
356.4181
356.437
356.4558
356.4744
356.4909
356.5034
356.5137
356.5208
356.5229
356.2389
356.2579
356.2769
356.2937
356.3067
356.3174
356.3252
356.3283
356.1453
356.1643
356.1812
356.1942
356.2051
356.2131
356.2166
356.1142
356.1311
356.1441
356.155
356.1631
356.1667
353.3474
353.3708
353.3944
353.418
353.4415
353.4644
353.4866
353.5072
353.5256
353.7909
353.3706
353.3944
353.4183
353.442
353.4654
353.488
353.5095
353.5291
353.8036
354.3302
353.3945
353.4188
353.4429
353.4669
353.4905
353.5134
353.5348
353.8299
354.3927
354.9322
353.4193
353.444
353.4687
353.4935
353.5185
353.5432
353.8902
354.5277
355.112
355.6454
353.445
353.4703
353.4964
353.5238
353.5542
354.1056
354.8779
355.4883
356.0078
356.4703
355.6896
355.9434
356.258
356.5961
356.9407
357.1146
356.5563
356.7024
356.9004
357.1355
357.3959
357.5387
357.542
357.0959
357.208
357.3604
357.547
357.7622
357.8855
357.8925
357.8931
357.4221
357.5214
357.6547
357.8195
358.0126
358.1259
358.1333
358.1394
358.1385
357.5783
357.6724
357.7987
357.9549
358.1394
358.2485
358.2561
358.2632
358.269
358.2675
357.6735
357.7993
357.9558
358.1403
358.2498
358.2577
358.2655
358.2728
358.2788
358.2765
357.6573
357.822
358.0157
358.1296
358.1383
358.1467
358.1551
358.1631
358.1687
358.1649
357.5515
357.7671
357.8919
357.9014
357.9111
357.9206
357.9301
357.938
357.9422
357.9385
357.4031
357.5481
357.5595
357.5709
357.5823
357.5936
357.6036
357.6103
357.6143
357.6105
357.1309
357.1449
357.1592
357.1732
357.1873
357.1997
357.2088
357.2157
357.2192
357.2142
356.7292
356.7467
356.7642
356.7814
356.7967
356.8082
356.8175
356.8238
356.8251
356.4376
356.4563
356.475
356.4914
356.5041
356.5145
356.522
356.5249
356.2585
356.2774
356.2942
356.3072
356.318
356.3259
356.3294
356.1648
356.1817
356.1947
356.2056
356.2137
356.2173
356.1316
356.1446
356.1555
356.1636
356.1673
353.3709
353.3945
353.4181
353.4416
353.4646
353.4868
353.5077
353.5266
353.7933
354.306
353.3946
353.4184
353.4421
353.4655
353.4882
353.5098
353.5296
353.8046
354.3331
354.847
353.4189
353.443
353.467
353.4906
353.5136
353.535
353.8304
354.394
354.9356
355.4503
353.4441
353.4688
353.4936
353.5186
353.5434
353.8906
354.5285
355.1136
355.6499
356.1435
353.4705
353.4965
353.524
353.5544
354.1059
354.8785
355.4894
356.0099
356.4762
356.6972
355.6901
355.9441
356.259
356.5976
356.9433
357.1219
357.1294
356.557
356.7031
356.9014
357.1367
357.3977
357.5417
357.5507
357.5542
357.0965
357.2089
357.3612
357.5481
357.7636
357.8875
357.8959
357.9031
357.9039
357.4232
357.5221
357.6556
357.8204
358.0139
358.1274
358.1355
358.143
358.1493
358.1486
357.6735
357.7993
357.9558
358.1403
358.2498
358.2577
358.2655
358.2728
358.2788
358.2765
357.8005
357.9565
358.1413
358.2508
358.259
358.2671
358.2751
358.2826
358.2878
358.2833
357.8231
358.0164
358.1306
358.1392
358.148
358.1567
358.1653
358.1723
358.1758
358.1706
357.7682
357.8925
357.9023
357.912
357.9218
357.9315
357.9401
357.9456
357.9484
357.9427
357.549
357.5601
357.5717
357.5831
357.5947
357.6048
357.6121
357.6173
357.6192
357.612
357.1457
357.1597
357.174
357.188
357.2006
357.2099
357.2173
357.2218
357.2215
356.7474
356.7648
356.7821
356.7973
356.809
356.8185
356.8252
356.8274
356.4569
356.4755
356.492
356.5046
356.5151
356.5228
356.526
356.2779
356.2947
356.3077
356.3185
356.3265
356.3301
356.1822
356.1952
356.2061
356.2141
356.2178
356.1451
356.1559
356.164
356.1677
353.3946
353.4183
353.4417
353.4647
353.487
353.508
353.5271
353.7944
354.3088
354.8114
353.4186
353.4423
353.4656
353.4883
353.51
353.5299
353.8052
354.3343
354.8502
355.3485
353.4432
353.4671
353.4907
353.5137
353.5352
353.8308
354.3947
354.9371
355.4541
355.9438
353.469
353.4938
353.5188
353.5435
353.8908
354.529
355.1145
355.6516
356.1483
356.3867
353.4967
353.5241
353.5545
354.1062
354.879
355.4901
356.0111
356.4784
356.7032
356.7155
355.6907
355.9447
356.2598
356.5986
356.9449
357.1246
357.1367
357.1442
356.5575
356.7038
356.9021
357.1377
357.399
357.5436
357.5538
357.5629
357.5664
357.0975
357.2095
357.3621
357.549
357.7647
357.8889
357.8979
357.9064
357.9138
357.9148
357.5232
357.6562
357.8213
358.0148
358.1287
358.137
358.1452
358.1529
358.1594
358.1579
357.8005
357.9565
358.1413
358.2508
358.259
358.2671
358.2751
358.2826
358.2878
358.2833
357.9576
358.142
358.2517
358.26
358.2684
358.2767
358.2849
358.2916
358.2946
358.2888
358.0175
358.1313
358.1402
358.149
358.1579
358.1668
358.1745
358.1794
358.1814
358.1745
357.8936
357.9029
357.9128
357.9227
357.9327
357.9415
357.9476
357.9517
357.9526
357.9436
357.5611
357.5723
357.5839
357.5955
357.6059
357.6134
357.6192
357.6222
357.6207
357.1605
357.1745
357.1887
357.2013
357.2108
357.2184
357.2234
357.2242
356.7654
356.7826
356.798
356.8096
356.8192
356.8261
356.8287
356.4761
356.4925
356.5052
356.5157
356.5234
356.5268
356.2953
356.3082
356.319
356.327
356.3307
356.1957
356.2065
356.2146
356.2183
356.1564
356.1645
356.1682
353.4184
353.4418
353.4649
353.4871
353.5082
353.5274
353.7949
354.31
354.8145
355.3047
353.4424
353.4657
353.4885
353.5101
353.5301
353.8055
354.335
354.8516
355.352
355.8331
353.4673
353.4909
353.5138
353.5354
353.831
354.3952
354.9379
355.4557
355.9479
356.1888
353.494
353.5189
353.5437
353.891
354.5293
355.1151
355.6526
356.1502
356.3917
356.4064
353.5243
353.5546
354.1064
354.8793
355.4907
356.0119
356.4797
356.7054
356.7215
356.7337
355.6911
355.9453
356.2604
356.5994
356.9459
357.1262
357.1394
357.1515
357.159
356.5584
356.7044
356.9029
357.1385
357.4
357.5448
357.5556
357.5659
357.5751
357.5788
357.2105
357.3627
357.5498
357.7656
357.8901
357.8993
357.9085
357.9172
357.9247
357.9247
357.6573
357.822
358.0157
358.1296
358.1383
358.1467
358.1551
358.1631
358.1687
358.1649
357.9576
358.142
358.2517
358.26
358.2684
358.2767
358.2849
358.2916
358.2946
358.2888
358.1431
358.2524
358.2609
358.2694
358.278
358.2865
358.2938
358.2984
358.3001
358.2925
358.1324
358.1409
358.1499
358.1589
358.1681
358.1761
358.1816
358.1851
358.1853
358.1751
357.904
357.9135
357.9236
357.9336
357.9426
357.9491
357.9538
357.9559
357.9535
357.5732
357.5845
357.5963
357.6067
357.6144
357.6204
357.6241
357.6237
357.1753
357.1893
357.202
357.2115
357.2193
357.2245
357.2257
356.7833
356.7985
356.8102
356.8198
356.8268
356.8296
356.4931
356.5057
356.5162
356.524
356.5275
356.3087
356.3195
356.3275
356.3312
356.207
356.2151
356.2188
356.1649
356.1686
353.442
353.465
353.4873
353.5083
353.5275
353.7952
354.3107
354.8158
355.308
355.7842
353.4659
353.4886
353.5103
353.5302
353.8058
354.3354
354.8523
355.3535
355.8369
356.0766
353.4911
353.514
353.5355
353.8312
354.3955
354.9384
355.4566
355.9497
356.1931
356.2087
353.5191
353.5438
353.8912
354.5296
355.1155
355.6533
356.1513
356.3936
356.4114
356.4259
353.5548
354.1066
354.8797
355.4911
356.0125
356.4805
356.7068
356.7238
356.7397
356.7517
355.6917
355.9457
356.261
356.6001
356.9468
357.1272
357.141
357.1542
357.1663
357.1738
356.7052
356.9034
357.1393
357.4008
357.5459
357.5569
357.5677
357.5782
357.5875
357.59
357.3637
357.5505
357.7665
357.891
357.9005
357.9099
357.9192
357.9281
357.9346
357.9323
357.8231
358.0164
358.1306
358.1392
358.148
358.1567
358.1653
358.1723
358.1758
358.1706
358.1431
358.2524
358.2609
358.2694
358.278
358.2865
358.2938
358.2984
358.3001
358.2925
358.2536
358.2617
358.2704
358.279
358.2878
358.2954
358.3006
358.3039
358.3038
358.293
358.142
358.1506
358.1598
358.169
358.1773
358.1831
358.1873
358.1889
358.1859
357.9145
357.9243
357.9345
357.9435
357.9502
357.9552
357.958
357.9569
357.5855
357.5969
357.6075
357.6153
357.6215
357.6253
357.6255
357.1901
357.2026
357.2122
357.22
357.2254
357.2268
356.7992
356.8107
356.8205
356.8275
356.8304
356.5063
356.5167
356.5245
356.528
356.32
356.328
356.3317
356.2156
356.2192
356.1691
353.4652
353.4874
353.5085
353.5277
353.7955
354.3111
354.8166
355.3095
355.7878
356.0265
353.4888
353.5104
353.5303
353.8059
354.3357
354.8528
355.3543
355.8385
356.0805
356.0964
353.5142
353.5357
353.8314
354.3957
354.9388
355.4572
355.9506
356.1949
356.213
356.2284
353.544
353.8914
354.5299
355.1159
355.6539
356.1521
356.3948
356.4133
356.4308
356.4451
354.1069
354.88
355.4916
356.0131
356.4813
356.7077
356.7251
356.742
356.7577
356.7695
355.9464
356.2614
356.6007
356.9475
357.1281
357.142
357.1558
357.169
357.1811
357.1871
356.9043
357.1398
357.4016
357.5467
357.5579
357.569
357.58
357.5905
357.5987
357.5986
357.5515
357.7671
357.8919
357.9014
357.9111
357.9206
357.9301
357.938
357.9422
357.9385
358.0175
358.1313
358.1402
358.149
358.1579
358.1668
358.1745
358.1794
358.1814
358.1745
358.2536
358.2617
358.2704
358.279
358.2878
358.2954
358.3006
358.3039
358.3038
358.293
358.2628
358.2711
358.28
358.2888
358.2967
358.3022
358.3061
358.3075
358.3043
358.1517
358.1605
358.17
358.1783
358.1844
358.1888
358.1911
358.1895
357.9253
357.9352
357.9444
357.9511
357.9564
357.9594
357.9589
357.5978
357.6081
357.6161
357.6223
357.6264
357.6268
357.2034
357.2128
357.2207
357.2261
357.2277
356.8114
356.821
356.8281
356.831
356.5173
356.525
356.5286
356.3285
356.3321
356.2197
353.4876
353.5086
353.5278
353.7956
354.3114
354.817
355.3103
355.7894
356.0303
356.0463
353.5106
353.5305
353.8061
354.3359
354.8532
355.3549
355.8394
356.0822
356.1003
356.1161
353.5359
353.8315
354.396
354.9391
355.4577
355.9513
356.1959
356.2148
356.2327
356.248
353.8917
354.5302
355.1163
355.6543
356.1527
356.3956
356.4145
356.4328
356.4501
356.4642
354.8804
355.492
356.0136
356.4818
356.7084
356.726
356.7433
356.76
356.7755
356.7854
356.2622
356.6012
356.9482
357.1288
357.1429
357.1568
357.1705
357.1837
357.1944
357.1973
357.1407
357.4022
357.5475
357.5587
357.57
357.5813
357.5924
357.6017
357.6073
357.6056
357.7682
357.8925
357.9023
357.912
357.9218
357.9315
357.94
357.9456
357.9484
357.9427
358.1324
358.1409
358.1499
358.1589
358.1681
358.1761
358.1816
358.1851
358.1853
358.1751
358.2628
358.2711
358.28
358.2888
358.2967
358.3022
358.3061
358.3075
358.3043
358.2722
358.2807
358.2897
358.2977
358.3036
358.3077
358.3098
358.3081
358.1617
358.1707
358.1792
358.1853
358.1901
358.1926
358.1917
357.9362
357.9451
357.952
357.9573
357.9606
357.9603
357.6091
357.6167
357.6231
357.6272
357.6278
357.2136
357.2213
357.2268
357.2284
356.8217
356.8286
356.8316
356.5256
356.5291
356.3327
353.5088
353.528
353.7958
354.3116
354.8174
355.3109
355.7903
356.0319
356.05
356.0659
353.5307
353.8063
354.3362
354.8535
355.3553
355.84
356.0832
356.102
356.12
356.1356
353.8318
354.3962
354.9395
355.4581
355.9519
356.1967
356.2158
356.2345
356.2523
356.2674
354.5305
355.1166
355.6547
356.1532
356.3962
356.4153
356.434
356.4521
356.4693
356.4812
355.4925
356.014
356.4824
356.709
356.7268
356.7442
356.7613
356.7778
356.7914
356.7976
356.602
356.9487
357.1295
357.1436
357.1577
357.1716
357.1853
357.197
357.2046
357.2057
357.4031
357.5481
357.5595
357.5709
357.5823
357.5936
357.6036
357.6103
357.6143
357.6105
357.8936
357.9029
357.9128
357.9227
357.9327
357.9415
357.9476
357.9517
357.9526
357.9436
358.142
358.1506
358.1598
358.169
358.1773
358.1831
358.1873
358.1889
358.1859
358.2722
358.2807
358.2897
358.2977
358.3036
358.3077
358.3098
358.3081
358.2818
358.2905
358.2987
358.3045
358.309
358.3114
358.3103
358.1718
358.1799
358.1863
358.191
358.1939
358.1933
357.9461
357.9527
357.9582
357.9615
357.9615
357.6176
357.6237
357.628
357.6286
357.2221
357.2274
357.2291
356.8293
356.8321
356.5297
353.5282
353.796
354.3118
354.8177
355.3113
355.7909
356.0328
356.0516
356.0696
356.0854
353.8065
354.3364
354.8538
355.3557
355.8406
356.0838
356.103
356.1217
356.1395
356.1551
354.3966
354.9398
355.4585
355.9523
356.1972
356.2165
356.2356
356.2541
356.2717
356.2847
355.117
355.6551
356.1537
356.3968
356.4159
356.4348
356.4533
356.4712
356.4863
356.4944
356.0146
356.4829
356.7096
356.7274
356.745
356.7622
356.7791
356.7937
356.8036
356.8079
356.9495
357.1301
357.1444
357.1584
357.1725
357.1864
357.1986
357.2072
357.213
357.2119
357.549
357.5601
357.5717
357.5831
357.5947
357.6048
357.6121
357.6173
357.6192
357.612
357.904
357.9135
357.9236
357.9336
357.9426
357.9491
357.9538
357.9559
357.9535
358.1517
358.1605
358.17
358.1783
358.1844
358.1888
358.1911
358.1895
358.2818
358.2905
358.2987
358.3045
358.309
358.3114
358.3103
358.2916
358.2994
358.3055
358.31
358.3127
358.3119
358.181
358.187
358.192
358.1948
358.1945
357.9537
357.9588
357.9623
357.9624
357.6246
357.6286
357.6294
357.2282
357.2297
356.8328
353.7962
354.3121
354.818
355.3116
355.7914
356.0335
356.0525
356.0712
356.0891
356.1048
354.3367
354.8541
355.3561
355.841
356.0844
356.1036
356.1226
356.1412
356.159
356.1724
354.9402
355.4589
355.9528
356.1977
356.2171
356.2363
356.2551
356.2735
356.289
356.2981
355.6557
356.1542
356.3973
356.4165
356.4354
356.4541
356.4724
356.4883
356.4994
356.5055
356.4836
356.7102
356.728
356.7456
356.763
356.7801
356.795
356.8059
356.8139
356.8155
357.1309
357.1449
357.1592
357.1732
357.1873
357.1997
357.2088
357.2157
357.2192
357.2142
357.5611
357.5723
357.5839
357.5955
357.6059
357.6134
357.6192
357.6222
357.6207
357.9145
357.9243
357.9345
357.9435
357.9502
357.9552
357.958
357.9569
358.1617
358.1707
358.1792
358.1853
358.1901
358.1926
358.1917
358.2916
358.2994
358.3055
358.31
358.3127
358.3119
358.3006
358.3062
358.311
358.3137
358.3132
358.1881
358.1927
358.1958
358.1955
357.9599
357.963
357.9632
357.6295
357.63
357.2305
354.3124
354.8183
355.312
355.7918
356.034
356.0532
356.0722
356.0907
356.1085
356.1222
354.8545
355.3565
355.8414
356.0848
356.1042
356.1233
356.1422
356.1607
356.1764
356.1859
355.4593
355.9532
356.1982
356.2176
356.2369
356.2559
356.2746
356.2909
356.3025
356.3094
356.1547
356.3978
356.417
356.436
356.4547
356.4732
356.4894
356.5014
356.5105
356.5138
356.7108
356.7285
356.7462
356.7636
356.7808
356.7959
356.8073
356.8162
356.8215
356.8191
357.1457
357.1597
357.174
357.188
357.2006
357.2099
357.2173
357.2218
357.2215
357.5732
357.5845
357.5963
357.6067
357.6144
357.6204
357.6241
357.6237
357.9253
357.9352
357.9444
357.9511
357.9564
357.9594
357.9589
358.1718
358.1799
358.1863
358.191
358.1939
358.1933
358.3006
358.3062
358.311
358.3137
358.3132
358.3074
358.3117
358.3146
358.3142
358.1938
358.1965
358.1964
357.964
357.9639
357.631
354.8187
355.3124
355.7922
356.0344
356.0537
356.0728
356.0917
356.1102
356.1259
356.1357
355.3569
355.8418
356.0853
356.1046
356.1238
356.1429
356.1617
356.1781
356.1899
356.1973
355.9537
356.1987
356.2181
356.2374
356.2564
356.2753
356.2919
356.3043
356.3138
356.318
356.3984
356.4175
356.4365
356.4553
356.4739
356.4902
356.5026
356.5125
356.5188
356.5179
356.7292
356.7467
356.7642
356.7814
356.7967
356.8082
356.8175
356.8238
356.8251
357.1605
357.1745
357.1887
357.2013
357.2108
357.2184
357.2234
357.2242
357.5855
357.5969
357.6075
357.6153
357.6215
357.6253
357.6255
357.9362
357.9451
357.952
357.9573
357.9606
357.9603
358.181
358.187
358.192
358.1948
358.1945
358.3074
358.3117
358.3146
358.3142
358.3129
358.3154
358.3152
358.1976
358.1971
357.9649
355.3128
355.7926
356.0349
356.0541
356.0733
356.0923
356.1111
356.1276
356.1394
356.147
355.8423
356.0857
356.1051
356.1243
356.1434
356.1623
356.1791
356.1916
356.2012
356.2058
356.1992
356.2186
356.2379
356.2569
356.2759
356.2926
356.3053
356.3156
356.3223
356.3222
356.4181
356.437
356.4558
356.4744
356.4909
356.5034
356.5137
356.5208
356.5229
356.7474
356.7648
356.7821
356.7973
356.809
356.8185
356.8252
356.8274
357.1753
357.1893
357.202
357.2115
357.2193
357.2245
357.2257
357.5978
357.6081
357.6161
357.6223
357.6264
357.6268
357.9461
357.9527
357.9582
357.9615
357.9615
358.1881
358.1927
358.1958
358.1955
358.3129
358.3154
358.3152
358.3165
358.3159
358.1982
355.7931
356.0353
356.0546
356.0738
356.0929
356.1118
356.1285
356.1411
356.1508
356.1556
356.0862
356.1056
356.1248
356.1439
356.1629
356.1797
356.1925
356.2029
356.2098
356.21
356.2191
356.2383
356.2575
356.2764
356.2932
356.3061
356.3167
356.3241
356.3265
356.4376
356.4563
356.475
356.4914
356.5041
356.5145
356.522
356.5249
356.7654
356.7826
356.7979
356.8096
356.8192
356.8261
356.8287
357.1901
357.2026
357.2122
357.22
357.2254
357.2268
357.6091
357.6167
357.6231
357.6272
357.6278
357.9537
357.9588
357.9623
357.9624
358.1938
358.1965
358.1964
358.3165
358.3159
358.317
356.0358
356.0551
356.0743
356.0933
356.1123
356.1292
356.142
356.1524
356.1593
356.1598
356.106
356.1252
356.1444
356.1634
356.1803
356.1932
356.2039
356.2115
356.214
356.2389
356.2579
356.2769
356.2937
356.3067
356.3174
356.3252
356.3283
356.4569
356.4755
356.492
356.5046
356.5151
356.5228
356.526
356.7833
356.7985
356.8102
356.8198
356.8268
356.8296
357.2034
357.2128
357.2207
357.2261
357.2277
357.6176
357.6237
357.628
357.6286
357.9599
357.963
357.9632
358.1976
358.1971
358.317
356.0555
356.0747
356.0938
356.1128
356.1297
356.1427
356.1534
356.161
356.1635
356.1257
356.1448
356.1638
356.1807
356.1938
356.2046
356.2125
356.2157
356.2585
356.2774
356.2942
356.3072
356.318
356.3259
356.3294
356.4761
356.4925
356.5052
356.5157
356.5234
356.5268
356.7992
356.8107
356.8205
356.8275
356.8304
357.2136
357.2213
357.2268
357.2284
357.6246
357.6286
357.6294
357.964
357.9639
358.1982
356.0752
356.0942
356.1132
356.1302
356.1432
356.154
356.1619
356.1652
356.1453
356.1643
356.1812
356.1942
356.2051
356.2131
356.2166
356.2779
356.2947
356.3077
356.3185
356.3265
356.3301
356.4931
356.5057
356.5162
356.524
356.5275
356.8114
356.821
356.8281
356.831
357.2221
357.2274
357.2291
357.6295
357.63
357.9649
356.0947
356.1137
356.1306
356.1436
356.1545
356.1626
356.1661
356.1648
356.1817
356.1947
356.2056
356.2137
356.2173
356.2953
356.3082
356.319
356.327
356.3307
356.5063
356.5167
356.5245
356.528
356.8217
356.8286
356.8316
357.2282
357.2297
357.631
356.1142
356.1311
356.1441
356.155
356.1631
356.1667
356.1822
356.1952
356.2061
356.2141
356.2178
356.3087
356.3195
356.3275
356.3311
356.5173
356.525
356.5286
356.8293
356.8321
357.2305
356.1316
356.1446
356.1555
356.1636
356.1673
356.1957
356.2065
356.2146
356.2183
356.32
356.328
356.3317
356.5256
356.5291
356.8328
356.1451
356.1559
356.164
356.1677
356.207
356.2151
356.2188
356.3285
356.3321
356.5297
356.1564
356.1645
356.1682
356.2156
356.2192
356.3327
356.1649
356.1686
356.2197
356.1691
)
;

boundaryField
{
    interconnect0
    {
        type            zeroGradient;
    }
    interconnectSides
    {
        type            zeroGradient;
    }
    cathodeSides
    {
        type            zeroGradient;
    }
    phiEC_to_phiE0
    {
        type            zeroGradient;
    }
    procBoundary1to0
    {
        type            processor;
        value           nonuniform List<scalar> 
500
(
353.1632
353.1631
353.1902
353.1629
353.1898
353.2188
353.1626
353.189
353.218
353.2504
353.1622
353.1879
353.2164
353.2492
353.287
353.1618
353.1866
353.2142
353.2466
353.2856
353.319
353.1614
353.1852
353.2114
353.2427
353.2823
353.318
353.3412
353.161
353.1838
353.2084
353.2373
353.2767
353.3162
353.3406
353.364
353.1608
353.1827
353.2054
353.2309
353.2674
353.3135
353.3395
353.3637
353.3871
353.1606
353.1818
353.203
353.2251
353.2511
353.3107
353.3381
353.3631
353.387
353.4103
353.1606
353.1814
353.2013
353.2205
353.2398
353.3369
353.3624
353.3869
353.4104
353.4334
353.1608
353.1814
353.2004
353.2174
353.2321
353.3619
353.3866
353.4106
353.4337
353.4561
353.161
353.1818
353.2004
353.2159
353.2274
353.3865
353.4108
353.4343
353.4567
353.4781
353.1614
353.1827
353.2013
353.2159
353.2251
353.4109
353.435
353.4579
353.4792
353.499
353.1618
353.1838
353.203
353.2174
353.2251
353.4355
353.4593
353.4813
353.5007
353.5182
353.1622
353.1852
353.2054
353.2205
353.2274
353.4605
353.4839
353.5041
353.5206
353.785
353.1626
353.1866
353.2084
353.2251
353.2321
353.4862
353.5087
353.5255
353.7949
354.2987
353.1629
353.1879
353.2114
353.2309
353.2398
353.5135
353.5333
353.8193
354.3222
354.8027
353.1631
353.189
353.2142
353.2373
353.2511
353.5437
353.8771
354.3799
354.8372
355.2948
353.1632
353.1898
353.2164
353.2427
353.2674
354.0858
354.5094
354.92
355.3373
355.7734
353.1902
353.218
353.2466
353.2767
353.3107
355.6251
354.8481
355.0908
355.4362
355.8208
356.0154
353.2188
353.2492
353.2823
353.3135
353.3369
356.449
355.8804
355.4537
355.6256
355.9283
356.064
356.0351
353.2504
353.2856
353.3162
353.3381
353.3619
356.9507
356.6041
356.1971
355.9721
356.1221
356.1729
356.0837
356.0546
353.287
353.318
353.3395
353.3624
353.3865
357.2485
357.0781
356.8105
356.5384
356.4392
356.3649
356.1927
356.1034
356.0741
353.319
353.3406
353.3631
353.3866
353.4109
357.3888
357.3674
357.2439
357.0536
356.8878
356.6661
356.3846
356.2124
356.1229
356.0935
353.3412
353.3637
353.3869
353.4108
353.4355
357.3888
357.5052
357.5179
357.4427
357.322
357.0704
356.6844
356.404
356.2319
356.1423
356.1109
353.364
353.387
353.4106
353.435
353.4605
357.2485
357.5052
357.6506
357.698
357.6692
357.471
357.0853
356.7026
356.4233
356.2513
356.1597
356.1244
353.3871
353.4104
353.4343
353.4593
353.4862
356.9507
357.3674
357.6506
357.8238
357.905
357.7992
357.4832
357.1002
356.7206
356.4424
356.2686
356.1731
356.1357
353.4103
353.4337
353.4579
353.4839
353.5135
356.449
357.0781
357.5179
357.8238
358.0233
358.0257
357.81
357.4956
357.1151
356.7385
356.4593
356.282
356.1845
356.1443
353.4334
353.4567
353.4813
353.5087
353.5437
355.6251
356.6041
357.2439
357.698
358.0233
358.1402
358.0357
357.821
357.5081
357.13
356.7543
356.4725
356.2933
356.193
356.1485
353.4561
353.4792
353.5041
353.5333
354.0858
355.8804
356.8105
357.4427
357.905
358.1402
358.15
358.0459
357.8321
357.5207
357.1434
356.7666
356.4836
356.3019
356.1972
353.4781
353.5007
353.5255
353.8771
354.8481
356.1971
357.0536
357.6692
358.0257
358.15
358.1599
358.0563
357.8433
357.5321
357.1537
356.7769
356.4919
356.3061
353.499
353.5206
353.8193
354.5094
355.4537
356.5384
357.322
357.7992
358.0357
358.1599
358.17
358.0669
357.8536
357.5409
357.1622
356.7846
356.496
353.5182
353.7949
354.3799
355.0908
355.9721
356.8878
357.471
357.81
358.0459
358.17
358.1802
358.0765
357.8614
357.5481
357.1684
356.7881
353.785
354.3222
354.92
355.6256
356.4392
357.0704
357.4832
357.821
358.0563
358.1802
358.1896
358.0839
357.8678
357.5532
357.1709
354.2987
354.8372
355.4362
356.1221
356.6661
357.0853
357.4956
357.8321
358.0669
358.1896
358.1968
358.0899
357.8723
357.5548
354.8027
355.3373
355.9283
356.3649
356.6844
357.1002
357.5081
357.8433
358.0765
358.1968
358.2026
358.094
357.8734
355.2948
355.8208
356.1729
356.3846
356.7026
357.1151
357.5207
357.8536
358.0839
358.2026
358.2066
358.095
355.7734
356.064
356.1927
356.404
356.7206
357.13
357.5321
357.8614
358.0899
358.2066
358.2075
356.0154
356.0837
356.2124
356.4233
356.7385
357.1434
357.5409
357.8678
358.094
358.2075
356.0351
356.1034
356.2319
356.4424
356.7543
357.1537
357.5481
357.8723
358.095
356.0546
356.1229
356.2513
356.4593
356.7666
357.1622
357.5532
357.8734
356.0741
356.1423
356.2686
356.4725
356.7769
357.1684
357.5548
356.0935
356.1597
356.282
356.4836
356.7846
357.1709
356.1109
356.1731
356.2933
356.4919
356.7881
356.1244
356.1845
356.3019
356.496
356.1357
356.193
356.3061
356.1443
356.1972
356.1485
)
;
    }
    procBoundary1to2
    {
        type            processor;
        value           nonuniform List<scalar> 
500
(
353.1637
353.1636
353.1916
353.1634
353.1912
353.2212
353.163
353.1904
353.2204
353.2539
353.1626
353.1893
353.2188
353.2527
353.2918
353.1622
353.188
353.2165
353.2501
353.2903
353.3247
353.1618
353.1865
353.2137
353.246
353.287
353.3238
353.3476
353.1614
353.1851
353.2106
353.2405
353.2813
353.3219
353.3471
353.3711
353.1612
353.1839
353.2076
353.234
353.2717
353.3192
353.346
353.3708
353.3949
353.1611
353.1831
353.2051
353.2281
353.255
353.3164
353.3446
353.3704
353.3948
353.4187
353.1611
353.1826
353.2034
353.2234
353.2435
353.3435
353.3698
353.3948
353.4188
353.4423
353.1612
353.1826
353.2025
353.2202
353.2357
353.3695
353.3948
353.4192
353.4427
353.4654
353.1614
353.1831
353.2025
353.2187
353.2308
353.3949
353.4196
353.4435
353.4662
353.4879
353.1618
353.1839
353.2034
353.2187
353.2285
353.4201
353.4444
353.4676
353.4891
353.5091
353.1622
353.1851
353.2051
353.2202
353.2285
353.4453
353.4693
353.4913
353.5109
353.5285
353.1626
353.1865
353.2076
353.2234
353.2308
353.4709
353.4943
353.5145
353.531
353.7965
353.163
353.188
353.2106
353.2281
353.2357
353.497
353.5194
353.5362
353.8069
354.3128
353.1634
353.1893
353.2137
353.234
353.2435
353.5246
353.5443
353.8322
354.3371
354.8191
353.1636
353.1904
353.2165
353.2405
353.255
353.5552
353.8921
354.397
354.855
355.3133
353.1637
353.1912
353.2188
353.246
353.2717
354.1075
354.5311
354.9408
355.3575
355.7937
353.1916
353.2204
353.2501
353.2813
353.3164
355.6935
354.8813
355.1178
355.46
355.843
356.0364
353.2212
353.2527
353.287
353.3192
353.3435
356.5614
355.9482
355.4936
355.6565
355.9545
356.0869
356.0562
353.2539
353.2903
353.3219
353.3446
353.3695
357.1015
356.708
356.2639
356.0158
356.1557
356.2
356.1067
356.0758
353.2918
353.3238
353.346
353.3698
353.3949
357.4279
357.2141
356.9068
356.6037
356.4848
356.3994
356.2199
356.1264
356.0954
353.3247
353.3471
353.3704
353.3948
353.4201
357.5833
357.5273
357.3669
357.1431
356.9512
356.7121
356.4191
356.2397
356.146
356.1148
353.3476
353.3708
353.3948
353.4196
353.4453
357.5833
357.6779
357.661
357.5544
357.4053
357.1326
356.7305
356.4386
356.2593
356.1655
356.1322
353.3711
353.3948
353.4192
353.4444
353.4709
357.4279
357.6779
357.8044
357.8263
357.7708
357.5511
357.1474
356.7487
356.4579
356.2787
356.1829
356.1457
353.3949
353.4188
353.4435
353.4693
353.497
357.1015
357.5273
357.8044
357.9611
358.0205
357.8961
357.5632
357.1622
356.7667
356.477
356.296
356.1964
356.157
353.4187
353.4427
353.4676
353.4943
353.5246
356.5614
357.2141
357.661
357.9611
358.1463
358.1352
357.9065
357.5753
357.177
356.7846
356.4941
356.3095
356.2077
356.1656
353.4423
353.4662
353.4913
353.5194
353.5552
355.6935
356.708
357.3669
357.8263
358.1463
358.2565
358.1447
357.917
357.5876
357.1918
356.8004
356.5073
356.3208
356.2163
356.1697
353.4654
353.4891
353.5145
353.5443
354.1075
355.9482
356.9068
357.5544
358.0205
358.2565
358.2657
358.1545
357.9278
357.5999
357.2051
356.8127
356.5183
356.3293
356.2204
353.4879
353.5109
353.5362
353.8921
354.8813
356.2639
357.1431
357.7708
358.1352
358.2657
358.2751
358.1644
357.9387
357.6111
357.2153
356.8229
356.5266
356.3334
353.5091
353.531
353.8322
354.5311
355.4936
356.6037
357.4053
357.8961
358.1447
358.2751
358.2847
358.1745
357.9486
357.6197
357.2237
356.8306
356.5306
353.5285
353.8069
354.397
355.1178
356.0158
356.9512
357.5511
357.9065
358.1545
358.2847
358.2945
358.1838
357.9562
357.6267
357.2298
356.8341
353.7965
354.3371
354.9408
355.6565
356.4848
357.1326
357.5632
357.917
358.1644
358.2945
358.3035
358.1908
357.9623
357.6316
357.2321
354.3128
354.855
355.46
356.1557
356.7121
357.1474
357.5753
357.9278
358.1745
358.3035
358.3103
358.1965
357.9665
357.633
354.8191
355.3575
355.9545
356.3994
356.7305
357.1622
357.5876
357.9387
358.1838
358.3103
358.3157
358.2003
357.9674
355.3133
355.843
356.2
356.4191
356.7487
357.177
357.5999
357.9486
358.1908
358.3157
358.3194
358.2009
355.7937
356.0869
356.2199
356.4386
356.7667
357.1918
357.6111
357.9562
358.1965
358.3194
358.3199
356.0364
356.1067
356.2397
356.4579
356.7846
357.2051
357.6197
357.9623
358.2003
358.3199
356.0562
356.1264
356.2593
356.4771
356.8004
357.2153
357.6267
357.9665
358.2009
356.0758
356.146
356.2787
356.4941
356.8127
357.2237
357.6316
357.9674
356.0954
356.1655
356.296
356.5073
356.8229
357.2298
357.633
356.1148
356.1829
356.3095
356.5183
356.8306
357.2321
356.1322
356.1964
356.3208
356.5266
356.8341
356.1457
356.2077
356.3293
356.5306
356.1571
356.2163
356.3334
356.1656
356.2204
356.1697
)
;
    }
}
)

// processor2

53990
(dimensions      [0 0 0 1 0 0 0];

internalField   nonuniform List<scalar> 
5000
(
353.1637
353.1636
353.1637
353.1916
353.1634
353.1636
353.1912
353.1637
353.1917
353.2212
353.163
353.1634
353.1904
353.1636
353.1913
353.2204
353.1637
353.1917
353.2212
353.2539
353.1626
353.163
353.1893
353.1634
353.1905
353.2188
353.1636
353.1913
353.2204
353.2527
353.1637
353.1917
353.2213
353.254
353.2918
353.1622
353.1626
353.188
353.163
353.1893
353.2165
353.1634
353.1905
353.2189
353.2501
353.1636
353.1913
353.2205
353.2527
353.2903
353.1637
353.1917
353.2213
353.254
353.2919
353.3247
353.1618
353.1622
353.1865
353.1626
353.188
353.2137
353.163
353.1894
353.2166
353.246
353.1634
353.1905
353.2189
353.2501
353.287
353.1636
353.1913
353.2205
353.2528
353.2903
353.3238
353.1637
353.1917
353.2213
353.2541
353.2919
353.3248
353.3476
353.1614
353.1618
353.1851
353.1622
353.1865
353.2106
353.1626
353.188
353.2137
353.2405
353.163
353.1894
353.2166
353.2461
353.2813
353.1634
353.1905
353.2189
353.2501
353.287
353.3219
353.1636
353.1913
353.2205
353.2528
353.2904
353.3239
353.3471
353.1637
353.1917
353.2213
353.2541
353.2919
353.3249
353.3477
353.3711
353.1612
353.1614
353.1839
353.1618
353.1851
353.2076
353.1622
353.1865
353.2106
353.234
353.1626
353.188
353.2138
353.2406
353.2717
353.163
353.1894
353.2166
353.2461
353.2813
353.3192
353.1634
353.1905
353.2189
353.2502
353.2871
353.322
353.346
353.1636
353.1913
353.2205
353.2528
353.2904
353.3239
353.3472
353.3708
353.1637
353.1917
353.2213
353.2541
353.292
353.3249
353.3478
353.3712
353.3949
353.1611
353.1612
353.1831
353.1615
353.184
353.2051
353.1618
353.1852
353.2076
353.2281
353.1622
353.1866
353.2106
353.2341
353.255
353.1626
353.188
353.2138
353.2406
353.2718
353.3164
353.163
353.1894
353.2166
353.2461
353.2814
353.3193
353.3446
353.1634
353.1905
353.2189
353.2502
353.2871
353.3221
353.3461
353.3704
353.1636
353.1913
353.2205
353.2528
353.2905
353.324
353.3472
353.371
353.3948
353.1637
353.1917
353.2213
353.2541
353.292
353.325
353.3479
353.3713
353.395
353.4187
353.1611
353.1611
353.1826
353.1612
353.1831
353.2034
353.1615
353.184
353.2052
353.2234
353.1618
353.1852
353.2077
353.2281
353.2435
353.1622
353.1866
353.2106
353.2341
353.2551
353.1626
353.188
353.2138
353.2407
353.2718
353.3165
353.3435
353.163
353.1894
353.2166
353.2462
353.2814
353.3194
353.3447
353.3698
353.1634
353.1905
353.2189
353.2502
353.2872
353.3221
353.3462
353.3705
353.3948
353.1636
353.1913
353.2205
353.2528
353.2905
353.324
353.3473
353.371
353.395
353.4188
353.1917
353.2213
353.2541
353.292
353.325
353.3479
353.3714
353.3951
353.4188
353.4423
353.1612
353.1611
353.1826
353.1611
353.1827
353.2025
353.1612
353.1831
353.2034
353.2202
353.1615
353.184
353.2052
353.2235
353.2357
353.1618
353.1852
353.2077
353.2281
353.2435
353.1622
353.1866
353.2107
353.2341
353.2551
353.1626
353.188
353.2138
353.2407
353.2718
353.3166
353.3436
353.3695
353.163
353.1894
353.2167
353.2462
353.2814
353.3194
353.3448
353.3699
353.3948
353.1634
353.1905
353.219
353.2502
353.2872
353.3221
353.3462
353.3705
353.3949
353.4192
353.1913
353.2205
353.2529
353.2905
353.324
353.3473
353.3711
353.395
353.419
353.4427
353.2214
353.2542
353.2921
353.325
353.3479
353.3714
353.3951
353.4189
353.4424
353.4654
353.1614
353.1612
353.1831
353.1611
353.1827
353.2025
353.1611
353.1827
353.2025
353.2187
353.1612
353.1831
353.2034
353.2203
353.2308
353.1615
353.184
353.2052
353.2235
353.2357
353.1618
353.1852
353.2077
353.2282
353.2436
353.1622
353.1866
353.2107
353.2341
353.2551
353.1626
353.188
353.2138
353.2407
353.2719
353.3166
353.3437
353.3696
353.3949
353.1631
353.1894
353.2167
353.2462
353.2815
353.3194
353.3448
353.37
353.3949
353.4196
353.1905
353.219
353.2502
353.2872
353.3222
353.3462
353.3706
353.395
353.4193
353.4435
353.2206
353.2529
353.2905
353.3241
353.3473
353.3711
353.3951
353.4191
353.4428
353.4662
353.2542
353.2921
353.325
353.348
353.3714
353.3952
353.4189
353.4425
353.4656
353.4879
353.1618
353.1614
353.1839
353.1612
353.1831
353.2034
353.1611
353.1827
353.2025
353.2187
353.1611
353.1827
353.2025
353.2187
353.2285
353.1612
353.1831
353.2034
353.2203
353.2309
353.1615
353.184
353.2052
353.2235
353.2358
353.1618
353.1852
353.2077
353.2282
353.2436
353.1622
353.1866
353.2107
353.2341
353.2551
353.1627
353.188
353.2138
353.2407
353.2719
353.3166
353.3437
353.3696
353.395
353.4201
353.1894
353.2167
353.2462
353.2815
353.3195
353.3449
353.37
353.395
353.4197
353.4444
353.219
353.2503
353.2872
353.3222
353.3463
353.3706
353.395
353.4194
353.4436
353.4676
353.2529
353.2906
353.3241
353.3474
353.3712
353.3951
353.4191
353.4429
353.4663
353.4891
353.2921
353.3251
353.348
353.3715
353.3952
353.419
353.4426
353.4657
353.488
353.5091
353.1622
353.1618
353.1851
353.1615
353.184
353.2051
353.1612
353.1831
353.2034
353.2202
353.1611
353.1827
353.2025
353.2187
353.2285
353.1611
353.1827
353.2025
353.2187
353.2286
353.1612
353.1831
353.2034
353.2203
353.2309
353.1615
353.184
353.2052
353.2235
353.2358
353.1618
353.1852
353.2077
353.2282
353.2436
353.1622
353.1866
353.2107
353.2342
353.2552
353.1881
353.2138
353.2407
353.2719
353.3167
353.3438
353.3697
353.3951
353.4202
353.4453
353.2167
353.2462
353.2815
353.3195
353.3449
353.3701
353.395
353.4198
353.4446
353.4693
353.2503
353.2872
353.3222
353.3463
353.3707
353.3951
353.4194
353.4437
353.4677
353.4913
353.2906
353.3241
353.3474
353.3712
353.3952
353.4192
353.443
353.4664
353.4892
353.5109
353.3251
353.348
353.3715
353.3953
353.419
353.4426
353.4657
353.4881
353.5092
353.5285
353.1626
353.1622
353.1865
353.1618
353.1851
353.2076
353.1615
353.184
353.2052
353.2234
353.1612
353.1831
353.2034
353.2203
353.2308
353.1611
353.1827
353.2025
353.2187
353.2286
353.1611
353.1827
353.2025
353.2188
353.2286
353.1612
353.1832
353.2035
353.2204
353.231
353.1615
353.184
353.2052
353.2235
353.2358
353.1618
353.1852
353.2077
353.2282
353.2436
353.1866
353.2107
353.2342
353.2552
353.2138
353.2407
353.2719
353.3167
353.3438
353.3697
353.3951
353.4203
353.4455
353.4709
353.2462
353.2815
353.3195
353.3449
353.3701
353.3951
353.4199
353.4446
353.4694
353.4943
353.2873
353.3222
353.3463
353.3707
353.3951
353.4195
353.4438
353.4678
353.4915
353.5145
353.3242
353.3475
353.3712
353.3952
353.4192
353.443
353.4665
353.4893
353.511
353.531
353.3481
353.3715
353.3953
353.4191
353.4427
353.4658
353.4882
353.5093
353.5286
353.7965
353.163
353.1626
353.188
353.1622
353.1865
353.2106
353.1618
353.1852
353.2076
353.2281
353.1615
353.184
353.2052
353.2235
353.2357
353.1612
353.1831
353.2034
353.2203
353.2309
353.1611
353.1827
353.2025
353.2188
353.2286
353.1611
353.1827
353.2026
353.2188
353.2286
353.1612
353.1832
353.2035
353.2204
353.231
353.1615
353.184
353.2052
353.2235
353.2358
353.1852
353.2077
353.2282
353.2436
353.2107
353.2342
353.2552
353.2408
353.2719
353.3167
353.3438
353.3698
353.3952
353.4203
353.4455
353.471
353.497
353.2816
353.3196
353.345
353.3701
353.3951
353.4199
353.4447
353.4695
353.4944
353.5194
353.3223
353.3464
353.3707
353.3952
353.4195
353.4438
353.4679
353.4916
353.5146
353.5362
353.3475
353.3713
353.3953
353.4193
353.4431
353.4666
353.4894
353.5111
353.5311
353.8069
353.3716
353.3953
353.4191
353.4427
353.4659
353.4882
353.5094
353.5287
353.7967
354.3128
353.1634
353.163
353.1893
353.1626
353.188
353.2137
353.1622
353.1865
353.2106
353.234
353.1618
353.1852
353.2077
353.2281
353.2435
353.1615
353.184
353.2052
353.2235
353.2357
353.1612
353.1831
353.2034
353.2203
353.2309
353.1611
353.1827
353.2026
353.2188
353.2286
353.1611
353.1827
353.2026
353.2188
353.2286
353.1612
353.1832
353.2035
353.2204
353.231
353.184
353.2052
353.2236
353.2358
353.2077
353.2282
353.2436
353.2342
353.2552
353.272
353.3168
353.3439
353.3698
353.3952
353.4204
353.4456
353.4711
353.4972
353.5246
353.3196
353.345
353.3702
353.3951
353.42
353.4448
353.4696
353.4945
353.5196
353.5443
353.3464
353.3708
353.3952
353.4196
353.4439
353.4679
353.4917
353.5147
353.5363
353.8322
353.3713
353.3953
353.4193
353.4431
353.4666
353.4894
353.5112
353.5312
353.807
354.3371
353.3954
353.4192
353.4428
353.4659
353.4883
353.5095
353.5288
353.7969
354.313
354.8191
353.1636
353.1634
353.1904
353.163
353.1893
353.2165
353.1626
353.188
353.2137
353.2405
353.1622
353.1866
353.2106
353.2341
353.255
353.1618
353.1852
353.2077
353.2281
353.2435
353.1615
353.184
353.2052
353.2235
353.2358
353.1612
353.1832
353.2035
353.2204
353.231
353.1611
353.1827
353.2026
353.2188
353.2286
353.1611
353.1827
353.2026
353.2188
353.2287
353.1832
353.2035
353.2204
353.231
353.2053
353.2236
353.2359
353.2283
353.2437
353.2552
353.3168
353.3439
353.3698
353.3952
353.4204
353.4457
353.4712
353.4973
353.5248
353.5552
353.3451
353.3702
353.3952
353.42
353.4448
353.4696
353.4946
353.5197
353.5445
353.8921
353.3708
353.3952
353.4196
353.4439
353.468
353.4917
353.5148
353.5364
353.8323
354.397
353.3953
353.4193
353.4432
353.4667
353.4895
353.5113
353.5313
353.8072
354.3374
354.855
353.4192
353.4428
353.466
353.4883
353.5095
353.5289
353.797
354.3132
354.8194
355.3133
353.1637
353.1636
353.1912
353.1634
353.1905
353.2188
353.163
353.1894
353.2166
353.246
353.1626
353.188
353.2138
353.2406
353.2717
353.1622
353.1866
353.2106
353.2341
353.2551
353.1618
353.1852
353.2077
353.2282
353.2436
353.1615
353.184
353.2052
353.2235
353.2358
353.1612
353.1832
353.2035
353.2204
353.231
353.1611
353.1827
353.2026
353.2188
353.2287
353.1827
353.2026
353.2188
353.2287
353.2035
353.2204
353.231
353.2236
353.2359
353.2437
353.3439
353.3699
353.3953
353.4205
353.4457
353.4712
353.4974
353.5249
353.5553
354.1075
353.3703
353.3952
353.4201
353.4449
353.4697
353.4946
353.5198
353.5446
353.8923
354.5311
353.3953
353.4197
353.444
353.468
353.4918
353.5148
353.5365
353.8325
354.3973
354.9408
353.4194
353.4432
353.4667
353.4896
353.5113
353.5314
353.8073
354.3376
354.8553
355.3575
353.4429
353.466
353.4884
353.5096
353.5289
353.7971
354.3134
354.8197
355.3137
355.7937
353.1637
353.1916
353.1636
353.1913
353.2204
353.1634
353.1905
353.2189
353.2501
353.163
353.1894
353.2166
353.2461
353.2813
353.1626
353.188
353.2138
353.2406
353.2718
353.3164
353.1622
353.1866
353.2107
353.2341
353.2551
353.1618
353.1852
353.2077
353.2282
353.2436
353.1615
353.184
353.2052
353.2235
353.2358
353.1612
353.1832
353.2035
353.2204
353.231
353.1827
353.2026
353.2188
353.2287
353.2026
353.2188
353.2287
353.2204
353.231
353.2359
355.6935
353.3699
353.3953
353.4205
353.4458
353.4713
353.4974
353.525
353.5554
354.1077
354.8813
353.3953
353.4201
353.4449
353.4697
353.4947
353.5198
353.5447
353.8924
354.5314
355.1178
353.4197
353.444
353.4681
353.4918
353.5149
353.5366
353.8326
354.3975
354.9411
355.46
353.4433
353.4668
353.4896
353.5114
353.5314
353.8074
354.3378
354.8555
355.3578
355.843
353.4661
353.4885
353.5096
353.529
353.7972
354.3135
354.8199
355.314
355.7941
356.0364
353.1637
353.1917
353.2212
353.1636
353.1913
353.2204
353.2527
353.1634
353.1905
353.2189
353.2501
353.287
353.163
353.1894
353.2166
353.2461
353.2813
353.3192
353.1626
353.188
353.2138
353.2407
353.2718
353.3165
353.3435
353.1622
353.1866
353.2107
353.2341
353.2551
353.1618
353.1852
353.2077
353.2282
353.2436
353.1615
353.184
353.2052
353.2235
353.2358
353.1832
353.2035
353.2204
353.231
353.2026
353.2188
353.2287
353.2188
353.2287
353.231
356.5614
355.6939
355.9482
353.3954
353.4206
353.4458
353.4713
353.4975
353.525
353.5555
354.1079
354.8816
355.4936
353.4202
353.445
353.4698
353.4948
353.5199
353.5447
353.8925
354.5316
355.1181
355.6565
353.4441
353.4681
353.4919
353.515
353.5366
353.8327
354.3977
354.9413
355.4604
355.9545
353.4668
353.4897
353.5115
353.5315
353.8075
354.3379
354.8558
355.3581
355.8434
356.0869
353.4885
353.5097
353.529
353.7973
354.3137
354.8202
355.3143
355.7944
356.0368
356.0562
353.1637
353.1917
353.2212
353.2539
353.1636
353.1913
353.2205
353.2527
353.2903
353.1634
353.1905
353.2189
353.2501
353.287
353.3219
353.163
353.1894
353.2166
353.2461
353.2814
353.3193
353.3446
353.1626
353.188
353.2138
353.2407
353.2718
353.3166
353.3436
353.3695
353.1622
353.1866
353.2107
353.2341
353.2551
353.1618
353.1852
353.2077
353.2282
353.2436
353.184
353.2052
353.2236
353.2358
353.2035
353.2204
353.231
353.2188
353.2287
353.2287
357.1015
356.5619
356.708
355.6942
355.9486
356.2639
353.4206
353.4459
353.4714
353.4975
353.5251
353.5556
354.108
354.8819
355.494
356.0158
353.445
353.4699
353.4948
353.5199
353.5448
353.8926
354.5318
355.1184
355.6569
356.1557
353.4682
353.492
353.515
353.5367
353.8328
354.3978
354.9416
355.4607
355.9549
356.2
353.4897
353.5115
353.5316
353.8076
354.3381
354.856
355.3584
355.8437
356.0873
356.1067
353.5098
353.5291
353.7974
354.3139
354.8204
355.3146
355.7948
356.0372
356.0566
356.0758
353.1637
353.1917
353.2213
353.254
353.2918
353.1636
353.1913
353.2205
353.2528
353.2903
353.3238
353.1634
353.1905
353.2189
353.2502
353.2871
353.322
353.346
353.163
353.1894
353.2166
353.2462
353.2814
353.3194
353.3447
353.3698
353.1626
353.188
353.2138
353.2407
353.2719
353.3166
353.3437
353.3696
353.3949
353.1622
353.1866
353.2107
353.2342
353.2552
353.1852
353.2077
353.2282
353.2436
353.2053
353.2236
353.2359
353.2204
353.231
353.2287
357.4279
357.102
357.2141
356.5622
356.7085
356.9068
355.6945
355.9489
356.2644
356.6037
353.4459
353.4714
353.4976
353.5251
353.5557
354.1081
354.8821
355.4942
356.0163
356.4848
353.4699
353.4949
353.52
353.5449
353.8928
354.532
355.1186
355.6572
356.1561
356.3994
353.492
353.5151
353.5368
353.8329
354.398
354.9418
355.461
355.9553
356.2004
356.2199
353.5116
353.5316
353.8077
354.3383
354.8562
355.3587
355.8441
356.0877
356.1072
356.1264
353.5292
353.7975
354.3141
354.8206
355.3149
355.7951
356.0376
356.057
356.0762
356.0954
353.1637
353.1917
353.2213
353.254
353.2919
353.3247
353.1636
353.1913
353.2205
353.2528
353.2904
353.3239
353.3471
353.1634
353.1905
353.2189
353.2502
353.2871
353.3221
353.3461
353.3704
353.163
353.1894
353.2167
353.2462
353.2814
353.3194
353.3448
353.3699
353.3948
353.1627
353.188
353.2138
353.2407
353.2719
353.3166
353.3437
353.3696
353.395
353.4201
353.1866
353.2107
353.2342
353.2552
353.2077
353.2282
353.2436
353.2236
353.2359
353.231
357.5833
357.4284
357.5273
357.1024
357.2146
357.3669
356.5626
356.7089
356.9074
357.1431
355.6947
355.9492
356.2648
356.6042
356.9512
353.4715
353.4977
353.5252
353.5557
354.1083
354.8823
355.4945
356.0166
356.4853
356.7121
353.4949
353.5201
353.5449
353.8929
354.5322
355.1189
355.6575
356.1565
356.3998
356.4191
353.5152
353.5368
353.833
354.3982
354.9421
355.4613
355.9556
356.2008
356.2204
356.2397
353.5317
353.8078
354.3384
354.8565
355.359
355.8445
356.0881
356.1075
356.1269
356.146
353.7976
354.3142
354.8209
355.3152
355.7955
356.038
356.0574
356.0766
356.0958
356.1148
353.1637
353.1917
353.2213
353.2541
353.2919
353.3248
353.3476
353.1636
353.1913
353.2205
353.2528
353.2904
353.3239
353.3472
353.3708
353.1634
353.1905
353.2189
353.2502
353.2872
353.3221
353.3462
353.3705
353.3948
353.1631
353.1894
353.2167
353.2462
353.2815
353.3194
353.3448
353.37
353.3949
353.4196
353.1881
353.2138
353.2407
353.2719
353.3167
353.3438
353.3697
353.3951
353.4202
353.4453
353.2107
353.2342
353.2552
353.2283
353.2437
353.2359
357.5833
357.5839
357.6779
357.4288
357.5279
357.661
357.1027
357.215
357.3675
357.5544
356.5629
356.7092
356.9078
357.1437
357.4053
355.695
355.9495
356.2651
356.6046
356.9518
357.1326
353.4977
353.5253
353.5558
354.1084
354.8825
355.4948
356.0169
356.4857
356.7126
356.7305
353.5201
353.545
353.893
354.5324
355.1191
355.6579
356.1569
356.4002
356.4195
356.4386
353.5369
353.8331
354.3984
354.9423
355.4616
355.956
356.2012
356.2207
356.2401
356.2593
353.8079
354.3386
354.8567
355.3593
355.8448
356.0885
356.1079
356.1272
356.1464
356.1655
354.3144
354.8211
355.3155
355.7959
356.0384
356.0578
356.077
356.0962
356.1152
356.1322
353.1637
353.1917
353.2213
353.2541
353.2919
353.3249
353.3477
353.3711
353.1636
353.1913
353.2205
353.2528
353.2905
353.324
353.3472
353.371
353.3948
353.1634
353.1905
353.219
353.2502
353.2872
353.3221
353.3462
353.3705
353.3949
353.4192
353.1894
353.2167
353.2462
353.2815
353.3195
353.3449
353.37
353.395
353.4197
353.4444
353.2138
353.2407
353.2719
353.3167
353.3438
353.3697
353.3951
353.4203
353.4455
353.4709
353.2342
353.2552
353.2437
357.4279
357.5839
357.6779
357.5842
357.6785
357.8044
357.4291
357.5283
357.6616
357.8263
357.1031
357.2154
357.3679
357.555
357.7708
356.5632
356.7095
356.9081
357.1441
357.4059
357.5511
355.6952
355.9498
356.2654
356.605
356.9522
357.1331
357.1474
353.5253
353.5559
354.1085
354.8827
355.4951
356.0173
356.4861
356.713
356.731
356.7487
353.5451
353.8931
354.5325
355.1194
355.6582
356.1572
356.4006
356.4199
356.4391
356.4579
353.8332
354.3986
354.9426
355.4619
355.9564
356.2016
356.2211
356.2405
356.2597
356.2787
354.3388
354.857
355.3597
355.8452
356.0889
356.1083
356.1276
356.1468
356.1659
356.1829
354.8214
355.3158
355.7963
356.0388
356.0582
356.0774
356.0966
356.1156
356.1326
356.1457
353.1637
353.1917
353.2213
353.2541
353.292
353.3249
353.3478
353.3712
353.3949
353.1636
353.1913
353.2205
353.2528
353.2905
353.324
353.3473
353.371
353.395
353.4188
353.1905
353.219
353.2502
353.2872
353.3222
353.3462
353.3706
353.395
353.4193
353.4435
353.2167
353.2462
353.2815
353.3195
353.3449
353.3701
353.395
353.4198
353.4446
353.4693
353.2408
353.2719
353.3167
353.3438
353.3698
353.3952
353.4203
353.4455
353.471
353.497
353.2552
357.1015
357.4284
357.5273
357.5842
357.6785
357.8044
357.5846
357.6789
357.805
357.9611
357.4295
357.5287
357.662
357.827
358.0205
357.1034
357.2157
357.3683
357.5554
357.7714
357.8961
356.5635
356.7098
356.9085
357.1445
357.4063
357.5517
357.5632
355.6955
355.9501
356.2657
356.6053
356.9526
357.1336
357.148
357.1622
353.5559
354.1087
354.8829
355.4954
356.0176
356.4865
356.7134
356.7314
356.7492
356.7667
353.8932
354.5327
355.1197
355.6585
356.1576
356.401
356.4203
356.4395
356.4584
356.477
354.3987
354.9428
355.4623
355.9568
356.202
356.2215
356.2409
356.2601
356.2792
356.296
354.8572
355.36
355.8456
356.0893
356.1087
356.128
356.1472
356.1663
356.1833
356.1964
355.3161
355.7967
356.0393
356.0586
356.0778
356.097
356.116
356.133
356.1461
356.157
353.1637
353.1917
353.2213
353.2541
353.292
353.325
353.3479
353.3713
353.395
353.4187
353.1913
353.2205
353.2529
353.2905
353.324
353.3473
353.3711
353.395
353.419
353.4427
353.219
353.2503
353.2872
353.3222
353.3463
353.3706
353.395
353.4194
353.4436
353.4676
353.2462
353.2815
353.3195
353.3449
353.3701
353.3951
353.4199
353.4446
353.4694
353.4943
353.272
353.3168
353.3439
353.3698
353.3952
353.4204
353.4456
353.4711
353.4972
353.5246
356.5614
357.102
357.2141
357.4288
357.5279
357.661
357.5846
357.6789
357.805
357.9611
357.5849
357.6793
357.8055
357.9618
358.1463
357.4298
357.529
357.6624
357.8274
358.0211
358.1352
357.1037
357.2161
357.3687
357.5558
357.7719
357.8967
357.9065
356.5638
356.7102
356.9088
357.1449
357.4067
357.5522
357.5638
357.5753
355.6958
355.9504
356.2661
356.6057
356.953
357.134
357.1484
357.1628
357.177
354.1088
354.8831
355.4956
356.018
356.4869
356.7139
356.7318
356.7496
356.7672
356.7846
354.5329
355.1199
355.6588
356.158
356.4015
356.4208
356.4399
356.4588
356.4775
356.4941
354.9431
355.4626
355.9572
356.2025
356.222
356.2413
356.2605
356.2796
356.2965
356.3095
355.3603
355.846
356.0898
356.1092
356.1285
356.1476
356.1667
356.1837
356.1968
356.2077
355.7971
356.0397
356.059
356.0783
356.0974
356.1164
356.1334
356.1465
356.1575
356.1656
353.1917
353.2213
353.2541
353.292
353.325
353.3479
353.3714
353.3951
353.4188
353.4423
353.2206
353.2529
353.2905
353.3241
353.3473
353.3711
353.3951
353.4191
353.4428
353.4662
353.2503
353.2872
353.3222
353.3463
353.3707
353.3951
353.4194
353.4437
353.4677
353.4913
353.2816
353.3196
353.345
353.3701
353.3951
353.4199
353.4447
353.4695
353.4944
353.5194
353.3168
353.3439
353.3698
353.3952
353.4204
353.4457
353.4712
353.4973
353.5248
353.5552
355.6935
356.5619
356.708
357.1024
357.2146
357.3669
357.4291
357.5283
357.6616
357.8263
357.5849
357.6793
357.8055
357.9618
358.1463
357.5852
357.6797
357.8059
357.9623
358.147
358.2565
357.4301
357.5294
357.6628
357.8279
358.0216
358.1359
358.1447
357.1041
357.2164
357.3691
357.5563
357.7723
357.8972
357.9071
357.917
356.5642
356.7105
356.9092
357.1453
357.4072
357.5527
357.5642
357.5759
357.5876
355.6961
355.9507
356.2664
356.6061
356.9534
357.1344
357.1488
357.1632
357.1776
357.1918
354.8834
355.496
356.0183
356.4873
356.7143
356.7322
356.75
356.7677
356.7851
356.8004
355.1202
355.6592
356.1584
356.4019
356.4212
356.4403
356.4592
356.4779
356.4946
356.5073
355.4629
355.9576
356.2029
356.2224
356.2417
356.2609
356.28
356.2969
356.3099
356.3208
355.8464
356.0902
356.1096
356.1289
356.1481
356.1671
356.1841
356.1972
356.2082
356.2163
356.0401
356.0594
356.0787
356.0978
356.1168
356.1338
356.1469
356.1579
356.166
356.1697
353.2214
353.2542
353.2921
353.325
353.3479
353.3714
353.3951
353.4189
353.4424
353.4654
353.2529
353.2906
353.3241
353.3474
353.3712
353.3951
353.4191
353.4429
353.4663
353.4891
353.2873
353.3222
353.3463
353.3707
353.3951
353.4195
353.4438
353.4678
353.4915
353.5145
353.3196
353.345
353.3702
353.3951
353.42
353.4448
353.4696
353.4945
353.5196
353.5443
353.3439
353.3699
353.3953
353.4205
353.4457
353.4712
353.4974
353.5249
353.5553
354.1075
355.6939
355.9482
356.5622
356.7085
356.9068
357.1027
357.215
357.3675
357.5544
357.4295
357.5287
357.662
357.827
358.0205
357.5852
357.6797
357.8059
357.9623
358.147
358.2565
357.5855
357.68
357.8062
357.9627
358.1474
358.2572
358.2657
357.4305
357.5297
357.6632
357.8283
358.0221
358.1364
358.1454
358.1545
357.1045
357.2168
357.3695
357.5567
357.7728
357.8977
357.9076
357.9177
357.9278
356.5645
356.7109
356.9096
357.1457
357.4076
357.5531
357.5647
357.5764
357.5882
357.5999
355.951
356.2668
356.6065
356.9538
357.1349
357.1493
357.1636
357.178
357.1924
357.2051
355.4963
356.0187
356.4877
356.7147
356.7327
356.7505
356.7681
356.7855
356.801
356.8127
355.6595
356.1588
356.4023
356.4216
356.4407
356.4596
356.4783
356.495
356.5077
356.5183
355.958
356.2033
356.2228
356.2422
356.2613
356.2804
356.2973
356.3103
356.3212
356.3293
356.0906
356.11
356.1293
356.1485
356.1675
356.1845
356.1976
356.2085
356.2167
356.2204
356.0599
356.0791
356.0982
356.1173
356.1343
356.1473
356.1583
356.1664
356.1702
353.2542
353.2921
353.325
353.348
353.3714
353.3952
353.4189
353.4425
353.4656
353.4879
353.2906
353.3241
353.3474
353.3712
353.3952
353.4192
353.443
353.4664
353.4892
353.5109
353.3223
353.3464
353.3707
353.3952
353.4195
353.4438
353.4679
353.4916
353.5146
353.5362
353.3451
353.3702
353.3952
353.42
353.4448
353.4696
353.4946
353.5197
353.5445
353.8921
353.3699
353.3953
353.4205
353.4458
353.4713
353.4974
353.525
353.5554
354.1077
354.8813
355.6942
355.9486
356.2639
356.5626
356.7088
356.9074
357.1431
357.1031
357.2154
357.3679
357.555
357.7708
357.4298
357.529
357.6624
357.8274
358.0211
358.1352
357.5855
357.68
357.8062
357.9627
358.1474
358.2572
358.2657
357.5859
357.6804
357.8066
357.9631
358.1479
358.2577
358.2664
358.2751
357.4308
357.5301
357.6636
357.8287
358.0225
358.1368
358.1459
358.1552
358.1644
357.1049
357.2172
357.3699
357.5571
357.7732
357.8981
357.9081
357.9182
357.9284
357.9387
356.7113
356.91
357.1461
357.4081
357.5536
357.5651
357.5768
357.5886
357.6005
357.6111
356.2672
356.6069
356.9543
357.1353
357.1497
357.1641
357.1784
357.1928
357.2056
357.2153
356.0191
356.4881
356.7152
356.7331
356.7509
356.7685
356.7859
356.8014
356.8132
356.8229
356.1592
356.4028
356.422
356.4411
356.46
356.4788
356.4954
356.5081
356.5188
356.5266
356.2038
356.2232
356.2426
356.2618
356.2808
356.2977
356.3107
356.3216
356.3297
356.3334
356.1105
356.1297
356.1489
356.168
356.185
356.198
356.2089
356.2171
356.2208
356.0795
356.0987
356.1177
356.1347
356.1478
356.1587
356.1668
356.1705
353.2921
353.3251
353.348
353.3715
353.3952
353.419
353.4425
353.4657
353.488
353.5091
353.3242
353.3475
353.3712
353.3952
353.4192
353.443
353.4665
353.4893
353.511
353.531
353.3464
353.3708
353.3952
353.4196
353.4439
353.4679
353.4917
353.5147
353.5363
353.8322
353.3703
353.3952
353.4201
353.4449
353.4697
353.4946
353.5198
353.5446
353.8923
354.5311
353.3954
353.4206
353.4458
353.4713
353.4975
353.525
353.5555
354.1079
354.8816
355.4936
355.6945
355.9489
356.2644
356.6037
356.5629
356.7092
356.9078
357.1437
357.4053
357.1034
357.2157
357.3683
357.5554
357.7714
357.8961
357.4301
357.5294
357.6628
357.8279
358.0216
358.1359
358.1447
357.5859
357.6804
357.8066
357.9631
358.1479
358.2577
358.2664
358.2751
357.5863
357.6807
357.807
357.9635
358.1483
358.2582
358.2669
358.2758
358.2847
357.4312
357.5305
357.664
357.8291
358.023
358.1373
358.1464
358.1557
358.1651
358.1745
357.2176
357.3703
357.5575
357.7737
357.8986
357.9085
357.9186
357.9289
357.9393
357.9486
356.9104
357.1465
357.4085
357.554
357.5656
357.5773
357.5891
357.601
357.6117
357.6197
356.6073
356.9548
357.1358
357.1502
357.1645
357.1789
357.1932
357.2061
357.2159
357.2237
356.4886
356.7156
356.7336
356.7513
356.7689
356.7863
356.8018
356.8137
356.8235
356.8306
356.4032
356.4225
356.4416
356.4605
356.4792
356.4958
356.5086
356.5192
356.5271
356.5306
356.2237
356.243
356.2622
356.2812
356.2981
356.3112
356.322
356.3301
356.3339
356.1302
356.1494
356.1684
356.1854
356.1984
356.2094
356.2175
356.2212
356.0991
356.1181
356.1351
356.1482
356.1591
356.1672
356.1709
353.3251
353.348
353.3715
353.3953
353.419
353.4426
353.4657
353.4881
353.5092
353.5285
353.3475
353.3713
353.3953
353.4193
353.4431
353.4666
353.4894
353.5111
353.5311
353.8069
353.3708
353.3952
353.4196
353.4439
353.468
353.4917
353.5148
353.5364
353.8323
354.397
353.3953
353.4201
353.4449
353.4697
353.4947
353.5198
353.5447
353.8924
354.5314
355.1178
353.4206
353.4459
353.4714
353.4975
353.5251
353.5556
354.108
354.8819
355.494
356.0158
355.6947
355.9492
356.2648
356.6042
356.9512
356.5632
356.7095
356.9081
357.1441
357.4059
357.5511
357.1037
357.2161
357.3687
357.5558
357.7719
357.8967
357.9065
357.4305
357.5297
357.6632
357.8283
358.0221
358.1364
358.1454
358.1545
357.5862
357.6807
357.807
357.9635
358.1483
358.2582
358.2669
358.2758
358.2847
357.5867
357.6811
357.8074
357.9639
358.1488
358.2587
358.2674
358.2763
358.2854
358.2945
357.531
357.6644
357.8296
358.0234
358.1377
358.1468
358.1561
358.1656
358.1752
358.1838
357.3708
357.558
357.7741
357.899
357.909
357.9191
357.9294
357.9398
357.9493
357.9562
357.147
357.409
357.5545
357.5661
357.5777
357.5895
357.6015
357.6122
357.6203
357.6267
356.9552
357.1363
357.1506
357.165
357.1793
357.1937
357.2065
357.2163
357.2243
357.2298
356.7161
356.734
356.7518
356.7694
356.7868
356.8022
356.8141
356.8239
356.8311
356.8341
356.4229
356.442
356.4609
356.4796
356.4962
356.509
356.5196
356.5275
356.5311
356.2435
356.2626
356.2817
356.2986
356.3116
356.3225
356.3305
356.3343
356.1498
356.1688
356.1858
356.1989
356.2098
356.2179
356.2216
356.1186
356.1356
356.1486
356.1595
356.1676
356.1713
353.3481
353.3715
353.3953
353.4191
353.4427
353.4658
353.4882
353.5093
353.5286
353.7965
353.3713
353.3953
353.4193
353.4431
353.4666
353.4894
353.5112
353.5312
353.807
354.3371
353.3953
353.4197
353.444
353.468
353.4918
353.5148
353.5365
353.8325
354.3973
354.9408
353.4202
353.445
353.4698
353.4948
353.5199
353.5447
353.8925
354.5316
355.1181
355.6565
353.4459
353.4714
353.4976
353.5251
353.5557
354.1081
354.8821
355.4942
356.0163
356.4848
355.695
355.9495
356.2651
356.6046
356.9518
357.1326
356.5635
356.7098
356.9085
357.1445
357.4063
357.5517
357.5632
357.1041
357.2164
357.3691
357.5562
357.7723
357.8972
357.9071
357.917
357.4308
357.5301
357.6636
357.8287
358.0225
358.1368
358.1459
358.1552
358.1644
357.5867
357.6811
357.8074
357.9639
358.1488
358.2587
358.2674
358.2763
358.2854
358.2945
357.6816
357.8079
357.9644
358.1492
358.2591
358.2679
358.2768
358.2859
358.2952
358.3035
357.6649
357.83
358.0239
358.1382
358.1473
358.1566
358.1661
358.1757
358.1845
358.1908
357.5585
357.7746
357.8995
357.9095
357.9195
357.9298
357.9403
357.9497
357.9568
357.9623
357.4095
357.555
357.5665
357.5782
357.59
357.6019
357.6127
357.6208
357.6273
357.6316
357.1368
357.1511
357.1655
357.1798
357.1941
357.207
357.2168
357.2248
357.2304
357.2321
356.7345
356.7523
356.7698
356.7872
356.8027
356.8145
356.8243
356.8315
356.8346
356.4425
356.4614
356.4801
356.4967
356.5094
356.52
356.5279
356.5315
356.2631
356.2821
356.299
356.312
356.3229
356.3309
356.3347
356.1693
356.1863
356.1993
356.2102
356.2183
356.222
356.136
356.1491
356.16
356.1681
356.1717
353.3716
353.3953
353.4191
353.4427
353.4659
353.4882
353.5094
353.5287
353.7967
354.3128
353.3953
353.4193
353.4432
353.4667
353.4895
353.5113
353.5313
353.8072
354.3374
354.855
353.4197
353.444
353.4681
353.4918
353.5149
353.5366
353.8326
354.3975
354.9411
355.46
353.445
353.4699
353.4948
353.5199
353.5448
353.8926
354.5318
355.1184
355.6569
356.1557
353.4715
353.4977
353.5252
353.5557
354.1083
354.8823
355.4945
356.0166
356.4853
356.7121
355.6952
355.9498
356.2654
356.605
356.9522
357.1331
357.1474
356.5638
356.7102
356.9088
357.1449
357.4067
357.5522
357.5638
357.5753
357.1045
357.2168
357.3695
357.5567
357.7728
357.8977
357.9076
357.9177
357.9278
357.4312
357.5305
357.664
357.8291
358.023
358.1373
358.1464
358.1557
358.1651
358.1745
357.6816
357.8079
357.9644
358.1492
358.2591
358.2679
358.2768
358.2859
358.2952
358.3035
357.8084
357.9649
358.1497
358.2596
358.2683
358.2773
358.2864
358.2957
358.3042
358.3103
357.8305
358.0244
358.1387
358.1478
358.1571
358.1665
358.1762
358.185
358.1915
358.1965
357.7752
357.9001
357.9099
357.92
357.9303
357.9407
357.9502
357.9573
357.963
357.9665
357.5556
357.5671
357.5787
357.5905
357.6024
357.6131
357.6212
357.6278
357.6322
357.633
357.1516
357.166
357.1803
357.1946
357.2074
357.2172
357.2252
357.2308
357.2327
356.7527
356.7703
356.7877
356.8031
356.8149
356.8247
356.8319
356.835
356.4618
356.4805
356.4971
356.5099
356.5205
356.5283
356.5319
356.2826
356.2995
356.3125
356.3233
356.3314
356.3351
356.1867
356.1998
356.2107
356.2188
356.2224
356.1495
356.1604
356.1685
356.1722
353.3954
353.4192
353.4428
353.4659
353.4883
353.5095
353.5288
353.7969
354.313
354.8191
353.4194
353.4432
353.4667
353.4896
353.5113
353.5314
353.8073
354.3376
354.8553
355.3575
353.4441
353.4681
353.4919
353.515
353.5366
353.8327
354.3977
354.9413
355.4604
355.9545
353.4699
353.4949
353.52
353.5449
353.8928
354.532
355.1186
355.6572
356.1561
356.3994
353.4977
353.5253
353.5558
354.1084
354.8825
355.4948
356.0169
356.4857
356.7126
356.7305
355.6955
355.9501
356.2657
356.6053
356.9526
357.1336
357.148
357.1622
356.5642
356.7105
356.9092
357.1453
357.4072
357.5527
357.5642
357.5759
357.5876
357.1049
357.2172
357.3699
357.5571
357.7732
357.8981
357.9081
357.9182
357.9284
357.9387
357.531
357.6644
357.8296
358.0234
358.1377
358.1468
358.1561
358.1656
358.1752
358.1838
357.8084
357.9649
358.1497
358.2596
358.2683
358.2773
358.2864
358.2957
358.3042
358.3103
357.9654
358.1502
358.2601
358.2688
358.2777
358.2869
358.2962
358.3047
358.311
358.3157
358.025
358.1392
358.1483
358.1575
358.167
358.1766
358.1854
358.192
358.1972
358.2003
357.9006
357.9105
357.9205
357.9308
357.9412
357.9507
357.9578
357.9635
357.9671
357.9674
357.5676
357.5792
357.591
357.6029
357.6136
357.6217
357.6282
357.6327
357.6336
357.1665
357.1808
357.1951
357.2079
357.2176
357.2256
357.2313
357.2331
356.7708
356.7882
356.8036
356.8154
356.8252
356.8323
356.8354
356.481
356.4976
356.5103
356.5209
356.5287
356.5323
356.2999
356.3129
356.3238
356.3318
356.3355
356.2002
356.2111
356.2192
356.2229
356.1608
356.1689
356.1726
353.4192
353.4428
353.466
353.4883
353.5095
353.5288
353.797
354.3132
354.8194
355.3133
353.4433
353.4668
353.4896
353.5114
353.5314
353.8074
354.3377
354.8555
355.3578
355.843
353.4682
353.492
353.515
353.5367
353.8328
354.3978
354.9416
355.4607
355.9549
356.2
353.4949
353.5201
353.5449
353.8929
354.5322
355.1189
355.6575
356.1565
356.3998
356.4191
353.5253
353.5559
354.1085
354.8827
355.4951
356.0173
356.4861
356.713
356.731
356.7487
355.6958
355.9504
356.2661
356.6057
356.953
357.134
357.1484
357.1628
357.177
356.5645
356.7109
356.9096
357.1457
357.4076
357.5531
357.5647
357.5764
357.5882
357.5999
357.2176
357.3703
357.5575
357.7737
357.8986
357.9085
357.9186
357.9289
357.9393
357.9486
357.6649
357.83
358.0239
358.1382
358.1473
358.1566
358.1661
358.1757
358.1845
358.1908
357.9654
358.1502
358.2601
358.2688
358.2777
358.2869
358.2962
358.3047
358.311
358.3157
358.1508
358.2606
358.2693
358.2782
358.2873
358.2966
358.3052
358.3115
358.3164
358.3194
358.1398
358.1488
358.158
358.1675
358.1771
358.1859
358.1925
358.1977
358.201
358.2009
357.911
357.921
357.9313
357.9417
357.9511
357.9582
357.9639
357.9676
357.968
357.5798
357.5915
357.6033
357.6141
357.6222
357.6287
357.6331
357.6341
357.1813
357.1956
357.2084
357.2181
357.2261
357.2317
357.2336
356.7887
356.8041
356.8159
356.8256
356.8328
356.8358
356.498
356.5108
356.5214
356.5292
356.5328
356.3134
356.3242
356.3322
356.3359
356.2115
356.2196
356.2233
356.1694
356.173
353.4429
353.466
353.4884
353.5096
353.5289
353.7971
354.3134
354.8197
355.3137
355.7937
353.4668
353.4897
353.5115
353.5315
353.8075
354.3379
354.8558
355.3581
355.8434
356.0869
353.492
353.5151
353.5368
353.8329
354.398
354.9418
355.461
355.9553
356.2004
356.2199
353.5201
353.545
353.893
354.5324
355.1191
355.6578
356.1568
356.4002
356.4195
356.4386
353.5559
354.1087
354.8829
355.4954
356.0176
356.4865
356.7134
356.7314
356.7492
356.7667
355.6961
355.9507
356.2664
356.6061
356.9534
357.1344
357.1488
357.1632
357.1776
357.1918
356.7113
356.91
357.1461
357.4081
357.5536
357.5651
357.5768
357.5886
357.6005
357.6111
357.3708
357.558
357.7741
357.899
357.909
357.9191
357.9294
357.9398
357.9493
357.9562
357.8305
358.0244
358.1387
358.1478
358.1571
358.1665
358.1762
358.185
358.1915
358.1965
358.1508
358.2606
358.2693
358.2782
358.2873
358.2966
358.3052
358.3115
358.3164
358.3194
358.2612
358.2698
358.2787
358.2878
358.2971
358.3056
358.312
358.3169
358.3201
358.3199
358.1494
358.1586
358.168
358.1776
358.1864
358.1929
358.1982
358.2015
358.2016
357.9216
357.9318
357.9422
357.9516
357.9587
357.9644
357.9681
357.9685
357.592
357.6039
357.6146
357.6226
357.6292
357.6336
357.6345
357.1961
357.2089
357.2186
357.2265
357.2322
357.234
356.8046
356.8163
356.8261
356.8332
356.8363
356.5112
356.5218
356.5296
356.5332
356.3247
356.3327
356.3364
356.2201
356.2237
356.1735
353.4661
353.4885
353.5096
353.529
353.7972
354.3135
354.8199
355.314
355.7941
356.0364
353.4897
353.5115
353.5316
353.8076
354.3381
354.856
355.3584
355.8437
356.0873
356.1067
353.5152
353.5368
353.833
354.3982
354.9421
355.4613
355.9556
356.2008
356.2203
356.2397
353.5451
353.8931
354.5325
355.1194
355.6582
356.1572
356.4006
356.4199
356.4391
356.4579
354.1088
354.8831
355.4956
356.018
356.4869
356.7139
356.7318
356.7496
356.7672
356.7846
355.951
356.2668
356.6065
356.9539
357.1349
357.1493
357.1636
357.178
357.1924
357.2051
356.9105
357.1465
357.4085
357.554
357.5656
357.5773
357.5891
357.601
357.6117
357.6197
357.5585
357.7746
357.8995
357.9095
357.9195
357.9298
357.9403
357.9497
357.9568
357.9623
358.025
358.1392
358.1483
358.1575
358.167
358.1766
358.1854
358.192
358.1972
358.2003
358.2612
358.2698
358.2787
358.2878
358.2971
358.3056
358.312
358.3169
358.3201
358.3199
358.2704
358.2792
358.2883
358.2976
358.3061
358.3124
358.3174
358.3206
358.3206
358.1591
358.1685
358.1781
358.1869
358.1934
358.1986
358.2019
358.2021
357.9324
357.9427
357.9521
357.9592
357.9648
357.9685
357.969
357.6044
357.6151
357.6231
357.6296
357.634
357.635
357.2094
357.2191
357.227
357.2326
357.2345
356.8168
356.8266
356.8337
356.8367
356.5223
356.5301
356.5336
356.3331
356.3368
356.2242
353.4885
353.5097
353.529
353.7973
354.3137
354.8202
355.3143
355.7944
356.0368
356.0562
353.5116
353.5316
353.8077
354.3383
354.8562
355.3587
355.8441
356.0877
356.1072
356.1264
353.5369
353.8331
354.3984
354.9423
355.4616
355.956
356.2012
356.2207
356.2401
356.2593
353.8932
354.5327
355.1197
355.6585
356.1576
356.401
356.4203
356.4395
356.4584
356.4771
354.8834
355.4959
356.0183
356.4873
356.7143
356.7322
356.75
356.7676
356.7851
356.8004
356.2672
356.6069
356.9543
357.1354
357.1497
357.1641
357.1784
357.1928
357.2056
357.2153
357.147
357.409
357.5545
357.5661
357.5777
357.5895
357.6015
357.6122
357.6203
357.6267
357.7752
357.9
357.9099
357.92
357.9303
357.9407
357.9502
357.9573
357.963
357.9665
358.1398
358.1488
358.158
358.1675
358.1771
358.1859
358.1925
358.1977
358.201
358.2009
358.2704
358.2792
358.2883
358.2976
358.3061
358.3124
358.3174
358.3206
358.3206
358.2798
358.2888
358.2981
358.3066
358.3129
358.3179
358.321
358.3211
358.1691
358.1786
358.1874
358.1939
358.1991
358.2024
358.2025
357.9433
357.9526
357.9597
357.9653
357.969
357.9694
357.6156
357.6236
357.6301
357.6345
357.6354
357.2196
357.2275
357.2331
357.2349
356.8271
356.8342
356.8372
356.5305
356.5341
356.3373
353.5098
353.5291
353.7974
354.3139
354.8204
355.3146
355.7948
356.0372
356.0566
356.0758
353.5317
353.8078
354.3384
354.8565
355.359
355.8444
356.0881
356.1075
356.1269
356.146
353.8332
354.3986
354.9426
355.4619
355.9564
356.2016
356.2211
356.2405
356.2597
356.2787
354.5329
355.1199
355.6588
356.158
356.4015
356.4208
356.4399
356.4588
356.4775
356.4941
355.4963
356.0187
356.4877
356.7147
356.7327
356.7505
356.7681
356.7855
356.801
356.8127
356.6073
356.9547
357.1358
357.1502
357.1645
357.1789
357.1932
357.2061
357.2159
357.2237
357.4095
357.555
357.5665
357.5782
357.59
357.6019
357.6127
357.6208
357.6273
357.6316
357.9006
357.9105
357.9205
357.9308
357.9412
357.9507
357.9578
357.9635
357.9671
357.9674
358.1494
358.1586
358.168
358.1776
358.1864
358.1929
358.1982
358.2015
358.2016
358.2798
358.2888
358.2981
358.3066
358.3129
358.3179
358.321
358.3211
358.2894
358.2986
358.3071
358.3134
358.3183
358.3215
358.3215
358.1792
358.1879
358.1944
358.1996
358.2029
358.203
357.9532
357.9602
357.9658
357.9695
357.9699
357.6242
357.6306
357.635
357.6359
357.228
357.2336
357.2354
356.8346
356.8376
356.5345
353.5292
353.7975
354.3141
354.8206
355.3149
355.7951
356.0376
356.057
356.0762
356.0954
353.8079
354.3386
354.8567
355.3594
355.8448
356.0885
356.1079
356.1272
356.1464
356.1655
354.3988
354.9428
355.4622
355.9568
356.202
356.2215
356.2409
356.2601
356.2792
356.296
355.1202
355.6592
356.1584
356.4019
356.4212
356.4403
356.4592
356.4779
356.4946
356.5073
356.0191
356.4881
356.7152
356.7331
356.7509
356.7685
356.7859
356.8014
356.8132
356.8229
356.9552
357.1363
357.1506
357.165
357.1793
357.1937
357.2065
357.2163
357.2243
357.2298
357.5556
357.5671
357.5787
357.5905
357.6024
357.6131
357.6212
357.6278
357.6322
357.633
357.911
357.921
357.9313
357.9417
357.9511
357.9582
357.9639
357.9676
357.968
358.1591
358.1685
358.1781
358.1869
358.1934
358.1986
358.2019
358.2021
358.2894
358.2986
358.3071
358.3134
358.3183
358.3215
358.3215
358.2992
358.3076
358.3139
358.3188
358.322
358.322
358.1885
358.1949
358.2001
358.2033
358.2035
357.9608
357.9663
357.97
357.9703
357.6312
357.6355
357.6364
357.2341
357.2359
356.8381
353.7976
354.3142
354.8209
355.3152
355.7955
356.038
356.0573
356.0766
356.0958
356.1148
354.3388
354.857
355.3597
355.8452
356.0889
356.1083
356.1276
356.1468
356.1659
356.1829
354.9431
355.4626
355.9572
356.2025
356.222
356.2413
356.2605
356.2795
356.2965
356.3095
355.6595
356.1588
356.4023
356.4216
356.4407
356.4596
356.4783
356.495
356.5077
356.5183
356.4886
356.7156
356.7336
356.7514
356.7689
356.7863
356.8018
356.8137
356.8235
356.8306
357.1368
357.1511
357.1655
357.1798
357.1941
357.207
357.2167
357.2247
357.2304
357.2321
357.5676
357.5792
357.591
357.6029
357.6136
357.6217
357.6282
357.6327
357.6336
357.9216
357.9318
357.9422
357.9516
357.9587
357.9644
357.9681
357.9685
358.1691
358.1786
358.1874
358.1939
358.1991
358.2024
358.2025
358.2992
358.3076
358.3139
358.3188
358.322
358.322
358.3082
358.3144
358.3193
358.3224
358.3225
358.1955
358.2006
358.2038
358.2039
357.9669
357.9705
357.9708
357.6361
357.6369
357.2364
354.3144
354.8211
355.3155
355.7959
356.0384
356.0578
356.077
356.0962
356.1152
356.1322
354.8573
355.36
355.8456
356.0894
356.1087
356.128
356.1472
356.1663
356.1833
356.1964
355.4629
355.9576
356.2029
356.2224
356.2417
356.2609
356.2799
356.2969
356.3099
356.3208
356.1592
356.4028
356.422
356.4412
356.46
356.4788
356.4954
356.5081
356.5188
356.5266
356.7161
356.734
356.7518
356.7694
356.7868
356.8022
356.8141
356.8239
356.8311
356.8341
357.1516
357.1659
357.1803
357.1946
357.2074
357.2172
357.2252
357.2308
357.2327
357.5798
357.5915
357.6033
357.6141
357.6222
357.6287
357.6331
357.6341
357.9324
357.9427
357.9521
357.9592
357.9648
357.9685
357.969
358.1792
358.1879
358.1944
358.1996
358.2029
358.203
358.3082
358.3144
358.3193
358.3224
358.3225
358.315
358.3199
358.3229
358.3229
358.2012
358.2044
358.2044
357.9711
357.9714
357.6374
354.8214
355.3158
355.7963
356.0388
356.0582
356.0774
356.0965
356.1156
356.1326
356.1457
355.3603
355.846
356.0898
356.1092
356.1285
356.1476
356.1667
356.1837
356.1968
356.2077
355.958
356.2033
356.2228
356.2422
356.2613
356.2804
356.2973
356.3103
356.3212
356.3293
356.4032
356.4225
356.4416
356.4605
356.4792
356.4958
356.5086
356.5192
356.5271
356.5306
356.7345
356.7523
356.7698
356.7873
356.8027
356.8145
356.8243
356.8315
356.8346
357.1665
357.1808
357.1951
357.2079
357.2176
357.2256
357.2313
357.2331
357.592
357.6038
357.6146
357.6226
357.6292
357.6336
357.6345
357.9433
357.9526
357.9597
357.9653
357.969
357.9694
358.1885
358.1949
358.2001
358.2033
358.2035
358.315
358.3199
358.3229
358.3229
358.3205
358.3235
358.3234
358.2049
358.205
357.9719
355.3161
355.7967
356.0393
356.0586
356.0778
356.097
356.116
356.133
356.1461
356.1571
355.8464
356.0902
356.1096
356.1289
356.1481
356.1671
356.1841
356.1972
356.2082
356.2163
356.2038
356.2232
356.2426
356.2618
356.2808
356.2977
356.3107
356.3216
356.3297
356.3334
356.4229
356.442
356.4609
356.4796
356.4962
356.509
356.5196
356.5275
356.5311
356.7527
356.7703
356.7877
356.8031
356.8149
356.8247
356.8319
356.835
357.1813
357.1956
357.2084
357.2181
357.2261
357.2317
357.2336
357.6044
357.6151
357.6231
357.6296
357.634
357.635
357.9532
357.9602
357.9658
357.9695
357.9699
358.1955
358.2006
358.2038
358.2039
358.3205
358.3235
358.3234
358.3241
358.324
358.2055
355.7971
356.0397
356.059
356.0783
356.0974
356.1164
356.1334
356.1465
356.1575
356.1656
356.0906
356.11
356.1293
356.1485
356.1675
356.1845
356.1976
356.2085
356.2167
356.2204
356.2237
356.243
356.2622
356.2812
356.2981
356.3112
356.322
356.3301
356.3339
356.4425
356.4614
356.4801
356.4967
356.5094
356.52
356.5279
356.5315
356.7708
356.7882
356.8036
356.8154
356.8252
356.8323
356.8354
357.1961
357.2089
357.2186
357.2266
357.2321
357.234
357.6156
357.6236
357.6301
357.6345
357.6354
357.9608
357.9663
357.97
357.9703
358.2012
358.2044
358.2044
358.3241
358.324
358.3245
356.0401
356.0594
356.0787
356.0978
356.1168
356.1338
356.1469
356.1579
356.166
356.1697
356.1105
356.1297
356.1489
356.168
356.185
356.198
356.2089
356.2171
356.2208
356.2435
356.2626
356.2817
356.2986
356.3116
356.3224
356.3305
356.3343
356.4618
356.4805
356.4971
356.5099
356.5205
356.5283
356.5319
356.7887
356.8041
356.8159
356.8256
356.8328
356.8358
357.2094
357.2191
357.227
357.2326
357.2345
357.6242
357.6306
357.635
357.6359
357.9669
357.9705
357.9708
358.2049
358.205
358.3245
356.0599
356.0791
356.0982
356.1173
356.1343
356.1473
356.1583
356.1664
356.1702
356.1302
356.1494
356.1684
356.1854
356.1984
356.2094
356.2175
356.2212
356.2631
356.2821
356.299
356.312
356.3229
356.3309
356.3347
356.481
356.4976
356.5103
356.5209
356.5287
356.5323
356.8046
356.8163
356.8261
356.8332
356.8363
357.2196
357.2275
357.2331
357.2349
357.6312
357.6355
357.6364
357.9711
357.9713
358.2055
356.0795
356.0987
356.1177
356.1347
356.1478
356.1587
356.1668
356.1705
356.1498
356.1688
356.1858
356.1989
356.2098
356.2179
356.2216
356.2826
356.2995
356.3125
356.3233
356.3314
356.3351
356.498
356.5108
356.5213
356.5292
356.5327
356.8168
356.8266
356.8337
356.8367
357.228
357.2336
357.2354
357.6361
357.6369
357.9719
356.0991
356.1181
356.1351
356.1482
356.1591
356.1672
356.1709
356.1693
356.1863
356.1993
356.2102
356.2183
356.222
356.2999
356.3129
356.3238
356.3318
356.3355
356.5112
356.5218
356.5296
356.5332
356.8271
356.8342
356.8372
357.2341
357.2359
357.6374
356.1186
356.1356
356.1486
356.1595
356.1676
356.1713
356.1867
356.1998
356.2107
356.2188
356.2224
356.3134
356.3242
356.3322
356.336
356.5223
356.5301
356.5336
356.8347
356.8376
357.2364
356.136
356.1491
356.16
356.1681
356.1717
356.2002
356.2111
356.2192
356.2229
356.3247
356.3327
356.3364
356.5305
356.5341
356.8381
356.1495
356.1604
356.1685
356.1722
356.2115
356.2196
356.2233
356.3331
356.3368
356.5345
356.1608
356.1689
356.1726
356.2201
356.2237
356.3373
356.1694
356.173
356.2242
356.1735
)
;

boundaryField
{
    interconnect0
    {
        type            zeroGradient;
    }
    interconnectSides
    {
        type            zeroGradient;
    }
    cathodeSides
    {
        type            zeroGradient;
    }
    phiEC_to_phiE0
    {
        type            zeroGradient;
    }
    procBoundary2to1
    {
        type            processor;
        value           nonuniform List<scalar> 
500
(
353.1637
353.1636
353.1916
353.1633
353.1912
353.2211
353.163
353.1904
353.2203
353.2538
353.1626
353.1893
353.2188
353.2526
353.2916
353.1622
353.1879
353.2165
353.2499
353.2901
353.3246
353.1618
353.1865
353.2136
353.2459
353.2868
353.3236
353.3474
353.1614
353.1851
353.2105
353.2404
353.2811
353.3217
353.3469
353.3709
353.1612
353.1839
353.2075
353.2339
353.2715
353.319
353.3458
353.3706
353.3946
353.161
353.183
353.205
353.228
353.2549
353.3162
353.3444
353.3701
353.3946
353.4184
353.161
353.1826
353.2033
353.2233
353.2433
353.3433
353.3696
353.3945
353.4186
353.442
353.1612
353.1826
353.2024
353.2201
353.2355
353.3692
353.3945
353.4189
353.4424
353.4652
353.1614
353.183
353.2024
353.2186
353.2307
353.3946
353.4193
353.4432
353.4659
353.4876
353.1618
353.1839
353.2033
353.2186
353.2284
353.4198
353.4441
353.4673
353.4888
353.5088
353.1622
353.1851
353.205
353.2201
353.2284
353.445
353.469
353.4911
353.5106
353.5282
353.1626
353.1865
353.2075
353.2233
353.2307
353.4705
353.494
353.5142
353.5307
353.7962
353.163
353.1879
353.2105
353.228
353.2355
353.4967
353.5191
353.5359
353.8065
354.3124
353.1633
353.1893
353.2136
353.2339
353.2433
353.5243
353.544
353.8318
354.3367
354.8187
353.1636
353.1904
353.2165
353.2404
353.2549
353.5548
353.8917
354.3966
354.8545
355.3128
353.1637
353.1912
353.2188
353.2459
353.2715
354.1069
354.5305
354.9402
355.3569
355.7931
353.1916
353.2203
353.2499
353.2811
353.3162
355.6917
354.8804
355.117
355.4593
355.8423
356.0358
353.2211
353.2526
353.2868
353.319
353.3433
356.5584
355.9464
355.4925
355.6556
355.9537
356.0862
356.0555
353.2538
353.2901
353.3217
353.3444
353.3692
357.0975
356.7052
356.2622
356.0146
356.1547
356.1992
356.106
356.0752
353.2916
353.3236
353.3458
353.3696
353.3946
357.4232
357.2105
356.9043
356.602
356.4836
356.3984
356.2191
356.1257
356.0947
353.3246
353.3469
353.3701
353.3945
353.4198
357.5783
357.5232
357.3637
357.1407
356.9495
356.7108
356.4181
356.2389
356.1453
356.1142
353.3474
353.3706
353.3945
353.4193
353.445
357.5783
357.6735
357.6573
357.5515
357.4031
357.1309
356.7292
356.4376
356.2585
356.1648
356.1316
353.3709
353.3946
353.4189
353.4441
353.4705
357.4232
357.6735
357.8005
357.8231
357.7682
357.549
357.1457
356.7474
356.4569
356.2779
356.1822
356.1451
353.3946
353.4186
353.4432
353.469
353.4967
357.0975
357.5232
357.8005
357.9576
358.0175
357.8936
357.5611
357.1605
356.7654
356.4761
356.2953
356.1957
356.1564
353.4184
353.4424
353.4673
353.494
353.5243
356.5584
357.2105
357.6573
357.9576
358.1431
358.1324
357.904
357.5732
357.1753
356.7833
356.4931
356.3087
356.207
356.1649
353.442
353.4659
353.4911
353.5191
353.5548
355.6917
356.7052
357.3637
357.8231
358.1431
358.2536
358.142
357.9145
357.5855
357.1901
356.7992
356.5063
356.32
356.2156
356.1691
353.4652
353.4888
353.5142
353.544
354.1069
355.9464
356.9043
357.5515
358.0175
358.2536
358.2628
358.1517
357.9253
357.5978
357.2034
356.8114
356.5173
356.3285
356.2197
353.4876
353.5106
353.5359
353.8917
354.8804
356.2622
357.1407
357.7682
358.1324
358.2628
358.2722
358.1617
357.9362
357.6091
357.2136
356.8217
356.5256
356.3327
353.5088
353.5307
353.8318
354.5305
355.4925
356.602
357.4031
357.8936
358.142
358.2722
358.2818
358.1718
357.9461
357.6176
357.2221
356.8293
356.5297
353.5282
353.8065
354.3966
355.117
356.0146
356.9495
357.549
357.904
358.1517
358.2818
358.2916
358.181
357.9537
357.6246
357.2282
356.8328
353.7962
354.3367
354.9402
355.6557
356.4836
357.1309
357.5611
357.9145
358.1617
358.2916
358.3006
358.1881
357.9599
357.6295
357.2305
354.3124
354.8545
355.4593
356.1547
356.7108
357.1457
357.5732
357.9253
358.1718
358.3006
358.3074
358.1938
357.964
357.631
354.8187
355.3569
355.9537
356.3984
356.7292
357.1605
357.5855
357.9362
358.181
358.3074
358.3129
358.1976
357.9649
355.3128
355.8423
356.1992
356.4181
356.7474
357.1753
357.5978
357.9461
358.1881
358.3129
358.3165
358.1982
355.7931
356.0862
356.2191
356.4376
356.7654
357.1901
357.6091
357.9537
358.1938
358.3165
358.317
356.0358
356.106
356.2389
356.4569
356.7833
357.2034
357.6176
357.9599
358.1976
358.317
356.0555
356.1257
356.2585
356.4761
356.7992
357.2136
357.6246
357.964
358.1982
356.0752
356.1453
356.2779
356.4931
356.8114
357.2221
357.6295
357.9649
356.0947
356.1648
356.2953
356.5063
356.8217
357.2282
357.631
356.1142
356.1822
356.3087
356.5173
356.8293
357.2305
356.1316
356.1957
356.32
356.5256
356.8328
356.1451
356.207
356.3285
356.5297
356.1564
356.2156
356.3327
356.1649
356.2197
356.1691
)
;
    }
    procBoundary2to3
    {
        type            processor;
        value           nonuniform List<scalar> 
500
(
353.1638
353.1636
353.1917
353.1634
353.1913
353.2214
353.1631
353.1905
353.2206
353.2542
353.1627
353.1894
353.219
353.2529
353.2921
353.1622
353.1881
353.2167
353.2503
353.2906
353.3252
353.1618
353.1866
353.2139
353.2463
353.2873
353.3242
353.3481
353.1615
353.1852
353.2107
353.2408
353.2816
353.3223
353.3475
353.3716
353.1612
353.184
353.2077
353.2342
353.272
353.3196
353.3465
353.3714
353.3954
353.1611
353.1832
353.2053
353.2283
353.2553
353.3168
353.3451
353.3709
353.3954
353.4193
353.1611
353.1827
353.2035
353.2236
353.2437
353.344
353.3703
353.3954
353.4195
353.4429
353.1612
353.1827
353.2026
353.2204
353.2359
353.37
353.3953
353.4198
353.4434
353.4661
353.1615
353.1832
353.2026
353.2189
353.2311
353.3954
353.4202
353.4441
353.4669
353.4886
353.1618
353.184
353.2035
353.2189
353.2288
353.4207
353.4451
353.4683
353.4898
353.5098
353.1622
353.1852
353.2053
353.2204
353.2288
353.446
353.47
353.4921
353.5117
353.5293
353.1627
353.1866
353.2077
353.2236
353.2311
353.4716
353.495
353.5152
353.5318
353.7977
353.1631
353.1881
353.2107
353.2283
353.2359
353.4978
353.5202
353.537
353.808
354.3146
353.1634
353.1894
353.2139
353.2342
353.2437
353.5254
353.5452
353.8333
354.339
354.8216
353.1636
353.1905
353.2167
353.2408
353.2553
353.556
353.8933
354.3989
354.8575
355.3165
353.1638
353.1913
353.219
353.2463
353.272
354.1089
354.5331
354.9434
355.3606
355.7975
353.1917
353.2206
353.2503
353.2816
353.3168
355.6964
354.8836
355.1205
355.4632
355.8468
356.0405
353.2214
353.2529
353.2873
353.3196
353.344
356.565
355.9514
355.4966
355.6599
355.9584
356.091
356.0603
353.2542
353.2906
353.3223
353.3451
353.37
357.1054
356.7118
356.2676
356.0194
356.1597
356.2042
356.1109
356.08
353.2921
353.3242
353.3465
353.3703
353.3954
357.4318
357.2182
356.9109
356.6078
356.489
356.4037
356.2241
356.1306
356.0995
353.3252
353.3475
353.3709
353.3953
353.4207
357.5872
357.5315
357.3713
357.1475
356.9557
356.7166
356.4234
356.2439
356.1502
356.119
353.3481
353.3714
353.3954
353.4202
353.446
357.5872
357.6821
357.6655
357.559
357.4101
357.1373
356.735
356.4429
356.2635
356.1697
356.1364
353.3716
353.3954
353.4198
353.4451
353.4716
357.4318
357.6821
357.8089
357.8311
357.7758
357.5561
357.1522
356.7532
356.4623
356.283
356.1872
356.1499
353.3954
353.4195
353.4441
353.47
353.4978
357.1054
357.5315
357.8089
357.966
358.0256
357.9012
357.5682
357.167
356.7713
356.4814
356.3004
356.2007
356.1613
353.4193
353.4434
353.4683
353.495
353.5254
356.565
357.2182
357.6655
357.966
358.1514
358.1404
357.9116
357.5803
357.1818
356.7891
356.4985
356.3138
356.212
356.1698
353.4429
353.4669
353.4921
353.5202
353.556
355.6964
356.7118
357.3713
357.8311
358.1514
358.2618
358.15
357.9222
357.5926
357.1966
356.805
356.5117
356.3251
356.2205
356.1739
353.4661
353.4898
353.5152
353.5452
354.109
355.9514
356.9109
357.559
358.0256
358.2618
358.2711
358.1598
357.933
357.605
357.2099
356.8173
356.5227
356.3336
356.2246
353.4886
353.5117
353.537
353.8933
354.8836
356.2676
357.1475
357.7758
358.1404
358.2711
358.2805
358.1697
357.9439
357.6162
357.2201
356.8275
356.531
356.3377
353.5098
353.5318
353.8333
354.5331
355.4966
356.6078
357.4101
357.9012
358.15
358.2805
358.2901
358.1798
357.9538
357.6248
357.2286
356.8351
356.535
353.5293
353.808
354.3989
355.1205
356.0195
356.9557
357.5561
357.9116
358.1598
358.2901
358.2999
358.1891
357.9614
357.6318
357.2346
356.8386
353.7977
354.339
354.9434
355.6599
356.489
357.1373
357.5682
357.9222
358.1697
358.2999
358.3088
358.1961
357.9675
357.6366
357.2369
354.3146
354.8575
355.4633
356.1597
356.7166
357.1522
357.5803
357.933
358.1798
358.3088
358.3156
358.2018
357.9717
357.638
354.8217
355.3606
355.9584
356.4037
356.735
357.167
357.5926
357.9439
358.1891
358.3156
358.3211
358.2056
357.9725
355.3165
355.8468
356.2042
356.4234
356.7532
357.1818
357.605
357.9538
358.1961
358.3211
358.3247
358.2062
355.7975
356.0911
356.2241
356.4429
356.7713
357.1966
357.6162
357.9614
358.2018
358.3247
358.3252
356.0405
356.1109
356.2439
356.4623
356.7891
357.2099
357.6248
357.9675
358.2056
358.3252
356.0603
356.1306
356.2635
356.4815
356.8051
357.2202
357.6318
357.9717
358.2062
356.08
356.1502
356.283
356.4985
356.8173
357.2286
357.6366
357.9725
356.0995
356.1697
356.3004
356.5117
356.8276
357.2346
357.638
356.119
356.1872
356.3138
356.5227
356.8351
357.2369
356.1365
356.2007
356.3251
356.531
356.8386
356.15
356.212
356.3336
356.535
356.1613
356.2205
356.3377
356.1698
356.2246
356.1739
)
;
    }
}
)

// processor3

49436
(dimensions      [0 0 0 1 0 0 0];

internalField   nonuniform List<scalar> 
5000
(
353.1638
353.1636
353.1638
353.1917
353.1634
353.1636
353.1913
353.1638
353.1918
353.2214
353.1631
353.1634
353.1905
353.1636
353.1913
353.2206
353.1638
353.1918
353.2214
353.2542
353.1627
353.1631
353.1894
353.1634
353.1905
353.219
353.1636
353.1914
353.2206
353.2529
353.1638
353.1918
353.2214
353.2542
353.2921
353.1622
353.1627
353.1881
353.1631
353.1894
353.2167
353.1634
353.1906
353.219
353.2503
353.1636
353.1914
353.2206
353.2529
353.2906
353.1638
353.1918
353.2214
353.2542
353.2922
353.3252
353.1618
353.1622
353.1866
353.1627
353.1881
353.2139
353.1631
353.1894
353.2167
353.2463
353.1634
353.1906
353.219
353.2503
353.2873
353.1636
353.1914
353.2206
353.253
353.2906
353.3242
353.1638
353.1918
353.2214
353.2543
353.2922
353.3252
353.3481
353.1615
353.1618
353.1852
353.1622
353.1866
353.2107
353.1627
353.1881
353.2139
353.2408
353.1631
353.1894
353.2167
353.2463
353.2816
353.1634
353.1906
353.219
353.2503
353.2873
353.3223
353.1636
353.1914
353.2206
353.253
353.2907
353.3242
353.3475
353.1638
353.1918
353.2214
353.2543
353.2922
353.3252
353.3481
353.3716
353.1612
353.1615
353.184
353.1618
353.1852
353.2077
353.1622
353.1866
353.2107
353.2342
353.1627
353.1881
353.2139
353.2408
353.272
353.1631
353.1894
353.2168
353.2463
353.2816
353.3196
353.1634
353.1906
353.219
353.2504
353.2874
353.3224
353.3465
353.1636
353.1914
353.2206
353.253
353.2907
353.3243
353.3476
353.3714
353.1638
353.1918
353.2214
353.2543
353.2922
353.3252
353.3482
353.3717
353.3954
353.1611
353.1612
353.1832
353.1615
353.184
353.2053
353.1618
353.1852
353.2078
353.2283
353.1622
353.1866
353.2107
353.2342
353.2553
353.1627
353.1881
353.2139
353.2408
353.272
353.3168
353.1631
353.1895
353.2168
353.2463
353.2816
353.3197
353.3451
353.1634
353.1906
353.2191
353.2504
353.2874
353.3224
353.3465
353.3709
353.1636
353.1914
353.2206
353.253
353.2907
353.3243
353.3476
353.3714
353.3954
353.1638
353.1918
353.2215
353.2543
353.2923
353.3253
353.3482
353.3717
353.3955
353.4193
353.1611
353.1611
353.1827
353.1612
353.1832
353.2035
353.1615
353.184
353.2053
353.2236
353.1618
353.1852
353.2078
353.2283
353.2437
353.1622
353.1866
353.2108
353.2343
353.2553
353.1627
353.1881
353.2139
353.2408
353.272
353.3169
353.344
353.1631
353.1895
353.2168
353.2463
353.2816
353.3197
353.3451
353.3703
353.1634
353.1906
353.2191
353.2504
353.2874
353.3224
353.3465
353.3709
353.3954
353.1636
353.1914
353.2207
353.253
353.2907
353.3243
353.3476
353.3714
353.3954
353.4195
353.1918
353.2215
353.2543
353.2923
353.3253
353.3482
353.3717
353.3955
353.4193
353.4429
353.1612
353.1611
353.1827
353.1611
353.1827
353.2026
353.1612
353.1832
353.2035
353.2204
353.1615
353.184
353.2053
353.2236
353.2359
353.1618
353.1852
353.2078
353.2283
353.2437
353.1622
353.1866
353.2108
353.2343
353.2553
353.1627
353.1881
353.2139
353.2408
353.2721
353.3169
353.344
353.37
353.1631
353.1895
353.2168
353.2463
353.2817
353.3197
353.3452
353.3704
353.3953
353.1634
353.1906
353.2191
353.2504
353.2874
353.3224
353.3466
353.371
353.3954
353.4198
353.1914
353.2207
353.253
353.2907
353.3243
353.3477
353.3715
353.3955
353.4195
353.4434
353.2215
353.2543
353.2923
353.3253
353.3483
353.3718
353.3956
353.4194
353.443
353.4661
353.1615
353.1612
353.1832
353.1611
353.1827
353.2026
353.1611
353.1828
353.2026
353.2189
353.1612
353.1832
353.2035
353.2205
353.2311
353.1615
353.1841
353.2053
353.2236
353.2359
353.1618
353.1852
353.2078
353.2283
353.2437
353.1622
353.1866
353.2108
353.2343
353.2553
353.1627
353.1881
353.2139
353.2409
353.2721
353.3169
353.3441
353.37
353.3954
353.1631
353.1895
353.2168
353.2464
353.2817
353.3197
353.3452
353.3704
353.3954
353.4202
353.1906
353.2191
353.2504
353.2874
353.3225
353.3466
353.371
353.3954
353.4198
353.4441
353.2207
353.253
353.2908
353.3244
353.3477
353.3715
353.3955
353.4195
353.4434
353.4669
353.2543
353.2923
353.3253
353.3483
353.3718
353.3956
353.4194
353.443
353.4662
353.4886
353.1618
353.1615
353.184
353.1612
353.1832
353.2035
353.1611
353.1828
353.2026
353.2189
353.1611
353.1828
353.2026
353.2189
353.2288
353.1612
353.1832
353.2035
353.2205
353.2311
353.1615
353.1841
353.2053
353.2236
353.2359
353.1618
353.1852
353.2078
353.2283
353.2438
353.1622
353.1866
353.2108
353.2343
353.2553
353.1627
353.1881
353.2139
353.2409
353.2721
353.3169
353.3441
353.37
353.3955
353.4207
353.1895
353.2168
353.2464
353.2817
353.3198
353.3452
353.3704
353.3954
353.4203
353.4451
353.2191
353.2504
353.2875
353.3225
353.3466
353.371
353.3955
353.4199
353.4442
353.4683
353.2531
353.2908
353.3244
353.3477
353.3715
353.3956
353.4196
353.4434
353.4669
353.4898
353.2923
353.3254
353.3483
353.3718
353.3956
353.4194
353.4431
353.4662
353.4887
353.5098
353.1622
353.1618
353.1852
353.1615
353.184
353.2053
353.1612
353.1832
353.2035
353.2204
353.1611
353.1828
353.2026
353.2189
353.2288
353.1611
353.1828
353.2026
353.2189
353.2288
353.1612
353.1832
353.2036
353.2205
353.2311
353.1615
353.1841
353.2053
353.2237
353.236
353.1618
353.1853
353.2078
353.2283
353.2438
353.1622
353.1866
353.2108
353.2343
353.2554
353.1881
353.2139
353.2409
353.2721
353.317
353.3441
353.3701
353.3955
353.4207
353.446
353.2168
353.2464
353.2817
353.3198
353.3453
353.3705
353.3955
353.4203
353.4451
353.47
353.2504
353.2875
353.3225
353.3466
353.3711
353.3955
353.4199
353.4442
353.4683
353.4921
353.2908
353.3244
353.3477
353.3716
353.3956
353.4196
353.4435
353.467
353.4899
353.5117
353.3254
353.3483
353.3719
353.3957
353.4195
353.4431
353.4663
353.4887
353.5099
353.5293
353.1627
353.1622
353.1866
353.1618
353.1852
353.2077
353.1615
353.184
353.2053
353.2236
353.1612
353.1832
353.2035
353.2205
353.2311
353.1611
353.1828
353.2026
353.2189
353.2288
353.1611
353.1828
353.2026
353.2189
353.2288
353.1612
353.1832
353.2036
353.2205
353.2311
353.1615
353.1841
353.2053
353.2237
353.236
353.1618
353.1853
353.2078
353.2284
353.2438
353.1867
353.2108
353.2343
353.2554
353.2139
353.2409
353.2721
353.317
353.3441
353.3701
353.3956
353.4208
353.446
353.4716
353.2464
353.2817
353.3198
353.3453
353.3705
353.3955
353.4204
353.4452
353.47
353.495
353.2875
353.3225
353.3467
353.3711
353.3955
353.42
353.4443
353.4684
353.4921
353.5152
353.3244
353.3478
353.3716
353.3956
353.4197
353.4435
353.467
353.4899
353.5117
353.5318
353.3484
353.3719
353.3957
353.4195
353.4432
353.4663
353.4888
353.51
353.5293
353.7977
353.1631
353.1627
353.1881
353.1622
353.1866
353.2107
353.1618
353.1852
353.2078
353.2283
353.1615
353.184
353.2053
353.2236
353.2359
353.1612
353.1832
353.2035
353.2205
353.2311
353.1611
353.1828
353.2026
353.2189
353.2288
353.1611
353.1828
353.2027
353.2189
353.2288
353.1612
353.1832
353.2036
353.2205
353.2311
353.1615
353.1841
353.2053
353.2237
353.236
353.1853
353.2078
353.2284
353.2438
353.2108
353.2343
353.2554
353.2409
353.2721
353.317
353.3442
353.3701
353.3956
353.4208
353.4461
353.4716
353.4978
353.2817
353.3198
353.3453
353.3705
353.3955
353.4204
353.4452
353.4701
353.4951
353.5202
353.3225
353.3467
353.3711
353.3956
353.42
353.4443
353.4684
353.4922
353.5153
353.537
353.3478
353.3716
353.3957
353.4197
353.4436
353.4671
353.49
353.5118
353.5318
353.808
353.3719
353.3957
353.4196
353.4432
353.4664
353.4888
353.51
353.5294
353.7978
354.3146
353.1634
353.1631
353.1894
353.1627
353.1881
353.2139
353.1622
353.1866
353.2107
353.2342
353.1618
353.1852
353.2078
353.2283
353.2437
353.1615
353.1841
353.2053
353.2236
353.2359
353.1612
353.1832
353.2036
353.2205
353.2311
353.1611
353.1828
353.2027
353.2189
353.2288
353.1611
353.1828
353.2027
353.2189
353.2288
353.1612
353.1832
353.2036
353.2205
353.2311
353.1841
353.2053
353.2237
353.236
353.2078
353.2284
353.2438
353.2343
353.2554
353.2722
353.317
353.3442
353.3702
353.3956
353.4209
353.4461
353.4717
353.4979
353.5254
353.3198
353.3453
353.3706
353.3956
353.4204
353.4453
353.4701
353.4951
353.5203
353.5452
353.3467
353.3711
353.3956
353.42
353.4444
353.4685
353.4923
353.5154
353.537
353.8333
353.3716
353.3957
353.4197
353.4436
353.4671
353.49
353.5118
353.5319
353.8081
354.339
353.3957
353.4196
353.4432
353.4664
353.4889
353.5101
353.5294
353.7979
354.3148
354.8216
353.1636
353.1634
353.1905
353.1631
353.1894
353.2167
353.1627
353.1881
353.2139
353.2408
353.1622
353.1866
353.2107
353.2342
353.2553
353.1618
353.1852
353.2078
353.2283
353.2437
353.1615
353.1841
353.2053
353.2236
353.2359
353.1612
353.1832
353.2036
353.2205
353.2311
353.1611
353.1828
353.2027
353.2189
353.2288
353.1611
353.1828
353.2027
353.2189
353.2288
353.1832
353.2036
353.2205
353.2312
353.2053
353.2237
353.236
353.2284
353.2438
353.2554
353.3171
353.3442
353.3702
353.3957
353.4209
353.4462
353.4717
353.4979
353.5255
353.556
353.3453
353.3706
353.3956
353.4205
353.4453
353.4702
353.4952
353.5203
353.5452
353.8933
353.3712
353.3956
353.4201
353.4444
353.4685
353.4923
353.5154
353.5371
353.8334
354.3989
353.3957
353.4198
353.4437
353.4672
353.4901
353.5119
353.532
353.8082
354.3392
354.8575
353.4196
353.4433
353.4665
353.4889
353.5101
353.5295
353.798
354.315
354.8219
355.3165
353.1638
353.1636
353.1913
353.1634
353.1905
353.219
353.1631
353.1894
353.2167
353.2463
353.1627
353.1881
353.2139
353.2408
353.272
353.1622
353.1866
353.2108
353.2343
353.2553
353.1618
353.1852
353.2078
353.2283
353.2437
353.1615
353.1841
353.2053
353.2237
353.236
353.1612
353.1832
353.2036
353.2205
353.2311
353.1611
353.1828
353.2027
353.2189
353.2288
353.1828
353.2027
353.2189
353.2288
353.2036
353.2205
353.2312
353.2237
353.236
353.2438
353.3442
353.3702
353.3957
353.4209
353.4462
353.4718
353.498
353.5255
353.5561
354.1089
353.3706
353.3956
353.4205
353.4454
353.4702
353.4952
353.5204
353.5453
353.8934
354.5331
353.3957
353.4201
353.4444
353.4686
353.4924
353.5155
353.5372
353.8335
354.3991
354.9434
353.4198
353.4437
353.4672
353.4901
353.5119
353.532
353.8083
354.3393
354.8578
355.3606
353.4433
353.4665
353.489
353.5102
353.5295
353.7981
354.3151
354.8221
355.3168
355.7975
353.1638
353.1917
353.1636
353.1913
353.2206
353.1634
353.1906
353.219
353.2503
353.1631
353.1894
353.2167
353.2463
353.2816
353.1627
353.1881
353.2139
353.2408
353.272
353.3168
353.1622
353.1866
353.2108
353.2343
353.2553
353.1618
353.1852
353.2078
353.2283
353.2438
353.1615
353.1841
353.2053
353.2237
353.236
353.1612
353.1832
353.2036
353.2205
353.2311
353.1828
353.2027
353.2189
353.2288
353.2027
353.2189
353.2288
353.2205
353.2312
353.236
355.6964
353.3703
353.3957
353.421
353.4463
353.4718
353.498
353.5256
353.5562
354.1091
354.8836
353.3956
353.4205
353.4454
353.4703
353.4953
353.5204
353.5454
353.8935
354.5333
355.1205
353.4201
353.4445
353.4686
353.4924
353.5155
353.5372
353.8336
354.3993
354.9436
355.4632
353.4437
353.4673
353.4902
353.512
353.5321
353.8084
354.3395
354.858
355.361
355.8468
353.4665
353.489
353.5102
353.5296
353.7982
354.3153
354.8224
355.3171
355.7979
356.0405
353.1638
353.1918
353.2214
353.1636
353.1914
353.2206
353.2529
353.1634
353.1906
353.219
353.2503
353.2873
353.1631
353.1894
353.2168
353.2463
353.2816
353.3196
353.1627
353.1881
353.2139
353.2408
353.272
353.3169
353.344
353.1622
353.1866
353.2108
353.2343
353.2553
353.1618
353.1853
353.2078
353.2283
353.2438
353.1615
353.1841
353.2053
353.2237
353.236
353.1832
353.2036
353.2205
353.2312
353.2027
353.2189
353.2288
353.2189
353.2288
353.2312
356.565
355.6967
355.9514
353.3957
353.421
353.4463
353.4719
353.4981
353.5257
353.5562
354.1092
354.8838
355.4966
353.4206
353.4454
353.4703
353.4953
353.5205
353.5454
353.8936
354.5335
355.1208
355.6599
353.4445
353.4686
353.4924
353.5156
353.5373
353.8337
354.3995
354.9438
355.4636
355.9584
353.4673
353.4902
353.512
353.5321
353.8085
354.3397
354.8582
355.3613
355.8472
356.091
353.489
353.5103
353.5297
353.7983
354.3155
354.8226
355.3174
355.7982
356.041
356.0603
353.1638
353.1918
353.2214
353.2542
353.1636
353.1914
353.2206
353.2529
353.2906
353.1634
353.1906
353.219
353.2503
353.2873
353.3223
353.1631
353.1895
353.2168
353.2463
353.2816
353.3197
353.3451
353.1627
353.1881
353.2139
353.2408
353.2721
353.3169
353.344
353.37
353.1622
353.1866
353.2108
353.2343
353.2553
353.1618
353.1853
353.2078
353.2284
353.2438
353.1841
353.2053
353.2237
353.236
353.2036
353.2205
353.2312
353.2189
353.2288
353.2289
357.1054
356.5653
356.7118
355.6969
355.9517
356.2676
353.421
353.4463
353.4719
353.4981
353.5257
353.5563
354.1093
354.884
355.4969
356.0194
353.4455
353.4704
353.4954
353.5205
353.5455
353.8937
354.5337
355.121
355.6602
356.1597
353.4687
353.4925
353.5156
353.5373
353.8338
354.3996
354.9441
355.4639
355.9588
356.2042
353.4902
353.5121
353.5322
353.8086
354.3399
354.8585
355.3616
355.8476
356.0915
356.1109
353.5103
353.5297
353.7984
354.3156
354.8229
355.3177
355.7986
356.0414
356.0607
356.08
353.1638
353.1918
353.2214
353.2542
353.2921
353.1636
353.1914
353.2206
353.253
353.2906
353.3242
353.1634
353.1906
353.219
353.2504
353.2874
353.3224
353.3465
353.1631
353.1895
353.2168
353.2463
353.2816
353.3197
353.3451
353.3703
353.1627
353.1881
353.2139
353.2409
353.2721
353.3169
353.3441
353.37
353.3954
353.1622
353.1866
353.2108
353.2343
353.2554
353.1853
353.2078
353.2284
353.2438
353.2053
353.2237
353.236
353.2205
353.2312
353.2289
357.4318
357.1057
357.2182
356.5656
356.7121
356.9109
355.6972
355.952
356.2679
356.6078
353.4464
353.4719
353.4982
353.5258
353.5563
354.1094
354.8843
355.4971
356.0198
356.489
353.4704
353.4954
353.5206
353.5455
353.8938
354.5339
355.1213
355.6605
356.1601
356.4037
353.4925
353.5157
353.5374
353.8339
354.3998
354.9443
355.4642
355.9591
356.2046
356.2241
353.5121
353.5322
353.8087
354.34
354.8587
355.3619
355.8479
356.0919
356.1113
356.1306
353.5297
353.7984
354.3158
354.8231
355.318
355.799
356.0418
356.0611
356.0804
356.0995
353.1638
353.1918
353.2214
353.2542
353.2922
353.3252
353.1636
353.1914
353.2206
353.253
353.2907
353.3242
353.3475
353.1634
353.1906
353.2191
353.2504
353.2874
353.3224
353.3465
353.3709
353.1631
353.1895
353.2168
353.2463
353.2817
353.3197
353.3452
353.3704
353.3953
353.1627
353.1881
353.2139
353.2409
353.2721
353.3169
353.3441
353.37
353.3955
353.4207
353.1867
353.2108
353.2343
353.2554
353.2078
353.2284
353.2438
353.2237
353.236
353.2312
357.5872
357.4321
357.5315
357.106
357.2185
357.3713
356.5659
356.7125
356.9113
357.1475
355.6974
355.9523
356.2682
356.6082
356.9557
353.472
353.4982
353.5258
353.5564
354.1096
354.8845
355.4974
356.0201
356.4894
356.7166
353.4955
353.5206
353.5456
353.8939
354.5341
355.1215
355.6609
356.1604
356.4041
356.4234
353.5157
353.5374
353.834
354.4
354.9446
355.4645
355.9595
356.205
356.2246
356.2439
353.5322
353.8088
354.3402
354.859
355.3622
355.8483
356.0923
356.1117
356.1311
356.1502
353.7985
354.3159
354.8233
355.3183
355.7994
356.0422
356.0616
356.0808
356.1
356.119
353.1638
353.1918
353.2214
353.2543
353.2922
353.3252
353.3481
353.1636
353.1914
353.2206
353.253
353.2907
353.3243
353.3476
353.3714
353.1634
353.1906
353.2191
353.2504
353.2874
353.3224
353.3465
353.3709
353.3954
353.1631
353.1895
353.2168
353.2464
353.2817
353.3197
353.3452
353.3704
353.3954
353.4202
353.1881
353.2139
353.2409
353.2721
353.317
353.3441
353.3701
353.3955
353.4207
353.446
353.2108
353.2343
353.2554
353.2284
353.2438
353.236
357.5872
357.5875
357.6821
357.4324
357.5319
357.6655
357.1064
357.2189
357.3717
357.559
356.5662
356.7128
356.9117
357.1479
357.4101
355.6977
355.9526
356.2686
356.6085
356.9562
357.1373
353.4982
353.5259
353.5564
354.1097
354.8847
355.4977
356.0205
356.4898
356.717
356.735
353.5207
353.5456
353.894
354.5342
355.1218
355.6612
356.1608
356.4045
356.4238
356.4429
353.5375
353.8341
354.4002
354.9448
355.4648
355.9599
356.2055
356.225
356.2443
356.2635
353.8088
354.3403
354.8592
355.3625
355.8487
356.0927
356.1122
356.1315
356.1507
356.1697
354.316
354.8235
355.3187
355.7997
356.0426
356.062
356.0812
356.1004
356.1195
356.1364
353.1638
353.1918
353.2214
353.2543
353.2922
353.3252
353.3481
353.3716
353.1636
353.1914
353.2206
353.253
353.2907
353.3243
353.3476
353.3714
353.3954
353.1634
353.1906
353.2191
353.2504
353.2874
353.3224
353.3466
353.371
353.3954
353.4198
353.1895
353.2168
353.2464
353.2817
353.3198
353.3452
353.3704
353.3954
353.4203
353.4451
353.2139
353.2409
353.2721
353.317
353.3441
353.3701
353.3956
353.4208
353.446
353.4716
353.2343
353.2554
353.2438
357.4318
357.5875
357.6821
357.5879
357.6825
357.8089
357.4328
357.5322
357.6659
357.8311
357.1067
357.2193
357.3721
357.5595
357.7758
356.5666
356.7132
356.9121
357.1483
357.4105
357.5561
355.698
355.9529
356.2689
356.6089
356.9566
357.1378
357.1522
353.5259
353.5565
354.1098
354.8849
355.498
356.0208
356.4902
356.7174
356.7354
356.7532
353.5457
353.8941
354.5344
355.122
355.6615
356.1612
356.4049
356.4242
356.4434
356.4623
353.8342
354.4003
354.9451
355.4651
355.9603
356.2059
356.2254
356.2447
356.264
356.283
354.3404
354.8594
355.3628
355.8491
356.0931
356.1126
356.1319
356.1511
356.1702
356.1872
354.8236
355.3189
355.8001
356.043
356.0624
356.0817
356.1008
356.1199
356.1369
356.1499
353.1638
353.1918
353.2214
353.2543
353.2922
353.3252
353.3482
353.3717
353.3954
353.1636
353.1914
353.2207
353.253
353.2907
353.3243
353.3476
353.3714
353.3954
353.4195
353.1906
353.2191
353.2504
353.2874
353.3225
353.3466
353.371
353.3954
353.4198
353.4441
353.2168
353.2464
353.2817
353.3198
353.3453
353.3705
353.3955
353.4203
353.4451
353.47
353.2409
353.2721
353.317
353.3442
353.3701
353.3956
353.4208
353.4461
353.4716
353.4978
353.2554
357.1054
357.4321
357.5315
357.5879
357.6825
357.8089
357.5882
357.6829
357.8093
357.966
357.4332
357.5326
357.6663
357.8316
358.0256
357.1071
357.2196
357.3725
357.5599
357.7762
357.9012
356.5669
356.7135
356.9124
357.1487
357.4109
357.5566
357.5682
355.6983
355.9532
356.2693
356.6093
356.957
357.1382
357.1526
357.167
353.5565
354.1099
354.8851
355.4982
356.0212
356.4906
356.7179
356.7359
356.7537
356.7713
353.8942
354.5345
355.1223
355.6618
356.1616
356.4053
356.4247
356.4438
356.4627
356.4814
354.4004
354.9452
355.4654
355.9606
356.2063
356.2258
356.2452
356.2644
356.2834
356.3004
354.8595
355.363
355.8495
356.0935
356.113
356.1323
356.1515
356.1706
356.1876
356.2007
355.319
355.8004
356.0435
356.0628
356.0821
356.1013
356.1203
356.1373
356.1504
356.1613
353.1638
353.1918
353.2215
353.2543
353.2923
353.3253
353.3482
353.3717
353.3955
353.4193
353.1914
353.2207
353.253
353.2907
353.3243
353.3477
353.3715
353.3955
353.4195
353.4434
353.2191
353.2504
353.2875
353.3225
353.3466
353.371
353.3955
353.4199
353.4442
353.4683
353.2464
353.2817
353.3198
353.3453
353.3705
353.3955
353.4204
353.4452
353.47
353.495
353.2722
353.317
353.3442
353.3702
353.3956
353.4209
353.4461
353.4717
353.4979
353.5254
356.565
357.1057
357.2182
357.4325
357.5319
357.6655
357.5882
357.6829
357.8093
357.966
357.5886
357.6833
357.8097
357.9664
358.1514
357.4336
357.533
357.6667
357.832
358.026
358.1404
357.1075
357.22
357.3729
357.5603
357.7766
357.9017
357.9116
356.5673
356.7139
356.9128
357.1491
357.4114
357.557
357.5686
357.5803
355.6985
355.9535
356.2696
356.6097
356.9574
357.1387
357.153
357.1674
357.1818
354.11
354.8852
355.4985
356.0215
356.491
356.7183
356.7363
356.7541
356.7717
356.7891
354.5347
355.1225
355.6621
356.1619
356.4057
356.4251
356.4442
356.4631
356.4819
356.4985
354.9454
355.4657
355.961
356.2067
356.2262
356.2456
356.2648
356.2839
356.3008
356.3138
355.3632
355.8497
356.094
356.1134
356.1327
356.1519
356.171
356.188
356.2011
356.212
355.8005
356.0437
356.0632
356.0825
356.1017
356.1207
356.1378
356.1508
356.1617
356.1698
353.1918
353.2215
353.2543
353.2923
353.3253
353.3482
353.3717
353.3955
353.4193
353.4429
353.2207
353.253
353.2908
353.3244
353.3477
353.3715
353.3955
353.4195
353.4434
353.4669
353.2504
353.2875
353.3225
353.3466
353.3711
353.3955
353.4199
353.4442
353.4683
353.4921
353.2817
353.3198
353.3453
353.3705
353.3955
353.4204
353.4452
353.4701
353.4951
353.5202
353.3171
353.3442
353.3702
353.3957
353.4209
353.4462
353.4717
353.4979
353.5255
353.556
355.6964
356.5653
356.7118
357.106
357.2185
357.3713
357.4328
357.5322
357.6659
357.8311
357.5886
357.6833
357.8097
357.9664
358.1514
357.589
357.6837
357.8101
357.9668
358.1519
358.2618
357.4339
357.5334
357.6671
357.8324
358.0265
358.1409
358.15
357.1079
357.2204
357.3733
357.5607
357.7771
357.9021
357.9121
357.9222
356.5676
356.7143
356.9132
357.1496
357.4118
357.5575
357.5691
357.5808
357.5926
355.6989
355.9537
356.2699
356.61
356.9579
357.1391
357.1535
357.1679
357.1823
357.1966
354.8854
355.4988
356.0218
356.4914
356.7187
356.7367
356.7545
356.7721
356.7896
356.805
355.1227
355.6624
356.1624
356.4061
356.4255
356.4446
356.4636
356.4823
356.4989
356.5117
355.4659
355.9613
356.2071
356.2266
356.246
356.2652
356.2843
356.3012
356.3143
356.3251
355.8499
356.0943
356.1138
356.1331
356.1524
356.1715
356.1885
356.2015
356.2124
356.2205
356.0439
356.0635
356.0829
356.1021
356.1212
356.1382
356.1513
356.1621
356.1702
356.1739
353.2215
353.2543
353.2923
353.3253
353.3483
353.3718
353.3956
353.4194
353.443
353.4661
353.2531
353.2908
353.3244
353.3477
353.3715
353.3956
353.4196
353.4434
353.467
353.4898
353.2875
353.3225
353.3467
353.3711
353.3955
353.42
353.4443
353.4684
353.4921
353.5152
353.3198
353.3453
353.3706
353.3956
353.4204
353.4453
353.4701
353.4951
353.5203
353.5452
353.3442
353.3702
353.3957
353.4209
353.4462
353.4718
353.498
353.5255
353.5561
354.109
355.6967
355.9514
356.5656
356.7121
356.9109
357.1064
357.2189
357.3717
357.559
357.4332
357.5326
357.6663
357.8316
358.0256
357.589
357.6837
357.8101
357.9668
358.1519
358.2618
357.5894
357.6841
357.8105
357.9673
358.1523
358.2623
358.2711
357.4344
357.5338
357.6675
357.8329
358.0269
358.1414
358.1505
358.1598
357.1083
357.2208
357.3737
357.5612
357.7776
357.9026
357.9126
357.9227
357.933
356.5682
356.7146
356.9136
357.15
357.4123
357.558
357.5696
357.5812
357.5931
357.605
355.9542
356.2702
356.6104
356.9583
357.1396
357.154
357.1683
357.1827
357.1971
357.2099
355.499
356.0221
356.4918
356.7191
356.7372
356.755
356.7726
356.79
356.8055
356.8173
355.6626
356.1626
356.4066
356.4259
356.4451
356.464
356.4827
356.4994
356.5121
356.5227
355.9615
356.2074
356.227
356.2464
356.2656
356.2847
356.3017
356.3147
356.3255
356.3336
356.0944
356.1141
356.1336
356.1528
356.1719
356.1889
356.202
356.2129
356.2209
356.2246
356.0637
356.0832
356.1025
356.1216
356.1386
356.1517
356.1626
356.1707
356.1743
353.2543
353.2923
353.3253
353.3483
353.3718
353.3956
353.4194
353.443
353.4662
353.4886
353.2908
353.3244
353.3477
353.3716
353.3956
353.4196
353.4435
353.467
353.4899
353.5117
353.3225
353.3467
353.3711
353.3956
353.42
353.4443
353.4684
353.4922
353.5153
353.537
353.3453
353.3706
353.3956
353.4205
353.4453
353.4702
353.4952
353.5203
353.5452
353.8933
353.3702
353.3957
353.421
353.4463
353.4718
353.498
353.5256
353.5562
354.1091
354.8836
355.6969
355.9517
356.2676
356.5659
356.7125
356.9113
357.1475
357.1067
357.2193
357.3721
357.5595
357.7758
357.4336
357.533
357.6667
357.832
358.026
358.1404
357.5894
357.6841
357.8105
357.9673
358.1523
358.2623
358.2711
357.5898
357.6845
357.811
357.9677
358.1528
358.2628
358.2715
358.2805
357.4348
357.5343
357.6679
357.8333
358.0274
358.1419
358.1509
358.1602
358.1697
357.109
357.2212
357.3741
357.5616
357.778
357.9031
357.913
357.9231
357.9334
357.9439
356.7152
356.914
357.1504
357.4127
357.5584
357.57
357.5817
357.5935
357.6054
357.6162
356.2707
356.6108
356.9587
357.14
357.1544
357.1688
357.1832
357.1975
357.2104
357.2201
356.0225
356.4921
356.7196
356.7376
356.7554
356.773
356.7905
356.8059
356.8178
356.8275
356.1629
356.4069
356.4263
356.4454
356.4644
356.4832
356.4998
356.5125
356.5232
356.531
356.2076
356.2273
356.2468
356.266
356.2851
356.3021
356.3151
356.326
356.334
356.3377
356.1143
356.1339
356.1532
356.1723
356.1893
356.2024
356.2133
356.2214
356.2251
356.0834
356.1028
356.122
356.139
356.1521
356.163
356.1711
356.1748
353.2923
353.3254
353.3483
353.3718
353.3956
353.4194
353.4431
353.4662
353.4887
353.5098
353.3244
353.3478
353.3716
353.3956
353.4197
353.4435
353.467
353.4899
353.5117
353.5318
353.3467
353.3711
353.3956
353.42
353.4444
353.4685
353.4923
353.5154
353.537
353.8333
353.3706
353.3956
353.4205
353.4454
353.4702
353.4952
353.5204
353.5453
353.8934
354.5331
353.3957
353.421
353.4463
353.4719
353.4981
353.5257
353.5562
354.1092
354.8838
355.4966
355.6972
355.952
356.2679
356.6078
356.5662
356.7128
356.9117
357.1479
357.4101
357.1071
357.2196
357.3725
357.5599
357.7762
357.9012
357.4339
357.5334
357.6671
357.8324
358.0265
358.1409
358.15
357.5898
357.6845
357.811
357.9677
358.1528
358.2628
358.2715
358.2805
357.5902
357.6849
357.8114
357.9682
358.1532
358.2633
358.272
358.2809
358.2901
357.4356
357.5347
357.6684
357.8337
358.0279
358.1423
358.1514
358.1607
358.1702
358.1798
357.2219
357.3745
357.5621
357.7785
357.9036
357.9135
357.9236
357.9339
357.9443
357.9538
356.9146
357.1508
357.4132
357.5589
357.5705
357.5822
357.594
357.6059
357.6167
357.6248
356.6112
356.9591
357.1405
357.1548
357.1693
357.1836
357.198
357.2108
357.2206
357.2286
356.4925
356.7199
356.738
356.7558
356.7735
356.7909
356.8064
356.8182
356.828
356.8351
356.4072
356.4266
356.4459
356.4648
356.4836
356.5002
356.513
356.5236
356.5314
356.535
356.2276
356.2471
356.2665
356.2855
356.3025
356.3155
356.3264
356.3344
356.3381
356.1341
356.1535
356.1727
356.1897
356.2028
356.2137
356.2218
356.2255
356.1029
356.1223
356.1395
356.1525
356.1635
356.1715
356.1752
353.3254
353.3483
353.3719
353.3957
353.4195
353.4431
353.4663
353.4887
353.5099
353.5293
353.3478
353.3716
353.3957
353.4197
353.4436
353.4671
353.49
353.5118
353.5318
353.808
353.3712
353.3956
353.4201
353.4444
353.4685
353.4923
353.5154
353.5371
353.8335
354.3989
353.3956
353.4205
353.4454
353.4703
353.4953
353.5204
353.5454
353.8935
354.5333
355.1205
353.421
353.4463
353.4719
353.4981
353.5257
353.5563
354.1093
354.884
355.4969
356.0195
355.6974
355.9523
356.2682
356.6082
356.9557
356.5666
356.7131
356.9121
357.1483
357.4105
357.5561
357.1075
357.22
357.3729
357.5603
357.7766
357.9017
357.9116
357.4344
357.5338
357.6675
357.8328
358.0269
358.1414
358.1505
358.1598
357.5902
357.6849
357.8114
357.9682
358.1532
358.2633
358.272
358.2809
358.2901
357.591
357.6854
357.8119
357.9686
358.1537
358.2637
358.2725
358.2814
358.2905
358.2999
357.5354
357.6688
357.8342
358.0283
358.1428
358.1519
358.1612
358.1706
358.1803
358.1891
357.3752
357.5625
357.779
357.904
357.914
357.9241
357.9344
357.9448
357.9543
357.9614
357.1514
357.4136
357.5594
357.5709
357.5827
357.5945
357.6064
357.6171
357.6252
357.6318
356.9596
357.1408
357.1553
357.1697
357.1841
357.1984
357.2113
357.221
357.229
357.2346
356.7204
356.7383
356.7563
356.7739
356.7913
356.8068
356.8187
356.8284
356.8356
356.8386
356.427
356.4462
356.4653
356.484
356.5007
356.5134
356.524
356.5319
356.5354
356.2474
356.2668
356.286
356.3029
356.316
356.3268
356.3349
356.3385
356.1537
356.173
356.1902
356.2032
356.2142
356.2222
356.2259
356.1225
356.1398
356.153
356.1639
356.172
356.1756
353.3484
353.3719
353.3957
353.4195
353.4432
353.4663
353.4888
353.51
353.5293
353.7977
353.3716
353.3957
353.4197
353.4436
353.4671
353.49
353.5118
353.5319
353.8081
354.339
353.3957
353.4201
353.4444
353.4686
353.4924
353.5155
353.5372
353.8335
354.3991
354.9434
353.4206
353.4454
353.4703
353.4953
353.5205
353.5454
353.8936
354.5335
355.1208
355.6599
353.4464
353.4719
353.4982
353.5258
353.5563
354.1094
354.8843
355.4971
356.0198
356.489
355.6977
355.9526
356.2686
356.6085
356.9562
357.1373
356.5669
356.7135
356.9124
357.1487
357.4109
357.5566
357.5682
357.1079
357.2204
357.3733
357.5607
357.7771
357.9021
357.9121
357.9222
357.4348
357.5343
357.6679
357.8333
358.0274
358.1419
358.1509
358.1603
358.1697
357.591
357.6854
357.8119
357.9686
358.1537
358.2637
358.2725
358.2814
358.2906
358.2999
357.6862
357.8123
357.9691
358.1542
358.2642
358.273
358.2819
358.291
358.3003
358.3088
357.6696
357.8347
358.0289
358.1433
358.1524
358.1617
358.1711
358.1808
358.1896
358.1961
357.5632
357.7794
357.9046
357.9145
357.9246
357.9349
357.9453
357.9548
357.9619
357.9675
357.4142
357.5598
357.5714
357.5831
357.5949
357.6068
357.6176
357.6257
357.6322
357.6366
357.1414
357.1557
357.1702
357.1845
357.1989
357.2118
357.2215
357.2295
357.2351
357.2369
356.7388
356.7566
356.7743
356.7917
356.8073
356.8191
356.8289
356.836
356.839
356.4465
356.4656
356.4844
356.5011
356.5138
356.5244
356.5323
356.5358
356.267
356.2863
356.3034
356.3164
356.3273
356.3353
356.339
356.1732
356.1905
356.2037
356.2146
356.2227
356.2263
356.1399
356.1533
356.1643
356.1724
356.176
353.3719
353.3957
353.4196
353.4432
353.4664
353.4888
353.51
353.5294
353.7978
354.3146
353.3957
353.4198
353.4437
353.4672
353.4901
353.5119
353.532
353.8082
354.3392
354.8575
353.4201
353.4445
353.4686
353.4924
353.5155
353.5372
353.8336
354.3993
354.9436
355.4633
353.4455
353.4704
353.4954
353.5205
353.5455
353.8937
354.5337
355.121
355.6602
356.1597
353.472
353.4982
353.5258
353.5564
354.1096
354.8845
355.4974
356.0201
356.4895
356.7166
355.698
355.9529
356.2689
356.6089
356.9566
357.1378
357.1522
356.5673
356.7139
356.9128
357.1491
357.4114
357.557
357.5686
357.5803
357.1083
357.2208
357.3737
357.5612
357.7776
357.9026
357.9126
357.9227
357.933
357.4356
357.5347
357.6684
357.8337
358.0279
358.1423
358.1514
358.1607
358.1702
358.1798
357.6862
357.8123
357.9691
358.1542
358.2642
358.273
358.2819
358.291
358.3003
358.3088
357.8131
357.9696
358.1547
358.2647
358.2735
358.2824
358.2915
358.3008
358.3093
358.3156
357.8355
358.0293
358.1438
358.1529
358.1622
358.1716
358.1813
358.19
358.1966
358.2018
357.7802
357.905
357.915
357.9251
357.9354
357.9458
357.9553
357.9623
357.968
357.9717
357.5605
357.5719
357.5836
357.5954
357.6073
357.6181
357.6262
357.6327
357.6371
357.638
357.1562
357.1705
357.185
357.1993
357.2122
357.222
357.23
357.2355
357.2374
356.757
356.7747
356.7922
356.8077
356.8195
356.8293
356.8365
356.8395
356.4659
356.4848
356.5015
356.5142
356.5249
356.5327
356.5363
356.2866
356.3037
356.3168
356.3277
356.3357
356.3394
356.1907
356.204
356.215
356.2231
356.2268
356.1534
356.1646
356.1728
356.1765
353.3957
353.4196
353.4432
353.4664
353.4889
353.5101
353.5294
353.7979
354.3148
354.8217
353.4198
353.4437
353.4672
353.4901
353.5119
353.532
353.8083
354.3393
354.8578
355.3606
353.4445
353.4686
353.4924
353.5156
353.5373
353.8337
354.3995
354.9439
355.4636
355.9584
353.4704
353.4954
353.5206
353.5455
353.8938
354.5339
355.1213
355.6605
356.1601
356.4037
353.4982
353.5259
353.5564
354.1097
354.8847
355.4977
356.0205
356.4898
356.717
356.735
355.6983
355.9531
356.2693
356.6093
356.957
357.1382
357.1526
357.167
356.5676
356.7143
356.9132
357.1496
357.4118
357.5575
357.5691
357.5808
357.5926
357.109
357.2212
357.3741
357.5616
357.778
357.9031
357.913
357.9231
357.9334
357.9439
357.5354
357.6688
357.8342
358.0283
358.1428
358.1519
358.1612
358.1706
358.1803
358.1891
357.8131
357.9696
358.1547
358.2647
358.2735
358.2824
358.2915
358.3008
358.3093
358.3156
357.9704
358.1552
358.2653
358.2739
358.2829
358.292
358.3013
358.3098
358.3161
358.3211
358.0301
358.1443
358.1534
358.1627
358.1721
358.1818
358.1905
358.1971
358.2023
358.2056
357.9058
357.9154
357.9256
357.9358
357.9463
357.9557
357.9628
357.9685
357.9721
357.9725
357.5725
357.584
357.5959
357.6078
357.6186
357.6266
357.6332
357.6375
357.6385
357.1711
357.1854
357.1998
357.2127
357.2224
357.2304
357.236
357.2378
356.7751
356.7925
356.8081
356.8199
356.8298
356.8369
356.8399
356.4851
356.5018
356.5147
356.5253
356.5332
356.5367
356.3039
356.3171
356.3281
356.3361
356.3398
356.2042
356.2153
356.2235
356.2272
356.1647
356.1731
356.1769
353.4196
353.4433
353.4665
353.4889
353.5101
353.5295
353.798
354.315
354.8219
355.3165
353.4437
353.4673
353.4902
353.512
353.5321
353.8084
354.3395
354.858
355.361
355.8468
353.4687
353.4925
353.5156
353.5373
353.8338
354.3996
354.9441
355.4639
355.9588
356.2042
353.4955
353.5206
353.5456
353.8939
354.534
355.1215
355.6609
356.1604
356.4041
356.4234
353.5259
353.5565
354.1098
354.8849
355.498
356.0208
356.4902
356.7175
356.7355
356.7532
355.6985
355.9535
356.2696
356.6097
356.9574
357.1387
357.1531
357.1675
357.1818
356.5682
356.7146
356.9136
357.15
357.4123
357.558
357.5696
357.5812
357.5931
357.605
357.2219
357.3745
357.5621
357.7785
357.9036
357.9135
357.9236
357.9339
357.9444
357.9538
357.6696
357.8347
358.0289
358.1433
358.1524
358.1617
358.1711
358.1808
358.1896
358.1961
357.9704
358.1552
358.2653
358.2739
358.2829
358.292
358.3013
358.3098
358.3161
358.3211
358.156
358.2657
358.2745
358.2834
358.2925
358.3018
358.3103
358.3166
358.3216
358.3247
358.1451
358.1539
358.1632
358.1726
358.1823
358.191
358.1976
358.2027
358.2061
358.2062
357.9162
357.926
357.9363
357.9467
357.9562
357.9633
357.969
357.9726
357.973
357.5847
357.5963
357.6083
357.619
357.6271
357.6336
357.638
357.6389
357.1859
357.2002
357.2131
357.2229
357.2309
357.2365
357.2383
356.793
356.8085
356.8204
356.8302
356.8373
356.8403
356.5022
356.515
356.5257
356.5335
356.5371
356.3174
356.3284
356.3366
356.3402
356.2155
356.2238
356.2276
356.1732
356.1772
353.4433
353.4665
353.489
353.5102
353.5295
353.7981
354.3151
354.8221
355.3168
355.7975
353.4673
353.4902
353.512
353.5321
353.8085
354.3397
354.8582
355.3613
355.8472
356.0911
353.4925
353.5157
353.5374
353.8339
354.3998
354.9443
355.4642
355.9591
356.2046
356.2241
353.5207
353.5456
353.894
354.5342
355.1218
355.6612
356.1608
356.4045
356.4238
356.4429
353.5565
354.1099
354.8851
355.4982
356.0212
356.4906
356.7179
356.7359
356.7537
356.7713
355.6989
355.9537
356.2699
356.61
356.9578
357.1391
357.1535
357.1679
357.1823
357.1966
356.7152
356.914
357.1504
357.4127
357.5584
357.57
357.5817
357.5935
357.6055
357.6162
357.3752
357.5625
357.779
357.904
357.914
357.9241
357.9344
357.9448
357.9543
357.9614
357.8355
358.0293
358.1438
358.1529
358.1622
358.1716
358.1813
358.19
358.1966
358.2018
358.156
358.2657
358.2745
358.2834
358.2925
358.3018
358.3103
358.3166
358.3216
358.3247
358.2666
358.2749
358.2839
358.293
358.3023
358.3107
358.3171
358.322
358.3252
358.3252
358.1547
358.1636
358.1731
358.1827
358.1915
358.1981
358.2032
358.2065
358.2066
357.9268
357.9368
357.9473
357.9567
357.9638
357.9694
357.9731
357.9734
357.597
357.6087
357.6195
357.6276
357.6341
357.6385
357.6394
357.2007
357.2135
357.2234
357.2313
357.2369
357.2387
356.8089
356.8207
356.8306
356.8377
356.8408
356.5154
356.5261
356.534
356.5375
356.3287
356.3369
356.3407
356.224
356.2279
356.1773
353.4665
353.489
353.5102
353.5296
353.7982
354.3153
354.8224
355.3171
355.7979
356.0405
353.4902
353.5121
353.5322
353.8086
354.3399
354.8585
355.3616
355.8476
356.0915
356.1109
353.5157
353.5374
353.834
354.4
354.9446
355.4645
355.9595
356.205
356.2246
356.2439
353.5457
353.8941
354.5344
355.122
355.6615
356.1612
356.4049
356.4242
356.4434
356.4623
354.11
354.8852
355.4985
356.0215
356.491
356.7183
356.7363
356.7541
356.7717
356.7891
355.9542
356.2702
356.6104
356.9583
357.1396
357.1539
357.1684
357.1827
357.1971
357.2099
356.9146
357.1508
357.4132
357.5589
357.5705
357.5822
357.594
357.6059
357.6167
357.6248
357.5632
357.7794
357.9046
357.9145
357.9246
357.9348
357.9453
357.9548
357.9619
357.9675
358.0301
358.1443
358.1534
358.1626
358.1721
358.1817
358.1905
358.1971
358.2023
358.2056
358.2666
358.2749
358.2839
358.293
358.3023
358.3107
358.3171
358.322
358.3252
358.3252
358.2758
358.2844
358.2935
358.3028
358.3113
358.3176
358.3225
358.3256
358.3257
358.1645
358.1736
358.1833
358.192
358.1986
358.2037
358.207
358.2071
357.9376
357.9477
357.9572
357.9643
357.9699
357.9736
357.9739
357.6094
357.6199
357.6281
357.6346
357.639
357.6398
357.2141
357.2237
357.2318
357.2373
357.2392
356.8212
356.831
356.8382
356.8412
356.5264
356.5343
356.538
356.3371
356.341
356.2281
353.489
353.5103
353.5297
353.7983
354.3155
354.8226
355.3174
355.7982
356.041
356.0603
353.5121
353.5322
353.8087
354.34
354.8587
355.3619
355.8479
356.0919
356.1113
356.1306
353.5375
353.8341
354.4002
354.9448
355.4648
355.9599
356.2055
356.225
356.2443
356.2635
353.8942
354.5345
355.1223
355.6618
356.1616
356.4053
356.4247
356.4438
356.4627
356.4815
354.8854
355.4988
356.0218
356.4914
356.7187
356.7367
356.7545
356.7721
356.7896
356.8051
356.2707
356.6108
356.9587
357.14
357.1544
357.1688
357.1832
357.1975
357.2104
357.2202
357.1514
357.4136
357.5594
357.5709
357.5827
357.5944
357.6064
357.6171
357.6253
357.6318
357.7802
357.905
357.915
357.9251
357.9353
357.9458
357.9553
357.9623
357.968
357.9717
358.1451
358.1539
358.1632
358.1726
358.1823
358.191
358.1976
358.2027
358.2061
358.2062
358.2758
358.2844
358.2935
358.3028
358.3113
358.3175
358.3225
358.3256
358.3257
358.2852
358.294
358.3033
358.3117
358.3181
358.323
358.3261
358.3261
358.1744
358.1837
358.1925
358.199
358.2042
358.2075
358.2076
357.9485
357.9577
357.9648
357.9704
357.9741
357.9744
357.6206
357.6285
357.6351
357.6394
357.6403
357.2243
357.2322
357.2378
357.2396
356.8314
356.8385
356.8416
356.5347
356.5383
356.3412
353.5103
353.5297
353.7984
354.3156
354.8229
355.3177
355.7986
356.0414
356.0607
356.08
353.5322
353.8088
354.3402
354.8589
355.3622
355.8483
356.0923
356.1117
356.1311
356.1502
353.8342
354.4003
354.9451
355.4651
355.9603
356.2058
356.2254
356.2447
356.264
356.283
354.5347
355.1225
355.6621
356.1619
356.4057
356.4251
356.4442
356.4631
356.4819
356.4985
355.499
356.0221
356.4918
356.7191
356.7372
356.7549
356.7726
356.79
356.8055
356.8173
356.6112
356.9591
357.1405
357.1548
357.1692
357.1836
357.198
357.2108
357.2206
357.2286
357.4142
357.5598
357.5715
357.5831
357.5949
357.6068
357.6176
357.6257
357.6322
357.6366
357.9058
357.9154
357.9256
357.9358
357.9463
357.9557
357.9628
357.9685
357.9722
357.9725
358.1547
358.1636
358.1731
358.1827
358.1915
358.1981
358.2032
358.2065
358.2066
358.2852
358.294
358.3033
358.3117
358.3181
358.323
358.3261
358.3261
358.2948
358.3038
358.3123
358.3186
358.3235
358.3266
358.3266
358.1846
358.193
358.1996
358.2047
358.208
358.2081
357.9584
357.9652
357.9709
357.9745
357.9749
357.6292
357.6355
357.6399
357.6408
357.2327
357.2382
357.2401
356.839
356.842
356.5386
353.5297
353.7984
354.3158
354.8231
355.318
355.799
356.0418
356.0611
356.0804
356.0995
353.8088
354.3403
354.8592
355.3625
355.8487
356.0927
356.1122
356.1315
356.1507
356.1697
354.4004
354.9452
355.4654
355.9606
356.2063
356.2258
356.2452
356.2644
356.2835
356.3004
355.1226
355.6624
356.1624
356.4061
356.4255
356.4446
356.4636
356.4823
356.499
356.5117
356.0224
356.4921
356.7196
356.7376
356.7554
356.773
356.7905
356.8059
356.8178
356.8276
356.9596
357.1408
357.1553
357.1697
357.1841
357.1984
357.2113
357.221
357.229
357.2346
357.5605
357.5719
357.5836
357.5954
357.6073
357.6181
357.6262
357.6327
357.6371
357.638
357.9162
357.926
357.9363
357.9467
357.9562
357.9633
357.969
357.9726
357.973
358.1645
358.1736
358.1833
358.192
358.1986
358.2037
358.207
358.2071
358.2948
358.3038
358.3123
358.3186
358.3235
358.3266
358.3266
358.3047
358.3128
358.3191
358.324
358.3271
358.3271
358.1939
358.2
358.2052
358.2085
358.2086
357.966
357.9714
357.975
357.9754
357.6362
357.6403
357.6413
357.2388
357.2405
356.8424
353.7985
354.3159
354.8233
355.3183
355.7994
356.0422
356.0616
356.0808
356.1
356.119
354.3404
354.8594
355.3628
355.849
356.0931
356.1126
356.1319
356.1511
356.1702
356.1872
354.9454
355.4657
355.961
356.2066
356.2262
356.2456
356.2648
356.2839
356.3008
356.3138
355.6626
356.1626
356.4066
356.4259
356.445
356.464
356.4827
356.4994
356.5121
356.5227
356.4925
356.7199
356.738
356.7558
356.7734
356.7909
356.8064
356.8182
356.828
356.8351
357.1414
357.1557
357.1702
357.1845
357.1989
357.2117
357.2215
357.2295
357.2351
357.2369
357.5725
357.584
357.5959
357.6078
357.6186
357.6266
357.6332
357.6375
357.6385
357.9268
357.9368
357.9473
357.9567
357.9638
357.9694
357.9731
357.9734
358.1744
358.1837
358.1926
358.199
358.2042
358.2075
358.2076
358.3047
358.3128
358.3191
358.324
358.3271
358.3271
358.3136
358.3196
358.3245
358.3276
358.3276
358.2009
358.2057
358.209
358.209
357.9721
357.9755
357.9759
357.641
357.6417
357.241
354.316
354.8235
355.3187
355.7997
356.0426
356.062
356.0812
356.1004
356.1195
356.1365
354.8595
355.363
355.8495
356.0935
356.113
356.1323
356.1515
356.1706
356.1876
356.2007
355.4659
355.9613
356.2071
356.2266
356.246
356.2652
356.2843
356.3012
356.3143
356.3251
356.1629
356.4069
356.4263
356.4454
356.4644
356.4831
356.4998
356.5125
356.5232
356.531
356.7203
356.7383
356.7563
356.7739
356.7913
356.8068
356.8187
356.8284
356.8356
356.8386
357.1562
357.1705
357.185
357.1993
357.2122
357.222
357.23
357.2355
357.2374
357.5847
357.5963
357.6083
357.619
357.6271
357.6336
357.638
357.6389
357.9375
357.9477
357.9572
357.9643
357.9699
357.9735
357.9739
358.1846
358.193
358.1996
358.2047
358.208
358.2081
358.3136
358.3196
358.3245
358.3276
358.3276
358.3204
358.325
358.3281
358.3281
358.2065
358.2094
358.2096
357.9763
357.9763
357.6424
354.8236
355.3189
355.8001
356.043
356.0624
356.0816
356.1008
356.1199
356.1369
356.15
355.3632
355.8497
356.094
356.1134
356.1327
356.1519
356.171
356.188
356.2011
356.212
355.9615
356.2074
356.227
356.2464
356.2656
356.2847
356.3017
356.3147
356.3256
356.3336
356.4072
356.4266
356.4459
356.4648
356.4836
356.5002
356.513
356.5236
356.5315
356.535
356.7388
356.7566
356.7743
356.7917
356.8072
356.8191
356.8289
356.836
356.8391
357.1711
357.1854
357.1998
357.2126
357.2224
357.2304
357.236
357.2378
357.597
357.6087
357.6195
357.6276
357.6341
357.6385
357.6394
357.9485
357.9577
357.9648
357.9704
357.9741
357.9744
358.1938
358.2
358.2052
358.2085
358.2086
358.3204
358.325
358.3281
358.3281
358.3259
358.3286
358.3286
358.2103
358.21
357.9771
355.319
355.8004
356.0435
356.0628
356.0821
356.1012
356.1203
356.1373
356.1504
356.1613
355.8499
356.0942
356.1138
356.1331
356.1524
356.1714
356.1885
356.2015
356.2125
356.2205
356.2076
356.2273
356.2468
356.266
356.2851
356.3021
356.3151
356.326
356.334
356.3377
356.427
356.4462
356.4653
356.484
356.5006
356.5134
356.524
356.5319
356.5354
356.757
356.7747
356.7922
356.8077
356.8195
356.8293
356.8365
356.8395
357.1859
357.2002
357.2131
357.2229
357.2309
357.2364
357.2383
357.6094
357.6199
357.6281
357.6346
357.639
357.6398
357.9584
357.9652
357.9709
357.9745
357.9749
358.2009
358.2057
358.209
358.209
358.3259
358.3286
358.3286
358.3295
358.3291
358.2109
355.8005
356.0437
356.0632
356.0825
356.1017
356.1207
356.1378
356.1508
356.1617
356.1698
356.0944
356.1141
356.1336
356.1528
356.1719
356.1889
356.202
356.2129
356.221
356.2246
356.2276
356.2471
356.2665
356.2855
356.3025
356.3155
356.3264
356.3344
356.3381
356.4465
356.4656
356.4844
356.501
356.5138
356.5244
356.5323
356.5358
356.7751
356.7925
356.8081
356.8199
356.8297
356.8369
356.8399
357.2007
357.2135
357.2234
357.2313
357.2369
357.2387
357.6206
357.6285
357.6351
357.6394
357.6403
357.966
357.9714
357.9751
357.9754
358.2065
358.2094
358.2096
358.3295
358.3291
358.3299
356.0439
356.0635
356.0829
356.1021
356.1212
356.1382
356.1513
356.1622
356.1703
356.1739
356.1143
356.1339
356.1532
356.1723
356.1893
356.2024
356.2133
356.2214
356.2251
356.2474
356.2668
356.286
356.3029
356.316
356.3268
356.3349
356.3386
356.4659
356.4847
356.5015
356.5142
356.5249
356.5327
356.5363
356.793
356.8085
356.8204
356.8302
356.8373
356.8403
357.2141
357.2237
357.2318
357.2373
357.2392
357.6292
357.6355
357.6399
357.6408
357.9721
357.9755
357.9759
358.2103
358.21
358.3299
356.0637
356.0832
356.1025
356.1216
356.1386
356.1517
356.1626
356.1707
356.1744
356.1341
356.1535
356.1727
356.1897
356.2028
356.2137
356.2218
356.2255
356.267
356.2863
356.3034
356.3164
356.3272
356.3353
356.339
356.4851
356.5018
356.5147
356.5253
356.5331
356.5367
356.8089
356.8207
356.8306
356.8377
356.8408
357.2243
357.2322
357.2378
357.2396
357.6362
357.6403
357.6413
357.9762
357.9763
358.2109
356.0833
356.1028
356.122
356.139
356.1521
356.163
356.1711
356.1748
356.1537
356.173
356.1902
356.2032
356.2141
356.2222
356.2259
356.2865
356.3037
356.3168
356.3276
356.3357
356.3394
356.5022
356.515
356.5257
356.5335
356.5371
356.8212
356.831
356.8382
356.8412
357.2327
357.2382
357.2401
357.641
357.6417
357.9771
356.1029
356.1223
356.1395
356.1525
356.1634
356.1715
356.1752
356.1732
356.1905
356.2037
356.2146
356.2226
356.2263
356.3039
356.3171
356.3281
356.3361
356.3398
356.5154
356.526
356.534
356.5375
356.8314
356.8385
356.8417
357.2387
357.2405
357.6423
356.1224
356.1398
356.153
356.1639
356.1719
356.1756
356.1907
356.204
356.215
356.2231
356.2267
356.3174
356.3284
356.3366
356.3402
356.5264
356.5343
356.538
356.839
356.842
357.241
356.1399
356.1533
356.1643
356.1724
356.176
356.2042
356.2153
356.2235
356.2272
356.3287
356.3369
356.3407
356.5347
356.5383
356.8424
356.1534
356.1646
356.1728
356.1764
356.2155
356.2238
356.2276
356.3371
356.341
356.5386
356.1647
356.1731
356.1769
356.224
356.2279
356.3412
356.1732
356.1772
356.2281
356.1773
)
;

boundaryField
{
    interconnect0
    {
        type            zeroGradient;
    }
    interconnectSides
    {
        type            zeroGradient;
    }
    cathodeSides
    {
        type            zeroGradient;
    }
    phiEC_to_phiE0
    {
        type            zeroGradient;
    }
    procBoundary3to2
    {
        type            processor;
        value           nonuniform List<scalar> 
500
(
353.1637
353.1636
353.1917
353.1634
353.1913
353.2214
353.1631
353.1905
353.2206
353.2542
353.1627
353.1894
353.219
353.2529
353.2921
353.1622
353.1881
353.2167
353.2503
353.2906
353.3251
353.1618
353.1866
353.2138
353.2462
353.2873
353.3242
353.3481
353.1615
353.1852
353.2107
353.2408
353.2816
353.3223
353.3475
353.3716
353.1612
353.184
353.2077
353.2342
353.272
353.3196
353.3464
353.3713
353.3954
353.1611
353.1832
353.2053
353.2283
353.2552
353.3168
353.3451
353.3708
353.3953
353.4192
353.1611
353.1827
353.2035
353.2236
353.2437
353.3439
353.3703
353.3953
353.4194
353.4429
353.1612
353.1827
353.2026
353.2204
353.2359
353.3699
353.3953
353.4197
353.4433
353.4661
353.1615
353.1832
353.2026
353.2188
353.231
353.3954
353.4202
353.4441
353.4668
353.4885
353.1618
353.184
353.2035
353.2188
353.2287
353.4206
353.445
353.4682
353.4897
353.5098
353.1622
353.1852
353.2053
353.2204
353.2287
353.4459
353.4699
353.492
353.5116
353.5292
353.1627
353.1866
353.2077
353.2236
353.231
353.4715
353.4949
353.5152
353.5317
353.7976
353.1631
353.1881
353.2107
353.2283
353.2359
353.4977
353.5201
353.5369
353.8079
354.3144
353.1634
353.1894
353.2138
353.2342
353.2437
353.5253
353.5451
353.8332
354.3388
354.8214
353.1636
353.1905
353.2167
353.2408
353.2552
353.5559
353.8932
354.3987
354.8572
355.3161
353.1637
353.1913
353.219
353.2462
353.272
354.1088
354.5329
354.9431
355.3603
355.7971
353.1917
353.2206
353.2503
353.2816
353.3168
355.6961
354.8834
355.1202
355.4629
355.8464
356.0401
353.2214
353.2529
353.2873
353.3196
353.3439
356.5645
355.951
355.4963
355.6595
355.958
356.0906
356.0599
353.2542
353.2906
353.3223
353.3451
353.3699
357.1049
356.7113
356.2672
356.0191
356.1592
356.2038
356.1105
356.0795
353.2921
353.3242
353.3464
353.3703
353.3954
357.4312
357.2176
356.9104
356.6073
356.4886
356.4032
356.2237
356.1302
356.0991
353.3251
353.3475
353.3708
353.3953
353.4206
357.5867
357.531
357.3708
357.147
356.9552
356.7161
356.4229
356.2435
356.1498
356.1186
353.3481
353.3713
353.3953
353.4202
353.4459
357.5867
357.6816
357.6649
357.5585
357.4095
357.1368
356.7345
356.4425
356.2631
356.1693
356.136
353.3716
353.3953
353.4197
353.445
353.4715
357.4312
357.6816
357.8084
357.8305
357.7752
357.5556
357.1516
356.7527
356.4618
356.2826
356.1867
356.1495
353.3954
353.4194
353.4441
353.4699
353.4977
357.1049
357.531
357.8084
357.9654
358.025
357.9006
357.5676
357.1665
356.7708
356.481
356.2999
356.2002
356.1608
353.4192
353.4433
353.4682
353.4949
353.5253
356.5645
357.2176
357.6649
357.9654
358.1508
358.1398
357.911
357.5798
357.1813
356.7887
356.498
356.3134
356.2115
356.1694
353.4429
353.4668
353.492
353.5201
353.5559
355.6961
356.7113
357.3708
357.8305
358.1508
358.2612
358.1494
357.9216
357.592
357.1961
356.8046
356.5112
356.3247
356.2201
356.1735
353.4661
353.4897
353.5152
353.5451
354.1088
355.951
356.9105
357.5585
358.025
358.2612
358.2704
358.1591
357.9324
357.6044
357.2094
356.8168
356.5223
356.3331
356.2242
353.4885
353.5116
353.5369
353.8932
354.8834
356.2672
357.147
357.7752
358.1398
358.2704
358.2798
358.1691
357.9433
357.6156
357.2196
356.8271
356.5305
356.3373
353.5098
353.5317
353.8332
354.5329
355.4963
356.6073
357.4095
357.9006
358.1494
358.2798
358.2894
358.1792
357.9532
357.6242
357.228
356.8346
356.5345
353.5292
353.8079
354.3988
355.1202
356.0191
356.9552
357.5556
357.911
358.1591
358.2894
358.2992
358.1885
357.9608
357.6312
357.2341
356.8381
353.7976
354.3388
354.9431
355.6595
356.4886
357.1368
357.5676
357.9216
358.1691
358.2992
358.3082
358.1955
357.9669
357.6361
357.2364
354.3144
354.8573
355.4629
356.1592
356.7161
357.1516
357.5798
357.9324
358.1792
358.3082
358.315
358.2012
357.9711
357.6374
354.8214
355.3603
355.958
356.4032
356.7345
357.1665
357.592
357.9433
358.1885
358.315
358.3205
358.2049
357.9719
355.3161
355.8464
356.2038
356.4229
356.7527
357.1813
357.6044
357.9532
358.1955
358.3205
358.3241
358.2055
355.7971
356.0906
356.2237
356.4425
356.7708
357.1961
357.6156
357.9608
358.2012
358.3241
358.3245
356.0401
356.1105
356.2435
356.4618
356.7887
357.2094
357.6242
357.9669
358.2049
358.3245
356.0599
356.1302
356.2631
356.481
356.8046
357.2196
357.6312
357.9711
358.2055
356.0795
356.1498
356.2826
356.498
356.8168
357.228
357.6361
357.9719
356.0991
356.1693
356.2999
356.5112
356.8271
357.2341
357.6374
356.1186
356.1867
356.3134
356.5223
356.8347
357.2364
356.136
356.2002
356.3247
356.5305
356.8381
356.1495
356.2115
356.3331
356.5345
356.1608
356.2201
356.3373
356.1694
356.2242
356.1735
)
;
    }
}
)

// processor4

374
(dimensions      [0 0 0 1 0 0 0];

internalField   nonuniform List<scalar> 0();

boundaryField
{
    interconnect0
    {
        type            zeroGradient;
    }
    interconnectSides
    {
        type            zeroGradient;
    }
    cathodeSides
    {
        type            zeroGradient;
    }
    phiEC_to_phiE0
    {
        type            zeroGradient;
    }
}
)

// processor5

374
(dimensions      [0 0 0 1 0 0 0];

internalField   nonuniform List<scalar> 0();

boundaryField
{
    interconnect0
    {
        type            zeroGradient;
    }
    interconnectSides
    {
        type            zeroGradient;
    }
    cathodeSides
    {
        type            zeroGradient;
    }
    phiEC_to_phiE0
    {
        type            zeroGradient;
    }
}
)

// processor6

374
(dimensions      [0 0 0 1 0 0 0];

internalField   nonuniform List<scalar> 0();

boundaryField
{
    interconnect0
    {
        type            zeroGradient;
    }
    interconnectSides
    {
        type            zeroGradient;
    }
    cathodeSides
    {
        type            zeroGradient;
    }
    phiEC_to_phiE0
    {
        type            zeroGradient;
    }
}
)

// processor7

374
(dimensions      [0 0 0 1 0 0 0];

internalField   nonuniform List<scalar> 0();

boundaryField
{
    interconnect0
    {
        type            zeroGradient;
    }
    interconnectSides
    {
        type            zeroGradient;
    }
    cathodeSides
    {
        type            zeroGradient;
    }
    phiEC_to_phiE0
    {
        type            zeroGradient;
    }
}
)
