/*--------------------------------*- C++ -*----------------------------------*\
| =========                 |                                                 |
| \\      /  F ield         | OpenFOAM: The Open Source CFD Toolbox           |
|  \\    /   O peration     | Version:  2306                                  |
|   \\  /    A nd           | Website:  www.openfoam.com                      |
|    \\/     M anipulation  |                                                 |
\*---------------------------------------------------------------------------*/
FoamFile
{
    version     2.0;
    format      binary;
    arch        "LSB;label=32;scalar=64";
    class       decomposedBlockData;
    object      U;
    data.format     ascii;
    data.class      volVectorField;
}
// * * * * * * * * * * * * * * * * * * * * * * * * * * * * * * * * * * * * * //


// processor0

172885
(FoamFile
{
    version     2.0;
    format      ascii;
    arch        "LSB;label=32;scalar=64";
    class       volVectorField;
    location    "0.5/fuel";
    object      U;
}
dimensions      [0 1 -1 0 0 0 0];

internalField   nonuniform List<vector> 
4000
(
(1.993554e-05 -4.605144e-06 0.0001846865)
(2.009713e-05 -1.333796e-05 0.0001841754)
(2.708688e-05 -2.977002e-06 0.0001797992)
(2.019937e-05 -4.667259e-06 0.0005262202)
(2.039005e-05 -2.321169e-05 0.0001827395)
(2.722062e-05 -8.748423e-06 0.0001789045)
(2.03645e-05 -1.342681e-05 0.0005248214)
(1.635482e-05 -3.244664e-06 0.0001767691)
(2.745389e-05 -3.002951e-06 0.0005115518)
(2.023991e-05 -4.641211e-06 0.0007289102)
(2.086749e-05 -3.087501e-05 0.0001796689)
(2.745626e-05 -1.541531e-05 0.000176639)
(2.066436e-05 -2.332198e-05 0.0005207896)
(1.631487e-05 -9.563675e-06 0.0001756948)
(2.759152e-05 -8.732235e-06 0.0005089747)
(2.040821e-05 -1.329202e-05 0.0007269971)
(1.706089e-05 -3.360782e-06 0.0001745725)
(1.65782e-05 -3.266317e-06 0.0005024977)
(2.752008e-05 -2.944908e-06 0.0007079962)
(2.029708e-05 -4.548845e-06 0.001137628)
(2.131691e-05 -4.031712e-05 0.0001740988)
(2.784309e-05 -2.145515e-05 0.0001721641)
(2.115334e-05 -3.091632e-05 0.000512009)
(1.623254e-05 -1.682253e-05 0.0001730434)
(2.78349e-05 -1.534025e-05 0.0005023925)
(2.071494e-05 -2.299846e-05 0.0007214144)
(1.704652e-05 -9.917911e-06 0.0001734071)
(1.653884e-05 -9.535105e-06 0.0004993654)
(2.766237e-05 -8.49707e-06 0.0007043735)
(2.046907e-05 -1.313948e-05 0.001134609)
(1.561166e-05 -3.371458e-06 0.0001727095)
(1.728836e-05 -3.379915e-06 0.0004959661)
(1.662142e-05 -3.19325e-06 0.0006951219)
(2.760184e-05 -2.817192e-06 0.00110481)
(2.144232e-05 -4.759843e-06 0.0009032695)
(2.205043e-05 -3.503968e-05 0.0001663802)
(2.817297e-05 -2.827186e-05 0.0001645815)
(2.161639e-05 -4.029075e-05 0.0004958399)
(1.610104e-05 -2.344078e-05 0.0001679328)
(2.823463e-05 -2.124393e-05 0.0004892858)
(2.121558e-05 -3.027684e-05 0.0007091466)
(1.701553e-05 -1.744743e-05 0.0001705587)
(1.64578e-05 -1.672429e-05 0.0004915904)
(2.79158e-05 -1.483151e-05 0.0006950896)
(2.078373e-05 -2.263141e-05 0.001125791)
(1.560723e-05 -9.958734e-06 0.0001714935)
(1.727438e-05 -9.882276e-06 0.0004925488)
(1.658431e-05 -9.253107e-06 0.0006906902)
(2.774954e-05 -8.227763e-06 0.001099068)
(2.163113e-05 -1.350074e-05 0.000900852)
(1.53677e-05 -3.389192e-06 0.0001711118)
(1.58188e-05 -3.388429e-06 0.0004904452)
(1.732227e-05 -3.299059e-06 0.0006858645)
(1.667445e-05 -3.049391e-06 0.00108465)
(2.919019e-05 -2.85997e-06 0.0008771663)
(0.0001937372 -4.246391e-05 0.001763647)
(2.212789e-05 -1.946213e-05 0.0001579718)
(2.875925e-05 -2.668945e-05 0.0001542749)
(2.236937e-05 -3.483425e-05 0.0004733439)
(1.592874e-05 -3.077466e-05 0.0001594461)
(2.858015e-05 -2.791329e-05 0.0004668997)
(2.169538e-05 -3.929261e-05 0.0006863818)
(1.696477e-05 -2.432394e-05 0.000165122)
(1.632849e-05 -2.319292e-05 0.0004765183)
(2.833242e-05 -2.032043e-05 0.000676536)
(2.129782e-05 -2.954874e-05 0.001106427)
(1.559617e-05 -1.752362e-05 0.0001685354)
(1.724422e-05 -1.733613e-05 0.0004841583)
(1.650812e-05 -1.613089e-05 0.0006796682)
(2.801462e-05 -1.42491e-05 0.00108435)
(2.197879e-05 -2.303635e-05 0.0008938271)
(1.536409e-05 -1.00176e-05 0.0001698599)
(1.581466e-05 -9.917226e-06 0.0004868674)
(1.730949e-05 -9.576002e-06 0.0006810143)
(1.663994e-05 -8.929861e-06 0.001077616)
(2.935713e-05 -8.091105e-06 0.0008725717)
(0.0001954848 -0.0001213187 0.001759001)
(1.51539e-05 -3.391735e-06 0.00016986)
(1.556938e-05 -3.404711e-06 0.000485722)
(1.584774e-05 -3.303123e-06 0.0006780597)
(1.73648e-05 -3.147018e-06 0.001070187)
(1.764124e-05 -3.067083e-06 0.0008611452)
(0.0002637313 -2.519779e-05 0.001712712)
(0.0002034789 -4.374344e-05 0.001248295)
(2.215102e-05 -1.240141e-05 0.0001510343)
(2.871584e-05 -1.824359e-05 0.000143706)
(2.245648e-05 -1.909355e-05 0.0004486611)
(1.571319e-05 -2.918303e-05 0.0001480645)
(2.918819e-05 -2.619177e-05 0.0004363324)
(2.247023e-05 -3.360913e-05 0.0006546268)
(1.689488e-05 -3.191611e-05 0.000156168)
(1.615949e-05 -3.036835e-05 0.0004513301)
(2.870216e-05 -2.652896e-05 0.0006447177)
(2.179688e-05 -3.815416e-05 0.001070368)
(1.557809e-05 -2.446144e-05 0.0001629156)
(1.719485e-05 -2.405546e-05 0.0004680683)
(1.638681e-05 -2.214146e-05 0.0006582491)
(2.845084e-05 -1.926222e-05 0.001054929)
(2.2548e-05 -2.955543e-05 0.0008783636)
(1.5355e-05 -1.762929e-05 0.0001668239)
(1.580422e-05 -1.740159e-05 0.0004781296)
(1.728193e-05 -1.66987e-05 0.0006690892)
(1.656934e-05 -1.545091e-05 0.00106012)
(2.966035e-05 -1.376897e-05 0.0008608255)
(0.0001986505 -0.0002066373 0.001745308)
(1.515212e-05 -1.003045e-05 0.0001685773)
(1.5566e-05 -9.972288e-06 0.0004820294)
(1.584435e-05 -9.597145e-06 0.0006729718)
(1.735342e-05 -9.224681e-06 0.00106248)
(1.761062e-05 -8.715735e-06 0.0008555158)
(0.000265299 -7.208216e-05 0.001703781)
(0.0002053193 -0.0001271652 0.001245087)
(1.504734e-05 -3.391306e-06 0.0001687798)
(1.535086e-05 -3.40587e-06 0.0004820308)
(1.559344e-05 -3.316198e-06 0.0006713943)
(1.588424e-05 -3.14659e-06 0.001058016)
(1.834526e-05 -3.150218e-06 0.0008496618)
(0.0001593993 -2.701416e-05 0.001681454)
(0.0002768995 -2.55992e-05 0.001212156)
(0.0002041062 -4.432585e-05 0.0013831)
(2.208397e-05 -6.072182e-06 0.0001462759)
(2.865082e-05 -1.268395e-05 0.000135117)
(2.248655e-05 -1.208994e-05 0.0004283366)
(1.554229e-05 -2.016519e-05 0.0001364912)
(2.915676e-05 -1.77085e-05 0.0004049243)
(2.25755e-05 -1.792017e-05 0.0006197133)
(1.680773e-05 -3.029219e-05 0.000144229)
(1.594773e-05 -2.863352e-05 0.0004174149)
(2.934097e-05 -2.45666e-05 0.0006011493)
(2.25969e-05 -3.221001e-05 0.001020106)
(1.554835e-05 -3.208706e-05 0.0001536984)
(1.712698e-05 -3.148316e-05 0.0004414197)
(1.622925e-05 -2.881861e-05 0.0006223377)
(2.884865e-05 -2.494122e-05 0.001004331)
(2.311412e-05 -3.774686e-05 0.0008495273)
(1.534014e-05 -2.462705e-05 0.0001610747)
(1.578715e-05 -2.417688e-05 0.0004614612)
(1.723687e-05 -2.293715e-05 0.0006461769)
(1.645726e-05 -2.093559e-05 0.001026113)
(3.016038e-05 -1.804091e-05 0.000837313)
(0.0002038348 -0.0002642098 0.00171533)
(1.514674e-05 -1.765341e-05 0.0001654759)
(1.555736e-05 -1.750031e-05 0.0004730436)
(1.583552e-05 -1.6739e-05 0.0006605328)
(1.732888e-05 -1.596778e-05 0.001043533)
(1.754818e-05 -1.482684e-05 0.0008415437)
(0.0002680767 -0.0001222363 0.0016808)
(0.0002086511 -0.000216494 0.001235575)
(1.504646e-05 -1.003395e-05 0.0001674751)
(1.534927e-05 -9.981458e-06 0.0004782405)
(1.559063e-05 -9.642302e-06 0.0006661357)
(1.588172e-05 -9.229749e-06 0.001049925)
(1.833644e-05 -8.966297e-06 0.0008434929)
(0.0001591573 -7.753202e-05 0.001670493)
(0.0002785541 -7.534598e-05 0.001205842)
(0.0002059598 -0.0001272425 0.001379598)
(1.497583e-05 -3.384859e-06 0.000167832)
(1.524177e-05 -3.404392e-06 0.000478849)
(1.537081e-05 -3.314638e-06 0.0006661943)
(1.562432e-05 -3.156513e-06 0.001047636)
(1.677604e-05 -3.138319e-06 0.0008400064)
(0.0001657181 -2.773734e-05 0.001659058)
(0.0001673622 -2.749913e-05 0.001190012)
(0.000277847 -2.604029e-05 0.00134303)
(0.0002051514 -4.412964e-05 0.001398638)
(2.204535e-05 -1.966036e-06 0.0001438892)
(2.853067e-05 -7.035565e-06 0.00012929)
(2.242298e-05 -5.863125e-06 0.0004144217)
(1.542e-05 -1.396794e-05 0.0001271093)
(2.910061e-05 -1.226796e-05 0.0003794368)
(2.261954e-05 -1.119722e-05 0.0005910148)
(1.673213e-05 -2.094227e-05 0.0001321294)
(1.578076e-05 -1.958239e-05 0.0003828592)
(2.933608e-05 -1.621431e-05 0.0005563729)
(2.272297e-05 -1.657937e-05 0.0009646894)
(1.55155e-05 -3.052049e-05 0.0001414399)
(1.704221e-05 -2.971329e-05 0.0004057567)
(1.603116e-05 -2.683315e-05 0.0005738612)
(2.952323e-05 -2.27018e-05 0.0009348806)
(2.401032e-05 -3.09463e-05 0.0008090997)
(1.531684e-05 -3.229862e-05 0.0001516714)
(1.575881e-05 -3.1633e-05 0.0004339814)
(1.717517e-05 -2.984673e-05 0.0006081208)
(1.631291e-05 -2.703959e-05 0.0009689369)
(3.063822e-05 -2.28927e-05 0.0007967953)
(0.000209013 -0.0003366098 0.001658948)
(1.513762e-05 -2.466754e-05 0.0001596224)
(1.554324e-05 -2.433195e-05 0.0004559634)
(1.582113e-05 -2.302024e-05 0.0006367655)
(1.72888e-05 -2.165386e-05 0.001007124)
(1.744985e-05 -1.948779e-05 0.0008143506)
(0.0002726586 -0.0001591129 0.001634847)
(0.0002141084 -0.0002765148 0.001215678)
(1.504305e-05 -1.766471e-05 0.0001643258)
(1.534428e-05 -1.751794e-05 0.0004690473)
(1.558323e-05 -1.681971e-05 0.0006533282)
(1.587477e-05 -1.597879e-05 0.001030146)
(1.831702e-05 -1.526236e-05 0.0008283554)
(0.0001586134 -0.0001314429 0.001643147)
(0.0002814836 -0.0001276383 0.001189616)
(0.0002093176 -0.0002164545 0.001369153)
(1.497497e-05 -1.001788e-05 0.0001665154)
(1.524102e-05 -9.982209e-06 0.0004749877)
(1.536968e-05 -9.643142e-06 0.0006607911)
(1.562219e-05 -9.263359e-06 0.001039267)
(1.677543e-05 -8.937307e-06 0.0008335276)
(0.0001656699 -7.969442e-05 0.001647037)
(0.0001671129 -8.100195e-05 0.001182264)
(0.0002795176 -7.504096e-05 0.001336049)
(0.0002070222 -0.0001275636 0.001395277)
(1.491515e-05 -3.384221e-06 0.0001668693)
(1.51689e-05 -3.397253e-06 0.0004760586)
(1.525932e-05 -3.311163e-06 0.0006617149)
(1.539697e-05 -3.152246e-06 0.001039544)
(1.649117e-05 -3.1404e-06 0.0008317751)
(0.0001515347 -2.761568e-05 0.001640241)
(0.0001739815 -2.825754e-05 0.001174148)
(0.0001679414 -2.790292e-05 0.001318474)
(0.0002792442 -2.570354e-05 0.001358049)
(0.0002213217 -4.784337e-05 0.001195008)
(2.204534e-05 1.966173e-06 0.0001438893)
(2.846695e-05 -2.321502e-06 0.00012638)
(2.2386e-05 -1.895406e-06 0.0004074499)
(1.534784e-05 -7.739212e-06 0.0001207459)
(2.898532e-05 -6.77522e-06 0.0003621682)
(2.256507e-05 -5.318516e-06 0.0005713932)
(1.66771e-05 -1.445251e-05 0.0001223341)
(1.566173e-05 -1.351497e-05 0.0003548727)
(2.930059e-05 -1.114512e-05 0.0005200789)
(2.278303e-05 -1.017758e-05 0.0009192758)
(1.547337e-05 -2.121003e-05 0.0001290407)
(1.696893e-05 -2.033171e-05 0.0003695404)
(1.587715e-05 -1.793542e-05 0.0005244503)
(2.954921e-05 -1.450003e-05 0.0008634908)
(2.418827e-05 -1.462976e-05 0.0007648316)
(1.529098e-05 -3.076777e-05 0.0001391857)
(1.57277e-05 -2.991973e-05 0.0003973058)
(1.709782e-05 -2.782057e-05 0.0005570698)
(1.613067e-05 -2.476522e-05 0.0008915524)
(3.142445e-05 -1.99485e-05 0.0007409678)
(0.0002171875 -0.0002743506 0.001581534)
(1.512063e-05 -3.233488e-05 0.000150092)
(1.55209e-05 -3.183068e-05 0.0004278925)
(1.579664e-05 -2.994635e-05 0.0005974804)
(1.723426e-05 -2.796714e-05 0.0009464869)
(1.732615e-05 -2.469167e-05 0.0007685418)
(0.0002770714 -0.0002009637 0.001555328)
(0.0002195647 -0.0003521608 0.00117699)
(1.503691e-05 -2.471316e-05 0.0001583902)
(1.533579e-05 -2.436369e-05 0.0004516366)
(1.557113e-05 -2.314794e-05 0.0006289498)
(1.586351e-05 -2.169233e-05 0.0009923525)
(1.82855e-05 -2.007842e-05 0.0007992312)
(0.0001577584 -0.000171651 0.00158997)
(0.0002863172 -0.0001657924 0.001157702)
(0.0002148201 -0.0002759742 0.001347622)
(1.497161e-05 -1.763893e-05 0.0001633413)
(1.523785e-05 -1.752419e-05 0.0004656412)
(1.536567e-05 -1.682265e-05 0.0006476767)
(1.561623e-05 -1.603851e-05 0.001018889)
(1.677215e-05 -1.521134e-05 0.00081772)
(0.0001655053 -0.0001351932 0.0016174)
(0.0001665488 -0.0001371856 0.00116296)
(0.0002824788 -0.0001268974 0.001318091)
(0.0002104096 -0.0002168604 0.001384983)
(1.491264e-05 -1.002051e-05 0.0001655297)
(1.516817e-05 -9.964469e-06 0.0004721582)
(1.525887e-05 -9.637744e-06 0.0006562057)
(1.539638e-05 -9.254515e-06 0.001030941)
(1.649054e-05 -8.947872e-06 0.0008250723)
(0.0001515565 -7.937544e-05 0.001627608)
(0.0001739342 -8.323823e-05 0.001165651)
(0.0001676969 -8.060801e-05 0.001309904)
(0.000280935 -7.491268e-05 0.001351085)
(0.0002233838 -0.0001372064 0.00119191)
(1.510801e-05 -3.395548e-06 0.0004732165)
(1.518555e-05 -3.302891e-06 0.0006577884)
(1.528274e-05 -3.146833e-06 0.001032575)
(1.624243e-05 -3.128892e-06 0.000825361)
(0.0001489444 -2.762456e-05 0.001624207)
(0.0001590879 -2.813202e-05 0.001160816)
(0.0001745594 -2.863933e-05 0.001300901)
(0.0001687918 -2.755056e-05 0.001333199)
(0.0003013322 -2.785876e-05 0.001160356)
(0.002027218 -0.000434379 0.003234445)
(2.208395e-05 6.072274e-06 0.0001462761)
(2.846696e-05 2.321355e-06 0.00012638)
(2.238599e-05 1.895536e-06 0.0004074501)
(1.531388e-05 -2.545977e-06 0.0001175733)
(2.892393e-05 -2.234491e-06 0.0003535511)
(2.253255e-05 -1.71365e-06 0.0005615702)
(1.664299e-05 -7.989847e-06 0.0001156951)
(1.55919e-05 -7.45579e-06 0.000335907)
(2.919894e-05 -6.095448e-06 0.0004955111)
(2.273897e-05 -4.696518e-06 0.0008882821)
(1.543881e-05 -1.466061e-05 0.0001190064)
(1.691578e-05 -1.397813e-05 0.0003402411)
(1.576843e-05 -1.227829e-05 0.0004844634)
(2.953776e-05 -9.857404e-06 0.0008057326)
(2.428657e-05 -8.576059e-06 0.0007286029)
(1.52576e-05 -2.146057e-05 0.0001265687)
(1.568708e-05 -2.058131e-05 0.0003601369)
(1.703159e-05 -1.86039e-05 0.0005052029)
(1.599172e-05 -1.604357e-05 0.0008126272)
(3.151799e-05 -1.164249e-05 0.0006837448)
(0.0002188705 -0.0001274172 0.001493774)
(1.510226e-05 -3.083809e-05 0.0001374616)
(1.549617e-05 -3.015229e-05 0.0003904936)
(1.577021e-05 -2.797338e-05 0.0005449284)
(1.716554e-05 -2.564524e-05 0.0008649252)
(1.716847e-05 -2.16826e-05 0.0007063065)
(0.0002842923 -0.0001734191 0.001446287)
(0.0002281791 -0.0002864303 0.001132123)
(1.502332e-05 -3.24092e-05 0.0001487221)
(1.531963e-05 -3.185651e-05 0.0004231592)
(1.555149e-05 -3.010811e-05 0.0005887872)
(1.58435e-05 -2.800822e-05 0.000929718)
(1.824346e-05 -2.545196e-05 0.0007506331)
(0.0001566889 -0.0002165161 0.001500042)
(0.0002909828 -0.0002091559 0.001102156)
(0.0002203335 -0.0003512818 0.001305292)
(1.49657e-05 -2.468913e-05 0.0001573655)
(1.523213e-05 -2.44011e-05 0.0004479688)
(1.535879e-05 -2.315949e-05 0.0006228091)
(1.560648e-05 -2.178811e-05 0.0009801017)
(1.6767e-05 -2.002323e-05 0.000787479)
(0.0001652386 -0.0001767056 0.001560427)
(0.0001656623 -0.0001787769 0.00112598)
(0.0002873667 -0.0001642469 0.001282943)
(0.0002159631 -0.0002760588 0.001364758)
(1.490543e-05 -1.764724e-05 0.0001623064)
(1.516507e-05 -1.749549e-05 0.0004627296)
(1.525636e-05 -1.681754e-05 0.0006428631)
(1.539351e-05 -1.602436e-05 0.001010067)
(1.648737e-05 -1.522908e-05 0.0008087813)
(0.0001515336 -0.000134628 0.001596649)
(0.0001737652 -0.0001410615 0.00114473)
(0.0001671421 -0.0001362821 0.001288535)
(0.0002839307 -0.0001264861 0.00133302)
(0.0002270598 -0.0002330568 0.001182992)
(1.510574e-05 -9.964248e-06 0.0004692428)
(1.518513e-05 -9.616618e-06 0.0006522198)
(1.528265e-05 -9.241938e-06 0.0010238)
(1.624313e-05 -8.917872e-06 0.0008184698)
(0.0001489649 -7.942941e-05 0.001611131)
(0.0001591133 -8.288396e-05 0.001151886)
(0.0001745151 -8.279553e-05 0.0012915)
(0.0001685524 -8.041064e-05 0.00132463)
(0.0003032178 -8.009638e-05 0.001154212)
(0.00204955 -0.001246534 0.003234191)
(1.512582e-05 -3.299138e-06 0.0006537806)
(1.520795e-05 -3.137569e-06 0.001026467)
(1.611672e-05 -3.117964e-06 0.0008198369)
(0.0001466835 -2.751216e-05 0.001611716)
(0.0001563628 -2.814398e-05 0.001149457)
(0.0001596117 -2.849765e-05 0.00128613)
(0.0001754215 -2.827884e-05 0.001315429)
(0.0001821519 -2.979942e-05 0.00113909)
(0.002760743 -0.0002493959 0.003139165)
(0.00204453 -0.0004383133 0.0002637157)
(2.215099e-05 1.240148e-05 0.0001510345)
(2.85307e-05 7.035454e-06 0.0001292899)
(2.242297e-05 5.863212e-06 0.0004144221)
(1.531386e-05 2.546474e-06 0.0001175735)
(2.892394e-05 2.234352e-06 0.0003535509)
(2.253254e-05 1.713761e-06 0.0005615706)
(1.662712e-05 -2.625576e-06 0.0001123838)
(1.555911e-05 -2.451307e-06 0.0003264561)
(2.914425e-05 -2.008212e-06 0.0004832585)
(2.271156e-05 -1.50611e-06 0.0008727813)
(1.541388e-05 -8.117375e-06 0.0001122056)
(1.688298e-05 -7.693042e-06 0.0003203949)
(1.570559e-05 -6.707223e-06 0.0004573815)
(2.9452e-05 -5.316003e-06 0.0007666803)
(2.426315e-05 -3.643914e-06 0.000703901)
(1.522965e-05 -1.485777e-05 0.0001163571)
(1.565372e-05 -1.417281e-05 0.000330073)
(1.698408e-05 -1.268163e-05 0.0004632659)
(1.589502e-05 -1.085801e-05 0.0007488379)
(3.155781e-05 -7.662561e-06 0.0006374966)
(0.0002198161 -7.389502e-05 0.001422184)
(1.507479e-05 -2.157347e-05 0.0001247063)
(1.546376e-05 -2.081916e-05 0.0003526292)
(1.573404e-05 -1.880654e-05 0.000491645)
(1.710754e-05 -1.661778e-05 0.0007819908)
(1.705486e-05 -1.288247e-05 0.0006429855)
(0.0002852502 -9.906512e-05 0.001333241)
(0.000229964 -0.0001320783 0.00106703)
(1.500806e-05 -3.095168e-05 0.000135916)
(1.530228e-05 -3.021216e-05 0.0003852949)
(1.552996e-05 -2.816711e-05 0.0005351595)
(1.582253e-05 -2.573541e-05 0.0008457032)
(1.818982e-05 -2.237682e-05 0.0006850186)
(0.0001553228 -0.0001883357 0.001378388)
(0.000298612 -0.0001798757 0.001030008)
(0.00022904 -0.0002847243 0.00125967)
(1.495351e-05 -3.237943e-05 0.0001476409)
(1.521913e-05 -3.191921e-05 0.0004190561)
(1.534491e-05 -3.010997e-05 0.000582041)
(1.558999e-05 -2.812803e-05 0.0009160358)
(1.675561e-05 -2.536896e-05 0.0007372675)
(0.0001648847 -0.0002230147 0.001465002)
(0.0001645553 -0.0002252538 0.001063169)
(0.0002921023 -0.0002068071 0.001221655)
(0.000221537 -0.0003513105 0.001323336)
(1.489249e-05 -2.471817e-05 0.0001562488)
(1.515957e-05 -2.437288e-05 0.0004449245)
(1.525171e-05 -2.317785e-05 0.0006176064)
(1.538851e-05 -2.177611e-05 0.0009704856)
(1.648215e-05 -2.005521e-05 0.0007777374)
(0.0001514984 -0.0001760468 0.001537471)
(0.0001734912 -0.0001839902 0.001105091)
(0.0001662711 -0.0001769809 0.001247787)
(0.0002888778 -0.000163193 0.001298189)
(0.0002330902 -0.0002960368 0.001165101)
(1.509904e-05 -1.749867e-05 0.0004596571)
(1.518269e-05 -1.678283e-05 0.0006387524)
(1.528089e-05 -1.600598e-05 0.001002554)
(1.624257e-05 -1.517759e-05 0.0008017782)
(0.0001489415 -0.0001347126 0.001579218)
(0.0001590917 -0.0001404325 0.001130029)
(0.0001743516 -0.0001400692 0.001268341)
(0.000168005 -0.0001357433 0.001303128)
(0.0003064809 -0.0001349518 0.001138697)
(0.002083704 -0.00211136 0.003219608)
(1.512413e-05 -9.610099e-06 0.000648103)
(1.520789e-05 -9.216819e-06 0.001017593)
(1.611755e-05 -8.889208e-06 0.0008128063)
(0.000146715 -7.912404e-05 0.001598269)
(0.0001563866 -8.292653e-05 0.001140213)
(0.0001596393 -8.240809e-05 0.001276247)
(0.0001753813 -8.255859e-05 0.00130602)
(0.0001819292 -8.588279e-05 0.001131575)
(0.00278278 -0.0007168061 0.003127887)
(0.002067202 -0.001268497 0.0002799761)
(1.514954e-05 -3.131783e-06 0.00102022)
(1.6036e-05 -3.105106e-06 0.0008149944)
(0.0001455395 -2.74075e-05 0.001600961)
(0.0001539843 -2.802778e-05 0.001140607)
(0.0001568681 -2.849749e-05 0.001273546)
(0.0001603957 -2.813093e-05 0.001300487)
(0.0001892725 -3.055644e-05 0.001123911)
(0.001669059 -0.0002662064 0.0030818)
(0.00278366 -0.0002508442 0.0002499816)
(0.002047657 -0.0004451016 0.0009297228)
(2.212785e-05 1.946219e-05 0.000157972)
(2.865086e-05 1.268387e-05 0.0001351168)
(2.248652e-05 1.209001e-05 0.0004283372)
(1.534779e-05 7.739574e-06 0.0001207465)
(2.898535e-05 6.775115e-06 0.0003621677)
(2.256505e-05 5.318592e-06 0.0005713938)
(1.662706e-05 2.624755e-06 0.0001123834)
(1.555909e-05 2.451776e-06 0.0003264569)
(2.914426e-05 2.008093e-06 0.0004832582)
(2.271155e-05 1.5062e-06 0.0008727818)
(1.540198e-05 -2.664544e-06 0.0001088153)
(1.686777e-05 -2.526349e-06 0.0003104999)
(1.567628e-05 -2.202364e-06 0.000443891)
(2.940513e-05 -1.748795e-06 0.0007472159)
(2.424562e-05 -1.152093e-06 0.0006915517)
(1.520934e-05 -8.241691e-06 0.0001094319)
(1.562962e-05 -7.812551e-06 0.0003097072)
(1.695509e-05 -6.908264e-06 0.0004348711)
(1.584035e-05 -5.847555e-06 0.0007056672)
(3.150199e-05 -3.955716e-06 0.0006062485)
(0.000219643 -3.075421e-05 0.001373451)
(1.505204e-05 -1.495214e-05 0.0001143847)
(1.543658e-05 -1.436036e-05 0.0003219975)
(1.57043e-05 -1.284111e-05 0.0004485672)
(1.706661e-05 -1.119142e-05 0.0007150004)
(1.697923e-05 -8.427497e-06 0.0005918486)
(0.000285698 -6.465464e-05 0.001242029)
(0.000230971 -7.631083e-05 0.001014283)
(1.498467e-05 -2.171272e-05 0.0001229973)
(1.527565e-05 -2.092352e-05 0.0003469852)
(1.550063e-05 -1.900975e-05 0.0004808396)
(1.579158e-05 -1.676546e-05 0.0007604443)
(1.814667e-05 -1.328205e-05 0.0006184486)
(0.0001543518 -0.000109611 0.001253264)
(0.0002996511 -0.000101914 0.0009489053)
(0.0002308693 -0.0001296975 0.001186236)
(1.494034e-05 -3.0949e-05 0.0001347659)
(1.520462e-05 -3.031358e-05 0.0003806359)
(1.53303e-05 -2.820188e-05 0.0005277169)
(1.557221e-05 -2.588373e-05 0.000830257)
(1.674543e-05 -2.233586e-05 0.0006696659)
(0.0001644317 -0.0001942092 0.001336694)
(0.0001631394 -0.0001952894 0.0009824)
(0.0002998379 -0.0001768331 0.00114366)
(0.0002303466 -0.0002838281 0.001288258)
(1.486816e-05 -3.241822e-05 0.0001464074)
(1.514791e-05 -3.188403e-05 0.0004158255)
(1.52404e-05 -3.014559e-05 0.0005761948)
(1.537728e-05 -2.810182e-05 0.0009054289)
(1.647164e-05 -2.540415e-05 0.0007263672)
(0.0001514117 -0.0002220533 0.001438853)
(0.0001731282 -0.0002319563 0.00103843)
(0.0001651866 -0.0002225805 0.001178477)
(0.0002936861 -0.0002051647 0.001236948)
(0.0002391587 -0.0003767449 0.001129422)
(1.508698e-05 -2.439436e-05 0.000441592)
(1.517826e-05 -2.314072e-05 0.0006132944)
(1.527751e-05 -2.177229e-05 0.0009623387)
(1.624134e-05 -1.999186e-05 0.0007700935)
(0.0001489029 -0.00017622 0.001518452)
(0.0001590586 -0.0001832442 0.001088822)
(0.0001740868 -0.000182057 0.001224652)
(0.0001671463 -0.0001757278 0.001262679)
(0.0003118734 -0.0001733304 0.001108628)
(0.002139648 -0.002667432 0.003219073)
(1.511871e-05 -1.677462e-05 0.0006344023)
(1.520621e-05 -1.59642e-05 0.0009961406)
(1.611734e-05 -1.512972e-05 0.0007958145)
(0.0001467141 -0.0001341866 0.001565566)
(0.0001563638 -0.0001404956 0.001117681)
(0.0001596214 -0.0001393796 0.001252048)
(0.0001752225 -0.0001394582 0.001282712)
(0.0001813538 -0.0001446781 0.001113116)
(0.002813369 -0.001201032 0.003090513)
(0.002101846 -0.002170384 0.0003108777)
(1.514854e-05 -9.202958e-06 0.00101117)
(1.603688e-05 -8.85406e-06 0.0008078839)
(0.0001455715 -7.883953e-05 0.001587238)
(0.0001540196 -8.259428e-05 0.001131099)
(0.0001568936 -8.242758e-05 0.001263316)
(0.0001604267 -8.214048e-05 0.001290589)
(0.0001892624 -8.812465e-05 0.001115679)
(0.001669868 -0.0007666406 0.003066925)
(0.002806021 -0.0007315654 0.0002562515)
(0.002070738 -0.001280308 0.0009502612)
(1.597741e-05 -3.093707e-06 0.0008100393)
(0.0001448077 -2.728865e-05 0.001591533)
(0.0001527805 -2.791991e-05 0.001132986)
(0.0001544739 -2.837102e-05 0.001263742)
(0.0001576301 -2.812718e-05 0.001287761)
(0.0001730539 -3.037938e-05 0.001111142)
(0.001733577 -0.0002725859 0.003040832)
(0.001682793 -0.0002682465 0.0002457769)
(0.002788492 -0.0002537843 0.0008952613)
(0.002050157 -0.0004495122 0.000329605)
(2.205039e-05 3.503975e-05 0.0001663805)
(2.871588e-05 1.824355e-05 0.0001437057)
(2.245645e-05 1.909361e-05 0.0004486619)
(1.541992e-05 1.396809e-05 0.0001271101)
(2.910064e-05 1.226789e-05 0.000379436)
(2.261952e-05 1.119728e-05 0.0005910157)
(1.664283e-05 7.989175e-06 0.0001156942)
(1.559185e-05 7.456132e-06 0.0003359089)
(2.919896e-05 6.095358e-06 0.0004955103)
(2.273895e-05 4.696581e-06 0.0008882831)
(1.540195e-05 2.662845e-06 0.0001088146)
(1.686772e-05 2.525571e-06 0.0003104988)
(1.567626e-05 2.202764e-06 0.000443892)
(2.940514e-05 1.748698e-06 0.0007472154)
(2.424561e-05 1.152144e-06 0.0006915521)
(1.519908e-05 -2.705814e-06 0.0001059829)
(1.561811e-05 -2.562638e-06 0.0002995573)
(1.694178e-05 -2.265203e-06 0.0004207173)
(1.581509e-05 -1.916492e-06 0.0006841702)
(3.146963e-05 -1.295274e-06 0.000590679)
(0.0002195034 -9.686249e-06 0.001349115)
(1.503574e-05 -8.305484e-06 0.000107386)
(1.54168e-05 -7.931087e-06 0.0003012321)
(1.56827e-05 -7.006487e-06 0.0004193944)
(1.704209e-05 -6.006178e-06 0.0006696649)
(1.693953e-05 -4.340301e-06 0.0005572587)
(0.0002852528 -3.298316e-05 0.001180461)
(0.0002307989 -3.152108e-05 0.000978477)
(1.496476e-05 -1.505685e-05 0.0001125526)
(1.525352e-05 -1.444856e-05 0.0003159981)
(1.547596e-05 -1.300208e-05 0.0004369133)
(1.576607e-05 -1.13096e-05 0.0006915731)
(1.8118e-05 -8.625712e-06 0.000564712)
(0.0001537131 -7.107473e-05 0.001152337)
(0.0003001482 -6.631514e-05 0.0008835321)
(0.0002319105 -7.445381e-05 0.001126803)
(1.491871e-05 -2.175494e-05 0.0001217813)
(1.518183e-05 -2.105302e-05 0.0003418074)
(1.530627e-05 -1.909202e-05 0.0004727301)
(1.554649e-05 -1.69281e-05 0.0007432926)
(1.672425e-05 -1.331764e-05 0.0006012073)
(0.0001640722 -0.0001128711 0.001205122)
(0.0001621381 -0.000112765 0.0008928452)
(0.0003009358 -9.87813e-05 0.001053196)
(0.0002322129 -0.0001277485 0.001210434)
(1.484063e-05 -3.102338e-05 0.0001333901)
(1.513539e-05 -3.030544e-05 0.0003771785)
(1.522799e-05 -2.827389e-05 0.0005210484)
(1.536589e-05 -2.588906e-05 0.0008185014)
(1.646114e-05 -2.239302e-05 0.0006573338)
(0.0001513394 -0.00019361 0.001306588)
(0.0001726624 -0.0002013261 0.0009531381)
(0.0001637965 -0.0001918921 0.001091032)
(0.0003015379 -0.0001744853 0.001163442)
(0.0002487609 -0.0003029435 0.00109686)
(1.506396e-05 -3.191295e-05 0.0004121221)
(1.516811e-05 -3.009886e-05 0.0005716003)
(1.526816e-05 -2.810593e-05 0.0008962364)
(1.623527e-05 -2.531549e-05 0.00071792)
(0.0001488193 -0.0002222179 0.00141754)
(0.0001589729 -0.0002308744 0.001019903)
(0.0001737368 -0.0002291066 0.001151085)
(0.0001660797 -0.0002206813 0.001193419)
(0.0003171374 -0.0002174926 0.001056177)
(0.002196392 -0.003378015 0.003160979)
(1.51089e-05 -2.314496e-05 0.0006085588)
(1.520304e-05 -2.172467e-05 0.000955592)
(1.611652e-05 -1.994014e-05 0.0007636176)
(0.0001467098 -0.0001755628 0.001503534)
(0.0001563262 -0.0001833869 0.00107535)
(0.0001595946 -0.0001812189 0.001206616)
(0.0001749653 -0.000180691 0.001239316)
(0.0001804518 -0.0001864614 0.00107823)
(0.002863843 -0.001524992 0.003031998)
(0.002159579 -0.002753983 0.000487297)
(1.514461e-05 -1.59427e-05 0.0009893386)
(1.603678e-05 -1.507029e-05 0.0007907242)
(0.0001455724 -0.0001337067 0.001553941)
(0.00015402 -0.0001399226 0.001108008)
(0.0001568737 -0.0001394006 0.001238366)
(0.0001604123 -0.0001387124 0.001266226)
(0.0001890994 -0.0001485501 0.001095674)
(0.00166494 -0.001284359 0.003022023)
(0.002837008 -0.001237715 0.0002685634)
(0.002106164 -0.002227862 0.0009848607)
(1.597797e-05 -8.82374e-06 0.0008027861)
(0.00014484 -7.850765e-05 0.001577651)
(0.000152816 -8.228685e-05 0.001123283)
(0.0001545106 -8.207501e-05 0.001253218)
(0.0001576586 -8.21392e-05 0.001277509)
(0.0001731167 -8.762976e-05 0.001102493)
(0.001736368 -0.0007855155 0.003024069)
(0.001683595 -0.0007830955 0.0002522846)
(0.00281131 -0.000732333 0.0009015451)
(0.002073587 -0.001295752 0.0003503788)
(0.0001442836 -2.717935e-05 0.001581882)
(0.0001520112 -2.779772e-05 0.001126307)
(0.0001532615 -2.825502e-05 0.0012553)
(0.000155217 -2.799692e-05 0.001277844)
(0.0001700571 -3.036212e-05 0.001100269)
(0.001584895 -0.000270678 0.00300629)
(0.001748064 -0.0002749271 0.0002425761)
(0.001685693 -0.0002708979 0.0008789407)
(0.002791804 -0.0002551041 0.0003138376)
(0.002033591 -0.0004508343 0.0001763331)
(2.131687e-05 4.03172e-05 0.0001740992)
(2.875927e-05 2.668945e-05 0.0001542746)
(2.236934e-05 3.483432e-05 0.0004733448)
(1.55422e-05 2.016515e-05 0.000136492)
(2.91568e-05 1.770845e-05 0.0004049234)
(2.257547e-05 1.792022e-05 0.0006197143)
(1.667685e-05 1.445199e-05 0.0001223327)
(1.566166e-05 1.351511e-05 0.0003548753)
(2.930062e-05 1.114505e-05 0.0005200778)
(2.278301e-05 1.017763e-05 0.0009192773)
(1.541379e-05 8.115849e-06 0.0001122035)
(1.688283e-05 7.692404e-06 0.0003203919)
(1.570555e-05 6.707516e-06 0.0004573841)
(2.945202e-05 5.315929e-06 0.0007666791)
(2.426315e-05 3.643953e-06 0.0007039018)
(1.519913e-05 2.70379e-06 0.0001059821)
(1.561808e-05 2.561027e-06 0.0002995552)
(1.694174e-05 2.264534e-06 0.0004207157)
(1.581508e-05 1.916813e-06 0.0006841718)
(3.146963e-05 1.29522e-06 0.0005906786)
(0.0002195034 9.686643e-06 0.001349116)
(1.50278e-05 -2.727134e-06 0.0001038993)
(1.540679e-05 -2.602068e-06 0.0002908921)
(1.567241e-05 -2.294448e-06 0.0004048578)
(1.703102e-05 -1.965029e-06 0.0006470718)
(1.692184e-05 -1.414005e-06 0.0005400383)
(0.0002849896 -1.078609e-05 0.001149802)
(0.0002306572 -9.914508e-06 0.0009606531)
(1.494991e-05 -8.366114e-06 0.0001054808)
(1.523759e-05 -7.991214e-06 0.0002949939)
(1.545791e-05 -7.108791e-06 0.0004071425)
(1.574741e-05 -6.079392e-06 0.0006449499)
(1.810201e-05 -4.41433e-06 0.0005283608)
(0.0001533847 -3.616064e-05 0.001084112)
(0.0002996992 -3.368425e-05 0.0008394195)
(0.0002317586 -3.035367e-05 0.001086556)
(1.489958e-05 -1.510683e-05 0.0001112759)
(1.516239e-05 -1.45467e-05 0.0003104267)
(1.528618e-05 -1.307383e-05 0.0004282697)
(1.552476e-05 -1.14394e-05 0.0006730199)
(1.670672e-05 -8.659612e-06 0.0005459394)
(0.0001638376 -7.260483e-05 0.001099014)
(0.0001614823 -7.288806e-05 0.0008205875)
(0.0003014792 -6.394339e-05 0.0009802819)
(0.0002332818 -7.288718e-05 0.001147814)
(1.480263e-05 -2.186797e-05 0.0001202689)
(1.511426e-05 -2.109067e-05 0.0003381335)
(1.520718e-05 -1.919648e-05 0.0004652917)
(1.53449e-05 -1.698441e-05 0.0007304344)
(1.644201e-05 -1.340004e-05 0.0005874878)
(0.0001511672 -0.0001129886 0.001171265)
(0.0001722945 -0.0001160705 0.0008590373)
(0.0001628221 -0.0001093039 0.0009912138)
(0.0003026885 -9.613045e-05 0.00107041)
(0.0002508206 -0.0001338658 0.001031379)
(1.503805e-05 -3.036959e-05 0.0003730214)
(1.515742e-05 -2.825336e-05 0.0005161098)
(1.525821e-05 -2.59268e-05 0.0008079673)
(1.623029e-05 -2.233419e-05 0.0006479525)
(0.000148738 -0.0001939585 0.001282425)
(0.0001589033 -0.0002006192 0.0009317588)
(0.0001732861 -0.0001977338 0.001058693)
(0.0001647093 -0.0001892585 0.001110657)
(0.000325735 -0.0001835045 0.0009922093)
(0.002285405 -0.002689939 0.003373962)
(1.508928e-05 -3.010521e-05 0.0005663143)
(1.519466e-05 -2.804558e-05 0.0008890207)
(1.611096e-05 -2.525189e-05 0.000710599)
(0.0001466646 -0.0002213147 0.001401028)
(0.0001562422 -0.0002309951 0.001004811)
(0.0001595176 -0.0002279012 0.00113054)
(0.0001746263 -0.000227064 0.001165784)
(0.0001793356 -0.0002337351 0.001018908)
(0.002913683 -0.001896298 0.002909396)
(0.002217574 -0.003625782 0.0006232845)
(1.513739e-05 -2.17088e-05 0.0009481633)
(1.603616e-05 -1.986699e-05 0.0007582557)
(0.0001455697 -0.000175016 0.001490895)
(0.0001540179 -0.0001826681 0.001064778)
(0.0001568408 -0.0001812974 0.001191685)
(0.000160391 -0.0001797681 0.001221056)
(0.0001888354 -0.0001916097 0.001058261)
(0.001657235 -0.001636525 0.002951844)
(0.002889074 -0.001580754 0.0003474158)
(0.002167225 -0.002838198 0.001214497)
(1.597702e-05 -1.501917e-05 0.0007853206)
(0.0001448419 -0.0001331443 0.001544021)
(0.000152818 -0.0001394026 0.00109977)
(0.0001545135 -0.0001387915 0.001227647)
(0.0001576414 -0.0001386954 0.001252386)
(0.0001731064 -0.0001476651 0.001081587)
(0.001735069 -0.00131679 0.002975161)
(0.001678533 -0.001324472 0.0002654152)
(0.002843157 -0.001255249 0.00090927)
(0.002109671 -0.002296899 0.0003880977)
(0.0001443141 -7.820769e-05 0.001567718)
(0.000152047 -8.193349e-05 0.001116491)
(0.0001532981 -8.175218e-05 0.001244559)
(0.0001552565 -8.176762e-05 0.001267295)
(0.0001701163 -8.759665e-05 0.001091319)
(0.001588083 -0.000780032 0.002988331)
(0.001750902 -0.0008027678 0.0002492146)
(0.001686568 -0.0007831865 0.0008847861)
(0.002814988 -0.0007388383 0.000322278)
(0.002057099 -0.001297477 0.0001851563)
(0.0001514627 -2.768444e-05 0.00111947)
(0.0001524881 -2.812699e-05 0.001247901)
(0.0001539945 -2.787828e-05 0.001269306)
(0.0001674428 -3.02107e-05 0.001091795)
(0.001557164 -0.000270306 0.002976891)
(0.001598183 -0.0002731055 0.0002397284)
(0.001750793 -0.0002774187 0.000867298)
(0.001687613 -0.0002723321 0.0003081933)
(0.002769395 -0.0002553069 0.0001689057)
(2.086744e-05 3.087512e-05 0.0001796692)
(2.817299e-05 2.827188e-05 0.0001645812)
(2.161635e-05 4.029083e-05 0.0004958408)
(1.571308e-05 2.918287e-05 0.0001480653)
(2.918822e-05 2.619177e-05 0.0004363314)
(2.24702e-05 3.36092e-05 0.0006546281)
(1.673183e-05 2.094185e-05 0.0001321277)
(1.578067e-05 1.958236e-05 0.0003828618)
(2.933611e-05 1.621427e-05 0.0005563716)
(2.272295e-05 1.657942e-05 0.0009646911)
(1.543864e-05 1.465934e-05 0.0001190032)
(1.691555e-05 1.397763e-05 0.0003402368)
(1.576837e-05 1.227841e-05 0.0004844671)
(2.953779e-05 9.857351e-06 0.0008057309)
(2.428656e-05 8.576093e-06 0.0007286041)
(1.520948e-05 8.239625e-06 0.0001094295)
(1.562953e-05 7.811102e-06 0.000309701)
(1.695496e-05 6.907712e-06 0.0004348669)
(1.584032e-05 5.84779e-06 0.0007056714)
(3.150199e-05 3.955673e-06 0.0006062475)
(0.000219643 3.075451e-05 0.001373452)
(1.50279e-05 2.727318e-06 0.0001038993)
(1.540684e-05 2.600148e-06 0.0002908897)
(1.567238e-05 2.29306e-06 0.0004048547)
(1.703098e-05 1.964483e-06 0.0006470693)
(1.692183e-05 1.414178e-06 0.0005400396)
(0.0002849896 1.078568e-05 0.001149801)
(0.0002306572 9.914897e-06 0.0009606537)
(1.494236e-05 -2.744551e-06 0.0001019649)
(1.522981e-05 -2.622175e-06 0.0002845312)
(1.544876e-05 -2.328625e-06 0.00039232)
(1.573854e-05 -1.985985e-06 0.0006217205)
(1.809529e-05 -1.43372e-06 0.0005102476)
(0.00015324 -1.176066e-05 0.00105016)
(0.000299432 -1.101026e-05 0.0008174619)
(0.0002316268 -9.52485e-06 0.001066538)
(1.488461e-05 -8.4105e-06 0.0001041536)
(1.514784e-05 -8.048499e-06 0.000289186)
(1.527154e-05 -7.158897e-06 0.0003981389)
(1.550875e-05 -6.162633e-06 0.0006254069)
(1.669356e-05 -4.436346e-06 0.0005085376)
(0.0001637097 -3.66708e-05 0.001027268)
(0.0001611478 -3.691799e-05 0.0007717105)
(0.000301059 -3.223418e-05 0.0009311181)
(0.0002331445 -2.93401e-05 0.001105551)
(1.476987e-05 -1.520419e-05 0.0001096507)
(1.509558e-05 -1.459282e-05 0.0003065549)
(1.518933e-05 -1.315462e-05 0.0004202443)
(1.532718e-05 -1.149181e-05 0.0006592751)
(1.642564e-05 -8.727793e-06 0.0005310779)
(0.0001510246 -7.275664e-05 0.001062108)
(0.0001720562 -7.440627e-05 0.0007830815)
(0.0001621889 -7.026141e-05 0.0009106402)
(0.0003032729 -6.191573e-05 0.000995536)
(0.00025201 -7.56743e-05 0.0009784267)
(1.50015e-05 -2.119513e-05 0.0003335407)
(1.513805e-05 -1.922257e-05 0.0004600247)
(1.523971e-05 -1.705963e-05 0.0007186389)
(1.621488e-05 -1.340226e-05 0.0005772074)
(0.0001485785 -0.0001135815 0.001144343)
(0.0001587284 -0.0001161262 0.0008350339)
(0.0001729333 -0.0001124251 0.0009538288)
(0.000163757 -0.0001063785 0.00100823)
(0.0003270442 -9.896547e-05 0.0009132663)
(0.002305652 -0.001152397 0.003094924)
(1.50676e-05 -2.829313e-05 0.0005101491)
(1.518611e-05 -2.589164e-05 0.0008001773)
(1.610588e-05 -2.229968e-05 0.0006395451)
(0.000146631 -0.0001933184 0.001264044)
(0.000156161 -0.0002009286 0.0009146378)
(0.0001594584 -0.0001968958 0.001034956)
(0.0001741879 -0.0001949384 0.001078206)
(0.0001778957 -0.0001989063 0.0009469755)
(0.002994091 -0.001570296 0.002878924)
(0.002315978 -0.00285286 0.001998353)
(1.512174e-05 -2.802556e-05 0.0008806941)
(1.60312e-05 -2.515835e-05 0.0007048545)
(0.0001455266 -0.0002206266 0.001386717)
(0.0001539735 -0.0002300116 0.0009931108)
(0.0001567629 -0.0002279362 0.001113811)
(0.0001603216 -0.0002257442 0.001144978)
(0.0001884882 -0.0002403607 0.0009952843)
(0.001647778 -0.002033601 0.002813062)
(0.002939792 -0.00203403 0.0004085834)
(0.002227928 -0.004108498 0.001373667)
(1.597497e-05 -1.980701e-05 0.0007523459)
(0.0001448409 -0.0001743168 0.001480434)
(0.0001528167 -0.0001820669 0.001055818)
(0.0001545152 -0.0001805287 0.001179967)
(0.0001576126 -0.0001797889 0.001205949)
(0.0001730921 -0.0001904914 0.001042661)
(0.001732956 -0.001679076 0.002898916)
(0.001670516 -0.00169796 0.0003483071)
(0.002898594 -0.001605316 0.001001219)
(0.002174052 -0.002939595 0.0006817502)
(0.0001443109 -0.0001326352 0.001533485)
(0.00015205 -0.0001388033 0.001092742)
(0.0001533017 -0.000138243 0.001218519)
(0.0001552616 -0.0001380527 0.001241542)
(0.0001701017 -0.0001475889 0.001069762)
(0.001588115 -0.001306949 0.002936913)
(0.001749576 -0.001358608 0.0002626011)
(0.001681637 -0.001341717 0.0008921044)
(0.002847513 -0.001286536 0.0003373666)
(0.002093471 -0.002363382 0.0002028287)
(0.000151497 -8.160969e-05 0.001109454)
(0.000152525 -8.138955e-05 0.001237034)
(0.0001540335 -8.143024e-05 0.001258535)
(0.0001675131 -8.716942e-05 0.001082592)
(0.001560262 -0.0007790422 0.002958078)
(0.001601432 -0.0007974479 0.0002461467)
(0.001753698 -0.000802449 0.000872919)
(0.001688514 -0.0007901261 0.0003168859)
(0.002792672 -0.0007375392 0.0001723139)
(0.0001519407 -2.800579e-05 0.001240325)
(0.0001532158 -2.774906e-05 0.001261823)
(0.0001661174 -3.007434e-05 0.001084499)
(0.001532986 -0.0002687429 0.002953974)
(0.0015703 -0.0002728175 0.000237342)
(0.001600627 -0.0002754052 0.0008572583)
(0.001752746 -0.0002789158 0.0003042192)
(0.001674024 -0.0002724263 0.0001656834)
(2.038999e-05 2.321176e-05 0.0001827399)
(2.784309e-05 2.145513e-05 0.0001721638)
(2.115329e-05 3.091642e-05 0.00051201)
(1.592861e-05 3.077446e-05 0.0001594467)
(2.858016e-05 2.79133e-05 0.000466899)
(2.169535e-05 3.929269e-05 0.0006863832)
(1.680739e-05 3.029177e-05 0.0001442271)
(1.594762e-05 2.863337e-05 0.0004174172)
(2.934099e-05 2.45666e-05 0.000601148)
(2.259688e-05 3.221007e-05 0.001020108)
(1.547313e-05 2.120904e-05 0.0001290368)
(1.696864e-05 2.03313e-05 0.0003695351)
(1.587707e-05 1.793539e-05 0.0005244541)
(2.954923e-05 1.45e-05 0.0008634888)
(2.418826e-05 1.46298e-05 0.000764833)
(1.522988e-05 1.48558e-05 0.000116353)
(1.565356e-05 1.417161e-05 0.0003300635)
(1.698387e-05 1.268119e-05 0.0004632597)
(1.589497e-05 1.085811e-05 0.0007488437)
(3.155782e-05 7.662527e-06 0.0006374952)
(0.000219816 7.38953e-05 0.001422186)
(1.503603e-05 8.305773e-06 0.0001073862)
(1.541693e-05 7.929126e-06 0.0003012247)
(1.568262e-05 7.005235e-06 0.0004193856)
(1.704198e-05 6.005724e-06 0.0006696582)
(1.693951e-05 4.340429e-06 0.0005572621)
(0.0002852529 3.298283e-05 0.001180459)
(0.0002307989 3.152138e-05 0.0009784781)
(1.494239e-05 2.746433e-06 0.0001019658)
(1.522991e-05 2.62235e-06 0.0002845314)
(1.54488e-05 2.326968e-06 0.0003923165)
(1.573853e-05 1.984853e-06 0.0006217156)
(1.809527e-05 1.433406e-06 0.0005102455)
(0.0001532399 1.176196e-05 0.001050162)
(0.000299432 1.100986e-05 0.0008174614)
(0.0002316267 9.5252e-06 0.001066539)
(1.487624e-05 -2.762293e-06 0.0001006058)
(1.514043e-05 -2.638672e-06 0.0002786273)
(1.526436e-05 -2.345399e-06 0.0003831312)
(1.550061e-05 -2.013982e-06 0.0006017018)
(1.66874e-05 -1.437486e-06 0.0004899046)
(0.0001636574 -1.188517e-05 0.00099153)
(0.000161001 -1.199962e-05 0.0007473934)
(0.0003008061 -1.052771e-05 0.0009066487)
(0.0002330197 -9.185655e-06 0.001084593)
(1.474507e-05 -8.47996e-06 0.0001024509)
(1.508091e-05 -8.090119e-06 0.0002851514)
(1.517587e-05 -7.206963e-06 0.0003897582)
(1.531406e-05 -6.200928e-06 0.0006110617)
(1.641332e-05 -4.481946e-06 0.0004928688)
(0.0001509167 -3.677554e-05 0.0009882667)
(0.0001719274 -3.739979e-05 0.0007316756)
(0.0001618704 -3.530954e-05 0.0008561553)
(0.0003028771 -3.098179e-05 0.0009451028)
(0.000251887 -2.98745e-05 0.0009428092)
(1.496992e-05 -1.468378e-05 0.0003016018)
(1.512087e-05 -1.319072e-05 0.0004146787)
(1.522374e-05 -1.155224e-05 0.0006465119)
(1.620149e-05 -8.740204e-06 0.0005200732)
(0.0001484415 -7.325556e-05 0.001032912)
(0.0001585837 -7.451437e-05 0.0007569395)
(0.0001727075 -7.16373e-05 0.0008691283)
(0.0001631429 -6.801552e-05 0.0009255622)
(0.00032773 -6.325031e-05 0.0008495881)
(0.002317523 -0.0006364808 0.002881715)
(1.503518e-05 -1.930518e-05 0.0004534153)
(1.516879e-05 -1.707207e-05 0.0007103005)
(1.609152e-05 -1.341769e-05 0.0005677756)
(0.0001465029 -0.0001135042 0.001124173)
(0.0001559975 -0.0001166983 0.0008159789)
(0.0001592931 -0.0001123688 0.0009271858)
(0.0001738478 -0.0001093395 0.0009706703)
(0.000176908 -0.0001095297 0.0008600011)
(0.003007973 -0.0008085024 0.0026176)
(0.002332688 -0.001083176 0.001497999)
(1.510497e-05 -2.59029e-05 0.0007907442)
(1.602693e-05 -2.223028e-05 0.0006333315)
(0.0001454893 -0.0001928816 0.001247572)
(0.0001539417 -0.0002002195 0.0009015798)
(0.0001566886 -0.0001971126 0.001015965)
(0.0001602717 -0.0001939802 0.001054098)
(0.0001880363 -0.0002047503 0.0009192004)
(0.001635476 -0.001699119 0.002768768)
(0.003028706 -0.001669815 0.001046107)
(0.002351026 -0.00311964 0.00345552)
(1.596699e-05 -2.508022e-05 0.0006982179)
(0.0001448025 -0.0002197317 0.001375493)
(0.0001527737 -0.0002292501 0.0009829675)
(0.0001544759 -0.000226891 0.001100839)
(0.0001575398 -0.0002257019 0.00112805)
(0.0001730289 -0.000238771 0.0009775141)
(0.001730185 -0.002088217 0.00275103)
(0.001660527 -0.002181685 0.0004172322)
(0.002951901 -0.00223819 0.001057889)
(0.002237081 -0.00466777 0.0008887734)
(0.0001443017 -0.0001737027 0.001468896)
(0.0001520506 -0.0001813197 0.001048404)
(0.000153303 -0.0001798807 0.001170034)
(0.0001552668 -0.0001789737 0.001194088)
(0.0001700771 -0.0001904257 0.001029755)
(0.001588179 -0.001666187 0.002856223)
(0.001747379 -0.0017431 0.0003478683)
(0.001673667 -0.001723527 0.0009871514)
(0.002906219 -0.00165328 0.0004694118)
(0.002161744 -0.003047319 0.000369369)
(0.0001514955 -0.0001382526 0.001085276)
(0.0001525297 -0.0001376272 0.001210732)
(0.0001540386 -0.0001374773 0.001232306)
(0.0001675218 -0.0001468486 0.001060498)
(0.001560229 -0.001304997 0.002904877)
(0.001601478 -0.001348921 0.0002590727)
(0.001752501 -0.001375723 0.000879775)
(0.001683624 -0.001374779 0.0003330505)
(0.002825566 -0.001313621 0.0001791585)
(0.0001519767 -8.105005e-05 0.001229236)
(0.0001532553 -8.105854e-05 0.001250925)
(0.0001661865 -8.678562e-05 0.001075108)
(0.001536138 -0.0007745588 0.002934432)
(0.001573461 -0.0007966261 0.0002436469)
(0.001603939 -0.0007966125 0.0008623673)
(0.001755698 -0.0008095463 0.0003130594)
(0.001674926 -0.0007886593 0.0001691364)
(0.0001526683 -2.76249e-05 0.001254161)
(0.0001652752 -2.992947e-05 0.001078106)
(0.001520708 -0.0002673639 0.002934242)
(0.001545986 -0.0002713046 0.0002354522)
(0.001572586 -0.0002749891 0.0008487818)
(0.001602411 -0.000276848 0.0003006329)
(0.001738579 -0.000278977 0.0001636002)
(2.009708e-05 1.333799e-05 0.0001841758)
(2.745624e-05 1.541532e-05 0.0001766388)
(2.066431e-05 2.332205e-05 0.0005207909)
(1.610089e-05 2.344062e-05 0.0001679332)
(2.823462e-05 2.124392e-05 0.0004892851)
(2.121554e-05 3.027693e-05 0.0007091481)
(1.689449e-05 3.191574e-05 0.0001561659)
(1.615936e-05 3.036817e-05 0.0004513317)
(2.870217e-05 2.652896e-05 0.0006447166)
(2.179685e-05 3.815422e-05 0.00107037)
(1.551521e-05 3.051955e-05 0.0001414354)
(1.704188e-05 2.971287e-05 0.0004057508)
(1.603106e-05 2.683302e-05 0.0005738646)
(2.952325e-05 2.270179e-05 0.0009348785)
(2.40103e-05 3.094636e-05 0.0008091013)
(1.52579e-05 2.145894e-05 0.0001265632)
(1.568685e-05 2.058035e-05 0.000360125)
(1.703134e-05 1.860353e-05 0.0005051954)
(1.599166e-05 1.604355e-05 0.0008126332)
(3.1518e-05 1.164247e-05 0.0006837432)
(0.0002188704 0.0001274175 0.001493777)
(1.505249e-05 1.495253e-05 0.0001143852)
(1.54368e-05 1.435848e-05 0.0003219851)
(1.570416e-05 1.284005e-05 0.0004485536)
(1.706645e-05 1.119105e-05 0.0007149906)
(1.69792e-05 8.427555e-06 0.0005918533)
(0.0002856981 6.465439e-05 0.001242026)
(0.000230971 7.631111e-05 0.001014285)
(1.495002e-05 8.367608e-06 0.0001054831)
(1.523787e-05 7.991488e-06 0.0002949945)
(1.545803e-05 7.107098e-06 0.0004071319)
(1.574734e-05 6.078364e-06 0.0006449358)
(1.810194e-05 4.414057e-06 0.0005283554)
(0.0001533845 3.616161e-05 0.001084118)
(0.0002996992 3.368392e-05 0.0008394181)
(0.0002317586 3.035394e-05 0.001086557)
(1.487618e-05 2.76392e-06 0.0001006064)
(1.514046e-05 2.640453e-06 0.0002786298)
(1.526444e-05 2.345551e-06 0.0003831315)
(1.550064e-05 2.012625e-06 0.0006016962)
(1.668739e-05 1.436831e-06 0.0004899007)
(0.0001636573 1.188276e-05 0.0009915261)
(0.0001610009 1.200088e-05 0.0007473952)
(0.0003008061 1.052735e-05 0.0009066481)
(0.0002330197 9.185969e-06 0.001084594)
(1.473316e-05 -2.788556e-06 9.885842e-05)
(1.507275e-05 -2.655342e-06 0.0002744907)
(1.5169e-05 -2.359275e-06 0.0003746041)
(1.530759e-05 -2.026823e-06 0.0005870474)
(1.640698e-05 -1.453275e-06 0.0004738467)
(0.0001508665 -1.188792e-05 0.0009514891)
(0.0001718753 -1.211221e-05 0.0007060769)
(0.0001617317 -1.14644e-05 0.0008290485)
(0.0003026361 -1.011054e-05 0.0009200185)
(0.0002517649 -9.31917e-06 0.0009251113)
(1.494596e-05 -8.155548e-06 0.0002799495)
(1.510732e-05 -7.24126e-06 0.0003839483)
(1.521155e-05 -6.23812e-06 0.0005977074)
(1.619108e-05 -4.49607e-06 0.0004813725)
(0.0001483379 -3.711549e-05 0.0009574598)
(0.0001584739 -3.747841e-05 0.0007040615)
(0.0001725876 -3.570287e-05 0.0008118138)
(0.0001628382 -3.391936e-05 0.0008696625)
(0.0003273414 -3.128751e-05 0.000806739)
(0.002317093 -0.000239546 0.002739414)
(1.500706e-05 -1.326492e-05 0.0004075321)
(1.515338e-05 -1.157654e-05 0.0006376761)
(1.607886e-05 -8.759087e-06 0.0005098531)
(0.0001463907 -7.32945e-05 0.001011297)
(0.0001558571 -7.499924e-05 0.0007362881)
(0.0001591563 -7.166061e-05 0.0008401141)
(0.0001736329 -6.926495e-05 0.0008837725)
(0.0001762786 -6.945243e-05 0.0007896793)
(0.003015692 -0.0005054265 0.002411996)
(0.002342172 -0.0005904147 0.001160286)
(1.507736e-05 -1.712912e-05 0.0006998004)
(1.601327e-05 -1.340061e-05 0.0005611128)
(0.000145368 -0.0001135351 0.001105669)
(0.0001538105 -0.000116585 0.0008016731)
(0.0001565315 -0.0001128592 0.0009060514)
(0.0001601145 -0.0001091826 0.000943641)
(0.0001876903 -0.0001124591 0.0008278704)
(0.001627273 -0.0008946072 0.002486958)
(0.003038624 -0.000795631 0.0008023352)
(0.002359415 -0.0007788044 0.002639543)
(1.595996e-05 -2.218009e-05 0.0006257971)
(0.0001447715 -0.0001922003 0.001235403)
(0.0001527372 -0.0001997185 0.0008898785)
(0.0001544502 -0.0001963397 0.001001467)
(0.0001574716 -0.000194114 0.001034856)
(0.0001729889 -0.0002035399 0.0008986319)
(0.001726482 -0.001746137 0.002700322)
(0.001646846 -0.001808394 0.001088688)
(0.003064326 -0.001767916 0.002010311)
(0.002417498 -0.003440348 0.005689242)
(0.0001442437 -0.0002189305 0.001362515)
(0.0001520124 -0.0002282929 0.0009750119)
(0.0001532638 -0.0002260625 0.001089591)
(0.0001552319 -0.0002245985 0.001114914)
(0.0001700067 -0.0002386074 0.0009630542)
(0.001587851 -0.002070207 0.002702116)
(0.001744396 -0.002241754 0.0004190645)
(0.001663597 -0.002396295 0.001052705)
(0.002961539 -0.002504938 0.0005693925)
(0.002233992 -0.006386724 0.0004532752)
(0.0001514891 -0.0001806503 0.001040226)
(0.0001525328 -0.0001791093 0.001161816)
(0.0001540424 -0.0001782823 0.001184031)
(0.0001675325 -0.0001894808 0.001019625)
(0.001560152 -0.001663677 0.002821127)
(0.001601559 -0.00173043 0.0003426887)
(0.001750458 -0.001768716 0.0009768134)
(0.001675569 -0.001776385 0.0004716536)
(0.002888257 -0.001700422 0.0002534911)
(0.0001519782 -0.0001370481 0.001202458)
(0.0001532614 -0.0001368453 0.001224429)
(0.0001661942 -0.0001461909 0.001052607)
(0.0015363 -0.001297208 0.002879729)
(0.001573448 -0.001347213 0.0002563292)
(0.001604104 -0.001364837 0.0008681766)
(0.001754597 -0.001409723 0.000329532)
(0.001670157 -0.001403018 0.0001764154)
(0.0001527074 -8.070422e-05 0.001243036)
(0.0001653445 -8.637335e-05 0.001068606)
(0.00152382 -0.0007706153 0.002914153)
(0.001549205 -0.0007922261 0.0002416209)
(0.001575803 -0.000795459 0.0008535765)
(0.001605774 -0.0008035126 0.0003091932)
(0.001741527 -0.0008080054 0.0001670937)
(0.0001646883 -2.978724e-05 0.001071558)
(0.001512949 -0.0002659649 0.002916955)
(0.001533645 -0.000269962 0.0002338258)
(0.001548141 -0.0002733572 0.0008421323)
(0.001574318 -0.0002764085 0.0002976426)
(0.001589453 -0.0002768574 0.0001616682)
(1.993548e-05 4.605167e-06 0.0001846869)
(2.72206e-05 8.748441e-06 0.0001789043)
(2.036445e-05 1.342684e-05 0.0005248227)
(1.623238e-05 1.682243e-05 0.0001730436)
(2.783489e-05 1.534026e-05 0.0005023918)
(2.071489e-05 2.299852e-05 0.0007214163)
(1.696437e-05 2.432369e-05 0.0001651199)
(1.632834e-05 2.319277e-05 0.0004765195)
(2.833242e-05 2.032041e-05 0.000676535)
(2.129778e-05 2.954882e-05 0.001106429)
(1.554802e-05 3.208624e-05 0.0001536937)
(1.712662e-05 3.148279e-05 0.0004414134)
(1.622913e-05 2.881846e-05 0.0006223401)
(2.884866e-05 2.494121e-05 0.001004329)
(2.31141e-05 3.774692e-05 0.0008495289)
(1.529136e-05 3.076642e-05 0.0001391793)
(1.572742e-05 2.991881e-05 0.0003972924)
(1.709753e-05 2.782018e-05 0.0005570614)
(1.613059e-05 2.476512e-05 0.0008915577)
(3.142446e-05 1.994849e-05 0.0007409662)
(0.0002171874 0.0002743511 0.001581537)
(1.507537e-05 2.157389e-05 0.0001247071)
(1.546405e-05 2.08176e-05 0.0003526127)
(1.573385e-05 1.880569e-05 0.000491628)
(1.710734e-05 1.661746e-05 0.0007819789)
(1.705482e-05 1.288247e-05 0.0006429903)
(0.0002852503 9.906492e-05 0.001333238)
(0.0002299639 0.0001320787 0.001067032)
(1.496492e-05 1.505775e-05 0.0001125559)
(1.525395e-05 1.444893e-05 0.0003159997)
(1.547615e-05 1.300044e-05 0.0004368955)
(1.576596e-05 1.130872e-05 0.0006915515)
(1.811791e-05 8.625466e-06 0.0005647042)
(0.0001537128 7.107517e-05 0.001152346)
(0.0003001483 6.631488e-05 0.0008835303)
(0.0002319105 7.445408e-05 0.001126805)
(1.488444e-05 8.412089e-06 0.0001041556)
(1.514794e-05 8.049914e-06 0.000289193)
(1.527178e-05 7.159135e-06 0.0003981398)
(1.550885e-05 6.161243e-06 0.0006253901)
(1.669352e-05 4.435734e-06 0.0005085264)
(0.0001637093 3.666867e-05 0.001027257)
(0.0001611476 3.691893e-05 0.0007717151)
(0.0003010591 3.223389e-05 0.0009311166)
(0.0002331444 2.934035e-05 0.001105552)
(1.473313e-05 2.788126e-06 9.885826e-05)
(1.507269e-05 2.656883e-06 0.0002744927)
(1.516903e-05 2.360803e-06 0.0003746077)
(1.530766e-05 2.026951e-06 0.0005870478)
(1.6407e-05 1.452479e-06 0.0004738423)
(0.0001508664 1.18829e-05 0.0009514814)
(0.0001718751 1.210982e-05 0.0007060741)
(0.0001617316 1.146551e-05 0.0008290505)
(0.0003026362 1.011022e-05 0.0009200179)
(0.0002517649 9.319452e-06 0.0009251118)
(1.493442e-05 -2.68011e-06 0.0002691466)
(1.509982e-05 -2.373122e-06 0.0003686425)
(1.520531e-05 -2.037587e-06 0.000573446)
(1.618586e-05 -1.458057e-06 0.0004620973)
(0.0001482844 -1.200706e-05 0.0009199046)
(0.0001584229 -1.21046e-05 0.0006777252)
(0.00017254 -1.154697e-05 0.000783273)
(0.0001627066 -1.100121e-05 0.000841865)
(0.0003271007 -1.019719e-05 0.0007854087)
(0.002316308 -7.387961e-05 0.002670799)
(1.498557e-05 -7.295936e-06 0.00037643)
(1.514114e-05 -6.263842e-06 0.0005884672)
(1.606886e-05 -4.511065e-06 0.0004706693)
(0.0001463025 -3.719813e-05 0.0009348636)
(0.0001557507 -3.781138e-05 0.0006822776)
(0.0001590522 -3.572957e-05 0.0007811655)
(0.0001735207 -3.423302e-05 0.0008249543)
(0.0001759731 -3.422344e-05 0.0007421837)
(0.003013134 -0.0002420366 0.002274456)
(0.002340089 -0.0002121653 0.000965807)
(1.505327e-05 -1.163114e-05 0.0006262901)
(1.600096e-05 -8.758677e-06 0.0005027835)
(0.0001452606 -7.338869e-05 0.0009912253)
(0.0001536954 -7.501597e-05 0.000720974)
(0.0001563964 -7.208245e-05 0.0008172089)
(0.0001599845 -6.921215e-05 0.0008543536)
(0.000187476 -7.059804e-05 0.0007539498)
(0.001622199 -0.0005542897 0.002261807)
(0.003043817 -0.0004984242 0.0006339845)
(0.0023635 -0.00039831 0.002094547)
(1.594132e-05 -1.340481e-05 0.0005527102)
(0.0001446555 -0.0001133292 0.001092603)
(0.0001526122 -0.0001165816 0.0007885512)
(0.0001543242 -0.0001126922 0.0008901725)
(0.0001573197 -0.0001096008 0.00092224)
(0.000172832 -0.0001121385 0.0008048057)
(0.001723745 -0.0009157747 0.002406293)
(0.001638088 -0.0008852696 0.0008487234)
(0.003065715 -0.0006276943 0.001593598)
(0.002432704 -0.0004567252 0.003785008)
(0.0001441977 -0.0001916424 0.001220635)
(0.000151982 -0.0001989843 0.0008812255)
(0.0001532318 -0.0001957668 0.0009884757)
(0.0001552115 -0.0001932818 0.001020129)
(0.0001699422 -0.0002035565 0.0008822053)
(0.001587729 -0.001731312 0.002641578)
(0.001740073 -0.001860184 0.001112075)
(0.001647963 -0.001915534 0.002052234)
(0.003122136 -0.001920306 0.002794647)
(0.009084698 -0.004069642 0.004181018)
(0.0001514329 -0.0002274189 0.0009658145)
(0.000152498 -0.000225073 0.00108077)
(0.0001540064 -0.0002237077 0.001103522)
(0.0001675017 -0.0002373355 0.0009518369)
(0.001559682 -0.002066207 0.002662676)
(0.001601144 -0.002223034 0.0004121732)
(0.001747583 -0.002462562 0.001043596)
(0.001665214 -0.002678992 0.000588822)
(0.002951088 -0.003290094 0.0003059081)
(0.000151977 -0.0001783972 0.00115275)
(0.000153267 -0.0001774875 0.001175712)
(0.0001662018 -0.0001886734 0.001011034)
(0.00153652 -0.001653621 0.00279341)
(0.001573393 -0.001728275 0.000339209)
(0.001604397 -0.001754189 0.0009622512)
(0.001752678 -0.001823171 0.0004722798)
(0.001662115 -0.001828773 0.0002543035)
(0.0001527117 -0.0001362394 0.001216057)
(0.0001653534 -0.0001454888 0.001045877)
(0.001523951 -0.00129039 0.002858308)
(0.001549394 -0.001339477 0.0002540194)
(0.001575895 -0.001362431 0.0008587431)
(0.001606048 -0.001398182 0.0003250963)
(0.00174056 -0.001438847 0.000174492)
(0.000164758 -8.597095e-05 0.001061866)
(0.00151605 -0.0007665994 0.002896538)
(0.001536825 -0.0007883361 0.0002398784)
(0.001551412 -0.0007907461 0.0008466134)
(0.001577584 -0.0008022601 0.0003060557)
(0.001592816 -0.0008018317 0.0001650271)
(0.001507662 -0.0002645292 0.002899251)
(0.001525833 -0.0002685816 0.0002324124)
(0.001535724 -0.000271919 0.0008364103)
(0.001549828 -0.0002747429 0.0002952766)
(0.001561563 -0.000276383 0.0001600695)
(2.708686e-05 2.97699e-06 0.0001797991)
(2.019932e-05 4.667281e-06 0.0005262216)
(1.63147e-05 9.563607e-06 0.000175695)
(2.75915e-05 8.732251e-06 0.0005089742)
(2.040817e-05 1.329206e-05 0.000726999)
(1.701511e-05 1.744725e-05 0.0001705565)
(1.645764e-05 1.672418e-05 0.0004915912)
(2.791578e-05 1.483152e-05 0.0006950886)
(2.078369e-05 2.263147e-05 0.001125794)
(1.557774e-05 2.446087e-05 0.0001629107)
(1.719447e-05 2.405521e-05 0.0004680619)
(1.638668e-05 2.214133e-05 0.0006582509)
(2.845083e-05 1.92622e-05 0.001054928)
(2.254797e-05 2.95555e-05 0.0008783655)
(1.531728e-05 3.229764e-05 0.0001516646)
(1.57585e-05 3.163218e-05 0.0004339671)
(1.717484e-05 2.984637e-05 0.0006081119)
(1.631281e-05 2.703946e-05 0.0009689407)
(3.063822e-05 2.289269e-05 0.000796794)
(0.0002090128 0.0003366104 0.001658951)
(1.510292e-05 3.083848e-05 0.0001374627)
(1.549652e-05 3.015099e-05 0.0003904744)
(1.576997e-05 2.797253e-05 0.0005449093)
(1.716531e-05 2.564488e-05 0.000864912)
(1.716842e-05 2.168255e-05 0.0007063108)
(0.0002842924 0.000173419 0.001446284)
(0.000228179 0.0002864307 0.001132125)
(1.498488e-05 2.171317e-05 0.0001230009)
(1.52762e-05 2.092392e-05 0.0003469877)
(1.550088e-05 1.900837e-05 0.0004808159)
(1.579141e-05 1.676472e-05 0.0007604174)
(1.814655e-05 1.328181e-05 0.0006184391)
(0.0001543515 0.0001096109 0.001253274)
(0.0002996512 0.0001019138 0.0009489031)
(0.0002308692 0.0001296978 0.001186238)
(1.489933e-05 1.510827e-05 0.0001112791)
(1.516255e-05 1.454756e-05 0.0003104365)
(1.528655e-05 1.307416e-05 0.000428272)
(1.552491e-05 1.143805e-05 0.0006729918)
(1.670666e-05 8.659043e-06 0.0005459221)
(0.0001638368 7.260285e-05 0.001098998)
(0.0001614821 7.288849e-05 0.0008205939)
(0.0003014792 6.394314e-05 0.0009802798)
(0.0002332817 7.288743e-05 0.001147816)
(1.474497e-05 8.479554e-06 0.0001024503)
(1.508075e-05 8.091627e-06 0.0002851573)
(1.517596e-05 7.208181e-06 0.0003897681)
(1.531426e-05 6.201124e-06 0.0006110631)
(1.641337e-05 4.481122e-06 0.0004928553)
(0.0001509164 3.67708e-05 0.0009882446)
(0.000171927 3.739768e-05 0.0007316682)
(0.0001618702 3.531037e-05 0.0008561605)
(0.0003028772 3.098152e-05 0.0009451012)
(0.0002518869 2.987474e-05 0.0009428103)
(1.493439e-05 2.679702e-06 0.0002691461)
(1.509977e-05 2.37445e-06 0.0003686454)
(1.520534e-05 2.038826e-06 0.0005734517)
(1.61859e-05 1.458139e-06 0.0004620977)
(0.0001482846 1.200093e-05 0.0009198959)
(0.0001584229 1.209963e-05 0.0006777197)
(0.0001725399 1.154482e-05 0.00078327)
(0.0001627065 1.100219e-05 0.000841867)
(0.0003271007 1.01969e-05 0.0007854082)
(0.002316308 7.388105e-05 0.0026708)
(1.497516e-05 -2.393918e-06 0.0003609126)
(1.513441e-05 -2.048139e-06 0.0005639567)
(1.606371e-05 -1.462384e-06 0.0004511907)
(0.000146258 -1.203526e-05 0.0008968026)
(0.0001556958 -1.222188e-05 0.000655395)
(0.000159004 -1.152185e-05 0.0007518029)
(0.0001734771 -1.105666e-05 0.0007956787)
(0.0001758427 -1.108074e-05 0.000718547)
(0.003011418 -7.852687e-05 0.002206748)
(0.002338567 -6.56179e-05 0.0008788352)
(1.503467e-05 -6.305929e-06 0.0005764665)
(1.599098e-05 -4.519341e-06 0.0004632695)
(0.000145175 -3.72921e-05 0.0009138271)
(0.0001536045 -3.788331e-05 0.0006662772)
(0.0001562938 -3.602384e-05 0.0007570029)
(0.0001598851 -3.421303e-05 0.000793886)
(0.0001873672 -3.443767e-05 0.0007039754)
(0.001619876 -0.0002641291 0.002109154)
(0.003039616 -0.0002380754 0.0005371794)
(0.002358547 -0.0001126935 0.001800597)
(1.592474e-05 -8.773148e-06 0.0004936594)
(0.0001445509 -7.334059e-05 0.0009773484)
(0.0001525015 -7.508959e-05 0.0007067552)
(0.0001542134 -7.205913e-05 0.0008002136)
(0.000157189 -6.95782e-05 0.0008311671)
(0.0001727025 -7.042596e-05 0.0007288439)
(0.001722145 -0.0005605601 0.002169678)
(0.001632868 -0.0005475344 0.00067195)
(0.00306582 -0.0003889518 0.001305806)
(0.002435737 -0.0002032048 0.002564462)
(0.0001440467 -0.0001132721 0.001076111)
(0.0001518623 -0.0001163485 0.0007792754)
(0.0001531106 -0.0001126293 0.0008756082)
(0.0001550898 -0.0001093854 0.0009061288)
(0.0001697867 -0.0001124769 0.0007865343)
(0.00158655 -0.000909479 0.002341118)
(0.001736974 -0.0009069476 0.0008694139)
(0.001639279 -0.0007126571 0.00163622)
(0.003133856 -0.0004729668 0.001889805)
(0.01274294 0.001353504 0.002665526)
(0.0001513901 -0.0001983631 0.0008707303)
(0.0001524715 -0.000194999 0.0009788661)
(0.0001539782 -0.0001926429 0.001006933)
(0.0001674873 -0.0002025739 0.0008696419)
(0.001559235 -0.001728728 0.002595952)
(0.001600839 -0.001845142 0.00109451)
(0.001742637 -0.00197179 0.002073914)
(0.001662498 -0.002081683 0.002931904)
(0.008251575 -0.002303695 0.002079025)
(2.22901 0.1215407 -0.05014697)
(0.0001519285 -0.0002241416 0.00107057)
(0.0001532351 -0.0002226867 0.001094589)
(0.0001661679 -0.0002362851 0.0009421081)
(0.001536381 -0.002052889 0.002631794)
(0.001572849 -0.002219115 0.0004078764)
(0.001604141 -0.00243873 0.00102571)
(0.001749926 -0.002754105 0.0005933733)
(0.00165496 -0.003504793 0.0003250514)
(0.0001527153 -0.0001767353 0.001166533)
(0.000165363 -0.0001877857 0.001003929)
(0.001524105 -0.001644905 0.002769896)
(0.00154965 -0.001718259 0.0003358729)
(0.00157602 -0.001750967 0.0009512987)
(0.001606561 -0.001807602 0.0004652664)
(0.001738856 -0.001877403 0.0002547586)
(0.0001647669 -0.0001447983 0.001038724)
(0.001516192 -0.001283531 0.00284004)
(0.001536988 -0.001332682 0.0002520296)
(0.001551702 -0.001353973 0.0008511476)
(0.00157778 -0.001395485 0.0003216558)
(0.001593218 -0.001426614 0.0001721418)
(0.001510777 -0.0007624788 0.002878277)
(0.001529003 -0.0007843236 0.0002383787)
(0.001538952 -0.0007866027 0.0008406363)
(0.00155315 -0.0007974234 0.0003035164)
(0.001564828 -0.0008004876 0.0001633543)
(0.001520479 -0.0002671803 0.0002309469)
(0.001527882 -0.0002704728 0.0008314157)
(0.001537387 -0.0002732758 0.0002932415)
(0.001537252 -0.0002746882 0.000158803)
(1.635464e-05 3.244632e-06 0.0001767692)
(2.745386e-05 3.002939e-06 0.0005115512)
(2.023986e-05 4.641231e-06 0.0007289122)
(1.704609e-05 9.917802e-06 0.0001734049)
(1.653867e-05 9.53504e-06 0.000499366)
(2.766235e-05 8.497082e-06 0.0007043728)
(2.046903e-05 1.313951e-05 0.001134612)
(1.559581e-05 1.752322e-05 0.0001685304)
(1.724381e-05 1.733594e-05 0.0004841519)
(1.650798e-05 1.613081e-05 0.0006796694)
(2.801461e-05 1.42491e-05 0.001084348)
(2.197876e-05 2.30364e-05 0.0008938294)
(1.534061e-05 2.462649e-05 0.0001610678)
(1.578681e-05 2.417632e-05 0.0004614464)
(1.723652e-05 2.29369e-05 0.0006461678)
(1.645715e-05 2.093549e-05 0.001026116)
(3.016037e-05 1.804089e-05 0.0008373118)
(0.0002038346 0.0002642103 0.001715333)
(1.512138e-05 3.233505e-05 0.0001500933)
(1.552132e-05 3.182971e-05 0.0004278722)
(1.579636e-05 2.994557e-05 0.00059746)
(1.723398e-05 2.796679e-05 0.0009464729)
(1.732608e-05 2.469161e-05 0.0007685448)
(0.0002770714 0.0002009636 0.001555325)
(0.0002195645 0.0003521614 0.001176992)
(1.50083e-05 3.095209e-05 0.0001359198)
(1.530291e-05 3.021253e-05 0.0003852983)
(1.553027e-05 2.81659e-05 0.000535132)
(1.582233e-05 2.573463e-05 0.000845673)
(1.818967e-05 2.23765e-05 0.000685008)
(0.0001553224 0.0001883353 0.001378396)
(0.0002986121 0.0001798755 0.001030006)
(0.0002290399 0.0002847248 0.001259672)
(1.491842e-05 2.175609e-05 0.0001217855)
(1.518203e-05 2.105346e-05 0.0003418184)
(1.530675e-05 1.909237e-05 0.0004727337)
(1.55467e-05 1.692693e-05 0.000743255)
(1.672416e-05 1.33171e-05 0.0006011858)
(0.0001640712 0.0001128691 0.001205104)
(0.0001621378 0.000112765 0.0008928518)
(0.0003009359 9.87811e-05 0.001053193)
(0.0002322128 0.0001277488 0.001210436)
(1.476969e-05 1.520393e-05 0.0001096499)
(1.509534e-05 1.45942e-05 0.0003065645)
(1.518947e-05 1.315537e-05 0.0004202584)
(1.532748e-05 1.149207e-05 0.0006592786)
(1.642573e-05 8.726944e-06 0.0005310554)
(0.0001510241 7.275209e-05 0.001062074)
(0.0001720554 7.440428e-05 0.0007830706)
(0.0001621887 7.026181e-05 0.0009106473)
(0.000303273 6.191551e-05 0.0009955339)
(0.00025201 7.567455e-05 0.0009784283)
(1.494586e-05 8.155163e-06 0.0002799479)
(1.510718e-05 7.242562e-06 0.0003839568)
(1.521162e-05 6.239115e-06 0.0005977232)
(1.619119e-05 4.496189e-06 0.0004813737)
(0.0001483383 3.710911e-05 0.0009574333)
(0.0001584736 3.747371e-05 0.0007040459)
(0.0001725872 3.570094e-05 0.0008118055)
(0.0001628381 3.392009e-05 0.0008696677)
(0.0003273414 3.128726e-05 0.0008067377)
(0.002317092 0.0002395475 0.002739417)
(1.497514e-05 2.393569e-06 0.0003609118)
(1.513437e-05 2.049224e-06 0.0005639612)
(1.606372e-05 1.463081e-06 0.0004511953)
(0.0001462583 1.203591e-05 0.0008968032)
(0.0001556959 1.221581e-05 0.0006553889)
(0.0001590039 1.151737e-05 0.0007517968)
(0.000173477 1.105472e-05 0.0007956756)
(0.0001758426 1.108159e-05 0.0007185487)
(0.003011418 7.852553e-05 0.002206747)
(0.002338566 6.561957e-05 0.0008788354)
(1.502558e-05 -2.064292e-06 0.0005516072)
(1.598559e-05 -1.466304e-06 0.0004435883)
(0.0001451309 -1.206226e-05 0.0008753578)
(0.0001535586 -1.224653e-05 0.0006390403)
(0.0001562408 -1.162655e-05 0.0007270337)
(0.0001598393 -1.101568e-05 0.0007637731)
(0.0001873264 -1.109869e-05 0.0006790831)
(0.00161892 -8.503133e-05 0.002033884)
(0.003037176 -7.752072e-05 0.0004926019)
(0.002355802 -3.468286e-05 0.001668913)
(1.591145e-05 -4.536013e-06 0.0004536439)
(0.0001444656 -3.733476e-05 0.0008992929)
(0.000152413 -3.796824e-05 0.0006513827)
(0.0001541252 -3.607133e-05 0.0007392466)
(0.0001570895 -3.447309e-05 0.0007694287)
(0.000172603 -3.434526e-05 0.0006774594)
(0.001721404 -0.0002635218 0.00200865)
(0.001630594 -0.0002594456 0.0005632874)
(0.00305919 -0.0001797012 0.00114821)
(0.002428866 -1.526015e-05 0.00211167)
(0.0001439116 -7.339795e-05 0.0009594223)
(0.0001517544 -7.502445e-05 0.0006969146)
(0.000153003 -7.209103e-05 0.0007844341)
(0.0001549825 -6.951896e-05 0.0008139359)
(0.0001696528 -7.073348e-05 0.0007090471)
(0.001585589 -0.0005564401 0.002099099)
(0.001735237 -0.0005530682 0.0006842876)
(0.001634778 -0.0004290488 0.001331208)
(0.003136725 -0.0002940139 0.001300337)
(0.01390248 0.0009571747 0.001718152)
(0.0001512369 -0.0001162571 0.0007675765)
(0.0001523552 -0.0001123674 0.0008653099)
(0.00015386 -0.0001092691 0.0008913531)
(0.0001673627 -0.0001121728 0.0007727865)
(0.001557972 -0.0009100931 0.002290614)
(0.00159934 -0.0009017873 0.0008532391)
(0.001739532 -0.0007290376 0.001650786)
(0.001671473 -0.0005560736 0.002036745)
(0.01271182 0.0002431444 0.001370298)
(3.480632 0.2369856 -0.08033744)
(0.0001518951 -0.0001943168 0.0009672098)
(0.0001532119 -0.0001918432 0.0009971639)
(0.000166143 -0.000201788 0.0008583841)
(0.00153636 -0.001717953 0.002560005)
(0.001572199 -0.001842859 0.001085992)
(0.00160405 -0.001952597 0.002038424)
(0.001759401 -0.00214454 0.003014077)
(0.004999504 -0.002587225 0.002176733)
(1.712575 0.0221589 -0.009403739)
(2.989814 0.1548631 -0.1434993)
(0.0001526734 -0.0002217014 0.001084257)
(0.0001653328 -0.0002351422 0.0009344788)
(0.001523898 -0.002041416 0.002604998)
(0.001549454 -0.002205187 0.0004034908)
(0.001575592 -0.002432414 0.001012916)
(0.001606522 -0.002725757 0.0005838315)
(0.001739785 -0.003607832 0.0003273987)
(0.0001647778 -0.0001869184 0.0009960882)
(0.001516364 -0.001636137 0.002750441)
(0.001537186 -0.001709601 0.0003329718)
(0.001552134 -0.001739873 0.0009419036)
(0.001578105 -0.001803914 0.000460717)
(0.001594051 -0.001860674 0.0002509741)
(0.001510961 -0.001276418 0.002820622)
(0.001529178 -0.001325761 0.0002503492)
(0.001539206 -0.001346564 0.0008446442)
(0.001553543 -0.001386616 0.0003187643)
(0.001565147 -0.001423591 0.0001703144)
(0.001523658 -0.000780256 0.0002367977)
(0.0015311 -0.0007824282 0.0008354678)
(0.001540664 -0.0007931724 0.0003013339)
(0.001540571 -0.0007955729 0.0001620051)
(0.001522559 -0.0002689771 0.0008262689)
(0.001529534 -0.0002718082 0.0002914717)
(0.0015249 -0.0002731968 0.0001577138)
(1.706045e-05 3.360741e-06 0.0001745703)
(1.657803e-05 3.266287e-06 0.0005024982)
(2.752006e-05 2.944898e-06 0.0007079954)
(2.029704e-05 4.548862e-06 0.001137631)
(1.560686e-05 9.9585e-06 0.0001714885)
(1.727396e-05 9.882166e-06 0.0004925424)
(1.658417e-05 9.253052e-06 0.0006906911)
(2.774952e-05 8.227771e-06 0.001099067)
(2.16311e-05 1.350076e-05 0.0009008543)
(1.535549e-05 1.762894e-05 0.0001668172)
(1.580387e-05 1.74012e-05 0.0004781147)
(1.728157e-05 1.669852e-05 0.0006690801)
(1.656922e-05 1.545084e-05 0.001060122)
(2.966034e-05 1.376896e-05 0.0008608242)
(0.0001986503 0.0002066377 0.001745312)
(1.513843e-05 2.466755e-05 0.0001596236)
(1.55437e-05 2.433139e-05 0.000455943)
(1.582083e-05 2.301969e-05 0.0006367446)
(1.72885e-05 2.165362e-05 0.00100711)
(1.744976e-05 1.948774e-05 0.0008143528)
(0.0002726585 0.0001591127 0.001634845)
(0.0002141081 0.0002765153 0.001215681)
(1.502359e-05 3.240963e-05 0.0001487258)
(1.532035e-05 3.185668e-05 0.0004231632)
(1.555186e-05 3.010717e-05 0.0005887582)
(1.584327e-05 2.800747e-05 0.000929686)
(1.824327e-05 2.545163e-05 0.000750622)
(0.0001566883 0.0002165157 0.001500048)
(0.0002909828 0.0002091557 0.001102154)
(0.0002203334 0.0003512824 0.001305294)
(1.494005e-05 3.094995e-05 0.0001347707)
(1.520485e-05 3.031399e-05 0.0003806471)
(1.533086e-05 2.820221e-05 0.0005277219)
(1.557247e-05 2.588263e-05 0.0008302136)
(1.674531e-05 2.233518e-05 0.0006696418)
(0.0001644305 0.0001942064 0.001336673)
(0.000163139 0.0001952891 0.0009824059)
(0.000299838 0.0001768329 0.001143657)
(0.0002303465 0.0002838286 0.001288261)
(1.480238e-05 2.186794e-05 0.0001202679)
(1.511399e-05 2.109177e-05 0.0003381461)
(1.520736e-05 1.919689e-05 0.0004653073)
(1.534529e-05 1.69847e-05 0.0007304401)
(1.644214e-05 1.339923e-05 0.0005874578)
(0.0001511664 0.0001129841 0.001171223)
(0.0001722936 0.0001160685 0.0008590241)
(0.0001628218 0.0001093039 0.0009912211)
(0.0003026886 9.613025e-05 0.001070408)
(0.0002508205 0.0001338661 0.001031381)
(1.496975e-05 1.468353e-05 0.0003015992)
(1.512067e-05 1.319191e-05 0.0004146925)
(1.522385e-05 1.155287e-05 0.0006465343)
(1.620167e-05 8.740365e-06 0.000520076)
(0.0001484422 7.324886e-05 0.001032867)
(0.0001585832 7.450981e-05 0.0007569155)
(0.0001727069 7.163544e-05 0.0008691162)
(0.0001631427 6.801587e-05 0.0009255694)
(0.0003277301 6.325008e-05 0.0008495863)
(0.002317522 0.0006364826 0.002881719)
(1.498549e-05 7.295608e-06 0.0003764276)
(1.514103e-05 6.26491e-06 0.0005884808)
(1.60689e-05 4.511642e-06 0.0004706819)
(0.0001463033 3.719906e-05 0.0009348659)
(0.0001557511 3.780504e-05 0.0006822588)
(0.0001590519 3.572528e-05 0.0007811481)
(0.0001735203 3.423125e-05 0.0008249459)
(0.000175973 3.422408e-05 0.0007421882)
(0.003013134 0.0002420354 0.002274452)
(0.002340089 0.0002121668 0.0009658078)
(1.502556e-05 2.064011e-06 0.0005516059)
(1.598557e-05 1.466938e-06 0.0004435919)
(0.000145131 1.206753e-05 0.0008753668)
(0.0001535589 1.224718e-05 0.0006390408)
(0.0001562409 1.162104e-05 0.0007270268)
(0.0001598392 1.101162e-05 0.0007637669)
(0.0001873263 1.109692e-05 0.0006790805)
(0.00161892 8.503463e-05 0.002033888)
(0.003037176 7.75191e-05 0.0004926017)
(0.002355802 3.468386e-05 0.001668913)
(1.59048e-05 -1.473152e-06 0.0004336787)
(0.0001444198 -1.208542e-05 0.0008604211)
(0.0001523674 -1.227088e-05 0.0006238593)
(0.0001540806 -1.164303e-05 0.0007088845)
(0.0001570381 -1.110926e-05 0.0007387036)
(0.0001725574 -1.103057e-05 0.0006518527)
(0.001721161 -8.432654e-05 0.001929157)
(0.001629673 -8.375311e-05 0.0005125449)
(0.003055762 -5.88958e-05 0.001074695)
(0.002424959 -4.65803e-06 0.001915677)
(0.0001438021 -3.743815e-05 0.0008803691)
(0.0001516663 -3.800246e-05 0.0006410839)
(0.0001529168 -3.613372e-05 0.0007227177)
(0.0001548965 -3.449877e-05 0.000751433)
(0.0001695506 -3.457195e-05 0.000656577)
(0.001584843 -0.0002611219 0.001934301)
(0.001734459 -0.0002581027 0.0005679093)
(0.001633277 -0.0001937666 0.001152811)
(0.003131199 -0.0001318567 0.001081226)
(0.01420761 0.0005443133 0.001412637)
(0.0001510997 -7.506049e-05 0.0006842128)
(0.0001522502 -7.200143e-05 0.0007735113)
(0.000153755 -6.951351e-05 0.000797939)
(0.0001672524 -7.061553e-05 0.0006943413)
(0.001556893 -0.0005573367 0.002044531)
(0.001598187 -0.0005497168 0.0006684831)
(0.001738103 -0.0004280471 0.001330634)
(0.001677973 -0.0003264676 0.001417906)
(0.01460924 0.0001567773 0.0009166816)
(3.883032 0.1994523 -0.08569356)
(0.0001517506 -0.0001122236 0.0008523207)
(0.0001530981 -0.0001089808 0.0008808971)
(0.0001660202 -0.000111967 0.0007601785)
(0.001535345 -0.0009056986 0.002251723)
(0.001570646 -0.0009032006 0.0008450544)
(0.001602404 -0.0007235322 0.001616363)
(0.001773262 -0.0005677362 0.00210932)
(0.008833613 5.879781e-06 0.001461254)
(3.238307 0.06297383 -0.02119657)
(4.960619 0.3300346 -0.2337542)
(0.0001526483 -0.0001911044 0.0009853178)
(0.0001653125 -0.0002008817 0.0008500516)
(0.001523736 -0.001708718 0.002527808)
(0.001549268 -0.001831807 0.001074921)
(0.001574997 -0.001948232 0.002018245)
(0.001621078 -0.002121893 0.002969474)
(0.005084744 -0.002670058 0.002237208)
(1.137063 -0.002428048 0.004354277)
(2.658015 0.03892719 -0.05881577)
(3.208875 0.1534022 -0.1163949)
(0.0001647429 -0.0002340034 0.0009256558)
(0.00151618 -0.002030135 0.002583956)
(0.00153693 -0.002193273 0.0003996092)
(0.00155205 -0.002415428 0.001001586)
(0.001577875 -0.002717621 0.000578098)
(0.001597619 -0.003566913 0.0003223245)
(0.001511224 -0.001626997 0.002728961)
(0.001529393 -0.001700733 0.0003305624)
(0.00153956 -0.001730216 0.0009338258)
(0.001554182 -0.001792163 0.0004562234)
(0.001565769 -0.001856448 0.0002485365)
(0.001523865 -0.001318666 0.0002485246)
(0.001531365 -0.001339223 0.0008391283)
(0.001541018 -0.001378844 0.0003162759)
(0.001541086 -0.001414305 0.00016879)
(0.001525795 -0.0007781083 0.0008300665)
(0.0015328 -0.0007889166 0.0002994541)
(0.001528174 -0.0007912561 0.0001608463)
(0.001524215 -0.0002702831 0.0002896376)
(0.001517106 -0.0002717139 0.0001567648)
(1.561129e-05 3.371373e-06 0.0001727044)
(1.728793e-05 3.379874e-06 0.0004959597)
(1.662127e-05 3.193224e-06 0.0006951226)
(2.760182e-05 2.817183e-06 0.001104809)
(2.144229e-05 4.759856e-06 0.000903272)
(1.536461e-05 1.00174e-05 0.0001698532)
(1.581431e-05 9.916991e-06 0.0004868525)
(1.730911e-05 9.575893e-06 0.0006810053)
(1.663981e-05 8.929816e-06 0.001077618)
(2.935712e-05 8.091104e-06 0.0008725708)
(0.0001954845 0.0001213189 0.001759005)
(1.514759e-05 1.765343e-05 0.0001654771)
(1.555784e-05 1.749994e-05 0.0004730234)
(1.58352e-05 1.673861e-05 0.0006605117)
(1.732856e-05 1.59676e-05 0.001043519)
(1.754809e-05 1.48268e-05 0.0008415452)
(0.0002680766 0.0001222362 0.001680798)
(0.0002086509 0.0002164944 0.001235578)
(1.503721e-05 2.471354e-05 0.000158394)
(1.533657e-05 2.436371e-05 0.0004516403)
(1.557153e-05 2.314737e-05 0.0006289208)
(1.586326e-05 2.169179e-05 0.0009923197)
(1.828528e-05 2.007817e-05 0.0007992199)
(0.0001577577 0.0001716506 0.001589974)
(0.0002863171 0.0001657922 0.0011577)
(0.0002148199 0.0002759747 0.001347625)
(1.49532e-05 3.238018e-05 0.0001476459)
(1.521939e-05 3.191965e-05 0.0004190673)
(1.534555e-05 3.011013e-05 0.0005820467)
(1.55903e-05 2.812712e-05 0.0009159902)
(1.675545e-05 2.536825e-05 0.000737242)
(0.0001648832 0.0002230117 0.00146498)
(0.0001645547 0.0002252534 0.001063173)
(0.0002921023 0.0002068068 0.001221653)
(0.0002215369 0.000351311 0.001323339)
(1.484033e-05 3.102353e-05 0.0001333892)
(1.513511e-05 3.030637e-05 0.0003771929)
(1.522819e-05 2.82743e-05 0.0005210644)
(1.536635e-05 2.588934e-05 0.0008185092)
(1.64613e-05 2.239208e-05 0.0006572992)
(0.0001513384 0.000193604 0.001306541)
(0.0001726612 0.0002013232 0.0009531234)
(0.0001637961 0.0001918918 0.001091038)
(0.0003015379 0.0001744851 0.001163439)
(0.0002487608 0.000302944 0.001096862)
(1.500126e-05 2.11951e-05 0.0003335377)
(1.513781e-05 1.922355e-05 0.0004600428)
(1.523986e-05 1.705999e-05 0.0007186637)
(1.621512e-05 1.340245e-05 0.000577212)
(0.0001485795 0.0001135749 0.001144284)
(0.0001587277 0.0001161216 0.000835004)
(0.0001729324 0.0001124231 0.0009538142)
(0.0001637567 0.0001063785 0.001008237)
(0.0003270442 9.896527e-05 0.0009132642)
(0.002305651 0.0011524 0.003094929)
(1.500692e-05 1.326471e-05 0.0004075283)
(1.515322e-05 1.157754e-05 0.0006376981)
(1.607893e-05 8.759501e-06 0.0005098711)
(0.0001463921 7.329576e-05 0.001011303)
(0.0001558578 7.499254e-05 0.0007362568)
(0.0001591559 7.165636e-05 0.0008400874)
(0.0001736323 6.92632e-05 0.0008837602)
(0.0001762784 6.945275e-05 0.0007896855)
(0.003015693 0.0005054251 0.002411991)
(0.002342172 0.0005904165 0.001160287)
(1.50346e-05 6.305666e-06 0.0005764626)
(1.599091e-05 4.519974e-06 0.0004632804)
(0.0001451754 3.729653e-05 0.0009138519)
(0.0001536053 3.788423e-05 0.0006662788)
(0.0001562941 3.601807e-05 0.000756982)
(0.0001598848 3.420912e-05 0.0007938684)
(0.0001873669 3.443603e-05 0.0007039683)
(0.001619875 0.0002641317 0.002109166)
(0.003039616 0.000238074 0.0005371787)
(0.002358547 0.0001126945 0.001800599)
(1.590479e-05 1.472999e-06 0.0004336777)
(0.0001444197 1.209029e-05 0.0008604282)
(0.0001523675 1.227608e-05 0.0006238656)
(0.0001540808 1.164364e-05 0.000708885)
(0.0001570382 1.110426e-05 0.0007386967)
(0.0001725573 1.102687e-05 0.0006518475)
(0.00172116 8.431745e-05 0.00192915)
(0.001629673 8.37575e-05 0.0005125455)
(0.003055762 5.889487e-05 0.001074694)
(0.002424959 4.658699e-06 0.001915678)
(0.000143747 -1.212995e-05 0.000840933)
(0.0001516191 -1.229116e-05 0.0006132798)
(0.0001528723 -1.166079e-05 0.0006920372)
(0.0001548529 -1.111846e-05 0.0007203124)
(0.0001694977 -1.111399e-05 0.0006304467)
(0.001584508 -8.318791e-05 0.001852696)
(0.001734216 -8.280483e-05 0.0005134621)
(0.00163275 -6.264292e-05 0.001069115)
(0.003128064 -4.371557e-05 0.0009829929)
(0.01426242 0.0001738644 0.001280331)
(0.0001509882 -3.809545e-05 0.000627684)
(0.0001521644 -3.615051e-05 0.0007112882)
(0.0001536706 -3.454103e-05 0.0007346823)
(0.0001671634 -3.456637e-05 0.0006412164)
(0.001556067 -0.0002620145 0.001876777)
(0.001597334 -0.0002560396 0.0005520029)
(0.001737643 -0.0001879339 0.001139628)
(0.001682501 -0.0001394556 0.001163496)
(0.01546659 7.702757e-05 0.0007711264)
(3.989554 0.1220925 -0.08401504)
(0.0001516208 -7.199734e-05 0.0007594112)
(0.0001529956 -6.940187e-05 0.0007868587)
(0.000165911 -7.055303e-05 0.0006806891)
(0.001534448 -0.0005550473 0.002003243)
(0.001569389 -0.0005511816 0.0006603931)
(0.001601239 -0.0004240384 0.00129599)
(0.001781962 -0.0003194001 0.001462677)
(0.01106173 3.676716e-06 0.0009782055)
(3.891303 0.0592247 -0.02132185)
(5.699996 0.2827644 -0.2477721)
(0.0001525111 -0.0001087898 0.0008677132)
(0.0001651938 -0.0001116182 0.0007512567)
(0.001522694 -0.0009020278 0.002216075)
(0.001547971 -0.0008994798 0.0008351139)
(0.001573278 -0.0007243791 0.001595876)
(0.001635709 -0.000562987 0.002073029)
(0.008774049 -1.32429e-05 0.001507715)
(2.43834 0.008176803 0.0007155291)
(5.341215 0.1131904 -0.1095791)
(5.484276 0.3382489 -0.1965869)
(0.000164728 -0.0002000034 0.0008399465)
(0.001516043 -0.001699525 0.002503784)
(0.001536595 -0.001822437 0.001065056)
(0.001551973 -0.001934816 0.001996083)
(0.001591544 -0.002116085 0.002950382)
(0.004782264 -0.002640144 0.002203879)
(1.131287 -0.0006296109 0.005432033)
(1.957047 0.0007312959 -0.01000518)
(3.056639 0.03885536 -0.05741856)
(3.270796 0.1507106 -0.05853757)
(0.001511124 -0.002018149 0.002559617)
(0.001529165 -0.002181392 0.0003964652)
(0.001539395 -0.002400659 0.0009916428)
(0.001554303 -0.002697797 0.0005719932)
(0.001569075 -0.003554032 0.0003192623)
(0.001524158 -0.001691613 0.0003278405)
(0.001531737 -0.001720693 0.0009271436)
(0.001541571 -0.00178191 0.0004523149)
(0.001542027 -0.001843975 0.0002461222)
(0.001526114 -0.001331525 0.0008332058)
(0.001533166 -0.001371212 0.0003141727)
(0.001528647 -0.001406165 0.00016748)
(0.001527503 -0.0007844902 0.0002974736)
(0.00152037 -0.0007869618 0.0001598465)
(0.001511842 -0.0002701657 0.000155783)
(1.536823e-05 3.389117e-06 0.0001711052)
(1.581844e-05 3.388343e-06 0.0004904302)
(1.732189e-05 3.299019e-06 0.0006858554)
(1.667432e-05 3.04937e-06 0.001084652)
(2.919018e-05 2.859964e-06 0.0008771653)
(0.0001937369 4.246401e-05 0.001763652)
(1.515299e-05 1.003046e-05 0.0001685785)
(1.556649e-05 9.972078e-06 0.0004820095)
(1.584403e-05 9.596912e-06 0.0006729507)
(1.735309e-05 9.224572e-06 0.001062466)
(1.761051e-05 8.71571e-06 0.000855517)
(0.0002652989 7.208212e-05 0.001703779)
(0.000205319 0.0001271654 0.00124509)
(1.504337e-05 1.766502e-05 0.0001643297)
(1.53451e-05 1.751797e-05 0.0004690509)
(1.558366e-05 1.681933e-05 0.0006532996)
(1.58745e-05 1.59784e-05 0.001030113)
(1.831679e-05 1.526217e-05 0.0008283441)
(0.0001586126 0.0001314426 0.00164315)
(0.0002814836 0.0001276382 0.001189615)
(0.0002093174 0.0002164549 0.001369157)
(1.496538e-05 2.468963e-05 0.0001573707)
(1.523242e-05 2.440147e-05 0.0004479801)
(1.535948e-05 2.315952e-05 0.0006228145)
(1.560683e-05 2.178753e-05 0.0009800561)
(1.676682e-05 2.002269e-05 0.0007874529)
(0.0001652368 0.0001767033 0.001560405)
(0.0001656616 0.0001787765 0.001125983)
(0.0002873666 0.0001642467 0.001282941)
(0.0002159629 0.0002760593 0.001364761)
(1.486783e-05 3.241846e-05 0.0001464067)
(1.514761e-05 3.188478e-05 0.0004158406)
(1.524063e-05 3.014602e-05 0.0005762108)
(1.537783e-05 2.810197e-05 0.0009054379)
(1.647185e-05 2.540325e-05 0.0007263309)
(0.0001514104 0.000222047 0.001438803)
(0.0001731267 0.0002319531 0.001038415)
(0.0001651861 0.0002225802 0.001178482)
(0.0002936861 0.0002051645 0.001236946)
(0.0002391585 0.0003767455 0.001129424)
(1.503777e-05 3.036973e-05 0.0003730186)
(1.515717e-05 2.825423e-05 0.0005161303)
(1.525838e-05 2.59272e-05 0.0008079925)
(1.623058e-05 2.233439e-05 0.0006479588)
(0.0001487393 0.0001939505 0.001282357)
(0.0001589023 0.0002006131 0.0009317253)
(0.000173285 0.0001977309 0.001058676)
(0.0001647089 0.0001892584 0.001110664)
(0.000325735 0.0001835043 0.0009922071)
(0.002285404 0.002689943 0.003373968)
(1.503497e-05 1.930516e-05 0.0004534109)
(1.51686e-05 1.707291e-05 0.000710329)
(1.609161e-05 1.3418e-05 0.0005677954)
(0.0001465047 0.0001135056 0.001124182)
(0.0001559985 0.0001166916 0.0008159372)
(0.0001592924 0.0001123644 0.0009271526)
(0.000173847 0.0001093376 0.0009706555)
(0.0001769077 0.0001095297 0.0008600074)
(0.003007973 0.0008085009 0.002617594)
(0.002332688 0.001083179 0.001498001)
(1.505315e-05 1.163097e-05 0.0006262841)
(1.600087e-05 8.759304e-06 0.000502801)
(0.0001452611 7.339201e-05 0.0009912604)
(0.0001536968 7.501722e-05 0.0007209779)
(0.000156397 7.207626e-05 0.0008171741)
(0.000159984 6.920819e-05 0.0008543266)
(0.0001874754 7.059633e-05 0.0007539393)
(0.001622198 0.0005542914 0.002261825)
(0.003043817 0.0004984227 0.0006339834)
(0.002363499 0.0003983113 0.002094549)
(1.591141e-05 4.535871e-06 0.0004536409)
(0.0001444651 3.733966e-05 0.0008993142)
(0.0001524134 3.797263e-05 0.0006514001)
(0.0001541259 3.607218e-05 0.0007392485)
(0.0001570899 3.446784e-05 0.0007694076)
(0.0001726027 3.434164e-05 0.0006774444)
(0.001721403 0.0002635124 0.00200863)
(0.001630593 0.000259449 0.0005632891)
(0.00305919 0.0001797004 0.001148208)
(0.002428866 1.526086e-05 0.002111672)
(0.0001437469 1.212881e-05 0.0008409311)
(0.0001516189 1.229598e-05 0.0006132848)
(0.0001528724 1.166545e-05 0.0006920442)
(0.0001548532 1.111902e-05 0.000720313)
(0.0001694978 1.110939e-05 0.0006304408)
(0.001584507 8.31687e-05 0.001852681)
(0.001734215 8.279434e-05 0.0005134605)
(0.00163275 6.26452e-05 0.001069116)
(0.003128064 4.371494e-05 0.0009829925)
(0.01426242 -0.0001738645 0.001280331)
(0.0001509319 -1.23322e-05 0.000599485)
(0.0001521185 -1.167445e-05 0.0006802972)
(0.000153627 -1.113033e-05 0.0007032408)
(0.0001671181 -1.111278e-05 0.0006147476)
(0.001555639 -8.356449e-05 0.001793779)
(0.001596962 -8.16967e-05 0.0004965308)
(0.001737592 -6.023683e-05 0.001049955)
(0.001684507 -4.542342e-05 0.001048153)
(0.01578645 2.441775e-05 0.0007030583)
(4.009219 0.04028472 -0.08206591)
(0.0001515146 -3.621791e-05 0.0006964139)
(0.0001529115 -3.454228e-05 0.0007230946)
(0.0001658229 -3.458109e-05 0.0006269183)
(0.001533711 -0.0002612189 0.001833842)
(0.001568466 -0.0002572739 0.0005436185)
(0.001600434 -0.0001850078 0.001104192)
(0.001787185 -0.0001296587 0.001185972)
(0.01220186 4.585311e-07 0.0008021209)
(4.188788 0.03773903 -0.01812198)
(5.835938 0.1795562 -0.2472916)
(0.0001523876 -6.936182e-05 0.0007725588)
(0.000165087 -7.04e-05 0.0006712327)
(0.001521776 -0.0005532124 0.001964926)
(0.001546901 -0.000549395 0.0006512569)
(0.001571971 -0.0004248715 0.001274965)
(0.001644263 -0.0003156035 0.001430205)
(0.01090329 5.553801e-06 0.0009990146)
(3.193462 0.01060445 -0.0006123619)
(6.639306 0.1338337 -0.1355986)
(6.120065 0.3157926 -0.2217503)
(0.0001645914 -0.000111342 0.0007400072)
(0.001515024 -0.0008979749 0.002190674)
(0.001535285 -0.0008964805 0.0008260658)
(0.001550483 -0.0007208491 0.001575018)
(0.001605888 -0.0005640462 0.002056797)
(0.008354673 -1.519572e-05 0.001479635)
(2.381665 0.001748876 0.002709334)
(4.533875 0.0283144 -0.03332091)
(6.319156 0.1493358 -0.1190889)
(5.642901 0.3336297 -0.09962543)
(0.001511197 -0.001689776 0.002474725)
(0.001528859 -0.001812911 0.001056893)
(0.0015391 -0.001923134 0.00197632)
(0.001568404 -0.002100633 0.002922148)
(0.004701193 -0.002631388 0.002189837)
(1.074196 -0.001063441 0.005987955)
(1.932098 0.001251768 -0.004114729)
(2.384142 0.0001637456 -0.01264833)
(3.21297 0.03546285 -0.03758739)
(3.285521 0.1498498 -0.0007602616)
(0.001523986 -0.002168888 0.0003927955)
(0.001531594 -0.002386625 0.0009837167)
(0.001541602 -0.00268049 0.0005665812)
(0.001545656 -0.003526357 0.0003159484)
(0.00152661 -0.001710629 0.0009196765)
(0.001533736 -0.001771914 0.0004490574)
(0.001529492 -0.00183306 0.0002440245)
(0.00152793 -0.001363156 0.0003118905)
(0.001520855 -0.00139825 0.0001663711)
(0.00151513 -0.0007824722 0.0001587957)
(1.515479e-05 3.391733e-06 0.0001698611)
(1.556989e-05 3.404633e-06 0.0004857022)
(1.584741e-05 3.303038e-06 0.0006780384)
(1.736447e-05 3.146978e-06 0.001070173)
(1.764113e-05 3.067071e-06 0.0008611461)
(0.0002637312 2.519774e-05 0.00171271)
(0.0002034786 4.374354e-05 0.001248299)
(1.504679e-05 1.003413e-05 0.000167479)
(1.535012e-05 9.981466e-06 0.000478244)
(1.559108e-05 9.642082e-06 0.0006661075)
(1.588144e-05 9.229519e-06 0.001049892)
(1.833619e-05 8.966183e-06 0.0008434816)
(0.0001591565 7.753183e-05 0.001670496)
(0.000278554 7.534594e-05 0.001205841)
(0.0002059596 0.0001272427 0.001379601)
(1.497129e-05 1.763928e-05 0.0001633465)
(1.523816e-05 1.75245e-05 0.0004656527)
(1.53664e-05 1.682269e-05 0.0006476819)
(1.56166e-05 1.603811e-05 0.001018845)
(1.677195e-05 1.521093e-05 0.0008176938)
(0.0001655034 0.0001351915 0.001617378)
(0.000166548 0.0001371853 0.001162962)
(0.0002824787 0.0001268973 0.001318089)
(0.0002104094 0.0002168607 0.001384987)
(1.489214e-05 2.471843e-05 0.0001562483)
(1.515926e-05 2.437338e-05 0.0004449398)
(1.525197e-05 2.317821e-05 0.0006176225)
(1.538911e-05 2.177616e-05 0.000970494)
(1.64824e-05 2.005458e-05 0.0007777011)
(0.0001514969 0.000176042 0.00153742)
(0.0001734894 0.0001839878 0.001105076)
(0.0001662705 0.0001769806 0.00124779)
(0.0002888778 0.0001631928 0.001298187)
(0.00023309 0.0002960373 0.001165103)
(1.506364e-05 3.191318e-05 0.00041212)
(1.516785e-05 3.009959e-05 0.0005716217)
(1.526836e-05 2.810636e-05 0.0008962615)
(1.623564e-05 2.531564e-05 0.0007179273)
(0.0001488211 0.0002222099 0.001417469)
(0.0001589716 0.0002308678 0.001019868)
(0.0001737353 0.0002291035 0.001151068)
(0.0001660792 0.0002206811 0.001193424)
(0.0003171374 0.0002174923 0.001056176)
(0.002196391 0.00337802 0.003160985)
(1.506736e-05 2.829325e-05 0.0005101452)
(1.51859e-05 2.589243e-05 0.0008002096)
(1.610599e-05 2.230009e-05 0.0006395653)
(0.0001466333 0.0001933201 0.001264056)
(0.0001561623 0.0002009203 0.0009145898)
(0.0001594575 0.0001968898 0.001034919)
(0.0001741869 0.0001949355 0.00107819)
(0.0001778953 0.0001989062 0.0009469811)
(0.002994091 0.001570294 0.002878918)
(0.002315977 0.002852864 0.001998356)
(1.507719e-05 1.71291e-05 0.0006997934)
(1.601315e-05 1.34012e-05 0.0005611355)
(0.0001453687 0.0001135377 0.001105708)
(0.0001538123 0.0001165864 0.0008016795)
(0.0001565324 0.0001128529 0.0009060051)
(0.0001601138 0.0001091784 0.0009436073)
(0.0001876895 0.0001124572 0.0008278577)
(0.001627271 0.0008946078 0.002486975)
(0.003038624 0.0007956294 0.0008023336)
(0.002359414 0.0007788061 0.002639546)
(1.592467e-05 8.773056e-06 0.0004936545)
(0.0001445502 7.334555e-05 0.0009773827)
(0.000152502 7.509293e-05 0.00070678)
(0.0001542146 7.206028e-05 0.000800218)
(0.0001571896 6.957247e-05 0.0008311318)
(0.0001727021 7.042215e-05 0.0007288209)
(0.001722143 0.0005605484 0.002169649)
(0.001632867 0.0005475363 0.0006719525)
(0.003065821 0.0003889509 0.001305803)
(0.002435736 0.0002032058 0.002564464)
(0.0001438018 3.743709e-05 0.0008803631)
(0.0001516658 3.800732e-05 0.000641099)
(0.0001529171 3.613769e-05 0.0007227371)
(0.0001548972 3.449954e-05 0.0007514349)
(0.0001695509 3.456709e-05 0.0006565589)
(0.001584842 0.0002611016 0.001934259)
(0.001734457 0.0002580923 0.0005679045)
(0.001633277 0.0001937684 0.001152816)
(0.003131199 0.0001318561 0.001081224)
(0.01420761 -0.0005443133 0.001412638)
(0.0001509318 1.233107e-05 0.0005994836)
(0.0001521184 1.167881e-05 0.0006803028)
(0.000153627 1.11345e-05 0.0007032479)
(0.0001671183 1.111331e-05 0.0006147481)
(0.001555639 8.353978e-05 0.001793762)
(0.001596962 8.167461e-05 0.0004965274)
(0.001737591 6.023054e-05 0.001049951)
(0.001684507 4.542497e-05 0.001048155)
(0.01578645 -2.441775e-05 0.0007030579)
(4.009219 -0.04028473 -0.08206591)
(0.0001514609 -1.170611e-05 0.0006649852)
(0.0001528668 -1.113809e-05 0.0006913421)
(0.0001657773 -1.111654e-05 0.0006001742)
(0.001533335 -8.330556e-05 0.001749971)
(0.001567993 -8.219862e-05 0.0004881523)
(0.00160012 -5.861984e-05 0.001012664)
(0.00178967 -4.175696e-05 0.001061065)
(0.01267301 -6.73654e-07 0.0007224275)
(4.301345 0.01302153 -0.0171803)
(5.842511 0.05995327 -0.2425424)
(0.000152286 -3.458687e-05 0.0007080164)
(0.0001649993 -3.455888e-05 0.0006170274)
(0.001521031 -0.0002606622 0.001793888)
(0.001546068 -0.0002567775 0.0005348661)
(0.001571061 -0.0001857874 0.001082179)
(0.001649017 -0.0001263895 0.001153414)
(0.01207244 5.25077e-06 0.0008072117)
(3.579534 0.008024878 -0.0005536924)
(7.259938 0.09125742 -0.1317903)
(6.243598 0.1973609 -0.2130761)
(0.0001644681 -7.030254e-05 0.0006590288)
(0.00151412 -0.0005510756 0.001938246)
(0.001534203 -0.0005480507 0.0006427969)
(0.001549336 -0.0004231178 0.001254951)
(0.001614238 -0.0003163977 0.001415586)
(0.01046919 4.731635e-06 0.0009738688)
(3.103075 0.003462835 -6.175127e-05)
(5.976516 0.03215259 -0.03708224)
(8.048184 0.1545437 -0.1349227)
(6.198584 0.3123236 -0.107483)
(0.001510176 -0.0008938754 0.002158728)
(0.001527575 -0.0008928554 0.0008188903)
(0.001537588 -0.0007178071 0.001556019)
(0.001582826 -0.0005613184 0.002034202)
(0.008226302 -2.149676e-05 0.001467254)
(2.284683 0.001135525 0.003642456)
(4.399852 0.007409179 -0.01313122)
(5.631732 0.03216515 -0.03867355)
(6.697944 0.1549851 -0.07741694)
(5.679231 0.3305246 0.00216367)
(0.001523889 -0.001802943 0.001047319)
(0.001531322 -0.001912006 0.001960407)
(0.001555332 -0.002087082 0.002897076)
(0.004644952 -0.002610683 0.00216908)
(1.05686 -0.001174247 0.006141395)
(1.8539 0.0004173967 -0.0004276073)
(2.375279 0.001664934 -0.007473431)
(2.59984 0.0001373331 -0.01109777)
(3.254873 0.0339149 -0.01572449)
(3.280117 0.1501573 0.0564354)
(0.00152659 -0.002371389 0.0009744993)
(0.001533789 -0.002664332 0.0005621732)
(0.001533001 -0.003502059 0.0003130003)
(0.001528645 -0.001761266 0.0004453736)
(0.001521715 -0.001822554 0.0002422731)
(0.001515684 -0.001389833 0.0001651709)
(1.504768e-05 3.391369e-06 0.0001687838)
(1.535172e-05 3.40587e-06 0.0004820342)
(1.559389e-05 3.316117e-06 0.0006713663)
(1.588395e-05 3.146508e-06 0.001057983)
(1.8345e-05 3.150177e-06 0.0008496505)
(0.0001593984 2.701407e-05 0.001681456)
(0.0002768994 2.559914e-05 0.001212155)
(0.000204106 4.432595e-05 0.001383104)
(1.497464e-05 1.001808e-05 0.0001665206)
(1.524134e-05 9.982389e-06 0.0004749993)
(1.537044e-05 9.643155e-06 0.0006607961)
(1.562258e-05 9.263126e-06 0.001039223)
(1.677522e-05 8.937067e-06 0.0008335013)
(0.0001656678 7.969338e-05 0.001647015)
(0.0001671121 8.100176e-05 0.001182266)
(0.0002795175 7.504092e-05 0.001336048)
(0.0002070219 0.0001275639 0.00139528)
(1.490509e-05 1.764744e-05 0.0001623061)
(1.516476e-05 1.749584e-05 0.0004627449)
(1.525663e-05 1.681784e-05 0.0006428794)
(1.539415e-05 1.60244e-05 0.001010075)
(1.648765e-05 1.522861e-05 0.0008087457)
(0.000151532 0.0001346243 0.001596598)
(0.0001737631 0.0001410596 0.001144715)
(0.0001671413 0.0001362818 0.001288538)
(0.0002839306 0.000126486 0.001333018)
(0.0002270596 0.0002330572 0.001182995)
(1.508665e-05 2.43946e-05 0.0004415906)
(1.517799e-05 2.314122e-05 0.0006133161)
(1.527773e-05 2.177265e-05 0.0009623639)
(1.624177e-05 1.999193e-05 0.0007701002)
(0.0001489049 0.0001762142 0.001518382)
(0.0001590571 0.0001832392 0.001088786)
(0.000174085 0.0001820546 0.001224635)
(0.0001671456 0.0001757276 0.001262683)
(0.0003118734 0.0001733301 0.001108626)
(0.002139646 0.002667436 0.00321908)
(1.5089e-05 3.01054e-05 0.0005663111)
(1.519444e-05 2.804628e-05 0.0008890543)
(1.61111e-05 2.525236e-05 0.000710619)
(0.0001466676 0.0002213161 0.001401042)
(0.000156244 0.0002309867 0.001004761)
(0.0001595163 0.0002278947 0.001130501)
(0.0001746249 0.0002270609 0.001165767)
(0.0001793351 0.0002337349 0.001018912)
(0.002913683 0.001896295 0.002909391)
(0.002217573 0.003625787 0.0006232855)
(1.510477e-05 2.590299e-05 0.0007907379)
(1.60268e-05 2.223097e-05 0.0006333573)
(0.0001454902 0.0001928853 0.001247612)
(0.0001539441 0.0002002212 0.0009015885)
(0.0001566898 0.0001971044 0.001015912)
(0.0001602708 0.0001939743 0.00105406)
(0.0001880353 0.0002047473 0.0009191863)
(0.001635473 0.00169912 0.002768784)
(0.003028706 0.001669812 0.001046105)
(0.002351025 0.003119644 0.003455525)
(1.594122e-05 1.340479e-05 0.0005527047)
(0.0001446547 0.0001133341 0.001092648)
(0.0001526129 0.0001165843 0.0007885787)
(0.0001543259 0.0001126936 0.0008901795)
(0.0001573206 0.0001095948 0.0009221931)
(0.0001728314 0.0001121343 0.000804777)
(0.00172374 0.0009157597 0.002406256)
(0.001638087 0.0008852702 0.0008487262)
(0.003065715 0.0006276931 0.001593595)
(0.002432704 0.0004567266 0.003785013)
(0.000143911 7.339726e-05 0.0009594128)
(0.0001517537 7.502943e-05 0.0006969389)
(0.0001530035 7.209414e-05 0.0007844617)
(0.0001549836 6.952001e-05 0.0008139403)
(0.0001696533 7.072802e-05 0.0007090171)
(0.001585587 0.0005564151 0.002099034)
(0.001735233 0.000553056 0.0006842795)
(0.001634777 0.0004290499 0.001331214)
(0.003136725 0.0002940132 0.001300335)
(0.01390248 -0.0009571747 0.001718154)
(0.0001509879 3.809441e-05 0.0006276797)
(0.0001521639 3.615494e-05 0.0007113049)
(0.0001536708 3.454463e-05 0.0007347019)
(0.000167164 3.456709e-05 0.000641218)
(0.001556069 0.0002619874 0.001876726)
(0.001597333 0.000256017 0.0005519926)
(0.001737642 0.0001879273 0.001139618)
(0.0016825 0.0001394568 0.0011635)
(0.01546659 -7.70275e-05 0.0007711255)
(3.989554 -0.1220925 -0.08401503)
(0.0001514608 1.170512e-05 0.0006649837)
(0.0001528666 1.114205e-05 0.0006913477)
(0.0001657774 1.112028e-05 0.0006001803)
(0.001533336 8.330899e-05 0.001749972)
(0.001567994 8.217062e-05 0.000488148)
(0.00160012 5.860657e-05 0.001012657)
(0.001789669 4.175274e-05 0.001061061)
(0.01267301 6.737919e-07 0.0007224284)
(4.301345 -0.01302153 -0.0171803)
(5.842511 -0.05995326 -0.2425424)
(0.0001522344 -1.116141e-05 0.0006758237)
(0.0001649529 -1.111593e-05 0.0005900173)
(0.001520647 -8.313721e-05 0.001709321)
(0.001545652 -8.20325e-05 0.0004795037)
(0.001570598 -5.90057e-05 0.000990406)
(0.001651257 -3.979392e-05 0.001024917)
(0.01258454 1.063891e-07 0.0007210068)
(3.738646 0.002972451 -0.0003032151)
(7.484921 0.03282078 -0.126903)
(6.23543 0.06636131 -0.2029222)
(0.0001643658 -3.457206e-05 0.0006041569)
(0.001513381 -0.0002599293 0.001766151)
(0.001533366 -0.0002565032 0.0005267279)
(0.001548486 -0.0001852149 0.001062393)
(0.001618915 -0.0001270801 0.001138058)
(0.01166755 7.842342e-06 0.0007820186)
(3.498628 0.00302571 -0.0008050368)
(6.756677 0.02599422 -0.03687158)
(8.782564 0.1162163 -0.1386644)
(6.261353 0.1946991 -0.09906837)
(0.001509256 -0.0005489724 0.001903878)
(0.00152651 -0.0005462664 0.0006363412)
(0.001536421 -0.0004216951 0.00123644)
(0.001591289 -0.0003151122 0.001396927)
(0.01033068 -8.921027e-07 0.0009624191)
(3.001393 0.002458698 0.001319241)
(5.903969 0.01229044 -0.01864113)
(7.59063 0.04545365 -0.05009673)
(8.59329 0.163503 -0.09013824)
(6.195518 0.3082877 0.01466471)
(0.001522559 -0.0008893699 0.0008101785)
(0.001529831 -0.000714508 0.001541444)
(0.001569661 -0.0005588971 0.002013619)
(0.008142653 -2.38351e-05 0.001450928)
(2.251282 -8.523041e-07 0.004050066)
(4.265244 0.003685409 -0.004694009)
(5.590354 0.01091191 -0.0204106)
(6.196825 0.03392994 -0.03114102)
(6.809612 0.1550341 -0.02085086)
(5.661862 0.3339042 0.1045133)
(0.001526692 -0.001899861 0.001941603)
(0.001547485 -0.002074477 0.002875899)
(0.004612084 -0.002592193 0.002150713)
(1.045534 -0.001258748 0.00613097)
(1.827538 0.0001396682 0.00110453)
(2.30324 0.0006150672 -0.00259453)
(2.60638 0.001831198 -0.007038244)
(2.691484 0.0001543262 -0.006146125)
(3.24898 0.0348133 0.007607775)
(3.247738 0.1510735 0.1151729)
(0.001528848 -0.002646595 0.0005570234)
(0.001525235 -0.003479952 0.0003105887)
(0.001516714 -0.001811261 0.0002402946)
(1.49755e-05 3.384933e-06 0.0001678371)
(1.52421e-05 3.404456e-06 0.0004788607)
(1.537158e-05 3.31464e-06 0.0006661991)
(1.562472e-05 3.15643e-06 0.001047592)
(1.677582e-05 3.138233e-06 0.00083998)
(0.0001657159 2.773697e-05 0.001659036)
(0.0001673613 2.749905e-05 0.001190013)
(0.0002778469 2.604024e-05 0.001343029)
(0.0002051511 4.412973e-05 0.001398642)
(1.49123e-05 1.002062e-05 0.0001655296)
(1.516785e-05 9.964675e-06 0.0004721735)
(1.525916e-05 9.63792e-06 0.0006562221)
(1.539704e-05 9.254535e-06 0.001030949)
(1.649084e-05 8.947599e-06 0.0008250373)
(0.0001515547 7.937329e-05 0.001627557)
(0.000173932 8.323714e-05 0.001165635)
(0.000167696 8.060784e-05 0.001309906)
(0.0002809349 7.491262e-05 0.001351084)
(0.0002233836 0.0001372066 0.001191913)
(1.509871e-05 1.749886e-05 0.0004596562)
(1.518241e-05 1.678318e-05 0.0006387741)
(1.528113e-05 1.600627e-05 0.001002579)
(1.624304e-05 1.517765e-05 0.0008017846)
(0.0001489438 0.0001347083 0.001579149)
(0.00015909 0.0001404287 0.001129992)
(0.0001743497 0.0001400674 0.001268324)
(0.0001680043 0.000135743 0.00130313)
(0.0003064808 0.0001349517 0.001138695)
(0.002083702 0.002111363 0.003219616)
(1.51086e-05 2.314517e-05 0.0006085566)
(1.520281e-05 2.172516e-05 0.000955626)
(1.611668e-05 1.994052e-05 0.0007636376)
(0.0001467133 0.0001755636 0.001503547)
(0.0001563283 0.0001833808 0.0010753)
(0.0001595932 0.0001812139 0.001206576)
(0.0001749637 0.0001806886 0.001239299)
(0.0001804512 0.0001864612 0.001078233)
(0.002863843 0.00152499 0.003031994)
(0.002159577 0.002753987 0.0004872978)
(1.51215e-05 2.802572e-05 0.000880689)
(1.603105e-05 2.515905e-05 0.0007048813)
(0.0001455277 0.0002206308 0.001386756)
(0.0001539766 0.000230013 0.0009931207)
(0.0001567645 0.0002279279 0.001113756)
(0.0001603204 0.0002257377 0.001144938)
(0.0001884869 0.0002403574 0.0009952695)
(0.001647774 0.002033601 0.002813073)
(0.002939792 0.002034027 0.0004085826)
(0.002227926 0.004108504 0.001373669)
(1.595984e-05 2.218014e-05 0.000625792)
(0.0001447705 0.0001922063 0.001235454)
(0.000152738 0.0001997224 0.0008899065)
(0.0001544523 0.0001963413 0.001001477)
(0.0001574727 0.0001941059 0.001034802)
(0.0001729881 0.0002035336 0.0008985997)
(0.001726476 0.001746112 0.002700281)
(0.001646844 0.001808395 0.001088691)
(0.003064326 0.001767913 0.002010307)
(0.002417497 0.003440353 0.005689249)
(0.0001440459 0.000113272 0.0010761)
(0.0001518614 0.0001163534 0.000779307)
(0.0001531112 0.000112632 0.0008756387)
(0.0001550914 0.0001093867 0.0009061359)
(0.0001697875 0.0001124709 0.0007864943)
(0.001586546 0.0009094471 0.002341035)
(0.001736969 0.0009069325 0.0008694021)
(0.001639277 0.0007126576 0.001636227)
(0.003133856 0.0004729659 0.001889801)
(0.01274294 -0.001353505 0.002665529)
(0.0001510992 7.505981e-05 0.0006842061)
(0.0001522496 7.200603e-05 0.0007735384)
(0.0001537555 6.951643e-05 0.0007979669)
(0.0001672534 7.061651e-05 0.0006943451)
(0.001556896 0.0005573026 0.002044446)
(0.001598184 0.0005496904 0.0006684657)
(0.001738101 0.0004280385 0.001330618)
(0.001677973 0.0003264684 0.001417911)
(0.01460924 -0.0001567772 0.0009166796)
(3.883032 -0.1994523 -0.08569355)
(0.0001515143 3.6217e-05 0.0006964091)
(0.0001529111 3.454632e-05 0.0007231116)
(0.0001658231 3.458437e-05 0.000626935)
(0.001533714 0.0002612231 0.001833846)
(0.001568468 0.0002572437 0.0005436053)
(0.001600434 0.0001849937 0.00110417)
(0.001787184 0.0001296542 0.001185962)
(0.01220186 -4.584827e-07 0.0008021233)
(4.188788 -0.03773905 -0.01812199)
(5.835938 -0.1795562 -0.2472916)
(0.0001522343 1.116053e-05 0.0006758221)
(0.0001649528 1.111955e-05 0.0005900221)
(0.001520647 8.315486e-05 0.001709338)
(0.001545653 8.203614e-05 0.0004795043)
(0.001570599 5.898868e-05 0.0009903972)
(0.001651257 3.978502e-05 0.00102491)
(0.01258454 -1.064805e-07 0.0007210046)
(3.738646 -0.002972468 -0.0003032142)
(7.484921 -0.03282081 -0.126903)
(6.23543 -0.0663613 -0.2029222)
(0.0001643135 -1.112827e-05 0.0005767704)
(0.001512996 -8.293087e-05 0.001680917)
(0.001532941 -8.194864e-05 0.0004714929)
(0.00154807 -5.879631e-05 0.0009705901)
(0.001621012 -4.019199e-05 0.001009806)
(0.01221117 3.311677e-06 0.0006936166)
(3.671989 0.001001309 -0.0007932365)
(7.082956 0.009921761 -0.03525285)
(9.034087 0.04246676 -0.1350421)
(6.223954 0.06580583 -0.09428279)
(0.001508476 -0.0002592702 0.001730095)
(0.001525678 -0.0002560113 0.0005206852)
(0.00153556 -0.0001848651 0.001044032)
(0.001596029 -0.0001266815 0.001120458)
(0.01153885 3.54611e-06 0.0007698093)
(3.407427 0.00238136 0.0008088224)
(6.744136 0.01096662 -0.02024836)
(8.628449 0.03763928 -0.04969272)
(9.380162 0.1244285 -0.09012741)
(6.225942 0.1916592 0.02289997)
(0.00152144 -0.0005446412 0.0006282379)
(0.001528677 -0.0004200648 0.001222769)
(0.00157809 -0.000314066 0.001379493)
(0.01024178 -3.465926e-06 0.0009490774)
(2.964586 0.0009814319 0.001876279)
(5.782737 0.00636919 -0.008382044)
(7.610374 0.01784986 -0.02638261)
(8.397327 0.04996372 -0.04050673)
(8.750891 0.1654797 -0.01979649)
(6.183984 0.3142303 0.137118)
(0.001525215 -0.0007110627 0.00152357)
(0.001561785 -0.0005562975 0.001996983)
(0.008093438 -2.518442e-05 0.001436241)
(2.230621 -0.0004939842 0.004128653)
(4.212639 0.001281166 -0.0007047679)
(5.485547 0.005655141 -0.009186226)
(6.225652 0.01214664 -0.01787364)
(6.42182 0.03362805 -0.01170832)
(6.794393 0.156975 0.04051809)
(5.567766 0.3444079 0.2081393)
(0.001543017 -0.002060513 0.002851255)
(0.004592395 -0.002575528 0.002135136)
(1.038884 -0.001302501 0.006119604)
(1.810869 -2.568578e-05 0.001525309)
(2.27671 0.0002491213 -0.0003857283)
(2.551843 0.0006635372 -0.002894528)
(2.70128 0.001954902 -0.004774716)
(2.678189 0.0004314858 0.0002834453)
(3.192247 0.03860438 0.03283944)
(3.146663 0.1549705 0.1800447)
(0.001520411 -0.003455291 0.0003077705)
(1.491481e-05 3.384254e-06 0.0001668692)
(1.516858e-05 3.397329e-06 0.0004760739)
(1.525962e-05 3.311226e-06 0.0006617313)
(1.539765e-05 3.15225e-06 0.001039552)
(1.649148e-05 3.140302e-06 0.0008317403)
(0.0001515329 2.761492e-05 0.001640189)
(0.0001739792 2.825716e-05 0.001174132)
(0.0001679405 2.790284e-05 0.001318475)
(0.0002792441 2.570349e-05 0.001358048)
(0.0002213214 4.784347e-05 0.001195011)
(1.510542e-05 9.964351e-06 0.0004692423)
(1.518485e-05 9.616826e-06 0.0006522414)
(1.52829e-05 9.242111e-06 0.001023825)
(1.624363e-05 8.917904e-06 0.000818476)
(0.0001489674 7.942689e-05 0.001611063)
(0.0001591116 8.28817e-05 0.001151849)
(0.000174513 8.279444e-05 0.001291483)
(0.0001685516 8.041049e-05 0.001324632)
(0.0003032176 8.009632e-05 0.001154211)
(0.002049548 0.001246536 0.003234199)
(1.511842e-05 1.677478e-05 0.000634401)
(1.520597e-05 1.596455e-05 0.0009961745)
(1.611752e-05 1.513002e-05 0.0007958347)
(0.0001467181 0.0001341872 0.001565579)
(0.0001563662 0.0001404911 0.001117631)
(0.0001596198 0.0001393758 0.001252007)
(0.0001752206 0.0001394564 0.001282695)
(0.000181353 0.0001446779 0.001113118)
(0.002813369 0.00120103 0.003090508)
(0.002101844 0.002170388 0.0003108783)
(1.513713e-05 2.170896e-05 0.0009481597)
(1.603599e-05 1.986751e-05 0.0007582828)
(0.000145571 0.0001750194 0.001490934)
(0.0001540215 0.0001826689 0.001064787)
(0.0001568428 0.0001812912 0.001191629)
(0.0001603897 0.0001797631 0.001221015)
(0.0001888337 0.0001916072 0.001058246)
(0.00165723 0.001636524 0.002951852)
(0.002889074 0.001580752 0.0003474153)
(0.002167224 0.002838202 0.0012145)
(1.596683e-05 2.508031e-05 0.0006982138)
(0.0001448013 0.0002197379 0.001375545)
(0.0001527749 0.0002292546 0.0009829952)
(0.0001544788 0.0002268923 0.00110085)
(0.0001575414 0.0002256935 0.001127993)
(0.0001730277 0.000238764 0.0009774803)
(0.001730175 0.002088188 0.00275099)
(0.001660523 0.002181685 0.0004172334)
(0.002951901 0.002238186 0.001057887)
(0.00223708 0.004667776 0.0008887747)
(0.0001441967 0.0001916427 0.001220625)
(0.000151981 0.0001989906 0.0008812613)
(0.0001532325 0.0001957707 0.0009885069)
(0.0001552135 0.0001932834 0.001020139)
(0.0001699433 0.0002035481 0.0008821591)
(0.001587724 0.001731259 0.002641485)
(0.001740066 0.001860157 0.00111206)
(0.001647962 0.001915535 0.002052241)
(0.003122136 0.001920303 0.002794642)
(0.009084698 0.004069648 0.004181023)
(0.0001512362 0.000116257 0.0007675688)
(0.0001523544 0.000112372 0.000865345)
(0.0001538606 0.0001092717 0.000891384)
(0.0001673642 0.0001121739 0.0007727926)
(0.001557977 0.00091005 0.0022905)
(0.001599336 0.0009017551 0.0008532139)
(0.001739529 0.0007290258 0.001650763)
(0.001671472 0.0005560741 0.002036751)
(0.01271182 -0.0002431444 0.001370295)
(3.480632 -0.2369856 -0.08033743)
(0.0001516203 7.199675e-05 0.0007594038)
(0.000152995 6.940614e-05 0.0007868861)
(0.0001659114 7.055586e-05 0.0006807129)
(0.001534454 0.0005550531 0.002003254)
(0.001569392 0.000551145 0.0006603701)
(0.001601238 0.0004240199 0.001295955)
(0.001781961 0.0003193938 0.001462659)
(0.01106173 -3.676674e-06 0.000978209)
(3.891303 -0.05922469 -0.02132184)
(5.699996 -0.2827644 -0.2477721)
(0.0001522858 3.458606e-05 0.0007080117)
(0.000164999 3.456262e-05 0.0006170418)
(0.001521032 0.0002606795 0.001793935)
(0.001546072 0.0002567821 0.0005348679)
(0.001571062 0.0001857686 0.001082152)
(0.001649016 0.00012638 0.001153392)
(0.01207244 -5.250804e-06 0.0008072048)
(3.579534 -0.008024889 -0.0005536828)
(7.259938 -0.09125742 -0.1317903)
(6.243598 -0.1973609 -0.2130761)
(0.0001643134 1.11275e-05 0.000576769)
(0.001512995 8.295008e-05 0.001680931)
(0.001532942 8.196983e-05 0.0004714961)
(0.001548071 5.879871e-05 0.0009705911)
(0.001621012 4.01806e-05 0.001009797)
(0.01221117 -3.311918e-06 0.0006936119)
(3.671989 -0.001001348 -0.0007932414)
(7.082956 -0.009921751 -0.03525285)
(9.034087 -0.04246677 -0.1350422)
(6.223954 -0.06580583 -0.09428279)
(0.001508072 -8.275882e-05 0.001643895)
(0.00152525 -8.182702e-05 0.0004656232)
(0.001535131 -5.868769e-05 0.0009522708)
(0.001598196 -4.00189e-05 0.0009924376)
(0.01209155 1.166312e-06 0.0006814955)
(3.591556 0.001011133 0.0006494059)
(7.109265 0.003972907 -0.0187495)
(9.038543 0.0151734 -0.04816514)
(9.638168 0.04562946 -0.08648736)
(6.171963 0.06478155 0.02590658)
(0.001520543 -0.0002556606 0.0005129176)
(0.00152782 -0.0001843987 0.001030753)
(0.001582831 -0.0001265 0.001103966)
(0.01145587 1.908464e-06 0.0007570812)
(3.373971 0.001127782 0.001276514)
(6.659464 0.005863485 -0.009722838)
(8.746535 0.01878539 -0.03092826)
(9.52704 0.04514975 -0.04014203)
(9.552776 0.1258365 -0.01329167)
(6.223888 0.1969691 0.144022)
(0.001524061 -0.0004183871 0.001205462)
(0.001570215 -0.0003128767 0.001366056)
(0.01018923 -5.205341e-06 0.0009368906)
(2.942102 0.0002961721 0.002012115)
(5.729705 0.002887195 -0.00309694)
(7.55555 0.01035836 -0.01492537)
(8.53954 0.02206626 -0.02321526)
(8.728187 0.04783419 -0.01212291)
(8.727317 0.1668561 0.05776853)
(6.146706 0.3283788 0.2574595)
(0.00155731 -0.000553501 0.001976877)
(0.00806361 -2.599147e-05 0.001424375)
(2.218423 -0.0007879351 0.004171296)
(4.181027 0.0002540512 0.0006457715)
(5.437656 0.002537048 -0.003275895)
(6.171505 0.006928536 -0.009464507)
(6.486329 0.01325716 -0.01004101)
(6.387074 0.03513953 0.01061501)
(6.646481 0.1588224 0.09677785)
(5.2546 0.3629441 0.3155063)
(0.004582173 -0.002556593 0.002117086)
(1.03487 -0.001325259 0.00609651)
(1.801048 -0.0001201789 0.001803827)
(2.260076 5.953172e-05 0.0002724527)
(2.527665 0.0003574105 -0.0008215084)
(2.653842 0.000716784 -0.001763135)
(2.686798 0.002157515 -0.00138148)
(2.557466 0.001082093 0.006399188)
(3.012279 0.04219 0.05349238)
(2.871 0.1570543 0.2161334)
(1.510768e-05 3.395579e-06 0.0004732162)
(1.518527e-05 3.302967e-06 0.00065781)
(1.5283e-05 3.146893e-06 0.001032601)
(1.624295e-05 3.128903e-06 0.0008253671)
(0.000148947 2.762366e-05 0.001624139)
(0.000159086 2.813124e-05 0.00116078)
(0.0001745573 2.863895e-05 0.001300883)
(0.0001687909 2.755049e-05 0.0013332)
(0.0003013321 2.785871e-05 0.001160354)
(0.002027216 0.0004343797 0.003234454)
(1.512384e-05 9.610189e-06 0.0006481022)
(1.520764e-05 9.217029e-06 0.001017627)
(1.611775e-05 8.889384e-06 0.0008128266)
(0.0001467192 7.912437e-05 0.001598281)
(0.0001563891 8.292388e-05 0.001140165)
(0.0001596376 8.240583e-05 0.001276207)
(0.0001753792 8.255749e-05 0.001306003)
(0.0001819284 8.588266e-05 0.001131576)
(0.002782779 0.0007168052 0.003127884)
(0.0020672 0.001268499 0.0002799767)
(1.514435e-05 1.594283e-05 0.0009893365)
(1.60366e-05 1.507068e-05 0.0007907511)
(0.000145574 0.0001337094 0.001553981)
(0.0001540241 0.0001399233 0.001108017)
(0.000156876 0.000139396 0.001238311)
(0.0001604107 0.0001387086 0.001266185)
(0.0001890975 0.0001485481 0.001095659)
(0.001664934 0.001284358 0.003022028)
(0.002837008 0.001237713 0.000268563)
(0.002106162 0.002227865 0.000984863)
(1.597479e-05 1.980711e-05 0.0007523431)
(0.0001448395 0.0001743215 0.001480487)
(0.000152818 0.0001820704 0.001055845)
(0.0001545186 0.0001805295 0.001179977)
(0.0001576145 0.0001797827 0.001205892)
(0.0001730907 0.000190486 0.001042627)
(0.001732944 0.001679052 0.002898875)
(0.001670511 0.001697959 0.000348308)
(0.002898593 0.001605313 0.001001217)
(0.002174051 0.002939599 0.0006817513)
(0.0001442425 0.0002189311 0.001362507)
(0.0001520111 0.0002282994 0.0009750489)
(0.0001532649 0.0002260669 0.001089622)
(0.0001552347 0.0002245999 0.001114925)
(0.0001700083 0.0002385985 0.0009630061)
(0.001587843 0.002070145 0.002702023)
(0.001744385 0.002241722 0.0004190586)
(0.001663593 0.002396296 0.001052709)
(0.002961539 0.002504935 0.0005693915)
(0.002233991 0.006386732 0.0004532759)
(0.0001513891 0.0001983634 0.0008707232)
(0.0001524706 0.0001950052 0.0009789058)
(0.0001539789 0.0001926468 0.001006964)
(0.0001674892 0.0002025754 0.0008696503)
(0.001559242 0.001728657 0.002595819)
(0.001600834 0.001845086 0.001094477)
(0.001742633 0.001971762 0.002073884)
(0.001662496 0.002081685 0.00293191)
(0.008251575 0.00230369 0.002079021)
(2.22901 -0.1215407 -0.05014695)
(0.0001517499 0.0001122235 0.0008523122)
(0.0001530974 0.0001089853 0.0008809327)
(0.0001660207 0.0001119698 0.0007602048)
(0.001535354 0.0009057062 0.00225174)
(0.001570651 0.0009031563 0.0008450206)
(0.001602401 0.0007235073 0.001616313)
(0.00177326 0.0005677272 0.002109291)
(0.008833613 -5.879975e-06 0.001461259)
(3.238307 -0.06297384 -0.02119658)
(4.960619 -0.3300346 -0.2337542)
(0.0001523872 6.93613e-05 0.0007725513)
(0.0001650865 7.040408e-05 0.0006712561)
(0.001521778 0.0005532314 0.001964993)
(0.001546908 0.0005494014 0.0006512603)
(0.001571973 0.0004248463 0.001274918)
(0.001644262 0.0003155901 0.001430167)
(0.01090329 -5.553999e-06 0.0009990026)
(3.193462 -0.01060447 -0.0006123546)
(6.639306 -0.1338337 -0.1355986)
(6.120065 -0.3157926 -0.2217503)
(0.0001643656 3.457136e-05 0.0006041529)
(0.001513379 0.0002599501 0.001766192)
(0.001533367 0.000256523 0.0005267373)
(0.001548488 0.0001852179 0.001062397)
(0.001618916 0.0001270675 0.00113803)
(0.01166755 -7.842603e-06 0.0007820039)
(3.498628 -0.003025739 -0.0008050511)
(6.756677 -0.02599419 -0.03687159)
(8.782564 -0.1162163 -0.1386644)
(6.261353 -0.194699 -0.09906837)
(0.001508072 8.27557e-05 0.001643891)
(0.00152525 8.184892e-05 0.0004656265)
(0.001535131 5.869989e-05 0.0009522781)
(0.001598197 4.002053e-05 0.0009924387)
(0.01209155 -1.166469e-06 0.0006814895)
(3.591556 -0.00101119 0.0006493967)
(7.109265 -0.003972954 -0.01874949)
(9.038543 -0.01517338 -0.04816515)
(9.638168 -0.04562946 -0.08648737)
(6.171963 -0.06478154 0.02590655)
(0.001520086 -8.176208e-05 0.0004579892)
(0.00152739 -5.856051e-05 0.000939116)
(0.001584998 -3.99587e-05 0.0009762901)
(0.01201479 6.648939e-07 0.0006688309)
(3.561307 0.0004615327 0.001092093)
(7.062296 0.002506348 -0.01060176)
(9.251969 0.00713364 -0.02936842)
(9.977317 0.01768743 -0.03690694)
(9.811544 0.04610244 -0.008519875)
(6.178139 0.06677245 0.1426235)
(0.001523178 -0.0001839558 0.001013614)
(0.001574968 -0.0001262464 0.001091646)
(0.01140665 5.808596e-07 0.0007454803)
(3.353489 0.0005815696 0.001420292)
(6.621384 0.002885549 -0.004449541)
(8.757019 0.009332949 -0.01607353)
(9.842543 0.02152852 -0.02487728)
(9.863864 0.04635925 -0.008013311)
(9.526573 0.1265454 0.07062847)
(6.23863 0.2083672 0.2594714)
(0.001565741 -0.0003115913 0.001349096)
(0.01015711 -6.404974e-06 0.0009275627)
(2.928758 -0.000134925 0.002093459)
(5.697743 0.001264522 -0.001025648)
(7.519537 0.005060537 -0.006527492)
(8.550264 0.01206928 -0.01325038)
(8.891865 0.02645716 -0.01017878)
(8.677905 0.05011081 0.01975695)
(8.499494 0.1657547 0.1229019)
(5.998577 0.3306933 0.3556047)
(0.008047846 -2.652044e-05 0.001410146)
(2.210972 -0.0009760498 0.00418305)
(4.162299 -0.0003340648 0.001408535)
(5.408691 0.001119416 -0.001025581)
(6.13852 0.003550811 -0.003814072)
(6.451381 0.007571829 -0.004955064)
(6.44683 0.01441826 0.001151179)
(6.08352 0.03813399 0.03021281)
(6.243265 0.1430859 0.1258716)
(4.650144 0.3344817 0.3432321)
(1.032778 -0.001344035 0.006063567)
(1.79506 -0.0001752121 0.001950861)
(2.250242 -5.399706e-05 0.0007171841)
(2.513636 0.0001690159 -0.0001291419)
(2.634422 0.0004669805 -0.0004793951)
(2.639072 0.0008177041 -0.0001156517)
(2.560293 0.002349655 0.001939743)
(2.3011 0.001102813 0.008672388)
(2.522635 0.04104182 0.05706829)
(1.920454 0.1084528 0.1093038)
(1.512552e-05 3.299166e-06 0.00065378)
(1.520769e-05 3.137644e-06 0.0010265)
(1.611692e-05 3.118026e-06 0.0008198573)
(0.0001466878 2.751227e-05 0.001611728)
(0.0001563654 2.814307e-05 0.001149409)
(0.0001596099 2.849686e-05 0.001286089)
(0.0001754194 2.827846e-05 0.001315411)
(0.000182151 2.979936e-05 0.001139091)
(0.002760742 0.0002493956 0.003139162)
(0.002044528 0.0004383141 0.0002637164)
(1.514828e-05 9.203031e-06 0.001011168)
(1.603669e-05 8.854289e-06 0.0008079106)
(0.0001455732 7.884111e-05 0.001587277)
(0.0001540239 8.259463e-05 0.001131108)
(0.0001568961 8.24249e-05 0.001263262)
(0.000160425 8.21382e-05 0.001290549)
(0.0001892604 8.812346e-05 0.001115664)
(0.001669861 0.00076664 0.00306693)
(0.00280602 0.0007315645 0.0002562512)
(0.002070736 0.00128031 0.0009502636)
(1.597683e-05 1.501925e-05 0.0007853189)
(0.0001448404 0.0001331478 0.001544073)
(0.0001528195 0.0001394054 0.001099798)
(0.0001545174 0.0001387922 0.001227657)
(0.0001576435 0.0001386908 0.001252331)
(0.0001731049 0.000147661 0.001081552)
(0.001735054 0.001316771 0.002975121)
(0.001678526 0.001324471 0.0002654158)
(0.002843156 0.001255247 0.0009092687)
(0.002109669 0.002296902 0.0003880986)
(0.0001443002 0.0001737034 0.001468891)
(0.0001520492 0.0001813246 0.001048441)
(0.0001533043 0.0001798843 0.001170065)
(0.00015527 0.0001789745 0.001194098)
(0.000170079 0.000190419 0.001029707)
(0.001588169 0.001666138 0.002856129)
(0.001747366 0.001743076 0.0003478634)
(0.001673663 0.001723526 0.000987154)
(0.002906219 0.001653277 0.000469411)
(0.002161742 0.003047324 0.0003693696)
(0.0001514316 0.0002274195 0.0009658089)
(0.0001524968 0.0002250794 0.001080811)
(0.0001540075 0.0002237121 0.001103554)
(0.0001675044 0.000237337 0.0009518464)
(0.001559693 0.002066126 0.002662544)
(0.001601135 0.002222968 0.0004121602)
(0.001747573 0.002462527 0.001043581)
(0.00166521 0.002678994 0.0005888237)
(0.002951088 0.003290089 0.0003059075)
(0.0001518941 0.0001943171 0.000967202)
(0.000153211 0.0001918492 0.0009972043)
(0.0001661437 0.0002017922 0.0008584111)
(0.001536372 0.001717965 0.002560029)
(0.001572206 0.001842784 0.001085947)
(0.001604047 0.001952537 0.00203836)
(0.001759398 0.002144509 0.003014035)
(0.004999504 0.002587228 0.002176738)
(1.712575 -0.02215891 -0.009403741)
(2.989814 -0.1548631 -0.1434993)
(0.0001525105 0.0001087898 0.0008677046)
(0.0001651932 0.0001116227 0.0007512871)
(0.001522698 0.0009020504 0.00221615)
(0.001547981 0.0008994879 0.0008351191)
(0.001573281 0.0007243457 0.001595808)
(0.001635707 0.0005629679 0.002072967)
(0.008774049 1.324242e-05 0.001507695)
(2.43834 -0.008176792 0.0007155416)
(5.341215 -0.1131904 -0.1095791)
(5.484276 -0.3382489 -0.1965869)
(0.0001644677 7.030209e-05 0.0006590224)
(0.001514117 0.0005511016 0.001938312)
(0.001534205 0.0005480706 0.0006428121)
(0.00154934 0.0004231221 0.001254958)
(0.001614239 0.0003163796 0.001415536)
(0.01046919 -4.732105e-06 0.0009738431)
(3.103075 -0.003462864 -6.177185e-05)
(5.976516 -0.03215259 -0.03708223)
(8.048184 -0.1545437 -0.1349227)
(6.198584 -0.3123237 -0.107483)
(0.001508475 0.0002592675 0.001730084)
(0.001525676 0.0002560344 0.0005206955)
(0.00153556 0.0001848771 0.001044053)
(0.001596031 0.0001266835 0.001120461)
(0.01153885 -3.546308e-06 0.0007697902)
(3.407427 -0.00238141 0.0008087924)
(6.744136 -0.01096665 -0.02024837)
(8.628449 -0.0376393 -0.04969272)
(9.380162 -0.1244285 -0.09012742)
(6.225942 -0.1916592 0.02289998)
(0.001520086 8.175801e-05 0.0004579886)
(0.00152739 5.857374e-05 0.000939123)
(0.001584999 3.996691e-05 0.0009762966)
(0.01201479 -6.646478e-07 0.0006688317)
(3.561307 -0.0004615425 0.001092078)
(7.062296 -0.002506422 -0.01060176)
(9.251969 -0.007133656 -0.02936841)
(9.977318 -0.01768742 -0.03690693)
(9.811544 -0.04610243 -0.008519864)
(6.178139 -0.06677244 0.1426235)
(0.001522736 -5.844881e-05 0.000921991)
(0.001577143 -3.989475e-05 0.0009644279)
(0.0119693 1.985916e-07 0.0006574345)
(3.542912 0.0002590576 0.001203501)
(7.03275 0.00117909 -0.005011814)
(9.305125 0.003808378 -0.01623975)
(10.40805 0.008912226 -0.02431459)
(10.31545 0.01827449 -0.004557899)
(9.783345 0.04636186 0.0762636)
(6.223834 0.07073002 0.2524558)
(0.001570482 -0.0001259819 0.001075654)
(0.01137636 -4.268797e-07 0.0007368842)
(3.341271 0.0002154132 0.00151354)
(6.597459 0.001498668 -0.002045047)
(8.761062 0.005023147 -0.008317816)
(9.948088 0.01186236 -0.01450888)
(10.27219 0.02448057 -0.008543623)
(9.806584 0.04871267 0.02992448)
(9.269187 0.1248147 0.1406558)
(6.143723 0.2128839 0.3573014)
(0.01013998 -7.298394e-06 0.0009159165)
(2.920517 -0.000423361 0.002135736)
(5.678589 0.0003249879 0.0001307818)
(7.498311 0.002544834 -0.002940346)
(8.557567 0.006706765 -0.00664871)
(8.963755 0.01387724 -0.006352909)
(8.83514 0.02812248 0.006932922)
(8.229806 0.05608103 0.04703098)
(7.789204 0.1586255 0.1624071)
(5.251967 0.2956605 0.3737213)
(2.207007 -0.001122471 0.004177116)
(4.150688 -0.0006991153 0.001829884)
(5.391384 0.000303795 0.0002473852)
(6.119658 0.001837583 -0.001485226)
(6.438216 0.00416753 -0.002028617)
(6.410283 0.008136564 0.0008245964)
(6.099054 0.01497821 0.01010152)
(5.409598 0.0372303 0.0354566)
(5.00896 0.1191501 0.1165064)
(2.870385 0.2113392 0.1582771)
(1.791928 -0.0002256045 0.002043062)
(2.244175 -0.0001223235 0.0009596417)
(2.505339 4.795547e-05 0.0003159845)
(2.622977 0.0002457014 -1.102554e-05)
(2.61989 0.0005161633 0.000369136)
(2.505399 0.0009109193 0.001623411)
(2.288848 0.002394642 0.003936092)
(1.807863 0.001836267 0.008227333)
(1.393321 0.02070226 0.01970039)
(1.514927e-05 3.131806e-06 0.001020219)
(1.603581e-05 3.105189e-06 0.0008150211)
(0.0001455412 2.740806e-05 0.001601)
(0.0001539888 2.802789e-05 0.001140616)
(0.0001568706 2.849656e-05 0.001273493)
(0.000160394 2.813014e-05 0.001300446)
(0.0001892703 3.055603e-05 0.001123896)
(0.001669052 0.0002662062 0.003081803)
(0.002783659 0.0002508438 0.0002499813)
(0.002047655 0.0004451024 0.0009297252)
(1.597777e-05 8.823785e-06 0.000802785)
(0.0001448384 7.850972e-05 0.001577703)
(0.0001528177 8.22885e-05 0.001123311)
(0.0001545148 8.207537e-05 0.001253228)
(0.000157661 8.213647e-05 0.001277455)
(0.0001731151 8.76273e-05 0.001102459)
(0.001736352 0.0007855047 0.003024028)
(0.001683588 0.0007830947 0.000252285)
(0.002811309 0.0007323321 0.0009015441)
(0.002073585 0.001295754 0.0003503796)
(0.0001443093 0.0001326358 0.001533481)
(0.0001520485 0.000138807 0.001092779)
(0.0001533032 0.0001382458 0.00121855)
(0.0001552653 0.0001380533 0.001241552)
(0.0001701039 0.0001475838 0.001069715)
(0.001588104 0.001306911 0.002936819)
(0.001749561 0.001358589 0.0002625975)
(0.001681631 0.001341716 0.0008921061)
(0.002847513 0.001286534 0.0003373661)
(0.002093469 0.002363386 0.0002028292)
(0.0001514876 0.000180651 0.001040222)
(0.0001525315 0.0001791142 0.001161858)
(0.0001540436 0.0001782858 0.001184062)
(0.0001675358 0.0001894817 0.001019634)
(0.001560167 0.001663615 0.002820996)
(0.001601548 0.00173038 0.0003426779)
(0.001750446 0.001768691 0.0009767996)
(0.001675564 0.001776385 0.0004716548)
(0.002888257 0.001700419 0.0002534907)
(0.0001519272 0.0002241421 0.001070564)
(0.000153234 0.0002226932 0.00109463)
(0.0001661689 0.0002362899 0.0009421347)
(0.0015364 0.002052902 0.00263182)
(0.001572862 0.00221903 0.0004078586)
(0.001604133 0.002438657 0.001025676)
(0.001749917 0.002754066 0.0005933649)
(0.001654957 0.003504796 0.0003250524)
(0.0001526474 0.0001911047 0.0009853099)
(0.0001653117 0.0002008881 0.0008500861)
(0.001523741 0.001708756 0.002527886)
(0.001549281 0.00183182 0.001074929)
(0.001575002 0.001948153 0.002018157)
(0.001621075 0.002121828 0.002969383)
(0.005084743 0.00267002 0.002237176)
(1.137063 0.00242803 0.004354282)
(2.658015 -0.03892719 -0.05881578)
(3.208875 -0.1534022 -0.1163949)
(0.0001645908 0.0001113419 0.0007399999)
(0.00151502 0.0008980076 0.002190761)
(0.001535288 0.0008965028 0.0008260865)
(0.001550489 0.0007208549 0.001575028)
(0.00160589 0.0005640206 0.002056715)
(0.008354672 1.519475e-05 0.001479591)
(2.381665 -0.001748898 0.002709282)
(4.533875 -0.0283144 -0.03332091)
(6.319156 -0.1493358 -0.1190889)
(5.642901 -0.3336297 -0.09962542)
(0.001509253 0.0005489706 0.00190386)
(0.001526507 0.0005462941 0.000636359)
(0.001536423 0.0004217091 0.001236473)
(0.001591292 0.0003151154 0.001396934)
(0.01033067 8.916792e-07 0.0009623851)
(3.001393 -0.002458743 0.001319182)
(5.903969 -0.01229044 -0.01864115)
(7.59063 -0.04545364 -0.05009671)
(8.59329 -0.163503 -0.09013825)
(6.195518 -0.3082877 0.0146647)
(0.001520541 0.000255657 0.000512916)
(0.001527819 0.0001844132 0.001030774)
(0.001582832 0.0001265082 0.001103985)
(0.01145587 -1.908221e-06 0.0007570838)
(3.37397 -0.001127793 0.001276469)
(6.659464 -0.005863549 -0.009722846)
(8.746535 -0.01878537 -0.03092828)
(9.52704 -0.04514973 -0.04014202)
(9.552776 -0.1258365 -0.01329168)
(6.223888 -0.1969691 0.144022)
(0.001522735 5.844665e-05 0.0009219896)
(0.001577143 3.990359e-05 0.0009644349)
(0.0119693 -1.983144e-07 0.000657439)
(3.542912 -0.0002590133 0.001203502)
(7.03275 -0.001179146 -0.005011823)
(9.305125 -0.00380843 -0.01623975)
(10.40805 -0.008912229 -0.02431459)
(10.31545 -0.01827448 -0.004557893)
(9.783345 -0.04636186 0.0762636)
(6.223834 -0.07073002 0.2524558)
(0.001572656 -3.983315e-05 0.0009488195)
(0.01194123 -1.790318e-07 0.0006491314)
(3.53196 0.000119325 0.001294784)
(7.015623 0.0006448948 -0.002483916)
(9.335899 0.002061284 -0.009001916)
(10.58189 0.004918011 -0.01449875)
(10.86329 0.01009615 -0.006652779)
(10.25727 0.01924022 0.03308437)
(9.517696 0.04565907 0.146522)
(6.177082 0.07178704 0.347253)
(0.01136022 -1.216777e-06 0.0007258836)
(3.333648 -4.029221e-05 0.00157048)
(6.582797 0.0006560111 -0.0006680839)
(8.75994 0.002689075 -0.004286807)
(10.0123 0.00667341 -0.008020926)
(10.44481 0.01336054 -0.005701363)
(10.20449 0.02553307 0.010796)
(9.330436 0.051201 0.0571387)
(8.495385 0.1135317 0.173275)
(5.562387 0.1768842 0.3557044)
(2.916081 -0.0006516415 0.00215433)
(5.666469 -0.0002667053 0.0007964489)
(7.485198 0.001139303 -0.0009631859)
(8.559094 0.003641633 -0.003178118)
(9.003628 0.007743513 -0.003138674)
(8.903137 0.01472131 0.003462804)
(8.355064 0.02636759 0.01831783)
(7.253548 0.05318871 0.05208312)
(6.242505 0.1274557 0.1423139)
(3.14494 0.1695355 0.1565078)
(4.144431 -0.0009970385 0.002095339)
(5.380397 -0.0001977996 0.0009616491)
(6.108208 0.0008628594 -0.0001891806)
(6.428698 0.002278121 -0.0006371325)
(6.397166 0.004465686 0.001000866)
(6.042276 0.008492357 0.005790018)
(5.353991 0.01481467 0.01383974)
(4.138334 0.0327698 0.03033446)
(2.522872 0.06033023 0.04001053)
(2.241018 -0.0001833287 0.001102365)
(2.500146 -2.815774e-05 0.0005519118)
(2.616119 0.000118551 0.0002623132)
(2.608616 0.0002835312 0.0004229721)
(2.482129 0.0005054991 0.001085763)
(2.218122 0.0008940366 0.002434628)
(1.787492 0.001918288 0.003216272)
(0.8824967 -0.0001559659 -0.0005427877)
(1.59772e-05 3.093721e-06 0.0008100385)
(0.0001448061 2.728938e-05 0.001591585)
(0.0001527822 2.792048e-05 0.001133014)
(0.0001544782 2.837114e-05 0.001263751)
(0.0001576326 2.812625e-05 0.001287707)
(0.0001730521 3.037852e-05 0.001111107)
(0.00173356 0.0002725822 0.003040792)
(0.001682785 0.0002682461 0.0002457772)
(0.002788491 0.0002537839 0.0008952603)
(0.002050155 0.0004495129 0.0003296059)
(0.0001443124 7.820804e-05 0.001567716)
(0.0001520454 8.193567e-05 0.001116528)
(0.0001532997 8.175383e-05 0.00124459)
(0.0001552605 8.176798e-05 0.001267305)
(0.0001701187 8.759367e-05 0.001091273)
(0.00158807 0.0007800096 0.002988237)
(0.001750885 0.0008027568 0.0002492113)
(0.001686561 0.000783186 0.0008847874)
(0.002814987 0.0007388373 0.0003222776)
(0.002057097 0.001297479 0.0001851568)
(0.0001514939 0.0001382532 0.001085274)
(0.0001525282 0.0001376309 0.001210773)
(0.0001540401 0.0001374801 0.001232337)
(0.0001675256 0.0001468493 0.001060506)
(0.001560246 0.00130495 0.002904749)
(0.001601466 0.001348883 0.0002590645)
(0.001752486 0.001375704 0.000879763)
(0.001683618 0.001374779 0.0003330512)
(0.002825565 0.001313619 0.0001791582)
(0.0001519756 0.0001783978 0.001152745)
(0.0001532657 0.0001774924 0.001175754)
(0.0001662031 0.0001886773 0.001011061)
(0.001536544 0.00165363 0.002793434)
(0.001573409 0.001728212 0.0003391941)
(0.001604388 0.001754138 0.0009622199)
(0.001752666 0.001823145 0.0004722732)
(0.00166211 0.001828774 0.0002543042)
(0.0001526723 0.0002217019 0.001084251)
(0.0001653318 0.0002351492 0.0009345143)
(0.001523905 0.002041461 0.002605071)
(0.001549475 0.002205201 0.0004034939)
(0.001575603 0.002432319 0.001012869)
(0.001606515 0.002725675 0.0005838131)
(0.001739776 0.003607781 0.000327394)
(0.0001647272 0.0002000037 0.0008399398)
(0.001516038 0.00169958 0.002503883)
(0.0015366 0.001822477 0.001065082)
(0.001551982 0.001934829 0.001996098)
(0.001591548 0.002116 0.002950261)
(0.004782264 0.002640064 0.002203812)
(1.131287 0.0006295931 0.005431944)
(1.957047 -0.0007313111 -0.01000517)
(3.056639 -0.03885536 -0.05741856)
(3.270796 -0.1507106 -0.05853757)
(0.001510173 0.0008938749 0.002158708)
(0.001527571 0.0008928889 0.0008189163)
(0.00153759 0.0007178249 0.001556061)
(0.00158283 0.0005613228 0.002034215)
(0.008226301 2.149559e-05 0.001467195)
(2.284683 -0.001135569 0.003642328)
(4.399851 -0.007409206 -0.01313125)
(5.631732 -0.03216516 -0.03867354)
(6.697944 -0.1549851 -0.07741695)
(5.679231 -0.3305246 0.002163674)
(0.001521438 0.0005446388 0.0006282354)
(0.001528675 0.000420084 0.001222806)
(0.001578091 0.0003140761 0.001379525)
(0.01024178 3.46616e-06 0.0009490824)
(2.964586 -0.0009814586 0.001876194)
(5.782737 -0.006369248 -0.00838207)
(7.610373 -0.01784991 -0.02638261)
(8.397327 -0.04996373 -0.04050671)
(8.750891 -0.1654797 -0.01979649)
(6.183984 -0.3142304 0.137118)
(0.001523177 0.0001839539 0.00101361)
(0.001574967 0.0001262562 0.001091668)
(0.01140665 -5.806251e-07 0.0007454937)
(3.353489 -0.0005815322 0.001420294)
(6.621384 -0.002885603 -0.004449571)
(8.757019 -0.009333002 -0.01607353)
(9.842542 -0.02152853 -0.02487728)
(9.863864 -0.04635925 -0.008013304)
(9.526573 -0.1265454 0.07062847)
(6.23863 -0.2083672 0.2594714)
(0.001572656 3.983168e-05 0.0009488184)
(0.01194123 1.790375e-07 0.0006491361)
(3.53196 -0.0001192986 0.001294793)
(7.015623 -0.0006448463 -0.00248392)
(9.335899 -0.002061349 -0.009001925)
(10.58189 -0.004918051 -0.01449875)
(10.86329 -0.01009616 -0.006652778)
(10.25727 -0.01924022 0.03308438)
(9.517696 -0.04565906 0.146522)
(6.177082 -0.07178703 0.347253)
(0.01192631 -4.831347e-07 0.0006383784)
(3.525086 1.896443e-05 0.001356765)
(7.005084 0.0003136613 -0.00103142)
(9.350241 0.001136387 -0.004890275)
(10.68651 0.002782464 -0.008420478)
(11.11404 0.005600653 -0.004767563)
(10.79021 0.0104244 0.01442875)
(9.777861 0.02009039 0.05878144)
(8.714664 0.04160143 0.1773427)
(5.650485 0.05913708 0.3470645)
(3.329539 -0.0002465135 0.001600291)
(6.573204 0.0001123775 0.0001589684)
(8.75792 0.001360726 -0.001943487)
(10.04665 0.00373145 -0.004302083)
(10.5511 0.007681666 -0.00323226)
(10.37179 0.01409442 0.005877517)
(9.622908 0.02426061 0.02431409)
(8.216561 0.0462719 0.05851421)
(6.642236 0.09366269 0.1606602)
(3.245096 0.09824418 0.1528417)
(5.659789 -0.000748029 0.00122703)
(7.476304 0.0002841572 0.000179155)
(8.558805 0.001900578 -0.001204981)
(9.023077 0.004345582 -0.001361269)
(8.942284 0.008216594 0.002100982)
(8.359102 0.01437653 0.0101873)
(7.265639 0.02385363 0.02104395)
(5.406013 0.0389606 0.03576995)
(3.012386 0.05830119 0.04118154)
(5.374462 -0.0006076193 0.001387383)
(6.100578 0.0002648384 0.0005350509)
(6.422413 0.001209971 0.0001325645)
(6.387969 0.002480508 0.0009238257)
(6.010271 0.004382415 0.003274656)
(5.250037 0.007555647 0.007053345)
(4.01401 0.0113881 0.009249545)
(1.807724 0.010004 0.001299225)
(2.497494 -9.511214e-05 0.0006714887)
(2.611753 3.872199e-05 0.0003886893)
(2.601893 0.0001513168 0.0004275586)
(2.468671 0.0002940866 0.0008111868)
(2.193568 0.0004735191 0.001287953)
(1.71464 0.0006647076 0.001845087)
(0.8867668 0.0009956509 0.0008055581)
(0.0001442819 2.717946e-05 0.00158188)
(0.0001520095 2.779847e-05 0.001126344)
(0.0001532631 2.825559e-05 0.001255331)
(0.0001552212 2.799704e-05 0.001277854)
(0.0001700596 3.036109e-05 0.001100223)
(0.001584882 0.0002706702 0.003006196)
(0.001748047 0.0002749233 0.0002425729)
(0.001685686 0.0002708976 0.0008789417)
(0.002791803 0.0002551037 0.0003138372)
(0.002033589 0.000450835 0.0001763336)
(0.0001514953 8.161004e-05 0.001109452)
(0.0001525235 8.139175e-05 0.001237075)
(0.0001540351 8.14319e-05 0.001258567)
(0.0001675172 8.716982e-05 0.0010826)
(0.001560281 0.0007790142 0.002957953)
(0.001601419 0.0007974253 0.000246139)
(0.001753682 0.0008024378 0.0008729073)
(0.001688508 0.0007901257 0.0003168863)
(0.002792671 0.0007375382 0.0001723137)
(0.0001519767 0.0001370486 0.001202455)
(0.00015326 0.0001368491 0.00122447)
(0.0001661957 0.0001461939 0.001052633)
(0.00153633 0.001297215 0.002879752)
(0.001573466 0.001347165 0.0002563181)
(0.001604093 0.001364797 0.0008681488)
(0.001754582 0.001409703 0.0003295275)
(0.001670151 0.001403017 0.0001764157)
(0.0001527139 0.0001767359 0.001166529)
(0.0001653617 0.000187791 0.001003965)
(0.001524115 0.001644941 0.002769968)
(0.001549676 0.001718268 0.0003358755)
(0.001576034 0.001750901 0.0009512557)
(0.001606552 0.001807549 0.0004652517)
(0.001738845 0.001877377 0.000254755)
(0.0001647417 0.0002340039 0.0009256504)
(0.001516173 0.002030197 0.002584053)
(0.001536938 0.00219332 0.0003996194)
(0.001552069 0.002415443 0.001001595)
(0.001577886 0.002717515 0.0005780729)
(0.001597612 0.003566806 0.0003223143)
(0.001511192 0.001689777 0.002474706)
(0.001528854 0.001812968 0.001056928)
(0.001539103 0.001923177 0.001976372)
(0.00156841 0.002100647 0.002922167)
(0.004701193 0.002631282 0.002189747)
(1.074196 0.0010634 0.005987767)
(1.932098 -0.001251768 -0.004114767)
(2.384142 -0.0001637526 -0.01264831)
(3.21297 -0.03546284 -0.03758739)
(3.285521 -0.1498498 -0.0007602678)
(0.001522556 0.0008893693 0.0008101757)
(0.001529828 0.0007145335 0.001541496)
(0.001569663 0.0005589107 0.002013668)
(0.008142653 2.383532e-05 0.001450937)
(2.251282 8.040806e-07 0.004049891)
(4.265244 -0.003685449 -0.00469407)
(5.590354 -0.01091191 -0.02041062)
(6.196825 -0.03392994 -0.03114101)
(6.809612 -0.1550341 -0.02085087)
(5.661862 -0.3339042 0.1045133)
(0.001524059 0.0004183859 0.001205456)
(0.001570214 0.0003128905 0.001366095)
(0.01018923 5.205613e-06 0.0009369129)
(2.942102 -0.0002961449 0.002012119)
(5.729704 -0.002887253 -0.003097001)
(7.55555 -0.01035839 -0.0149254)
(8.53954 -0.02206625 -0.02321526)
(8.728187 -0.04783417 -0.01212292)
(8.727317 -0.1668561 0.05776855)
(6.146706 -0.3283788 0.2574595)
(0.001570482 0.0001259806 0.001075651)
(0.01137636 4.269005e-07 0.0007368991)
(3.341271 -0.0002153889 0.001513568)
(6.597459 -0.001498628 -0.002045058)
(8.761062 -0.005023208 -0.008317846)
(9.948088 -0.01186239 -0.01450889)
(10.27219 -0.02448057 -0.008543616)
(9.806584 -0.04871269 0.02992448)
(9.269187 -0.1248147 0.1406558)
(6.143723 -0.2128839 0.3573014)
(0.01192631 4.828615e-07 0.0006383776)
(3.525086 -1.895994e-05 0.001356775)
(7.005083 -0.0003135753 -0.001031416)
(9.350241 -0.001136363 -0.004890277)
(10.68651 -0.002782518 -0.008420487)
(11.11404 -0.005600681 -0.004767565)
(10.79021 -0.01042441 0.01442875)
(9.777861 -0.02009038 0.05878144)
(8.714664 -0.04160145 0.1773427)
(5.650485 -0.05913708 0.3470645)
(3.521385 -6.312142e-05 0.001391258)
(6.997943 9.609286e-05 -0.0001353978)
(9.357214 0.0005994461 -0.002430274)
(10.74518 0.001575244 -0.004760509)
(11.26822 0.00322925 -0.002955309)
(11.03479 0.005896656 0.007637343)
(10.16836 0.00971311 0.02848977)
(8.637297 0.01691247 0.05531136)
(6.78322 0.03294232 0.1608373)
(3.275686 0.03247727 0.1521042)
(6.567861 -0.0003331455 0.0007146195)
(8.755369 0.0005469668 -0.0005256208)
(10.06537 0.002037415 -0.002042427)
(10.61142 0.004413164 -0.001682975)
(10.47654 0.008131383 0.003395766)
(9.717968 0.01384908 0.01365983)
(8.3397 0.02141079 0.02563368)
(6.069792 0.03325584 0.03852382)
(3.190571 0.03815577 0.03774487)
(7.471319 -0.0004023106 0.0008872329)
(8.557296 0.0008437293 -4.739718e-05)
(9.033087 0.002404195 -0.00030368)
(8.961887 0.004646982 0.001449311)
(8.366322 0.007971459 0.005778935)
(7.208843 0.01337676 0.01175076)
(5.349706 0.017769 0.01301465)
(2.299472 0.01172912 0.0006303892)
(6.096533 -0.0002188588 0.0009215228)
(6.417733 0.000556379 0.000549364)
(6.382013 0.001366498 0.0008847623)
(5.992686 0.002432011 0.00212623)
(5.206186 0.003703147 0.003636197)
(3.891707 0.005449765 0.004650332)
(1.787346 0.004399212 0.001575527)
(2.609563 -2.941744e-05 0.000421466)
(2.597633 7.118623e-05 0.0003923431)
(2.460782 0.0001613541 0.0005897238)
(2.178008 0.0002700177 0.0008794322)
(1.691482 0.0003589541 0.0009202698)
(0.8416435 0.0002554373 0.000244685)
(0.000151461 2.768455e-05 0.001119469)
(0.0001524865 2.812776e-05 0.001247942)
(0.0001539961 2.787885e-05 0.001269337)
(0.000167447 3.021083e-05 0.001091803)
(0.001557184 0.0002702963 0.002976767)
(0.001598169 0.0002730978 0.000239721)
(0.001750776 0.0002774148 0.0008672865)
(0.001687606 0.0002723319 0.0003081937)
(0.002769394 0.0002553066 0.0001689055)
(0.000151975 8.105037e-05 0.001229235)
(0.0001532538 8.106076e-05 0.001250966)
(0.0001661881 8.67874e-05 0.001075135)
(0.00153617 0.0007745629 0.002934454)
(0.001573481 0.0007965979 0.0002436366)
(0.001603926 0.0007965895 0.0008623401)
(0.001755682 0.0008095351 0.0003130552)
(0.001674919 0.0007886588 0.0001691367)
(0.0001527102 0.0001362398 0.001216055)
(0.000165352 0.0001454929 0.001045912)
(0.001523962 0.001290417 0.00285838)
(0.001549425 0.001339484 0.0002540214)
(0.001575912 0.001362381 0.0008587055)
(0.001606036 0.001398142 0.000325086)
(0.001740546 0.001438826 0.0001744896)
(0.0001647765 0.0001869189 0.0009960844)
(0.001516355 0.001636185 0.002750539)
(0.001537196 0.001709637 0.0003329802)
(0.001552158 0.001739883 0.0009419113)
(0.001578119 0.001803846 0.0004606969)
(0.001594042 0.001860619 0.0002509661)
(0.001511116 0.00201815 0.002559603)
(0.001529157 0.002181458 0.0003964786)
(0.001539402 0.002400712 0.0009916695)
(0.001554321 0.002697814 0.0005719975)
(0.001569085 0.003553892 0.0003192483)
(0.001523883 0.001802943 0.001047316)
(0.001531318 0.001912066 0.001960473)
(0.001555335 0.00208713 0.002897146)
(0.004644952 0.0026107 0.002169094)
(1.05686 0.001174193 0.006141143)
(1.8539 -0.0004174019 -0.0004276703)
(2.375279 -0.001664947 -0.00747346)
(2.59984 -0.0001373341 -0.01109776)
(3.254873 -0.03391489 -0.01572447)
(3.280117 -0.1501573 0.0564354)
(0.001525213 0.0007110623 0.001523563)
(0.001561783 0.000556317 0.001997046)
(0.008093438 2.518503e-05 0.001436277)
(2.230621 0.0004939906 0.004128669)
(4.212639 -0.001281217 -0.0007048679)
(5.485546 -0.005655174 -0.00918627)
(6.225652 -0.01214666 -0.01787367)
(6.42182 -0.03362805 -0.01170831)
(6.794393 -0.156975 0.04051809)
(5.567766 -0.3444079 0.2081393)
(0.00156574 0.0003115905 0.001349091)
(0.01015711 6.405198e-06 0.0009275889)
(2.928758 0.0001349499 0.002093508)
(5.697743 -0.001264497 -0.00102566)
(7.519537 -0.005060592 -0.006527546)
(8.550264 -0.01206931 -0.0132504)
(8.891865 -0.02645718 -0.01017877)
(8.677905 -0.0501108 0.01975695)
(8.499494 -0.1657547 0.1229019)
(5.998577 -0.3306933 0.3556047)
(0.01136022 1.216546e-06 0.0007258813)
(3.333648 4.030139e-05 0.001570513)
(6.582797 -0.0006559361 -0.00066807)
(8.75994 -0.002689057 -0.004286812)
(10.0123 -0.006673461 -0.008020955)
(10.44481 -0.01336057 -0.005701371)
(10.20449 -0.02553308 0.01079601)
(9.330436 -0.05120099 0.05713869)
(8.495385 -0.1135317 0.173275)
(5.562387 -0.1768841 0.3557044)
(3.521385 6.309472e-05 0.001391256)
(6.997943 -9.605859e-05 -0.00013539)
(9.357214 -0.0005993766 -0.00243027)
(10.74518 -0.001575234 -0.00476051)
(11.26822 -0.003229288 -0.002955317)
(11.03479 -0.005896682 0.007637341)
(10.16836 -0.009713128 0.02848977)
(8.637297 -0.01691249 0.05531137)
(6.78322 -0.03294232 0.1608373)
(3.275686 -0.03247725 0.1521042)
(6.993933 -8.375507e-05 0.0004840192)
(9.359967 0.0002676551 -0.0008996424)
(10.77834 0.000875828 -0.002451248)
(11.35819 0.001867255 -0.001701798)
(11.18708 0.003422193 0.004325779)
(10.33106 0.005757859 0.0156427)
(8.788561 0.008987772 0.03001776)
(6.35367 0.01212029 0.03733894)
(3.244697 0.01255154 0.03445851)
(8.753802 -0.0001028649 0.000399294)
(10.07497 0.001005704 -0.000636434)
(10.6458 0.002500199 -0.0006367741)
(10.53673 0.00469354 0.002073971)
(9.78013 0.007866763 0.00786131)
(8.3418 0.01206227 0.01395537)
(6.082912 0.01492498 0.01417169)
(2.552269 0.01005109 0.0008655751)
(8.556481 1.308199e-05 0.0006168234)
(9.03764 0.001225117 0.0003366629)
(8.97227 0.00261564 0.001176176)
(8.369077 0.004468154 0.003455099)
(7.177429 0.006682425 0.006085393)
(5.245327 0.008810937 0.006756055)
(2.286971 0.006304377 0.00207717)
(6.415324 4.080545e-05 0.0006980805)
(6.37763 0.0006986129 0.0008352367)
(5.982319 0.001348227 0.001462355)
(5.179986 0.002066736 0.002253556)
(3.846754 0.002515885 0.002273036)
(1.714359 0.002143217 0.0005853761)
(2.595493 4.310571e-06 0.0003146804)
(2.455882 8.520339e-05 0.0004224589)
(2.168879 0.0001479643 0.0005748225)
(1.676456 0.0002073732 0.0005861687)
(0.8283991 0.0001554432 0.0001634533)
(0.000151939 2.800589e-05 0.001240324)
(0.0001532143 2.774982e-05 0.001261864)
(0.0001661191 3.007496e-05 0.001084526)
(0.001533019 0.0002687443 0.002953995)
(0.001570321 0.0002728079 0.0002373321)
(0.001600614 0.0002753973 0.0008572314)
(0.00175273 0.0002789119 0.0003042152)
(0.001674017 0.0002724262 0.0001656836)
(0.0001527058 8.070451e-05 0.001243035)
(0.000165343 8.637576e-05 0.001068641)
(0.001523833 0.0007706315 0.002914225)
(0.001549239 0.0007922302 0.0002416228)
(0.001575822 0.0007954302 0.0008535402)
(0.001605762 0.0008034895 0.0003091835)
(0.001741511 0.0008079941 0.0001670914)
(0.0001647654 0.0001447987 0.001038722)
(0.001516182 0.001283569 0.002840136)
(0.001537001 0.00133271 0.0002520359)
(0.001551731 0.00135398 0.0008511543)
(0.001577796 0.001395433 0.0003216418)
(0.001593207 0.001426572 0.0001721363)
(0.001511214 0.001626999 0.002728951)
(0.001529384 0.001700783 0.0003305736)
(0.00153957 0.001730253 0.00093385)
(0.001554205 0.001792174 0.0004562269)
(0.001565782 0.001856378 0.0002485256)
(0.001523977 0.00216889 0.0003927941)
(0.001531587 0.002386699 0.000983752)
(0.001541609 0.00268055 0.0005665957)
(0.001545672 0.003526379 0.0003159508)
(0.001526688 0.00189986 0.001941596)
(0.001547482 0.002074542 0.002875991)
(0.004612084 0.002592253 0.002150764)
(1.045534 0.001258759 0.006131006)
(1.827538 -0.0001396767 0.001104444)
(2.30324 -0.0006150697 -0.002594567)
(2.60638 -0.001831202 -0.007038256)
(2.691484 -0.00015432 -0.006146113)
(3.24898 -0.0348133 0.007607783)
(3.247738 -0.1510735 0.1151729)
(0.001557309 0.0005535007 0.00197687)
(0.008063611 2.599232e-05 0.00142442)
(2.218423 0.0007879576 0.004171393)
(4.181027 -0.0002540391 0.0006457647)
(5.437656 -0.002537088 -0.003275966)
(6.171505 -0.006928549 -0.009464536)
(6.486329 -0.01325716 -0.01004101)
(6.387074 -0.03513952 0.010615)
(6.646481 -0.1588224 0.09677785)
(5.2546 -0.3629441 0.3155063)
(0.01013998 7.298237e-06 0.000915913)
(2.920518 0.0004233833 0.0021358)
(5.678589 -0.0003249302 0.000130812)
(7.498311 -0.002544827 -0.00294035)
(8.557567 -0.006706805 -0.006648755)
(8.963755 -0.01387726 -0.006352927)
(8.83514 -0.0281225 0.006932916)
(8.229806 -0.05608105 0.04703095)
(7.789204 -0.1586255 0.1624071)
(5.251967 -0.2956605 0.3737213)
(3.329539 0.00024649 0.001600284)
(6.573204 -0.0001123419 0.0001589932)
(8.75792 -0.001360666 -0.001943473)
(10.04665 -0.003731446 -0.004302083)
(10.5511 -0.007681701 -0.003232285)
(10.37179 -0.01409445 0.005877509)
(9.622908 -0.02426062 0.02431408)
(8.216561 -0.04627188 0.05851421)
(6.642236 -0.0936627 0.1606602)
(3.245096 -0.09824418 0.1528417)
(6.993933 8.37304e-05 0.0004840196)
(9.359967 -0.0002676051 -0.000899635)
(10.77834 -0.000875784 -0.002451244)
(11.35819 -0.001867249 -0.001701799)
(11.18708 -0.003422218 0.004325772)
(10.33106 -0.005757882 0.0156427)
(8.788561 -0.008987765 0.03001775)
(6.35367 -0.01212029 0.03733894)
(3.244697 -0.01255154 0.03445851)
(9.361357 2.143032e-06 0.0001350851)
(10.79658 0.0004487237 -0.0009623323)
(11.41059 0.00106746 -0.000762898)
(11.27683 0.001984855 0.002535187)
(10.43387 0.003301369 0.009050214)
(8.850448 0.005086851 0.01571934)
(6.407923 0.00605855 0.01485637)
(2.665126 0.003682611 0.0004536524)
(10.08028 0.0002064871 0.0002424242)
(10.66486 0.001331935 7.092071e-05)
(10.57144 0.002684103 0.001451996)
(9.815295 0.004474518 0.004618797)
(8.348105 0.006554712 0.007918786)
(6.024771 0.008301645 0.008146833)
(2.553827 0.005076257 0.002161433)
(9.040177 0.0003213149 0.0006187577)
(8.9772 0.001400005 0.001049033)
(8.370168 0.002507412 0.002219241)
(7.159743 0.003690515 0.003546084)
(5.201182 0.004250392 0.003457117)
(2.215963 0.003184585 0.000812338)
(6.375388 0.0001898885 0.0006660481)
(5.975499 0.000719675 0.001047342)
(5.164625 0.001146294 0.001433601)
(3.819419 0.001428646 0.001376)
(1.691122 0.0009859927 0.0003447534)
(2.453372 2.171624e-05 0.0002630329)
(2.163295 8.347772e-05 0.0003695682)
(1.667648 0.0001148315 0.0003610411)
(0.8195418 9.238799e-05 9.785251e-05)
(0.0001526667 2.7625e-05 0.001254159)
(0.0001652736 2.993031e-05 0.001078141)
(0.001520722 0.0002673695 0.002934315)
(0.001546021 0.0002713059 0.0002354539)
(0.001572606 0.0002749792 0.0008487463)
(0.001602398 0.0002768401 0.0003006235)
(0.001738563 0.0002789731 0.000163598)
(0.0001647564 8.597124e-05 0.001061864)
(0.001516039 0.0007666216 0.002896633)
(0.001536839 0.0007883525 0.0002398843)
(0.001551444 0.0007907503 0.0008466198)
(0.001577603 0.0008022309 0.0003060428)
(0.001592804 0.0008018086 0.0001650219)
(0.001510949 0.001276421 0.002820615)
(0.001529167 0.0013258 0.0002503576)
(0.001539217 0.001346593 0.0008446656)
(0.001553571 0.001386624 0.0003187668)
(0.001565163 0.001423538 0.000170307)
(0.001524147 0.001691616 0.0003278395)
(0.001531728 0.001720745 0.000927176)
(0.00154158 0.001781948 0.0004523263)
(0.001542049 0.001843986 0.0002461241)
(0.001526582 0.002371389 0.0009744949)
(0.001533782 0.002664414 0.0005621922)
(0.001533007 0.003502139 0.0003130084)
(0.001543014 0.002060512 0.002851249)
(0.004592396 0.002575609 0.002135204)
(1.038884 0.001302533 0.006119747)
(1.810869 2.567949e-05 0.001525327)
(2.27671 -0.0002491266 -0.0003857748)
(2.551843 -0.0006635407 -0.002894557)
(2.70128 -0.001954908 -0.004774724)
(2.678189 -0.0004314843 0.0002834504)
(3.192247 -0.03860441 0.03283944)
(3.146663 -0.1549706 0.1800447)
(0.008047846 2.652038e-05 0.001410142)
(2.210972 0.0009760885 0.004183185)
(4.162299 0.000334097 0.001408585)
(5.40869 -0.001119414 -0.001025585)
(6.13852 -0.003550837 -0.003814121)
(6.451381 -0.007571845 -0.004955092)
(6.44683 -0.01441827 0.001151187)
(6.08352 -0.038134 0.0302128)
(6.243265 -0.143086 0.1258716)
(4.650144 -0.3344817 0.3432321)
(2.916081 0.0006516245 0.002154318)
(5.666469 0.0002667481 0.0007964944)
(7.485197 -0.001139259 -0.0009631551)
(8.559094 -0.003641637 -0.003178116)
(9.003627 -0.007743539 -0.003138709)
(8.903137 -0.01472133 0.003462789)
(8.355064 -0.02636761 0.01831784)
(7.253548 -0.05318873 0.05208314)
(6.242505 -0.1274557 0.1423139)
(3.14494 -0.1695355 0.1565078)
(6.567861 0.0003331253 0.0007146205)
(8.755369 -0.0005469182 -0.000525599)
(10.06537 -0.002037379 -0.002042414)
(10.61142 -0.004413163 -0.001682977)
(10.47654 -0.008131406 0.003395749)
(9.717968 -0.0138491 0.01365982)
(8.3397 -0.02141081 0.02563368)
(6.069792 -0.03325583 0.03852381)
(3.190571 -0.03815576 0.03774487)
(9.361357 -2.165688e-06 0.0001350863)
(10.79658 -0.0004486737 -0.0009623264)
(11.41059 -0.001067435 -0.0007628943)
(11.27683 -0.001984846 0.002535186)
(10.43387 -0.003301386 0.009050209)
(8.850448 -0.005086868 0.01571934)
(6.407923 -0.006058565 0.01485636)
(2.665126 -0.003682609 0.0004536528)
(10.8068 0.0001187836 1.908956e-05)
(11.44059 0.0005790317 -7.518176e-05)
(11.32956 0.001141628 0.001654216)
(10.49345 0.00188512 0.005307525)
(8.88731 0.002762224 0.008892595)
(6.367898 0.003164027 0.008513105)
(2.671683 0.0019482 0.00216347)
(10.67556 0.0004508077 0.0004449731)
(10.5909 0.001471461 0.001165661)
(9.835446 0.002538807 0.002853014)
(8.350576 0.003646859 0.004584754)
(5.991933 0.004135139 0.004374672)
(2.498441 0.002765236 0.0008670493)
(8.979999 0.0004998692 0.0008083299)
(8.369813 0.001367542 0.001521681)
(7.149336 0.002057373 0.002169669)
(5.174865 0.002412766 0.002027136)
(2.191233 0.001504104 0.0004570772)
(5.971901 0.0002560255 0.0006466226)
(5.155001 0.0006271275 0.0009327239)
(3.80341 0.0007973349 0.0008425565)
(1.676058 0.0005923339 0.0002075644)
(2.160394 2.858126e-05 0.0001978814)
(1.662322 6.852546e-05 0.0002192657)
(0.8143627 5.203175e-05 5.729861e-05)
(0.0001646866 2.978733e-05 0.001071557)
(0.001512936 0.0002659726 0.00291705)
(0.001533659 0.0002699677 0.0002338315)
(0.001548174 0.0002733587 0.0008421385)
(0.001574337 0.0002763985 0.0002976301)
(0.00158944 0.0002768494 0.0001616631)
(0.001510764 0.0007624804 0.002878273)
(0.001528991 0.000784346 0.0002383865)
(0.001538965 0.0007866193 0.0008406573)
(0.001553181 0.0007974277 0.0003035186)
(0.001564846 0.0008004583 0.0001633473)
(0.001523852 0.001318669 0.000248524)
(0.001531355 0.001339263 0.0008391567)
(0.001541029 0.001378874 0.0003162839)
(0.001541114 0.001414313 0.0001687913)
(0.0015266 0.001710631 0.0009196734)
(0.001533727 0.001771968 0.0004490726)
(0.0015295 0.0018331 0.0002440306)
(0.00152884 0.002646595 0.0005570215)
(0.001525228 0.00348006 0.0003105993)
(0.004582173 0.002556591 0.002117082)
(1.03487 0.001325303 0.006096704)
(1.801048 0.000120183 0.001803881)
(2.260076 -5.953983e-05 0.0002724729)
(2.527665 -0.0003574125 -0.0008215355)
(2.653842 -0.0007167855 -0.001763159)
(2.686798 -0.002157521 -0.001381476)
(2.557466 -0.001082106 0.006399175)
(3.012279 -0.04219002 0.05349238)
(2.871 -0.1570543 0.2161333)
(2.207007 0.001122458 0.004177099)
(4.150688 0.0006991579 0.001829958)
(5.391384 -0.0003037728 0.0002474251)
(6.119658 -0.001837581 -0.001485224)
(6.438215 -0.004167543 -0.002028647)
(6.410283 -0.008136578 0.0008245752)
(6.099054 -0.01497822 0.01010148)
(5.409598 -0.03723029 0.03545659)
(5.00896 -0.11915 0.1165064)
(2.870385 -0.2113392 0.1582771)
(5.659789 0.0007480144 0.00122703)
(7.476304 -0.0002841117 0.0001791932)
(8.558805 -0.001900553 -0.001204952)
(9.023076 -0.004345587 -0.001361268)
(8.942284 -0.008216613 0.002100958)
(8.359102 -0.01437655 0.01018729)
(7.265639 -0.02385362 0.02104393)
(5.406013 -0.0389606 0.03576995)
(3.012386 -0.05830119 0.04118153)
(8.753802 0.0001028473 0.0003992966)
(10.07497 -0.001005657 -0.000636416)
(10.6458 -0.002500179 -0.0006367613)
(10.53673 -0.004693535 0.002073966)
(9.78013 -0.007866781 0.007861301)
(8.3418 -0.01206229 0.01395536)
(6.082912 -0.01492497 0.01417169)
(2.552269 -0.01005109 0.0008655778)
(10.8068 -0.0001187984 1.908984e-05)
(11.44059 -0.0005789896 -7.517633e-05)
(11.32956 -0.001141611 0.001654219)
(10.49345 -0.001885103 0.005307523)
(8.88731 -0.002762237 0.008892594)
(6.367898 -0.003164043 0.008513104)
(2.671683 -0.001948215 0.002163473)
(11.4576 0.0002131214 0.0003301496)
(11.35996 0.0006324509 0.001233946)
(10.52815 0.001073795 0.003228805)
(8.9063 0.00152942 0.005152097)
(6.353601 0.001738422 0.004821298)
(2.623046 0.001013429 0.0008560217)
(10.6019 0.0005881139 0.0008479744)
(9.846364 0.001402779 0.001865149)
(8.351655 0.002044105 0.002750618)
(5.974117 0.002324087 0.002521806)
(2.474913 0.001394468 0.0005156378)
(8.36969 0.0005498132 0.0009075758)
(7.142402 0.001132196 0.001378541)
(5.159475 0.001353059 0.001216682)
(2.175592 0.0009191102 0.0002714103)
(5.149864 0.0002522068 0.0005056543)
(3.793593 0.0004457395 0.0005230199)
(1.667234 0.0003346346 0.0001232652)
(1.659556 2.604538e-05 0.0001056087)
(0.8112652 3.282495e-05 3.437938e-05)
(0.001507648 0.0002645297 0.002899248)
(0.001525821 0.0002685892 0.0002324199)
(0.001535737 0.0002719247 0.000836431)
(0.001549861 0.0002747444 0.0002952787)
(0.001561582 0.000276373 0.0001600628)
(0.001523644 0.0007802579 0.0002367973)
(0.001531088 0.000782451 0.0008354955)
(0.001540676 0.0007931892 0.0003013413)
(0.001540602 0.0007955773 0.0001620063)
(0.001526103 0.001331527 0.0008332039)
(0.001533156 0.001371253 0.0003141833)
(0.001528658 0.001406196 0.0001674842)
(0.001528635 0.001761267 0.0004453723)
(0.001521707 0.001822609 0.0002422813)
(0.001520404 0.00345529 0.0003077695)
(1.032778 0.001344033 0.006063555)
(1.79506 0.0001752229 0.001950923)
(2.250242 5.40014e-05 0.000717223)
(2.513636 -0.0001690216 -0.0001291205)
(2.634422 -0.0004669821 -0.0004794113)
(2.639072 -0.0008177019 -0.0001156707)
(2.560293 -0.002349647 0.001939757)
(2.3011 -0.001102827 0.008672383)
(2.522635 -0.04104181 0.05706829)
(1.920454 -0.1084528 0.1093038)
(4.144431 0.0009970289 0.002095334)
(5.380398 0.0001978354 0.0009616989)
(6.108208 -0.0008628466 -0.0001891471)
(6.428698 -0.002278117 -0.0006371258)
(6.397166 -0.004465692 0.001000849)
(6.042276 -0.008492362 0.005790009)
(5.353991 -0.01481467 0.01383973)
(4.138334 -0.0327698 0.03033446)
(2.522872 -0.06033024 0.0400105)
(7.471319 0.0004022975 0.000887237)
(8.557296 -0.00084369 -4.73682e-05)
(9.033087 -0.002404182 -0.0003036539)
(8.961887 -0.004646983 0.001449308)
(8.366322 -0.007971474 0.005778922)
(7.208843 -0.01337677 0.01175074)
(5.349706 -0.01776901 0.01301464)
(2.299472 -0.01172912 0.0006303868)
(10.08028 -0.0002065001 0.0002424251)
(10.66486 -0.001331897 7.093572e-05)
(10.57144 -0.002684089 0.001452007)
(9.815295 -0.004474505 0.004618791)
(8.348105 -0.006554726 0.007918784)
(6.024771 -0.008301661 0.008146834)
(2.553827 -0.005076273 0.002161437)
(11.4576 -0.0002131356 0.0003301499)
(11.35996 -0.0006324175 0.00123395)
(10.52815 -0.00107378 0.003228808)
(8.9063 -0.001529395 0.005152096)
(6.353601 -0.001738436 0.004821297)
(2.623046 -0.001013432 0.0008560197)
(11.3773 0.0002642876 0.0008559941)
(10.54779 0.0005970471 0.002054448)
(8.916748 0.0008572915 0.003072044)
(6.344183 0.0009651593 0.002776043)
(2.603653 0.0005805946 0.0005721202)
(9.852533 0.0006063245 0.001070408)
(8.351394 0.001130686 0.001699225)
(5.963757 0.001304267 0.001493104)
(2.461371 0.0008457082 0.0003117347)
(7.138641 0.0004888268 0.0007360372)
(5.149862 0.0007511173 0.0007449071)
(2.166437 0.0005201816 0.0001598473)
(3.788405 0.0001901001 0.000258629)
(1.661903 0.0001908719 7.667242e-05)
(0.8096708 1.316568e-05 1.30453e-05)
(0.001520465 0.000267181 0.0002309467)
(0.00152787 0.0002704807 0.000831443)
(0.0015374 0.0002732815 0.0002932487)
(0.001537284 0.0002746897 0.0001588042)
(0.001525782 0.0007781098 0.0008300653)
(0.001532789 0.0007889396 0.000299464)
(0.001528185 0.0007912729 0.0001608503)
(0.001527919 0.001363158 0.0003118898)
(0.001520845 0.001398291 0.0001663767)
(0.001516705 0.001811263 0.0002402939)
(1.791928 0.0002256014 0.002043061)
(2.244175 0.0001223319 0.0009596677)
(2.505339 -4.795264e-05 0.000316018)
(2.622977 -0.0002457043 -1.101003e-05)
(2.61989 -0.0005161676 0.000369125)
(2.505399 -0.0009109176 0.001623397)
(2.288848 -0.002394635 0.003936095)
(1.807863 -0.001836283 0.008227331)
(1.393321 -0.02070227 0.01970038)
(5.374462 0.000607612 0.00138738)
(6.100579 -0.000264813 0.0005350817)
(6.422413 -0.001209965 0.0001325923)
(6.387969 -0.002480501 0.0009238343)
(6.010271 -0.004382419 0.00327465)
(5.250037 -0.007555653 0.007053333)
(4.01401 -0.0113881 0.009249548)
(1.807724 -0.01000399 0.001299232)
(8.556481 -1.308935e-05 0.0006168226)
(9.03764 -0.001225087 0.0003366842)
(8.972269 -0.002615631 0.001176198)
(8.369077 -0.004468148 0.003455093)
(7.177429 -0.00668244 0.006085392)
(5.245327 -0.008810944 0.00675605)
(2.286971 -0.006304383 0.002077163)
(10.67556 -0.0004508198 0.0004449721)
(10.5909 -0.001471431 0.001165674)
(9.835446 -0.002538794 0.002853023)
(8.350576 -0.003646837 0.00458475)
(5.991933 -0.004135153 0.00437467)
(2.498441 -0.002765239 0.0008670452)
(11.3773 -0.000264305 0.0008559944)
(10.54779 -0.0005970211 0.002054452)
(8.916748 -0.000857278 0.003072046)
(6.344183 -0.0009651379 0.002776043)
(2.603653 -0.0005805918 0.0005721226)
(10.55896 0.0002651507 0.001146519)
(8.921972 0.0004754099 0.001868129)
(6.338382 0.0005394375 0.001636823)
(2.592365 0.0003436809 0.0003300444)
(8.351313 0.0005078276 0.0008831384)
(5.957032 0.0007226458 0.0008938171)
(2.453483 0.0004783899 0.0001834555)
(5.144744 0.000332383 0.0003646059)
(2.160852 0.0002897338 9.744581e-05)
(1.659139 8.41341e-05 3.194304e-05)
(0.001522546 0.0002689776 0.000826268)
(0.001529522 0.0002718161 0.0002914812)
(0.001524913 0.0002732026 0.0001577177)
(0.00152749 0.0007844916 0.0002974731)
(0.001520359 0.0007869848 0.0001598518)
(0.001515673 0.001389835 0.0001651706)
(2.241018 0.0001833251 0.001102373)
(2.500146 2.816248e-05 0.0005519196)
(2.616119 -0.0001185503 0.0002623432)
(2.608616 -0.0002835336 0.0004229779)
(2.482129 -0.0005055064 0.001085759)
(2.218122 -0.0008940361 0.002434618)
(1.787492 -0.00191828 0.003216267)
(0.8824967 0.0001559533 -0.000542787)
(6.096533 0.0002188554 0.0009215156)
(6.417733 -0.0005563635 0.0005493803)
(6.382013 -0.001366493 0.0008847847)
(5.992686 -0.002432003 0.002126239)
(5.206186 -0.003703152 0.003636199)
(3.891707 -0.005449768 0.00465033)
(1.787346 -0.004399206 0.001575521)
(9.040177 -0.0003213225 0.0006187553)
(8.9772 -0.001399984 0.001049049)
(8.370168 -0.002507404 0.002219257)
(7.159743 -0.003690501 0.00354608)
(5.201182 -0.004250402 0.003457118)
(2.215963 -0.003184586 0.0008123375)
(10.6019 -0.0005881283 0.0008479738)
(9.846364 -0.001402757 0.001865159)
(8.351655 -0.002044093 0.002750624)
(5.974117 -0.002324067 0.002521807)
(2.474913 -0.001394468 0.0005156434)
(10.55896 -0.000265168 0.00114652)
(8.921972 -0.0004753898 0.001868132)
(6.338382 -0.000539423 0.001636824)
(2.592365 -0.000343663 0.0003300458)
(8.924994 0.0002169823 0.0009509565)
(6.334275 0.000298628 0.0009665214)
(2.585724 0.0001934518 0.0001929901)
(5.953509 0.0003255779 0.0004251434)
(2.448619 0.0002633552 0.0001078312)
(2.157961 0.0001284465 4.071046e-05)
(0.001524202 0.0002702837 0.0002896372)
(0.001517095 0.0002717219 0.0001567699)
(0.001515118 0.0007824735 0.0001587954)
(2.497494 9.510954e-05 0.0006714972)
(2.611753 -3.872001e-05 0.0003886869)
(2.601893 -0.0001513182 0.0004275856)
(2.468671 -0.0002940909 0.0008111827)
(2.193568 -0.0004735258 0.001287954)
(1.71464 -0.0006647068 0.001845085)
(0.8867668 -0.000995652 0.0008055598)
(6.415324 -4.080624e-05 0.0006980697)
(6.37763 -0.0006986046 0.0008352429)
(5.982319 -0.001348221 0.001462371)
(5.179986 -0.002066728 0.002253567)
(3.846754 -0.002515886 0.002273036)
(1.714359 -0.002143217 0.0005853765)
(8.979999 -0.00049988 0.0008083309)
(8.369813 -0.001367526 0.001521691)
(7.149336 -0.002057364 0.002169678)
(5.174865 -0.002412753 0.002027142)
(2.191233 -0.001504105 0.000457084)
(9.852533 -0.0006063429 0.001070411)
(8.351394 -0.001130669 0.001699233)
(5.963757 -0.001304254 0.001493106)
(2.461371 -0.0008456905 0.0003117381)
(8.924994 -0.0002170014 0.0009509576)
(6.334275 -0.0002986084 0.0009665229)
(2.585724 -0.0001934622 0.0001929908)
(6.332236 0.0001353053 0.0004487198)
(2.581573 0.0001059733 0.0001106792)
(2.44614 0.0001164389 4.282724e-05)
(0.001511829 0.0002701661 0.0001557828)
(2.609563 2.941588e-05 0.0004214739)
(2.597633 -7.118546e-05 0.0003923365)
(2.460782 -0.0001613563 0.0005897457)
(2.178008 -0.0002700235 0.0008794236)
(1.691482 -0.0003589581 0.000920273)
(0.8416435 -0.0002554379 0.0002446871)
(6.375388 -0.00018989 0.0006660373)
(5.975499 -0.0007196718 0.001047343)
(5.164625 -0.001146285 0.00143361)
(3.819419 -0.001428641 0.00137602)
(1.691122 -0.0009859952 0.000344758)
(8.36969 -0.0005498186 0.0009075704)
(7.142402 -0.001132187 0.001378549)
(5.159475 -0.001353047 0.001216684)
(2.175592 -0.0009190958 0.0002714129)
(8.351313 -0.000507846 0.0008831406)
(5.957032 -0.0007226301 0.0008938209)
(2.453483 -0.0004783986 0.0001834565)
(6.332236 -0.0001353121 0.00044872)
(2.581573 -0.0001059583 0.0001106796)
(2.579505 4.660473e-05 4.134741e-05)
(2.595493 -4.311603e-06 0.0003146864)
(2.455882 -8.520331e-05 0.0004224526)
(2.168879 -0.0001479663 0.0005748364)
(1.676456 -0.0002073781 0.000586171)
(0.8283991 -0.0001554422 0.000163454)
(5.971901 -0.0002560271 0.0006466156)
(5.155001 -0.0006271282 0.0009327233)
(3.80341 -0.000797321 0.0008425563)
(1.676058 -0.0005923322 0.0002075634)
(7.138641 -0.0004888421 0.0007360387)
(5.149862 -0.0007511103 0.0007449109)
(2.166437 -0.0005201863 0.0001598481)
(5.953509 -0.0003255852 0.0004251414)
(2.448619 -0.0002633441 0.0001078332)
(2.579505 -4.662871e-05 4.134681e-05)
(2.453372 -2.171702e-05 0.0002630369)
(2.163295 -8.347835e-05 0.0003695653)
(1.667648 -0.0001148323 0.000361047)
(0.8195418 -9.238491e-05 9.784598e-05)
(5.149864 -0.0002522074 0.0005056453)
(3.793593 -0.0004457386 0.0005230167)
(1.667234 -0.0003346346 0.0001232644)
(5.144744 -0.000332388 0.0003646005)
(2.160852 -0.0002897284 9.744965e-05)
(2.44614 -0.0001164603 4.2825e-05)
(2.160394 -2.858276e-05 0.0001978819)
(1.662322 -6.852656e-05 0.0002192634)
(0.8143627 -5.203065e-05 5.729765e-05)
(3.788405 -0.0001900923 0.0002586165)
(1.661903 -0.0001908697 7.667663e-05)
(2.157961 -0.000128462 4.070729e-05)
(1.659556 -2.605019e-05 0.0001056051)
(0.8112652 -3.282474e-05 3.438162e-05)
(1.659139 -8.413848e-05 3.194249e-05)
(0.8096708 -1.316888e-05 1.304555e-05)
)
;

boundaryField
{
    anodeSides
    {
        type            fixedValue;
        value           uniform (0 0 0);
    }
    fuelInlet
    {
        type            fixedValue;
        value           uniform (5.82 0 0);
    }
    fuelOutlet
    {
        type            inletOutlet;
        inletValue      nonuniform List<vector> 0();
        value           nonuniform List<vector> 0();
    }
    fuel_to_electrolyte
    {
        type            fixedValue;
        value           uniform (0 0 0);
    }
    fuel_to_interconnect
    {
        type            fixedValue;
        value           uniform (0 0 0);
    }
    procBoundary0to1
    {
        type            processor;
        value           nonuniform List<vector> 
400
(
(1.490754e-05 -3.39398e-06 0.0001657844)
(1.490543e-05 -1.005883e-05 0.0001643997)
(1.509977e-05 -3.403468e-06 0.0004699941)
(1.489936e-05 -1.772905e-05 0.0001610754)
(1.509788e-05 -9.997238e-06 0.0004658782)
(1.511649e-05 -3.303163e-06 0.000649216)
(1.488975e-05 -2.488365e-05 0.0001548358)
(1.509224e-05 -1.757024e-05 0.0004559758)
(1.511511e-05 -9.630687e-06 0.0006433289)
(1.513896e-05 -3.131685e-06 0.001013083)
(1.487159e-05 -3.265016e-05 0.0001447063)
(1.508328e-05 -2.454317e-05 0.0004373423)
(1.511056e-05 -1.682229e-05 0.000629162)
(1.513817e-05 -9.209131e-06 0.001003694)
(1.596367e-05 -3.083741e-06 0.00080437)
(1.485003e-05 -3.132379e-05 0.0001313299)
(1.506603e-05 -3.212197e-05 0.0004069753)
(1.510329e-05 -2.325422e-05 0.0006024841)
(1.513489e-05 -1.596262e-05 0.000981111)
(1.596428e-05 -8.799568e-06 0.0007968448)
(0.0001441553 -2.707583e-05 0.001570829)
(1.481787e-05 -2.22062e-05 0.0001178575)
(1.504568e-05 -3.064541e-05 0.000366753)
(1.508848e-05 -3.025967e-05 0.0005589251)
(1.51296e-05 -2.177218e-05 0.0009385914)
(1.596353e-05 -1.498112e-05 0.0007787745)
(0.0001441859 -7.793844e-05 0.001556129)
(0.0001513266 -2.757528e-05 0.001111638)
(1.47899e-05 -1.548536e-05 0.0001069463)
(1.501461e-05 -2.151186e-05 0.0003261732)
(1.507134e-05 -2.850882e-05 0.0005011131)
(1.511762e-05 -2.811673e-05 0.0008690038)
(1.596218e-05 -1.977611e-05 0.0007447187)
(0.0001441837 -0.0001321934 0.001520705)
(0.0001513608 -8.130967e-05 0.001101241)
(0.0001518017 -2.788408e-05 0.001231646)
(1.476846e-05 -8.655794e-06 9.953482e-05)
(1.498756e-05 -1.49483e-05 0.0002933145)
(1.504351e-05 -1.956715e-05 0.0004427617)
(1.510422e-05 -2.604873e-05 0.0007763868)
(1.595572e-05 -2.504095e-05 0.0006888855)
(0.0001441786 -0.0001732607 0.001453987)
(0.0001513602 -0.0001377553 0.001076218)
(0.0001518375 -8.072045e-05 0.001220134)
(0.0001525266 -2.749671e-05 0.001245381)
(1.475835e-05 -2.840731e-06 9.585608e-05)
(1.496677e-05 -8.321673e-06 0.0002709973)
(1.501919e-05 -1.34864e-05 0.0003955221)
(1.508017e-05 -1.732738e-05 0.0006828155)
(1.594972e-05 -2.218362e-05 0.0006143133)
(0.0001441305 -0.0002183499 0.001344244)
(0.0001513573 -0.000180131 0.001029654)
(0.0001518395 -0.0001364939 0.001192416)
(0.0001525653 -8.034725e-05 0.001233827)
(0.0001645321 -2.963461e-05 0.001064054)
(1.475838e-05 2.840992e-06 9.585621e-05)
(1.495693e-05 -2.729502e-06 0.0002599195)
(1.500038e-05 -7.43647e-06 0.0003634387)
(1.505903e-05 -1.180247e-05 0.0006070954)
(1.593261e-05 -1.34762e-05 0.0005391023)
(0.0001440894 -0.0001914225 0.0011981)
(0.0001513101 -0.000226732 0.0009528643)
(0.0001518407 -0.0001777849 0.001141025)
(0.0001525696 -0.0001356328 0.001205894)
(0.0001646012 -8.554662e-05 0.001053995)
(0.001506161 -0.0002628727 0.002878956)
(1.476854e-05 8.655953e-06 9.953515e-05)
(1.495696e-05 2.729748e-06 0.0002599199)
(1.499141e-05 -2.435816e-06 0.0003475118)
(1.504254e-05 -6.416594e-06 0.0005556712)
(1.591731e-05 -8.845176e-06 0.0004782626)
(0.0001439485 -0.000113685 0.001049376)
(0.0001512711 -0.0001980468 0.0008547245)
(0.000151799 -0.0002233249 0.001056205)
(0.0001525744 -0.0001760381 0.001154657)
(0.0001646095 -0.0001440683 0.001030038)
(0.001509263 -0.0007577382 0.002856943)
(0.001518988 -0.0002655909 0.0002292245)
(1.479003e-05 1.548537e-05 0.0001069467)
(1.496685e-05 8.321823e-06 0.0002709982)
(1.499143e-05 2.436027e-06 0.0003475123)
(1.503459e-05 -2.097405e-06 0.0005301365)
(1.590499e-05 -4.587676e-06 0.0004369507)
(0.0001438219 -7.386528e-05 0.0009291446)
(0.0001511273 -0.0001166131 0.0007486221)
(0.000151767 -0.0001938583 0.0009494351)
(0.0001525375 -0.0002207657 0.001069705)
(0.0001646201 -0.0001860416 0.0009859417)
(0.001509429 -0.001268094 0.002797021)
(0.001522156 -0.0007756688 0.0002348843)
(0.00152104 -0.0002672265 0.0008203059)
(1.481801e-05 2.220616e-05 0.0001178578)
(1.498768e-05 1.49483e-05 0.0002933156)
(1.500045e-05 7.4366e-06 0.0003634401)
(1.503461e-05 2.097576e-06 0.0005301373)
(1.589887e-05 -1.488773e-06 0.0004164359)
(0.0001437191 -3.779488e-05 0.0008475234)
(0.000150998 -7.548992e-05 0.0006627706)
(0.0001516298 -0.0001124528 0.0008312801)
(0.0001525117 -0.0001905166 0.0009672593)
(0.0001645875 -0.0002328186 0.0009132268)
(0.001509654 -0.001616271 0.002701125)
(0.001522349 -0.001310532 0.0002462011)
(0.001524263 -0.0007730575 0.0008236597)
(0.001522692 -0.0002684833 0.0002874905)
(1.485019e-05 3.132388e-05 0.0001313301)
(1.501475e-05 2.151183e-05 0.000326174)
(1.501929e-05 1.348641e-05 0.0003955236)
(1.504259e-05 6.416702e-06 0.0005556733)
(1.589888e-05 1.48887e-06 0.0004164366)
(0.0001436677 -1.223832e-05 0.0008069943)
(0.0001508928 -3.843326e-05 0.0006044374)
(0.0001515062 -7.232695e-05 0.000735614)
(0.00015238 -0.0001089056 0.0008463653)
(0.0001645686 -0.0001991762 0.0008245413)
(0.001509511 -0.002003604 0.002525297)
(0.001522613 -0.001681206 0.0003241268)
(0.001524563 -0.001322313 0.0008258544)
(0.001525967 -0.0007792662 0.000295087)
(0.001510329 -0.0002683235 0.0001546381)
(1.487177e-05 3.265036e-05 0.0001447066)
(1.504583e-05 3.064549e-05 0.0003667537)
(1.504363e-05 1.956714e-05 0.0004427629)
(1.505911e-05 1.180249e-05 0.0006070979)
(1.590502e-05 4.587744e-06 0.0004369524)
(0.0001436678 1.223907e-05 0.0008069956)
(0.00015084 -1.243503e-05 0.0005754681)
(0.0001514052 -3.649603e-05 0.0006706168)
(0.0001522613 -6.960245e-05 0.0007484329)
(0.0001644352 -0.000111294 0.0007217922)
(0.001509479 -0.001678083 0.002430547)
(0.001522414 -0.002154021 0.0003874968)
(0.001525011 -0.001698468 0.0009097385)
(0.001526374 -0.001353393 0.0003089958)
(0.001513604 -0.0007771242 0.0001575358)
(1.488992e-05 2.488413e-05 0.0001548362)
(1.50662e-05 3.212217e-05 0.0004069761)
(1.507147e-05 2.850891e-05 0.000501114)
(1.508026e-05 1.732738e-05 0.0006828173)
(1.591736e-05 8.845203e-06 0.0004782645)
(0.0001437194 3.779541e-05 0.0008475267)
(0.00015084 1.243577e-05 0.000575469)
(0.0001513543 -1.179113e-05 0.0006383328)
(0.0001521637 -3.481188e-05 0.0006818743)
(0.0001643146 -7.042541e-05 0.0006384412)
(0.001508424 -0.000889616 0.002107131)
(0.001522211 -0.001791352 0.001033348)
(0.001524937 -0.002352042 0.0009613328)
(0.001527038 -0.001748185 0.0004403469)
(0.001514139 -0.001379496 0.0001636577)
(1.48995e-05 1.772952e-05 0.0001610764)
(1.508345e-05 2.454364e-05 0.0004373435)
(1.508863e-05 3.025986e-05 0.0005589262)
(1.510433e-05 2.604882e-05 0.0007763882)
(1.593267e-05 1.347623e-05 0.0005391037)
(0.0001438223 7.386555e-05 0.0009291484)
(0.000150893 3.843379e-05 0.0006044398)
(0.0001513543 1.179179e-05 0.0006383337)
(0.0001521144 -1.123056e-05 0.0006488173)
(0.0001642151 -3.473256e-05 0.0005818464)
(0.001507477 -0.0005470803 0.001845988)
(0.001520861 -0.0008863192 0.000796747)
(0.001524861 -0.001884367 0.001913908)
(0.001527181 -0.002623574 0.0005495854)
(0.001515115 -0.00179714 0.0002376022)
(1.490557e-05 1.005897e-05 0.0001644009)
(1.509237e-05 1.757069e-05 0.0004559787)
(1.510344e-05 2.325462e-05 0.0006024856)
(1.511775e-05 2.811691e-05 0.0008690054)
(1.594978e-05 2.218372e-05 0.0006143144)
(0.000143949 0.0001136853 0.001049379)
(0.0001509984 7.54902e-05 0.0006627733)
(0.0001514054 3.649652e-05 0.0006706194)
(0.0001521144 1.123116e-05 0.0006488183)
(0.0001641644 -1.117824e-05 0.0005537201)
(0.001506689 -0.0002589225 0.001667631)
(0.001519727 -0.0005436989 0.000615081)
(0.001523334 -0.0007071843 0.001495664)
(0.001541098 -0.002042148 0.002815786)
(0.001518745 -0.003422296 0.0003036921)
(1.490767e-05 3.394022e-06 0.0001657856)
(1.509801e-05 9.997374e-06 0.0004658815)
(1.511068e-05 1.682268e-05 0.0006291661)
(1.512972e-05 2.177253e-05 0.0009385938)
(1.59558e-05 2.504111e-05 0.0006888868)
(0.0001440899 0.0001914234 0.001198102)
(0.0001511278 0.0001166135 0.0007486241)
(0.0001515066 7.232725e-05 0.000735617)
(0.0001521639 3.481234e-05 0.0006818769)
(0.0001641645 1.117878e-05 0.0005537209)
(0.001506281 -8.267148e-05 0.001579468)
(0.001518828 -0.0002558927 0.000499796)
(0.001522141 -0.0004166524 0.001177052)
(0.001555317 -0.0005501397 0.001946186)
(0.0045769 -0.002530418 0.002091251)
(1.50999e-05 3.403509e-06 0.0004699975)
(1.511522e-05 9.63081e-06 0.0006433334)
(1.5135e-05 1.596295e-05 0.0009811174)
(1.596227e-05 1.977634e-05 0.0007447206)
(0.0001441312 0.0002183512 0.001344247)
(0.0001512716 0.0001980477 0.000854726)
(0.0001516302 0.0001124531 0.0008312823)
(0.0001522615 6.960275e-05 0.0007484359)
(0.0001642153 3.473299e-05 0.0005818487)
(0.001506281 8.267418e-05 0.00157947)
(0.001518372 -8.185076e-05 0.0004448548)
(0.001521239 -0.0001836334 0.0009844645)
(0.001563696 -0.0003100877 0.001321502)
(0.008039778 -2.629225e-05 0.001388604)
(1.031714 -0.001325617 0.00599804)
(1.51166e-05 3.303201e-06 0.0006492207)
(1.513827e-05 9.20924e-06 0.001003701)
(1.596361e-05 1.498134e-05 0.0007787796)
(0.0001441793 0.0001732626 0.001453991)
(0.0001513108 0.0002267334 0.0009528661)
(0.0001517674 0.0001938592 0.0009494368)
(0.0001523804 0.000108906 0.0008463676)
(0.0001643149 7.042575e-05 0.0006384438)
(0.00150669 0.0002589252 0.001667638)
(0.001518372 8.185389e-05 0.0004448553)
(0.001520788 -5.836056e-05 0.0008924685)
(0.001568413 -0.0001257081 0.001048459)
(0.01013126 -7.233076e-06 0.0008971384)
(2.205013 -0.001117368 0.004126379)
(1.790393 -0.0002204145 0.002059515)
(1.513906e-05 3.13172e-06 0.00101309)
(1.596435e-05 8.799655e-06 0.0007968504)
(0.0001441844 0.0001321951 0.001520715)
(0.000151358 0.0001801329 0.001029656)
(0.0001517996 0.0002233263 0.001056207)
(0.0001525121 0.0001905176 0.0009672611)
(0.0001644355 0.0001112944 0.0007217942)
(0.001507478 0.0005470836 0.001845995)
(0.001518829 0.0002558956 0.0004997974)
(0.001520788 5.836244e-05 0.0008924695)
(0.001570576 -3.975294e-05 0.000921713)
(0.01135202 -1.181017e-06 0.0007074003)
(2.91386 -0.0006629996 0.002117724)
(4.14141 -0.001026583 0.0021761)
(2.239534 -0.0001764572 0.001159214)
(1.596375e-05 3.083771e-06 0.0008043759)
(0.0001441865 7.793917e-05 0.00155614)
(0.0001513609 0.000137757 0.001076225)
(0.0001518413 0.0001777867 0.001141028)
(0.0001525381 0.0002207671 0.001069707)
(0.000164569 0.0001991773 0.0008245428)
(0.001508426 0.0008896208 0.002107137)
(0.001519729 0.000543702 0.0006150833)
(0.00152124 0.0001836353 0.0009844675)
(0.001570576 3.975422e-05 0.000921714)
(0.01191875 -4.620182e-07 0.0006199605)
(3.32749 -0.00026259 0.001559859)
(5.656578 -0.0008318476 0.001363048)
(5.371758 -0.0006669633 0.001568646)
(2.496326 -8.398166e-05 0.0007466914)
(0.000144156 2.707607e-05 0.00157084)
(0.0001513615 8.131043e-05 0.001101249)
(0.0001518402 0.0001364955 0.001192424)
(0.0001525751 0.0001760398 0.00115466)
(0.0001645881 0.00023282 0.0009132286)
(0.001509481 0.001678092 0.002430552)
(0.001520863 0.0008863236 0.0007967503)
(0.001522142 0.0004166549 0.001177056)
(0.001568413 0.0001257094 0.001048462)
(0.01191875 4.620721e-07 0.0006199611)
(3.519548 -7.015779e-05 0.001345992)
(6.565346 -0.0004262607 0.0008709615)
(7.469143 -0.0005585092 0.001180361)
(6.094942 -0.0002908427 0.001139583)
(2.608701 -1.74979e-05 0.0004905474)
(0.0001513273 2.757553e-05 0.001111646)
(0.0001518382 8.072119e-05 0.001220143)
(0.0001525702 0.0001356343 0.001205902)
(0.0001646207 0.0001860432 0.0009859443)
(0.001509515 0.002003616 0.002525302)
(0.001522214 0.001791362 0.001033352)
(0.001523336 0.0007071881 0.00149567)
(0.001563696 0.0003100896 0.001321507)
(0.01135202 1.181066e-06 0.0007074023)
(3.519548 7.014168e-05 0.001345994)
(6.992103 -0.0001241058 0.0006423785)
(8.75349 -0.0002768198 0.0007534701)
(8.556561 -0.0001931298 0.00097369)
(6.414799 -4.461225e-05 0.0008582017)
(2.594707 1.169974e-05 0.0003578845)
(0.0001518024 2.788433e-05 0.001231655)
(0.0001525659 8.034796e-05 0.001233835)
(0.0001646101 0.0001440697 0.001030045)
(0.001509658 0.001616283 0.002701132)
(0.001522418 0.002154034 0.0003874983)
(0.001524863 0.001884377 0.001913915)
(0.001555318 0.0005501427 0.001946194)
(0.01013126 7.233133e-06 0.0008971418)
(3.32749 0.0002625758 0.001559864)
(6.992103 0.0001241315 0.0006423806)
(9.362601 -7.403871e-05 0.0005110979)
(10.0839 -3.449079e-05 0.0006463044)
(9.042457 7.440378e-05 0.0008442088)
(6.375102 8.489888e-05 0.0007149692)
(2.4524 2.265781e-05 0.0002763939)
(0.0001525272 2.749696e-05 0.00124539)
(0.0001646018 8.554736e-05 0.001054003)
(0.001509434 0.001268104 0.002797039)
(0.001522617 0.001681219 0.0003241281)
(0.00152494 0.002352056 0.0009613357)
(0.001541099 0.002042159 0.002815799)
(0.008039778 2.629238e-05 0.00138861)
(2.91386 0.0006629877 0.002117732)
(6.565346 0.0004262839 0.0008709701)
(9.362601 7.405792e-05 0.0005111027)
(10.81311 1.300598e-05 0.0004452687)
(10.68236 0.0001611952 0.0006859422)
(8.982678 0.0002303967 0.000829281)
(5.970925 0.0001389565 0.0006011745)
(2.159184 2.376902e-05 0.0001929325)
(0.0001645328 2.963487e-05 0.001064062)
(0.001509269 0.0007577441 0.002856963)
(0.001522355 0.001310543 0.0002462025)
(0.001525015 0.00169848 0.0009097416)
(0.001527184 0.002623589 0.0005495875)
(0.0045769 0.002530431 0.002091261)
(2.205013 0.001117356 0.004126398)
(5.656578 0.0008318642 0.00136306)
(8.75349 0.0002768422 0.0007534829)
(10.81311 -1.29905e-05 0.0004452741)
(11.46789 8.398876e-05 0.0005736545)
(10.60914 0.0002779697 0.0008225017)
(8.370827 0.0002876997 0.0007757612)
(5.148 0.0001413127 0.0004326759)
(1.658331 2.079493e-05 9.851933e-05)
(0.001506167 0.0002628748 0.002878977)
(0.001522161 0.000775675 0.0002348858)
(0.001524567 0.001322323 0.0008258594)
(0.001527042 0.001748197 0.0004403487)
(0.001518748 0.003422315 0.0003036933)
(1.031714 0.001325624 0.00599807)
(4.14141 0.001026583 0.002176117)
(7.469143 0.0005585245 0.001180382)
(10.0839 3.451151e-05 0.0006463187)
(11.46789 -8.396567e-05 0.0005736557)
(11.38805 0.0001267585 0.000799325)
(9.857263 0.0003076273 0.0008560918)
(7.137812 0.0002602299 0.0005794511)
(3.786285 0.0001133989 0.0002171855)
(0.8089248 1.156076e-05 1.469459e-05)
(0.001518994 0.0002655931 0.0002292261)
(0.001524268 0.0007730634 0.0008236652)
(0.001526379 0.001353403 0.0003089975)
(0.001515118 0.001797152 0.0002376032)
(1.790393 0.0002204165 0.002059536)
(5.371758 0.0006669655 0.001568665)
(8.556561 0.0001931219 0.0009736677)
(10.68236 -0.0001611784 0.0006859534)
(11.38805 -0.0001267351 0.0007993252)
(10.56648 0.0001345288 0.0008907659)
(8.352624 0.0002644021 0.0006639876)
(5.142904 0.0001891625 0.0002886878)
(1.657915 5.801884e-05 3.24692e-05)
(0.001521045 0.0002672286 0.0008203117)
(0.001525972 0.000779272 0.0002950889)
(0.001514143 0.001379506 0.0001636587)
(2.239534 0.0001764595 0.001159235)
(6.094942 0.0002908465 0.001139606)
(9.042457 -7.438606e-05 0.0008442275)
(10.60914 -0.0002779479 0.0008225036)
(10.56648 -0.0001345093 0.0008907645)
(8.928051 0.0001124657 0.0007050094)
(5.952629 0.0001824003 0.0003291628)
(2.15676 8.484969e-05 4.159241e-05)
(0.001522697 0.0002684853 0.0002874925)
(0.001513609 0.00077713 0.0001575369)
(2.496326 8.398396e-05 0.0007467116)
(6.414799 4.462252e-05 0.0008582148)
(8.982678 -0.0002303826 0.0008292887)
(9.857263 -0.0003076117 0.0008560895)
(8.928051 -0.0001124651 0.000705008)
(6.332119 7.558074e-05 0.0003483114)
(2.445201 7.622088e-05 4.672853e-05)
(0.001510334 0.0002683255 0.0001546392)
(2.608701 1.75003e-05 0.0004905649)
(6.375102 -8.488919e-05 0.000714973)
(8.370827 -0.0002876885 0.0007757638)
(8.352624 -0.0002643937 0.0006639829)
(6.332119 -7.557198e-05 0.0003483105)
(2.578785 3.062974e-05 4.897879e-05)
(2.594707 -1.169694e-05 0.0003578972)
(5.970925 -0.0001389481 0.0006011726)
(7.137812 -0.0002602242 0.0005794471)
(5.952629 -0.0001824006 0.0003291591)
(2.578785 -3.063454e-05 4.897835e-05)
(2.452401 -2.26549e-05 0.0002764019)
(5.148 -0.0001413053 0.0004326704)
(5.142904 -0.0001891586 0.0002886815)
(2.445201 -7.62236e-05 4.672783e-05)
(2.159184 -2.376607e-05 0.0001929352)
(3.786285 -0.0001133915 0.0002171768)
(2.15676 -8.484978e-05 4.159136e-05)
(1.658331 -2.079316e-05 9.851836e-05)
(1.657915 -5.801648e-05 3.246902e-05)
(0.8089248 -1.156042e-05 1.469525e-05)
)
;
    }
}
)

// processor1

190427
(dimensions      [0 1 -1 0 0 0 0];

internalField   nonuniform List<vector> 
4000
(
(1.490754e-05 -3.39398e-06 0.0001657844)
(1.490543e-05 -1.005883e-05 0.0001643997)
(1.492491e-05 -3.388849e-06 0.0001649564)
(1.509977e-05 -3.403468e-06 0.0004699941)
(1.489936e-05 -1.772905e-05 0.0001610754)
(1.492478e-05 -1.00444e-05 0.0001635574)
(1.509788e-05 -9.997238e-06 0.0004658782)
(1.492209e-05 -3.378917e-06 0.000164258)
(1.511582e-05 -3.397576e-06 0.0004675609)
(1.511649e-05 -3.303163e-06 0.000649216)
(1.488975e-05 -2.488365e-05 0.0001548358)
(1.492321e-05 -1.76897e-05 0.0001602068)
(1.509224e-05 -1.757024e-05 0.0004559758)
(1.492243e-05 -1.001789e-05 0.0001628581)
(1.511576e-05 -9.981001e-06 0.000463399)
(1.511511e-05 -9.630687e-06 0.0006433289)
(1.491906e-05 -3.36912e-06 0.0001635897)
(1.511233e-05 -3.387384e-06 0.0004655171)
(1.51294e-05 -3.295961e-06 0.0006457971)
(1.513896e-05 -3.131685e-06 0.001013083)
(1.487159e-05 -3.265016e-05 0.0001447063)
(1.492066e-05 -2.481295e-05 0.0001539523)
(1.508328e-05 -2.454317e-05 0.0004373423)
(1.49217e-05 -1.765592e-05 0.0001595035)
(1.511429e-05 -1.752874e-05 0.0004534113)
(1.511056e-05 -1.682229e-05 0.000629162)
(1.491939e-05 -9.990377e-06 0.0001621896)
(1.511268e-05 -9.953957e-06 0.0004613501)
(1.512948e-05 -9.610807e-06 0.0006398412)
(1.513817e-05 -9.209131e-06 0.001003694)
(1.49137e-05 -3.359301e-06 0.000162958)
(1.510899e-05 -3.377355e-06 0.0004635651)
(1.512463e-05 -3.285566e-06 0.0006429338)
(1.514827e-05 -3.123256e-06 0.00100777)
(1.596367e-05 -3.083741e-06 0.00080437)
(1.485003e-05 -3.132379e-05 0.0001313299)
(1.491507e-05 -3.256063e-05 0.0001438247)
(1.506603e-05 -3.212197e-05 0.0004069753)
(1.491895e-05 -2.47823e-05 0.0001532242)
(1.511186e-05 -2.447106e-05 0.0004347229)
(1.510329e-05 -2.325422e-05 0.0006024841)
(1.491879e-05 -1.761017e-05 0.0001588344)
(1.511197e-05 -1.749338e-05 0.0004513451)
(1.51283e-05 -1.67768e-05 0.0006255467)
(1.513489e-05 -1.596262e-05 0.000981111)
(1.491404e-05 -9.962698e-06 0.0001615586)
(1.510933e-05 -9.926065e-06 0.0004593949)
(1.512502e-05 -9.583042e-06 0.0006369683)
(1.514852e-05 -9.185002e-06 0.0009982691)
(1.596428e-05 -8.799568e-06 0.0007968448)
(1.49079e-05 -3.34943e-06 0.0001623197)
(1.510345e-05 -3.36735e-06 0.0004617196)
(1.512077e-05 -3.275389e-06 0.0006402028)
(1.514204e-05 -3.11285e-06 0.00100333)
(1.596594e-05 -3.071416e-06 0.0008001605)
(0.0001441553 -2.707583e-05 0.001570829)
(1.481787e-05 -2.22062e-05 0.0001178575)
(1.491067e-05 -3.127171e-05 0.000130429)
(1.504568e-05 -3.064541e-05 0.000366753)
(1.491187e-05 -3.249596e-05 0.000143063)
(1.510632e-05 -3.203061e-05 0.0004043481)
(1.508848e-05 -3.025967e-05 0.0005589251)
(1.491715e-05 -2.472861e-05 0.0001525534)
(1.510929e-05 -2.443766e-05 0.0004325745)
(1.512626e-05 -2.318006e-05 0.0005987804)
(1.51296e-05 -2.177218e-05 0.0009385914)
(1.491346e-05 -1.756398e-05 0.0001582049)
(1.510872e-05 -1.744695e-05 0.0004493836)
(1.512438e-05 -1.673856e-05 0.000622644)
(1.514768e-05 -1.59124e-05 0.0009754773)
(1.596353e-05 -1.498112e-05 0.0007787745)
(1.490866e-05 -9.934847e-06 0.0001609209)
(1.510379e-05 -9.898123e-06 0.0004575493)
(1.512112e-05 -9.554781e-06 0.0006342305)
(1.514246e-05 -9.156331e-06 0.0009938103)
(1.596674e-05 -8.765008e-06 0.0007925447)
(0.0001441859 -7.793844e-05 0.001556129)
(1.489884e-05 -3.335365e-06 0.0001616841)
(1.509759e-05 -3.357287e-06 0.0004598553)
(1.5115e-05 -3.265322e-06 0.0006376207)
(1.513758e-05 -3.102715e-06 0.0009990988)
(1.595637e-05 -3.05968e-06 0.0007966453)
(0.0001441632 -2.696087e-05 0.001562639)
(0.0001513266 -2.757528e-05 0.001111638)
(1.47899e-05 -1.548536e-05 0.0001069463)
(1.489907e-05 -2.220424e-05 0.0001169255)
(1.501461e-05 -2.151186e-05 0.0003261732)
(1.490492e-05 -3.119575e-05 0.000129674)
(1.510188e-05 -3.059063e-05 0.0003640526)
(1.507134e-05 -2.850882e-05 0.0005011131)
(1.491158e-05 -3.244704e-05 0.0001423842)
(1.510227e-05 -3.196402e-05 0.0004020876)
(1.512106e-05 -3.016569e-05 0.0005551966)
(1.511762e-05 -2.811673e-05 0.0008690038)
(1.491188e-05 -2.467167e-05 0.0001519255)
(1.510706e-05 -2.438289e-05 0.0004306004)
(1.512197e-05 -2.314117e-05 0.0005957528)
(1.51461e-05 -2.169541e-05 0.000932804)
(1.596218e-05 -1.977611e-05 0.0007447187)
(1.490876e-05 -1.751748e-05 0.0001575685)
(1.51032e-05 -1.740029e-05 0.0004475379)
(1.512054e-05 -1.669143e-05 0.0006198926)
(1.514192e-05 -1.587075e-05 0.0009709647)
(1.596662e-05 -1.491779e-05 0.000774305)
(0.0001441837 -0.0001321934 0.001520705)
(1.489977e-05 -9.89623e-06 0.0001602939)
(1.509833e-05 -9.869996e-06 0.0004556848)
(1.511535e-05 -9.526724e-06 0.0006316462)
(1.513796e-05 -9.127574e-06 0.0009895657)
(1.595708e-05 -8.73265e-06 0.0007890136)
(0.0001441941 -7.761108e-05 0.00154776)
(0.0001513608 -8.130967e-05 0.001101241)
(1.489467e-05 -3.323823e-06 0.0001609933)
(1.508863e-05 -3.343296e-06 0.000457997)
(1.510917e-05 -3.255189e-06 0.0006350128)
(1.513154e-05 -3.092775e-06 0.0009950982)
(1.595045e-05 -3.048378e-06 0.0007932973)
(0.0001440718 -2.685534e-05 0.001555805)
(0.0001513307 -2.745644e-05 0.001105834)
(0.0001518017 -2.788408e-05 0.001231646)
(1.476846e-05 -8.655794e-06 9.953482e-05)
(1.488763e-05 -1.549375e-05 0.0001059871)
(1.498756e-05 -1.49483e-05 0.0002933145)
(1.489327e-05 -2.217211e-05 0.0001161859)
(1.509018e-05 -2.150751e-05 0.0003233658)
(1.504351e-05 -1.956715e-05 0.0004427617)
(1.490342e-05 -3.116993e-05 0.000128956)
(1.509534e-05 -3.051457e-05 0.0003618)
(1.51168e-05 -2.844876e-05 0.0004972646)
(1.510422e-05 -2.604873e-05 0.0007763868)
(1.490666e-05 -3.237942e-05 0.0001417566)
(1.510144e-05 -3.191256e-05 0.0004000799)
(1.511536e-05 -3.009592e-05 0.0005519988)
(1.514131e-05 -2.801939e-05 0.000863156)
(1.595572e-05 -2.504095e-05 0.0006888855)
(1.490743e-05 -2.461401e-05 0.0001512904)
(1.510158e-05 -2.432529e-05 0.0004287526)
(1.511895e-05 -2.308487e-05 0.0005929766)
(1.513984e-05 -2.165006e-05 0.0009280845)
(1.5966e-05 -1.968881e-05 0.0007401216)
(0.0001441786 -0.0001732607 0.001453987)
(1.490036e-05 -1.746201e-05 0.0001569553)
(1.509837e-05 -1.73533e-05 0.0004456728)
(1.511477e-05 -1.664452e-05 0.0006173038)
(1.513742e-05 -1.582268e-05 0.0009666923)
(1.595675e-05 -1.486636e-05 0.0007707285)
(0.0001441943 -0.0001316039 0.001512001)
(0.0001513602 -0.0001377553 0.001076218)
(1.489484e-05 -9.861759e-06 0.0001596055)
(1.508953e-05 -9.831789e-06 0.0004538498)
(1.510986e-05 -9.498463e-06 0.0006290357)
(1.513191e-05 -9.099312e-06 0.0009855586)
(1.595108e-05 -8.701079e-06 0.0007856536)
(0.0001441013 -7.731525e-05 0.001540893)
(0.0001513648 -8.096089e-05 0.001095311)
(0.0001518375 -8.072045e-05 0.001220134)
(1.489765e-05 -3.317383e-06 0.0001603685)
(1.508436e-05 -3.331601e-06 0.0004559756)
(1.510063e-05 -3.241756e-06 0.000632412)
(1.512576e-05 -3.082764e-06 0.0009910587)
(1.594356e-05 -3.037495e-06 0.0007901314)
(0.0001440164 -2.675386e-05 0.001549299)
(0.000151233 -2.734835e-05 0.001100992)
(0.0001517989 -2.775947e-05 0.001225217)
(0.0001525266 -2.749671e-05 0.001245381)
(1.475835e-05 -2.840731e-06 9.585608e-05)
(1.487854e-05 -8.668737e-06 9.855539e-05)
(1.496677e-05 -8.321673e-06 0.0002709973)
(1.488366e-05 -1.548663e-05 0.00010524)
(1.507872e-05 -1.495486e-05 0.0002904146)
(1.501919e-05 -1.34864e-05 0.0003955221)
(1.48895e-05 -2.215263e-05 0.0001154445)
(1.508355e-05 -2.147524e-05 0.000321149)
(1.510528e-05 -1.955707e-05 0.0004387468)
(1.508017e-05 -1.732738e-05 0.0006828155)
(1.490029e-05 -3.11288e-05 0.0001283229)
(1.509333e-05 -3.048586e-05 0.0003596631)
(1.510875e-05 -2.837346e-05 0.0004940659)
(1.513728e-05 -2.598228e-05 0.000770325)
(1.594972e-05 -2.218362e-05 0.0006143133)
(1.490241e-05 -3.230906e-05 0.0001411219)
(1.509628e-05 -3.184386e-05 0.000398224)
(1.511345e-05 -3.003974e-05 0.0005491651)
(1.513371e-05 -2.794574e-05 0.0008581535)
(1.596194e-05 -2.493013e-05 0.0006842323)
(0.0001441305 -0.0002183499 0.001344244)
(1.490043e-05 -2.455252e-05 0.0001506836)
(1.5097e-05 -2.426696e-05 0.0004268846)
(1.511319e-05 -2.302673e-05 0.0005903779)
(1.513591e-05 -2.159184e-05 0.0009237628)
(1.595531e-05 -1.96269e-05 0.0007363762)
(0.0001441905 -0.0001724613 0.001445025)
(0.0001513573 -0.000180131 0.001029654)
(1.489423e-05 -1.739666e-05 0.0001562749)
(1.509005e-05 -1.729794e-05 0.0004438746)
(1.510982e-05 -1.659724e-05 0.0006146883)
(1.513136e-05 -1.577536e-05 0.0009626719)
(1.595065e-05 -1.481334e-05 0.000767344)
(0.0001440989 -0.0001311267 0.001505042)
(0.0001513655 -0.0001371305 0.001070054)
(0.0001518395 -0.0001364939 0.001192416)
(1.489763e-05 -9.842762e-06 0.0001589751)
(1.508455e-05 -9.797296e-06 0.0004518331)
(1.510147e-05 -9.461743e-06 0.0006264658)
(1.512639e-05 -9.070826e-06 0.0009815121)
(1.594416e-05 -8.670641e-06 0.0007824815)
(0.0001440451 -7.702797e-05 0.001534362)
(0.0001512656 -8.064904e-05 0.001090445)
(0.0001518337 -8.03621e-05 0.001213565)
(0.0001525653 -8.034725e-05 0.001233827)
(1.48965e-05 -3.307738e-06 0.0001597732)
(1.5087e-05 -3.324768e-06 0.0004541485)
(1.509628e-05 -3.230123e-06 0.0006295815)
(1.511768e-05 -3.070164e-06 0.0009870291)
(1.593756e-05 -3.026521e-06 0.0007869352)
(0.0001439533 -2.665645e-05 0.001543148)
(0.0001511742 -2.724446e-05 0.001096382)
(0.0001516981 -2.764843e-05 0.001219854)
(0.0001525174 -2.737041e-05 0.001238879)
(0.0001645321 -2.963461e-05 0.001064054)
(1.475838e-05 2.840992e-06 9.585621e-05)
(1.487326e-05 -2.846623e-06 9.486274e-05)
(1.495693e-05 -2.729502e-06 0.0002599195)
(1.487631e-05 -8.672962e-06 9.780154e-05)
(1.506961e-05 -8.333389e-06 0.0002680293)
(1.500038e-05 -7.43647e-06 0.0003634387)
(1.487831e-05 -1.545945e-05 0.0001045099)
(1.507379e-05 -1.494705e-05 0.0002881678)
(1.509414e-05 -1.348837e-05 0.0003913642)
(1.505903e-05 -1.180247e-05 0.0006070954)
(1.488737e-05 -2.215884e-05 0.000114789)
(1.50794e-05 -2.1455e-05 0.0003189319)
(1.509707e-05 -1.952463e-05 0.0004355889)
(1.5126e-05 -1.731046e-05 0.0006764695)
(1.593261e-05 -1.34762e-05 0.0005391023)
(1.489634e-05 -3.107505e-05 0.0001276856)
(1.508984e-05 -3.044307e-05 0.0003577803)
(1.510575e-05 -2.833878e-05 0.0004910369)
(1.512748e-05 -2.590757e-05 0.0007653007)
(1.595835e-05 -2.209897e-05 0.0006094807)
(0.0001440894 -0.0001914225 0.0011981)
(1.489685e-05 -3.22365e-05 0.0001405189)
(1.509188e-05 -3.177249e-05 0.0003963484)
(1.510794e-05 -2.996976e-05 0.0005465461)
(1.513057e-05 -2.788395e-05 0.0008537273)
(1.594996e-05 -2.484346e-05 0.0006802557)
(0.0001441555 -0.0002173349 0.00133516)
(0.0001513101 -0.000226732 0.0009528643)
(1.48943e-05 -2.446659e-05 0.0001500269)
(1.508999e-05 -2.420508e-05 0.0004250988)
(1.510844e-05 -2.296784e-05 0.0005877518)
(1.512983e-05 -2.153289e-05 0.0009197173)
(1.594928e-05 -1.95609e-05 0.0007329488)
(0.0001440872 -0.0001718783 0.001437729)
(0.0001513621 -0.0001792878 0.001023303)
(0.0001518407 -0.0001777849 0.001141025)
(1.489637e-05 -1.735316e-05 0.000155636)
(1.508394e-05 -1.723303e-05 0.0004418773)
(1.510184e-05 -1.6543e-05 0.0006121663)
(1.512626e-05 -1.572764e-05 0.0009586114)
(1.594368e-05 -1.476221e-05 0.000764159)
(0.0001440415 -0.0001306439 0.001498459)
(0.0001512632 -0.0001366252 0.001065121)
(0.0001518352 -0.0001358572 0.001185587)
(0.0001525696 -0.0001356328 0.001205894)
(1.48968e-05 -9.816713e-06 0.0001583811)
(1.5087e-05 -9.777493e-06 0.0004499872)
(1.509651e-05 -9.427776e-06 0.0006236399)
(1.511845e-05 -9.035719e-06 0.0009775276)
(1.593829e-05 -8.639931e-06 0.0007792786)
(0.0001439818 -7.675193e-05 0.001528197)
(0.0001512058 -8.034669e-05 0.001085817)
(0.0001517311 -8.004715e-05 0.001208175)
(0.0001525544 -7.997961e-05 0.001227183)
(0.0001646012 -8.554662e-05 0.001053995)
(1.50857e-05 -3.314968e-06 0.0004524102)
(1.509817e-05 -3.222731e-06 0.0006270236)
(1.511324e-05 -3.058819e-06 0.0009826438)
(1.593003e-05 -3.014282e-06 0.0007837461)
(0.0001438993 -2.65582e-05 0.001536938)
(0.0001511077 -2.714478e-05 0.001092023)
(0.0001516379 -2.754184e-05 0.001214748)
(0.0001524137 -2.725962e-05 0.001233456)
(0.0001645128 -2.949273e-05 0.001058498)
(0.001506161 -0.0002628727 0.002878956)
(1.476854e-05 8.655953e-06 9.953515e-05)
(1.487324e-05 2.847284e-06 9.486304e-05)
(1.495696e-05 2.729748e-06 0.0002599199)
(1.487168e-05 -2.850973e-06 9.409867e-05)
(1.506435e-05 -2.734911e-06 0.0002569059)
(1.499141e-05 -2.435816e-06 0.0003475118)
(1.487034e-05 -8.662048e-06 9.708363e-05)
(1.506632e-05 -8.336965e-06 0.000265757)
(1.508529e-05 -7.444962e-06 0.0003591761)
(1.504254e-05 -6.416594e-06 0.0005556712)
(1.487513e-05 -1.54743e-05 0.0001038215)
(1.506814e-05 -1.492044e-05 0.0002859773)
(1.508731e-05 -1.347883e-05 0.0003881556)
(1.511526e-05 -1.179898e-05 0.000600506)
(1.591731e-05 -8.845176e-06 0.0004782626)
(1.488458e-05 -2.21399e-05 0.000114147)
(1.507684e-05 -2.145904e-05 0.0003169728)
(1.509222e-05 -1.950264e-05 0.0004324354)
(1.511595e-05 -1.727759e-05 0.0006714919)
(1.594714e-05 -1.344293e-05 0.0005340346)
(0.0001439485 -0.000113685 0.001049376)
(1.489121e-05 -3.101932e-05 0.000127083)
(1.508572e-05 -3.038832e-05 0.0003558868)
(1.510161e-05 -2.829287e-05 0.0004883696)
(1.512335e-05 -2.586584e-05 0.0007605499)
(1.594436e-05 -2.202039e-05 0.0006054795)
(0.0001441237 -0.0001906331 0.001188644)
(0.0001512711 -0.0001980468 0.0008547245)
(1.48914e-05 -3.214741e-05 0.0001398856)
(1.508625e-05 -3.169917e-05 0.0003945654)
(1.510335e-05 -2.989737e-05 0.0005439004)
(1.512466e-05 -2.78123e-05 0.0008496366)
(1.59441e-05 -2.476582e-05 0.0006767397)
(0.0001440406 -0.0002165369 0.001327404)
(0.0001513258 -0.0002256611 0.0009464226)
(0.000151799 -0.0002233249 0.001056205)
(1.489391e-05 -2.439822e-05 0.0001493941)
(1.508389e-05 -2.411995e-05 0.0004231654)
(1.510161e-05 -2.29061e-05 0.0005852409)
(1.512489e-05 -2.14732e-05 0.0009156304)
(1.594223e-05 -1.94965e-05 0.0007297402)
(0.0001440296 -0.0001712743 0.001431057)
(0.0001512514 -0.0001786678 0.001018131)
(0.0001518329 -0.0001769326 0.001133987)
(0.0001525744 -0.0001760381 0.001154657)
(1.489602e-05 -1.731961e-05 0.0001550424)
(1.508576e-05 -1.718888e-05 0.0004400015)
(1.509595e-05 -1.648011e-05 0.0006093634)
(1.511868e-05 -1.567454e-05 0.0009546953)
(1.593802e-05 -1.47106e-05 0.0007609427)
(0.0001439776 -0.0001301799 0.001492266)
(0.0001512022 -0.0001361168 0.001060456)
(0.0001517291 -0.0001353431 0.001180121)
(0.0001525567 -0.0001349842 0.001198987)
(0.0001646095 -0.0001440683 0.001030038)
(1.5086e-05 -9.751181e-06 0.0004482509)
(1.509822e-05 -9.406568e-06 0.0006210533)
(1.511353e-05 -9.002272e-06 0.0009731462)
(1.593087e-05 -8.606021e-06 0.0007761241)
(0.0001439287 -7.647337e-05 0.001521972)
(0.000151139 -8.005649e-05 0.001081448)
(0.0001516701 -7.974258e-05 0.001203049)
(0.0001524486 -7.966123e-05 0.001221731)
(0.0001645788 -8.513845e-05 0.001048319)
(0.001509263 -0.0007577382 0.002856943)
(1.50966e-05 -3.212926e-06 0.0006245933)
(1.511428e-05 -3.050991e-06 0.0009786819)
(1.592517e-05 -3.002188e-06 0.0007802757)
(0.0001438329 -2.645094e-05 0.001530742)
(0.000151051 -2.704425e-05 0.001087623)
(0.0001515708 -2.743978e-05 0.001209921)
(0.0001523523 -2.715338e-05 0.001228293)
(0.0001643972 -2.937106e-05 0.001053864)
(0.001505775 -0.000261492 0.002863937)
(0.001518988 -0.0002655909 0.0002292245)
(1.479003e-05 1.548537e-05 0.0001069467)
(1.48785e-05 8.669262e-06 9.855618e-05)
(1.496685e-05 8.321823e-06 0.0002709982)
(1.48717e-05 2.850765e-06 9.409862e-05)
(1.506434e-05 2.735536e-06 0.0002569069)
(1.499143e-05 2.436027e-06 0.0003475123)
(1.486664e-05 -2.850077e-06 9.337828e-05)
(1.506167e-05 -2.738884e-06 0.0002546003)
(1.508025e-05 -2.439956e-06 0.0003431801)
(1.503459e-05 -2.097405e-06 0.0005301365)
(1.486559e-05 -8.663245e-06 9.637815e-05)
(1.506008e-05 -8.326285e-06 0.0002635986)
(1.507982e-05 -7.446817e-06 0.0003559258)
(1.51067e-05 -6.421265e-06 0.0005489043)
(1.590499e-05 -4.587676e-06 0.0004369507)
(1.4874e-05 -1.547328e-05 0.0001031723)
(1.50646e-05 -1.493344e-05 0.0002839119)
(1.508117e-05 -1.345356e-05 0.0003850329)
(1.510621e-05 -1.178732e-05 0.0005954361)
(1.593678e-05 -8.829167e-06 0.0004729938)
(0.0001438219 -7.386528e-05 0.0009291446)
(1.487964e-05 -2.21179e-05 0.0001135423)
(1.507382e-05 -2.143934e-05 0.0003150569)
(1.508886e-05 -1.950148e-05 0.0004296503)
(1.511031e-05 -1.725339e-05 0.0006665295)
(1.593268e-05 -1.34065e-05 0.0005300639)
(0.0001440234 -0.0001133578 0.001039449)
(0.0001511273 -0.0001166131 0.0007486221)
(1.488742e-05 -3.095944e-05 0.0001264507)
(1.508051e-05 -3.033178e-05 0.0003540953)
(1.509724e-05 -2.823671e-05 0.0004856885)
(1.511847e-05 -2.581618e-05 0.0007563671)
(1.593765e-05 -2.19608e-05 0.0006016986)
(0.0001439913 -0.0001899232 0.001180823)
(0.0001512923 -0.0001972093 0.0008479916)
(0.000151767 -0.0001938583 0.0009494351)
(1.488881e-05 -3.205153e-05 0.0001392685)
(1.50808e-05 -3.160991e-05 0.0003926931)
(1.50977e-05 -2.982356e-05 0.0005413853)
(1.511984e-05 -2.773853e-05 0.0008455058)
(1.593705e-05 -2.468605e-05 0.00067349)
(0.0001439835 -0.0002158148 0.001320549)
(0.000151203 -0.0002248177 0.0009409265)
(0.0001517972 -0.0002222415 0.001049062)
(0.0001525375 -0.0002207657 0.001069705)
(1.48931e-05 -2.43596e-05 0.0001487836)
(1.508332e-05 -2.405158e-05 0.0004213012)
(1.509572e-05 -2.282401e-05 0.000582522)
(1.511825e-05 -2.141145e-05 0.0009117224)
(1.593665e-05 -1.943133e-05 0.0007264993)
(0.0001439649 -0.0001706887 0.001424811)
(0.0001511899 -0.0001780309 0.001013399)
(0.000151718 -0.0001762973 0.001128255)
(0.0001525553 -0.0001751757 0.001147534)
(0.0001646201 -0.0001860416 0.0009859417)
(1.50852e-05 -1.715423e-05 0.0004382621)
(1.509708e-05 -1.643527e-05 0.0006067301)
(1.511302e-05 -1.56138e-05 0.0009503435)
(1.593086e-05 -1.465661e-05 0.0007578402)
(0.0001439261 -0.0001297115 0.001486011)
(0.0001511348 -0.0001356288 0.001056067)
(0.0001516666 -0.0001348307 0.001174953)
(0.0001524469 -0.0001344611 0.001193457)
(0.0001645824 -0.0001433548 0.001024138)
(0.001509429 -0.001268094 0.002797021)
(1.50969e-05 -9.38012e-06 0.0006186238)
(1.51144e-05 -8.9794e-06 0.0009691365)
(1.592577e-05 -8.571604e-06 0.0007726557)
(0.0001438633 -7.617215e-05 0.001515842)
(0.0001510833 -7.976362e-05 0.001077038)
(0.0001516026 -7.945077e-05 0.00119821)
(0.0001523862 -7.935405e-05 0.001216547)
(0.0001644606 -8.479188e-05 0.001043661)
(0.001508824 -0.0007537538 0.002841568)
(0.001522156 -0.0007756688 0.0002348843)
(1.511241e-05 -3.041366e-06 0.0009749194)
(1.592452e-05 -2.992371e-06 0.000777141)
(0.0001437887 -2.634317e-05 0.001524)
(0.0001509819 -2.693506e-05 0.001083233)
(0.000151514 -2.733683e-05 0.001205047)
(0.0001522844 -2.705179e-05 0.001223411)
(0.0001643293 -2.925457e-05 0.001049453)
(0.001504634 -0.0002603651 0.002851409)
(0.001518657 -0.0002642289 0.0002279969)
(0.00152104 -0.0002672265 0.0008203059)
(1.481801e-05 2.220616e-05 0.0001178578)
(1.488757e-05 1.549416e-05 0.0001059883)
(1.498768e-05 1.49483e-05 0.0002933156)
(1.487638e-05 8.672688e-06 9.780127e-05)
(1.506958e-05 8.333887e-06 0.0002680317)
(1.500045e-05 7.4366e-06 0.0003634401)
(1.486669e-05 2.85162e-06 9.337892e-05)
(1.506169e-05 2.738686e-06 0.0002546001)
(1.508024e-05 2.440493e-06 0.0003431814)
(1.503461e-05 2.097576e-06 0.0005301373)
(1.486123e-05 -2.844862e-06 9.26801e-05)
(1.505631e-05 -2.737897e-06 0.0002524325)
(1.507528e-05 -2.442962e-06 0.0003398796)
(1.510191e-05 -2.100049e-06 0.0005232543)
(1.589887e-05 -1.488773e-06 0.0004164359)
(1.486528e-05 -8.674605e-06 9.571315e-05)
(1.505506e-05 -8.327086e-06 0.000261477)
(1.507318e-05 -7.436609e-06 0.0003528442)
(1.509871e-05 -6.421063e-06 0.0005437597)
(1.592849e-05 -4.58404e-06 0.0004315356)
(0.0001437191 -3.779488e-05 0.0008475234)
(1.486927e-05 -1.54634e-05 0.0001025635)
(1.506313e-05 -1.493145e-05 0.0002819676)
(1.507697e-05 -1.346198e-05 0.0003820886)
(1.509951e-05 -1.176341e-05 0.0005905094)
(1.592258e-05 -8.81178e-06 0.0004689444)
(0.0001439312 -7.369946e-05 0.0009188151)
(0.000150998 -7.548992e-05 0.0006627706)
(1.487637e-05 -2.209506e-05 0.0001129064)
(1.506879e-05 -2.141678e-05 0.0003132508)
(1.508543e-05 -1.948015e-05 0.0004269289)
(1.510603e-05 -1.724615e-05 0.0006621472)
(1.592507e-05 -1.337555e-05 0.0005261079)
(0.0001438863 -0.0001130251 0.001031678)
(0.0001511868 -0.0001162611 0.0007415673)
(0.0001516298 -0.0001124528 0.0008312801)
(1.488465e-05 -3.088204e-05 0.0001258632)
(1.507661e-05 -3.027101e-05 0.0003522162)
(1.5092e-05 -2.817921e-05 0.0004831518)
(1.511382e-05 -2.575817e-05 0.000752165)
(1.593098e-05 -2.189979e-05 0.0005983699)
(0.0001439268 -0.0001893587 0.001173436)
(0.0001511513 -0.0001964637 0.0008424252)
(0.0001517638 -0.0001930036 0.0009419546)
(0.0001525117 -0.0001905166 0.0009672593)
(1.488618e-05 -3.198633e-05 0.0001386469)
(1.507813e-05 -3.151462e-05 0.0003908672)
(1.509236e-05 -2.973541e-05 0.0005387444)
(1.511418e-05 -2.766397e-05 0.0008415782)
(1.593153e-05 -2.460466e-05 0.0006702092)
(0.0001439185 -0.0002150872 0.001314215)
(0.0001511417 -0.000224052 0.0009360633)
(0.0001516704 -0.0002213859 0.00104297)
(0.0001525201 -0.0002196685 0.001062469)
(0.0001645875 -0.0002328186 0.0009132268)
(1.508231e-05 -2.401134e-05 0.0004195046)
(1.509478e-05 -2.27567e-05 0.0005798985)
(1.51126e-05 -2.133263e-05 0.0009074911)
(1.593007e-05 -1.936564e-05 0.0007233996)
(0.0001439139 -0.0001700961 0.001418503)
(0.0001511216 -0.0001774146 0.001008971)
(0.0001516547 -0.0001756536 0.001123011)
(0.0001524365 -0.0001745253 0.001141733)
(0.0001645823 -0.0001851016 0.000979859)
(0.001509654 -0.001616271 0.002701125)
(1.509611e-05 -1.639884e-05 0.0006042921)
(1.511338e-05 -1.556807e-05 0.0009462547)
(1.592539e-05 -1.459661e-05 0.0007543927)
(0.0001438628 -0.000129227 0.001479979)
(0.0001510806 -0.0001351362 0.001051635)
(0.0001515985 -0.0001343398 0.001170091)
(0.000152383 -0.000133944 0.00118823)
(0.0001644593 -0.0001427804 0.001019413)
(0.001508892 -0.001261274 0.002781006)
(0.001522349 -0.001310532 0.0002462011)
(1.511271e-05 -8.952732e-06 0.0009653723)
(1.592495e-05 -8.543833e-06 0.0007694819)
(0.0001438173 -7.586261e-05 0.001509102)
(0.0001510151 -7.944907e-05 0.001072694)
(0.0001515466 -7.915625e-05 0.001193324)
(0.0001523179 -7.906021e-05 0.001211653)
(0.0001643917 -8.445863e-05 0.001039233)
(0.001507649 -0.000750517 0.002828951)
(0.001521777 -0.0007716892 0.0002335797)
(0.001524263 -0.0007730575 0.0008236597)
(1.592195e-05 -2.981969e-06 0.0007741645)
(0.0001437799 -2.625344e-05 0.001517908)
(0.0001509354 -2.682496e-05 0.001078456)
(0.0001514456 -2.722654e-05 0.001200186)
(0.0001522274 -2.694931e-05 0.001218483)
(0.0001642554 -2.914343e-05 0.001045282)
(0.001503979 -0.0002592905 0.002839485)
(0.001517529 -0.000263104 0.0002269805)
(0.00152062 -0.0002658025 0.0008159647)
(0.001522692 -0.0002684833 0.0002874905)
(1.485019e-05 3.132388e-05 0.0001313301)
(1.489902e-05 2.220456e-05 0.0001169269)
(1.501475e-05 2.151183e-05 0.000326174)
(1.488376e-05 1.548645e-05 0.0001052395)
(1.507867e-05 1.495525e-05 0.000290418)
(1.501929e-05 1.348641e-05 0.0003955236)
(1.48705e-05 8.66335e-06 9.708555e-05)
(1.506638e-05 8.336706e-06 0.0002657562)
(1.508526e-05 7.445392e-06 0.0003591796)
(1.504259e-05 6.416702e-06 0.0005556733)
(1.486121e-05 2.846691e-06 9.268085e-05)
(1.505635e-05 2.739357e-06 0.0002524344)
(1.50753e-05 2.442791e-06 0.0003398793)
(1.51019e-05 2.100486e-06 0.0005232563)
(1.589888e-05 1.48887e-06 0.0004164366)
(1.486026e-05 -2.851231e-06 9.200149e-05)
(1.505066e-05 -2.732909e-06 0.0002503304)
(1.506937e-05 -2.441738e-06 0.0003367825)
(1.509431e-05 -2.101921e-06 0.0005180264)
(1.592401e-05 -1.488236e-06 0.0004109262)
(0.0001436677 -1.223832e-05 0.0008069943)
(1.486124e-05 -8.674106e-06 9.510097e-05)
(1.505437e-05 -8.33739e-06 0.0002594808)
(1.506772e-05 -7.436289e-06 0.000349815)
(1.509159e-05 -6.411308e-06 0.0005388896)
(1.591474e-05 -4.579131e-06 0.0004274231)
(0.0001438576 -3.774732e-05 0.000836901)
(0.0001508928 -3.843326e-05 0.0006044374)
(1.486615e-05 -1.545328e-05 0.0001019224)
(1.505831e-05 -1.492112e-05 0.0002801432)
(1.507486e-05 -1.345764e-05 0.0003793203)
(1.509455e-05 -1.176649e-05 0.0005858647)
(1.591434e-05 -8.788816e-06 0.0004650119)
(0.0001437953 -7.353337e-05 0.0009108847)
(0.0001510903 -7.530898e-05 0.0006554391)
(0.0001515062 -7.232695e-05 0.000735614)
(1.48748e-05 -2.206638e-05 0.000112325)
(1.506538e-05 -2.139327e-05 0.0003113525)
(1.508035e-05 -1.945644e-05 0.0004243634)
(1.510212e-05 -1.722277e-05 0.000657868)
(1.591864e-05 -1.335445e-05 0.0005226145)
(0.0001438148 -0.0001127358 0.001023942)
(0.0001510408 -0.0001159109 0.0007360423)
(0.0001516581 -0.0001120854 0.000823445)
(0.00015238 -0.0001089056 0.0008463653)
(1.487896e-05 -3.081191e-05 0.000125247)
(1.507374e-05 -3.019404e-05 0.0003504693)
(1.508798e-05 -2.811741e-05 0.0004804916)
(1.510853e-05 -2.56994e-05 0.0007481883)
(1.592551e-05 -2.183404e-05 0.0005950268)
(0.000143864 -0.0001887929 0.001166934)
(0.0001510822 -0.0001958619 0.0008371678)
(0.0001516189 -0.0001922547 0.0009357721)
(0.0001524865 -0.0001896445 0.0009596476)
(0.0001645686 -0.0001991762 0.0008245413)
(1.507539e-05 -3.144835e-05 0.000389029)
(1.50896e-05 -2.964291e-05 0.0005361668)
(1.510898e-05 -2.757684e-05 0.0008374552)
(1.592555e-05 -2.452377e-05 0.000667089)
(0.0001438679 -0.000214346 0.001307821)
(0.000151073 -0.0002232852 0.0009315706)
(0.0001516065 -0.0002206053 0.001037577)
(0.0001523894 -0.0002188001 0.001056301)
(0.0001645451 -0.0002316208 0.0009070474)
(0.001509511 -0.002003604 0.002525297)
(1.50934e-05 -2.271357e-05 0.0005773732)
(1.511125e-05 -2.126633e-05 0.0009034077)
(1.592461e-05 -1.928869e-05 0.0007200439)
(0.0001438552 -0.0001695016 0.00141247)
(0.0001510678 -0.000176791 0.001004499)
(0.0001515855 -0.0001750329 0.001118103)
(0.0001523712 -0.0001738742 0.001136424)
(0.000164449 -0.0001843816 0.0009749041)
(0.001508929 -0.001607474 0.002684461)
(0.001522613 -0.001681206 0.0003241268)
(1.511195e-05 -1.55295e-05 0.0009424714)
(1.592417e-05 -1.454615e-05 0.0007511537)
(0.0001438142 -0.0001286916 0.001473276)
(0.0001510146 -0.0001346285 0.001047359)
(0.0001515438 -0.0001338441 0.001165182)
(0.000152314 -0.0001334494 0.001183312)
(0.0001643886 -0.0001422187 0.001014948)
(0.001507659 -0.001255804 0.002768185)
(0.001521886 -0.001303619 0.0002447411)
(0.001524563 -0.001322313 0.0008258544)
(1.592244e-05 -8.515047e-06 0.000766503)
(0.000143807 -7.560565e-05 0.001502931)
(0.0001509669 -7.912454e-05 0.001067918)
(0.0001514791 -7.884341e-05 0.001188513)
(0.0001522616 -7.876362e-05 0.001206712)
(0.0001643174 -8.414055e-05 0.001035052)
(0.001506983 -0.0007474293 0.002816957)
(0.001520618 -0.0007684228 0.0002325104)
(0.001523783 -0.0007689306 0.0008191561)
(0.001525967 -0.0007792662 0.000295087)
(0.0001437558 -2.616053e-05 0.001512129)
(0.0001509252 -2.673268e-05 0.001074138)
(0.0001513988 -2.711411e-05 0.001194895)
(0.0001521594 -2.684063e-05 0.001213568)
(0.000164194 -2.90313e-05 0.001041071)
(0.001503289 -0.0002582702 0.002828212)
(0.001516879 -0.0002620295 0.0002260167)
(0.001519456 -0.0002646442 0.0008123583)
(0.001522254 -0.00026704 0.0002859531)
(0.001510329 -0.0002683235 0.0001546381)
(1.487177e-05 3.265036e-05 0.0001447066)
(1.491062e-05 3.127224e-05 0.0001304306)
(1.504583e-05 3.064549e-05 0.0003667537)
(1.489338e-05 2.217213e-05 0.0001161853)
(1.509013e-05 2.150781e-05 0.00032337)
(1.504363e-05 1.956714e-05 0.0004427629)
(1.487853e-05 1.54603e-05 0.0001045127)
(1.507388e-05 1.494688e-05 0.0002881663)
(1.50941e-05 1.348871e-05 0.0003913691)
(1.505911e-05 1.180249e-05 0.0006070979)
(1.486554e-05 8.664663e-06 9.638041e-05)
(1.506023e-05 8.327517e-06 0.0002636044)
(1.507987e-05 7.446595e-06 0.0003559245)
(1.510668e-05 6.421618e-06 0.0005489097)
(1.590502e-05 4.587744e-06 0.0004369524)
(1.486023e-05 2.852064e-06 9.200183e-05)
(1.505065e-05 2.73464e-06 0.0002503326)
(1.506941e-05 2.442991e-06 0.0003367853)
(1.509433e-05 2.101783e-06 0.000518026)
(1.5924e-05 1.488486e-06 0.0004109279)
(0.0001436678 1.223907e-05 0.0008069956)
(1.485685e-05 -2.852658e-06 9.138399e-05)
(1.504936e-05 -2.738789e-06 0.0002482908)
(1.506338e-05 -2.437231e-06 0.0003337787)
(1.508776e-05 -2.100401e-06 0.0005131283)
(1.591043e-05 -1.487713e-06 0.0004067456)
(0.000143818 -1.222778e-05 0.0007961835)
(0.00015084 -1.243503e-05 0.0005754681)
(1.485821e-05 -8.672276e-06 9.445577e-05)
(1.505021e-05 -8.336518e-06 0.0002576422)
(1.506627e-05 -7.443913e-06 0.000346968)
(1.508564e-05 -6.409629e-06 0.0005341031)
(1.590624e-05 -4.569436e-06 0.0004235326)
(0.0001437245 -3.76948e-05 0.0008288428)
(0.0001510132 -3.837856e-05 0.0005969039)
(0.0001514052 -3.649603e-05 0.0006706168)
(1.48654e-05 -1.544107e-05 0.0001013386)
(1.505505e-05 -1.491047e-05 0.0002782233)
(1.506997e-05 -1.344624e-05 0.0003767226)
(1.50917e-05 -1.175933e-05 0.0005815012)
(1.590753e-05 -8.780311e-06 0.0004613047)
(0.0001437189 -7.332916e-05 0.0009031881)
(0.000150945 -7.513184e-05 0.0006498076)
(0.0001515618 -7.213402e-05 0.0007274739)
(0.0001522613 -6.960245e-05 0.0007484329)
(1.486832e-05 -2.202327e-05 0.00011173)
(1.506364e-05 -2.136434e-05 0.0003096163)
(1.507676e-05 -1.943155e-05 0.0004216676)
(1.509699e-05 -1.719758e-05 0.0006538332)
(1.591356e-05 -1.332484e-05 0.0005192046)
(0.0001437536 -0.0001125222 0.001017112)
(0.0001509648 -0.0001156042 0.0007305467)
(0.0001515079 -0.0001117324 0.0008173086)
(0.0001523801 -0.0001085239 0.0008384042)
(0.0001644352 -0.000111294 0.0007217922)
(1.506812e-05 -3.012407e-05 0.0003486379)
(1.508498e-05 -2.80425e-05 0.0004780172)
(1.510438e-05 -2.56362e-05 0.0007440192)
(1.591985e-05 -2.176864e-05 0.0005918621)
(0.0001438137 -0.0001881911 0.001160404)
(0.0001510155 -0.0001952627 0.0008325355)
(0.0001515475 -0.0001916359 0.0009299333)
(0.0001523379 -0.000188891 0.0009533594)
(0.0001645082 -0.0001982145 0.0008180492)
(0.001509479 -0.001678083 0.002430547)
(1.508674e-05 -2.957538e-05 0.0005335742)
(1.510611e-05 -2.74873e-05 0.0008334307)
(1.592035e-05 -2.443329e-05 0.0006638142)
(0.0001438139 -0.0002136114 0.001301741)
(0.0001510196 -0.0002225045 0.0009270357)
(0.0001515369 -0.0002198312 0.001032595)
(0.0001523231 -0.0002180042 0.001050838)
(0.000164399 -0.0002306699 0.0009017813)
(0.001508602 -0.001992408 0.002508223)
(0.001522414 -0.002154021 0.0003874968)
(1.510946e-05 -2.121976e-05 0.0008994787)
(1.592234e-05 -1.922034e-05 0.0007168056)
(0.0001438067 -0.0001688165 0.00140594)
(0.0001510064 -0.0001761663 0.001000221)
(0.0001515312 -0.0001744048 0.001113147)
(0.0001523012 -0.0001732483 0.001131456)
(0.0001643762 -0.0001836722 0.0009703694)
(0.001507596 -0.001600497 0.002670892)
(0.001521977 -0.001672207 0.0003220382)
(0.001525011 -0.001698468 0.0009097385)
(1.592173e-05 -1.45007e-05 0.0007481574)
(0.0001438006 -0.000128232 0.001466975)
(0.0001509638 -0.0001340685 0.001042611)
(0.0001514784 -0.0001333364 0.001160445)
(0.0001522589 -0.00013295 0.001178346)
(0.0001643134 -0.0001416829 0.001010747)
(0.001506973 -0.001250591 0.002756067)
(0.001520671 -0.001298071 0.0002435599)
(0.001523972 -0.001315067 0.0008210475)
(0.001526374 -0.001353393 0.0003089958)
(0.0001437832 -7.534451e-05 0.001497146)
(0.0001509552 -7.885272e-05 0.001063546)
(0.0001514308 -7.851855e-05 0.001183224)
(0.0001521946 -7.845169e-05 0.001201847)
(0.0001642565 -8.381946e-05 0.001030831)
(0.001506287 -0.0007444976 0.002805636)
(0.001519956 -0.0007652984 0.0002314999)
(0.001522585 -0.0007655875 0.0008154608)
(0.001525465 -0.000775068 0.0002934509)
(0.001513604 -0.0007771242 0.0001575358)
(0.0001508995 -2.663764e-05 0.001070043)
(0.000151387 -2.701843e-05 0.001190113)
(0.0001521122 -2.6729e-05 0.001208218)
(0.0001641219 -2.891426e-05 0.001036871)
(0.00150273 -0.0002572406 0.002816831)
(0.001516186 -0.000261008 0.0002251088)
(0.001518791 -0.0002635415 0.0008089307)
(0.001521082 -0.0002658685 0.0002846796)
(0.001509874 -0.0002668673 0.000153813)
(1.488992e-05 2.488413e-05 0.0001548362)
(1.491499e-05 3.256107e-05 0.0001438268)
(1.50662e-05 3.212217e-05 0.0004069761)
(1.490501e-05 3.119557e-05 0.0001296736)
(1.510184e-05 3.059113e-05 0.0003640573)
(1.507147e-05 2.850891e-05 0.000501114)
(1.488977e-05 2.215284e-05 0.0001154477)
(1.508366e-05 2.147527e-05 0.0003211473)
(1.510524e-05 1.955735e-05 0.0004387528)
(1.508026e-05 1.732738e-05 0.0006828173)
(1.487506e-05 1.547524e-05 0.0001038245)
(1.506835e-05 1.492124e-05 0.0002859857)
(1.508738e-05 1.347869e-05 0.0003881534)
(1.511522e-05 1.179927e-05 0.0006005138)
(1.591736e-05 8.845203e-06 0.0004782645)
(1.486517e-05 8.675349e-06 9.571415e-05)
(1.505501e-05 8.32843e-06 0.0002614838)
(1.50733e-05 7.437669e-06 0.0003528525)
(1.509875e-05 6.420885e-06 0.0005437577)
(1.592848e-05 4.58425e-06 0.00043154)
(0.0001437194 3.779541e-05 0.0008475267)
(1.485684e-05 2.85306e-06 9.138416e-05)
(1.504933e-05 2.739577e-06 0.0002482918)
(1.506337e-05 2.438718e-06 0.0003337819)
(1.50878e-05 2.101418e-06 0.0005131328)
(1.591043e-05 1.487634e-06 0.0004067453)
(0.000143818 1.222969e-05 0.0007961868)
(0.00015084 1.243577e-05 0.000575469)
(1.485394e-05 -2.852618e-06 9.073573e-05)
(1.504579e-05 -2.740006e-06 0.0002464343)
(1.506142e-05 -2.441872e-06 0.0003308673)
(1.508138e-05 -2.096414e-06 0.0005083776)
(1.590219e-05 -1.485389e-06 0.0004028315)
(0.000143686 -1.221878e-05 0.00078799)
(0.0001509719 -1.242211e-05 0.0005678041)
(0.0001513543 -1.179113e-05 0.0006383328)
(1.485765e-05 -8.669673e-06 9.386953e-05)
(1.504703e-05 -8.334355e-06 0.0002557057)
(1.506195e-05 -7.442067e-06 0.0003443461)
(1.508331e-05 -6.414121e-06 0.0005296084)
(1.589892e-05 -4.564444e-06 0.0004197091)
(0.0001436461 -3.760788e-05 0.0008212241)
(0.0001508705 -3.832084e-05 0.0005911864)
(0.0001514849 -3.643321e-05 0.0006622537)
(0.0001521637 -3.481188e-05 0.0006818743)
(1.4859e-05 -1.542084e-05 0.0001007548)
(1.505407e-05 -1.489789e-05 0.0002764743)
(1.506651e-05 -1.343437e-05 0.0003739896)
(1.508673e-05 -1.174661e-05 0.0005774057)
(1.590299e-05 -8.766354e-06 0.0004578233)
(0.0001436548 -7.323227e-05 0.0008959339)
(0.0001508641 -7.49187e-05 0.0006443431)
(0.0001514116 -7.195165e-05 0.0007212211)
(0.0001522838 -6.939847e-05 0.0007401702)
(0.0001643146 -7.042541e-05 0.0006384412)
(1.505725e-05 -2.132196e-05 0.000307841)
(1.507468e-05 -1.940231e-05 0.0004192006)
(1.509319e-05 -1.717096e-05 0.0006495947)
(1.590804e-05 -1.329454e-05 0.0005159885)
(0.0001437061 -0.0001122459 0.001010445)
(0.0001508995 -0.0001153725 0.0007256895)
(0.0001514301 -0.0001114196 0.0008112078)
(0.000152226 -0.0001081677 0.0008321681)
(0.0001643925 -0.0001108632 0.0007149998)
(0.001508424 -0.000889616 0.002107131)
(1.507964e-05 -2.797389e-05 0.000475425)
(1.510123e-05 -2.556342e-05 0.0007401408)
(1.591521e-05 -2.169834e-05 0.0005885449)
(0.0001437625 -0.0001875945 0.001154225)
(0.0001509623 -0.0001946279 0.0008278849)
(0.0001514791 -0.0001910261 0.0009247867)
(0.0001522641 -0.0001882556 0.0009474212)
(0.0001643431 -0.0001973993 0.0008126862)
(0.001508202 -0.001668873 0.00241165)
(0.001522211 -0.001791352 0.001033348)
(1.510311e-05 -2.741815e-05 0.0008293833)
(1.591712e-05 -2.43443e-05 0.0006606177)
(0.0001437674 -0.0002127964 0.00129536)
(0.0001509629 -0.0002217316 0.000922723)
(0.0001514829 -0.0002190437 0.001027568)
(0.0001522524 -0.0002172216 0.001045792)
(0.0001643243 -0.0002297931 0.0008971156)
(0.001507154 -0.001983458 0.002493695)
(0.001521621 -0.002142135 0.0003848113)
(0.001524937 -0.002352042 0.0009613328)
(1.591961e-05 -1.916354e-05 0.0007136899)
(0.0001437848 -0.0001682015 0.001399634)
(0.0001509559 -0.0001754503 0.0009955911)
(0.00015147 -0.0001737773 0.001108406)
(0.0001522464 -0.0001726149 0.00112644)
(0.0001642999 -0.000182993 0.0009661266)
(0.001506877 -0.001593864 0.002658471)
(0.001520659 -0.001665128 0.0003203489)
(0.001524192 -0.001689022 0.0009039935)
(0.001527038 -0.001748185 0.0004403469)
(0.0001437769 -0.0001278134 0.001461153)
(0.0001509487 -0.0001335847 0.001038147)
(0.0001514279 -0.000132778 0.001155185)
(0.0001521938 -0.0001324411 0.001173556)
(0.0001642535 -0.0001411418 0.001006504)
(0.001506268 -0.001245646 0.002744668)
(0.001519989 -0.001292749 0.0002424512)
(0.001522712 -0.00130926 0.0008171701)
(0.001525753 -0.001345893 0.0003071666)
(0.001514139 -0.001379496 0.0001636577)
(0.0001509298 -7.857814e-05 0.001059445)
(0.0001514175 -7.824245e-05 0.001178381)
(0.0001521461 -7.812591e-05 0.001196499)
(0.0001641854 -8.348643e-05 0.001026674)
(0.001505728 -0.0007415374 0.002794206)
(0.001519258 -0.0007623279 0.0002305502)
(0.001521907 -0.0007624037 0.0008119583)
(0.001524258 -0.0007716728 0.0002921095)
(0.001513082 -0.0007728959 0.000156665)
(0.0001513607 -2.692125e-05 0.001185576)
(0.000152099 -2.663288e-05 0.001203382)
(0.0001640708 -2.879255e-05 0.0010323)
(0.001502097 -0.0002562051 0.002805482)
(0.001515622 -0.0002599773 0.0002241925)
(0.001518092 -0.0002624956 0.000805693)
(0.001520413 -0.0002647542 0.0002834715)
(0.001508704 -0.0002656886 0.0001531287)
(1.48995e-05 1.772952e-05 0.0001610764)
(1.492057e-05 2.481276e-05 0.0001539543)
(1.508345e-05 2.454364e-05 0.0004373435)
(1.491194e-05 3.249574e-05 0.0001430622)
(1.510624e-05 3.203103e-05 0.0004043543)
(1.508863e-05 3.025986e-05 0.0005589262)
(1.490371e-05 3.117003e-05 0.0001289589)
(1.509543e-05 3.05144e-05 0.0003617987)
(1.511676e-05 2.844921e-05 0.0004972713)
(1.510433e-05 2.604882e-05 0.0007763882)
(1.488729e-05 2.21596e-05 0.0001147926)
(1.507965e-05 2.145521e-05 0.0003189415)
(1.509716e-05 1.952465e-05 0.0004355864)
(1.512596e-05 1.73107e-05 0.0006764789)
(1.593267e-05 1.347623e-05 0.0005391037)
(1.487386e-05 1.547388e-05 0.0001031738)
(1.506453e-05 1.493433e-05 0.000283921)
(1.508135e-05 1.345426e-05 0.0003850449)
(1.510627e-05 1.17872e-05 0.0005954325)
(1.593676e-05 8.829354e-06 0.000473)
(0.0001438223 7.386555e-05 0.0009291484)
(1.48612e-05 8.674486e-06 9.510145e-05)
(1.505427e-05 8.338095e-06 0.0002594838)
(1.506768e-05 7.437451e-06 0.0003498248)
(1.50917e-05 6.412172e-06 0.0005389027)
(1.591477e-05 4.579033e-06 0.0004274215)
(0.0001438575 3.774895e-05 0.0008369095)
(0.000150893 3.843379e-05 0.0006044398)
(1.485393e-05 2.852853e-06 9.073584e-05)
(1.504577e-05 2.740387e-06 0.0002464348)
(1.50614e-05 2.442553e-06 0.0003308688)
(1.508137e-05 2.097623e-06 0.0005083828)
(1.590221e-05 1.485963e-06 0.000402835)
(0.0001436861 1.221819e-05 0.0007879894)
(0.0001509719 1.2424e-05 0.0005678064)
(0.0001513543 1.179179e-05 0.0006383337)
(1.485324e-05 -2.852753e-06 9.01462e-05)
(1.504273e-05 -2.739834e-06 0.0002444866)
(1.50576e-05 -2.442557e-06 0.0003282179)
(1.507866e-05 -2.099617e-06 0.0005037775)
(1.589463e-05 -1.482135e-06 0.0003990348)
(0.0001436095 -1.219649e-05 0.0007803233)
(0.0001508303 -1.241129e-05 0.0005619937)
(0.0001514439 -1.177509e-05 0.0006298256)
(0.0001521144 -1.123056e-05 0.0006488173)
(1.485178e-05 -8.667378e-06 9.328514e-05)
(1.504622e-05 -8.331474e-06 0.0002539456)
(1.505856e-05 -7.439038e-06 0.0003415853)
(1.50788e-05 -6.41109e-06 0.000525468)
(1.589465e-05 -4.562288e-06 0.0004161202)
(0.0001435782 -3.755711e-05 0.0008137389)
(0.0001507877 -3.822995e-05 0.0005857792)
(0.0001513368 -3.6371e-05 0.0006559065)
(0.0001522069 -3.474172e-05 0.0006733904)
(0.0001642151 -3.473256e-05 0.0005818464)
(1.504775e-05 -1.48778e-05 0.0002747269)
(1.506506e-05 -1.342095e-05 0.0003714987)
(1.508305e-05 -1.17332e-05 0.0005730984)
(1.58976e-05 -8.749654e-06 0.0004545548)
(0.0001436112 -7.309508e-05 0.0008891223)
(0.0001507959 -7.481051e-05 0.0006391938)
(0.0001513294 -7.173978e-05 0.0007151551)
(0.000152129 -6.921116e-05 0.0007338225)
(0.0001642886 -7.019013e-05 0.0006313898)
(0.001507477 -0.0005470803 0.001845988)
(1.506868e-05 -1.93619e-05 0.000416681)
(1.509073e-05 -1.714119e-05 0.000645716)
(1.59036e-05 -1.326217e-05 0.0005126107)
(0.0001436561 -0.0001119654 0.001004159)
(0.000150849 -0.0001150797 0.0007209486)
(0.0001513628 -0.0001111749 0.0008058135)
(0.0001521465 -0.0001078491 0.0008259726)
(0.0001642213 -0.0001104768 0.0007096782)
(0.001507101 -0.0008852259 0.002087642)
(0.001520861 -0.0008863192 0.000796747)
(1.509622e-05 -2.549616e-05 0.0007360786)
(1.591159e-05 -2.162532e-05 0.0005854593)
(0.0001437201 -0.0001869531 0.001147747)
(0.0001509085 -0.0001939993 0.0008234825)
(0.0001514252 -0.0001903843 0.0009196205)
(0.0001521941 -0.0001876348 0.0009421833)
(0.0001642605 -0.0001966926 0.0008076219)
(0.001506588 -0.001661401 0.002396087)
(0.001521044 -0.001781732 0.001026159)
(0.001524861 -0.001884367 0.001913908)
(1.591366e-05 -2.426729e-05 0.0006574029)
(0.0001437379 -0.0002120015 0.001289128)
(0.0001509142 -0.0002208761 0.0009181954)
(0.000151426 -0.0002182652 0.001022786)
(0.0001521978 -0.0002164262 0.0010407)
(0.000164247 -0.0002289409 0.000892806)
(0.001506399 -0.001975095 0.002480809)
(0.001520186 -0.002132651 0.0003826338)
(0.001523883 -0.002338388 0.0009547208)
(0.001527181 -0.002623574 0.0005495854)
(0.0001437587 -0.0001676754 0.001393575)
(0.0001509324 -0.0001748052 0.0009911221)
(0.0001514197 -0.0001730641 0.001103275)
(0.0001521852 -0.0001719834 0.001121641)
(0.0001642402 -0.0001823058 0.000961842)
(0.001506159 -0.001587575 0.002646853)
(0.001519948 -0.001658343 0.0003187795)
(0.001522823 -0.001681519 0.0008993244)
(0.001526162 -0.001738335 0.0004375092)
(0.001515115 -0.00179714 0.0002376022)
(0.0001509233 -0.0001331424 0.00103402)
(0.0001514113 -0.0001322904 0.001150242)
(0.0001521435 -0.0001318831 0.001168236)
(0.0001641844 -0.0001405946 0.001002411)
(0.001505712 -0.001240651 0.002733158)
(0.001519283 -0.001287694 0.0002414137)
(0.001522013 -0.001303738 0.0008135215)
(0.001524483 -0.001339884 0.0003056871)
(0.00151349 -0.001371754 0.0001626921)
(0.0001513913 -7.796627e-05 0.001173839)
(0.0001521314 -7.784545e-05 0.001191602)
(0.0001641332 -8.313579e-05 0.001022105)
(0.001505102 -0.0007385688 0.002782952)
(0.001518695 -0.000759329 0.0002295922)
(0.001521202 -0.0007593844 0.0008086564)
(0.001523576 -0.0007684428 0.0002908415)
(0.001511876 -0.0007694838 0.0001559506)
(0.000152072 -2.653622e-05 0.001198795)
(0.0001640543 -2.868593e-05 0.001028169)
(0.001501624 -0.0002550973 0.002793129)
(0.001514977 -0.0002589306 0.0002232841)
(0.001517528 -0.0002614403 0.0008024253)
(0.001519712 -0.0002636981 0.0002823311)
(0.001508037 -0.0002645683 0.0001524792)
(1.490557e-05 1.005897e-05 0.0001644009)
(1.492309e-05 1.768945e-05 0.0001602083)
(1.509237e-05 1.757069e-05 0.0004559787)
(1.491903e-05 2.478241e-05 0.0001532235)
(1.511177e-05 2.447089e-05 0.000434729)
(1.510344e-05 2.325462e-05 0.0006024856)
(1.491193e-05 3.244741e-05 0.0001423871)
(1.510234e-05 3.196381e-05 0.000402085)
(1.512099e-05 3.016607e-05 0.0005552054)
(1.511775e-05 2.811691e-05 0.0008690054)
(1.490024e-05 3.112948e-05 0.0001283269)
(1.509361e-05 3.048598e-05 0.0003596717)
(1.510882e-05 2.837331e-05 0.0004940641)
(1.513724e-05 2.598268e-05 0.0007703354)
(1.594978e-05 2.218372e-05 0.0006143144)
(1.488441e-05 2.214037e-05 0.0001141489)
(1.507677e-05 2.145976e-05 0.0003169837)
(1.509244e-05 1.950284e-05 0.0004324492)
(1.511602e-05 1.72776e-05 0.0006714879)
(1.594712e-05 1.344311e-05 0.0005340421)
(0.000143949 0.0001136853 0.001049379)
(1.48692e-05 1.546375e-05 0.0001025642)
(1.5063e-05 1.493202e-05 0.0002819722)
(1.507691e-05 1.346277e-05 0.0003821017)
(1.509966e-05 1.1764e-05 0.0005905283)
(1.592262e-05 8.81171e-06 0.0004689415)
(0.0001439311 7.370096e-05 0.0009188272)
(0.0001509984 7.54902e-05 0.0006627733)
(1.485817e-05 8.672487e-06 9.445604e-05)
(1.505016e-05 8.336879e-06 0.0002576437)
(1.506618e-05 7.444525e-06 0.0003469723)
(1.50856e-05 6.410581e-06 0.0005341187)
(1.59063e-05 4.569935e-06 0.0004235432)
(0.0001437247 3.769407e-05 0.0008288396)
(0.0001510131 3.838018e-05 0.0005969099)
(0.0001514054 3.649652e-05 0.0006706194)
(1.485321e-05 2.852685e-06 9.014618e-05)
(1.504272e-05 2.740057e-06 0.000244487)
(1.505759e-05 2.442887e-06 0.0003282186)
(1.507864e-05 2.100174e-06 0.0005037798)
(1.589463e-05 1.48282e-06 0.000399039)
(0.0001436096 1.220084e-05 0.0007803302)
(0.0001508303 1.24107e-05 0.0005619933)
(0.0001514439 1.177679e-05 0.0006298282)
(0.0001521144 1.123116e-05 0.0006488183)
(1.484757e-05 -2.854314e-06 8.955608e-05)
(1.504178e-05 -2.739827e-06 0.0002427148)
(1.505432e-05 -2.442042e-06 0.0003254391)
(1.507455e-05 -2.099671e-06 0.0004995904)
(1.589018e-05 -1.482383e-06 0.0003953602)
(0.0001435398 -1.216858e-05 0.0007728882)
(0.0001507491 -1.23875e-05 0.0005565553)
(0.0001512966 -1.176195e-05 0.0006233763)
(0.0001521661 -1.121171e-05 0.0006401901)
(0.0001641644 -1.117824e-05 0.0005537201)
(1.50404e-05 -8.328882e-06 0.0002521931)
(1.505726e-05 -7.435433e-06 0.0003390748)
(1.507518e-05 -6.407e-06 0.0005211099)
(1.588952e-05 -4.556318e-06 0.0004128132)
(0.0001435367 -3.752584e-05 0.0008067133)
(0.0001507158 -3.817486e-05 0.0005804704)
(0.0001512527 -3.628034e-05 0.000649904)
(0.0001520537 -3.467541e-05 0.0006669512)
(0.0001642059 -3.464626e-05 0.0005746046)
(0.001506689 -0.0002589225 0.001667631)
(1.50591e-05 -1.340129e-05 0.0003690134)
(1.508107e-05 -1.171874e-05 0.0005691728)
(1.589324e-05 -8.731839e-06 0.0004511182)
(0.0001435623 -7.293837e-05 0.0008827295)
(0.0001507493 -7.466297e-05 0.0006343554)
(0.0001512595 -7.162046e-05 0.0007094389)
(0.0001520453 -6.900006e-05 0.0007276657)
(0.0001641156 -6.998196e-05 0.0006259717)
(0.00150614 -0.000544571 0.001825967)
(0.001519727 -0.0005436989 0.000615081)
(1.508516e-05 -1.710289e-05 0.0006417546)
(1.590024e-05 -1.322909e-05 0.0005095199)
(0.0001436153 -0.0001116654 0.0009975566)
(0.0001507965 -0.0001147833 0.0007164778)
(0.0001513114 -0.0001108766 0.0008005487)
(0.0001520773 -0.0001075923 0.0008204908)
(0.0001641333 -0.0001101264 0.0007043928)
(0.001505424 -0.0008816161 0.00207238)
(0.001519705 -0.0008822397 0.0007905971)
(0.001523334 -0.0007071843 0.001495664)
(1.5907e-05 -2.155642e-05 0.0005822272)
(0.000143687 -0.0001862995 0.001141717)
(0.0001508639 -0.0001933236 0.0008188673)
(0.0001513711 -0.0001897498 0.0009147299)
(0.0001521395 -0.0001869852 0.0009369266)
(0.0001641831 -0.0001960102 0.0008031541)
(0.001505767 -0.001654509 0.002381393)
(0.001519424 -0.001773859 0.00102043)
(0.001523206 -0.001873476 0.001900271)
(0.001541098 -0.002042148 0.002815786)
(0.0001437062 -0.0002112989 0.001282868)
(0.0001508831 -0.000220044 0.0009137763)
(0.0001513774 -0.0002174072 0.001017765)
(0.0001521407 -0.000215641 0.001035857)
(0.0001641875 -0.0002280757 0.0008884572)
(0.001505668 -0.001967175 0.002468907)
(0.001519442 -0.002123814 0.0003806166)
(0.001522391 -0.002327487 0.0009492532)
(0.001526037 -0.002608022 0.0005457879)
(0.001518745 -0.003422296 0.0003036921)
(0.0001509046 -0.0001742486 0.0009868264)
(0.0001513954 -0.000172418 0.001098324)
(0.0001521351 -0.0001712714 0.001116448)
(0.0001641747 -0.0001816229 0.0009577431)
(0.001505602 -0.001581214 0.002635119)
(0.001519229 -0.001651893 0.0003173201)
(0.001522087 -0.001674401 0.0008950155)
(0.001524777 -0.001730504 0.0004352163)
(0.001514181 -0.001786861 0.0002360736)
(0.000151385 -0.0001318421 0.001145668)
(0.0001521255 -0.0001313911 0.001163237)
(0.0001641307 -0.0001399969 0.0009978669)
(0.001505101 -0.00123569 0.002722054)
(0.001518724 -0.001282589 0.0002403684)
(0.001521299 -0.001298509 0.0008100954)
(0.001523779 -0.001334178 0.000304298)
(0.00151222 -0.001365553 0.0001619111)
(0.0001521044 -7.756726e-05 0.001187008)
(0.0001641151 -8.282853e-05 0.001017922)
(0.001504626 -0.000735382 0.002770581)
(0.001518056 -0.0007562959 0.0002286516)
(0.001520638 -0.0007563367 0.0008053244)
(0.001522869 -0.0007653818 0.0002896475)
(0.001511197 -0.0007662414 0.0001552747)
(0.0001640245 -2.858032e-05 0.001024249)
(0.001501426 -0.0002540878 0.002781957)
(0.001514502 -0.0002578189 0.0002222946)
(0.001516892 -0.0002603831 0.0007991791)
(0.001519148 -0.0002626325 0.0002811803)
(0.001507341 -0.0002635073 0.000151866)
(1.490767e-05 3.394022e-06 0.0001657856)
(1.492466e-05 1.00444e-05 0.0001635588)
(1.509801e-05 9.997374e-06 0.0004658815)
(1.492182e-05 1.765606e-05 0.0001595029)
(1.511417e-05 1.752851e-05 0.0004534157)
(1.511068e-05 1.682268e-05 0.0006291661)
(1.491753e-05 2.472893e-05 0.0001525564)
(1.510937e-05 2.443776e-05 0.0004325721)
(1.512618e-05 2.317994e-05 0.0005987889)
(1.512972e-05 2.177253e-05 0.0009385938)
(1.490662e-05 3.238004e-05 0.0001417607)
(1.510178e-05 3.191293e-05 0.0004000885)
(1.511542e-05 3.009574e-05 0.0005519951)
(1.514126e-05 2.801974e-05 0.0008631697)
(1.59558e-05 2.504111e-05 0.0006888868)
(1.489616e-05 3.107554e-05 0.0001276877)
(1.50898e-05 3.044374e-05 0.0003577923)
(1.510599e-05 2.833892e-05 0.0004910491)
(1.512754e-05 2.590744e-05 0.0007652977)
(1.595832e-05 2.209927e-05 0.0006094891)
(0.0001440899 0.0001914234 0.001198102)
(1.487955e-05 2.211822e-05 0.0001135433)
(1.507366e-05 2.14398e-05 0.0003150624)
(1.50888e-05 1.950214e-05 0.0004296659)
(1.511049e-05 1.725359e-05 0.0006665514)
(1.593272e-05 1.340649e-05 0.0005300607)
(0.0001440232 0.0001133593 0.001039463)
(0.0001511278 0.0001166135 0.0007486241)
(1.486609e-05 1.545349e-05 0.0001019229)
(1.505825e-05 1.492145e-05 0.0002801454)
(1.507475e-05 1.345814e-05 0.0003793268)
(1.50945e-05 1.176716e-05 0.0005858855)
(1.591442e-05 8.78919e-06 0.0004650271)
(0.0001437956 7.353284e-05 0.0009108791)
(0.0001510902 7.531049e-05 0.0006554477)
(0.0001515066 7.232725e-05 0.000735617)
(1.485758e-05 8.669605e-06 9.386945e-05)
(1.504699e-05 8.334557e-06 0.0002557066)
(1.506191e-05 7.44238e-06 0.0003443482)
(1.508324e-05 6.414624e-06 0.0005296153)
(1.58989e-05 4.565007e-06 0.0004197216)
(0.0001436465 3.76117e-05 0.0008212447)
(0.0001508707 3.832012e-05 0.0005911842)
(0.0001514848 3.643469e-05 0.0006622603)
(0.0001521639 3.481234e-05 0.0006818769)
(1.484758e-05 2.85353e-06 8.955575e-05)
(1.504176e-05 2.739764e-06 0.0002427147)
(1.505431e-05 2.442233e-06 0.0003254395)
(1.507454e-05 2.099943e-06 0.0004995916)
(1.589017e-05 1.482705e-06 0.0003953621)
(0.0001435398 1.217377e-05 0.0007728964)
(0.0001507492 1.23918e-05 0.0005565602)
(0.0001512967 1.176142e-05 0.0006233758)
(0.0001521661 1.121324e-05 0.0006401927)
(0.0001641645 1.117878e-05 0.0005537209)
(1.503616e-05 -2.741159e-06 0.0002409432)
(1.50529e-05 -2.441673e-06 0.0003229101)
(1.507101e-05 -2.098738e-06 0.0004952006)
(1.588527e-05 -1.481023e-06 0.0003920148)
(0.000143497 -1.216549e-05 0.0007656933)
(0.0001506755 -1.235871e-05 0.0005512813)
(0.000151214 -1.173744e-05 0.0006173397)
(0.0001520134 -1.119648e-05 0.0006336499)
(0.0001641622 -1.11538e-05 0.0005463554)
(0.001506281 -8.267148e-05 0.001579468)
(1.50517e-05 -7.432086e-06 0.0003365785)
(1.507331e-05 -6.402509e-06 0.0005171473)
(1.588521e-05 -4.549475e-06 0.0004093333)
(0.0001434897 -3.746705e-05 0.0008002423)
(0.0001506712 -3.813825e-05 0.0005754849)
(0.0001511797 -3.622204e-05 0.0006440117)
(0.0001519683 -3.458483e-05 0.000660861)
(0.0001640338 -3.456905e-05 0.0005691073)
(0.001505386 -0.0002578862 0.001647215)
(0.001518828 -0.0002558927 0.000499796)
(1.507551e-05 -1.169944e-05 0.000565256)
(1.589006e-05 -8.713934e-06 0.0004479864)
(0.0001435221 -7.277092e-05 0.0008760074)
(0.0001506979 -7.449668e-05 0.0006298143)
(0.0001512113 -7.146656e-05 0.0007040671)
(0.0001519738 -6.887061e-05 0.0007218646)
(0.0001640238 -6.97569e-05 0.0006207171)
(0.001504427 -0.0005425141 0.001810589)
(0.001518601 -0.0005414344 0.0006096923)
(0.001522141 -0.0004166524 0.001177052)
(1.589529e-05 -1.319242e-05 0.0005063629)
(0.0001435836 -0.0001113631 0.0009915105)
(0.0001507534 -0.000114466 0.0007117822)
(0.0001512586 -0.0001105758 0.0007955835)
(0.0001520247 -0.0001072886 0.0008151403)
(0.0001640562 -0.0001098329 0.0006997151)
(0.001504572 -0.0008782384 0.002057257)
(0.001518027 -0.0008788127 0.0007857788)
(0.001521617 -0.0007035828 0.001483574)
(0.001555317 -0.0005501397 0.001946186)
(0.0001436466 -0.0001856802 0.001135412)
(0.0001508289 -0.000192639 0.0008145697)
(0.0001513261 -0.0001890678 0.0009096023)
(0.0001520851 -0.000186344 0.0009319499)
(0.0001641235 -0.0001953018 0.0007986709)
(0.001505015 -0.00164802 0.002368385)
(0.001518607 -0.001766692 0.001015035)
(0.001521495 -0.001864714 0.001889318)
(0.00153915 -0.002029983 0.002796765)
(0.0045769 -0.002530418 0.002091251)
(0.0001508497 -0.0002193037 0.000909339)
(0.0001513461 -0.0002165765 0.001012867)
(0.0001520921 -0.0002147788 0.001030771)
(0.0001641258 -0.0002272233 0.000884321)
(0.001505111 -0.001959156 0.002456897)
(0.00151871 -0.0021154 0.0003787507)
(0.001521616 -0.002317279 0.0009442703)
(0.001524524 -0.002595613 0.0005427177)
(0.0015175 -0.003401351 0.0003015978)
(0.0001513668 -0.0001718522 0.001093563)
(0.00015211 -0.000170623 0.001111437)
(0.0001641213 -0.0001808611 0.0009533072)
(0.001505014 -0.001574939 0.002623897)
(0.00151867 -0.00164537 0.0003158543)
(0.001521358 -0.001667668 0.0008909978)
(0.001524034 -0.001723086 0.0004330848)
(0.001512789 -0.001778682 0.0002348378)
(0.0001520983 -0.0001309365 0.001158611)
(0.0001641092 -0.0001394627 0.0009935969)
(0.001504622 -0.001230321 0.002709728)
(0.001518102 -0.001277496 0.0002393564)
(0.001520736 -0.001293231 0.0008066399)
(0.001523063 -0.001328781 0.0003029959)
(0.001511518 -0.001359675 0.0001611776)
(0.0001640851 -8.252724e-05 0.001013996)
(0.001504413 -0.0007324708 0.002759248)
(0.001517576 -0.0007530548 0.0002276243)
(0.001520009 -0.0007532913 0.00080205)
(0.001522304 -0.0007622926 0.000288443)
(0.001510494 -0.0007631709 0.0001546381)
(0.001501136 -0.0002531208 0.002771368)
(0.001514315 -0.0002568163 0.0002213896)
(0.001516415 -0.000259251 0.0007956423)
(0.001518513 -0.0002615676 0.0002800415)
(0.001506781 -0.000262437 0.000151247)
(1.492479e-05 3.388863e-06 0.0001649578)
(1.50999e-05 3.403509e-06 0.0004699975)
(1.492256e-05 1.001798e-05 0.0001628577)
(1.511564e-05 9.981007e-06 0.0004634031)
(1.511522e-05 9.63081e-06 0.0006433334)
(1.491918e-05 1.761042e-05 0.0001588374)
(1.511208e-05 1.749351e-05 0.0004513432)
(1.51282e-05 1.677662e-05 0.0006255528)
(1.5135e-05 1.596295e-05 0.0009811174)
(1.491184e-05 2.467214e-05 0.0001519297)
(1.510742e-05 2.43832e-05 0.0004306091)
(1.512204e-05 2.314125e-05 0.0005957494)
(1.514604e-05 2.169535e-05 0.0009328175)
(1.596227e-05 1.977634e-05 0.0007447206)
(1.490221e-05 3.230956e-05 0.0001411242)
(1.509625e-05 3.184447e-05 0.0003982363)
(1.511375e-05 3.00401e-05 0.0005491773)
(1.513376e-05 2.794559e-05 0.0008581477)
(1.59619e-05 2.493041e-05 0.0006842433)
(0.0001441312 0.0002183512 0.001344247)
(1.489112e-05 3.101968e-05 0.0001270842)
(1.508555e-05 3.03888e-05 0.000355893)
(1.510157e-05 2.829351e-05 0.0004883866)
(1.512355e-05 2.586602e-05 0.0007605692)
(1.59444e-05 2.202031e-05 0.0006054771)
(0.0001441235 0.0001906355 0.00118866)
(0.0001512716 0.0001980477 0.000854726)
(1.487629e-05 2.20953e-05 0.000112907)
(1.506871e-05 2.141708e-05 0.0003132536)
(1.508529e-05 1.948056e-05 0.0004269369)
(1.510598e-05 1.724672e-05 0.0006621719)
(1.592518e-05 1.337575e-05 0.0005261253)
(0.0001438867 0.000113025 0.001031672)
(0.0001511867 0.0001162626 0.0007415778)
(0.0001516302 0.0001124531 0.0008312823)
(1.486529e-05 1.544101e-05 0.0001013385)
(1.5055e-05 1.491067e-05 0.0002782246)
(1.506992e-05 1.344653e-05 0.0003767259)
(1.509161e-05 1.175976e-05 0.0005815117)
(1.590751e-05 8.780754e-06 0.0004613213)
(0.0001437195 7.333213e-05 0.0009032178)
(0.0001509453 7.513131e-05 0.0006498036)
(0.0001515616 7.213543e-05 0.0007274835)
(0.0001522615 6.960275e-05 0.0007484359)
(1.485179e-05 8.666783e-06 9.328417e-05)
(1.504615e-05 8.33141e-06 0.0002539454)
(1.505853e-05 7.439212e-06 0.0003415865)
(1.507877e-05 6.411351e-06 0.0005254712)
(1.589461e-05 4.562589e-06 0.0004161257)
(0.000143578 3.756146e-05 0.0008137632)
(0.0001507881 3.823373e-05 0.0005857939)
(0.000151337 3.637037e-05 0.0006559041)
(0.0001522068 3.474307e-05 0.0006733971)
(0.0001642153 3.473299e-05 0.0005818487)
(1.503616e-05 2.740418e-06 0.0002409422)
(1.505288e-05 2.441618e-06 0.0003229099)
(1.5071e-05 2.098897e-06 0.0004952012)
(1.588527e-05 1.481185e-06 0.0003920157)
(0.0001434969 1.216797e-05 0.0007656971)
(0.0001506755 1.236385e-05 0.0005512871)
(0.0001512141 1.174129e-05 0.0006173451)
(0.0001520135 1.119601e-05 0.0006336494)
(0.0001641622 1.115518e-05 0.0005463575)
(0.001506281 8.267418e-05 0.00157947)
(1.504751e-05 -2.442437e-06 0.0003203849)
(1.506905e-05 -2.097939e-06 0.0004912058)
(1.5881e-05 -1.479062e-06 0.0003885082)
(0.0001434517 -1.215077e-05 0.0007591454)
(0.0001506297 -1.235375e-05 0.0005461787)
(0.0001511394 -1.170937e-05 0.0006114855)
(0.0001519293 -1.117131e-05 0.0006275274)
(0.0001639904 -1.113434e-05 0.0005407715)
(0.001504994 -8.235354e-05 0.001558774)
(0.001518372 -8.185076e-05 0.0004448548)
(1.506807e-05 -6.398239e-06 0.0005132073)
(1.588207e-05 -4.542606e-06 0.0004061695)
(0.0001434499 -3.740076e-05 0.0007934323)
(0.0001506217 -3.807501e-05 0.0005708918)
(0.0001511332 -3.6179e-05 0.0006384779)
(0.000151894 -3.452356e-05 0.0006548852)
(0.0001639404 -3.447212e-05 0.0005639078)
(0.001503661 -0.0002570435 0.001631726)
(0.001517769 -0.0002550177 0.0004948599)
(0.001521239 -0.0001836334 0.0009844645)
(1.588507e-05 -8.693915e-06 0.000444861)
(0.0001434916 -7.260435e-05 0.0008698763)
(0.0001506555 -7.431887e-05 0.0006250394)
(0.0001511597 -7.129674e-05 0.0006990251)
(0.0001519241 -6.871078e-05 0.0007164105)
(0.0001639447 -6.960289e-05 0.0006157665)
(0.001503552 -0.0005404938 0.001795686)
(0.001516894 -0.0005395447 0.0006055472)
(0.001520392 -0.0004146799 0.001166054)
(0.001563696 -0.0003100877 0.001321502)
(0.0001435405 -0.0001110375 0.0009853464)
(0.0001507198 -0.0001141478 0.0007074803)
(0.000151215 -0.0001102536 0.0007903686)
(0.0001519716 -0.0001069834 0.0008100945)
(0.0001639983 -0.0001094993 0.0006951499)
(0.001503814 -0.0008751708 0.002043839)
(0.001517175 -0.0008756293 0.0007811829)
(0.001519854 -0.0007006655 0.001474092)
(0.00155329 -0.0005472612 0.001931626)
(0.008039778 -2.629225e-05 0.001388604)
(0.000150787 -0.0001919896 0.0008100809)
(0.0001512908 -0.0001883837 0.0009048283)
(0.0001520397 -0.0001856549 0.0009267312)
(0.0001640646 -0.000194604 0.0007944261)
(0.001504453 -0.001641405 0.002355333)
(0.001517856 -0.001759908 0.001010046)
(0.001520633 -0.00185657 0.001879002)
(0.001537362 -0.002020239 0.002781623)
(0.004570587 -0.00251455 0.002077232)
(1.031714 -0.001325617 0.00599804)
(0.0001513123 -0.0002158291 0.001007947)
(0.0001520604 -0.0002139473 0.00102581)
(0.0001640737 -0.0002262922 0.0008799768)
(0.001504546 -0.001951292 0.002445476)
(0.00151815 -0.00210688 0.0003768841)
(0.001520871 -0.002307652 0.0009396665)
(0.001523739 -0.00258398 0.0005398673)
(0.001515974 -0.003384652 0.0002999086)
(0.0001520805 -0.0001700479 0.001106619)
(0.0001640931 -0.0001801625 0.0009490289)
(0.001504537 -0.00156812 0.002611753)
(0.001518073 -0.001638925 0.0003144442)
(0.001520794 -0.001660865 0.0008869527)
(0.001523302 -0.001716077 0.0004311004)
(0.001512045 -0.001770945 0.0002336897)
(0.0001640788 -0.0001389657 0.0009896435)
(0.001504382 -0.001225367 0.002698138)
(0.001517616 -0.001271973 0.0002382516)
(0.001520122 -0.001288003 0.0008033001)
(0.001522499 -0.001323335 0.000301684)
(0.001510806 -0.001354121 0.0001604897)
(0.001504119 -0.0007296901 0.002748624)
(0.001517374 -0.0007501254 0.0002266744)
(0.001519529 -0.0007500207 0.0007984614)
(0.001521676 -0.0007592125 0.0002872627)
(0.001509934 -0.0007600726 0.0001539958)
(0.001514028 -0.0002558482 0.0002205363)
(0.001516209 -0.0002582148 0.0007924294)
(0.001518036 -0.0002604265 0.0002788)
(0.001506154 -0.0002613703 0.0001506332)
(1.492223e-05 3.378953e-06 0.0001642576)
(1.51157e-05 3.39759e-06 0.000467565)
(1.51166e-05 3.303201e-06 0.0006492207)
(1.491979e-05 9.990536e-06 0.0001621926)
(1.511281e-05 9.954049e-06 0.0004613486)
(1.512937e-05 9.610821e-06 0.000639847)
(1.513827e-05 9.20924e-06 0.001003701)
(1.491343e-05 1.756434e-05 0.0001582092)
(1.510909e-05 1.74472e-05 0.0004493924)
(1.512448e-05 1.673867e-05 0.0006226413)
(1.51476e-05 1.591228e-05 0.0009754869)
(1.596361e-05 1.498134e-05 0.0007787796)
(1.490723e-05 2.461444e-05 0.0001512928)
(1.510155e-05 2.432576e-05 0.0004287651)
(1.511927e-05 2.308518e-05 0.0005929888)
(1.51399e-05 2.165012e-05 0.0009280791)
(1.596595e-05 1.968886e-05 0.0007401323)
(0.0001441793 0.0001732626 0.001453991)
(1.489675e-05 3.22369e-05 0.0001405202)
(1.509169e-05 3.177298e-05 0.0003963551)
(1.510791e-05 2.997036e-05 0.0005465637)
(1.513082e-05 2.788431e-05 0.0008537465)
(1.595e-05 2.484336e-05 0.000680251)
(0.0001441551 0.0002173374 0.001335181)
(0.0001513108 0.0002267334 0.0009528661)
(1.488735e-05 3.095978e-05 0.0001264515)
(1.508043e-05 3.033213e-05 0.0003540987)
(1.509709e-05 2.823715e-05 0.0004856974)
(1.511844e-05 2.581677e-05 0.0007563941)
(1.593778e-05 2.196107e-05 0.000601714)
(0.0001439916 0.0001899226 0.001180818)
(0.0001512921 0.0001972118 0.0008480032)
(0.0001517674 0.0001938592 0.0009494368)
(1.48747e-05 2.206659e-05 0.0001123248)
(1.506531e-05 2.139349e-05 0.0003113542)
(1.508028e-05 1.945671e-05 0.0004243675)
(1.510201e-05 1.722313e-05 0.0006578809)
(1.591861e-05 1.335488e-05 0.0005226343)
(0.0001438157 0.0001127376 0.001023976)
(0.0001510411 0.0001159108 0.0007360378)
(0.0001516579 0.0001120869 0.0008234566)
(0.0001523804 0.000108906 0.0008463676)
(1.485902e-05 1.542076e-05 0.0001007534)
(1.505396e-05 1.489783e-05 0.0002764739)
(1.506646e-05 1.343454e-05 0.0003739915)
(1.508669e-05 1.174685e-05 0.0005774108)
(1.590293e-05 8.766632e-06 0.0004578317)
(0.0001436546 7.323584e-05 0.0008959664)
(0.0001508647 7.492168e-05 0.0006443642)
(0.0001514119 7.195117e-05 0.0007212167)
(0.0001522837 6.939979e-05 0.00074018)
(0.0001643149 7.042575e-05 0.0006384438)
(1.504041e-05 8.328319e-06 0.0002521901)
(1.50572e-05 7.435378e-06 0.0003390744)
(1.507516e-05 6.407146e-06 0.0005211117)
(1.588951e-05 4.556479e-06 0.0004128158)
(0.0001435364 3.752819e-05 0.0008067241)
(0.0001507156 3.817918e-05 0.0005804876)
(0.0001512531 3.628376e-05 0.0006499201)
(0.0001520538 3.467485e-05 0.0006669487)
(0.0001642058 3.464751e-05 0.0005746103)
(0.00150669 0.0002589252 0.001667638)
(1.504751e-05 2.441802e-06 0.0003203834)
(1.506903e-05 2.097896e-06 0.0004912055)
(1.588099e-05 1.479162e-06 0.0003885087)
(0.0001434516 1.215202e-05 0.0007591472)
(0.0001506296 1.235621e-05 0.0005461813)
(0.0001511393 1.171398e-05 0.0006114919)
(0.0001519294 1.117477e-05 0.0006275329)
(0.0001639905 1.113392e-05 0.0005407711)
(0.001504994 8.236046e-05 0.00155878)
(0.001518372 8.185389e-05 0.0004448553)
(1.506393e-05 -2.098034e-06 0.0004872178)
(1.58778e-05 -1.477224e-06 0.0003853174)
(0.0001434122 -1.213135e-05 0.0007522817)
(0.0001505818 -1.233752e-05 0.0005415333)
(0.0001510919 -1.170153e-05 0.0006058226)
(0.0001518536 -1.114382e-05 0.0006215903)
(0.0001638979 -1.110639e-05 0.0005355442)
(0.001503265 -8.21056e-05 0.001543099)
(0.001517342 -8.158806e-05 0.0004401185)
(0.001520788 -5.836056e-05 0.0008924685)
(1.587721e-05 -4.535926e-06 0.0004030232)
(0.0001434196 -3.733489e-05 0.0007872357)
(0.0001505796 -3.800404e-05 0.0005660584)
(0.0001510833 -3.611302e-05 0.0006333789)
(0.0001518458 -3.447471e-05 0.000649271)
(0.0001638588 -3.440193e-05 0.0005588069)
(0.001502777 -0.0002561621 0.00161707)
(0.001516057 -0.0002542935 0.0004911273)
(0.001519508 -0.0001828888 0.0009740322)
(0.001568413 -0.0001257081 0.001048459)
(0.000143448 -7.242364e-05 0.0008637702)
(0.0001506228 -7.41426e-05 0.0006206833)
(0.0001511167 -7.1115e-05 0.0006937239)
(0.0001518721 -6.853755e-05 0.0007112919)
(0.0001638891 -6.942267e-05 0.0006111115)
(0.001502783 -0.0005387549 0.001781648)
(0.001516017 -0.000537634 0.0006015832)
(0.001518598 -0.0004131026 0.001157591)
(0.001561626 -0.0003085778 0.00131007)
(0.01013126 -7.233076e-06 0.0008971384)
(0.000150675 -0.0001138081 0.0007030961)
(0.0001511805 -0.0001099329 0.0007855916)
(0.0001519275 -0.0001066563 0.0008047945)
(0.0001639408 -0.0001091657 0.0006908442)
(0.001503256 -0.0008719624 0.002030729)
(0.001516421 -0.0008727979 0.0007769316)
(0.001518968 -0.0006979126 0.001464968)
(0.001551448 -0.0005449665 0.00192022)
(0.008030499 -2.611261e-05 0.00137829)
(2.205013 -0.001117368 0.004126379)
(0.0001512494 -0.0001877333 0.0008998415)
(0.0001520039 -0.0001849697 0.0009218717)
(0.0001640153 -0.0001938541 0.0007899748)
(0.001503912 -0.00163492 0.002342965)
(0.001517292 -0.001752969 0.001005065)
(0.001519855 -0.00184892 0.001869549)
(0.001536467 -0.002011146 0.002767369)
(0.004565671 -0.002501979 0.002066068)
(1.030453 -0.001313989 0.005958362)
(1.790393 -0.0002204145 0.002059515)
(0.0001520262 -0.0002131919 0.001020829)
(0.0001640392 -0.0002253992 0.0008757415)
(0.001504076 -0.001942806 0.002433477)
(0.001517581 -0.002098522 0.0003750959)
(0.001520305 -0.002297932 0.0009350464)
(0.001522989 -0.002573035 0.0005372279)
(0.001515183 -0.003368974 0.0002983374)
(0.0001640602 -0.0001795317 0.0009449129)
(0.001504256 -0.001561757 0.002600036)
(0.00151759 -0.001631878 0.0003129318)
(0.001520202 -0.001654169 0.000883072)
(0.001522735 -0.001709 0.0004291074)
(0.001511315 -0.001763646 0.0002326204)
(0.001504078 -0.001220683 0.00268742)
(0.001517386 -0.001266915 0.0002372118)
(0.00151964 -0.001282357 0.0007996252)
(0.001521886 -0.001317951 0.0003004164)
(0.001510246 -0.001348521 0.0001597963)
(0.001517083 -0.0007473113 0.0002257806)
(0.001519308 -0.0007470205 0.0007951628)
(0.001521196 -0.0007559038 0.0002859721)
(0.001509314 -0.0007569914 0.0001533651)
(0.001515916 -0.000257223 0.0007893841)
(0.001517827 -0.0002593794 0.0002776669)
(0.001505681 -0.000260226 0.0001499642)
(1.491946e-05 3.369178e-06 0.0001635928)
(1.511246e-05 3.387417e-06 0.0004655158)
(1.512929e-05 3.295976e-06 0.0006458028)
(1.513906e-05 3.13172e-06 0.00101309)
(1.491401e-05 9.962926e-06 0.0001615629)
(1.510971e-05 9.926223e-06 0.0004594038)
(1.512513e-05 9.583118e-06 0.0006369661)
(1.514843e-05 9.185026e-06 0.0009982781)
(1.596435e-05 8.799655e-06 0.0007968504)
(1.490856e-05 1.751782e-05 0.0001575711)
(1.510317e-05 1.740065e-05 0.0004475506)
(1.512088e-05 1.669168e-05 0.000619905)
(1.514201e-05 1.587083e-05 0.0009709604)
(1.596656e-05 1.491779e-05 0.0007743127)
(0.0001441844 0.0001321951 0.001520715)
(1.490034e-05 2.4553e-05 0.000150685)
(1.50968e-05 2.426737e-05 0.0004268918)
(1.511316e-05 2.302718e-05 0.0005903957)
(1.513618e-05 2.159214e-05 0.0009237821)
(1.595536e-05 1.962692e-05 0.0007363719)
(0.0001441901 0.0001724619 0.001445046)
(0.000151358 0.0001801329 0.001029656)
(1.489133e-05 3.214798e-05 0.0001398865)
(1.508615e-05 3.169956e-05 0.0003945691)
(1.510318e-05 2.989784e-05 0.0005439099)
(1.512463e-05 2.781288e-05 0.0008496642)
(1.594427e-05 2.476621e-05 0.0006767549)
(0.000144041 0.0002165362 0.001327394)
(0.0001513255 0.0002256636 0.0009464377)
(0.0001517996 0.0002233263 0.001056207)
(1.488453e-05 3.088245e-05 0.0001258634)
(1.507655e-05 3.027134e-05 0.0003522184)
(1.509192e-05 2.817955e-05 0.0004831566)
(1.51137e-05 2.575859e-05 0.0007521793)
(1.593096e-05 2.190034e-05 0.0005983915)
(0.0001439278 0.0001893612 0.001173466)
(0.0001511516 0.000196463 0.0008424218)
(0.0001517636 0.000193006 0.0009419676)
(0.0001525121 0.0001905176 0.0009672611)
(1.486835e-05 2.202342e-05 0.000111729)
(1.506354e-05 2.136454e-05 0.0003096157)
(1.50767e-05 1.943175e-05 0.0004216699)
(1.509693e-05 1.719783e-05 0.0006538397)
(1.591349e-05 1.332511e-05 0.0005192149)
(0.0001437534 0.0001125258 0.00101715)
(0.0001509657 0.0001156061 0.0007305709)
(0.0001515082 0.0001117322 0.0008173037)
(0.00015238 0.0001085253 0.000838416)
(0.0001644355 0.0001112944 0.0007217942)
(1.504777e-05 1.487772e-05 0.0002747229)
(1.506498e-05 1.342091e-05 0.0003714981)
(1.508301e-05 1.173336e-05 0.0005731012)
(1.589758e-05 8.749821e-06 0.000454559)
(0.0001436108 7.309732e-05 0.0008891386)
(0.0001507957 7.481412e-05 0.0006392168)
(0.0001513299 7.174255e-05 0.0007151784)
(0.0001521292 6.921072e-05 0.000733818)
(0.0001642885 7.01914e-05 0.000631398)
(0.001507478 0.0005470836 0.001845995)
(1.505171e-05 7.431602e-06 0.0003365742)
(1.507326e-05 6.402467e-06 0.0005171467)
(1.588519e-05 4.549572e-06 0.0004093347)
(0.0001434896 3.746831e-05 0.0008002473)
(0.0001506709 3.814059e-05 0.0005754924)
(0.0001511795 3.622597e-05 0.0006440308)
(0.0001519687 3.458792e-05 0.0006608774)
(0.0001640339 3.456855e-05 0.0005691051)
(0.001505385 0.0002578932 0.001647231)
(0.001518829 0.0002558956 0.0004997974)
(1.506394e-05 2.097523e-06 0.0004872154)
(1.587779e-05 1.477203e-06 0.0003853172)
(0.0001434122 1.213212e-05 0.0007522828)
(0.0001505817 1.233877e-05 0.0005415345)
(0.0001510919 1.170375e-05 0.0006058255)
(0.0001518536 1.114796e-05 0.0006215968)
(0.000163898 1.110949e-05 0.0005355489)
(0.001503266 8.210362e-05 0.001543098)
(0.001517342 8.159615e-05 0.0004401197)
(0.001520788 5.836244e-05 0.0008924695)
(1.587301e-05 -1.475857e-06 0.0003821318)
(0.0001433815 -1.2113e-05 0.0007460313)
(0.00015054 -1.23166e-05 0.0005366637)
(0.0001510433 -1.168395e-05 0.0006006661)
(0.0001518046 -1.11334e-05 0.0006158477)
(0.0001638152 -1.107777e-05 0.000530475)
(0.001502381 -8.182902e-05 0.001528412)
(0.001515629 -8.138501e-05 0.0004365728)
(0.001519064 -5.813243e-05 0.0008822666)
(0.001570576 -3.975294e-05 0.000921713)
(0.0001433769 -3.727065e-05 0.0007810852)
(0.0001505471 -3.793376e-05 0.0005616594)
(0.0001510406 -3.60395e-05 0.0006280135)
(0.0001517953 -3.440619e-05 0.0006440978)
(0.0001638046 -3.434084e-05 0.0005540144)
(0.001502001 -0.0002554193 0.001602711)
(0.00151517 -0.0002534864 0.0004875626)
(0.001517705 -0.0001823141 0.0009661282)
(0.001566351 -0.000125195 0.001038179)
(0.01135202 -1.181017e-06 0.0007074003)
(0.0001505775 -7.395311e-05 0.0006163444)
(0.0001510829 -7.093577e-05 0.0006888885)
(0.0001518285 -6.835201e-05 0.0007059097)
(0.0001638327 -6.923187e-05 0.0006067425)
(0.001502232 -0.0005369186 0.00176842)
(0.001515251 -0.0005360874 0.0005978596)
(0.001517696 -0.0004115356 0.001149468)
(0.001559755 -0.0003074071 0.001301307)
(0.01012128 -7.176662e-06 0.0008893598)
(2.91386 -0.0006629996 0.002117724)
(0.0001511364 -0.0001095956 0.000780721)
(0.0001518921 -0.0001063329 0.0007999385)
(0.0001638926 -0.0001088077 0.0006863218)
(0.001502727 -0.0008687899 0.002018358)
(0.001515864 -0.000869771 0.0007727322)
(0.001518185 -0.0006953984 0.001456613)
(0.001550526 -0.0005427791 0.001909352)
(0.008022991 -2.624651e-05 0.001370194)
(2.202755 -0.001099526 0.004097208)
(4.14141 -0.001026583 0.0021761)
(0.0001519629 -0.000184317 0.0009167989)
(0.0001639763 -0.0001931176 0.0007858303)
(0.001503452 -0.001627954 0.002329981)
(0.001516748 -0.001746166 0.001000277)
(0.001519279 -0.001841165 0.001860105)
(0.001535668 -0.002002615 0.002754142)
(0.00456299 -0.002490133 0.002055562)
(1.029449 -0.001321201 0.005932011)
(1.788552 -0.0002125733 0.002054662)
(2.239534 -0.0001764572 0.001159214)
(0.000164002 -0.0002245768 0.0008714874)
(0.001503753 -0.001934773 0.002421777)
(0.001517105 -0.002089482 0.0003732003)
(0.001519736 -0.002288432 0.0009306348)
(0.00152242 -0.002562 0.0005345871)
(0.001514433 -0.003354274 0.0002968826)
(0.001503932 -0.001555771 0.002588776)
(0.001517311 -0.001625329 0.0003114937)
(0.001519722 -0.001646915 0.0008788915)
(0.001522144 -0.001702044 0.0004271924)
(0.001510752 -0.001756281 0.0002315462)
(0.001517086 -0.001262155 0.0002362324)
(0.001519393 -0.001277129 0.0007961738)
(0.001521404 -0.001312142 0.0002990305)
(0.00150964 -0.001342994 0.0001591255)
(0.001519009 -0.0007441554 0.0007920546)
(0.001520973 -0.000752861 0.0002847811)
(0.001508838 -0.0007536795 0.0001526753)
(0.001517532 -0.0002583776 0.0002765944)
(0.001505469 -0.0002591727 0.000149355)
(1.491368e-05 3.359386e-06 0.0001629624)
(1.510938e-05 3.377413e-06 0.0004635741)
(1.512475e-05 3.285593e-06 0.0006429319)
(1.514818e-05 3.123272e-06 0.001007779)
(1.596375e-05 3.083771e-06 0.0008043759)
(1.490848e-05 9.935068e-06 0.0001609236)
(1.510377e-05 9.89835e-06 0.0004575622)
(1.512147e-05 9.554936e-06 0.0006342431)
(1.514256e-05 9.156391e-06 0.0009938068)
(1.596668e-05 8.765053e-06 0.0007925518)
(0.0001441865 7.793917e-05 0.00155614)
(1.490027e-05 1.746264e-05 0.0001569571)
(1.509818e-05 1.735363e-05 0.0004456803)
(1.511475e-05 1.664487e-05 0.0006173218)
(1.513772e-05 1.582293e-05 0.0009667117)
(1.595682e-05 1.486639e-05 0.0007707251)
(0.0001441938 0.0001316041 0.001512016)
(0.0001513609 0.000137757 0.001076225)
(1.489422e-05 2.446711e-05 0.0001500283)
(1.508991e-05 2.420555e-05 0.000425103)
(1.510826e-05 2.296824e-05 0.0005877619)
(1.51298e-05 2.153334e-05 0.0009197453)
(1.594948e-05 1.956121e-05 0.0007329641)
(0.0001440876 0.0001718784 0.001437721)
(0.0001513617 0.0001792886 0.001023318)
(0.0001518413 0.0001777867 0.001141028)
(1.488867e-05 3.205177e-05 0.0001392691)
(1.508073e-05 3.161046e-05 0.0003926959)
(1.509762e-05 2.982394e-05 0.0005413906)
(1.51197e-05 2.773897e-05 0.000845521)
(1.593703e-05 2.468663e-05 0.000673512)
(0.0001439849 0.0002158183 0.001320579)
(0.0001512034 0.000224817 0.0009409201)
(0.0001517969 0.0002222439 0.001049079)
(0.0001525381 0.0002207671 0.001069707)
(1.487897e-05 3.081188e-05 0.0001252461)
(1.507363e-05 3.019443e-05 0.00035047)
(1.508792e-05 2.811771e-05 0.0004804946)
(1.510847e-05 2.569971e-05 0.0007481959)
(1.592543e-05 2.18344e-05 0.0005950382)
(0.0001438639 0.0001887977 0.001166976)
(0.0001510833 0.0001958646 0.0008371893)
(0.0001516192 0.0001922541 0.0009357683)
(0.0001524864 0.0001896468 0.0009596607)
(0.000164569 0.0001991773 0.0008245428)
(1.505728e-05 2.13221e-05 0.0003078379)
(1.50746e-05 1.940247e-05 0.0004191997)
(1.509314e-05 1.717114e-05 0.0006495982)
(1.590801e-05 1.329473e-05 0.0005159937)
(0.0001437056 0.0001122482 0.001010465)
(0.0001508993 0.0001153762 0.0007257168)
(0.0001514309 0.0001114215 0.0008112346)
(0.0001522263 0.0001081676 0.0008321632)
(0.0001643924 0.0001108646 0.0007150098)
(0.001508426 0.0008896208 0.002107137)
(1.505912e-05 1.340121e-05 0.0003690076)
(1.5081e-05 1.17187e-05 0.0005691717)
(1.589322e-05 8.73195e-06 0.0004511204)
(0.0001435621 7.293973e-05 0.0008827374)
(0.0001507489 7.466523e-05 0.0006343668)
(0.0001512594 7.162384e-05 0.0007094645)
(0.0001520458 6.900263e-05 0.0007276893)
(0.0001641158 6.998156e-05 0.0006259679)
(0.00150614 0.0005445796 0.001825991)
(0.001519729 0.000543702 0.0006150833)
(1.506808e-05 6.397848e-06 0.0005132006)
(1.588204e-05 4.542587e-06 0.000406169)
(0.0001434498 3.740152e-05 0.0007934351)
(0.0001506216 3.807628e-05 0.0005708953)
(0.000151133 3.618113e-05 0.0006384863)
(0.0001518939 3.452714e-05 0.0006549046)
(0.0001639407 3.447494e-05 0.0005639218)
(0.001503662 0.0002570414 0.00163172)
(0.001517768 0.0002550256 0.0004948636)
(0.00152124 0.0001836353 0.0009844675)
(1.587301e-05 1.475574e-06 0.0003821299)
(0.0001433814 1.211284e-05 0.0007460309)
(0.00015054 1.231737e-05 0.0005366645)
(0.0001510433 1.168509e-05 0.0006006675)
(0.0001518045 1.113541e-05 0.0006158507)
(0.0001638152 1.108151e-05 0.0005304805)
(0.001502381 8.184385e-05 0.001528425)
(0.001515629 8.13826e-05 0.0004365724)
(0.001519064 5.81372e-05 0.0008822694)
(0.001570576 3.975422e-05 0.000921714)
(0.0001433391 -1.209812e-05 0.0007398015)
(0.0001505072 -1.229681e-05 0.0005322284)
(0.000151001 -1.166207e-05 0.0005952609)
(0.0001517553 -1.11146e-05 0.000610618)
(0.0001637603 -1.106272e-05 0.0005255727)
(0.0015016 -8.158611e-05 0.001514181)
(0.001514744 -8.113751e-05 0.0004331899)
(0.001517259 -5.796767e-05 0.0008745934)
(0.001568519 -3.959579e-05 0.0009119258)
(0.01191875 -4.620182e-07 0.0006199605)
(0.0001505027 -3.786511e-05 0.0005572928)
(0.0001510069 -3.596705e-05 0.0006231315)
(0.0001517521 -3.433029e-05 0.0006386541)
(0.0001637496 -3.426358e-05 0.0005495976)
(0.001501454 -0.0002546667 0.001589197)
(0.001514393 -0.0002528405 0.0004841583)
(0.001516798 -0.0001816906 0.0009586003)
(0.001564475 -0.0001248311 0.001030452)
(0.01134237 -1.164639e-06 0.0007004259)
(3.32749 -0.00026259 0.001559859)
(0.0001510383 -7.0746e-05 0.0006840689)
(0.0001517936 -6.816988e-05 0.0007010003)
(0.0001637851 -6.902732e-05 0.0006021489)
(0.001501711 -0.0005350711 0.001756003)
(0.001514704 -0.0005344093 0.0005942341)
(0.001516905 -0.0004101708 0.001141834)
(0.001558819 -0.0003062229 0.001292906)
(0.01011297 -7.475622e-06 0.0008833832)
(2.91137 -0.0006485863 0.002099798)
(5.656578 -0.0008318476 0.001363048)
(0.0001518487 -0.0001059971 0.0007949879)
(0.0001638535 -0.000108457 0.0006821787)
(0.001502274 -0.0008653792 0.002005355)
(0.001515331 -0.0008667689 0.0007687228)
(0.001517611 -0.0006927814 0.001448387)
(0.001549716 -0.0005407725 0.001899275)
(0.008018587 -2.62105e-05 0.001362488)
(2.200877 -0.001144514 0.004084614)
(4.138006 -0.0009941339 0.002191278)
(5.371758 -0.0006669633 0.001568646)
(0.0001639328 -0.0001924141 0.0007815036)
(0.001503086 -0.001621305 0.002317872)
(0.001516287 -0.00173886 0.0009951939)
(0.001518737 -0.001833593 0.001851057)
(0.001535079 -0.001993996 0.002740916)
(0.004560699 -0.002479054 0.002045807)
(1.02887 -0.001316058 0.0059039)
(1.787035 -0.0002332511 0.002070722)
(2.237637 -0.0001667763 0.001176962)
(2.496326 -8.398166e-05 0.0007466914)
(0.001503404 -0.001927136 0.002410049)
(0.001516781 -0.0020809 0.0003713969)
(0.001519262 -0.002278213 0.0009259715)
(0.001521852 -0.002551235 0.0005320582)
(0.001513864 -0.003339486 0.0002954259)
(0.001516992 -0.001619229 0.0003101016)
(0.001519433 -0.001640136 0.0008748986)
(0.001521665 -0.001694523 0.0004251376)
(0.001510167 -0.001749054 0.0002305129)
(0.001519083 -0.001272171 0.0007929374)
(0.001521154 -0.001306753 0.0002977282)
(0.001509163 -0.001337038 0.0001583912)
(0.001520672 -0.0007499554 0.0002836561)
(0.001508612 -0.0007506246 0.0001520399)
(0.001505175 -0.0002581659 0.0001487777)
(1.490772e-05 3.349514e-06 0.0001623224)
(1.510343e-05 3.367435e-06 0.0004617325)
(1.512112e-05 3.275445e-06 0.0006402154)
(1.514214e-05 3.112872e-06 0.001003327)
(1.596587e-05 3.071436e-06 0.0008001675)
(0.000144156 2.707607e-05 0.00157084)
(1.489968e-05 9.896656e-06 0.0001602962)
(1.509816e-05 9.870212e-06 0.0004556926)
(1.511533e-05 9.526946e-06 0.0006316644)
(1.513826e-05 9.127725e-06 0.0009895853)
(1.595715e-05 8.732678e-06 0.0007890108)
(0.0001441935 7.761153e-05 0.001547774)
(0.0001513615 8.131043e-05 0.001101249)
(1.48941e-05 1.73969e-05 0.0001562765)
(1.508996e-05 1.729854e-05 0.0004438798)
(1.510965e-05 1.659756e-05 0.000614699)
(1.513134e-05 1.577571e-05 0.0009627002)
(1.595086e-05 1.481359e-05 0.0007673595)
(0.0001440995 0.000131127 0.001505035)
(0.000151365 0.0001371308 0.001070064)
(0.0001518402 0.0001364955 0.001192424)
(1.48937e-05 2.43981e-05 0.0001493948)
(1.508381e-05 2.412045e-05 0.0004231697)
(1.510153e-05 2.290653e-05 0.0005852469)
(1.512474e-05 2.147357e-05 0.0009156466)
(1.594221e-05 1.949696e-05 0.0007297624)
(0.0001440312 0.0001712772 0.001431086)
(0.0001512518 0.0001786679 0.001018125)
(0.0001518325 0.0001769335 0.001134003)
(0.0001525751 0.0001760398 0.00115466)
(1.488615e-05 3.198593e-05 0.0001386461)
(1.507799e-05 3.151485e-05 0.0003908688)
(1.50923e-05 2.97359e-05 0.0005387482)
(1.511411e-05 2.766432e-05 0.0008415866)
(1.593143e-05 2.460508e-05 0.0006702213)
(0.0001439184 0.0002150924 0.001314258)
(0.0001511431 0.0002240557 0.0009360844)
(0.0001516708 0.0002213853 0.001042962)
(0.0001525198 0.0002196709 0.001062486)
(0.0001645881 0.00023282 0.0009132286)
(1.506813e-05 3.012403e-05 0.0003486351)
(1.508488e-05 2.804283e-05 0.000478018)
(1.510433e-05 2.563647e-05 0.0007440237)
(1.591981e-05 2.176891e-05 0.0005918682)
(0.0001438131 0.0001881943 0.001160426)
(0.0001510153 0.0001952677 0.0008325652)
(0.0001515484 0.0001916387 0.0009299571)
(0.0001523381 0.0001888905 0.0009533555)
(0.000164508 0.0001982168 0.0008180604)
(0.001509481 0.001678092 0.002430552)
(1.50687e-05 1.936201e-05 0.0004166764)
(1.509066e-05 1.714132e-05 0.0006457145)
(1.590357e-05 1.326231e-05 0.0005126135)
(0.0001436559 0.000111967 0.001004169)
(0.0001508485 0.0001150821 0.0007209626)
(0.0001513627 0.0001111784 0.0008058439)
(0.0001521472 0.000107851 0.0008259997)
(0.0001642215 0.0001104767 0.0007096739)
(0.0015071 0.0008852367 0.002087671)
(0.001520863 0.0008863236 0.0007967503)
(1.507553e-05 1.169937e-05 0.0005652469)
(1.589002e-05 8.713924e-06 0.0004479855)
(0.000143522 7.277183e-05 0.0008760119)
(0.0001506977 7.449806e-05 0.0006298198)
(0.000151211 7.146867e-05 0.0007040799)
(0.0001519737 6.887379e-05 0.0007218905)
(0.0001640243 6.975937e-05 0.0006207373)
(0.001504427 0.000542512 0.001810579)
(0.001518601 0.0005414433 0.0006096985)
(0.001522142 0.0004166549 0.001177056)
(1.587722e-05 4.535704e-06 0.0004030179)
(0.0001434194 3.733474e-05 0.0007872346)
(0.0001505795 3.800481e-05 0.0005660604)
(0.0001510831 3.611418e-05 0.0006333828)
(0.0001518456 3.447667e-05 0.0006492797)
(0.0001638587 3.440524e-05 0.0005588234)
(0.001502779 0.0002561767 0.001617109)
(0.001516058 0.0002542909 0.0004911262)
(0.001519507 0.0001828937 0.0009740401)
(0.001568413 0.0001257094 0.001048462)
(0.0001433392 1.209598e-05 0.0007397978)
(0.0001505071 1.229665e-05 0.0005322282)
(0.000151001 1.166277e-05 0.0005952618)
(0.0001517553 1.111564e-05 0.0006106195)
(0.0001637603 1.106456e-05 0.0005255753)
(0.001501599 8.160431e-05 0.001514197)
(0.001514745 8.115521e-05 0.0004331925)
(0.001517259 5.796631e-05 0.0008745927)
(0.001568519 3.9599e-05 0.0009119284)
(0.01191875 4.620721e-07 0.0006199611)
(0.0001504631 -1.228035e-05 0.0005278081)
(0.0001509669 -1.16413e-05 0.0005903392)
(0.0001517123 -1.109182e-05 0.0006051357)
(0.0001637064 -1.104073e-05 0.0005211074)
(0.001501053 -8.136202e-05 0.00150041)
(0.001513961 -8.091345e-05 0.0004299455)
(0.001516352 -5.777331e-05 0.0008673159)
(0.001566641 -3.949639e-05 0.0009046637)
(0.01190953 -4.51038e-07 0.0006133267)
(3.519548 -7.015779e-05 0.001345992)
(0.000150963 -3.58962e-05 0.0006182826)
(0.0001517172 -3.425581e-05 0.000633701)
(0.0001637023 -3.417866e-05 0.0005449504)
(0.001500939 -0.0002538765 0.001576739)
(0.001513853 -0.0002522076 0.0004808662)
(0.001516002 -0.0001811611 0.0009513577)
(0.001563536 -0.0001244093 0.001023041)
(0.01133412 -1.447196e-06 0.0006951652)
(3.325113 -0.0002546658 0.00154486)
(6.565346 -0.0004262607 0.0008709615)
(0.0001517495 -6.797958e-05 0.0006961057)
(0.0001637461 -6.882783e-05 0.0005979593)
(0.001501262 -0.0005330863 0.00174294)
(0.001514181 -0.0005326968 0.0005908012)
(0.001516335 -0.0004087344 0.001134473)
(0.001558001 -0.0003051811 0.001285008)
(0.01010789 -7.572444e-06 0.0008776587)
(2.909217 -0.0007143654 0.002101774)
(5.653009 -0.0008052438 0.001399245)
(7.469143 -0.0005585092 0.001180361)
(0.0001638078 -0.0001080994 0.0006779537)
(0.001501894 -0.0008621084 0.001993415)
(0.001514878 -0.0008635419 0.0007644787)
(0.001517079 -0.0006902004 0.00144056)
(0.001549123 -0.0005386912 0.001889296)
(0.008014846 -2.615549e-05 0.001355345)
(2.199716 -0.001157766 0.004065502)
(4.135014 -0.001071331 0.002247536)
(5.368466 -0.0006265522 0.001638583)
(6.094942 -0.0002908427 0.001139583)
(0.001502707 -0.001614912 0.002305308)
(0.001515916 -0.001731842 0.0009904157)
(0.001518274 -0.001825478 0.001841472)
(0.001534535 -0.001985601 0.002728174)
(0.004558936 -0.002467909 0.002036048)
(1.028381 -0.001312741 0.005877769)
(1.78611 -0.0002354668 0.002071376)
(2.236013 -0.0001915957 0.001204678)
(2.494604 -7.478979e-05 0.0007799752)
(2.608701 -1.74979e-05 0.0004905474)
(0.001516432 -0.002072793 0.0003696221)
(0.001518931 -0.002268558 0.0009215017)
(0.001521378 -0.002539676 0.0005293747)
(0.001513301 -0.003325101 0.0002940293)
(0.001519105 -0.001633725 0.0008710307)
(0.001521372 -0.001687487 0.0004231877)
(0.001509693 -0.001741256 0.0002294042)
(0.001520843 -0.001301631 0.0002964969)
(0.001508911 -0.001331501 0.0001577018)
(0.001508312 -0.0007477086 0.0001514396)
(1.489874e-05 3.335452e-06 0.0001616865)
(1.509742e-05 3.357369e-06 0.0004598634)
(1.511498e-05 3.265404e-06 0.000637639)
(1.513789e-05 3.102769e-06 0.0009991185)
(1.595644e-05 3.059691e-06 0.0007966429)
(0.0001441627 2.696105e-05 0.001562653)
(0.0001513273 2.757553e-05 0.001111646)
(1.489465e-05 9.861898e-06 0.0001596072)
(1.508944e-05 9.832196e-06 0.0004538565)
(1.510971e-05 9.498667e-06 0.0006290469)
(1.513189e-05 9.099527e-06 0.0009855871)
(1.595131e-05 8.701231e-06 0.0007856691)
(0.000144102 7.731545e-05 0.001540888)
(0.0001513642 8.096137e-05 0.001095321)
(0.0001518382 8.072119e-05 0.001220143)
(1.489614e-05 1.73528e-05 0.0001556363)
(1.508382e-05 1.723327e-05 0.0004418821)
(1.510177e-05 1.654354e-05 0.0006121736)
(1.512611e-05 1.572793e-05 0.0009586284)
(1.594366e-05 1.476256e-05 0.0007641815)
(0.0001440433 0.0001306462 0.001498489)
(0.0001512638 0.0001366254 0.001065116)
(0.0001518347 0.0001358577 0.001185598)
(0.0001525702 0.0001356343 0.001205902)
(1.489306e-05 2.435921e-05 0.0001487821)
(1.508311e-05 2.405147e-05 0.000421303)
(1.509564e-05 2.282446e-05 0.000582528)
(1.511819e-05 2.141183e-05 0.0009117318)
(1.593654e-05 1.943167e-05 0.0007265121)
(0.0001439647 0.0001706928 0.001424854)
(0.0001511916 0.0001780338 0.001013421)
(0.0001517184 0.0001762973 0.001128249)
(0.0001525549 0.0001751767 0.001147551)
(0.0001646207 0.0001860432 0.0009859443)
(1.507536e-05 3.144796e-05 0.0003890264)
(1.508948e-05 2.96431e-05 0.000536169)
(1.510892e-05 2.757727e-05 0.000837461)
(1.59255e-05 2.452409e-05 0.0006670957)
(0.0001438671 0.0002143496 0.001307844)
(0.0001510728 0.0002232907 0.0009316009)
(0.0001516078 0.0002206091 0.0010376)
(0.0001523898 0.0002187995 0.001056294)
(0.0001645448 0.0002316233 0.0009070618)
(0.001509515 0.002003616 0.002525302)
(1.507965e-05 2.797384e-05 0.0004754209)
(1.510115e-05 2.556369e-05 0.000740142)
(1.591517e-05 2.169856e-05 0.0005885485)
(0.0001437621 0.0001875969 0.001154236)
(0.0001509617 0.0001946313 0.0008279004)
(0.0001514789 0.0001910311 0.0009248198)
(0.000152265 0.0001882585 0.0009474454)
(0.0001643434 0.0001973988 0.0008126829)
(0.001508201 0.001668891 0.002411683)
(0.001522214 0.001791362 0.001033352)
(1.508518e-05 1.710296e-05 0.0006417475)
(1.590019e-05 1.322917e-05 0.0005095188)
(0.000143615 0.0001116665 0.0009975623)
(0.0001507963 0.0001147849 0.0007164848)
(0.0001513109 0.0001108788 0.0008005644)
(0.0001520771 0.0001075957 0.0008205217)
(0.000164134 0.0001101284 0.0007044159)
(0.001505426 0.0008816142 0.002072369)
(0.001519704 0.0008822506 0.0007906059)
(0.001523336 0.0007071881 0.00149567)
(1.588508e-05 8.693849e-06 0.0004448538)
(0.0001434913 7.26043e-05 0.0008698744)
(0.0001506553 7.43198e-05 0.0006250427)
(0.0001511595 7.129804e-05 0.0006990314)
(0.0001519238 6.871276e-05 0.0007164236)
(0.0001639446 6.960599e-05 0.0006157886)
(0.001503554 0.0005405098 0.001795742)
(0.001516896 0.0005395423 0.0006055454)
(0.001520391 0.0004146862 0.001166067)
(0.001563696 0.0003100896 0.001321507)
(0.0001433769 3.726896e-05 0.0007810745)
(0.0001505469 3.793363e-05 0.0005616587)
(0.0001510405 3.604022e-05 0.0006280157)
(0.0001517952 3.440726e-05 0.0006441018)
(0.0001638044 3.434266e-05 0.0005540217)
(0.001502 0.0002554376 0.001602757)
(0.001515172 0.0002535032 0.0004875706)
(0.001517706 0.0001823126 0.0009661257)
(0.001566351 0.0001251984 0.001038187)
(0.01135202 1.181066e-06 0.0007074023)
(0.0001504631 1.227826e-05 0.0005278055)
(0.0001509669 1.164117e-05 0.0005903389)
(0.0001517123 1.109247e-05 0.0006051365)
(0.0001637063 1.10417e-05 0.0005211086)
(0.001501052 8.137177e-05 0.001500418)
(0.001513961 8.093506e-05 0.0004299486)
(0.001516352 5.778354e-05 0.0008673218)
(0.001566641 3.949549e-05 0.000904663)
(0.01190953 4.510096e-07 0.0006133285)
(3.519548 7.014168e-05 0.001345994)
(0.0001509233 -1.162346e-05 0.0005854317)
(0.0001516771 -1.107017e-05 0.000600144)
(0.0001636593 -1.101498e-05 0.0005164267)
(0.001500542 -8.112038e-05 0.001487861)
(0.001513419 -8.073365e-05 0.0004267987)
(0.001515552 -5.760148e-05 0.000860309)
(0.001565704 -3.9366e-05 0.0008976911)
(0.01190151 -5.666813e-07 0.0006083845)
(3.517324 -6.71794e-05 0.001330863)
(6.992103 -0.0001241058 0.0006423785)
(0.0001516737 -3.418292e-05 0.0006287803)
(0.0001636632 -3.40958e-05 0.0005407224)
(0.001500492 -0.000253022 0.001563625)
(0.001513337 -0.0002515082 0.0004777823)
(0.001515435 -0.0001806222 0.0009444165)
(0.001562713 -0.0001240486 0.001015953)
(0.01132894 -1.557121e-06 0.0006901259)
(3.32298 -0.0003133171 0.001553488)
(6.5623 -0.0004153538 0.000924705)
(8.75349 -0.0002768198 0.0007534701)
(0.0001636996 -6.862311e-05 0.0005937806)
(0.001500875 -0.0005311783 0.001731001)
(0.001513731 -0.0005308574 0.0005871762)
(0.00151581 -0.0004072945 0.001127524)
(0.001557407 -0.0003040866 0.001277306)
(0.01010352 -7.624714e-06 0.0008722835)
(2.907823 -0.0007419672 0.002093111)
(5.649639 -0.0009143004 0.001499787)
(7.466295 -0.0005348461 0.001297772)
(8.556561 -0.0001931298 0.00097369)
(0.0015015 -0.0008589156 0.001981291)
(0.001514497 -0.0008604272 0.0007605137)
(0.00151662 -0.0006874264 0.001432289)
(0.001548582 -0.0005366426 0.00187975)
(0.008011856 -2.60688e-05 0.001348271)
(2.198738 -0.001165206 0.004047367)
(4.133032 -0.001103404 0.002268153)
(5.365331 -0.0007255147 0.001728048)
(6.092391 -0.0002497867 0.001247607)
(6.414799 -4.461225e-05 0.0008582017)
(0.001515528 -0.001725102 0.0009857)
(0.001517887 -0.001817766 0.001832483)
(0.001534067 -0.001976613 0.002714618)
(0.00455737 -0.002457096 0.002026638)
(1.027993 -0.001307473 0.005850926)
(1.785326 -0.0002389447 0.002068767)
(2.234976 -0.0001953382 0.001214362)
(2.493063 -0.0001031033 0.0007999985)
(2.607131 -8.318216e-06 0.0005295859)
(2.594707 1.169974e-05 0.0003578845)
(0.001518579 -0.002259312 0.0009170518)
(0.001521043 -0.002528764 0.0005268282)
(0.00151283 -0.003309695 0.0002925475)
(0.001521042 -0.001680812 0.0004212904)
(0.001509399 -0.001733954 0.0002283521)
(0.001508601 -0.001326224 0.0001570507)
(1.489447e-05 3.323879e-06 0.0001609951)
(1.508854e-05 3.343381e-06 0.000458004)
(1.510902e-05 3.255266e-06 0.0006350243)
(1.513153e-05 3.092853e-06 0.0009951269)
(1.595068e-05 3.048432e-06 0.000793313)
(0.0001440725 2.685541e-05 0.0015558)
(0.0001513301 2.745663e-05 0.001105844)
(0.0001518024 2.788433e-05 0.001231655)
(1.489739e-05 9.842544e-06 0.0001589751)
(1.508438e-05 9.797432e-06 0.0004518381)
(1.510138e-05 9.462103e-06 0.0006264753)
(1.512625e-05 9.071014e-06 0.0009815297)
(1.594415e-05 8.670856e-06 0.0007825041)
(0.000144047 7.702932e-05 0.001534392)
(0.0001512662 8.064923e-05 0.001090441)
(0.0001518331 8.03626e-05 0.001213576)
(0.0001525659 8.034796e-05 0.001233835)
(1.4896e-05 1.731956e-05 0.0001550409)
(1.508554e-05 1.718854e-05 0.0004400024)
(1.509583e-05 1.648033e-05 0.0006093701)
(1.511861e-05 1.5675e-05 0.0009547069)
(1.593791e-05 1.471086e-05 0.0007609562)
(0.0001439775 0.0001301831 0.001492309)
(0.0001512041 0.0001361192 0.001060477)
(0.0001517297 0.0001353433 0.001180116)
(0.0001525562 0.0001349847 0.001198999)
(0.0001646101 0.0001440697 0.001030045)
(1.508227e-05 2.401096e-05 0.0004195003)
(1.50946e-05 2.275661e-05 0.000579901)
(1.511253e-05 2.133301e-05 0.0009075004)
(1.593002e-05 1.936595e-05 0.000723407)
(0.000143913 0.0001700991 0.001418528)
(0.0001511215 0.0001774189 0.001009002)
(0.0001516562 0.0001756566 0.001123034)
(0.0001524369 0.0001745253 0.001141726)
(0.0001645819 0.0001851028 0.000979873)
(0.001509658 0.001616283 0.002701132)
(1.508672e-05 2.957504e-05 0.0005335703)
(1.510601e-05 2.748746e-05 0.000833434)
(1.59203e-05 2.443361e-05 0.0006638188)
(0.0001438135 0.0002136142 0.001301754)
(0.0001510188 0.0002225083 0.0009270522)
(0.0001515367 0.0002198366 0.001032629)
(0.0001523244 0.000218008 0.001050862)
(0.0001643994 0.0002306693 0.0009017752)
(0.0015086 0.001992429 0.002508263)
(0.001522418 0.002154034 0.0003874983)
(1.509623e-05 2.549609e-05 0.0007360722)
(1.591154e-05 2.162547e-05 0.0005854602)
(0.0001437198 0.000186955 0.001147754)
(0.0001509082 0.0001940018 0.0008234907)
(0.0001514247 0.0001903876 0.000919638)
(0.000152194 0.0001876397 0.000942217)
(0.0001642614 0.0001966958 0.0008076426)
(0.001506589 0.001661397 0.002396078)
(0.001521042 0.001781752 0.001026171)
(0.001524863 0.001884377 0.001913915)
(1.58953e-05 1.319242e-05 0.0005063573)
(0.0001435833 0.0001113637 0.000991508)
(0.0001507532 0.0001144671 0.0007117864)
(0.0001512583 0.0001105774 0.0007955914)
(0.0001520243 0.0001072907 0.0008151564)
(0.0001640561 0.0001098364 0.0006997415)
(0.001504576 0.0008782568 0.002057323)
(0.001518029 0.0008788109 0.0007857763)
(0.001521616 0.0007035912 0.001483592)
(0.001555318 0.0005501427 0.001946194)
(0.000143448 7.242305e-05 0.0008637558)
(0.0001506225 7.414256e-05 0.000620682)
(0.0001511165 7.111588e-05 0.0006937273)
(0.0001518719 6.853878e-05 0.0007112983)
(0.0001638888 6.942459e-05 0.0006111226)
(0.001502783 0.0005387763 0.00178171)
(0.00151602 0.0005376509 0.000601596)
(0.001518599 0.0004131011 0.001157587)
(0.001561626 0.0003085823 0.001310083)
(0.01013126 7.233133e-06 0.0008971418)
(0.0001505027 3.786345e-05 0.0005572853)
(0.0001510067 3.596695e-05 0.0006231307)
(0.000151752 3.433096e-05 0.0006386563)
(0.0001637495 3.42646e-05 0.000549601)
(0.001501453 0.0002546772 0.001589218)
(0.001514393 0.0002528611 0.0004841679)
(0.001516799 0.0001817007 0.000958618)
(0.001564475 0.0001248302 0.00103045)
(0.01134237 1.164615e-06 0.0007004311)
(3.32749 0.0002625758 0.001559864)
(0.0001509233 1.16216e-05 0.0005854288)
(0.0001516771 1.107006e-05 0.0006001437)
(0.0001636593 1.10156e-05 0.0005164274)
(0.001500542 8.112594e-05 0.001487865)
(0.001513419 8.07449e-05 0.0004268003)
(0.001515552 5.761413e-05 0.0008603161)
(0.001565704 3.937288e-05 0.0008976965)
(0.01190151 5.666631e-07 0.0006083841)
(3.517324 6.719095e-05 0.001330867)
(6.992103 0.0001241315 0.0006423806)
(0.0001516338 -1.105106e-05 0.0005951663)
(0.0001636199 -1.099044e-05 0.0005121653)
(0.001500097 -8.085567e-05 0.001474701)
(0.001512908 -8.052443e-05 0.000423872)
(0.001514986 -5.744181e-05 0.0008535285)
(0.001564879 -3.92498e-05 0.0008909921)
(0.01189641 -6.083681e-07 0.0006036457)
(3.515268 -9.103537e-05 0.001344237)
(6.989577 -0.0001208709 0.0006985928)
(9.362601 -7.403871e-05 0.0005110979)
(0.000163617 -3.401465e-05 0.0005365206)
(0.001500102 -0.0002521984 0.001551672)
(0.00151289 -0.0002507483 0.0004745316)
(0.001514914 -0.0001800572 0.0009379478)
(0.00156212 -0.0001236791 0.001009092)
(0.01132439 -1.625098e-06 0.0006853156)
(3.321552 -0.000340355 0.001548794)
(6.559159 -0.0005119868 0.001058673)
(8.751923 -0.0002821158 0.0009144012)
(10.0839 -3.449079e-05 0.0006463044)
(0.001500473 -0.0005293022 0.001719127)
(0.001513345 -0.0005290804 0.0005838109)
(0.001515353 -0.0004057472 0.001120196)
(0.001556868 -0.0003029922 0.001270009)
(0.01009993 -7.635926e-06 0.0008670477)
(2.90663 -0.0007584306 0.002083785)
(5.647257 -0.0009725837 0.001547068)
(7.463062 -0.0006717255 0.001456692)
(8.555503 -0.0001753461 0.001128942)
(9.042457 7.440378e-05 0.0008442088)
(0.001514093 -0.0008573522 0.0007565924)
(0.001516222 -0.0006847724 0.001424605)
(0.001548111 -0.0005344415 0.001869628)
(0.00800918 -2.597502e-05 0.001341497)
(2.197937 -0.001166238 0.004028097)
(4.131351 -0.001122838 0.002276409)
(5.363113 -0.000772033 0.00177093)
(6.089618 -0.0003669213 0.0013293)
(6.412773 -4.554309e-06 0.0009800802)
(6.375102 8.489888e-05 0.0007149692)
(0.001517503 -0.001810321 0.001823499)
(0.001533663 -0.001968096 0.002701874)
(0.004555944 -0.002445543 0.002016623)
(1.027648 -0.001302426 0.005824894)
(1.784688 -0.0002394586 0.00206256)
(2.234081 -0.0001996882 0.001217459)
(2.492042 -0.0001079273 0.0008076167)
(2.605696 -3.774274e-05 0.0005268814)
(2.593164 2.095337e-05 0.0003926026)
(2.4524 2.265781e-05 0.0002763939)
(0.00152069 -0.002518275 0.0005243119)
(0.001512493 -0.003295171 0.0002911418)
(0.00150907 -0.001726999 0.0002273279)
(1.48974e-05 3.317357e-06 0.0001603684)
(1.508418e-05 3.331656e-06 0.0004559808)
(1.510054e-05 3.241834e-06 0.0006324219)
(1.512562e-05 3.082834e-06 0.0009910768)
(1.594355e-05 3.037573e-06 0.0007901542)
(0.0001440183 2.675435e-05 0.00154933)
(0.0001512337 2.734842e-05 0.001100989)
(0.0001517983 2.775966e-05 0.001225228)
(0.0001525272 2.749696e-05 0.00124539)
(1.48968e-05 9.816713e-06 0.0001583798)
(1.508677e-05 9.777288e-06 0.000449987)
(1.509636e-05 9.427902e-06 0.0006236469)
(1.511838e-05 9.036026e-06 0.0009775425)
(1.593819e-05 8.640099e-06 0.0007792926)
(0.0001439816 7.675385e-05 0.001528241)
(0.0001512078 8.034811e-05 0.001085838)
(0.0001517318 8.004731e-05 0.00120817)
(0.0001525538 7.998013e-05 0.001227194)
(0.0001646018 8.554736e-05 0.001054003)
(1.508518e-05 1.715418e-05 0.0004382578)
(1.509688e-05 1.643499e-05 0.0006067312)
(1.511292e-05 1.5614e-05 0.0009503538)
(1.593081e-05 1.465693e-05 0.0007578494)
(0.0001439252 0.0001297138 0.001486037)
(0.0001511347 0.0001356322 0.001056098)
(0.0001516684 0.0001348331 0.001174977)
(0.0001524475 0.0001344613 0.001193452)
(0.0001645819 0.0001433555 0.001024148)
(0.001509434 0.001268104 0.002797039)
(1.509337e-05 2.271323e-05 0.000577367)
(1.511109e-05 2.126626e-05 0.0009034115)
(1.592456e-05 1.928897e-05 0.0007200513)
(0.0001438547 0.0001695043 0.001412484)
(0.000151067 0.0001767941 0.001004516)
(0.0001515854 0.0001750372 0.001118137)
(0.0001523727 0.0001738772 0.001136448)
(0.0001644494 0.0001843815 0.0009748985)
(0.001508927 0.001607488 0.002684499)
(0.001522617 0.001681219 0.0003241281)
(1.510309e-05 2.741785e-05 0.0008293772)
(1.591704e-05 2.43444e-05 0.0006606204)
(0.000143767 0.000212799 0.001295369)
(0.0001509625 0.0002217345 0.000922732)
(0.0001514822 0.0002190474 0.001027586)
(0.0001522523 0.0002172271 0.001045826)
(0.0001643255 0.0002297972 0.0008971358)
(0.001507157 0.001983454 0.002493678)
(0.001521618 0.002142158 0.0003848162)
(0.00152494 0.002352056 0.0009613357)
(1.5907e-05 2.155632e-05 0.0005822221)
(0.0001436865 0.0001863006 0.001141719)
(0.0001508636 0.0001933255 0.0008188726)
(0.0001513708 0.0001897522 0.0009147391)
(0.000152139 0.0001869885 0.0009369445)
(0.000164183 0.0001960154 0.0008031828)
(0.001505772 0.001654541 0.002381453)
(0.001519426 0.001773854 0.001020427)
(0.001523205 0.001873497 0.001900293)
(0.001541099 0.002042159 0.002815799)
(0.0001435406 0.0001110374 0.000985335)
(0.0001507194 0.0001141484 0.0007074786)
(0.0001512148 0.0001102547 0.0007903732)
(0.0001519714 0.0001069849 0.0008101026)
(0.0001639979 0.0001095015 0.0006951635)
(0.001503813 0.0008751979 0.002043914)
(0.001517179 0.0008756469 0.0007812004)
(0.001519855 0.000700664 0.001474087)
(0.001553289 0.0005472677 0.001931647)
(0.008039778 2.629238e-05 0.00138861)
(0.0001505776 7.395251e-05 0.0006163342)
(0.0001510826 7.093576e-05 0.0006888871)
(0.0001518284 6.835285e-05 0.0007059132)
(0.0001638326 6.923308e-05 0.0006067479)
(0.00150223 0.0005369318 0.001768451)
(0.001515251 0.0005361097 0.0005978752)
(0.001517697 0.0004115474 0.001149496)
(0.001559756 0.000307406 0.001301303)
(0.01012128 7.176695e-06 0.0008893688)
(2.91386 0.0006629877 0.002117732)
(0.000150963 3.589471e-05 0.0006182743)
(0.0001517171 3.425573e-05 0.0006337001)
(0.0001637022 3.417931e-05 0.0005449523)
(0.001500939 0.0002538828 0.001576748)
(0.001513851 0.0002522192 0.0004808711)
(0.001516002 0.0001811739 0.0009513792)
(0.001563537 0.0001244162 0.001023057)
(0.01133412 1.44718e-06 0.0006951636)
(3.325113 0.000254677 0.00154487)
(6.565346 0.0004262839 0.0008709701)
(0.0001516338 1.104941e-05 0.0005951634)
(0.0001636199 1.099035e-05 0.0005121651)
(0.001500096 8.085941e-05 0.001474703)
(0.001512908 8.053069e-05 0.0004238729)
(0.001514986 5.744875e-05 0.0008535321)
(0.001564878 3.925827e-05 0.0008909987)
(0.01189641 6.083064e-07 0.0006036494)
(3.515268 9.103006e-05 0.001344236)
(6.989577 0.0001208794 0.000698594)
(9.362601 7.405792e-05 0.0005111027)
(0.0001635739 -1.096808e-05 0.0005079148)
(0.001499705 -8.060193e-05 0.0014627)
(0.001512462 -8.029117e-05 0.0004207928)
(0.001514468 -5.726994e-05 0.0008472636)
(0.001564286 -3.914117e-05 0.0008844895)
(0.01189184 -6.345161e-07 0.0005991029)
(3.513865 -0.0001018768 0.001340781)
(6.986709 -0.0001607666 0.0008582501)
(9.362174 -7.822593e-05 0.0006836342)
(10.81311 1.300598e-05 0.0004452687)
(0.001499698 -0.000251391 0.001539822)
(0.001512502 -0.0002500124 0.0004715287)
(0.001514459 -0.0001794455 0.0009311352)
(0.001561584 -0.0001232909 0.001002661)
(0.01132055 -1.659174e-06 0.0006806661)
(3.320297 -0.0003568798 0.001542158)
(6.556803 -0.0005674472 0.001128658)
(8.749423 -0.0004013478 0.001126386)
(10.08484 -6.127841e-05 0.0009175604)
(10.68236 0.0001611952 0.0006859422)
(0.001512934 -0.0005273109 0.0005804833)
(0.001514949 -0.000404263 0.001113438)
(0.001556397 -0.0003018159 0.001262297)
(0.01009668 -7.630907e-06 0.0008620861)
(2.905624 -0.0007656118 0.00207308)
(5.645178 -0.001008344 0.001571511)
(7.460529 -0.0007543884 0.001541727)
(8.553087 -0.000339465 0.001290839)
(9.042295 9.279248e-05 0.001036222)
(8.982678 0.0002303967 0.000829281)
(0.001515827 -0.0006821847 0.001416929)
(0.001547693 -0.0005323406 0.001860171)
(0.008006697 -2.58641e-05 0.001334314)
(2.197218 -0.001165148 0.004009339)
(4.129929 -0.001130726 0.002275274)
(5.361168 -0.0008006373 0.001791572)
(6.087516 -0.0004220235 0.001369578)
(6.410393 -0.0001313641 0.001013)
(6.373138 0.0001208292 0.0008161737)
(5.970925 0.0001389565 0.0006011745)
(0.001533274 -0.00195985 0.002689326)
(0.004554603 -0.002434638 0.002007208)
(1.027329 -0.001296488 0.00579693)
(1.784114 -0.0002398138 0.002055305)
(2.233329 -0.0002007891 0.001216125)
(2.491131 -0.0001128063 0.0008095191)
(2.604718 -4.269535e-05 0.0005237681)
(2.59175 -7.497796e-06 0.0003629646)
(2.450754 3.045662e-05 0.0003023554)
(2.159184 2.376902e-05 0.0001929325)
(0.001512142 -0.00328112 0.0002897512)
(1.48965e-05 3.30774e-06 0.0001597718)
(1.508676e-05 3.324743e-06 0.0004541481)
(1.509611e-05 3.230174e-06 0.0006295887)
(1.511761e-05 3.070234e-06 0.0009870445)
(1.593745e-05 3.026583e-06 0.0007869495)
(0.0001439532 2.665714e-05 0.001543192)
(0.0001511762 2.724495e-05 0.001096404)
(0.0001516988 2.764849e-05 0.001219851)
(0.0001525169 2.73706e-05 0.00123889)
(0.0001645328 2.963487e-05 0.001064062)
(1.5086e-05 9.751178e-06 0.0004482468)
(1.509801e-05 9.406396e-06 0.0006210529)
(1.51134e-05 9.002388e-06 0.000973157)
(1.593081e-05 8.606236e-06 0.0007761359)
(0.0001439278 7.647484e-05 0.001521999)
(0.0001511389 8.00585e-05 0.001081479)
(0.0001516719 7.9744e-05 0.001203072)
(0.0001524492 7.966135e-05 0.001221727)
(0.0001645783 8.513903e-05 0.001048329)
(0.001509269 0.0007577441 0.002856963)
(1.50961e-05 1.639878e-05 0.0006042859)
(1.511321e-05 1.556784e-05 0.0009462563)
(1.592531e-05 1.459678e-05 0.0007544009)
(0.0001438624 0.0001292297 0.001479997)
(0.0001510796 0.0001351386 0.001051653)
(0.0001515984 0.0001343431 0.001170126)
(0.0001523847 0.0001339463 0.001188254)
(0.0001644598 0.0001427804 0.001019409)
(0.001508888 0.001261284 0.002781033)
(0.001522355 0.001310543 0.0002462025)
(1.510943e-05 2.121947e-05 0.0008994691)
(1.592223e-05 1.922032e-05 0.0007168086)
(0.0001438062 0.0001688189 0.001405954)
(0.000151006 0.0001761691 0.001000231)
(0.0001515304 0.0001744079 0.001113166)
(0.0001523011 0.0001732526 0.001131491)
(0.0001643777 0.0001836754 0.0009703896)
(0.001507599 0.001600495 0.002670877)
(0.001521974 0.001672221 0.0003220421)
(0.001525015 0.00169848 0.0009097416)
(1.591365e-05 2.426706e-05 0.0006573981)
(0.0001437372 0.0002120022 0.001289132)
(0.0001509138 0.0002208788 0.000918202)
(0.0001514257 0.0002182681 0.001022796)
(0.0001521971 0.0002164299 0.001040718)
(0.0001642469 0.0002289468 0.0008928351)
(0.001506408 0.001975132 0.002480865)
(0.001520188 0.002132647 0.0003826323)
(0.001523881 0.002338413 0.0009547342)
(0.001527184 0.002623589 0.0005495875)
(0.0001436466 0.0001856793 0.001135402)
(0.0001508285 0.0001926401 0.000814571)
(0.0001513259 0.0001890697 0.0009096081)
(0.0001520848 0.0001863464 0.0009319594)
(0.000164123 0.0001953052 0.0007986861)
(0.001505014 0.001648066 0.002368467)
(0.001518613 0.001766724 0.001015056)
(0.001521496 0.00186471 0.001889313)
(0.001539149 0.002030005 0.002796796)
(0.0045769 0.002530431 0.002091261)
(0.0001506751 0.0001138079 0.000703088)
(0.0001511801 0.0001099334 0.0007855898)
(0.0001519272 0.0001066574 0.000804799)
(0.0001639406 0.0001091672 0.0006908511)
(0.001503254 0.0008719797 0.002030767)
(0.00151642 0.0008728251 0.0007769537)
(0.001518971 0.000697927 0.001465005)
(0.001551449 0.0005449654 0.001920215)
(0.008030499 2.611283e-05 0.001378305)
(2.205013 0.001117356 0.004126398)
(0.0001510383 7.074541e-05 0.0006840577)
(0.0001517934 6.816989e-05 0.0007009989)
(0.000163785 6.902817e-05 0.0006021519)
(0.001501711 0.0005350798 0.001756018)
(0.001514703 0.0005344231 0.0005942425)
(0.001516905 0.0004101867 0.001141867)
(0.001558821 0.0003062314 0.001292934)
(0.01011297 7.475602e-06 0.0008833805)
(2.91137 0.000648599 0.002099818)
(5.656578 0.0008318642 0.00136306)
(0.0001516737 3.418159e-05 0.0006287719)
(0.000163663 3.409575e-05 0.0005407217)
(0.001500492 0.0002530263 0.00156363)
(0.001513336 0.0002515151 0.0004777851)
(0.001515435 0.0001806297 0.0009444274)
(0.001562713 0.0001240572 0.001015974)
(0.01132894 1.557071e-06 0.0006901372)
(3.32298 0.0003133127 0.001553485)
(6.5623 0.0004153606 0.0009247109)
(8.75349 0.0002768422 0.0007534829)
(0.0001635739 1.096662e-05 0.0005079123)
(0.001499704 8.060183e-05 0.001462699)
(0.001512462 8.029502e-05 0.0004207936)
(0.001514468 5.72739e-05 0.0008472655)
(0.001564286 3.914576e-05 0.0008844931)
(0.01189184 6.346933e-07 0.0005991074)
(3.513865 0.0001019077 0.001340789)
(6.986709 0.0001607578 0.0008582506)
(9.362174 7.823448e-05 0.0006836297)
(10.81311 -1.29905e-05 0.0004452741)
(0.0014993 -8.035626e-05 0.001450756)
(0.001512073 -8.006762e-05 0.000417955)
(0.001514014 -5.708152e-05 0.000840681)
(0.00156375 -3.90238e-05 0.0008784388)
(0.01188794 -6.480521e-07 0.0005947012)
(3.512606 -0.0001086188 0.001335255)
(6.984472 -0.0001829202 0.0009385008)
(9.360262 -0.0001298162 0.0009393561)
(10.81601 -2.293647e-06 0.0007475094)
(11.46789 8.398876e-05 0.0005736545)
(0.001512091 -0.0002492879 0.0004685573)
(0.001514053 -0.0001788564 0.0009248832)
(0.001561112 -0.0001228697 0.0009958776)
(0.01131703 -1.677208e-06 0.0006763093)
(3.319207 -0.0003653228 0.001533779)
(6.554648 -0.0006025009 0.001167011)
(8.747163 -0.0004794707 0.001249305)
(10.084 -0.0001853898 0.001088618)
(10.68534 0.00013839 0.0009525329)
(10.60914 0.0002779697 0.0008225017)
(0.001514548 -0.0004028046 0.001106713)
(0.001555971 -0.0003006904 0.001255149)
(0.01009362 -7.610467e-06 0.0008568452)
(2.904709 -0.0007688002 0.002062491)
(5.64335 -0.001026251 0.001580681)
(7.458178 -0.0008061466 0.001587877)
(8.550919 -0.0004382624 0.001376415)
(9.040786 -9.031356e-05 0.001117424)
(8.982556 0.0002338301 0.0009764324)
(8.370827 0.0002876997 0.0007757612)
(0.001547291 -0.0005302927 0.001850812)
(0.008004349 -2.575972e-05 0.001327603)
(2.196544 -0.001161582 0.003988989)
(4.128639 -0.001133956 0.002270328)
(5.359455 -0.0008145025 0.001798268)
(6.085571 -0.0004560523 0.001388366)
(6.408467 -0.0001879941 0.001025119)
(6.37083 -4.540658e-06 0.0007870946)
(5.968528 0.0001629844 0.0006741216)
(5.148 0.0001413127 0.0004326759)
(0.004553354 -0.00242403 0.001997944)
(1.027028 -0.00129098 0.005770542)
(1.783578 -0.0002392743 0.002046397)
(2.232643 -0.0002015598 0.001212923)
(2.490342 -0.0001143918 0.0008082281)
(2.603823 -4.773938e-05 0.0005198592)
(2.590784 -1.208609e-05 0.0003461742)
(2.449272 4.781303e-06 0.0002516805)
(2.157429 3.000561e-05 0.0002094045)
(1.658331 2.079493e-05 9.851933e-05)
(1.50857e-05 3.314968e-06 0.0004524062)
(1.509795e-05 3.22271e-06 0.000627023)
(1.51131e-05 3.058864e-06 0.0009826549)
(1.592997e-05 3.01434e-06 0.0007837583)
(0.0001438984 2.655873e-05 0.001536966)
(0.0001511076 2.714548e-05 0.001092055)
(0.0001516399 2.754234e-05 0.001214772)
(0.0001524144 2.725967e-05 0.001233452)
(0.0001645123 2.949295e-05 0.001058507)
(0.001506167 0.0002628748 0.002878977)
(1.50969e-05 9.38011e-06 0.0006186179)
(1.511422e-05 8.979264e-06 0.0009691357)
(1.592567e-05 8.571705e-06 0.0007726642)
(0.0001438628 7.617392e-05 0.001515865)
(0.0001510824 7.976515e-05 0.001077057)
(0.0001516024 7.945278e-05 0.001198244)
(0.000152388 7.935547e-05 0.001216571)
(0.0001644612 8.479197e-05 0.001043658)
(0.00150882 0.0007537599 0.002841593)
(0.001522161 0.000775675 0.0002348858)
(1.511194e-05 1.552944e-05 0.0009424617)
(1.592405e-05 1.454605e-05 0.000751155)
(0.0001438135 0.0001286931 0.001473292)
(0.0001510141 0.0001346312 0.001047372)
(0.0001515429 0.0001338465 0.001165202)
(0.0001523139 0.0001334527 0.001183347)
(0.0001643903 0.0001422213 0.001014968)
(0.001507663 0.001255803 0.002768173)
(0.001521882 0.001303628 0.0002447437)
(0.001524567 0.001322323 0.0008258594)
(1.59196e-05 1.916334e-05 0.0007136823)
(0.0001437839 0.0001682013 0.00139964)
(0.0001509554 0.0001754527 0.0009956014)
(0.0001514696 0.0001737799 0.001108417)
(0.0001522456 0.0001726179 0.00112646)
(0.0001642997 0.0001829976 0.0009661561)
(0.001506888 0.001593893 0.002658527)
(0.001520663 0.001665127 0.0003203476)
(0.00152419 0.001689037 0.0009040055)
(0.001527042 0.001748197 0.0004403487)
(0.0001437061 0.000211297 0.001282858)
(0.0001508825 0.0002200448 0.0009137798)
(0.0001513771 0.0002174098 0.001017773)
(0.0001521403 0.0002156438 0.001035867)
(0.0001641868 0.0002280797 0.0008884732)
(0.001505667 0.001967228 0.002468986)
(0.001519451 0.002123853 0.0003806249)
(0.001522394 0.002327483 0.0009492483)
(0.001526035 0.002608049 0.0005457947)
(0.001518748 0.003422315 0.0003036933)
(0.000150787 0.0001919886 0.0008100736)
(0.0001512904 0.0001883847 0.0009048297)
(0.0001520394 0.0001856568 0.000926737)
(0.0001640644 0.0001946065 0.0007944342)
(0.00150445 0.001641434 0.002355377)
(0.001517855 0.001759957 0.001010074)
(0.001520637 0.001856606 0.001879044)
(0.001537363 0.002020235 0.002781616)
(0.004570587 0.002514577 0.002077255)
(1.031714 0.001325624 0.00599807)
(0.0001511365 0.0001095953 0.0007807121)
(0.0001518918 0.0001063334 0.0007999367)
(0.0001638925 0.0001088088 0.0006863258)
(0.001502726 0.0008688021 0.002018378)
(0.001515861 0.0008697884 0.0007727443)
(0.001518185 0.0006954197 0.001456658)
(0.001550528 0.0005427903 0.001909394)
(0.008022991 2.624644e-05 0.00137019)
(2.202755 0.001099541 0.004097252)
(4.14141 0.001026583 0.002176117)
(0.0001517496 6.7979e-05 0.0006960944)
(0.0001637459 6.882786e-05 0.0005979582)
(0.001501261 0.0005330926 0.001742949)
(0.00151418 0.0005327058 0.0005908061)
(0.001516334 0.0004087444 0.001134491)
(0.001558 0.0003051925 0.001285042)
(0.01010789 7.572519e-06 0.0008776774)
(2.909217 0.0007143614 0.002101769)
(5.653009 0.0008052542 0.001399256)
(7.469143 0.0005585245 0.001180382)
(0.0001636171 3.401345e-05 0.0005365135)
(0.001500101 0.0002521986 0.00155167)
(0.001512889 0.0002507526 0.000474534)
(0.001514914 0.0001800618 0.0009379537)
(0.00156212 0.0001236841 0.001009103)
(0.01132439 1.625264e-06 0.0006853297)
(3.321552 0.0003403842 0.001548819)
(6.559159 0.0005119791 0.001058672)
(8.751923 0.0002821218 0.0009144072)
(10.0839 3.451151e-05 0.0006463187)
(0.0014993 8.03499e-05 0.001450749)
(0.001512073 8.006737e-05 0.000417955)
(0.001514014 5.708385e-05 0.0008406822)
(0.00156375 3.902647e-05 0.0008784408)
(0.01188794 6.481156e-07 0.0005947036)
(3.512606 0.0001086363 0.001335264)
(6.984472 0.0001829646 0.0009385052)
(9.360262 0.0001298121 0.0009393577)
(10.81601 2.306606e-06 0.0007475135)
(11.46789 -8.396567e-05 0.0005736557)
(0.001511662 -7.985318e-05 0.0004151422)
(0.001513606 -5.690096e-05 0.0008346507)
(0.001563279 -3.889484e-05 0.0008720688)
(0.01188432 -6.550843e-07 0.0005906077)
(3.511492 -0.000112209 0.00132772)
(6.982346 -0.0001972577 0.000984446)
(9.358332 -0.0001600697 0.001079187)
(10.81599 -5.794009e-05 0.0009555895)
(11.47328 7.579326e-05 0.0008569874)
(11.38805 0.0001267585 0.000799325)
(0.001513651 -0.0001782779 0.0009186652)
(0.001560683 -0.0001224651 0.000989626)
(0.01131368 -1.683216e-06 0.0006717175)
(3.318202 -0.0003698374 0.001525351)
(6.552671 -0.0006214276 0.001184669)
(8.744843 -0.0005304245 0.001319605)
(10.08243 -0.000288077 0.001223689)
(10.68535 -2.131456e-05 0.001055684)
(10.61231 0.0002617895 0.001012887)
(9.857263 0.0003076273 0.0008560918)
(0.001555562 -0.0002995848 0.001248054)
(0.01009072 -7.591316e-06 0.00085199)
(2.903839 -0.0007684469 0.002050721)
(5.641662 -0.001035559 0.001582737)
(7.455986 -0.0008338293 0.001609309)
(8.548681 -0.0004999774 0.001423021)
(9.038998 -0.0001934419 0.00115857)
(8.9812 5.828453e-05 0.0009631206)
(8.36979 0.0002844124 0.0008764151)
(7.137812 0.0002602299 0.0005794511)
(0.008002117 -2.565691e-05 0.001320962)
(2.195904 -0.001158181 0.003969831)
(4.127412 -0.001132809 0.002261735)
(5.357872 -0.0008218422 0.001798226)
(6.083779 -0.0004735381 0.001394509)
(6.406596 -0.0002237959 0.001027619)
(6.36894 -5.799942e-05 0.0007610683)
(5.965927 5.188158e-05 0.000591298)
(5.145062 0.0001542394 0.0004809614)
(3.786285 0.0001133989 0.0002171855)
(1.026743 -0.001285589 0.005744773)
(1.783069 -0.0002388346 0.00203775)
(2.231993 -0.0002013401 0.001208194)
(2.48961 -0.0001155904 0.0008054674)
(2.603032 -4.944151e-05 0.000515888)
(2.589898 -1.70355e-05 0.0003347231)
(2.448285 1.526689e-06 0.0002263464)
(2.155903 9.811573e-06 0.0001548325)
(1.65669 2.621752e-05 0.0001068148)
(0.8089248 1.156076e-05 1.469459e-05)
(1.50966e-05 3.212923e-06 0.0006245876)
(1.511409e-05 3.050974e-06 0.0009786808)
(1.592506e-05 3.002226e-06 0.0007802846)
(0.0001438324 2.645143e-05 0.001530766)
(0.0001510501 2.704478e-05 0.001087643)
(0.0001515707 2.744049e-05 0.001209956)
(0.0001523541 2.715388e-05 0.001228317)
(0.0001643978 2.937109e-05 0.001053861)
(0.001505771 0.0002614941 0.002863962)
(0.001518994 0.0002655931 0.0002292261)
(1.511271e-05 8.952712e-06 0.0009653631)
(1.592482e-05 8.543765e-06 0.0007694813)
(0.0001438164 7.586348e-05 0.001509118)
(0.0001510146 7.945086e-05 0.00107271)
(0.0001515457 7.915775e-05 0.001193345)
(0.0001523178 7.906222e-05 0.001211688)
(0.0001643936 8.446015e-05 0.001039253)
(0.001507654 0.0007505169 0.002828941)
(0.001521773 0.0007716951 0.000233582)
(0.001524268 0.0007730634 0.0008236652)
(1.592172e-05 1.450062e-05 0.0007481498)
(0.0001437995 0.0001282313 0.001466978)
(0.0001509631 0.0001340701 0.001042622)
(0.000151478 0.000133339 0.001160459)
(0.000152258 0.0001329524 0.001178367)
(0.0001643133 0.0001416865 0.001010776)
(0.001506986 0.001250614 0.002756122)
(0.001520675 0.00129807 0.0002435589)
(0.001523968 0.001315078 0.000821056)
(0.001526379 0.001353403 0.0003089975)
(0.0001437586 0.0001676737 0.001393559)
(0.0001509315 0.0001748051 0.0009911262)
(0.0001514193 0.0001730664 0.001103286)
(0.0001521848 0.000171986 0.001121653)
(0.0001642394 0.0001823091 0.0009618589)
(0.001506158 0.001587617 0.002646933)
(0.00151996 0.001658373 0.0003187862)
(0.001522826 0.001681517 0.00089932)
(0.00152616 0.001738351 0.0004375146)
(0.001515118 0.001797152 0.0002376032)
(0.0001508496 0.0002193018 0.0009093321)
(0.0001513454 0.0002165771 0.001012871)
(0.0001520917 0.0002147813 0.001030778)
(0.0001641255 0.0002272263 0.0008843298)
(0.001505106 0.001959191 0.00245694)
(0.001518709 0.002115456 0.0003787615)
(0.001521624 0.002317323 0.0009442913)
(0.001524527 0.002595608 0.0005427156)
(0.001517499 0.003401387 0.0003016016)
(0.0001512494 0.0001877323 0.0008998334)
(0.0001520035 0.0001849706 0.0009218731)
(0.000164015 0.0001938561 0.0007899798)
(0.00150391 0.001634941 0.002342988)
(0.001517289 0.001753001 0.001005081)
(0.001519855 0.001848971 0.001869606)
(0.001536469 0.002011185 0.002767427)
(0.004565671 0.002501973 0.002066063)
(1.030453 0.001314004 0.005958426)
(1.790393 0.0002204165 0.002059536)
(0.0001518487 0.0001059967 0.0007949789)
(0.0001638532 0.0001084574 0.0006821772)
(0.001502272 0.0008653882 0.002005367)
(0.00151533 0.0008667811 0.0007687303)
(0.00151761 0.0006927951 0.001448413)
(0.001549716 0.0005407888 0.00189933)
(0.008018587 2.621093e-05 0.001362518)
(2.200877 0.001144513 0.004084604)
(4.138006 0.0009941478 0.002191297)
(5.371758 0.0006669655 0.001568665)
(0.0001636996 6.862251e-05 0.0005937711)
(0.001500873 0.0005311792 0.001730997)
(0.001513731 0.0005308636 0.0005871804)
(0.001515809 0.0004073011 0.001127534)
(0.001557406 0.0003040937 0.001277326)
(0.01010352 7.625009e-06 0.000872307)
(2.907823 0.0007419935 0.002093155)
(5.64964 0.000914294 0.001499786)
(7.466295 0.000534851 0.001297788)
(8.556561 0.0001931219 0.0009736677)
(0.001499698 0.0002513852 0.001539801)
(0.001512501 0.0002500124 0.0004715289)
(0.001514459 0.0001794483 0.0009311388)
(0.001561583 0.0001232939 0.001002667)
(0.01132055 1.659238e-06 0.0006806737)
(3.320297 0.000356899 0.001542188)
(6.556803 0.0005674888 0.001128673)
(8.749423 0.0004013407 0.001126387)
(10.08484 6.130772e-05 0.0009175563)
(10.68236 -0.0001611784 0.0006859534)
(0.001511662 7.984546e-05 0.000415141)
(0.001513606 5.69008e-05 0.0008346506)
(0.001563279 3.889648e-05 0.00087207)
(0.01188432 6.553353e-07 0.0005906091)
(3.511492 0.0001122206 0.001327725)
(6.982346 0.0001972871 0.000984453)
(9.358332 0.0001601141 0.001079192)
(10.81599 5.794031e-05 0.0009555873)
(11.47328 -7.579173e-05 0.0008569825)
(11.38805 -0.0001267351 0.0007993252)
(0.001513203 -5.672544e-05 0.000828643)
(0.001562849 -3.877157e-05 0.0008662147)
(0.01188085 -6.576219e-07 0.0005863024)
(3.510453 -0.0001141924 0.001320079)
(6.980336 -0.0002052455 0.001006869)
(9.356142 -0.0001810175 0.001162877)
(10.8151 -9.704896e-05 0.001107632)
(11.47466 1.777238e-07 0.0009875799)
(11.39363 0.0001142998 0.00100637)
(10.56648 0.0001345288 0.0008907659)
(0.001560272 -0.0001220672 0.000983412)
(0.01131048 -1.68894e-06 0.0006674883)
(3.317231 -0.0003712236 0.001515773)
(6.550803 -0.0006318847 0.001192312)
(8.742521 -0.0005589355 0.001355633)
(10.0804 -0.0003502836 0.001299927)
(10.68459 -0.0001186494 0.001122237)
(10.61234 6.878086e-05 0.0009924559)
(9.858671 0.00028544 0.0009749441)
(8.352624 0.0002644021 0.0006639876)
(0.01008792 -7.571278e-06 0.0008471671)
(2.90301 -0.0007678586 0.002039725)
(5.640026 -0.001037962 0.001579226)
(7.453903 -0.0008493247 0.00161796)
(8.546436 -0.0005337864 0.001444707)
(9.036939 -0.000259553 0.001180017)
(8.979456 -4.276433e-05 0.0009438616)
(8.367659 0.0001146409 0.0007745037)
(7.135413 0.0002536233 0.0006475134)
(5.142904 0.0001891625 0.0002886878)
(2.19529 -0.001154912 0.003951022)
(4.126242 -0.001131168 0.002252919)
(5.356336 -0.0008236878 0.001793376)
(6.08208 -0.00048357 0.00139428)
(6.404813 -0.0002422492 0.001025268)
(6.367096 -9.270127e-05 0.0007410366)
(5.963933 5.977858e-06 0.0005391806)
(5.142201 6.936846e-05 0.0003820523)
(3.783375 0.000121893 0.0002443731)
(1.657915 5.801884e-05 3.24692e-05)
(1.782582 -0.0002384582 0.002029302)
(2.231372 -0.0002012012 0.001203407)
(2.488906 -0.000115819 0.000801928)
(2.602289 -5.079896e-05 0.0005118935)
(2.589115 -1.8708e-05 0.0003271335)
(2.447402 -3.055604e-06 0.0002099295)
(2.154928 7.512896e-06 0.0001311155)
(1.655318 1.12149e-05 6.85098e-05)
(0.8079504 1.488736e-05 1.669785e-05)
(1.511242e-05 3.041361e-06 0.0009749104)
(1.592437e-05 2.992363e-06 0.0007771402)
(0.0001437878 2.634349e-05 0.001524017)
(0.0001509814 2.693556e-05 0.00108325)
(0.0001515131 2.733736e-05 0.001205069)
(0.0001522843 2.705249e-05 0.001223446)
(0.0001643312 2.925511e-05 0.001049473)
(0.001504638 0.0002603651 0.002851401)
(0.001518653 0.0002642309 0.000227999)
(0.001521045 0.0002672286 0.0008203117)
(1.592244e-05 8.515008e-06 0.0007664958)
(0.0001438059 7.560516e-05 0.00150293)
(0.0001509661 7.912545e-05 0.00106793)
(0.0001514786 7.884511e-05 0.001188531)
(0.0001522608 7.87651e-05 0.001206734)
(0.0001643172 8.41427e-05 0.001035082)
(0.001506998 0.000747443 0.002817012)
(0.001520623 0.000768423 0.0002325095)
(0.001523779 0.0007689369 0.0008191637)
(0.001525972 0.000779272 0.0002950889)
(0.0001437769 0.0001278126 0.001461138)
(0.0001509476 0.000133584 0.001038149)
(0.0001514273 0.0001327795 0.001155198)
(0.0001521934 0.0001324436 0.00117357)
(0.0001642527 0.0001411444 0.001006522)
(0.001506268 0.001245678 0.002744748)
(0.001520003 0.001292773 0.0002424561)
(0.001522716 0.001309259 0.0008171666)
(0.00152575 0.001345905 0.0003071699)
(0.001514143 0.001379506 0.0001636587)
(0.0001509045 0.0001742468 0.0009868157)
(0.0001513946 0.0001724179 0.001098328)
(0.0001521347 0.0001712735 0.001116459)
(0.0001641743 0.0001816256 0.000957753)
(0.001505597 0.001581243 0.002635165)
(0.001519228 0.001651936 0.0003173289)
(0.001522098 0.001674433 0.0008950343)
(0.00152478 0.001730502 0.0004352145)
(0.001514178 0.001786878 0.0002360765)
(0.0001513122 0.0002158273 0.00100794)
(0.0001520598 0.0002139479 0.001025814)
(0.0001640734 0.0002262948 0.000879983)
(0.001504543 0.001951318 0.002445499)
(0.001518145 0.002106917 0.0003768895)
(0.00152087 0.002307715 0.0009396959)
(0.001523747 0.00258403 0.000539879)
(0.001515976 0.003384646 0.0002999074)
(0.0001519629 0.0001843159 0.0009167907)
(0.0001639759 0.0001931184 0.0007858316)
(0.001503451 0.00162797 0.002329996)
(0.001516746 0.001746189 0.001000288)
(0.001519277 0.001841198 0.001860138)
(0.001535668 0.002002671 0.002754222)
(0.00456299 0.002490183 0.002055604)
(1.029449 0.001321198 0.005931997)
(1.788552 0.0002125747 0.002054683)
(2.239534 0.0001764595 0.001159235)
(0.0001638078 0.000108099 0.0006779461)
(0.001501892 0.0008621105 0.001993411)
(0.001514876 0.0008635509 0.0007644851)
(0.001517078 0.00069021 0.001440575)
(0.001549122 0.0005387017 0.001889329)
(0.008014847 2.615629e-05 0.001355385)
(2.199716 0.001157796 0.004065588)
(4.135014 0.001071327 0.002247533)
(5.368466 0.0006265609 0.0016386)
(6.094942 0.0002908465 0.001139606)
(0.001500473 0.000529297 0.0017191)
(0.001513344 0.0005290811 0.0005838112)
(0.001515353 0.0004057517 0.001120203)
(0.001556868 0.000302997 0.001270021)
(0.01009993 7.636061e-06 0.0008670611)
(2.90663 0.0007584575 0.002083839)
(5.647257 0.0009726184 0.001547096)
(7.463062 0.000671723 0.00145669)
(8.555503 0.0001753534 0.001128956)
(9.042457 -7.438606e-05 0.0008442275)
(0.001512091 0.0002492812 0.0004685539)
(0.001514053 0.0001788565 0.0009248828)
(0.001561112 0.0001228717 0.0009958816)
(0.01131703 1.677435e-06 0.0006763138)
(3.319208 0.0003653361 0.001533795)
(6.554649 0.0006025318 0.001167033)
(8.747163 0.0004795115 0.001249319)
(10.084 0.0001853837 0.001088617)
(10.68534 -0.0001383914 0.0009525338)
(10.60914 -0.0002779479 0.0008225036)
(0.001513204 5.672111e-05 0.0008286402)
(0.001562849 3.877153e-05 0.0008662147)
(0.01188085 6.575087e-07 0.0005863033)
(3.510453 0.0001141913 0.001320082)
(6.980336 0.0002052604 0.001006873)
(9.356142 0.0001810557 0.001162885)
(10.8151 9.70806e-05 0.001107636)
(11.47466 -1.818533e-07 0.0009875843)
(11.39363 -0.0001143142 0.001006373)
(10.56648 -0.0001345093 0.0008907645)
(0.001562436 -3.865156e-05 0.0008603867)
(0.01187751 -6.600367e-07 0.0005823486)
(3.50944 -0.0001149468 0.00131128)
(6.978407 -0.0002097299 0.001017586)
(9.353825 -0.0001930187 0.001207767)
(10.81334 -0.0001227606 0.001200656)
(11.47452 -4.182327e-05 0.001075125)
(11.39509 3.856063e-05 0.0009785888)
(10.56975 0.0001203871 0.0010088)
(8.928051 0.0001124657 0.0007050094)
(0.01130736 -1.693188e-06 0.000663281)
(3.3163 -0.0003721993 0.001506913)
(6.548955 -0.0006359679 0.001192609)
(8.74023 -0.000575203 0.00137332)
(10.07811 -0.0003851918 0.001338576)
(10.68287 -0.0001863032 0.001167913)
(10.61171 -6.615571e-06 0.0009852582)
(9.857763 0.0001224208 0.0008473644)
(8.351604 0.0002434068 0.000740074)
(5.952629 0.0001824003 0.0003291628)
(2.902202 -0.0007674336 0.002028858)
(5.638456 -0.001038838 0.001574739)
(7.451831 -0.0008556549 0.001617931)
(8.544217 -0.0005533362 0.001453115)
(9.034746 -0.0002951401 0.001187904)
(8.977435 -0.0001071248 0.0009272541)
(8.365661 3.194102e-05 0.0007134856)
(7.132567 0.0001251865 0.0005214322)
(5.139983 0.0001853555 0.0003305374)
(2.15676 8.484969e-05 4.159241e-05)
(4.125101 -0.00113015 0.002244083)
(5.354862 -0.0008244932 0.001787613)
(6.0804 -0.000487691 0.001390227)
(6.403092 -0.0002530392 0.001020357)
(6.365336 -0.0001104101 0.0007269066)
(5.962067 -2.436042e-05 0.0005034907)
(5.140164 3.286778e-05 0.0003297863)
(3.780767 6.411275e-05 0.0001738375)
(1.656274 6.349722e-05 3.863238e-05)
(2.230769 -0.000201136 0.001198605)
(2.488229 -0.0001161458 0.0007983718)
(2.601567 -5.127458e-05 0.0005083632)
(2.588379 -2.004838e-05 0.0003213923)
(2.446636 -4.542185e-06 0.0002002024)
(2.154081 3.571488e-06 0.0001154406)
(1.654486 9.961283e-06 5.458255e-05)
(0.80717 7.717484e-06 6.585344e-06)
(1.592195e-05 2.981956e-06 0.0007741574)
(0.0001437788 2.625337e-05 0.001517906)
(0.0001509345 2.682528e-05 0.001078468)
(0.0001514451 2.722702e-05 0.001200204)
(0.0001522265 2.694983e-05 0.001218505)
(0.0001642553 2.914419e-05 0.001045312)
(0.001503994 0.0002592953 0.002839541)
(0.001517535 0.0002631041 0.0002269797)
(0.001520616 0.0002658046 0.0008159721)
(0.001522697 0.0002684853 0.0002874925)
(0.0001437832 7.534412e-05 0.001497132)
(0.0001509541 7.885224e-05 0.001063545)
(0.00015143 7.851944e-05 0.001183237)
(0.0001521941 7.845331e-05 0.001201865)
(0.0001642557 8.382102e-05 0.001030849)
(0.001506286 0.000744517 0.002805717)
(0.001519971 0.0007653124 0.0002315045)
(0.00152259 0.0007655873 0.0008154578)
(0.001525461 0.0007750745 0.0002934537)
(0.001513609 0.00077713 0.0001575369)
(0.0001509233 0.0001331416 0.001034009)
(0.0001514102 0.0001322898 0.001150243)
(0.0001521429 0.0001318846 0.001168249)
(0.0001641839 0.0001405971 0.001002423)
(0.001505705 0.001240673 0.002733205)
(0.001519282 0.001287727 0.0002414202)
(0.001522026 0.001303762 0.0008135379)
(0.001524487 0.001339883 0.0003056858)
(0.001513487 0.001371766 0.0001626938)
(0.0001513667 0.0001718506 0.001093551)
(0.0001521092 0.0001706229 0.001111442)
(0.0001641208 0.0001808633 0.000953317)
(0.001505011 0.001574961 0.002623923)
(0.001518664 0.0016454 0.0003158587)
(0.001521357 0.001667712 0.0008910246)
(0.001524045 0.001723118 0.0004330938)
(0.001512792 0.00177868 0.0002348369)
(0.0001520261 0.0002131901 0.001020821)
(0.0001640386 0.0002253998 0.0008757449)
(0.001504073 0.001942825 0.002433495)
(0.001517578 0.00209855 0.0003750992)
(0.0015203 0.002297973 0.0009350628)
(0.001522989 0.002573105 0.000537244)
(0.001515191 0.00336904 0.0002983439)
(0.0001639328 0.0001924129 0.0007814966)
(0.001503084 0.001621309 0.002317875)
(0.001516285 0.001738877 0.0009952028)
(0.001518736 0.001833617 0.001851078)
(0.001535077 0.001994032 0.002740965)
(0.0045607 0.002479123 0.002045866)
(1.02887 0.00131608 0.005904021)
(1.787035 0.0002332498 0.002070719)
(2.237637 0.0001667782 0.001176972)
(2.496326 8.398396e-05 0.0007467116)
(0.0015015 0.0008589095 0.001981268)
(0.001514495 0.0008604298 0.0007605145)
(0.001516619 0.0006874333 0.001432299)
(0.001548581 0.00053665 0.00187977)
(0.008011856 2.606922e-05 0.001348294)
(2.198738 0.001165241 0.00404748)
(4.133032 0.001103431 0.002268199)
(5.365331 0.0007255126 0.001728048)
(6.092391 0.0002497932 0.00124762)
(6.414799 4.462252e-05 0.0008582148)
(0.001512935 0.000527306 0.0005804779)
(0.001514948 0.0004042636 0.001113438)
(0.001556396 0.0003018192 0.001262305)
(0.01009668 7.631129e-06 0.0008620942)
(2.905624 0.0007656285 0.002073111)
(5.645178 0.00100838 0.00157155)
(7.460529 0.0007544201 0.001541752)
(8.553087 0.0003394596 0.001290841)
(9.042295 -9.278409e-05 0.001036215)
(8.982678 -0.0002303826 0.0008292887)
(0.001513651 0.0001782739 0.0009186573)
(0.001560683 0.0001224652 0.0009896259)
(0.01131368 1.683128e-06 0.0006717204)
(3.318202 0.0003698377 0.001525362)
(6.552671 0.0006214449 0.001184683)
(8.744843 0.0005304612 0.001319627)
(10.08243 0.0002881042 0.001223702)
(10.68535 2.131764e-05 0.001055677)
(10.61231 -0.000261794 0.001012882)
(9.857263 -0.0003076117 0.0008560895)
(0.001562437 3.864872e-05 0.0008603843)
(0.01187751 6.597346e-07 0.0005823486)
(3.50944 0.0001149378 0.001311283)
(6.978407 0.0002097612 0.001017591)
(9.353825 0.0001930315 0.001207772)
(10.81334 0.0001228004 0.001200662)
(11.47452 4.18472e-05 0.001075129)
(11.39509 -3.854746e-05 0.0009785832)
(10.56975 -0.0001203972 0.001008802)
(8.928051 -0.0001124651 0.000705008)
(0.01187425 -6.615953e-07 0.0005784086)
(3.508466 -0.0001155102 0.001303222)
(6.976474 -0.0002116606 0.00101989)
(9.351476 -0.0001999053 0.001231009)
(10.81112 -0.0001375368 0.001250985)
(11.47323 -6.578167e-05 0.001127762)
(11.39499 -2.669646e-06 0.0009784761)
(10.56985 5.079314e-05 0.0008608104)
(8.927997 9.655631e-05 0.0007636512)
(6.332119 7.558074e-05 0.0003483114)
(3.315384 -0.0003732601 0.001498093)
(6.54717 -0.0006382938 0.001191347)
(8.737886 -0.0005827382 0.001378722)
(10.0757 -0.0004053261 0.001357128)
(10.68069 -0.0002244529 0.001189359)
(10.61002 -7.346345e-05 0.0009775363)
(9.85646 4.298208e-05 0.0007857072)
(8.34953 0.0001251454 0.0005919749)
(5.950314 0.0001684714 0.0003817314)
(2.445201 7.622088e-05 4.672853e-05)
(5.636901 -0.001040653 0.001569906)
(7.449823 -0.0008592526 0.001615535)
(8.541945 -0.0005626517 0.001453302)
(9.032515 -0.0003157091 0.001188236)
(8.975273 -0.0001413052 0.000914486)
(8.363533 -2.309576e-05 0.0006690229)
(7.130288 5.877168e-05 0.0004541508)
(5.137129 0.0001012154 0.0002406535)
(2.155012 8.628973e-05 5.017237e-05)
(5.353403 -0.0008262642 0.001781269)
(6.078773 -0.0004905948 0.001385409)
(6.401367 -0.0002580989 0.001014601)
(6.363633 -0.0001206938 0.0007157552)
(5.960343 -3.96805e-05 0.0004816632)
(5.138358 9.1854e-06 0.0002943582)
(3.779041 3.981066e-05 0.0001432006)
(1.654903 3.656182e-05 2.022197e-05)
(2.487566 -0.0001165318 0.000794641)
(2.600872 -5.188004e-05 0.0005050263)
(2.587664 -2.0588e-05 0.0003173909)
(2.445926 -5.794122e-06 0.0001935925)
(2.153372 2.372288e-06 0.0001067532)
(1.653778 6.811984e-06 4.4811e-05)
(0.806728 7.54976e-06 5.552617e-06)
(0.0001437558 2.61604e-05 0.001512115)
(0.000150924 2.673261e-05 0.001074137)
(0.0001513979 2.711443e-05 0.001194908)
(0.0001521589 2.684111e-05 0.001213587)
(0.0001641931 2.903185e-05 0.00104109)
(0.001503288 0.000258277 0.002828293)
(0.001516895 0.0002620343 0.0002260212)
(0.001519461 0.0002646442 0.0008123557)
(0.00152225 0.0002670422 0.0002859557)
(0.001510334 0.0002683255 0.0001546392)
(0.0001509298 7.857773e-05 0.001059435)
(0.0001514164 7.824204e-05 0.00117838)
(0.0001521454 7.812679e-05 0.001196512)
(0.0001641849 8.348804e-05 0.00102669)
(0.001505721 0.0007415509 0.002794255)
(0.001519257 0.0007623477 0.0002305563)
(0.001521922 0.0007624177 0.0008119744)
(0.001524262 0.0007716726 0.0002921085)
(0.001513079 0.0007729024 0.0001566665)
(0.000151385 0.0001318413 0.001145657)
(0.0001521245 0.0001313906 0.001163239)
(0.00016413 0.0001399985 0.0009978777)
(0.001505097 0.001235709 0.002722087)
(0.001518717 0.001282612 0.0002403716)
(0.001521298 0.001298543 0.0008101192)
(0.001523792 0.001334203 0.0003043042)
(0.001512224 0.001365551 0.0001619104)
(0.0001520804 0.0001700463 0.001106607)
(0.0001640923 0.0001801625 0.0009490328)
(0.001504533 0.001568136 0.00261178)
(0.00151807 0.001638949 0.0003144471)
(0.001520788 0.001660895 0.0008869682)
(0.001523301 0.001716122 0.0004311132)
(0.001512055 0.001770979 0.0002336946)
(0.0001640019 0.000224575 0.0008714809)
(0.001503748 0.001934777 0.002421786)
(0.001517102 0.002089504 0.0003732041)
(0.001519733 0.002288462 0.0009306445)
(0.001522416 0.002562046 0.0005345966)
(0.001514432 0.003354367 0.0002968915)
(0.001502707 0.0016149 0.002305287)
(0.001515913 0.001731847 0.0009904174)
(0.001518272 0.001825495 0.001841486)
(0.001534535 0.001985626 0.002728206)
(0.004558936 0.002467953 0.002036084)
(1.028381 0.001312779 0.005877932)
(1.78611 0.0002354699 0.00207142)
(2.236013 0.0001915948 0.001204677)
(2.494604 7.47907e-05 0.0007799802)
(2.608701 1.75003e-05 0.0004905649)
(0.001514093 0.0008573469 0.0007565859)
(0.001516221 0.000684774 0.001424605)
(0.00154811 0.0005344468 0.001869642)
(0.00800918 2.597537e-05 0.001341511)
(2.197937 0.001166258 0.004028166)
(4.131352 0.001122874 0.002276471)
(5.363113 0.0007720544 0.001770965)
(6.089618 0.0003669198 0.001329301)
(6.412773 4.554627e-06 0.000980087)
(6.375102 -8.488919e-05 0.000714973)
(0.001514548 0.0004028008 0.001106701)
(0.001555971 0.0003006909 0.001255149)
(0.01009362 7.61048e-06 0.0008568506)
(2.904709 0.0007688043 0.002062512)
(5.64335 0.001026273 0.001580706)
(7.458178 0.0008061815 0.001587914)
(8.550919 0.0004382854 0.001376437)
(9.040786 9.031218e-05 0.001117424)
(8.982556 -0.0002338348 0.0009764355)
(8.370827 -0.0002876885 0.0007757638)
(0.001560272 0.0001220646 0.000983405)
(0.01131048 1.688691e-06 0.0006674884)
(3.317231 0.0003712185 0.001515781)
(6.550803 0.0006319134 0.001192326)
(8.742521 0.0005589504 0.001355648)
(10.0804 0.0003503197 0.001299946)
(10.68459 0.0001186739 0.001122249)
(10.61234 -6.879934e-05 0.0009924579)
(9.858671 -0.0002854533 0.0009749495)
(8.352624 -0.0002643937 0.0006639829)
(0.01187425 6.614674e-07 0.000578407)
(3.508466 0.0001154771 0.001303222)
(6.976474 0.0002116706 0.001019894)
(9.351476 0.0001999477 0.001231014)
(10.81112 0.0001375462 0.001250989)
(11.47323 6.581843e-05 0.001127767)
(11.39499 2.688647e-06 0.0009784822)
(10.56985 -5.081525e-05 0.00086081)
(8.927997 -9.654127e-05 0.0007636517)
(6.332119 -7.557198e-05 0.0003483105)
(3.507502 -0.0001160603 0.001295174)
(6.974597 -0.0002128374 0.00102037)
(9.349026 -0.0002032291 0.001239786)
(10.80869 -0.0001460246 0.001276226)
(11.47118 -8.197848e-05 0.001158641)
(11.39386 -2.414796e-05 0.0009792869)
(10.56928 2.246598e-05 0.0008111474)
(8.926873 5.618231e-05 0.0006321533)
(6.330424 6.718567e-05 0.000402494)
(2.578785 3.062974e-05 4.897879e-05)
(6.545378 -0.0006413771 0.001189491)
(8.735591 -0.0005872085 0.001380292)
(10.07315 -0.0004154537 0.001363097)
(10.6783 -0.0002456448 0.001197441)
(10.60787 -0.0001109326 0.0009704424)
(9.85455 -1.19131e-05 0.0007377689)
(8.34754 5.804118e-05 0.0005158198)
(5.947741 9.487649e-05 0.0002759333)
(2.443587 7.338728e-05 5.731423e-05)
(7.447799 -0.0008643468 0.00161189)
(8.539721 -0.0005686778 0.001451058)
(9.030188 -0.000326101 0.001184576)
(8.973068 -0.0001605535 0.0009034503)
(8.361379 -5.186721e-05 0.0006415542)
(7.128126 1.761001e-05 0.0004069004)
(5.135093 5.79679e-05 0.0002004808)
(2.153489 4.916903e-05 2.760044e-05)
(6.077143 -0.0004946431 0.001379419)
(6.399689 -0.0002620383 0.001009007)
(6.361929 -0.0001257603 0.0007074089)
(5.958704 -4.865582e-05 0.0004668317)
(5.136765 -2.714967e-06 0.0002740072)
(3.777564 2.379014e-05 0.0001219472)
(1.654071 2.693079e-05 1.768683e-05)
(2.600186 -5.254084e-05 0.0005014366)
(2.586975 -2.124767e-05 0.00031381)
(2.445244 -6.31624e-06 0.0001894969)
(2.152725 1.275577e-06 0.0001010417)
(1.653206 5.965836e-06 3.979911e-05)
(0.8063533 6.022248e-06 3.515413e-06)
(0.0001508995 2.663751e-05 0.001070033)
(0.0001513858 2.701838e-05 0.001190112)
(0.0001521114 2.672931e-05 0.001208232)
(0.0001641214 2.891476e-05 0.001036887)
(0.001502722 0.0002572453 0.002816882)
(0.001516185 0.0002610148 0.0002251147)
(0.001518806 0.0002635463 0.0008089466)
(0.001521087 0.0002658685 0.0002846787)
(0.00150987 0.0002668695 0.0001538144)
(0.0001513913 7.796584e-05 0.001173828)
(0.0001521303 7.78451e-05 0.001191601)
(0.0001641324 8.313672e-05 0.001022117)
(0.001505098 0.0007385807 0.002782994)
(0.001518688 0.0007593429 0.0002295952)
(0.001521201 0.0007594043 0.0008086796)
(0.00152359 0.000768457 0.0002908472)
(0.001511881 0.0007694835 0.00015595)
(0.0001520983 0.0001309356 0.001158599)
(0.0001641082 0.0001394623 0.0009935985)
(0.001504617 0.001230334 0.002709758)
(0.001518098 0.001277516 0.0002393588)
(0.00152073 0.001293254 0.000806654)
(0.001523062 0.001328816 0.0003030049)
(0.00151153 0.001359701 0.0001611809)
(0.0001640602 0.0001795301 0.0009449028)
(0.00150425 0.001561758 0.002600046)
(0.001517585 0.001631896 0.0003129355)
(0.001520199 0.001654192 0.0008830814)
(0.00152273 0.00170903 0.0004291152)
(0.001511314 0.001763693 0.0002326273)
(0.001503404 0.001927121 0.00241003)
(0.001516776 0.002080904 0.0003713979)
(0.001519259 0.002278235 0.0009259787)
(0.001521849 0.002551268 0.000532064)
(0.001513861 0.003339545 0.0002954309)
(0.001515528 0.00172509 0.0009856919)
(0.001517885 0.00181777 0.001832486)
(0.001534066 0.001976632 0.00271464)
(0.00455737 0.002457127 0.002026662)
(1.027993 0.001307497 0.005851026)
(1.785326 0.00023895 0.002068825)
(2.234976 0.000195342 0.001214391)
(2.493063 0.000103102 0.000799998)
(2.607131 8.31773e-06 0.0005295884)
(2.594707 -1.169694e-05 0.0003578972)
(0.001515827 0.0006821798 0.001416916)
(0.001547692 0.0005323419 0.001860172)
(0.008006698 2.586432e-05 0.001334324)
(2.197218 0.001165159 0.004009386)
(4.129929 0.001130749 0.002275312)
(5.361168 0.0008006664 0.001791619)
(6.087516 0.0004220378 0.001369606)
(6.410393 0.0001313621 0.001013005)
(6.373138 -0.0001208257 0.0008161762)
(5.970925 -0.0001389481 0.0006011726)
(0.001555562 0.0002995822 0.001248043)
(0.01009072 7.591193e-06 0.0008519903)
(2.903839 0.000768448 0.002050736)
(5.641662 0.001035585 0.001582761)
(7.455986 0.0008338465 0.001609334)
(8.548681 0.0005000071 0.001423051)
(9.038998 0.0001934567 0.001158592)
(8.9812 -5.82735e-05 0.0009631181)
(8.36979 -0.0002844124 0.0008764143)
(7.137812 -0.0002602242 0.0005794471)
(0.01130736 1.693091e-06 0.0006632764)
(3.3163 0.0003721729 0.001506915)
(6.548955 0.0006359786 0.001192621)
(8.740231 0.0005752409 0.001373336)
(10.07811 0.0003852021 0.001338589)
(10.68287 0.0001863341 0.001167929)
(10.61171 6.640936e-06 0.0009852677)
(9.857763 -0.0001224064 0.000847362)
(8.351604 -0.0002433978 0.0007400739)
(5.952629 -0.0001824006 0.0003291591)
(3.507502 0.0001160384 0.00129517)
(6.974597 0.0002127972 0.001020374)
(9.349026 0.0002032577 0.001239791)
(10.80869 0.0001460615 0.001276231)
(11.47118 8.198466e-05 0.001158644)
(11.39386 2.417491e-05 0.0009792912)
(10.56928 -2.243841e-05 0.0008111495)
(8.926873 -5.616647e-05 0.0006321533)
(6.330424 -6.7181e-05 0.0004024913)
(2.578785 -3.063454e-05 4.897835e-05)
(6.972698 -0.0002142641 0.00102018)
(9.346611 -0.0002052411 0.001243868)
(10.80602 -0.0001503822 0.001286144)
(11.46878 -9.093589e-05 0.001172018)
(11.39181 -4.104528e-05 0.0009756764)
(10.5676 -2.587282e-06 0.0007592875)
(8.925136 2.484454e-05 0.0005400328)
(6.328161 3.953826e-05 0.0002921447)
(2.577327 2.846549e-05 6.030857e-05)
(8.733239 -0.0005929073 0.001380075)
(10.0706 -0.0004218346 0.001364669)
(10.67569 -0.0002566287 0.00119804)
(10.60551 -0.0001305412 0.0009628549)
(9.852344 -4.137502e-05 0.0007090367)
(8.345415 1.802023e-05 0.0004609079)
(5.945753 5.113274e-05 0.0002292133)
(2.442114 4.201851e-05 3.093999e-05)
(8.537442 -0.0005765113 0.001446535)
(9.027892 -0.0003332679 0.001180066)
(8.970769 -0.000170503 0.0008943393)
(8.35924 -6.821076e-05 0.0006229667)
(7.126098 -3.935675e-06 0.0003796166)
(5.133287 3.184396e-05 0.0001726356)
(2.152514 3.289663e-05 2.432957e-05)
(6.397997 -0.000267191 0.001001831)
(6.360271 -0.0001298106 0.0007003706)
(5.957086 -5.317605e-05 0.0004572996)
(5.135289 -9.794765e-06 0.0002607348)
(3.776317 1.596143e-05 0.0001105061)
(1.653364 2.017866e-05 1.368394e-05)
(2.586297 -2.197193e-05 0.0003099868)
(2.44459 -6.903907e-06 0.0001859333)
(2.152114 8.289322e-07 9.774854e-05)
(1.652691 5.090904e-06 3.647609e-05)
(0.8060612 5.694957e-06 2.919181e-06)
(0.0001513607 2.692111e-05 0.001185566)
(0.0001520978 2.663283e-05 0.001203381)
(0.00016407 2.879288e-05 0.001032312)
(0.001502093 0.0002562091 0.002805525)
(0.001515614 0.0002599821 0.0002241954)
(0.001518091 0.0002625025 0.000805716)
(0.001520428 0.0002647591 0.000283477)
(0.001508708 0.0002656885 0.0001531282)
(0.0001521044 7.756682e-05 0.001186996)
(0.000164114 8.282826e-05 0.001017921)
(0.00150462 0.0007353898 0.002770612)
(0.001518052 0.0007563086 0.0002286543)
(0.001520631 0.0007563504 0.0008053386)
(0.001522868 0.0007654019 0.0002896559)
(0.001511211 0.0007662556 0.0001552778)
(0.0001640787 0.0001389648 0.0009896335)
(0.001504375 0.001225367 0.002698143)
(0.00151761 0.001271986 0.0002382548)
(0.001520118 0.001288022 0.0008033098)
(0.001522493 0.001323359 0.0003016896)
(0.001510805 0.001354157 0.0001604943)
(0.001503932 0.001555759 0.002588747)
(0.001517305 0.00162533 0.0003114947)
(0.001519718 0.001646932 0.0008789)
(0.001522141 0.001702068 0.0004271972)
(0.001510747 0.001756313 0.0002315502)
(0.001516431 0.002072777 0.0003696188)
(0.001518927 0.002268561 0.0009215044)
(0.001521375 0.0025397 0.0005293787)
(0.001513298 0.003325143 0.0002940325)
(0.001517503 0.001810308 0.001823484)
(0.001533662 0.001968099 0.002701877)
(0.004555945 0.002445565 0.00201664)
(1.027648 0.001302442 0.005824964)
(1.784688 0.0002394631 0.002062595)
(2.234081 0.0001996928 0.001217492)
(2.492042 0.0001079297 0.0008076383)
(2.605696 3.774253e-05 0.0005268822)
(2.593164 -2.095428e-05 0.0003926035)
(2.452401 -2.26549e-05 0.0002764019)
(0.001547291 0.000530289 0.001850797)
(0.008004349 2.575973e-05 0.001327604)
(2.196544 0.001161592 0.003989023)
(4.12864 0.001133975 0.002270362)
(5.359455 0.0008145188 0.001798298)
(6.085571 0.0004560732 0.001388399)
(6.408467 0.0001880052 0.001025143)
(6.37083 4.537615e-06 0.0007870986)
(5.968528 -0.000162985 0.0006741269)
(5.148 -0.0001413053 0.0004326704)
(0.01008792 7.571184e-06 0.0008471597)
(2.90301 0.0007678444 0.002039726)
(5.640026 0.001037974 0.001579246)
(7.453903 0.0008493546 0.001617985)
(8.546436 0.000533797 0.001444727)
(9.036939 0.0002595768 0.001180039)
(8.979456 4.277714e-05 0.0009438782)
(8.367659 -0.0001146449 0.0007745062)
(7.135413 -0.0002536252 0.0006475145)
(5.142904 -0.0001891586 0.0002886815)
(3.315384 0.000373241 0.001498082)
(6.54717 0.0006382629 0.001191356)
(8.737886 0.0005827639 0.001378737)
(10.07571 0.0004053584 0.001357144)
(10.68069 0.0002244593 0.001189369)
(10.61002 7.348857e-05 0.0009775475)
(9.85646 -4.296742e-05 0.0007857151)
(8.34953 -0.0001251501 0.0005919766)
(5.950314 -0.0001684764 0.0003817279)
(2.445201 -7.62236e-05 4.672783e-05)
(6.972698 0.0002142239 0.001020178)
(9.346611 0.0002052216 0.001243872)
(10.80602 0.0001504168 0.001286149)
(11.46878 9.096476e-05 0.001172023)
(11.39181 4.104873e-05 0.0009756789)
(10.5676 2.607603e-06 0.0007592902)
(8.925136 -2.483587e-05 0.0005400329)
(6.328161 -3.954529e-05 0.0002921428)
(2.577327 -2.847428e-05 6.030699e-05)
(9.34411 -0.000207694 0.001245906)
(10.80335 -0.0001531215 0.001290369)
(11.46607 -9.56193e-05 0.001175838)
(11.38943 -4.931291e-05 0.0009709007)
(10.56546 -1.537816e-05 0.0007284359)
(8.923128 7.807214e-06 0.0004797056)
(6.326289 2.045797e-05 0.0002394819)
(2.575931 1.666093e-05 3.249675e-05)
(10.06794 -0.0004296925 0.001363022)
(10.67307 -0.0002638474 0.00119615)
(10.60293 -0.0001408296 0.0009554565)
(9.850023 -5.764728e-05 0.00069018)
(8.343264 -3.404119e-06 0.0004304252)
(5.94389 2.634866e-05 0.0001974966)
(2.441129 2.581626e-05 2.701293e-05)
(9.025519 -0.0003423701 0.001172566)
(8.968501 -0.0001775547 0.0008866212)
(8.357055 -7.672117e-05 0.0006106948)
(7.12416 -1.624901e-05 0.0003619995)
(5.131696 1.85256e-05 0.000157438)
(2.151668 2.306823e-05 1.965719e-05)
(6.358599 -0.0001350099 0.0006916368)
(5.955522 -5.672381e-05 0.0004497162)
(5.133862 -1.338568e-05 0.0002528209)
(3.775185 1.117649e-05 0.0001030137)
(1.652792 1.703783e-05 1.231029e-05)
(2.44395 -7.575323e-06 0.0001822084)
(2.151531 3.662944e-07 9.490271e-05)
(1.652213 4.750767e-06 3.469205e-05)
(0.8058014 5.266502e-06 2.329749e-06)
(0.000152072 2.653608e-05 0.001198784)
(0.0001640532 2.868588e-05 0.001028167)
(0.001501618 0.0002551001 0.002793161)
(0.001514972 0.0002589347 0.000223287)
(0.00151752 0.000261445 0.0008024396)
(0.001519711 0.000263705 0.0002823394)
(0.001508052 0.0002645732 0.0001524822)
(0.0001640851 8.252674e-05 0.001013987)
(0.001504405 0.0007324702 0.002759246)
(0.00151757 0.0007530629 0.0002276275)
(0.001520005 0.0007533031 0.0008020615)
(0.001522297 0.0007623064 0.0002884484)
(0.001510494 0.000763191 0.0001546425)
(0.001504078 0.001220675 0.002687392)
(0.001517378 0.001266914 0.0002372123)
(0.001519635 0.00128237 0.0007996337)
(0.001521882 0.001317971 0.0003004202)
(0.00151024 0.001348545 0.0001597991)
(0.001516991 0.001619216 0.0003100985)
(0.001519427 0.001640138 0.0008749014)
(0.001521661 0.00169454 0.0004251413)
(0.001510164 0.001749078 0.0002305155)
(0.001518579 0.002259294 0.0009170445)
(0.001521039 0.002528768 0.0005268291)
(0.001512828 0.003309725 0.00029255)
(0.001533274 0.001959836 0.002689304)
(0.004554603 0.002434642 0.002007211)
(1.027329 0.001296498 0.005796981)
(1.784115 0.0002398181 0.002055333)
(2.233329 0.0002007916 0.001216145)
(2.491131 0.000112809 0.0008095387)
(2.604718 4.269713e-05 0.0005237845)
(2.59175 7.498558e-06 0.0003629662)
(2.450754 -3.045656e-05 0.0003023552)
(2.159184 -2.376607e-05 0.0001929352)
(0.008002117 2.565671e-05 0.001320951)
(2.195904 0.001158177 0.003969836)
(4.127413 0.001132819 0.002261759)
(5.357872 0.0008218598 0.001798255)
(6.083779 0.0004735471 0.001394532)
(6.406596 0.0002238101 0.00102764)
(6.36894 5.800843e-05 0.0007610866)
(5.965927 -5.187946e-05 0.0005912998)
(5.145062 -0.0001542349 0.0004809627)
(3.786285 -0.0001133915 0.0002171768)
(2.902202 0.0007674193 0.002028841)
(5.638457 0.001038822 0.00157475)
(7.451831 0.0008556757 0.001617952)
(8.544217 0.0005533603 0.001453138)
(9.034746 0.0002951459 0.001187919)
(8.977435 0.0001071417 0.0009272689)
(8.365661 -3.192879e-05 0.0007134972)
(7.132567 -0.0001251822 0.0005214291)
(5.139983 -0.0001853516 0.0003305341)
(2.15676 -8.484978e-05 4.159136e-05)
(6.545378 0.000641343 0.001189486)
(8.735591 0.0005871952 0.001380304)
(10.07315 0.0004154827 0.001363111)
(10.6783 0.0002456699 0.001197455)
(10.60787 0.0001109351 0.0009704491)
(9.85455 1.192923e-05 0.0007377762)
(8.34754 -5.802969e-05 0.0005158234)
(5.947741 -9.487751e-05 0.0002759312)
(2.443587 -7.339175e-05 5.73117e-05)
(9.34411 0.0002076558 0.001245905)
(10.80335 0.0001531228 0.001290373)
(11.46607 9.564924e-05 0.001175843)
(11.38943 4.933571e-05 0.0009709046)
(10.56546 1.53779e-05 0.0007284375)
(8.923128 -7.794149e-06 0.0004797066)
(6.326289 -2.044415e-05 0.0002394828)
(2.575931 -1.665754e-05 3.249702e-05)
(10.80052 -0.0001564023 0.001290843)
(11.46332 -9.866164e-05 0.001175992)
(11.38675 -5.36627e-05 0.0009653032)
(10.5631 -2.218839e-05 0.0007103163)
(8.92098 -1.275073e-06 0.0004477802)
(6.324458 1.014911e-05 0.0002060226)
(2.574971 9.680221e-06 2.753453e-05)
(10.6703 -0.0002726522 0.001190077)
(10.60034 -0.0001477644 0.0009486471)
(9.847557 -6.623947e-05 0.0006775222)
(8.341129 -1.539477e-05 0.0004112199)
(5.94217 1.352638e-05 0.0001805939)
(2.440247 1.7012e-05 2.208492e-05)
(8.966158 -0.0001864372 0.00087573)
(8.354917 -8.275221e-05 0.0006012372)
(7.122238 -2.264278e-05 0.0003512909)
(5.130221 1.085801e-05 0.0001475946)
(2.15096 1.831021e-05 1.795011e-05)
(5.953956 -6.124017e-05 0.0004406464)
(5.132494 -1.612825e-05 0.0002465827)
(3.774113 8.741112e-06 9.881342e-05)
(1.652278 1.500103e-05 1.106816e-05)
(2.150967 -2.015795e-07 9.199585e-05)
(1.65176 4.40359e-06 3.312323e-05)
(0.8055644 5.103051e-06 2.107013e-06)
(0.0001640245 2.858015e-05 0.001024239)
(0.001501417 0.0002540877 0.002781954)
(0.001514495 0.0002578218 0.0002222978)
(0.001516888 0.0002603871 0.0007991911)
(0.00151914 0.0002626373 0.0002811857)
(0.00150734 0.0002635142 0.0001518703)
(0.001504118 0.0007296851 0.002748597)
(0.001517365 0.0007501243 0.0002266747)
(0.001519523 0.0007500286 0.0007984702)
(0.001521672 0.0007592242 0.0002872668)
(0.001509927 0.0007600864 0.0001539985)
(0.001517086 0.001262146 0.00023623)
(0.001519385 0.001277129 0.000796175)
(0.001521399 0.001312155 0.0002990333)
(0.001509636 0.001343014 0.0001591275)
(0.001519104 0.001633713 0.0008710222)
(0.001521366 0.001687489 0.0004231885)
(0.001509689 0.001741274 0.0002294064)
(0.00152069 0.002518255 0.0005243074)
(0.001512489 0.003295176 0.0002911425)
(0.004553354 0.002424012 0.001997928)
(1.027028 0.001290983 0.005770551)
(1.783578 0.0002392768 0.002046415)
(2.232644 0.0002015635 0.001212941)
(2.490342 0.000114392 0.0008082404)
(2.603823 4.77399e-05 0.0005198689)
(2.590784 1.208722e-05 0.0003461865)
(2.449272 -4.780648e-06 0.0002516821)
(2.157429 -3.000664e-05 0.0002094044)
(1.658331 -2.079316e-05 9.851836e-05)
(2.19529 0.0011549 0.00395099)
(4.126242 0.001131164 0.002252929)
(5.356337 0.0008237003 0.001793397)
(6.08208 0.0004835825 0.001394303)
(6.404813 0.0002422538 0.001025283)
(6.367096 9.271124e-05 0.0007410491)
(5.963933 -5.970862e-06 0.0005391941)
(5.142201 -6.936888e-05 0.0003820539)
(3.783375 -0.0001218907 0.000244373)
(1.657915 -5.801648e-05 3.246902e-05)
(5.636901 0.001040629 0.001569897)
(7.449824 0.0008592473 0.001615548)
(8.541946 0.0005626725 0.001453319)
(9.032515 0.0003157274 0.001188256)
(8.975273 0.0001413076 0.0009144959)
(8.363533 2.31068e-05 0.0006690312)
(7.130288 -5.876337e-05 0.0004541593)
(5.137129 -0.0001012157 0.0002406548)
(2.155012 -8.629252e-05 5.017157e-05)
(8.733239 0.0005928755 0.001380072)
(10.0706 0.0004218363 0.001364678)
(10.67569 0.0002566542 0.001198053)
(10.60551 0.0001305612 0.000962866)
(9.852344 4.137462e-05 0.0007090409)
(8.345415 -1.801033e-05 0.0004609107)
(5.945753 -5.111967e-05 0.000229217)
(2.442114 -4.201511e-05 3.094072e-05)
(10.80052 0.0001563746 0.001290842)
(11.46332 9.86704e-05 0.001175994)
(11.38675 5.368701e-05 0.0009653069)
(10.5631 2.220862e-05 0.000710319)
(8.92098 1.274621e-06 0.0004477816)
(6.324458 -1.01432e-05 0.0002060234)
(2.574971 -9.672046e-06 2.753482e-05)
(11.46036 -0.0001022902 0.001171252)
(11.38402 -5.655349e-05 0.0009595209)
(10.56053 -2.578476e-05 0.0006982013)
(8.918787 -6.24755e-06 0.0004284731)
(6.32271 4.833216e-06 0.0001885969)
(2.57409 6.13033e-06 2.262524e-05)
(10.5976 -0.0001562213 0.0009374341)
(9.84511 -7.206504e-05 0.0006675993)
(8.338951 -2.164857e-05 0.0003994744)
(5.940536 6.38678e-06 0.000169843)
(2.439483 1.270965e-05 2.030032e-05)
(8.352731 -9.029585e-05 0.0005889455)
(7.120378 -2.717538e-05 0.0003431245)
(5.128797 6.891923e-06 0.0001419465)
(2.150315 1.547756e-05 1.64625e-05)
(5.131142 -1.961438e-05 0.0002393194)
(3.773092 6.848901e-06 9.540177e-05)
(1.651801 1.394043e-05 1.052633e-05)
(1.651328 3.947614e-06 3.156235e-05)
(0.8053409 4.926707e-06 1.855642e-06)
(0.001501136 0.0002531191 0.002771342)
(0.001514305 0.0002568161 0.0002213897)
(0.001516409 0.0002592537 0.0007956513)
(0.001518509 0.0002615716 0.0002800457)
(0.001506774 0.0002624417 0.0001512497)
(0.001517083 0.0007473062 0.0002257783)
(0.0015193 0.0007470201 0.0007951626)
(0.001521191 0.0007559117 0.0002859749)
(0.00150931 0.0007570028 0.0001533673)
(0.001519083 0.001272161 0.0007929297)
(0.001521146 0.001306753 0.0002977285)
(0.001509158 0.001337052 0.0001583929)
(0.001521042 0.001680799 0.0004212865)
(0.001509393 0.001733956 0.0002283528)
(0.001512142 0.003281095 0.0002897489)
(1.026743 0.001285579 0.005744727)
(1.783069 0.0002388347 0.002037755)
(2.231993 0.000201343 0.001208204)
(2.48961 0.0001155928 0.0008054796)
(2.603032 4.944053e-05 0.0005158955)
(2.589898 1.703519e-05 0.0003347261)
(2.448285 -1.526187e-06 0.0002263552)
(2.155903 -9.810672e-06 0.0001548332)
(1.65669 -2.621657e-05 0.000106813)
(0.8089248 -1.156042e-05 1.469525e-05)
(4.125101 0.001130137 0.002244068)
(5.354862 0.0008244937 0.001787622)
(6.0804 0.0004877018 0.001390242)
(6.403092 0.0002530472 0.001020376)
(6.365336 0.0001104122 0.0007269173)
(5.962067 2.436627e-05 0.0005034969)
(5.140164 -3.286306e-05 0.0003297956)
(3.780767 -6.411561e-05 0.0001738405)
(1.656274 -6.349731e-05 3.862998e-05)
(7.447799 0.0008643257 0.001611884)
(8.539721 0.0005686812 0.001451067)
(9.030188 0.0003261186 0.00118459)
(8.973068 0.0001605676 0.0009034657)
(8.361379 5.186663e-05 0.0006415606)
(7.128126 -1.7604e-05 0.0004069041)
(5.135093 -5.795958e-05 0.0002004859)
(2.153489 -4.916526e-05 2.759982e-05)
(10.06794 0.00042967 0.001363019)
(10.67307 0.0002638544 0.001196155)
(10.60293 0.0001408496 0.000955466)
(9.850023 5.766481e-05 0.0006901881)
(8.343264 3.403454e-06 0.000430429)
(5.94389 -2.634515e-05 0.0001974973)
(2.441129 -2.580957e-05 2.701444e-05)
(11.46036 0.0001022718 0.001171252)
(11.38402 5.655996e-05 0.000959522)
(10.56053 2.58042e-05 0.0006982038)
(8.918787 6.266562e-06 0.0004284748)
(6.32271 -4.828789e-06 0.0001885979)
(2.57409 -6.139627e-06 2.262477e-05)
(11.38111 -6.001484e-05 0.0009485842)
(10.55795 -2.819255e-05 0.000688419)
(8.916507 -8.832173e-06 0.0004167095)
(6.321021 1.932419e-06 0.0001777484)
(2.573312 4.407361e-06 2.089069e-05)
(9.842558 -7.916606e-05 0.0006537277)
(8.336822 -2.593331e-05 0.000390393)
(5.938926 2.702903e-06 0.0001636347)
(2.438776 1.028915e-05 1.877425e-05)
(7.118508 -3.2829e-05 0.000332907)
(5.127431 3.937311e-06 0.0001374438)
(2.149705 1.398668e-05 1.576498e-05)
(3.772099 4.458593e-06 9.152917e-05)
(1.651348 1.304396e-05 9.982626e-06)
(0.8051312 4.685611e-06 1.616614e-06)
(0.001514028 0.0002558466 0.0002205341)
(0.001516201 0.0002582147 0.0007924288)
(0.00151803 0.0002604293 0.0002788029)
(0.00150615 0.0002613742 0.0001506354)
(0.001519009 0.0007441502 0.0007920472)
(0.001520964 0.0007528607 0.0002847809)
(0.001508832 0.0007536873 0.0001526771)
(0.001520842 0.001301621 0.000296494)
(0.001508904 0.001331501 0.0001577021)
(0.00150907 0.001726986 0.0002273259)
(1.782582 0.0002384566 0.002029287)
(2.231372 0.0002012022 0.00120341)
(2.488906 0.0001158215 0.0008019331)
(2.602289 5.07999e-05 0.0005119024)
(2.589115 1.870633e-05 0.0003271383)
(2.447402 3.054968e-06 0.0002099287)
(2.154928 -7.512469e-06 0.0001311211)
(1.655318 -1.121331e-05 6.851166e-05)
(0.8079504 -1.488865e-05 1.669642e-05)
(5.353403 0.0008262539 0.001781259)
(6.078773 0.0004905984 0.001385411)
(6.401367 0.0002581062 0.001014611)
(6.363633 0.0001206996 0.00071577)
(5.960343 3.968109e-05 0.0004816707)
(5.138358 -9.181505e-06 0.0002943592)
(3.779041 -3.980434e-05 0.0001432051)
(1.654903 -3.656066e-05 2.022141e-05)
(8.537442 0.0005764971 0.001446529)
(9.027892 0.000333273 0.001180067)
(8.970769 0.0001705162 0.00089435)
(8.35924 6.822302e-05 0.0006229779)
(7.126098 3.935546e-06 0.0003796214)
(5.133287 -3.184176e-05 0.0001726352)
(2.152514 -3.289231e-05 2.433192e-05)
(10.6703 0.000272637 0.001190073)
(10.60034 0.0001477691 0.0009486481)
(9.847557 6.625506e-05 0.0006775286)
(8.341129 1.541034e-05 0.0004112252)
(5.94217 -1.352167e-05 0.0001805967)
(2.440247 -1.702043e-05 2.208309e-05)
(11.38111 6.000029e-05 0.0009485826)
(10.55795 2.819242e-05 0.000688419)
(8.916507 8.845673e-06 0.0004167106)
(6.321021 -1.920179e-06 0.0001777497)
(2.573312 -4.39753e-06 2.089073e-05)
(10.55523 -3.108338e-05 0.0006739916)
(8.914262 -1.058602e-05 0.000407373)
(6.319334 4.454675e-07 0.0001715176)
(2.572581 3.463084e-06 1.941684e-05)
(8.334646 -3.117895e-05 0.0003784023)
(5.937371 5.995387e-09 0.0001585309)
(2.438097 9.02547e-06 1.803803e-05)
(5.126083 2.732237e-07 0.000131962)
(2.149124 1.272218e-05 1.506724e-05)
(1.650916 1.195921e-05 9.395614e-06)
(0.001515916 0.0002572213 0.000789377)
(0.001517818 0.0002593794 0.0002776666)
(0.001505675 0.0002602287 0.000149966)
(0.001520672 0.0007499501 0.0002836533)
(0.001508604 0.0007506244 0.00015204)
(0.001508601 0.001326215 0.0001570493)
(2.230769 0.0002011349 0.001198597)
(2.488229 0.0001161466 0.000798371)
(2.601567 5.127596e-05 0.0005083648)
(2.588379 2.004903e-05 0.0003213987)
(2.446636 4.540973e-06 0.0002002059)
(2.154081 -3.572715e-06 0.0001154372)
(1.654486 -9.962227e-06 5.458454e-05)
(0.80717 -7.715913e-06 6.585155e-06)
(6.077143 0.0004946365 0.00137941)
(6.39969 0.0002620414 0.001009002)
(6.361929 0.0001257654 0.0007074142)
(5.958704 4.866062e-05 0.0004668414)
(5.136765 2.715564e-06 0.0002740134)
(3.777564 -2.378908e-05 0.000121946)
(1.654071 -2.692903e-05 1.7689e-05)
(9.025519 0.0003423606 0.001172558)
(8.968501 0.0001775567 0.0008866174)
(8.357055 7.673046e-05 0.0006107009)
(7.12416 1.626013e-05 0.0003620061)
(5.131696 -1.852213e-05 0.0001574423)
(2.151668 -2.30744e-05 1.965373e-05)
(10.5976 0.0001562095 0.0009374289)
(9.84511 7.206284e-05 0.0006675975)
(8.338951 2.16588e-05 0.0003994778)
(5.940536 -6.376707e-06 0.0001698455)
(2.439483 -1.270139e-05 2.030111e-05)
(10.55523 3.106941e-05 0.0006739899)
(8.914262 1.057697e-05 0.0004073724)
(6.319334 -4.422166e-07 0.0001715178)
(2.572581 -3.458586e-06 1.941708e-05)
(8.911946 -1.270709e-05 0.0003945892)
(6.317696 -6.411039e-07 0.0001661911)
(2.571873 2.975873e-06 1.870925e-05)
(5.935816 -3.305761e-06 0.0001520181)
(2.437447 7.933272e-06 1.724134e-05)
(2.148562 1.122274e-05 1.429269e-05)
(0.001517531 0.0002583758 0.0002765917)
(0.001505461 0.0002591727 0.000149355)
(0.001508312 0.0007477033 0.0001514383)
(2.487566 0.0001165309 0.0007946356)
(2.600872 5.188069e-05 0.0005050213)
(2.587664 2.058906e-05 0.0003173904)
(2.445926 5.794758e-06 0.0001935967)
(2.153372 -2.373194e-06 0.0001067564)
(1.653778 -6.812552e-06 4.48085e-05)
(0.806728 -7.549984e-06 5.553775e-06)
(6.397997 0.0002671871 0.001001823)
(6.360271 0.0001298108 0.000700361)
(5.957087 5.317881e-05 0.0004573011)
(5.135289 9.799382e-06 0.0002607406)
(3.776317 -1.596e-05 0.0001105121)
(1.653364 -2.018218e-05 1.367985e-05)
(8.966158 0.0001864293 0.0008757213)
(8.354917 8.274868e-05 0.0006012307)
(7.122238 2.264843e-05 0.0003512931)
(5.130221 -1.085199e-05 0.0001475969)
(2.15096 -1.830418e-05 1.795128e-05)
(9.842558 7.915415e-05 0.0006537225)
(8.336822 2.592417e-05 0.0003903899)
(5.938926 -2.701545e-06 0.0001636347)
(2.438776 -1.02852e-05 1.877469e-05)
(8.911946 1.269344e-05 0.0003945876)
(6.317696 6.278525e-07 0.0001661901)
(2.571873 -2.978571e-06 1.870943e-05)
(6.316047 -1.964314e-06 0.0001591916)
(2.571193 2.547327e-06 1.787133e-05)
(2.436811 6.648866e-06 1.635353e-05)
(0.001505175 0.0002581641 0.0001487764)
(2.600186 5.254066e-05 0.0005014321)
(2.586976 2.124762e-05 0.0003138026)
(2.445244 6.31688e-06 0.0001894951)
(2.152725 -1.274822e-06 0.000101044)
(1.653206 -5.965082e-06 3.98022e-05)
(0.8063533 -6.024014e-06 3.512535e-06)
(6.358599 0.0001350066 0.0006916286)
(5.955522 5.67212e-05 0.0004497053)
(5.133862 1.338648e-05 0.0002528194)
(3.775185 -1.11745e-05 0.0001030157)
(1.652792 -1.703482e-05 1.231107e-05)
(8.352731 9.028756e-05 0.0005889377)
(7.120378 2.7167e-05 0.0003431177)
(5.128797 -6.892233e-06 0.0001419456)
(2.150315 -1.547532e-05 1.646234e-05)
(8.334646 3.116779e-05 0.0003783985)
(5.937371 -1.884539e-08 0.0001585284)
(2.438097 -9.028718e-06 1.803783e-05)
(6.316047 1.954604e-06 0.0001591911)
(2.571193 -2.555656e-06 1.787121e-05)
(2.570524 2.046373e-06 1.693612e-05)
(2.586297 2.197169e-05 0.0003099831)
(2.44459 6.903465e-06 0.0001859258)
(2.152114 -8.284278e-07 9.774614e-05)
(1.652691 -5.090418e-06 3.647682e-05)
(0.8060612 -5.693446e-06 2.918904e-06)
(5.953956 6.123683e-05 0.0004406395)
(5.132494 1.612288e-05 0.0002465734)
(3.774113 -8.74362e-06 9.881046e-05)
(1.652278 -1.50002e-05 1.106809e-05)
(7.118508 3.282148e-05 0.0003329016)
(5.127431 -3.947958e-06 0.0001374397)
(2.149705 -1.398951e-05 1.576495e-05)
(5.935816 3.297056e-06 0.0001520165)
(2.437447 -7.941201e-06 1.72413e-05)
(2.570524 -2.050849e-06 1.693644e-05)
(2.44395 7.574901e-06 0.0001822055)
(2.151531 -3.672666e-07 9.489712e-05)
(1.652213 -4.750626e-06 3.469022e-05)
(0.8058014 -5.266326e-06 2.330113e-06)
(5.131142 1.961128e-05 0.0002393151)
(3.773092 -6.855213e-06 9.539668e-05)
(1.651801 -1.394259e-05 1.052581e-05)
(5.126083 -2.788846e-07 0.0001319599)
(2.149124 -1.272818e-05 1.506705e-05)
(2.436811 -6.652069e-06 1.635359e-05)
(2.150967 2.012052e-07 9.199391e-05)
(1.65176 -4.404918e-06 3.312026e-05)
(0.8055644 -5.103333e-06 2.106616e-06)
(3.772099 -4.460709e-06 9.152785e-05)
(1.651348 -1.304712e-05 9.982311e-06)
(2.148562 -1.122461e-05 1.429215e-05)
(1.651328 -3.94794e-06 3.156211e-05)
(0.8053409 -4.927512e-06 1.855385e-06)
(1.650916 -1.196014e-05 9.395381e-06)
(0.8051312 -4.685879e-06 1.616699e-06)
)
;

boundaryField
{
    anodeSides
    {
        type            fixedValue;
        value           uniform (0 0 0);
    }
    fuelInlet
    {
        type            fixedValue;
        value           nonuniform List<vector> 0();
    }
    fuelOutlet
    {
        type            inletOutlet;
        inletValue      nonuniform List<vector> 0();
        value           nonuniform List<vector> 0();
    }
    fuel_to_electrolyte
    {
        type            fixedValue;
        value           uniform (0 0 0);
    }
    fuel_to_interconnect
    {
        type            fixedValue;
        value           uniform (0 0 0);
    }
    procBoundary1to0
    {
        type            processor;
        value           nonuniform List<vector> 
400
(
(1.491515e-05 -3.384221e-06 0.0001668693)
(1.491264e-05 -1.002051e-05 0.0001655297)
(1.510801e-05 -3.395548e-06 0.0004732165)
(1.490543e-05 -1.764724e-05 0.0001623064)
(1.510574e-05 -9.964248e-06 0.0004692428)
(1.512582e-05 -3.299138e-06 0.0006537806)
(1.489249e-05 -2.471817e-05 0.0001562488)
(1.509904e-05 -1.749867e-05 0.0004596571)
(1.512413e-05 -9.610099e-06 0.000648103)
(1.514954e-05 -3.131783e-06 0.00102022)
(1.486816e-05 -3.241822e-05 0.0001464074)
(1.508698e-05 -2.439436e-05 0.000441592)
(1.511871e-05 -1.677462e-05 0.0006344023)
(1.514854e-05 -9.202958e-06 0.00101117)
(1.597741e-05 -3.093707e-06 0.0008100393)
(1.484063e-05 -3.102338e-05 0.0001333901)
(1.506396e-05 -3.191295e-05 0.0004121221)
(1.51089e-05 -2.314496e-05 0.0006085588)
(1.514461e-05 -1.59427e-05 0.0009893386)
(1.597797e-05 -8.82374e-06 0.0008027861)
(0.0001442836 -2.717935e-05 0.001581882)
(1.480263e-05 -2.186797e-05 0.0001202689)
(1.503805e-05 -3.036959e-05 0.0003730214)
(1.508928e-05 -3.010521e-05 0.0005663143)
(1.513739e-05 -2.17088e-05 0.0009481633)
(1.597702e-05 -1.501917e-05 0.0007853206)
(0.0001443141 -7.820769e-05 0.001567718)
(0.0001514627 -2.768444e-05 0.00111947)
(1.476987e-05 -1.520419e-05 0.0001096507)
(1.50015e-05 -2.119513e-05 0.0003335407)
(1.50676e-05 -2.829313e-05 0.0005101491)
(1.512174e-05 -2.802556e-05 0.0008806941)
(1.597497e-05 -1.980701e-05 0.0007523459)
(0.0001443109 -0.0001326352 0.001533485)
(0.000151497 -8.160969e-05 0.001109454)
(0.0001519407 -2.800579e-05 0.001240325)
(1.474507e-05 -8.47996e-06 0.0001024509)
(1.496992e-05 -1.468378e-05 0.0003016018)
(1.503518e-05 -1.930518e-05 0.0004534153)
(1.510497e-05 -2.59029e-05 0.0007907442)
(1.596699e-05 -2.508022e-05 0.0006982179)
(0.0001443017 -0.0001737027 0.001468896)
(0.0001514955 -0.0001382526 0.001085276)
(0.0001519767 -8.105005e-05 0.001229236)
(0.0001526683 -2.76249e-05 0.001254161)
(1.473316e-05 -2.788556e-06 9.885842e-05)
(1.494596e-05 -8.155548e-06 0.0002799495)
(1.500706e-05 -1.326492e-05 0.0004075321)
(1.507736e-05 -1.712912e-05 0.0006998004)
(1.595996e-05 -2.218009e-05 0.0006257971)
(0.0001442437 -0.0002189305 0.001362515)
(0.0001514891 -0.0001806503 0.001040226)
(0.0001519782 -0.0001370481 0.001202458)
(0.0001527074 -8.070422e-05 0.001243036)
(0.0001646883 -2.978724e-05 0.001071558)
(1.473313e-05 2.788126e-06 9.885826e-05)
(1.493442e-05 -2.68011e-06 0.0002691466)
(1.498557e-05 -7.295936e-06 0.00037643)
(1.505327e-05 -1.163114e-05 0.0006262901)
(1.594132e-05 -1.340481e-05 0.0005527102)
(0.0001441977 -0.0001916424 0.001220635)
(0.0001514329 -0.0002274189 0.0009658145)
(0.000151977 -0.0001783972 0.00115275)
(0.0001527117 -0.0001362394 0.001216057)
(0.000164758 -8.597095e-05 0.001061866)
(0.001507662 -0.0002645292 0.002899251)
(1.474497e-05 8.479554e-06 0.0001024503)
(1.493439e-05 2.679702e-06 0.0002691461)
(1.497516e-05 -2.393918e-06 0.0003609126)
(1.503467e-05 -6.305929e-06 0.0005764665)
(1.592474e-05 -8.773148e-06 0.0004936594)
(0.0001440467 -0.0001132721 0.001076111)
(0.0001513901 -0.0001983631 0.0008707303)
(0.0001519285 -0.0002241416 0.00107057)
(0.0001527153 -0.0001767353 0.001166533)
(0.0001647669 -0.0001447983 0.001038724)
(0.001510777 -0.0007624788 0.002878277)
(0.001520479 -0.0002671803 0.0002309469)
(1.476969e-05 1.520393e-05 0.0001096499)
(1.494586e-05 8.155163e-06 0.0002799479)
(1.497514e-05 2.393569e-06 0.0003609118)
(1.502558e-05 -2.064292e-06 0.0005516072)
(1.591145e-05 -4.536013e-06 0.0004536439)
(0.0001439116 -7.339795e-05 0.0009594223)
(0.0001512369 -0.0001162571 0.0007675765)
(0.0001518951 -0.0001943168 0.0009672098)
(0.0001526734 -0.0002217014 0.001084257)
(0.0001647778 -0.0001869184 0.0009960882)
(0.001510961 -0.001276418 0.002820622)
(0.001523658 -0.000780256 0.0002367977)
(0.001522559 -0.0002689771 0.0008262689)
(1.480238e-05 2.186794e-05 0.0001202679)
(1.496975e-05 1.468353e-05 0.0003015992)
(1.498549e-05 7.295608e-06 0.0003764276)
(1.502556e-05 2.064011e-06 0.0005516059)
(1.59048e-05 -1.473152e-06 0.0004336787)
(0.0001438021 -3.743815e-05 0.0008803691)
(0.0001510997 -7.506049e-05 0.0006842128)
(0.0001517506 -0.0001122236 0.0008523207)
(0.0001526483 -0.0001911044 0.0009853178)
(0.0001647429 -0.0002340034 0.0009256558)
(0.001511224 -0.001626997 0.002728961)
(0.001523865 -0.001318666 0.0002485246)
(0.001525795 -0.0007781083 0.0008300665)
(0.001524215 -0.0002702831 0.0002896376)
(1.484033e-05 3.102353e-05 0.0001333892)
(1.500126e-05 2.11951e-05 0.0003335377)
(1.500692e-05 1.326471e-05 0.0004075283)
(1.50346e-05 6.305666e-06 0.0005764626)
(1.590479e-05 1.472999e-06 0.0004336777)
(0.000143747 -1.212995e-05 0.000840933)
(0.0001509882 -3.809545e-05 0.000627684)
(0.0001516208 -7.199734e-05 0.0007594112)
(0.0001525111 -0.0001087898 0.0008677132)
(0.000164728 -0.0002000034 0.0008399465)
(0.001511124 -0.002018149 0.002559617)
(0.001524158 -0.001691613 0.0003278405)
(0.001526114 -0.001331525 0.0008332058)
(0.001527503 -0.0007844902 0.0002974736)
(0.001511842 -0.0002701657 0.000155783)
(1.486783e-05 3.241846e-05 0.0001464067)
(1.503777e-05 3.036973e-05 0.0003730186)
(1.503497e-05 1.930516e-05 0.0004534109)
(1.505315e-05 1.163097e-05 0.0006262841)
(1.591141e-05 4.535871e-06 0.0004536409)
(0.0001437469 1.212881e-05 0.0008409311)
(0.0001509319 -1.23322e-05 0.000599485)
(0.0001515146 -3.621791e-05 0.0006964139)
(0.0001523876 -6.936182e-05 0.0007725588)
(0.0001645914 -0.000111342 0.0007400072)
(0.001511197 -0.001689776 0.002474725)
(0.001523986 -0.002168888 0.0003927955)
(0.00152661 -0.001710629 0.0009196765)
(0.00152793 -0.001363156 0.0003118905)
(0.00151513 -0.0007824722 0.0001587957)
(1.489214e-05 2.471843e-05 0.0001562483)
(1.506364e-05 3.191318e-05 0.00041212)
(1.506736e-05 2.829325e-05 0.0005101452)
(1.507719e-05 1.71291e-05 0.0006997934)
(1.592467e-05 8.773056e-06 0.0004936545)
(0.0001438018 3.743709e-05 0.0008803631)
(0.0001509318 1.233107e-05 0.0005994836)
(0.0001514609 -1.170611e-05 0.0006649852)
(0.000152286 -3.458687e-05 0.0007080164)
(0.0001644681 -7.030254e-05 0.0006590288)
(0.001510176 -0.0008938754 0.002158728)
(0.001523889 -0.001802943 0.001047319)
(0.00152659 -0.002371389 0.0009744993)
(0.001528645 -0.001761266 0.0004453736)
(0.001515684 -0.001389833 0.0001651709)
(1.490509e-05 1.764744e-05 0.0001623061)
(1.508665e-05 2.43946e-05 0.0004415906)
(1.5089e-05 3.01054e-05 0.0005663111)
(1.510477e-05 2.590299e-05 0.0007907379)
(1.594122e-05 1.340479e-05 0.0005527047)
(0.000143911 7.339726e-05 0.0009594128)
(0.0001509879 3.809441e-05 0.0006276797)
(0.0001514608 1.170512e-05 0.0006649837)
(0.0001522344 -1.116141e-05 0.0006758237)
(0.0001643658 -3.457206e-05 0.0006041569)
(0.001509256 -0.0005489724 0.001903878)
(0.001522559 -0.0008893699 0.0008101785)
(0.001526692 -0.001899861 0.001941603)
(0.001528848 -0.002646595 0.0005570234)
(0.001516714 -0.001811261 0.0002402946)
(1.49123e-05 1.002062e-05 0.0001655296)
(1.509871e-05 1.749886e-05 0.0004596562)
(1.51086e-05 2.314517e-05 0.0006085566)
(1.51215e-05 2.802572e-05 0.000880689)
(1.595984e-05 2.218014e-05 0.000625792)
(0.0001440459 0.000113272 0.0010761)
(0.0001510992 7.505981e-05 0.0006842061)
(0.0001515143 3.6217e-05 0.0006964091)
(0.0001522343 1.116053e-05 0.0006758221)
(0.0001643135 -1.112827e-05 0.0005767704)
(0.001508476 -0.0002592702 0.001730095)
(0.00152144 -0.0005446412 0.0006282379)
(0.001525215 -0.0007110627 0.00152357)
(0.001543017 -0.002060513 0.002851255)
(0.001520411 -0.003455291 0.0003077705)
(1.491481e-05 3.384254e-06 0.0001668692)
(1.510542e-05 9.964351e-06 0.0004692423)
(1.511842e-05 1.677478e-05 0.000634401)
(1.513713e-05 2.170896e-05 0.0009481597)
(1.596683e-05 2.508031e-05 0.0006982138)
(0.0001441967 0.0001916427 0.001220625)
(0.0001512362 0.000116257 0.0007675688)
(0.0001516203 7.199675e-05 0.0007594038)
(0.0001522858 3.458606e-05 0.0007080117)
(0.0001643134 1.11275e-05 0.000576769)
(0.001508072 -8.275882e-05 0.001643895)
(0.001520543 -0.0002556606 0.0005129176)
(0.001524061 -0.0004183871 0.001205462)
(0.00155731 -0.000553501 0.001976877)
(0.004582173 -0.002556593 0.002117086)
(1.510768e-05 3.395579e-06 0.0004732162)
(1.512384e-05 9.610189e-06 0.0006481022)
(1.514435e-05 1.594283e-05 0.0009893365)
(1.597479e-05 1.980711e-05 0.0007523431)
(0.0001442425 0.0002189311 0.001362507)
(0.0001513891 0.0001983634 0.0008707232)
(0.0001517499 0.0001122235 0.0008523122)
(0.0001523872 6.93613e-05 0.0007725513)
(0.0001643656 3.457136e-05 0.0006041529)
(0.001508072 8.27557e-05 0.001643891)
(0.001520086 -8.176208e-05 0.0004579892)
(0.001523178 -0.0001839558 0.001013614)
(0.001565741 -0.0003115913 0.001349096)
(0.008047846 -2.652044e-05 0.001410146)
(1.032778 -0.001344035 0.006063567)
(1.512552e-05 3.299166e-06 0.00065378)
(1.514828e-05 9.203031e-06 0.001011168)
(1.597683e-05 1.501925e-05 0.0007853189)
(0.0001443002 0.0001737034 0.001468891)
(0.0001514316 0.0002274195 0.0009658089)
(0.0001518941 0.0001943171 0.000967202)
(0.0001525105 0.0001087898 0.0008677046)
(0.0001644677 7.030209e-05 0.0006590224)
(0.001508475 0.0002592675 0.001730084)
(0.001520086 8.175801e-05 0.0004579886)
(0.001522736 -5.844881e-05 0.000921991)
(0.001570482 -0.0001259819 0.001075654)
(0.01013998 -7.298394e-06 0.0009159165)
(2.207007 -0.001122471 0.004177116)
(1.791928 -0.0002256045 0.002043062)
(1.514927e-05 3.131806e-06 0.001020219)
(1.597777e-05 8.823785e-06 0.000802785)
(0.0001443093 0.0001326358 0.001533481)
(0.0001514876 0.000180651 0.001040222)
(0.0001519272 0.0002241421 0.001070564)
(0.0001526474 0.0001911047 0.0009853099)
(0.0001645908 0.0001113419 0.0007399999)
(0.001509253 0.0005489706 0.00190386)
(0.001520541 0.000255657 0.000512916)
(0.001522735 5.844665e-05 0.0009219896)
(0.001572656 -3.983315e-05 0.0009488195)
(0.01136022 -1.216777e-06 0.0007258836)
(2.916081 -0.0006516415 0.00215433)
(4.144431 -0.0009970385 0.002095339)
(2.241018 -0.0001833287 0.001102365)
(1.59772e-05 3.093721e-06 0.0008100385)
(0.0001443124 7.820804e-05 0.001567716)
(0.0001514939 0.0001382532 0.001085274)
(0.0001519756 0.0001783978 0.001152745)
(0.0001526723 0.0002217019 0.001084251)
(0.0001647272 0.0002000037 0.0008399398)
(0.001510173 0.0008938749 0.002158708)
(0.001521438 0.0005446388 0.0006282354)
(0.001523177 0.0001839539 0.00101361)
(0.001572656 3.983168e-05 0.0009488184)
(0.01192631 -4.831347e-07 0.0006383784)
(3.329539 -0.0002465135 0.001600291)
(5.659789 -0.000748029 0.00122703)
(5.374462 -0.0006076193 0.001387383)
(2.497494 -9.511214e-05 0.0006714887)
(0.0001442819 2.717946e-05 0.00158188)
(0.0001514953 8.161004e-05 0.001109452)
(0.0001519767 0.0001370486 0.001202455)
(0.0001527139 0.0001767359 0.001166529)
(0.0001647417 0.0002340039 0.0009256504)
(0.001511192 0.001689777 0.002474706)
(0.001522556 0.0008893693 0.0008101757)
(0.001524059 0.0004183859 0.001205456)
(0.001570482 0.0001259806 0.001075651)
(0.01192631 4.828615e-07 0.0006383776)
(3.521385 -6.312142e-05 0.001391258)
(6.567861 -0.0003331455 0.0007146195)
(7.471319 -0.0004023106 0.0008872329)
(6.096533 -0.0002188588 0.0009215228)
(2.609563 -2.941744e-05 0.000421466)
(0.000151461 2.768455e-05 0.001119469)
(0.000151975 8.105037e-05 0.001229235)
(0.0001527102 0.0001362398 0.001216055)
(0.0001647765 0.0001869189 0.0009960844)
(0.001511116 0.00201815 0.002559603)
(0.001523883 0.001802943 0.001047316)
(0.001525213 0.0007110623 0.001523563)
(0.00156574 0.0003115905 0.001349091)
(0.01136022 1.216546e-06 0.0007258813)
(3.521385 6.309472e-05 0.001391256)
(6.993933 -8.375507e-05 0.0004840192)
(8.753802 -0.0001028649 0.000399294)
(8.556481 1.308199e-05 0.0006168234)
(6.415324 4.080545e-05 0.0006980805)
(2.595493 4.310571e-06 0.0003146804)
(0.000151939 2.800589e-05 0.001240324)
(0.0001527058 8.070451e-05 0.001243035)
(0.0001647654 0.0001447987 0.001038722)
(0.001511214 0.001626999 0.002728951)
(0.001523977 0.00216889 0.0003927941)
(0.001526688 0.00189986 0.001941596)
(0.001557309 0.0005535007 0.00197687)
(0.01013998 7.298237e-06 0.000915913)
(3.329539 0.00024649 0.001600284)
(6.993933 8.37304e-05 0.0004840196)
(9.361357 2.143032e-06 0.0001350851)
(10.08028 0.0002064871 0.0002424242)
(9.040177 0.0003213149 0.0006187577)
(6.375388 0.0001898885 0.0006660481)
(2.453372 2.171624e-05 0.0002630329)
(0.0001526667 2.7625e-05 0.001254159)
(0.0001647564 8.597124e-05 0.001061864)
(0.001510949 0.001276421 0.002820615)
(0.001524147 0.001691616 0.0003278395)
(0.001526582 0.002371389 0.0009744949)
(0.001543014 0.002060512 0.002851249)
(0.008047846 2.652038e-05 0.001410142)
(2.916081 0.0006516245 0.002154318)
(6.567861 0.0003331253 0.0007146205)
(9.361357 -2.165688e-06 0.0001350863)
(10.8068 0.0001187836 1.908956e-05)
(10.67556 0.0004508077 0.0004449731)
(8.979999 0.0004998692 0.0008083299)
(5.971901 0.0002560255 0.0006466226)
(2.160394 2.858126e-05 0.0001978814)
(0.0001646866 2.978733e-05 0.001071557)
(0.001510764 0.0007624804 0.002878273)
(0.001523852 0.001318669 0.000248524)
(0.0015266 0.001710631 0.0009196734)
(0.00152884 0.002646595 0.0005570215)
(0.004582173 0.002556591 0.002117082)
(2.207007 0.001122458 0.004177099)
(5.659789 0.0007480144 0.00122703)
(8.753802 0.0001028473 0.0003992966)
(10.8068 -0.0001187984 1.908984e-05)
(11.4576 0.0002131214 0.0003301496)
(10.6019 0.0005881139 0.0008479744)
(8.36969 0.0005498132 0.0009075758)
(5.149864 0.0002522068 0.0005056543)
(1.659556 2.604538e-05 0.0001056087)
(0.001507648 0.0002645297 0.002899248)
(0.001523644 0.0007802579 0.0002367973)
(0.001526103 0.001331527 0.0008332039)
(0.001528635 0.001761267 0.0004453723)
(0.001520404 0.00345529 0.0003077695)
(1.032778 0.001344033 0.006063555)
(4.144431 0.0009970289 0.002095334)
(7.471319 0.0004022975 0.000887237)
(10.08028 -0.0002065001 0.0002424251)
(11.4576 -0.0002131356 0.0003301499)
(11.3773 0.0002642876 0.0008559941)
(9.852533 0.0006063245 0.001070408)
(7.138641 0.0004888268 0.0007360372)
(3.788405 0.0001901001 0.000258629)
(0.8096708 1.316568e-05 1.30453e-05)
(0.001520465 0.000267181 0.0002309467)
(0.001525782 0.0007781098 0.0008300653)
(0.001527919 0.001363158 0.0003118898)
(0.001516705 0.001811263 0.0002402939)
(1.791928 0.0002256014 0.002043061)
(5.374462 0.000607612 0.00138738)
(8.556481 -1.308935e-05 0.0006168226)
(10.67556 -0.0004508198 0.0004449721)
(11.3773 -0.000264305 0.0008559944)
(10.55896 0.0002651507 0.001146519)
(8.351313 0.0005078276 0.0008831384)
(5.144744 0.000332383 0.0003646059)
(1.659139 8.41341e-05 3.194304e-05)
(0.001522546 0.0002689776 0.000826268)
(0.00152749 0.0007844916 0.0002974731)
(0.001515673 0.001389835 0.0001651706)
(2.241018 0.0001833251 0.001102373)
(6.096533 0.0002188554 0.0009215156)
(9.040177 -0.0003213225 0.0006187553)
(10.6019 -0.0005881283 0.0008479738)
(10.55896 -0.000265168 0.00114652)
(8.924994 0.0002169823 0.0009509565)
(5.953509 0.0003255779 0.0004251434)
(2.157961 0.0001284465 4.071046e-05)
(0.001524202 0.0002702837 0.0002896372)
(0.001515118 0.0007824735 0.0001587954)
(2.497494 9.510954e-05 0.0006714972)
(6.415324 -4.080624e-05 0.0006980697)
(8.979999 -0.00049988 0.0008083309)
(9.852533 -0.0006063429 0.001070411)
(8.924994 -0.0002170014 0.0009509576)
(6.332236 0.0001353053 0.0004487198)
(2.44614 0.0001164389 4.282724e-05)
(0.001511829 0.0002701661 0.0001557828)
(2.609563 2.941588e-05 0.0004214739)
(6.375388 -0.00018989 0.0006660373)
(8.36969 -0.0005498186 0.0009075704)
(8.351313 -0.000507846 0.0008831406)
(6.332236 -0.0001353121 0.00044872)
(2.579505 4.660473e-05 4.134741e-05)
(2.595493 -4.311603e-06 0.0003146864)
(5.971901 -0.0002560271 0.0006466156)
(7.138641 -0.0004888421 0.0007360387)
(5.953509 -0.0003255852 0.0004251414)
(2.579505 -4.662871e-05 4.134681e-05)
(2.453372 -2.171702e-05 0.0002630369)
(5.149864 -0.0002522074 0.0005056453)
(5.144744 -0.000332388 0.0003646005)
(2.44614 -0.0001164603 4.2825e-05)
(2.160394 -2.858276e-05 0.0001978819)
(3.788405 -0.0001900923 0.0002586165)
(2.157961 -0.000128462 4.070729e-05)
(1.659556 -2.605019e-05 0.0001056051)
(1.659139 -8.413848e-05 3.194249e-05)
(0.8096708 -1.316888e-05 1.304555e-05)
)
;
    }
    procBoundary1to2
    {
        type            processor;
        value           nonuniform List<vector> 
400
(
(1.489064e-05 -3.298077e-06 0.0001591826)
(1.489101e-05 -9.789606e-06 0.000157792)
(1.507988e-05 -3.305158e-06 0.000450683)
(1.489047e-05 -1.727586e-05 0.0001544559)
(1.508024e-05 -9.723893e-06 0.0004465259)
(1.5091e-05 -3.203118e-06 0.0006221748)
(1.488879e-05 -2.431402e-05 0.0001481979)
(1.507967e-05 -1.711006e-05 0.0004365405)
(1.509136e-05 -9.352881e-06 0.0006162063)
(1.510707e-05 -3.031742e-06 0.000971173)
(1.488268e-05 -3.193915e-05 0.0001380474)
(1.507795e-05 -2.396464e-05 0.000417779)
(1.509078e-05 -1.635448e-05 0.0006018753)
(1.510742e-05 -8.925466e-06 0.0009616247)
(1.591684e-05 -2.971583e-06 0.0007712002)
(1.487452e-05 -3.077299e-05 0.0001246255)
(1.50718e-05 -3.139911e-05 0.0003872529)
(1.508907e-05 -2.266516e-05 0.0005749439)
(1.510683e-05 -1.548478e-05 0.0009387187)
(1.591739e-05 -8.486053e-06 0.0007635367)
(0.0001437105 -2.606777e-05 0.001506366)
(1.486164e-05 -2.20017e-05 0.0001111031)
(1.506366e-05 -3.008353e-05 0.0003467859)
(1.508306e-05 -2.952245e-05 0.0005310643)
(1.510515e-05 -2.116922e-05 0.0008956972)
(1.59168e-05 -1.445245e-05 0.000745185)
(0.0001437384 -7.508218e-05 0.001491378)
(0.0001508523 -2.654275e-05 0.001065959)
(1.485149e-05 -1.540251e-05 0.0001001291)
(1.505069e-05 -2.129991e-05 0.0003059643)
(1.507525e-05 -2.793033e-05 0.0004727967)
(1.509933e-05 -2.736078e-05 0.0008254626)
(1.591514e-05 -1.910529e-05 0.0007106913)
(0.0001437332 -0.0001273757 0.001455369)
(0.000150883 -7.830251e-05 0.001055357)
(0.0001513138 -2.682425e-05 0.001181055)
(1.484415e-05 -8.657435e-06 9.266747e-05)
(1.50404e-05 -1.485959e-05 0.0002728477)
(1.506251e-05 -1.933886e-05 0.0004140087)
(1.50919e-05 -2.544893e-05 0.0007319564)
(1.59095e-05 -2.419688e-05 0.0006542887)
(0.0001437185 -0.0001671409 0.001387732)
(0.0001508777 -0.0001326821 0.00102992)
(0.0001513449 -7.768941e-05 0.001169312)
(0.0001520253 -2.643976e-05 0.001194223)
(1.484038e-05 -2.85206e-06 8.893914e-05)
(1.503293e-05 -8.319149e-06 0.0002503341)
(1.505226e-05 -1.338336e-05 0.000366331)
(1.507944e-05 -1.707851e-05 0.0006375497)
(1.590262e-05 -2.149823e-05 0.000578947)
(0.0001436683 -0.0002106464 0.001276791)
(0.0001508624 -0.0001736843 0.0009826824)
(0.0001513397 -0.000131379 0.001141128)
(0.0001520582 -7.728875e-05 0.00118243)
(0.0001639747 -2.847496e-05 0.001020342)
(1.484041e-05 2.852172e-06 8.893918e-05)
(1.50291e-05 -2.738915e-06 0.0002390846)
(1.504477e-05 -7.422788e-06 0.0003339207)
(1.506926e-05 -1.168168e-05 0.0005610247)
(1.589022e-05 -1.316327e-05 0.0005030116)
(0.0001436074 -0.0001851404 0.001128996)
(0.0001508098 -0.0002186125 0.0009050284)
(0.0001513245 -0.0001712812 0.001088971)
(0.0001520531 -0.00013047 0.001154018)
(0.0001640359 -8.222614e-05 0.001010086)
(0.001500696 -0.0002521572 0.002760801)
(1.484424e-05 8.657535e-06 9.26676e-05)
(1.502913e-05 2.739022e-06 0.0002390848)
(1.504092e-05 -2.440198e-06 0.0003177256)
(1.506173e-05 -6.389348e-06 0.0005090076)
(1.587973e-05 -8.675042e-06 0.0004414848)
(0.0001434963 -0.0001107679 0.0009787835)
(0.0001507459 -0.0001914178 0.0008055137)
(0.0001512721 -0.0002151256 0.00100317)
(0.0001520381 -0.0001694695 0.001101971)
(0.0001640305 -0.0001384603 0.0009857201)
(0.001503682 -0.0007269234 0.002738024)
(0.00151358 -0.0002548822 0.0002196793)
(1.485162e-05 1.54026e-05 0.0001001293)
(1.503302e-05 8.319244e-06 0.0002503345)
(1.504094e-05 2.440289e-06 0.0003177258)
(1.505787e-05 -2.095772e-06 0.0004830124)
(1.587182e-05 -4.527103e-06 0.0003996694)
(0.0001434018 -7.225252e-05 0.000857152)
(0.0001506291 -0.0001135231 0.0006984311)
(0.0001512083 -0.0001871512 0.0008947713)
(0.0001519857 -0.0002124758 0.00101599)
(0.0001640145 -0.0001789006 0.0009409433)
(0.001503649 -0.001216018 0.002676762)
(0.001516639 -0.0007445054 0.0002248838)
(0.001515473 -0.000256235 0.0007863525)
(1.486178e-05 2.200175e-05 0.0001111034)
(1.504052e-05 1.485967e-05 0.0002728483)
(1.504484e-05 7.42287e-06 0.0003339213)
(1.505789e-05 2.095847e-06 0.0004830128)
(1.586774e-05 -1.47333e-06 0.0003787723)
(0.0001433303 -3.719162e-05 0.0007745066)
(0.0001505297 -7.377333e-05 0.0006116446)
(0.0001510913 -0.0001093064 0.0007755439)
(0.0001519217 -0.0001837243 0.0009116424)
(0.0001639581 -0.0002237896 0.0008673559)
(0.001503516 -0.001549849 0.002577889)
(0.00151665 -0.001257386 0.0002352508)
(0.00151857 -0.000741305 0.0007889643)
(0.00151709 -0.0002573798 0.0002755259)
(1.487468e-05 3.07728e-05 0.0001246258)
(1.505082e-05 2.129996e-05 0.0003059652)
(1.505237e-05 1.338343e-05 0.0003663319)
(1.506179e-05 6.389415e-06 0.0005090085)
(1.586776e-05 1.473372e-06 0.0003787725)
(0.0001432935 -1.207497e-05 0.0007332099)
(0.0001504545 -3.778242e-05 0.0005526234)
(0.0001509914 -7.056546e-05 0.0006788545)
(0.0001518041 -0.0001057037 0.0007897292)
(0.0001638886 -0.0001917625 0.0007771068)
(0.001502998 -0.001919662 0.002398623)
(0.001516571 -0.001613175 0.0003087148)
(0.001518652 -0.001267234 0.00078973)
(0.001520233 -0.0007470653 0.000282537)
(0.001504739 -0.0002571636 0.0001482032)
(1.488286e-05 3.193892e-05 0.0001380473)
(1.506381e-05 3.008335e-05 0.0003467868)
(1.506262e-05 1.93389e-05 0.0004140099)
(1.506935e-05 1.168174e-05 0.0005610262)
(1.587185e-05 4.527141e-06 0.0003996702)
(0.0001432936 1.207529e-05 0.0007332104)
(0.0001504158 -1.225597e-05 0.0005231312)
(0.0001509158 -3.581373e-05 0.0006131022)
(0.0001517035 -6.779805e-05 0.0006908134)
(0.0001637608 -0.0001077787 0.000673468)
(0.001502307 -0.001608715 0.002292516)
(0.001516023 -0.002064889 0.0003678358)
(0.001518686 -0.001627374 0.0008672515)
(0.001520412 -0.001296534 0.0002952744)
(0.001507879 -0.0007448095 0.0001508432)
(1.488903e-05 2.431403e-05 0.0001481978)
(1.507198e-05 3.13989e-05 0.0003872527)
(1.507538e-05 2.793018e-05 0.000472798)
(1.507954e-05 1.707854e-05 0.0006375516)
(1.587978e-05 8.675074e-06 0.000441486)
(0.0001433306 3.71919e-05 0.0007745081)
(0.0001504158 1.225629e-05 0.0005231315)
(0.0001508769 -1.159887e-05 0.0005802434)
(0.0001516273 -3.410051e-05 0.0006235248)
(0.0001636515 -6.842712e-05 0.0005892651)
(0.001501096 -0.000855866 0.001968407)
(0.001515125 -0.001718624 0.0009809369)
(0.00151817 -0.002250209 0.000912658)
(0.001520624 -0.001674196 0.0004194157)
(0.001508175 -0.001320978 0.0001564053)
(1.489073e-05 1.727591e-05 0.0001544558)
(1.507819e-05 2.396465e-05 0.0004177786)
(1.508323e-05 2.952227e-05 0.0005310638)
(1.509201e-05 2.544882e-05 0.0007319585)
(1.589028e-05 1.316329e-05 0.0005030132)
(0.0001434022 7.225276e-05 0.0008571543)
(0.0001504547 3.77827e-05 0.0005526245)
(0.0001508769 1.159915e-05 0.0005802438)
(0.0001515881 -1.102626e-05 0.0005899043)
(0.0001635686 -3.392644e-05 0.0005320352)
(0.001500065 -0.0005274889 0.001706279)
(0.00151368 -0.0008544633 0.0007525593)
(0.001517108 -0.00180303 0.001814441)
(0.001520283 -0.002507914 0.0005217977)
(0.001508657 -0.001720102 0.0002263183)
(1.489128e-05 9.789647e-06 0.000157792)
(1.507992e-05 1.711011e-05 0.0004365402)
(1.508928e-05 2.266517e-05 0.0005749433)
(1.509947e-05 2.736064e-05 0.000825462)
(1.59027e-05 2.149818e-05 0.0005789487)
(0.0001434968 0.0001107681 0.0009787865)
(0.0001505301 7.377358e-05 0.0006116462)
(0.000150916 3.581398e-05 0.0006131034)
(0.0001515881 1.102651e-05 0.0005899047)
(0.000163526 -1.094118e-05 0.0005034234)
(0.001499289 -0.000250589 0.001527139)
(0.001512516 -0.0005256055 0.0005770044)
(0.001515428 -0.0006796958 0.001409007)
(0.00153288 -0.001951731 0.002676737)
(0.001511739 -0.003267185 0.0002883648)
(1.489092e-05 3.298092e-06 0.0001591826)
(1.50805e-05 9.723932e-06 0.0004465257)
(1.5091e-05 1.635452e-05 0.0006018748)
(1.510533e-05 2.116923e-05 0.0008956963)
(1.59096e-05 2.419681e-05 0.0006542883)
(0.000143608 0.0001851401 0.001128999)
(0.0001506296 0.0001135233 0.0006984332)
(0.0001509918 7.056568e-05 0.0006788563)
(0.0001516275 3.410073e-05 0.000623526)
(0.000163526 1.09414e-05 0.0005034238)
(0.001498891 -8.010397e-05 0.001438096)
(0.00151167 -0.0002485506 0.0004654274)
(0.001514147 -0.0004013887 0.001099653)
(0.00154689 -0.0005283121 0.001841275)
(0.004552164 -0.002413494 0.001988664)
(1.508014e-05 3.305171e-06 0.0004506829)
(1.509159e-05 9.352915e-06 0.000616206)
(1.510703e-05 1.548481e-05 0.0009387181)
(1.591527e-05 1.91053e-05 0.0007106906)
(0.0001436692 0.0002106459 0.00127679)
(0.0001507465 0.0001914175 0.0008055159)
(0.0001510917 0.0001093065 0.0007755463)
(0.0001517038 6.779825e-05 0.0006908152)
(0.0001635688 3.392664e-05 0.0005320362)
(0.001498892 8.010502e-05 0.001438097)
(0.001511242 -7.962351e-05 0.0004121729)
(0.001513248 -0.000177702 0.0009121207)
(0.001555157 -0.0002985063 0.001240693)
(0.008000005 -2.554294e-05 0.001314208)
(1.026474 -0.001279738 0.005718844)
(1.509124e-05 3.20313e-06 0.0006221747)
(1.510762e-05 8.925495e-06 0.0009616243)
(1.591695e-05 1.445248e-05 0.0007451846)
(0.0001437196 0.0001671409 0.00138773)
(0.0001508107 0.0002186121 0.0009050277)
(0.0001512089 0.000187151 0.0008947738)
(0.0001518045 0.0001057038 0.0007897316)
(0.0001636518 6.842729e-05 0.0005892667)
(0.00149929 0.00025059 0.001527141)
(0.001511243 7.962485e-05 0.0004121731)
(0.001512801 -5.654512e-05 0.0008223269)
(0.001559864 -0.0001216687 0.0009769125)
(0.01008528 -7.532842e-06 0.0008421705)
(2.194711 -0.001148983 0.003931676)
(1.782124 -0.0002372373 0.002020159)
(1.510728e-05 3.031752e-06 0.0009711728)
(1.591754e-05 8.486071e-06 0.0007635365)
(0.0001437345 0.0001273759 0.001455367)
(0.0001508635 0.0001736844 0.0009826813)
(0.0001512729 0.0002151253 0.001003169)
(0.0001519223 0.0001837241 0.0009116449)
(0.0001637612 0.0001077788 0.0006734701)
(0.001500067 0.0005274898 0.001706283)
(0.001511671 0.0002485518 0.0004654279)
(0.001512801 5.654589e-05 0.0008223273)
(0.001562028 -3.852735e-05 0.0008542726)
(0.01130441 -1.680232e-06 0.0006588877)
(2.901442 -0.0007629853 0.002016999)
(4.124032 -0.00112439 0.002233283)
(2.230203 -0.0001999563 0.001193212)
(1.5917e-05 2.971589e-06 0.0007712001)
(0.0001437397 7.508231e-05 0.001491377)
(0.000150879 0.0001326823 0.001029919)
(0.0001513256 0.0001712813 0.00108897)
(0.0001519865 0.0002124755 0.001015989)
(0.0001638892 0.0001917624 0.000777109)
(0.001501098 0.0008558667 0.001968413)
(0.001512518 0.0005256066 0.0005770052)
(0.001513249 0.0001777028 0.000912122)
(0.001562028 3.852791e-05 0.000854273)
(0.01187116 -6.562169e-07 0.0005742829)
(3.314519 -0.0003707012 0.001487874)
(5.635441 -0.001035356 0.001561199)
(5.352036 -0.000821748 0.00177281)
(2.486943 -0.0001155836 0.0007912107)
(0.0001437119 2.606782e-05 0.001506366)
(0.0001508844 7.830265e-05 0.001055357)
(0.0001513409 0.0001313792 0.001141127)
(0.0001520391 0.0001694696 0.00110197)
(0.0001639588 0.0002237894 0.0008673554)
(0.001502311 0.001608715 0.002292522)
(0.001513682 0.0008544641 0.0007525603)
(0.001514148 0.0004013893 0.001099655)
(0.001559865 0.0001216692 0.0009769136)
(0.01187116 6.562886e-07 0.0005742832)
(3.506589 -0.0001151588 0.001285461)
(6.543688 -0.0006381043 0.001181592)
(7.445896 -0.0008601218 0.00160353)
(6.075614 -0.0004912827 0.001372955)
(2.599542 -5.180507e-05 0.0004995945)
(0.0001508537 2.65428e-05 0.001065959)
(0.0001513462 7.768954e-05 0.001169311)
(0.0001520543 0.0001304701 0.001154017)
(0.0001640155 0.0001789007 0.0009409424)
(0.001503004 0.001919663 0.002398621)
(0.001515129 0.001718624 0.0009809381)
(0.00151543 0.0006796963 0.00140901)
(0.001555158 0.0002985068 0.001240694)
(0.01130441 1.68029e-06 0.0006588885)
(3.506589 0.0001151795 0.001285461)
(6.970902 -0.0002131388 0.001012478)
(8.731013 -0.0005903512 0.001372159)
(8.535292 -0.0005734477 0.001439286)
(6.396407 -0.0002646171 0.0009971597)
(2.585661 -2.143544e-05 0.0003092937)
(0.0001513151 2.68243e-05 0.001181054)
(0.0001520595 7.728887e-05 0.001182429)
(0.0001640317 0.0001384605 0.0009857195)
(0.001503524 0.00154985 0.002577886)
(0.001516029 0.002064889 0.0003678358)
(0.00151711 0.001803031 0.001814444)
(0.001546892 0.0005283126 0.001841277)
(0.01008528 7.532878e-06 0.0008421718)
(3.314519 0.0003707175 0.001487875)
(6.970902 0.0002131595 0.001012479)
(9.341735 -0.0002068426 0.001238243)
(10.06542 -0.0004279434 0.001355962)
(9.023277 -0.0003401159 0.001166478)
(6.357032 -0.0001331773 0.0006884514)
(2.443351 -7.276361e-06 0.0001822415)
(0.0001520267 2.64398e-05 0.001194223)
(0.0001640371 8.222626e-05 0.001010085)
(0.001503658 0.00121602 0.00267676)
(0.001516579 0.001613176 0.0003087147)
(0.001518176 0.00225021 0.000912658)
(0.001532882 0.001951732 0.00267674)
(0.008000006 2.554296e-05 0.00131421)
(2.901442 0.0007629949 0.002017001)
(6.543688 0.0006381211 0.001181592)
(9.341735 0.0002068604 0.001238245)
(10.79782 -0.0001558461 0.001284114)
(10.66765 -0.0002714455 0.001183862)
(8.963949 -0.0001849351 0.0008707668)
(5.952495 -6.022554e-05 0.0004387814)
(2.150441 -1.247521e-07 9.234254e-05)
(0.0001639761 2.8475e-05 0.001020342)
(0.001503692 0.0007269241 0.002738022)
(0.001516659 0.001257387 0.0002352506)
(0.001518693 0.001627376 0.0008672513)
(0.001520288 0.002507916 0.0005217979)
(0.004552164 0.002413496 0.001988667)
(2.194711 0.001148988 0.00393168)
(5.635441 0.001035364 0.0015612)
(8.731013 0.0005903658 0.001372162)
(10.79782 0.0001558624 0.001284116)
(11.45754 -0.0001019238 0.001165354)
(10.595 -0.000155494 0.0009320652)
(8.350681 -8.95762e-05 0.0005854319)
(5.129886 -1.929663e-05 0.0002385933)
(1.650924 3.911764e-06 3.188866e-05)
(0.001500707 0.0002521575 0.0027608)
(0.001516649 0.0007445062 0.0002248836)
(0.001518661 0.001267235 0.0007897297)
(0.001520632 0.001674197 0.0004194157)
(0.001511744 0.003267188 0.000288365)
(1.026474 0.001279739 0.005718848)
(4.124032 0.001124392 0.002233285)
(7.445896 0.0008601296 0.001603535)
(10.06542 0.0004279566 0.001355968)
(11.45754 0.0001019375 0.001165356)
(11.37832 -5.980754e-05 0.0009434568)
(9.840149 -7.890105e-05 0.0006497835)
(7.116765 -3.269371e-05 0.0003311835)
(3.771178 4.46919e-06 9.153706e-05)
(0.8049344 4.642829e-06 1.702084e-06)
(0.001513591 0.0002548825 0.0002196792)
(0.00151858 0.0007413057 0.0007889641)
(0.001520421 0.001296535 0.0002952743)
(0.001508664 0.001720103 0.0002263184)
(1.782124 0.0002372368 0.002020162)
(5.352036 0.0008217498 0.001772816)
(8.535292 0.0005734558 0.001439293)
(10.66765 0.000271457 0.001183868)
(11.37832 5.981848e-05 0.0009434587)
(10.55266 -3.102167e-05 0.0006702643)
(8.332608 -3.119248e-05 0.0003765606)
(5.124831 2.991353e-07 0.0001317319)
(1.650513 1.197576e-05 9.46163e-06)
(0.001515483 0.0002562352 0.0007863524)
(0.001520243 0.000747066 0.0002825368)
(0.001508184 0.001320979 0.0001564053)
(2.230203 0.0001999559 0.001193217)
(6.075614 0.0004912855 0.001372963)
(9.023277 0.0003401238 0.001166485)
(10.595 0.0001555033 0.0009320699)
(10.55266 3.103013e-05 0.0006702658)
(8.90977 -1.271628e-05 0.0003930505)
(5.934368 -3.231536e-06 0.000152011)
(2.148038 1.137694e-05 1.439457e-05)
(0.0015171 0.0002573801 0.0002755258)
(0.001507889 0.0007448102 0.0001508432)
(2.486943 0.0001155839 0.0007912176)
(6.396407 0.0002646209 0.0009971678)
(8.963949 0.0001849419 0.0008707729)
(9.840149 7.890849e-05 0.0006497872)
(8.90977 1.27245e-05 0.0003930514)
(6.314508 -1.910028e-06 0.0001595347)
(2.436218 6.886757e-06 1.658906e-05)
(0.001504749 0.0002571639 0.0001482032)
(2.599542 5.180618e-05 0.0004996018)
(6.357032 0.0001331803 0.0006884585)
(8.350681 8.95819e-05 0.0005854369)
(8.332608 3.119951e-05 0.0003765631)
(6.314508 1.918318e-06 0.0001595353)
(2.569898 2.167941e-06 1.729871e-05)
(2.585661 2.143623e-05 0.0003093001)
(5.952495 6.022863e-05 0.0004387873)
(7.116765 3.269935e-05 0.0003311874)
(5.934368 3.237906e-06 0.0001520126)
(2.569898 -2.16205e-06 1.729906e-05)
(2.443351 7.277347e-06 0.000182246)
(5.129886 1.929999e-05 0.0002385979)
(5.124831 -2.942366e-07 0.0001317344)
(2.436218 -6.881799e-06 1.658969e-05)
(2.150441 1.259662e-07 9.234585e-05)
(3.771178 -4.46632e-06 9.154001e-05)
(2.148038 -1.1373e-05 1.439511e-05)
(1.650924 -3.910685e-06 3.189096e-05)
(1.650513 -1.197388e-05 9.461982e-06)
(0.8049344 -4.642081e-06 1.702242e-06)
)
;
    }
}
)

// processor2

190506
(dimensions      [0 1 -1 0 0 0 0];

internalField   nonuniform List<vector> 
4000
(
(1.489064e-05 -3.298077e-06 0.0001591826)
(1.489101e-05 -9.789606e-06 0.000157792)
(1.488398e-05 -3.28782e-06 0.0001585595)
(1.507988e-05 -3.305158e-06 0.000450683)
(1.489047e-05 -1.727586e-05 0.0001544559)
(1.488459e-05 -9.760561e-06 0.0001571705)
(1.508024e-05 -9.723893e-06 0.0004465259)
(1.487547e-05 -3.275654e-06 0.0001579336)
(1.507327e-05 -3.294747e-06 0.0004488614)
(1.5091e-05 -3.203118e-06 0.0006221748)
(1.488879e-05 -2.431402e-05 0.0001481979)
(1.488437e-05 -1.722743e-05 0.0001538377)
(1.507967e-05 -1.711006e-05 0.0004365405)
(1.48764e-05 -9.727799e-06 0.0001565499)
(1.507387e-05 -9.694683e-06 0.0004447071)
(1.509136e-05 -9.352881e-06 0.0006162063)
(1.48671e-05 -3.262211e-06 0.0001572507)
(1.50649e-05 -3.282545e-06 0.0004470303)
(1.508467e-05 -3.192723e-06 0.000619627)
(1.510707e-05 -3.031742e-06 0.000971173)
(1.488268e-05 -3.193915e-05 0.0001380474)
(1.488315e-05 -2.425481e-05 0.0001475842)
(1.507795e-05 -2.396464e-05 0.000417779)
(1.487699e-05 -1.717605e-05 0.0001532238)
(1.507361e-05 -1.706133e-05 0.0004347277)
(1.509078e-05 -1.635448e-05 0.0006018753)
(1.486804e-05 -9.687586e-06 0.0001558729)
(1.506581e-05 -9.661982e-06 0.0004428894)
(1.508524e-05 -9.323796e-06 0.0006136606)
(1.510742e-05 -8.925466e-06 0.0009616247)
(1.486242e-05 -3.249954e-06 0.0001565687)
(1.505665e-05 -3.269074e-06 0.0004450315)
(1.507677e-05 -3.180816e-06 0.0006170631)
(1.510104e-05 -3.021567e-06 0.000967226)
(1.591684e-05 -2.971583e-06 0.0007712002)
(1.487452e-05 -3.077299e-05 0.0001246255)
(1.487828e-05 -3.187509e-05 0.0001374361)
(1.50718e-05 -3.139911e-05 0.0003872529)
(1.487689e-05 -2.41923e-05 0.0001469769)
(1.507233e-05 -2.390494e-05 0.0004159729)
(1.508907e-05 -2.266516e-05 0.0005749439)
(1.486884e-05 -1.710838e-05 0.0001525623)
(1.506631e-05 -1.700982e-05 0.0004329256)
(1.508493e-05 -1.63059e-05 0.0005993339)
(1.510683e-05 -1.548478e-05 0.0009387187)
(1.486325e-05 -9.652535e-06 0.0001551947)
(1.505757e-05 -9.622123e-06 0.0004409062)
(1.507761e-05 -9.291758e-06 0.0006111135)
(1.510157e-05 -8.896463e-06 0.0009576778)
(1.591739e-05 -8.486053e-06 0.0007635367)
(1.485741e-05 -3.23758e-06 0.0001558778)
(1.505195e-05 -3.256714e-06 0.0004430336)
(1.506896e-05 -3.167697e-06 0.0006142643)
(1.509367e-05 -3.010188e-06 0.000963255)
(1.591113e-05 -2.960639e-06 0.0007680764)
(0.0001437105 -2.606777e-05 0.001506366)
(1.486164e-05 -2.20017e-05 0.0001111031)
(1.487157e-05 -3.073439e-05 0.0001240009)
(1.506366e-05 -3.008353e-05 0.0003467859)
(1.48728e-05 -3.180108e-05 0.0001368351)
(1.506736e-05 -3.133378e-05 0.0003854456)
(1.508306e-05 -2.952245e-05 0.0005310643)
(1.48694e-05 -2.411413e-05 0.0001463366)
(1.50661e-05 -2.384215e-05 0.0004141838)
(1.508361e-05 -2.260534e-05 0.0005724061)
(1.510515e-05 -2.116922e-05 0.0008956972)
(1.486367e-05 -1.704832e-05 0.000151892)
(1.505829e-05 -1.694278e-05 0.0004309841)
(1.507797e-05 -1.625496e-05 0.0005968048)
(1.510122e-05 -1.543626e-05 0.0009347725)
(1.59168e-05 -1.445245e-05 0.000745185)
(1.485791e-05 -9.617272e-06 0.0001545076)
(1.505277e-05 -9.587094e-06 0.0004389173)
(1.506982e-05 -9.253308e-06 0.0006083348)
(1.509443e-05 -8.865097e-06 0.00095373)
(1.591179e-05 -8.455402e-06 0.000760412)
(0.0001437384 -7.508218e-05 0.001491378)
(1.485469e-05 -3.228694e-06 0.0001551861)
(1.504691e-05 -3.244233e-06 0.0004410122)
(1.506431e-05 -3.155509e-06 0.0006114649)
(1.508636e-05 -2.997685e-06 0.0009589193)
(1.590446e-05 -2.949076e-06 0.0007649343)
(0.0001436601 -2.59701e-05 0.001500305)
(0.0001508523 -2.654275e-05 0.001065959)
(1.485149e-05 -1.540251e-05 0.0001001291)
(1.485835e-05 -2.198917e-05 0.0001104591)
(1.505069e-05 -2.129991e-05 0.0003059643)
(1.48673e-05 -3.068453e-05 0.0001234013)
(1.506058e-05 -3.00431e-05 0.0003449288)
(1.507525e-05 -2.793033e-05 0.0004727967)
(1.486667e-05 -3.171724e-05 0.0001362071)
(1.506187e-05 -3.125912e-05 0.000383667)
(1.507863e-05 -2.945542e-05 0.0005285166)
(1.509933e-05 -2.736078e-05 0.0008254626)
(1.486374e-05 -2.403156e-05 0.0001456803)
(1.505871e-05 -2.376433e-05 0.0004122991)
(1.507759e-05 -2.25429e-05 0.0005698888)
(1.509988e-05 -2.110911e-05 0.0008917466)
(1.591514e-05 -1.910529e-05 0.0007106913)
(1.485791e-05 -1.698944e-05 0.0001512124)
(1.505313e-05 -1.688282e-05 0.0004290139)
(1.50704e-05 -1.619034e-05 0.0005940808)
(1.509465e-05 -1.538584e-05 0.0009308467)
(1.591138e-05 -1.440102e-05 0.0007420583)
(0.0001437332 -0.0001273757 0.001455369)
(1.485509e-05 -9.589795e-06 0.0001538131)
(1.504742e-05 -9.551837e-06 0.0004369047)
(1.506509e-05 -9.218895e-06 0.0006055457)
(1.508716e-05 -8.82817e-06 0.0009494222)
(1.590529e-05 -8.423521e-06 0.0007572872)
(0.0001436888 -7.480517e-05 0.001485313)
(0.000150883 -7.830251e-05 0.001055357)
(1.485367e-05 -3.217317e-06 0.0001545099)
(1.50441e-05 -3.235021e-06 0.0004389858)
(1.505936e-05 -3.1432e-06 0.0006086349)
(1.508177e-05 -2.985906e-06 0.0009545826)
(1.589778e-05 -2.936438e-06 0.0007615036)
(0.0001436016 -2.586791e-05 0.001494198)
(0.0001507997 -2.64429e-05 0.001061664)
(0.0001513138 -2.682425e-05 0.001181055)
(1.484415e-05 -8.657435e-06 9.266747e-05)
(1.484703e-05 -1.539167e-05 9.948157e-05)
(1.50404e-05 -1.485959e-05 0.0002728477)
(1.485524e-05 -2.198277e-05 0.0001098465)
(1.50473e-05 -2.128628e-05 0.0003040406)
(1.506251e-05 -1.933886e-05 0.0004140087)
(1.486244e-05 -3.062229e-05 0.0001227769)
(1.505626e-05 -2.999211e-05 0.0003431449)
(1.507199e-05 -2.788646e-05 0.0004701689)
(1.50919e-05 -2.544893e-05 0.0007319564)
(1.486119e-05 -3.161699e-05 0.0001355773)
(1.505578e-05 -3.117484e-05 0.0003818103)
(1.507327e-05 -2.938058e-05 0.0005260058)
(1.509489e-05 -2.729164e-05 0.0008214833)
(1.59095e-05 -2.419688e-05 0.0006542887)
(1.485783e-05 -2.39565e-05 0.0001450116)
(1.505309e-05 -2.368233e-05 0.0004103638)
(1.507059e-05 -2.246706e-05 0.0005672388)
(1.509409e-05 -2.10469e-05 0.0008878301)
(1.590997e-05 -1.904071e-05 0.0007075573)
(0.0001437185 -0.0001671409 0.001387732)
(1.485471e-05 -1.693505e-05 0.0001505174)
(1.504739e-05 -1.682394e-05 0.0004270195)
(1.506537e-05 -1.613161e-05 0.0005913138)
(1.508758e-05 -1.532384e-05 0.0009266176)
(1.590525e-05 -1.434859e-05 0.0007389488)
(0.0001436851 -0.0001269106 0.001449298)
(0.0001508777 -0.0001326821 0.00102992)
(1.485434e-05 -9.559296e-06 0.0001531392)
(1.504451e-05 -9.523879e-06 0.0004348676)
(1.505987e-05 -9.184239e-06 0.0006027261)
(1.508252e-05 -8.794375e-06 0.0009450985)
(1.589869e-05 -8.387487e-06 0.0007538774)
(0.0001436318 -7.451913e-05 0.001479238)
(0.0001508313 -7.801166e-05 0.00105106)
(0.0001513449 -7.768941e-05 0.001169312)
(1.484965e-05 -3.205725e-06 0.0001538525)
(1.504293e-05 -3.223496e-06 0.0004370087)
(1.505643e-05 -3.133635e-06 0.0006057961)
(1.50769e-05 -2.974008e-06 0.0009502019)
(1.589308e-05 -2.924142e-06 0.000758072)
(0.0001435431 -2.575632e-05 0.001487537)
(0.000150739 -2.633864e-05 0.001057336)
(0.0001512615 -2.672221e-05 0.001176296)
(0.0001520253 -2.643976e-05 0.001194223)
(1.484038e-05 -2.85206e-06 8.893914e-05)
(1.483898e-05 -8.651773e-06 9.201803e-05)
(1.503293e-05 -8.319149e-06 0.0002503341)
(1.484365e-05 -1.539228e-05 9.884828e-05)
(1.503592e-05 -1.484837e-05 0.0002709073)
(1.505226e-05 -1.338336e-05 0.000366331)
(1.485149e-05 -2.196136e-05 0.0001092214)
(1.504408e-05 -2.127841e-05 0.0003022095)
(1.5059e-05 -1.932272e-05 0.0004112779)
(1.507944e-05 -1.707851e-05 0.0006375497)
(1.485806e-05 -3.054874e-05 0.0001221652)
(1.505139e-05 -2.992917e-05 0.0003412892)
(1.506766e-05 -2.783373e-05 0.000467641)
(1.508843e-05 -2.540095e-05 0.0007278353)
(1.590262e-05 -2.149823e-05 0.000578947)
(1.485461e-05 -3.152047e-05 0.0001349226)
(1.505035e-05 -3.10751e-05 0.0003799455)
(1.506742e-05 -2.929673e-05 0.0005233872)
(1.508969e-05 -2.721635e-05 0.0008175643)
(1.590483e-05 -2.411879e-05 0.0006511268)
(0.0001436683 -0.0002106464 0.001276791)
(1.485422e-05 -2.388224e-05 0.0001443267)
(1.504723e-05 -2.360731e-05 0.0004083948)
(1.50652e-05 -2.238758e-05 0.0005645144)
(1.508753e-05 -2.097313e-05 0.000883706)
(1.590437e-05 -1.897505e-05 0.0007044518)
(0.0001436725 -0.0001665553 0.001381644)
(0.0001508624 -0.0001736843 0.0009826824)
(1.485414e-05 -1.68841e-05 0.0001498448)
(1.504413e-05 -1.676924e-05 0.000424976)
(1.505983e-05 -1.607368e-05 0.0005885153)
(1.508271e-05 -1.526635e-05 0.0009223215)
(1.589885e-05 -1.42882e-05 0.0007355989)
(0.0001436311 -0.0001264382 0.001443249)
(0.0001508275 -0.0001321936 0.001025619)
(0.0001513397 -0.000131379 0.001141128)
(1.485064e-05 -9.527354e-06 0.0001524852)
(1.504359e-05 -9.493137e-06 0.0004328952)
(1.505686e-05 -9.155705e-06 0.0005998697)
(1.507744e-05 -8.760323e-06 0.0009407307)
(1.589397e-05 -8.352903e-06 0.0007504549)
(0.0001435739 -7.419835e-05 0.001472616)
(0.000150772 -7.771193e-05 0.001046754)
(0.0001512935 -7.739749e-05 0.00116455)
(0.0001520582 -7.728875e-05 0.00118243)
(1.484826e-05 -3.191157e-06 0.0001531678)
(1.50389e-05 -3.211796e-06 0.0004350851)
(1.505498e-05 -3.12217e-06 0.0006030293)
(1.507383e-05 -2.964263e-06 0.0009458044)
(1.588812e-05 -2.911721e-06 0.000754607)
(0.0001435008 -2.564714e-05 0.001480869)
(0.0001506781 -2.622487e-05 0.001052617)
(0.0001512016 -2.661632e-05 0.001171504)
(0.0001519734 -2.633834e-05 0.001189411)
(0.0001639747 -2.847496e-05 0.001020342)
(1.484041e-05 2.852172e-06 8.893918e-05)
(1.48352e-05 -2.848926e-06 8.829232e-05)
(1.50291e-05 -2.738915e-06 0.0002390846)
(1.483461e-05 -8.649182e-06 9.137973e-05)
(1.502778e-05 -8.313426e-06 0.0002483839)
(1.504477e-05 -7.422788e-06 0.0003339207)
(1.484118e-05 -1.539403e-05 9.821332e-05)
(1.503245e-05 -1.484792e-05 0.0002690076)
(1.504784e-05 -1.337122e-05 0.0003635704)
(1.506926e-05 -1.168168e-05 0.0005610247)
(1.484805e-05 -2.193116e-05 0.0001086133)
(1.504026e-05 -2.125626e-05 0.0003003437)
(1.505562e-05 -1.931148e-05 0.0004086743)
(1.507579e-05 -1.705936e-05 0.0006332529)
(1.589022e-05 -1.316327e-05 0.0005030116)
(1.485125e-05 -3.046619e-05 0.0001215317)
(1.504699e-05 -2.985552e-05 0.0003394688)
(1.506288e-05 -2.777021e-05 0.0004650145)
(1.508409e-05 -2.534603e-05 0.0007238746)
(1.589852e-05 -2.143824e-05 0.0005756664)
(0.0001436074 -0.0001851404 0.001128996)
(1.485082e-05 -3.142925e-05 0.0001342502)
(1.504385e-05 -3.097875e-05 0.0003780095)
(1.506219e-05 -2.91997e-05 0.0005207541)
(1.508409e-05 -2.713279e-05 0.0008134758)
(1.589966e-05 -2.403782e-05 0.0006480146)
(0.0001436262 -0.0002099325 0.001270642)
(0.0001508098 -0.0002186125 0.0009050284)
(1.485251e-05 -2.381309e-05 0.0001436583)
(1.504357e-05 -2.3533e-05 0.0004063745)
(1.505956e-05 -2.231383e-05 0.0005617455)
(1.508239e-05 -2.089631e-05 0.0008794662)
(1.589837e-05 -1.890094e-05 0.0007011813)
(0.0001436227 -0.000165962 0.001375594)
(0.0001508143 -0.0001730688 0.0009783654)
(0.0001513245 -0.0001712812 0.001088971)
(1.485122e-05 -1.68394e-05 0.0001491957)
(1.504337e-05 -1.671786e-05 0.000423003)
(1.505651e-05 -1.601922e-05 0.0005856454)
(1.507738e-05 -1.520938e-05 0.0009179802)
(1.589404e-05 -1.422978e-05 0.0007321958)
(0.000143575 -0.0001259008 0.00143674)
(0.0001507712 -0.0001316978 0.001021331)
(0.0001512897 -0.0001308885 0.00113636)
(0.0001520531 -0.00013047 0.001154018)
(1.484935e-05 -9.485927e-06 0.0001518086)
(1.503986e-05 -9.461123e-06 0.0004309792)
(1.505562e-05 -9.124954e-06 0.0005971073)
(1.50743e-05 -8.731057e-06 0.0009363024)
(1.588891e-05 -8.318013e-06 0.000746999)
(0.0001435315 -7.388763e-05 0.001465963)
(0.0001507118 -7.737677e-05 0.001042063)
(0.000151235 -7.709777e-05 0.001159783)
(0.0001520071 -7.699529e-05 0.001177614)
(0.0001640359 -8.222614e-05 0.001010086)
(1.503741e-05 -3.197272e-06 0.0004330816)
(1.505102e-05 -3.110611e-06 0.0006003367)
(1.507208e-05 -2.953076e-06 0.0009415243)
(1.588461e-05 -2.900332e-06 0.0007511275)
(0.0001434563 -2.553682e-05 0.001474138)
(0.0001506338 -2.611336e-05 0.001047892)
(0.0001511415 -2.650085e-05 0.001166277)
(0.0001519141 -2.623356e-05 0.001184566)
(0.0001639194 -2.836424e-05 0.00101623)
(0.001500696 -0.0002521572 0.002760801)
(1.484424e-05 8.657535e-06 9.26676e-05)
(1.483526e-05 2.849354e-06 8.82925e-05)
(1.502913e-05 2.739022e-06 0.0002390848)
(1.483009e-05 -2.846483e-06 8.765467e-05)
(1.502394e-05 -2.735847e-06 0.0002371405)
(1.504092e-05 -2.440198e-06 0.0003177256)
(1.483246e-05 -8.66078e-06 9.072461e-05)
(1.502338e-05 -8.310606e-06 0.0002464651)
(1.503977e-05 -7.416843e-06 0.0003311424)
(1.506173e-05 -6.389348e-06 0.0005090076)
(1.483851e-05 -1.537863e-05 9.760488e-05)
(1.502984e-05 -1.484846e-05 0.0002671061)
(1.504426e-05 -1.336823e-05 0.0003608626)
(1.506488e-05 -1.16684e-05 0.0005566703)
(1.587973e-05 -8.675042e-06 0.0004414848)
(1.484204e-05 -2.189259e-05 0.0001079945)
(1.503676e-05 -2.122578e-05 0.000298526)
(1.505177e-05 -1.928783e-05 0.0004060255)
(1.507223e-05 -1.70441e-05 0.0006291604)
(1.588606e-05 -1.313607e-05 0.0004995854)
(0.0001434963 -0.0001107679 0.0009787835)
(1.484685e-05 -3.038699e-05 0.0001208706)
(1.50403e-05 -2.977335e-05 0.0003375868)
(1.505855e-05 -2.769748e-05 0.0004624351)
(1.507943e-05 -2.528164e-05 0.0007197581)
(1.589394e-05 -2.137505e-05 0.0005725158)
(0.0001435696 -0.0001845828 0.001122605)
(0.0001507459 -0.0001914178 0.0008055137)
(1.484723e-05 -3.134076e-05 0.0001335936)
(1.504003e-05 -3.088731e-05 0.0003760169)
(1.505603e-05 -2.910533e-05 0.0005180233)
(1.50791e-05 -2.703862e-05 0.0008093647)
(1.58943e-05 -2.394958e-05 0.0006447672)
(0.00014358 -0.0002091984 0.001264571)
(0.0001507656 -0.0002178597 0.0009006665)
(0.0001512721 -0.0002151256 0.00100317)
(1.485031e-05 -2.376914e-05 0.0001430012)
(1.504173e-05 -2.346361e-05 0.0004044069)
(1.50559e-05 -2.224059e-05 0.0005589011)
(1.5077e-05 -2.082383e-05 0.0008751605)
(1.589347e-05 -1.882488e-05 0.0006978189)
(0.0001435701 -0.0001652985 0.001369235)
(0.0001507623 -0.0001724455 0.0009740758)
(0.0001512766 -0.0001706622 0.001084184)
(0.0001520381 -0.0001694695 0.001101971)
(1.485027e-05 -1.677341e-05 0.0001485348)
(1.504036e-05 -1.667247e-05 0.000421097)
(1.505538e-05 -1.596776e-05 0.0005828775)
(1.5074e-05 -1.515505e-05 0.0009135234)
(1.588888e-05 -1.417128e-05 0.0007287584)
(0.0001435321 -0.0001253765 0.001430121)
(0.0001507129 -0.0001311363 0.001016719)
(0.000151234 -0.0001303914 0.001131612)
(0.0001520033 -0.0001299766 0.001149195)
(0.0001640305 -0.0001384603 0.0009857201)
(1.503847e-05 -9.420128e-06 0.0004289977)
(1.505191e-05 -9.093293e-06 0.0005944233)
(1.507269e-05 -8.700213e-06 0.0009320258)
(1.588535e-05 -8.285385e-06 0.0007434937)
(0.0001434864 -7.357407e-05 0.001459248)
(0.0001506675 -7.705108e-05 0.001037349)
(0.0001511756 -7.676411e-05 0.001154586)
(0.0001519491 -7.669499e-05 0.001172793)
(0.0001639814 -8.19092e-05 0.001005971)
(0.001503682 -0.0007269234 0.002738024)
(1.504939e-05 -3.096608e-06 0.0005975325)
(1.506819e-05 -2.941884e-06 0.0009373554)
(1.588213e-05 -2.888404e-06 0.0007477432)
(0.0001434241 -2.543379e-05 0.001467381)
(0.0001505872 -2.60007e-05 0.001043122)
(0.0001510973 -2.638727e-05 0.001161044)
(0.0001518545 -2.611941e-05 0.00117928)
(0.0001638569 -2.825069e-05 0.001012091)
(0.001500208 -0.0002511463 0.002749703)
(0.00151358 -0.0002548822 0.0002196793)
(1.485162e-05 1.54026e-05 0.0001001293)
(1.483916e-05 8.652183e-06 9.201855e-05)
(1.503302e-05 8.319244e-06 0.0002503345)
(1.483014e-05 2.849137e-06 8.765582e-05)
(1.5024e-05 2.736253e-06 0.000237141)
(1.504094e-05 2.440289e-06 0.0003177258)
(1.482775e-05 -2.850853e-06 8.698895e-05)
(1.501885e-05 -2.733431e-06 0.0002352217)
(1.503591e-05 -2.43726e-06 0.000314954)
(1.505787e-05 -2.095772e-06 0.0004830124)
(1.483096e-05 -8.656881e-06 9.011548e-05)
(1.502109e-05 -8.321095e-06 0.0002444986)
(1.503542e-05 -7.413392e-06 0.000328403)
(1.505691e-05 -6.38309e-06 0.0005046183)
(1.587182e-05 -4.527103e-06 0.0003996694)
(1.48334e-05 -1.536108e-05 9.698841e-05)
(1.502707e-05 -1.48328e-05 0.0002652815)
(1.504146e-05 -1.336586e-05 0.0003581565)
(1.506119e-05 -1.166237e-05 0.0005524035)
(1.587523e-05 -8.658094e-06 0.0004380083)
(0.0001434018 -7.225252e-05 0.000857152)
(1.483724e-05 -2.184564e-05 0.0001073504)
(1.503082e-05 -2.118738e-05 0.0002966804)
(1.504821e-05 -1.925696e-05 0.0004034421)
(1.506833e-05 -1.701857e-05 0.0006249957)
(1.588194e-05 -1.311095e-05 0.0004963247)
(0.0001434582 -0.00011051 0.0009721035)
(0.0001506291 -0.0001135231 0.0006984311)
(1.4842e-05 -3.031474e-05 0.0001202247)
(1.503589e-05 -2.969426e-05 0.0003356178)
(1.505226e-05 -2.761738e-05 0.0004597715)
(1.507517e-05 -2.520975e-05 0.0007157152)
(1.588926e-05 -2.13046e-05 0.0005692406)
(0.0001435282 -0.000184003 0.001116444)
(0.0001507059 -0.0001908268 0.0008009617)
(0.0001512083 -0.0001871512 0.0008947713)
(1.484498e-05 -3.128092e-05 0.0001329177)
(1.50364e-05 -3.079858e-05 0.0003740759)
(1.505222e-05 -2.901489e-05 0.0005152093)
(1.507332e-05 -2.694626e-05 0.0008051051)
(1.588953e-05 -2.385546e-05 0.0006415018)
(0.0001435325 -0.000208401 0.00125825)
(0.0001507173 -0.0002170876 0.000896359)
(0.0001512277 -0.0002143647 0.00099833)
(0.0001519857 -0.0002124758 0.00101599)
(1.485081e-05 -2.369317e-05 0.0001423584)
(1.50394e-05 -2.341801e-05 0.0004024699)
(1.505383e-05 -2.217176e-05 0.000556134)
(1.507334e-05 -2.075159e-05 0.0008707326)
(1.588832e-05 -1.875047e-05 0.0006944059)
(0.0001435266 -0.0001646193 0.001362689)
(0.0001507075 -0.0001717508 0.0009695668)
(0.0001512249 -0.0001700365 0.001079432)
(0.0001519903 -0.0001688462 0.001097125)
(0.0001640145 -0.0001789006 0.0009409433)
(1.503929e-05 -1.660699e-05 0.0004191578)
(1.505228e-05 -1.592161e-05 0.0005802032)
(1.507245e-05 -1.510337e-05 0.0009092319)
(1.588518e-05 -1.411381e-05 0.0007252277)
(0.0001434863 -0.0001248506 0.001423438)
(0.000150668 -0.000130587 0.001012029)
(0.0001511765 -0.0001298324 0.001126502)
(0.000151948 -0.0001294774 0.001144393)
(0.0001639774 -0.000137927 0.0009815992)
(0.001503649 -0.001216018 0.002676762)
(1.505036e-05 -9.053893e-06 0.0005916482)
(1.5069e-05 -8.668877e-06 0.0009278671)
(1.588291e-05 -8.252456e-06 0.0007401111)
(0.0001434538 -7.327634e-05 0.001452439)
(0.0001506203 -7.672243e-05 0.00103259)
(0.0001511313 -7.643825e-05 0.001149365)
(0.0001518903 -7.636201e-05 0.001167538)
(0.0001639201 -8.158636e-05 0.001001852)
(0.001503198 -0.0007240187 0.0027269)
(0.001516639 -0.0007445054 0.0002248838)
(1.50664e-05 -2.928686e-06 0.0009330161)
(1.58782e-05 -2.876656e-06 0.0007444452)
(0.0001434007 -2.532748e-05 0.001460805)
(0.0001505533 -2.589504e-05 0.001038333)
(0.0001510506 -2.62725e-05 0.001155762)
(0.0001518102 -2.600678e-05 0.001173989)
(0.0001637939 -2.812709e-05 0.001007574)
(0.001499665 -0.000250126 0.002738509)
(0.001513083 -0.0002538691 0.0002187933)
(0.001515473 -0.000256235 0.0007863525)
(1.486178e-05 2.200175e-05 0.0001111034)
(1.484728e-05 1.539205e-05 9.94824e-05)
(1.504052e-05 1.485967e-05 0.0002728483)
(1.483475e-05 8.651167e-06 9.138301e-05)
(1.502796e-05 8.313816e-06 0.0002483855)
(1.504484e-05 7.42287e-06 0.0003339213)
(1.482775e-05 2.853223e-06 8.698995e-05)
(1.50189e-05 2.735942e-06 0.0002352252)
(1.503597e-05 2.43761e-06 0.0003149548)
(1.505789e-05 2.095847e-06 0.0004830128)
(1.482697e-05 -2.850945e-06 8.637613e-05)
(1.501638e-05 -2.737417e-06 0.000233221)
(1.503097e-05 -2.434884e-06 0.0003122127)
(1.505303e-05 -2.092962e-06 0.0004786301)
(1.586774e-05 -1.47333e-06 0.0003787723)
(1.482628e-05 -8.649716e-06 8.949839e-05)
(1.501942e-05 -8.316956e-06 0.0002426682)
(1.503289e-05 -7.4211e-06 0.0003255997)
(1.505261e-05 -6.378833e-06 0.0005002952)
(1.586709e-05 -4.51951e-06 0.0003961624)
(0.0001433303 -3.719162e-05 0.0007745066)
(1.482871e-05 -1.533243e-05 9.635937e-05)
(1.502198e-05 -1.481507e-05 0.0002634374)
(1.503853e-05 -1.334967e-05 0.0003555579)
(1.505815e-05 -1.165658e-05 0.0005481388)
(1.587109e-05 -8.644928e-06 0.0004346048)
(0.0001433614 -7.209411e-05 0.0008503706)
(0.0001505297 -7.377333e-05 0.0006116446)
(1.48316e-05 -2.180997e-05 0.0001067125)
(1.502603e-05 -2.114109e-05 0.0002947541)
(1.504256e-05 -1.921931e-05 0.0004008228)
(1.506471e-05 -1.698711e-05 0.0006209336)
(1.587776e-05 -1.307945e-05 0.000493006)
(0.0001434204 -0.0001102676 0.0009657211)
(0.000150589 -0.0001132486 0.0006936832)
(0.0001510913 -0.0001093064 0.0007755439)
(1.483841e-05 -3.025599e-05 0.0001195412)
(1.503107e-05 -2.962181e-05 0.0003336989)
(1.504795e-05 -2.753969e-05 0.0004569809)
(1.506933e-05 -2.513179e-05 0.0007115446)
(1.588493e-05 -2.122977e-05 0.0005660237)
(0.0001434864 -0.0001833621 0.001110055)
(0.0001506625 -0.0001902147 0.000796571)
(0.0001511678 -0.0001865491 0.0008897106)
(0.0001519217 -0.0001837243 0.0009116424)
(1.484777e-05 -3.120636e-05 0.0001322866)
(1.503403e-05 -3.07369e-05 0.000372073)
(1.504862e-05 -2.89271e-05 0.0005124709)
(1.506953e-05 -2.685673e-05 0.0008007097)
(1.588425e-05 -2.376152e-05 0.0006381201)
(0.0001434902 -0.0002075593 0.001251883)
(0.0001506678 -0.0002162498 0.0008918751)
(0.0001511796 -0.0002135877 0.0009935561)
(0.0001519411 -0.0002117058 0.001011086)
(0.0001639581 -0.0002237896 0.0008673559)
(1.503968e-05 -2.334226e-05 0.0004005779)
(1.50513e-05 -2.212329e-05 0.0005534089)
(1.507101e-05 -2.068321e-05 0.0008664322)
(1.588445e-05 -1.867573e-05 0.0006908939)
(0.000143481 -0.0001639503 0.001356047)
(0.0001506622 -0.0001710403 0.000964926)
(0.0001511708 -0.0001693425 0.001074433)
(0.0001519388 -0.0001682169 0.001092315)
(0.0001639634 -0.0001782255 0.0009368028)
(0.001503516 -0.001549849 0.002577889)
(1.5051e-05 -1.585832e-05 0.0005774836)
(1.506925e-05 -1.505623e-05 0.0009050814)
(1.588269e-05 -1.405849e-05 0.0007218308)
(0.0001434526 -0.000124331 0.001416576)
(0.0001506202 -0.0001300356 0.001007294)
(0.0001511318 -0.0001292831 0.001121307)
(0.0001518911 -0.0001289195 0.001139225)
(0.0001639188 -0.0001373887 0.0009774967)
(0.001503176 -0.001211123 0.002665604)
(0.00151665 -0.001257386 0.0002352508)
(1.506727e-05 -8.631205e-06 0.0009235697)
(1.587909e-05 -8.219832e-06 0.0007368199)
(0.0001434305 -7.297816e-05 0.001445864)
(0.000150586 -7.640887e-05 0.001027765)
(0.0001510842 -7.610937e-05 0.001144095)
(0.0001518459 -7.603536e-05 0.001162258)
(0.000163858 -8.123044e-05 0.0009973625)
(0.001502664 -0.0007210925 0.002715739)
(0.001516147 -0.0007415597 0.0002239589)
(0.00151857 -0.000741305 0.0007889643)
(1.587599e-05 -2.86368e-06 0.0007410131)
(0.0001433655 -2.522306e-05 0.001454403)
(0.0001505283 -2.578635e-05 0.001033673)
(0.0001510164 -2.616363e-05 0.001150458)
(0.0001517635 -2.589298e-05 0.001168649)
(0.0001637462 -2.800462e-05 0.001003054)
(0.001499117 -0.0002490189 0.002726311)
(0.001512528 -0.0002528416 0.0002178899)
(0.001514982 -0.0002551998 0.0007831614)
(0.00151709 -0.0002573798 0.0002755259)
(1.487468e-05 3.07728e-05 0.0001246258)
(1.485855e-05 2.198959e-05 0.0001104602)
(1.505082e-05 2.129996e-05 0.0003059652)
(1.484387e-05 1.539249e-05 9.885269e-05)
(1.503616e-05 1.484873e-05 0.0002709098)
(1.505237e-05 1.338343e-05 0.0003663319)
(1.483245e-05 8.66288e-06 9.07274e-05)
(1.502352e-05 8.312484e-06 0.0002464751)
(1.503993e-05 7.417181e-06 0.0003311445)
(1.506179e-05 6.389415e-06 0.0005090085)
(1.482697e-05 2.853452e-06 8.637711e-05)
(1.501637e-05 2.739667e-06 0.0002332241)
(1.503102e-05 2.437034e-06 0.0003122177)
(1.505308e-05 2.093251e-06 0.0004786313)
(1.586776e-05 1.473372e-06 0.0003787725)
(1.482229e-05 -2.848077e-06 8.576059e-05)
(1.501538e-05 -2.737356e-06 0.0002313777)
(1.50283e-05 -2.4379e-06 0.0003093582)
(1.504828e-05 -2.090602e-06 0.0004743007)
(1.586301e-05 -1.470517e-06 0.0003752694)
(0.0001432935 -1.207497e-05 0.0007332099)
(1.482178e-05 -8.641463e-06 8.887608e-05)
(1.501473e-05 -8.309724e-06 0.0002408186)
(1.50309e-05 -7.416343e-06 0.0003229893)
(1.504981e-05 -6.383295e-06 0.0004958704)
(1.586266e-05 -4.513061e-06 0.0003927115)
(0.0001432883 -3.712109e-05 0.0007676638)
(0.0001504545 -3.778242e-05 0.0005526234)
(1.48224e-05 -1.531183e-05 9.572642e-05)
(1.50173e-05 -1.478691e-05 0.0002615504)
(1.50336e-05 -1.333164e-05 0.0003529351)
(1.505505e-05 -1.163969e-05 0.0005440429)
(1.586741e-05 -8.631161e-06 0.0004312023)
(0.0001433235 -7.196348e-05 0.0008437035)
(0.0001504873 -7.360554e-05 0.0006068295)
(0.0001509914 -7.056546e-05 0.0006788545)
(1.482655e-05 -2.177772e-05 0.0001060339)
(1.502046e-05 -2.110546e-05 0.0002928513)
(1.503792e-05 -1.917491e-05 0.0003980847)
(1.505938e-05 -1.695015e-05 0.0006168197)
(1.58738e-05 -1.30444e-05 0.0004897686)
(0.0001433825 -0.0001099749 0.0009592413)
(0.0001505491 -0.0001129892 0.000689143)
(0.0001510507 -0.0001090247 0.0007702674)
(0.0001518041 -0.0001057037 0.0007897292)
(1.484236e-05 -3.02118e-05 0.0001188975)
(1.502743e-05 -2.956218e-05 0.0003316627)
(1.504331e-05 -2.746792e-05 0.0004542643)
(1.506513e-05 -2.505548e-05 0.0007071689)
(1.587972e-05 -2.115127e-05 0.0005627072)
(0.0001434475 -0.0001826876 0.00110377)
(0.0001506187 -0.0001895402 0.0007920194)
(0.0001511243 -0.0001859294 0.0008848349)
(0.0001518807 -0.0001831108 0.0009064921)
(0.0001638886 -0.0001917625 0.0007771068)
(1.503645e-05 -3.066134e-05 0.0003702074)
(1.504604e-05 -2.886242e-05 0.0005096431)
(1.506595e-05 -2.676979e-05 0.0007964407)
(1.588028e-05 -2.36682e-05 0.0006346284)
(0.0001434438 -0.0002067164 0.001245295)
(0.0001506236 -0.0002153685 0.0008873589)
(0.0001511304 -0.0002127461 0.0009885826)
(0.000151893 -0.0002109225 0.001006251)
(0.0001639099 -0.00022295 0.0008631664)
(0.001502998 -0.001919662 0.002398623)
(1.505114e-05 -2.204922e-05 0.0005507495)
(1.506825e-05 -2.063131e-05 0.0008621914)
(1.588148e-05 -1.8604e-05 0.0006874861)
(0.000143446 -0.0001632772 0.001349216)
(0.0001506147 -0.0001703388 0.0009602175)
(0.0001511258 -0.0001686338 0.001069292)
(0.0001518852 -0.0001675222 0.001087254)
(0.0001639085 -0.0001775454 0.0009326954)
(0.001503058 -0.001543627 0.002566576)
(0.001516571 -0.001613175 0.0003087148)
(1.506772e-05 -1.499527e-05 0.000900864)
(1.587911e-05 -1.400629e-05 0.0007185435)
(0.0001434287 -0.0001238298 0.001409969)
(0.0001505848 -0.0001294899 0.001002432)
(0.0001510842 -0.0001287311 0.001116062)
(0.0001518465 -0.0001283691 0.001133972)
(0.0001638586 -0.0001367922 0.0009730811)
(0.00150266 -0.001206209 0.002654463)
(0.001516169 -0.001252378 0.0002342444)
(0.001518652 -0.001267234 0.00078973)
(1.587689e-05 -8.183445e-06 0.0007334199)
(0.0001433961 -7.268411e-05 0.001439474)
(0.000150561 -7.609553e-05 0.001023106)
(0.0001510495 -7.579311e-05 0.00113875)
(0.0001517988 -7.570564e-05 0.001156929)
(0.0001638103 -8.087908e-05 0.0009928525)
(0.001502124 -0.0007179109 0.002703591)
(0.001515601 -0.0007385812 0.0002230194)
(0.001518084 -0.0007383172 0.0007857153)
(0.001520233 -0.0007470653 0.000282537)
(0.000143345 -2.510907e-05 0.001447739)
(0.0001504915 -2.56797e-05 0.001029136)
(0.0001509907 -2.605266e-05 0.001145298)
(0.0001517289 -2.578412e-05 0.001163285)
(0.000163696 -2.788087e-05 0.0009984909)
(0.001498685 -0.0002479102 0.002714088)
(0.001511967 -0.000251726 0.0002169211)
(0.001514439 -0.0002541563 0.0007799557)
(0.0015166 -0.000256335 0.0002744049)
(0.001504739 -0.0002571636 0.0001482032)
(1.488286e-05 3.193892e-05 0.0001380473)
(1.487179e-05 3.073488e-05 0.0001240023)
(1.506381e-05 3.008335e-05 0.0003467868)
(1.485552e-05 2.198243e-05 0.0001098498)
(1.504749e-05 2.128668e-05 0.0003040439)
(1.506262e-05 1.93389e-05 0.0004140099)
(1.484122e-05 1.539579e-05 9.82176e-05)
(1.503266e-05 1.484813e-05 0.000269021)
(1.504804e-05 1.337154e-05 0.0003635738)
(1.506935e-05 1.168174e-05 0.0005610262)
(1.483097e-05 8.659404e-06 9.011853e-05)
(1.502109e-05 8.323091e-06 0.0002445071)
(1.503554e-05 7.415008e-06 0.0003284173)
(1.505704e-05 6.383372e-06 0.0005046217)
(1.587185e-05 4.527141e-06 0.0003996702)
(1.482218e-05 2.850549e-06 8.576153e-05)
(1.501538e-05 2.739735e-06 0.0002313807)
(1.50283e-05 2.439839e-06 0.0003093625)
(1.504831e-05 2.092343e-06 0.0004743087)
(1.586303e-05 1.470692e-06 0.0003752703)
(0.0001432936 1.207529e-05 0.0007332104)
(1.481777e-05 -2.849241e-06 8.513445e-05)
(1.50107e-05 -2.734511e-06 0.0002295309)
(1.502689e-05 -2.437453e-06 0.0003067276)
(1.504536e-05 -2.092482e-06 0.0004697914)
(1.585835e-05 -1.467979e-06 0.0003718122)
(0.0001432514 -1.204972e-05 0.0007263744)
(0.0001504158 -1.225597e-05 0.0005231312)
(1.481534e-05 -8.632667e-06 8.824626e-05)
(1.501024e-05 -8.301463e-06 0.0002389481)
(1.502632e-05 -7.408928e-06 0.0003203553)
(1.504745e-05 -6.377784e-06 0.0004917492)
(1.585915e-05 -4.510654e-06 0.0003891784)
(0.0001432484 -3.705935e-05 0.0007608998)
(0.0001504105 -3.770793e-05 0.000547768)
(0.0001509158 -3.581373e-05 0.0006131022)
(1.481676e-05 -1.529135e-05 9.505199e-05)
(1.501109e-05 -1.476634e-05 0.0002596567)
(1.502905e-05 -1.330477e-05 0.000350247)
(1.505031e-05 -1.162121e-05 0.0005399138)
(1.586376e-05 -8.611377e-06 0.0004279339)
(0.0001432896 -7.182596e-05 0.0008370551)
(0.0001504475 -7.346459e-05 0.0006020947)
(0.000150949 -7.039445e-05 0.000673504)
(0.0001517035 -6.779805e-05 0.0006908134)
(1.48303e-05 -2.176258e-05 0.0001053729)
(1.501544e-05 -2.107312e-05 0.0002908211)
(1.503263e-05 -1.913968e-05 0.0003953828)
(1.505492e-05 -1.690774e-05 0.000612512)
(1.586889e-05 -1.30062e-05 0.0004864919)
(0.0001433465 -0.0001096545 0.0009529115)
(0.0001505093 -0.0001126794 0.0006845337)
(0.0001510104 -0.0001087562 0.000765228)
(0.0001517631 -0.0001054151 0.0007843675)
(0.0001637608 -0.0001077787 0.000673468)
(1.503092e-05 -2.95162e-05 0.0003297492)
(1.503965e-05 -2.740719e-05 0.0004513786)
(1.506069e-05 -2.498425e-05 0.0007029179)
(1.587552e-05 -2.107283e-05 0.0005592248)
(0.000143402 -0.0001819843 0.001097295)
(0.0001505781 -0.0001888322 0.0007875398)
(0.0001510806 -0.0001852496 0.0008797761)
(0.000151837 -0.000182483 0.0009015304)
(0.0001638438 -0.0001910872 0.0007727124)
(0.001502307 -0.001608715 0.002292516)
(1.504767e-05 -2.878594e-05 0.0005070124)
(1.506315e-05 -2.670147e-05 0.0007920244)
(1.587657e-05 -2.357756e-05 0.0006312404)
(0.000143408 -0.000205875 0.001238495)
(0.0001505754 -0.0002144849 0.0008826862)
(0.0001510866 -0.0002118657 0.0009835762)
(0.0001518441 -0.0002100756 0.001001213)
(0.0001638584 -0.0002221003 0.0008590377)
(0.001502557 -0.001911838 0.002387084)
(0.001516023 -0.002064889 0.0003678358)
(1.506759e-05 -2.055895e-05 0.0008580577)
(1.587811e-05 -1.854148e-05 0.000684123)
(0.0001434183 -0.0001626296 0.00134258)
(0.0001505779 -0.0001696329 0.0009553747)
(0.0001510786 -0.0001679315 0.001064074)
(0.0001518404 -0.0001668136 0.001082051)
(0.0001638517 -0.0001767994 0.0009283724)
(0.001502568 -0.00153739 0.002555314)
(0.001516107 -0.001606792 0.0003073004)
(0.001518686 -0.001627374 0.0008672515)
(1.5877e-05 -1.394645e-05 0.0007152044)
(0.0001433961 -0.000123354 0.001403583)
(0.0001505593 -0.000128963 0.0009977496)
(0.0001510486 -0.0001281833 0.001110676)
(0.000151799 -0.0001278155 0.001128666)
(0.0001638108 -0.0001362004 0.0009685938)
(0.001502138 -0.001200876 0.002642495)
(0.001515644 -0.00124734 0.0002332257)
(0.001518176 -0.001262065 0.0007863696)
(0.001520412 -0.001296534 0.0002952744)
(0.0001433757 -7.236089e-05 0.00143287)
(0.000150525 -7.578702e-05 0.001018576)
(0.0001510238 -7.547829e-05 0.00113359)
(0.0001517638 -7.538635e-05 0.001151524)
(0.0001637598 -8.052434e-05 0.0009883)
(0.001501692 -0.0007147214 0.002691374)
(0.001515049 -0.0007353325 0.0002220165)
(0.001517549 -0.0007353097 0.0007824671)
(0.001519748 -0.0007440379 0.000281365)
(0.001507879 -0.0007448095 0.0001508432)
(0.0001504697 -2.55636e-05 0.001024414)
(0.0001509539 -2.594394e-05 0.001140273)
(0.0001517025 -2.567388e-05 0.001158067)
(0.0001636583 -2.776094e-05 0.0009939072)
(0.001498231 -0.0002467896 0.002701753)
(0.001511531 -0.0002506119 0.0002159386)
(0.001513889 -0.0002530264 0.0007764654)
(0.001516058 -0.0002552829 0.0002732782)
(0.001504255 -0.0002561146 0.0001475989)
(1.488903e-05 2.431403e-05 0.0001481978)
(1.487856e-05 3.187551e-05 0.0001374377)
(1.507198e-05 3.13989e-05 0.0003872527)
(1.486761e-05 3.068513e-05 0.0001234047)
(1.506079e-05 3.004357e-05 0.0003449329)
(1.507538e-05 2.793018e-05 0.000472798)
(1.48517e-05 2.196274e-05 0.0001092267)
(1.504435e-05 2.12781e-05 0.0003022195)
(1.505917e-05 1.932308e-05 0.0004112824)
(1.507954e-05 1.707854e-05 0.0006375516)
(1.483855e-05 1.538096e-05 9.760989e-05)
(1.502989e-05 1.485014e-05 0.0002671191)
(1.504444e-05 1.336844e-05 0.0003608817)
(1.506505e-05 1.166867e-05 0.0005566757)
(1.587978e-05 8.675074e-06 0.000441486)
(1.482586e-05 8.652263e-06 8.950134e-05)
(1.501943e-05 8.319351e-06 0.0002426775)
(1.503289e-05 7.422829e-06 0.0003256117)
(1.505271e-05 6.380149e-06 0.000500318)
(1.586716e-05 4.519686e-06 0.0003961652)
(0.0001433306 3.71919e-05 0.0007745081)
(1.481769e-05 2.846429e-06 8.513371e-05)
(1.50106e-05 2.736853e-06 0.0002295338)
(1.502689e-05 2.439505e-06 0.0003067318)
(1.504536e-05 2.094081e-06 0.0004697983)
(1.585837e-05 1.468939e-06 0.0003718186)
(0.0001432515 1.205107e-05 0.0007263762)
(0.0001504158 1.225629e-05 0.0005231315)
(1.481212e-05 -2.846339e-06 8.45057e-05)
(1.500618e-05 -2.735459e-06 0.0002276471)
(1.502232e-05 -2.434642e-06 0.0003040962)
(1.504347e-05 -2.091581e-06 0.0004656354)
(1.58548e-05 -1.467477e-06 0.0003682103)
(0.0001432099 -1.202664e-05 0.0007195958)
(0.0001503717 -1.222958e-05 0.000518282)
(0.0001508769 -1.159887e-05 0.0005802434)
(1.480921e-05 -8.617816e-06 8.757651e-05)
(1.50039e-05 -8.292707e-06 0.0002370601)
(1.502193e-05 -7.400633e-06 0.0003176867)
(1.5043e-05 -6.370115e-06 0.000487596)
(1.58559e-05 -4.502955e-06 0.0003858871)
(0.0001432157 -3.70255e-05 0.000753993)
(0.0001503688 -3.764197e-05 0.0005429675)
(0.000150872 -3.57381e-05 0.000607707)
(0.0001516273 -3.410051e-05 0.0006235248)
(1.482032e-05 -1.528166e-05 9.438664e-05)
(1.500552e-05 -1.474593e-05 0.0002576329)
(1.502321e-05 -1.32844e-05 0.0003475521)
(1.504591e-05 -1.159567e-05 0.0005356746)
(1.585917e-05 -8.590494e-06 0.0004246412)
(0.0001432559 -7.16435e-05 0.0008306619)
(0.0001504115 -7.331602e-05 0.0005973715)
(0.0001509088 -7.02468e-05 0.0006682507)
(0.0001516609 -6.762389e-05 0.0006853811)
(0.0001636515 -6.842712e-05 0.0005892651)
(1.501875e-05 -2.105689e-05 0.0002888474)
(1.50278e-05 -1.910737e-05 0.0003924971)
(1.504994e-05 -1.687277e-05 0.0006082715)
(1.586454e-05 -1.296493e-05 0.0004830582)
(0.0001433033 -0.0001093102 0.0009465086)
(0.0001504714 -0.0001123422 0.0006800302)
(0.0001509704 -0.0001084412 0.0007601065)
(0.0001517223 -0.000105138 0.0007792467)
(0.0001637162 -0.0001074589 0.0006688916)
(0.001501096 -0.000855866 0.001968407)
(1.504214e-05 -2.735798e-05 0.0004486699)
(1.505701e-05 -2.492206e-05 0.0006983934)
(1.587127e-05 -2.099813e-05 0.0005558458)
(0.0001433645 -0.0001812789 0.0010905)
(0.0001505308 -0.0001880955 0.0007829256)
(0.0001510399 -0.0001845395 0.0008747998)
(0.0001517933 -0.0001817969 0.0008963806)
(0.0001637966 -0.0001904014 0.0007684809)
(0.001501885 -0.001602279 0.002279763)
(0.001515125 -0.001718624 0.0009809369)
(1.506388e-05 -2.662372e-05 0.0007879222)
(1.587316e-05 -2.349712e-05 0.000627732)
(0.0001433747 -0.0002050579 0.001231889)
(0.0001505379 -0.0002136017 0.0008778642)
(0.0001510389 -0.0002109814 0.0009783964)
(0.0001518004 -0.000209194 0.0009961419)
(0.0001638062 -0.0002211839 0.0008547339)
(0.001502093 -0.001904014 0.002375662)
(0.001515578 -0.00205659 0.0003660329)
(0.00151817 -0.002250209 0.000912658)
(1.587637e-05 -1.846816e-05 0.0006808467)
(0.0001433872 -0.0001620518 0.001336041)
(0.0001505486 -0.0001689529 0.0009506702)
(0.0001510418 -0.0001672242 0.001058707)
(0.0001517934 -0.0001661092 0.001076771)
(0.000163804 -0.00017604 0.000923929)
(0.001502073 -0.00153065 0.002543489)
(0.00151561 -0.00160038 0.0003058795)
(0.001518225 -0.001620723 0.0008633238)
(0.001520624 -0.001674196 0.0004194157)
(0.0001433762 -0.0001228207 0.001397094)
(0.0001505249 -0.000128462 0.0009932227)
(0.0001510222 -0.0001276537 0.001105491)
(0.0001517631 -0.0001272646 0.001123219)
(0.0001637602 -0.0001356044 0.0009640618)
(0.001501708 -0.001195513 0.002630315)
(0.001515109 -0.001241848 0.0002321518)
(0.001517659 -0.00125688 0.0007830277)
(0.001519937 -0.001291201 0.0002940002)
(0.001508175 -0.001320978 0.0001564053)
(0.0001505033 -7.544947e-05 0.001013896)
(0.0001509877 -7.516905e-05 0.001128573)
(0.0001517374 -7.506958e-05 0.001146306)
(0.0001637218 -8.017748e-05 0.000983682)
(0.001501238 -0.0007114992 0.002679043)
(0.001514612 -0.000732088 0.0002209968)
(0.001517008 -0.0007320487 0.0007789402)
(0.001519215 -0.0007409931 0.0002801924)
(0.0015074 -0.0007417744 0.0001502169)
(0.0001509318 -2.582648e-05 0.001135043)
(0.0001516657 -2.556601e-05 0.001152985)
(0.0001636291 -2.764071e-05 0.0009894495)
(0.001497879 -0.0002456716 0.002689368)
(0.001511072 -0.0002494861 0.0002149488)
(0.001513454 -0.0002518935 0.0007729671)
(0.001515511 -0.0002541449 0.0002720538)
(0.00150372 -0.0002550595 0.0001469924)
(1.489073e-05 1.727591e-05 0.0001544558)
(1.488346e-05 2.425512e-05 0.0001475859)
(1.507819e-05 2.396465e-05 0.0004177786)
(1.487318e-05 3.180187e-05 0.0001368387)
(1.506763e-05 3.13342e-05 0.0003854504)
(1.508323e-05 2.952227e-05 0.0005310638)
(1.486271e-05 3.062375e-05 0.0001227828)
(1.505656e-05 2.99927e-05 0.000343155)
(1.507217e-05 2.788689e-05 0.0004701746)
(1.509201e-05 2.544882e-05 0.0007319585)
(1.484813e-05 2.193306e-05 0.0001086199)
(1.504046e-05 2.12576e-05 0.0003003599)
(1.505585e-05 1.931126e-05 0.0004086886)
(1.507592e-05 1.705967e-05 0.0006332599)
(1.589028e-05 1.316329e-05 0.0005030132)
(1.48326e-05 1.536352e-05 9.699332e-05)
(1.502711e-05 1.483502e-05 0.0002652967)
(1.50415e-05 1.336734e-05 0.0003581748)
(1.506134e-05 1.166258e-05 0.000552434)
(1.587532e-05 8.658279e-06 0.0004380127)
(0.0001434022 7.225276e-05 0.0008571543)
(1.482156e-05 8.637094e-06 8.887241e-05)
(1.501434e-05 8.312141e-06 0.0002408275)
(1.503091e-05 7.418412e-06 0.0003230023)
(1.50498e-05 6.384731e-06 0.0004958897)
(1.586272e-05 4.51381e-06 0.0003927298)
(0.0001432888 3.712246e-05 0.0007676692)
(0.0001504547 3.77827e-05 0.0005526245)
(1.481252e-05 2.845803e-06 8.450538e-05)
(1.50061e-05 2.732791e-06 0.0002276449)
(1.502223e-05 2.436671e-06 0.0003041004)
(1.504347e-05 2.093271e-06 0.0004656422)
(1.58548e-05 1.468411e-06 0.000368216)
(0.00014321 1.203385e-05 0.0007196082)
(0.0001503719 1.223094e-05 0.0005182833)
(0.0001508769 1.159915e-05 0.0005802438)
(1.480566e-05 -2.834726e-06 8.384664e-05)
(1.50006e-05 -2.732575e-06 0.0002257604)
(1.50179e-05 -2.435061e-06 0.0003014067)
(1.503903e-05 -2.088805e-06 0.0004614828)
(1.585181e-05 -1.465479e-06 0.0003648899)
(0.0001431771 -1.201789e-05 0.0007125528)
(0.0001503284 -1.220529e-05 0.0005134722)
(0.000150833 -1.157253e-05 0.000574855)
(0.0001515881 -1.102626e-05 0.0005899043)
(1.481266e-05 -8.617387e-06 8.690632e-05)
(1.499785e-05 -8.278265e-06 0.0002350465)
(1.501597e-05 -7.391946e-06 0.0003149961)
(1.503872e-05 -6.361698e-06 0.0004833811)
(1.585148e-05 -4.494007e-06 0.0003825726)
(0.0001431851 -3.695249e-05 0.0007475536)
(0.0001503341 -3.760253e-05 0.0005380666)
(0.0001508303 -3.567008e-05 0.0006023817)
(0.0001515836 -3.402374e-05 0.0006180501)
(0.0001635686 -3.392644e-05 0.0005320352)
(1.500863e-05 -1.473572e-05 0.0002556399)
(1.50179e-05 -1.326422e-05 0.0003446693)
(1.504048e-05 -1.15754e-05 0.0005314353)
(1.585486e-05 -8.565875e-06 0.0004212579)
(0.0001432152 -7.145206e-05 0.0008242246)
(0.000150376 -7.312356e-05 0.000592829)
(0.0001508723 -7.009076e-05 0.0006630046)
(0.0001516204 -6.747002e-05 0.0006800497)
(0.0001636056 -6.82357e-05 0.0005846269)
(0.001500065 -0.0005274889 0.001706279)
(1.503012e-05 -1.908873e-05 0.0003896941)
(1.504533e-05 -1.684033e-05 0.0006037321)
(1.585995e-05 -1.2928e-05 0.0004796823)
(0.0001432647 -0.0001089424 0.0009398024)
(0.0001504264 -0.0001119813 0.000675474)
(0.0001509323 -0.0001081013 0.0007551054)
(0.000151682 -0.0001048179 0.0007740398)
(0.0001636717 -0.000107149 0.0006645228)
(0.001500678 -0.0008527327 0.001955325)
(0.00151368 -0.0008544633 0.0007525593)
(1.505836e-05 -2.486894e-05 0.0006941532)
(1.586737e-05 -2.092861e-05 0.0005522448)
(0.0001433268 -0.0001806045 0.001083896)
(0.0001504915 -0.0001873557 0.0007780864)
(0.0001509934 -0.0001838031 0.000869674)
(0.0001517526 -0.0001810834 0.0008913151)
(0.0001637498 -0.0001896562 0.0007640882)
(0.001501453 -0.001595852 0.002267405)
(0.001514703 -0.001711907 0.0009760719)
(0.001517108 -0.00180303 0.001814441)
(1.587204e-05 -2.341178e-05 0.0006244757)
(0.0001433431 -0.0002043173 0.001225059)
(0.0001505029 -0.0002127438 0.0008731779)
(0.0001510013 -0.0002100953 0.0009730491)
(0.0001517532 -0.000208307 0.000990896)
(0.0001637597 -0.0002202365 0.0008504036)
(0.001501631 -0.001895621 0.002363787)
(0.00151511 -0.002048266 0.0003642284)
(0.001517726 -0.002240716 0.0009081724)
(0.001520283 -0.002507914 0.0005217977)
(0.0001433697 -0.0001613942 0.001329667)
(0.0001505156 -0.0001683418 0.0009460332)
(0.0001510118 -0.0001665419 0.001053495)
(0.0001517564 -0.0001653992 0.001071338)
(0.000163754 -0.0001752816 0.0009194195)
(0.00150165 -0.001523821 0.002531318)
(0.001515104 -0.001593432 0.0003044007)
(0.001517734 -0.001614062 0.0008594376)
(0.001520164 -0.001667278 0.0004174762)
(0.001508657 -0.001720102 0.0002263183)
(0.0001505037 -0.0001279044 0.000988623)
(0.0001509875 -0.0001271485 0.001100474)
(0.0001517359 -0.0001267315 0.001117975)
(0.0001637213 -0.0001350092 0.0009594081)
(0.001501257 -0.001190094 0.002618017)
(0.001514675 -0.001236342 0.0002310545)
(0.001517135 -0.001251274 0.000779442)
(0.001519421 -0.001285857 0.0002927319)
(0.001507705 -0.001315495 0.0001557306)
(0.0001509656 -7.483335e-05 0.00112339)
(0.0001517012 -7.475905e-05 0.001141231)
(0.0001636923 -7.983494e-05 0.0009792246)
(0.001500883 -0.0007082756 0.002666543)
(0.001514152 -0.0007288115 0.0002199686)
(0.001516573 -0.0007287757 0.0007753938)
(0.001518675 -0.0007376964 0.0002789234)
(0.001506873 -0.0007387249 0.0001495912)
(0.0001516432 -2.545016e-05 0.001147698)
(0.0001635896 -2.752329e-05 0.0009851072)
(0.001497594 -0.0002445756 0.002677309)
(0.001510719 -0.0002483715 0.0002139536)
(0.001512997 -0.0002507481 0.000769435)
(0.001515076 -0.000253003 0.0002708251)
(0.00150318 -0.0002539194 0.000146333)
(1.489128e-05 9.789647e-06 0.000157792)
(1.488472e-05 1.722768e-05 0.0001538396)
(1.507992e-05 1.711011e-05 0.0004365402)
(1.487738e-05 2.419299e-05 0.0001469807)
(1.507263e-05 2.390526e-05 0.000415978)
(1.508928e-05 2.266517e-05 0.0005749433)
(1.486697e-05 3.171943e-05 0.0001362135)
(1.506224e-05 3.12599e-05 0.0003836778)
(1.507887e-05 2.945581e-05 0.0005285232)
(1.509947e-05 2.736064e-05 0.000825462)
(1.485818e-05 3.055022e-05 0.0001221729)
(1.505164e-05 2.99306e-05 0.0003413071)
(1.506792e-05 2.78343e-05 0.0004676553)
(1.508858e-05 2.540133e-05 0.0007278444)
(1.59027e-05 2.149818e-05 0.0005789487)
(1.48409e-05 2.189478e-05 0.0001080011)
(1.503683e-05 2.12276e-05 0.000298546)
(1.505194e-05 1.928904e-05 0.0004060481)
(1.507243e-05 1.704399e-05 0.0006291832)
(1.588615e-05 1.313629e-05 0.0004995911)
(0.0001434968 0.0001107681 0.0009787865)
(1.482842e-05 1.53276e-05 9.635139e-05)
(1.502122e-05 1.48174e-05 0.0002634522)
(1.503856e-05 1.335161e-05 0.0003555793)
(1.505819e-05 1.165783e-05 0.0005481682)
(1.587118e-05 8.645149e-06 0.0004346293)
(0.0001433621 7.20956e-05 0.000850379)
(0.0001505301 7.377358e-05 0.0006116462)
(1.481656e-05 8.633092e-06 8.824573e-05)
(1.501003e-05 8.297332e-06 0.000238937)
(1.502598e-05 7.411023e-06 0.0003203684)
(1.504746e-05 6.379491e-06 0.0004917704)
(1.585915e-05 4.511525e-06 0.0003891941)
(0.0001432488 3.706505e-05 0.0007609352)
(0.000150411 3.770931e-05 0.0005477718)
(0.000150916 3.581398e-05 0.0006131034)
(1.480574e-05 2.848122e-06 8.385254e-05)
(1.500097e-05 2.732065e-06 0.0002257593)
(1.501784e-05 2.43275e-06 0.0003014034)
(1.503895e-05 2.090459e-06 0.0004614892)
(1.585181e-05 1.466452e-06 0.0003648955)
(0.000143177 1.202503e-05 0.0007125637)
(0.0001503286 1.22124e-05 0.0005134809)
(0.0001508332 1.157377e-05 0.0005748565)
(0.0001515881 1.102651e-05 0.0005899047)
(1.480843e-05 -2.838407e-06 8.317218e-05)
(1.499423e-05 -2.721486e-06 0.0002237774)
(1.501258e-05 -2.432201e-06 0.000298716)
(1.503474e-05 -2.088585e-06 0.000457232)
(1.58474e-05 -1.462479e-06 0.0003615743)
(0.0001431483 -1.199799e-05 0.0007060559)
(0.0001502936 -1.219473e-05 0.0005084772)
(0.0001507899 -1.15481e-05 0.0005695195)
(0.0001515443 -1.099992e-05 0.0005844376)
(0.000163526 -1.094118e-05 0.0005034234)
(1.500088e-05 -8.277443e-06 0.000233035)
(1.501026e-05 -7.378471e-06 0.000312124)
(1.50332e-05 -6.353018e-06 0.000479142)
(1.584722e-05 -4.484625e-06 0.0003792061)
(0.0001431456 -3.68699e-05 0.0007410724)
(0.0001503016 -3.752497e-05 0.0005334948)
(0.000150795 -3.562401e-05 0.0005969398)
(0.0001515417 -3.395377e-05 0.0006126487)
(0.0001635218 -3.384246e-05 0.0005273593)
(0.001499289 -0.000250589 0.001527139)
(1.502005e-05 -1.325279e-05 0.0003418322)
(1.503547e-05 -1.155537e-05 0.0005268898)
(1.585e-05 -8.544246e-06 0.0004178792)
(0.0001431767 -7.123309e-05 0.0008176122)
(0.0001503335 -7.292199e-05 0.0005882546)
(0.0001508364 -6.989594e-05 0.0006579612)
(0.0001515833 -6.730706e-05 0.0006747219)
(0.0001635616 -6.806142e-05 0.0005800778)
(0.001499648 -0.0005256441 0.001693156)
(0.001512516 -0.0005256055 0.0005770044)
(1.504653e-05 -1.681875e-05 0.0005993304)
(1.585556e-05 -1.289276e-05 0.0004760638)
(0.0001432243 -0.0001086082 0.000933197)
(0.0001503861 -0.0001115972 0.0006707047)
(0.0001508878 -0.0001077401 0.000750045)
(0.0001516436 -0.0001044751 0.0007689563)
(0.0001636281 -0.0001067982 0.0006600794)
(0.001500262 -0.0008496367 0.001942751)
(0.001513262 -0.0008515241 0.0007484436)
(0.001515428 -0.0006796958 0.001409007)
(1.58664e-05 -2.086376e-05 0.0005488731)
(0.0001432916 -0.0001799697 0.001076872)
(0.0001504522 -0.0001866475 0.0007733806)
(0.0001509542 -0.000183062 0.0008642968)
(0.0001517066 -0.0001803456 0.000886098)
(0.000163706 -0.0001888858 0.0007597679)
(0.00150103 -0.001588956 0.002254601)
(0.00151427 -0.001705172 0.0009712563)
(0.001516684 -0.001795468 0.001805183)
(0.00153288 -0.001951731 0.002676737)
(0.0001433299 -0.0002035408 0.001218715)
(0.0001504694 -0.0002119611 0.0008683358)
(0.0001509663 -0.0002092346 0.0009678559)
(0.0001517154 -0.0002074163 0.0009854799)
(0.0001637098 -0.0002192812 0.0008459242)
(0.001501218 -0.001887086 0.00235182)
(0.001514639 -0.002039335 0.0003623625)
(0.001517262 -0.002231248 0.0009037557)
(0.001519839 -0.002497132 0.0005192261)
(0.001511739 -0.003267185 0.0002883648)
(0.0001504967 -0.0001676528 0.0009415116)
(0.0001509783 -0.0001659214 0.001048355)
(0.0001517259 -0.0001647135 0.001066064)
(0.000163714 -0.0001745162 0.0009147792)
(0.001501206 -0.001516925 0.002518968)
(0.001514675 -0.001586382 0.0003028935)
(0.001517238 -0.001606889 0.0008553422)
(0.001519674 -0.001660354 0.0004155572)
(0.001508202 -0.001712903 0.0002252711)
(0.0001509658 -0.0001265929 0.00109538)
(0.0001517009 -0.0001262215 0.0011129)
(0.0001636908 -0.0001344323 0.0009549286)
(0.001500897 -0.001184635 0.002605398)
(0.001514216 -0.001230784 0.0002299458)
(0.001516704 -0.001245633 0.0007758083)
(0.001518899 -0.001280091 0.0002913752)
(0.001507196 -0.001310005 0.00015506)
(0.0001516787 -7.442435e-05 0.00113599)
(0.0001636532 -7.950007e-05 0.0009748889)
(0.001500592 -0.0007051263 0.002654461)
(0.001513796 -0.0007255533 0.0002189283)
(0.001516116 -0.0007254678 0.0007718115)
(0.001518241 -0.0007343856 0.0002776466)
(0.001506341 -0.0007354282 0.0001489134)
(0.0001635649 -2.739833e-05 0.0009805895)
(0.001497237 -0.0002435099 0.00266558)
(0.001510437 -0.0002472722 0.000212979)
(0.001512641 -0.0002496025 0.0007658772)
(0.00151462 -0.0002518485 0.0002695837)
(0.00150275 -0.0002527746 0.0001456713)
(1.489092e-05 3.298092e-06 0.0001591826)
(1.488499e-05 9.760713e-06 0.0001571724)
(1.50805e-05 9.723932e-06 0.0004465257)
(1.487758e-05 1.717685e-05 0.0001532279)
(1.507395e-05 1.706158e-05 0.0004347331)
(1.5091e-05 1.635452e-05 0.0006018748)
(1.48697e-05 2.411656e-05 0.0001463447)
(1.506657e-05 2.384282e-05 0.0004141953)
(1.508389e-05 2.260564e-05 0.0005724132)
(1.510533e-05 2.116923e-05 0.0008956963)
(1.486131e-05 3.161813e-05 0.0001355852)
(1.505607e-05 3.117697e-05 0.0003818295)
(1.50736e-05 2.938132e-05 0.000526021)
(1.50951e-05 2.7292e-05 0.0008214937)
(1.59096e-05 2.419681e-05 0.0006542883)
(1.484989e-05 3.046799e-05 0.0001215397)
(1.50471e-05 2.985698e-05 0.0003394919)
(1.506311e-05 2.777156e-05 0.0004650396)
(1.508432e-05 2.534658e-05 0.0007238976)
(1.589862e-05 2.143856e-05 0.0005756737)
(0.000143608 0.0001851401 0.001128999)
(1.483698e-05 2.184194e-05 0.0001073387)
(1.502974e-05 2.118947e-05 0.0002967005)
(1.504827e-05 1.925858e-05 0.0004034703)
(1.506847e-05 1.701964e-05 0.000625032)
(1.588206e-05 1.311105e-05 0.0004963431)
(0.0001434589 0.0001105118 0.0009721144)
(0.0001506296 0.0001135233 0.0006984332)
(1.482432e-05 1.531389e-05 9.572677e-05)
(1.501702e-05 1.478235e-05 0.0002615263)
(1.503295e-05 1.333367e-05 0.0003529568)
(1.505507e-05 1.16413e-05 0.0005440777)
(1.586743e-05 8.631998e-06 0.0004312262)
(0.0001433242 7.196548e-05 0.0008437508)
(0.000150488 7.360706e-05 0.0006068356)
(0.0001509918 7.056568e-05 0.0006788563)
(1.480937e-05 8.628679e-06 8.759337e-05)
(1.500505e-05 8.293108e-06 0.0002370581)
(1.502175e-05 7.397087e-06 0.0003176706)
(1.504271e-05 6.371829e-06 0.0004876162)
(1.585591e-05 4.503954e-06 0.0003859044)
(0.0001432157 3.703224e-05 0.0007540231)
(0.0001503692 3.764762e-05 0.0005429924)
(0.0001508725 3.573937e-05 0.0006077112)
(0.0001516275 3.410073e-05 0.000623526)
(1.480796e-05 2.840295e-06 8.317321e-05)
(1.499431e-05 2.734141e-06 0.0002237953)
(1.50129e-05 2.431781e-06 0.0002987143)
(1.503468e-05 2.086691e-06 0.0004572269)
(1.584735e-05 1.463481e-06 0.0003615793)
(0.0001431483 1.200539e-05 0.0007060662)
(0.0001502936 1.220186e-05 0.0005084849)
(0.0001507901 1.155443e-05 0.0005695293)
(0.0001515444 1.100106e-05 0.000584439)
(0.000163526 1.09414e-05 0.0005034238)
(1.499661e-05 -2.724838e-06 0.000221751)
(1.500659e-05 -2.422398e-06 0.0002958856)
(1.502971e-05 -2.085733e-06 0.0004529897)
(1.584313e-05 -1.460857e-06 0.0003581782)
(0.0001431089 -1.197062e-05 0.000699573)
(0.0001502629 -1.21733e-05 0.0005038667)
(0.0001507546 -1.153523e-05 0.0005639738)
(0.0001515013 -1.097531e-05 0.0005790268)
(0.0001634792 -1.091296e-05 0.0004987535)
(0.001498891 -8.010397e-05 0.001438096)
(1.501232e-05 -7.376634e-06 0.0003092562)
(1.502786e-05 -6.340566e-06 0.0004746068)
(1.58423e-05 -4.475198e-06 0.0003758251)
(0.0001431075 -3.678407e-05 0.0007344888)
(0.0001502603 -3.743797e-05 0.0005288934)
(0.0001507616 -3.554451e-05 0.0005918645)
(0.0001515058 -3.390172e-05 0.000607127)
(0.0001634768 -3.376451e-05 0.0005227494)
(0.00149887 -0.0002497843 0.001514005)
(0.00151167 -0.0002485506 0.0004654274)
(1.503652e-05 -1.15424e-05 0.0005224244)
(1.584537e-05 -8.522914e-06 0.0004142516)
(0.0001431343 -7.103689e-05 0.000810996)
(0.0001502933 -7.269342e-05 0.0005835565)
(0.0001507941 -6.969254e-05 0.000652882)
(0.0001515469 -6.710986e-05 0.0006696011)
(0.000163521 -6.787636e-05 0.00057553)
(0.001499239 -0.0005238527 0.001680213)
(0.001512095 -0.0005238954 0.000573458)
(0.001514147 -0.0004013887 0.001099653)
(1.585446e-05 -1.286326e-05 0.0004725581)
(0.0001431854 -0.0001082876 0.0009261335)
(0.0001503441 -0.0001112463 0.0006660053)
(0.0001508477 -0.000107358 0.0007447464)
(0.0001515995 -0.000104113 0.0007638117)
(0.0001635865 -0.0001064265 0.0006557418)
(0.00149986 -0.0008462822 0.001929981)
(0.001512847 -0.0008486307 0.0007443793)
(0.001515009 -0.0006771384 0.001400872)
(0.00154689 -0.0005283121 0.001841275)
(0.0001432789 -0.000179369 0.001070287)
(0.0001504152 -0.0001859786 0.0007683811)
(0.0001509151 -0.0001823511 0.0008590718)
(0.0001516674 -0.0001796017 0.0008806259)
(0.0001636575 -0.0001880924 0.0007553186)
(0.001500633 -0.001581926 0.002241972)
(0.001513844 -0.001697932 0.0009662282)
(0.001516256 -0.001787937 0.001796114)
(0.001532454 -0.001943314 0.002663771)
(0.004552164 -0.002413494 0.001988664)
(0.0001504546 -0.0002111434 0.0008638324)
(0.0001509323 -0.0002084406 0.0009624861)
(0.0001516803 -0.000206551 0.0009802205)
(0.0001636691 -0.000218319 0.0008412986)
(0.001500782 -0.001878433 0.002339447)
(0.001514221 -0.002030224 0.000360482)
(0.001516798 -0.002221134 0.0008991419)
(0.001519376 -0.002486394 0.0005166876)
(0.001511299 -0.003252717 0.0002869432)
(0.0001509585 -0.0001652325 0.001043345)
(0.0001516918 -0.0001640832 0.00106086)
(0.0001636804 -0.0001737758 0.0009102757)
(0.00150084 -0.001509947 0.002506274)
(0.001514223 -0.001579283 0.0003013647)
(0.001516814 -0.001599629 0.0008511762)
(0.001519181 -0.001652913 0.0004135349)
(0.001507718 -0.001705706 0.0002242367)
(0.0001516786 -0.0001256665 0.001107747)
(0.0001636528 -0.0001338783 0.0009505921)
(0.001500595 -0.001179326 0.002593232)
(0.001513854 -0.001225199 0.0002288157)
(0.001516251 -0.001239929 0.000772132)
(0.001518469 -0.001274287 0.0002900034)
(0.001506681 -0.001304094 0.0001543422)
(0.0001636285 -7.914277e-05 0.0009704115)
(0.001500236 -0.0007020672 0.002642728)
(0.001513509 -0.00072236 0.0002179122)
(0.001515758 -0.0007221519 0.0007681745)
(0.001517785 -0.0007310387 0.0002763554)
(0.001505911 -0.0007321146 0.0001482313)
(0.001497003 -0.0002424002 0.002653369)
(0.001510076 -0.0002462028 0.0002120372)
(0.001512352 -0.0002484805 0.0007624215)
(0.001514263 -0.0002506919 0.0002683314)
(0.001502298 -0.0002516169 0.0001450032)
(1.488439e-05 3.287872e-06 0.0001585614)
(1.508014e-05 3.305171e-06 0.0004506829)
(1.487702e-05 9.728501e-06 0.0001565546)
(1.507425e-05 9.694832e-06 0.0004447128)
(1.509159e-05 9.352915e-06 0.000616206)
(1.486916e-05 1.710985e-05 0.0001525717)
(1.506688e-05 1.70106e-05 0.0004329377)
(1.508523e-05 1.630613e-05 0.0005993414)
(1.510703e-05 1.548481e-05 0.0009387181)
(1.486374e-05 2.403244e-05 0.0001456883)
(1.5059e-05 2.376666e-05 0.0004123232)
(1.507802e-05 2.254355e-05 0.000569905)
(1.510012e-05 2.110939e-05 0.0008917578)
(1.591527e-05 1.91053e-05 0.0007106906)
(1.48531e-05 3.15215e-05 0.0001349311)
(1.505046e-05 3.107624e-05 0.000379969)
(1.506766e-05 2.92987e-05 0.000523414)
(1.508998e-05 2.721705e-05 0.0008175886)
(1.590498e-05 2.411912e-05 0.0006511352)
(0.0001436692 0.0002106459 0.00127679)
(1.484664e-05 3.038476e-05 0.0001208567)
(1.503901e-05 2.97751e-05 0.0003376109)
(1.505865e-05 2.769884e-05 0.0004624676)
(1.507961e-05 2.528291e-05 0.0007197983)
(1.589409e-05 2.137559e-05 0.0005725342)
(0.0001435704 0.0001845854 0.001122619)
(0.0001507465 0.0001914175 0.0008055159)
(1.483399e-05 2.181296e-05 0.0001067153)
(1.502578e-05 2.113759e-05 0.0002947188)
(1.504163e-05 1.922115e-05 0.000400852)
(1.506476e-05 1.69885e-05 0.0006209793)
(1.587784e-05 1.308028e-05 0.0004930355)
(0.0001434214 0.0001102688 0.0009657563)
(0.0001505897 0.0001132505 0.000693691)
(0.0001510917 0.0001093065 0.0007755463)
(1.481686e-05 1.529822e-05 9.507637e-05)
(1.501291e-05 1.476829e-05 0.0002596573)
(1.502881e-05 1.330085e-05 0.0003502122)
(1.504977e-05 1.16229e-05 0.0005399475)
(1.586377e-05 8.612385e-06 0.0004279621)
(0.0001432897 7.183267e-05 0.0008371009)
(0.0001504482 7.346669e-05 0.000602128)
(0.0001509496 7.039588e-05 0.0006735108)
(0.0001517038 6.779825e-05 0.0006908152)
(1.481127e-05 8.618014e-06 8.690867e-05)
(1.499801e-05 8.288527e-06 0.0002350976)
(1.501696e-05 7.392305e-06 0.000314993)
(1.503858e-05 6.358826e-06 0.0004833559)
(1.585131e-05 4.495049e-06 0.0003825884)
(0.0001431852 3.696014e-05 0.0007475859)
(0.0001503342 3.76093e-05 0.0005380881)
(0.0001508306 3.567517e-05 0.0006024094)
(0.000151584 3.402492e-05 0.0006180543)
(0.0001635688 3.392664e-05 0.0005320362)
(1.499616e-05 2.726619e-06 0.0002217542)
(1.500665e-05 2.433206e-06 0.0002959111)
(1.502998e-05 2.085414e-06 0.0004529867)
(1.58431e-05 1.45971e-06 0.0003581742)
(0.0001431086 1.19785e-05 0.0006995837)
(0.0001502629 1.21807e-05 0.0005038741)
(0.0001507546 1.154167e-05 0.0005639824)
(0.0001515015 1.098095e-05 0.0005790367)
(0.0001634793 1.091403e-05 0.0004987548)
(0.001498892 8.010502e-05 0.001438097)
(1.500811e-05 -2.424918e-06 0.0002929944)
(1.502415e-05 -2.077361e-06 0.0004485171)
(1.583847e-05 -1.457748e-06 0.0003547933)
(0.0001430708 -1.195362e-05 0.0006929285)
(0.0001502217 -1.214466e-05 0.0004992656)
(0.0001507228 -1.151277e-05 0.000558856)
(0.0001514654 -1.096036e-05 0.000573402)
(0.0001634332 -1.088632e-05 0.000494135)
(0.001498472 -7.98467e-05 0.001425023)
(0.001511242 -7.962351e-05 0.0004121729)
(1.502883e-05 -6.337486e-06 0.0004700868)
(1.583748e-05 -4.463932e-06 0.0003722031)
(0.0001430647 -3.669818e-05 0.0007278651)
(0.0001502205 -3.734754e-05 0.0005242192)
(0.0001507205 -3.54565e-05 0.0005867559)
(0.0001514717 -3.382039e-05 0.0006019772)
(0.0001634373 -3.369971e-05 0.0005180353)
(0.001498461 -0.0002490067 0.001500981)
(0.001511245 -0.0002478265 0.0004622288)
(0.001513248 -0.000177702 0.0009121207)
(1.584416e-05 -8.505598e-06 0.0004106913)
(0.0001430936 -7.084341e-05 0.0008039102)
(0.0001502493 -7.248734e-05 0.0005788549)
(0.0001507541 -6.946539e-05 0.0006476634)
(0.0001515048 -6.690454e-05 0.0006644431)
(0.0001634812 -6.766148e-05 0.0005711592)
(0.001498854 -0.00052194 0.001667291)
(0.001511686 -0.0005222603 0.0005699388)
(0.001513728 -0.0003999474 0.001092382)
(0.001555157 -0.0002985063 0.001240693)
(0.0001431716 -0.0001080093 0.0009192794)
(0.0001503035 -0.0001109093 0.0006609836)
(0.0001508062 -0.0001070059 0.0007395303)
(0.0001515595 -0.000103732 0.0007584257)
(0.0001635398 -0.0001060371 0.0006513522)
(0.001499475 -0.0008428129 0.001917485)
(0.001512443 -0.0008454611 0.0007401778)
(0.001514593 -0.0006746088 0.001392954)
(0.001546464 -0.0005262746 0.001831446)
(0.008000005 -2.554294e-05 0.001314208)
(0.0001504006 -0.0001853425 0.0007636886)
(0.000150878 -0.0001816756 0.0008535168)
(0.0001516285 -0.0001788867 0.0008753091)
(0.0001636156 -0.0001872905 0.0007506512)
(0.001500215 -0.001574757 0.002228981)
(0.001513445 -0.001690535 0.0009612057)
(0.001515839 -0.001779897 0.001786623)
(0.001532027 -0.001934947 0.002650995)
(0.004550867 -0.002402576 0.001979091)
(1.026474 -0.001279738 0.005718844)
(0.0001509157 -0.0002076162 0.0009574934)
(0.0001516458 -0.0002057452 0.000974782)
(0.0001636312 -0.0002173841 0.0008368081)
(0.00150041 -0.001869655 0.002326689)
(0.001513775 -0.002020998 0.0003585646)
(0.001516384 -0.00221089 0.0008945176)
(0.001518915 -0.002474949 0.000514032)
(0.001510841 -0.003238351 0.000285543)
(0.000151671 -0.0001633929 0.001055788)
(0.0001636431 -0.0001730852 0.0009058301)
(0.001500518 -0.001503168 0.002493928)
(0.001513854 -0.001572106 0.0002998015)
(0.001516369 -0.00159229 0.0008469425)
(0.001518758 -0.001645388 0.000411493)
(0.001507233 -0.001697987 0.0002231462)
(0.0001636282 -0.0001332842 0.0009461899)
(0.001500242 -0.00117418 0.002581476)
(0.001513556 -0.001219768 0.0002277111)
(0.001515887 -0.001234175 0.0007683625)
(0.001518016 -0.001268416 0.0002886134)
(0.001506255 -0.001298144 0.0001536157)
(0.001499999 -0.0006988835 0.002630603)
(0.00151315 -0.0007192558 0.0002169284)
(0.001515463 -0.0007189128 0.0007646597)
(0.001517426 -0.000727679 0.0002750442)
(0.00150546 -0.0007287639 0.0001475422)
(0.001509843 -0.0002450816 0.0002110603)
(0.001511993 -0.0002473888 0.0007590526)
(0.001513973 -0.00024956 0.0002671148)
(0.001501944 -0.0002504548 0.0001443292)
(1.48761e-05 3.275889e-06 0.0001579386)
(1.507367e-05 3.294798e-06 0.0004488671)
(1.509124e-05 3.20313e-06 0.0006221747)
(1.486833e-05 9.688117e-06 0.0001558825)
(1.50664e-05 9.662656e-06 0.0004429033)
(1.508558e-05 9.323937e-06 0.0006136683)
(1.510762e-05 8.925495e-06 0.0009616243)
(1.486358e-05 1.704895e-05 0.0001519001)
(1.505859e-05 1.694421e-05 0.0004310121)
(1.507848e-05 1.625568e-05 0.0005968218)
(1.510149e-05 1.543648e-05 0.0009347843)
(1.591695e-05 1.445248e-05 0.0007451846)
(1.48563e-05 2.395681e-05 0.0001450198)
(1.50531e-05 2.368321e-05 0.0004103877)
(1.507085e-05 2.246917e-05 0.0005672725)
(1.509446e-05 2.10475e-05 0.0008878558)
(1.591015e-05 1.904096e-05 0.0007075663)
(0.0001437196 0.0001671409 0.00138773)
(1.485065e-05 3.142872e-05 0.0001342355)
(1.504241e-05 3.097978e-05 0.000378035)
(1.506228e-05 2.920082e-05 0.0005207871)
(1.50843e-05 2.713457e-05 0.0008135187)
(1.589986e-05 2.40385e-05 0.000648034)
(0.0001436274 0.0002099353 0.001270658)
(0.0001508107 0.0002186121 0.0009050277)
(1.484453e-05 3.031737e-05 0.0001202299)
(1.503568e-05 2.969212e-05 0.0003355759)
(1.505114e-05 2.761898e-05 0.0004598064)
(1.507525e-05 2.521101e-05 0.0007157675)
(1.588938e-05 2.130575e-05 0.0005692732)
(0.0001435294 0.0001840078 0.001116479)
(0.0001507068 0.0001908296 0.0008009717)
(0.0001512089 0.000187151 0.0008947738)
(1.482638e-05 2.178004e-05 0.0001060625)
(1.502272e-05 2.110829e-05 0.0002928593)
(1.503771e-05 1.917189e-05 0.0003980339)
(1.505862e-05 1.695171e-05 0.0006168651)
(1.587383e-05 1.304537e-05 0.0004898056)
(0.0001433832 0.0001099818 0.0009592976)
(0.0001505501 0.0001129905 0.000689168)
(0.0001510514 0.0001090265 0.0007702762)
(0.0001518045 0.0001057038 0.0007897316)
(1.481827e-05 1.528031e-05 9.438896e-05)
(1.500561e-05 1.475242e-05 0.0002577067)
(1.502477e-05 1.328608e-05 0.0003475527)
(1.504572e-05 1.15925e-05 0.0005356202)
(1.585886e-05 8.591562e-06 0.0004246678)
(0.0001432561 7.165141e-05 0.0008307147)
(0.0001504117 7.332284e-05 0.0005974043)
(0.0001509095 7.02489e-05 0.0006682878)
(0.0001516615 6.762524e-05 0.0006853879)
(0.0001636518 6.842729e-05 0.0005892667)
(1.499956e-05 8.27803e-06 0.0002330423)
(1.501039e-05 7.387238e-06 0.0003121969)
(1.5034e-05 6.353328e-06 0.0004791364)
(1.584714e-05 4.482983e-06 0.0003791862)
(0.0001431444 3.687809e-05 0.0007411062)
(0.0001503017 3.753263e-05 0.0005335177)
(0.000150795 3.56302e-05 0.0005969637)
(0.0001515421 3.395835e-05 0.0006126767)
(0.0001635222 3.384358e-05 0.0005273629)
(0.00149929 0.00025059 0.001527141)
(1.500772e-05 2.426415e-06 0.0002929989)
(1.50242e-05 2.086083e-06 0.0004485579)
(1.583861e-05 1.457664e-06 0.0003547908)
(0.0001430706 1.194464e-05 0.0006929202)
(0.0001502214 1.215238e-05 0.0004992733)
(0.0001507228 1.151947e-05 0.0005588643)
(0.0001514654 1.096622e-05 0.0005734106)
(0.0001634334 1.089133e-05 0.0004941434)
(0.001498473 7.985289e-05 0.001425026)
(0.001511243 7.962485e-05 0.0004121731)
(1.502468e-05 -2.078905e-06 0.0004439571)
(1.583351e-05 -1.451875e-06 0.00035122)
(0.0001430298 -1.192525e-05 0.0006862962)
(0.0001501819 -1.212595e-05 0.0004945509)
(0.0001506818 -1.148401e-05 0.0005537476)
(0.0001514327 -1.093697e-05 0.0005682111)
(0.0001633938 -1.086715e-05 0.0004893325)
(0.001498062 -7.959738e-05 0.001412015)
(0.001510818 -7.938913e-05 0.0004091401)
(0.001512801 -5.654512e-05 0.0008223269)
(1.58362e-05 -4.457824e-06 0.0003685968)
(0.0001430225 -3.659926e-05 0.0007207868)
(0.000150176 -3.725728e-05 0.000519516)
(0.0001506808 -3.536533e-05 0.000581565)
(0.0001514305 -3.373138e-05 0.0005967933)
(0.0001633995 -3.360981e-05 0.0005136384)
(0.001498084 -0.0002482144 0.001487699)
(0.001510834 -0.0002471339 0.0004590461)
(0.001512828 -0.0001771254 0.0009053291)
(0.001559864 -0.0001216687 0.0009769125)
(0.0001430788 -7.068059e-05 0.0007969427)
(0.0001502069 -7.228417e-05 0.0005738227)
(0.0001507107 -6.925845e-05 0.0006424466)
(0.0001514648 -6.667829e-05 0.0006591428)
(0.0001634362 -6.74386e-05 0.0005667571)
(0.001498478 -0.0005199088 0.001654845)
(0.001511301 -0.000520518 0.0005663353)
(0.001513318 -0.0003985446 0.00108525)
(0.001554728 -0.0002974068 0.001233103)
(0.01008528 -7.532842e-06 0.0008421705)
(0.0001502877 -0.0001106134 0.0006561092)
(0.0001507658 -0.0001066669 0.0007339516)
(0.0001515183 -0.0001033784 0.0007531245)
(0.0001634971 -0.0001056307 0.0006467561)
(0.001499066 -0.0008392529 0.001904839)
(0.001512057 -0.0008421615 0.0007360186)
(0.001514192 -0.0006718761 0.001384764)
(0.001546042 -0.00052426 0.001821811)
(0.007997718 -2.542355e-05 0.001307236)
(2.194711 -0.001148983 0.003931676)
(0.0001508611 -0.0001810286 0.0008483053)
(0.0001515912 -0.0001782039 0.0008696581)
(0.0001635741 -0.0001865177 0.0007461177)
(0.001499837 -0.001567467 0.002215394)
(0.001513018 -0.001682975 0.000956095)
(0.001515443 -0.001771748 0.001777192)
(0.001531613 -0.00192604 0.002637554)
(0.004549599 -0.002391766 0.001969662)
(1.026182 -0.001273495 0.005691954)
(1.782124 -0.0002372373 0.002020159)
(0.0001516275 -0.0002049128 0.0009697241)
(0.0001635934 -0.0002165018 0.0008321633)
(0.001500065 -0.001861122 0.002314269)
(0.001513401 -0.002011652 0.0003566014)
(0.001515948 -0.002200498 0.0008897711)
(0.001518501 -0.002463383 0.0005113761)
(0.001510385 -0.003223086 0.0002840765)
(0.0001636193 -0.000172343 0.0009014978)
(0.001500165 -0.001496631 0.002481768)
(0.001513534 -0.001565137 0.0002982667)
(0.001516 -0.001584859 0.0008425899)
(0.001518314 -0.001637777 0.0004094164)
(0.001506814 -0.00169019 0.0002220442)
(0.001500002 -0.001168853 0.00256953)
(0.001513201 -0.001214519 0.0002266375)
(0.001515581 -0.001228574 0.0007647252)
(0.001517653 -0.001262487 0.0002871901)
(0.001505808 -0.001292121 0.0001528803)
(0.001512915 -0.0007160011 0.0002159172)
(0.001515104 -0.0007157639 0.0007612313)
(0.00151713 -0.0007243982 0.0002737745)
(0.001505104 -0.0007253949 0.000146842)
(0.001511756 -0.0002462561 0.0007555615)
(0.001513614 -0.0002484578 0.0002659293)
(0.001501655 -0.0002493187 0.000143675)
(1.486738e-05 3.262374e-06 0.0001572603)
(1.506551e-05 3.282771e-06 0.0004470451)
(1.508503e-05 3.192772e-06 0.0006196349)
(1.510728e-05 3.031752e-06 0.0009711728)
(1.486312e-05 9.652872e-06 0.0001552029)
(1.505785e-05 9.622651e-06 0.0004409347)
(1.507814e-05 9.292361e-06 0.0006111331)
(1.510187e-05 8.896595e-06 0.0009576901)
(1.591754e-05 8.486071e-06 0.0007635365)
(1.485663e-05 1.698953e-05 0.0001512203)
(1.505304e-05 1.688346e-05 0.0004290381)
(1.507067e-05 1.619166e-05 0.0005941198)
(1.509509e-05 1.538648e-05 0.0009308737)
(1.591158e-05 1.440122e-05 0.0007420678)
(0.0001437345 0.0001273759 0.001455367)
(1.485408e-05 2.388546e-05 0.0001443129)
(1.504577e-05 2.360765e-05 0.0004084196)
(1.50652e-05 2.238845e-05 0.0005645481)
(1.508776e-05 2.097498e-05 0.0008837596)
(1.590464e-05 1.897561e-05 0.0007044723)
(0.000143674 0.0001665575 0.001381661)
(0.0001508635 0.0001736844 0.0009826813)
(1.484906e-05 3.134248e-05 0.0001336002)
(1.503986e-05 3.088677e-05 0.0003759731)
(1.505477e-05 2.910634e-05 0.0005180601)
(1.507917e-05 2.703971e-05 0.0008094178)
(1.589444e-05 2.395109e-05 0.0006448019)
(0.0001435817 0.0002092044 0.001264608)
(0.0001507668 0.0002178626 0.0009006778)
(0.0001512729 0.0002151253 0.001003169)
(1.483742e-05 3.024814e-05 0.0001195698)
(1.503346e-05 2.962433e-05 0.000333714)
(1.504777e-05 2.753778e-05 0.0004569208)
(1.50684e-05 2.513324e-05 0.0007115991)
(1.588498e-05 2.12309e-05 0.0005660661)
(0.0001434873 0.0001833722 0.001110117)
(0.0001506638 0.0001902198 0.0007965961)
(0.0001511686 0.0001865518 0.0008897218)
(0.0001519223 0.0001837241 0.0009116449)
(1.482806e-05 2.175461e-05 0.0001053733)
(1.501528e-05 2.107531e-05 0.0002909075)
(1.503457e-05 1.914212e-05 0.000395394)
(1.505475e-05 1.690525e-05 0.0006124327)
(1.586844e-05 1.300726e-05 0.0004865278)
(0.0001433468 0.0001096624 0.0009529807)
(0.0001505099 0.0001126865 0.000684574)
(0.0001510113 0.0001087577 0.000765256)
(0.0001517637 0.0001054168 0.0007843763)
(0.0001637612 0.0001077788 0.0006734701)
(1.50067e-05 1.473443e-05 0.0002556472)
(1.501798e-05 1.326977e-05 0.0003447745)
(1.504174e-05 1.157678e-05 0.0005314351)
(1.585475e-05 8.564048e-06 0.0004212148)
(0.0001432128 7.146055e-05 0.0008242806)
(0.0001503762 7.313155e-05 0.0005928663)
(0.0001508725 7.009715e-05 0.0006630411)
(0.000151621 6.747212e-05 0.0006800873)
(0.0001636062 6.823704e-05 0.0005846327)
(0.001500067 0.0005274898 0.001706283)
(1.50112e-05 7.377108e-06 0.0003092665)
(1.502796e-05 6.347647e-06 0.0004747232)
(1.584275e-05 4.475453e-06 0.0003758204)
(0.0001431069 3.67715e-05 0.0007344484)
(0.000150259 3.744602e-05 0.0005289176)
(0.0001507617 3.555147e-05 0.0005918903)
(0.0001515059 3.390741e-05 0.0006071511)
(0.0001634771 3.376867e-05 0.0005227733)
(0.001498872 0.0002497912 0.001514016)
(0.001511671 0.0002485518 0.0004654279)
(1.502437e-05 2.080095e-06 0.0004439647)
(1.583353e-05 1.456602e-06 0.0003512529)
(0.0001430308 1.192495e-05 0.0006862917)
(0.0001501817 1.211707e-05 0.0004945448)
(0.0001506815 1.149102e-05 0.0005537559)
(0.0001514327 1.094305e-05 0.0005682196)
(0.0001633939 1.087255e-05 0.0004893399)
(0.001498062 7.961978e-05 0.001412038)
(0.001510818 7.939592e-05 0.0004091412)
(0.001512801 5.654589e-05 0.0008223273)
(1.583199e-05 -1.451371e-06 0.0003475807)
(0.0001429865 -1.187707e-05 0.0006793108)
(0.0001501392 -1.209618e-05 0.0004898434)
(0.0001506421 -1.146395e-05 0.0005485129)
(0.0001513917 -1.090807e-05 0.0005630289)
(0.0001633573 -1.084069e-05 0.0004849)
(0.001497687 -7.935241e-05 0.001398536)
(0.001510403 -7.916324e-05 0.0004061156)
(0.001512381 -5.636188e-05 0.0008157722)
(0.001562028 -3.852735e-05 0.0008542726)
(0.0001430071 -3.653911e-05 0.0007137247)
(0.0001501321 -3.715445e-05 0.0005144928)
(0.000150637 -3.527457e-05 0.000576347)
(0.0001513909 -3.363942e-05 0.0005915245)
(0.0001633555 -3.351293e-05 0.0005092129)
(0.001497717 -0.0002473331 0.001475282)
(0.001510457 -0.0002464657 0.0004557864)
(0.001512418 -0.0001765676 0.0008986544)
(0.001559433 -0.0001212703 0.0009701824)
(0.01130441 -1.680232e-06 0.0006588877)
(0.0001501901 -7.211111e-05 0.0005688727)
(0.0001506688 -6.905448e-05 0.0006368573)
(0.000151422 -6.647028e-05 0.0006538462)
(0.0001633935 -6.719757e-05 0.0005622327)
(0.001498078 -0.0005178211 0.001642306)
(0.001510926 -0.0005186232 0.0005628156)
(0.001512929 -0.0003970473 0.001077957)
(0.001554308 -0.0002963363 0.001225654)
(0.01008242 -7.492792e-06 0.0008370085)
(2.901442 -0.0007629853 0.002016999)
(0.0001507479 -0.0001063638 0.0007285407)
(0.0001514782 -0.000103037 0.0007474554)
(0.0001634535 -0.0001052494 0.0006422341)
(0.001498685 -0.0008356053 0.001891631)
(0.001511641 -0.0008387554 0.0007317998)
(0.001513805 -0.0006690632 0.001376706)
(0.001545636 -0.0005220883 0.001811762)
(0.00799549 -2.531794e-05 0.001300408)
(2.194086 -0.001142189 0.003911442)
(4.124032 -0.00112439 0.002233283)
(0.0001515722 -0.0001775456 0.0008643548)
(0.0001635338 -0.0001857741 0.0007412975)
(0.001499468 -0.001560397 0.002202154)
(0.001512636 -0.001675295 0.0009508533)
(0.00151503 -0.001763447 0.001767568)
(0.001531216 -0.001917042 0.002624139)
(0.004548352 -0.002380308 0.001959731)
(1.025897 -0.001268132 0.005665669)
(1.781626 -0.0002355667 0.002009929)
(2.230203 -0.0001999563 0.001193212)
(0.0001635714 -0.0002155969 0.0008278433)
(0.001499706 -0.001852821 0.002301467)
(0.001513052 -0.002002561 0.0003546677)
(0.001515574 -0.002189935 0.0008848794)
(0.001518068 -0.002451643 0.0005086634)
(0.001509976 -0.003207714 0.0002826097)
(0.001499918 -0.001489903 0.002469899)
(0.00151318 -0.001558471 0.0002967454)
(0.001515674 -0.001577629 0.0008383622)
(0.001517945 -0.001630065 0.0004072847)
(0.001506377 -0.001682296 0.0002209241)
(0.001512964 -0.001209034 0.0002255517)
(0.001515224 -0.00122313 0.0007611739)
(0.001517345 -0.001256715 0.0002858122)
(0.001505448 -0.001286033 0.0001521265)
(0.001514863 -0.000712499 0.0007577095)
(0.001516771 -0.0007212063 0.0002725344)
(0.001504808 -0.0007221067 0.000146165)
(0.001513375 -0.000247317 0.0002647047)
(0.001501299 -0.0002482119 0.0001430368)
(1.486227e-05 3.250068e-06 0.0001565769)
(1.505692e-05 3.269239e-06 0.00044506)
(1.507732e-05 3.18102e-06 0.000617084)
(1.510136e-05 3.021612e-06 0.0009672385)
(1.5917e-05 2.971589e-06 0.0007712001)
(1.485687e-05 9.617265e-06 0.0001545151)
(1.505264e-05 9.587434e-06 0.0004389415)
(1.507007e-05 9.253822e-06 0.0006083745)
(1.50949e-05 8.865621e-06 0.0009537609)
(1.591202e-05 8.455523e-06 0.0007604218)
(0.0001437397 7.508231e-05 0.001491377)
(1.485454e-05 1.694058e-05 0.0001505093)
(1.504616e-05 1.682406e-05 0.0004270429)
(1.50653e-05 1.613224e-05 0.0005913477)
(1.508781e-05 1.532502e-05 0.0009266794)
(1.590558e-05 1.434912e-05 0.0007389704)
(0.0001436868 0.0001269124 0.001449316)
(0.000150879 0.0001326823 0.001029919)
(1.48537e-05 2.381344e-05 0.0001436655)
(1.504343e-05 2.3536e-05 0.0004063332)
(1.505827e-05 2.231424e-05 0.000561781)
(1.508239e-05 2.089716e-05 0.00087952)
(1.589853e-05 1.890237e-05 0.0007012244)
(0.0001436249 0.0001659669 0.001375634)
(0.0001508158 0.0001730711 0.0009783775)
(0.0001513256 0.0001712813 0.00108897)
(1.48437e-05 3.126708e-05 0.0001329317)
(1.503814e-05 3.080025e-05 0.0003740952)
(1.505207e-05 2.901433e-05 0.0005151465)
(1.507227e-05 2.694726e-05 0.0008051625)
(1.588956e-05 2.385659e-05 0.0006415447)
(0.0001435337 0.000208414 0.001258315)
(0.000150719 0.0002170938 0.0008963853)
(0.0001512289 0.0002143677 0.0009983426)
(0.0001519865 0.0002124755 0.001015989)
(1.484007e-05 3.020342e-05 0.0001188861)
(1.502649e-05 2.955482e-05 0.0003317485)
(1.504536e-05 2.747014e-05 0.0004542854)
(1.506498e-05 2.505382e-05 0.0007070749)
(1.587916e-05 2.115245e-05 0.0005627504)
(0.0001434479 0.0001826974 0.00110385)
(0.0001506196 0.0001895507 0.0007920638)
(0.0001511254 0.0001859344 0.0008848631)
(0.0001518815 0.0001831135 0.0009065034)
(0.0001638892 0.0001917624 0.000777109)
(1.501663e-05 2.104937e-05 0.0002888491)
(1.502765e-05 1.910925e-05 0.00039262)
(1.505151e-05 1.687478e-05 0.0006082879)
(1.586444e-05 1.296341e-05 0.0004829952)
(0.0001432999 0.0001093188 0.0009465832)
(0.0001504716 0.0001123503 0.0006800791)
(0.0001509709 0.0001084481 0.0007601515)
(0.0001517231 0.0001051397 0.0007792753)
(0.0001637167 0.0001074606 0.0006688991)
(0.001501098 0.0008558667 0.001968413)
(1.50184e-05 1.325165e-05 0.0003418424)
(1.503553e-05 1.155986e-05 0.0005270576)
(1.58507e-05 8.545085e-06 0.0004178787)
(0.0001431759 7.121908e-05 0.0008175257)
(0.0001503312 7.293045e-05 0.0005882946)
(0.0001508365 6.990333e-05 0.0006580034)
(0.0001515835 6.731308e-05 0.0006747587)
(0.0001635622 6.806368e-05 0.0005801099)
(0.001499651 0.0005256535 0.001693173)
(0.001512518 0.0005256066 0.0005770052)
(1.502792e-05 6.337844e-06 0.0004701046)
(1.583752e-05 4.467794e-06 0.0003722966)
(0.000143068 3.670039e-05 0.000727857)
(0.0001502199 3.733518e-05 0.0005241904)
(0.0001507193 3.546384e-05 0.000586782)
(0.0001514717 3.382674e-05 0.0006020035)
(0.0001634374 3.370506e-05 0.000518056)
(0.001498463 0.0002490277 0.001501047)
(0.001511247 0.000247834 0.0004622322)
(0.001513249 0.0001777028 0.000912122)
(1.583182e-05 1.451882e-06 0.000347587)
(0.0001429866 1.191226e-05 0.0006793739)
(0.0001501402 1.209594e-05 0.0004898404)
(0.0001506419 1.145586e-05 0.0005485062)
(0.0001513914 1.091445e-05 0.0005630372)
(0.0001633573 1.084627e-05 0.0004849073)
(0.001497687 7.938148e-05 0.001398556)
(0.001510403 7.919134e-05 0.0004061194)
(0.001512381 5.636608e-05 0.0008157742)
(0.001562028 3.852791e-05 0.000854273)
(0.0001429693 -1.186891e-05 0.0006721814)
(0.0001500942 -1.204715e-05 0.0004848869)
(0.0001505998 -1.143403e-05 0.0005432905)
(0.000151352 -1.088678e-05 0.000557718)
(0.0001633133 -1.080951e-05 0.000480475)
(0.001497325 -7.907999e-05 0.001386068)
(0.001510028 -7.895986e-05 0.0004030113)
(0.00151197 -5.618397e-05 0.0008093185)
(0.001561596 -3.840146e-05 0.0008479385)
(0.01187116 -6.562169e-07 0.0005742829)
(0.0001501147 -3.708963e-05 0.0005094789)
(0.0001505937 -3.517312e-05 0.0005707686)
(0.0001513476 -3.354808e-05 0.0005862301)
(0.000163313 -3.341325e-05 0.0005047142)
(0.001497321 -0.0002464162 0.001462782)
(0.001510092 -0.000245676 0.0004526547)
(0.001512035 -0.0001759982 0.0008917843)
(0.001559012 -0.0001208858 0.0009635745)
(0.01130123 -1.667606e-06 0.0006543283)
(3.314519 -0.0003707012 0.001487874)
(0.0001506498 -6.887747e-05 0.0006313641)
(0.0001513804 -6.626528e-05 0.0006481714)
(0.0001633484 -6.69731e-05 0.0005577134)
(0.001497696 -0.0005156639 0.001629435)
(0.00151052 -0.000516669 0.000559256)
(0.001512549 -0.0003954686 0.001070888)
(0.001553909 -0.0002951937 0.001217962)
(0.01007965 -7.46853e-06 0.0008319506)
(2.900624 -0.0007574401 0.002004576)
(5.635441 -0.001035356 0.001561199)
(0.0001514582 -0.000102727 0.0007419579)
(0.0001634107 -0.00010488 0.0006373959)
(0.001498303 -0.0008320946 0.001878597)
(0.001511255 -0.0008352462 0.0007274683)
(0.0015134 -0.0006661801 0.00136853)
(0.00154524 -0.000519862 0.001801827)
(0.007993259 -2.519751e-05 0.001293277)
(2.193478 -0.00113804 0.003892186)
(4.12288 -0.001116433 0.002220548)
(5.352036 -0.000821748 0.00177281)
(0.0001635104 -0.0001850512 0.0007367744)
(0.001499098 -0.001553477 0.002188172)
(0.00151226 -0.001667854 0.0009457131)
(0.00151465 -0.001754994 0.00175764)
(0.001530807 -0.001907881 0.002610483)
(0.004547133 -0.002368794 0.001949815)
(1.025613 -0.001261817 0.005637736)
(1.781143 -0.0002352471 0.002001133)
(2.22959 -0.0001983052 0.00118684)
(2.486943 -0.0001155836 0.0007912107)
(0.001499454 -0.001844447 0.002289524)
(0.001512694 -0.001993772 0.0003527156)
(0.001515225 -0.002179653 0.0008801165)
(0.001517694 -0.002439698 0.0005058755)
(0.001509549 -0.003192099 0.0002811117)
(0.00151294 -0.001551537 0.0002952419)
(0.001515316 -0.001570623 0.0008341518)
(0.001517618 -0.001622558 0.0004052094)
(0.001506011 -0.001674291 0.0002197735)
(0.001514979 -0.001217523 0.0007575908)
(0.001516987 -0.001251094 0.0002844601)
(0.001505141 -0.001280104 0.0001513981)
(0.001516529 -0.0007179052 0.0002712659)
(0.001504453 -0.0007189056 0.0001455033)
(0.001501062 -0.0002470693 0.000142377)
(1.485639e-05 3.237573e-06 0.0001558851)
(1.50518e-05 3.256831e-06 0.0004430577)
(1.506921e-05 3.167861e-06 0.0006143042)
(1.509415e-05 3.010365e-06 0.0009632878)
(1.591137e-05 2.960682e-06 0.0007680864)
(0.0001437119 2.606782e-05 0.001506366)
(1.485491e-05 9.592722e-06 0.0001538098)
(1.504641e-05 9.551853e-06 0.0004369271)
(1.506498e-05 9.21924e-06 0.0006055796)
(1.508738e-05 8.828667e-06 0.0009494851)
(1.590564e-05 8.42391e-06 0.0007573119)
(0.0001436907 7.480622e-05 0.001485332)
(0.0001508844 7.830265e-05 0.001055357)
(1.485494e-05 1.688384e-05 0.0001498512)
(1.504396e-05 1.677442e-05 0.0004249519)
(1.505873e-05 1.607387e-05 0.0005885489)
(1.508264e-05 1.526698e-05 0.0009223756)
(1.589902e-05 1.428919e-05 0.0007356485)
(0.0001436338 0.0001264427 0.00144329)
(0.0001508292 0.0001321955 0.001025631)
(0.0001513409 0.0001313792 0.001141127)
(1.484916e-05 2.376199e-05 0.0001430041)
(1.504287e-05 2.346397e-05 0.000404428)
(1.505577e-05 2.224305e-05 0.0005588421)
(1.507591e-05 2.08243e-05 0.000875216)
(1.589346e-05 1.882576e-05 0.0006978622)
(0.0001435713 0.0001653104 0.001369317)
(0.0001507646 0.0001724507 0.0009741035)
(0.000151278 0.0001706645 0.001084198)
(0.0001520391 0.0001694696 0.00110197)
(1.484621e-05 3.120663e-05 0.0001322728)
(1.503281e-05 3.072392e-05 0.000372115)
(1.505013e-05 2.892861e-05 0.0005124981)
(1.50694e-05 2.685614e-05 0.0008006119)
(1.588356e-05 2.376255e-05 0.0006381657)
(0.0001434904 0.0002075694 0.001251964)
(0.0001506689 0.0002162632 0.0008919219)
(0.0001511812 0.0002135938 0.0009935855)
(0.0001519422 0.0002117087 0.001011099)
(0.0001639588 0.0002237894 0.0008673554)
(1.502876e-05 2.950828e-05 0.0003297151)
(1.503884e-05 2.740103e-05 0.0004515003)
(1.506235e-05 2.498613e-05 0.0007029501)
(1.587543e-05 2.10716e-05 0.0005591504)
(0.0001433977 0.0001819944 0.001097384)
(0.0001505784 0.0001888424 0.0007875958)
(0.0001510814 0.00018526 0.0008798258)
(0.0001518381 0.000182488 0.0009015592)
(0.0001638445 0.00019109 0.0007727221)
(0.001502311 0.001608715 0.002292522)
(1.502831e-05 1.908232e-05 0.0003896961)
(1.50452e-05 1.684186e-05 0.0006039279)
(1.586083e-05 1.29292e-05 0.000479695)
(0.0001432639 0.0001089305 0.0009396769)
(0.000150423 0.00011199 0.0006755273)
(0.0001509325 0.000108109 0.0007551606)
(0.0001516825 0.0001048245 0.0007740852)
(0.0001636725 0.0001071512 0.0006645473)
(0.001500682 0.0008527456 0.001955346)
(0.001513682 0.0008544641 0.0007525603)
(1.503518e-05 1.154144e-05 0.0005224427)
(1.584537e-05 8.525403e-06 0.0004143864)
(0.0001431396 7.104345e-05 0.0008109969)
(0.0001502925 7.267961e-05 0.000583495)
(0.000150792 6.970035e-05 0.0006529253)
(0.000151547 6.711672e-05 0.000669644)
(0.0001635212 6.788227e-05 0.0005755616)
(0.001499242 0.0005238731 0.001680301)
(0.001512098 0.0005239053 0.0005734639)
(0.001514148 0.0004013893 0.001099655)
(1.58357e-05 4.457876e-06 0.0003686116)
(0.0001430227 3.662808e-05 0.0007209667)
(0.0001501793 3.725949e-05 0.0005195106)
(0.0001506802 3.535424e-05 0.0005815333)
(0.0001514295 3.373807e-05 0.0005968195)
(0.0001633996 3.361569e-05 0.0005136611)
(0.001498084 0.0002482459 0.001487756)
(0.001510836 0.0002471587 0.0004590573)
(0.001512829 0.0001771302 0.0009053355)
(0.001559865 0.0001216692 0.0009769136)
(0.000142968 1.18722e-05 0.0006721925)
(0.0001500944 1.208178e-05 0.0004849314)
(0.0001506007 1.1434e-05 0.000543287)
(0.0001513518 1.087938e-05 0.0005577112)
(0.0001633131 1.081539e-05 0.0004804821)
(0.001497325 7.910947e-05 0.001386088)
(0.001510028 7.899326e-05 0.0004030164)
(0.00151197 5.619986e-05 0.0008093282)
(0.001561596 3.840439e-05 0.0008479406)
(0.01187116 6.562886e-07 0.0005742832)
(0.0001500751 -1.203736e-05 0.0004798268)
(0.0001505555 -1.138753e-05 0.0005377863)
(0.00015131 -1.085667e-05 0.0005524208)
(0.0001632709 -1.078484e-05 0.0004759404)
(0.00149693 -7.879064e-05 0.001373621)
(0.001509669 -7.871925e-05 0.0004000555)
(0.001511589 -5.600906e-05 0.000802631)
(0.001561174 -3.827958e-05 0.0008417135)
(0.01186783 -6.512617e-07 0.0005699986)
(3.506589 -0.0001151588 0.001285461)
(0.0001505741 -3.510543e-05 0.0005652056)
(0.0001513048 -3.344772e-05 0.0005805698)
(0.0001632674 -3.331452e-05 0.0005001957)
(0.001496939 -0.0002454823 0.001450078)
(0.001509692 -0.0002448461 0.0004494964)
(0.001511661 -0.0001753676 0.00088526)
(0.001558615 -0.0001204925 0.0009567469)
(0.01129814 -1.667882e-06 0.0006498596)
(3.313591 -0.0003673121 0.001477241)
(6.543688 -0.0006381043 0.001181592)
(0.0001513593 -6.608444e-05 0.0006425954)
(0.0001633043 -6.675188e-05 0.000552869)
(0.001497306 -0.0005135899 0.001616544)
(0.001510134 -0.0005146202 0.0005556089)
(0.001512151 -0.000393848 0.001063741)
(0.001553516 -0.0002939965 0.001210473)
(0.01007685 -7.433575e-06 0.0008267244)
(2.89983 -0.0007553087 0.001993191)
(5.633879 -0.001026714 0.001550245)
(7.445896 -0.0008601218 0.00160353)
(0.0001633861 -0.0001045374 0.0006327057)
(0.001497924 -0.0008286652 0.001864742)
(0.001510865 -0.0008318911 0.0007231957)
(0.001513018 -0.0006632281 0.001360084)
(0.001544833 -0.0005175823 0.001791737)
(0.007991102 -2.507996e-05 0.001286223)
(2.192864 -0.001132315 0.003871557)
(4.121764 -0.001113231 0.002210826)
(5.350567 -0.000814196 0.001762414)
(6.075614 -0.0004912827 0.001372955)
(0.001498819 -0.001546617 0.002174976)
(0.001511887 -0.001660594 0.0009405038)
(0.001514277 -0.001746777 0.00174795)
(0.001530424 -0.001898544 0.002596475)
(0.00454589 -0.002357082 0.001939722)
(1.025338 -0.001255893 0.005609914)
(1.780655 -0.0002339385 0.001991089)
(2.228996 -0.000198255 0.001181694)
(2.486267 -0.0001142271 0.0007872229)
(2.599542 -5.180507e-05 0.0004995945)
(0.001512452 -0.001984876 0.0003508094)
(0.001514863 -0.002169569 0.00087523)
(0.001517345 -0.002428063 0.0005031517)
(0.001509178 -0.00317618 0.0002795714)
(0.001515062 -0.001563449 0.0008300339)
(0.001517259 -0.00161526 0.0004031324)
(0.001505686 -0.001666496 0.0002186548)
(0.001516741 -0.001245322 0.0002831016)
(0.001504786 -0.001274316 0.0001506833)
(0.001504212 -0.0007156043 0.0001448258)
(1.485451e-05 3.229035e-06 0.0001551835)
(1.504593e-05 3.244235e-06 0.0004410339)
(1.506419e-05 3.155629e-06 0.0006114987)
(1.508658e-05 2.997843e-06 0.0009589823)
(1.590482e-05 2.949211e-06 0.0007649604)
(0.0001436621 2.597047e-05 0.001500324)
(0.0001508537 2.65428e-05 0.001065959)
(1.485486e-05 9.559248e-06 0.0001531453)
(1.504434e-05 9.526622e-06 0.0004348581)
(1.505895e-05 9.184303e-06 0.000602758)
(1.508242e-05 8.794723e-06 0.0009451523)
(1.589886e-05 8.387979e-06 0.0007539279)
(0.0001436347 7.452238e-05 0.001479285)
(0.0001508333 7.801276e-05 0.001051073)
(0.0001513462 7.768954e-05 0.001169311)
(1.485028e-05 1.683808e-05 0.0001491968)
(1.504414e-05 1.671765e-05 0.0004230216)
(1.505635e-05 1.602355e-05 0.0005856108)
(1.507643e-05 1.520965e-05 0.0009180325)
(1.589399e-05 1.423044e-05 0.0007322392)
(0.0001435764 0.0001259093 0.001436834)
(0.0001507739 0.0001317025 0.00102136)
(0.0001512914 0.0001308903 0.001136374)
(0.0001520543 0.0001304701 0.001154017)
(1.484984e-05 2.369699e-05 0.0001423486)
(1.503831e-05 2.341129e-05 0.0004024783)
(1.505484e-05 2.217215e-05 0.0005561635)
(1.507322e-05 2.075345e-05 0.0008706409)
(1.588758e-05 1.875112e-05 0.0006944499)
(0.0001435265 0.0001646272 0.00136277)
(0.0001507089 0.0001717631 0.0009696247)
(0.0001512271 0.0001700416 0.001079463)
(0.0001519917 0.0001688484 0.001097138)
(0.0001640155 0.0001789007 0.0009409424)
(1.503496e-05 3.066154e-05 0.0003701663)
(1.504499e-05 2.885151e-05 0.0005097021)
(1.506721e-05 2.677113e-05 0.0007964823)
(1.588018e-05 2.366751e-05 0.0006345509)
(0.0001434384 0.0002067256 0.001245387)
(0.0001506238 0.0002153791 0.0008874155)
(0.0001511315 0.0002127593 0.0009886349)
(0.0001518946 0.0002109286 0.001006281)
(0.000163911 0.0002229531 0.0008631773)
(0.001503004 0.001919663 0.002398621)
(1.504028e-05 2.73512e-05 0.000448621)
(1.505635e-05 2.491725e-05 0.0006985868)
(1.587221e-05 2.09994e-05 0.0005558711)
(0.0001433637 0.0001812685 0.001090352)
(0.0001505264 0.000188106 0.0007829888)
(0.0001510402 0.0001845495 0.0008748631)
(0.000151794 0.0001818072 0.000896431)
(0.0001637977 0.0001904068 0.0007685055)
(0.00150189 0.001602302 0.002279791)
(0.001515129 0.001718624 0.0009809381)
(1.504506e-05 1.681359e-05 0.0005993362)
(1.585544e-05 1.289367e-05 0.000476221)
(0.000143231 0.0001086175 0.0009332241)
(0.0001503853 0.0001115854 0.0006706157)
(0.0001508847 0.0001077483 0.0007501029)
(0.0001516437 0.0001044824 0.0007690126)
(0.0001636286 0.000106805 0.0006601184)
(0.001500267 0.0008496619 0.00194282)
(0.001513266 0.0008515372 0.0007484525)
(0.00151543 0.0006796963 0.00140901)
(1.584342e-05 8.504912e-06 0.0004107069)
(0.0001430935 7.086212e-05 0.0008041692)
(0.0001502545 7.249384e-05 0.0005788561)
(0.0001507534 6.945294e-05 0.0006475959)
(0.0001515028 6.691177e-05 0.0006644867)
(0.0001634813 6.766804e-05 0.0005711962)
(0.001498855 0.000521981 0.001667379)
(0.001511689 0.00052228 0.0005699565)
(0.00151373 0.0003999544 0.001092393)
(0.001555158 0.0002985068 0.001240694)
(0.0001430034 3.653896e-05 0.0007137504)
(0.0001501323 3.718285e-05 0.0005146197)
(0.0001506399 3.52767e-05 0.0005763407)
(0.0001513904 3.362944e-05 0.0005914924)
(0.0001633545 3.351914e-05 0.000509235)
(0.001497717 0.0002473656 0.001475342)
(0.001510457 0.0002465005 0.0004558022)
(0.001512419 0.0001765826 0.0008986823)
(0.001559434 0.0001212737 0.0009701892)
(0.01130441 1.68029e-06 0.0006588885)
(0.0001500738 1.204059e-05 0.0004798345)
(0.0001505557 1.141818e-05 0.000537836)
(0.0001513109 1.085682e-05 0.0005524173)
(0.0001632707 1.077799e-05 0.0004759346)
(0.001496928 7.882313e-05 0.001373643)
(0.001509669 7.875463e-05 0.0004000601)
(0.001511589 5.602896e-05 0.0008026418)
(0.001561174 3.82904e-05 0.0008417221)
(0.01186783 6.514113e-07 0.0005700001)
(3.506589 0.0001151795 0.001285461)
(0.0001505344 -1.137572e-05 0.0005321727)
(0.0001512663 -1.081236e-05 0.0005468368)
(0.0001632264 -1.075234e-05 0.0004714189)
(0.001496548 -7.852489e-05 0.001360862)
(0.00150927 -7.845832e-05 0.0003970857)
(0.001511218 -5.581472e-05 0.0007963428)
(0.001560777 -3.815949e-05 0.000835265)
(0.01186461 -6.51183e-07 0.0005657963)
(3.505611 -0.0001140012 0.001275419)
(6.970902 -0.0002131388 0.001012478)
(0.0001512832 -3.337734e-05 0.0005749263)
(0.0001632222 -3.320865e-05 0.0004953625)
(0.001496546 -0.0002445633 0.001437287)
(0.001509306 -0.0002439928 0.0004462645)
(0.001511266 -0.0001747128 0.0008786797)
(0.001558224 -0.0001200584 0.0009502115)
(0.01129501 -1.661245e-06 0.0006452388)
(3.312693 -0.0003667834 0.001467777)
(6.541885 -0.0006318758 0.001171288)
(8.731013 -0.0005903512 0.001372159)
(0.0001632787 -6.655231e-05 0.0005481105)
(0.001496919 -0.0005115473 0.001602808)
(0.001509734 -0.0005126692 0.0005519868)
(0.001511768 -0.0003921742 0.001056398)
(0.001553111 -0.0002927685 0.001202889)
(0.01007415 -7.400551e-06 0.0008216356)
(2.89902 -0.0007515882 0.001980844)
(5.632368 -0.001024273 0.00154361)
(7.443865 -0.0008508479 0.001592533)
(8.535292 -0.0005734477 0.001439286)
(0.001497635 -0.0008253274 0.00185126)
(0.001510479 -0.0008286243 0.0007188227)
(0.001512635 -0.0006603797 0.001351791)
(0.001544444 -0.0005152491 0.001781365)
(0.007988878 -2.495678e-05 0.00127906)
(2.192273 -0.001127162 0.003851369)
(4.120621 -0.001107734 0.002199123)
(5.349147 -0.0008127756 0.001754892)
(6.07397 -0.0004845771 0.001365677)
(6.396407 -0.0002646171 0.0009971597)
(0.001511619 -0.001653425 0.0009353769)
(0.001513904 -0.001738675 0.001738002)
(0.001530045 -0.001889456 0.002582797)
(0.00454469 -0.002345123 0.001929371)
(1.025054 -0.001249441 0.00558139)
(1.780186 -0.0002332216 0.001981674)
(2.22839 -0.0001971064 0.001175632)
(2.485615 -0.0001146416 0.0007835552)
(2.598843 -5.070321e-05 0.0004977408)
(2.585661 -2.143544e-05 0.0003092937)
(0.001514598 -0.002159441 0.0008705693)
(0.001516982 -0.002416602 0.0005003795)
(0.001508831 -0.003160663 0.0002780685)
(0.001517001 -0.001607812 0.0004010933)
(0.001505329 -0.001658888 0.0002175341)
(0.00150454 -0.001268396 0.0001499647)
(1.485414e-05 3.217308e-06 0.0001545158)
(1.504393e-05 3.235341e-06 0.0004389782)
(1.505845e-05 3.14322e-06 0.0006086658)
(1.508167e-05 2.986025e-06 0.0009546362)
(1.589795e-05 2.936606e-06 0.0007615541)
(0.0001436046 2.586903e-05 0.001494248)
(0.0001508017 2.644328e-05 0.001061677)
(0.0001513151 2.68243e-05 0.001181054)
(1.484986e-05 9.526967e-06 0.0001524858)
(1.50441e-05 9.493109e-06 0.0004329129)
(1.50567e-05 9.158008e-06 0.0005998559)
(1.507662e-05 8.760443e-06 0.0009407804)
(1.58939e-05 8.353286e-06 0.000750498)
(0.0001435753 7.420273e-05 0.001472712)
(0.000150775 7.771525e-05 0.001046788)
(0.0001512954 7.739858e-05 0.001164565)
(0.0001520595 7.728887e-05 0.001182429)
(1.484936e-05 1.67768e-05 0.0001485289)
(1.503946e-05 1.667122e-05 0.0004210998)
(1.505609e-05 1.596764e-05 0.0005829032)
(1.507386e-05 1.515842e-05 0.0009134701)
(1.588818e-05 1.417173e-05 0.0007287999)
(0.0001435317 0.0001253826 0.001430203)
(0.0001507144 0.0001311451 0.001016786)
(0.0001512366 0.000130396 0.001131644)
(0.000152005 0.0001299784 0.00114921)
(0.0001640317 0.0001384605 0.0009857195)
(1.503875e-05 2.334581e-05 0.0004005488)
(1.505034e-05 2.211762e-05 0.0005534201)
(1.507188e-05 2.068363e-05 0.0008664776)
(1.588436e-05 1.867644e-05 0.0006908214)
(0.000143475 0.0001639563 0.001356136)
(0.0001506621 0.0001710485 0.0009649832)
(0.0001511721 0.0001693544 0.001074498)
(0.0001519409 0.000168222 0.001092347)
(0.0001639648 0.0001782279 0.0009368145)
(0.001503524 0.00154985 0.002577886)
(1.504637e-05 2.8786e-05 0.0005069538)
(1.506228e-05 2.66929e-05 0.000792119)
(1.587736e-05 2.35786e-05 0.0006312733)
(0.0001434073 0.0002058686 0.001238342)
(0.0001505699 0.0002144946 0.0008827519)
(0.0001510868 0.0002118763 0.00098364)
(0.0001518451 0.0002100886 0.001001266)
(0.00016386 0.0002221069 0.0008590633)
(0.001502565 0.001911864 0.002387113)
(0.001516029 0.002064889 0.0003678358)
(1.505684e-05 2.486344e-05 0.000694079)
(1.586697e-05 2.092642e-05 0.0005524)
(0.0001433339 0.0001806147 0.001083947)
(0.0001504908 0.0001873452 0.0007779816)
(0.0001509894 0.0001838133 0.0008697429)
(0.0001517528 0.0001810933 0.0008913797)
(0.0001637505 0.0001896672 0.0007641316)
(0.00150146 0.0015959 0.002267476)
(0.001514709 0.001711931 0.0009760843)
(0.00151711 0.001803031 0.001814444)
(1.585363e-05 1.286042e-05 0.0004725639)
(0.0001431844 0.0001082946 0.000926435)
(0.0001503506 0.0001112556 0.0006660251)
(0.000150847 0.0001073471 0.0007446484)
(0.0001515966 0.0001041207 0.0007638701)
(0.0001635867 0.0001064337 0.0006557901)
(0.001499863 0.0008463362 0.00193009)
(0.001512852 0.0008486534 0.0007444017)
(0.001515012 0.0006771484 0.001400888)
(0.001546892 0.0005283126 0.001841277)
(0.0001430732 7.067487e-05 0.0007969683)
(0.0001502068 7.230267e-05 0.0005740054)
(0.0001507153 6.926439e-05 0.0006424473)
(0.0001514642 6.666706e-05 0.0006590745)
(0.0001634345 6.744547e-05 0.0005667938)
(0.001498479 0.0005199505 0.001654943)
(0.001511303 0.0005205609 0.0005663624)
(0.00151332 0.0003985601 0.001085292)
(0.001554729 0.0002974121 0.001233115)
(0.01008528 7.532878e-06 0.0008421718)
(0.000150111 3.708946e-05 0.0005094965)
(0.0001505939 3.519832e-05 0.0005709101)
(0.0001513502 3.355013e-05 0.0005862237)
(0.0001633126 3.340424e-05 0.0005046869)
(0.001497316 0.0002464513 0.001462851)
(0.001510092 0.0002457139 0.0004526692)
(0.001512036 0.0001760201 0.0008918165)
(0.001559013 0.000120896 0.0009635997)
(0.01130123 1.667711e-06 0.0006543331)
(3.314519 0.0003707175 0.001487875)
(0.0001505333 1.137832e-05 0.0005321816)
(0.0001512664 1.083952e-05 0.0005468871)
(0.0001632271 1.075277e-05 0.0004714159)
(0.001496548 7.848629e-05 0.001360844)
(0.001509268 7.84919e-05 0.0003970923)
(0.001511218 5.583587e-05 0.000796354)
(0.001560777 3.817312e-05 0.0008352755)
(0.01186461 6.519628e-07 0.0005658021)
(3.505611 0.000113992 0.001275423)
(6.970902 0.0002131595 0.001012479)
(0.0001512434 -1.079873e-05 0.0005411436)
(0.0001631803 -1.070817e-05 0.0004666503)
(0.001496158 -7.822289e-05 0.001348111)
(0.001508885 -7.822404e-05 0.0003940348)
(0.001510824 -5.561009e-05 0.0007900289)
(0.001560388 -3.802648e-05 0.0008291516)
(0.01186132 -6.489043e-07 0.0005614388)
(3.504665 -0.0001138747 0.001266687)
(6.968989 -0.0002108945 0.001002277)
(9.341735 -0.0002068426 0.001238243)
(0.000163196 -3.312918e-05 0.0004905453)
(0.001496154 -0.0002436356 0.001423677)
(0.001508904 -0.0002431545 0.0004430429)
(0.001510883 -0.0001740437 0.0008719501)
(0.00155782 -0.0001196078 0.0009436102)
(0.01129201 -1.654825e-06 0.0006408161)
(3.31177 -0.0003651472 0.001457367)
(6.540145 -0.0006308412 0.001166533)
(8.728644 -0.0005831364 0.001360982)
(10.06542 -0.0004279434 0.001355962)
(0.001496621 -0.0005096058 0.001589267)
(0.001509341 -0.0005107474 0.0005482479)
(0.001511379 -0.0003905626 0.00104913)
(0.001552719 -0.0002915013 0.001195101)
(0.01007135 -7.36463e-06 0.0008164838)
(2.898247 -0.0007482828 0.001969155)
(5.630804 -0.001019483 0.00153474)
(7.441906 -0.0008496676 0.001586112)
(8.532996 -0.000564506 0.001430859)
(9.023277 -0.0003401159 0.001166478)
(0.001510202 -0.0008254834 0.0007144979)
(0.001512255 -0.0006575918 0.00134317)
(0.001544053 -0.0005129941 0.001771197)
(0.007986753 -2.483532e-05 0.001271696)
(2.19166 -0.00112119 0.00383051)
(4.119532 -0.001103173 0.002188627)
(5.347679 -0.0008088509 0.00174561)
(6.072386 -0.0004849097 0.001359526)
(6.394697 -0.0002586933 0.0009935133)
(6.357032 -0.0001331773 0.0006884514)
(0.001513596 -0.001730635 0.001728332)
(0.001529667 -0.001880456 0.002568948)
(0.004543454 -0.002333464 0.00191927)
(1.024783 -0.001243331 0.005552428)
(1.779699 -0.0002318771 0.00197112)
(2.227812 -0.0001965815 0.001170281)
(2.484945 -0.0001138934 0.0007794188)
(2.598169 -5.143672e-05 0.0004949035)
(2.58497 -2.049881e-05 0.0003090845)
(2.443351 -7.276361e-06 0.0001822415)
(0.00151671 -0.002405118 0.0004976876)
(0.001508469 -0.003145268 0.0002765369)
(0.001505068 -0.001651154 0.0002164349)
(1.484892e-05 3.205614e-06 0.000153853)
(1.50434e-05 3.223493e-06 0.0004370259)
(1.505626e-05 3.133904e-06 0.000605785)
(1.507609e-05 2.974047e-06 0.0009502502)
(1.589301e-05 2.924278e-06 0.0007581149)
(0.0001435445 2.575781e-05 0.001487633)
(0.000150742 2.633976e-05 0.001057372)
(0.0001512635 2.672259e-05 0.001176311)
(0.0001520267 2.64398e-05 0.001194223)
(1.484843e-05 9.487906e-06 0.0001518055)
(1.50391e-05 9.460754e-06 0.0004309808)
(1.50561e-05 9.124964e-06 0.0005971316)
(1.507416e-05 8.732862e-06 0.0009362814)
(1.588826e-05 8.318253e-06 0.0007470385)
(0.0001435311 7.389111e-05 0.001466044)
(0.0001507133 7.738136e-05 0.001042131)
(0.0001512378 7.710096e-05 0.00115982)
(0.0001520089 7.699638e-05 0.001177629)
(0.0001640371 8.222626e-05 0.001010085)
(1.503841e-05 1.661015e-05 0.0004191402)
(1.505148e-05 1.592055e-05 0.0005802065)
(1.507308e-05 1.510336e-05 0.0009092718)
(1.588507e-05 1.411538e-05 0.0007251857)
(0.0001434804 0.0001248549 0.001423522)
(0.0001506677 0.0001305933 0.001012087)
(0.0001511779 0.0001298411 0.001126576)
(0.0001519506 0.0001294819 0.001144426)
(0.0001639791 0.0001379289 0.0009816116)
(0.001503658 0.00121602 0.00267676)
(1.50503e-05 2.205215e-05 0.0005507082)
(1.506744e-05 2.062681e-05 0.000862211)
(1.588208e-05 1.860448e-05 0.0006875221)
(0.0001434452 0.0001632815 0.001349073)
(0.0001506086 0.0001703453 0.0009602805)
(0.0001511257 0.000168642 0.001069356)
(0.0001518864 0.0001675337 0.00108732)
(0.0001639106 0.0001775509 0.0009327223)
(0.001503069 0.001543648 0.002566607)
(0.001516579 0.001613176 0.0003087147)
(1.506278e-05 2.66236e-05 0.0007878332)
(1.58726e-05 2.349301e-05 0.0006278083)
(0.0001433809 0.0002050666 0.001231954)
(0.0001505371 0.0002135949 0.0008777559)
(0.0001510338 0.0002109911 0.0009784682)
(0.0001518005 0.0002092046 0.0009962068)
(0.0001638072 0.0002211975 0.0008547796)
(0.001502106 0.001904072 0.002375731)
(0.001515587 0.002056618 0.0003660372)
(0.001518176 0.00225021 0.000912658)
(1.586553e-05 2.086063e-05 0.0005488152)
(0.0001432884 0.0001799547 0.001077169)
(0.0001504592 0.0001866579 0.0007734177)
(0.0001509535 0.0001830519 0.0008641812)
(0.0001517029 0.0001803556 0.0008861676)
(0.0001637062 0.0001888962 0.0007598233)
(0.001501034 0.001589051 0.002254723)
(0.001514278 0.001705222 0.0009712855)
(0.001516688 0.001795492 0.001805205)
(0.001532882 0.001951732 0.00267674)
(0.0001431653 0.000107988 0.0009192847)
(0.0001503025 0.0001109163 0.0006611961)
(0.000150812 0.0001070144 0.0007395514)
(0.0001515589 0.000103722 0.0007583266)
(0.0001635372 0.0001060447 0.0006514015)
(0.001499476 0.0008428661 0.001917615)
(0.001512446 0.0008455155 0.0007402174)
(0.001514596 0.0006746289 0.001393)
(0.001546465 0.0005262824 0.001831468)
(0.008000006 2.554296e-05 0.00131421)
(0.0001501846 7.210541e-05 0.0005688899)
(0.0001506686 6.9071e-05 0.0006370613)
(0.0001514261 6.647573e-05 0.0006538468)
(0.000163393 6.718738e-05 0.0005621746)
(0.001498069 0.0005178644 0.001642421)
(0.001510926 0.0005186689 0.0005628411)
(0.00151293 0.0003970778 0.001078011)
(0.00155431 0.0002963476 0.001225694)
(0.01008242 7.49294e-06 0.0008370173)
(2.901442 0.0007629949 0.002017001)
(0.0001505709 3.5105e-05 0.0005652262)
(0.0001513049 3.34701e-05 0.0005807131)
(0.0001632697 3.331662e-05 0.0005001902)
(0.001496937 0.0002454379 0.001449998)
(0.001509686 0.0002448827 0.0004495166)
(0.001511661 0.000175391 0.0008852948)
(0.001558615 0.0001205077 0.0009567797)
(0.01129814 1.668525e-06 0.0006498769)
(3.313591 0.000367308 0.001477253)
(6.543688 0.0006381211 0.001181592)
(0.0001512424 1.080079e-05 0.0005411527)
(0.0001631804 1.073196e-05 0.0004666933)
(0.001496161 7.82331e-05 0.001348104)
(0.001508884 7.818216e-05 0.0003940281)
(0.001510822 5.56307e-05 0.0007900396)
(0.001560388 3.804074e-05 0.0008291628)
(0.01186132 6.490459e-07 0.0005614461)
(3.504665 0.0001141502 0.001266696)
(6.968989 0.0002108746 0.001002279)
(9.341735 0.0002068604 0.001238245)
(0.000163153 -1.06908e-05 0.0004617902)
(0.001495761 -7.789468e-05 0.00133472)
(0.001508487 -7.794958e-05 0.0003910027)
(0.001510441 -5.541896e-05 0.0007835481)
(0.001559984 -3.788664e-05 0.0008229953)
(0.01185818 -6.464876e-07 0.0005573083)
(3.503691 -0.0001135025 0.001256954)
(6.967146 -0.0002105714 0.0009984307)
(9.339211 -0.0002041616 0.001226924)
(10.79782 -0.0001558461 0.001284114)
(0.001495851 -0.0002428201 0.001410065)
(0.001508503 -0.0002422904 0.0004397009)
(0.001510492 -0.0001733867 0.0008652595)
(0.001557427 -0.0001191468 0.0009368439)
(0.01128887 -1.647059e-06 0.0006363507)
(3.310893 -0.0003635952 0.001447781)
(6.538333 -0.0006282043 0.001159294)
(8.726366 -0.0005826078 0.001355985)
(10.06272 -0.0004206554 0.001347111)
(10.66765 -0.0002714455 0.001183862)
(0.001509054 -0.0005089478 0.0005445234)
(0.001510994 -0.0003889735 0.001041502)
(0.001552321 -0.0002902797 0.001187419)
(0.0100687 -7.332002e-06 0.0008111924)
(2.897438 -0.0007441372 0.001956972)
(5.629325 -0.001015435 0.001527301)
(7.439859 -0.0008459279 0.001577524)
(8.53079 -0.0005649133 0.001424778)
(9.020879 -0.0003318487 0.001162049)
(8.963949 -0.0001849351 0.0008707668)
(0.001511938 -0.0006548662 0.001334722)
(0.001543666 -0.0005107817 0.001760773)
(0.007984532 -2.47114e-05 0.001264485)
(2.191079 -0.001116051 0.003809428)
(4.118389 -0.001097366 0.002176189)
(5.346289 -0.0008059546 0.001737659)
(6.070735 -0.000482629 0.001352235)
(6.393051 -0.0002601281 0.0009882906)
(6.355344 -0.0001280839 0.0006880932)
(5.952495 -6.022554e-05 0.0004387814)
(0.001529336 -0.001871523 0.00255532)
(0.004542268 -0.002321825 0.00190905)
(1.024501 -0.001236784 0.00552387)
(1.779238 -0.0002312106 0.001961204)
(2.227207 -0.0001953633 0.001163639)
(2.484309 -0.0001137857 0.0007759127)
(2.597475 -5.098083e-05 0.0004921328)
(2.584304 -2.13256e-05 0.0003066175)
(2.4427 -6.48424e-06 0.0001830726)
(2.150441 -1.247521e-07 9.234254e-05)
(0.001508191 -0.003129912 0.0002750513)
(1.484733e-05 3.191641e-06 0.0001531657)
(1.503819e-05 3.211691e-06 0.0004350861)
(1.505542e-05 3.12218e-06 0.0006030529)
(1.507369e-05 2.964475e-06 0.0009457877)
(1.588747e-05 2.911804e-06 0.0007546453)
(0.0001435003 2.564835e-05 0.00148095)
(0.0001506795 2.622639e-05 0.001052685)
(0.0001512046 2.661741e-05 0.001171544)
(0.0001519753 2.633871e-05 0.001189426)
(0.0001639761 2.8475e-05 0.001020342)
(1.503757e-05 9.421976e-06 0.0004289888)
(1.505122e-05 9.092973e-06 0.0005944249)
(1.507314e-05 8.700271e-06 0.0009320635)
(1.588524e-05 8.286256e-06 0.0007434774)
(0.0001434809 7.357643e-05 0.001459327)
(0.000150667 7.705474e-05 0.001037406)
(0.000151177 7.676868e-05 0.001154661)
(0.0001519519 7.669806e-05 0.001172831)
(0.0001639832 8.191035e-05 0.001005984)
(0.001503692 0.0007269241 0.002738022)
(1.50502e-05 1.586094e-05 0.0005774588)
(1.506855e-05 1.505537e-05 0.0009050884)
(1.588318e-05 1.40587e-05 0.0007218624)
(0.0001434516 0.0001243418 0.001416493)
(0.0001506142 0.0001300402 0.001007353)
(0.0001511314 0.0001292894 0.001121372)
(0.0001518925 0.000128928 0.0011393)
(0.0001639213 0.0001373933 0.000977525)
(0.001503189 0.00121114 0.002665636)
(0.001516659 0.001257387 0.0002352506)
(1.506685e-05 2.056115e-05 0.0008579956)
(1.587756e-05 1.853923e-05 0.0006841394)
(0.0001434232 0.000162634 0.001342651)
(0.0001505771 0.0001696367 0.0009552738)
(0.0001510729 0.0001679382 0.001064143)
(0.0001518403 0.0001668219 0.001082117)
(0.0001638529 0.0001768113 0.0009284287)
(0.001502584 0.001537437 0.002555386)
(0.001516118 0.001606814 0.0003073041)
(0.001518693 0.001627376 0.0008672513)
(1.587133e-05 2.341132e-05 0.0006244059)
(0.0001433387 0.0002042883 0.001225202)
(0.0001505091 0.0002127528 0.0008732248)
(0.0001510006 0.0002100885 0.0009729297)
(0.0001517484 0.0002083168 0.0009909683)
(0.0001637598 0.0002202479 0.0008504594)
(0.001501638 0.001895736 0.002363907)
(0.001515123 0.002048328 0.000364238)
(0.001517734 0.002240746 0.0009081839)
(0.001520288 0.002507916 0.0005217979)
(0.0001432722 0.0001793452 0.001070169)
(0.0001504121 0.0001859644 0.0007685898)
(0.0001509215 0.0001823609 0.0008591121)
(0.0001516668 0.0001795919 0.0008805089)
(0.0001636541 0.0001881029 0.0007553775)
(0.001500634 0.001582016 0.002242123)
(0.001513849 0.001698033 0.0009662819)
(0.001516261 0.001787991 0.001796171)
(0.001532457 0.00194334 0.002663805)
(0.004552164 0.002413496 0.001988667)
(0.0001502815 0.0001105925 0.0006561117)
(0.0001507649 0.0001066733 0.0007341888)
(0.0001515235 0.0001033862 0.0007531456)
(0.0001634965 0.0001056213 0.0006466718)
(0.001499051 0.0008393067 0.001904991)
(0.001512057 0.0008422167 0.0007360563)
(0.001514194 0.0006719185 0.00138484)
(0.001546044 0.0005242757 0.00182187)
(0.007997718 2.54239e-05 0.001307252)
(2.194711 0.001148988 0.00393168)
(0.0001506449 6.887209e-05 0.0006313846)
(0.0001513802 6.628006e-05 0.000648378)
(0.000163352 6.697818e-05 0.0005577138)
(0.001497693 0.0005156118 0.001629267)
(0.001510509 0.000516714 0.0005592902)
(0.001512549 0.0003955002 0.001070947)
(0.00155391 0.0002952163 0.00121802)
(0.01007965 7.46906e-06 0.0008319784)
(2.900624 0.0007574472 0.002004599)
(5.635441 0.001035364 0.0015612)
(0.0001512803 3.33767e-05 0.0005749472)
(0.0001632223 3.322836e-05 0.0004954851)
(0.001496556 0.0002445799 0.001437277)
(0.001509304 0.0002439417 0.0004462423)
(0.001511262 0.0001747357 0.0008787132)
(0.001558224 0.0001200744 0.0009502471)
(0.01129501 1.661524e-06 0.0006452617)
(3.312693 0.0003670137 0.001467799)
(6.541885 0.0006318642 0.001171294)
(8.731013 0.0005903658 0.001372162)
(0.0001631521 1.069219e-05 0.000461798)
(0.001495761 7.7992e-05 0.001334836)
(0.001508491 7.79559e-05 0.0003910047)
(0.001510441 5.539319e-05 0.0007835361)
(0.001559983 3.789993e-05 0.0008230061)
(0.01185818 6.458229e-07 0.0005573161)
(3.503691 0.0001134969 0.001256977)
(6.967146 0.0002109198 0.0009984427)
(9.339211 0.0002041416 0.001226923)
(10.79782 0.0001558624 0.001284116)
(0.001495454 -7.767438e-05 0.001321031)
(0.001508082 -7.762468e-05 0.0003878594)
(0.001510052 -5.520514e-05 0.0007771269)
(0.001559591 -3.775514e-05 0.0008166688)
(0.01185489 -6.433228e-07 0.000553151)
(3.502766 -0.0001131719 0.001248046)
(6.965219 -0.0002098619 0.0009919381)
(9.336787 -0.0002039653 0.001222751)
(10.79494 -0.0001530851 0.001275122)
(11.45754 -0.0001019238 0.001165354)
(0.001508212 -0.0002415682 0.0004363339)
(0.001510103 -0.0001727229 0.0008582112)
(0.001557026 -0.0001186945 0.0009301448)
(0.01128592 -1.642228e-06 0.0006317731)
(3.30997 -0.00036139 0.001437691)
(6.536625 -0.0006257389 0.001153567)
(8.723968 -0.000580349 0.001348529)
(10.06014 -0.0004210576 0.001341783)
(10.66484 -0.0002645303 0.001179252)
(10.595 -0.000155494 0.0009320652)
(0.00151067 -0.0003874535 0.001033972)
(0.001551929 -0.0002890732 0.001179441)
(0.0100659 -7.295187e-06 0.0008059776)
(2.896677 -0.0007410749 0.00194478)
(5.627759 -0.001009972 0.001517683)
(7.437933 -0.0008430849 0.001570397)
(8.528466 -0.0005626504 0.001417157)
(9.018579 -0.0003333973 0.00115631)
(8.961583 -0.0001776998 0.0008704109)
(8.350681 -8.95762e-05 0.0005854319)
(0.001543323 -0.000508612 0.001750502)
(0.007982434 -2.459397e-05 0.001257092)
(2.190465 -0.001109864 0.003788382)
(4.117318 -0.001092973 0.002164965)
(5.344818 -0.0008014788 0.001727363)
(6.069182 -0.0004814329 0.001346089)
(6.39133 -0.0002589121 0.0009827581)
(6.35372 -0.0001299554 0.0006834129)
(5.95092 -5.610196e-05 0.0004407173)
(5.129886 -1.929663e-05 0.0002385933)
(0.004541042 -0.002310281 0.001898989)
(1.024233 -0.001230861 0.005495502)
(1.778751 -0.0002296887 0.001950584)
(2.226639 -0.000194894 0.0011579)
(2.483639 -0.0001129292 0.0007712871)
(2.596817 -5.118363e-05 0.000489826)
(2.583618 -2.099477e-05 0.0003047561)
(2.442071 -7.26835e-06 0.000180871)
(2.149869 5.31541e-07 9.355e-05)
(1.650924 3.911764e-06 3.188866e-05)
(1.503651e-05 3.197723e-06 0.0004330755)
(1.505037e-05 3.110521e-06 0.0006003375)
(1.507249e-05 2.9531e-06 0.000941561)
(1.588449e-05 2.900435e-06 0.0007511147)
(0.0001434507 2.553763e-05 0.001474215)
(0.0001506332 2.61146e-05 0.001047949)
(0.0001511429 2.650241e-05 0.001166353)
(0.000151917 2.623461e-05 0.001184606)
(0.0001639214 2.836464e-05 0.001016243)
(0.001500707 0.0002521575 0.0027608)
(1.504954e-05 9.055434e-06 0.0005916358)
(1.50684e-05 8.668608e-06 0.0009278713)
(1.58833e-05 8.252604e-06 0.000740141)
(0.0001434528 7.328249e-05 0.001452406)
(0.0001506146 7.672498e-05 0.001032647)
(0.0001511308 7.644193e-05 0.001149429)
(0.0001518917 7.636658e-05 0.001167614)
(0.0001639229 8.158948e-05 0.001001885)
(0.001503213 0.0007240287 0.002726933)
(0.001516649 0.0007445062 0.0002248836)
(1.506701e-05 1.499728e-05 0.0009008274)
(1.58786e-05 1.400582e-05 0.0007185498)
(0.0001434328 0.000123832 0.001410031)
(0.0001505838 0.0001295002 0.001002373)
(0.0001510785 0.0001287359 0.001116127)
(0.0001518461 0.0001283755 0.001134037)
(0.00016386 0.0001368011 0.0009731456)
(0.001502679 0.001206248 0.002654538)
(0.001516183 0.001252395 0.000234247)
(0.001518661 0.001267235 0.0007897297)
(1.587581e-05 1.846901e-05 0.0006807982)
(0.0001433827 0.0001620355 0.001336068)
(0.0001505535 0.0001689577 0.0009507206)
(0.000151041 0.0001672268 0.001058596)
(0.000151788 0.0001661161 0.001076841)
(0.0001638039 0.0001760489 0.0009239852)
(0.001502082 0.001530744 0.002543636)
(0.001515627 0.001600429 0.0003058875)
(0.001518236 0.001620745 0.0008633351)
(0.001520632 0.001674197 0.0004194157)
(0.0001433242 0.0002035361 0.001218573)
(0.000150465 0.0002119333 0.0008684366)
(0.000150972 0.0002092433 0.0009679071)
(0.0001517147 0.0002074093 0.0009853593)
(0.0001637051 0.0002192918 0.0008459856)
(0.001501218 0.001887189 0.002351964)
(0.001514647 0.002039459 0.0003623805)
(0.001517273 0.002231316 0.000903783)
(0.001519847 0.002497165 0.0005192322)
(0.001511744 0.003267188 0.000288365)
(0.0001503939 0.0001853189 0.0007636043)
(0.0001508752 0.000181664 0.00085375)
(0.0001516342 0.000178896 0.0008753496)
(0.000163615 0.0001872806 0.0007505518)
(0.001500194 0.001574844 0.002229161)
(0.001513445 0.001690631 0.000961257)
(0.001515842 0.001780003 0.001786723)
(0.001532031 0.001935007 0.002651078)
(0.004550867 0.002402608 0.001979116)
(1.026474 0.001279739 0.005718848)
(0.0001507423 0.0001063453 0.0007285452)
(0.0001514772 0.0001030429 0.0007476957)
(0.0001634581 0.0001052566 0.0006422518)
(0.001498682 0.0008355491 0.001891388)
(0.001511624 0.000838811 0.0007318482)
(0.001513805 0.0006691052 0.00137679)
(0.001545637 0.0005221214 0.00181186)
(0.007995491 2.531875e-05 0.00130045)
(2.194086 0.001142205 0.003911488)
(4.124032 0.001124392 0.002233285)
(0.000151355 6.607935e-05 0.0006426162)
(0.000163304 6.676509e-05 0.0005530458)
(0.001497322 0.0005136195 0.001616553)
(0.001510131 0.0005145604 0.0005555695)
(0.001512144 0.0003938788 0.001063798)
(0.001553516 0.0002940196 0.001210536)
(0.01007685 7.434258e-06 0.0008267649)
(2.89983 0.0007554393 0.001993222)
(5.633879 0.001026721 0.001550257)
(7.445896 0.0008601296 0.001603535)
(0.0001631935 3.312818e-05 0.0004905635)
(0.001496152 0.0002437188 0.001424007)
(0.001508917 0.0002431694 0.0004430499)
(0.001510882 0.0001740135 0.0008719077)
(0.001557818 0.0001196228 0.0009436447)
(0.01129201 1.654471e-06 0.0006408408)
(3.31177 0.000365201 0.001457443)
(6.540145 0.0006311393 0.001166569)
(8.728644 0.0005831243 0.00136098)
(10.06542 0.0004279566 0.001355968)
(0.00149545 7.766833e-05 0.001321048)
(0.001508082 7.775416e-05 0.0003878763)
(0.001510054 5.521121e-05 0.0007771272)
(0.00155959 3.773822e-05 0.0008166559)
(0.01185489 6.426195e-07 0.0005531581)
(3.502766 0.0001126158 0.001248081)
(6.965219 0.0002099222 0.0009919495)
(9.336787 0.0002042435 0.001222776)
(10.79494 0.0001530716 0.00127512)
(11.45754 0.0001019375 0.001165356)
(0.001507784 -7.744134e-05 0.0003846488)
(0.00150966 -5.497118e-05 0.0007703932)
(0.00155919 -3.760903e-05 0.0008104191)
(0.0118518 -6.412894e-07 0.0005488787)
(3.501791 -0.0001123264 0.001238721)
(6.963406 -0.0002091754 0.0009869578)
(9.334225 -0.0002032968 0.001215966)
(10.79219 -0.0001532077 0.001270348)
(11.45452 -9.92713e-05 0.001160812)
(11.37832 -5.980754e-05 0.0009434568)
(0.001509776 -0.0001721358 0.0008511705)
(0.00155663 -0.0001182372 0.000923144)
(0.01128278 -1.634e-06 0.0006272454)
(3.309106 -0.0003601253 0.001427715)
(6.534807 -0.0006222126 0.001145569)
(8.721722 -0.0005785074 0.001342552)
(10.0574 -0.0004196229 0.001334695)
(10.66214 -0.0002657038 0.001173665)
(10.59222 -0.0001493626 0.0009320162)
(9.840149 -7.890105e-05 0.0006497835)
(0.001551577 -0.0002879134 0.001171544)
(0.01006329 -7.263911e-06 0.0008005554)
(2.895866 -0.0007368349 0.001932298)
(5.626303 -0.001006379 0.001509579)
(7.435877 -0.000838382 0.001560521)
(8.52629 -0.0005614226 0.001410732)
(9.016145 -0.0003322226 0.00114996)
(8.959315 -0.0001797638 0.0008649482)
(8.348485 -8.371216e-05 0.0005881301)
(7.116765 -3.269371e-05 0.0003311835)
(0.007980218 -2.447088e-05 0.001249811)
(2.189892 -0.001104798 0.003767537)
(4.116173 -0.001086714 0.002152211)
(5.343452 -0.0007988028 0.001718649)
(6.067525 -0.0004784332 0.001337976)
(6.389715 -0.0002588514 0.0009779831)
(6.352022 -0.0001292736 0.0006793378)
(5.949403 -5.795143e-05 0.0004365413)
(5.128529 -1.619635e-05 0.0002413764)
(3.771178 4.46919e-06 9.153706e-05)
(1.023952 -0.001224285 0.005467121)
(1.778297 -0.0002291652 0.001940996)
(2.226033 -0.0001935149 0.001151269)
(2.483014 -0.0001128942 0.0007674911)
(2.596121 -5.060599e-05 0.0004867913)
(2.582968 -2.133921e-05 0.0003031209)
(2.441426 -6.982903e-06 0.0001797082)
(2.149314 -1.572713e-07 9.176262e-05)
(1.650484 4.435448e-06 3.285554e-05)
(0.8049344 4.642829e-06 1.702084e-06)
(1.504856e-05 3.096984e-06 0.0005975242)
(1.506761e-05 2.941809e-06 0.0009373584)
(1.588251e-05 2.888458e-06 0.0007477723)
(0.0001434231 2.543453e-05 0.001467354)
(0.0001505814 2.600155e-05 0.001043177)
(0.0001510967 2.638854e-05 0.001161108)
(0.0001518559 2.612095e-05 0.001179357)
(0.0001638598 2.825176e-05 0.001012125)
(0.001500223 0.0002511497 0.002749737)
(0.001513591 0.0002548825 0.0002196792)
(1.506654e-05 8.632392e-06 0.0009235523)
(1.58786e-05 8.219667e-06 0.0007368239)
(0.000143434 7.297962e-05 0.001445922)
(0.0001505849 7.641476e-05 0.001027742)
(0.0001510786 7.611204e-05 0.001144157)
(0.0001518455 7.603907e-05 0.001162324)
(0.0001638594 8.123536e-05 0.0009974281)
(0.001502686 0.0007211166 0.002715825)
(0.001516162 0.00074157 0.0002239614)
(0.00151858 0.0007413057 0.0007889641)
(1.587643e-05 1.394731e-05 0.0007151761)
(0.0001433918 0.0001233505 0.001403591)
(0.0001505635 0.0001289655 0.0009977935)
(0.0001510476 0.0001281918 0.001110611)
(0.0001517935 0.0001278204 0.001128732)
(0.0001638105 0.0001362073 0.0009686502)
(0.001502148 0.00120095 0.002642662)
(0.001515664 0.00124738 0.0002332314)
(0.001518189 0.001262082 0.0007863798)
(0.001520421 0.001296535 0.0002952743)
(0.0001433651 0.0001613995 0.001329568)
(0.0001505111 0.0001683261 0.0009460523)
(0.0001510165 0.0001665468 0.001053551)
(0.0001517556 0.0001654008 0.001071226)
(0.0001637486 0.0001752891 0.0009194786)
(0.001501649 0.001523902 0.002531463)
(0.001515114 0.001593532 0.0003044166)
(0.00151775 0.001614111 0.0008594634)
(0.001520175 0.0016673 0.0004174813)
(0.001508664 0.001720103 0.0002263184)
(0.0001504488 0.0002111383 0.0008637324)
(0.0001509282 0.0002084173 0.0009625999)
(0.0001516856 0.0002065595 0.0009802719)
(0.0001636684 0.0002183114 0.000841196)
(0.001500751 0.00187853 0.002339625)
(0.00151422 0.002030334 0.0003604979)
(0.001516805 0.002221267 0.0008991918)
(0.001519387 0.00248647 0.0005167031)
(0.001511306 0.00325276 0.0002869468)
(0.0001508552 0.0001810074 0.0008482141)
(0.0001515886 0.0001781946 0.0008698942)
(0.0001635792 0.0001865269 0.000746152)
(0.001499833 0.001567389 0.002215108)
(0.001512995 0.001683068 0.0009561573)
(0.001515443 0.001771849 0.001777301)
(0.001531615 0.001926154 0.002637701)
(0.0045496 0.00239184 0.001969724)
(1.026182 0.001273511 0.005692024)
(1.782124 0.0002372368 0.002020162)
(0.0001514532 0.0001027105 0.0007419624)
(0.0001634097 0.0001048856 0.0006376013)
(0.001498325 0.0008321364 0.001878656)
(0.001511252 0.0008351844 0.0007274124)
(0.001513389 0.0006662217 0.001368614)
(0.00154524 0.0005198945 0.001801931)
(0.007993261 2.519912e-05 0.00129335)
(2.193479 0.001138088 0.0038923)
(4.122881 0.001116451 0.00222057)
(5.352036 0.0008217498 0.001772816)
(0.0001632748 6.654731e-05 0.0005481287)
(0.001496916 0.0005116082 0.001603284)
(0.001509755 0.0005127008 0.0005520019)
(0.001511767 0.0003921368 0.001056319)
(0.001553107 0.0002927904 0.00120295)
(0.01007415 7.400903e-06 0.0008216793)
(2.899021 0.0007516901 0.001980938)
(5.632368 0.001024425 0.001543672)
(7.443865 0.0008508513 0.001592532)
(8.535292 0.0005734558 0.001439293)
(0.00149584 0.0002428036 0.001410103)
(0.001508503 0.0002423995 0.0004397494)
(0.001510499 0.0001733974 0.0008652642)
(0.001557426 0.0001191268 0.0009368009)
(0.01128887 1.646485e-06 0.0006363734)
(3.310893 0.0003632024 0.001447898)
(6.538334 0.0006283499 0.00115933)
(8.726367 0.0005828393 0.001356065)
(10.06272 0.0004206474 0.001347105)
(10.66765 0.000271457 0.001183868)
(0.001507779 7.744518e-05 0.000384647)
(0.00150966 5.504034e-05 0.0007704397)
(0.001559192 3.761304e-05 0.0008104214)
(0.0118518 6.40739e-07 0.0005488702)
(3.501791 0.0001121566 0.001238734)
(6.963406 0.0002086422 0.0009869574)
(9.334225 0.0002034239 0.001215968)
(10.79219 0.0001533998 0.001270374)
(11.45452 9.926523e-05 0.00116081)
(11.37832 5.981848e-05 0.0009434587)
(0.00150933 -5.481231e-05 0.0007635583)
(0.001558791 -3.744874e-05 0.0008038911)
(0.0118485 -6.376333e-07 0.0005446624)
(3.50088 -0.0001119365 0.001229526)
(6.961471 -0.0002078582 0.0009797087)
(9.331828 -0.0002027867 0.00121073)
(10.78925 -0.0001527586 0.001263697)
(11.45164 -9.968002e-05 0.001155438)
(11.37535 -5.743826e-05 0.0009437672)
(10.55266 -3.102167e-05 0.0006702643)
(0.001556274 -0.0001178313 0.0009161434)
(0.01127987 -1.629435e-06 0.0006225061)
(3.30818 -0.0003579802 0.001417379)
(6.533126 -0.0006202919 0.00113917)
(8.719308 -0.0005751997 0.001333696)
(10.05485 -0.0004188382 0.001328742)
(10.65926 -0.0002649664 0.001167374)
(10.58956 -0.000150913 0.0009262883)
(9.837573 -7.389793e-05 0.0006532628)
(8.332608 -3.119248e-05 0.0003765606)
(0.01006048 -7.227771e-06 0.0007951921)
(2.895116 -0.000733571 0.001920006)
(5.624732 -0.001000637 0.00149944)
(7.433983 -0.0008359425 0.001552435)
(8.523951 -0.0005580204 0.001402072)
(9.013875 -0.0003322239 0.001144283)
(8.956915 -0.0001791838 0.000859948)
(8.346375 -8.579855e-05 0.0005831115)
(7.114892 -2.833511e-05 0.0003350649)
(5.124831 2.991353e-07 0.0001317319)
(2.189278 -0.001098644 0.003746341)
(4.115119 -0.001082428 0.002141396)
(5.341975 -0.000793845 0.001708137)
(6.065997 -0.0004774106 0.001331131)
(6.387986 -0.0002568599 0.000972097)
(6.350429 -0.0001298357 0.0006755056)
(5.947822 -5.748706e-05 0.000433802)
(5.127218 -1.78165e-05 0.0002379874)
(3.770178 6.568634e-06 9.368283e-05)
(1.650513 1.197576e-05 9.46163e-06)
(1.777811 -0.0002275544 0.001930453)
(2.225474 -0.0001932241 0.001145591)
(2.482342 -0.000111902 0.000762961)
(2.595475 -5.08896e-05 0.0004842673)
(2.582281 -2.089257e-05 0.000301241)
(2.440815 -7.385405e-06 0.0001784805)
(2.14875 1.108594e-07 9.122311e-05)
(1.650056 3.857419e-06 3.171238e-05)
(0.8047187 4.899101e-06 1.974579e-06)
(1.506566e-05 2.928975e-06 0.000933005)
(1.587772e-05 2.876613e-06 0.0007444482)
(0.000143404 2.532799e-05 0.001460861)
(0.0001505522 2.589575e-05 0.001038315)
(0.000151045 2.627341e-05 0.001155822)
(0.0001518097 2.600805e-05 0.001174055)
(0.0001637953 2.812878e-05 0.00100764)
(0.001499688 0.0002501344 0.0027386)
(0.001513099 0.0002538727 0.0002187956)
(0.001515483 0.0002562352 0.0007863524)
(1.58763e-05 8.183986e-06 0.0007334067)
(0.000143392 7.26828e-05 0.001439477)
(0.0001505646 7.609714e-05 0.001023147)
(0.0001510485 7.579807e-05 0.001138724)
(0.0001517935 7.570842e-05 0.001156991)
(0.0001638098 8.088311e-05 0.0009929087)
(0.001502135 0.0007179546 0.002703761)
(0.001515625 0.0007386068 0.0002230252)
(0.001518099 0.0007383274 0.0007857256)
(0.001520243 0.000747066 0.0002825368)
(0.0001433713 0.0001228265 0.001397035)
(0.0001505205 0.0001284586 0.0009932277)
(0.0001510263 0.0001276564 0.001105539)
(0.0001517622 0.0001272715 0.001123153)
(0.0001637547 0.00013561 0.0009641175)
(0.001501706 0.001195576 0.00263046)
(0.00151512 0.001241925 0.0002321637)
(0.001517678 0.00125692 0.0007830511)
(0.00151995 0.001291219 0.0002940038)
(0.001508184 0.001320979 0.0001564053)
(0.0001504919 0.0001676575 0.0009414411)
(0.0001509741 0.0001659079 0.001048378)
(0.0001517303 0.0001647184 0.00106612)
(0.0001637132 0.0001745164 0.0009146837)
(0.001501169 0.001516998 0.002519137)
(0.001514673 0.001586464 0.0003029067)
(0.001517247 0.001606987 0.0008553952)
(0.00151969 0.001660405 0.0004155698)
(0.001508212 0.001712926 0.000225274)
(0.0001509103 0.0002076108 0.0009573847)
(0.000151642 0.0002057258 0.0009748978)
(0.0001636362 0.0002173928 0.0008368518)
(0.001500405 0.001869582 0.002326403)
(0.00151374 0.002021101 0.000358593)
(0.001516383 0.002211012 0.0008945736)
(0.001518921 0.002475095 0.0005140585)
(0.001510851 0.003238451 0.0002855516)
(0.0001515668 0.0001775264 0.0008642633)
(0.0001635313 0.0001857677 0.0007414992)
(0.001499493 0.001560462 0.00220226)
(0.001512632 0.00167521 0.0009507837)
(0.001515015 0.001763544 0.001767678)
(0.001531216 0.001917151 0.002624291)
(0.004548353 0.002380447 0.001959843)
(1.025897 0.001268165 0.005665842)
(1.781626 0.0002355706 0.002009951)
(2.230203 0.0001999559 0.001193217)
(0.0001633816 0.0001045228 0.00063271)
(0.001497916 0.0008286988 0.001865295)
(0.001510892 0.0008319373 0.0007232224)
(0.001513016 0.000663185 0.001359969)
(0.001544825 0.0005176138 0.001791838)
(0.007991104 2.508144e-05 0.001286299)
(2.192864 0.001132408 0.003871764)
(4.121764 0.001113253 0.002210921)
(5.350567 0.0008142076 0.001762423)
(6.075614 0.0004912855 0.001372963)
(0.001496605 0.0005095703 0.0015893)
(0.001509338 0.0005108242 0.0005483201)
(0.00151139 0.0003905836 0.001049147)
(0.001552718 0.000291475 0.001195023)
(0.01007136 7.364614e-06 0.0008165246)
(2.898248 0.0007481622 0.001969331)
(5.630805 0.00101967 0.001534806)
(7.441906 0.0008497947 0.001586246)
(8.532996 0.0005645072 0.001430853)
(9.023277 0.0003401238 0.001166485)
(0.001508198 0.0002415581 0.0004363269)
(0.001510103 0.0001727823 0.0008583439)
(0.001557031 0.0001187017 0.0009301549)
(0.01128592 1.641573e-06 0.0006317444)
(3.30997 0.0003612635 0.001437759)
(6.536625 0.0006253923 0.001153572)
(8.723969 0.0005805098 0.001348539)
(10.06014 0.0004212175 0.001341864)
(10.66484 0.0002645267 0.001179247)
(10.595 0.0001555033 0.0009320699)
(0.001509327 5.481045e-05 0.000763562)
(0.001558791 3.749595e-05 0.0008039294)
(0.0118485 6.385982e-07 0.0005446638)
(3.50088 0.0001118733 0.001229498)
(6.961471 0.000207671 0.0009797254)
(9.331829 0.0002024802 0.001210685)
(10.78925 0.0001528958 0.001263706)
(11.45164 9.981203e-05 0.00115546)
(11.37535 5.743613e-05 0.0009437658)
(10.55266 3.103013e-05 0.0006702658)
(0.001558432 -3.733917e-05 0.0007972752)
(0.01184546 -6.354064e-07 0.0005402511)
(3.4999 -0.0001112213 0.00121993)
(6.959685 -0.0002072734 0.0009740331)
(9.329246 -0.0002015409 0.00120253)
(10.78652 -0.0001525855 0.001258171)
(11.44855 -9.944843e-05 0.001149337)
(11.37251 -5.799191e-05 0.0009379601)
(10.5499 -2.907787e-05 0.0006743467)
(8.90977 -1.271628e-05 0.0003930505)
(0.01127671 -1.622605e-06 0.0006177717)
(3.307329 -0.0003563251 0.001407159)
(6.531298 -0.0006167189 0.001130589)
(8.717095 -0.0005737306 0.001326531)
(10.05208 -0.0004163045 0.001320497)
(10.65659 -0.0002650545 0.0011616)
(10.58672 -0.0001505883 0.0009210757)
(9.835106 -7.547155e-05 0.0006477656)
(8.330424 -2.746219e-05 0.0003814066)
(5.934368 -3.231536e-06 0.000152011)
(2.894301 -0.000729559 0.001907132)
(5.6233 -0.0009967622 0.001491555)
(7.431915 -0.0008308609 0.001542136)
(8.52181 -0.0005569968 0.001394629)
(9.011423 -0.0003298731 0.001137497)
(8.954678 -0.0001799227 0.0008549591)
(8.344151 -8.546487e-05 0.0005795703)
(7.113088 -3.01985e-05 0.0003309196)
(5.123478 3.165829e-06 0.0001346794)
(2.148038 1.137694e-05 1.439457e-05)
(4.113969 -0.001076362 0.002128548)
(5.340633 -0.0007912501 0.001699581)
(6.064333 -0.0004739659 0.001322971)
(6.386398 -0.0002569206 0.0009667364)
(6.348724 -0.0001284215 0.0006715736)
(5.946337 -5.834291e-05 0.0004307509)
(5.125862 -1.744059e-05 0.0002365562)
(3.769209 5.230864e-06 9.151322e-05)
(1.650073 1.288005e-05 1.000489e-05)
(2.224867 -0.000191767 0.001139056)
(2.481727 -0.0001120167 0.0007589777)
(2.594778 -5.018318e-05 0.0004814152)
(2.581643 -2.132045e-05 0.0002994477)
(2.44017 -6.998197e-06 0.0001774701)
(2.148212 -3.072245e-07 9.032696e-05)
(1.649625 4.094088e-06 3.164973e-05)
(0.8045083 4.587703e-06 1.613574e-06)
(1.587538e-05 2.863808e-06 0.0007410049)
(0.0001433614 2.522273e-05 0.001454405)
(0.0001505317 2.578689e-05 0.001033713)
(0.0001510153 2.616422e-05 0.001150438)
(0.000151758 2.589392e-05 0.001168709)
(0.0001637457 2.800602e-05 0.00100311)
(0.001499129 0.0002490341 0.002726481)
(0.001512552 0.0002528504 0.0002178958)
(0.001514998 0.0002552034 0.0007831717)
(0.0015171 0.0002573801 0.0002755258)
(0.0001433707 7.236462e-05 0.001432841)
(0.0001505207 7.57857e-05 0.001018578)
(0.0001510274 7.548e-05 0.001133636)
(0.0001517629 7.539049e-05 0.001151497)
(0.0001637543 8.05275e-05 0.0009883529)
(0.001501689 0.0007147585 0.002691518)
(0.001515061 0.0007353774 0.0002220277)
(0.00151757 0.000735334 0.0007824924)
(0.001519762 0.0007440482 0.0002813684)
(0.001507889 0.0007448102 0.0001508432)
(0.0001504987 0.0001279097 0.0009885808)
(0.0001509833 0.0001271455 0.001100482)
(0.0001517398 0.0001267344 0.001118023)
(0.0001637203 0.0001350142 0.0009593522)
(0.001501215 0.00119015 0.002618174)
(0.001514672 0.001236406 0.0002310634)
(0.001517145 0.001251351 0.000779494)
(0.00151944 0.001285898 0.0002927407)
(0.001507718 0.001315513 0.0001557326)
(0.0001509538 0.0001652358 0.001043268)
(0.0001516878 0.0001640716 0.001060885)
(0.0001636849 0.0001737812 0.0009103231)
(0.001500834 0.001509915 0.002506009)
(0.001514182 0.001579358 0.0003013876)
(0.001516812 0.001599713 0.0008512285)
(0.001519189 0.001653013 0.000413559)
(0.001507733 0.001705758 0.0002242435)
(0.0001516225 0.0002049071 0.0009696151)
(0.0001635898 0.0002164869 0.0008322629)
(0.001500096 0.001861192 0.002314395)
(0.001513395 0.002011573 0.0003565682)
(0.001515919 0.002200613 0.0008898314)
(0.0015185 0.002463519 0.0005114052)
(0.001510391 0.003223274 0.0002840918)
(0.0001635054 0.0001850337 0.0007366971)
(0.001499084 0.001553495 0.002188715)
(0.00151229 0.001667926 0.0009457519)
(0.001514648 0.001754905 0.001757495)
(0.001530796 0.001907986 0.002610633)
(0.004547133 0.00236893 0.001949929)
(1.025613 0.001261893 0.005638034)
(1.781143 0.0002352394 0.00200122)
(2.22959 0.0001983092 0.00118685)
(2.486943 0.0001155839 0.0007912176)
(0.001497613 0.0008252629 0.00185125)
(0.001510473 0.000828662 0.0007189075)
(0.00151265 0.0006604113 0.001351832)
(0.001544442 0.0005152168 0.001781242)
(0.007988879 2.4958e-05 0.001279131)
(2.192274 0.001127222 0.0038516)
(4.120621 0.001107847 0.002199237)
(5.349147 0.0008128084 0.001755024)
(6.07397 0.0004845832 0.001365679)
(6.396407 0.0002646209 0.0009971678)
(0.001509033 0.0005089133 0.0005445063)
(0.001510992 0.0003890189 0.001041698)
(0.001552329 0.0002902948 0.001187444)
(0.0100687 7.331109e-06 0.0008111399)
(2.897438 0.0007440963 0.001957077)
(5.629325 0.001015424 0.001527321)
(7.439859 0.0008460843 0.001577596)
(8.53079 0.0005650104 0.001424904)
(9.020879 0.0003318499 0.001162043)
(8.963949 0.0001849419 0.0008707729)
(0.001509769 0.0001721263 0.0008511766)
(0.00155663 0.0001182779 0.0009232543)
(0.01128278 1.634723e-06 0.000627252)
(3.309106 0.0003599976 0.001427618)
(6.534808 0.0006220866 0.001145624)
(8.721722 0.0005783228 0.00134242)
(10.0574 0.00041976 0.001334726)
(10.66214 0.0002658155 0.00117373)
(10.59222 0.0001493621 0.0009320118)
(9.840149 7.890849e-05 0.0006497872)
(0.001558431 3.733852e-05 0.0007972754)
(0.01184546 6.371766e-07 0.0005402775)
(3.4999 0.000111273 0.001219934)
(6.959685 0.0002070893 0.0009740196)
(9.329246 0.0002014424 0.001202542)
(10.78652 0.0001524303 0.00125813)
(11.44855 9.956409e-05 0.00114935)
(11.37251 5.808925e-05 0.0009379771)
(10.5499 2.907763e-05 0.0006743455)
(8.90977 1.27245e-05 0.0003930514)
(0.01184214 -6.336109e-07 0.0005357847)
(3.499004 -0.0001104508 0.001210461)
(6.957738 -0.0002060068 0.0009661745)
(9.326886 -0.0002011005 0.001195875)
(10.78355 -0.0001516189 0.001250349)
(11.44569 -9.956169e-05 0.001143665)
(11.36946 -5.789858e-05 0.0009327512)
(10.54727 -2.964212e-05 0.000668593)
(8.90744 -1.126061e-05 0.0003985562)
(6.314508 -1.910028e-06 0.0001595347)
(3.306397 -0.0003546332 0.001396294)
(6.529647 -0.0006142483 0.001124278)
(8.714664 -0.0005702945 0.001317071)
(10.04957 -0.0004156467 0.001313223)
(10.65368 -0.0002632486 0.001154812)
(10.58409 -0.0001512264 0.0009156488)
(9.832484 -7.532446e-05 0.0006439134)
(8.328327 -2.887648e-05 0.0003767503)
(5.932806 -7.855142e-07 0.0001556345)
(2.436218 6.886757e-06 1.658906e-05)
(5.621717 -0.0009915555 0.001481307)
(7.430056 -0.0008281353 0.001534148)
(8.519454 -0.000553154 0.001385727)
(9.009188 -0.0003299376 0.001130952)
(8.95226 -0.0001782517 0.0008501607)
(8.342075 -8.655742e-05 0.0005754047)
(7.111202 -2.99581e-05 0.0003289444)
(5.122171 1.603866e-06 0.0001319885)
(2.147468 1.254313e-05 1.50474e-05)
(5.339147 -0.0007867007 0.001688976)
(6.062833 -0.0004730709 0.001316032)
(6.38466 -0.0002545041 0.0009610026)
(6.347159 -0.0001290862 0.0006673073)
(5.944752 -5.724666e-05 0.000428494)
(5.124584 -1.838496e-05 0.0002343374)
(3.768217 5.511953e-06 9.116889e-05)
(1.649646 1.211671e-05 9.313719e-06)
(2.481054 -0.0001110014 0.0007545056)
(2.594143 -5.059438e-05 0.0004786276)
(2.580954 -2.074702e-05 0.0002978254)
(2.439569 -7.484961e-06 0.0001761239)
(2.147648 4.602737e-08 8.998834e-05)
(1.649212 3.707459e-06 3.110462e-05)
(0.8042998 4.708725e-06 1.741026e-06)
(0.0001433398 2.510996e-05 0.00144772)
(0.0001504872 2.567936e-05 0.001029137)
(0.0001509941 2.605324e-05 0.001145342)
(0.0001517278 2.578461e-05 0.001163264)
(0.0001636904 2.788195e-05 0.0009985422)
(0.001498681 0.000247923 0.002714233)
(0.00151198 0.0002517413 0.0002169318)
(0.001514461 0.0002541648 0.0007799818)
(0.001516615 0.0002563386 0.0002744082)
(0.001504749 0.0002571639 0.0001482032)
(0.0001504981 7.545295e-05 0.001013875)
(0.0001509836 7.516784e-05 0.001128577)
(0.0001517409 7.507138e-05 0.001146352)
(0.0001637208 8.018067e-05 0.0009836594)
(0.001501193 0.0007115314 0.002679191)
(0.001514609 0.0007321253 0.0002210051)
(0.001517019 0.0007320934 0.0007789925)
(0.001519236 0.0007410175 0.0002802013)
(0.001507413 0.0007417846 0.0001502188)
(0.000150961 0.000126597 0.001095334)
(0.0001516968 0.0001262188 0.001112908)
(0.0001636949 0.0001344357 0.0009549703)
(0.001500889 0.001184627 0.002605242)
(0.001514171 0.001230841 0.000229963)
(0.001516701 0.001245699 0.0007758544)
(0.001518909 0.001280169 0.0002913931)
(0.001507214 0.001310047 0.0001550646)
(0.0001516665 0.000163395 0.001055712)
(0.0001636391 0.0001730759 0.000905852)
(0.00150055 0.001503219 0.00249406)
(0.001513848 0.001572081 0.0002997754)
(0.001516332 0.001592369 0.0008469958)
(0.001518756 0.001645476 0.0004115172)
(0.00150724 0.001698088 0.0002231596)
(0.0001635664 0.0002155903 0.000827751)
(0.001499683 0.001852814 0.002301723)
(0.001513088 0.002002639 0.0003546861)
(0.001515569 0.002189841 0.0008847903)
(0.00151804 0.002451773 0.000508696)
(0.001509975 0.003207893 0.0002826262)
(0.001498793 0.001546528 0.002174742)
(0.001511872 0.001660597 0.0009405904)
(0.001514295 0.001746846 0.001748016)
(0.001530422 0.001898446 0.002596306)
(0.004545891 0.00235721 0.001939831)
(1.025338 0.001255978 0.005610207)
(1.780655 0.0002339593 0.001991193)
(2.228996 0.0001982533 0.001181788)
(2.486267 0.0001142294 0.0007872266)
(2.599542 5.180618e-05 0.0004996018)
(0.001510175 0.0008254041 0.0007144658)
(0.001512249 0.0006576194 0.0013434)
(0.001544064 0.000513018 0.001771253)
(0.007986752 2.483381e-05 0.00127161)
(2.19166 0.001121219 0.003830734)
(4.119533 0.001103335 0.002188672)
(5.347679 0.0008089394 0.001745711)
(6.072386 0.0004849472 0.001359658)
(6.394697 0.0002586964 0.0009935128)
(6.357032 0.0001331803 0.0006884585)
(0.001510659 0.0003874292 0.001033966)
(0.001551927 0.0002891058 0.001179608)
(0.0100659 7.295759e-06 0.0008059944)
(2.896676 0.000740893 0.001944651)
(5.62776 0.001009966 0.001517771)
(7.437934 0.0008430923 0.001570243)
(8.528466 0.0005627623 0.001417233)
(9.018579 0.0003334718 0.00115641)
(8.961584 0.0001777012 0.0008704063)
(8.350681 8.95819e-05 0.0005854369)
(0.001556269 0.0001178254 0.0009161394)
(0.01127987 1.63074e-06 0.0006225822)
(3.30818 0.0003579826 0.001417367)
(6.533126 0.0006200271 0.00113913)
(8.719308 0.0005751492 0.001333706)
(10.05485 0.0004187436 0.001328629)
(10.65926 0.0002650718 0.001167414)
(10.58956 0.000150998 0.0009263389)
(9.837573 7.389823e-05 0.0006532603)
(8.332608 3.119951e-05 0.0003765631)
(0.01184214 6.332502e-07 0.0005357851)
(3.499004 0.0001112397 0.001210488)
(6.957738 0.0002060087 0.0009661886)
(9.326886 0.0002008668 0.001195876)
(10.78355 0.0001515892 0.001250348)
(11.44569 9.947687e-05 0.001143641)
(11.36946 5.798887e-05 0.0009327636)
(10.54727 2.972271e-05 0.000668606)
(8.90744 1.126217e-05 0.0003985556)
(6.314508 1.918318e-06 0.0001595353)
(3.498017 -0.0001102125 0.001200332)
(6.955986 -0.0002048356 0.0009605385)
(9.324281 -0.0001998753 0.001187017)
(10.78086 -0.0001514461 0.00124328)
(11.44257 -9.886595e-05 0.00113707)
(11.36664 -5.819471e-05 0.00092721)
(10.54446 -2.961189e-05 0.0006646404)
(8.905207 -1.176613e-05 0.0003935934)
(6.312849 -9.530654e-07 0.0001635967)
(2.569898 2.167941e-06 1.729871e-05)
(6.527802 -0.0006114976 0.001115674)
(8.712495 -0.0005683406 0.00130991)
(10.04678 -0.0004128634 0.001304564)
(10.65105 -0.0002633231 0.001147911)
(10.58122 -0.0001499353 0.0009106586)
(9.830047 -7.62268e-05 0.0006392064)
(8.326116 -2.879878e-05 0.0003744991)
(5.931302 -1.985267e-06 0.0001525542)
(2.435572 7.864352e-06 1.733045e-05)
(7.427969 -0.0008238601 0.00152388)
(8.517356 -0.0005520088 0.001378233)
(9.006718 -0.0003270811 0.001124181)
(8.950059 -0.0001790131 0.0008445459)
(8.339839 -8.529355e-05 0.0005725128)
(7.109435 -3.113348e-05 0.0003258879)
(5.12082 1.76425e-06 0.0001314127)
(2.146916 1.164719e-05 1.421349e-05)
(6.061157 -0.000470182 0.001307604)
(6.383102 -0.0002547662 0.0009555147)
(6.345445 -0.0001272529 0.0006637357)
(5.943293 -5.821372e-05 0.0004251357)
(5.123227 -1.749774e-05 0.0002334581)
(3.767277 4.654792e-06 8.98968e-05)
(1.649215 1.223469e-05 9.496837e-06)
(2.593443 -4.990212e-05 0.0004756952)
(2.580327 -2.129282e-05 0.0002957587)
(2.438923 -6.974866e-06 0.0001754129)
(2.14712 -4.562903e-07 8.899054e-05)
(1.648782 4.01235e-06 3.118256e-05)
(0.8040978 4.490581e-06 1.550397e-06)
(0.0001504644 2.556442e-05 0.0010244)
(0.0001509498 2.594363e-05 0.001140275)
(0.0001517059 2.567448e-05 0.001158111)
(0.0001636573 2.77613e-05 0.0009938895)
(0.001498185 0.0002468006 0.002701896)
(0.001511527 0.0002506246 0.0002159467)
(0.001513901 0.0002530419 0.0007765174)
(0.001516081 0.0002552913 0.0002732872)
(0.00150427 0.0002561181 0.0001476009)
(0.0001509606 7.483618e-05 0.001123368)
(0.0001516971 7.475793e-05 0.001141235)
(0.000163696 7.983702e-05 0.000979264)
(0.001500875 0.0007082766 0.002666478)
(0.001514105 0.0007288438 0.0002199838)
(0.00151657 0.0007288135 0.0007754386)
(0.001518686 0.0007377413 0.0002789409)
(0.001506894 0.000738749 0.0001495959)
(0.0001516739 0.0001256696 0.001107701)
(0.0001636487 0.000133876 0.0009505997)
(0.001500628 0.001179363 0.002593346)
(0.001513847 0.001225204 0.0002288005)
(0.001516208 0.001239989 0.000772177)
(0.001518466 0.001274354 0.00029002)
(0.001506691 0.001304174 0.000154352)
(0.0001636148 0.0001723434 0.0009014327)
(0.001500136 0.001496611 0.002481814)
(0.001513569 0.00156519 0.0002982825)
(0.001515994 0.001584818 0.0008425136)
(0.001518279 0.00163786 0.0004094415)
(0.001506813 0.00169028 0.0002220575)
(0.001499421 0.001844377 0.002289256)
(0.001512668 0.001993738 0.0003527408)
(0.001515254 0.002179734 0.000880157)
(0.001517689 0.002439588 0.0005058325)
(0.001509523 0.00319227 0.0002811293)
(0.001511589 0.001653315 0.0009353203)
(0.001513894 0.001738719 0.001738232)
(0.001530058 0.001889528 0.002582889)
(0.004544689 0.002344997 0.001929248)
(1.025055 0.001249503 0.005581721)
(1.780186 0.0002332769 0.001981716)
(2.22839 0.0001971228 0.001175697)
(2.485615 0.0001146464 0.0007836492)
(2.598843 5.070405e-05 0.0004977413)
(2.585661 2.143623e-05 0.0003093001)
(0.001511923 0.0006548187 0.001334689)
(0.001543663 0.0005108039 0.001760981)
(0.007984532 2.471234e-05 0.001264525)
(2.191078 0.001115894 0.00380921)
(4.11839 0.001097403 0.002176314)
(5.34629 0.0008060538 0.001737564)
(6.070736 0.0004826881 0.001352323)
(6.393051 0.0002601637 0.0009884033)
(6.355344 0.0001280858 0.0006880923)
(5.952495 6.022863e-05 0.0004387873)
(0.001551569 0.0002878965 0.001171524)
(0.01006329 7.264869e-06 0.0008006703)
(2.895866 0.0007368081 0.001932354)
(5.626303 0.001006069 0.001509517)
(7.435878 0.0008384116 0.001560561)
(8.526291 0.0005614116 0.001410591)
(9.016146 0.0003323006 0.001150029)
(8.959315 0.0001798242 0.0008650265)
(8.348485 8.371338e-05 0.0005881274)
(7.116765 3.269935e-05 0.0003311874)
(0.01127671 1.622203e-06 0.0006177701)
(3.30733 0.000356973 0.001407236)
(6.531298 0.0006166581 0.001130634)
(8.717095 0.0005734534 0.001326527)
(10.05208 0.0004163009 0.001320484)
(10.65659 0.0002649963 0.001161534)
(10.58672 0.000150667 0.0009211119)
(9.835106 7.554305e-05 0.0006478047)
(8.330424 2.746385e-05 0.0003814053)
(5.934368 3.237906e-06 0.0001520126)
(3.498017 0.0001103308 0.001200348)
(6.955986 0.0002058569 0.0009605233)
(9.324281 0.0001997253 0.00118702)
(10.78086 0.0001512446 0.001243276)
(11.44257 9.88655e-05 0.001137066)
(11.36664 5.814079e-05 0.000927197)
(10.54446 2.968194e-05 0.00066465)
(8.905207 1.184118e-05 0.0003936026)
(6.312849 9.565999e-07 0.0001635965)
(2.569898 -2.16205e-06 1.729906e-05)
(6.954018 -0.000204261 0.0009527369)
(9.321968 -0.0001988137 0.001180326)
(10.77786 -0.0001504401 0.001234971)
(11.43974 -9.894334e-05 0.001130098)
(11.36356 -5.769639e-05 0.0009222619)
(10.54185 -2.999282e-05 0.0006597286)
(8.902842 -1.176296e-05 0.0003912204)
(6.311254 -1.382266e-06 0.0001602709)
(2.569219 2.549194e-06 1.809926e-05)
(8.710035 -0.0005658136 0.001300843)
(10.04431 -0.0004118935 0.001297073)
(10.64811 -0.0002611467 0.001141055)
(10.57863 -0.0001505298 0.0009044282)
(9.827403 -7.526198e-05 0.0006360992)
(8.324053 -2.974566e-05 0.0003710033)
(5.929734 -1.9585e-06 0.0001518338)
(2.434949 7.167839e-06 1.638604e-05)
(8.514975 -0.0005491439 0.001369218)
(9.004529 -0.0003272128 0.001117518)
(8.947624 -0.0001767903 0.0008400693)
(8.337799 -8.64304e-05 0.0005679307)
(7.107543 -3.014573e-05 0.0003246669)
(5.119546 7.4265e-07 0.0001297096)
(2.146353 1.170216e-05 1.438212e-05)
(6.381351 -0.0002528797 0.0009492398)
(6.34391 -0.0001281794 0.0006593258)
(5.941702 -5.67181e-05 0.0004233876)
(5.121973 -1.856737e-05 0.0002310038)
(3.766287 5.317447e-06 8.991506e-05)
(1.648802 1.175457e-05 9.098359e-06)
(2.579636 -2.072537e-05 0.0002939392)
(2.438333 -7.569726e-06 0.0001737941)
(2.146557 1.460127e-08 8.894071e-05)
(1.648377 3.549673e-06 3.055317e-05)
(0.8038903 4.645376e-06 1.694617e-06)
(0.0001509267 2.582714e-05 0.001135029)
(0.0001516617 2.556573e-05 0.001152988)
(0.0001636327 2.764142e-05 0.0009894877)
(0.00149787 0.0002456711 0.002689317)
(0.001511024 0.000249497 0.0002149631)
(0.001513451 0.0002519065 0.0007730111)
(0.001515522 0.0002541603 0.0002720709)
(0.001503742 0.0002550678 0.0001469972)
(0.0001516738 7.44266e-05 0.001135968)
(0.0001636491 7.949903e-05 0.000974893)
(0.001500624 0.0007051478 0.002654567)
(0.001513788 0.0007255617 0.0002189195)
(0.001516072 0.0007255016 0.0007718534)
(0.001518238 0.0007344239 0.000277662)
(0.001506352 0.0007354729 0.000148923)
(0.0001636233 0.000133286 0.0009461513)
(0.00150021 0.001174171 0.002581484)
(0.001513591 0.001219805 0.0002277223)
(0.00151588 0.00123416 0.0007683176)
(0.001517975 0.001268478 0.0002886304)
(0.001506253 0.001298213 0.0001536246)
(0.001499882 0.001489868 0.002469709)
(0.00151315 0.001558434 0.0002967541)
(0.001515705 0.001577684 0.0008384031)
(0.001517939 0.001630019 0.0004072518)
(0.001506343 0.001682382 0.0002209374)
(0.001512416 0.001984802 0.0003507762)
(0.001514842 0.002169598 0.0008753264)
(0.001517372 0.002428152 0.0005031717)
(0.001509174 0.003176024 0.000279548)
(0.001513578 0.001730544 0.001728229)
(0.00152966 0.00188052 0.002569173)
(0.004543455 0.002333549 0.001919339)
(1.024783 0.001243231 0.00555211)
(1.779699 0.0002318838 0.001971231)
(2.227813 0.0001966209 0.001170207)
(2.484946 0.0001139024 0.0007794653)
(2.598169 5.144412e-05 0.0004949866)
(2.58497 2.049903e-05 0.0003090841)
(2.443351 7.277347e-06 0.000182246)
(0.001543312 0.0005085775 0.001750446)
(0.007982437 2.459541e-05 0.001257239)
(2.190465 0.001109882 0.003788517)
(4.117318 0.001092764 0.00216489)
(5.344819 0.0008015273 0.001727418)
(6.069182 0.0004814608 0.00134596)
(6.391331 0.0002589505 0.0009828276)
(6.35372 0.0001299872 0.0006835043)
(5.950921 5.610366e-05 0.0004407169)
(5.129886 1.929999e-05 0.0002385979)
(0.01006048 7.2272e-06 0.0007951798)
(2.895116 0.0007339897 0.00192014)
(5.624731 0.001000543 0.001499526)
(7.433983 0.0008356528 0.001552372)
(8.523951 0.0005580538 0.001402068)
(9.013875 0.0003321994 0.001144192)
(8.956915 0.0001792391 0.0008600016)
(8.346375 8.585145e-05 0.0005831717)
(7.114892 2.833741e-05 0.0003350636)
(5.124831 -2.942366e-07 0.0001317344)
(3.306397 0.0003547126 0.001396289)
(6.529648 0.0006150673 0.00112423)
(8.714663 0.0005701419 0.001317114)
(10.04957 0.0004154343 0.001313199)
(10.65368 0.0002632573 0.001154796)
(10.58409 0.0001511837 0.0009156121)
(9.832484 7.538463e-05 0.0006439407)
(8.328327 2.894339e-05 0.0003767777)
(5.932806 7.886371e-07 0.0001556343)
(2.436218 -6.881799e-06 1.658969e-05)
(6.954018 0.0002045716 0.0009527697)
(9.321968 0.0001998388 0.001180381)
(10.77786 0.0001502603 0.001234952)
(11.43974 9.879203e-05 0.001130086)
(11.36356 5.770141e-05 0.0009222588)
(10.54185 2.995274e-05 0.0006597207)
(8.902842 1.181754e-05 0.0003912264)
(6.311254 1.4516e-06 0.0001602761)
(2.569219 -2.547368e-06 1.809896e-05)
(9.319331 -0.0001982227 0.001172089)
(10.77523 -0.0001497866 0.001227556)
(11.43658 -9.814201e-05 0.001123418)
(11.36078 -5.795651e-05 0.0009157967)
(10.53901 -2.962338e-05 0.0006565951)
(8.900641 -1.215117e-05 0.0003875433)
(6.309585 -1.400723e-06 0.0001594767)
(2.568563 2.298872e-06 1.708145e-05)
(10.04149 -0.0004100992 0.001288864)
(10.64554 -0.000261109 0.001133779)
(10.57573 -0.0001487872 0.0008997707)
(9.825006 -7.614938e-05 0.0006308786)
(8.32183 -2.90091e-05 0.0003696378)
(5.928263 -2.75706e-06 0.0001499106)
(2.43431 7.158399e-06 1.653705e-05)
(9.002032 -0.0003252563 0.001110338)
(8.945468 -0.000177764 0.0008342925)
(8.33555 -8.461591e-05 0.0005655986)
(7.105807 -3.139931e-05 0.0003213159)
(5.118194 1.451783e-06 0.0001296325)
(2.145818 1.116475e-05 1.390606e-05)
(6.342184 -0.000126716 0.0006550361)
(5.940271 -5.796807e-05 0.0004198244)
(5.120614 -1.732329e-05 0.0002306521)
(3.765364 4.337758e-06 8.846602e-05)
(1.648373 1.205441e-05 9.332225e-06)
(2.437686 -7.038336e-06 0.0001728724)
(2.146038 -5.837107e-07 8.768571e-05)
(1.647948 3.958615e-06 3.084259e-05)
(0.8036921 4.387024e-06 1.466439e-06)
(0.0001516382 2.545068e-05 0.001147684)
(0.0001635854 2.752304e-05 0.0009851099)
(0.001497626 0.0002445828 0.002677411)
(0.00151071 0.0002483723 0.000213947)
(0.001512951 0.0002507596 0.0007694753)
(0.001515073 0.0002530162 0.00027084)
(0.001503191 0.0002539349 0.0001463425)
(0.0001636234 7.91443e-05 0.0009703929)
(0.001500203 0.0007020611 0.002642727)
(0.001513542 0.0007223818 0.0002179218)
(0.00151575 0.0007221492 0.0007681526)
(0.001517741 0.0007310731 0.0002763707)
(0.001505908 0.0007321529 0.0001482397)
(0.001499962 0.001168835 0.002569416)
(0.001513168 0.001214506 0.0002266358)
(0.001515613 0.001228614 0.0007647593)
(0.001517645 0.001262467 0.0002871723)
(0.001505768 0.001292185 0.0001528891)
(0.001512902 0.001551509 0.0002952164)
(0.001515289 0.001570615 0.0008341909)
(0.001517648 0.001622615 0.0004052269)
(0.001506005 0.001674239 0.000219756)
(0.001514567 0.002159356 0.000870496)
(0.001516961 0.002416655 0.0005004266)
(0.001508855 0.003160778 0.0002780794)
(0.001529322 0.001871431 0.002555198)
(0.004542269 0.002321945 0.001909214)
(1.024501 0.001236821 0.005524074)
(1.779238 0.0002311618 0.001961128)
(2.227207 0.00019537 0.001163676)
(2.484309 0.0001137953 0.0007757896)
(2.597475 5.09855e-05 0.0004921643)
(2.584304 2.133325e-05 0.0003066844)
(2.4427 6.484225e-06 0.0001830723)
(2.150441 1.259662e-07 9.234585e-05)
(0.007980217 2.446965e-05 0.001249772)
(2.189893 0.001105019 0.003767817)
(4.116173 0.001086723 0.002152319)
(5.343451 0.0007986204 0.001718553)
(6.067526 0.0004784685 0.001337974)
(6.389715 0.0002588425 0.0009778706)
(6.352023 0.0001292992 0.0006793884)
(5.949403 5.798115e-05 0.0004366113)
(5.128529 1.619836e-05 0.0002413768)
(3.771178 -4.46632e-06 9.154001e-05)
(2.894301 0.000729575 0.001907097)
(5.623301 0.0009972333 0.001491579)
(7.431915 0.0008307647 0.001542154)
(8.52181 0.0005567997 0.001394539)
(9.011423 0.0003298933 0.001137474)
(8.954678 0.0001798928 0.0008549015)
(8.344151 8.550515e-05 0.0005796085)
(7.113088 3.024857e-05 0.0003309616)
(5.123478 -3.163303e-06 0.0001346792)
(2.148038 -1.1373e-05 1.439511e-05)
(6.527803 0.0006117151 0.001115655)
(8.712495 0.0005691051 0.001310076)
(10.04678 0.0004127096 0.001304519)
(10.65105 0.0002631744 0.001147865)
(10.58122 0.0001499406 0.0009106455)
(9.830047 7.619048e-05 0.0006391831)
(8.326116 2.884395e-05 0.0003745162)
(5.931302 2.046033e-06 0.0001525696)
(2.435572 -7.862731e-06 1.733025e-05)
(9.319331 0.0001986422 0.00117212)
(10.77523 0.0001505232 0.001227671)
(11.43658 9.799511e-05 0.001123395)
(11.36078 5.783947e-05 0.0009157815)
(10.53901 2.962296e-05 0.0006565922)
(8.900641 1.211333e-05 0.0003875378)
(6.309585 1.436075e-06 0.0001594792)
(2.568563 -2.254453e-06 1.708287e-05)
(10.77219 -0.0001493164 0.001220119)
(11.43382 -9.791228e-05 0.001115859)
(11.35766 -5.73017e-05 0.0009112237)
(10.53644 -2.998671e-05 0.0006511027)
(8.898261 -1.187383e-05 0.0003861439)
(6.308022 -1.725336e-06 0.0001574635)
(2.567889 2.275517e-06 1.722278e-05)
(10.64256 -0.0002598042 0.001127079)
(10.5732 -0.0001494337 0.000893099)
(9.822341 -7.471167e-05 0.0006283963)
(8.319803 -2.997855e-05 0.0003658066)
(5.926692 -2.242975e-06 0.000149785)
(2.433704 6.755403e-06 1.603168e-05)
(8.943007 -0.0001761734 0.0008291651)
(8.333551 -8.604805e-05 0.0005607883)
(7.103908 -2.991894e-05 0.0003207089)
(5.116943 3.386585e-07 0.0001277163)
(2.145256 1.147333e-05 1.414263e-05)
(5.938669 -5.663378e-05 0.0004173866)
(5.119382 -1.865678e-05 0.0002279245)
(3.764375 5.279772e-06 8.886967e-05)
(1.647968 1.150259e-05 8.857655e-06)
(2.145474 -6.815372e-08 8.751563e-05)
(1.647549 3.41424e-06 3.001502e-05)
(0.8034856 4.593599e-06 1.683374e-06)
(0.0001635597 2.739866e-05 0.0009805776)
(0.001497203 0.0002435085 0.002665576)
(0.00151047 0.0002472794 0.0002129878)
(0.001512633 0.0002496011 0.0007658612)
(0.001514574 0.0002518602 0.0002695981)
(0.001502746 0.0002527878 0.0001456794)
(0.001499958 0.0006988778 0.002630544)
(0.001513115 0.0007192481 0.0002169238)
(0.001515495 0.0007189356 0.0007646919)
(0.001517418 0.0007276741 0.0002750343)
(0.001505417 0.0007287986 0.0001475502)
(0.001512923 0.001209024 0.0002255347)
(0.001515193 0.001223128 0.0007611891)
(0.001517376 0.001256757 0.0002858242)
(0.001505441 0.001286008 0.0001521175)
(0.001515027 0.001563407 0.0008299808)
(0.001517233 0.00161526 0.0004031561)
(0.001505713 0.001666554 0.0002186642)
(0.001516681 0.002405021 0.0004976537)
(0.00150845 0.003145388 0.0002765633)
(0.004541042 0.00231018 0.001898902)
(1.024233 0.001230973 0.005495825)
(1.778751 0.0002296995 0.001950671)
(2.226639 0.0001948641 0.00115784)
(2.483639 0.0001129356 0.0007712824)
(2.596817 5.117529e-05 0.0004896998)
(2.583618 2.099727e-05 0.0003047762)
(2.442071 7.276036e-06 0.0001809211)
(2.149869 -5.315473e-07 9.354986e-05)
(1.650924 -3.910685e-06 3.189096e-05)
(2.189278 0.001098613 0.003746199)
(4.11512 0.001082603 0.002141503)
(5.341975 0.0007938757 0.001708169)
(6.065997 0.0004772883 0.001330992)
(6.387987 0.0002568761 0.0009720617)
(6.35043 0.000129813 0.0006754174)
(5.947822 5.75042e-05 0.0004338357)
(5.127218 1.784446e-05 0.0002380344)
(3.770178 -6.566793e-06 9.368349e-05)
(1.650513 -1.197388e-05 9.461982e-06)
(5.621717 0.0009916229 0.001481287)
(7.430057 0.0008285124 0.001534429)
(8.519454 0.0005530683 0.001385646)
(9.009188 0.0003298116 0.001130854)
(8.95226 0.0001782567 0.0008501335)
(8.342076 8.652625e-05 0.000575364)
(7.111202 2.998759e-05 0.0003289671)
(5.122171 -1.558621e-06 0.0001320113)
(2.147468 -1.254193e-05 1.504663e-05)
(8.710035 0.0005661354 0.001300914)
(10.04431 0.0004124565 0.001297418)
(10.64811 0.000261028 0.001140994)
(10.57863 0.0001504194 0.0009043775)
(9.827403 7.525831e-05 0.0006360868)
(8.324053 2.970934e-05 0.0003709857)
(5.929734 1.987245e-06 0.0001518411)
(2.434949 -7.129236e-06 1.639002e-05)
(10.77219 0.0001497093 0.001220148)
(11.43382 9.839917e-05 0.001115959)
(11.35766 5.719743e-05 0.0009112051)
(10.53644 2.988582e-05 0.0006510888)
(8.898261 1.18591e-05 0.0003861406)
(6.308022 1.675521e-06 0.000157459)
(2.567889 -2.266022e-06 1.72229e-05)
(11.43062 -9.752571e-05 0.00110977)
(11.35494 -5.739166e-05 0.0009040843)
(10.53358 -2.943572e-05 0.0006486606)
(8.896096 -1.225928e-05 0.0003821054)
(6.306348 -1.534522e-06 0.0001573271)
(2.56725 2.106697e-06 1.670611e-05)
(10.57027 -0.0001482972 0.0008882465)
(9.819995 -7.575816e-05 0.0006227228)
(8.317568 -2.881077e-05 0.000365124)
(5.925248 -3.078149e-06 0.0001476319)
(2.433065 6.97461e-06 1.626447e-05)
(8.331281 -8.453433e-05 0.0005577373)
(7.102206 -3.148156e-05 0.0003170545)
(5.115589 1.416899e-06 0.000128087)
(2.144731 1.088249e-05 1.357886e-05)
(5.118016 -1.741026e-05 0.0002271204)
(3.763467 4.08737e-06 8.715265e-05)
(1.64754 1.193236e-05 9.221371e-06)
(1.647121 3.87367e-06 3.030008e-05)
(0.80329 4.293446e-06 1.371892e-06)
(0.00149696 0.0002423982 0.002653329)
(0.001510041 0.0002462009 0.0002120315)
(0.001512384 0.0002484882 0.0007624526)
(0.001514255 0.00025069 0.0002683241)
(0.001502253 0.0002516287 0.0001450108)
(0.001512871 0.0007159998 0.0002159049)
(0.001515071 0.0007157596 0.0007612388)
(0.001517161 0.0007244215 0.0002737854)
(0.001505096 0.0007253875 0.0001468373)
(0.00151494 0.001217499 0.0007575591)
(0.001516957 0.001251096 0.0002844676)
(0.001505172 0.001280147 0.0001514044)
(0.001516967 0.001607764 0.0004010702)
(0.001505304 0.001658898 0.0002175468)
(0.001508164 0.003129782 0.0002750328)
(1.023952 0.001224242 0.00546683)
(1.778297 0.0002291691 0.001941103)
(2.226033 0.0001935473 0.001151304)
(2.483014 0.0001128718 0.0007674048)
(2.596122 5.060906e-05 0.0004867613)
(2.582968 2.13246e-05 0.0003030138)
(2.441426 6.984378e-06 0.0001797197)
(2.149314 1.644256e-07 9.179558e-05)
(1.650484 -4.435571e-06 3.285536e-05)
(0.8049344 -4.642081e-06 1.702242e-06)
(4.113969 0.001076349 0.002128477)
(5.340634 0.0007913427 0.001699886)
(6.064333 0.00047397 0.001322917)
(6.386398 0.0002568436 0.0009666094)
(6.348725 0.0001284219 0.0006715278)
(5.946337 5.831612e-05 0.0004306826)
(5.125862 1.74527e-05 0.0002365743)
(3.769209 -5.206511e-06 9.153825e-05)
(1.650073 -1.287909e-05 1.000439e-05)
(7.42797 0.0008239586 0.001523947)
(8.517356 0.0005523222 0.001378689)
(9.006718 0.0003270122 0.001124099)
(8.950059 0.0001789244 0.0008444568)
(8.33984 8.528605e-05 0.0005724858)
(7.109435 3.109916e-05 0.000325856)
(5.12082 -1.746793e-06 0.0001314213)
(2.146916 -1.161892e-05 1.421896e-05)
(10.04149 0.00041039 0.001289013)
(10.64554 0.0002615008 0.001134064)
(10.57573 0.0001487036 0.000899723)
(9.825006 7.605688e-05 0.0006308352)
(8.32183 2.899113e-05 0.0003696254)
(5.928263 2.709654e-06 0.0001498968)
(2.43431 -7.151538e-06 1.653791e-05)
(11.43062 9.783445e-05 0.00110981)
(11.35494 5.772871e-05 0.0009041539)
(10.53358 2.936662e-05 0.0006486488)
(8.896096 1.216732e-05 0.0003820957)
(6.306348 1.499055e-06 0.0001573239)
(2.56725 -2.165739e-06 1.670346e-05)
(11.35179 -5.701959e-05 0.0008996742)
(10.53107 -2.971741e-05 0.0006425244)
(8.8937 -1.180305e-05 0.0003814455)
(6.304813 -1.853404e-06 0.0001550756)
(2.566575 2.192729e-06 1.694001e-05)
(9.817301 -7.462236e-05 0.0006197905)
(8.315583 -2.997991e-05 0.0003608425)
(5.923671 -2.244516e-06 0.0001479932)
(2.43247 6.555801e-06 1.566748e-05)
(7.100293 -3.00492e-05 0.0003159045)
(5.114361 4.195111e-08 0.000125869)
(2.144169 1.13446e-05 1.395599e-05)
(3.762476 5.094491e-06 8.742227e-05)
(1.647141 1.127778e-05 8.612271e-06)
(0.8030848 4.528337e-06 1.632524e-06)
(0.001509798 0.0002450808 0.0002110502)
(0.001511959 0.0002473879 0.0007590573)
(0.001514005 0.0002495678 0.0002671251)
(0.001501936 0.0002504522 0.0001443258)
(0.001514822 0.0007124902 0.000757692)
(0.001516738 0.0007212034 0.0002725376)
(0.001504839 0.0007221301 0.0001461708)
(0.001516702 0.001245295 0.0002830893)
(0.001504756 0.001274323 0.0001506869)
(0.001505036 0.001651101 0.0002164224)
(1.77781 0.0002275469 0.00193036)
(2.225474 0.0001931722 0.00114579)
(2.482342 0.0001119179 0.0007629523)
(2.595475 5.087126e-05 0.0004841897)
(2.582281 2.089266e-05 0.0003012026)
(2.440815 7.369295e-06 0.0001783983)
(2.14875 -1.100061e-07 9.122767e-05)
(1.650056 -3.851642e-06 3.172893e-05)
(0.8047187 -4.899103e-06 1.974304e-06)
(5.339147 0.000786694 0.001689004)
(6.062834 0.0004731886 0.001316502)
(6.38466 0.0002544907 0.0009609437)
(6.347159 0.0001290347 0.0006672064)
(5.944752 5.723674e-05 0.0004284486)
(5.124584 1.835598e-05 0.0002342858)
(3.768217 -5.506808e-06 9.117519e-05)
(1.649646 -1.210219e-05 9.319796e-06)
(8.514975 0.0005492666 0.001369365)
(9.00453 0.0003274636 0.001117908)
(8.947624 0.0001767398 0.0008400121)
(8.337799 8.635978e-05 0.0005678608)
(7.107543 3.012592e-05 0.0003246421)
(5.119546 -7.849455e-07 0.0001296862)
(2.146353 -1.169903e-05 1.43827e-05)
(10.64256 0.0002600335 0.00112721)
(10.5732 0.0001497184 0.0008932996)
(9.822341 7.465729e-05 0.000628367)
(8.319803 2.98962e-05 0.0003657769)
(5.926692 2.20757e-06 0.0001497755)
(2.433704 -6.809119e-06 1.602403e-05)
(11.35179 5.724817e-05 0.0008997106)
(10.53107 2.997576e-05 0.000642572)
(8.8937 1.176464e-05 0.0003814395)
(6.304813 1.779954e-06 0.0001550711)
(2.566575 -2.228921e-06 1.693895e-05)
(10.52817 -2.932627e-05 0.0006398542)
(8.891582 -1.215461e-05 0.0003768316)
(6.303131 -1.523169e-06 0.0001554528)
(2.565948 2.045249e-06 1.633116e-05)
(8.313328 -2.889373e-05 0.0003597058)
(5.922255 -3.26338e-06 0.0001454586)
(2.431831 6.898106e-06 1.60436e-05)
(5.113 1.17309e-06 0.0001260353)
(2.143653 1.062685e-05 1.324427e-05)
(1.646714 1.174605e-05 9.03587e-06)
(0.001511713 0.0002462531 0.0007555498)
(0.00151358 0.0002484573 0.0002659308)
(0.001501686 0.0002493265 0.0001436805)
(0.001516488 0.0007178947 0.0002712588)
(0.001504421 0.0007189041 0.0001455047)
(0.001504503 0.001268365 0.0001499581)
(2.224867 0.0001917416 0.00113904)
(2.481727 0.0001120048 0.0007592915)
(2.594778 5.018688e-05 0.0004813874)
(2.581643 2.130744e-05 0.000299391)
(2.44017 6.995703e-06 0.0001774333)
(2.148212 2.917031e-07 9.026977e-05)
(1.649625 -4.093953e-06 3.164989e-05)
(0.8045083 -4.584274e-06 1.617301e-06)
(6.061157 0.0004702001 0.001307711)
(6.383103 0.0002548926 0.0009559333)
(6.345445 0.0001272374 0.0006636945)
(5.943293 5.817602e-05 0.0004250629)
(5.123228 1.74812e-05 0.0002334211)
(3.767277 -4.686978e-06 8.986212e-05)
(1.649215 -1.223536e-05 9.49705e-06)
(9.002032 0.000325373 0.00111048)
(8.945468 0.0001779637 0.0008345785)
(8.33555 8.45835e-05 0.0005655659)
(7.105807 3.133949e-05 0.000321271)
(5.118194 -1.483131e-06 0.0001296151)
(2.145818 -1.120794e-05 1.389424e-05)
(10.57027 0.0001484714 0.0008883443)
(9.819995 7.598327e-05 0.0006228606)
(8.317568 2.878194e-05 0.0003651103)
(5.925248 3.014588e-06 0.0001476184)
(2.433065 -7.008214e-06 1.626157e-05)
(10.52817 2.949521e-05 0.0006398804)
(8.891582 1.237489e-05 0.0003768624)
(6.303131 1.509887e-06 0.0001554511)
(2.565948 -2.074317e-06 1.633062e-05)
(8.889162 -1.178091e-05 0.0003758022)
(6.301627 -1.834144e-06 0.000152756)
(2.565272 2.17765e-06 1.67083e-05)
(5.920668 -2.423982e-06 0.0001456128)
(2.431247 6.389388e-06 1.528433e-05)
(2.143091 1.112527e-05 1.36786e-05)
(0.001513333 0.0002473135 0.0002646999)
(0.001501266 0.0002482117 0.0001430374)
(0.001504172 0.0007155921 0.0001448219)
(2.481053 0.0001109919 0.000754538)
(2.594143 5.062132e-05 0.0004789349)
(2.580954 2.074526e-05 0.0002977981)
(2.439569 7.476673e-06 0.0001760874)
(2.147648 -5.033399e-08 8.995957e-05)
(1.649212 -3.721749e-06 3.107144e-05)
(0.8042998 -4.709364e-06 1.73992e-06)
(6.381351 0.0002529141 0.0009493459)
(6.34391 0.0001282923 0.0006596439)
(5.941702 5.670686e-05 0.0004233645)
(5.121973 1.85379e-05 0.0002309607)
(3.766287 -5.339071e-06 8.989308e-05)
(1.648802 -1.178196e-05 9.084434e-06)
(8.943007 0.0001762725 0.0008292741)
(8.333551 8.621405e-05 0.0005609897)
(7.103908 2.990342e-05 0.0003206945)
(5.116943 -3.826422e-07 0.0001276967)
(2.145256 -1.149972e-05 1.413786e-05)
(9.817301 7.475449e-05 0.0006198554)
(8.315583 3.017431e-05 0.0003609311)
(5.923671 2.235988e-06 0.000147989)
(2.432471 -6.580254e-06 1.566628e-05)
(8.889162 1.190416e-05 0.0003758175)
(6.301627 2.024344e-06 0.0001527726)
(2.565272 -2.186586e-06 1.670759e-05)
(6.299933 -1.558859e-06 0.0001529343)
(2.564657 2.035977e-06 1.592691e-05)
(2.430606 6.740117e-06 1.571533e-05)
(0.001501021 0.0002470653 0.0001423743)
(2.593443 4.990358e-05 0.0004757427)
(2.580327 2.133065e-05 0.0002960025)
(2.438923 6.971109e-06 0.0001753931)
(2.14712 4.51186e-07 8.897166e-05)
(1.648782 -4.017375e-06 3.116674e-05)
(0.8040978 -4.500142e-06 1.54005e-06)
(6.342184 0.0001267522 0.0006551184)
(5.940271 5.806526e-05 0.0004200513)
(5.120614 1.731836e-05 0.0002306424)
(3.765364 -4.357296e-06 8.844872e-05)
(1.648373 -1.207048e-05 9.326698e-06)
(8.331281 8.461354e-05 0.0005578108)
(7.102206 3.162708e-05 0.000317185)
(5.115589 -1.4204e-06 0.0001280832)
(2.144731 -1.089779e-05 1.357668e-05)
(8.313328 2.899104e-05 0.0003597424)
(5.922255 3.430792e-06 0.0001455053)
(2.431831 -6.90492e-06 1.604162e-05)
(6.299933 1.639114e-06 0.0001529407)
(2.564657 -1.911021e-06 1.593213e-05)
(2.563978 2.136653e-06 1.635795e-05)
(2.579636 2.073161e-05 0.0002939822)
(2.438333 7.605375e-06 0.000173967)
(2.146557 -1.803632e-08 8.892825e-05)
(1.648377 -3.552013e-06 3.054779e-05)
(0.8038903 -4.649282e-06 1.690501e-06)
(5.938669 5.666502e-05 0.0004174419)
(5.119382 1.874067e-05 0.0002280707)
(3.764375 -5.279933e-06 8.886619e-05)
(1.647968 -1.150804e-05 8.855833e-06)
(7.100293 3.010865e-05 0.0003159457)
(5.114361 8.243261e-08 0.0001259382)
(2.144169 -1.134945e-05 1.395295e-05)
(5.920668 2.487853e-06 0.0001456279)
(2.431247 -6.28042e-06 1.529901e-05)
(2.563978 -2.094919e-06 1.635941e-05)
(2.437686 7.04538e-06 0.0001729043)
(2.146038 6.146576e-07 8.779322e-05)
(1.647948 -3.961647e-06 3.083538e-05)
(0.8036921 -4.386483e-06 1.46649e-06)
(5.118016 1.743418e-05 0.0002271515)
(3.763467 -4.016509e-06 8.722967e-05)
(1.64754 -1.193548e-05 9.217913e-06)
(5.113 -1.134341e-06 0.000126052)
(2.143653 -1.054835e-05 1.326594e-05)
(2.430605 -6.7062e-06 1.571884e-05)
(2.145474 7.435888e-08 8.753469e-05)
(1.647549 -3.390314e-06 3.006734e-05)
(0.8034856 -4.596319e-06 1.680034e-06)
(3.762476 -5.078748e-06 8.74356e-05)
(1.647141 -1.123695e-05 8.635965e-06)
(2.143091 -1.11033e-05 1.368293e-05)
(1.647121 -3.868166e-06 3.030916e-05)
(0.80329 -4.282683e-06 1.385583e-06)
(1.646714 -1.17359e-05 9.039778e-06)
(0.8030848 -4.524542e-06 1.635308e-06)
)
;

boundaryField
{
    anodeSides
    {
        type            fixedValue;
        value           uniform (0 0 0);
    }
    fuelInlet
    {
        type            fixedValue;
        value           nonuniform List<vector> 0();
    }
    fuelOutlet
    {
        type            inletOutlet;
        inletValue      nonuniform List<vector> 0();
        value           nonuniform List<vector> 0();
    }
    fuel_to_electrolyte
    {
        type            fixedValue;
        value           uniform (0 0 0);
    }
    fuel_to_interconnect
    {
        type            fixedValue;
        value           uniform (0 0 0);
    }
    procBoundary2to1
    {
        type            processor;
        value           nonuniform List<vector> 
400
(
(1.48965e-05 -3.307738e-06 0.0001597732)
(1.48968e-05 -9.816713e-06 0.0001583811)
(1.50857e-05 -3.314968e-06 0.0004524102)
(1.489602e-05 -1.731961e-05 0.0001550424)
(1.5086e-05 -9.751181e-06 0.0004482509)
(1.50966e-05 -3.212926e-06 0.0006245933)
(1.48931e-05 -2.43596e-05 0.0001487836)
(1.50852e-05 -1.715423e-05 0.0004382621)
(1.50969e-05 -9.38012e-06 0.0006186238)
(1.511241e-05 -3.041366e-06 0.0009749194)
(1.488618e-05 -3.198633e-05 0.0001386469)
(1.508231e-05 -2.401134e-05 0.0004195046)
(1.509611e-05 -1.639884e-05 0.0006042921)
(1.511271e-05 -8.952732e-06 0.0009653723)
(1.592195e-05 -2.981969e-06 0.0007741645)
(1.487896e-05 -3.081191e-05 0.000125247)
(1.507539e-05 -3.144835e-05 0.000389029)
(1.50934e-05 -2.271357e-05 0.0005773732)
(1.511195e-05 -1.55295e-05 0.0009424714)
(1.592244e-05 -8.515047e-06 0.000766503)
(0.0001437558 -2.616053e-05 0.001512129)
(1.486832e-05 -2.202327e-05 0.00011173)
(1.506812e-05 -3.012407e-05 0.0003486379)
(1.508674e-05 -2.957538e-05 0.0005335742)
(1.510946e-05 -2.121976e-05 0.0008994787)
(1.592173e-05 -1.45007e-05 0.0007481574)
(0.0001437832 -7.534451e-05 0.001497146)
(0.0001508995 -2.663764e-05 0.001070043)
(1.4859e-05 -1.542084e-05 0.0001007548)
(1.505725e-05 -2.132196e-05 0.000307841)
(1.507964e-05 -2.797389e-05 0.000475425)
(1.510311e-05 -2.741815e-05 0.0008293833)
(1.591961e-05 -1.916354e-05 0.0007136899)
(0.0001437769 -0.0001278134 0.001461153)
(0.0001509298 -7.857814e-05 0.001059445)
(0.0001513607 -2.692125e-05 0.001185576)
(1.485178e-05 -8.667378e-06 9.328514e-05)
(1.504775e-05 -1.48778e-05 0.0002747269)
(1.506868e-05 -1.93619e-05 0.000416681)
(1.509622e-05 -2.549616e-05 0.0007360786)
(1.591366e-05 -2.426729e-05 0.0006574029)
(0.0001437587 -0.0001676754 0.001393575)
(0.0001509233 -0.0001331424 0.00103402)
(0.0001513913 -7.796627e-05 0.001173839)
(0.000152072 -2.653622e-05 0.001198795)
(1.484757e-05 -2.854314e-06 8.955608e-05)
(1.50404e-05 -8.328882e-06 0.0002521931)
(1.50591e-05 -1.340129e-05 0.0003690134)
(1.508516e-05 -1.710289e-05 0.0006417546)
(1.5907e-05 -2.155642e-05 0.0005822272)
(0.0001437062 -0.0002112989 0.001282868)
(0.0001509046 -0.0001742486 0.0009868264)
(0.000151385 -0.0001318421 0.001145668)
(0.0001521044 -7.756726e-05 0.001187008)
(0.0001640245 -2.858032e-05 0.001024249)
(1.484758e-05 2.85353e-06 8.955575e-05)
(1.503616e-05 -2.741159e-06 0.0002409432)
(1.50517e-05 -7.432086e-06 0.0003365785)
(1.507551e-05 -1.169944e-05 0.000565256)
(1.589529e-05 -1.319242e-05 0.0005063629)
(0.0001436466 -0.0001856802 0.001135412)
(0.0001508497 -0.0002193037 0.000909339)
(0.0001513668 -0.0001718522 0.001093563)
(0.0001520983 -0.0001309365 0.001158611)
(0.0001640851 -8.252724e-05 0.001013996)
(0.001501136 -0.0002531208 0.002771368)
(1.485179e-05 8.666783e-06 9.328417e-05)
(1.503616e-05 2.740418e-06 0.0002409422)
(1.504751e-05 -2.442437e-06 0.0003203849)
(1.506807e-05 -6.398239e-06 0.0005132073)
(1.588507e-05 -8.693915e-06 0.000444861)
(0.0001435405 -0.0001110375 0.0009853464)
(0.000150787 -0.0001919896 0.0008100809)
(0.0001513123 -0.0002158291 0.001007947)
(0.0001520805 -0.0001700479 0.001106619)
(0.0001640788 -0.0001389657 0.0009896435)
(0.001504119 -0.0007296901 0.002748624)
(0.001514028 -0.0002558482 0.0002205363)
(1.485902e-05 1.542076e-05 0.0001007534)
(1.504041e-05 8.328319e-06 0.0002521901)
(1.504751e-05 2.441802e-06 0.0003203834)
(1.506393e-05 -2.098034e-06 0.0004872178)
(1.587721e-05 -4.535926e-06 0.0004030232)
(0.000143448 -7.242364e-05 0.0008637702)
(0.000150675 -0.0001138081 0.0007030961)
(0.0001512494 -0.0001877333 0.0008998415)
(0.0001520262 -0.0002131919 0.001020829)
(0.0001640602 -0.0001795317 0.0009449129)
(0.001504078 -0.001220683 0.00268742)
(0.001517083 -0.0007473113 0.0002257806)
(0.001515916 -0.000257223 0.0007893841)
(1.486835e-05 2.202342e-05 0.000111729)
(1.504777e-05 1.487772e-05 0.0002747229)
(1.505171e-05 7.431602e-06 0.0003365742)
(1.506394e-05 2.097523e-06 0.0004872154)
(1.587301e-05 -1.475857e-06 0.0003821318)
(0.0001433769 -3.727065e-05 0.0007810852)
(0.0001505775 -7.395311e-05 0.0006163444)
(0.0001511364 -0.0001095956 0.000780721)
(0.0001519629 -0.000184317 0.0009167989)
(0.000164002 -0.0002245768 0.0008714874)
(0.001503932 -0.001555771 0.002588776)
(0.001517086 -0.001262155 0.0002362324)
(0.001519009 -0.0007441554 0.0007920546)
(0.001517532 -0.0002583776 0.0002765944)
(1.487897e-05 3.081188e-05 0.0001252461)
(1.505728e-05 2.13221e-05 0.0003078379)
(1.505912e-05 1.340121e-05 0.0003690076)
(1.506808e-05 6.397848e-06 0.0005132006)
(1.587301e-05 1.475574e-06 0.0003821299)
(0.0001433391 -1.209812e-05 0.0007398015)
(0.0001505027 -3.786511e-05 0.0005572928)
(0.0001510383 -7.0746e-05 0.0006840689)
(0.0001518487 -0.0001059971 0.0007949879)
(0.0001639328 -0.0001924141 0.0007815036)
(0.001503404 -0.001927136 0.002410049)
(0.001516992 -0.001619229 0.0003101016)
(0.001519083 -0.001272171 0.0007929374)
(0.001520672 -0.0007499554 0.0002836561)
(0.001505175 -0.0002581659 0.0001487777)
(1.488615e-05 3.198593e-05 0.0001386461)
(1.506813e-05 3.012403e-05 0.0003486351)
(1.50687e-05 1.936201e-05 0.0004166764)
(1.507553e-05 1.169937e-05 0.0005652469)
(1.587722e-05 4.535704e-06 0.0004030179)
(0.0001433392 1.209598e-05 0.0007397978)
(0.0001504631 -1.228035e-05 0.0005278081)
(0.000150963 -3.58962e-05 0.0006182826)
(0.0001517495 -6.797958e-05 0.0006961057)
(0.0001638078 -0.0001080994 0.0006779537)
(0.001502707 -0.001614912 0.002305308)
(0.001516432 -0.002072793 0.0003696221)
(0.001519105 -0.001633725 0.0008710307)
(0.001520843 -0.001301631 0.0002964969)
(0.001508312 -0.0007477086 0.0001514396)
(1.489306e-05 2.435921e-05 0.0001487821)
(1.507536e-05 3.144796e-05 0.0003890264)
(1.507965e-05 2.797384e-05 0.0004754209)
(1.508518e-05 1.710296e-05 0.0006417475)
(1.588508e-05 8.693849e-06 0.0004448538)
(0.0001433769 3.726896e-05 0.0007810745)
(0.0001504631 1.227826e-05 0.0005278055)
(0.0001509233 -1.162346e-05 0.0005854317)
(0.0001516737 -3.418292e-05 0.0006287803)
(0.0001636996 -6.862311e-05 0.0005937806)
(0.0015015 -0.0008589156 0.001981291)
(0.001515528 -0.001725102 0.0009857)
(0.001518579 -0.002259312 0.0009170518)
(0.001521042 -0.001680812 0.0004212904)
(0.001508601 -0.001326224 0.0001570507)
(1.4896e-05 1.731956e-05 0.0001550409)
(1.508227e-05 2.401096e-05 0.0004195003)
(1.508672e-05 2.957504e-05 0.0005335703)
(1.509623e-05 2.549609e-05 0.0007360722)
(1.58953e-05 1.319242e-05 0.0005063573)
(0.000143448 7.242305e-05 0.0008637558)
(0.0001505027 3.786345e-05 0.0005572853)
(0.0001509233 1.16216e-05 0.0005854288)
(0.0001516338 -1.105106e-05 0.0005951663)
(0.000163617 -3.401465e-05 0.0005365206)
(0.001500473 -0.0005293022 0.001719127)
(0.001514093 -0.0008573522 0.0007565924)
(0.001517503 -0.001810321 0.001823499)
(0.00152069 -0.002518275 0.0005243119)
(0.00150907 -0.001726999 0.0002273279)
(1.48968e-05 9.816713e-06 0.0001583798)
(1.508518e-05 1.715418e-05 0.0004382578)
(1.509337e-05 2.271323e-05 0.000577367)
(1.510309e-05 2.741785e-05 0.0008293772)
(1.5907e-05 2.155632e-05 0.0005822221)
(0.0001435406 0.0001110374 0.000985335)
(0.0001505776 7.395251e-05 0.0006163342)
(0.000150963 3.589471e-05 0.0006182743)
(0.0001516338 1.104941e-05 0.0005951634)
(0.0001635739 -1.096808e-05 0.0005079148)
(0.001499698 -0.000251391 0.001539822)
(0.001512934 -0.0005273109 0.0005804833)
(0.001515827 -0.0006821847 0.001416929)
(0.001533274 -0.00195985 0.002689326)
(0.001512142 -0.00328112 0.0002897512)
(1.48965e-05 3.30774e-06 0.0001597718)
(1.5086e-05 9.751178e-06 0.0004482468)
(1.50961e-05 1.639878e-05 0.0006042859)
(1.510943e-05 2.121947e-05 0.0008994691)
(1.591365e-05 2.426706e-05 0.0006573981)
(0.0001436466 0.0001856793 0.001135402)
(0.0001506751 0.0001138079 0.000703088)
(0.0001510383 7.074541e-05 0.0006840577)
(0.0001516737 3.418159e-05 0.0006287719)
(0.0001635739 1.096662e-05 0.0005079123)
(0.0014993 -8.035626e-05 0.001450756)
(0.001512091 -0.0002492879 0.0004685573)
(0.001514548 -0.0004028046 0.001106713)
(0.001547291 -0.0005302927 0.001850812)
(0.004553354 -0.00242403 0.001997944)
(1.50857e-05 3.314968e-06 0.0004524062)
(1.50969e-05 9.38011e-06 0.0006186179)
(1.511194e-05 1.552944e-05 0.0009424617)
(1.59196e-05 1.916334e-05 0.0007136823)
(0.0001437061 0.000211297 0.001282858)
(0.000150787 0.0001919886 0.0008100736)
(0.0001511365 0.0001095953 0.0007807121)
(0.0001517496 6.7979e-05 0.0006960944)
(0.0001636171 3.401345e-05 0.0005365135)
(0.0014993 8.03499e-05 0.001450749)
(0.001511662 -7.985318e-05 0.0004151422)
(0.001513651 -0.0001782779 0.0009186652)
(0.001555562 -0.0002995848 0.001248054)
(0.008002117 -2.565691e-05 0.001320962)
(1.026743 -0.001285589 0.005744773)
(1.50966e-05 3.212923e-06 0.0006245876)
(1.511271e-05 8.952712e-06 0.0009653631)
(1.592172e-05 1.450062e-05 0.0007481498)
(0.0001437586 0.0001676737 0.001393559)
(0.0001508496 0.0002193018 0.0009093321)
(0.0001512494 0.0001877323 0.0008998334)
(0.0001518487 0.0001059967 0.0007949789)
(0.0001636996 6.862251e-05 0.0005937711)
(0.001499698 0.0002513852 0.001539801)
(0.001511662 7.984546e-05 0.000415141)
(0.001513203 -5.672544e-05 0.000828643)
(0.001560272 -0.0001220672 0.000983412)
(0.01008792 -7.571278e-06 0.0008471671)
(2.19529 -0.001154912 0.003951022)
(1.782582 -0.0002384582 0.002029302)
(1.511242e-05 3.041361e-06 0.0009749104)
(1.592244e-05 8.515008e-06 0.0007664958)
(0.0001437769 0.0001278126 0.001461138)
(0.0001509045 0.0001742468 0.0009868157)
(0.0001513122 0.0002158273 0.00100794)
(0.0001519629 0.0001843159 0.0009167907)
(0.0001638078 0.000108099 0.0006779461)
(0.001500473 0.000529297 0.0017191)
(0.001512091 0.0002492812 0.0004685539)
(0.001513204 5.672111e-05 0.0008286402)
(0.001562436 -3.865156e-05 0.0008603867)
(0.01130736 -1.693188e-06 0.000663281)
(2.902202 -0.0007674336 0.002028858)
(4.125101 -0.00113015 0.002244083)
(2.230769 -0.000201136 0.001198605)
(1.592195e-05 2.981956e-06 0.0007741574)
(0.0001437832 7.534412e-05 0.001497132)
(0.0001509233 0.0001331416 0.001034009)
(0.0001513667 0.0001718506 0.001093551)
(0.0001520261 0.0002131901 0.001020821)
(0.0001639328 0.0001924129 0.0007814966)
(0.0015015 0.0008589095 0.001981268)
(0.001512935 0.000527306 0.0005804779)
(0.001513651 0.0001782739 0.0009186573)
(0.001562437 3.864872e-05 0.0008603843)
(0.01187425 -6.615953e-07 0.0005784086)
(3.315384 -0.0003732601 0.001498093)
(5.636901 -0.001040653 0.001569906)
(5.353403 -0.0008262642 0.001781269)
(2.487566 -0.0001165318 0.000794641)
(0.0001437558 2.61604e-05 0.001512115)
(0.0001509298 7.857773e-05 0.001059435)
(0.000151385 0.0001318413 0.001145657)
(0.0001520804 0.0001700463 0.001106607)
(0.0001640019 0.000224575 0.0008714809)
(0.001502707 0.0016149 0.002305287)
(0.001514093 0.0008573469 0.0007565859)
(0.001514548 0.0004028008 0.001106701)
(0.001560272 0.0001220646 0.000983405)
(0.01187425 6.614674e-07 0.000578407)
(3.507502 -0.0001160603 0.001295174)
(6.545378 -0.0006413771 0.001189491)
(7.447799 -0.0008643468 0.00161189)
(6.077143 -0.0004946431 0.001379419)
(2.600186 -5.254084e-05 0.0005014366)
(0.0001508995 2.663751e-05 0.001070033)
(0.0001513913 7.796584e-05 0.001173828)
(0.0001520983 0.0001309356 0.001158599)
(0.0001640602 0.0001795301 0.0009449028)
(0.001503404 0.001927121 0.00241003)
(0.001515528 0.00172509 0.0009856919)
(0.001515827 0.0006821798 0.001416916)
(0.001555562 0.0002995822 0.001248043)
(0.01130736 1.693091e-06 0.0006632764)
(3.507502 0.0001160384 0.00129517)
(6.972698 -0.0002142641 0.00102018)
(8.733239 -0.0005929073 0.001380075)
(8.537442 -0.0005765113 0.001446535)
(6.397997 -0.000267191 0.001001831)
(2.586297 -2.197193e-05 0.0003099868)
(0.0001513607 2.692111e-05 0.001185566)
(0.0001521044 7.756682e-05 0.001186996)
(0.0001640787 0.0001389648 0.0009896335)
(0.001503932 0.001555759 0.002588747)
(0.001516431 0.002072777 0.0003696188)
(0.001517503 0.001810308 0.001823484)
(0.001547291 0.000530289 0.001850797)
(0.01008792 7.571184e-06 0.0008471597)
(3.315384 0.000373241 0.001498082)
(6.972698 0.0002142239 0.001020178)
(9.34411 -0.000207694 0.001245906)
(10.06794 -0.0004296925 0.001363022)
(9.025519 -0.0003423701 0.001172566)
(6.358599 -0.0001350099 0.0006916368)
(2.44395 -7.575323e-06 0.0001822084)
(0.000152072 2.653608e-05 0.001198784)
(0.0001640851 8.252674e-05 0.001013987)
(0.001504078 0.001220675 0.002687392)
(0.001516991 0.001619216 0.0003100985)
(0.001518579 0.002259294 0.0009170445)
(0.001533274 0.001959836 0.002689304)
(0.008002117 2.565671e-05 0.001320951)
(2.902202 0.0007674193 0.002028841)
(6.545378 0.000641343 0.001189486)
(9.34411 0.0002076558 0.001245905)
(10.80052 -0.0001564023 0.001290843)
(10.6703 -0.0002726522 0.001190077)
(8.966158 -0.0001864372 0.00087573)
(5.953956 -6.124017e-05 0.0004406464)
(2.150967 -2.015795e-07 9.199585e-05)
(0.0001640245 2.858015e-05 0.001024239)
(0.001504118 0.0007296851 0.002748597)
(0.001517086 0.001262146 0.00023623)
(0.001519104 0.001633713 0.0008710222)
(0.00152069 0.002518255 0.0005243074)
(0.004553354 0.002424012 0.001997928)
(2.19529 0.0011549 0.00395099)
(5.636901 0.001040629 0.001569897)
(8.733239 0.0005928755 0.001380072)
(10.80052 0.0001563746 0.001290842)
(11.46036 -0.0001022902 0.001171252)
(10.5976 -0.0001562213 0.0009374341)
(8.352731 -9.029585e-05 0.0005889455)
(5.131142 -1.961438e-05 0.0002393194)
(1.651328 3.947614e-06 3.156235e-05)
(0.001501136 0.0002531191 0.002771342)
(0.001517083 0.0007473062 0.0002257783)
(0.001519083 0.001272161 0.0007929297)
(0.001521042 0.001680799 0.0004212865)
(0.001512142 0.003281095 0.0002897489)
(1.026743 0.001285579 0.005744727)
(4.125101 0.001130137 0.002244068)
(7.447799 0.0008643257 0.001611884)
(10.06794 0.00042967 0.001363019)
(11.46036 0.0001022718 0.001171252)
(11.38111 -6.001484e-05 0.0009485842)
(9.842558 -7.916606e-05 0.0006537277)
(7.118508 -3.2829e-05 0.000332907)
(3.772099 4.458593e-06 9.152917e-05)
(0.8051312 4.685611e-06 1.616614e-06)
(0.001514028 0.0002558466 0.0002205341)
(0.001519009 0.0007441502 0.0007920472)
(0.001520842 0.001301621 0.000296494)
(0.00150907 0.001726986 0.0002273259)
(1.782582 0.0002384566 0.002029287)
(5.353403 0.0008262539 0.001781259)
(8.537442 0.0005764971 0.001446529)
(10.6703 0.000272637 0.001190073)
(11.38111 6.000029e-05 0.0009485826)
(10.55523 -3.108338e-05 0.0006739916)
(8.334646 -3.117895e-05 0.0003784023)
(5.126083 2.732237e-07 0.000131962)
(1.650916 1.195921e-05 9.395614e-06)
(0.001515916 0.0002572213 0.000789377)
(0.001520672 0.0007499501 0.0002836533)
(0.001508601 0.001326215 0.0001570493)
(2.230769 0.0002011349 0.001198597)
(6.077143 0.0004946365 0.00137941)
(9.025519 0.0003423606 0.001172558)
(10.5976 0.0001562095 0.0009374289)
(10.55523 3.106941e-05 0.0006739899)
(8.911946 -1.270709e-05 0.0003945892)
(5.935816 -3.305761e-06 0.0001520181)
(2.148562 1.122274e-05 1.429269e-05)
(0.001517531 0.0002583758 0.0002765917)
(0.001508312 0.0007477033 0.0001514383)
(2.487566 0.0001165309 0.0007946356)
(6.397997 0.0002671871 0.001001823)
(8.966158 0.0001864293 0.0008757213)
(9.842558 7.915415e-05 0.0006537225)
(8.911946 1.269344e-05 0.0003945876)
(6.316047 -1.964314e-06 0.0001591916)
(2.436811 6.648866e-06 1.635353e-05)
(0.001505175 0.0002581641 0.0001487764)
(2.600186 5.254066e-05 0.0005014321)
(6.358599 0.0001350066 0.0006916286)
(8.352731 9.028756e-05 0.0005889377)
(8.334646 3.116779e-05 0.0003783985)
(6.316047 1.954604e-06 0.0001591911)
(2.570524 2.046373e-06 1.693612e-05)
(2.586297 2.197169e-05 0.0003099831)
(5.953956 6.123683e-05 0.0004406395)
(7.118508 3.282148e-05 0.0003329016)
(5.935816 3.297056e-06 0.0001520165)
(2.570524 -2.050849e-06 1.693644e-05)
(2.44395 7.574901e-06 0.0001822055)
(5.131142 1.961128e-05 0.0002393151)
(5.126083 -2.788846e-07 0.0001319599)
(2.436811 -6.652069e-06 1.635359e-05)
(2.150967 2.012052e-07 9.199391e-05)
(3.772099 -4.460709e-06 9.152785e-05)
(2.148562 -1.122461e-05 1.429215e-05)
(1.651328 -3.94794e-06 3.156211e-05)
(1.650916 -1.196014e-05 9.395381e-06)
(0.8051312 -4.685879e-06 1.616699e-06)
)
;
    }
    procBoundary2to3
    {
        type            processor;
        value           nonuniform List<vector> 
400
(
(1.484414e-05 -3.178565e-06 0.0001525293)
(1.484496e-05 -9.449542e-06 0.0001511755)
(1.503325e-05 -3.184649e-06 0.0004312124)
(1.484539e-05 -1.671082e-05 0.0001479135)
(1.503406e-05 -9.383975e-06 0.0004271428)
(1.504527e-05 -3.084302e-06 0.0005949153)
(1.484551e-05 -2.36118e-05 0.0001417574)
(1.503442e-05 -1.654489e-05 0.0004173335)
(1.504602e-05 -9.018822e-06 0.000589049)
(1.506231e-05 -2.916938e-06 0.0009289663)
(1.484282e-05 -3.111195e-05 0.0001317107)
(1.503443e-05 -2.326168e-05 0.0003988077)
(1.504628e-05 -1.579828e-05 0.0005749236)
(1.506302e-05 -8.597283e-06 0.0009195447)
(1.587176e-05 -2.851768e-06 0.0007378103)
(1.483942e-05 -3.014341e-05 0.0001183395)
(1.503152e-05 -3.056745e-05 0.0003685038)
(1.50461e-05 -2.197159e-05 0.0005482599)
(1.506317e-05 -1.493745e-05 0.0008968937)
(1.587258e-05 -8.14983e-06 0.0007302357)
(0.0001433069 -2.500381e-05 0.001441518)
(1.482908e-05 -2.17342e-05 0.0001048166)
(1.502789e-05 -2.94477e-05 0.0003280903)
(1.504292e-05 -2.86947e-05 0.0005046092)
(1.50628e-05 -2.048449e-05 0.0008541875)
(1.587256e-05 -1.388967e-05 0.0007120612)
(0.0001433371 -7.206072e-05 0.001426684)
(0.0001504298 -2.545622e-05 0.001020006)
(1.481862e-05 -1.526404e-05 9.383189e-05)
(1.501733e-05 -2.102825e-05 0.0002871863)
(1.503901e-05 -2.729031e-05 0.0004463215)
(1.505932e-05 -2.653527e-05 0.0007841742)
(1.587184e-05 -1.839565e-05 0.0006777791)
(0.0001433366 -0.0001223146 0.001390984)
(0.0001504629 -7.513551e-05 0.001009513)
(0.0001508919 -2.571748e-05 0.001130162)
(1.481027e-05 -8.61025e-06 8.635499e-05)
(1.500678e-05 -1.471805e-05 0.000253978)
(1.502836e-05 -1.905976e-05 0.0003873353)
(1.50551e-05 -2.480201e-05 0.0006904761)
(1.586767e-05 -2.332363e-05 0.0006215002)
(0.0001433297 -0.0001607489 0.001323699)
(0.0001504624 -0.0001273754 0.0009842937)
(0.0001509253 -7.452027e-05 0.001118535)
(0.0001516032 -2.534234e-05 0.001142762)
(1.480581e-05 -2.839107e-06 8.261976e-05)
(1.499837e-05 -8.270296e-06 0.0002313799)
(1.501792e-05 -1.32351e-05 0.0003394669)
(1.504436e-05 -1.678925e-05 0.0005956251)
(1.586273e-05 -2.079402e-05 0.0005459489)
(0.0001432912 -0.000202753 0.001212919)
(0.000150455 -0.0001669785 0.00093728)
(0.0001509247 -0.0001260657 0.001090585)
(0.0001516383 -7.411146e-05 0.001131081)
(0.0001635218 -2.728156e-05 0.0009763727)
(1.480558e-05 2.833804e-06 8.261757e-05)
(1.499389e-05 -2.725371e-06 0.0002200909)
(1.500964e-05 -7.369429e-06 0.0003068973)
(1.503408e-05 -1.152459e-05 0.0005186997)
(1.585137e-05 -1.283046e-05 0.0004696066)
(0.0001432453 -0.0001787402 0.001064579)
(0.0001504141 -0.0002103186 0.0008597201)
(0.000150917 -0.0001645611 0.001038656)
(0.0001516377 -0.00012514 0.001102897)
(0.0001635851 -7.880764e-05 0.000966218)
(0.001496611 -0.0002413527 0.002641969)
(1.480974e-05 8.605409e-06 8.634818e-05)
(1.499367e-05 2.720364e-06 0.0002200843)
(1.500525e-05 -2.42502e-06 0.0002906269)
(1.502596e-05 -6.330166e-06 0.0004663661)
(1.584095e-05 -8.486114e-06 0.0004077206)
(0.0001431423 -0.0001077097 0.0009135124)
(0.0001503652 -0.0001846825 0.0007596189)
(0.0001508755 -0.0002067926 0.0009529342)
(0.0001516298 -0.0001627228 0.001051043)
(0.0001635844 -0.0001327207 0.0009420474)
(0.001499607 -0.0006958726 0.002619245)
(0.001509448 -0.0002440264 0.0002101475)
(1.481792e-05 1.52625e-05 9.382148e-05)
(1.499787e-05 8.265725e-06 0.0002313593)
(1.500507e-05 2.420738e-06 0.0002906174)
(1.502167e-05 -2.078507e-06 0.0004402197)
(1.583279e-05 -4.449571e-06 0.0003656268)
(0.0001430488 -7.0503e-05 0.0007911344)
(0.0001502565 -0.000110298 0.0006520057)
(0.0001508254 -0.0001803666 0.0008437835)
(0.0001515875 -0.0002040883 0.0009651056)
(0.0001635755 -0.0001716264 0.0008974448)
(0.00149961 -0.001163802 0.00255829)
(0.001512518 -0.0007129303 0.0002149728)
(0.001511362 -0.0002451873 0.000752302)
(1.482834e-05 2.173411e-05 0.0001048076)
(1.500612e-05 1.471658e-05 0.0002539466)
(1.500922e-05 7.365518e-06 0.000306868)
(1.502152e-05 2.07505e-06 0.000440205)
(1.582852e-05 -1.449781e-06 0.000344596)
(0.0001429757 -3.646338e-05 0.0007079157)
(0.0001501582 -7.192439e-05 0.0005647454)
(0.0001507158 -0.000106046 0.0007239833)
(0.0001515361 -0.0001768804 0.0008597509)
(0.0001635287 -0.0002147112 0.0008238989)
(0.00149953 -0.001483496 0.002458799)
(0.001512567 -0.001203836 0.000224541)
(0.001514469 -0.0007094139 0.0007544156)
(0.001512982 -0.0002462408 0.0002635607)
(1.483923e-05 3.014232e-05 0.0001183297)
(1.501663e-05 2.102814e-05 0.0002871594)
(1.501736e-05 1.323379e-05 0.0003394221)
(1.502561e-05 6.327005e-06 0.0004663205)
(1.582845e-05 1.447833e-06 0.0003445843)
(0.0001429376 -1.185248e-05 0.0006663432)
(0.0001500815 -3.700993e-05 0.0005053539)
(0.0001506172 -6.868954e-05 0.0006267816)
(0.0001514253 -0.0001024065 0.0007373249)
(0.0001634711 -0.0001843328 0.0007328477)
(0.001499074 -0.001836475 0.002278624)
(0.001512545 -0.001544916 0.0002938597)
(0.001514586 -0.00121222 0.0007542366)
(0.001516135 -0.0007147871 0.0002700808)
(0.001500672 -0.0002459914 0.0001417608)
(1.484263e-05 3.111143e-05 0.0001317011)
(1.50277e-05 2.944662e-05 0.0003280611)
(1.502775e-05 1.905959e-05 0.000387297)
(1.503362e-05 1.152348e-05 0.0005186303)
(1.583261e-05 4.447772e-06 0.0003655905)
(0.000142937 1.183769e-05 0.00066632)
(0.0001500415 -1.201955e-05 0.0004756826)
(0.0001505405 -3.5025e-05 0.0005606261)
(0.0001513261 -6.589516e-05 0.0006379421)
(0.0001633497 -0.0001041899 0.0006287526)
(0.001498453 -0.001540061 0.002163487)
(0.001512067 -0.001976368 0.000349085)
(0.001514672 -0.001556648 0.0008262178)
(0.001516348 -0.001239871 0.0002818351)
(0.001503822 -0.0007124866 0.0001441926)
(1.484503e-05 2.36112e-05 0.0001417484)
(1.503133e-05 3.056689e-05 0.0003684755)
(1.503883e-05 2.728926e-05 0.00044628)
(1.504387e-05 1.678901e-05 0.0005955663)
(1.58407e-05 8.485296e-06 0.0004076655)
(0.0001429744 3.644967e-05 0.0007078437)
(0.000150041 1.200503e-05 0.0004756661)
(0.0001505005 -1.135679e-05 0.0005275722)
(0.0001512491 -3.329615e-05 0.000570279)
(0.000163242 -6.634746e-05 0.000544139)
(0.001497279 -0.0008220863 0.001839865)
(0.001511252 -0.001646529 0.0009307461)
(0.001514216 -0.00214989 0.0008663357)
(0.001516612 -0.001600767 0.0003992158)
(0.001504151 -0.001262815 0.0001492941)
(1.484462e-05 1.670992e-05 0.0001479043)
(1.503396e-05 2.326106e-05 0.000398781)
(1.504274e-05 2.869406e-05 0.0005045692)
(1.505494e-05 2.4801e-05 0.0006904127)
(1.585109e-05 1.283003e-05 0.0004695602)
(0.000143047 7.049617e-05 0.0007910248)
(0.0001500802 3.699646e-05 0.0005053027)
(0.0001505 1.134381e-05 0.000527554)
(0.000151209 -1.077878e-05 0.0005364765)
(0.0001631587 -3.304105e-05 0.0004865776)
(0.001496268 -0.0005077005 0.001577951)
(0.001509848 -0.0008223991 0.0007106736)
(0.001513227 -0.001723046 0.001719656)
(0.001516328 -0.002394345 0.0004952456)
(0.001504684 -0.001643861 0.0002154219)
(1.484398e-05 9.448907e-06 0.0001511659)
(1.503368e-05 1.654401e-05 0.0004173062)
(1.504568e-05 2.197094e-05 0.0005482224)
(1.505915e-05 2.653454e-05 0.0007841133)
(1.586261e-05 2.0793e-05 0.000545899)
(0.0001431403 0.0001077055 0.0009134187)
(0.0001501564 7.19175e-05 0.0005646676)
(0.0001505393 3.501291e-05 0.0005605699)
(0.0001512086 1.076716e-05 0.0005364581)
(0.0001631155 -1.066789e-05 0.0004578049)
(0.001495498 -0.0002419908 0.00139885)
(0.001508702 -0.000507161 0.0005412986)
(0.001511576 -0.0006522394 0.001327326)
(0.001528962 -0.001863152 0.002542919)
(0.001507812 -0.003115616 0.0002737027)
(1.484308e-05 3.178334e-06 0.0001525195)
(1.503312e-05 9.383352e-06 0.0004271145)
(1.504562e-05 1.579743e-05 0.0005748855)
(1.506242e-05 2.048379e-05 0.0008541306)
(1.586751e-05 2.332267e-05 0.0006214524)
(0.0001432443 0.0001787311 0.001064478)
(0.0001502545 0.0001102935 0.0006519386)
(0.0001506156 6.868299e-05 0.0006266962)
(0.000151248 3.328529e-05 0.0005702224)
(0.0001631151 1.06575e-05 0.0004577892)
(0.001495102 -7.743094e-05 0.001309813)
(0.001507858 -0.0002408161 0.0004334748)
(0.00151031 -0.0003859731 0.001027509)
(0.00154295 -0.0005065342 0.001741348)
(0.004539887 -0.002299591 0.001889818)
(1.503224e-05 3.184421e-06 0.0004311836)
(1.504519e-05 9.018237e-06 0.0005890097)
(1.50626e-05 1.493664e-05 0.0008968358)
(1.587155e-05 1.839484e-05 0.0006777344)
(0.0001432897 0.000202744 0.001212823)
(0.0001503641 0.0001846729 0.0007595466)
(0.000150714 0.0001060413 0.00072391)
(0.0001513247 6.58889e-05 0.0006378561)
(0.0001631578 3.303126e-05 0.0004865294)
(0.0014951 7.738229e-05 0.001309768)
(0.00150743 -7.723005e-05 0.0003819543)
(0.001509416 -0.0001715421 0.0008452345)
(0.001551203 -0.0002867914 0.001164676)
(0.007978184 -2.436088e-05 0.001243309)
(1.023692 -0.001218949 0.00544143)
(1.504436e-05 3.084088e-06 0.0005948753)
(1.50623e-05 8.596736e-06 0.0009194849)
(1.587214e-05 1.38889e-05 0.0007120156)
(0.0001433272 0.0001607414 0.00132361)
(0.0001504126 0.0002103091 0.0008596514)
(0.0001508244 0.000180357 0.0008437046)
(0.0001514236 0.0001024017 0.0007372509)
(0.0001632407 6.634122e-05 0.0005440659)
(0.001495495 0.000241943 0.001398713)
(0.001507428 7.717291e-05 0.000381945)
(0.001508969 -5.463886e-05 0.0007578485)
(0.001555899 -0.0001174221 0.0009101736)
(0.01005795 -7.194067e-06 0.0007905259)
(2.188723 -0.001093829 0.003727811)
(1.77737 -0.0002270838 0.001922126)
(1.506154e-05 2.916741e-06 0.0009289053)
(1.587207e-05 8.149339e-06 0.0007301885)
(0.0001433331 0.0001223078 0.001390894)
(0.0001504524 0.0001669706 0.0009372162)
(0.000150874 0.0002067828 0.0009528592)
(0.0001515351 0.0001768708 0.0008596712)
(0.0001633482 0.0001041845 0.0006286897)
(0.001496263 0.0005076539 0.001577741)
(0.001507853 0.0002407615 0.0004334469)
(0.001508968 5.460653e-05 0.0007578291)
(0.001558057 -3.722025e-05 0.0007916986)
(0.01127389 -1.613406e-06 0.0006137331)
(2.893576 -0.0007262138 0.001896477)
(4.112949 -0.001071939 0.002119416)
(2.224324 -0.0001914454 0.001134669)
(1.587121e-05 2.85159e-06 0.0007377623)
(0.0001433328 7.205644e-05 0.001426591)
(0.0001504588 0.0001273682 0.0009842293)
(0.0001509146 0.000164553 0.001038586)
(0.000151586 0.0002040782 0.0009650302)
(0.0001634701 0.0001843225 0.00073278)
(0.001497271 0.0008220329 0.001839677)
(0.001508694 0.0005071156 0.0005412531)
(0.001509413 0.0001715102 0.0008451766)
(0.001558056 3.719858e-05 0.0007916812)
(0.01183919 -6.299926e-07 0.0005320185)
(3.305574 -0.0003529311 0.001387504)
(5.620332 -0.0009872049 0.001474609)
(5.337848 -0.0007837624 0.001682341)
(2.480458 -0.0001110606 0.0007520008)
(0.0001433024 2.500228e-05 0.001441425)
(0.0001504586 7.513104e-05 0.001009447)
(0.0001509213 0.0001260586 0.001090514)
(0.0001516274 0.0001627146 0.001050973)
(0.000163527 0.0002147001 0.0008238348)
(0.001498445 0.001539968 0.002163282)
(0.001509838 0.0008223502 0.0007106151)
(0.001510305 0.0003859401 0.001027417)
(0.001555897 0.0001174006 0.0009101213)
(0.01183919 6.290998e-07 0.0005320068)
(3.49715 -0.0001098364 0.001192175)
(6.526203 -0.0006087039 0.001109783)
(7.42617 -0.0008204671 0.001517128)
(6.059705 -0.0004688555 0.001302725)
(2.592827 -5.028979e-05 0.0004744308)
(0.0001504252 2.545465e-05 0.001019939)
(0.0001509212 7.451585e-05 0.001118463)
(0.0001516344 0.0001251329 0.001102827)
(0.000163573 0.0001716174 0.000897385)
(0.001499059 0.001836368 0.002278438)
(0.001511242 0.001646432 0.0009306731)
(0.00151157 0.000652198 0.00132722)
(0.0015512 0.0002867677 0.00116459)
(0.01127389 1.612688e-06 0.0006136976)
(3.497149 0.0001093945 0.001192179)
(6.95232 -0.0002035422 0.0009468999)
(8.707935 -0.0005632798 0.001293785)
(8.512944 -0.0005473682 0.001362798)
(6.379843 -0.0002528478 0.000945709)
(2.579028 -2.130963e-05 0.0002932947)
(0.0001508875 2.571591e-05 0.001130088)
(0.0001516343 7.410707e-05 0.001131008)
(0.000163581 0.0001327131 0.0009419868)
(0.00149951 0.001483411 0.002458628)
(0.001512051 0.001976255 0.0003490524)
(0.00151322 0.00172294 0.001719526)
(0.001542946 0.0005065024 0.001741225)
(0.01005795 7.19334e-06 0.0007904673)
(3.305574 0.0003525556 0.001387497)
(6.95232 0.0002030644 0.0009469411)
(9.317091 -0.0001975192 0.001164609)
(10.0391 -0.0004086775 0.001281137)
(8.999914 -0.000325041 0.001104509)
(6.340697 -0.0001276244 0.0006523533)
(2.437114 -7.747357e-06 0.0001724261)
(0.000151599 2.534081e-05 0.001142688)
(0.0001635811 7.880299e-05 0.0009661558)
(0.001499584 0.001163735 0.002558121)
(0.001512524 0.001544828 0.0002938339)
(0.001514201 0.00214976 0.0008662693)
(0.001528957 0.001863036 0.002542745)
(0.007978183 2.435928e-05 0.001243222)
(2.893575 0.0007259463 0.001896424)
(6.526203 0.0006083088 0.001109881)
(9.317091 0.000197047 0.001164611)
(10.76963 -0.0001489753 0.001211574)
(10.64007 -0.000259605 0.001119219)
(8.940921 -0.0001772146 0.0008240203)
(5.937284 -5.818279e-05 0.0004152342)
(2.14497 -8.403377e-07 8.703534e-05)
(0.0001635175 2.727992e-05 0.0009763094)
(0.001499577 0.0006958322 0.002619073)
(0.001512539 0.001203766 0.0002245217)
(0.001514652 0.001556556 0.0008261612)
(0.001516314 0.002394198 0.0004952087)
(0.004539886 0.002299445 0.00188969)
(2.188723 0.001093655 0.003727618)
(5.620332 0.0009869488 0.001474683)
(8.707935 0.0005629227 0.001293778)
(10.76963 0.0001486612 0.001211533)
(11.42795 -9.759289e-05 0.001100688)
(10.56781 -0.0001491281 0.0008808766)
(8.329346 -8.645437e-05 0.0005534827)
(5.116823 -1.925967e-05 0.0002253507)
(1.646733 3.150177e-06 2.981013e-05)
(0.001496579 0.0002413385 0.002641795)
(0.001512486 0.0007128881 0.0002149551)
(0.00151456 0.001212148 0.000754187)
(0.001516592 0.001600672 0.0003991885)
(0.001507798 0.003115421 0.0002736824)
(1.023692 0.001218852 0.005441074)
(4.112949 0.001071821 0.002119394)
(7.42617 0.0008202955 0.001517082)
(10.0391 0.0004084298 0.001281012)
(11.42795 9.74044e-05 0.001100651)
(11.34915 -5.74406e-05 0.0008909684)
(9.815028 -7.61829e-05 0.0006136558)
(7.098645 -3.235735e-05 0.000312717)
(3.761597 3.390702e-06 8.614097e-05)
(0.8028944 4.126368e-06 1.341098e-06)
(0.001509413 0.0002440118 0.0002101306)
(0.001514439 0.0007093719 0.0007543663)
(0.001516323 0.001239797 0.0002818167)
(0.001504665 0.001643761 0.0002154071)
(1.77737 0.0002270853 0.001922035)
(5.337848 0.0007837467 0.001682241)
(8.512944 0.0005472325 0.001362617)
(10.64007 0.0002594433 0.001119107)
(11.34915 5.731261e-05 0.000890943)
(10.52573 -3.000323e-05 0.0006326053)
(8.311405 -3.076141e-05 0.0003553107)
(5.111812 -8.989714e-07 0.0001240871)
(1.646327 1.083753e-05 8.435503e-06)
(0.00151133 0.0002451727 0.0007522527)
(0.001516106 0.0007147447 0.0002700634)
(0.001504127 0.001262738 0.0001492842)
(2.224324 0.0001915091 0.001134568)
(6.059705 0.0004688191 0.001302521)
(8.999914 0.0003249334 0.001104343)
(10.56781 0.0001490119 0.0008807947)
(10.52573 2.989659e-05 0.0006325857)
(8.88711 -1.255816e-05 0.0003707099)
(5.919297 -4.067507e-06 0.0001431569)
(2.14259 1.007361e-05 1.296215e-05)
(0.00151295 0.0002462261 0.0002635438)
(0.001503794 0.0007124443 0.0001441831)
(2.480458 0.0001110925 0.0007518408)
(6.379844 0.0002527915 0.0009455176)
(8.940921 0.0001771269 0.0008238937)
(9.815028 7.608427e-05 0.0006135946)
(8.88711 1.245721e-05 0.000370696)
(6.298476 -2.230022e-06 0.0001502022)
(2.430039 5.932899e-06 1.494693e-05)
(0.001500642 0.0002459766 0.0001417515)
(2.592827 5.028202e-05 0.0004742663)
(6.340698 0.0001275691 0.0006522024)
(8.329346 8.637693e-05 0.0005533875)
(8.311405 3.066835e-05 0.0003552678)
(6.298476 2.137612e-06 0.0001501947)
(2.563382 1.804171e-06 1.556648e-05)
(2.579028 2.128779e-05 0.0002931604)
(5.937284 5.813284e-05 0.0004151214)
(7.098646 3.228524e-05 0.0003126514)
(5.919297 3.984294e-06 0.0001431331)
(2.563382 -1.870465e-06 1.55632e-05)
(2.437114 7.724462e-06 0.0001723295)
(5.116823 1.921531e-05 0.0002252753)
(5.111812 8.355218e-07 0.0001240505)
(2.430039 -5.99048e-06 1.493705e-05)
(2.14497 8.196073e-07 8.697488e-05)
(3.761597 -3.428591e-06 8.60991e-05)
(2.14259 -1.01149e-05 1.294651e-05)
(1.646733 -3.165793e-06 2.978105e-05)
(1.646327 -1.085946e-05 8.418483e-06)
(0.8028944 -4.132642e-06 1.332326e-06)
)
;
    }
}
)

// processor3

178702
(dimensions      [0 1 -1 0 0 0 0];

internalField   nonuniform List<vector> 
4000
(
(1.484414e-05 -3.178565e-06 0.0001525293)
(1.484496e-05 -9.449542e-06 0.0001511755)
(1.484077e-05 -3.166689e-06 0.0001518409)
(1.503325e-05 -3.184649e-06 0.0004312124)
(1.484539e-05 -1.671082e-05 0.0001479135)
(1.484151e-05 -9.415712e-06 0.0001504902)
(1.503406e-05 -9.383975e-06 0.0004271428)
(1.483852e-05 -3.154897e-06 0.0001512099)
(1.502982e-05 -3.172644e-06 0.0004291969)
(1.504527e-05 -3.084302e-06 0.0005949153)
(1.484551e-05 -2.36118e-05 0.0001417574)
(1.484174e-05 -1.665389e-05 0.0001472344)
(1.503442e-05 -1.654489e-05 0.0004173335)
(1.483922e-05 -9.382102e-06 0.0001498635)
(1.503054e-05 -9.350088e-06 0.0004251341)
(1.504602e-05 -9.018822e-06 0.000589049)
(1.483533e-05 -3.143446e-06 0.0001505406)
(1.502746e-05 -3.160784e-06 0.0004273491)
(1.504177e-05 -3.072413e-06 0.0005920929)
(1.506231e-05 -2.916938e-06 0.0009289663)
(1.484282e-05 -3.111195e-05 0.0001317107)
(1.484139e-05 -2.353664e-05 0.0001410878)
(1.503443e-05 -2.326168e-05 0.0003988077)
(1.483937e-05 -1.659806e-05 0.0001466163)
(1.503072e-05 -1.648787e-05 0.0004153388)
(1.504628e-05 -1.579828e-05 0.0005749236)
(1.483602e-05 -9.349525e-06 0.0001491969)
(1.502814e-05 -9.31657e-06 0.0004232969)
(1.504246e-05 -8.985371e-06 0.0005862339)
(1.506302e-05 -8.597283e-06 0.0009195447)
(1.483249e-05 -3.131742e-06 0.0001499203)
(1.502419e-05 -3.1492e-06 0.0004253896)
(1.503927e-05 -3.060776e-06 0.0005895053)
(1.505876e-05 -2.905395e-06 0.0009245994)
(1.587176e-05 -2.851768e-06 0.0007378103)
(1.483942e-05 -3.014341e-05 0.0001183395)
(1.483806e-05 -3.101387e-05 0.0001310578)
(1.503152e-05 -3.056745e-05 0.0003685038)
(1.483886e-05 -2.346649e-05 0.0001404818)
(1.503028e-05 -2.31866e-05 0.0003968346)
(1.50461e-05 -2.197159e-05 0.0005482599)
(1.483616e-05 -1.654359e-05 0.0001459554)
(1.502824e-05 -1.643217e-05 0.000413523)
(1.504256e-05 -1.5742e-05 0.0005721238)
(1.506317e-05 -1.493745e-05 0.0008968937)
(1.483333e-05 -9.316162e-06 0.0001485808)
(1.502487e-05 -9.283912e-06 0.0004213432)
(1.503992e-05 -8.952591e-06 0.0005836592)
(1.505941e-05 -8.564243e-06 0.000915186)
(1.587258e-05 -8.14983e-06 0.0007302357)
(1.482278e-05 -3.118816e-06 0.0001492756)
(1.502122e-05 -3.137423e-06 0.0004235716)
(1.503592e-05 -3.049284e-06 0.0005867618)
(1.505608e-05 -2.894205e-06 0.0009205953)
(1.586789e-05 -2.839583e-06 0.0007343572)
(0.0001433069 -2.500381e-05 0.001441518)
(1.482908e-05 -2.17342e-05 0.0001048166)
(1.483435e-05 -3.006189e-05 0.0001177096)
(1.502789e-05 -2.94477e-05 0.0003280903)
(1.483502e-05 -3.092908e-05 0.0001304655)
(1.502677e-05 -3.04697e-05 0.0003665719)
(1.504292e-05 -2.86947e-05 0.0005046092)
(1.483562e-05 -2.339796e-05 0.0001398287)
(1.502764e-05 -2.311659e-05 0.0003950481)
(1.5042e-05 -2.18979e-05 0.0005454838)
(1.50628e-05 -2.048449e-05 0.0008541875)
(1.483373e-05 -1.64882e-05 0.0001453475)
(1.502495e-05 -1.637753e-05 0.0004115814)
(1.503994e-05 -1.568746e-05 0.000569575)
(1.505942e-05 -1.488187e-05 0.0008925521)
(1.587256e-05 -1.388967e-05 0.0007120612)
(1.482396e-05 -9.279532e-06 0.0001479407)
(1.502204e-05 -9.250625e-06 0.0004195353)
(1.503656e-05 -8.920297e-06 0.0005809218)
(1.50567e-05 -8.532221e-06 0.0009111988)
(1.586868e-05 -8.115608e-06 0.0007267878)
(0.0001433371 -7.206072e-05 0.001426684)
(1.47865e-05 -3.103768e-06 0.0001486953)
(1.501123e-05 -3.124428e-06 0.0004216817)
(1.503277e-05 -3.037717e-06 0.0005842151)
(1.505265e-05 -2.883027e-06 0.0009163515)
(1.586473e-05 -2.82804e-06 0.0007311906)
(0.0001432718 -2.48954e-05 0.001434811)
(0.0001504298 -2.545622e-05 0.001020006)
(1.481862e-05 -1.526404e-05 9.383189e-05)
(1.48246e-05 -2.170663e-05 0.0001041996)
(1.501733e-05 -2.102825e-05 0.0002871863)
(1.483037e-05 -2.999078e-05 0.0001171296)
(1.502285e-05 -2.936657e-05 0.0003262174)
(1.503901e-05 -2.729031e-05 0.0004463215)
(1.483174e-05 -3.084543e-05 0.0001298213)
(1.502366e-05 -3.038486e-05 0.0003648179)
(1.50383e-05 -2.859926e-05 0.0005018827)
(1.505932e-05 -2.653527e-05 0.0007841742)
(1.483338e-05 -2.332859e-05 0.0001392324)
(1.502433e-05 -2.304786e-05 0.0003931233)
(1.503924e-05 -2.182926e-05 0.00054297)
(1.505875e-05 -2.041217e-05 0.0008498722)
(1.587184e-05 -1.839565e-05 0.0006777791)
(1.482533e-05 -1.642921e-05 0.0001447164)
(1.502237e-05 -1.632223e-05 0.000409794)
(1.503657e-05 -1.56334e-05 0.0005668504)
(1.505664e-05 -1.48285e-05 0.0008885988)
(1.586857e-05 -1.383212e-05 0.0007086243)
(0.0001433366 -0.0001223146 0.001390984)
(1.478931e-05 -9.233088e-06 0.0001473617)
(1.50124e-05 -9.214078e-06 0.0004176573)
(1.503354e-05 -8.887712e-06 0.0005783873)
(1.505326e-05 -8.500259e-06 0.0009069612)
(1.586549e-05 -8.083182e-06 0.0007236334)
(0.0001433016 -7.175252e-05 0.001419984)
(0.0001504629 -7.513551e-05 0.001009513)
(1.451386e-05 -3.074559e-06 0.000148059)
(1.497446e-05 -3.109158e-06 0.0004199802)
(1.502247e-05 -3.024976e-06 0.0005815679)
(1.504929e-05 -2.871893e-06 0.0009124103)
(1.586094e-05 -2.816193e-06 0.0007278348)
(0.0001432427 -2.479308e-05 0.001428661)
(0.0001503929 -2.534546e-05 0.001015252)
(0.0001508919 -2.571748e-05 0.001130162)
(1.481027e-05 -8.61025e-06 8.635499e-05)
(1.481456e-05 -1.526603e-05 9.320082e-05)
(1.500678e-05 -1.471805e-05 0.000253978)
(1.482029e-05 -2.166818e-05 0.0001036323)
(1.501284e-05 -2.100025e-05 0.000285344)
(1.502836e-05 -1.905976e-05 0.0003873353)
(1.482697e-05 -2.992201e-05 0.0001164926)
(1.501885e-05 -2.929555e-05 0.0003244911)
(1.503414e-05 -2.721122e-05 0.0004436692)
(1.50551e-05 -2.480201e-05 0.0006904761)
(1.482966e-05 -3.076233e-05 0.0001292378)
(1.50203e-05 -3.030078e-05 0.0003629109)
(1.503513e-05 -2.851571e-05 0.0004994068)
(1.505486e-05 -2.644224e-05 0.0007799222)
(1.586767e-05 -2.332363e-05 0.0006215002)
(1.482653e-05 -2.325659e-05 0.0001386108)
(1.502194e-05 -2.297857e-05 0.0003913638)
(1.503585e-05 -2.176117e-05 0.0005402624)
(1.505584e-05 -2.034492e-05 0.0008459636)
(1.586768e-05 -1.832165e-05 0.0006743592)
(0.0001433297 -0.0001607489 0.001323699)
(1.479345e-05 -1.634866e-05 0.0001441468)
(1.501371e-05 -1.626324e-05 0.0004079382)
(1.503377e-05 -1.557919e-05 0.0005643405)
(1.505319e-05 -1.477495e-05 0.0008843744)
(1.586532e-05 -1.37779e-05 0.0007054943)
(0.0001433005 -0.0001217964 0.001384302)
(0.0001504624 -0.0001273754 0.0009842937)
(1.452998e-05 -9.152606e-06 0.0001467254)
(1.497731e-05 -9.167481e-06 0.0004159576)
(1.502362e-05 -8.851963e-06 0.0005757547)
(1.505001e-05 -8.468394e-06 0.0009030359)
(1.586169e-05 -8.049935e-06 0.0007202814)
(0.0001432723 -7.146175e-05 0.001413856)
(0.0001504256 -7.481226e-05 0.001004765)
(0.0001509253 -7.452027e-05 0.001118535)
(1.374847e-05 -2.926745e-06 0.000147625)
(1.469785e-05 -3.079489e-06 0.0004181134)
(1.498565e-05 -3.009696e-06 0.0005791846)
(1.503864e-05 -2.859639e-06 0.0009083155)
(1.585699e-05 -2.804683e-06 0.0007247176)
(0.0001432082 -2.468761e-05 0.001422146)
(0.0001503622 -2.5241e-05 0.001010894)
(0.0001508547 -2.560452e-05 0.001124898)
(0.0001516032 -2.534234e-05 0.001142762)
(1.480581e-05 -2.839107e-06 8.261976e-05)
(1.480638e-05 -8.619131e-06 8.570604e-05)
(1.499837e-05 -8.270296e-06 0.0002313799)
(1.481147e-05 -1.524259e-05 9.264247e-05)
(1.500268e-05 -1.471876e-05 0.0002520874)
(1.501792e-05 -1.32351e-05 0.0003394669)
(1.481655e-05 -2.163185e-05 0.0001030024)
(1.500854e-05 -2.096216e-05 0.0002836485)
(1.502396e-05 -1.903102e-05 0.0003847187)
(1.504436e-05 -1.678925e-05 0.0005956251)
(1.482506e-05 -2.985556e-05 0.0001159194)
(1.501538e-05 -2.922645e-05 0.0003225958)
(1.50302e-05 -2.714143e-05 0.0004412234)
(1.505044e-05 -2.472503e-05 0.0006863238)
(1.586273e-05 -2.079402e-05 0.0005459489)
(1.482431e-05 -3.067547e-05 0.0001286259)
(1.501806e-05 -3.021754e-05 0.0003611815)
(1.503171e-05 -2.843207e-05 0.0004967157)
(1.505161e-05 -2.635992e-05 0.0007760596)
(1.58633e-05 -2.322976e-05 0.0006181253)
(0.0001432912 -0.000202753 0.001212919)
(1.479936e-05 -2.315677e-05 0.0001380561)
(1.501483e-05 -2.290642e-05 0.0003895299)
(1.503322e-05 -2.169317e-05 0.0005377857)
(1.505237e-05 -2.027736e-05 0.0008417554)
(1.586432e-05 -1.825303e-05 0.000671261)
(0.0001432923 -0.0001600838 0.001317043)
(0.000150455 -0.0001669785 0.00093728)
(1.455897e-05 -1.621516e-05 0.0001435049)
(1.498148e-05 -1.618265e-05 0.0004062626)
(1.502482e-05 -1.552118e-05 0.0005617353)
(1.505014e-05 -1.472187e-05 0.0008804812)
(1.586152e-05 -1.372208e-05 0.0007021503)
(0.0001432706 -0.0001213097 0.001378218)
(0.0001504245 -0.0001268317 0.0009795583)
(0.0001509247 -0.0001260657 0.001090585)
(1.38004e-05 -8.725465e-06 0.0001462969)
(1.471415e-05 -9.085768e-06 0.0004140885)
(1.49885e-05 -8.805947e-06 0.000573372)
(1.503976e-05 -8.433467e-06 0.0008989606)
(1.585782e-05 -8.017596e-06 0.0007171757)
(0.0001432378 -7.116211e-05 0.001407346)
(0.0001503946 -7.450769e-05 0.001000422)
(0.0001508878 -7.419645e-05 0.001113278)
(0.0001516383 -7.411146e-05 0.001131081)
(6.6157e-06 -2.540273e-06 0.0001472817)
(1.392182e-05 -2.930003e-06 0.0004168424)
(1.470787e-05 -2.979905e-06 0.0005765684)
(1.500174e-05 -2.844529e-06 0.0009046289)
(1.584508e-05 -2.792086e-06 0.0007214795)
(0.0001431719 -2.458552e-05 0.001416093)
(0.0001503259 -2.513322e-05 0.001006276)
(0.0001508236 -2.549826e-05 0.001120072)
(0.0001515658 -2.523023e-05 0.001137439)
(0.0001635218 -2.728156e-05 0.0009763727)
(1.480558e-05 2.833804e-06 8.261757e-05)
(1.480217e-05 -2.842607e-06 8.196211e-05)
(1.499389e-05 -2.725371e-06 0.0002200909)
(1.480457e-05 -8.607844e-06 8.515379e-05)
(1.499443e-05 -8.278204e-06 0.0002294314)
(1.500964e-05 -7.369429e-06 0.0003068973)
(1.480742e-05 -1.521966e-05 9.202058e-05)
(1.499952e-05 -1.46956e-05 0.0002504132)
(1.501386e-05 -1.323277e-05 0.0003367755)
(1.503408e-05 -1.152459e-05 0.0005186997)
(1.481467e-05 -2.159995e-05 0.0001024358)
(1.500474e-05 -2.092594e-05 0.0002817669)
(1.501976e-05 -1.899405e-05 0.000382309)
(1.504008e-05 -1.675949e-05 0.0005915153)
(1.585137e-05 -1.283046e-05 0.0004696066)
(1.482154e-05 -2.978485e-05 0.0001153156)
(1.501331e-05 -2.91598e-05 0.000320888)
(1.502669e-05 -2.707267e-05 0.0004385393)
(1.504657e-05 -2.465644e-05 0.0006824931)
(1.585826e-05 -2.071644e-05 0.0005426473)
(0.0001432453 -0.0001787402 0.001064579)
(1.480318e-05 -3.055913e-05 0.0001280849)
(1.501248e-05 -3.013028e-05 0.0003593681)
(1.502922e-05 -2.834988e-05 0.0004942734)
(1.504811e-05 -2.627655e-05 0.0007718633)
(1.585973e-05 -2.314481e-05 0.0006150586)
(0.0001432522 -0.0002019118 0.001206342)
(0.0001504141 -0.0002103186 0.0008597201)
(1.460392e-05 -2.297755e-05 0.0001374117)
(1.498742e-05 -2.280649e-05 0.0003878927)
(1.50258e-05 -2.162187e-05 0.000535205)
(1.504947e-05 -2.021063e-05 0.000837904)
(1.586051e-05 -1.81823e-05 0.0006679259)
(0.0001432615 -0.0001594675 0.001311015)
(0.0001504158 -0.0001662813 0.0009325615)
(0.000150917 -0.0001645611 0.001038656)
(1.389769e-05 -1.549727e-05 0.0001430876)
(1.474348e-05 -1.604715e-05 0.0004043726)
(1.499268e-05 -1.544208e-05 0.0005593826)
(1.504085e-05 -1.466484e-05 0.0008764419)
(1.585778e-05 -1.366802e-05 0.0006990675)
(0.0001432361 -0.0001208065 0.00137172)
(0.0001503929 -0.0001263218 0.0009752465)
(0.0001508867 -0.000125521 0.00108534)
(0.0001516377 -0.00012514 0.001102897)
(6.653595e-06 -7.606516e-06 0.0001459545)
(1.397437e-05 -8.654007e-06 0.0004128324)
(1.472414e-05 -8.723499e-06 0.0005707504)
(1.500461e-05 -8.388036e-06 0.0008952718)
(1.584638e-05 -7.982244e-06 0.0007139519)
(0.0001432021 -7.087202e-05 0.001401314)
(0.0001503583 -7.419332e-05 0.0009958081)
(0.0001508564 -7.389204e-05 0.001108468)
(0.0001516006 -7.378649e-05 0.001125764)
(0.0001635851 -7.880764e-05 0.000966218)
(6.70095e-06 -2.538737e-06 0.000415842)
(1.392945e-05 -2.830757e-06 0.0005747916)
(1.472257e-05 -2.814792e-06 0.0009005831)
(1.580611e-05 -2.775898e-06 0.0007185642)
(0.0001430632 -2.447385e-05 0.001409806)
(0.0001502875 -2.502895e-05 0.001001987)
(0.000150787 -2.538828e-05 0.001114958)
(0.0001515342 -2.512497e-05 0.001132559)
(0.0001634813 -2.715947e-05 0.0009718253)
(0.001496611 -0.0002413527 0.002641969)
(1.480974e-05 8.605409e-06 8.634818e-05)
(1.480234e-05 2.83696e-06 8.195926e-05)
(1.499367e-05 2.720364e-06 0.0002200843)
(1.4801e-05 -2.836827e-06 8.141285e-05)
(1.499019e-05 -2.728534e-06 0.0002181141)
(1.500525e-05 -2.42502e-06 0.0002906269)
(1.480041e-05 -8.597507e-06 8.453677e-05)
(1.499248e-05 -8.267125e-06 0.0002277721)
(1.500572e-05 -7.374905e-06 0.0003041191)
(1.502596e-05 -6.330166e-06 0.0004663661)
(1.480535e-05 -1.520042e-05 9.14574e-05)
(1.499544e-05 -1.467287e-05 0.00024855)
(1.501062e-05 -1.321039e-05 0.0003343908)
(1.503006e-05 -1.151869e-05 0.000514462)
(1.584095e-05 -8.486114e-06 0.0004077206)
(1.481188e-05 -2.156516e-05 0.0001018386)
(1.500271e-05 -2.089401e-05 0.0002800712)
(1.501597e-05 -1.895842e-05 0.0003796365)
(1.503599e-05 -1.672366e-05 0.000587729)
(1.584709e-05 -1.279627e-05 0.0004663335)
(0.0001431423 -0.0001077097 0.0009135124)
(1.480802e-05 -2.969283e-05 0.0001147846)
(1.500958e-05 -2.908876e-05 0.00031909)
(1.502436e-05 -2.700661e-05 0.0004361187)
(1.5043e-05 -2.458784e-05 0.0006782916)
(1.585433e-05 -2.064588e-05 0.0005396007)
(0.0001432057 -0.000178045 0.001058131)
(0.0001503652 -0.0001846825 0.0007596189)
(1.464942e-05 -3.033604e-05 0.000127456)
(1.499116e-05 -3.001341e-05 0.0003577641)
(1.502331e-05 -2.826325e-05 0.0004917135)
(1.504535e-05 -2.619535e-05 0.0007680526)
(1.58559e-05 -2.305673e-05 0.0006117277)
(0.0001432197 -0.0002011474 0.001200367)
(0.0001503735 -0.0002094374 0.0008550557)
(0.0001508755 -0.0002067926 0.0009529342)
(1.405143e-05 -2.207288e-05 0.0001370047)
(1.478897e-05 -2.262554e-05 0.0003859883)
(1.499857e-05 -2.15236e-05 0.0005329009)
(1.504168e-05 -2.014012e-05 0.0008338929)
(1.585691e-05 -1.811401e-05 0.0006648726)
(0.0001432269 -0.0001588293 0.001304527)
(0.0001503833 -0.0001656354 0.0009282869)
(0.0001508779 -0.0001638633 0.001033428)
(0.0001516298 -0.0001627228 0.001051043)
(6.724885e-06 -1.359767e-05 0.0001427478)
(1.407282e-05 -1.532123e-05 0.0004031467)
(1.475346e-05 -1.530543e-05 0.0005567269)
(1.50088e-05 -1.458729e-05 0.0008727938)
(1.584733e-05 -1.360954e-05 0.0006958699)
(0.0001432015 -0.0001203212 0.001365729)
(0.0001503566 -0.0001257937 0.0009706407)
(0.0001508547 -0.0001250111 0.001080564)
(0.0001515994 -0.0001245933 0.001097593)
(0.0001635844 -0.0001327207 0.0009420474)
(6.73929e-06 -7.521336e-06 0.000411834)
(1.398196e-05 -8.292809e-06 0.0005689933)
(1.473882e-05 -8.304661e-06 0.0008912143)
(1.580934e-05 -7.935371e-06 0.0007110337)
(0.0001430977 -7.055506e-05 0.001395053)
(0.0001503206 -7.388942e-05 0.0009915331)
(0.0001508198 -7.357697e-05 0.001103358)
(0.0001515687 -7.348161e-05 0.0011209)
(0.0001635443 -7.845755e-05 0.000961676)
(0.001499607 -0.0006958726 0.002619245)
(6.705024e-06 -2.439466e-06 0.000573395)
(1.394128e-05 -2.666134e-06 0.0008978347)
(1.550975e-05 -2.744035e-06 0.0007153655)
(0.0001427112 -2.432864e-05 0.001404148)
(0.000150173 -2.491478e-05 0.0009975308)
(0.0001507482 -2.528221e-05 0.001110208)
(0.0001514973 -2.501578e-05 0.001127388)
(0.0001634468 -2.704518e-05 0.0009676558)
(0.001496237 -0.0002402436 0.002629671)
(0.001509448 -0.0002440264 0.0002101475)
(1.481792e-05 1.52625e-05 9.382148e-05)
(1.480686e-05 8.615044e-06 8.569938e-05)
(1.499787e-05 8.265725e-06 0.0002313593)
(1.480122e-05 2.838155e-06 8.141357e-05)
(1.499035e-05 2.723195e-06 0.0002181055)
(1.500507e-05 2.420738e-06 0.0002906174)
(1.4797e-05 -2.833497e-06 8.07982e-05)
(1.498883e-05 -2.72294e-06 0.0002164621)
(1.500153e-05 -2.42733e-06 0.0002878062)
(1.502167e-05 -2.078507e-06 0.0004402197)
(1.479819e-05 -8.585763e-06 8.397773e-05)
(1.498829e-05 -8.256929e-06 0.0002259199)
(1.500351e-05 -7.364314e-06 0.0003017522)
(1.502206e-05 -6.332808e-06 0.0004619845)
(1.583279e-05 -4.449571e-06 0.0003656268)
(1.48029e-05 -1.518088e-05 9.086414e-05)
(1.499323e-05 -1.465367e-05 0.0002468592)
(1.500659e-05 -1.318825e-05 0.0003317384)
(1.502674e-05 -1.149709e-05 0.0005107059)
(1.583681e-05 -8.471902e-06 0.0004043414)
(0.0001430488 -7.0503e-05 0.0007911344)
(1.48014e-05 -2.152269e-05 0.0001013122)
(1.499973e-05 -2.085917e-05 0.0002782854)
(1.501368e-05 -1.892668e-05 0.0003772255)
(1.50322e-05 -1.66885e-05 0.0005835326)
(1.584303e-05 -1.276023e-05 0.0004633172)
(0.0001431041 -0.0001073955 0.0009071149)
(0.0001502565 -0.000110298 0.0006520057)
(1.47138e-05 -2.951599e-05 0.0001141668)
(1.499595e-05 -2.899615e-05 0.0003175071)
(1.50203e-05 -2.693598e-05 0.0004335713)
(1.504038e-05 -2.452223e-05 0.0006744998)
(1.585046e-05 -2.057314e-05 0.00053626)
(0.0001431704 -0.0001774103 0.001052182)
(0.0001503238 -0.0001839543 0.0007550238)
(0.0001508254 -0.0001803666 0.0008437835)
(1.421427e-05 -2.920997e-05 0.0001270453)
(1.483496e-05 -2.978858e-05 0.0003558978)
(1.500213e-05 -2.814752e-05 0.0004894488)
(1.503906e-05 -2.61092e-05 0.0007640606)
(1.585242e-05 -2.297245e-05 0.0006087018)
(0.0001431849 -0.0002003514 0.001193878)
(0.0001503392 -0.0002086354 0.0008508174)
(0.000150835 -0.0002059113 0.0009477639)
(0.0001515875 -0.0002040883 0.0009651056)
(6.838127e-06 -1.963881e-05 0.0001366658)
(1.422841e-05 -2.170991e-05 0.0003847881)
(1.479894e-05 -2.134299e-05 0.000530218)
(1.501465e-05 -2.004356e-05 0.0008303109)
(1.584796e-05 -1.804074e-05 0.0006616935)
(0.0001431935 -0.0001582155 0.001298587)
(0.0001503469 -0.0001649654 0.0009236864)
(0.000150845 -0.000163217 0.001028692)
(0.0001515906 -0.000162023 0.001045752)
(0.0001635755 -0.0001716264 0.0008974448)
(6.8114e-06 -1.339823e-05 0.0004021535)
(1.408034e-05 -1.458078e-05 0.0005550098)
(1.476815e-05 -1.444918e-05 0.0008686766)
(1.581382e-05 -1.353067e-05 0.0006929816)
(0.000143106 -0.0001197955 0.001359514)
(0.00015032 -0.0001252852 0.0009663947)
(0.0001508181 -0.0001244817 0.001075463)
(0.000151567 -0.0001240823 0.001092763)
(0.000163543 -0.0001321315 0.0009375163)
(0.00149961 -0.001163802 0.00255829)
(6.743355e-06 -7.160139e-06 0.0005675981)
(1.399377e-05 -7.87505e-06 0.0008884938)
(1.552698e-05 -7.84549e-06 0.0007078246)
(0.0001427632 -7.013333e-05 0.001389387)
(0.0001502106 -7.355743e-05 0.0009870955)
(0.0001507816 -7.327315e-05 0.001098624)
(0.0001515318 -7.31653e-05 0.001115733)
(0.0001635095 -7.813003e-05 0.0009575211)
(0.001499231 -0.0006926821 0.002606938)
(0.001512518 -0.0007129303 0.0002149728)
(6.70624e-06 -2.274819e-06 0.0008956927)
(1.468237e-05 -2.588227e-06 0.0007131914)
(0.0001400319 -2.404161e-05 0.001397937)
(0.0001498035 -2.476479e-05 0.0009935205)
(0.0001506327 -2.516623e-05 0.001105273)
(0.000151458 -2.491066e-05 0.001122585)
(0.0001634068 -2.69262e-05 0.0009632377)
(0.001495912 -0.0002392123 0.002618399)
(0.001509072 -0.0002429131 0.0002091589)
(0.001511362 -0.0002451873 0.000752302)
(1.482834e-05 2.173411e-05 0.0001048076)
(1.481525e-05 1.526259e-05 9.31913e-05)
(1.500612e-05 1.471658e-05 0.0002539466)
(1.480506e-05 8.608114e-06 8.515508e-05)
(1.499489e-05 8.27433e-06 0.0002294113)
(1.500922e-05 7.365518e-06 0.000306868)
(1.479734e-05 2.835011e-06 8.079909e-05)
(1.498904e-05 2.724201e-06 0.0002164644)
(1.500167e-05 2.422757e-06 0.000287794)
(1.502152e-05 2.07505e-06 0.000440205)
(1.479442e-05 -2.824825e-06 8.024504e-05)
(1.49848e-05 -2.719662e-06 0.0002146153)
(1.499983e-05 -2.422189e-06 0.0002854482)
(1.501793e-05 -2.07983e-06 0.0004357672)
(1.582852e-05 -1.449781e-06 0.000344596)
(1.47955e-05 -8.580557e-06 8.338628e-05)
(1.498594e-05 -8.245423e-06 0.000224238)
(1.499938e-05 -7.354441e-06 0.0002991118)
(1.501955e-05 -6.322711e-06 0.0004582507)
(1.582873e-05 -4.446084e-06 0.0003621299)
(0.0001429757 -3.646338e-05 0.0007079157)
(1.479409e-05 -1.516068e-05 9.03368e-05)
(1.49906e-05 -1.463408e-05 0.0002450799)
(1.500416e-05 -1.316924e-05 0.000329329)
(1.502276e-05 -1.14755e-05 0.0005065316)
(1.583313e-05 -8.450345e-06 0.0004013457)
(0.0001430116 -7.036085e-05 0.0007845263)
(0.0001501582 -7.192439e-05 0.0005647454)
(1.473202e-05 -2.144099e-05 0.0001006954)
(1.498919e-05 -2.08163e-05 0.0002767097)
(1.501038e-05 -1.889208e-05 0.0003746879)
(1.502962e-05 -1.665682e-05 0.0005797435)
(1.583905e-05 -1.272354e-05 0.0004599754)
(0.0001430679 -0.0001070724 0.0009012191)
(0.0001502165 -0.0001099668 0.0006474522)
(0.0001507158 -0.000106046 0.0007239833)
(1.444741e-05 -2.858217e-05 0.0001137429)
(1.490013e-05 -2.881755e-05 0.000315664)
(1.500679e-05 -2.684382e-05 0.0004313281)
(1.503594e-05 -2.445185e-05 0.0006705118)
(1.584711e-05 -2.050418e-05 0.0005332437)
(0.0001431353 -0.0001767523 0.00104566)
(0.0001502869 -0.0001832886 0.0007507851)
(0.0001507843 -0.0001796385 0.0008386789)
(0.0001515361 -0.0001768804 0.0008597509)
(6.959458e-06 -2.613248e-05 0.0001267083)
(1.439327e-05 -2.864786e-05 0.0003546794)
(1.48449e-05 -2.792397e-05 0.0004868111)
(1.501804e-05 -2.599456e-05 0.0007605278)
(1.584502e-05 -2.288193e-05 0.0006055328)
(0.0001431526 -0.0001995922 0.001187984)
(0.0001503026 -0.000207799 0.0008462148)
(0.0001508005 -0.0002051075 0.0009430654)
(0.0001515471 -0.000203205 0.0009598691)
(0.0001635287 -0.0002147112 0.0008238989)
(6.92594e-06 -1.924579e-05 0.0003837929)
(1.42359e-05 -2.042726e-05 0.0005285327)
(1.481363e-05 -1.986311e-05 0.0008261409)
(1.581997e-05 -1.794198e-05 0.0006588542)
(0.0001431113 -0.0001575553 0.001292403)
(0.0001503115 -0.000164322 0.0009194745)
(0.0001508083 -0.0001625449 0.001023594)
(0.0001515573 -0.0001613751 0.001040958)
(0.0001635333 -0.0001708733 0.0008929266)
(0.00149953 -0.001483496 0.002458799)
(6.815438e-06 -1.265753e-05 0.0005536194)
(1.409209e-05 -1.372573e-05 0.0008660127)
(1.555786e-05 -1.338192e-05 0.0006897227)
(0.0001428039 -0.0001190879 0.001353904)
(0.0001502193 -0.000124734 0.0009619902)
(0.0001507809 -0.000123973 0.001070759)
(0.0001515301 -0.0001235506 0.001087603)
(0.0001635077 -0.0001315822 0.0009333899)
(0.001499231 -0.001158432 0.00254599)
(0.001512567 -0.001203836 0.000224541)
(6.744628e-06 -6.742056e-06 0.0008863528)
(1.473768e-05 -7.395692e-06 0.0007056717)
(0.0001402097 -6.931823e-05 0.001383153)
(0.0001498595 -7.311524e-05 0.0009830805)
(0.0001506707 -7.294134e-05 0.001093709)
(0.000151493 -7.286095e-05 0.001110945)
(0.0001634695 -7.778905e-05 0.0009531063)
(0.001498903 -0.0006897177 0.002595684)
(0.001512139 -0.0007096885 0.0002139451)
(0.001514469 -0.0007094139 0.0007544156)
(7.066573e-06 -2.176393e-06 0.0007115056)
(0.0001325544 -2.263736e-05 0.001393733)
(0.0001469897 -2.446601e-05 0.0009891174)
(0.000150262 -2.501398e-05 0.001100832)
(0.0001513413 -2.479571e-05 0.001117596)
(0.0001633638 -2.681206e-05 0.0009591336)
(0.001495542 -0.0002381302 0.002606456)
(0.001508747 -0.0002418759 0.0002082542)
(0.001510984 -0.0002440531 0.0007487817)
(0.001512982 -0.0002462408 0.0002635607)
(1.483923e-05 3.014232e-05 0.0001183297)
(1.48252e-05 2.170369e-05 0.0001041876)
(1.501663e-05 2.102814e-05 0.0002871594)
(1.481211e-05 1.52422e-05 9.264335e-05)
(1.500333e-05 1.471548e-05 0.0002520588)
(1.501736e-05 1.323379e-05 0.0003394221)
(1.480143e-05 8.597627e-06 8.453837e-05)
(1.499295e-05 8.267389e-06 0.0002277761)
(1.500612e-05 7.371562e-06 0.0003040908)
(1.502561e-05 6.327005e-06 0.0004663205)
(1.479458e-05 2.839825e-06 8.025156e-05)
(1.498513e-05 2.721095e-06 0.000214618)
(1.500001e-05 2.423277e-06 0.0002854516)
(1.501805e-05 2.076107e-06 0.0004357479)
(1.582845e-05 1.447833e-06 0.0003445843)
(1.479167e-05 -2.826905e-06 7.964942e-05)
(1.498211e-05 -2.711337e-06 0.0002129495)
(1.499583e-05 -2.419028e-06 0.0002828135)
(1.501583e-05 -2.075185e-06 0.0004320448)
(1.582455e-05 -1.448968e-06 0.0003410411)
(0.0001429376 -1.185248e-05 0.0006663432)
(1.478818e-05 -8.571778e-06 8.285448e-05)
(1.498311e-05 -8.240038e-06 0.0002224607)
(1.499684e-05 -7.343491e-06 0.0002967115)
(1.501549e-05 -6.313127e-06 0.000454089)
(1.582546e-05 -4.436222e-06 0.0003591496)
(0.0001429391 -3.642112e-05 0.0007010756)
(0.0001500815 -3.700993e-05 0.0005053539)
(1.474344e-05 -1.51096e-05 8.971307e-05)
(1.49818e-05 -1.461339e-05 0.000243496)
(1.500125e-05 -1.31497e-05 0.0003267951)
(1.502008e-05 -1.145658e-05 0.0005027355)
(1.582906e-05 -8.428259e-06 0.0003980177)
(0.0001429781 -7.016774e-05 0.0007786666)
(0.0001501192 -7.17709e-05 0.0005600499)
(0.0001506172 -6.868954e-05 0.0006267816)
(1.453636e-05 -2.096405e-05 0.000100267)
(1.491856e-05 -2.07333e-05 0.000274863)
(1.500001e-05 -1.884894e-05 0.0003724479)
(1.502596e-05 -1.662233e-05 0.0005757584)
(1.583575e-05 -1.268966e-05 0.0004569564)
(0.000143032 -0.000106741 0.0008946884)
(0.0001501786 -0.0001096285 0.0006432579)
(0.0001506759 -0.0001057112 0.0007189256)
(0.0001514253 -0.0001024065 0.0007373249)
(7.133321e-06 -2.601662e-05 0.0001133789)
(1.462943e-05 -2.787144e-05 0.0003143967)
(1.491012e-05 -2.666541e-05 0.0004287138)
(1.502257e-05 -2.436001e-05 0.0006669981)
(1.584165e-05 -2.042979e-05 0.0005300726)
(0.000143104 -0.0001761296 0.001039771)
(0.00015025 -0.0001825971 0.0007461387)
(0.0001507474 -0.0001789716 0.0008339705)
(0.0001514952 -0.0001761508 0.0008545546)
(0.0001634711 -0.0001843328 0.0007328477)
(7.048596e-06 -2.553122e-05 0.000353684)
(1.440083e-05 -2.678105e-05 0.0004850941)
(1.485958e-05 -2.577219e-05 0.0007564143)
(1.582324e-05 -2.276273e-05 0.0006027279)
(0.0001430845 -0.0001987751 0.001181811)
(0.0001502684 -0.0002070022 0.0008420332)
(0.0001507637 -0.0002042673 0.0009379632)
(0.0001515123 -0.0002023977 0.0009551103)
(0.0001634855 -0.0002137608 0.0008194278)
(0.001499074 -0.001836475 0.002278624)
(6.929957e-06 -1.796262e-05 0.0005271346)
(1.424767e-05 -1.894696e-05 0.0008235172)
(1.560578e-05 -1.77518e-05 0.0006555494)
(0.0001428594 -0.0001566681 0.001286882)
(0.0001502249 -0.0001636292 0.0009150888)
(0.0001507723 -0.0001619009 0.001018927)
(0.0001515203 -0.0001606997 0.001035798)
(0.000163497 -0.0001701761 0.0008888323)
(0.001499147 -0.001476653 0.002446421)
(0.001512545 -0.001544916 0.0002938597)
(6.816838e-06 -1.180164e-05 0.000863876)
(1.484097e-05 -1.262318e-05 0.0006876127)
(0.0001404886 -0.0001177391 0.001347569)
(0.0001499023 -0.0001239926 0.0009580138)
(0.0001506793 -0.0001234213 0.001065881)
(0.0001514923 -0.0001230407 0.001082846)
(0.0001634676 -0.0001310086 0.0009289818)
(0.001498898 -0.001153452 0.002534792)
(0.001512185 -0.001198331 0.0002234317)
(0.001514586 -0.00121222 0.0007542366)
(7.106992e-06 -6.20365e-06 0.0007039864)
(0.0001330747 -6.526118e-05 0.001378989)
(0.0001471777 -7.225836e-05 0.0009786607)
(0.0001503185 -7.24986e-05 0.001089262)
(0.0001513811 -7.252865e-05 0.001105975)
(0.000163427 -7.746199e-05 0.0009490159)
(0.001498532 -0.0006866061 0.002583728)
(0.001511812 -0.0007066712 0.0002130061)
(0.001514089 -0.0007061373 0.0007508418)
(0.001516135 -0.0007147871 0.0002700808)
(6.376888e-05 -1.892011e-05 0.001390445)
(0.0001391384 -2.299436e-05 0.0009861353)
(0.0001474375 -2.471206e-05 0.001095956)
(0.0001509688 -2.464372e-05 0.001113105)
(0.0001632371 -2.668736e-05 0.0009548707)
(0.001495138 -0.0002370995 0.002595364)
(0.001508375 -0.0002407899 0.0002072948)
(0.001510656 -0.0002429995 0.0007455545)
(0.001512604 -0.0002450972 0.0002623227)
(0.001500672 -0.0002459914 0.0001417608)
(1.484263e-05 3.111143e-05 0.0001317011)
(1.4835e-05 3.005905e-05 0.000117696)
(1.50277e-05 2.944662e-05 0.0003280611)
(1.482105e-05 2.166778e-05 0.0001036327)
(1.501342e-05 2.099743e-05 0.0002853082)
(1.502775e-05 1.905959e-05 0.000387297)
(1.480894e-05 1.521877e-05 9.202139e-05)
(1.500012e-05 1.469524e-05 0.0002504162)
(1.501442e-05 1.322991e-05 0.0003367353)
(1.503362e-05 1.152348e-05 0.0005186303)
(1.47987e-05 8.597742e-06 8.399589e-05)
(1.498925e-05 8.257052e-06 0.0002259247)
(1.500391e-05 7.364556e-06 0.0003017586)
(1.502238e-05 6.330051e-06 0.0004619397)
(1.583261e-05 4.447772e-06 0.0003655905)
(1.479155e-05 2.835238e-06 7.965288e-05)
(1.498227e-05 2.725536e-06 0.0002129692)
(1.499612e-05 2.420257e-06 0.0002828174)
(1.501597e-05 2.076056e-06 0.0004320503)
(1.582461e-05 1.446863e-06 0.0003410256)
(0.000142937 1.183769e-05 0.00066632)
(1.478536e-05 -2.821716e-06 7.912054e-05)
(1.497923e-05 -2.713146e-06 0.000211158)
(1.4993e-05 -2.411552e-06 0.0002804343)
(1.501188e-05 -2.072126e-06 0.0004278892)
(1.58215e-05 -1.44504e-06 0.0003380688)
(0.0001429016 -1.184132e-05 0.0006593891)
(0.0001500415 -1.201955e-05 0.0004756826)
(1.474646e-05 -8.541624e-06 8.224207e-05)
(1.497578e-05 -8.231072e-06 0.0002208599)
(1.49938e-05 -7.337671e-06 0.0002941768)
(1.501272e-05 -6.302743e-06 0.0004503013)
(1.582135e-05 -4.426467e-06 0.0003558294)
(0.0001429086 -3.633309e-05 0.0006952436)
(0.0001500431 -3.696222e-05 0.0005004994)
(0.0001505405 -3.5025e-05 0.0005606261)
(1.459651e-05 -1.481374e-05 8.930198e-05)
(1.493006e-05 -1.456182e-05 0.0002416224)
(1.499271e-05 -1.312816e-05 0.000324538)
(1.501683e-05 -1.143696e-05 0.0004987471)
(1.582571e-05 -8.408078e-06 0.0003949895)
(0.0001429415 -6.996899e-05 0.0007721577)
(0.000150084 -7.156892e-05 0.0005558861)
(0.0001505782 -6.852834e-05 0.0006215682)
(0.0001513261 -6.589516e-05 0.0006379421)
(7.201615e-06 -1.969153e-05 9.991014e-05)
(1.471945e-05 -2.025095e-05 0.0002735774)
(1.49286e-05 -1.876486e-05 0.0003698212)
(1.501577e-05 -1.657872e-05 0.000572238)
(1.583114e-05 -1.265291e-05 0.0004537826)
(0.0001430011 -0.0001064336 0.000888788)
(0.000150141 -0.0001092809 0.0006386125)
(0.0001506381 -0.0001053736 0.0007142678)
(0.0001513854 -0.000102068 0.0007321819)
(0.0001633497 -0.0001041899 0.0006287526)
(7.224485e-06 -2.527328e-05 0.0003133042)
(1.463741e-05 -2.571715e-05 0.000426919)
(1.492491e-05 -2.418156e-05 0.0006629047)
(1.582788e-05 -2.0333e-05 0.0005272778)
(0.0001430535 -0.0001754571 0.00103358)
(0.0001502168 -0.0001819431 0.0007419422)
(0.0001507103 -0.0001782768 0.0008288097)
(0.0001514582 -0.0001754813 0.0008497627)
(0.0001634275 -0.0001835481 0.0007284162)
(0.001498453 -0.001540061 0.002163487)
(7.052556e-06 -2.366113e-05 0.0004836895)
(1.441273e-05 -2.462641e-05 0.0007537292)
(1.565415e-05 -2.253035e-05 0.0005994628)
(0.0001428884 -0.0001977012 0.00117635)
(0.0001501964 -0.0002061439 0.000837654)
(0.0001507288 -0.0002034682 0.0009333272)
(0.0001514752 -0.0002015521 0.0009499426)
(0.0001634477 -0.0002128898 0.000815364)
(0.001498687 -0.001827886 0.002266269)
(0.001512067 -0.001976368 0.000349085)
(6.931622e-06 -1.648101e-05 0.0008213611)
(1.500463e-05 -1.678689e-05 0.0006534689)
(0.0001409213 -0.0001549504 0.001280449)
(0.0001499607 -0.0001626993 0.0009111724)
(0.0001506848 -0.0001612065 0.001014067)
(0.0001514837 -0.0001600539 0.001031074)
(0.0001634569 -0.000169447 0.0008844256)
(0.001498807 -0.001470324 0.002435208)
(0.001512158 -0.001537869 0.0002923296)
(0.001514672 -0.001556648 0.0008262178)
(7.182851e-06 -1.05981e-05 0.0006859304)
(0.000134007 -0.0001108936 0.001343486)
(0.0001474706 -0.0001225746 0.0009535221)
(0.0001503616 -0.0001226799 0.001061475)
(0.0001513897 -0.0001224875 0.001077911)
(0.0001634262 -0.0001304603 0.0009249178)
(0.001498527 -0.001148213 0.002522831)
(0.001511852 -0.00119322 0.0002224205)
(0.001514203 -0.001206564 0.0007505633)
(0.001516348 -0.001239871 0.0002818351)
(6.41444e-05 -5.449974e-05 0.001375697)
(0.0001396859 -6.800112e-05 0.000975703)
(0.0001476264 -7.163708e-05 0.001084367)
(0.0001510273 -7.208454e-05 0.001101478)
(0.0001633054 -7.710501e-05 0.0009447701)
(0.001498131 -0.0006836439 0.002572652)
(0.001511439 -0.0007035107 0.0002120073)
(0.001513758 -0.0007030954 0.0007475722)
(0.001515755 -0.0007114709 0.0002687921)
(0.001503822 -0.0007124866 0.0001441926)
(6.687444e-05 -1.909384e-05 0.0009837947)
(0.0001395584 -2.323536e-05 0.001092647)
(0.0001481293 -2.434122e-05 0.001108174)
(0.0001628352 -2.652215e-05 0.0009510329)
(0.00149396 -0.0002359751 0.002583841)
(0.001507971 -0.0002397534 0.000206405)
(0.001510282 -0.0002418923 0.0007421313)
(0.001512275 -0.0002440354 0.0002611889)
(0.001500298 -0.0002448443 0.0001410948)
(1.484503e-05 2.36112e-05 0.0001417484)
(1.483872e-05 3.101124e-05 0.0001310431)
(1.503133e-05 3.056689e-05 0.0003684755)
(1.483124e-05 2.999023e-05 0.0001171297)
(1.502347e-05 2.93638e-05 0.0003261769)
(1.503883e-05 2.728926e-05 0.00044628)
(1.481841e-05 2.163118e-05 0.0001030021)
(1.500925e-05 2.096178e-05 0.00028365)
(1.502446e-05 1.902851e-05 0.0003846685)
(1.504387e-05 1.678901e-05 0.0005955663)
(1.480624e-05 1.520844e-05 9.148313e-05)
(1.499688e-05 1.467205e-05 0.0002485525)
(1.501115e-05 1.32101e-05 0.0003343958)
(1.503051e-05 1.151628e-05 0.0005143985)
(1.58407e-05 8.485296e-06 0.0004076655)
(1.479521e-05 8.587824e-06 8.339602e-05)
(1.498643e-05 8.256781e-06 0.0002242931)
(1.500021e-05 7.354566e-06 0.000299119)
(1.501988e-05 6.32291e-06 0.0004582611)
(1.58289e-05 4.444431e-06 0.0003620939)
(0.0001429744 3.644967e-05 0.0007078437)
(1.478514e-05 2.83263e-06 7.912507e-05)
(1.497912e-05 2.721055e-06 0.0002111686)
(1.499314e-05 2.423747e-06 0.0002804627)
(1.501211e-05 2.073116e-06 0.0004278955)
(1.582158e-05 1.44551e-06 0.0003380732)
(0.0001429021 1.18254e-05 0.0006593594)
(0.000150041 1.200503e-05 0.0004756661)
(1.474725e-05 -2.814672e-06 7.85143e-05)
(1.497289e-05 -2.708047e-06 0.0002095641)
(1.498993e-05 -2.412702e-06 0.0002778776)
(1.500888e-05 -2.065594e-06 0.0004241318)
(1.581744e-05 -1.441951e-06 0.0003347523)
(0.0001428727 -1.180739e-05 0.0006535715)
(0.0001500038 -1.20067e-05 0.0004707495)
(0.0001505005 -1.135679e-05 0.0005275722)
(1.461907e-05 -8.407879e-06 8.184759e-05)
(1.493299e-05 -8.201231e-06 0.0002190151)
(1.498665e-05 -7.328331e-06 0.000291892)
(1.500943e-05 -6.296355e-06 0.0004463055)
(1.581796e-05 -4.416437e-06 0.0003528054)
(0.0001428717 -3.624532e-05 0.0006887462)
(0.0001500107 -3.687029e-05 0.0004963585)
(0.000150502 -3.497143e-05 0.0005552374)
(0.0001512491 -3.329615e-05 0.000570279)
(7.24716e-06 -1.408215e-05 8.89228e-05)
(1.478034e-05 -1.426365e-05 0.0002403836)
(1.494004e-05 -1.307641e-05 0.0003218669)
(1.500858e-05 -1.141435e-05 0.000495191)
(1.582163e-05 -8.386813e-06 0.0003918094)
(0.0001429104 -6.978593e-05 0.0007662351)
(0.0001500456 -7.136066e-05 0.0005512611)
(0.0001505427 -6.832688e-05 0.0006169453)
(0.000151287 -6.572683e-05 0.0006326476)
(0.000163242 -6.634746e-05 0.000544139)
(7.293358e-06 -1.896204e-05 0.0002725038)
(1.472741e-05 -1.828303e-05 0.000367996)
(1.494346e-05 -1.649323e-05 0.0005681139)
(1.582081e-05 -1.260543e-05 0.0004509778)
(0.0001429583 -0.0001061006 0.0008825861)
(0.0001501083 -0.000108958 0.0006344148)
(0.0001506003 -0.0001050252 0.0007091096)
(0.0001513476 -0.0001017303 0.0007274472)
(0.0001633069 -0.0001038215 0.0006243642)
(0.001497279 -0.0008220863 0.001839865)
(7.228623e-06 -2.311632e-05 0.0004253634)
(1.464985e-05 -2.323053e-05 0.0006600783)
(1.572321e-05 -2.01444e-05 0.0005240235)
(0.0001429296 -0.0001745828 0.001028126)
(0.0001501634 -0.0001812366 0.0007375298)
(0.0001506765 -0.0001776202 0.0008241477)
(0.0001514209 -0.000174782 0.0008445111)
(0.0001633877 -0.0001828264 0.0007243295)
(0.001498066 -0.001532966 0.00215054)
(0.001511252 -0.001646529 0.0009307461)
(7.054609e-06 -2.150186e-05 0.0007515543)
(1.517854e-05 -2.131857e-05 0.0005973297)
(0.0001413579 -0.000195606 0.001169984)
(0.0001499909 -0.0002050169 0.0008337773)
(0.000150656 -0.0002026064 0.0009284725)
(0.0001514397 -0.0002007491 0.000945247)
(0.0001634075 -0.0002119747 0.000810951)
(0.001498337 -0.001819962 0.002255042)
(0.001511674 -0.001967201 0.0003471661)
(0.001514216 -0.00214989 0.0008663357)
(7.303475e-06 -1.419093e-05 0.0006517718)
(0.0001354843 -0.0001462379 0.001276414)
(0.0001479249 -0.0001608957 0.0009066064)
(0.0001504202 -0.0001602761 0.001009726)
(0.0001513951 -0.0001593566 0.001026155)
(0.0001634167 -0.0001687518 0.0008803908)
(0.001498435 -0.001463654 0.00242314)
(0.001511817 -0.001531351 0.0002909349)
(0.001514286 -0.001549362 0.0008219827)
(0.001516612 -0.001600767 0.0003992158)
(6.482999e-05 -9.26114e-05 0.001340188)
(0.0001406645 -0.0001153901 0.0009506131)
(0.0001479202 -0.0001212542 0.0010565)
(0.0001510707 -0.0001217445 0.001073455)
(0.0001633146 -0.0001298647 0.0009207022)
(0.001498134 -0.001143239 0.002511805)
(0.001511479 -0.001187852 0.0002213391)
(0.001513867 -0.001201325 0.0007472142)
(0.001515965 -0.001234048 0.0002804459)
(0.001504151 -0.001262815 0.0001492941)
(6.726992e-05 -5.670494e-05 0.0009733473)
(0.0001401077 -6.736896e-05 0.001081082)
(0.0001483205 -7.121714e-05 0.001096526)
(0.0001629237 -7.662691e-05 0.0009409279)
(0.001496999 -0.0006804129 0.002561153)
(0.001511039 -0.0007004963 0.0002110829)
(0.001513383 -0.0006998979 0.0007440942)
(0.001515423 -0.0007083938 0.0002676139)
(0.001503446 -0.0007091658 0.000143505)
(6.711773e-05 -1.932205e-05 0.001090059)
(0.0001402096 -2.2859e-05 0.001104822)
(0.0001597696 -2.61941e-05 0.00094682)
(0.001490279 -0.0002344647 0.002573469)
(0.001506789 -0.0002386216 0.0002054788)
(0.001509873 -0.0002408392 0.0007389538)
(0.001511901 -0.0002429188 0.0002599854)
(0.001499971 -0.0002437798 0.0001404845)
(1.484462e-05 1.670992e-05 0.0001479043)
(1.484202e-05 2.353464e-05 0.0001410724)
(1.503396e-05 2.326106e-05 0.000398781)
(1.483608e-05 3.092826e-05 0.0001304649)
(1.50274e-05 3.046711e-05 0.0003665283)
(1.504274e-05 2.869406e-05 0.0005045692)
(1.482908e-05 2.992218e-05 0.0001164918)
(1.501968e-05 2.929502e-05 0.0003244917)
(1.503468e-05 2.720865e-05 0.0004436127)
(1.505494e-05 2.4801e-05 0.0006904127)
(1.48159e-05 2.160532e-05 0.0001024656)
(1.500651e-05 2.092533e-05 0.0002817661)
(1.502038e-05 1.899374e-05 0.0003823122)
(1.504048e-05 1.675733e-05 0.0005914362)
(1.585109e-05 1.283003e-05 0.0004695602)
(1.480249e-05 1.518713e-05 9.087879e-05)
(1.499407e-05 1.466132e-05 0.0002469372)
(1.500783e-05 1.318758e-05 0.0003317425)
(1.502717e-05 1.149687e-05 0.0005107144)
(1.583707e-05 8.470331e-06 0.0004042904)
(0.000143047 7.049617e-05 0.0007910248)
(1.478759e-05 8.580835e-06 8.286745e-05)
(1.498284e-05 8.246948e-06 0.0002224905)
(1.499726e-05 7.353293e-06 0.0002967905)
(1.501617e-05 6.313244e-06 0.0004541007)
(1.582565e-05 4.436345e-06 0.0003591579)
(0.0001429404 3.640832e-05 0.0007010069)
(0.0001500802 3.699646e-05 0.0005053027)
(1.474737e-05 2.814951e-06 7.851422e-05)
(1.497268e-05 2.718399e-06 0.000209578)
(1.498984e-05 2.419524e-06 0.0002778928)
(1.500899e-05 2.075501e-06 0.0004241769)
(1.581757e-05 1.442484e-06 0.0003347573)
(0.0001428732 1.181092e-05 0.0006535806)
(0.0001500043 1.19909e-05 0.0004707286)
(0.0001505 1.134381e-05 0.000527554)
(1.462899e-05 -2.770081e-06 7.812324e-05)
(1.493375e-05 -2.700973e-06 0.0002077356)
(1.498369e-05 -2.40784e-06 0.0002756009)
(1.500559e-05 -2.065968e-06 0.0004200986)
(1.581395e-05 -1.436963e-06 0.0003317513)
(0.0001428362 -1.177964e-05 0.0006470793)
(0.000149973 -1.197163e-05 0.0004666206)
(0.0001504626 -1.13419e-05 0.0005220964)
(0.000151209 -1.077878e-05 0.0005364765)
(7.264371e-06 -8.092229e-06 8.144652e-05)
(1.480319e-05 -8.066623e-06 0.0002178243)
(1.494276e-05 -7.299552e-06 0.0002892569)
(1.50025e-05 -6.286523e-06 0.0004427001)
(1.581399e-05 -4.408264e-06 0.0003496171)
(0.0001428404 -3.615601e-05 0.0006828292)
(0.0001499721 -3.677834e-05 0.0004917451)
(0.0001504689 -3.487997e-05 0.0005506408)
(0.0001512104 -3.323729e-05 0.0005648114)
(0.0001631587 -3.304105e-05 0.0004865776)
(7.339365e-06 -1.352121e-05 0.0002392417)
(1.478836e-05 -1.278059e-05 0.0003201032)
(1.495484e-05 -1.136227e-05 0.0004909871)
(1.581355e-05 -8.360329e-06 0.0003889725)
(0.0001428724 -6.959251e-05 0.0007600165)
(0.0001500127 -7.116841e-05 0.0005470532)
(0.0001505043 -6.811861e-05 0.0006118112)
(0.0001512511 -6.552554e-05 0.0006279531)
(0.0001631999 -6.615637e-05 0.0005396205)
(0.001496268 -0.0005077005 0.001577951)
(7.297337e-06 -1.699255e-05 0.0003664633)
(1.473986e-05 -1.601177e-05 0.0005652328)
(1.574294e-05 -1.251193e-05 0.0004476945)
(0.0001428656 -0.0001056686 0.0008771073)
(0.0001500629 -0.0001086082 0.0006300018)
(0.000150567 -0.0001047009 0.0007044479)
(0.0001513097 -0.0001013808 0.0007222048)
(0.0001632664 -0.0001034597 0.0006203246)
(0.001496894 -0.0008186204 0.001827215)
(0.001509848 -0.0008223991 0.0007106736)
(7.23149e-06 -2.062589e-05 0.0006576346)
(1.542918e-05 -1.913777e-05 0.0005217782)
(0.0001419813 -0.0001728786 0.001021759)
(0.0001500336 -0.0001803184 0.0007336328)
(0.0001506222 -0.0001769105 0.000819246)
(0.0001513864 -0.0001741216 0.000839766)
(0.0001633473 -0.0001820695 0.0007198509)
(0.001497705 -0.001526402 0.00213861)
(0.001510858 -0.001639044 0.0009256363)
(0.001513227 -0.001723046 0.001719656)
(7.432583e-06 -1.802231e-05 0.0005956174)
(0.0001370546 -0.0001846588 0.001165836)
(0.0001483831 -0.0002028174 0.0008292524)
(0.0001504501 -0.0002014763 0.0009241726)
(0.0001513658 -0.0001998823 0.0009403295)
(0.0001633685 -0.0002111077 0.0008069409)
(0.001497965 -0.00181158 0.002242853)
(0.001511323 -0.001958761 0.0003454162)
(0.001513827 -0.002139562 0.0008615935)
(0.001516328 -0.002394345 0.0004952456)
(6.592044e-05 -0.0001228009 0.00127305)
(0.0001422154 -0.0001517492 0.0009036866)
(0.0001483762 -0.0001584662 0.001004665)
(0.0001511297 -0.0001584237 0.001021759)
(0.0001633202 -0.0001679998 0.0008761895)
(0.001498052 -0.001457337 0.002412091)
(0.001511444 -0.001524494 0.0002894345)
(0.001513941 -0.001542629 0.0008181296)
(0.001516226 -0.001593209 0.0003971395)
(0.001504684 -0.001643861 0.0002154219)
(6.79912e-05 -9.619755e-05 0.0009482273)
(0.0001410893 -0.0001140492 0.001053264)
(0.0001486159 -0.000120309 0.001068422)
(0.0001629709 -0.000129066 0.0009168954)
(0.001497093 -0.001137825 0.002500365)
(0.001511087 -0.001182748 0.0002203421)
(0.001513492 -0.001195802 0.0007436329)
(0.001515628 -0.001228656 0.000279179)
(0.001503772 -0.001256839 0.0001485593)
(6.75141e-05 -5.60385e-05 0.001078473)
(0.000140763 -6.69307e-05 0.001093194)
(0.0001600009 -7.568831e-05 0.0009366984)
(0.0014935 -0.000676061 0.002550745)
(0.001509902 -0.000697208 0.0002101193)
(0.001512978 -0.0006968579 0.0007408735)
(0.001515048 -0.0007051565 0.0002663596)
(0.001503116 -0.0007060861 0.0001428761)
(6.74045e-05 -1.892784e-05 0.001102198)
(0.0001512223 -2.459547e-05 0.0009439541)
(0.001462164 -0.0002314567 0.002562067)
(0.001503078 -0.0002371015 0.0002046385)
(0.001508682 -0.00023969 0.0007356528)
(0.001511491 -0.0002418573 0.0002588693)
(0.0014996 -0.0002426595 0.0001398368)
(1.484398e-05 9.448907e-06 0.0001511659)
(1.484238e-05 1.665236e-05 0.0001472184)
(1.503368e-05 1.654401e-05 0.0004173062)
(1.484007e-05 2.346568e-05 0.0001404805)
(1.503088e-05 2.318464e-05 0.000396789)
(1.504568e-05 2.197094e-05 0.0005482224)
(1.483415e-05 3.08462e-05 0.0001298206)
(1.502467e-05 3.03841e-05 0.0003648166)
(1.503886e-05 2.85968e-05 0.000501822)
(1.505915e-05 2.653454e-05 0.0007841133)
(1.482657e-05 2.986047e-05 0.0001159515)
(1.501738e-05 2.922663e-05 0.0003225937)
(1.503093e-05 2.714098e-05 0.0004412254)
(1.505089e-05 2.472267e-05 0.0006862349)
(1.586261e-05 2.0793e-05 0.000545899)
(1.48114e-05 2.157072e-05 0.0001018572)
(1.500388e-05 2.08992e-05 0.0002801615)
(1.50175e-05 1.895793e-05 0.0003796358)
(1.503651e-05 1.67234e-05 0.0005877348)
(1.584734e-05 1.279469e-05 0.0004662701)
(0.0001431403 0.0001077055 0.0009134187)
(1.479302e-05 1.516681e-05 9.035553e-05)
(1.499022e-05 1.464005e-05 0.0002451247)
(1.500489e-05 1.317595e-05 0.0003294409)
(1.502377e-05 1.147499e-05 0.0005065386)
(1.583339e-05 8.450232e-06 0.0004013524)
(0.0001430135 7.03483e-05 0.0007844291)
(0.0001501564 7.19175e-05 0.0005646676)
(1.474671e-05 8.540325e-06 8.224217e-05)
(1.497522e-05 8.239675e-06 0.0002208996)
(1.499356e-05 7.343662e-06 0.0002942197)
(1.501307e-05 6.310768e-06 0.0004504267)
(1.582173e-05 4.426565e-06 0.0003558387)
(0.00014291 3.633409e-05 0.0006952614)
(0.0001500444 3.694941e-05 0.0005004507)
(0.0001505393 3.501291e-05 0.0005605699)
(1.463014e-05 2.784741e-06 7.812987e-05)
(1.493386e-05 2.701258e-06 0.0002077355)
(1.498352e-05 2.416748e-06 0.0002756209)
(1.500551e-05 2.071553e-06 0.0004201229)
(1.581401e-05 1.44258e-06 0.0003317874)
(0.0001428372 1.178362e-05 0.0006470893)
(0.0001499735 1.1975e-05 0.000466627)
(0.000150463 1.132771e-05 0.0005220731)
(0.0001512086 1.076716e-05 0.0005364581)
(7.272251e-06 -2.661884e-06 7.771643e-05)
(1.481323e-05 -2.656232e-06 0.0002065545)
(1.494345e-05 -2.400783e-06 0.000272987)
(1.499947e-05 -2.061354e-06 0.0004165028)
(1.581002e-05 -1.435656e-06 0.0003285321)
(0.0001428041 -1.173768e-05 0.0006412061)
(0.0001499348 -1.194255e-05 0.0004620126)
(0.0001504309 -1.130762e-05 0.0005175136)
(0.0001511709 -1.076205e-05 0.0005309226)
(0.0001631155 -1.066789e-05 0.0004578049)
(7.356746e-06 -7.745947e-06 0.000216614)
(1.481126e-05 -7.166404e-06 0.0002875596)
(1.495733e-05 -6.258869e-06 0.0004385437)
(1.580715e-05 -4.396624e-06 0.0003467386)
(0.0001428037 -3.607957e-05 0.0006765916)
(0.000149939 -3.668513e-05 0.0004875445)
(0.0001504304 -3.478805e-05 0.0005455204)
(0.0001511768 -3.314612e-05 0.0005601467)
(0.000163117 -3.296999e-05 0.0004819104)
(0.001495498 -0.0002419908 0.00139885)
(7.343437e-06 -1.203433e-05 0.0003184704)
(1.48009e-05 -1.106898e-05 0.000488193)
(1.575489e-05 -8.304251e-06 0.0003856214)
(0.0001428005 -6.934851e-05 0.0007544719)
(0.0001499724 -7.096507e-05 0.0005426336)
(0.0001504708 -6.792558e-05 0.0006071395)
(0.0001512127 -6.531694e-05 0.00062274)
(0.000163161 -6.594097e-05 0.000535614)
(0.001495886 -0.0005057268 0.001565085)
(0.001508702 -0.000507161 0.0005412986)
(7.300615e-06 -1.471905e-05 0.000562825)
(1.55239e-05 -1.200592e-05 0.0004454008)
(0.0001421595 -0.0001048178 0.0008706799)
(0.0001499659 -0.0001081541 0.0006260969)
(0.0001505208 -0.0001043497 0.000699547)
(0.0001512757 -0.0001010547 0.0007174663)
(0.0001632255 -0.0001030833 0.0006158519)
(0.001496529 -0.0008153386 0.001815579)
(0.001509458 -0.0008191098 0.0007064324)
(0.001511576 -0.0006522394 0.001327326)
(7.618991e-06 -1.639019e-05 0.0005198614)
(0.0001393178 -0.0001637827 0.00101732)
(0.0001490376 -0.0001785283 0.0007290603)
(0.0001504924 -0.0001759886 0.0008149114)
(0.0001513312 -0.0001734074 0.0008347762)
(0.0001633094 -0.0001813556 0.000715804)
(0.001497332 -0.001519457 0.002125552)
(0.001510493 -0.001632133 0.0009209585)
(0.001512838 -0.00171481 0.001710041)
(0.001528962 -0.001863152 0.002542919)
(6.708827e-05 -0.0001548945 0.001162405)
(0.0001438639 -0.000191318 0.0008262135)
(0.0001488358 -0.0001992698 0.0009191538)
(0.0001511594 -0.0001987467 0.000935971)
(0.0001632879 -0.0002101703 0.0008027415)
(0.001497592 -0.001803678 0.002231775)
(0.001510949 -0.001949841 0.000343524)
(0.001513473 -0.002130044 0.0008572723)
(0.00151594 -0.00238267 0.0004925322)
(0.001507812 -0.003115616 0.0002737027)
(6.913905e-05 -0.000127144 0.0009011293)
(0.0001426452 -0.0001492893 0.001001397)
(0.0001490743 -0.0001566044 0.001016632)
(0.0001630345 -0.0001669961 0.000872435)
(0.001497147 -0.001450473 0.002400579)
(0.001511062 -0.001517991 0.0002880533)
(0.001513566 -0.001535518 0.000813982)
(0.001515881 -0.001586227 0.0003952457)
(0.001504302 -0.001636019 0.0002143023)
(6.823653e-05 -9.479528e-05 0.00105061)
(0.0001417491 -0.0001130709 0.001065126)
(0.0001603197 -0.0001275125 0.0009125965)
(0.001493949 -0.001130584 0.002490026)
(0.001510043 -0.001177196 0.0002192995)
(0.001513094 -0.001190568 0.000740331)
(0.001515253 -0.001222967 0.0002778234)
(0.001503438 -0.00125131 0.000147889)
(6.780372e-05 -5.554666e-05 0.001090535)
(0.0001518429 -7.106663e-05 0.000933851)
(0.001466644 -0.0006674064 0.00253926)
(0.001506375 -0.0006927872 0.0002092311)
(0.001511833 -0.0006935421 0.0007375266)
(0.001514642 -0.0007020812 0.0002651988)
(0.001502744 -0.0007028433 0.0001422067)
(7.272571e-05 -2.035391e-05 0.0009417228)
(0.001383815 -0.0002168704 0.002554253)
(0.001474744 -0.0002340674 0.000203682)
(0.001504968 -0.0002381462 0.0007326678)
(0.001510298 -0.000240699 0.0002577093)
(0.001499193 -0.0002415954 0.0001392357)
(1.484308e-05 3.178334e-06 0.0001525195)
(1.484216e-05 9.414797e-06 0.0001504738)
(1.503312e-05 9.383352e-06 0.0004271145)
(1.484072e-05 1.65974e-05 0.0001466143)
(1.503134e-05 1.648636e-05 0.0004152917)
(1.504562e-05 1.579743e-05 0.0005748855)
(1.483824e-05 2.339891e-05 0.0001398287)
(1.502881e-05 2.311583e-05 0.0003950446)
(1.504254e-05 2.189602e-05 0.0005454203)
(1.506242e-05 2.048379e-05 0.0008541306)
(1.483142e-05 3.076668e-05 0.0001292708)
(1.502261e-05 3.030153e-05 0.0003629094)
(1.503603e-05 2.851505e-05 0.0004994061)
(1.505534e-05 2.643992e-05 0.0007798273)
(1.586751e-05 2.332267e-05 0.0006214524)
(1.482098e-05 2.97903e-05 0.0001153375)
(1.501475e-05 2.916465e-05 0.0003209849)
(1.502843e-05 2.707287e-05 0.0004385369)
(1.504718e-05 2.465607e-05 0.0006824971)
(1.585854e-05 2.071438e-05 0.0005425763)
(0.0001432443 0.0001787311 0.001064478)
(1.479999e-05 2.152645e-05 0.0001013339)
(1.499927e-05 2.086452e-05 0.0002783424)
(1.50147e-05 1.893137e-05 0.000377355)
(1.503346e-05 1.668815e-05 0.0005835324)
(1.584336e-05 1.276008e-05 0.0004633219)
(0.000143106 0.0001073825 0.0009069941)
(0.0001502545 0.0001102935 0.0006519386)
(1.474364e-05 1.510774e-05 8.971007e-05)
(1.498079e-05 1.461925e-05 0.0002435534)
(1.500092e-05 1.315494e-05 0.0003268597)
(1.502067e-05 1.146222e-05 0.000502913)
(1.582965e-05 8.428054e-06 0.0003980234)
(0.00014298 7.016696e-05 0.0007786821)
(0.0001501211 7.17582e-05 0.0005599809)
(0.0001506156 6.868299e-05 0.0006266962)
(1.462169e-05 8.417656e-06 8.186472e-05)
(1.493323e-05 8.200035e-06 0.0002190156)
(1.498617e-05 7.335765e-06 0.0002919492)
(1.500924e-05 6.301299e-06 0.0004463739)
(1.581817e-05 4.421153e-06 0.0003529057)
(0.0001428746 3.624619e-05 0.0006887649)
(0.0001500121 3.687123e-05 0.000496371)
(0.0001505031 3.495972e-05 0.0005551831)
(0.000151248 3.328529e-05 0.0005702224)
(7.273005e-06 2.699901e-06 7.773602e-05)
(1.481432e-05 2.670126e-06 0.0002065749)
(1.494355e-05 2.401055e-06 0.0002729868)
(1.499933e-05 2.06862e-06 0.0004165349)
(1.580998e-05 1.438912e-06 0.0003285516)
(0.0001428046 1.178036e-05 0.0006412768)
(0.0001499357 1.194642e-05 0.0004620196)
(0.0001504314 1.131057e-05 0.0005175205)
(0.0001511713 1.074926e-05 0.000530899)
(0.0001631151 1.06575e-05 0.0004577892)
(7.364682e-06 -2.546982e-06 0.0002053258)
(1.482132e-05 -2.356827e-06 0.0002713026)
(1.495794e-05 -2.054289e-06 0.0004123761)
(1.580385e-05 -1.431234e-06 0.0003256602)
(0.0001427679 -1.172298e-05 0.0006349064)
(0.0001499008 -1.189956e-05 0.0004578445)
(0.0001503927 -1.127857e-05 0.0005123997)
(0.0001511384 -1.072844e-05 0.0005262734)
(0.0001630743 -1.064718e-05 0.0004530634)
(0.001495102 -7.743094e-05 0.001309813)
(7.360943e-06 -6.8433e-06 0.0002858261)
(1.482386e-05 -6.127316e-06 0.0004358506)
(1.575708e-05 -4.369449e-06 0.0003434214)
(0.0001427427 -3.597206e-05 0.0006709634)
(0.0001499002 -3.66041e-05 0.000483115)
(0.0001503967 -3.469542e-05 0.0005408576)
(0.0001511381 -3.30541e-05 0.0005549508)
(0.0001630799 -3.287278e-05 0.0004779283)
(0.001495118 -0.0002411641 0.001385678)
(0.001507858 -0.0002408161 0.0004334748)
(7.347303e-06 -1.031807e-05 0.0004856291)
(1.558829e-05 -8.000691e-06 0.0003833915)
(0.0001422672 -6.88394e-05 0.0007479088)
(0.0001498973 -7.070759e-05 0.0005386895)
(0.0001504298 -6.772111e-05 0.0006022328)
(0.0001511787 -6.512293e-05 0.0006179964)
(0.0001631196 -6.571698e-05 0.0005311651)
(0.001495524 -0.0005037772 0.001553668)
(0.001508315 -0.0005053632 0.000537676)
(0.00151031 -0.0003859731 0.001027509)
(7.691114e-06 -1.064229e-05 0.0004435074)
(0.000140173 -0.0001002486 0.0008661635)
(0.000149224 -0.0001072594 0.0006214993)
(0.000150424 -0.000103893 0.0006952062)
(0.0001512286 -0.0001007017 0.0007124841)
(0.0001631881 -0.0001027312 0.0006118088)
(0.001496155 -0.000811885 0.001802711)
(0.001509089 -0.0008159622 0.0007025746)
(0.001511189 -0.0006494228 0.001319115)
(0.00154295 -0.0005065342 0.001741348)
(6.877464e-05 -0.0001389716 0.00101328)
(0.0001462413 -0.0001689742 0.0007255149)
(0.0001494928 -0.0001741913 0.0008098186)
(0.0001512013 -0.0001724803 0.0008303526)
(0.0001632489 -0.000180583 0.0007115487)
(0.001496968 -0.001512923 0.002113734)
(0.001510117 -0.001624828 0.0009159096)
(0.001512471 -0.00170721 0.001701228)
(0.001528571 -0.001854049 0.002529276)
(0.004539887 -0.002299591 0.001889818)
(7.036997e-05 -0.0001600557 0.0008234898)
(0.0001442991 -0.0001877208 0.0009157319)
(0.000149536 -0.0001965289 0.0009308778)
(0.0001630656 -0.0002089444 0.0007990198)
(0.001496832 -0.001795105 0.002220165)
(0.001510577 -0.001941428 0.000341786)
(0.001513097 -0.002119942 0.0008525898)
(0.001515585 -0.002371918 0.0004900565)
(0.001507427 -0.003100072 0.0002722048)
(6.938616e-05 -0.0001246034 0.0009985039)
(0.0001433129 -0.0001473813 0.001013252)
(0.0001608145 -0.0001650318 0.0008680593)
(0.001494541 -0.001441355 0.00239025)
(0.001510158 -0.001510933 0.0002865934)
(0.001513179 -0.001528796 0.0008101739)
(0.001515505 -0.001578844 0.0003932079)
(0.001503959 -0.001628779 0.0002132808)
(6.853027e-05 -9.372219e-05 0.001062391)
(0.0001529067 -0.0001197044 0.0009097831)
(0.00146958 -0.001116265 0.002478299)
(0.001506874 -0.001169777 0.0002183178)
(0.001512043 -0.001184872 0.0007368959)
(0.001514854 -0.001217581 0.0002765735)
(0.001503065 -0.001245468 0.0001471719)
(7.316768e-05 -5.878507e-05 0.0009315949)
(0.001391734 -0.000625136 0.002531324)
(0.00147932 -0.0006840268 0.0002081783)
(0.001508305 -0.0006890828 0.0007344748)
(0.001513496 -0.0006987269 0.0002639905)
(0.00150234 -0.0006997652 0.0001415868)
(0.0006654591 -0.0001780314 0.002547833)
(0.001395775 -0.0002192602 0.0002027378)
(0.001476583 -0.0002350681 0.0007293542)
(0.001506581 -0.0002391423 0.0002566552)
(0.001498008 -0.0002404344 0.000138611)
(1.484143e-05 3.166369e-06 0.0001518243)
(1.503224e-05 3.184421e-06 0.0004311836)
(1.484067e-05 9.381678e-06 0.000149861)
(1.503117e-05 9.349184e-06 0.0004250859)
(1.504519e-05 9.018237e-06 0.0005890097)
(1.483896e-05 1.654442e-05 0.0001459559)
(1.502954e-05 1.643154e-05 0.0004135177)
(1.504311e-05 1.574056e-05 0.0005720583)
(1.50626e-05 1.493664e-05 0.0008968358)
(1.483529e-05 2.333167e-05 0.0001392657)
(1.502684e-05 2.304877e-05 0.0003931235)
(1.504028e-05 2.182861e-05 0.0005429662)
(1.505922e-05 2.041039e-05 0.0008497735)
(1.587155e-05 1.839484e-05 0.0006777344)
(1.482366e-05 3.06802e-05 0.0001286495)
(1.501975e-05 3.02219e-05 0.0003612805)
(1.503375e-05 2.843275e-05 0.0004967143)
(1.505239e-05 2.635938e-05 0.0007760596)
(1.586363e-05 2.322758e-05 0.0006180495)
(0.0001432897 0.000202744 0.001212823)
(1.480646e-05 2.969608e-05 0.0001148073)
(1.500904e-05 2.909408e-05 0.0003191564)
(1.502561e-05 2.701124e-05 0.0004362573)
(1.504445e-05 2.458805e-05 0.0006782889)
(1.585473e-05 2.064564e-05 0.000539604)
(0.0001432079 0.0001780273 0.001057996)
(0.0001503641 0.0001846729 0.0007595466)
(1.473216e-05 2.144163e-05 0.0001006911)
(1.498786e-05 2.081994e-05 0.0002767759)
(1.500999e-05 1.889686e-05 0.00037477)
(1.503047e-05 1.666096e-05 0.0005799485)
(1.583982e-05 1.272343e-05 0.0004599754)
(0.0001430704 0.0001070712 0.0009012307)
(0.0001502184 0.0001099534 0.0006473664)
(0.000150714 0.0001060413 0.00072391)
(1.459949e-05 1.481874e-05 8.932361e-05)
(1.493025e-05 1.456013e-05 0.0002416137)
(1.499184e-05 1.313331e-05 0.0003246206)
(1.501657e-05 1.144137e-05 0.0004988499)
(1.582607e-05 8.411778e-06 0.0003951315)
(0.000142946 6.996772e-05 0.0007721693)
(0.0001500859 7.156813e-05 0.0005558969)
(0.0001505799 6.851649e-05 0.000621491)
(0.0001513247 6.58889e-05 0.0006378561)
(7.265955e-06 8.109106e-06 8.149038e-05)
(1.480567e-05 8.075924e-06 0.0002178771)
(1.494296e-05 7.29858e-06 0.0002892577)
(1.500211e-05 6.292629e-06 0.0004427917)
(1.581389e-05 4.411253e-06 0.000349672)
(0.000142842 3.619237e-05 0.0006830258)
(0.000149975 3.677922e-05 0.0004917581)
(0.0001504702 3.488081e-05 0.0005506543)
(0.0001512115 3.322654e-05 0.0005647564)
(0.0001631578 3.303126e-05 0.0004865294)
(7.365394e-06 2.582931e-06 0.0002053858)
(1.482225e-05 2.368748e-06 0.000271332)
(1.495802e-05 2.05455e-06 0.0004123763)
(1.580377e-05 1.435375e-06 0.0003256861)
(0.0001427676 1.174797e-05 0.0006349447)
(0.0001499013 1.194167e-05 0.0004578945)
(0.0001503936 1.128198e-05 0.0005124074)
(0.0001511389 1.073101e-05 0.0005262803)
(0.0001630746 1.063561e-05 0.0004530432)
(0.0014951 7.738229e-05 0.001309768)
(7.368898e-06 -2.248116e-06 0.0002695415)
(1.483396e-05 -2.011207e-06 0.0004097022)
(1.575758e-05 -1.42366e-06 0.0003223651)
(0.0001427126 -1.168371e-05 0.0006292897)
(0.0001498626 -1.188318e-05 0.0004533731)
(0.0001503583 -1.12372e-05 0.0005077731)
(0.0001511001 -1.069937e-05 0.0005210856)
(0.0001630382 -1.061219e-05 0.0004490941)
(0.001494724 -7.71796e-05 0.001296486)
(0.00150743 -7.723005e-05 0.0003819543)
(7.365273e-06 -5.8013e-06 0.0004331266)
(1.561261e-05 -4.234297e-06 0.0003412699)
(0.0001422863 -3.572943e-05 0.0006644638)
(0.0001498364 -3.64906e-05 0.0004791169)
(0.0001503573 -3.461284e-05 0.0005359406)
(0.0001511039 -3.296185e-05 0.0005502194)
(0.0001630384 -3.277406e-05 0.0004734929)
(0.001494761 -0.0002402889 0.001374419)
(0.001507475 -0.0002401113 0.0004302136)
(0.001509416 -0.0001715421 0.0008452345)
(7.740265e-06 -7.201641e-06 0.0003813708)
(0.0001407546 -6.61059e-05 0.0007435284)
(0.0001493366 -7.017277e-05 0.0005340105)
(0.0001503551 -6.746055e-05 0.0005978507)
(0.0001511369 -6.491712e-05 0.0006130134)
(0.0001630822 -6.550763e-05 0.0005271166)
(0.001495149 -0.0005017327 0.001540999)
(0.001507952 -0.0005035186 0.000534434)
(0.001509924 -0.0003844319 0.001020217)
(0.001551203 -0.0002867914 0.001164676)
(6.942879e-05 -8.792791e-05 0.0008622085)
(0.000147138 -0.0001024662 0.0006179794)
(0.0001496792 -0.000102993 0.000690092)
(0.0001511318 -0.0001002419 0.0007080631)
(0.0001631364 -0.0001023502 0.0006075581)
(0.001495796 -0.0008086329 0.001791068)
(0.001508711 -0.0008126591 0.0006983783)
(0.001510819 -0.0006467676 0.001311632)
(0.001542555 -0.0005043003 0.001731215)
(0.007978184 -2.436088e-05 0.001243309)
(7.21484e-05 -0.0001429172 0.000721507)
(0.0001466873 -0.0001645971 0.0008057056)
(0.0001501968 -0.0001706725 0.0008251295)
(0.0001631093 -0.0001795808 0.0007077785)
(0.001496392 -0.001505841 0.00210128)
(0.001509756 -0.001617959 0.0009112446)
(0.001512095 -0.001699135 0.001691686)
(0.001528198 -0.001845662 0.002516777)
(0.004538635 -0.002287923 0.00187974)
(1.023692 -0.001218949 0.00544143)
(7.061768e-05 -0.0001563299 0.0009125999)
(0.000144975 -0.0001849086 0.0009272923)
(0.0001613123 -0.0002065493 0.0007946741)
(0.001494805 -0.001783928 0.002209805)
(0.00150982 -0.001932311 0.0003399378)
(0.001512719 -0.002110445 0.0008483083)
(0.001515209 -0.002360484 0.0004873807)
(0.001507074 -0.003085771 0.000270838)
(6.968695e-05 -0.0001225713 0.001010132)
(0.0001545945 -0.0001550757 0.0008651917)
(0.00147412 -0.001423352 0.002378066)
(0.001507538 -0.001501566 0.0002851153)
(0.00151227 -0.001521491 0.0008061806)
(0.001515116 -0.001571873 0.0003913308)
(0.001503586 -0.001621113 0.0002121817)
(7.395089e-05 -9.882321e-05 0.0009074718)
(0.001401489 -0.001044844 0.002470128)
(0.001482345 -0.001155177 0.0002170708)
(0.001508878 -0.001177287 0.0007337398)
(0.001513802 -0.001211718 0.0002752684)
(0.001502669 -0.001239944 0.0001465104)
(0.0006705972 -0.0005126384 0.002524352)
(0.001403843 -0.0006410793 0.0002066637)
(0.001481215 -0.0006802106 0.0007310248)
(0.001509967 -0.0006942203 0.0002628752)
(0.001501202 -0.0006964082 0.0001409418)
(0.0006709623 -0.000179811 0.0002011823)
(0.001397495 -0.0002200794 0.0007266947)
(0.001478171 -0.000236036 0.0002554679)
(0.001494322 -0.0002388754 0.0001380431)
(1.484002e-05 3.154753e-06 0.0001512072)
(1.503045e-05 3.172325e-06 0.0004291483)
(1.504436e-05 3.084088e-06 0.0005948753)
(1.483894e-05 9.350073e-06 0.000149198)
(1.502954e-05 9.31617e-06 0.0004232902)
(1.504303e-05 8.984506e-06 0.000586167)
(1.50623e-05 8.596736e-06 0.0009194849)
(1.483578e-05 1.649047e-05 0.0001453808)
(1.502765e-05 1.637834e-05 0.0004115835)
(1.504111e-05 1.568692e-05 0.0005695686)
(1.505991e-05 1.48805e-05 0.0008924505)
(1.587214e-05 1.38889e-05 0.0007120156)
(1.482584e-05 2.326043e-05 0.0001386355)
(1.502377e-05 2.298168e-05 0.0003914633)
(1.503809e-05 2.176199e-05 0.0005402635)
(1.505674e-05 2.034439e-05 0.0008459591)
(1.586803e-05 1.831995e-05 0.0006742806)
(0.0001433272 0.0001607414 0.00132361)
(1.480152e-05 3.056223e-05 0.0001281076)
(1.501186e-05 3.013495e-05 0.0003594398)
(1.503072e-05 2.835419e-05 0.0004944147)
(1.504985e-05 2.627716e-05 0.0007718622)
(1.586028e-05 2.314448e-05 0.0006150588)
(0.0001432549 0.0002018926 0.001206198)
(0.0001504126 0.0002103091 0.0008596514)
(1.471387e-05 2.951889e-05 0.0001141634)
(1.499447e-05 2.89994e-05 0.0003175765)
(1.501984e-05 2.694092e-05 0.0004336666)
(1.504143e-05 2.452662e-05 0.0006747187)
(1.585138e-05 2.057338e-05 0.000536258)
(0.0001431736 0.0001774085 0.001052191)
(0.0001503261 0.0001839358 0.0007549275)
(0.0001508244 0.000180357 0.0008437046)
(1.45393e-05 2.096658e-05 0.0001002903)
(1.49187e-05 2.073396e-05 0.0002748506)
(1.499886e-05 1.885227e-05 0.0003725431)
(1.502564e-05 1.662646e-05 0.0005758888)
(1.583627e-05 1.269286e-05 0.0004571203)
(0.0001430379 0.0001067405 0.000894689)
(0.0001501812 0.0001096274 0.0006432659)
(0.0001506777 0.0001056985 0.0007188296)
(0.0001514236 0.0001024017 0.0007372509)
(7.248627e-06 1.408344e-05 8.896824e-05)
(1.478316e-05 1.426848e-05 0.0002404505)
(1.49402e-05 1.307505e-05 0.0003218547)
(1.500788e-05 1.141869e-05 0.0004953231)
(1.582148e-05 8.38971e-06 0.0003918918)
(0.0001429132 6.981563e-05 0.0007665131)
(0.0001500501 7.135949e-05 0.0005512692)
(0.0001505444 6.83262e-05 0.000616957)
(0.0001512885 6.571571e-05 0.0006325694)
(0.0001632407 6.634122e-05 0.0005440659)
(7.358244e-06 7.762001e-06 0.0002167487)
(1.481337e-05 7.174448e-06 0.0002876358)
(1.495749e-05 6.258156e-06 0.0004385459)
(1.580693e-05 4.40022e-06 0.0003468124)
(0.0001428028 3.610284e-05 0.0006766992)
(0.0001499406 3.672121e-05 0.0004876835)
(0.000150433 3.478891e-05 0.0005455349)
(0.0001511779 3.314687e-05 0.0005601602)
(0.000163118 3.295994e-05 0.0004818633)
(0.001495495 0.000241943 0.001398713)
(7.369504e-06 2.278821e-06 0.000269628)
(1.48347e-05 2.020885e-06 0.0004097491)
(1.575762e-05 1.423849e-06 0.0003223655)
(0.000142712 1.171516e-05 0.0006293402)
(0.0001498623 1.190795e-05 0.0004534002)
(0.0001503588 1.127499e-05 0.0005078285)
(0.0001511009 1.070237e-05 0.0005210933)
(0.0001630386 1.061436e-05 0.0004490999)
(0.001494725 7.712243e-05 0.001296431)
(0.001507428 7.717291e-05 0.000381945)
(7.373413e-06 -1.903066e-06 0.0004069336)
(1.562329e-05 -1.380151e-06 0.0003202279)
(0.0001422906 -1.161496e-05 0.000622832)
(0.0001498048 -1.18422e-05 0.0004493849)
(0.0001503196 -1.121922e-05 0.0005028104)
(0.0001510653 -1.065939e-05 0.0005163925)
(0.000162997 -1.058102e-05 0.0004446652)
(0.00149437 -7.688358e-05 0.001285305)
(0.001507049 -7.702024e-05 0.0003788563)
(0.001508969 -5.463886e-05 0.0007578485)
(7.759348e-06 -3.885437e-06 0.0003391182)
(0.0001409744 -3.451398e-05 0.0006602445)
(0.0001493562 -3.623716e-05 0.0004744903)
(0.0001502938 -3.449789e-05 0.0005315002)
(0.0001510639 -3.287777e-05 0.0005452293)
(0.0001630009 -3.267581e-05 0.0004694538)
(0.001494386 -0.0002393863 0.00136188)
(0.001507119 -0.0002393034 0.000427353)
(0.001509032 -0.0001709495 0.0008383972)
(0.001555899 -0.0001174221 0.0009101736)
(6.987592e-05 -5.887455e-05 0.0007393554)
(0.0001477478 -6.730817e-05 0.0005306467)
(0.0001497915 -6.692336e-05 0.0005926518)
(0.0001510624 -6.465341e-05 0.0006085579)
(0.0001630364 -6.528511e-05 0.0005228639)
(0.001494792 -0.0004997996 0.00152947)
(0.001507572 -0.0005015883 0.0005308807)
(0.001509557 -0.000382921 0.001013713)
(0.001550807 -0.0002856176 0.00115696)
(0.01005795 -7.194067e-06 0.0007905259)
(7.284111e-05 -8.953793e-05 0.0006142392)
(0.0001475852 -9.81902e-05 0.0006860381)
(0.0001503832 -9.93358e-05 0.0007028371)
(0.0001630326 -0.0001018529 0.0006037876)
(0.001495302 -0.0008051165 0.001778807)
(0.001508354 -0.0008095561 0.0006945212)
(0.001510442 -0.0006439665 0.001303458)
(0.001542177 -0.000502203 0.001721991)
(0.007975926 -2.423522e-05 0.00123612)
(2.188723 -0.001093829 0.003727811)
(7.239972e-05 -0.000138438 0.0008007899)
(0.0001473787 -0.0001610207 0.0008204997)
(0.0001620262 -0.0001776269 0.000703335)
(0.00149512 -0.001496663 0.002089961)
(0.001509196 -0.001610517 0.0009062345)
(0.001511727 -0.001691561 0.001682909)
(0.001527817 -0.001836729 0.002503318)
(0.004537475 -0.002277205 0.001870501)
(1.023405 -0.001212134 0.005412784)
(1.77737 -0.0002270838 0.001922126)
(7.092658e-05 -0.000153329 0.0009237882)
(0.0001563882 -0.0001939819 0.0007916429)
(0.001478667 -0.001762054 0.002197483)
(0.001507792 -0.001920467 0.0003380114)
(0.001511961 -0.002100149 0.0008437886)
(0.00151483 -0.002349755 0.0004849204)
(0.0015067 -0.003070516 0.0002693604)
(7.519832e-05 -0.0001282953 0.0008626039)
(0.001416944 -0.001332167 0.002368225)
(0.001487073 -0.001483132 0.0002829285)
(0.001509672 -0.001511847 0.0008023755)
(0.00151421 -0.001564297 0.000389345)
(0.001503199 -0.001613883 0.0002111689)
(0.0006777764 -0.0008536409 0.002462053)
(0.0014138 -0.001082002 0.0002144108)
(0.001484346 -0.001162304 0.0007300113)
(0.001510639 -0.001203935 0.000274038)
(0.001501625 -0.001233933 0.0001458203)
(0.0006761964 -0.0005267586 0.0002034845)
(0.001405665 -0.0006367337 0.0007276445)
(0.001482868 -0.0006852527 0.0002615679)
(0.001497705 -0.0006919014 0.0001403482)
(0.0006719934 -0.0001801157 0.0007237195)
(0.001399018 -0.0002208644 0.0002543177)
(0.001466145 -0.0002357666 0.000137407)
(1.483831e-05 3.143636e-06 0.0001505419)
(1.50289e-05 3.160647e-06 0.0004273417)
(1.504235e-05 3.072106e-06 0.0005920253)
(1.506154e-05 2.916741e-06 0.0009289053)
(1.48355e-05 9.317476e-06 0.000148614)
(1.502768e-05 9.284437e-06 0.0004213467)
(1.504118e-05 8.952245e-06 0.0005836509)
(1.505991e-05 8.563422e-06 0.0009150824)
(1.587207e-05 8.149339e-06 0.0007301885)
(1.482477e-05 1.64326e-05 0.0001447426)
(1.502435e-05 1.632454e-05 0.0004098933)
(1.503899e-05 1.563411e-05 0.0005668542)
(1.505767e-05 1.482806e-05 0.0008885902)
(1.586895e-05 1.38308e-05 0.0007085435)
(0.0001433331 0.0001223078 0.001390894)
(1.479788e-05 2.316072e-05 0.0001380789)
(1.501418e-05 2.291021e-05 0.0003896044)
(1.503485e-05 2.169628e-05 0.0005379273)
(1.505431e-05 2.027807e-05 0.0008417583)
(1.586499e-05 1.82527e-05 0.0006712576)
(0.0001432952 0.0001600688 0.001316894)
(0.0001504524 0.0001669706 0.0009372162)
(1.464945e-05 3.034165e-05 0.0001274547)
(1.498958e-05 3.001654e-05 0.0003578334)
(1.502277e-05 2.826772e-05 0.000491816)
(1.504663e-05 2.619959e-05 0.0007682751)
(1.585711e-05 2.305721e-05 0.000611727)
(0.0001432242 0.0002011449 0.001200369)
(0.0001503762 0.0002094173 0.0008549534)
(0.000150874 0.0002067828 0.0009528592)
(1.445023e-05 2.858441e-05 0.000113766)
(1.49002e-05 2.882037e-05 0.000315655)
(1.500551e-05 2.6847e-05 0.0004314276)
(1.503556e-05 2.445636e-05 0.0006706628)
(1.584777e-05 2.050834e-05 0.0005334185)
(0.0001431426 0.0001767546 0.001045657)
(0.0001502901 0.0001832868 0.0007507911)
(0.0001507864 0.0001796204 0.0008385712)
(0.0001515351 0.0001768708 0.0008596712)
(7.20283e-06 1.969051e-05 9.99521e-05)
(1.472224e-05 2.025346e-05 0.0002736498)
(1.492872e-05 1.876553e-05 0.000369804)
(1.501484e-05 1.65817e-05 0.0005723902)
(1.583095e-05 1.265591e-05 0.0004538871)
(0.0001430052 0.0001064607 0.0008891086)
(0.0001501469 0.0001092806 0.0006386128)
(0.0001506405 0.0001053726 0.0007142763)
(0.000151387 0.0001020558 0.0007320845)
(0.0001633482 0.0001041845 0.0006286897)
(7.340755e-06 1.352261e-05 0.0002393818)
(1.479077e-05 1.278489e-05 0.0003201998)
(1.495497e-05 1.136129e-05 0.0004909693)
(1.581315e-05 8.363195e-06 0.0003890789)
(0.0001428713 6.961575e-05 0.0007601781)
(0.0001500155 7.119833e-05 0.0005472498)
(0.0001505084 6.811774e-05 0.0006118203)
(0.0001512528 6.552494e-05 0.0006279649)
(0.0001632013 6.614557e-05 0.0005395533)
(0.001496263 0.0005076539 0.001577741)
(7.36222e-06 6.857188e-06 0.0002860206)
(1.482557e-05 6.133933e-06 0.0004359726)
(1.575717e-05 4.36919e-06 0.0003434237)
(0.0001427409 3.599974e-05 0.0006711075)
(0.0001498994 3.662729e-05 0.0004831913)
(0.0001503981 3.472815e-05 0.0005410117)
(0.0001511405 3.305493e-05 0.0005549653)
(0.0001630809 3.287344e-05 0.0004779396)
(0.001495122 0.000241106 0.001385549)
(0.001507853 0.0002407615 0.0004334469)
(7.373896e-06 1.927788e-06 0.000407071)
(1.562368e-05 1.385552e-06 0.0003202656)
(0.0001422909 1.161644e-05 0.0006228325)
(0.0001498042 1.187331e-05 0.0004494206)
(0.0001503193 1.124163e-05 0.0005028405)
(0.0001510657 1.069336e-05 0.0005164485)
(0.0001629977 1.058362e-05 0.0004446718)
(0.001494372 7.689087e-05 0.001285323)
(0.001507051 7.695162e-05 0.0003788461)
(0.001508968 5.460653e-05 0.0007578291)
(7.767901e-06 -1.267633e-06 0.000318039)
(0.000141071 -1.122497e-05 0.0006186445)
(0.0001493605 -1.177e-05 0.0004447909)
(0.0001502619 -1.117853e-05 0.0004983813)
(0.000151026 -1.063996e-05 0.0005113579)
(0.000162959 -1.054031e-05 0.0004406582)
(0.001493996 -7.659924e-05 0.001272828)
(0.001506699 -7.674159e-05 0.0003761776)
(0.001508588 -5.44601e-05 0.0007512087)
(0.001558057 -3.722025e-05 0.0007916986)
(7.005077e-05 -3.1353e-05 0.0006558356)
(0.0001479782 -3.496421e-05 0.0004712798)
(0.0001498104 -3.424562e-05 0.0005263615)
(0.0001510006 -3.276136e-05 0.0005407198)
(0.0001629571 -3.258346e-05 0.000465194)
(0.001494029 -0.0002385046 0.001350469)
(0.001506739 -0.0002384743 0.0004241949)
(0.001508668 -0.0001703243 0.0008324551)
(0.001555502 -0.0001170135 0.0009033578)
(0.01127389 -1.613406e-06 0.0006137331)
(7.331574e-05 -5.971711e-05 0.0005269139)
(0.000148196 -6.40578e-05 0.0005887961)
(0.0001504953 -6.411329e-05 0.0006032615)
(0.0001629569 -6.499786e-05 0.0005190625)
(0.001494353 -0.0004977344 0.001517341)
(0.001507217 -0.0004997701 0.0005276292)
(0.001509179 -0.0003813332 0.00100656)
(0.001550427 -0.000284475 0.001150057)
(0.0100551 -7.156077e-06 0.0007852859)
(2.893576 -0.0007262138 0.001896477)
(7.308886e-05 -8.523151e-05 0.0006815044)
(0.0001482791 -9.451655e-05 0.0006983551)
(0.0001622251 -0.000100873 0.0005993371)
(0.00149436 -0.0008005028 0.001767733)
(0.001507871 -0.000806201 0.0006903876)
(0.001510077 -0.0006413316 0.001295974)
(0.00154179 -0.0004999853 0.00171198)
(0.0079739 -2.412757e-05 0.001229571)
(2.188098 -0.001086995 0.00370661)
(4.112949 -0.001071939 0.002119416)
(7.272278e-05 -0.0001347109 0.0008142187)
(0.0001589889 -0.0001671922 0.0006994979)
(0.001485115 -0.001478752 0.002075854)
(0.001507977 -0.001600919 0.0009005278)
(0.001511193 -0.001683356 0.001673526)
(0.001527444 -0.001828366 0.002490849)
(0.004536224 -0.002265737 0.00186056)
(1.023145 -0.001206911 0.005387099)
(1.776874 -0.0002251299 0.001910964)
(2.224324 -0.0001914454 0.001134669)
(7.653396e-05 -0.0001598365 0.0007887634)
(0.001433367 -0.001646971 0.002185764)
(0.001491724 -0.001897368 0.0003350112)
(0.001509967 -0.002086909 0.0008393886)
(0.001514077 -0.002338126 0.0004823011)
(0.001506322 -0.003056244 0.0002680015)
(0.0006892005 -0.001086907 0.00235507)
(0.001429781 -0.001389389 0.0002744973)
(0.001489368 -0.001492855 0.0007973455)
(0.001511633 -0.001554332 0.000387304)
(0.001502305 -0.001606027 0.0002100977)
(0.00068352 -0.0008859759 0.0002079682)
(0.00141582 -0.001086986 0.0007251754)
(0.001486133 -0.001188573 0.0002724933)
(0.001498493 -0.001225978 0.0001451733)
(0.0006772927 -0.0005208773 0.0007226036)
(0.001407299 -0.0006412114 0.0002597163)
(0.001470841 -0.0006829304 0.0001396619)
(0.0006726665 -0.0001803815 0.0002526272)
(0.001387645 -0.0002205664 0.0001367982)
(1.483469e-05 3.132201e-06 0.0001499536)
(1.502706e-05 3.149381e-06 0.0004253938)
(1.504057e-05 3.060657e-06 0.000589496)
(1.505927e-05 2.905108e-06 0.0009244948)
(1.587121e-05 2.85159e-06 0.0007377623)
(1.482341e-05 9.281473e-06 0.0001479681)
(1.502412e-05 9.251958e-06 0.0004196344)
(1.503909e-05 8.920764e-06 0.0005809276)
(1.50578e-05 8.531936e-06 0.0009111873)
(1.586907e-05 8.11482e-06 0.0007267055)
(0.0001433328 7.205644e-05 0.001426591)
(1.479205e-05 1.635236e-05 0.0001441725)
(1.501317e-05 1.626656e-05 0.0004080168)
(1.503555e-05 1.558152e-05 0.0005644816)
(1.50553e-05 1.477557e-05 0.0008843814)
(1.586609e-05 1.377762e-05 0.0007054878)
(0.0001433037 0.0001217846 0.001384148)
(0.0001504588 0.0001273682 0.0009842293)
(1.460396e-05 2.2984e-05 0.0001374159)
(1.4986e-05 2.281037e-05 0.0003879617)
(1.502522e-05 2.162549e-05 0.0005353112)
(1.505088e-05 2.021375e-05 0.0008381264)
(1.586192e-05 1.818282e-05 0.0006679284)
(0.000143267 0.000159465 0.00131101)
(0.0001504188 0.0001662656 0.0009324552)
(0.0001509146 0.000164553 0.001038586)
(1.4217e-05 2.921273e-05 0.0001270676)
(1.483501e-05 2.979395e-05 0.0003558948)
(1.500075e-05 2.815068e-05 0.0004895478)
(1.503861e-05 2.611344e-05 0.0007642225)
(1.585331e-05 2.297685e-05 0.0006088792)
(0.0001431948 0.0002003555 0.001193878)
(0.0001503438 0.0002086328 0.0008508188)
(0.0001508376 0.0002058914 0.0009476499)
(0.000151586 0.0002040782 0.0009650302)
(7.134434e-06 2.60174e-05 0.0001134184)
(1.463211e-05 2.787375e-05 0.0003144682)
(1.491019e-05 2.666798e-05 0.0004287015)
(1.502152e-05 2.436311e-05 0.0006671568)
(1.584142e-05 2.043366e-05 0.0005301934)
(0.0001431093 0.0001761664 0.001040112)
(0.0001502574 0.0001825995 0.0007461364)
(0.0001507504 0.0001789699 0.0008339769)
(0.0001514972 0.0001761329 0.0008544451)
(0.0001634701 0.0001843225 0.00073278)
(7.294515e-06 1.896125e-05 0.0002726336)
(1.472982e-05 1.828541e-05 0.0003681006)
(1.494355e-05 1.649389e-05 0.0005680893)
(1.582026e-05 1.260782e-05 0.0004511002)
(0.0001429568 0.0001061253 0.0008827909)
(0.0001501123 0.0001089858 0.0006346421)
(0.0001506058 0.0001050251 0.0007091101)
(0.0001513498 0.0001017294 0.0007274559)
(0.0001633084 0.0001038092 0.0006242807)
(0.001497271 0.0008220329 0.001839677)
(7.34463e-06 1.203585e-05 0.000318673)
(1.480286e-05 1.107268e-05 0.000488348)
(1.575496e-05 8.303957e-06 0.000385608)
(0.0001427974 6.937149e-05 0.0007546794)
(0.0001499713 7.098849e-05 0.0005427483)
(0.0001504734 6.795351e-05 0.0006073578)
(0.0001512164 6.531632e-05 0.0006227492)
(0.0001631625 6.594045e-05 0.0005356238)
(0.001495892 0.000505654 0.001564901)
(0.001508694 0.0005071156 0.0005412531)
(7.366297e-06 5.812717e-06 0.000433436)
(1.561353e-05 4.238196e-06 0.0003413681)
(0.0001422869 3.572784e-05 0.0006644677)
(0.0001498347 3.651811e-05 0.0004792188)
(0.0001503566 3.463403e-05 0.0005360253)
(0.0001511052 3.299163e-05 0.0005503754)
(0.0001630406 3.27749e-05 0.0004735052)
(0.001494766 0.000240292 0.001374453)
(0.00150748 0.0002400462 0.0004301842)
(0.001509413 0.0001715102 0.0008451766)
(7.768155e-06 1.281036e-06 0.0003181491)
(0.0001410739 1.126564e-05 0.000618718)
(0.0001493607 1.177157e-05 0.0004447912)
(0.0001502613 1.120649e-05 0.000498421)
(0.0001510257 1.066028e-05 0.0005113884)
(0.0001629593 1.05709e-05 0.000440706)
(0.001493999 7.660945e-05 0.001272846)
(0.001506701 7.675064e-05 0.0003761795)
(0.001508588 5.442018e-05 0.0007511844)
(0.001558056 3.719858e-05 0.0007916812)
(7.012911e-05 -1.021076e-05 0.0006141725)
(0.0001480794 -1.136199e-05 0.0004416226)
(0.0001498144 -1.110603e-05 0.0004932799)
(0.0001509683 -1.059946e-05 0.0005068618)
(0.000162916 -1.051729e-05 0.0004363601)
(0.001493638 -7.627587e-05 0.001261548)
(0.00150632 -7.648024e-05 0.0003732037)
(0.001508226 -5.425013e-05 0.000745534)
(0.00155766 -3.709778e-05 0.0007852763)
(0.01183919 -6.299926e-07 0.0005320185)
(7.350299e-05 -3.16456e-05 0.0004674892)
(0.0001484266 -3.297364e-05 0.0005226914)
(0.0001505136 -3.250978e-05 0.0005354929)
(0.0001628894 -3.245656e-05 0.000461345)
(0.001493613 -0.0002376124 0.001338417)
(0.001506383 -0.00023766 0.0004213211)
(0.00150829 -0.0001696789 0.0008258788)
(0.001555123 -0.0001165833 0.0008973867)
(0.01127068 -1.604349e-06 0.0006091228)
(3.305574 -0.0003529311 0.001387504)
(7.356087e-05 -5.644408e-05 0.0005843447)
(0.0001488915 -6.124243e-05 0.0005990484)
(0.0001623444 -6.441489e-05 0.0005145492)
(0.00149364 -0.0004950207 0.001506372)
(0.001506786 -0.0004978318 0.000524149)
(0.001508816 -0.0003798329 0.001000024)
(0.001550037 -0.0002832718 0.001142497)
(0.01005259 -7.125698e-06 0.0007805974)
(2.892748 -0.000721126 0.001883734)
(5.620332 -0.0009872049 0.001474609)
(7.34168e-05 -8.15093e-05 0.0006926926)
(0.0001599563 -9.568577e-05 0.0005956049)
(0.001486891 -0.0007914054 0.001754103)
(0.001506967 -0.0008018146 0.0006858582)
(0.00150961 -0.0006384832 0.001287992)
(0.001541416 -0.0004979011 0.001702758)
(0.007971622 -2.40074e-05 0.001222467)
(2.187547 -0.001082478 0.003688202)
(4.111779 -0.001064542 0.002105855)
(5.337848 -0.0007837624 0.001682341)
(7.847617e-05 -0.0001387574 0.00069449)
(0.001457069 -0.001383141 0.002052373)
(0.00149861 -0.00158226 0.0008906108)
(0.001510135 -0.001672889 0.001663318)
(0.001526945 -0.00181931 0.002477426)
(0.004535097 -0.002255039 0.001851342)
(1.022856 -0.001200401 0.005358699)
(1.776436 -0.0002249289 0.001903059)
(2.223706 -0.0001895883 0.001127426)
(2.480458 -0.0001110606 0.0007520008)
(0.0007014187 -0.001334502 0.002167684)
(0.001446642 -0.001774822 0.0003211849)
(0.001494218 -0.00206125 0.0008332669)
(0.001512118 -0.002323296 0.0004795281)
(0.001505582 -0.003040789 0.0002665544)
(0.0006953362 -0.001136965 0.0002517824)
(0.001432566 -0.001395608 0.0007846616)
(0.001491528 -0.001534749 0.000384241)
(0.001499775 -0.001595743 0.0002089976)
(0.0006847422 -0.0008848817 0.0007159487)
(0.001417684 -0.001110944 0.0002692293)
(0.001474226 -0.001210297 0.0001443746)
(0.0006780383 -0.0005237642 0.0002560434)
(0.001395936 -0.000638798 0.000138759)
(0.0006672546 -0.0001799863 0.0001361042)
(1.482205e-05 3.119356e-06 0.0001493032)
(1.502334e-05 3.137894e-06 0.0004236704)
(1.503851e-05 3.049446e-06 0.0005867687)
(1.505723e-05 2.894108e-06 0.0009205823)
(1.58683e-05 2.839302e-06 0.0007342742)
(0.0001433024 2.500228e-05 0.001441425)
(1.478786e-05 9.232708e-06 0.0001473879)
(1.501187e-05 9.215987e-06 0.0004177392)
(1.503541e-05 8.889063e-06 0.0005785278)
(1.505547e-05 8.50066e-06 0.0009069714)
(1.586633e-05 8.083005e-06 0.0007236245)
(0.000143305 7.174555e-05 0.001419827)
(0.0001504586 7.513104e-05 0.001009447)
(1.455893e-05 1.621881e-05 0.0001435132)
(1.498013e-05 1.618626e-05 0.0004063399)
(1.502434e-05 1.552432e-05 0.000561847)
(1.505168e-05 1.472422e-05 0.0008807022)
(1.58631e-05 1.372253e-05 0.0007021561)
(0.0001432771 0.0001213076 0.001378207)
(0.0001504278 0.0001268195 0.000979449)
(0.0001509213 0.0001260586 0.001090514)
(1.4054e-05 2.207609e-05 0.000137027)
(1.478901e-05 2.263169e-05 0.000386002)
(1.499731e-05 2.152728e-05 0.0005329993)
(1.504119e-05 2.014355e-05 0.0008340602)
(1.585794e-05 1.811735e-05 0.0006650496)
(0.0001432384 0.0001588336 0.001304533)
(0.000150389 0.0001656329 0.0009282832)
(0.0001508807 0.0001638478 0.00103331)
(0.0001516274 0.0001627146 0.001050973)
(6.96053e-06 2.613561e-05 0.0001267448)
(1.439588e-05 2.865069e-05 0.0003547485)
(1.484494e-05 2.792873e-05 0.0004868076)
(1.501688e-05 2.599775e-05 0.0007606854)
(1.584473e-05 2.288595e-05 0.0006056622)
(0.0001431598 0.0001996318 0.001188329)
(0.0001503126 0.0002078033 0.0008462141)
(0.0001508049 0.0002051052 0.0009430669)
(0.0001515495 0.0002031852 0.0009597537)
(0.000163527 0.0002147001 0.0008238348)
(7.225547e-06 2.52743e-05 0.0003134258)
(1.463974e-05 2.571956e-05 0.0004270224)
(1.492496e-05 2.418383e-05 0.0006628878)
(1.582724e-05 2.033614e-05 0.0005274053)
(0.0001430517 0.0001754906 0.001033817)
(0.0001502222 0.0001819815 0.0007421846)
(0.0001507172 0.0001782792 0.0008288074)
(0.0001514611 0.0001754798 0.0008497692)
(0.0001634293 0.0001835293 0.0007283223)
(0.001498445 0.001539968 0.002163282)
(7.298338e-06 1.699226e-05 0.0003666512)
(1.474184e-05 1.601401e-05 0.000565401)
(1.574299e-05 1.251259e-05 0.0004476759)
(0.0001428614 0.000105689 0.0008773462)
(0.0001500614 0.0001086335 0.0006301473)
(0.0001505707 0.0001047277 0.0007047004)
(0.0001513147 0.0001013809 0.0007222055)
(0.0001632685 0.0001034588 0.0006203317)
(0.001496902 0.0008185268 0.001826983)
(0.001509838 0.0008223502 0.0007106151)
(7.348268e-06 1.031974e-05 0.0004859524)
(1.558939e-05 8.003264e-06 0.0003835165)
(0.0001422677 6.883789e-05 0.000747882)
(0.0001498943 7.073078e-05 0.0005388364)
(0.0001504288 6.774297e-05 0.0006023601)
(0.0001511809 6.514911e-05 0.0006182177)
(0.000163123 6.57167e-05 0.0005311728)
(0.001495532 0.0005037757 0.0015537)
(0.001508323 0.0005052862 0.0005376264)
(0.001510305 0.0003859401 0.001027417)
(7.759898e-06 3.892193e-06 0.0003393663)
(0.0001409813 3.454397e-05 0.0006604355)
(0.0001493568 3.623581e-05 0.000474493)
(0.0001502923 3.452285e-05 0.0005316133)
(0.0001510632 3.289721e-05 0.0005453151)
(0.0001630021 3.270322e-05 0.0004695868)
(0.001494396 0.0002393933 0.001361915)
(0.001507125 0.0002393064 0.0004273573)
(0.001509035 0.0001709087 0.0008383312)
(0.001555897 0.0001174006 0.0009101213)
(7.013098e-05 1.03106e-05 0.0006143878)
(0.0001480823 1.140212e-05 0.0004416744)
(0.0001498147 1.110752e-05 0.0004932803)
(0.0001509678 1.062464e-05 0.000506902)
(0.0001629158 1.053591e-05 0.0004363861)
(0.00149364 7.642477e-05 0.001261682)
(0.001506324 7.649338e-05 0.0003732057)
(0.001508227 5.425468e-05 0.0007455385)
(0.001557661 3.707066e-05 0.0007852542)
(0.01183919 6.290998e-07 0.0005320068)
(7.358702e-05 -1.029895e-05 0.0004378382)
(0.0001485278 -1.069907e-05 0.0004896647)
(0.0001505173 -1.052658e-05 0.0005016762)
(0.0001628542 -1.04742e-05 0.0004325218)
(0.001493232 -7.601715e-05 0.001249438)
(0.001505962 -7.616918e-05 0.0003705186)
(0.001507848 -5.404763e-05 0.000739226)
(0.001557282 -3.695426e-05 0.000779736)
(0.01183582 -6.260514e-07 0.0005276811)
(3.49715 -0.0001098364 0.001192175)
(7.374612e-05 -2.96445e-05 0.000518222)
(0.0001491225 -3.123683e-05 0.0005315126)
(0.0001623625 -3.21881e-05 0.0004568877)
(0.001493006 -0.0002364069 0.001327449)
(0.001505972 -0.0002368555 0.0004182373)
(0.001507927 -0.0001690485 0.0008198916)
(0.001554731 -0.0001161392 0.0008907988)
(0.0112679 -1.597976e-06 0.0006050848)
(3.304626 -0.0003500475 0.001376722)
(6.526203 -0.0006087039 0.001109783)
(7.389288e-05 -5.359654e-05 0.0005936548)
(0.0001606142 -6.133203e-05 0.0005110328)
(0.001487949 -0.0004896268 0.001492953)
(0.001506097 -0.0004953016 0.0005204899)
(0.001508392 -0.0003782299 0.0009930656)
(0.001549662 -0.0002821352 0.001135575)
(0.01004969 -7.094264e-06 0.0007754626)
(2.892032 -0.0007180619 0.001873271)
(5.618722 -0.0009798702 0.001463861)
(7.42617 -0.0008204671 0.001517128)
(7.921863e-05 -8.167927e-05 0.0005910688)
(0.001465897 -0.0007438052 0.001733294)
(0.001500031 -0.0007931807 0.0006783242)
(0.001508816 -0.0006347655 0.00127965)
(0.001540963 -0.0004956488 0.001692858)
(0.007969675 -2.389465e-05 0.00121592)
(2.186914 -0.001076938 0.003667064)
(4.110774 -0.001060796 0.002097246)
(5.336336 -0.0007773661 0.001671111)
(6.059705 -0.0004688555 0.001302725)
(0.0007191427 -0.001122836 0.002001469)
(0.001472435 -0.001481622 0.0008331332)
(0.00150242 -0.001652715 0.001646565)
(0.001526061 -0.001807872 0.002461744)
(0.004533807 -0.002243466 0.001841414)
(1.022606 -0.001195059 0.005333262)
(1.775934 -0.0002232824 0.001891299)
(2.223169 -0.0001896553 0.001123411)
(2.479771 -0.0001095536 0.0007470039)
(2.592827 -5.028979e-05 0.0004744308)
(0.0007079059 -0.001441298 0.0002831037)
(0.001450082 -0.001922393 0.0008131725)
(0.001496733 -0.002294727 0.000475149)
(0.001503682 -0.003021404 0.0002650196)
(0.0006970954 -0.001133303 0.0007532919)
(0.001435308 -0.001433742 0.0003715499)
(0.001480094 -0.001575583 0.0002073519)
(0.000685637 -0.0009023383 0.0002615525)
(0.001406458 -0.001130551 0.0001428117)
(0.0006726347 -0.0005210316 0.0001372314)
(1.478503e-05 3.102393e-06 0.0001487182)
(1.501053e-05 3.124971e-06 0.0004217642)
(1.503468e-05 3.038196e-06 0.0005843552)
(1.505492e-05 2.883166e-06 0.0009163634)
(1.586561e-05 2.827977e-06 0.0007311805)
(0.0001432753 2.489294e-05 0.001434652)
(0.0001504252 2.545465e-05 0.001019939)
(1.452995e-05 9.153838e-06 0.0001467345)
(1.497591e-05 9.167208e-06 0.0004160363)
(1.502314e-05 8.85377e-06 0.0005758711)
(1.505165e-05 8.469766e-06 0.0009032558)
(1.586338e-05 8.050221e-06 0.0007202897)
(0.0001432794 7.146037e-05 0.00141384)
(0.0001504291 7.480498e-05 0.001004653)
(0.0001509212 7.451585e-05 0.001118463)
(1.390029e-05 1.550033e-05 0.0001431112)
(1.474346e-05 1.605066e-05 0.0004043982)
(1.499147e-05 1.544543e-05 0.0005594927)
(1.504043e-05 1.466776e-05 0.0008766175)
(1.585894e-05 1.367059e-05 0.0006992433)
(0.0001432492 0.0001208102 0.001371732)
(0.0001503996 0.0001263197 0.0009752383)
(0.0001508898 0.0001255089 0.001085218)
(0.0001516344 0.0001251329 0.001102827)
(6.839278e-06 1.964387e-05 0.0001367025)
(1.423088e-05 2.171312e-05 0.0003848566)
(1.479898e-05 2.134838e-05 0.0005302382)
(1.501358e-05 2.0047e-05 0.0008304671)
(1.584763e-05 1.804398e-05 0.000661827)
(0.0001432019 0.0001582459 0.001298932)
(0.0001503587 0.0001649697 0.00092369)
(0.0001508504 0.0001632147 0.001028688)
(0.0001515933 0.0001620075 0.001045632)
(0.000163573 0.0001716174 0.000897385)
(7.049626e-06 2.55345e-05 0.0003537957)
(1.440314e-05 2.678398e-05 0.0004851937)
(1.485961e-05 2.577626e-05 0.0007564115)
(1.582248e-05 2.276618e-05 0.0006028543)
(0.0001430821 0.0001988106 0.001182063)
(0.0001502757 0.0002070438 0.0008422779)
(0.0001507732 0.0002042714 0.0009379626)
(0.0001515165 0.0002023955 0.0009551119)
(0.0001634879 0.0002137397 0.0008193288)
(0.001499059 0.001836368 0.002278438)
(7.229551e-06 2.311785e-05 0.000425539)
(1.465177e-05 2.323305e-05 0.0006602444)
(1.572325e-05 2.014618e-05 0.0005240111)
(0.0001429247 0.0001746108 0.001028374)
(0.0001501615 0.0001812713 0.000737698)
(0.0001506815 0.0001776583 0.0008244172)
(0.0001514273 0.0001747844 0.000844509)
(0.0001633905 0.0001828249 0.0007243348)
(0.001498077 0.001532806 0.002150277)
(0.001511242 0.001646432 0.0009306731)
(7.301438e-06 1.471935e-05 0.0005631255)
(1.552506e-05 1.200797e-05 0.0004455365)
(0.0001421599 0.0001048237 0.0008706432)
(0.0001499617 0.0001081751 0.0006262664)
(0.0001505195 0.0001043738 0.0006997086)
(0.0001512791 0.0001010806 0.0007177227)
(0.0001632302 0.0001030837 0.0006158524)
(0.001496542 0.0008153342 0.001815603)
(0.001509467 0.0008190147 0.0007063603)
(0.00151157 0.000652198 0.00132722)
(7.740808e-06 7.203642e-06 0.0003816304)
(0.0001407629 6.612687e-05 0.0007437713)
(0.0001493372 7.017164e-05 0.0005339917)
(0.0001503524 6.748221e-05 0.000598014)
(0.000151136 6.493761e-05 0.0006131425)
(0.0001630844 6.553302e-05 0.0005273053)
(0.001495167 0.0005017389 0.001541021)
(0.001507961 0.000503516 0.0005344386)
(0.001509929 0.0003843778 0.001020111)
(0.0015512 0.0002867677 0.00116459)
(7.005484e-05 3.140514e-05 0.0006563213)
(0.000147985 3.499407e-05 0.0004714144)
(0.0001498109 3.424471e-05 0.0005263647)
(0.0001509992 3.278409e-05 0.0005408344)
(0.0001629565 3.260163e-05 0.0004652671)
(0.001494036 0.0002386536 0.001350841)
(0.001506752 0.000238481 0.0004241997)
(0.001508671 0.0001703262 0.0008324643)
(0.001555504 0.0001169856 0.0009032928)
(0.01127389 1.612688e-06 0.0006136976)
(7.358883e-05 1.039679e-05 0.0004379893)
(0.0001485304 1.07349e-05 0.0004897222)
(0.0001505175 1.052801e-05 0.0005016767)
(0.0001628537 1.049697e-05 0.000432556)
(0.001493231 7.611574e-05 0.001249511)
(0.001505964 7.634538e-05 0.000370545)
(0.00150785 5.405487e-05 0.0007392316)
(0.001557283 3.695706e-05 0.0007797389)
(0.01183581 6.264119e-07 0.0005276658)
(3.497149 0.0001093945 0.001192179)
(7.382906e-05 -9.635527e-06 0.000485224)
(0.0001492239 -1.011998e-05 0.0004977737)
(0.0001623659 -1.039555e-05 0.0004280979)
(0.001492673 -7.563109e-05 0.00123856)
(0.001505559 -7.594633e-05 0.0003676105)
(0.001507485 -5.381858e-05 0.0007335234)
(0.00155689 -3.681567e-05 0.0007735892)
(0.01183291 -6.232858e-07 0.0005239415)
(3.496146 -0.0001087366 0.001182076)
(6.95232 -0.0002035422 0.0009468999)
(7.408046e-05 -2.789346e-05 0.0005262253)
(0.0001608618 -3.082345e-05 0.0004535559)
(0.001488091 -0.0002339819 0.001314447)
(0.001505381 -0.0002357636 0.0004151033)
(0.00150752 -0.0001684106 0.0008135014)
(0.001554356 -0.0001157048 0.0008847997)
(0.01126463 -1.594756e-06 0.0006006293)
(3.303818 -0.0003483855 0.0013682)
(6.524327 -0.0006037706 0.001100861)
(8.707935 -0.0005632798 0.001293785)
(7.972801e-05 -5.30946e-05 0.0005066944)
(0.001471902 -0.000461457 0.001474593)
(0.00150086 -0.000490251 0.000514714)
(0.001507778 -0.0003761318 0.0009860671)
(0.00154924 -0.0002809214 0.001128161)
(0.0100473 -7.057696e-06 0.0007707606)
(2.891187 -0.0007149279 0.001860733)
(5.617367 -0.0009762245 0.00145749)
(7.424046 -0.0008133015 0.001506913)
(8.512944 -0.0005473682 0.001362798)
(0.0007259221 -0.0006151352 0.001689984)
(0.001480631 -0.0007476479 0.0006325874)
(0.001503176 -0.0006274838 0.001266655)
(0.001540282 -0.0004927238 0.001681776)
(0.007967304 -2.377932e-05 0.001208887)
(2.186389 -0.001071693 0.003648782)
(4.109579 -0.00105528 0.002083357)
(5.335062 -0.0007754204 0.001664553)
(6.057998 -0.0004636904 0.00129442)
(6.379843 -0.0002528478 0.000945709)
(0.0007272676 -0.001206906 0.0006719262)
(0.001481073 -0.001541469 0.001559204)
(0.001520224 -0.001786003 0.002433808)
(0.004532686 -0.00222916 0.001829751)
(1.022307 -0.001188637 0.00530437)
(1.775515 -0.0002229721 0.001883868)
(2.22254 -0.0001880851 0.001115173)
(2.479182 -0.0001100718 0.000744574)
(2.592114 -4.904642e-05 0.000471387)
(2.579028 -2.130963e-05 0.0002932947)
(0.0007101265 -0.001542916 0.0007608071)
(0.001453666 -0.002137412 0.0004536492)
(0.001488888 -0.002984548 0.000262594)
(0.0006986057 -0.001160811 0.0003373197)
(0.001425097 -0.00147065 0.0002005137)
(0.0006803075 -0.0009158889 0.0001394151)
(1.451403e-05 3.074914e-06 0.0001480683)
(1.497305e-05 3.107902e-06 0.000420049)
(1.502185e-05 3.025506e-06 0.000581685)
(1.505097e-05 2.87237e-06 0.0009126295)
(1.586269e-05 2.816294e-06 0.0007278444)
(0.0001432501 2.47926e-05 0.001428643)
(0.0001503964 2.534297e-05 0.001015139)
(0.0001508875 2.571591e-05 0.001130088)
(1.380314e-05 8.727096e-06 0.0001463211)
(1.471414e-05 9.086972e-06 0.0004141166)
(1.498724e-05 8.805908e-06 0.0005734839)
(1.503934e-05 8.435163e-06 0.0008991432)
(1.585907e-05 8.019101e-06 0.0007173503)
(0.0001432519 7.11645e-05 0.001407363)
(0.0001504019 7.450631e-05 0.001000411)
(0.0001508911 7.418922e-05 0.001113154)
(0.0001516343 7.410707e-05 0.001131008)
(6.726143e-06 1.360306e-05 0.0001427868)
(1.407532e-05 1.532425e-05 0.000403219)
(1.475345e-05 1.530856e-05 0.0005567641)
(1.500775e-05 1.459036e-05 0.0008729678)
(1.584702e-05 1.361219e-05 0.0006960098)
(0.0001432112 0.0001203446 0.001366071)
(0.00015037 0.0001257975 0.0009706489)
(0.0001508611 0.0001250091 0.001080555)
(0.0001516024 0.0001245812 0.00109747)
(0.000163581 0.0001327131 0.0009419868)
(6.927048e-06 1.925082e-05 0.0003839047)
(1.423811e-05 2.043039e-05 0.0005286314)
(1.481368e-05 1.986764e-05 0.0008261752)
(1.581921e-05 1.794516e-05 0.0006589794)
(0.0001431087 0.0001575839 0.001292663)
(0.0001503201 0.0001643538 0.0009197185)
(0.0001508196 0.0001625491 0.001023598)
(0.0001515625 0.000161373 0.001040954)
(0.000163536 0.0001708567 0.0008928239)
(0.00149951 0.001483411 0.002458628)
(7.053471e-06 2.366469e-05 0.0004838503)
(1.441469e-05 2.462944e-05 0.0007538892)
(1.565418e-05 2.25332e-05 0.0005994617)
(0.0001428823 0.0001977324 0.001176596)
(0.0001501941 0.0002061811 0.0008378328)
(0.0001507357 0.0002035098 0.0009335989)
(0.0001514842 0.0002015561 0.0009499423)
(0.000163452 0.0002128878 0.000815365)
(0.001498704 0.001827701 0.002266004)
(0.001512051 0.001976255 0.0003490524)
(7.232263e-06 2.062801e-05 0.000657915)
(1.543037e-05 1.914067e-05 0.0005219121)
(0.0001419815 0.0001728936 0.001021735)
(0.0001500286 0.0001803477 0.0007338095)
(0.0001506205 0.0001769446 0.0008194328)
(0.000151391 0.0001741595 0.0008400401)
(0.0001633534 0.0001820721 0.0007198489)
(0.001497724 0.001526393 0.002138629)
(0.00151087 0.001638874 0.0009255399)
(0.00151322 0.00172294 0.001719526)
(7.691608e-06 1.064384e-05 0.0004437491)
(0.0001401819 0.0001002666 0.000866427)
(0.0001492245 0.0001072656 0.0006214736)
(0.0001504202 0.0001039133 0.0006953946)
(0.0001512274 0.0001007248 0.0007126481)
(0.0001631913 0.0001027577 0.0006120275)
(0.001496183 0.0008118958 0.001802714)
(0.001509103 0.0008159572 0.0007025779)
(0.001511195 0.0006493495 0.001318967)
(0.001542946 0.0005065024 0.001741225)
(6.988001e-05 5.889296e-05 0.0007398637)
(0.000147756 6.73295e-05 0.0005308184)
(0.000149792 6.692288e-05 0.0005926314)
(0.0001510599 6.467375e-05 0.0006087234)
(0.0001630355 6.5305e-05 0.0005229742)
(0.001494804 0.0004999706 0.001530002)
(0.001507593 0.0005015918 0.0005308868)
(0.001509563 0.0003829199 0.001013722)
(0.00155081 0.000285578 0.001156849)
(0.01005795 7.19334e-06 0.0007904673)
(7.350694e-05 3.169741e-05 0.0004678309)
(0.0001484326 3.300074e-05 0.0005228411)
(0.000150514 3.250926e-05 0.000535496)
(0.0001628882 3.247753e-05 0.0004614429)
(0.001493611 0.0002377179 0.001338624)
(0.001506391 0.0002378281 0.0004213999)
(0.001508297 0.000169684 0.0008258912)
(0.001555125 0.0001165843 0.000897393)
(0.01127068 1.604543e-06 0.0006090778)
(3.305574 0.0003525556 0.001387497)
(7.383065e-05 9.722028e-06 0.0004853911)
(0.0001492261 1.015204e-05 0.0004978318)
(0.0001623661 1.039702e-05 0.0004280983)
(0.00149267 7.574362e-05 0.001238656)
(0.001505558 7.605855e-05 0.0003676277)
(0.001507486 5.392152e-05 0.0007335829)
(0.001556892 3.682049e-05 0.0007735935)
(0.01183291 6.238389e-07 0.0005239433)
(3.496146 0.0001087215 0.001182044)
(6.95232 0.0002030644 0.0009469411)
(7.416444e-05 -9.054467e-06 0.0004925741)
(0.0001609704 -9.960721e-06 0.0004248268)
(0.001488113 -7.490062e-05 0.001225772)
(0.001505013 -7.559108e-05 0.0003647256)
(0.001507084 -5.363413e-05 0.0007273685)
(0.001556514 -3.665907e-05 0.0007680344)
(0.01182947 -6.221359e-07 0.0005197918)
(3.495296 -0.0001080038 0.001174232)
(6.950319 -0.0002016747 0.000939005)
(9.317091 -0.0001975192 0.001164609)
(7.992779e-05 -2.722164e-05 0.0004492731)
(0.00147417 -0.0002215168 0.001297911)
(0.001500859 -0.0002335363 0.0004104035)
(0.001506981 -0.0001675494 0.0008072383)
(0.001553943 -0.000115266 0.0008783614)
(0.011262 -1.584301e-06 0.0005965725)
(3.302848 -0.0003472943 0.001357957)
(6.522771 -0.000601321 0.001095216)
(8.705431 -0.0005580994 0.001285506)
(10.0391 -0.0004086775 0.001281137)
(0.0007305947 -0.0003855897 0.001436729)
(0.001486184 -0.0004636682 0.0004778397)
(0.001503566 -0.0003719896 0.0009757736)
(0.001548695 -0.000279339 0.001120297)
(0.01004426 -7.027946e-06 0.0007657225)
(2.89051 -0.0007111402 0.001850122)
(5.615713 -0.0009717906 0.00144774)
(7.422296 -0.0008110615 0.001499384)
(8.51052 -0.0005410791 0.001355298)
(8.999914 -0.000325041 0.001104509)
(0.000733664 -0.0006244559 0.0005027859)
(0.001487618 -0.000588883 0.001198145)
(0.001536094 -0.0004870363 0.00166296)
(0.007965463 -2.362376e-05 0.001200983)
(2.185725 -0.001066263 0.003627514)
(4.108629 -0.001050876 0.002074051)
(5.333511 -0.0007709475 0.001653215)
(6.056578 -0.000463619 0.001288741)
(6.378061 -0.0002484794 0.0009406852)
(6.340697 -0.0001276244 0.0006523533)
(0.0007334623 -0.001236362 0.00131716)
(0.001504368 -0.001662839 0.002262789)
(0.004531 -0.002202317 0.001808846)
(1.022068 -0.001181664 0.00527116)
(1.77499 -0.0002212174 0.001871332)
(2.22203 -0.0001880712 0.001111401)
(2.478483 -0.0001087279 0.0007385333)
(2.591506 -4.992663e-05 0.0004698322)
(2.578325 -2.018781e-05 0.0002917854)
(2.437114 -7.747357e-06 0.0001724261)
(0.000712234 -0.001705837 0.0003943716)
(0.00144754 -0.002774255 0.0002505471)
(0.0006939889 -0.001186511 0.0001822591)
(1.375127e-05 2.927272e-06 0.0001476494)
(1.469802e-05 3.079841e-06 0.0004181422)
(1.498437e-05 3.008709e-06 0.0005792823)
(1.503811e-05 2.860146e-06 0.0009084991)
(1.585828e-05 2.805218e-06 0.0007248916)
(0.0001432229 2.468844e-05 0.001422165)
(0.0001503698 2.524053e-05 0.00101088)
(0.0001508582 2.560199e-05 0.001124773)
(0.000151599 2.534081e-05 0.001142688)
(6.654979e-06 7.609826e-06 0.0001459957)
(1.397702e-05 8.655626e-06 0.0004129065)
(1.472414e-05 8.724623e-06 0.000570791)
(1.500351e-05 8.388261e-06 0.0008954484)
(1.584606e-05 7.983809e-06 0.0007140973)
(0.0001432125 7.088572e-05 0.001401654)
(0.0001503728 7.419574e-05 0.0009958197)
(0.0001508634 7.389077e-05 0.001108456)
(0.0001516038 7.377928e-05 0.001125639)
(0.0001635811 7.880299e-05 0.0009661558)
(6.812613e-06 1.340351e-05 0.0004022716)
(1.40826e-05 1.458366e-05 0.0005551138)
(1.476815e-05 1.445188e-05 0.0008687373)
(1.581304e-05 1.353334e-05 0.0006931208)
(0.0001431034 0.0001198188 0.001359787)
(0.0001503299 0.0001253097 0.0009666368)
(0.000150831 0.0001244852 0.001075472)
(0.0001515732 0.0001240805 0.001092754)
(0.0001635461 0.0001321186 0.0009374109)
(0.001499584 0.001163735 0.002558121)
(6.93095e-06 1.79675e-05 0.0005272951)
(1.424958e-05 1.895e-05 0.0008236753)
(1.560582e-05 1.775479e-05 0.0006555779)
(0.0001428532 0.0001566961 0.001287126)
(0.0001502222 0.000163659 0.0009152731)
(0.0001507806 0.000161933 0.001019197)
(0.0001515311 0.0001607037 0.001035803)
(0.0001635023 0.000170174 0.0008888286)
(0.001499168 0.001476507 0.002446148)
(0.001512524 0.001544828 0.0002938339)
(7.055393e-06 2.150576e-05 0.0007518106)
(1.517987e-05 2.132201e-05 0.0005974587)
(0.0001413582 0.0001956293 0.001169981)
(0.0001499848 0.0002050497 0.0008339516)
(0.0001506538 0.0002026433 0.0009286708)
(0.0001514463 0.000200791 0.0009455221)
(0.0001634164 0.0002119788 0.0008109506)
(0.001498369 0.00181995 0.002255048)
(0.001511692 0.001967004 0.0003471308)
(0.001514201 0.00214976 0.0008662693)
(7.619484e-06 1.63937e-05 0.0005200867)
(0.0001393272 0.0001638092 0.00101758)
(0.0001490379 0.0001785437 0.0007290434)
(0.0001504879 0.000176018 0.0008151081)
(0.0001513297 0.000173441 0.0008349662)
(0.0001633138 0.0001813959 0.0007160376)
(0.001497371 0.001519482 0.00212555)
(0.001510513 0.001632123 0.0009209598)
(0.001512846 0.001714632 0.00170985)
(0.001528957 0.001863036 0.002542745)
(6.943261e-05 8.794386e-05 0.0008626817)
(0.0001471468 0.0001024849 0.0006181661)
(0.0001496796 0.0001029992 0.0006900642)
(0.0001511284 0.0001002617 0.0007082543)
(0.0001631353 0.0001023734 0.000607698)
(0.001495816 0.0008088439 0.001791691)
(0.001508742 0.0008126675 0.0006983855)
(0.001510829 0.0006467647 0.001311638)
(0.001542559 0.0005042438 0.001731033)
(0.007978183 2.435928e-05 0.001243222)
(7.331975e-05 5.973659e-05 0.0005272731)
(0.0001482033 6.407796e-05 0.0005889874)
(0.0001504958 6.411341e-05 0.0006032411)
(0.0001629546 6.501764e-05 0.0005192038)
(0.001494348 0.0004978686 0.001517655)
(0.00150723 0.0004999492 0.0005277584)
(0.001509191 0.0003813383 0.001006573)
(0.001550431 0.0002844738 0.001150064)
(0.0100551 7.155487e-06 0.0007852089)
(2.893575 0.0007259463 0.001896424)
(7.374962e-05 2.969155e-05 0.0005186004)
(0.0001491278 3.126151e-05 0.000531664)
(0.0001623629 3.218815e-05 0.0004568904)
(0.001492999 0.0002365213 0.001327722)
(0.001505969 0.000236971 0.00041829)
(0.001507932 0.0001691524 0.0008200654)
(0.001554736 0.0001161426 0.0008908094)
(0.0112679 1.598472e-06 0.0006050884)
(3.304626 0.000350012 0.001376647)
(6.526203 0.0006083088 0.001109881)
(7.416582e-05 9.130988e-06 0.0004927425)
(0.0001609724 9.989355e-06 0.0004248764)
(0.001488113 7.491202e-05 0.001225773)
(0.00150501 7.572401e-05 0.0003647455)
(0.001507083 5.370205e-05 0.0007274049)
(0.001556515 3.672816e-05 0.0007680894)
(0.01182947 6.225639e-07 0.0005197946)
(3.495297 0.0001085459 0.001174193)
(6.950318 0.0002016598 0.000938963)
(9.317091 0.000197047 0.001164611)
(8.001704e-05 -8.816763e-06 0.0004206029)
(0.001475165 -7.095337e-05 0.001210026)
(0.001500816 -7.492819e-05 0.0003605209)
(0.00150658 -5.335999e-05 0.0007214653)
(0.001556105 -3.653272e-05 0.0007620188)
(0.01182674 -6.177644e-07 0.0005160428)
(3.494267 -0.0001078131 0.001164855)
(6.948672 -0.0002006114 0.0009335002)
(9.314405 -0.0001955489 0.001157639)
(10.76963 -0.0001489753 0.001211574)
(0.0007324385 -0.000188221 0.001263726)
(0.00148813 -0.0002220918 0.0003790065)
(0.001503324 -0.0001658234 0.0007985134)
(0.001553449 -0.000114674 0.00087178)
(0.01125854 -1.578751e-06 0.000592216)
(3.30209 -0.0003453967 0.001349077)
(6.520835 -0.0005989639 0.00108878)
(8.7034 -0.000556414 0.001276834)
(10.03623 -0.0004037952 0.001275809)
(10.64007 -0.000259605 0.001119219)
(0.0007380597 -0.0003921509 0.0003716316)
(0.001491997 -0.0003501362 0.0009212877)
(0.001545623 -0.0002762391 0.001107825)
(0.01004208 -6.986415e-06 0.0007603864)
(2.889616 -0.0007071127 0.001837763)
(5.614445 -0.0009678679 0.001438605)
(7.420105 -0.0008069276 0.001491502)
(8.508548 -0.0005406953 0.001346438)
(8.997372 -0.000319432 0.001100659)
(8.940921 -0.0001772146 0.0008240203)
(0.0007386962 -0.0004842137 0.0010069)
(0.001524862 -0.0004564921 0.001539654)
(0.007962545 -2.339867e-05 0.001187474)
(2.185241 -0.001060655 0.003603935)
(4.107366 -0.001044328 0.002062087)
(5.332312 -0.0007687116 0.001643972)
(6.054827 -0.0004599203 0.001281037)
(6.376584 -0.000249867 0.0009355098)
(6.338943 -0.0001237164 0.0006502265)
(5.937284 -5.818279e-05 0.0004152342)
(0.0007538806 -0.001323534 0.001781491)
(0.004529622 -0.002044081 0.001679488)
(1.021708 -0.001170898 0.005204904)
(1.774604 -0.0002212232 0.001856786)
(2.22137 -0.0001861969 0.001103399)
(2.477922 -0.0001092659 0.0007358115)
(2.590782 -4.872629e-05 0.0004658448)
(2.577723 -2.126143e-05 0.0002905683)
(2.436455 -6.684568e-06 0.0001720652)
(2.14497 -8.403377e-07 8.703534e-05)
(0.0007112854 -0.002193049 0.0002174721)
(6.617127e-06 2.541235e-06 0.0001473234)
(1.392453e-05 2.930534e-06 0.0004169169)
(1.470801e-05 2.98024e-06 0.00057661)
(1.500062e-05 2.843837e-06 0.0009047833)
(1.58447e-05 2.792601e-06 0.0007216257)
(0.0001431827 2.459033e-05 0.001416432)
(0.0001503409 2.513406e-05 0.001006289)
(0.000150831 2.549781e-05 0.001120057)
(0.0001515691 2.522775e-05 0.001137313)
(0.0001635175 2.727992e-05 0.0009763094)
(6.740624e-06 7.524575e-06 0.0004119585)
(1.398436e-05 8.294375e-06 0.0005690996)
(1.473883e-05 8.305691e-06 0.0008912804)
(1.580851e-05 7.936166e-06 0.0007111749)
(0.000143095 7.056883e-05 0.001395336)
(0.0001503313 7.390383e-05 0.0009917737)
(0.0001508338 7.357927e-05 0.001103371)
(0.0001515755 7.348044e-05 0.001120888)
(0.0001635476 7.844986e-05 0.0009615686)
(0.001499577 0.0006958322 0.002619073)
(6.81653e-06 1.266248e-05 0.0005537884)
(1.409407e-05 1.372846e-05 0.0008661787)
(1.555788e-05 1.338387e-05 0.000689772)
(0.0001427973 0.000119111 0.001354175)
(0.0001502167 0.0001247583 0.000962183)
(0.0001507904 0.0001239977 0.001071028)
(0.0001515425 0.000123554 0.001087612)
(0.000163514 0.0001315804 0.000933382)
(0.001499255 0.001158317 0.00254571)
(0.001512539 0.001203766 0.0002245217)
(6.932482e-06 1.648572e-05 0.0008216162)
(1.500602e-05 1.678993e-05 0.0006535962)
(0.0001409216 0.0001549743 0.001280504)
(0.0001499544 0.0001627285 0.0009113448)
(0.0001506822 0.0001612362 0.001014271)
(0.0001514916 0.0001600862 0.001031348)
(0.0001634677 0.000169451 0.0008844293)
(0.001498847 0.001470312 0.002435201)
(0.00151218 0.001537718 0.0002922995)
(0.001514652 0.001556556 0.0008261612)
(7.433139e-06 1.802715e-05 0.0005958231)
(0.0001370655 0.0001846902 0.001166086)
(0.0001483834 0.0002028411 0.0008292509)
(0.0001504444 0.0002015093 0.0009243664)
(0.0001513638 0.000199919 0.0009405303)
(0.000163375 0.0002111528 0.0008071758)
(0.00149803 0.001811613 0.002242853)
(0.001511356 0.001958748 0.0003454172)
(0.001513842 0.002139345 0.0008614934)
(0.001516314 0.002394198 0.0004952087)
(6.877854e-05 0.0001390054 0.001013721)
(0.0001462507 0.0001690022 0.0007256995)
(0.000149493 0.0001742062 0.0008098005)
(0.0001511971 0.0001725097 0.0008305525)
(0.0001632474 0.0001806181 0.0007117107)
(0.001496997 0.00151328 0.002114407)
(0.00151016 0.001624854 0.0009159197)
(0.001512485 0.001707202 0.001701231)
(0.001528577 0.001853856 0.00252901)
(0.004539886 0.002299445 0.00188969)
(7.284489e-05 8.955538e-05 0.0006145748)
(0.0001475932 9.82087e-05 0.0006862463)
(0.0001503836 9.934194e-05 0.0007028093)
(0.0001630295 0.0001018733 0.0006039509)
(0.001495295 0.000805292 0.001779209)
(0.001508375 0.0008097666 0.0006947014)
(0.001510462 0.0006439756 0.00130347)
(0.001542183 0.0005022006 0.001721994)
(0.007975924 2.423265e-05 0.001235988)
(2.188723 0.001093655 0.003727618)
(7.356447e-05 5.646375e-05 0.0005847434)
(0.000148898 6.126157e-05 0.0005992422)
(0.0001623447 6.441591e-05 0.000514532)
(0.001493629 0.0004951548 0.001506768)
(0.001506781 0.0004979717 0.0005242393)
(0.001508824 0.0003799594 0.001000297)
(0.001550045 0.0002832754 0.001142512)
(0.01005259 7.125965e-06 0.0007806007)
(2.892747 0.0007210581 0.001883574)
(5.620332 0.0009869488 0.001474683)
(7.408352e-05 2.793632e-05 0.0005266071)
(0.0001608664 3.084623e-05 0.0004536852)
(0.001488092 0.0002339954 0.001314454)
(0.001505373 0.0002358929 0.0004151633)
(0.001507518 0.0001684839 0.0008136102)
(0.001554359 0.0001157749 0.0008849667)
(0.01126463 1.59526e-06 0.0006006363)
(3.303818 0.0003487972 0.001368123)
(6.524326 0.00060372 0.001100807)
(8.707935 0.0005629227 0.001293778)
(8.001822e-05 8.883652e-06 0.0004207463)
(0.001475172 7.108566e-05 0.001210162)
(0.001500817 7.493961e-05 0.0003605224)
(0.001506578 5.343764e-05 0.0007215096)
(0.001556104 3.657829e-05 0.0007620546)
(0.01182674 6.194856e-07 0.0005160802)
(3.494267 0.0001081463 0.001164831)
(6.948672 0.000201259 0.0009334209)
(9.314405 0.0001955211 0.00115761)
(10.76963 0.0001486612 0.001211533)
(0.0007332611 -6.046654e-05 0.001177667)
(0.001488976 -7.130277e-05 0.0003316789)
(0.001503174 -5.284184e-05 0.0007134603)
(0.001555634 -3.634543e-05 0.0007560278)
(0.01182306 -6.151109e-07 0.0005119793)
(3.493474 -0.0001073208 0.001156624)
(6.946601 -0.0002000124 0.000928776)
(9.312247 -0.0001947201 0.001148201)
(10.76654 -0.0001470839 0.001207735)
(11.42795 -9.759289e-05 0.001100688)
(0.0007396967 -0.0001916216 0.0002873836)
(0.00149328 -0.0001569282 0.0007520184)
(0.001550756 -0.0001134929 0.0008619094)
(0.01125622 -1.579514e-06 0.0005877744)
(3.301052 -0.000342798 0.001339016)
(6.519393 -0.0005969627 0.001078845)
(8.700805 -0.0005537582 0.001273241)
(10.03392 -0.0004033439 0.001263931)
(10.63704 -0.0002550611 0.001117772)
(10.56781 -0.0001491281 0.0008808766)
(0.0007422579 -0.0002910765 0.0007674447)
(0.001537526 -0.0002597103 0.001018388)
(0.01003834 -6.905488e-06 0.000751902)
(2.889018 -0.0007057393 0.001824445)
(5.612676 -0.0009600538 0.001433501)
(7.418475 -0.0008051706 0.001477156)
(8.50605 -0.0005368343 0.001342874)
(8.995312 -0.0003207879 0.001091028)
(8.938421 -0.0001720845 0.0008234609)
(8.329346 -8.645437e-05 0.0005534827)
(0.0007736998 -0.0003734978 0.001188028)
(0.007960758 -2.21745e-05 0.001097415)
(2.184437 -0.001052337 0.003560118)
(4.106522 -0.001042958 0.002038387)
(5.330671 -0.0007618811 0.001639603)
(6.053485 -0.0004600086 0.001270284)
(6.374762 -0.0002464385 0.0009316592)
(6.337481 -0.0001260693 0.0006454412)
(5.935658 -5.460402e-05 0.0004152591)
(5.116823 -1.925967e-05 0.0002253507)
(0.003771491 -0.001603638 0.001313484)
(1.021509 -0.001112273 0.004784873)
(1.773983 -0.0002199365 0.00182295)
(2.220905 -0.0001869757 0.001087362)
(2.477195 -0.0001075504 0.0007313847)
(2.590198 -4.975028e-05 0.0004635168)
(2.577011 -2.006642e-05 0.0002881406)
(2.435886 -7.856438e-06 0.0001709318)
(2.144396 1.695815e-07 8.745711e-05)
(1.646733 3.150177e-06 2.981013e-05)
(6.702326e-06 2.539694e-06 0.0004159681)
(1.39319e-05 2.831278e-06 0.0005748985)
(1.472269e-05 2.815104e-06 0.0009006506)
(1.580526e-05 2.775804e-06 0.0007186877)
(0.00014306 2.44784e-05 0.001410091)
(0.0001502986 2.503386e-05 0.001002226)
(0.0001508015 2.538908e-05 0.001114973)
(0.0001515413 2.512455e-05 0.001132545)
(0.0001634847 2.715678e-05 0.000971717)
(0.001496579 0.0002413385 0.002641795)
(6.744555e-06 7.163173e-06 0.0005677759)
(1.399587e-05 7.876555e-06 0.0008886632)
(1.552701e-05 7.846386e-06 0.0007078782)
(0.0001427562 7.014142e-05 0.001389662)
(0.0001502079 7.357177e-05 0.0009872957)
(0.0001507919 7.328766e-05 0.00109889)
(0.0001515453 7.316749e-05 0.001115746)
(0.0001635164 7.81289e-05 0.0009575101)
(0.001499257 0.0006926141 0.002606654)
(0.001512486 0.0007128881 0.0002149551)
(6.817791e-06 1.180623e-05 0.0008641438)
(1.484247e-05 1.262575e-05 0.0006877461)
(0.0001404888 0.0001177552 0.001347665)
(0.0001498957 0.0001240166 0.0009582049)
(0.0001506768 0.0001234452 0.001066094)
(0.0001515015 0.0001230656 0.001083117)
(0.0001634802 0.000131012 0.0009289897)
(0.001498947 0.001153442 0.002534773)
(0.00151221 0.001198213 0.0002234091)
(0.00151456 0.001212148 0.000754187)
(7.304109e-06 1.419559e-05 0.0006519764)
(0.0001354959 0.0001462652 0.001276661)
(0.0001479253 0.0001609199 0.0009066452)
(0.0001504142 0.000160305 0.001009917)
(0.0001513927 0.0001593861 0.001026362)
(0.0001634246 0.0001687868 0.0008806248)
(0.001498517 0.001463685 0.002423151)
(0.00151186 0.001531338 0.0002909342)
(0.001514306 0.001549209 0.0008218882)
(0.001516592 0.001600672 0.0003991885)
(6.709283e-05 0.0001549395 0.001162807)
(0.0001438748 0.0001913512 0.0008263905)
(0.000148836 0.0001992922 0.0009191527)
(0.000151154 0.00019878 0.0009361672)
(0.0001632859 0.0002102094 0.000802913)
(0.001497639 0.001804089 0.00223242)
(0.001511018 0.001949877 0.0003435258)
(0.001513503 0.002130033 0.0008572729)
(0.001515955 0.002382428 0.0004924794)
(0.001507798 0.003115421 0.0002736824)
(7.215229e-05 0.0001429535 0.0007218204)
(0.0001466959 0.0001646254 0.0008059117)
(0.0001501971 0.000170687 0.0008251117)
(0.0001631054 0.0001796125 0.0007079493)
(0.001496384 0.001506139 0.002101751)
(0.001509786 0.001618335 0.0009114778)
(0.001512124 0.001699163 0.001691702)
(0.001528208 0.001845655 0.002516777)
(0.004538634 0.002287685 0.00187954)
(1.023692 0.001218852 0.005441074)
(7.309231e-05 8.525011e-05 0.0006818775)
(0.0001482863 9.453486e-05 0.0006985665)
(0.0001622255 0.0001008795 0.0005993137)
(0.001494343 0.0008006694 0.001768196)
(0.001507864 0.0008063786 0.0006905201)
(0.001510091 0.0006414972 0.001296339)
(0.001541804 0.0004999923 0.001712001)
(0.0079739 2.412754e-05 0.001229571)
(2.188098 0.001086881 0.003706237)
(4.112949 0.001071821 0.002119394)
(7.389609e-05 5.361641e-05 0.0005940584)
(0.00016062 6.1351e-05 0.0005111985)
(0.001487951 0.0004896553 0.001492906)
(0.001506084 0.0004954416 0.0005205893)
(0.001508389 0.000378329 0.0009932457)
(0.001549668 0.0002822265 0.001135855)
(0.01004969 7.094766e-06 0.000775472)
(2.892032 0.0007182856 0.001873199)
(5.618721 0.0009797997 0.001463738)
(7.42617 0.0008202955 0.001517082)
(7.993045e-05 2.726119e-05 0.0004495985)
(0.001474189 0.0002216414 0.001298268)
(0.001500861 0.0002335455 0.0004104096)
(0.001506977 0.0001676291 0.0008073698)
(0.001553942 0.0001153156 0.0008784727)
(0.01126201 1.585915e-06 0.000596686)
(3.302847 0.00034757 0.001357916)
(6.522771 0.0006017722 0.00109506)
(8.70543 0.0005580198 0.001285423)
(10.0391 0.0004084298 0.001281012)
(0.0007332651 6.073808e-05 0.001178062)
(0.001488986 7.146469e-05 0.0003317024)
(0.001503175 5.28499e-05 0.0007134628)
(0.001555633 3.639763e-05 0.0007560695)
(0.01182306 6.159147e-07 0.0005120036)
(3.493474 0.0001074355 0.001156727)
(6.946601 0.0002002257 0.0009287234)
(9.312247 0.0001954325 0.00114821)
(10.76654 0.0001470453 0.001207732)
(11.42795 9.74044e-05 0.001100651)
(0.0007404244 -6.170247e-05 0.0002468523)
(0.001493823 -5.004047e-05 0.0006706621)
(0.001553111 -3.59925e-05 0.0007473228)
(0.0118207 -6.17193e-07 0.0005079461)
(3.492366 -0.0001062944 0.001147307)
(6.945085 -0.0001995155 0.0009184467)
(9.309456 -0.0001939672 0.001147092)
(10.76408 -0.0001467308 0.001194078)
(11.42468 -9.582075e-05 0.001100949)
(11.34915 -5.74406e-05 0.0008909684)
(0.0007434207 -0.0001331344 0.0006193285)
(0.00154371 -0.0001073919 0.0007859645)
(0.0112519 -1.547309e-06 0.0005811004)
(3.300405 -0.0003444753 0.001328358)
(6.517299 -0.0005903297 0.001077596)
(8.698934 -0.0005533885 0.001255047)
(10.03095 -0.0004005685 0.001265276)
(10.63463 -0.0002559332 0.001103992)
(10.56483 -0.0001449023 0.0008827513)
(9.815028 -7.61829e-05 0.0006136558)
(0.0007859766 -0.0002149227 0.0007585352)
(0.01003677 -6.898374e-06 0.0006890195)
(2.88792 -0.000693126 0.001802184)
(5.611598 -0.0009643937 0.001407501)
(7.41613 -0.0007952201 0.001482375)
(8.504202 -0.0005374461 0.001323139)
(8.992704 -0.0003168134 0.001092206)
(8.936381 -0.0001747368 0.000814028)
(8.327043 -8.174575e-05 0.0005551328)
(7.098645 -3.235735e-05 0.000312717)
(0.007199139 -1.800864e-05 0.0008368287)
(2.184051 -0.001066967 0.003243249)
(4.105007 -0.001027419 0.002023493)
(5.329614 -0.0007655242 0.001601409)
(6.051649 -0.0004536321 0.001274803)
(6.373352 -0.0002483231 0.0009197389)
(6.335697 -0.0001226018 0.0006443416)
(5.934288 -5.752328e-05 0.0004110459)
(5.115437 -1.60724e-05 0.0002266509)
(3.761597 3.390702e-06 8.614097e-05)
(1.020691 -0.0008322399 0.003403719)
(1.773721 -0.0002331237 0.001558317)
(2.220151 -0.0001846975 0.001065019)
(2.476676 -0.0001089735 0.0007112085)
(2.589454 -4.807955e-05 0.0004620418)
(2.576427 -2.137149e-05 0.00028608)
(2.435222 -6.609938e-06 0.0001696759)
(2.143893 -1.025367e-06 8.633841e-05)
(1.646298 4.03993e-06 3.052367e-05)
(0.8028944 4.126368e-06 1.341098e-06)
(6.706264e-06 2.440385e-06 0.000573575)
(1.394343e-05 2.666633e-06 0.0008980048)
(1.550984e-05 2.744329e-06 0.0007154203)
(0.0001427041 2.432877e-05 0.001404388)
(0.0001501698 2.49194e-05 0.000997732)
(0.0001507589 2.528726e-05 0.001110473)
(0.0001515114 2.501654e-05 0.001127404)
(0.0001634541 2.704478e-05 0.0009676433)
(0.001496265 0.0002402199 0.002629384)
(0.001509413 0.0002440118 0.0002101306)
(6.745675e-06 6.74486e-06 0.0008866339)
(1.473929e-05 7.397166e-06 0.0007058077)
(0.0001402099 6.932599e-05 0.001383258)
(0.0001498524 7.312404e-05 0.0009832742)
(0.000150668 7.295553e-05 0.001093931)
(0.000151503 7.287558e-05 0.001111215)
(0.0001634832 7.779124e-05 0.0009531176)
(0.001498958 0.000689711 0.002595657)
(0.001512167 0.0007096192 0.0002139234)
(0.001514439 0.0007093719 0.0007543663)
(7.183569e-06 1.060222e-05 0.0006861449)
(0.0001340196 0.0001109163 0.001343745)
(0.0001474708 0.0001225911 0.0009535896)
(0.0001503552 0.0001227035 0.001061688)
(0.0001513873 0.0001225112 0.001078127)
(0.0001634355 0.0001304872 0.0009251499)
(0.001498625 0.001148238 0.002522853)
(0.001511904 0.001193208 0.0002224188)
(0.001514227 0.001206445 0.000750478)
(0.001516323 0.001239797 0.0002818167)
(6.59257e-05 0.0001228424 0.00127345)
(0.0001422272 0.0001517777 0.0009038613)
(0.0001483765 0.0001584888 0.001004709)
(0.000151124 0.0001584524 0.001021953)
(0.0001633179 0.0001680312 0.0008763662)
(0.001498112 0.001457658 0.002412729)
(0.001511531 0.001524527 0.0002894359)
(0.001513981 0.001542618 0.0008181264)
(0.001516246 0.001593051 0.0003970961)
(0.001504665 0.001643761 0.0002154071)
(7.037458e-05 0.0001601034 0.0008237747)
(0.0001443094 0.0001877543 0.0009159292)
(0.0001495362 0.0001965503 0.0009308769)
(0.0001630605 0.0002089805 0.0007991876)
(0.001496819 0.001795451 0.002220636)
(0.001510628 0.001941864 0.0003418753)
(0.001513159 0.002119979 0.0008525935)
(0.001515614 0.002371908 0.0004900577)
(0.001507441 0.003099754 0.0002721748)
(7.240333e-05 0.0001384756 0.0008011387)
(0.0001473867 0.0001610494 0.0008207095)
(0.0001620265 0.0001776417 0.0007033201)
(0.001495097 0.001496948 0.002090452)
(0.001509186 0.001610834 0.0009064131)
(0.001511748 0.001691963 0.001683365)
(0.001527838 0.001836759 0.002503352)
(0.004537475 0.002277198 0.001870499)
(1.023405 0.001212005 0.00541224)
(1.77737 0.0002270853 0.001922035)
(7.341995e-05 8.152894e-05 0.0006930713)
(0.000159963 9.570511e-05 0.0005957856)
(0.001486892 0.000791464 0.001754041)
(0.001506948 0.0008019794 0.0006859979)
(0.001509605 0.0006386201 0.001288249)
(0.001541426 0.0004980281 0.001703198)
(0.007971622 2.400786e-05 0.001222482)
(2.187547 0.001082559 0.00368816)
(4.111778 0.001064451 0.002105644)
(5.337848 0.0007837467 0.001682241)
(7.973088e-05 5.311614e-05 0.0005070389)
(0.001471929 0.000461594 0.001475053)
(0.001500862 0.0004902731 0.0005147239)
(0.00150777 0.0003762309 0.0009862757)
(0.001549238 0.0002809932 0.001128356)
(0.01004731 7.0602e-06 0.0007709513)
(2.891187 0.0007150985 0.001860694)
(5.617367 0.0009764139 0.001457341)
(7.424045 0.0008132546 0.001506782)
(8.512944 0.0005472325 0.001362617)
(0.0007324486 0.0001884373 0.001264626)
(0.001488154 0.0002222335 0.000379075)
(0.001503325 0.0001658331 0.0007985237)
(0.001553446 0.0001147279 0.0008719077)
(0.01125854 1.579501e-06 0.0005922917)
(3.30209 0.000345594 0.001349373)
(6.520834 0.0005991332 0.001088687)
(8.7034 0.0005568553 0.001276863)
(10.03623 0.000403735 0.001275738)
(10.64007 0.0002594433 0.001119107)
(0.0007404299 6.205214e-05 0.0002469047)
(0.001493828 5.013276e-05 0.0006707189)
(0.001553111 3.599808e-05 0.0007473264)
(0.0118207 6.168024e-07 0.0005079745)
(3.492366 0.0001064886 0.001147361)
(6.945085 0.000199687 0.0009185294)
(9.309456 0.000194049 0.001147078)
(10.76408 0.0001472683 0.001194171)
(11.42468 9.579107e-05 0.001100947)
(11.34915 5.731261e-05 0.000890943)
(0.0007439296 -4.258817e-05 0.0005477784)
(0.001546537 -3.408276e-05 0.0006774845)
(0.01181609 -6.034381e-07 0.0005020789)
(3.491703 -0.0001075222 0.001137768)
(6.942831 -0.0001967648 0.0009183232)
(9.30748 -0.0001941222 0.001127285)
(10.76087 -0.0001458629 0.001198255)
(11.42211 -9.599893e-05 0.001084774)
(11.34594 -5.579125e-05 0.0008945486)
(10.52573 -3.000323e-05 0.0006326053)
(0.0007922632 -9.10681e-05 0.0005622573)
(0.01125042 -1.776532e-06 0.0005276346)
(3.299113 -0.0003336834 0.001311281)
(6.516124 -0.0005976202 0.001052825)
(8.696125 -0.0005439838 0.001265869)
(10.02881 -0.0004017494 0.001239278)
(10.63151 -0.0002528953 0.001110481)
(10.56244 -0.0001468274 0.0008689855)
(9.812297 -7.22904e-05 0.0006173939)
(8.311405 -3.076141e-05 0.0003553107)
(0.009273364 -5.841041e-06 0.000501368)
(2.887569 -0.000747048 0.001607067)
(5.609436 -0.0009344421 0.001410434)
(7.414749 -0.0008060665 0.001432541)
(8.50156 -0.0005275382 0.001340881)
(8.990747 -0.000319285 0.001069117)
(8.933834 -0.000170585 0.0008181232)
(8.325139 -8.522978e-05 0.0005470348)
(7.096706 -2.821105e-05 0.0003153167)
(5.111812 -8.989714e-07 0.0001240871)
(2.181894 -0.0007907564 0.001784467)
(4.104427 -0.001082464 0.001691929)
(5.327709 -0.0007464133 0.001614463)
(6.050433 -0.0004596225 0.001222428)
(6.371471 -0.0002426799 0.0009310523)
(6.334281 -0.00012556 0.000632828)
(5.932644 -5.38966e-05 0.0004114711)
(5.114252 -1.916609e-05 0.0002232226)
(3.760589 5.922899e-06 8.768042e-05)
(1.646327 1.083753e-05 8.435503e-06)
(1.77302 -0.0002059038 0.001092543)
(2.219836 -0.0001959211 0.0007820922)
(2.475887 -0.0001067309 0.0006986779)
(2.588898 -4.978598e-05 0.0004398816)
(2.575707 -1.968498e-05 0.0002861944)
(2.434665 -8.103346e-06 0.0001680301)
(2.143317 2.489571e-07 8.603821e-05)
(1.645909 2.946176e-06 2.958008e-05)
(0.8026851 4.600092e-06 1.737196e-06)
(6.707323e-06 2.27568e-06 0.0008959771)
(1.468403e-05 2.58874e-06 0.000713328)
(0.0001400326 2.404417e-05 0.001398044)
(0.0001497962 2.476516e-05 0.0009936903)
(0.0001506297 2.517093e-05 0.001105497)
(0.0001514683 2.491569e-05 0.001122854)
(0.0001634211 2.692696e-05 0.0009632507)
(0.00149597 0.0002392099 0.002618367)
(0.001509101 0.0002428892 0.0002091377)
(0.00151133 0.0002451727 0.0007522527)
(7.107782e-06 6.20615e-06 0.0007042112)
(0.0001330882 6.527429e-05 0.001379254)
(0.000147178 7.226641e-05 0.0009787342)
(0.0001503117 7.250793e-05 0.001089477)
(0.0001513785 7.254273e-05 0.001106199)
(0.0001634372 7.747785e-05 0.0009492464)
(0.00149864 0.0006866226 0.00258376)
(0.00151187 0.0007066636 0.0002130036)
(0.001514115 0.000706068 0.000750757)
(0.001516106 0.0007147447 0.0002700634)
(6.483599e-05 9.26474e-05 0.001340607)
(0.0001406774 0.0001154137 0.0009507961)
(0.0001479205 0.0001212699 0.001056575)
(0.0001510646 0.0001217678 0.00107367)
(0.0001633122 0.0001298898 0.000920887)
(0.001498206 0.001143488 0.002512433)
(0.001511583 0.001187879 0.0002213402)
(0.001513915 0.001201315 0.0007472082)
(0.001515989 0.001233926 0.0002804154)
(0.001504127 0.001262738 0.0001492842)
(6.914439e-05 0.0001271875 0.0009014122)
(0.0001426565 0.0001493178 0.001001592)
(0.0001490746 0.0001566258 0.001016676)
(0.0001630288 0.0001670265 0.0008726012)
(0.001497131 0.00145075 0.00240106)
(0.001511126 0.00151832 0.0002881263)
(0.001513646 0.00153555 0.000813987)
(0.00151592 0.001586217 0.0003952452)
(0.001504321 0.001635857 0.0002142781)
(7.062207e-05 0.0001563785 0.0009129164)
(0.0001449848 0.0001849425 0.0009274922)
(0.0001613126 0.0002065706 0.0007946737)
(0.00149477 0.00178426 0.002210262)
(0.001509806 0.00193268 0.0003400057)
(0.001512764 0.002110934 0.0008485443)
(0.001515268 0.002360525 0.0004873853)
(0.001507101 0.00308576 0.0002708378)
(7.272612e-05 0.0001347497 0.0008145733)
(0.0001589964 0.0001672235 0.0006996773)
(0.001485117 0.001478871 0.002075818)
(0.001507952 0.001601218 0.0009007094)
(0.001511187 0.001683687 0.001673865)
(0.001527459 0.001828802 0.002491479)
(0.004536225 0.002265772 0.001860584)
(1.023145 0.001206924 0.005387079)
(1.776874 0.0002251182 0.001910777)
(2.224324 0.0001915091 0.001134568)
(7.922155e-05 8.170191e-05 0.0005913922)
(0.001465933 0.0007439733 0.001733801)
(0.001500033 0.0007932371 0.0006783445)
(0.001508804 0.0006348961 0.001279931)
(0.00154096 0.0004957536 0.001693183)
(0.00796968 2.390065e-05 0.001216234)
(2.186913 0.00107701 0.003667074)
(4.110774 0.001060816 0.002097179)
(5.336335 0.000777316 0.001670947)
(6.059705 0.0004688191 0.001302521)
(0.0007306079 0.0003857895 0.001437691)
(0.001486217 0.000463809 0.000477948)
(0.001503567 0.0003720118 0.0009757814)
(0.00154869 0.0002794109 0.001120513)
(0.01004426 7.029517e-06 0.0007658557)
(2.890511 0.0007114441 0.001850592)
(5.615712 0.0009718682 0.001447616)
(7.422296 0.0008111669 0.001499434)
(8.510519 0.0005410395 0.0013552)
(8.999914 0.0003249334 0.001104343)
(0.0007397099 0.0001918666 0.0002875248)
(0.001493293 0.0001570157 0.0007521779)
(0.001550756 0.0001134997 0.000861924)
(0.01125622 1.579233e-06 0.0005878618)
(3.301053 0.0003430054 0.001339179)
(6.519394 0.0005972877 0.00107906)
(8.700804 0.0005538082 0.001273207)
(10.03392 0.0004037038 0.001264145)
(10.63704 0.0002550235 0.00111774)
(10.56781 0.0001490119 0.0008807947)
(0.0007439323 4.277595e-05 0.000547916)
(0.00154654 3.414531e-05 0.0006775347)
(0.01181609 6.026203e-07 0.0005020816)
(3.491704 0.0001071583 0.001137849)
(6.942831 0.0001971537 0.0009183545)
(9.30748 0.0001941671 0.00112727)
(10.76087 0.0001458357 0.001198269)
(11.42211 9.637856e-05 0.001084851)
(11.34594 5.577153e-05 0.0008945492)
(10.52573 2.989659e-05 0.0006325857)
(0.000795159 -2.900132e-05 0.000470123)
(0.01181462 -6.773767e-07 0.0004528409)
(3.490316 -0.0001033489 0.001122414)
(6.941625 -0.0002003907 0.0008958839)
(9.304439 -0.0001900768 0.001139341)
(10.7586 -0.000146474 0.001169732)
(11.41874 -9.49962e-05 0.001094192)
(11.34339 -5.639599e-05 0.0008782834)
(10.5228 -2.848175e-05 0.0006377638)
(8.88711 -1.255816e-05 0.0003707099)
(0.01048581 -1.733342e-06 0.0003646202)
(3.298799 -0.0003855191 0.001146658)
(6.513518 -0.0005699937 0.001055898)
(8.694605 -0.0005567651 0.001216563)
(10.02563 -0.0003921492 0.001263956)
(10.62923 -0.0002551173 0.001079836)
(10.5594 -0.0001436568 0.0008782826)
(9.810068 -7.492749e-05 0.0006056939)
(8.30912 -2.73447e-05 0.0003593517)
(5.919297 -4.067507e-06 0.0001431569)
(2.884596 -0.0005582055 0.0002621801)
(5.608872 -0.001025554 0.001148073)
(7.41197 -0.0007690192 0.001466096)
(8.49993 -0.0005399356 0.001270376)
(8.98804 -0.0003112248 0.001095792)
(8.931858 -0.0001739937 0.0007954331)
(8.322809 -8.086405e-05 0.0005517957)
(7.095076 -3.199661e-05 0.0003092857)
(5.110431 2.311469e-06 0.0001263546)
(2.14259 1.007361e-05 1.296215e-05)
(4.101865 -0.0008771081 0.0009632567)
(5.326949 -0.0008084296 0.001207745)
(6.048419 -0.0004435313 0.001259809)
(6.370139 -0.0002480173 0.0008719986)
(6.332478 -0.0001207493 0.0006464359)
(5.931301 -5.756658e-05 0.0004021961)
(5.112856 -1.552199e-05 0.0002243925)
(3.759712 3.160102e-06 8.535492e-05)
(1.645892 1.207626e-05 9.182252e-06)
(2.219311 -0.0001679882 0.0004858848)
(2.475488 -0.0001144446 0.0004012395)
(2.588142 -4.746634e-05 0.0004342906)
(2.575131 -2.134738e-05 0.0002654843)
(2.434004 -6.322248e-06 0.0001684337)
(2.142823 -1.348614e-06 8.480706e-05)
(1.645472 4.123988e-06 2.990385e-05)
(0.8024931 3.992312e-06 1.282666e-06)
(7.067394e-06 2.177226e-06 0.000711733)
(0.0001325684 2.264189e-05 0.001393998)
(0.0001469904 2.446863e-05 0.0009891925)
(0.0001502549 2.501499e-05 0.001101021)
(0.0001513384 2.480035e-05 0.001117822)
(0.0001633743 2.681757e-05 0.0009593633)
(0.001495655 0.0002381359 0.002606492)
(0.001508808 0.0002418732 0.0002082513)
(0.001511011 0.0002440291 0.0007486973)
(0.00151295 0.0002462261 0.0002635438)
(6.4151e-05 5.452155e-05 0.001376135)
(0.0001396997 6.801482e-05 0.0009758897)
(0.0001476267 7.164497e-05 0.001084449)
(0.0001510207 7.209437e-05 0.001101695)
(0.0001633028 7.711994e-05 0.0009449619)
(0.00149821 0.0006837908 0.002573276)
(0.001511553 0.0007035284 0.0002120086)
(0.001513812 0.0007030892 0.0007475638)
(0.001515781 0.000711401 0.000268763)
(0.001503794 0.0007124443 0.0001441831)
(6.799731e-05 9.623497e-05 0.0009485233)
(0.0001411017 0.0001140726 0.001053467)
(0.0001486161 0.0001203241 0.001068498)
(0.0001629646 0.0001290905 0.0009170788)
(0.001497074 0.001138043 0.002500864)
(0.001511163 0.001183002 0.0002203959)
(0.001513588 0.001195828 0.0007436393)
(0.001515676 0.001228647 0.0002791779)
(0.001503795 0.001256714 0.0001485425)
(6.939129e-05 0.0001246467 0.000998818)
(0.0001433237 0.0001474098 0.001013449)
(0.0001608149 0.0001650526 0.0008680971)
(0.001494499 0.001441622 0.002390699)
(0.00151014 0.00151122 0.0002866501)
(0.001513237 0.001529137 0.0008103873)
(0.001515583 0.001578876 0.0003932119)
(0.001503996 0.00162877 0.0002132798)
(7.093075e-05 0.0001533785 0.0009241089)
(0.0001563978 0.0001940189 0.0007918141)
(0.00147867 0.00176221 0.002197479)
(0.001507753 0.001920818 0.0003380786)
(0.001511949 0.002100554 0.0008439633)
(0.001514872 0.002350305 0.0004850493)
(0.001506755 0.003070567 0.0002693624)
(7.847938e-05 0.000138801 0.0006947929)
(0.001457114 0.001383433 0.002052884)
(0.001498612 0.001582386 0.0008906491)
(0.001510118 0.00167321 0.001663668)
(0.00152694 0.001819665 0.002477911)
(0.0045351 0.002255584 0.001851808)
(1.022856 0.001200421 0.005358757)
(1.776436 0.0002249184 0.001903042)
(2.223705 0.0001895989 0.001127316)
(2.480458 0.0001110925 0.0007518408)
(0.0007259385 0.0006153745 0.001690898)
(0.001480672 0.0007478113 0.0006327356)
(0.001503177 0.0006275299 0.001266676)
(0.001540274 0.0004928244 0.001682118)
(0.007967308 2.3784e-05 0.00120912)
(2.18639 0.001072032 0.003649687)
(4.109578 0.00105528 0.002083298)
(5.335062 0.0007753465 0.00166462)
(6.057997 0.000463662 0.001294317)
(6.379844 0.0002527915 0.0009455176)
(0.0007380755 0.0003923407 0.0003718341)
(0.001492016 0.0003502383 0.0009215236)
(0.001545623 0.000276256 0.001107851)
(0.01004209 6.987346e-06 0.0007605344)
(2.889617 0.0007073485 0.001838071)
(5.614446 0.0009683385 0.001438861)
(7.420104 0.0008069032 0.00149146)
(8.508548 0.0005408201 0.001346685)
(8.997372 0.0003194047 0.001100615)
(8.940921 0.0001771269 0.0008238937)
(0.0007434276 0.0001332848 0.0006196759)
(0.001543719 0.0001074515 0.0007861129)
(0.0112519 1.546675e-06 0.0005811108)
(3.300406 0.0003442083 0.001328593)
(6.5173 0.0005907353 0.001077679)
(8.698934 0.0005536834 0.001255)
(10.03094 0.000400543 0.001265292)
(10.63463 0.000256216 0.001104181)
(10.56483 0.0001448826 0.0008827451)
(9.815028 7.608427e-05 0.0006135946)
(0.0007951608 2.912826e-05 0.0004702317)
(0.01181462 6.790404e-07 0.0004528753)
(3.490316 0.0001030066 0.001122426)
(6.941625 0.0002001365 0.0008959937)
(9.30444 0.0001905112 0.001139344)
(10.7586 0.0001466543 0.001169661)
(11.41874 9.492746e-05 0.001094195)
(11.34339 5.66704e-05 0.0008783338)
(10.5228 2.847443e-05 0.0006377655)
(8.88711 1.245721e-05 0.000370696)
(0.01104974 -6.517941e-07 0.0003008585)
(3.490007 -0.0001229707 0.0009682636)
(6.938799 -0.0001896789 0.0008951745)
(9.302874 -0.0001958486 0.001094656)
(10.75515 -0.0001423467 0.001195552)
(11.41631 -9.584495e-05 0.001060611)
(11.34011 -5.533155e-05 0.0008903801)
(10.52041 -2.938194e-05 0.000623976)
(8.884659 -1.121555e-05 0.0003757007)
(6.298476 -2.230022e-06 0.0001502022)
(3.295347 -0.0002945547 -0.0002381871)
(6.513039 -0.0006485479 0.0008479556)
(8.691204 -0.0005218456 0.001242118)
(10.0238 -0.0004053024 0.001193656)
(10.62598 -0.0002478497 0.001113966)
(10.55709 -0.0001461732 0.0008479274)
(9.807304 -7.163266e-05 0.0006146878)
(8.307223 -3.027221e-05 0.0003509637)
(5.917688 -1.448008e-06 0.0001461272)
(2.430039 5.932899e-06 1.494693e-05)
(5.604895 -0.0008448518 0.0003933052)
(7.411144 -0.000860632 0.001127206)
(8.496976 -0.0005094433 0.001329854)
(8.986216 -0.0003199244 0.001015684)
(8.929284 -0.0001683274 0.0008240045)
(8.320937 -8.489483e-05 0.0005334581)
(7.093121 -2.758813e-05 0.0003133003)
(5.109249 -1.065184e-06 0.0001227686)
(2.142019 1.158307e-05 1.383405e-05)
(5.324669 -0.0006808218 0.0005900317)
(6.047385 -0.0004880674 0.0008166747)
(6.368208 -0.000238077 0.0009218094)
(6.331072 -0.0001240398 0.0005907345)
(5.929669 -5.312571e-05 0.0004136452)
(5.111688 -1.961749e-05 0.0002181702)
(3.7587 6.34589e-06 8.666903e-05)
(1.645503 1.05796e-05 8.243905e-06)
(2.47518 -9.955287e-05 0.0001756349)
(2.587669 -4.945857e-05 0.0001524527)
(2.57445 -1.913844e-05 0.0002623231)
(2.433441 -7.952215e-06 0.0001523061)
(2.142253 5.367971e-07 8.503393e-05)
(1.64509 2.593845e-06 2.904209e-05)
(0.8022842 4.650862e-06 1.642291e-06)
(6.377575e-05 1.892739e-05 0.001390889)
(0.0001391527 2.299898e-05 0.0009863229)
(0.0001474382 2.471468e-05 0.00109604)
(0.000150962 2.464518e-05 0.001113296)
(0.0001632342 2.66924e-05 0.0009550635)
(0.001495221 0.0002371504 0.002595984)
(0.001508494 0.000240796 0.0002072963)
(0.001510713 0.0002429972 0.000745545)
(0.001512631 0.0002450731 0.0002622943)
(0.001500642 0.0002459766 0.0001417515)
(6.727666e-05 5.672759e-05 0.0009736574)
(0.0001401211 6.73826e-05 0.00108129)
(0.0001483208 7.122491e-05 0.001096609)
(0.000162917 7.663819e-05 0.0009411137)
(0.001496978 0.0006805435 0.00256167)
(0.001511122 0.0007006447 0.0002111329)
(0.00151349 0.0006999143 0.0007441025)
(0.001515477 0.0007083878 0.0002676119)
(0.001503471 0.0007090961 0.0001434889)
(6.824241e-05 9.483218e-05 0.001050938)
(0.0001417611 0.0001130942 0.001065332)
(0.00016032 0.0001275276 0.0009126614)
(0.0014939 0.001130793 0.002490519)
(0.001510023 0.001177423 0.0002193427)
(0.001513165 0.00119083 0.0007405175)
(0.001515348 0.001222993 0.0002778266)
(0.001503484 0.001251301 0.0001478877)
(6.969186e-05 0.0001226146 0.00101045)
(0.0001546054 0.0001551063 0.0008653605)
(0.001474123 0.001423495 0.002378165)
(0.001507493 0.001501842 0.0002851699)
(0.001512254 0.001521783 0.0008063434)
(0.001515173 0.001572225 0.0003914324)
(0.00150366 0.001621145 0.0002121833)
(7.653813e-05 0.0001598909 0.0007890378)
(0.001433435 0.001647314 0.002186227)
(0.001491726 0.00189754 0.0003350199)
(0.001509935 0.002087303 0.0008395631)
(0.001514065 0.002338578 0.0004823975)
(0.001506362 0.003056971 0.0002680727)
(0.0007191631 0.001123269 0.00200234)
(0.001472485 0.001481926 0.0008333225)
(0.001502421 0.00165284 0.001646618)
(0.001526048 0.00180822 0.002462236)
(0.004533809 0.002243903 0.001841775)
(1.022607 0.001195355 0.005334562)
(1.775933 0.0002232638 0.001891302)
(2.223169 0.0001896025 0.00112347)
(2.47977 0.0001095666 0.0007469307)
(2.592827 5.028202e-05 0.0004742663)
(0.0007336821 0.0006246758 0.0005030426)
(0.001487644 0.0005890156 0.00119845)
(0.001536095 0.0004870721 0.001663023)
(0.007965468 2.362821e-05 0.001201229)
(2.185726 0.001066515 0.0036282)
(4.10863 0.001051281 0.002074413)
(5.33351 0.0007708611 0.001653203)
(6.056578 0.0004636081 0.001288936)
(6.378061 0.0002484605 0.0009406456)
(6.340698 0.0001275691 0.0006522024)
(0.000742267 0.0002912251 0.0007678942)
(0.001537539 0.0002597846 0.001018627)
(0.01003834 6.905476e-06 0.00075192)
(2.889019 0.0007056504 0.001824844)
(5.612678 0.000960449 0.001433662)
(7.418476 0.0008056794 0.001477093)
(8.506049 0.0005367827 0.001342921)
(8.995312 0.0003209303 0.001091255)
(8.938421 0.0001720722 0.0008234546)
(8.329346 8.637693e-05 0.0005533875)
(0.0007922678 9.116995e-05 0.000562554)
(0.01125042 1.777906e-06 0.0005277364)
(3.299114 0.0003334111 0.001311319)
(6.516125 0.0005974741 0.001053125)
(8.696126 0.000544444 0.001265888)
(10.02881 0.0004020986 0.001239106)
(10.63151 0.000252843 0.00111049)
(10.56244 0.0001470476 0.0008691171)
(9.812297 7.228604e-05 0.0006173984)
(8.311405 3.066835e-05 0.0003552678)
(0.01104974 6.539929e-07 0.0003009329)
(3.490007 0.0001231263 0.0009683322)
(6.9388 0.0001892493 0.0008952226)
(9.302875 0.0001956686 0.001094751)
(10.75515 0.0001428016 0.001195551)
(11.41631 9.60485e-05 0.00106059)
(11.34011 5.526875e-05 0.0008903752)
(10.52041 2.958958e-05 0.0006240086)
(8.884659 1.122692e-05 0.0003757032)
(6.298476 2.137612e-06 0.0001501947)
(3.486328 -9.550574e-05 -0.0004422747)
(6.938327 -0.0002191087 0.0007098757)
(9.299157 -0.0001820918 0.001108136)
(10.75325 -0.0001481025 0.001131715)
(11.41279 -9.284577e-05 0.001095664)
(11.33764 -5.617138e-05 0.0008570235)
(10.51744 -2.826271e-05 0.0006352539)
(8.882636 -1.225141e-05 0.0003659454)
(6.296759 -1.192295e-06 0.0001536188)
(2.563382 1.804171e-06 1.556648e-05)
(6.50825 -0.0005450643 9.117936e-05)
(8.690482 -0.0005979896 0.0009863766)
(10.02017 -0.0003767063 0.001238399)
(10.62389 -0.0002561581 0.001033852)
(10.55402 -0.0001418742 0.0008836032)
(9.805106 -7.434172e-05 0.0005899763)
(8.30492 -2.693764e-05 0.000357699)
(5.916328 -4.075332e-06 0.0001414594)
(2.429387 7.143416e-06 1.59066e-05)
(7.40728 -0.000741205 0.0003892164)
(8.495707 -0.0005727954 0.0009567709)
(8.983397 -0.0003032196 0.00108728)
(8.927321 -0.0001715864 0.0007479759)
(8.318632 -8.069173e-05 0.0005569762)
(7.091507 -3.213502e-05 0.0003012639)
(5.10786 2.786512e-06 0.0001254089)
(2.141517 9.801692e-06 1.267625e-05)
(6.045635 -0.0004237115 0.0002725872)
(6.366941 -0.0002531367 0.0004924537)
(6.329357 -0.0001204095 0.0006387684)
(5.92829 -5.501894e-05 0.0003699684)
(5.110314 -1.506649e-05 0.0002254298)
(3.757835 2.410762e-06 8.335247e-05)
(1.645068 1.225971e-05 9.013472e-06)
(2.587598 -4.754345e-05 -1.051468e-05)
(2.57391 -1.635526e-05 2.084058e-05)
(2.432853 -5.574499e-06 0.0001477865)
(2.141749 -1.164651e-06 7.495041e-05)
(1.644659 4.444744e-06 2.919583e-05)
(0.802096 3.742354e-06 1.215126e-06)
(6.688146e-05 1.910124e-05 0.0009841082)
(0.0001395722 2.324006e-05 0.001092856)
(0.0001481299 2.434379e-05 0.001108258)
(0.0001628282 2.652453e-05 0.0009511964)
(0.001493938 0.0002360202 0.00258436)
(0.001508059 0.0002398041 0.0002064531)
(0.001510394 0.0002418981 0.0007421407)
(0.001512332 0.0002440332 0.0002611865)
(0.001500324 0.0002448201 0.000141079)
(6.752057e-05 5.606081e-05 0.001078816)
(0.0001407759 6.694431e-05 0.001093404)
(0.0001600013 7.569645e-05 0.0009367693)
(0.001493448 0.0006761785 0.002551243)
(0.001509881 0.0006973421 0.0002101606)
(0.001513056 0.0006970087 0.0007410541)
(0.001515153 0.0007051729 0.0002663632)
(0.001503168 0.0007060805 0.0001428744)
(6.853593e-05 9.37587e-05 0.001062723)
(0.0001529189 0.0001197292 0.0009099595)
(0.001469584 0.001116378 0.002478471)
(0.001506822 0.001169995 0.0002183591)
(0.001512024 0.0011851 0.0007370443)
(0.001514924 0.00121785 0.0002766436)
(0.001503158 0.001245494 0.0001471731)
(7.520328e-05 0.0001283418 0.0008628759)
(0.001417026 0.001332442 0.002368679)
(0.001487076 0.001483289 0.0002829402)
(0.001509631 0.001512128 0.0008025328)
(0.001514195 0.001564597 0.0003894226)
(0.001503254 0.001614249 0.0002112237)
(0.0007014492 0.001335019 0.002168435)
(0.001446715 0.001775184 0.0003212524)
(0.00149422 0.00206142 0.000833282)
(0.001512087 0.002323737 0.0004796247)
(0.001505571 0.003041378 0.000266608)
(0.0007272892 0.001207351 0.0006722392)
(0.001481107 0.001541801 0.001559573)
(0.001520225 0.001786132 0.002433931)
(0.004532689 0.002229595 0.001830117)
(1.022308 0.001188875 0.005305387)
(1.775516 0.0002230481 0.001884257)
(2.222539 0.0001880376 0.001115204)
(2.479182 0.0001100429 0.0007447152)
(2.592114 4.905079e-05 0.0004713476)
(2.579028 2.128779e-05 0.0002931604)
(0.0007387078 0.0004844044 0.001007426)
(0.00152488 0.0004565948 0.001540022)
(0.007962548 2.340009e-05 0.001187522)
(2.185243 0.001060753 0.003604699)
(4.107367 0.001044629 0.002062392)
(5.332313 0.0007690982 0.001644031)
(6.054827 0.0004598542 0.001281089)
(6.376584 0.0002499104 0.0009357113)
(6.338942 0.0001237077 0.0006502257)
(5.937284 5.813284e-05 0.0004151214)
(0.0007859828 0.0002150309 0.0007589694)
(0.01003677 6.900317e-06 0.000689184)
(2.887921 0.0006929744 0.001802254)
(5.6116 0.0009644103 0.00140796)
(7.416131 0.0007956381 0.001482443)
(8.504203 0.0005378309 0.001323027)
(8.992703 0.0003167698 0.001092241)
(8.936381 0.0001748717 0.0008141987)
(8.327043 8.174692e-05 0.0005551429)
(7.098646 3.228524e-05 0.0003126514)
(0.01048582 1.735005e-06 0.0003648233)
(3.2988 0.000385665 0.00114686)
(6.513519 0.0005696594 0.001056018)
(8.694606 0.0005566922 0.001216856)
(10.02563 0.0003926025 0.001263981)
(10.62923 0.0002553866 0.001079822)
(10.5594 0.0001436103 0.000878279)
(9.810068 7.510174e-05 0.0006057821)
(8.30912 2.735714e-05 0.0003593592)
(5.919297 3.984294e-06 0.0001431331)
(3.486329 9.579127e-05 -0.0004421148)
(6.938328 0.0002192974 0.0007099168)
(9.299158 0.0001817087 0.001108186)
(10.75325 0.0001479343 0.001131744)
(11.41279 9.323841e-05 0.001095691)
(11.33764 5.636009e-05 0.0008570319)
(10.51744 2.82235e-05 0.0006352502)
(8.882636 1.241934e-05 0.0003659659)
(6.296759 1.221432e-06 0.0001536212)
(2.563382 -1.870465e-06 1.55632e-05)
(6.933237 -0.0001860203 -3.701798e-05)
(9.298494 -0.0002106292 0.0008957556)
(10.74927 -0.0001368799 0.00115829)
(11.41059 -9.638037e-05 0.001022769)
(11.33432 -5.455026e-05 0.0008934883)
(10.51509 -2.910267e-05 0.0006079317)
(8.880168 -1.10952e-05 0.0003741663)
(6.295316 -2.134426e-06 0.0001483298)
(2.562692 2.290046e-06 1.658072e-05)
(8.685583 -0.0005243686 0.0002210657)
(10.01892 -0.0004282862 0.0009612428)
(10.62044 -0.0002409304 0.001087648)
(10.55173 -0.0001440358 0.0008070056)
(9.802379 -7.198336e-05 0.0006194607)
(8.303035 -3.00094e-05 0.0003414799)
(5.91471 -1.139572e-06 0.0001453128)
(2.428822 5.779695e-06 1.460409e-05)
(8.492444 -0.0005091322 0.00025461)
(8.981706 -0.0003271138 0.0007235568)
(8.924849 -0.0001684193 0.0008164853)
(8.316691 -8.023783e-05 0.0004967522)
(7.089594 -2.806218e-05 0.000316282)
(5.10669 -1.69024e-06 0.0001194759)
(2.140945 1.180309e-05 1.364683e-05)
(6.365885 -0.0002277029 4.422833e-05)
(6.327875 -0.0001103698 0.0002629881)
(5.926837 -5.497336e-05 0.0004045199)
(5.109099 -1.698379e-05 0.0001979283)
(3.756839 6.934954e-06 8.672946e-05)
(1.644686 9.961686e-06 7.923854e-06)
(2.574025 -2.053187e-05 -9.160901e-05)
(2.432305 5.953871e-07 -3.72442e-05)
(2.141265 1.541511e-06 6.841899e-05)
(1.644273 2.645244e-06 2.46311e-05)
(0.8018891 4.91177e-06 1.432028e-06)
(6.712448e-05 1.932952e-05 0.001090407)
(0.000140223 2.286365e-05 0.001105033)
(0.0001597703 2.619684e-05 0.0009468925)
(0.001490224 0.0002345024 0.002573906)
(0.001506765 0.000238667 0.0002055191)
(0.001509955 0.0002408912 0.0007391311)
(0.001512012 0.0002429245 0.0002599893)
(0.001500027 0.0002437777 0.0001404826)
(6.780995e-05 5.556871e-05 0.001090882)
(0.000151856 7.108119e-05 0.0009340307)
(0.001466648 0.0006674749 0.002539448)
(0.00150632 0.0006929029 0.0002092697)
(0.001511813 0.0006936753 0.0007376761)
(0.001514719 0.0007022339 0.0002652639)
(0.001502847 0.0007028594 0.0001422081)
(7.395665e-05 9.88618e-05 0.0009077559)
(0.001401585 0.001045062 0.0024706)
(0.001482348 0.0011553 0.0002170827)
(0.00150883 0.001177506 0.0007338861)
(0.001513784 0.001211952 0.0002753235)
(0.001502737 0.001240221 0.0001465474)
(0.0006892383 0.001087325 0.002355809)
(0.001429868 0.001389672 0.0002745516)
(0.001489371 0.001492998 0.0007973819)
(0.001511593 0.001554622 0.00038738)
(0.00150229 0.001606335 0.0002101398)
(0.0007079382 0.001441843 0.0002832191)
(0.001450145 0.001922802 0.0008133525)
(0.001496735 0.002294907 0.0004751637)
(0.001503653 0.003021985 0.0002650736)
(0.0007334773 0.001236864 0.001317766)
(0.001504392 0.001663201 0.002263308)
(0.004531001 0.002202465 0.001808942)
(1.022069 0.001181873 0.005272209)
(1.774991 0.0002212758 0.001871645)
(2.22203 0.0001881499 0.001111527)
(2.478483 0.0001086876 0.0007386147)
(2.591506 4.993143e-05 0.0004699979)
(2.578325 2.018545e-05 0.0002917706)
(2.437114 7.724462e-06 0.0001723295)
(0.0007737079 0.0003736467 0.001188645)
(0.007960763 2.217944e-05 0.00109768)
(2.184437 0.00105231 0.003560303)
(4.106524 0.001043093 0.00203896)
(5.330672 0.0007621516 0.001639756)
(6.053486 0.0004601741 0.001270328)
(6.374761 0.0002464134 0.0009317251)
(6.337481 0.0001261321 0.0006456125)
(5.935658 5.460434e-05 0.0004152751)
(5.116823 1.921531e-05 0.0002252753)
(0.009273371 5.843658e-06 0.0005016655)
(2.88757 0.0007472157 0.001607438)
(5.609437 0.0009342585 0.001410607)
(7.414751 0.0008061418 0.001433015)
(8.50156 0.0005279035 0.001340966)
(8.990748 0.0003195364 0.001069236)
(8.933833 0.000170558 0.0008181386)
(8.325139 8.53489e-05 0.0005471563)
(7.096706 2.822446e-05 0.0003153304)
(5.111812 8.355218e-07 0.0001240505)
(3.295349 0.0002948209 -0.0002377433)
(6.51304 0.0006487378 0.0008480784)
(8.691205 0.0005215539 0.001242257)
(10.0238 0.0004051768 0.001193763)
(10.62598 0.0002482249 0.00111406)
(10.55709 0.0001463785 0.0008479815)
(9.807303 7.160673e-05 0.0006146863)
(8.307223 3.041744e-05 0.0003510207)
(5.917688 1.475282e-06 0.0001461326)
(2.430039 -5.99048e-06 1.493705e-05)
(6.933237 0.0001865302 -3.693629e-05)
(9.298495 0.000210773 0.0008957915)
(10.74927 0.0001365603 0.001158303)
(11.41059 9.627654e-05 0.001022755)
(11.33432 5.487053e-05 0.0008935241)
(10.51509 2.928354e-05 0.0006079494)
(8.880168 1.109032e-05 0.0003741667)
(6.295316 2.280386e-06 0.0001483411)
(2.562692 -2.272639e-06 1.658031e-05)
(9.293135 -0.0001859321 0.0001344435)
(10.74806 -0.0001560181 0.00093278)
(11.40681 -9.04383e-05 0.001055808)
(11.33189 -5.540261e-05 0.0008233429)
(10.51216 -2.839976e-05 0.0006383349)
(8.878153 -1.206471e-05 0.0003561426)
(6.29359 -1.095353e-06 0.0001528458)
(2.562098 1.814521e-06 1.52e-05)
(10.01457 -0.0003867647 0.0002127579)
(10.61863 -0.000261665 0.0008194308)
(10.54873 -0.0001418655 0.000859619)
(9.800092 -6.989355e-05 0.0005577822)
(8.300793 -2.798815e-05 0.0003605931)
(5.913358 -4.288444e-06 0.0001374994)
(2.428168 7.301768e-06 1.571617e-05)
(8.979427 -0.0002971194 0.0001128174)
(8.922786 -0.0001593923 0.0004939995)
(8.314634 -8.573131e-05 0.0005492994)
(7.087891 -2.706143e-05 0.0002779146)
(5.105332 2.671664e-06 0.0001263463)
(2.140451 9.181812e-06 1.217073e-05)
(6.327369 -0.0001047127 -8.136402e-05)
(5.925317 -2.762801e-05 0.0001075864)
(5.10793 -1.703261e-05 0.0002146678)
(3.755947 4.087213e-06 7.427622e-05)
(1.644256 1.280556e-05 8.894666e-06)
(2.432584 -6.851164e-06 -0.0001072411)
(2.140788 8.941889e-06 -5.074465e-05)
(1.643915 5.63713e-06 1.842595e-05)
(0.8017029 3.674311e-06 5.361511e-07)
(6.7411e-05 1.893519e-05 0.00110255)
(0.000151236 2.460052e-05 0.0009441347)
(0.001462169 0.0002314804 0.002562259)
(0.001503021 0.0002371353 0.0002046734)
(0.001508661 0.0002397359 0.0007358014)
(0.001511572 0.0002419098 0.0002589319)
(0.001499708 0.000242665 0.0001398384)
(7.317402e-05 5.880833e-05 0.0009318922)
(0.001391838 0.0006252659 0.002531804)
(0.001479324 0.000684098 0.0002081914)
(0.001508253 0.0006892043 0.0007346186)
(0.001513476 0.0006988611 0.0002640436)
(0.001502415 0.0006999184 0.0001416213)
(0.0006778212 0.0008539749 0.002462819)
(0.001413901 0.001082227 0.0002144503)
(0.001484349 0.001162418 0.0007300603)
(0.001510593 0.001204159 0.0002740916)
(0.001501607 0.00123417 0.0001458497)
(0.0006953761 0.001137395 0.0002518745)
(0.001432645 0.001395899 0.0007848223)
(0.001491531 0.001534891 0.000384259)
(0.001499737 0.001596041 0.0002090392)
(0.0007101551 0.00154354 0.0007610993)
(0.001453727 0.002137872 0.0004537497)
(0.00148889 0.002984764 0.0002626027)
(0.0007538913 0.001324088 0.001782327)
(0.004529625 0.002044537 0.001679875)
(1.021708 0.001170952 0.005205204)
(1.774605 0.0002212509 0.001857232)
(2.221371 0.0001862537 0.001103531)
(2.477923 0.000109271 0.0007358868)
(2.590781 4.871376e-05 0.0004659513)
(2.577723 2.128414e-05 0.0002907199)
(2.436455 6.680018e-06 0.0001720638)
(2.14497 8.196073e-07 8.697488e-05)
(0.007199146 1.801612e-05 0.0008372693)
(2.184053 0.001067171 0.003244005)
(4.105008 0.00102738 0.002023693)
(5.329616 0.0007656898 0.001601898)
(6.05165 0.0004538205 0.001274947)
(6.373352 0.0002484313 0.0009199368)
(6.335697 0.0001226006 0.000644399)
(5.934288 5.758745e-05 0.0004111775)
(5.115437 1.607969e-05 0.0002266684)
(3.761597 -3.428591e-06 8.60991e-05)
(2.884597 0.0005584949 0.0002628649)
(5.608874 0.001025753 0.00114831)
(7.411971 0.0007688616 0.001466287)
(8.499931 0.0005399681 0.001270559)
(8.98804 0.0003115123 0.001095969)
(8.931858 0.000174172 0.0007955844)
(8.322809 8.085679e-05 0.0005518101)
(7.095076 3.210228e-05 0.0003093672)
(5.110431 -2.289774e-06 0.0001263633)
(2.14259 -1.01149e-05 1.294651e-05)
(6.508252 0.0005455349 9.143496e-05)
(8.690483 0.0005981222 0.0009864887)
(10.02017 0.0003764477 0.001238443)
(10.62389 0.0002560762 0.001033806)
(10.55402 0.0001421709 0.0008837149)
(9.805107 7.451957e-05 0.0005900425)
(8.30492 2.694183e-05 0.000357706)
(5.916328 4.203171e-06 0.0001414913)
(2.429387 -7.126963e-06 1.590483e-05)
(9.293135 0.0001864505 0.0001345236)
(10.74806 0.000156104 0.0009328122)
(11.40681 9.020483e-05 0.00105579)
(11.33189 5.533724e-05 0.0008233244)
(10.51216 2.866455e-05 0.0006383671)
(8.878153 1.224707e-05 0.0003561593)
(6.29359 1.133297e-06 0.0001528492)
(2.562098 -1.699256e-06 1.520473e-05)
(10.74319 -0.0001416834 0.0001827544)
(11.40498 -9.833951e-05 0.000840107)
(11.32861 -5.463968e-05 0.0008570761)
(10.50971 -2.738428e-05 0.000580987)
(8.875757 -1.155902e-05 0.000376146)
(6.292152 -2.14135e-06 0.0001441963)
(2.561406 2.358373e-06 1.638377e-05)
(10.61538 -0.000239117 0.00015441)
(10.54642 -0.0001372044 0.0006207271)
(9.797637 -7.653341e-05 0.0006002095)
(8.298784 -2.498513e-05 0.000320501)
(5.911784 -1.804336e-06 0.0001463007)
(2.42761 5.414311e-06 1.401383e-05)
(8.92131 -0.0001464016 5.533636e-06)
(8.312455 -5.333406e-05 0.0002861394)
(7.086271 -3.453009e-05 0.0003079422)
(5.104105 1.930201e-06 0.0001089453)
(2.139887 1.209201e-05 1.363347e-05)
(5.925336 -3.361986e-05 -0.0001288682)
(5.106596 1.743354e-05 1.58683e-05)
(3.755116 6.481273e-06 7.697021e-05)
(1.643871 1.031263e-05 6.532699e-06)
(2.141192 -6.343358e-07 -8.60988e-05)
(1.643596 1.143008e-05 -3.749977e-05)
(0.801534 6.2167e-06 -1.423816e-06)
(7.273234e-05 2.036184e-05 0.0009420234)
(0.001383924 0.0002169156 0.002554735)
(0.001474749 0.0002340916 0.0002036955)
(0.001504914 0.0002381857 0.0007327978)
(0.001510277 0.0002407451 0.000257761)
(0.001499272 0.0002416481 0.0001392692)
(0.0006706467 0.0005128388 0.002525152)
(0.001403953 0.0006412116 0.000206701)
(0.001481218 0.0006802791 0.0007310789)
(0.001509915 0.0006943436 0.0002629255)
(0.001501183 0.0006965419 0.0001409703)
(0.0006835672 0.0008863223 0.0002080361)
(0.001415914 0.001087214 0.0007253186)
(0.001486136 0.001188688 0.00027251)
(0.001498448 0.001226207 0.0001452022)
(0.0006971319 0.001133747 0.0007535509)
(0.001435385 0.001434042 0.0003716282)
(0.001480097 0.001575724 0.0002073621)
(0.0007122613 0.001706543 0.0003945365)
(0.001447596 0.002774863 0.0002506036)
(0.003771495 0.001604348 0.001314105)
(1.021509 0.0011125 0.004785944)
(1.773983 0.0002199284 0.001823103)
(2.220906 0.000187027 0.001087644)
(2.477195 0.0001075835 0.0007314819)
(2.590198 4.975478e-05 0.0004636343)
(2.57701 2.007314e-05 0.000288243)
(2.435886 7.883017e-06 0.0001710508)
(2.144396 -1.736143e-07 8.746053e-05)
(1.646733 -3.165793e-06 2.978105e-05)
(2.181895 0.0007910991 0.001785723)
(4.104428 0.001082655 0.001692328)
(5.32771 0.0007463861 0.001614644)
(6.050434 0.0004598044 0.001222613)
(6.371471 0.0002428179 0.0009312532)
(6.334281 0.0001256503 0.0006330271)
(5.932644 5.390989e-05 0.0004115239)
(5.114252 1.922641e-05 0.0002233147)
(3.760589 -5.912037e-06 8.768981e-05)
(1.646327 -1.085946e-05 8.418483e-06)
(5.604897 0.0008452826 0.0003937531)
(7.411145 0.0008607587 0.001127414)
(8.496978 0.0005093037 0.001329899)
(8.986217 0.0003199215 0.001015587)
(8.929284 0.0001685501 0.0008241875)
(8.320937 8.504038e-05 0.000533587)
(7.093121 2.760434e-05 0.0003133223)
(5.109249 1.16109e-06 0.0001228157)
(2.142019 -1.157118e-05 1.38308e-05)
(8.685585 0.0005248278 0.0002213078)
(10.01892 0.0004283641 0.0009613419)
(10.62044 0.0002407327 0.00108759)
(10.55173 0.0001439792 0.0008069418)
(9.80238 7.222263e-05 0.0006195573)
(8.303035 3.017864e-05 0.0003415358)
(5.91471 1.180673e-06 0.000145325)
(2.428822 -5.679008e-06 1.461705e-05)
(10.74319 0.0001421015 0.0001828292)
(11.40498 9.838726e-05 0.0008401254)
(11.32861 5.445929e-05 0.0008570496)
(10.50971 2.732426e-05 0.0005809705)
(8.875757 1.178007e-05 0.0003761687)
(6.292152 2.312053e-06 0.0001442069)
(2.561406 -2.288827e-06 1.638726e-05)
(11.40123 -8.999701e-05 0.0001689225)
(11.32623 -5.333683e-05 0.0006652412)
(10.50705 -3.021035e-05 0.0006098411)
(8.8736 -1.008472e-05 0.000338154)
(6.290479 -1.42639e-06 0.0001535124)
(2.560818 1.701881e-06 1.458851e-05)
(10.5441 -0.0001239728 7.964579e-05)
(9.795124 -5.339692e-05 0.0003992384)
(8.296887 -3.436449e-05 0.0003463771)
(5.910349 -4.97152e-07 0.0001278813)
(2.42697 7.256764e-06 1.570509e-05)
(8.31181 -5.109507e-05 -6.147811e-05)
(7.084316 9.480323e-06 0.0001243596)
(5.10298 -1.6823e-06 0.0001183627)
(2.139381 1.042516e-05 1.05861e-05)
(5.107059 2.291928e-06 -0.000118976)
(3.754209 3.615964e-05 -1.973937e-05)
(1.643516 1.414448e-05 5.853277e-06)
(1.644022 1.022919e-06 -4.876196e-05)
(0.8014171 9.008379e-06 -1.017658e-05)
(0.0006655109 0.000178101 0.002548641)
(0.001395889 0.0002193057 0.000202774)
(0.001476587 0.0002350918 0.0007294099)
(0.001506527 0.0002391826 0.0002567007)
(0.001497988 0.0002404805 0.0001386389)
(0.0006762485 0.000526965 0.0002035493)
(0.001405768 0.0006368664 0.0007277858)
(0.001482871 0.0006853209 0.0002615862)
(0.001497655 0.0006920256 0.0001403756)
(0.0006847862 0.0008852318 0.0007161795)
(0.001417776 0.001111179 0.0002692826)
(0.00147423 0.001210411 0.0001443839)
(0.0006986412 0.001161271 0.0003374465)
(0.001425171 0.001470961 0.0002005567)
(0.0007113109 0.002193994 0.000217564)
(1.020692 0.0008326077 0.003405452)
(1.773722 0.0002331496 0.001558704)
(2.220151 0.0001846959 0.001065123)
(2.476676 0.0001090475 0.0007112906)
(2.589454 4.810173e-05 0.0004621547)
(2.576427 2.138144e-05 0.000286197)
(2.435222 6.625568e-06 0.0001697617)
(2.143893 1.050975e-06 8.641986e-05)
(1.646298 -4.042834e-06 3.052602e-05)
(0.8028944 -4.132642e-06 1.332326e-06)
(4.101867 0.0008774666 0.0009639388)
(5.32695 0.0008085541 0.001208041)
(6.04842 0.000443514 0.001259831)
(6.37014 0.0002480882 0.000871895)
(6.332479 0.0001208564 0.0006466286)
(5.931301 5.764613e-05 0.0004023539)
(5.112856 1.554631e-05 0.000224441)
(3.759712 -3.103405e-06 8.540965e-05)
(1.645892 -1.207014e-05 9.179367e-06)
(7.407282 0.0007415855 0.0003896176)
(8.495708 0.0005728643 0.0009569266)
(8.983398 0.0003031001 0.001087172)
(8.927322 0.0001715563 0.0007478531)
(8.318632 8.08675e-05 0.0005571237)
(7.091507 3.226664e-05 0.0003013581)
(5.10786 -2.743926e-06 0.0001254328)
(2.141517 -9.72765e-06 1.269551e-05)
(10.01457 0.0003871282 0.0002129718)
(10.61863 0.00026171 0.0008194911)
(10.54873 0.0001417053 0.0008595353)
(9.800092 6.983462e-05 0.0005577279)
(8.300793 2.818336e-05 0.0003606597)
(5.913358 4.441327e-06 0.000137532)
(2.428168 -7.237403e-06 1.572596e-05)
(11.40123 9.030755e-05 0.0001689807)
(11.32623 5.33636e-05 0.0006652486)
(10.50705 3.004718e-05 0.0006098156)
(8.8736 1.000137e-05 0.0003381392)
(6.290479 1.594632e-06 0.0001535236)
(2.560818 -1.603375e-06 1.459034e-05)
(11.32346 -4.783942e-05 0.0001155898)
(10.50442 -2.211247e-05 0.000445384)
(8.871566 -1.416256e-05 0.0003566429)
(6.288942 -6.322166e-07 0.0001357925)
(2.560142 2.28692e-06 1.633203e-05)
(9.793829 -4.644906e-05 7.472654e-06)
(8.294578 -8.702334e-07 0.0002004982)
(5.909055 -6.810764e-06 0.000136555)
(2.426391 6.887969e-06 1.256095e-05)
(7.084432 1.234166e-06 -8.160783e-05)
(5.101626 3.952161e-05 2.540403e-05)
(2.138918 1.16918e-05 1.085409e-05)
(3.754887 1.413827e-05 -7.347709e-05)
(1.643206 2.711875e-05 -8.980735e-06)
(0.801701 9.686392e-07 -1.1296e-05)
(0.0006710168 0.0001798814 0.0002012455)
(0.001397602 0.0002201254 0.0007268346)
(0.001478176 0.0002360596 0.0002554866)
(0.00149427 0.0002389168 0.0001380679)
(0.0006773414 0.0005210819 0.000722836)
(0.0014074 0.0006413453 0.0002597665)
(0.001470845 0.0006829975 0.000139672)
(0.0006856802 0.0009026978 0.0002616388)
(0.001406547 0.00113079 0.0001428404)
(0.0006940229 0.001186987 0.0001823281)
(1.773021 0.0002059649 0.001093165)
(2.219836 0.000195945 0.0007823271)
(2.475887 0.0001067337 0.0006986776)
(2.588898 4.981091e-05 0.0004397861)
(2.575707 1.970201e-05 0.0002862993)
(2.434665 8.115046e-06 0.0001681239)
(2.143317 -2.302496e-07 8.610173e-05)
(1.645909 -2.924008e-06 2.962409e-05)
(0.8026851 -4.600351e-06 1.736455e-06)
(5.324672 0.0006810945 0.000590549)
(6.047386 0.0004881386 0.0008168785)
(6.368209 0.0002380404 0.0009216753)
(6.331073 0.0001240368 0.0005905723)
(5.929669 5.321065e-05 0.0004137949)
(5.111688 1.96894e-05 0.0002182782)
(3.7587 -6.309482e-06 8.670693e-05)
(1.645503 -1.053748e-05 8.265026e-06)
(8.492445 0.0005094112 0.0002549425)
(8.981707 0.000327154 0.0007236463)
(8.92485 0.0001683057 0.0008163433)
(8.316691 8.018581e-05 0.0004966487)
(7.089594 2.820191e-05 0.0003163791)
(5.10669 1.804148e-06 0.000119527)
(2.140945 -1.175029e-05 1.366236e-05)
(10.61538 0.0002393841 0.0001545748)
(10.54642 0.0001372295 0.0006207531)
(9.797637 7.638368e-05 0.0006001304)
(8.298784 2.490176e-05 0.0003204538)
(5.911784 1.949633e-06 0.0001463329)
(2.42761 -5.327873e-06 1.40196e-05)
(11.32346 4.806559e-05 0.00011563)
(10.50442 2.212322e-05 0.0004453865)
(8.871566 1.399432e-05 0.0003566227)
(6.288942 5.045803e-07 0.0001357813)
(2.560142 -2.202048e-06 1.633429e-05)
(10.50275 -1.858405e-05 4.445996e-05)
(8.869116 -2.016613e-06 0.0002342223)
(6.287569 -3.61409e-06 0.0001418231)
(2.559528 2.284005e-06 1.328972e-05)
(8.294276 -1.411791e-06 -3.592598e-05)
(5.907428 2.64324e-05 5.985843e-05)
(2.425868 5.999704e-06 1.279304e-05)
(5.102214 2.139009e-05 -6.039539e-05)
(2.138445 3.26214e-05 -3.154125e-06)
(1.643648 9.371326e-06 -1.670285e-05)
(0.0006720445 0.0001801866 0.000723951)
(0.001399124 0.0002209108 0.0002543662)
(0.00146615 0.0002357899 0.0001374175)
(0.0006780863 0.0005239706 0.0002561259)
(0.001396035 0.0006389319 0.0001387862)
(0.0006803496 0.0009162567 0.0001394614)
(2.219311 0.000168042 0.0004862626)
(2.475488 0.0001144601 0.0004013946)
(2.588142 4.745715e-05 0.0004341921)
(2.575131 2.13413e-05 0.0002653343)
(2.434004 6.336945e-06 0.0001685146)
(2.142823 1.360637e-06 8.486916e-05)
(1.645472 -4.1051e-06 2.9942e-05)
(0.8024931 -3.979032e-06 1.296964e-06)
(6.045636 0.000423888 0.000272978)
(6.366941 0.0002531764 0.0004925714)
(6.329358 0.000120356 0.0006385983)
(5.92829 5.498089e-05 0.0003698179)
(5.110314 1.513281e-05 0.0002255248)
(3.757835 -2.350747e-06 8.340722e-05)
(1.645068 -1.222558e-05 9.031338e-06)
(8.979429 0.0002973118 0.0001130624)
(8.922786 0.0001594147 0.0004940415)
(8.314634 8.561607e-05 0.0005491694)
(7.087892 2.698435e-05 0.0002778293)
(5.105332 -2.570501e-06 0.0001263923)
(2.140451 -9.119358e-06 1.217946e-05)
(10.5441 0.0001241677 7.976091e-05)
(9.795125 5.340739e-05 0.0003992474)
(8.296887 3.421e-05 0.0003463151)
(5.910349 3.758757e-07 0.0001278463)
(2.42697 -7.184506e-06 1.571156e-05)
(10.50275 1.875141e-05 4.448628e-05)
(8.869116 2.017801e-06 0.0002342228)
(6.287569 3.443693e-06 0.0001418109)
(2.559528 -2.412785e-06 1.328538e-05)
(8.868554 -1.116124e-06 -9.686597e-06)
(6.285822 8.82363e-06 7.587292e-05)
(2.558978 1.600641e-06 1.323445e-05)
(5.907819 1.760315e-05 -4.034351e-05)
(2.425293 2.399868e-05 1.037774e-06)
(2.138915 1.582653e-05 -1.520842e-05)
(0.0006727169 0.0001804527 0.0002527075)
(0.001387749 0.0002206128 0.0001368247)
(0.0006726815 0.0005212374 0.0001372761)
(2.475181 9.958519e-05 0.000175893)
(2.58767 4.946492e-05 0.0001525438)
(2.574451 1.912312e-05 0.000262201)
(2.433441 7.934308e-06 0.0001521656)
(2.142253 -5.24335e-07 8.508454e-05)
(1.64509 -2.583088e-06 2.907217e-05)
(0.8022842 -4.63855e-06 1.655014e-06)
(6.365886 0.0002278141 4.449753e-05)
(6.327875 0.0001103915 0.000263049)
(5.926837 5.490988e-05 0.0004043649)
(5.109099 1.692621e-05 0.0001978076)
(3.756839 -6.888144e-06 8.677357e-05)
(1.644686 -9.930868e-06 7.932508e-06)
(8.921311 0.0001465388 5.699725e-06)
(8.312456 5.334472e-05 0.000286157)
(7.086271 3.440959e-05 0.0003078433)
(5.104105 -2.033626e-06 0.0001088866)
(2.139887 -1.204326e-05 1.364303e-05)
(9.79383 4.659311e-05 7.547504e-06)
(8.294578 8.727625e-07 0.0002005013)
(5.909055 6.657474e-06 0.0001365191)
(2.426391 -7.004421e-06 1.2548e-05)
(8.868554 1.240855e-06 -9.670615e-06)
(6.285822 -8.822336e-06 7.587305e-05)
(2.558978 -1.71853e-06 1.323099e-05)
(6.286076 6.576409e-06 -2.818085e-05)
(2.558357 8.545698e-06 2.902877e-06)
(2.425721 1.400832e-05 -1.261461e-05)
(0.0006673038 0.0001800576 0.000136148)
(2.587599 4.756012e-05 -1.034963e-05)
(2.573911 1.635665e-05 2.088941e-05)
(2.432853 5.556677e-06 0.0001476775)
(2.141749 1.142903e-06 7.484388e-05)
(1.644659 -4.435185e-06 2.921807e-05)
(0.802096 -3.736257e-06 1.219579e-06)
(6.32737 0.0001047868 -8.119087e-05)
(5.925317 2.764015e-05 0.0001076169)
(5.10793 1.696463e-05 0.0002145537)
(3.755947 -4.156817e-06 7.419908e-05)
(1.644256 -1.278418e-05 8.904039e-06)
(8.311811 5.119642e-05 -6.137137e-05)
(7.084316 -9.475865e-06 0.0001243677)
(5.10298 1.565322e-06 0.0001183075)
(2.139381 -1.051655e-05 1.056642e-05)
(8.294276 1.519937e-06 -3.588181e-05)
(5.907428 -2.643013e-05 5.986066e-05)
(2.425868 -6.104063e-06 1.27836e-05)
(6.286076 -6.483639e-06 -2.817328e-05)
(2.558357 -8.547009e-06 2.902721e-06)
(2.558748 5.432864e-06 -1.109038e-05)
(2.574025 2.054079e-05 -9.150776e-05)
(2.432305 -5.956706e-07 -3.721844e-05)
(2.141265 -1.559536e-06 6.834094e-05)
(1.644273 -2.667592e-06 2.456895e-05)
(0.8018891 -4.907076e-06 1.436296e-06)
(5.925337 3.36727e-05 -0.00012876)
(5.106597 -1.742654e-05 1.588393e-05)
(3.755116 -6.545481e-06 7.690826e-05)
(1.643871 -1.036757e-05 6.50984e-06)
(7.084432 -1.15931e-06 -8.154513e-05)
(5.101626 -3.951721e-05 2.540867e-05)
(2.138918 -1.176899e-05 1.084017e-05)
(5.907819 -1.752358e-05 -4.032228e-05)
(2.425294 -2.399925e-05 1.037545e-06)
(2.558748 -5.382918e-06 -1.108882e-05)
(2.432584 6.856527e-06 -0.00010718)
(2.140788 -8.943009e-06 -5.073123e-05)
(1.643915 -5.654214e-06 1.838491e-05)
(0.8017029 -3.690473e-06 5.190501e-07)
(5.107059 -2.254026e-06 -0.0001189133)
(3.754209 -3.615451e-05 -1.973188e-05)
(1.643516 -1.41852e-05 5.838433e-06)
(5.102214 -2.133618e-05 -6.036529e-05)
(2.138445 -3.2621e-05 -3.154789e-06)
(2.425721 -1.396625e-05 -1.261007e-05)
(2.141192 6.38006e-07 -8.606503e-05)
(1.643596 -1.143082e-05 -3.749377e-05)
(0.8015341 -6.22773e-06 -1.433075e-06)
(3.754887 -1.411151e-05 -7.345003e-05)
(1.643206 -2.71167e-05 -8.980457e-06)
(2.138915 -1.579889e-05 -1.52021e-05)
(1.644022 -1.021545e-06 -4.874836e-05)
(0.8014171 -9.009352e-06 -1.017554e-05)
(1.643648 -9.359529e-06 -1.669721e-05)
(0.801701 -9.672944e-07 -1.129372e-05)
)
;

boundaryField
{
    anodeSides
    {
        type            fixedValue;
        value           uniform (0 0 0);
    }
    fuelInlet
    {
        type            fixedValue;
        value           nonuniform List<vector> 0();
    }
    fuelOutlet
    {
        type            inletOutlet;
        inletValue      uniform (0 0 0);
        value           nonuniform List<vector> 
100
(
(1.020691 -0.0008322399 0.003403719)
(1.77302 -0.0002059038 0.001092543)
(2.219311 -0.0001679882 0.0004858848)
(2.47518 -9.955287e-05 0.0001756349)
(2.587598 -4.754345e-05 -1.051468e-05)
(2.574025 -2.053187e-05 -9.160901e-05)
(2.432584 -6.851164e-06 -0.0001072411)
(2.141192 -6.343358e-07 -8.60988e-05)
(1.644022 1.022919e-06 -4.876196e-05)
(0.801701 9.686392e-07 -1.1296e-05)
(2.181894 -0.0007907564 0.001784467)
(4.101865 -0.0008771081 0.0009632567)
(5.324669 -0.0006808218 0.0005900317)
(6.045635 -0.0004237115 0.0002725872)
(6.365885 -0.0002277029 4.422833e-05)
(6.327369 -0.0001047127 -8.136402e-05)
(5.925336 -3.361986e-05 -0.0001288682)
(5.107059 2.291928e-06 -0.000118976)
(3.754887 1.413827e-05 -7.347709e-05)
(1.643648 9.371326e-06 -1.670285e-05)
(2.884596 -0.0005582055 0.0002621801)
(5.604895 -0.0008448518 0.0003933052)
(7.40728 -0.000741205 0.0003892164)
(8.492444 -0.0005091322 0.00025461)
(8.979427 -0.0002971194 0.0001128174)
(8.92131 -0.0001464016 5.533636e-06)
(8.31181 -5.109507e-05 -6.147811e-05)
(7.084432 1.234166e-06 -8.160783e-05)
(5.102214 2.139009e-05 -6.039539e-05)
(2.138915 1.582653e-05 -1.520842e-05)
(3.295347 -0.0002945547 -0.0002381871)
(6.50825 -0.0005450643 9.117936e-05)
(8.685583 -0.0005243686 0.0002210657)
(10.01457 -0.0003867647 0.0002127579)
(10.61538 -0.000239117 0.00015441)
(10.5441 -0.0001239728 7.964579e-05)
(9.793829 -4.644906e-05 7.472654e-06)
(8.294276 -1.411791e-06 -3.592598e-05)
(5.907819 1.760315e-05 -4.034351e-05)
(2.425721 1.400832e-05 -1.261461e-05)
(3.486328 -9.550574e-05 -0.0004422747)
(6.933237 -0.0001860203 -3.701798e-05)
(9.293135 -0.0001859321 0.0001344435)
(10.74319 -0.0001416834 0.0001827544)
(11.40123 -8.999701e-05 0.0001689225)
(11.32346 -4.783942e-05 0.0001155898)
(10.50275 -1.858405e-05 4.445996e-05)
(8.868554 -1.116124e-06 -9.686597e-06)
(6.286076 6.576409e-06 -2.818085e-05)
(2.558748 5.432864e-06 -1.109038e-05)
(3.486329 9.579127e-05 -0.0004421148)
(6.933237 0.0001865302 -3.693629e-05)
(9.293135 0.0001864505 0.0001345236)
(10.74319 0.0001421015 0.0001828292)
(11.40123 9.030755e-05 0.0001689807)
(11.32346 4.806559e-05 0.00011563)
(10.50275 1.875141e-05 4.448628e-05)
(8.868554 1.240855e-06 -9.670615e-06)
(6.286076 -6.483639e-06 -2.817328e-05)
(2.558748 -5.382918e-06 -1.108882e-05)
(3.295349 0.0002948209 -0.0002377433)
(6.508252 0.0005455349 9.143496e-05)
(8.685585 0.0005248278 0.0002213078)
(10.01457 0.0003871282 0.0002129718)
(10.61538 0.0002393841 0.0001545748)
(10.5441 0.0001241677 7.976091e-05)
(9.79383 4.659311e-05 7.547504e-06)
(8.294276 1.519937e-06 -3.588181e-05)
(5.907819 -1.752358e-05 -4.032228e-05)
(2.425721 -1.396625e-05 -1.261007e-05)
(2.884597 0.0005584949 0.0002628649)
(5.604897 0.0008452826 0.0003937531)
(7.407282 0.0007415855 0.0003896176)
(8.492445 0.0005094112 0.0002549425)
(8.979429 0.0002973118 0.0001130624)
(8.921311 0.0001465388 5.699725e-06)
(8.311811 5.119642e-05 -6.137137e-05)
(7.084432 -1.15931e-06 -8.154513e-05)
(5.102214 -2.133618e-05 -6.036529e-05)
(2.138915 -1.579889e-05 -1.52021e-05)
(2.181895 0.0007910991 0.001785723)
(4.101867 0.0008774666 0.0009639388)
(5.324672 0.0006810945 0.000590549)
(6.045636 0.000423888 0.000272978)
(6.365886 0.0002278141 4.449753e-05)
(6.32737 0.0001047868 -8.119087e-05)
(5.925337 3.36727e-05 -0.00012876)
(5.107059 -2.254026e-06 -0.0001189133)
(3.754887 -1.411151e-05 -7.345003e-05)
(1.643648 -9.359529e-06 -1.669721e-05)
(1.020692 0.0008326077 0.003405452)
(1.773021 0.0002059649 0.001093165)
(2.219311 0.000168042 0.0004862626)
(2.475181 9.958519e-05 0.000175893)
(2.587599 4.756012e-05 -1.034963e-05)
(2.574025 2.054079e-05 -9.150776e-05)
(2.432584 6.856527e-06 -0.00010718)
(2.141192 6.38006e-07 -8.606503e-05)
(1.644022 -1.021545e-06 -4.874836e-05)
(0.801701 -9.672944e-07 -1.129372e-05)
)
;
    }
    fuel_to_electrolyte
    {
        type            fixedValue;
        value           uniform (0 0 0);
    }
    fuel_to_interconnect
    {
        type            fixedValue;
        value           uniform (0 0 0);
    }
    procBoundary3to2
    {
        type            processor;
        value           nonuniform List<vector> 
400
(
(1.484826e-05 -3.191157e-06 0.0001531678)
(1.484935e-05 -9.485927e-06 0.0001518086)
(1.503741e-05 -3.197272e-06 0.0004330816)
(1.485027e-05 -1.677341e-05 0.0001485348)
(1.503847e-05 -9.420128e-06 0.0004289977)
(1.504939e-05 -3.096608e-06 0.0005975325)
(1.485081e-05 -2.369317e-05 0.0001423584)
(1.503929e-05 -1.660699e-05 0.0004191578)
(1.505036e-05 -9.053893e-06 0.0005916482)
(1.50664e-05 -2.928686e-06 0.0009330161)
(1.484777e-05 -3.120636e-05 0.0001322866)
(1.503968e-05 -2.334226e-05 0.0004005779)
(1.5051e-05 -1.585832e-05 0.0005774836)
(1.506727e-05 -8.631205e-06 0.0009235697)
(1.587599e-05 -2.86368e-06 0.0007410131)
(1.484236e-05 -3.02118e-05 0.0001188975)
(1.503645e-05 -3.066134e-05 0.0003702074)
(1.505114e-05 -2.204922e-05 0.0005507495)
(1.506772e-05 -1.499527e-05 0.000900864)
(1.587689e-05 -8.183445e-06 0.0007334199)
(0.000143345 -2.510907e-05 0.001447739)
(1.48303e-05 -2.176258e-05 0.0001053729)
(1.503092e-05 -2.95162e-05 0.0003297492)
(1.504767e-05 -2.878594e-05 0.0005070124)
(1.506759e-05 -2.055895e-05 0.0008580577)
(1.5877e-05 -1.394645e-05 0.0007152044)
(0.0001433757 -7.236089e-05 0.00143287)
(0.0001504697 -2.55636e-05 0.001024414)
(1.482032e-05 -1.528166e-05 9.438664e-05)
(1.501875e-05 -2.105689e-05 0.0002888474)
(1.504214e-05 -2.735798e-05 0.0004486699)
(1.506388e-05 -2.662372e-05 0.0007879222)
(1.587637e-05 -1.846816e-05 0.0006808467)
(0.0001433762 -0.0001228207 0.001397094)
(0.0001505033 -7.544947e-05 0.001013896)
(0.0001509318 -2.582648e-05 0.001135043)
(1.481266e-05 -8.617387e-06 8.690632e-05)
(1.500863e-05 -1.473572e-05 0.0002556399)
(1.503012e-05 -1.908873e-05 0.0003896941)
(1.505836e-05 -2.486894e-05 0.0006941532)
(1.587204e-05 -2.341178e-05 0.0006244757)
(0.0001433697 -0.0001613942 0.001329667)
(0.0001505037 -0.0001279044 0.000988623)
(0.0001509656 -7.483335e-05 0.00112339)
(0.0001516432 -2.545016e-05 0.001147698)
(1.480843e-05 -2.838407e-06 8.317218e-05)
(1.500088e-05 -8.277443e-06 0.000233035)
(1.502005e-05 -1.325279e-05 0.0003418322)
(1.504653e-05 -1.681875e-05 0.0005993304)
(1.58664e-05 -2.086376e-05 0.0005488731)
(0.0001433299 -0.0002035408 0.001218715)
(0.0001504967 -0.0001676528 0.0009415116)
(0.0001509658 -0.0001265929 0.00109538)
(0.0001516787 -7.442435e-05 0.00113599)
(0.0001635649 -2.739833e-05 0.0009805895)
(1.480796e-05 2.840295e-06 8.317321e-05)
(1.499661e-05 -2.724838e-06 0.000221751)
(1.501232e-05 -7.376634e-06 0.0003092562)
(1.503652e-05 -1.15424e-05 0.0005224244)
(1.585446e-05 -1.286326e-05 0.0004725581)
(0.0001432789 -0.000179369 0.001070287)
(0.0001504546 -0.0002111434 0.0008638324)
(0.0001509585 -0.0001652325 0.001043345)
(0.0001516786 -0.0001256665 0.001107747)
(0.0001636285 -7.914277e-05 0.0009704115)
(0.001497003 -0.0002424002 0.002653369)
(1.481127e-05 8.618014e-06 8.690867e-05)
(1.499616e-05 2.726619e-06 0.0002217542)
(1.500811e-05 -2.424918e-06 0.0002929944)
(1.502883e-05 -6.337486e-06 0.0004700868)
(1.584416e-05 -8.505598e-06 0.0004106913)
(0.0001431716 -0.0001080093 0.0009192794)
(0.0001504006 -0.0001853425 0.0007636886)
(0.0001509157 -0.0002076162 0.0009574934)
(0.000151671 -0.0001633929 0.001055788)
(0.0001636282 -0.0001332842 0.0009461899)
(0.001499999 -0.0006988835 0.002630603)
(0.001509843 -0.0002450816 0.0002110603)
(1.481827e-05 1.528031e-05 9.438896e-05)
(1.499956e-05 8.27803e-06 0.0002330423)
(1.500772e-05 2.426415e-06 0.0002929989)
(1.502468e-05 -2.078905e-06 0.0004439571)
(1.58362e-05 -4.457824e-06 0.0003685968)
(0.0001430788 -7.068059e-05 0.0007969427)
(0.0001502877 -0.0001106134 0.0006561092)
(0.0001508611 -0.0001810286 0.0008483053)
(0.0001516275 -0.0002049128 0.0009697241)
(0.0001636193 -0.000172343 0.0009014978)
(0.001500002 -0.001168853 0.00256953)
(0.001512915 -0.0007160011 0.0002159172)
(0.001511756 -0.0002462561 0.0007555615)
(1.482806e-05 2.175461e-05 0.0001053733)
(1.50067e-05 1.473443e-05 0.0002556472)
(1.50112e-05 7.377108e-06 0.0003092665)
(1.502437e-05 2.080095e-06 0.0004439647)
(1.583199e-05 -1.451371e-06 0.0003475807)
(0.0001430071 -3.653911e-05 0.0007137247)
(0.0001501901 -7.211111e-05 0.0005688727)
(0.0001507479 -0.0001063638 0.0007285407)
(0.0001515722 -0.0001775456 0.0008643548)
(0.0001635714 -0.0002155969 0.0008278433)
(0.001499918 -0.001489903 0.002469899)
(0.001512964 -0.001209034 0.0002255517)
(0.001514863 -0.000712499 0.0007577095)
(0.001513375 -0.000247317 0.0002647047)
(1.484007e-05 3.020342e-05 0.0001188861)
(1.501663e-05 2.104937e-05 0.0002888491)
(1.50184e-05 1.325165e-05 0.0003418424)
(1.502792e-05 6.337844e-06 0.0004701046)
(1.583182e-05 1.451882e-06 0.000347587)
(0.0001429693 -1.186891e-05 0.0006721814)
(0.0001501147 -3.708963e-05 0.0005094789)
(0.0001506498 -6.887747e-05 0.0006313641)
(0.0001514582 -0.000102727 0.0007419579)
(0.0001635104 -0.0001850512 0.0007367744)
(0.001499454 -0.001844447 0.002289524)
(0.00151294 -0.001551537 0.0002952419)
(0.001514979 -0.001217523 0.0007575908)
(0.001516529 -0.0007179052 0.0002712659)
(0.001501062 -0.0002470693 0.000142377)
(1.484621e-05 3.120663e-05 0.0001322728)
(1.502876e-05 2.950828e-05 0.0003297151)
(1.502831e-05 1.908232e-05 0.0003896961)
(1.503518e-05 1.154144e-05 0.0005224427)
(1.58357e-05 4.457876e-06 0.0003686116)
(0.000142968 1.18722e-05 0.0006721925)
(0.0001500751 -1.203736e-05 0.0004798268)
(0.0001505741 -3.510543e-05 0.0005652056)
(0.0001513593 -6.608444e-05 0.0006425954)
(0.0001633861 -0.0001045374 0.0006327057)
(0.001498819 -0.001546617 0.002174976)
(0.001512452 -0.001984876 0.0003508094)
(0.001515062 -0.001563449 0.0008300339)
(0.001516741 -0.001245322 0.0002831016)
(0.001504212 -0.0007156043 0.0001448258)
(1.484984e-05 2.369699e-05 0.0001423486)
(1.503496e-05 3.066154e-05 0.0003701663)
(1.504028e-05 2.73512e-05 0.000448621)
(1.504506e-05 1.681359e-05 0.0005993362)
(1.584342e-05 8.504912e-06 0.0004107069)
(0.0001430034 3.653896e-05 0.0007137504)
(0.0001500738 1.204059e-05 0.0004798345)
(0.0001505344 -1.137572e-05 0.0005321727)
(0.0001512832 -3.337734e-05 0.0005749263)
(0.0001632787 -6.655231e-05 0.0005481105)
(0.001497635 -0.0008253274 0.00185126)
(0.001511619 -0.001653425 0.0009353769)
(0.001514598 -0.002159441 0.0008705693)
(0.001517001 -0.001607812 0.0004010933)
(0.00150454 -0.001268396 0.0001499647)
(1.484936e-05 1.67768e-05 0.0001485289)
(1.503875e-05 2.334581e-05 0.0004005488)
(1.504637e-05 2.8786e-05 0.0005069538)
(1.505684e-05 2.486344e-05 0.000694079)
(1.585363e-05 1.286042e-05 0.0004725639)
(0.0001430732 7.067487e-05 0.0007969683)
(0.000150111 3.708946e-05 0.0005094965)
(0.0001505333 1.137832e-05 0.0005321816)
(0.0001512434 -1.079873e-05 0.0005411436)
(0.000163196 -3.312918e-05 0.0004905453)
(0.001496621 -0.0005096058 0.001589267)
(0.001510202 -0.0008254834 0.0007144979)
(0.001513596 -0.001730635 0.001728332)
(0.00151671 -0.002405118 0.0004976876)
(0.001505068 -0.001651154 0.0002164349)
(1.484843e-05 9.487906e-06 0.0001518055)
(1.503841e-05 1.661015e-05 0.0004191402)
(1.50503e-05 2.205215e-05 0.0005507082)
(1.506278e-05 2.66236e-05 0.0007878332)
(1.586553e-05 2.086063e-05 0.0005488152)
(0.0001431653 0.000107988 0.0009192847)
(0.0001501846 7.210541e-05 0.0005688899)
(0.0001505709 3.5105e-05 0.0005652262)
(0.0001512424 1.080079e-05 0.0005411527)
(0.000163153 -1.06908e-05 0.0004617902)
(0.001495851 -0.0002428201 0.001410065)
(0.001509054 -0.0005089478 0.0005445234)
(0.001511938 -0.0006548662 0.001334722)
(0.001529336 -0.001871523 0.00255532)
(0.001508191 -0.003129912 0.0002750513)
(1.484733e-05 3.191641e-06 0.0001531657)
(1.503757e-05 9.421976e-06 0.0004289888)
(1.50502e-05 1.586094e-05 0.0005774588)
(1.506685e-05 2.056115e-05 0.0008579956)
(1.587133e-05 2.341132e-05 0.0006244059)
(0.0001432722 0.0001793452 0.001070169)
(0.0001502815 0.0001105925 0.0006561117)
(0.0001506449 6.887209e-05 0.0006313846)
(0.0001512803 3.33767e-05 0.0005749472)
(0.0001631521 1.069219e-05 0.000461798)
(0.001495454 -7.767438e-05 0.001321031)
(0.001508212 -0.0002415682 0.0004363339)
(0.00151067 -0.0003874535 0.001033972)
(0.001543323 -0.000508612 0.001750502)
(0.004541042 -0.002310281 0.001898989)
(1.503651e-05 3.197723e-06 0.0004330755)
(1.504954e-05 9.055434e-06 0.0005916358)
(1.506701e-05 1.499728e-05 0.0009008274)
(1.587581e-05 1.846901e-05 0.0006807982)
(0.0001433242 0.0002035361 0.001218573)
(0.0001503939 0.0001853189 0.0007636043)
(0.0001507423 0.0001063453 0.0007285452)
(0.000151355 6.607935e-05 0.0006426162)
(0.0001631935 3.312818e-05 0.0004905635)
(0.00149545 7.766833e-05 0.001321048)
(0.001507784 -7.744134e-05 0.0003846488)
(0.001509776 -0.0001721358 0.0008511705)
(0.001551577 -0.0002879134 0.001171544)
(0.007980218 -2.447088e-05 0.001249811)
(1.023952 -0.001224285 0.005467121)
(1.504856e-05 3.096984e-06 0.0005975242)
(1.506654e-05 8.632392e-06 0.0009235523)
(1.587643e-05 1.394731e-05 0.0007151761)
(0.0001433651 0.0001613995 0.001329568)
(0.0001504488 0.0002111383 0.0008637324)
(0.0001508552 0.0001810074 0.0008482141)
(0.0001514532 0.0001027105 0.0007419624)
(0.0001632748 6.654731e-05 0.0005481287)
(0.00149584 0.0002428036 0.001410103)
(0.001507779 7.744518e-05 0.000384647)
(0.00150933 -5.481231e-05 0.0007635583)
(0.001556274 -0.0001178313 0.0009161434)
(0.01006048 -7.227771e-06 0.0007951921)
(2.189278 -0.001098644 0.003746341)
(1.777811 -0.0002275544 0.001930453)
(1.506566e-05 2.928975e-06 0.000933005)
(1.58763e-05 8.183986e-06 0.0007334067)
(0.0001433713 0.0001228265 0.001397035)
(0.0001504919 0.0001676575 0.0009414411)
(0.0001509103 0.0002076108 0.0009573847)
(0.0001515668 0.0001775264 0.0008642633)
(0.0001633816 0.0001045228 0.00063271)
(0.001496605 0.0005095703 0.0015893)
(0.001508198 0.0002415581 0.0004363269)
(0.001509327 5.481045e-05 0.000763562)
(0.001558432 -3.733917e-05 0.0007972752)
(0.01127671 -1.622605e-06 0.0006177717)
(2.894301 -0.000729559 0.001907132)
(4.113969 -0.001076362 0.002128548)
(2.224867 -0.000191767 0.001139056)
(1.587538e-05 2.863808e-06 0.0007410049)
(0.0001433707 7.236462e-05 0.001432841)
(0.0001504987 0.0001279097 0.0009885808)
(0.0001509538 0.0001652358 0.001043268)
(0.0001516225 0.0002049071 0.0009696151)
(0.0001635054 0.0001850337 0.0007366971)
(0.001497613 0.0008252629 0.00185125)
(0.001509033 0.0005089133 0.0005445063)
(0.001509769 0.0001721263 0.0008511766)
(0.001558431 3.733852e-05 0.0007972754)
(0.01184214 -6.336109e-07 0.0005357847)
(3.306397 -0.0003546332 0.001396294)
(5.621717 -0.0009915555 0.001481307)
(5.339147 -0.0007867007 0.001688976)
(2.481054 -0.0001110014 0.0007545056)
(0.0001433398 2.510996e-05 0.00144772)
(0.0001504981 7.545295e-05 0.001013875)
(0.000150961 0.000126597 0.001095334)
(0.0001516665 0.000163395 0.001055712)
(0.0001635664 0.0002155903 0.000827751)
(0.001498793 0.001546528 0.002174742)
(0.001510175 0.0008254041 0.0007144658)
(0.001510659 0.0003874292 0.001033966)
(0.001556269 0.0001178254 0.0009161394)
(0.01184214 6.332502e-07 0.0005357851)
(3.498017 -0.0001102125 0.001200332)
(6.527802 -0.0006114976 0.001115674)
(7.427969 -0.0008238601 0.00152388)
(6.061157 -0.000470182 0.001307604)
(2.593443 -4.990212e-05 0.0004756952)
(0.0001504644 2.556442e-05 0.0010244)
(0.0001509606 7.483618e-05 0.001123368)
(0.0001516739 0.0001256696 0.001107701)
(0.0001636148 0.0001723434 0.0009014327)
(0.001499421 0.001844377 0.002289256)
(0.001511589 0.001653315 0.0009353203)
(0.001511923 0.0006548187 0.001334689)
(0.001551569 0.0002878965 0.001171524)
(0.01127671 1.622203e-06 0.0006177701)
(3.498017 0.0001103308 0.001200348)
(6.954018 -0.000204261 0.0009527369)
(8.710035 -0.0005658136 0.001300843)
(8.514975 -0.0005491439 0.001369218)
(6.381351 -0.0002528797 0.0009492398)
(2.579636 -2.072537e-05 0.0002939392)
(0.0001509267 2.582714e-05 0.001135029)
(0.0001516738 7.44266e-05 0.001135968)
(0.0001636233 0.000133286 0.0009461513)
(0.001499882 0.001489868 0.002469709)
(0.001512416 0.001984802 0.0003507762)
(0.001513578 0.001730544 0.001728229)
(0.001543312 0.0005085775 0.001750446)
(0.01006048 7.2272e-06 0.0007951798)
(3.306397 0.0003547126 0.001396289)
(6.954018 0.0002045716 0.0009527697)
(9.319331 -0.0001982227 0.001172089)
(10.04149 -0.0004100992 0.001288864)
(9.002032 -0.0003252563 0.001110338)
(6.342184 -0.000126716 0.0006550361)
(2.437686 -7.038336e-06 0.0001728724)
(0.0001516382 2.545068e-05 0.001147684)
(0.0001636234 7.91443e-05 0.0009703929)
(0.001499962 0.001168835 0.002569416)
(0.001512902 0.001551509 0.0002952164)
(0.001514567 0.002159356 0.000870496)
(0.001529322 0.001871431 0.002555198)
(0.007980217 2.446965e-05 0.001249772)
(2.894301 0.000729575 0.001907097)
(6.527803 0.0006117151 0.001115655)
(9.319331 0.0001986422 0.00117212)
(10.77219 -0.0001493164 0.001220119)
(10.64256 -0.0002598042 0.001127079)
(8.943007 -0.0001761734 0.0008291651)
(5.938669 -5.663378e-05 0.0004173866)
(2.145474 -6.815372e-08 8.751563e-05)
(0.0001635597 2.739866e-05 0.0009805776)
(0.001499958 0.0006988778 0.002630544)
(0.001512923 0.001209024 0.0002255347)
(0.001515027 0.001563407 0.0008299808)
(0.001516681 0.002405021 0.0004976537)
(0.004541042 0.00231018 0.001898902)
(2.189278 0.001098613 0.003746199)
(5.621717 0.0009916229 0.001481287)
(8.710035 0.0005661354 0.001300914)
(10.77219 0.0001497093 0.001220148)
(11.43062 -9.752571e-05 0.00110977)
(10.57027 -0.0001482972 0.0008882465)
(8.331281 -8.453433e-05 0.0005577373)
(5.118016 -1.741026e-05 0.0002271204)
(1.647121 3.87367e-06 3.030008e-05)
(0.00149696 0.0002423982 0.002653329)
(0.001512871 0.0007159998 0.0002159049)
(0.00151494 0.001217499 0.0007575591)
(0.001516967 0.001607764 0.0004010702)
(0.001508164 0.003129782 0.0002750328)
(1.023952 0.001224242 0.00546683)
(4.113969 0.001076349 0.002128477)
(7.42797 0.0008239586 0.001523947)
(10.04149 0.00041039 0.001289013)
(11.43062 9.783445e-05 0.00110981)
(11.35179 -5.701959e-05 0.0008996742)
(9.817301 -7.462236e-05 0.0006197905)
(7.100293 -3.00492e-05 0.0003159045)
(3.762476 5.094491e-06 8.742227e-05)
(0.8030848 4.528337e-06 1.632524e-06)
(0.001509798 0.0002450808 0.0002110502)
(0.001514822 0.0007124902 0.000757692)
(0.001516702 0.001245295 0.0002830893)
(0.001505036 0.001651101 0.0002164224)
(1.77781 0.0002275469 0.00193036)
(5.339147 0.000786694 0.001689004)
(8.514975 0.0005492666 0.001369365)
(10.64256 0.0002600335 0.00112721)
(11.35179 5.724817e-05 0.0008997106)
(10.52817 -2.932627e-05 0.0006398542)
(8.313328 -2.889373e-05 0.0003597058)
(5.113 1.17309e-06 0.0001260353)
(1.646714 1.174605e-05 9.03587e-06)
(0.001511713 0.0002462531 0.0007555498)
(0.001516488 0.0007178947 0.0002712588)
(0.001504503 0.001268365 0.0001499581)
(2.224867 0.0001917416 0.00113904)
(6.061157 0.0004702001 0.001307711)
(9.002032 0.000325373 0.00111048)
(10.57027 0.0001484714 0.0008883443)
(10.52817 2.949521e-05 0.0006398804)
(8.889162 -1.178091e-05 0.0003758022)
(5.920668 -2.423982e-06 0.0001456128)
(2.143091 1.112527e-05 1.36786e-05)
(0.001513333 0.0002473135 0.0002646999)
(0.001504172 0.0007155921 0.0001448219)
(2.481053 0.0001109919 0.000754538)
(6.381351 0.0002529141 0.0009493459)
(8.943007 0.0001762725 0.0008292741)
(9.817301 7.475449e-05 0.0006198554)
(8.889162 1.190416e-05 0.0003758175)
(6.299933 -1.558859e-06 0.0001529343)
(2.430606 6.740117e-06 1.571533e-05)
(0.001501021 0.0002470653 0.0001423743)
(2.593443 4.990358e-05 0.0004757427)
(6.342184 0.0001267522 0.0006551184)
(8.331281 8.461354e-05 0.0005578108)
(8.313328 2.899104e-05 0.0003597424)
(6.299933 1.639114e-06 0.0001529407)
(2.563978 2.136653e-06 1.635795e-05)
(2.579636 2.073161e-05 0.0002939822)
(5.938669 5.666502e-05 0.0004174419)
(7.100293 3.010865e-05 0.0003159457)
(5.920668 2.487853e-06 0.0001456279)
(2.563978 -2.094919e-06 1.635941e-05)
(2.437686 7.04538e-06 0.0001729043)
(5.118016 1.743418e-05 0.0002271515)
(5.113 -1.134341e-06 0.000126052)
(2.430605 -6.7062e-06 1.571884e-05)
(2.145474 7.435888e-08 8.753469e-05)
(3.762476 -5.078748e-06 8.74356e-05)
(2.143091 -1.11033e-05 1.368293e-05)
(1.647121 -3.868166e-06 3.030916e-05)
(1.646714 -1.17359e-05 9.039778e-06)
(0.8030848 -4.524542e-06 1.635308e-06)
)
;
    }
}
)

// processor4

751
(dimensions      [0 1 -1 0 0 0 0];

internalField   nonuniform List<vector> 0();

boundaryField
{
    anodeSides
    {
        type            fixedValue;
        value           nonuniform List<vector> 0();
    }
    fuelInlet
    {
        type            fixedValue;
        value           nonuniform List<vector> 0();
    }
    fuelOutlet
    {
        type            inletOutlet;
        inletValue      nonuniform List<vector> 0();
        value           nonuniform List<vector> 0();
    }
    fuel_to_electrolyte
    {
        type            fixedValue;
        value           nonuniform List<vector> 0();
    }
    fuel_to_interconnect
    {
        type            fixedValue;
        value           nonuniform List<vector> 0();
    }
}
)

// processor5

751
(dimensions      [0 1 -1 0 0 0 0];

internalField   nonuniform List<vector> 0();

boundaryField
{
    anodeSides
    {
        type            fixedValue;
        value           nonuniform List<vector> 0();
    }
    fuelInlet
    {
        type            fixedValue;
        value           nonuniform List<vector> 0();
    }
    fuelOutlet
    {
        type            inletOutlet;
        inletValue      nonuniform List<vector> 0();
        value           nonuniform List<vector> 0();
    }
    fuel_to_electrolyte
    {
        type            fixedValue;
        value           nonuniform List<vector> 0();
    }
    fuel_to_interconnect
    {
        type            fixedValue;
        value           nonuniform List<vector> 0();
    }
}
)

// processor6

751
(dimensions      [0 1 -1 0 0 0 0];

internalField   nonuniform List<vector> 0();

boundaryField
{
    anodeSides
    {
        type            fixedValue;
        value           nonuniform List<vector> 0();
    }
    fuelInlet
    {
        type            fixedValue;
        value           nonuniform List<vector> 0();
    }
    fuelOutlet
    {
        type            inletOutlet;
        inletValue      nonuniform List<vector> 0();
        value           nonuniform List<vector> 0();
    }
    fuel_to_electrolyte
    {
        type            fixedValue;
        value           nonuniform List<vector> 0();
    }
    fuel_to_interconnect
    {
        type            fixedValue;
        value           nonuniform List<vector> 0();
    }
}
)

// processor7

751
(dimensions      [0 1 -1 0 0 0 0];

internalField   nonuniform List<vector> 0();

boundaryField
{
    anodeSides
    {
        type            fixedValue;
        value           nonuniform List<vector> 0();
    }
    fuelInlet
    {
        type            fixedValue;
        value           nonuniform List<vector> 0();
    }
    fuelOutlet
    {
        type            inletOutlet;
        inletValue      nonuniform List<vector> 0();
        value           nonuniform List<vector> 0();
    }
    fuel_to_electrolyte
    {
        type            fixedValue;
        value           nonuniform List<vector> 0();
    }
    fuel_to_interconnect
    {
        type            fixedValue;
        value           nonuniform List<vector> 0();
    }
}
)
