/*--------------------------------*- C++ -*----------------------------------*\
| =========                 |                                                 |
| \\      /  F ield         | OpenFOAM: The Open Source CFD Toolbox           |
|  \\    /   O peration     | Version:  2306                                  |
|   \\  /    A nd           | Website:  www.openfoam.com                      |
|    \\/     M anipulation  |                                                 |
\*---------------------------------------------------------------------------*/
FoamFile
{
    version     2.0;
    format      binary;
    arch        "LSB;label=32;scalar=64";
    class       decomposedBlockData;
    object      i;
    data.format     ascii;
    data.class      volVectorField;
}
// * * * * * * * * * * * * * * * * * * * * * * * * * * * * * * * * * * * * * //


// processor0

141363
(FoamFile
{
    version     2.0;
    format      ascii;
    arch        "LSB;label=32;scalar=64";
    class       volVectorField;
    location    "2.5/phiI";
    object      i;
}
dimensions      [0 -2 0 0 0 1 0];

internalField   nonuniform List<vector> 
4000
(
(-0.1123091 0.7063374 357.7824)
(-0.1113965 2.034073 354.7941)
(-0.2226722 0.7052863 357.8814)
(-0.110008 0.6792742 1112.812)
(-0.1044197 3.071365 348.6452)
(-0.215668 2.082245 354.7927)
(-0.1091946 1.953066 1103.623)
(-0.2178896 0.7562901 358.031)
(-0.2179801 0.6774383 1113.051)
(-0.1045392 0.6172889 2009.465)
(-0.08165726 3.530928 339.1523)
(-0.1972397 3.318892 348.3057)
(-0.1025814 2.939497 1084.698)
(-0.2077238 2.226717 354.8132)
(-0.2113058 1.997216 1103.542)
(-0.1038842 1.768432 1993.283)
(-0.2019695 0.7874527 358.4732)
(-0.2131644 0.7263371 1113.462)
(-0.2069991 0.6143545 2009.569)
(-0.09437494 0.5049122 3250.314)
(-0.03753332 3.068861 326.574)
(-0.158585 4.136979 337.9754)
(-0.08074741 3.359911 1055.448)
(-0.187897 3.53859 348.0624)
(-0.1936365 3.175009 1083.564)
(-0.09801635 2.641167 1959.899)
(-0.1951304 2.322758 355.1825)
(-0.2033395 2.136058 1103.556)
(-0.2009878 1.804969 1992.791)
(-0.09390582 1.435119 3225.402)
(-0.1782082 0.8067455 358.9344)
(-0.197548 0.7566036 1114.766)
(-0.2021169 0.6586621 2010.052)
(-0.1869316 0.5010108 3249.367)
(-0.07570544 0.3018688 4339.691)
(0.02586258 1.66903 312.4847)
(-0.09078667 4.085891 323.8974)
(-0.03827056 2.886586 1016.643)
(-0.1590822 4.463473 337.3313)
(-0.1564534 3.941206 1051.733)
(-0.07830204 2.976396 1908.174)
(-0.1809928 3.704964 348.2711)
(-0.1841444 3.386365 1082.765)
(-0.1849515 2.850155 1957.505)
(-0.08925212 2.106114 3173.832)
(-0.173374 2.381561 355.6029)
(-0.1908839 2.229233 1104.636)
(-0.1930543 1.931311 1992.573)
(-0.1819666 1.460272 3223.452)
(-0.07543861 0.8347843 4309.843)
(-0.1567384 0.8199544 359.3714)
(-0.1742615 0.7754284 1116.136)
(-0.1870628 0.6868236 2012.093)
(-0.1819824 0.5375198 3249.237)
(-0.1506181 0.2975476 4335.314)
(-0.5156687 0.5928405 25998.96)
(0.08508967 0.1492689 299.9534)
(0.001972455 2.8653 307.7432)
(0.02287508 1.51985 973.1149)
(-0.1188139 4.553685 322.6174)
(-0.09114583 3.865446 1008.324)
(-0.03977072 2.482136 1839.35)
(-0.1590531 4.693291 337.2695)
(-0.1562612 4.254949 1049.699)
(-0.151119 3.499388 1901.214)
(-0.07338017 2.29409 3093.525)
(-0.1634674 3.805684 348.6018)
(-0.177125 3.547453 1083.353)
(-0.1752989 3.042715 1955.854)
(-0.1687173 2.268452 3168.83)
(-0.0727997 1.147327 4247.597)
(-0.1531348 2.421379 356.0123)
(-0.169537 2.286536 1105.881)
(-0.1808091 2.017762 1994.223)
(-0.1742533 1.564797 3222.241)
(-0.1473291 0.8424923 4304.014)
(-0.5134614 1.197329 25832.86)
(-0.1387163 0.8287918 359.7619)
(-0.1532674 0.7883536 1117.437)
(-0.1648997 0.7045298 2014.29)
(-0.167679 0.5617915 3251.497)
(-0.1456439 0.3207274 4332.57)
(-1.041636 0.5656075 25964.55)
(-0.4673717 0.3522031 6712.871)
(0.1322676 -0.6810439 290.5997)
(0.09210859 1.237768 293.3895)
(0.0797062 0.05566702 934.357)
(-0.06936651 3.441911 305.6329)
(-0.001717909 2.670091 958.4678)
(0.01580157 1.190658 1761.897)
(-0.1306684 4.837211 322.1813)
(-0.1173664 4.314561 1004.331)
(-0.09170114 3.367652 1824.311)
(-0.04232471 1.770053 2986.001)
(-0.1481845 4.836728 337.4471)
(-0.155811 4.476965 1049.457)
(-0.1495549 3.783981 1897.378)
(-0.1409422 2.708208 3081.441)
(-0.06393304 1.080032 4149.578)
(-0.1457987 3.872571 348.9508)
(-0.1598664 3.645367 1084.324)
(-0.1679365 3.191402 1956.644)
(-0.1590855 2.427377 3165.416)
(-0.138899 1.226577 4237.723)
(-0.5075331 0.1189273 25485.66)
(-0.1358409 2.447721 356.3873)
(-0.149737 2.325453 1107.099)
(-0.1604342 2.071496 1996.203)
(-0.1621798 1.638818 3223.911)
(-0.140249 0.9086134 4299.965)
(-1.025723 1.127074 25789.24)
(-0.465498 0.5208865 6669.191)
(-0.1245238 0.8362683 360.1068)
(-0.1356671 0.7970485 1118.603)
(-0.1450278 0.7167697 2016.393)
(-0.1475881 0.5774098 3254.132)
(-0.1322523 0.3378604 4332.739)
(-0.9967566 0.6501469 25941.99)
(-0.9459823 0.3266149 6703.793)
(-0.4361443 0.1446764 6769.055)
(0.1643123 -0.7449223 284.6098)
(0.1646143 0.1706589 282.632)
(0.1250007 -0.7291715 905.3867)
(-0.01730895 1.82163 290.4187)
(0.08486378 1.100994 914.1067)
(0.0669547 -0.1496499 1692.725)
(-0.09793046 3.765174 304.7325)
(-0.06968834 3.223714 951.9214)
(-0.01036857 2.229363 1735.802)
(0.002396197 0.6145523 2864.122)
(-0.1275099 5.015259 322.1333)
(-0.1282868 4.587774 1002.941)
(-0.113847 3.773409 1817.026)
(-0.09255319 2.475587 2961.581)
(-0.04701453 0.516654 4016.502)
(-0.1345605 4.933919 337.6932)
(-0.1449748 4.615959 1049.959)
(-0.148088 3.987674 1896.716)
(-0.1372308 2.93977 3074.655)
(-0.122143 1.290562 4131.001)
(-0.4996515 -3.445097 24937.4)
(-0.1299888 3.91616 349.2912)
(-0.1425568 3.710586 1085.356)
(-0.1513191 3.282678 1958.144)
(-0.1509373 2.553117 3165.784)
(-0.1297404 1.324722 4231.029)
(-0.9943199 -0.003707215 25417.68)
(-0.4621106 -0.8468684 6577.741)
(-0.1221074 2.470142 356.7176)
(-0.1328456 2.351347 1108.216)
(-0.1416708 2.108247 1998.159)
(-0.1435999 1.685906 3226.218)
(-0.1281259 0.9597814 4299.444)
(-0.9693913 1.354825 25759.14)
(-0.9327644 0.4371435 6657.813)
(-0.4346271 -0.0732526 6724.878)
(-0.1102529 0.8417428 360.4237)
(-0.1217992 0.8043996 1119.631)
(-0.1284202 0.7251112 2018.284)
(-0.1297795 0.588364 3256.716)
(-0.1159357 0.3496447 4333.757)
(-0.8755588 0.7390733 25935.47)
(-0.9036951 0.3923869 6697.578)
(-0.8844498 0.1189225 6759.804)
(-0.4060951 -0.04385756 6770.978)
(0.1802091 -0.3048762 281.7206)
(0.21353 -0.2091169 275.7056)
(0.1558162 -0.7645162 886.8134)
(0.02639785 0.6428268 278.9594)
(0.1545448 0.09036223 880.8175)
(0.1077443 -0.8325154 1640.842)
(-0.06546715 2.142586 289.0464)
(-0.01956369 1.662138 904.9117)
(0.06782491 0.7926694 1656.795)
(0.04293236 -0.5059293 2754.504)
(-0.1040189 3.958734 304.4052)
(-0.09661773 3.534614 949.1042)
(-0.07031832 2.729207 1724.029)
(-0.02673378 1.44026 2822.963)
(-0.02322907 -0.3889001 3863.193)
(-0.118896 5.137148 322.2194)
(-0.1248827 4.759704 1002.751)
(-0.1225848 4.022359 1814.351)
(-0.1073792 2.801387 2949.509)
(-0.09441607 0.8773034 3983.35)
(-0.5005426 -9.310556 24191.34)
(-0.1210519 4.998398 337.9737)
(-0.1315757 4.710329 1050.676)
(-0.1373472 4.116191 1897.397)
(-0.1337902 3.109413 3072.824)
(-0.1149768 1.424797 4120.216)
(-0.9544657 -3.732869 24819.98)
(-0.4623944 -4.434202 6432.923)
(-0.117162 3.953157 349.5893)
(-0.1271084 3.753336 1086.368)
(-0.1348591 3.343911 1959.778)
(-0.135508 2.632048 3167.367)
(-0.1198575 1.40809 4228.986)
(-0.9185325 0.2810467 25372.51)
(-0.9084183 -1.050748 6560.221)
(-0.4337029 -1.730791 6632.366)
(-0.1079302 2.486606 357.0276)
(-0.1194252 2.373365 1109.2)
(-0.1257265 2.133034 1999.967)
(-0.1267422 1.718599 3228.581)
(-0.1128122 0.9946504 4300.079)
(-0.8503502 1.602017 25748.7)
(-0.8804149 0.6113362 6649.713)
(-0.8735344 -0.1748934 6713.285)
(-0.4050395 -0.6099314 6726.631)
(-0.0913152 0.8495053 360.6588)
(-0.1078611 0.8098185 1120.577)
(-0.1153188 0.7321531 2019.949)
(-0.1149939 0.5960342 3259.07)
(-0.1018826 0.3582448 4334.994)
(-0.7616312 0.8132872 25934.98)
(-0.7898533 0.4686837 6695.59)
(-0.8430822 0.168375 6753.45)
(-0.8249622 -0.07092312 6761.795)
(-0.3772976 -0.2125267 6772.26)
(0.1802084 0.3048877 281.7206)
(0.2377371 -0.1233311 272.3526)
(0.171129 -0.3096878 877.8488)
(0.05635665 0.08946749 271.5594)
(0.2016281 -0.2478666 859.3675)
(0.1355489 -0.8053127 1607.483)
(-0.0382101 0.9075903 277.1946)
(0.02251608 0.5449519 869.4624)
(0.1307803 -0.09095603 1597.332)
(0.07525173 -1.006612 2671.658)
(-0.0817676 2.328521 288.4409)
(-0.06528784 1.97067 900.6431)
(-0.02472841 1.300304 1640.375)
(0.03581264 0.2428729 2698.375)
(-0.002507968 -1.114578 3723.108)
(-0.1011665 4.087366 304.2921)
(-0.1021142 3.720989 948.0571)
(-0.09343429 3.011076 1718.854)
(-0.07155121 1.840236 2804.049)
(-0.0581724 0.03208072 3810.761)
(-0.5207381 -15.20145 23330.35)
(-0.1087192 5.218874 322.4002)
(-0.1163201 4.877519 1002.977)
(-0.1186242 4.179908 1813.823)
(-0.112031 3.005066 2944.621)
(-0.09592099 1.05481 3966.27)
(-0.9248969 -9.88683 23994.9)
(-0.4786585 -9.954638 6234.99)
(-0.1095854 5.04984 338.2163)
(-0.1183602 4.773233 1051.504)
(-0.1244849 4.203882 1898.48)
(-0.1232325 3.218445 3073.17)
(-0.1076656 1.531122 4115.607)
(-0.8542291 -3.523226 24751.64)
(-0.8829788 -4.92228 6402.721)
(-0.4417754 -5.416597 6485.819)
(-0.1031471 3.980597 349.8833)
(-0.1145717 3.789587 1087.253)
(-0.1202612 3.384615 1961.402)
(-0.1206098 2.685823 3169.243)
(-0.1065791 1.464257 4228.775)
(-0.8025862 0.6217848 25353.47)
(-0.837577 -0.84657 6548.318)
(-0.855356 -2.020166 6614.54)
(-0.4066809 -2.518382 6633.791)
(-0.08801253 2.510297 357.2464)
(-0.1055828 2.389641 1110.125)
(-0.1130457 2.154068 2001.555)
(-0.1125357 1.741284 3230.811)
(-0.09942067 1.019898 4301.055)
(-0.7404392 1.811407 25745.98)
(-0.7675873 0.820125 6646.749)
(-0.8230589 -0.04739153 6705.026)
(-0.8164358 -0.7318287 6715.095)
(-0.3768078 -1.086604 6727.759)
(-0.08939819 0.8174081 1121.274)
(-0.1021704 0.7374269 2021.488)
(-0.103305 0.6024915 3261.132)
(-0.09041266 0.3646923 4336.239)
(-0.6689626 0.8731359 25936.56)
(-0.686188 0.5346782 6695.165)
(-0.7326822 0.2346901 6751.374)
(-0.7843036 -0.03764375 6755.497)
(-0.7676868 -0.2420509 6763.136)
(-0.349782 -0.3604611 6772.775)
(0.1643105 0.7449297 284.6098)
(0.2377378 0.1233191 272.3526)
(0.1711283 0.3096988 877.8488)
(0.07138345 -0.02170723 267.9701)
(0.2249687 -0.1343998 848.9817)
(0.1493914 -0.3194203 1591.353)
(-0.01910084 0.2606766 269.5251)
(0.0513902 0.04019426 846.557)
(0.1734014 -0.3361788 1558.936)
(0.09732419 -0.8707161 2618.051)
(-0.06335569 1.061931 276.358)
(-0.03901119 0.7996593 863.9853)
(0.01350908 0.321588 1577.125)
(0.08615237 -0.4128048 2604.003)
(0.01400573 -1.288966 3615.501)
(-0.08477501 2.449001 288.1307)
(-0.08060146 2.149437 898.741)
(-0.06476646 1.579716 1632.656)
(-0.03438595 0.6506983 2672.416)
(-0.02479041 -0.7276988 3653.348)
(-0.5540949 -17.68917 22543.13)
(-0.09471331 4.172177 304.3464)
(-0.09910253 3.844847 947.6728)
(-0.09755525 3.180644 1716.827)
(-0.08756381 2.068 2795.369)
(-0.07440819 0.2460216 3785.678)
(-0.925062 -15.92055 23034.39)
(-0.5199661 -15.22753 6005.215)
(-0.09961568 5.281884 322.5571)
(-0.106326 4.956798 1003.501)
(-0.1101921 4.288149 1814.049)
(-0.1070395 3.135855 2943.139)
(-0.09282666 1.173807 3958.083)
(-0.7923221 -9.868155 23892.09)
(-0.877676 -10.85927 6184.109)
(-0.4727154 -10.7417 6285.425)
(-0.09574702 5.085939 338.4809)
(-0.1071471 4.823428 1052.219)
(-0.1119595 4.26302 1899.784)
(-0.1113564 3.293684 3074.213)
(-0.09740137 1.604035 4113.949)
(-0.7392607 -3.201821 24718.26)
(-0.7848072 -4.826228 6384.919)
(-0.8428639 -6.106943 6455.14)
(-0.4223551 -6.267155 6486.808)
(-0.08119989 4.021071 350.0656)
(-0.1008968 3.816643 1088.13)
(-0.1084096 3.419054 1962.818)
(-0.1075711 2.72265 3171.197)
(-0.09451567 1.504281 4229.175)
(-0.6997778 0.9226246 25345.87)
(-0.7258461 -0.5704544 6543.2)
(-0.7866408 -1.88745 6602.431)
(-0.8044754 -2.892848 6616)
(-0.3811036 -3.205739 6634.626)
(-0.08618502 2.412768 1110.772)
(-0.0999971 2.169862 2003.058)
(-0.1012171 1.76046 3232.756)
(-0.08837549 1.038742 4302.152)
(-0.6509687 1.980985 25746.03)
(-0.6671519 1.004757 6645.782)
(-0.712598 0.130464 6701.963)
(-0.7675073 -0.6504565 6706.883)
(-0.7616226 -1.231006 6716.273)
(-0.3499604 -1.500706 6728.14)
(-0.08483555 0.7446026 2022.6)
(-0.09162041 0.607486 3263.058)
(-0.08130133 0.3700905 4337.292)
(-0.5960188 0.9245521 25939.05)
(-0.6026136 0.588715 6695.295)
(-0.6354774 0.2946032 6750.89)
(-0.6773094 0.01874884 6753.485)
(-0.7275408 -0.2246868 6756.895)
(-0.712705 -0.3935798 6763.704)
(-0.3235753 -0.4867888 6772.563)
(0.1322649 0.6810477 290.5997)
(0.213532 0.2091057 275.7056)
(0.1558145 0.7645233 886.8133)
(0.07138196 0.02174348 267.9701)
(0.2249693 0.1343881 848.9817)
(0.1493908 0.3194301 1591.353)
(-0.009357398 0.037212 265.8003)
(0.06589378 -0.03621797 835.4469)
(0.1945721 -0.1599287 1540.324)
(0.1083314 -0.3341821 2592.024)
(-0.05032689 0.3624422 268.5276)
(-0.02058953 0.2050986 840.2497)
(0.03978001 -0.07388588 1536.184)
(0.1202984 -0.4926628 2542.755)
(0.02535041 -0.9667164 3544.922)
(-0.07140924 1.161808 275.8834)
(-0.06283399 0.9480098 861.3711)
(-0.04078895 0.5526385 1567.288)
(-0.003315657 -0.07937335 2572.318)
(0.002034785 -0.9719326 3532.473)
(-0.5814488 -15.60802 21936.35)
(-0.08184475 2.526941 288.059)
(-0.08322847 2.265141 897.7509)
(-0.07777597 1.74183 1629.131)
(-0.06383751 0.8759436 2659.885)
(-0.05290199 -0.505894 3620.212)
(-0.9467129 -18.21402 22160.26)
(-0.5712572 -17.18715 5793.753)
(-0.08823332 4.238054 304.3924)
(-0.09270004 3.926712 947.809)
(-0.09417836 3.293372 1715.984)
(-0.08911776 2.206349 2791.62)
(-0.0770628 0.3726622 3773.09)
(-0.7503998 -16.02068 22889.78)
(-0.9093943 -16.3161 5927.562)
(-0.5341084 -15.56283 6052.655)
(-0.08633163 5.324093 322.7782)
(-0.09739792 5.017934 1003.954)
(-0.1006298 4.361667 1814.823)
(-0.09883971 3.226302 2942.888)
(-0.08585707 1.254755 3954.297)
(-0.6735479 -9.680915 23839.09)
(-0.7383538 -10.9923 6157.355)
(-0.8598046 -11.97167 6233.784)
(-0.4672306 -11.37595 6285.964)
(-0.07068641 5.140174 338.6003)
(-0.09365964 4.858919 1053.006)
(-0.1013444 4.310223 1900.904)
(-0.1000935 3.345765 3075.684)
(-0.08729994 1.656221 4113.364)
(-0.6443816 -2.890105 24702.42)
(-0.6717024 -4.590067 6376.179)
(-0.7432427 -6.115393 6437.052)
(-0.8046624 -7.151094 6456.122)
(-0.4041587 -6.981414 6487.256)
(-0.07956603 3.856045 1088.665)
(-0.09553963 3.445154 1964.236)
(-0.09697988 2.753675 3172.883)
(-0.08431024 1.533978 4229.943)
(-0.6161142 1.168914 25342.53)
(-0.6308832 -0.3109 6541.034)
(-0.6754024 -1.665209 6597.191)
(-0.7374229 -2.830591 6603.919)
(-0.7559003 -3.664479 6616.862)
(-0.3569845 -3.788863 6634.749)
(-0.0818317 2.19165 2004.083)
(-0.08963939 1.775335 3234.63)
(-0.07954242 1.054543 4303.067)
(-0.5804583 2.128327 25747.61)
(-0.5862741 1.156964 6645.539)
(-0.6179694 0.296419 6700.931)
(-0.6593976 -0.50324 6703.877)
(-0.7139244 -1.194945 6708.107)
(-0.7091628 -1.669716 6716.697)
(-0.3245211 -1.849687 6727.81)
(-0.07638383 0.6138917 3264.371)
(-0.07230245 0.3745907 4338.358)
(-0.5373844 0.9674063 25940.93)
(-0.5372221 0.6360258 6695.678)
(-0.5579109 0.344508 6750.973)
(-0.5863063 0.07252433 6753.059)
(-0.6239008 -0.1781197 6754.943)
(-0.672895 -0.3917624 6757.52)
(-0.6600932 -0.5246144 6763.537)
(-0.2987002 -0.5906568 6771.924)
(0.08508626 -0.149265 299.9534)
(0.1646166 -0.1706698 282.632)
(0.1249982 0.7291751 905.3866)
(0.05635248 -0.0894456 271.5594)
(0.20163 0.2478557 859.3675)
(0.1355474 0.8053191 1607.483)
(-0.009361305 -0.03727889 265.8003)
(0.06589237 0.03625251 835.4469)
(0.1945727 0.159918 1540.324)
(0.1083309 0.33419 2592.024)
(-0.04357711 0.0726431 264.7212)
(-0.01119294 0.02058131 828.7225)
(0.0529992 -0.07034198 1516.309)
(0.1372926 -0.2052169 2512.97)
(0.03103202 -0.353069 3510.345)
(-0.06195431 0.4292733 267.9379)
(-0.05027322 0.3029358 837.1389)
(-0.02398303 0.07606492 1524.892)
(0.0180522 -0.2794551 2507.23)
(0.02033175 -0.7598233 3453.15)
(-0.598871 -10.37251 21536.58)
(-0.07149039 1.226287 275.7061)
(-0.0703183 1.043805 859.8743)
(-0.0615098 0.6871656 1562.514)
(-0.04412547 0.1075785 2556.588)
(-0.03514044 -0.7861728 3492.876)
(-0.9665359 -15.81754 21489.37)
(-0.6121975 -14.92809 5629.934)
(-0.07775566 2.587341 287.9919)
(-0.08021966 2.340052 897.4999)
(-0.07951731 1.846524 1627.228)
(-0.0725491 1.007243 2653.875)
(-0.06250428 -0.3815174 3603.234)
(-0.7271212 -18.2634 21976.12)
(-0.9593548 -18.03697 5692.061)
(-0.602363 -17.07801 5838.323)
(-0.07565349 4.282019 304.554)
(-0.08630203 3.990251 947.9216)
(-0.08789932 3.368399 1716.082)
(-0.08504929 2.298449 2789.753)
(-0.07375035 0.4528239 3766.684)
(-0.6212706 -15.96697 22813.64)
(-0.7142645 -16.59343 5889.612)
(-0.9205802 -17.00965 5973.837)
(-0.5473145 -15.75229 6052.864)
(-0.0573827 5.387481 322.8093)
(-0.0844652 5.059205 1004.608)
(-0.09211694 4.418368 1815.484)
(-0.0900639 3.289121 2943.56)
(-0.0780301 1.312139 3952.198)
(-0.5841481 -9.454184 23811.39)
(-0.6175819 -10.90264 6143.576)
(-0.7097244 -12.24766 6206.613)
(-0.842851 -12.91078 6234.275)
(-0.4621838 -11.85369 6286.023)
(-0.06937115 4.911555 1053.349)
(-0.08868566 4.344228 1902.168)
(-0.09057543 3.387345 3076.922)
(-0.07832337 1.695282 4113.559)
(-0.5677156 -2.629572 24693.34)
(-0.5821862 -4.334383 6371.966)
(-0.628369 -5.953151 6428.146)
(-0.7032338 -7.261158 6438.041)
(-0.7684434 -8.049576 6456.559)
(-0.3871645 -7.554674 6487.047)
(-0.07566456 3.482026 1965.067)
(-0.08560022 2.77797 3174.632)
(-0.07601627 1.558754 4230.547)
(-0.5501322 1.389046 25342.12)
(-0.5547834 -0.09317815 6539.969)
(-0.5848635 -1.438 6594.947)
(-0.6267092 -2.661326 6598.724)
(-0.6900602 -3.671364 6604.808)
(-0.7096673 -4.3306 6617.007)
(-0.3343306 -4.263854 6634.199)
(-0.07376425 1.79464 3235.811)
(-0.07066432 1.067788 4304.071)
(-0.5235305 2.250755 25748.66)
(-0.5230061 1.29211 6645.712)
(-0.5426994 0.4360366 6700.639)
(-0.5703338 -0.3560733 6702.9)
(-0.6081438 -1.077951 6705.155)
(-0.6623951 -1.677892 6708.575)
(-0.659117 -2.045233 6716.404)
(-0.3005079 -2.131077 6727.067)
(-0.06093294 0.3795981 4338.804)
(-0.4808975 1.007689 25943.42)
(-0.4845642 0.6754257 6695.926)
(-0.4976489 0.3891362 6751.323)
(-0.514516 0.1182028 6753.196)
(-0.538824 -0.1305149 6754.573)
(-0.5725539 -0.354887 6755.625)
(-0.6204644 -0.5378606 6757.41)
(-0.6099197 -0.6342656 6762.933)
(-0.2751284 -0.6710877 6849.791)
(0.02585901 -1.669025 312.4847)
(0.09210862 -1.23777 293.3896)
(0.07970291 -0.0556633 934.357)
(0.02639158 -0.6428425 278.9593)
(0.154547 -0.09037271 880.8176)
(0.1077419 0.8325187 1640.842)
(-0.01911216 -0.260733 269.5252)
(0.05138624 -0.04017329 846.5569)
(0.173403 0.3361689 1558.936)
(0.09732295 0.8707213 2618.051)
(-0.04357925 -0.07275715 264.7213)
(-0.01119664 -0.02064506 828.7226)
(0.05299795 0.07037274 1516.309)
(0.137293 0.2052081 2512.97)
(0.03103174 0.3530734 3510.345)
(-0.05704581 0.09632591 264.0727)
(-0.0437706 0.05464994 825.3595)
(-0.01540532 -0.0186093 1504.287)
(0.02882445 -0.1321562 2475.543)
(0.02948493 -0.2816089 3414.288)
(-0.6070561 -3.602245 21340.01)
(-0.06415171 0.4724052 267.6861)
(-0.06120327 0.3669945 835.2864)
(-0.0500305 0.1648867 1519.246)
(-0.03032368 -0.1575158 2489.307)
(-0.0228958 -0.6385539 3409.249)
(-0.9783896 -10.40221 21048.47)
(-0.638608 -9.837738 5521.682)
(-0.06938983 1.276278 275.5441)
(-0.07020968 1.105584 859.2982)
(-0.0676618 0.7736868 1559.721)
(-0.05905336 0.2166196 2548.695)
(-0.05068221 -0.6811906 3472.3)
(-0.7136523 -15.77525 21275.09)
(-1.000948 -15.39341 5509.971)
(-0.6558244 -14.60468 5672.182)
(-0.06588981 2.627506 288.0907)
(-0.07612351 2.397998 897.2656)
(-0.07632975 1.914549 1626.648)
(-0.07262904 1.091661 2650.403)
(-0.06311933 -0.3074517 3594.249)
(-0.58792 -18.24379 21878.23)
(-0.7084811 -18.26198 5643.061)
(-0.9962699 -18.22982 5735.011)
(-0.6312122 -16.85392 5838.387)
(-0.04270333 4.347246 304.4739)
(-0.07406944 4.032915 948.3941)
(-0.08169764 3.426489 1716.149)
(-0.07898728 2.360861 2789.408)
(-0.06832765 0.5065389 3762.708)
(-0.5331088 -15.85517 22771.89)
(-0.5780337 -16.64255 5869.705)
(-0.7008207 -17.45144 5935.281)
(-0.9308254 -17.53174 5973.983)
(-0.5595335 -15.79401 6052.653)
(-0.05649696 5.12045 1004.68)
(-0.08001223 4.457413 1816.517)
(-0.08231041 3.337531 2944.104)
(-0.07066243 1.355158 3951.46)
(-0.5133561 -9.260506 23793.71)
(-0.5307887 -10.74041 6136.369)
(-0.5834217 -12.24575 6192.6)
(-0.6822425 -13.32296 6207.087)
(-0.8268108 -13.67231 6234.286)
(-0.4575084 -12.17079 6285.492)
(-0.0662139 4.393095 1902.661)
(-0.07944875 3.418554 3078.442)
(-0.0707988 1.726477 4113.627)
(-0.5075358 -2.382553 24689.48)
(-0.5115157 -4.113259 6369.497)
(-0.541111 -5.743624 6423.833)
(-0.5866746 -7.170941 6429.16)
(-0.664878 -8.257969 6438.483)
(-0.7341881 -8.796968 6456.334)
(-0.3713428 -7.982515 6486.217)
(-0.06842612 2.810156 3175.52)
(-0.06737292 1.579818 4231.407)
(-0.4963879 1.570344 25341.28)
(-0.4954187 0.1070288 6539.672)
(-0.5135335 -1.241815 6593.826)
(-0.5403946 -2.466417 6596.526)
(-0.5799063 -3.553946 6599.653)
(-0.6446111 -4.404993 6604.978)
(-0.6658027 -4.886823 6616.472)
(-0.3131411 -4.627022 6633.258)
(-0.05901092 1.082578 4304.362)
(-0.4684274 2.367442 25750.74)
(-0.4718546 1.404236 6645.761)
(-0.4843256 0.5630722 6700.776)
(-0.5004471 -0.2292993 6702.658)
(-0.5243885 -0.9496079 6704.229)
(-0.5589267 -1.59058 6705.674)
(-0.6130001 -2.096301 6708.326)
(-0.6115364 -2.35488 6715.688)
(-0.2778868 -2.341999 6803.614)
(-0.4146255 1.042423 25942.73)
(-0.4340545 0.7130168 6696.347)
(-0.4490322 0.4262543 6751.541)
(-0.4591929 0.160032 6753.593)
(-0.4725598 -0.08914139 6754.761)
(-0.4931209 -0.313464 6755.308)
(-0.5233647 -0.5105011 6755.568)
(-0.5703414 -0.6619756 6756.863)
(-0.5621521 -0.7214959 6840.553)
(-0.2411434 -0.6838783 30774.44)
(-0.03753667 -3.068858 326.574)
(0.001972755 -2.865291 307.7432)
(0.02287163 -1.519845 973.1148)
(-0.01731655 -1.821647 290.4187)
(0.08486383 -1.100996 914.1068)
(0.06695172 0.1496533 1692.725)
(-0.03822741 -0.9076313 277.1947)
(0.0225101 -0.5449667 869.4623)
(0.1307822 0.09094654 1597.332)
(0.07524983 1.006615 2671.658)
(-0.05033391 -0.3625482 268.5278)
(-0.02060026 -0.2051526 840.2499)
(0.03977649 0.07390468 1536.183)
(0.1202997 0.4926547 2542.755)
(0.02534968 0.9667194 3544.922)
(-0.05704243 -0.09648201 264.0728)
(-0.04377265 -0.05475788 825.3597)
(-0.01540859 0.01855238 1504.287)
(0.02882347 0.1321805 2475.543)
(0.02948516 0.2816036 3414.288)
(-0.6070564 3.602248 21340.01)
(-0.0603505 0.1114827 263.7831)
(-0.05647822 0.07733805 823.3244)
(-0.04409239 0.01234477 1498.199)
(-0.02327349 -0.08995467 2456.522)
(-0.01669005 -0.2395833 3368.264)
(-0.9833798 -3.594097 20832.02)
(-0.6512048 -3.403714 5468.385)
(-0.06356657 0.5065483 267.456)
(-0.06313606 0.4082378 834.4794)
(-0.05932003 0.22275 1515.827)
(-0.04956311 -0.08527676 2480.1)
(-0.04242894 -0.5686846 3386.229)
(-0.7043005 -10.32618 20814.79)
(-1.027154 -10.03079 5389.748)
(-0.6903424 -9.541821 5562.349)
(-0.05819717 1.308498 275.5892)
(-0.06802599 1.153349 858.771)
(-0.06711437 0.8294914 1558.571)
(-0.0627087 0.2861989 2543.877)
(-0.05472727 -0.6192783 3461.198)
(-0.5670669 -15.72983 21160.33)
(-0.7089621 -15.49318 5452.207)
(-1.057109 -15.29573 5550.197)
(-0.6961239 -14.20417 5672.181)
(-0.02959087 2.685567 287.8996)
(-0.06459743 2.436676 897.5456)
(-0.07222083 1.966906 1626.108)
(-0.06909883 1.147133 2649.039)
(-0.06003688 -0.2606127 3588.428)
(-0.4992437 -18.19108 21823.43)
(-0.5564597 -18.33993 5617.135)
(-0.7098257 -18.61097 5685.182)
(-1.030319 -18.28506 5735.008)
(-0.6577493 -16.51461 5838.074)
(-0.04233456 4.095605 948.1251)
(-0.07028227 3.466164 1716.867)
(-0.07314018 2.408846 2789.054)
(-0.06261911 0.5455728 3760.793)
(-0.4653232 -15.76605 22743.92)
(-0.4894208 -16.595 5858.85)
(-0.5541156 -17.59371 5915.042)
(-0.6877644 -18.12738 5935.401)
(-0.9400726 -17.8802 5973.721)
(-0.5706758 -15.68545 6051.919)
(-0.05434847 4.513622 1816.538)
(-0.07173574 3.372433 2945.282)
(-0.06427947 1.388156 3950.705)
(-0.4587587 -9.053205 23784.4)
(-0.4641255 -10.59237 6131.759)
(-0.4964372 -12.13929 6185.257)
(-0.5506685 -13.40529 6193.082)
(-0.6559549 -14.21349 6207.085)
(-0.8115964 -14.25155 6233.713)
(-0.4531333 -12.32363 6284.406)
(-0.06034456 3.460416 3078.821)
(-0.06248585 1.752608 4114.219)
(-0.4579058 -2.18306 24685.42)
(-0.4570071 -3.89422 6368.38)
(-0.4738949 -5.554118 6421.293)
(-0.5015591 -7.006958 6424.88)
(-0.546728 -8.237577 6429.625)
(-0.6281974 -9.100021 6438.265)
(-0.7018655 -9.38815 6455.487)
(-0.3566556 -8.26093 6485.031)
(-0.05518101 1.603449 4231.35)
(-0.444086 1.748944 25342.43)
(-0.4470558 0.2715374 6539.275)
(-0.4585803 -1.055404 6593.488)
(-0.4736292 -2.292069 6595.448)
(-0.4976072 -3.391152 6597.498)
(-0.5350671 -4.338069 6599.862)
(-0.6011276 -5.026758 6604.468)
(-0.6243203 -5.328953 6615.538)
(-0.2933592 -4.873903 6707.047)
(-0.4034954 2.465656 25749.14)
(-0.4226624 1.512852 6646.095)
(-0.4370664 0.6682509 6700.793)
(-0.4467786 -0.1107131 6702.841)
(-0.4596439 -0.8358803 6704.036)
(-0.4802192 -1.481025 6704.797)
(-0.5118339 -2.037999 6705.472)
(-0.5658135 -2.44722 6707.651)
(-0.56637 -2.595496 6791.913)
(-0.2448069 -2.335339 30534.57)
(-0.3755712 0.7443793 6695.978)
(-0.4026506 0.462254 6751.939)
(-0.4144786 0.1947662 6753.855)
(-0.421968 -0.05021825 6755.204)
(-0.4321223 -0.2764592 6755.547)
(-0.4492874 -0.4752444 6755.302)
(-0.4764254 -0.643909 6755.069)
(-0.5225276 -0.7629442 6834.36)
(-0.493062 -0.738963 30734.58)
(-0.004351994 -0.001969345 3891.051)
(-0.08166066 -3.530926 339.1523)
(-0.09078529 -4.085883 323.8974)
(-0.0382738 -2.886582 1016.643)
(-0.0693764 -3.441893 305.6329)
(-0.001717611 -2.670083 958.4678)
(0.01579844 -1.190653 1761.897)
(-0.06548682 -2.142617 289.0465)
(-0.01957095 -1.662154 904.9117)
(0.06782496 -0.7926719 1656.795)
(0.04292993 0.5059321 2754.504)
(-0.06336781 -1.062018 276.3583)
(-0.03902765 -0.7996987 863.9856)
(0.01350375 -0.321601 1577.125)
(0.08615389 0.4127971 2604.003)
(0.01400462 1.288968 3615.501)
(-0.06194416 -0.4294243 267.9381)
(-0.05027989 -0.3030365 837.1394)
(-0.02399255 -0.07611334 1524.892)
(0.01804943 0.27947 2507.229)
(0.02033243 0.7598185 3453.15)
(-0.598872 10.37251 21536.58)
(-0.06034383 -0.1114617 263.7831)
(-0.05647501 -0.07748673 823.3246)
(-0.04409421 -0.01244017 1498.199)
(-0.02327605 0.08990937 2456.522)
(-0.01669058 0.2395963 3368.264)
(-0.98338 3.594087 20832.02)
(-0.6512049 3.403713 5468.385)
(-0.06057868 0.1237349 263.5175)
(-0.05947965 0.09181656 822.3997)
(-0.05500354 0.0328418 1494.458)
(-0.04465811 -0.06472147 2446.648)
(-0.0381994 -0.2151105 3344.024)
(-0.6989775 -3.558499 20588.93)
(-1.039189 -3.451499 5330.6)
(-0.7068698 -3.288301 5508.262)
(-0.05306711 0.5272254 267.4644)
(-0.06240879 0.4407716 833.7412)
(-0.06063697 0.2599253 1514.27)
(-0.05577347 -0.0386358 2474.337)
(-0.04888671 -0.5270118 3373.668)
(-0.5533738 -10.26961 20689)
(-0.7089105 -10.04556 5326.182)
(-1.095715 -9.873836 5428.11)
(-0.7380226 -9.203058 5562.312)
(-0.01971725 1.353089 275.3063)
(-0.05716137 1.184177 858.8856)
(-0.06473993 0.8723362 1557.516)
(-0.06133663 0.33129 2541.653)
(-0.0536658 -0.5808934 3453.85)
(-0.4781552 -15.68345 21095.41)
(-0.544939 -15.52726 5421.409)
(-0.7218605 -15.51619 5491.404)
(-1.108808 -15.10358 5550.132)
(-0.7330623 -13.72703 5671.829)
(-0.02972679 2.492215 896.9353)
(-0.06149374 2.002299 1626.491)
(-0.06495587 1.189265 2647.765)
(-0.05582206 -0.2282802 3585.345)
(-0.4326128 -18.16811 21785.86)
(-0.4642003 -18.3451 5602.741)
(-0.5420118 -18.77478 5658.811)
(-0.7105432 -18.81066 5685.154)
(-1.061436 -18.20252 5734.644)
(-0.6818906 -16.05907 5837.29)
(-0.04140752 3.522945 1716.291)
(-0.06323484 2.44306 2789.762)
(-0.05739269 0.5747579 3758.982)
(-0.4145436 -15.64352 22727.98)
(-0.4237679 -16.5496 5851.611)
(-0.4625572 -17.60301 5904)
(-0.5311804 -18.35743 5915.159)
(-0.6750993 -18.61892 5935.116)
(-0.9481953 -18.05235 5972.952)
(-0.5806553 -15.42467 6050.695)
(-0.05034871 3.419274 2944.944)
(-0.05651861 1.41545 3950.896)
(-0.4131355 -8.893844 23775.49)
(-0.4139035 -10.41788 6129.321)
(-0.4316266 -12.03018 6180.553)
(-0.4634891 -13.35296 6185.757)
(-0.5193911 -14.37626 6193.086)
(-0.6308389 -14.91424 6206.5)
(-0.7971116 -14.64443 6232.589)
(-0.4489828 -12.30918 6283)
(-0.04960473 1.781566 4113.565)
(-0.4098546 -1.972964 24684.87)
(-0.4121739 -3.717209 6367.211)
(-0.4230452 -5.356001 6420.129)
(-0.437634 -6.849039 6422.374)
(-0.4636389 -8.11831 6425.376)
(-0.5085745 -9.146959 6429.428)
(-0.5932054 -9.781818 6437.424)
(-0.6714314 -9.818462 6454.276)
(-0.3430033 -8.38472 6554.488)
(-0.382748 1.890344 25338.8)
(-0.4005363 0.4367977 6539.402)
(-0.4138123 -0.902693 6593.055)
(-0.422904 -2.119958 6595.151)
(-0.435188 -3.238839 6596.463)
(-0.4565755 -4.207061 6597.748)
(-0.4922601 -5.008734 6599.387)
(-0.5596534 -5.532122 6603.555)
(-0.5851288 -5.651875 6688.797)
(-0.2623792 -4.718763 30034.88)
(-0.3658255 1.600893 6645.504)
(-0.3919754 0.7719906 6701.104)
(-0.4032728 -0.01277499 6702.899)
(-0.410476 -0.7260509 6704.261)
(-0.4203664 -1.380496 6704.651)
(-0.4379098 -1.947107 6704.642)
(-0.4669476 -2.417104 6704.84)
(-0.5208188 -2.727179 6783.683)
(-0.4996954 -2.605396 30482.96)
(-0.005419519 0.004558901 3864.478)
(-0.3498009 0.4912075 6751.538)
(-0.372101 0.2290666 6754.293)
(-0.3810047 -0.01796196 6755.507)
(-0.3860433 -0.240541 6756.032)
(-0.3932836 -0.442653 6755.588)
(-0.4074106 -0.614772 6754.85)
(-0.4317535 -0.753897 6832.564)
(-0.4553374 -0.790673 30709.22)
(-0.009585638 -0.0129728 3887.512)
(0.003319078 0.08416023 2305.921)
(-0.1044239 -3.071363 348.6452)
(-0.1585819 -4.136983 337.9754)
(-0.0807507 -3.359909 1055.448)
(-0.1188267 -4.553655 322.6173)
(-0.09114452 -3.865438 1008.324)
(-0.0397737 -2.482133 1839.35)
(-0.09795493 -3.765208 304.7327)
(-0.06969781 -3.223697 951.9214)
(-0.01036829 -2.229356 1735.802)
(0.002393629 -0.614548 2864.122)
(-0.08178273 -2.32859 288.4413)
(-0.06530659 -1.9707 900.6435)
(-0.02473493 -1.300318 1640.375)
(0.0358127 -0.242875 2698.376)
(-0.002509391 1.11458 3723.108)
(-0.07139248 -1.161921 275.8837)
(-0.06284554 -0.9480934 861.3719)
(-0.04080358 -0.5526742 1567.288)
(-0.003319896 0.07936344 2572.318)
(0.002035592 0.9719281 3532.473)
(-0.5814504 15.60802 21936.35)
(-0.06413187 -0.4723818 267.6861)
(-0.06119363 -0.3671386 835.2869)
(-0.05003645 -0.1649762 1519.247)
(-0.03033115 0.157477 2489.308)
(-0.02289731 0.6385621 3409.249)
(-0.9783902 10.40221 21048.47)
(-0.6386084 9.837739 5521.682)
(-0.06057611 -0.1236291 263.5174)
(-0.05947333 -0.09179639 822.3997)
(-0.0550007 -0.03297436 1494.458)
(-0.04465956 0.06464682 2446.648)
(-0.03820075 0.2150854 3344.024)
(-0.6989774 3.558493 20588.93)
(-1.039189 3.451493 5330.6)
(-0.7068696 3.288296 5508.262)
(-0.05054249 0.1308286 263.5079)
(-0.05953392 0.1034741 821.5511)
(-0.05729843 0.0458846 1492.692)
(-0.05219317 -0.04816475 2440.398)
(-0.04587038 -0.2004046 3330.726)
(-0.5461648 -3.533049 20457.74)
(-0.7082014 -3.447084 5264.18)
(-1.113754 -3.38282 5368.029)
(-0.758123 -3.159293 5508.207)
(-0.01344815 0.5546413 267.1194)
(-0.05221717 0.4604626 833.742)
(-0.05958177 0.2890037 1512.842)
(-0.05593417 -0.00865182 2471.5)
(-0.04929391 -0.5009062 3365.258)
(-0.4649349 -10.22698 20617.38)
(-0.5375628 -10.0406 5292.097)
(-0.7293516 -9.963168 5363.37)
(-1.158738 -9.663333 5428.011)
(-0.7816396 -8.821988 5561.938)
(-0.02025923 1.226682 857.9924)
(-0.05464836 0.9002315 1557.61)
(-0.0585978 0.3653045 2539.599)
(-0.0507174 -0.555344 3449.796)
(-0.4124579 -15.67401 21050.32)
(-0.4498546 -15.5276 5404.144)
(-0.5378842 -15.61741 5460.051)
(-0.7332125 -15.4352 5491.316)
(-1.156011 -14.81776 5549.734)
(-0.7665856 -13.1731 5671.039)
(-0.02999577 2.05205 1625.316)
(-0.05570482 1.218802 2647.973)
(-0.05157794 -0.2050426 3582.466)
(-0.3840419 -18.11449 21763.65)
(-0.3978257 -18.35978 5592.95)
(-0.4440371 -18.83041 5644.168)
(-0.5279804 -19.05423 5658.777)
(-0.7106265 -18.861 5684.772)
(-1.089506 -17.9815 5733.833)
(-0.7035651 -15.48679 5836.065)
(-0.03968418 2.488898 2788.52)
(-0.05026817 0.5989322 3758.632)
(-0.3714578 -15.56425 22713.04)
(-0.3759996 -16.45795 5847.523)
(-0.3970161 -17.59635 5896.634)
(-0.4368464 -18.42087 5904.126)
(-0.5092586 -18.93125 5914.873)
(-0.662771 -18.92337 5934.331)
(-0.9550708 -18.04627 5971.708)
(-0.5893913 -15.01034 6049.184)
(-0.04306272 1.444896 3949.396)
(-0.3706471 -8.700313 23772.42)
(-0.3721472 -10.28404 6126.975)
(-0.3839889 -11.88215 6178.056)
(-0.4004339 -13.28201 6181.075)
(-0.4320196 -14.37618 6185.778)
(-0.4895992 -15.15339 6192.507)
(-0.6068641 -15.42083 6205.368)
(-0.7832528 -14.84758 6231.143)
(-0.4449125 -12.12285 6346.66)
(-0.3563517 -1.827671 24677.78)
(-0.3697223 -3.524526 6366.957)
(-0.3813551 -5.195888 6418.917)
(-0.3902742 -6.672214 6421.243)
(-0.4028338 -7.991779 6422.902)
(-0.4274042 -9.071368 6425.207)
(-0.472252 -9.893291 6428.606)
(-0.5599056 -10.29834 6436.216)
(-0.6427308 -10.08184 6522.769)
(-0.3154527 -7.897682 29250.95)
(-0.3479028 0.5612455 6538.318)
(-0.3713456 -0.7458692 6593.157)
(-0.3815923 -1.979482 6594.755)
(-0.3884935 -3.081465 6596.204)
(-0.3982784 -4.076882 6596.752)
(-0.41737 -4.909027 6597.312)
(-0.4515468 -5.56115 6598.506)
(-0.5201427 -5.915578 6676.488)
(-0.5234481 -5.528615 29950.84)
(-0.00876149 0.04823478 3809.226)
(-0.3411074 0.8525977 6700.48)
(-0.3621548 0.08577315 6703.248)
(-0.3705725 -0.6356199 6704.359)
(-0.3754842 -1.279702 6704.917)
(-0.3826903 -1.859868 6704.54)
(-0.3975407 -2.344655 6704.053)
(-0.424277 -2.724268 6780.84)
(-0.4564371 -2.766022 30447.05)
(-0.01197467 -0.04085258 3859.451)
(0.002090797 0.2846915 2289.557)
(-0.3247327 0.2555565 6753.925)
(-0.3424948 0.01453645 6755.983)
(-0.3486713 -0.2108492 6756.375)
(-0.3514884 -0.4098272 6756.114)
(-0.3561221 -0.5866158 6755.18)
(-0.3675155 -0.7308015 6832.389)
(-0.3717174 -0.7902875 30706.53)
(-0.006902124 -0.02665128 3885.674)
(0.005830196 0.0720403 2305.183)
(0.005208478 0.1625569 1199.904)
(-0.1114005 -2.03407 354.794)
(-0.1972394 -3.318895 348.3057)
(-0.1025854 -2.939496 1084.698)
(-0.1590971 -4.463482 337.3313)
(-0.1564505 -3.94121 1051.733)
(-0.07830504 -2.976395 1908.174)
(-0.1307024 -4.837245 322.1815)
(-0.1173786 -4.314532 1004.331)
(-0.09169997 -3.367646 1824.311)
(-0.04232721 -1.770051 2986.001)
(-0.1040386 -3.958833 304.4056)
(-0.09664112 -3.534646 949.1047)
(-0.07032685 -2.729192 1724.029)
(-0.02673354 -1.440254 2822.963)
(-0.0232306 0.3889044 3863.193)
(-0.08475379 -2.449092 288.1311)
(-0.08061593 -2.149504 898.742)
(-0.06478323 -1.579744 1632.657)
(-0.03439118 -0.6507089 2672.416)
(-0.02479034 0.7276974 3653.348)
(-0.554097 17.68917 22543.13)
(-0.07145935 -1.226274 275.7061)
(-0.07030236 -1.043914 859.8752)
(-0.06152012 -0.6872406 1562.516)
(-0.04413703 -0.1076074 2556.589)
(-0.03514278 0.7861681 3492.876)
(-0.9665363 15.81753 21489.36)
(-0.6121981 14.92809 5629.934)
(-0.06355881 -0.506466 267.4559)
(-0.06311722 -0.4082153 834.4793)
(-0.05931148 -0.2228789 1515.828)
(-0.04956783 0.08520624 2480.102)
(-0.04243289 0.5686629 3386.229)
(-0.7043003 10.32618 20814.79)
(-1.027155 10.03079 5389.748)
(-0.6903422 9.541819 5562.349)
(-0.05054645 -0.1307065 263.5079)
(-0.05953148 -0.1033741 821.5509)
(-0.05729283 -0.04586642 1492.692)
(-0.05219095 0.0480596 2440.399)
(-0.04587117 0.2003656 3330.727)
(-0.5461637 3.53304 20457.74)
(-0.7082008 3.447067 5264.18)
(-1.113754 3.382818 5368.029)
(-0.7581227 3.159286 5508.207)
(-0.01036082 0.1399568 263.1324)
(-0.04978905 0.110212 821.4955)
(-0.05695128 0.0562891 1491.068)
(-0.05316218 -0.03763926 2437.246)
(-0.04704806 -0.1910258 3321.776)
(-0.4582152 -3.515256 20382.82)
(-0.53352 -3.439496 5228.46)
(-0.7323357 -3.403583 5300.361)
(-1.182252 -3.296971 5367.913)
(-0.8049696 -3.016909 5507.821)
(-0.01425646 0.4865347 832.6564)
(-0.05012049 0.3067126 1512.735)
(-0.05426125 0.01433833 2468.88)
(-0.04726261 -0.4839223 3360.52)
(-0.4003699 -10.21443 20567.28)
(-0.4412095 -10.0286 5272.869)
(-0.5354262 -10.00037 5328.651)
(-0.7476082 -9.821285 5363.252)
(-1.216222 -9.400102 5427.597)
(-0.821169 -8.398727 5561.146)
(-0.02149194 0.9380464 1555.937)
(-0.04993552 0.3881219 2539.375)
(-0.04726623 -0.5374448 3446.019)
(-0.3655168 -15.64947 21023.19)
(-0.38288 -15.54804 5392.264)
(-0.434858 -15.65711 5442.479)
(-0.5307063 -15.59834 5459.959)
(-0.7430247 -15.25126 5490.906)
(-1.198645 -14.43862 5548.927)
(-0.7966582 -12.54259 5669.839)
(-0.03050617 1.257943 2645.823)
(-0.04504624 -0.1861718 3581.548)
(-0.3419765 -18.09987 21742.91)
(-0.3510627 -18.33184 5587.245)
(-0.3761599 -18.87847 5634.209)
(-0.4246824 -19.15711 5644.139)
(-0.5143775 -19.17826 5658.392)
(-0.7100243 -18.76155 5683.952)
(-1.114429 -17.62193 5732.6)
(-0.7227157 -14.7978 5834.573)
(-0.03663084 0.624446 3756.073)
(-0.3349643 -15.43143 22706.69)
(-0.3358078 -16.40252 5843.682)
(-0.3506841 -17.53097 5892.469)
(-0.3714215 -18.45145 5896.771)
(-0.4123292 -19.04597 5903.847)
(-0.4883304 -19.31235 5914.088)
(-0.6507233 -19.03882 5933.078)
(-0.9605816 -17.86085 5970.181)
(-0.5967275 -14.43951 6106.378)
(-0.3318512 -8.602667 23760.49)
(-0.3348907 -10.10994 6126.15)
(-0.3446044 -11.76906 6175.656)
(-0.3552503 -13.16034 6178.6)
(-0.3706211 -14.34244 6181.115)
(-0.4020533 -15.20347 6185.215)
(-0.4612946 -15.73207 6191.381)
(-0.5839924 -15.72971 6203.912)
(-0.7698006 -14.85587 6293.15)
(-0.4215395 -11.15635 28193.99)
(-0.3257813 -3.401126 6365.023)
(-0.3428964 -5.014854 6418.635)
(-0.3515912 -6.529409 6420.061)
(-0.3587846 -7.836494 6421.801)
(-0.3695476 -8.97586 6422.764)
(-0.3929027 -9.860109 6424.412)
(-0.4377894 -10.47125 6427.414)
(-0.5282144 -10.64309 6504.18)
(-0.5884585 -9.638621 29098.32)
(-0.01650758 0.1605555 3722.675)
(-0.3253724 -0.6343646 6592.035)
(-0.343041 -1.831579 6594.892)
(-0.3504885 -2.953606 6595.843)
(-0.3554094 -3.934621 6596.53)
(-0.3629662 -4.800961 6596.353)
(-0.3800555 -5.492081 6596.466)
(-0.4129173 -5.989534 6671.337)
(-0.4611384 -5.834449 29893.98)
(-0.01782558 -0.06623608 3800.24)
(-0.001471751 0.5824325 2255.732)
(-0.3170833 0.1588054 6702.655)
(-0.3332872 -0.5425597 6704.744)
(-0.3390245 -1.197019 6705.053)
(-0.3418696 -1.768349 6704.844)
(-0.3466888 -2.270722 6703.992)
(-0.3591306 -2.669937 6780.082)
(-0.3665866 -2.787916 30439)
(-0.008866588 -0.0808565 3856.32)
(0.003022241 0.2368528 2287.724)
(0.004089112 0.5299644 1190.496)
(-0.3004401 0.03851653 6755.647)
(-0.3138853 -0.1802512 6756.887)
(-0.3175404 -0.3827763 6756.494)
(-0.3183718 -0.5569547 6755.744)
(-0.3206623 -0.7070789 6832.774)
(-0.3147066 -0.7739014 30711.18)
(-0.002005718 -0.03329664 3886.294)
(0.007898685 0.05638504 2305.58)
(0.009650568 0.1516463 1199.964)
(0.005469972 0.2190945 584.766)
(-0.1123129 -0.7063362 357.7823)
(-0.2156691 -2.082238 354.7927)
(-0.1091984 -1.953063 1103.623)
(-0.1879127 -3.538631 348.0624)
(-0.1936362 -3.175011 1083.564)
(-0.09801998 -2.641165 1959.899)
(-0.1590924 -4.693318 337.2697)
(-0.1562755 -4.254958 1049.699)
(-0.1511163 -3.499392 1901.214)
(-0.07338261 -2.29409 3093.524)
(-0.127538 -5.015354 322.1338)
(-0.1283193 -4.587807 1002.941)
(-0.113858 -3.773383 1817.025)
(-0.0925523 -2.475582 2961.58)
(-0.04701627 -0.516655 4016.502)
(-0.1011414 -4.087507 304.2926)
(-0.102133 -3.721085 948.0584)
(-0.09345531 -3.011106 1718.855)
(-0.0715581 -1.840224 2804.049)
(-0.05817225 -0.03207824 3810.761)
(-0.5207409 15.20146 23330.35)
(-0.08180903 -2.526946 288.0589)
(-0.08320823 -2.265229 897.7521)
(-0.07778895 -1.74189 1629.133)
(-0.06385089 -0.8759669 2659.886)
(-0.05290497 0.5058888 3620.212)
(-0.9467119 18.21402 22160.26)
(-0.5712581 17.18715 5793.753)
(-0.06937765 -1.276253 275.5439)
(-0.07018014 -1.105571 859.2981)
(-0.06764762 -0.7737845 1559.723)
(-0.05906157 -0.2166797 2548.697)
(-0.05068841 0.6811737 3472.3)
(-0.713653 15.77527 21275.09)
(-1.000949 15.39341 5509.971)
(-0.6558242 14.60468 5672.182)
(-0.05307857 -0.5271107 267.4643)
(-0.0624014 -0.4406936 833.7407)
(-0.06062025 -0.2599051 1514.27)
(-0.05576675 0.03853327 2474.339)
(-0.04888928 0.5269744 3373.669)
(-0.553371 10.26959 20689)
(-0.7089091 10.04555 5326.182)
(-1.095717 9.873836 5428.11)
(-0.738022 9.203054 5562.312)
(-0.01036321 -0.1400039 263.1324)
(-0.04979281 -0.1100954 821.4954)
(-0.0569491 -0.05620115 1491.068)
(-0.05315778 0.03765392 2437.246)
(-0.04704688 0.1909684 3321.777)
(-0.4582152 3.515294 20382.83)
(-0.5335177 3.439507 5228.461)
(-0.7323348 3.403556 5300.361)
(-1.182253 3.296972 5367.913)
(-0.8049691 3.016899 5507.821)
(-0.0113019 0.1188817 820.3148)
(-0.04790273 0.06233347 1490.861)
(-0.05206168 -0.02941822 2434.33)
(-0.04551066 -0.1850308 3316.69)
(-0.3944265 -3.508659 20330.23)
(-0.4368027 -3.43237 5208.246)
(-0.5338209 -3.410335 5263.967)
(-0.7539667 -3.34091 5300.227)
(-1.244703 -3.194271 5367.489)
(-0.8474017 -2.861217 5507.027)
(-0.01612427 0.3298287 1510.722)
(-0.04615531 0.0287078 2468.355)
(-0.04441179 -0.4719111 3356.102)
(-0.3549156 -10.19965 20536.83)
(-0.3743055 -10.03578 5259.55)
(-0.429672 -10.0134 5309.073)
(-0.532774 -9.89727 5328.53)
(-0.7637056 -9.620928 5362.828)
(-1.268139 -9.084649 5426.794)
(-0.8566069 -7.933581 5559.962)
(-0.02380252 0.4174484 2536.468)
(-0.04123814 -0.5237349 3444.619)
(-0.323862 -15.65896 20997.81)
(-0.3367745 -15.54334 5385.231)
(-0.3650997 -15.70327 5430.393)
(-0.4203286 -15.6745 5442.391)
(-0.523418 -15.47121 5459.548)
(-0.7512705 -14.96506 5490.098)
(-1.236664 -13.96694 5547.733)
(-0.8232629 -11.83602 5668.384)
(-0.03160607 -0.1666145 3577.935)
(-0.310658 -18.03031 21733.3)
(-0.3110666 -18.33666 5581.91)
(-0.3298322 -18.87282 5628.407)
(-0.3554295 -19.23661 5634.188)
(-0.4061561 -19.32515 5643.759)
(-0.5011753 -19.1465 5657.574)
(-0.7086902 -18.51254 5682.721)
(-1.136123 -17.12441 5731.107)
(-0.7392067 -13.99066 5886.163)
(-0.3183379 -15.40965 22688.91)
(-0.3040867 -16.28798 5842.095)
(-0.3120431 -17.49629 5888.558)
(-0.3264552 -18.4117 5892.621)
(-0.3470273 -19.11211 5896.504)
(-0.3890024 -19.47536 5903.071)
(-0.4683712 -19.49881 5912.837)
(-0.6388989 -18.96429 5931.542)
(-0.9644932 -17.49313 6024.884)
(-0.5773073 -13.05167 26988.27)
(-0.3065436 -10.03599 6123.014)
(-0.3111438 -11.60905 6174.8)
(-0.3181273 -13.06809 6176.221)
(-0.3277559 -14.24687 6178.661)
(-0.3422173 -15.20577 6180.571)
(-0.3736071 -15.82999 6184.103)
(-0.4344708 -16.10853 6189.929)
(-0.5621027 -15.83545 6265.083)
(-0.7243129 -13.93847 27929.74)
(-0.02966701 0.3463845 3605.92)
(-0.3066578 -4.909084 6416.654)
(-0.3169722 -6.360609 6419.808)
(-0.3229636 -7.711306 6420.647)
(-0.3286249 -8.842243 6421.691)
(-0.3378237 -9.795077 6421.997)
(-0.360174 -10.47898 6423.244)
(-0.4051483 -10.87401 6495.154)
(-0.4765438 -10.24726 29009.55)
(-0.02919417 -0.05690239 3705.59)
(-0.009151026 1.022349 2203.198)
(-0.3035109 -1.733158 6593.797)
(-0.3157037 -2.815066 6596.012)
(-0.3205547 -3.819704 6596.201)
(-0.32371 -4.674107 6596.165)
(-0.3293128 -5.405972 6595.542)
(-0.3446377 -5.950259 6669.29)
(-0.3597747 -5.945262 29874.04)
(-0.01279885 -0.1316014 3794.55)
(-0.003496486 0.4682332 2251.07)
(0.0009979964 1.020301 1171.123)
(-0.2938233 -0.4772145 6704.18)
(-0.3054242 -1.109727 6705.471)
(-0.3086877 -1.693619 6705.015)
(-0.3096964 -2.188669 6704.332)
(-0.3123821 -2.609251 6780.068)
(-0.3082304 -2.752876 30440.7)
(-0.002975182 -0.102288 3856.25)
(0.005421729 0.1915537 2287.18)
(0.007090293 0.4882258 1189.887)
(0.004505691 0.7047121 579.7834)
(-0.2769651 -0.1588195 6756.58)
(-0.2863265 -0.3541706 6757.039)
(-0.2876729 -0.5326074 6756.159)
(-0.2867144 -0.6806406 6833.394)
(-0.2739514 -0.7554804 30717.95)
(-0.0001840445 -0.03667756 3887.665)
(0.01125471 0.04777946 2307.461)
(0.01121472 0.1375753 1200.674)
(0.01017022 0.2097495 584.9311)
(0.005398575 0.2481328 175.3402)
(-0.2226737 -0.7052836 357.8814)
(-0.1100117 -0.6792731 1112.812)
(-0.2077407 -2.226732 354.8132)
(-0.2113068 -1.99721 1103.542)
(-0.1038877 -1.76843 1993.283)
(-0.1810315 -3.704981 348.2714)
(-0.1841595 -3.386404 1082.765)
(-0.1849513 -2.850157 1957.505)
(-0.08925511 -2.106112 3173.832)
(-0.1482196 -4.836765 337.4477)
(-0.1558487 -4.476991 1049.458)
(-0.1495679 -3.783989 1897.377)
(-0.1409401 -2.708211 3081.441)
(-0.06393431 -1.080034 4149.577)
(-0.1188622 -5.137315 322.2201)
(-0.1249096 -4.759796 1002.752)
(-0.1226142 -4.02239 1814.352)
(-0.1073882 -2.801367 2949.509)
(-0.09441578 -0.8773007 3983.35)
(-0.5005463 9.310557 24191.34)
(-0.09467047 -4.172176 304.3464)
(-0.09907861 -3.844983 947.6743)
(-0.09757218 -3.180731 1716.829)
(-0.08758073 -2.068025 2795.37)
(-0.0744122 -0.2460155 3785.678)
(-0.9250613 15.92054 23034.39)
(-0.5199676 15.22753 6005.215)
(-0.0777405 -2.587349 287.9917)
(-0.08018558 -2.340056 897.4999)
(-0.07949922 -1.846604 1627.23)
(-0.07255949 -1.007293 2653.878)
(-0.06251168 0.381503 3603.235)
(-0.727124 18.26341 21976.12)
(-0.9593538 18.03696 5692.061)
(-0.6023629 17.07801 5838.323)
(-0.05821375 -1.30842 275.5889)
(-0.06801436 -1.153325 858.7702)
(-0.06708806 -0.8294805 1558.571)
(-0.06269751 -0.2862775 2543.88)
(-0.05473176 0.6192451 3461.2)
(-0.5670646 15.72981 21160.33)
(-0.7089608 15.4932 5452.207)
(-1.057111 15.29573 5550.197)
(-0.6961229 14.20417 5672.181)
(-0.01345566 -0.5546802 267.1195)
(-0.05222805 -0.4603529 833.7416)
(-0.05957518 -0.2889347 1512.841)
(-0.05592102 0.008667933 2471.499)
(-0.04929034 0.50085 3365.26)
(-0.4649348 10.22701 20617.39)
(-0.5375567 10.0406 5292.097)
(-0.7293491 9.963154 5363.37)
(-1.158741 9.663336 5428.011)
(-0.7816385 8.821983 5561.938)
(-0.01130418 -0.1189268 820.3149)
(-0.04790605 -0.06222937 1490.861)
(-0.05205995 0.02948634 2434.329)
(-0.04550835 0.1850394 3316.69)
(-0.3944273 3.508657 20330.23)
(-0.436802 3.43244 5208.247)
(-0.5338176 3.410365 5263.967)
(-0.7539654 3.340874 5300.227)
(-1.244704 3.194276 5367.489)
(-0.8474011 2.861204 5507.027)
(-0.01348773 0.07000993 1488.679)
(-0.04431071 -0.02452268 2433.653)
(-0.04298356 -0.1807211 3311.938)
(-0.3499752 -3.502999 20298.14)
(-0.3701333 -3.43274 5194.196)
(-0.4269991 -3.411793 5243.379)
(-0.5334052 -3.360851 5263.83)
(-0.7731313 -3.259455 5299.794)
(-1.301103 -3.07493 5366.686)
(-0.8854328 -2.692346 5505.848)
(-0.01962448 0.04653729 2464.929)
(-0.03880851 -0.4634443 3354.369)
(-0.313513 -10.20923 20508.29)
(-0.3290195 -10.03385 5251.59)
(-0.3591215 -10.03704 5295.517)
(-0.4183431 -9.933401 5308.956)
(-0.5296264 -9.732433 5328.107)
(-0.7776429 -9.362857 5362.03)
(-1.31449 -8.71771 5425.625)
(-0.88797 -7.427043 5558.527)
(-0.02823545 -0.5099318 3440.133)
(-0.296519 -15.62553 20985.61)
(-0.296546 -15.56767 5378.655)
(-0.3186408 -15.71561 5423.242)
(-0.348024 -15.74457 5430.313)
(-0.4062804 -15.58099 5441.986)
(-0.5160004 -15.23688 5458.745)
(-0.7579328 -14.57774 5488.915)
(-1.270044 -13.40391 5546.291)
(-0.8463015 -11.05286 5715.856)
(-0.3184913 -18.06273 21709.99)
(-0.2840724 -18.28181 5579.537)
(-0.2906967 -18.89512 5622.983)
(-0.3095348 -19.25225 5628.396)
(-0.3356563 -19.43409 5633.817)
(-0.3884419 -19.33414 5642.948)
(-0.4883457 -18.95932 5656.348)
(-0.706584 -18.11493 5681.23)
(-1.15439 -16.48797 5779.48)
(-0.722818 -12.48028 25898.34)
(-0.2985165 -16.28793 5837.468)
(-0.2838518 -17.39618 5886.937)
(-0.2892957 -18.39737 5888.723)
(-0.3033545 -19.09722 5892.366)
(-0.3238376 -19.57527 5895.739)
(-0.3668565 -19.70699 5901.828)
(-0.4493516 -19.48958 5911.301)
(-0.6271644 -18.69687 5985.046)
(-0.9274674 -16.1618 26581.86)
(-0.04692163 0.5047055 3472.269)
(-0.2917283 -11.55549 6171.604)
(-0.2882966 -12.92263 6175.387)
(-0.2927789 -14.17541 6176.301)
(-0.3015346 -15.13588 6178.136)
(-0.315245 -15.86698 6179.477)
(-0.3466895 -16.25176 6182.664)
(-0.4090594 -16.27709 6250.704)
(-0.5186566 -14.96326 27792.77)
(-0.0478255 0.02610064 3575.837)
(-0.02139003 1.550212 2133.048)
(-0.2881384 -6.272507 6417.848)
(-0.2920201 -7.555249 6420.421)
(-0.2955163 -8.734879 6420.563)
(-0.2998396 -9.683121 6420.951)
(-0.3077038 -10.44368 6420.854)
(-0.3292029 -10.92092 6490.912)
(-0.3583119 -10.51951 28969.57)
(-0.01883343 -0.1566728 3696.023)
(-0.01526988 0.8153804 2192.908)
(-0.005345375 1.676176 1141.209)
(-0.2823797 -2.729811 6594.942)
(-0.2893802 -3.690928 6596.401)
(-0.2918437 -4.572385 6595.867)
(-0.2934505 -5.294726 6595.385)
(-0.2973291 -5.885811 6668.392)
(-0.2974609 -5.934987 29869.18)
(-0.005127033 -0.1714874 3792.985)
(0.0005939042 0.3963285 2248.665)
(0.001327084 0.9243585 1168.802)
(0.001938908 1.325453 569.5445)
(-0.2713658 -1.052153 6704.936)
(-0.2786169 -1.612352 6705.465)
(-0.2796199 -2.122054 6704.535)
(-0.2789824 -2.536808 6780.461)
(-0.2672608 -2.707454 30445.49)
(-0.0007140966 -0.1132977 3857.22)
(0.009813267 0.1648068 2288.536)
(0.008913503 0.447707 1190.021)
(0.00795434 0.6697616 579.5818)
(0.004531999 0.7940638 173.7754)
(-0.2543498 -0.3353155 6756.761)
(-0.2598716 -0.5060767 6756.735)
(-0.2590872 -0.6590467 6833.856)
(-0.2449381 -0.73339 30725.11)
(0.0004680191 -0.03878511 3889.212)
(0.01159384 0.04277997 2309.676)
(0.01376385 0.129528 1202.218)
(0.01135445 0.1976353 585.4408)
(0.01001312 0.2397581 175.4107)
(-0.2179071 -0.7562935 358.031)
(-0.2179816 -0.6774358 1113.051)
(-0.1045426 -0.6172876 2009.465)
(-0.1951695 -2.322766 355.1828)
(-0.2033558 -2.136072 1103.556)
(-0.2009887 -1.804964 1992.791)
(-0.0939087 -1.435117 3225.402)
(-0.1634992 -3.805709 348.6024)
(-0.1771622 -3.547469 1083.354)
(-0.1753126 -3.04275 1955.854)
(-0.1687172 -2.268453 3168.83)
(-0.07280154 -1.147324 4247.597)
(-0.1345173 -4.933968 337.6941)
(-0.1450085 -4.615995 1049.961)
(-0.1481221 -3.987698 1896.717)
(-0.1372414 -2.939777 3074.654)
(-0.1221416 -1.290563 4131.001)
(-0.4996553 3.445097 24937.4)
(-0.1086598 -5.218811 322.4002)
(-0.1162877 -4.87768 1002.979)
(-0.1186485 -4.179993 1813.826)
(-0.1120548 -3.005092 2944.622)
(-0.0959263 -1.054799 3966.27)
(-0.9248968 9.886825 23994.9)
(-0.4786608 9.954639 6234.99)
(-0.08821466 -4.238005 304.3921)
(-0.09265907 -3.926711 947.809)
(-0.09415687 -3.293496 1715.987)
(-0.0891314 -2.206422 2791.623)
(-0.07707245 -0.3726786 3773.092)
(-0.7504054 16.02068 22889.78)
(-0.9093938 16.31609 5927.562)
(-0.5341087 15.56283 6052.654)
(-0.0659057 -2.62746 288.0904)
(-0.07610901 -2.398005 897.2649)
(-0.07629925 -1.914553 1626.648)
(-0.07261466 -1.091728 2650.406)
(-0.06312515 0.3074214 3594.252)
(-0.5879225 18.24375 21878.23)
(-0.7084814 18.262 5643.061)
(-0.996269 18.22982 5735.011)
(-0.6312111 16.85392 5838.387)
(-0.01972965 -1.353099 275.3063)
(-0.05717714 -1.184102 858.8849)
(-0.06472953 -0.8723142 1557.514)
(-0.06131584 -0.3312813 2541.653)
(-0.0536598 0.5808488 3453.852)
(-0.4781555 15.68344 21095.42)
(-0.5449314 15.52725 5421.41)
(-0.7218575 15.51622 5491.403)
(-1.108811 15.10358 5550.132)
(-0.7330607 13.72702 5671.829)
(-0.0142636 -0.4865721 832.6566)
(-0.05013012 -0.3066144 1512.735)
(-0.05425602 -0.01428453 2468.879)
(-0.04725565 0.4839313 3360.52)
(-0.4003719 10.21443 20567.29)
(-0.4412072 10.02866 5272.871)
(-0.535417 10.00039 5328.652)
(-0.7476047 9.821266 5363.252)
(-1.216225 9.400107 5427.597)
(-0.8211675 8.39872 5561.146)
(-0.01348974 -0.07005035 1488.679)
(-0.0443133 0.02460543 2433.653)
(-0.04298262 0.1807552 3311.937)
(-0.349977 3.503013 20298.14)
(-0.3701351 3.432786 5194.197)
(-0.4269978 3.411894 5243.379)
(-0.5334009 3.360898 5263.83)
(-0.7731296 3.25941 5299.794)
(-1.301104 3.074937 5366.686)
(-0.885432 2.692331 5505.848)
(-0.01758464 -0.01860994 2429.969)
(-0.03763361 -0.1778393 3310.039)
(-0.3087292 -3.506342 20267.99)
(-0.3255051 -3.431552 5185.767)
(-0.3562496 -3.417881 5229.077)
(-0.4172675 -3.370216 5243.247)
(-0.5322985 -3.291473 5263.399)
(-0.789843 -3.159519 5298.997)
(-1.351477 -2.939227 5365.527)
(-0.9190971 -2.510481 5504.422)
(-0.02625321 -0.4552056 3349.286)
(-0.2888026 -10.19247 20494.38)
(-0.2885732 -10.05318 5244.132)
(-0.3129572 -10.04593 5287.423)
(-0.3444612 -9.972222 5295.408)
(-0.4072384 -9.789763 5308.539)
(-0.5259775 -9.506757 5327.315)
(-0.7894301 -9.048078 5360.878)
(-1.355298 -8.300235 5424.214)
(-0.9151919 -6.878958 5603.392)
(-0.3255712 -15.67019 20957.92)
(-0.2731485 -15.54485 5375.624)
(-0.2787476 -15.75317 5416.557)
(-0.3012723 -15.77287 5423.17)
(-0.331666 -15.67313 5429.915)
(-0.3926983 -15.37749 5441.191)
(-0.5084374 -14.89668 5457.572)
(-0.7630035 -14.0909 5487.487)
(-1.298648 -12.74961 5590.046)
(-0.8323978 -9.762113 25065.73)
(-0.3031905 -18.33149 5573.443)
(-0.2669591 -18.85259 5620.571)
(-0.2712372 -19.29126 5622.981)
(-0.290192 -19.46993 5628.034)
(-0.31683 -19.47049 5633.014)
(-0.3715207 -19.18447 5641.73)
(-0.4758602 -18.61784 5654.862)
(-0.7035953 -17.56813 5728.083)
(-1.124318 -15.04293 25366.97)
(-0.06215938 0.547961 3350.912)
(-0.2882998 -17.41599 5882.231)
(-0.2644584 -18.31179 5887.116)
(-0.267605 -19.10271 5888.481)
(-0.2813887 -19.58432 5891.613)
(-0.3018502 -19.83873 5894.507)
(-0.3458761 -19.73975 5900.3)
(-0.4311881 -19.28178 5964.212)
(-0.591293 -17.4096 26385.75)
(-0.07174805 0.1566324 3425.59)
(-0.0364861 1.892559 2053.696)
(-0.2773915 -12.88918 6172.204)
(-0.2664031 -14.04485 6175.487)
(-0.2685868 -15.08503 6175.794)
(-0.2766091 -15.82218 6177.06)
(-0.289719 -16.32189 6178.054)
(-0.3212597 -16.4629 6243.268)
(-0.3693159 -15.44235 27725.36)
(-0.02762978 -0.1116531 3560.515)
(-0.03312948 1.256684 2113.872)
(-0.01498707 2.396013 1101.558)
(-0.2702705 -7.484765 6418.479)
(-0.2680769 -8.591998 6420.362)
(-0.2692899 -9.593671 6419.847)
(-0.2724675 -10.35323 6419.833)
(-0.2791827 -10.91441 6488.506)
(-0.2872567 -10.59954 28953.43)
(-0.008774663 -0.2162001 3691.998)
(-0.006409841 0.7122389 2187.697)
(-0.0086287 1.507716 1135.512)
(-0.003118666 2.119012 553.7855)
(-0.2620099 -3.618865 6595.355)
(-0.2641156 -4.453724 6596.095)
(-0.2644051 -5.206369 6595.115)
(-0.2646413 -5.790278 6668.277)
(-0.2553263 -5.893563 29869.54)
(-0.001905738 -0.1924731 3793.086)
(0.006812241 0.3496164 2248.9)
(0.004487113 0.8608917 1167.795)
(0.003087327 1.247384 568.4093)
(0.002275613 1.480206 170.5629)
(-0.2497488 -1.562601 6704.956)
(-0.2529156 -2.047037 6705.015)
(-0.2518369 -2.478424 6780.707)
(-0.2385668 -2.647597 30451.56)
(0.0001736348 -0.1201954 3858.485)
(0.01066565 0.1493045 2290.432)
(0.0123578 0.4230503 1191.236)
(0.009333196 0.6350209 579.7753)
(0.008010323 0.7631452 173.7287)
(-0.2326351 -0.489814 6756.483)
(-0.2345354 -0.6346657 6834.479)
(-0.2213219 -0.7154682 30730.97)
(0.0005084292 -0.03974333 3890.736)
(0.01097668 0.03935511 2311.884)
(0.01370632 0.1246971 1203.908)
(0.01344724 0.1905566 586.3853)
(0.01099384 0.2288151 175.5896)
(-0.2020092 -0.7874553 358.4735)
(-0.2131813 -0.7263404 1113.462)
(-0.2070004 -0.6143522 2009.569)
(-0.09437776 -0.5049111 3250.313)
(-0.173405 -2.381579 355.6035)
(-0.1909216 -2.229241 1104.637)
(-0.1930692 -1.931325 1992.573)
(-0.1819674 -1.460268 3223.452)
(-0.07544035 -0.8347829 4309.843)
(-0.1457557 -3.872534 348.9516)
(-0.159897 -3.645392 1084.326)
(-0.1679703 -3.191417 1956.646)
(-0.1590969 -2.427405 3165.416)
(-0.138899 -1.226578 4237.723)
(-0.5075375 -0.1189242 25485.66)
(-0.12097 -4.99836 337.9735)
(-0.1315342 -4.710377 1050.679)
(-0.1373777 -4.116226 1897.4)
(-0.1338181 -3.109434 3072.826)
(-0.1149832 -1.4248 4120.215)
(-0.9544654 3.732865 24819.97)
(-0.462397 4.434203 6432.923)
(-0.09958995 -5.28171 322.5567)
(-0.1062691 -4.956737 1003.501)
(-0.1101629 -4.288296 1814.053)
(-0.1070592 -3.135927 2943.143)
(-0.09284052 -1.173825 3958.085)
(-0.792332 9.86815 23892.09)
(-0.8776763 10.85926 6184.109)
(-0.4727165 10.7417 6285.424)
(-0.07567042 -4.281933 304.5537)
(-0.08628415 -3.990203 947.9208)
(-0.08786245 -3.368398 1716.082)
(-0.08503204 -2.298551 2789.757)
(-0.07375819 -0.4528698 3766.687)
(-0.6212802 15.96691 22813.64)
(-0.7142668 16.59341 5889.612)
(-0.9205797 17.00964 5973.837)
(-0.5473138 15.75229 6052.864)
(-0.02960617 -2.685563 287.8996)
(-0.06461258 -2.436631 897.5448)
(-0.0722078 -1.966911 1626.106)
(-0.06907449 -1.147135 2649.039)
(-0.06002897 0.2605726 3588.431)
(-0.4992473 18.19101 21823.44)
(-0.556456 18.33991 5617.136)
(-0.7098239 18.61099 5685.183)
(-1.030318 18.28506 5735.008)
(-0.6577474 16.51461 5838.073)
(-0.02027102 -1.226692 857.9925)
(-0.05466236 -0.9001641 1557.609)
(-0.05858951 -0.3652866 2539.597)
(-0.05070623 0.5553491 3449.795)
(-0.4124599 15.67397 21050.33)
(-0.4498512 15.52762 5404.146)
(-0.5378718 15.61742 5460.052)
(-0.7332079 15.43523 5491.316)
(-1.156014 14.81776 5549.734)
(-0.7665834 13.1731 5671.039)
(-0.0161306 -0.3298622 1510.723)
(-0.04616283 -0.0286295 2468.354)
(-0.04440893 0.4719385 3356.101)
(-0.3549202 10.19966 20536.83)
(-0.3743105 10.03582 5259.551)
(-0.4296678 10.01349 5309.074)
(-0.532762 9.897305 5328.53)
(-0.7637012 9.620904 5362.828)
(-1.268143 9.084657 5426.794)
(-0.8566052 7.933572 5559.961)
(-0.01758623 0.01857779 2429.969)
(-0.03763494 0.1778849 3310.038)
(-0.3087291 3.506274 20267.99)
(-0.3255088 3.431559 5185.767)
(-0.3562522 3.417971 5229.078)
(-0.4172657 3.370345 5243.247)
(-0.5322934 3.291536 5263.399)
(-0.7898411 3.159467 5298.997)
(-1.351478 2.939237 5365.527)
(-0.9190963 2.510465 5504.422)
(-0.02531177 -0.1751123 3304.658)
(-0.2853058 -3.500816 20253.26)
(-0.2849677 -3.438349 5177.853)
(-0.3104772 -3.420402 5220.505)
(-0.3427923 -3.381564 5228.952)
(-0.407626 -3.308089 5242.822)
(-0.5305032 -3.202555 5262.61)
(-0.804127 -3.041476 5297.857)
(-1.395875 -2.787508 5364.128)
(-0.9483455 -2.315597 5548.037)
(-0.3327961 -10.22375 20463.8)
(-0.2674926 -10.04281 5240.653)
(-0.2724676 -10.07379 5279.841)
(-0.2975232 -9.991149 5287.321)
(-0.3303362 -9.842518 5294.999)
(-0.3963489 -9.583459 5307.757)
(-0.5218251 -9.221391 5326.176)
(-0.7990876 -8.677818 5359.488)
(-1.390477 -7.832523 5465.061)
(-0.9030979 -6.033223 24521.01)
(-0.3134355 -15.60182 5368.321)
(-0.2583661 -15.73941 5413.481)
(-0.2617352 -15.82283 5416.493)
(-0.2846812 -15.71634 5422.78)
(-0.3160121 -15.48991 5429.13)
(-0.3795663 -15.06542 5440.028)
(-0.5007151 -14.4524 5456.154)
(-0.7664091 -13.505 5529.494)
(-1.274137 -11.52426 24441.47)
(-0.07355547 0.4825266 3257.707)
(-0.2967856 -18.91846 5614.374)
(-0.2505769 -19.26081 5620.58)
(-0.2527087 -19.52482 5622.628)
(-0.271796 -19.52538 5627.24)
(-0.2989359 -19.34618 5631.806)
(-0.3553705 -18.8773 5640.253)
(-0.4636431 -18.12158 5700.947)
(-0.6738382 -16.16863 25113.73)
(-0.09342779 0.2553716 3289.27)
(-0.04918366 1.857885 1982.768)
(-0.2783441 -18.35074 5882.417)
(-0.2459397 -19.03164 5886.886)
(-0.2469791 -19.60899 5887.739)
(-0.2605587 -19.8707 5890.392)
(-0.2810567 -19.9013 5892.989)
(-0.3260037 -19.57065 5952.921)
(-0.3979648 -18.02605 26285.73)
(-0.03841673 0.002485217 3403.208)
(-0.05448066 1.579376 2023.273)
(-0.02626829 2.802369 1057.104)
(-0.2635627 -14.03113 6172.316)
(-0.2454854 -14.9696 6174.997)
(-0.2455735 -15.79161 6174.734)
(-0.2529955 -16.30144 6175.652)
(-0.2656125 -16.56443 6238.571)
(-0.2853135 -15.65837 27692.75)
(-0.01383976 -0.1880843 3553.17)
(-0.01568616 1.123046 2104.594)
(-0.02295839 2.163017 1090.572)
(-0.010463 2.950903 532.9804)
(-0.253072 -8.538991 6418.438)
(-0.2451769 -9.464303 6419.668)
(-0.2443203 -10.28165 6418.75)
(-0.2465066 -10.84514 6487.506)
(-0.2416092 -10.61944 28946.1)
(-0.003981545 -0.2495233 3690.661)
(0.002169658 0.6473108 2186.127)
(-0.001753254 1.419502 1132.796)
(-0.00501134 1.985392 550.8228)
(-0.002054112 2.341192 165.6258)
(-0.2424304 -4.394813 6595.071)
(-0.2399527 -5.098107 6595.369)
(-0.2382491 -5.715366 6668.041)
(-0.2269068 -5.81727 29873.13)
(-0.0005020879 -0.2057634 3793.74)
(0.008739293 0.3224757 2250.118)
(0.009496352 0.8189439 1168.315)
(0.005488407 1.193548 567.9791)
(0.003678745 1.41232 170.2188)
(-0.2290089 -2.005117 6704.53)
(-0.2283325 -2.409853 6781.234)
(-0.2152698 -2.599831 30456.4)
(0.000331309 -0.1234358 3859.836)
(0.01034298 0.1387216 2292.41)
(0.01276575 0.408307 1192.724)
(0.01217766 0.6135402 580.5383)
(0.009147482 0.7318484 173.8067)
(-0.2118264 -0.6209982 6834.244)
(-0.200812 -0.6943483 30737.19)
(0.0005263085 -0.04065875 3892.066)
(0.009976352 0.03726908 2313.951)
(0.01284114 0.1213293 1205.556)
(0.01330536 0.1862474 587.3949)
(0.01287638 0.2223498 175.9042)
(-0.1782393 -0.8067519 358.935)
(-0.1975862 -0.7566062 1114.766)
(-0.2021323 -0.6586651 2010.052)
(-0.1869327 -0.501009 3249.367)
(-0.07570721 -0.3018676 4339.691)
(-0.1530912 -2.421374 356.0131)
(-0.1695669 -2.286554 1105.883)
(-0.1808434 -2.017769 1994.225)
(-0.1742655 -1.564807 3222.241)
(-0.1473295 -0.84249 4304.014)
(-0.513466 -1.197326 25832.86)
(-0.1299128 -3.916197 349.2911)
(-0.1425154 -3.710552 1085.359)
(-0.1513469 -3.282702 1958.148)
(-0.1509651 -2.553131 3165.786)
(-0.1297475 -1.324738 4231.029)
(-0.9943205 0.003704169 25417.68)
(-0.4621135 0.8468701 6577.741)
(-0.109552 -5.049755 338.2157)
(-0.1182816 -4.773197 1051.504)
(-0.1244473 -4.203929 1898.484)
(-0.1232573 -3.218478 3073.175)
(-0.1076824 -1.531137 4115.609)
(-0.8542443 3.523219 24751.64)
(-0.8829797 4.922277 6402.721)
(-0.4417769 5.416597 6485.819)
(-0.08635495 -5.323903 322.7777)
(-0.09737322 -5.017766 1003.953)
(-0.1005784 -4.361613 1814.823)
(-0.09881612 -3.226424 2942.893)
(-0.08586858 -1.254803 3954.301)
(-0.6735685 9.680833 23839.1)
(-0.7383593 10.99228 6157.355)
(-0.8598053 11.97166 6233.784)
(-0.4672308 11.37595 6285.964)
(-0.04272192 -4.347252 304.4739)
(-0.07408563 -4.032832 948.3931)
(-0.0816815 -3.426445 1716.148)
(-0.07895757 -2.36086 2789.408)
(-0.06831784 -0.5066014 3762.711)
(-0.5331178 15.85503 22771.91)
(-0.5780353 16.6425 5869.706)
(-0.70082 17.45142 5935.281)
(-0.9308251 17.53173 5973.983)
(-0.5595319 15.79401 6052.653)
(-0.02974138 -2.492211 896.9355)
(-0.06150726 -2.002258 1626.49)
(-0.0649454 -1.189267 2647.763)
(-0.05580857 0.2282792 3585.345)
(-0.4326112 18.16801 21785.87)
(-0.464199 18.34505 5602.744)
(-0.5420024 18.77477 5658.812)
(-0.7105393 18.81068 5685.154)
(-1.061436 18.20252 5734.645)
(-0.6818879 16.05906 5837.29)
(-0.02150244 -0.9380553 1555.937)
(-0.04994652 -0.3880673 2539.373)
(-0.04726162 0.537455 3446.017)
(-0.3655206 15.64947 21023.19)
(-0.3828871 15.54804 5392.267)
(-0.4348512 15.65715 5442.481)
(-0.5306896 15.59835 5459.96)
(-0.7430187 15.25129 5490.905)
(-1.198648 14.43863 5548.927)
(-0.7966556 12.54258 5669.839)
(-0.01962946 -0.04656398 2464.93)
(-0.0388124 0.4634876 3354.368)
(-0.3135127 10.20919 20508.29)
(-0.3290299 10.03385 5251.59)
(-0.3591293 10.03712 5295.519)
(-0.4183371 9.933513 5308.957)
(-0.5296118 9.732482 5328.107)
(-0.7776377 9.362829 5362.029)
(-1.314493 8.71772 5425.625)
(-0.8879679 7.427033 5558.527)
(-0.02531261 0.1750946 3304.658)
(-0.2853041 3.500829 20253.25)
(-0.2849685 3.438252 5177.852)
(-0.3104827 3.420403 5220.505)
(-0.3427958 3.381693 5228.953)
(-0.4076238 3.308242 5242.823)
(-0.5304973 3.202632 5262.611)
(-0.8041248 3.041418 5297.857)
(-1.395876 2.787519 5364.129)
(-0.9483446 2.315579 5548.037)
(-0.3369587 -3.511436 20221.25)
(-0.2649874 -3.434957 5174.15)
(-0.2696985 -3.430185 5212.458)
(-0.2960029 -3.387517 5220.388)
(-0.3297737 -3.324252 5228.537)
(-0.39807 -3.22579 5242.044)
(-0.5280254 -3.094525 5261.484)
(-0.8160187 -2.905769 5296.482)
(-1.434237 -2.619906 5403.587)
(-0.9372044 -2.023428 24254.43)
(-0.3225867 -10.0814 5232.525)
(-0.2541842 -10.06882 5276.311)
(-0.2570454 -10.0269 5279.747)
(-0.2827267 -9.870718 5286.92)
(-0.316735 -9.648933 5294.227)
(-0.3856656 -9.315712 5306.63)
(-0.5171706 -8.877714 5324.8)
(-0.8065723 -8.252659 5398.451)
(-1.369898 -7.034667 23836.81)
(-0.08099099 0.3279115 3196.446)
(-0.3096556 -15.8078 5406.053)
(-0.2441928 -15.81776 5413.425)
(-0.245519 -15.77783 5416.112)
(-0.2688549 -15.54693 5422.003)
(-0.3010467 -15.19635 5427.977)
(-0.366868 -14.64665 5438.621)
(-0.492777 -13.90471 5497.268)
(-0.7412271 -12.32111 24143.85)
(-0.1097477 0.2707205 3184.626)
(-0.0584269 1.514668 1929.071)
(-0.290376 -19.34193 5614.387)
(-0.2349431 -19.50612 5620.235)
(-0.235105 -19.59526 5621.843)
(-0.254335 -19.4189 5626.04)
(-0.2819558 -19.06229 5630.338)
(-0.3399336 -18.4122 5685.943)
(-0.4354271 -16.74999 24982.47)
(-0.04895306 0.1166411 3259.962)
(-0.0728517 1.594188 1942.146)
(-0.03526831 2.668191 1017.836)
(-0.2686628 -19.08894 5882.194)
(-0.2283011 -19.55231 5886.155)
(-0.2274206 -19.9138 5886.528)
(-0.2408594 -19.95503 5888.883)
(-0.2614143 -19.75986 5945.438)
(-0.2956245 -18.33879 26233.5)
(-0.01990512 -0.08085383 3391.93)
(-0.02599538 1.43535 2009.089)
(-0.03912224 2.556421 1039.469)
(-0.0185649 3.379446 509.7707)
(-0.2502435 -14.97512 6171.837)
(-0.2255617 -15.69143 6173.952)
(-0.2237553 -16.29067 6173.34)
(-0.230674 -16.56741 6236.149)
(-0.2332064 -15.78373 27673.63)
(-0.007138621 -0.2325637 3549.801)
(-0.003669633 1.045672 2100.631)
(-0.009587529 2.052701 1085.407)
(-0.01611267 2.769932 527.1729)
(-0.008133515 3.225885 159.1194)
(-0.2365578 -9.428534 6417.76)
(-0.2233498 -10.16603 6418.592)
(-0.2206073 -10.79127 6486.437)
(-0.2126087 -10.57277 28945.25)
(-0.001720446 -0.2717426 3690.305)
(0.00574871 0.6083599 2186.254)
(0.005229406 1.36303 1132.207)
(0.000197066 1.912349 549.4601)
(-0.00335261 2.226875 164.702)
(-0.223668 -5.052228 6594.365)
(-0.2168983 -5.617727 6668.34)
(-0.204052 -5.75852 29875.62)
(-9.079532e-05 -0.2123946 3794.718)
(0.009030209 0.3040297 2251.608)
(0.01085827 0.7938961 1169.375)
(0.009633971 1.157664 568.3588)
(0.005660743 1.364157 170.098)
(-0.2091473 -2.375731 6780.761)
(-0.1956987 -2.540761 30462.2)
(0.0004206934 -0.1265406 3861.005)
(0.009505584 0.1322765 2294.327)
(0.01217342 0.398074 1194.224)
(0.01243963 0.6005225 581.435)
(0.01169943 0.712339 174.0631)
(-0.1832048 -0.6837877 30738.69)
(0.0001247962 -0.04088567 3893.382)
(0.009127874 0.03540477 2315.806)
(0.011686 0.1191685 1207.083)
(0.01245604 0.1832296 588.3725)
(0.01272835 0.2183917 176.2376)
(-0.1566942 -0.8199563 359.3722)
(-0.1742915 -0.7754348 1116.138)
(-0.1870976 -0.6868261 2012.095)
(-0.1819952 -0.5375222 3249.237)
(-0.1506188 -0.2975467 4335.314)
(-0.5156735 -0.5928388 25998.96)
(-0.1357657 -2.447735 356.3872)
(-0.1496951 -2.325449 1107.101)
(-0.1604615 -2.071514 1996.206)
(-0.1622083 -1.638826 3223.913)
(-0.1402568 -0.9086197 4299.965)
(-1.025725 -1.127074 25789.24)
(-0.4655012 -0.5208844 6669.19)
(-0.1171313 -3.953217 349.5888)
(-0.1270353 -3.753372 1086.368)
(-0.1348215 -3.343883 1959.782)
(-0.135531 -2.632071 3167.372)
(-0.1198747 -1.408102 4228.988)
(-0.9185527 -0.2810598 25372.51)
(-0.908419 1.050745 6560.221)
(-0.4337045 1.730792 6632.366)
(-0.09578292 -5.085866 338.4802)
(-0.107115 -4.823346 1052.218)
(-0.1118884 -4.262987 1899.784)
(-0.1113258 -3.293726 3074.219)
(-0.0974162 -1.604063 4113.954)
(-0.7392956 3.20173 24718.27)
(-0.7848171 4.826224 6384.918)
(-0.8428658 6.106942 6455.14)
(-0.4223556 6.267155 6486.808)
(-0.05741 -5.387477 322.8094)
(-0.08448752 -5.059022 1004.606)
(-0.09209459 -4.418216 1815.482)
(-0.09002219 -3.289078 2943.56)
(-0.07801636 -1.312216 3952.203)
(-0.5841659 9.453978 23811.41)
(-0.617591 10.90257 6143.578)
(-0.709726 12.24764 6206.613)
(-0.8428522 12.91077 6234.275)
(-0.462183 11.85369 6286.023)
(-0.04235233 -4.095611 948.1252)
(-0.07029679 -3.466089 1716.866)
(-0.07312709 -2.408809 2789.052)
(-0.06260207 -0.5455723 3760.793)
(-0.4653139 15.76589 22743.94)
(-0.4894233 16.59489 5858.854)
(-0.5541099 17.59367 5915.044)
(-0.6877609 18.12735 5935.401)
(-0.9400723 17.88018 5973.721)
(-0.5706734 15.68545 6051.919)
(-0.03000881 -2.052047 1625.316)
(-0.05571554 -1.218767 2647.971)
(-0.05157198 0.2050445 3582.464)
(-0.3840369 18.1145 21763.65)
(-0.3978306 18.35972 5592.953)
(-0.4440313 18.83039 5644.171)
(-0.5279657 19.05422 5658.778)
(-0.7106208 18.86103 5684.772)
(-1.089505 17.9815 5733.833)
(-0.7035617 15.48678 5836.065)
(-0.02381081 -0.4174557 2536.468)
(-0.04124391 0.5237664 3444.617)
(-0.3238602 15.65897 20997.81)
(-0.3367876 15.54335 5385.231)
(-0.3651114 15.70331 5430.396)
(-0.4203186 15.67457 5442.394)
(-0.5233972 15.47124 5459.549)
(-0.7512632 14.96509 5490.097)
(-1.236668 13.96695 5547.733)
(-0.8232599 11.83602 5668.383)
(-0.02625585 0.4551908 3349.286)
(-0.2887981 10.19249 20494.38)
(-0.2885753 10.05311 5244.131)
(-0.312973 10.04592 5287.423)
(-0.3444715 9.972346 5295.409)
(-0.4072308 9.789899 5308.541)
(-0.5259607 9.506818 5327.316)
(-0.7894241 9.048046 5360.878)
(-1.355302 8.300246 5424.214)
(-0.9151896 6.878947 5603.391)
(-0.336958 3.511429 20221.25)
(-0.2649846 3.434932 5174.15)
(-0.2696999 3.430061 5212.457)
(-0.29601 3.387512 5220.388)
(-0.3297779 3.324417 5228.537)
(-0.3980673 3.225966 5242.045)
(-0.5280188 3.094612 5261.485)
(-0.8160163 2.905707 5296.482)
(-1.434238 2.619918 5403.587)
(-0.9372034 2.02341 24254.43)
(-0.3276803 -3.447983 5165.611)
(-0.2523787 -3.428575 5208.702)
(-0.2550564 -3.400044 5212.348)
(-0.2820909 -3.333362 5219.98)
(-0.3171847 -3.246339 5227.769)
(-0.3885953 -3.123777 5240.931)
(-0.5248749 -2.967877 5260.125)
(-0.8254913 -2.752629 5333.994)
(-1.415694 -2.345171 23541.17)
(-0.08462339 0.1158317 3166.376)
(-0.3203585 -10.11401 5268.041)
(-0.2413913 -10.02705 5276.223)
(-0.2423132 -9.913709 5279.355)
(-0.2685556 -9.685647 5286.157)
(-0.3036451 -9.392731 5293.112)
(-0.3751803 -8.98798 5305.267)
(-0.5119749 -8.476461 5362.795)
(-0.7844923 -7.483935 23510.29)
(-0.1203069 0.2012502 3115.818)
(-0.06438774 0.976057 1894.158)
(-0.3056336 -15.89669 5406.001)
(-0.2306377 -15.78103 5413.05)
(-0.2300874 -15.61908 5415.342)
(-0.2537784 -15.26609 5420.859)
(-0.286752 -14.79438 5426.58)
(-0.3545554 -14.12197 5479.266)
(-0.4681347 -12.74479 23987.84)
(-0.05718042 0.1682751 3149.802)
(-0.08627392 1.320696 1880.579)
(-0.04154934 2.126699 988.4377)
(-0.2839694 -19.6015 5614.047)
(-0.2200515 -19.5879 5619.457)
(-0.2184163 -19.50284 5620.651)
(-0.2377932 -19.15161 5624.579)
(-0.2658429 -18.61841 5675.782)
(-0.313734 -17.05941 24911.71)
(-0.02573307 0.04187126 3244.871)
(-0.03537111 1.465829 1923.184)
(-0.0522883 2.460546 994.188)
(-0.02457863 3.165611 489.4258)
(-0.2592449 -19.62708 5881.47)
(-0.2115435 -19.87124 5884.954)
(-0.2089266 -20.0157 5885.028)
(-0.2222559 -19.83409 5941.259)
(-0.2338605 -18.54566 26200.15)
(-0.01097203 -0.1290899 3386.169)
(-0.009911897 1.355663 2002.349)
(-0.01772327 2.440259 1031.38)
(-0.02787145 3.189922 500.4068)
(-0.01451973 3.66113 151.8767)
(-0.2374323 -15.71559 6170.803)
(-0.2066445 -16.20571 6172.572)
(-0.2031171 -16.57582 6233.815)
(-0.2012998 -15.80768 27665.46)
(-0.003761654 -0.2633733 3547.965)
(0.001787514 0.9985051 2099.259)
(0.0001140125 1.987868 1083.363)
(-0.006145462 2.681082 524.4847)
(-0.0126588 3.073202 157.2964)
(-0.2207392 -10.14715 6416.699)
(-0.2025926 -10.68952 6486.316)
(-0.1898215 -10.53768 28943.58)
(-0.0008828441 -0.2840709 3690.658)
(0.006987277 0.5812773 2186.96)
(0.008008083 1.328504 1132.587)
(0.005941311 1.865162 549.2331)
(0.0009379548 2.162508 164.2844)
(-0.2057149 -5.584679 6667.336)
(-0.1864157 -5.675587 29880.36)
(0.0001491251 -0.2186514 3795.536)
(0.008526943 0.2927331 2253.207)
(0.01082197 0.7766282 1170.565)
(0.01070992 1.135985 569.0185)
(0.009362889 1.331917 170.2319)
(-0.1815963 -2.515584 30462.54)
(-1.70759e-05 -0.1274971 3862.235)
(0.008760172 0.1264896 2296.044)
(0.01117422 0.3915224 1195.652)
(0.01182981 0.5914507 582.3297)
(0.01191821 0.7004514 174.3602)
(-0.00138027 -0.04218226 3894.089)
(0.007827339 0.0342907 2317.559)
(0.0106952 0.1172659 1208.459)
(0.01136106 0.1812511 589.2749)
(0.01192345 0.2156186 176.5596)
(-0.1386402 -0.8287945 359.7619)
(-0.1532248 -0.7883556 1117.44)
(-0.1649271 -0.704536 2014.294)
(-0.1677079 -0.5617938 3251.499)
(-0.145652 -0.3207289 4332.57)
(-1.041638 -0.5656068 25964.55)
(-0.467375 -0.3522022 6712.87)
(-0.122077 -2.470151 356.7171)
(-0.1327733 -2.35136 1108.216)
(-0.1416326 -2.108245 1998.163)
(-0.1436225 -1.685922 3226.223)
(-0.1281438 -0.9597876 4299.446)
(-0.9694153 -1.354836 25759.14)
(-0.9327655 -0.437145 6657.812)
(-0.4346289 0.0732538 6724.878)
(-0.1031775 -3.980676 349.8827)
(-0.1145422 -3.789643 1087.252)
(-0.1201948 -3.384647 1961.401)
(-0.1205789 -2.685805 3169.249)
(-0.1065933 -1.464278 4228.78)
(-0.8026328 -0.6218629 25353.48)
(-0.8375915 0.8465706 6548.318)
(-0.8553568 2.020165 6614.54)
(-0.4066812 2.518382 6633.791)
(-0.07072621 -5.14015 338.6003)
(-0.09369407 -4.858848 1053.004)
(-0.1013152 -4.310147 1900.901)
(-0.1000355 -3.345739 3075.683)
(-0.08728175 -1.656256 4113.37)
(-0.6444109 2.889878 24702.44)
(-0.6717234 4.589987 6376.181)
(-0.743248 6.115392 6437.051)
(-0.8046652 7.151094 6456.122)
(-0.4041583 6.981413 6487.256)
(-0.05652309 -5.120446 1004.68)
(-0.08003234 -4.457248 1816.515)
(-0.08229219 -3.337407 2944.102)
(-0.07063794 -1.355134 3951.46)
(-0.5133358 9.260265 23793.73)
(-0.5307968 10.74024 6136.375)
(-0.5834203 12.2457 6192.602)
(-0.6822404 13.32292 6207.087)
(-0.8268123 13.6723 6234.286)
(-0.4575069 12.17079 6285.491)
(-0.04142348 -3.52295 1716.291)
(-0.06324649 -2.442997 2789.76)
(-0.05738502 -0.5747328 3758.981)
(-0.4145245 15.64353 22727.98)
(-0.4237669 16.54949 5851.616)
(-0.4625537 17.60294 5904.005)
(-0.5311679 18.3574 5915.161)
(-0.6750933 18.61889 5935.116)
(-0.9481951 18.05233 5972.952)
(-0.5806522 15.42466 6050.695)
(-0.03051654 -1.257941 2645.823)
(-0.04505207 0.1861943 3581.546)
(-0.3419708 18.09994 21742.9)
(-0.3510689 18.33185 5587.245)
(-0.376171 18.87844 5634.212)
(-0.4246726 19.15711 5644.142)
(-0.5143581 19.17827 5658.393)
(-0.7100169 18.76158 5683.952)
(-1.114428 17.62193 5732.601)
(-0.7227119 14.79779 5834.573)
(-0.02823989 0.5099274 3440.133)
(-0.2965144 15.62557 20985.6)
(-0.2965479 15.56767 5378.652)
(-0.3186626 15.71561 5423.242)
(-0.34804 15.74463 5430.315)
(-0.4062676 15.58108 5441.989)
(-0.5159762 15.23692 5458.746)
(-0.7579243 14.57778 5488.915)
(-1.270048 13.40392 5546.291)
(-0.8462981 11.05286 5715.855)
(-0.3327943 10.22374 20463.8)
(-0.2674848 10.04279 5240.651)
(-0.2724719 10.0737 5279.84)
(-0.297544 9.991136 5287.321)
(-0.3303487 9.842678 5295.001)
(-0.3963398 9.583617 5307.759)
(-0.5218065 9.221462 5326.177)
(-0.7990811 8.677783 5359.488)
(-1.390481 7.832536 5465.061)
(-0.9030957 6.033212 24521.01)
(-0.327679 3.447991 5165.611)
(-0.2523748 3.428516 5208.701)
(-0.2550585 3.399894 5212.348)
(-0.2820995 3.333352 5219.98)
(-0.3171895 3.246535 5227.77)
(-0.3885922 3.123972 5240.932)
(-0.5248678 2.967975 5260.125)
(-0.8254888 2.752564 5333.994)
(-1.415695 2.345184 23541.17)
(-0.08462329 -0.1158338 3166.376)
(-0.3261884 -3.443725 5200.012)
(-0.2402373 -3.400113 5208.599)
(-0.2410475 -3.348394 5211.949)
(-0.2687305 -3.25834 5219.22)
(-0.3050155 -3.1483 5226.668)
(-0.3791986 -3.002574 5239.585)
(-0.5210226 -2.8229 5296.633)
(-0.8049935 -2.488371 23200.55)
(-0.1254342 0.07386831 3082.038)
(-0.06728753 0.3356996 1877.135)
(-0.3177249 -10.07826 5267.959)
(-0.2291207 -9.918675 5275.837)
(-0.2282585 -9.735241 5278.599)
(-0.2549962 -9.437218 5285.05)
(-0.2910532 -9.075415 5291.76)
(-0.3648554 -8.601077 5342.748)
(-0.4896915 -7.724476 23337.86)
(-0.06250204 0.1402638 3077.316)
(-0.09483677 0.8580368 1840.431)
(-0.04549493 1.350231 969.4904)
(-0.3013808 -15.86964 5405.632)
(-0.2176906 -15.63011 5412.287)
(-0.2154258 -15.34802 5414.207)
(-0.2394343 -14.87575 5419.469)
(-0.2730861 -14.28481 5466.926)
(-0.3312326 -12.97704 23902.42)
(-0.03031546 0.1126305 3131.625)
(-0.04238958 1.22516 1857.803)
(-0.06148405 1.972256 960.1525)
(-0.02849798 2.4927 474.3083)
(-0.2775536 -19.69655 5613.275)
(-0.2058925 -19.50635 5618.272)
(-0.2026282 -19.24861 5619.197)
(-0.2221305 -18.72303 5669.901)
(-0.2418984 -17.27802 24864.95)
(-0.01461712 -0.000932908 3236.835)
(-0.01537506 1.396276 1913.788)
(-0.02465767 2.357882 983.2734)
(-0.03678288 3.0049 476.8565)
(-0.01893874 3.404381 145.5536)
(-0.2500778 -19.96256 5880.276)
(-0.195663 -19.98691 5883.462)
(-0.1914682 -19.91136 5937.335)
(-0.1971733 -18.63544 26182.92)
(-0.006310767 -0.1627454 3382.584)
(-0.002436553 1.308201 1999.256)
(-0.004997154 2.37562 1027.669)
(-0.01230339 3.098068 496.1493)
(-0.02202616 3.501996 148.9332)
(-0.2251243 -16.24782 6169.432)
(-0.1887176 -16.50593 6233.07)
(-0.1763815 -15.83314 27657.33)
(-0.002262271 -0.2816969 3547.365)
(0.004165005 0.9651663 2098.859)
(0.00443572 1.947881 1082.822)
(0.00168548 2.628441 523.4662)
(-0.004547609 2.996267 156.4587)
(-0.2055947 -10.68707 6484.398)
(-0.1751928 -10.45354 28946.26)
(-0.0003931288 -0.2948616 3690.895)
(0.006999671 0.5641383 2188.048)
(0.008799861 1.304342 1133.285)
(0.008192109 1.836109 549.5175)
(0.006026147 2.120722 164.2248)
(-0.180227 -5.655983 29878.05)
(-0.000365718 -0.2211207 3796.573)
(0.007988116 0.2826215 2254.632)
(0.01013609 0.765566 1171.787)
(0.01058018 1.121 569.7399)
(0.01031327 1.312349 170.4528)
(-0.001903673 -0.1318017 3862.773)
(0.007447325 0.1229816 2297.712)
(0.01028226 0.3857349 1196.939)
(0.01087424 0.5855191 583.1765)
(0.01133212 0.6921666 174.6554)
(0.005188976 0.03219844 2318.808)
(0.00927916 0.1160108 1209.748)
(0.0104095 0.1795268 590.0904)
(0.01089162 0.2137842 176.8565)
(-0.1244929 -0.8362654 360.1063)
(-0.1355939 -0.7970511 1118.602)
(-0.144989 -0.7167719 2016.397)
(-0.1476108 -0.5774156 3254.137)
(-0.1322707 -0.3378625 4332.741)
(-0.9967826 -0.6501508 25941.99)
(-0.9459837 -0.326615 6703.793)
(-0.4361463 -0.144676 6769.055)
(-0.1079589 -2.486624 357.0271)
(-0.1193959 -2.373373 1109.199)
(-0.1256606 -2.133046 1999.967)
(-0.1267106 -1.7186 3228.587)
(-0.1128265 -0.9946647 4300.084)
(-0.8504048 -1.602068 25748.71)
(-0.8804326 -0.6113418 6649.713)
(-0.8735352 0.1748899 6713.285)
(-0.4050402 0.6099317 6726.63)
(-0.08123091 -4.021045 350.0656)
(-0.100926 -3.816718 1088.128)
(-0.1083827 -3.419103 1962.815)
(-0.1075164 -2.722675 3171.196)
(-0.09449677 -1.50428 4229.181)
(-0.6998158 -0.9228112 25345.9)
(-0.7258787 0.570384 6543.203)
(-0.7866503 1.887463 6602.431)
(-0.8044762 2.892848 6616)
(-0.3811027 3.205739 6634.626)
(-0.06940933 -4.911532 1053.349)
(-0.08871675 -4.344162 1902.164)
(-0.0905515 -3.387281 3076.917)
(-0.07828876 -1.695268 4113.558)
(-0.5676806 2.629311 24693.37)
(-0.5822032 4.334175 6371.972)
(-0.6283777 5.953081 6428.148)
(-0.7032346 7.261159 6438.04)
(-0.768447 8.049577 6456.558)
(-0.3871633 7.554673 6487.047)
(-0.05437203 -4.513619 1816.538)
(-0.07175197 -3.372298 2945.279)
(-0.06426858 -1.388081 3950.703)
(-0.4587185 9.053215 23784.4)
(-0.4641168 10.59219 6131.766)
(-0.4964366 12.13916 6185.263)
(-0.5506573 13.40524 6193.084)
(-0.6559494 14.21345 6207.084)
(-0.8115981 14.25154 6233.713)
(-0.453131 12.32362 6284.405)
(-0.03969701 -2.488902 2788.52)
(-0.05027475 -0.5988926 3758.629)
(-0.3714456 15.56436 22713.03)
(-0.3759947 16.45795 5847.523)
(-0.3970226 17.59629 5896.638)
(-0.4368374 18.42084 5904.13)
(-0.5092399 18.93123 5914.874)
(-0.6627628 18.92334 5934.331)
(-0.9550706 18.04625 5971.708)
(-0.5893876 15.01033 6049.184)
(-0.03161177 0.1666154 3577.935)
(-0.310658 18.0304 21733.3)
(-0.3110658 18.33673 5581.907)
(-0.3298488 18.87283 5628.407)
(-0.3554462 19.23661 5634.191)
(-0.4061425 19.32517 5643.762)
(-0.5011517 19.14652 5657.575)
(-0.7086814 18.51257 5682.721)
(-1.136122 17.12441 5731.107)
(-0.7392024 13.99065 5886.163)
(-0.3255694 15.67018 20957.92)
(-0.2731389 15.54487 5375.622)
(-0.2787531 15.75316 5416.554)
(-0.3013021 15.77287 5423.17)
(-0.3316858 15.67323 5429.918)
(-0.3926829 15.3776 5441.193)
(-0.5084102 14.89672 5457.573)
(-0.7629941 14.09094 5487.487)
(-1.298652 12.74962 5590.047)
(-0.8323943 9.762107 25065.73)
(-0.3225827 10.08141 5232.525)
(-0.2541732 10.06877 5276.309)
(-0.2570516 10.02679 5279.745)
(-0.2827519 9.870699 5286.92)
(-0.3167495 9.649123 5294.229)
(-0.3856553 9.315889 5306.632)
(-0.5171503 8.877794 5324.801)
(-0.8065653 8.252621 5398.451)
(-1.369902 7.03468 23836.81)
(-0.08099073 -0.3279129 3196.446)
(-0.3261865 3.443746 5200.012)
(-0.2402325 3.400022 5208.599)
(-0.2410502 3.348222 5211.948)
(-0.2687404 3.258325 5219.22)
(-0.3050209 3.148524 5226.669)
(-0.3791952 3.002786 5239.586)
(-0.5210151 2.823005 5296.633)
(-0.8049909 2.488305 23200.55)
(-0.1254343 -0.07386676 3082.038)
(-0.06728743 -0.3357015 1877.135)
(-0.3242076 -3.417193 5199.915)
(-0.2285697 -3.350036 5208.206)
(-0.2276595 -3.275642 5211.198)
(-0.2559096 -3.16293 5218.129)
(-0.2932556 -3.030678 5225.335)
(-0.3698488 -2.862499 5275.559)
(-0.4999275 -2.564682 23020.03)
(-0.06507526 0.05372246 3041.714)
(-0.09897266 0.2961855 1820.82)
(-0.04738758 0.461002 960.3029)
(-0.314703 -9.97535 5267.578)
(-0.217362 -9.744716 5275.088)
(-0.2148668 -9.49279 5277.502)
(-0.2420334 -9.126952 5283.706)
(-0.2789236 -8.697848 5328.908)
(-0.3433752 -7.859274 23242.57)
(-0.03330701 0.1070536 3057.047)
(-0.04683369 0.8003783 1815.096)
(-0.06717264 1.25516 938.1182)
(-0.0308438 1.570086 464.6224)
(-0.2968915 -15.72754 5404.874)
(-0.205339 -15.36641 5411.157)
(-0.2015172 -14.96659 5412.824)
(-0.225785 -14.37675 5459.657)
(-0.2515594 -13.14901 23844.96)
(-0.01748919 0.08074621 3121.755)
(-0.01942747 1.173556 1846.263)
(-0.02957328 1.895677 946.9891)
(-0.0425803 2.371742 459.2729)
(-0.02160416 2.665925 140.874)
(-0.2711168 -19.62723 5612.095)
(-0.1924535 -19.26246 5616.823)
(-0.1877062 -18.83208 5664.407)
(-0.2002275 -17.3929 24839.09)
(-0.00876166 -0.03093327 3231.598)
(-0.00603245 1.35596 1909.088)
(-0.00915516 2.302565 977.9845)
(-0.01716539 2.924246 471.0926)
(-0.02865849 3.268877 141.6027)
(-0.2411478 -20.09376 5878.789)
(-0.1806318 -19.89588 5935.767)
(-0.1686207 -18.72473 26166.67)
(-0.004059664 -0.1833513 3380.847)
(0.001133267 1.274977 1997.586)
(0.0008748925 2.336944 1026.086)
(-0.002308827 3.046927 494.2325)
(-0.009609261 3.423372 147.6005)
(-0.2132837 -16.56518 6229.866)
(-0.1649437 -15.78002 27656.81)
(-0.001294633 -0.297378 3546.756)
(0.004889265 0.9435445 2099.208)
(0.006176984 1.919654 1082.835)
(0.005163676 2.595894 523.2468)
(0.002279107 2.950495 156.1477)
(-0.1829215 -10.46626 28939.31)
(-0.001032445 -0.2995401 3691.601)
(0.006774096 0.5494374 2189.003)
(0.008580208 1.288528 1134.18)
(0.00875705 1.815825 549.9659)
(0.008012981 2.094941 164.3257)
(-0.003060441 -0.2295424 3796.742)
(0.006647041 0.2763275 2256.119)
(0.009438414 0.7558272 1172.885)
(0.009900625 1.111212 570.4704)
(0.0101614 1.298835 170.6923)
(0.004456966 0.1164563 2298.823)
(0.008863564 0.381886 1198.171)
(0.0100105 0.5803378 583.9413)
(0.01042888 0.6867016 174.9342)
(0.006619514 0.1139464 1210.713)
(0.009068821 0.1783363 590.8519)
(0.009987141 0.2121953 177.125)
(-0.1102816 -0.8417424 360.4231)
(-0.1217694 -0.8043967 1119.629)
(-0.1283533 -0.7251135 2018.284)
(-0.1297474 -0.5883667 3256.722)
(-0.1159502 -0.3496497 4333.762)
(-0.8756175 -0.7390909 25935.49)
(-0.9037147 -0.3923895 6697.578)
(-0.8844508 -0.1189235 6759.804)
(-0.406096 0.04385756 6770.978)
(-0.08804089 -2.510282 357.2464)
(-0.1056104 -2.389658 1110.123)
(-0.1130189 -2.154074 2001.553)
(-0.112481 -1.741293 3230.81)
(-0.09940099 -1.019904 4301.061)
(-0.7404828 -1.811527 25746.01)
(-0.7676275 -0.8201718 6646.751)
(-0.8230713 0.04739086 6705.026)
(-0.8164362 0.7318234 6715.095)
(-0.3768074 1.086603 6727.759)
(-0.07959585 -3.856021 1088.665)
(-0.09556616 -3.44522 1964.233)
(-0.09695754 -2.753711 3172.879)
(-0.08427644 -1.533992 4229.942)
(-0.6160664 -1.169115 25342.56)
(-0.6309096 0.3107272 6541.04)
(-0.6754227 1.665145 6597.193)
(-0.7374277 2.830616 6603.919)
(-0.7559013 3.66448 6616.862)
(-0.3569826 3.788862 6634.749)
(-0.06624841 -4.393074 1902.661)
(-0.07947393 -3.418497 3078.437)
(-0.07078425 -1.726435 4113.623)
(-0.5074671 2.382566 24689.47)
(-0.5114958 4.113023 6369.506)
(-0.5411169 5.743429 6423.839)
(-0.5866717 7.17088 6429.163)
(-0.6648747 8.257972 6438.482)
(-0.7341924 8.796969 6456.334)
(-0.3713408 7.982512 6486.217)
(-0.05036776 -3.419271 2944.945)
(-0.056528 -1.415368 3950.893)
(-0.4131137 8.894006 23775.47)
(-0.4138837 10.41787 6129.321)
(-0.4316283 12.03006 6180.56)
(-0.4634803 13.35285 6185.763)
(-0.5193709 14.37623 6193.088)
(-0.6308304 14.91419 6206.499)
(-0.7971136 14.64441 6232.589)
(-0.44898 12.30917 6283)
(-0.03663813 -0.624448 3756.073)
(-0.33497 15.43155 22706.68)
(-0.335802 16.40261 5843.68)
(-0.3506921 17.53097 5892.469)
(-0.371435 18.45144 5896.776)
(-0.4123151 19.04596 5903.851)
(-0.4883061 19.31235 5914.09)
(-0.6507131 19.03878 5933.078)
(-0.9605814 17.86083 5970.181)
(-0.5967233 14.4395 6106.378)
(-0.3184924 18.06272 21709.99)
(-0.2840674 18.28187 5579.535)
(-0.2907004 18.89519 5622.98)
(-0.3095609 19.25226 5628.396)
(-0.3356782 19.43412 5633.82)
(-0.388425 19.33418 5642.951)
(-0.4883184 18.95934 5656.349)
(-0.7065739 18.11497 5681.23)
(-1.15439 16.48797 5779.48)
(-0.7228135 12.48028 25898.34)
(-0.31343 15.60182 5368.322)
(-0.2583518 15.7394 5413.479)
(-0.2617438 15.82282 5416.49)
(-0.284718 15.71633 5422.78)
(-0.3160354 15.49003 5429.133)
(-0.3795487 15.06555 5440.031)
(-0.5006853 14.45245 5456.155)
(-0.7663989 13.50504 5529.493)
(-1.274141 11.52427 24441.47)
(-0.07355506 -0.4825274 3257.707)
(-0.3203524 10.11402 5268.042)
(-0.2413775 10.02697 5276.222)
(-0.2423213 9.913582 5279.353)
(-0.2685846 9.685624 5286.157)
(-0.3036614 9.392949 5293.114)
(-0.3751689 8.988173 5305.268)
(-0.5119534 8.476548 5362.796)
(-0.7844852 7.483897 23510.29)
(-0.1203072 -0.2012487 3115.818)
(-0.0643875 -0.9760583 1894.158)
(-0.324205 3.417227 5199.915)
(-0.2285639 3.349917 5208.205)
(-0.2276627 3.275451 5211.197)
(-0.2559206 3.162912 5218.129)
(-0.2932616 3.030924 5225.335)
(-0.3698451 2.862724 5275.56)
(-0.4999199 2.564789 23020.04)
(-0.06507498 -0.05372902 3041.714)
(-0.09897276 -0.296184 1820.82)
(-0.0473875 -0.4610036 960.3029)
(-0.3217584 -3.368862 5199.527)
(-0.2173659 -3.278752 5207.461)
(-0.2148787 -3.182277 5210.116)
(-0.2436149 -3.047687 5216.804)
(-0.2818736 -2.893809 5260.96)
(-0.349284 -2.607922 22919.83)
(-0.03475611 0.04277615 3020.401)
(-0.04896425 0.2769601 1794.211)
(-0.06987309 0.4289465 927.403)
(-0.03193759 0.533983 459.9433)
(-0.3112947 -9.806323 5266.835)
(-0.2061033 -9.506459 5273.996)
(-0.2021217 -9.18789 5276.166)
(-0.2296336 -8.755731 5320.674)
(-0.2588998 -7.962139 23177.87)
(-0.01938578 0.08787782 3045.921)
(-0.0219961 0.7693102 1802.099)
(-0.03255774 1.208661 923.4477)
(-0.04597084 1.494736 447.948)
(-0.02310319 1.67313 137.8852)
(-0.2921622 -15.47183 5403.749)
(-0.1935686 -14.99184 5409.779)
(-0.1883275 -14.47563 5452.867)
(-0.2059699 -13.2478 23812.21)
(-0.01071756 0.05822179 3115.18)
(-0.008662646 1.143956 1840.277)
(-0.01204547 1.854929 940.434)
(-0.02034969 2.311456 452.3152)
(-0.03264869 2.562969 136.1494)
(-0.2646484 -19.39453 5610.651)
(-0.1797026 -18.85567 5662.005)
(-0.1677521 -17.50919 24814.94)
(-0.005843843 -0.04961651 3228.789)
(-0.001429249 1.328113 1906.243)
(-0.001932916 2.270642 975.4398)
(-0.005306912 2.881223 468.3325)
(-0.01334954 3.20009 139.7967)
(-0.2324137 -20.0172 5930.984)
(-0.1603057 -18.72178 26161.85)
(-0.00254451 -0.2014478 3379.217)
(0.002590842 1.253384 1997.085)
(0.003543639 2.31013 1025.326)
(0.002317523 3.016425 493.4484)
(-0.001082658 3.379639 147.0056)
(-0.1936476 -15.85236 27643.32)
(-0.002019964 -0.3047862 3547)
(0.005169965 0.9253775 2099.508)
(0.006564803 1.900885 1083.266)
(0.006491963 2.573106 523.3198)
(0.005316614 2.922212 156.0881)
(-0.005014331 -0.3126994 3691.156)
(0.005383886 0.5404359 2190.197)
(0.008166072 1.27512 1134.978)
(0.008477255 1.802351 550.5131)
(0.008478003 2.077011 164.4775)
(0.002936249 0.2648278 2256.934)
(0.008011758 0.7492439 1173.996)
(0.009206996 1.102702 571.129)
(0.009510535 1.289935 170.9335)
(0.005920411 0.3755652 1199.047)
(0.008671159 0.5767361 584.6697)
(0.009604937 0.6819611 175.1863)
(0.006628246 0.1764779 591.4321)
(0.008715923 0.2110739 177.3754)
(-0.09134354 -0.849501 360.6588)
(-0.1078887 -0.809818 1120.575)
(-0.1152915 -0.7321502 2019.947)
(-0.1149384 -0.596036 3259.07)
(-0.1018624 -0.3582482 4335)
(-0.7616778 -0.8133285 25935)
(-0.7898974 -0.4687 6695.593)
(-0.8430962 -0.1683765 6753.45)
(-0.8249627 0.07092133 6761.795)
(-0.3772974 0.2125264 6772.259)
(-0.08621233 -2.412754 1110.772)
(-0.1000222 -2.169876 2003.055)
(-0.1011947 -1.760463 3232.753)
(-0.08834103 -1.038747 4302.152)
(-0.650912 -1.981111 25746.06)
(-0.6671841 -1.004868 6645.789)
(-0.7126258 -0.130508 6701.966)
(-0.7675146 0.6504604 6706.883)
(-0.7616228 1.230999 6716.273)
(-0.349959 1.500704 6728.139)
(-0.07569168 -3.482004 1965.067)
(-0.08562194 -2.77802 3174.628)
(-0.07600219 -1.558768 4230.543)
(-0.5500414 -1.389041 25342.11)
(-0.5547511 0.09297027 6539.977)
(-0.5848798 1.437836 6594.954)
(-0.626718 2.661267 6598.726)
(-0.6900606 3.6714 6604.808)
(-0.7096683 4.330601 6617.007)
(-0.3343279 4.263852 6634.199)
(-0.06037259 -3.4604 3078.821)
(-0.06250056 -1.752569 4114.213)
(-0.4578713 2.183232 24685.39)
(-0.4569671 3.89422 6368.379)
(-0.4738886 5.553901 6421.301)
(-0.5015546 7.006778 6424.886)
(-0.5467144 8.237525 6429.628)
(-0.6281904 9.100027 6438.264)
(-0.7018704 9.388153 6455.487)
(-0.356653 8.260927 6485.03)
(-0.04307379 -1.444894 3949.397)
(-0.3706603 8.700496 23772.4)
(-0.3721344 10.28414 6126.972)
(-0.3839874 11.88212 6178.056)
(-0.4004453 13.28194 6181.081)
(-0.4320033 14.37611 6185.783)
(-0.4895708 15.15337 6192.509)
(-0.6068528 15.42078 6205.367)
(-0.7832549 14.84756 6231.143)
(-0.4449092 12.12284 6346.659)
(-0.3183448 15.40966 22688.91)
(-0.3040868 16.28807 5842.092)
(-0.3120429 17.49637 5888.556)
(-0.3264751 18.4117 5892.621)
(-0.3470471 19.11214 5896.508)
(-0.3889837 19.47538 5903.075)
(-0.4683419 19.49881 5912.839)
(-0.6388869 18.96424 5931.541)
(-0.964493 17.49311 6024.884)
(-0.577303 13.05165 26988.27)
(-0.3031869 18.33148 5573.443)
(-0.2669496 18.85264 5620.569)
(-0.271245 19.29133 5622.979)
(-0.2902267 19.46994 5628.034)
(-0.3168564 19.47055 5633.018)
(-0.3715009 19.18453 5641.733)
(-0.4758296 18.61786 5654.863)
(-0.7035842 17.56817 5728.083)
(-1.124317 15.04293 25366.97)
(-0.06215885 -0.547962 3350.912)
(-0.3096466 15.80779 5406.053)
(-0.2441743 15.81773 5413.423)
(-0.2455305 15.77781 5416.109)
(-0.2688979 15.54692 5422.002)
(-0.3010728 15.1965 5427.981)
(-0.3668485 14.6468 5438.623)
(-0.492745 13.90477 5497.269)
(-0.7412167 12.32115 24143.85)
(-0.1097481 -0.2707188 3184.626)
(-0.05842652 -1.514669 1929.071)
(-0.317717 10.07828 5267.959)
(-0.2291044 9.918564 5275.836)
(-0.2282681 9.735098 5278.598)
(-0.2550286 9.437191 5285.05)
(-0.2910709 9.075656 5291.762)
(-0.3648432 8.601284 5342.75)
(-0.4896696 7.724565 23337.87)
(-0.06250123 -0.1402675 3077.316)
(-0.09483706 -0.8580354 1840.431)
(-0.04549473 -1.350232 969.4904)
(-0.3217553 3.368908 5199.527)
(-0.2173595 3.278608 5207.461)
(-0.2148823 3.182069 5210.115)
(-0.2436268 3.047666 5216.804)
(-0.2818799 2.894074 5260.961)
(-0.3492802 2.608151 22919.84)
(-0.03475529 -0.04276383 3020.401)
(-0.04896398 -0.2769657 1794.211)
(-0.06987317 -0.4289453 927.403)
(-0.03193752 -0.5339843 459.9433)
(-0.3188474 -3.299147 5198.789)
(-0.2066154 -3.186747 5206.385)
(-0.2026899 -3.068857 5208.799)
(-0.2318157 -2.912953 5252.239)
(-0.2625835 -2.641432 22851.48)
(-0.02031394 0.03642711 3008.641)
(-0.02322492 0.2666385 1780.483)
(-0.03395202 0.4133742 911.9825)
(-0.04752491 0.5083987 442.4582)
(-0.02377466 0.5680198 136.4443)
(-0.3075046 -9.572485 5265.749)
(-0.1953317 -9.205439 5272.665)
(-0.1899918 -8.821442 5312.969)
(-0.2110809 -8.024247 23140.38)
(-0.01202922 0.07423426 3038.425)
(-0.01033099 0.7514749 1795.232)
(-0.01378674 1.184126 916.0338)
(-0.02214503 1.45794 440.1921)
(-0.03482147 1.608406 132.647)
(-0.2871912 -15.10443 5402.377)
(-0.1823488 -14.50723 5449.775)
(-0.1702605 -13.35103 23781.66)
(-0.007293261 0.04397147 3111.506)
(-0.003296589 1.123646 1836.491)
(-0.003843104 1.831848 937.1257)
(-0.007213534 2.280007 448.8825)
(-0.01560802 2.511449 133.9694)
(-0.2581131 -18.9979 5655.682)
(-0.1619115 -17.54062 24805.78)
(-0.003844203 -0.06637894 3226.174)
(0.0006305234 1.310101 1904.961)
(0.001484068 2.249039 973.9747)
(0.0002456063 2.856678 467.0325)
(-0.003444352 3.163712 138.9365)
(-0.2153067 -18.85172 26140.36)
(-0.003340091 -0.2108145 3378.89)
(0.003391013 1.234999 1996.622)
(0.004518623 2.292386 1025.232)
(0.004340236 2.995613 493.1011)
(0.002883988 3.353674 146.767)
(-0.007719275 -0.3224386 3545.719)
(0.003784771 0.9143322 2100.31)
(0.006574347 1.885346 1083.654)
(0.006709732 2.557789 523.6101)
(0.006439693 2.902567 156.1201)
(0.0005936496 0.5243532 2190.536)
(0.006722667 1.266208 1135.896)
(0.008024522 1.791065 551.0043)
(0.00818661 2.065027 164.6597)
(0.004502691 0.7384806 1174.684)
(0.007868334 1.096698 571.7881)
(0.008841145 1.28226 171.1512)
(0.006006239 0.5711107 585.2)
(0.008336466 0.6785921 175.426)
(0.006434138 0.2093604 177.5676)
(-0.0894255 -0.8174039 1121.274)
(-0.1021956 -0.7374261 2021.485)
(-0.1032822 -0.6024886 3261.128)
(-0.09037737 -0.3646933 4336.238)
(-0.6689014 -0.8731794 25936.59)
(-0.686223 -0.5347162 6695.172)
(-0.7327137 -0.2347055 6751.377)
(-0.7843123 0.03764329 6755.497)
(-0.7676868 0.2420483 6763.136)
(-0.3497808 0.3604606 6772.775)
(-0.08185663 -2.191637 2004.083)
(-0.0896601 -1.775345 3234.626)
(-0.07952805 -1.054542 4303.063)
(-0.5803526 -2.128325 25747.61)
(-0.5862334 -1.157088 6645.547)
(-0.6179917 -0.2965236 6700.938)
(-0.6594136 0.5031989 6703.88)
(-0.713927 1.194954 6708.107)
(-0.7091626 1.669708 6716.697)
(-0.3245188 1.849685 6727.81)
(-0.06844843 -2.810138 3175.52)
(-0.06738608 -1.579839 4231.402)
(-0.4963446 -1.570219 25341.26)
(-0.4953555 -0.1070116 6539.671)
(-0.5135149 1.241596 6593.833)
(-0.5404012 2.466263 6596.532)
(-0.5799042 3.553892 6599.656)
(-0.6446074 4.405038 6604.978)
(-0.6658036 4.886825 6616.472)
(-0.3131375 4.62702 6633.258)
(-0.04962124 -1.781556 4113.565)
(-0.4098781 1.973156 24684.84)
(-0.4121514 3.717348 6367.205)
(-0.423031 5.355989 6420.128)
(-0.4376405 6.84884 6422.383)
(-0.4636247 8.118145 6425.382)
(-0.508551 9.146917 6429.431)
(-0.5931949 9.781826 6437.423)
(-0.6714367 9.818466 6454.276)
(-0.3430002 8.384717 6554.487)
(-0.3318672 8.602677 23760.49)
(-0.3348959 10.11006 6126.146)
(-0.3445995 11.7691 6175.652)
(-0.3552659 13.16029 6178.6)
(-0.3706414 14.34242 6181.122)
(-0.4020302 15.20342 6185.22)
(-0.4612589 15.73206 6191.383)
(-0.5839786 15.72965 6203.912)
(-0.7698028 14.85585 6293.15)
(-0.421536 11.15634 28193.99)
(-0.2985173 16.28793 5837.468)
(-0.2838469 17.39624 5886.935)
(-0.2893008 18.39743 5888.721)
(-0.3033853 19.09722 5892.366)
(-0.323863 19.57534 5895.744)
(-0.3668338 19.70703 5901.832)
(-0.4493179 19.4896 5911.303)
(-0.6271509 18.69683 5985.045)
(-0.9274671 16.16178 26581.86)
(-0.04692107 -0.504707 3472.269)
(-0.2967775 18.91845 5614.374)
(-0.2505631 19.26084 5620.577)
(-0.2527202 19.52489 5622.626)
(-0.2718384 19.52539 5627.24)
(-0.2989663 19.34626 5631.81)
(-0.3553482 18.87737 5640.256)
(-0.4636098 18.12162 5700.948)
(-0.6738267 16.16867 25113.73)
(-0.09342768 -0.2553714 3289.27)
(-0.04918316 -1.857886 1982.768)
(-0.3056215 15.89669 5406.002)
(-0.2306154 15.78098 5413.048)
(-0.2301015 15.61906 5415.34)
(-0.2538269 15.26608 5420.858)
(-0.2867806 14.79454 5426.583)
(-0.3545345 14.12212 5479.269)
(-0.4681023 12.74485 23987.85)
(-0.05717919 -0.1682713 3149.801)
(-0.08627423 -1.320695 1880.579)
(-0.04154903 -2.126699 988.4377)
(-0.3146934 9.975388 5267.578)
(-0.2173435 9.744581 5275.087)
(-0.2148777 9.492633 5277.5)
(-0.2420686 9.126921 5283.706)
(-0.2789425 8.698107 5328.91)
(-0.3433627 7.859484 23242.58)
(-0.03330462 -0.1070429 3057.048)
(-0.04683293 -0.8003815 1815.096)
(-0.06717286 -1.255158 938.1183)
(-0.03084364 -1.570087 464.6224)
(-0.3188438 3.299202 5198.789)
(-0.2066082 3.186581 5206.384)
(-0.202694 3.068635 5208.799)
(-0.2318284 2.912931 5252.239)
(-0.2625899 2.641703 22851.48)
(-0.0203135 -0.03640169 3008.641)
(-0.02322417 -0.2666269 1780.483)
(-0.0339518 -0.4133785 911.9825)
(-0.04752496 -0.5083978 442.4582)
(-0.0237746 -0.568021 136.4443)
(-0.3154837 -3.208542 5197.719)
(-0.1963062 -3.074582 5205.073)
(-0.1910638 -2.935736 5244.059)
(-0.2138641 -2.662041 22811.62)
(-0.01267477 0.03188295 3000.677)
(-0.01113322 0.2607064 1773.171)
(-0.01459294 0.4052096 904.1382)
(-0.02294096 0.4960296 434.3057)
(-0.03576895 0.5459281 130.9523)
(-0.3033393 -9.27539 5264.424)
(-0.1850196 -8.842553 5309.409)
(-0.173051 -8.0925 23105.37)
(-0.008295238 0.06550077 3034.151)
(-0.004485159 0.7392538 1790.801)
(-0.004986536 1.170297 912.2046)
(-0.008267044 1.439035 436.3046)
(-0.01677074 1.576837 130.2175)
(-0.281954 -14.62618 5442.193)
(-0.1661861 -13.38731 23768.96)
(-0.004923887 0.03093628 3108.09)
(-0.0007991947 1.110521 1834.59)
(9.271359e-05 1.816487 935.1019)
(-0.001037466 2.262541 447.1755)
(-0.004820528 2.484997 132.8985)
(-0.2425735 -17.68753 24776.64)
(-0.004691482 -0.07550542 3225.296)
(0.001846793 1.29462 1903.786)
(0.002908415 2.234926 973.4066)
(0.002780211 2.840511 466.3058)
(0.001221673 3.143181 138.5353)
(-0.01095503 -0.2306145 3376.612)
(0.002027859 1.223609 1996.966)
(0.004931186 2.277632 1025.15)
(0.005010312 2.981746 493.1041)
(0.004573792 3.336206 146.6656)
(-0.002316454 0.8951912 2100.015)
(0.005163305 1.875122 1084.317)
(0.006595944 2.545323 523.8741)
(0.006582684 2.889306 156.2199)
(0.002405382 1.251777 1136.284)
(0.006683447 1.783201 551.5538)
(0.007731872 2.055081 164.8235)
(0.004766509 1.08733 572.2133)
(0.007576497 1.276722 171.3683)
(0.005862577 0.6734392 175.6021)
(-0.08486051 -0.7445988 2022.6)
(-0.09164121 -0.6074847 3263.054)
(-0.08128658 -0.3700877 4337.288)
(-0.5959051 -0.9245515 25939.05)
(-0.6025687 -0.5887568 6695.302)
(-0.6355024 -0.294639 6750.897)
(-0.6773289 -0.01876333 6753.487)
(-0.7275445 0.2246873 6756.895)
(-0.7127047 0.3935766 6763.704)
(-0.3235733 0.4867881 6772.563)
(-0.07378495 -1.79463 3235.811)
(-0.07067716 -1.067789 4304.067)
(-0.5234811 -2.250676 25748.64)
(-0.522928 -1.292104 6645.711)
(-0.5426726 -0.4361622 6700.647)
(-0.5703466 0.3559752 6702.906)
(-0.6081487 1.077913 6705.157)
(-0.6623932 1.677904 6708.575)
(-0.6591165 2.045223 6716.404)
(-0.3005048 2.131075 6727.066)
(-0.05519478 -1.603439 4231.35)
(-0.4441171 -1.748809 25342.4)
(-0.4470238 -0.2713958 6539.27)
(-0.4585411 1.055433 6593.488)
(-0.4736234 2.291843 6595.456)
(-0.4976048 3.391008 6597.505)
(-0.5350549 4.338021 6599.865)
(-0.6011202 5.026812 6604.468)
(-0.6243212 5.328955 6615.538)
(-0.293355 4.8739 6707.046)
(-0.3563807 1.827686 24677.78)
(-0.3697333 3.524687 6366.95)
(-0.3813432 5.195999 6418.911)
(-0.3902841 6.67219 6421.242)
(-0.4028521 7.9916 6422.91)
(-0.4273811 9.071218 6425.213)
(-0.4722195 9.893257 6428.609)
(-0.5598921 10.29835 6436.215)
(-0.6427365 10.08184 6522.769)
(-0.3154493 7.897678 29250.95)
(-0.3065504 10.036 6123.014)
(-0.3111418 11.6091 6174.796)
(-0.3181299 13.06808 6176.218)
(-0.3277873 14.2468 6178.661)
(-0.3422457 15.2058 6180.578)
(-0.3735779 15.82997 6184.109)
(-0.4344286 16.10852 6189.931)
(-0.5620869 15.83538 6265.082)
(-0.7243151 13.93845 27929.74)
(-0.02966649 -0.3463857 3605.92)
(-0.2882951 17.416 5882.231)
(-0.2644487 18.31182 5887.113)
(-0.2676149 19.10275 5888.478)
(-0.2814294 19.58432 5891.613)
(-0.3018807 19.83884 5894.512)
(-0.3458499 19.73982 5900.304)
(-0.4311508 19.2818 5964.214)
(-0.5912789 17.40956 26385.75)
(-0.07174798 -0.1566343 3425.59)
(-0.03648556 -1.892561 2053.696)
(-0.2903639 19.34192 5614.387)
(-0.2349255 19.50613 5620.232)
(-0.2351199 19.59533 5621.841)
(-0.2543842 19.41892 5626.04)
(-0.2819895 19.06239 5630.341)
(-0.3399092 18.41228 5685.947)
(-0.435393 16.75003 24982.47)
(-0.04895157 -0.1166378 3259.962)
(-0.0728516 -1.594188 1942.146)
(-0.03526789 -2.668192 1017.836)
(-0.3013658 15.86964 5405.632)
(-0.217665 15.63004 5412.285)
(-0.2154422 15.34799 5414.204)
(-0.2394875 14.87574 5419.469)
(-0.2731168 14.28499 5466.929)
(-0.3312111 12.9772 23902.43)
(-0.03031181 -0.1126225 3131.626)
(-0.0423884 -1.225156 1857.803)
(-0.06148427 -1.972255 960.1525)
(-0.02849772 -2.4927 474.3083)
(-0.3112837 9.80637 5266.835)
(-0.2060829 9.506304 5273.994)
(-0.2021338 9.187721 5276.164)
(-0.2296711 8.755698 5320.674)
(-0.2589189 7.962405 23177.88)
(-0.01938434 -0.08785393 3045.922)
(-0.02199391 -0.7693 1802.099)
(-0.03255711 -1.208664 923.4476)
(-0.045971 -1.494735 447.948)
(-0.02310304 -1.67313 137.8852)
(-0.3154798 3.208606 5197.719)
(-0.1962985 3.074398 5205.073)
(-0.1910682 2.935501 5244.059)
(-0.2138769 2.662018 22811.62)
(-0.01267547 -0.03185188 3000.678)
(-0.0111328 -0.2606827 1773.171)
(-0.01459233 -0.4052 904.1383)
(-0.02294078 -0.496033 434.3057)
(-0.03576899 -0.5459273 130.9523)
(-0.3116786 -3.097619 5196.414)
(-0.1864129 -2.94261 5240.27)
(-0.1746534 -2.685692 22774.32)
(-0.008799233 0.02896969 2996.101)
(-0.005056639 0.2566299 1768.413)
(-0.005516384 0.4006162 900.0465)
(-0.008723764 0.4897362 430.1907)
(-0.01724896 0.5352871 128.3988)
(-0.2987835 -8.91596 5300.97)
(-0.1698151 -8.116209 23090.32)
(-0.005666253 0.05727071 3030.171)
(-0.001723503 0.7313526 1788.474)
(-0.0007401692 1.161168 909.7993)
(-0.001736703 1.428652 434.3213)
(-0.005505975 1.560957 129.0044)
(-0.2672551 -13.50879 23733.71)
(-0.005806558 0.02388372 3106.765)
(0.0007128904 1.099145 1832.846)
(0.001823487 1.806538 934.1622)
(0.001818175 2.251354 446.1507)
(0.0002798237 2.470558 132.3696)
(-0.01403893 -0.09359747 3222.067)
(0.0005052098 1.284949 1903.706)
(0.003614307 2.223198 972.8937)
(0.003768694 2.829939 466.052)
(0.003296562 3.129967 138.3141)
(-0.005364492 1.204327 1995.942)
(0.003566042 2.267797 1025.523)
(0.005194709 2.970522 493.1109)
(0.00509424 3.324545 146.6738)
(-5.49289e-05 1.858827 1084.312)
(0.005293867 2.536689 524.2802)
(0.006418441 2.878661 156.3109)
(0.002988446 1.771008 551.8127)
(0.006470205 2.047965 165.005)
(0.004735253 1.268251 171.5105)
(-0.0764046 -0.6138886 3264.37)
(-0.07231546 -0.3745887 4338.354)
(-0.5373316 -0.9673779 25940.92)
(-0.5371366 -0.6360243 6695.678)
(-0.55788 -0.3445491 6750.981)
(-0.5863219 -0.0725579 6753.066)
(-0.623909 0.1781062 6754.945)
(-0.6728941 0.3917638 6757.52)
(-0.6600924 0.5246105 6763.537)
(-0.2986974 0.5906559 6771.924)
(-0.05902404 -1.082572 4304.362)
(-0.4684633 -2.367357 25750.72)
(-0.4718165 -1.404155 6645.756)
(-0.4842713 -0.5630617 6700.776)
(-0.5004334 0.2291735 6702.666)
(-0.5243925 0.9495167 6704.235)
(-0.5589212 1.590545 6705.677)
(-0.6129941 2.096316 6708.326)
(-0.6115356 2.354869 6715.688)
(-0.277883 2.341996 6803.614)
(-0.3827847 -1.890325 25338.8)
(-0.4005565 -0.4366396 6539.396)
(-0.4137901 0.9028525 6593.05)
(-0.4228875 2.119997 6595.15)
(-0.4351943 3.238607 6596.471)
(-0.4565648 4.206928 6597.754)
(-0.4922388 5.008693 6599.39)
(-0.5596426 5.532183 6603.555)
(-0.5851296 5.651878 6688.797)
(-0.2623747 4.718759 30034.88)
(-0.3257964 3.401132 6365.023)
(-0.3428962 5.01499 6418.629)
(-0.3515892 6.529492 6420.055)
(-0.3588169 7.83646 6421.799)
(-0.3695767 8.975701 6422.772)
(-0.3928716 9.859975 6424.418)
(-0.437749 10.47122 6427.417)
(-0.5281983 10.6431 6504.18)
(-0.5884641 9.638626 29098.33)
(-0.01650704 -0.1605563 3722.675)
(-0.2917267 11.5555 6171.604)
(-0.2882879 12.92263 6175.383)
(-0.2927885 14.17535 6176.298)
(-0.3015804 15.13579 6178.136)
(-0.3152807 15.86705 6179.484)
(-0.346655 16.25176 6182.67)
(-0.4090118 16.2771 6250.706)
(-0.5186397 14.9632 27792.76)
(-0.04782566 -0.0261022 3575.838)
(-0.02138949 -1.550214 2133.047)
(-0.2783343 18.35075 5882.418)
(-0.2459257 19.03165 5886.883)
(-0.2469934 19.60902 5887.737)
(-0.2606082 19.8707 5890.392)
(-0.2810916 19.90144 5892.994)
(-0.3259744 19.57074 5952.925)
(-0.397926 18.02608 26285.74)
(-0.03841477 -0.002489461 3403.208)
(-0.05448058 -1.579377 2023.273)
(-0.02626783 -2.80237 1057.104)
(-0.2839537 19.60149 5614.047)
(-0.2200304 19.5879 5619.455)
(-0.2184342 19.5029 5620.649)
(-0.2378482 19.15162 5624.579)
(-0.2658794 18.61852 5675.786)
(-0.3137087 17.0595 24911.73)
(-0.02572892 -0.04186454 3244.872)
(-0.03536964 -1.465826 1923.184)
(-0.05228821 -2.460546 994.188)
(-0.02457829 -3.165611 489.4258)
(-0.2968741 15.72755 5404.874)
(-0.2053106 15.36632 5411.154)
(-0.2015355 14.96656 5412.822)
(-0.2258419 14.37673 5459.656)
(-0.2515905 13.1492 23844.98)
(-0.0174867 -0.08072618 3121.756)
(-0.01942407 -1.173548 1846.264)
(-0.02957229 -1.895674 946.989)
(-0.04258046 -2.371742 459.273)
(-0.02160393 -2.665926 140.874)
(-0.3074923 9.572539 5265.749)
(-0.1953097 9.205265 5272.663)
(-0.1900049 8.821263 5312.967)
(-0.2111189 8.024213 23140.38)
(-0.01203133 -0.0742036 3038.426)
(-0.01032963 -0.7514524 1795.232)
(-0.01378494 -1.184118 916.034)
(-0.0221445 -1.457942 440.192)
(-0.03482161 -1.608405 132.6471)
(-0.3116743 3.097689 5196.415)
(-0.1864049 2.942412 5240.269)
(-0.1746579 2.685456 22774.32)
(-0.00880064 -0.0289721 2996.101)
(-0.005057284 -0.2566007 1768.413)
(-0.005516032 -0.4005966 900.0466)
(-0.00872326 -0.4897283 430.1907)
(-0.0172488 -0.53529 128.3988)
(-0.3074216 -2.966739 5231.405)
(-0.1716557 -2.693421 22758.13)
(-0.006037565 0.02615171 2991.828)
(-0.002173262 0.254005 1765.871)
(-0.001125203 0.3975835 897.4478)
(-0.002038314 0.4862979 428.0683)
(-0.00577619 0.5299999 127.1147)
(-0.284516 -8.191002 23050.99)
(-0.006541789 0.05307781 3028.547)
(-1.078043e-05 0.7243576 1786.333)
(0.001166151 1.155286 908.606)
(0.001292665 1.422108 433.0938)
(-0.0001803384 1.552426 128.3889)
(-0.0164648 0.01020724 3102.765)
(-0.0006120566 1.09222 1832.433)
(0.002718171 1.798281 933.3092)
(0.003004135 2.244147 445.6974)
(0.002570649 2.461609 132.0547)
(-0.007918941 1.268682 1902.006)
(0.002287306 2.215337 973.0028)
(0.004144454 2.821494 465.8256)
(0.004064442 3.121346 138.241)
(-0.00241693 2.252252 1025.073)
(0.003941668 2.962609 493.3553)
(0.005170348 3.315315 146.6829)
(0.001003467 2.523452 524.3231)
(0.00519645 2.871053 156.4461)
(0.003149713 2.037137 165.0939)
(-0.06094622 -0.3795962 4338.804)
(-0.4809359 -1.007659 25943.4)
(-0.4845231 -0.6753989 6695.921)
(-0.4975875 -0.3891338 6751.322)
(-0.5144986 -0.118243 6753.204)
(-0.5388305 0.1304837 6754.579)
(-0.5725515 0.3548746 6755.628)
(-0.6204592 0.5378628 6757.41)
(-0.6099185 0.6342613 6762.933)
(-0.275125 0.6710867 6849.791)
(-0.4035369 -2.465641 25749.14)
(-0.4226878 -1.512763 6646.089)
(-0.437038 -0.668168 6700.789)
(-0.4467471 0.1107278 6702.84)
(-0.4596426 0.8357552 6704.044)
(-0.4802148 1.48094 6704.804)
(-0.5118189 2.037967 6705.475)
(-0.5658038 2.447238 6707.651)
(-0.5663689 2.595484 6791.914)
(-0.2448028 2.335336 30534.57)
(-0.3479283 -0.5612355 6538.318)
(-0.3713561 0.7460516 6593.152)
(-0.3815793 1.979657 6594.75)
(-0.3884985 3.081514 6596.203)
(-0.3982958 4.076648 6596.76)
(-0.4173517 4.908904 6597.318)
(-0.4515171 5.561115 6598.509)
(-0.5201289 5.915645 6676.488)
(-0.5234487 5.528619 29950.84)
(-0.008760776 -0.04823555 3809.226)
(-0.3066604 4.909083 6416.654)
(-0.3169614 6.360721 6419.801)
(-0.3229709 7.711363 6420.641)
(-0.3286778 8.8422 6421.69)
(-0.3378626 9.794938 6422.005)
(-0.3601359 10.47886 6423.25)
(-0.4051009 10.874 6495.157)
(-0.4765262 10.24727 29009.54)
(-0.0291947 0.05690327 3705.591)
(-0.00915045 -1.02235 2203.198)
(-0.2773821 12.88919 6172.204)
(-0.2663882 14.04479 6175.482)
(-0.2686027 15.08492 6175.791)
(-0.2766678 15.82209 6177.06)
(-0.289761 16.32201 6178.061)
(-0.3212205 16.46293 6243.273)
(-0.3692659 15.44236 27725.37)
(-0.02762724 0.1116461 3560.515)
(-0.03312959 -1.256685 2113.872)
(-0.01498661 -2.396014 1101.558)
(-0.2686483 19.08895 5882.195)
(-0.2282832 19.55229 5886.152)
(-0.2274389 19.91381 5886.526)
(-0.2409165 19.95503 5888.883)
(-0.2614529 19.76003 5945.444)
(-0.295594 18.3389 26233.52)
(-0.0199 0.08086126 3391.931)
(-0.02599339 -1.435353 2009.088)
(-0.03912217 -2.556422 1039.469)
(-0.01856451 -3.379447 509.7706)
(-0.2775346 19.69654 5613.275)
(-0.2058685 19.50634 5618.269)
(-0.2026487 19.24867 5619.195)
(-0.2221903 18.72304 5669.901)
(-0.2419357 17.27814 24864.97)
(-0.014614 0.0009485694 3236.837)
(-0.01537105 -1.396269 1913.789)
(-0.0246564 -2.357879 983.2734)
(-0.0367828 -3.0049 476.8566)
(-0.01893844 -3.404382 145.5536)
(-0.2921427 15.47184 5403.75)
(-0.1935378 14.99174 5409.777)
(-0.1883473 14.47559 5452.865)
(-0.2060278 13.24778 23812.2)
(-0.01072104 -0.05819804 3115.182)
(-0.008660294 -1.143937 1840.278)
(-0.01204266 -1.854922 940.4343)
(-0.02034887 -2.311454 452.3151)
(-0.03264882 -2.562968 136.1494)
(-0.303326 9.275449 5264.424)
(-0.1849964 8.842365 5309.408)
(-0.1730645 8.092319 23105.36)
(-0.008299421 -0.06550406 3034.151)
(-0.004487106 -0.7392249 1790.802)
(-0.004985406 -1.170278 912.205)
(-0.008265564 -1.439028 436.3048)
(-0.01677027 -1.576838 130.2175)
(-0.3074171 2.966814 5231.406)
(-0.1716476 2.693218 22758.13)
(-0.00603809 -0.02617623 2991.827)
(-0.002174555 -0.2540071 1765.871)
(-0.001125733 -0.3975593 897.448)
(-0.002038019 -0.4862816 428.0683)
(-0.005775744 -0.5299929 127.1147)
(-0.2933413 -2.718011 22716.8)
(-0.006892364 0.02479324 2990.057)
(-0.000359439 0.2516311 1763.526)
(0.0008593424 0.3956434 896.127)
(0.001066265 0.484138 426.7384)
(-0.0003596414 0.5271824 126.4557)
(-0.01804871 0.04490173 3024.024)
(-0.001299653 0.7203735 1785.7)
(0.002180824 1.150329 907.518)
(0.002580545 1.417936 432.5052)
(0.002211697 1.547261 128.0106)
(-0.009725912 1.080506 1830.193)
(0.001417925 1.79289 933.2146)
(0.003483275 2.238472 445.2888)
(0.003477683 2.455885 131.9187)
(-0.004187023 2.20284 972.147)
(0.002929808 2.815462 465.9256)
(0.004277123 3.114694 138.1763)
(-0.0007435723 2.950513 493.1562)
(0.003996092 3.308553 146.7662)
(0.001438836 2.859588 156.4659)
(-0.4146697 -1.042418 25942.73)
(-0.4340823 -0.7129874 6696.342)
(-0.4490009 -0.4262285 6751.536)
(-0.4591546 -0.1600288 6753.593)
(-0.472555 0.08910229 6754.769)
(-0.4931191 0.3134352 6755.315)
(-0.5233525 0.5104898 6755.571)
(-0.5703323 0.6619785 6756.863)
(-0.5621506 0.7214911 6840.553)
(-0.2411397 0.6838772 30774.44)
(-0.3658565 -1.600884 6645.504)
(-0.3919917 -0.7718962 6701.098)
(-0.4032536 0.01285967 6702.895)
(-0.4104658 0.7260692 6704.26)
(-0.4203766 1.380373 6704.659)
(-0.4378979 1.94703 6704.649)
(-0.4669239 2.417076 6704.843)
(-0.5208058 2.7272 6783.683)
(-0.4996941 2.605384 30482.97)
(-0.005418823 -0.004559544 3864.478)
(-0.3253881 0.6343665 6592.035)
(-0.3430424 1.831783 6594.886)
(-0.3504842 2.953794 6595.838)
(-0.3554341 3.934677 6596.529)
(-0.3629938 4.800726 6596.362)
(-0.3800303 5.49197 6596.472)
(-0.4128803 5.989505 6671.34)
(-0.4611227 5.834516 29893.98)
(-0.01782552 0.06623666 3800.24)
(-0.001471002 -0.5824333 2255.731)
(-0.2881293 6.2725 6417.848)
(-0.2919994 7.555338 6420.414)
(-0.2955321 8.734912 6420.557)
(-0.2999111 9.683069 6420.95)
(-0.3077513 10.44356 6420.863)
(-0.3291587 10.92081 6490.918)
(-0.358261 10.5195 28969.59)
(-0.01883045 0.1566743 3696.022)
(-0.01527032 -0.8153795 2192.908)
(-0.00534487 -1.676177 1141.209)
(-0.2635462 14.03113 6172.316)
(-0.2454649 14.96949 6174.993)
(-0.2455952 15.79147 6174.731)
(-0.2530656 16.30133 6175.652)
(-0.26566 16.56459 6238.578)
(-0.2852724 15.65842 27692.79)
(-0.01383273 0.1880915 3553.171)
(-0.01568352 -1.123053 2104.593)
(-0.02295846 -2.163018 1090.573)
(-0.0104626 -2.950904 532.9803)
(-0.2592261 19.6271 5881.471)
(-0.2115222 19.8712 5884.951)
(-0.2089484 20.01569 5885.026)
(-0.2223195 19.83409 5941.259)
(-0.2339006 18.54584 26200.18)
(-0.010968 0.1291109 3386.171)
(-0.00990679 -1.355655 2002.35)
(-0.01772155 -2.440262 1031.38)
(-0.02787138 -3.189923 500.4068)
(-0.01451939 -3.661131 151.8767)
(-0.271095 19.62722 5612.095)
(-0.1924271 19.26244 5616.821)
(-0.1877288 18.83214 5664.405)
(-0.2002889 17.39292 24839.09)
(-0.008766078 0.03095355 3231.6)
(-0.006029425 -1.355943 1909.09)
(-0.009151763 -2.302558 977.9849)
(-0.01716431 -2.924244 471.0926)
(-0.02865842 -3.268877 141.6027)
(-0.2871698 15.10444 5402.377)
(-0.1823162 14.50712 5449.773)
(-0.170281 13.35098 23781.64)
(-0.007299791 -0.04397314 3111.506)
(-0.003299837 -1.123622 1836.492)
(-0.003841146 -1.831831 937.1263)
(-0.007211207 -2.280002 448.8827)
(-0.01560727 -2.511447 133.9694)
(-0.2987693 8.916024 5300.971)
(-0.1697918 8.116016 23090.31)
(-0.005667837 -0.05729011 3030.17)
(-0.001727359 -0.7313554 1788.474)
(-0.0007417733 -1.161144 909.7998)
(-0.001735763 -1.428637 434.3215)
(-0.005504663 -1.56095 129.0044)
(-0.2933367 2.718087 22716.8)
(-0.006891531 -0.02481663 2990.056)
(-0.0003599363 -0.2516531 1763.526)
(0.0008582826 -0.395645 896.127)
(0.001065827 -0.4841179 426.7385)
(-0.0003593773 -0.5271679 126.4557)
(-0.01883444 0.02212049 2985.274)
(-0.001616027 0.2503531 1762.785)
(0.00193226 0.3939774 894.9184)
(0.002395868 0.4827749 426.0819)
(0.002070732 0.5254876 126.0454)
(-0.01081279 0.7135428 1783.097)
(0.0009162196 1.147308 907.2894)
(0.003116409 1.414627 431.9715)
(0.003181312 1.544006 127.8322)
(-0.005286475 1.78421 932.0393)
(0.00229399 2.234497 445.2781)
(0.003748559 2.451591 131.7966)
(-0.0018812 2.80614 465.5078)
(0.00313896 3.109704 138.2135)
(3.07954e-05 3.298372 146.7091)
(-0.3756049 -0.7443756 6695.977)
(-0.4026693 -0.4622246 6751.934)
(-0.4144567 -0.1947414 6753.85)
(-0.4219514 0.05022212 6755.203)
(-0.4321292 0.2764215 6755.555)
(-0.4492779 0.4752181 6755.309)
(-0.4764043 0.6438987 6755.072)
(-0.522515 0.7629478 6834.36)
(-0.4930601 0.7389581 30734.58)
(-0.004351333 0.001969156 3891.051)
(-0.3411294 -0.8525927 6700.48)
(-0.3621623 -0.08567417 6703.242)
(-0.3705621 0.6357057 6704.355)
(-0.375494 1.279724 6704.916)
(-0.3827111 1.859747 6704.548)
(-0.3975218 2.344585 6704.06)
(-0.4242455 2.724243 6780.843)
(-0.4564219 2.766044 30447.05)
(-0.01197433 0.04085128 3859.451)
(0.002091544 -0.2846922 2289.557)
(-0.3035173 1.733152 6593.797)
(-0.3156966 2.815287 6596.006)
(-0.3205586 3.819902 6596.196)
(-0.3237529 4.674171 6596.163)
(-0.3293494 5.405739 6595.551)
(-0.3446066 5.950159 6669.297)
(-0.3597333 5.94524 29874.06)
(-0.01279573 0.1316093 3794.55)
(-0.003496371 -0.4682326 2251.07)
(0.0009986481 -1.020302 1171.122)
(-0.2702506 7.484752 6418.48)
(-0.2680474 8.592063 6420.355)
(-0.2693135 9.593681 6419.841)
(-0.2725554 10.35317 6419.832)
(-0.2792376 10.91431 6488.515)
(-0.2872096 10.59945 28953.46)
(-0.008766625 0.2162055 3692)
(-0.006406647 -0.7122375 2187.696)
(-0.008629018 -1.507716 1135.512)
(-0.003118232 -2.119013 553.7854)
(-0.2502204 14.97512 6171.838)
(-0.2255362 15.69127 6173.948)
(-0.223782 16.29049 6173.337)
(-0.2307539 16.56729 6236.149)
(-0.2332562 15.7839 27673.67)
(-0.007132892 0.232582 3549.805)
(-0.003662496 -1.045663 2100.632)
(-0.009585225 -2.052706 1085.407)
(-0.01611271 -2.769932 527.173)
(-0.008133158 -3.225886 159.1194)
(-0.2500553 19.96257 5880.276)
(-0.1956386 19.98684 5883.459)
(-0.1914929 19.91135 5937.333)
(-0.1972398 18.63543 26182.92)
(-0.00631597 0.1627761 3382.587)
(-0.002432541 -1.308178 1999.258)
(-0.004992774 -2.375612 1027.67)
(-0.01230192 -3.098071 496.1493)
(-0.02202609 -3.501997 148.9333)
(-0.2646242 19.39452 5610.652)
(-0.1796741 18.85564 5662.002)
(-0.1677757 17.50924 24814.92)
(-0.005851354 0.04961743 3228.788)
(-0.001433478 -1.328091 1906.245)
(-0.001930356 -2.270628 975.4406)
(-0.00530405 -2.881218 468.3327)
(-0.01334856 -3.200088 139.7966)
(-0.2819311 14.62619 5442.193)
(-0.1661532 13.38719 23768.95)
(-0.004926371 -0.03094326 3108.088)
(-0.0008052958 -1.110522 1834.59)
(9.00261e-05 -1.816468 935.1027)
(-0.001035838 -2.262528 447.1759)
(-0.004818455 -2.484992 132.8985)
(-0.2845016 8.191066 23051)
(-0.006539382 -0.05310024 3028.546)
(-1.228232e-05 -0.7243753 1786.333)
(0.001162984 -1.155288 908.606)
(0.001291339 -1.422088 433.0941)
(-0.000179499 -1.552412 128.389)
(-0.01883393 -0.02211284 2985.274)
(-0.001615288 -0.250375 1762.785)
(0.001931845 -0.3939951 894.9183)
(0.002394997 -0.4827761 426.0819)
(0.002070342 -0.5254697 126.0454)
(-0.01132689 0.2481434 1760.001)
(0.0006959301 0.3930199 894.6245)
(0.002956531 0.4816759 425.4843)
(0.003062517 0.5244331 125.8457)
(-0.00586019 1.142366 905.9007)
(0.001956465 1.412463 431.8885)
(0.003475723 1.541568 127.6708)
(-0.002442958 2.228252 444.6902)
(0.002633231 2.448399 131.7987)
(-0.0007704226 3.10209 138.0874)
(-0.3498256 -0.4912052 6751.538)
(-0.372111 -0.2290375 6754.288)
(-0.3809917 0.01798556 6755.502)
(-0.3860471 0.2405454 6756.031)
(-0.3933013 0.442617 6755.596)
(-0.4073941 0.6147483 6754.857)
(-0.4317245 0.7538878 6832.567)
(-0.4553225 0.7906768 30709.22)
(-0.009585211 0.01297221 3887.512)
(0.003319793 -0.08416044 2305.921)
(-0.3170968 -0.1588047 6702.655)
(-0.3332866 0.5426622 6704.738)
(-0.3390223 1.197105 6705.048)
(-0.3418978 1.768373 6704.843)
(-0.346719 2.270605 6704)
(-0.3591056 2.669875 6780.089)
(-0.3665501 2.787895 30439.01)
(-0.008863267 0.08085946 3856.319)
(0.003022638 -0.236854 2287.724)
(0.004089769 -0.529965 1190.496)
(-0.2823774 2.729798 6594.942)
(-0.2893652 3.691164 6596.395)
(-0.2918551 4.572591 6595.862)
(-0.2935097 5.294796 6595.384)
(-0.2973737 5.885582 6668.401)
(-0.2974262 5.934902 29869.22)
(-0.005119237 0.1714904 3792.987)
(0.0005973612 -0.396321 2248.665)
(0.001327211 -0.924358 1168.802)
(0.001939463 -1.325453 569.5444)
(-0.2530423 8.538972 6418.439)
(-0.2451394 9.464347 6419.661)
(-0.2443508 10.28164 6418.744)
(-0.2466086 10.84508 6487.504)
(-0.2416677 10.61936 28946.15)
(-0.003974425 0.2495288 3690.665)
(0.002178088 -0.6473035 2186.129)
(-0.001750435 -1.419501 1132.796)
(-0.005011568 -1.985392 550.8228)
(-0.002053719 -2.341192 165.6258)
(-0.2374034 15.7156 6170.804)
(-0.2066146 16.20551 6172.568)
(-0.2031482 16.5756 6233.812)
(-0.2013843 15.80756 27665.45)
(-0.003768643 0.2634081 3547.97)
(0.001793303 -0.9984835 2099.262)
(0.0001201496 -1.98786 1083.363)
(-0.006143485 -2.681085 524.4846)
(-0.01265883 -3.073203 157.2964)
(-0.241122 20.09378 5878.789)
(-0.180605 19.89579 5935.763)
(-0.1686469 18.7247 26166.66)
(-0.004068617 0.1833503 3380.847)
(0.001128096 -1.274945 1997.588)
(0.0008783231 -2.336924 1026.087)
(-0.002305107 -3.046921 494.2327)
(-0.009607927 -3.423374 147.6005)
(-0.2580868 18.99789 5655.683)
(-0.1618825 17.54058 24805.76)
(-0.003847287 0.06637942 3226.173)
(0.0006232409 -1.3101 1904.961)
(0.001480515 -2.249021 973.9757)
(0.0002477603 -2.856666 467.0329)
(-0.003441777 -3.163707 138.9366)
(-0.2672318 13.5088 23733.72)
(-0.005803085 -0.02389938 3106.763)
(0.0007105005 -1.099153 1832.845)
(0.001818438 -1.80654 934.1621)
(0.001815948 -2.251338 446.1511)
(0.000281276 -2.470546 132.3697)
(-0.01804711 -0.0448954 3024.024)
(-0.001297511 -0.7203947 1785.699)
(0.00217957 -1.150344 907.5176)
(0.002577938 -1.417937 432.5052)
(0.002210518 -1.547243 128.0107)
(-0.01132642 -0.2481368 1760.001)
(0.0006965194 -0.3930381 894.6244)
(0.002956185 -0.4816903 425.4843)
(0.003061744 -0.5244342 125.8457)
(-0.006104233 0.3914414 893.1302)
(0.001818858 0.4810011 425.3661)
(0.00336424 0.5236329 125.6643)
(-0.002638365 1.409004 431.1875)
(0.002385307 1.539873 127.65)
(-0.001052746 2.44344 131.6192)
(-0.3247488 -0.2555556 6753.925)
(-0.3424966 -0.01450793 6755.977)
(-0.3486667 0.2108716 6756.37)
(-0.351511 0.4098322 6756.113)
(-0.3561496 0.5865816 6755.188)
(-0.3674927 0.7307803 6832.396)
(-0.371683 0.7902798 30706.55)
(-0.006898687 0.02665191 3885.673)
(0.005830684 -0.07204086 2305.183)
(0.005209111 -0.1625571 1199.904)
(-0.2938286 0.4772112 6704.18)
(-0.305416 1.109832 6705.465)
(-0.3086931 1.693705 6705.01)
(-0.3097413 2.188696 6704.331)
(-0.3124208 2.609139 6780.077)
(-0.3082015 2.752824 30440.74)
(-0.002967386 0.1022893 3856.252)
(0.005425473 -0.1915508 2287.18)
(0.007090659 -0.4882267 1189.887)
(0.004506255 -0.7047126 579.7833)
(-0.2619995 3.618847 6595.355)
(-0.2640934 4.453972 6596.089)
(-0.2644232 5.20658 6595.11)
(-0.2647149 5.790351 6668.276)
(-0.2553754 5.89335 29869.59)
(-0.001899377 0.1924759 3793.091)
(0.006820766 -0.3496116 2248.901)
(0.00449021 -0.8608856 1167.795)
(0.003087456 -1.247383 568.4093)
(0.002276114 -1.480207 170.5629)
(-0.2365191 9.428511 6417.761)
(-0.2233054 10.16605 6418.584)
(-0.2206438 10.79124 6486.43)
(-0.2127177 10.5727 28945.24)
(-0.001729351 0.2717515 3690.311)
(0.005756068 -0.6083494 2186.257)
(0.005236749 -1.363023 1132.208)
(0.0001994996 -1.912348 549.46)
(-0.003352793 -2.226874 164.702)
(-0.2250902 16.24783 6169.432)
(-0.188684 16.50569 6233.065)
(-0.1764149 15.83291 27657.31)
(-0.002274538 0.2816825 3547.364)
(0.004157899 -0.9651285 2098.862)
(0.004440675 -1.947862 1082.823)
(0.001690684 -2.628434 523.4665)
(-0.004545814 -2.996271 156.4587)
(-0.2323851 20.01722 5930.985)
(-0.160278 18.72168 26161.83)
(-0.002548289 0.2014375 3379.215)
(0.002581839 -1.253385 1997.085)
(0.003539211 -2.310103 1025.328)
(0.002320427 -3.016408 493.4489)
(-0.001079297 -3.379633 147.0056)
(-0.2425465 17.68753 24776.65)
(-0.004688154 0.0754952 3225.294)
(0.001843732 -1.294622 1903.785)
(0.002902249 -2.234926 973.4065)
(0.002777234 -2.840495 466.3063)
(0.001223608 -3.14317 138.5354)
(-0.01646216 -0.01020625 3102.766)
(-0.0006089196 -1.092236 1832.432)
(0.002716159 -1.798288 933.3087)
(0.002999953 -2.244148 445.6974)
(0.002568665 -2.461594 132.0549)
(-0.01081131 -0.7135374 1783.097)
(0.0009179323 -1.147326 907.289)
(0.003115364 -1.414639 431.9713)
(0.003178998 -1.544007 127.8322)
(-0.006103839 -0.3914363 893.1302)
(0.001819331 -0.4810161 425.366)
(0.003363931 -0.5236456 125.6642)
(-0.002686057 0.4799145 424.6095)
(0.002292421 0.5231119 125.6324)
(-0.001054134 1.53719 127.4352)
(-0.300448 -0.03851678 6755.647)
(-0.3138795 0.180279 6756.881)
(-0.3175436 0.3827973 6756.489)
(-0.3184115 0.55696 6755.743)
(-0.3206985 0.7070467 6832.783)
(-0.3146797 0.7738836 30711.22)
(-0.001997863 0.03329702 3886.296)
(0.00790259 -0.05638436 2305.58)
(0.009651013 -0.1516468 1199.964)
(0.005470519 -0.2190947 584.766)
(-0.2713636 1.052147 6704.936)
(-0.2786018 1.612458 6705.459)
(-0.2796322 2.122138 6704.53)
(-0.2790422 2.536836 6780.459)
(-0.2673046 2.707352 30445.54)
(-0.0007079853 0.1132997 3857.225)
(0.009822005 -0.1648043 2288.537)
(0.008916878 -0.4477045 1190.021)
(0.007954666 -0.6697623 579.5819)
(0.004532511 -0.7940643 173.7754)
(-0.2424127 4.394789 6595.071)
(-0.2399242 5.098363 6595.362)
(-0.2382733 5.71558 6668.036)
(-0.2269889 5.817343 29873.12)
(-0.0005108485 0.205754 3793.746)
(0.0087462 -0.3224686 2250.121)
(0.009503924 -0.8189392 1168.316)
(0.005491106 -1.193543 567.979)
(0.003678871 -1.412319 170.2188)
(-0.2206928 10.14712 6416.699)
(-0.2025422 10.68953 6486.308)
(-0.1898613 10.53763 28943.54)
(-0.0008996064 0.2840625 3690.657)
(0.006978021 -0.5812628 2186.964)
(0.008014424 -1.328493 1132.589)
(0.005947583 -1.865156 549.2335)
(0.0009401707 -2.162507 164.2844)
(-0.2132452 16.56518 6229.867)
(-0.1649086 15.77977 27656.78)
(-0.001299801 0.2973427 3546.754)
(0.004876675 -0.9435581 2099.207)
(0.00617086 -1.919621 1082.837)
(0.005167859 -2.595878 523.2477)
(0.002283798 -2.950489 156.1478)
(-0.215277 18.85174 26140.37)
(-0.003336559 0.2107954 3378.888)
(0.003387139 -1.235011 1996.621)
(0.004510866 -2.292387 1025.232)
(0.004336478 -2.99559 493.1019)
(0.002886605 -3.353659 146.7671)
(-0.01403569 0.09359656 3222.067)
(0.0005083524 -1.284961 1903.705)
(0.003611687 -2.223201 972.8931)
(0.003763497 -2.829938 466.0519)
(0.003293893 -3.129953 138.3143)
(-0.009723448 -1.080505 1830.194)
(0.001420457 -1.792904 933.214)
(0.003481589 -2.238478 445.2885)
(0.003473961 -2.455886 131.9187)
(-0.005858964 -1.142362 905.9008)
(0.001957842 -1.412477 431.8883)
(0.003474789 -1.541579 127.6707)
(-0.00268573 -0.4799105 424.6095)
(0.002292834 -0.5231253 125.6324)
(-0.001001791 0.5222815 125.4002)
(-0.2769655 0.1588181 6756.58)
(-0.2863136 0.3541975 6757.033)
(-0.2876832 0.5326271 6756.154)
(-0.2867694 0.6806462 6833.393)
(-0.2739931 0.7554519 30718)
(-0.000177952 0.0366783 3887.669)
(0.01126361 -0.04777866 2307.462)
(0.01121825 -0.1375747 1200.674)
(0.01017061 -0.2097498 584.9311)
(0.005399072 -0.2481329 175.3402)
(-0.2497397 1.562591 6704.956)
(-0.2528942 2.047143 6705.009)
(-0.2518555 2.478507 6780.702)
(-0.2386363 2.647625 30451.56)
(0.0001648473 0.1201928 3858.49)
(0.01067247 -0.1492998 2290.435)
(0.01236564 -0.4230478 1191.237)
(0.009336148 -0.6350188 579.7753)
(0.008010624 -0.7631459 173.7287)
(-0.2236436 5.052199 6594.366)
(-0.2168643 5.617987 6668.334)
(-0.2040802 5.758724 29875.59)
(-0.0001061556 0.2124017 3794.717)
(0.00902073 -0.3040332 2251.612)
(0.01086437 -0.7938886 1169.377)
(0.009640525 -1.15766 568.3593)
(0.005663213 -1.364153 170.098)
(-0.2055415 10.68704 6484.399)
(-0.17514 10.45353 28946.21)
(-0.0003998015 0.2948461 3690.891)
(0.006982242 -0.5641464 2188.047)
(0.008791838 -1.304328 1133.287)
(0.008197474 -1.836099 549.5185)
(0.006031822 -2.120717 164.2249)
(-0.1936072 15.85236 27643.32)
(-0.002015138 0.304746 3546.997)
(0.005164572 -0.9254135 2099.506)
(0.006553906 -1.900896 1083.266)
(0.006486759 -2.57308 523.3209)
(0.005320373 -2.922197 156.0884)
(-0.0109511 0.2306164 3376.613)
(0.002031348 -1.22363 1996.964)
(0.00492782 -2.277643 1025.15)
(0.005003698 -2.981747 493.104)
(0.004570399 -3.336186 146.6658)
(-0.007915814 -1.268683 1902.006)
(0.002289923 -2.215348 973.0021)
(0.004142231 -2.821497 465.8253)
(0.004059767 -3.121346 138.241)
(-0.005284432 -1.784209 932.0395)
(0.002296043 -2.234508 445.2777)
(0.003747047 -2.451596 131.7965)
(-0.002637351 -1.409001 431.1876)
(0.00238651 -1.539886 127.65)
(-0.0010015 -0.5222782 125.4002)
(-0.2543431 0.3353132 6756.761)
(-0.2598525 0.5061025 6756.729)
(-0.259104 0.6590649 6833.851)
(-0.2450035 0.7333956 30725.1)
(0.0004591506 0.03878492 3889.218)
(0.01160072 -0.04277831 2309.679)
(0.01377188 -0.1295272 1202.219)
(0.01135754 -0.1976348 585.4408)
(0.01001348 -0.2397584 175.4107)
(-0.2289934 2.005104 6704.53)
(-0.2283056 2.409958 6781.227)
(-0.2152928 2.599908 30456.38)
(0.0003163234 0.1234385 3859.836)
(0.01033324 -0.1387209 2292.414)
(0.01277186 -0.408302 1192.726)
(0.01218449 -0.6135379 580.5388)
(0.009150188 -0.7318466 173.8067)
(-0.2056846 5.584646 6667.337)
(-0.1863787 5.675836 29880.33)
(0.0001431034 0.2186654 3795.533)
(0.008510172 -0.292727 2253.206)
(0.01081359 -0.7766288 1170.568)
(0.01071517 -1.135978 569.0195)
(0.009368862 -1.331913 170.232)
(-0.1828652 10.46623 28939.32)
(-0.001025016 0.2995258 3691.596)
(0.006767006 -0.5494555 2189)
(0.008565124 -1.288534 1134.179)
(0.008750221 -1.815812 549.9673)
(0.008017806 -2.094932 164.326)
(-0.007713602 0.3224388 3545.72)
(0.003789647 -0.9143736 2100.307)
(0.006569646 -1.885376 1083.653)
(0.006700446 -2.557798 523.61)
(0.006434995 -2.902543 156.1205)
(-0.005360572 -1.204325 1995.943)
(0.003569021 -2.267815 1025.522)
(0.005191825 -2.970532 493.1106)
(0.005088252 -3.324546 146.6738)
(-0.004184383 -2.20284 972.1472)
(0.002931985 -2.815472 465.9252)
(0.004275115 -3.114696 138.1762)
(-0.002441263 -2.228251 444.6903)
(0.002635034 -2.44841 131.7986)
(-0.001053231 -1.537187 127.4352)
(-0.2326219 0.4898107 6756.483)
(-0.2345106 0.6346901 6834.473)
(-0.2213434 0.7154841 30730.94)
(0.0004933618 0.03974381 3890.736)
(0.01096674 -0.03935422 2311.888)
(0.01371251 -0.1246954 1203.91)
(0.01345426 -0.1905558 586.3859)
(0.01099667 -0.2288146 175.5896)
(-0.2091261 2.375716 6780.761)
(-0.1956686 2.540859 30462.17)
(0.0004148181 0.1265439 3861.002)
(0.009488758 -0.1322741 2294.326)
(0.01216472 -0.3980722 1194.226)
(0.01244494 -0.6005179 581.4361)
(0.01170568 -0.7123368 174.0633)
(-0.1801932 5.655949 29878.06)
(-0.000359471 0.221138 3796.568)
(0.007981368 -0.2826118 2254.629)
(0.01012122 -0.7655613 1171.787)
(0.01057296 -1.120999 569.7413)
(0.01031804 -1.312342 170.4531)
(-0.005006124 0.3126955 3691.157)
(0.005391413 -0.5404537 2190.194)
(0.008159872 -1.275136 1134.977)
(0.008464443 -1.802356 550.5129)
(0.00847184 -2.077 164.478)
(-0.002310696 -0.8951912 2100.016)
(0.005167491 -1.875156 1084.316)
(0.006591921 -2.545348 523.8736)
(0.006574288 -2.889314 156.2199)
(-0.002413565 -2.25225 1025.074)
(0.003944192 -2.962625 493.3549)
(0.005167731 -3.315324 146.6828)
(-0.001878981 -2.80614 465.5079)
(0.003140903 -3.109712 138.2134)
(-0.001051235 -2.443439 131.6192)
(-0.2118075 0.6209942 6834.244)
(-0.2007838 0.6943702 30737.16)
(0.0005203775 0.04065871 3892.062)
(0.009959242 -0.03726867 2313.951)
(0.01283222 -0.1213282 1205.559)
(0.01331075 -0.1862458 587.396)
(0.0128828 -0.2223491 175.9044)
(-0.1815713 2.515568 30462.54)
(-1.126063e-05 0.127502 3862.23)
(0.008753395 -0.1264883 2296.041)
(0.01115911 -0.3915206 1195.652)
(0.01182226 -0.5914485 582.3311)
(0.01192305 -0.7004471 174.3605)
(-0.003054126 0.2295379 3796.743)
(0.006653711 -0.2763153 2256.116)
(0.009432359 -0.7558209 1172.884)
(0.009887773 -1.111208 570.4703)
(0.01015483 -1.298833 170.6927)
(0.0006020456 -0.524357 2190.536)
(0.006729081 -1.266224 1135.894)
(0.008019219 -1.791078 551.0035)
(0.008175062 -2.065032 164.6596)
(-4.998066e-05 -1.858827 1084.313)
(0.005297415 -2.536718 524.2795)
(0.006414796 -2.878683 156.3108)
(-0.0007407114 -2.950512 493.1563)
(0.003998369 -3.308566 146.766)
(-0.0007684287 -3.10209 138.0874)
(-0.1831818 0.6837833 30738.69)
(0.0001305797 0.04088598 3893.378)
(0.009120957 -0.03540546 2315.804)
(0.01167056 -0.1191681 1207.082)
(0.01244827 -0.1832285 588.3739)
(0.01273328 -0.2183902 176.238)
(-0.001898005 0.1317992 3862.773)
(0.007453728 -0.1229793 2297.709)
(0.0102761 -0.3857347 1196.938)
(0.01086107 -0.5855177 583.1763)
(0.01132523 -0.6921644 174.6559)
(0.002943145 -0.2648323 2256.935)
(0.008017607 -0.7492358 1173.994)
(0.009201722 -1.102698 571.1282)
(0.009498835 -1.289932 170.9334)
(0.002412572 -1.25178 1136.284)
(0.006688831 -1.783215 551.5527)
(0.007727073 -2.055092 164.8232)
(0.001007659 -2.523452 524.3232)
(0.005199647 -2.871078 156.4459)
(3.338101e-05 -3.298371 146.7091)
(-0.001374652 0.04218151 3894.089)
(0.007833779 -0.03429118 2317.556)
(0.01068889 -0.1172667 1208.458)
(0.01134757 -0.1812509 589.2748)
(0.01191635 -0.2156175 176.56)
(0.004463393 -0.1164589 2298.823)
(0.008869261 -0.381885 1198.169)
(0.01000509 -0.5803381 583.9405)
(0.01041684 -0.6867003 174.9342)
(0.004508808 -0.7384844 1174.684)
(0.007873348 -1.096693 571.7871)
(0.008836322 -1.282257 171.151)
(0.002994498 -1.771011 551.8128)
(0.006475022 -2.047977 165.0047)
(0.001442614 -2.859588 156.466)
(0.005195424 -0.03219923 2318.808)
(0.009284917 -0.1160115 1209.746)
(0.01040395 -0.1795276 590.0896)
(0.01087926 -0.213784 176.8564)
(0.005926213 -0.3755674 1199.047)
(0.008676092 -0.5767358 584.6687)
(0.009599969 -0.6819615 175.1861)
(0.004771795 -1.087333 572.2134)
(0.00758104 -1.276718 171.368)
(0.003155137 -2.037139 165.0939)
(0.006625363 -0.1139471 1210.713)
(0.009073822 -0.178337 590.8509)
(0.009982031 -0.212196 177.1247)
(0.006011313 -0.5711126 585.2001)
(0.008340962 -0.6785922 175.4257)
(0.004740066 -1.268254 171.5106)
(0.006633377 -0.1764784 591.4321)
(0.008720489 -0.2110746 177.3751)
(0.005867229 -0.6734408 175.6021)
(0.00643885 -0.2093609 177.5676)
)
;

boundaryField
{
    cathodeSides
    {
        type            zeroGradient;
    }
    electrolyteSides
    {
        type            zeroGradient;
    }
    anodeSides
    {
        type            zeroGradient;
    }
    phiI_to_phiI0
    {
        type            zeroGradient;
    }
    procBoundary0to1
    {
        type            processor;
        value           nonuniform List<vector> 
400
(
(-0.08848163 0.8662679 360.7415)
(-0.08570131 2.561655 357.2834)
(-0.0865965 0.8336255 1121.507)
(-0.07993696 4.109074 350.0031)
(-0.0838867 2.462394 1110.865)
(-0.08211194 0.7595439 2022.914)
(-0.07091685 5.261231 338.3717)
(-0.07827651 3.940887 1088.453)
(-0.07956745 2.237227 2004.152)
(-0.07380554 0.6264799 3264.523)
(-0.05935052 5.530032 322.3473)
(-0.06951613 5.027928 1052.628)
(-0.07431761 3.559488 1964.601)
(-0.07156465 1.832757 3235.592)
(-0.05861651 0.3878753 4338.044)
(-0.0467283 4.490479 303.7297)
(-0.05830666 5.257008 1003.241)
(-0.0661645 4.498497 1901.304)
(-0.06697605 2.874003 3174.489)
(-0.05692525 1.107011 4303.165)
(-0.395404 1.075483 25935.78)
(-0.03556071 2.807619 286.882)
(-0.04610855 4.232362 945.819)
(-0.05579304 4.636062 1813.923)
(-0.0599391 3.545466 3076.434)
(-0.05353632 1.64222 4229.201)
(-0.3848427 2.551913 25739.73)
(-0.3576693 0.7710018 6694.035)
(-0.0272214 1.441635 274.0687)
(-0.03535243 2.608497 893.7875)
(-0.04459682 3.644355 1712.152)
(-0.05111761 3.515339 2940.641)
(-0.0485352 1.828839 4109.821)
(-0.3648687 1.987155 25324.05)
(-0.3482991 1.667741 6642.941)
(-0.3325856 0.5123993 6749.549)
(-0.02193357 0.6079768 265.733)
(-0.02734371 1.311001 854.166)
(-0.03481548 2.154557 1619.697)
(-0.0417856 2.581499 2781.891)
(-0.04256628 1.491647 3943.396)
(-0.3386542 -1.796241 24654.19)
(-0.3307704 0.625968 6534.4)
(-0.3240948 0.9027351 6697.863)
(-0.3081754 0.2714194 6751.955)
(-0.01930368 0.1581876 261.6694)
(-0.02227484 0.5373669 828.3707)
(-0.02758969 1.012138 1549.121)
(-0.03382223 1.33449 2636.927)
(-0.03669057 0.6630392 3747.337)
(-0.3126815 -8.716594 23724.67)
(-0.308314 -3.411053 6358.84)
(-0.308407 -0.5983756 6588.047)
(-0.3005623 0.1926017 6700.054)
(-0.2845107 0.04917214 6753.694)
(-0.01930231 -0.1581636 261.6694)
(-0.01975685 0.1362728 815.7931)
(-0.0230393 0.3744939 1503.095)
(-0.02805567 0.47213 2525.734)
(-0.03210087 -0.1386757 3566.535)
(-0.2953488 -15.66692 22638.85)
(-0.2870556 -10.19345 6113.637)
(-0.2888648 -4.958139 6410.374)
(-0.2867035 -1.725056 6589.818)
(-0.2777703 -0.4593265 6701.594)
(-0.2616338 -0.1532293 6754.645)
(-0.02192973 -0.6079581 265.733)
(-0.01975555 -0.1362493 815.7931)
(-0.02078549 0.08530797 1480.636)
(-0.02447183 0.07939956 2452.945)
(-0.02903154 -0.491551 3426.567)
(-0.2903735 -18.36821 21646.75)
(-0.2746499 -16.58326 5824.249)
(-0.2713586 -11.7569 6162.084)
(-0.2700337 -6.359084 6411.567)
(-0.2657221 -2.748636 6590.972)
(-0.2557585 -1.049676 6702.364)
(-0.2395872 -0.3346266 6754.843)
(-0.02721615 -1.441626 274.0687)
(-0.0222712 -0.5373485 828.3707)
(-0.02078435 -0.08528649 1480.636)
(-0.02270928 -0.007334056 2417.342)
(-0.02722712 -0.4444114 3334.239)
(-0.2926959 -15.92745 20884.39)
(-0.2737526 -18.66598 5556.503)
(-0.2629528 -17.75168 5868.801)
(-0.2561872 -13.13194 6162.675)
(-0.2518703 -7.607112 6412.198)
(-0.2454957 -3.663542 6591.393)
(-0.234566 -1.574967 6702.399)
(-0.2184125 -0.4938377 6754.581)
(-0.03555643 -2.80762 286.882)
(-0.02733873 -1.310993 854.166)
(-0.02303608 -0.374477 1503.095)
(-0.0227084 0.007351885 2417.342)
(-0.0263649 -0.1713502 3288.85)
(-0.2965826 -10.38593 20383.34)
(-0.2789366 -15.87909 5348.356)
(-0.2653799 -19.28374 5597.146)
(-0.2516158 -18.72347 5868.977)
(-0.2415745 -14.31252 6162.779)
(-0.2343964 -8.695212 6412.158)
(-0.2260563 -4.464147 6591.117)
(-0.2142308 -2.031682 6701.986)
(-0.1981186 -0.6295184 6832.301)
(-0.04672216 -4.490491 303.7297)
(-0.03534836 -2.608498 893.7875)
(-0.02758528 -1.01213 1549.121)
(-0.02446934 -0.07938541 2452.945)
(-0.02636447 0.1713615 3288.85)
(-0.2990931 -3.566103 20137.26)
(-0.2845711 -10.25567 5210.481)
(-0.2728577 -16.10538 5385.729)
(-0.2571592 -19.73475 5597.151)
(-0.2406559 -19.4954 5868.745)
(-0.2275273 -15.29233 6162.295)
(-0.2176314 -9.616596 6411.48)
(-0.2074334 -5.1449 6590.419)
(-0.1947583 -2.415766 6778.157)
(-0.1706007 -0.6959402 30730.94)
(-0.05934013 -5.530032 322.3474)
(-0.04610269 -4.232374 945.819)
(-0.03481187 -2.154557 1619.697)
(-0.02805224 -0.472123 2525.734)
(-0.02722589 0.4444206 3334.239)
(-0.2990941 3.566142 20137.26)
(-0.2879329 -3.506874 5142.497)
(-0.279855 -10.2999 5245.588)
(-0.2667419 -16.21209 5385.672)
(-0.2490998 -20.01874 5596.806)
(-0.230067 -20.06397 5868.014)
(-0.2140492 -16.06573 6161.256)
(-0.2015909 -10.36489 6410.418)
(-0.1896248 -5.699228 6663.286)
(-0.1682304 -2.565746 30451.39)
(-0.000623802 -0.04633536 3893.619)
(-0.07090372 -5.261184 338.3717)
(-0.05829673 -5.257007 1003.242)
(-0.04459159 -3.644365 1712.152)
(-0.0338194 -1.33449 2636.927)
(-0.02902981 0.4915561 3426.567)
(-0.2965853 10.38596 20383.34)
(-0.2879342 3.506904 5142.497)
(-0.283871 -3.506544 5176.462)
(-0.2749701 -10.27422 5245.503)
(-0.2605987 -16.2005 5385.301)
(-0.2411918 -20.13518 5596.031)
(-0.2198411 -20.42662 5866.816)
(-0.2011406 -16.62794 6159.88)
(-0.186261 -10.93215 6477.938)
(-0.1650195 -5.784515 29859.47)
(-0.001010595 -0.1450796 3861.88)
(0.005714211 0.02733131 2319.112)
(-0.07992828 -4.109025 350.003)
(-0.06950355 -5.027883 1052.628)
(-0.05578415 -4.636061 1813.923)
(-0.04178147 -2.581507 2781.891)
(-0.03209941 0.1386765 3566.535)
(-0.2926992 15.92748 20884.39)
(-0.2845749 10.2557 5210.481)
(-0.2838727 3.506566 5176.462)
(-0.2795715 -3.48341 5176.363)
(-0.2699294 -10.17995 5245.123)
(-0.2544222 -16.07163 5384.545)
(-0.2334255 -20.08438 5594.853)
(-0.2099683 -20.58182 5865.326)
(-0.1887741 -16.97224 6220.028)
(-0.1643191 -10.7243 28908.32)
(-0.001881158 -0.2539971 3794.939)
(0.005126881 0.1014005 2298.817)
(0.007017661 0.109577 1211.075)
(-0.08569452 -2.561641 357.2833)
(-0.07826818 -3.940841 1088.453)
(-0.06615317 -4.498457 1901.304)
(-0.05111052 -3.515338 2940.642)
(-0.03668838 -0.6630433 3747.337)
(-0.2903755 18.36823 21646.75)
(-0.2789414 15.87911 5348.356)
(-0.2798598 10.29992 5245.588)
(-0.2795735 3.483425 5176.363)
(-0.2750497 -3.43798 5175.977)
(-0.2647319 -10.01821 5244.384)
(-0.248207 -15.82706 5383.427)
(-0.2257906 -19.86748 5593.411)
(-0.2004144 -20.52612 5917.117)
(-0.169774 -16.26613 27595.12)
(-0.003396616 -0.3495354 3687.864)
(0.003897443 0.2387216 2256.27)
(0.006443152 0.3622477 1199.218)
(0.006949991 0.1727443 591.6763)
(-0.08847523 -0.8662657 360.7414)
(-0.08388018 -2.46238 1110.865)
(-0.07431007 -3.559447 1964.601)
(-0.05993 -3.545434 3076.434)
(-0.04256239 -1.491647 3943.396)
(-0.2953499 15.66693 22638.86)
(-0.2737559 18.666 5556.503)
(-0.272864 16.1054 5385.729)
(-0.2749758 10.27424 5245.503)
(-0.275052 3.437988 5175.977)
(-0.2703079 -3.370704 5175.245)
(-0.2593781 -9.790422 5243.307)
(-0.241949 -15.46889 5382.062)
(-0.2182563 -19.48405 5637.94)
(-0.1839512 -19.36063 26072.1)
(-0.005541593 -0.3697436 3540.384)
(0.00197247 0.4879735 2188.815)
(0.005270535 0.7160416 1174.452)
(0.006431638 0.5598541 585.3396)
(0.006719114 0.2060095 177.6518)
(-0.08659035 -0.8336233 1121.507)
(-0.07956151 -2.237214 2004.151)
(-0.06696992 -2.87397 3174.489)
(-0.04853006 -1.828821 4109.821)
(-0.3126805 8.716596 23724.67)
(-0.274653 16.58327 5824.249)
(-0.2653844 19.28376 5597.146)
(-0.2667494 16.21211 5385.673)
(-0.2699359 10.17996 5245.123)
(-0.2703105 3.370706 5175.245)
(-0.2653499 -3.282115 5174.185)
(-0.2538696 -9.498239 5241.993)
(-0.2356248 -14.99809 5421.311)
(-0.2034396 -18.17068 24689.66)
(-0.008103478 -0.2811193 3368.885)
(-0.0004535565 0.852368 2096.873)
(0.003510026 1.22175 1135.412)
(0.005391721 1.068773 572.1325)
(0.006239182 0.663404 175.6529)
(-0.08210633 -0.7595419 2022.913)
(-0.07155978 -1.832747 3235.591)
(-0.05353272 -1.642201 4229.201)
(-0.3386495 1.796255 24654.2)
(-0.287058 10.19345 6113.638)
(-0.2629577 17.75169 5868.802)
(-0.2571648 19.73477 5597.151)
(-0.2606074 16.20051 5385.301)
(-0.2647391 10.01822 5244.384)
(-0.2653527 3.282112 5174.185)
(-0.2601807 -3.172816 5172.891)
(-0.2481902 -9.142682 5277.935)
(-0.2217337 -13.87789 23632)
(-0.01055366 -0.138037 3212.057)
(-0.002982076 1.162026 1991.169)
(0.001412099 1.825247 1082.589)
(0.003877363 1.746973 551.3837)
(0.005286056 1.251933 171.4911)
(-0.07380093 -0.6264781 3264.523)
(-0.0569223 -1.107004 4303.165)
(-0.3648625 -1.987127 25324.05)
(-0.3083137 3.411051 6358.841)
(-0.2713642 11.7569 6162.084)
(-0.2516224 18.72349 5868.977)
(-0.2491063 20.01876 5596.806)
(-0.2544319 16.07164 5384.545)
(-0.2593859 9.790423 5243.307)
(-0.2601837 3.172809 5172.891)
(-0.254788 -3.043204 5207.261)
(-0.2347878 -8.41615 22939.38)
(-0.01248521 -0.02265006 3090.906)
(-0.005097345 1.233588 1895.702)
(-0.0006019882 2.220796 1022.388)
(0.002153979 2.49774 523.4349)
(0.003923781 2.016452 164.9638)
(-0.05861369 -0.3878741 4338.043)
(-0.384836 -2.551893 25739.72)
(-0.3307672 -0.6259573 6534.4)
(-0.2888687 4.958123 6410.374)
(-0.2561957 13.13194 6162.676)
(-0.2406639 19.49542 5868.745)
(-0.2411993 20.1352 5596.031)
(-0.2482176 15.82707 5383.427)
(-0.2538779 9.498237 5241.992)
(-0.2547911 3.043194 5207.261)
(-0.2415993 -2.794012 22600.12)
(-0.01375212 0.02504514 3010.893)
(-0.006591176 1.055549 1822.66)
(-0.002117425 2.178 968.5705)
(0.000623539 2.927607 491.7546)
(0.002420188 2.838135 156.1906)
(-0.395397 -1.075476 25935.78)
(-0.3482948 -1.667727 6642.941)
(-0.3084066 0.5983711 6588.047)
(-0.2700414 6.359054 6411.567)
(-0.2415857 14.31252 6162.78)
(-0.2300763 20.06399 5868.014)
(-0.2334336 20.0844 5594.853)
(-0.2419602 15.4689 5382.061)
(-0.2481989 9.142677 5277.935)
(-0.2416024 2.793999 22600.12)
(-0.01438835 0.01541623 2971.486)
(-0.007492616 0.6987843 1774.72)
(-0.00306488 1.767271 927.7543)
(-0.0003937907 2.788996 463.6361)
(0.001159965 3.279963 146.2723)
(-0.3576646 -0.7709965 6694.035)
(-0.3240927 -0.9027256 6697.862)
(-0.2867057 1.725037 6589.818)
(-0.2518815 7.607069 6412.199)
(-0.2275409 15.29233 6162.295)
(-0.2198516 20.42664 5866.816)
(-0.2257994 19.8675 5593.411)
(-0.2356366 14.99809 5421.311)
(-0.2347965 8.416143 22939.37)
(-0.01438866 -0.01541855 2971.486)
(-0.007924708 0.2431975 1751.189)
(-0.003567317 1.132643 901.1327)
(-0.0009178436 2.217171 442.4476)
(0.0004101167 3.088909 137.5036)
(-0.332583 -0.5123947 6749.548)
(-0.3005622 -0.1925965 6700.053)
(-0.2657266 2.748604 6590.972)
(-0.2344108 8.695158 6412.158)
(-0.2140649 16.06573 6161.256)
(-0.2099797 20.58185 5865.326)
(-0.2182657 19.48407 5637.94)
(-0.2217455 13.8779 23632)
(-0.01375298 -0.02504681 3010.893)
(-0.007924971 -0.2432 1751.189)
(-0.003787397 0.3882248 888.1139)
(-0.001121949 1.402915 428.6937)
(0.0001076028 2.435335 130.9202)
(-0.3081747 -0.2714155 6751.954)
(-0.2777722 0.4593275 6701.594)
(-0.2455025 3.663499 6591.393)
(-0.2176486 9.616532 6411.48)
(-0.201158 16.62794 6159.88)
(-0.2004267 20.52614 5917.117)
(-0.203449 18.17069 24689.66)
(-0.01248639 0.02264976 3090.906)
(-0.00749336 -0.6987861 1774.72)
(-0.003787603 -0.3882269 888.1139)
(-0.00118612 0.4779411 421.9869)
(5.727389e-05 1.532934 126.6583)
(-0.2845119 -0.0491689 6753.693)
(-0.2557621 1.049673 6702.363)
(-0.2260651 4.464092 6591.117)
(-0.2016106 10.36481 6410.418)
(-0.188793 16.97224 6220.028)
(-0.1839636 19.36066 26072.1)
(-0.01055466 0.1380377 3212.057)
(-0.006592212 -1.05555 1822.659)
(-0.003567901 -1.132644 901.1327)
(-0.001186283 -0.4779428 421.9869)
(7.285021e-05 0.5209336 124.5835)
(-0.2616366 0.1532319 6754.644)
(-0.2345713 1.57496 6702.398)
(-0.2074439 5.144836 6590.418)
(-0.1862827 10.93207 6477.938)
(-0.1697933 16.26613 27595.12)
(-0.008104866 0.2811215 3368.885)
(-0.00509826 -1.233588 1895.702)
(-0.003065701 -1.767271 927.7542)
(-0.001122412 -1.402916 428.6937)
(7.270961e-05 -0.5209351 124.5835)
(-0.2395915 0.3346284 6754.842)
(-0.2142375 2.031672 6701.985)
(-0.1896369 5.699155 6663.285)
(-0.1643415 10.72422 28908.32)
(-0.005543857 0.3697424 3540.384)
(-0.002983375 -1.162025 1991.169)
(-0.002118176 -2.178 968.5705)
(-0.0009184997 -2.217172 442.4476)
(5.68738e-05 -1.532935 126.6583)
(-0.2184182 0.4938389 6754.58)
(-0.1947663 2.415753 6778.155)
(-0.1650323 5.784439 29859.47)
(-0.003399444 0.3495246 3687.863)
(-0.0004557093 -0.8523696 2096.873)
(-0.0006030604 -2.220795 1022.388)
(-0.0003944096 -2.788996 463.636)
(0.000107032 -2.435336 130.9201)
(-0.1981255 0.6295189 6832.3)
(-0.1682391 2.56573 30451.39)
(-0.001883033 0.2539864 3794.938)
(0.001969712 -0.4879841 2188.815)
(0.001410324 -1.825249 1082.589)
(0.0006226545 -2.927607 491.7546)
(0.0004095671 -3.088909 137.5036)
(-0.1706084 0.69594 30730.94)
(-0.001012047 0.1450762 3861.879)
(0.003895514 -0.2387323 2256.27)
(0.003507732 -1.221758 1135.412)
(0.002152524 -2.497742 523.4349)
(0.00115918 -3.279963 146.2723)
(-0.0006251592 0.04633478 3893.618)
(0.005125332 -0.1014043 2298.817)
(0.00526888 -0.7160505 1174.452)
(0.003875478 -1.74698 551.3836)
(0.002418904 -2.838136 156.1906)
(0.005712746 -0.02733207 2319.112)
(0.006441798 -0.362251 1199.218)
(0.005390326 -1.06878 572.1324)
(0.003922116 -2.016459 164.9637)
(0.007016373 -0.1095777 1211.075)
(0.006430481 -0.559857 585.3394)
(0.005284805 -1.25194 171.491)
(0.006948887 -0.1727449 591.6761)
(0.006238135 -0.6634066 175.6528)
(0.006718114 -0.2060101 177.6517)
)
;
    }
}
)

// processor1

154799
(dimensions      [0 -2 0 0 0 1 0];

internalField   nonuniform List<vector> 
4000
(
(-0.08848163 0.8662679 360.7415)
(-0.08570131 2.561655 357.2834)
(-0.09577385 0.869043 361.0185)
(-0.0865965 0.8336255 1121.507)
(-0.07993696 4.109074 350.0031)
(-0.0944171 2.570303 357.5585)
(-0.0838867 2.462394 1110.865)
(-0.09433489 0.8711764 361.3055)
(-0.09365672 0.836415 1122.335)
(-0.08211194 0.7595439 2022.914)
(-0.07091685 5.261231 338.3717)
(-0.09162552 4.125076 350.2723)
(-0.07827651 3.940887 1088.453)
(-0.09316363 2.576204 357.8461)
(-0.09231367 2.471059 1111.688)
(-0.07956745 2.237227 2004.152)
(-0.09083704 0.8722947 361.6024)
(-0.09224522 0.8385871 1123.195)
(-0.08862187 0.7623542 2024.267)
(-0.07380554 0.6264799 3264.523)
(-0.05935052 5.530032 322.3473)
(-0.08723508 5.284081 338.6262)
(-0.06951613 5.027928 1052.628)
(-0.09079052 4.133376 350.561)
(-0.08955287 3.956802 1089.258)
(-0.07431761 3.559488 1964.601)
(-0.08973846 2.579376 358.1445)
(-0.09108237 2.477088 1112.55)
(-0.0873122 2.245897 2005.495)
(-0.07156465 1.832757 3235.592)
(-0.08739399 0.8740548 361.877)
(-0.08882439 0.8397689 1124.086)
(-0.08727309 0.7646034 2025.684)
(-0.07928649 0.6293165 3266.243)
(-0.05861651 0.3878753 4338.044)
(-0.0467283 4.490479 303.7297)
(-0.08127822 5.555628 322.5776)
(-0.05830666 5.257008 1003.241)
(-0.08718894 5.295195 338.9156)
(-0.08521962 5.050509 1053.387)
(-0.0661645 4.498497 1901.304)
(-0.08748058 4.138072 350.8617)
(-0.08872695 3.965349 1090.124)
(-0.08462592 3.575156 1965.915)
(-0.06697605 2.874003 3174.489)
(-0.08634744 2.584493 358.4201)
(-0.0877332 2.480451 1113.446)
(-0.08613114 2.252188 2006.916)
(-0.07803778 1.841407 3237.298)
(-0.05692525 1.107011 4303.165)
(-0.084293 0.8749852 362.1573)
(-0.08545682 0.8415701 1124.911)
(-0.08403435 0.7659221 2027.153)
(-0.07804798 0.6316994 3268.083)
(-0.06218551 0.3907743 4339.086)
(-0.395404 1.075483 25935.78)
(-0.03556071 2.807619 286.882)
(-0.07449242 4.514611 303.9286)
(-0.04610855 4.232362 945.819)
(-0.08229291 5.570382 322.8615)
(-0.07935652 5.282161 1003.928)
(-0.05579304 4.636062 1813.923)
(-0.08398117 5.300199 339.2178)
(-0.0851545 5.061892 1054.256)
(-0.08042974 4.520416 1902.54)
(-0.0599391 3.545466 3076.434)
(-0.08419191 4.14613 351.1385)
(-0.08549227 3.97036 1091.027)
(-0.08381958 3.584217 1967.343)
(-0.07548735 2.889189 3176.152)
(-0.05353632 1.64222 4229.201)
(-0.08323341 2.587151 358.7019)
(-0.08441721 2.48569 1114.273)
(-0.08296152 2.255964 2008.395)
(-0.07694355 1.848153 3239.146)
(-0.06103907 1.115672 4304.19)
(-0.3848427 2.551913 25739.73)
(-0.08201556 0.8771913 362.4175)
(-0.08242012 0.8425614 1125.752)
(-0.08084622 0.7678084 2028.516)
(-0.07514503 0.6332625 3270.004)
(-0.06113958 0.3934244 4340.343)
(-0.408719 1.106218 25938.79)
(-0.3576693 0.7710018 6694.035)
(-0.0272214 1.441635 274.0687)
(-0.06832107 2.828221 287.0479)
(-0.03535243 2.608497 893.7875)
(-0.07656133 4.530636 304.1979)
(-0.07269803 4.255876 946.4102)
(-0.04459682 3.644355 1712.152)
(-0.07938554 5.574896 323.1628)
(-0.08031093 5.297011 1004.781)
(-0.07478921 4.660186 1815.034)
(-0.05111761 3.515339 2940.641)
(-0.08082939 5.309987 339.4943)
(-0.08202369 5.067322 1055.165)
(-0.08031915 4.532364 1903.976)
(-0.0715406 3.566164 3077.985)
(-0.0485352 1.828839 4109.821)
(-0.08108941 4.150243 351.4227)
(-0.08227777 3.97861 1091.858)
(-0.08076224 3.589913 1968.836)
(-0.07471091 2.899149 3178.014)
(-0.05871847 1.656624 4230.173)
(-0.3648687 1.987155 25324.05)
(-0.08097603 2.593261 358.962)
(-0.08136936 2.48853 1115.12)
(-0.07982381 2.261458 2009.763)
(-0.0741049 1.852668 3241.082)
(-0.06009365 1.123318 4305.457)
(-0.398341 2.641873 25742.59)
(-0.3482991 1.667741 6642.941)
(-0.07938307 0.8781577 362.6913)
(-0.08018365 0.844783 1126.534)
(-0.07796374 0.7689319 2029.906)
(-0.0722897 0.6352995 3271.791)
(-0.05884987 0.3954591 4341.7)
(-0.4009949 1.136765 25943.24)
(-0.368187 0.80017 6694.62)
(-0.3325856 0.5123993 6749.549)
(-0.02193357 0.6079768 265.733)
(-0.0635468 1.457638 274.2062)
(-0.02734371 1.311001 854.166)
(-0.07117529 2.842153 287.2972)
(-0.06666559 2.628332 894.2779)
(-0.03481548 2.154557 1619.697)
(-0.074151 4.535538 304.4928)
(-0.07466208 4.271723 947.2195)
(-0.0684305 3.666509 1713.099)
(-0.0417856 2.581499 2781.891)
(-0.07641289 5.584899 323.436)
(-0.07747496 5.301965 1005.687)
(-0.07560289 4.675237 1816.443)
(-0.06630434 3.537604 2942.008)
(-0.04256628 1.491647 3943.396)
(-0.07782862 5.314462 339.7798)
(-0.07894538 5.077359 1055.996)
(-0.07736879 4.538735 1905.478)
(-0.0713406 3.579106 3079.861)
(-0.05520023 1.847444 4110.663)
(-0.3386542 -1.796241 24654.19)
(-0.07884413 4.158879 351.6826)
(-0.07924377 3.983015 1092.712)
(-0.07772381 3.598569 1970.212)
(-0.07197979 2.90608 3179.973)
(-0.05798506 1.668332 4231.455)
(-0.3776112 2.12775 25326.5)
(-0.3307704 0.625968 6534.4)
(-0.0784733 2.596341 359.2371)
(-0.07915308 2.4947 1115.901)
(-0.07693441 2.264693 2011.162)
(-0.07129778 1.858615 3242.878)
(-0.0578594 1.129263 4306.828)
(-0.3911006 2.731722 25747.04)
(-0.358504 1.752873 6643.5)
(-0.3240948 0.9027351 6697.863)
(-0.07629061 0.8793083 362.9365)
(-0.0776086 0.8458047 1127.356)
(-0.07582722 0.7711808 2031.199)
(-0.0696956 0.6366606 3273.618)
(-0.05660514 0.3977965 4342.982)
(-0.3859142 1.163671 25948.26)
(-0.3610977 0.8293921 6695.574)
(-0.3407137 0.540809 6750.116)
(-0.3081754 0.2714194 6751.955)
(-0.01930368 0.1581876 261.6694)
(-0.06035428 0.6181921 265.851)
(-0.02227484 0.5373669 828.3707)
(-0.06682013 1.468086 274.4378)
(-0.06201934 1.326218 854.569)
(-0.02758969 1.012138 1549.121)
(-0.06930845 2.849058 287.5789)
(-0.0693792 2.641872 895.0271)
(-0.06272038 2.172803 1620.469)
(-0.03382223 1.33449 2636.927)
(-0.07136003 4.544257 304.7575)
(-0.07230801 4.276856 948.1067)
(-0.07015131 3.682 1714.436)
(-0.06048947 2.60126 2783.018)
(-0.03669057 0.6630392 3747.337)
(-0.07354399 5.589106 323.7208)
(-0.07457458 5.312205 1006.509)
(-0.07293373 4.68119 1817.944)
(-0.06685459 3.553039 2943.852)
(-0.05066991 1.510645 3944.026)
(-0.3126815 -8.716594 23724.67)
(-0.07555197 5.32445 340.039)
(-0.07601304 5.082223 1056.854)
(-0.07446452 4.549304 1906.855)
(-0.06872064 3.587186 3081.838)
(-0.05482367 1.862348 4111.957)
(-0.3471636 -1.626355 24655.73)
(-0.308314 -3.411053 6358.84)
(-0.07655439 4.164526 351.9589)
(-0.07704111 3.991785 1093.493)
(-0.07485332 3.603612 1971.625)
(-0.06926769 2.915465 3181.784)
(-0.0558491 1.677653 4232.848)
(-0.3712335 2.270493 25330.92)
(-0.3392144 0.7579646 6534.881)
(-0.308407 -0.5983756 6588.047)
(-0.07543236 2.599768 359.484)
(-0.07670334 2.49793 1116.727)
(-0.07481837 2.270976 2012.456)
(-0.06870418 1.862565 3244.719)
(-0.05565901 1.136116 4308.121)
(-0.3764719 2.811192 25752.08)
(-0.3518223 1.838886 6644.467)
(-0.3314318 0.9854123 6698.405)
(-0.3005623 0.1926017 6700.054)
(-0.07334663 0.8800201 363.1835)
(-0.07459603 0.8470102 1128.093)
(-0.07338893 0.7723215 2032.562)
(-0.06774899 0.6389585 3275.321)
(-0.05454324 0.3996167 4344.304)
(-0.3712147 1.191419 25953.11)
(-0.3475039 0.8553934 6696.673)
(-0.3339881 0.5695174 6751.062)
(-0.3139544 0.2989558 6752.556)
(-0.2845107 0.04917214 6753.694)
(-0.01930231 -0.1581636 261.6694)
(-0.05878985 0.161706 261.7778)
(-0.01975685 0.1362728 815.7931)
(-0.06383735 0.6245682 266.0704)
(-0.05892802 0.5469763 828.713)
(-0.0230393 0.3744939 1503.095)
(-0.06540562 1.475935 274.7027)
(-0.06513212 1.33619 855.2642)
(-0.05836125 1.025827 1549.741)
(-0.02805567 0.47213 2525.734)
(-0.06670949 2.855338 287.8314)
(-0.06754844 2.648627 895.8746)
(-0.06510889 2.185599 1621.703)
(-0.05536095 1.350042 2637.798)
(-0.03210087 -0.1386757 3566.535)
(-0.06866418 4.548792 305.036)
(-0.06958821 4.285688 948.9036)
(-0.06792919 3.687717 1715.906)
(-0.06175964 2.61621 2784.76)
(-0.04581923 0.6785392 3747.694)
(-0.2953488 -15.66692 22638.85)
(-0.07124862 5.599244 323.9765)
(-0.07177368 5.316803 1007.365)
(-0.07020396 4.691956 1819.307)
(-0.06448982 3.560831 2945.83)
(-0.05072332 1.526958 3945.281)
(-0.3098738 -8.554596 23724.76)
(-0.2870556 -10.19345 6113.637)
(-0.07334997 5.331416 340.314)
(-0.0737837 5.09241 1057.633)
(-0.07169518 4.555031 1908.278)
(-0.06613857 3.598723 3083.654)
(-0.05280481 1.873725 4113.366)
(-0.341743 -1.446382 24660.01)
(-0.3110507 -3.253164 6359.136)
(-0.2888648 -4.958139 6410.374)
(-0.07367936 4.171501 352.2085)
(-0.07479725 3.997635 1094.324)
(-0.07275437 3.612658 1972.919)
(-0.06670175 2.921665 3183.648)
(-0.05373623 1.688504 4234.157)
(-0.3574788 2.397594 25335.96)
(-0.3332295 0.8947307 6535.868)
(-0.3129859 -0.471248 6588.512)
(-0.2867035 -1.725056 6589.818)
(-0.0724253 2.601468 359.7324)
(-0.07374155 2.501517 1117.469)
(-0.07249536 2.274532 2013.825)
(-0.06677869 1.869054 3246.425)
(-0.05361085 1.14145 4309.458)
(-0.3621732 2.893036 25756.95)
(-0.3386442 1.91566 6645.584)
(-0.3250531 1.069968 6699.363)
(-0.3050928 0.2724879 6700.629)
(-0.2777703 -0.4593265 6701.594)
(-0.07172422 0.8477785 1128.834)
(-0.07056355 0.7736435 2033.782)
(-0.06556494 0.6403119 3277.122)
(-0.05295127 0.4020343 4345.555)
(-0.3573859 1.215961 25958.17)
(-0.3342669 0.8820101 6697.74)
(-0.3213803 0.5953054 6752.153)
(-0.307565 0.3270399 6753.536)
(-0.2879872 0.07572205 6754.328)
(-0.2616338 -0.1532293 6754.645)
(-0.02192973 -0.6079581 265.733)
(-0.05879012 -0.1617014 261.7778)
(-0.01975555 -0.1362493 815.7931)
(-0.06240685 0.1637374 261.9918)
(-0.05741945 0.1395604 816.1051)
(-0.02078549 0.08530797 1480.636)
(-0.06267927 0.6299567 266.3222)
(-0.06224046 0.552962 829.3701)
(-0.05548499 0.3829998 1503.608)
(-0.02447183 0.07939956 2452.945)
(-0.06314421 1.48069 274.944)
(-0.06373494 1.343611 856.0605)
(-0.06110345 1.034961 1550.882)
(-0.05151041 0.4833477 2526.379)
(-0.02903154 -0.491551 3426.567)
(-0.06413983 2.859699 288.0975)
(-0.06501734 2.654861 896.6348)
(-0.06336503 2.192175 1623.107)
(-0.05714931 1.361704 2639.395)
(-0.04173168 -0.1278819 3566.605)
(-0.2903735 -18.36821 21646.75)
(-0.06645592 4.557833 305.2837)
(-0.0669584 4.290427 949.7419)
(-0.06537673 3.696841 1717.229)
(-0.059779 2.623081 2786.698)
(-0.04624707 0.6926948 3748.837)
(-0.2726135 -15.5516 22637.09)
(-0.2746499 -16.58326 5824.249)
(-0.0690629 5.605271 324.2478)
(-0.0695309 5.327134 1008.135)
(-0.0675648 4.69745 1820.729)
(-0.06207528 3.572577 2947.631)
(-0.04891122 1.538292 3946.683)
(-0.3049182 -8.370906 23728.49)
(-0.2768972 -10.04469 6113.63)
(-0.2713586 -11.7569 6162.084)
(-0.07084582 5.342331 340.5627)
(-0.07162642 5.099624 1058.46)
(-0.06957998 4.565641 1909.571)
(-0.06367254 3.60603 3085.535)
(-0.05081454 1.887211 4114.68)
(-0.3292279 -1.285034 24664.91)
(-0.3057293 -3.081455 6360.134)
(-0.2862018 -4.807754 6410.653)
(-0.2700337 -6.359084 6411.567)
(-0.07056643 4.173107 352.4595)
(-0.07199702 4.004799 1095.074)
(-0.07062122 3.618945 1974.297)
(-0.06479959 2.931213 3185.357)
(-0.05173143 1.696957 4235.517)
(-0.3439724 2.528148 25340.82)
(-0.3208625 1.017399 6537.011)
(-0.3071667 -0.336714 6589.491)
(-0.2875278 -1.603301 6590.313)
(-0.2657221 -2.748636 6590.972)
(-0.07081041 2.503401 1118.215)
(-0.06971898 2.27846 2015.055)
(-0.06469231 1.873196 3248.238)
(-0.05204145 1.148405 4310.712)
(-0.3486387 2.965619 25762.04)
(-0.3257802 1.994134 6646.666)
(-0.312838 1.146087 6700.474)
(-0.2989901 0.3552439 6701.62)
(-0.2795639 -0.3825591 6702.201)
(-0.2557585 -1.049676 6702.364)
(-0.06786191 0.7745341 2035.008)
(-0.06308212 0.6418389 3278.733)
(-0.0512344 0.4037999 4346.896)
(-0.3461041 1.242337 25963.06)
(-0.3217681 0.9057662 6698.859)
(-0.3091208 0.6215246 6753.215)
(-0.2959079 0.3524958 6754.663)
(-0.2819043 0.1030721 6755.341)
(-0.2628604 -0.127778 6755.311)
(-0.2395872 -0.3346266 6754.843)
(-0.02721615 -1.441626 274.0687)
(-0.06035511 -0.6181938 265.851)
(-0.0222712 -0.5373485 828.3707)
(-0.06240539 -0.1637243 261.9918)
(-0.0574197 -0.1395566 816.105)
(-0.02078435 -0.08528649 1480.636)
(-0.06126802 0.1654338 262.2376)
(-0.06085907 0.1414457 816.7447)
(-0.05408874 0.08819255 1481.094)
(-0.02270928 -0.007334056 2417.342)
(-0.06074773 0.6342769 266.5545)
(-0.06108822 0.5579554 830.1258)
(-0.05840417 0.3883486 1504.682)
(-0.04900339 0.08620029 2453.431)
(-0.02722712 -0.4444114 3334.239)
(-0.06062579 1.483785 275.1978)
(-0.06152842 1.348172 856.7869)
(-0.05975257 1.041675 1552.198)
(-0.05356844 0.4912628 2527.843)
(-0.03878784 -0.484599 3426.39)
(-0.2926959 -15.92745 20884.39)
(-0.06209483 2.86703 288.3332)
(-0.06251277 2.659181 897.4363)
(-0.06099357 2.198414 1624.368)
(-0.05556761 1.368168 2641.239)
(-0.04240166 -0.1180735 3567.592)
(-0.244169 -18.30782 21643.16)
(-0.2737526 -18.66598 5556.503)
(-0.06426248 4.562471 305.5478)
(-0.06480363 4.29954 950.488)
(-0.06290382 3.7021 1718.62)
(-0.05753474 2.632804 2788.445)
(-0.04470537 0.7018441 3750.185)
(-0.2672179 -15.40868 22639.78)
(-0.2432559 -16.47959 5823.854)
(-0.2629528 -17.75168 5868.801)
(-0.06688135 5.617836 324.4911)
(-0.06739316 5.33344 1008.951)
(-0.06544783 4.708208 1822.007)
(-0.05973699 3.579742 2949.514)
(-0.04707548 1.552014 3947.978)
(-0.2938968 -8.204383 23732.98)
(-0.2716722 -9.871235 6114.565)
(-0.2540152 -11.61718 6162.06)
(-0.2561872 -13.13194 6162.675)
(-0.0677809 5.344299 340.8172)
(-0.06918488 5.110676 1059.209)
(-0.06753116 4.573404 1910.944)
(-0.06177241 3.617415 3087.247)
(-0.04890771 1.897593 4116.054)
(-0.3168664 -1.119932 24669.61)
(-0.2945294 -2.925961 6361.288)
(-0.2807901 -4.639663 6411.646)
(-0.2621734 -6.2168 6411.872)
(-0.2518703 -7.607112 6412.198)
(-0.06896684 4.006743 1095.828)
(-0.0679965 3.626504 1975.542)
(-0.06287509 2.9383 3187.184)
(-0.0501968 1.707566 4236.777)
(-0.3310607 2.644544 25345.92)
(-0.308735 1.142392 6538.114)
(-0.2957257 -0.2152379 6590.63)
(-0.2818501 -1.471604 6591.324)
(-0.2629142 -2.632732 6591.496)
(-0.2454957 -3.663542 6591.393)
(-0.06696653 2.280742 2016.289)
(-0.06225529 1.877723 3249.865)
(-0.05039155 1.153698 4312.065)
(-0.3376016 3.043114 25766.91)
(-0.3135722 2.064361 6647.804)
(-0.3009354 1.223353 6701.552)
(-0.2877021 0.4303449 6702.766)
(-0.2737083 -0.3019427 6703.224)
(-0.2548926 -0.9763485 6703)
(-0.234566 -1.574967 6702.399)
(-0.06069418 0.642949 3280.347)
(-0.04937395 0.4057181 4348.093)
(-0.3348471 1.265729 25968.37)
(-0.3114858 0.9308946 6699.944)
(-0.2974978 0.6451218 6754.331)
(-0.2845938 0.3782163 6755.759)
(-0.2711597 0.1280769 6756.502)
(-0.2570534 -0.101272 6756.354)
(-0.2386238 -0.310383 6755.538)
(-0.2184125 -0.4938377 6754.581)
(-0.03555643 -2.80762 286.882)
(-0.06355001 -1.457646 274.2061)
(-0.02733873 -1.310993 854.166)
(-0.06383222 -0.6245778 266.0704)
(-0.05892881 -0.5469783 828.7129)
(-0.02303608 -0.374477 1503.095)
(-0.06126467 -0.165364 262.2375)
(-0.06085769 -0.1414326 816.7447)
(-0.05408896 -0.08818976 1481.094)
(-0.0227084 0.007351885 2417.342)
(-0.05949021 0.1674931 262.4637)
(-0.05972537 0.1429928 817.4813)
(-0.0571206 0.08985381 1482.137)
(-0.0477942 -0.005053834 2417.747)
(-0.0263649 -0.1713502 3288.85)
(-0.05831029 0.635886 266.7999)
(-0.05919625 0.5620003 830.8242)
(-0.05727487 0.3927104 1505.926)
(-0.05119586 0.090677 2454.797)
(-0.03692956 -0.4404765 3333.89)
(-0.2965826 -10.38593 20383.34)
(-0.05871116 1.489256 275.4215)
(-0.05907596 1.351087 857.5507)
(-0.05767768 1.045977 1553.4)
(-0.05230976 0.4970274 2529.559)
(-0.0395712 -0.4786457 3427.236)
(-0.2257015 -15.90231 20879.32)
(-0.2789366 -15.87909 5348.356)
(-0.05998187 2.870689 288.5861)
(-0.06051746 2.66641 898.1462)
(-0.05864346 2.202772 1625.697)
(-0.0534901 1.374557 2642.899)
(-0.04111758 -0.1115907 3568.831)
(-0.2378074 -18.2224 21644.61)
(-0.2180721 -18.61422 5555.711)
(-0.2653799 -19.28374 5597.146)
(-0.06222056 4.573386 305.7807)
(-0.06266303 4.30436 951.2833)
(-0.06087659 3.711409 1719.86)
(-0.05535371 2.639109 2790.288)
(-0.04302624 0.712814 3751.417)
(-0.2575471 -15.27811 22643.47)
(-0.2372625 -16.34654 5824.624)
(-0.2227185 -17.65679 5868.393)
(-0.2516158 -18.72347 5868.977)
(-0.06399525 5.621659 324.7452)
(-0.06526432 5.346065 1009.684)
(-0.06342572 4.715156 1823.363)
(-0.05785535 3.591299 2951.209)
(-0.04529253 1.562434 3949.347)
(-0.2829328 -8.0344 23737.26)
(-0.2618144 -9.711326 6115.693)
(-0.2483653 -11.44938 6162.995)
(-0.2320013 -13.00184 6162.672)
(-0.2415745 -14.31252 6162.779)
(-0.06620449 5.11307 1059.974)
(-0.06523749 4.584734 1912.187)
(-0.05992887 3.626199 3089.07)
(-0.04740771 1.910576 4117.317)
(-0.3049206 -0.9717844 24674.59)
(-0.2834668 -2.768243 6362.394)
(-0.2704806 -4.486015 6412.798)
(-0.2566569 -6.053135 6412.893)
(-0.2390328 -7.473469 6412.528)
(-0.2343964 -8.695212 6412.158)
(-0.06516053 3.629192 1976.791)
(-0.06057231 2.946559 3188.836)
(-0.0486602 1.716268 4238.143)
(-0.3205077 2.767527 25350.73)
(-0.2971284 1.254828 6539.279)
(-0.2845272 -0.09237446 6591.73)
(-0.271297 -1.351942 6592.495)
(-0.2573524 -2.504463 6592.537)
(-0.2391904 -3.553941 6591.945)
(-0.2260563 -4.464147 6591.117)
(-0.05983174 1.880722 3251.491)
(-0.04857146 1.159375 4313.279)
(-0.326663 3.112395 25772.25)
(-0.3035217 2.138262 6648.894)
(-0.2896077 1.293078 6702.686)
(-0.2767279 0.5060942 6703.877)
(-0.2633084 -0.2282214 6704.403)
(-0.2492545 -0.89821 6704.054)
(-0.2311274 -1.505386 6703.063)
(-0.2142308 -2.031682 6701.986)
(-0.04755918 0.4072502 4349.276)
(-0.3239132 1.290175 25973.13)
(-0.3013465 0.9535122 6701.134)
(-0.2878453 0.6697072 6755.412)
(-0.2738207 0.4015458 6756.908)
(-0.260756 0.153198 6757.629)
(-0.2471808 -0.07683811 6757.548)
(-0.2330608 -0.2848293 6756.61)
(-0.2153267 -0.4709057 6755.303)
(-0.1981186 -0.6295184 6832.301)
(-0.04672216 -4.490491 303.7297)
(-0.06832313 -2.828213 287.0479)
(-0.03534836 -2.608498 893.7875)
(-0.06681164 -1.468089 274.4379)
(-0.06202238 -1.326226 854.5688)
(-0.02758528 -1.01213 1549.121)
(-0.06266889 -0.6298906 266.3221)
(-0.0622356 -0.5529706 829.3702)
(-0.05548568 -0.3830019 1503.608)
(-0.02446934 -0.07938541 2452.945)
(-0.05949133 -0.1673448 262.4636)
(-0.05972218 -0.1429271 817.4812)
(-0.05711937 -0.08984138 1482.137)
(-0.04779437 0.005055166 2417.747)
(-0.02636447 0.1713615 3288.85)
(-0.05719295 0.167927 262.7051)
(-0.05797926 0.1449115 818.1603)
(-0.0560099 0.09117598 1483.346)
(-0.05007317 -0.003683016 2419.067)
(-0.03604446 -0.170068 3288.414)
(-0.2990931 -3.566103 20137.26)
(-0.05644328 0.6392065 267.0149)
(-0.05682243 0.5634275 831.562)
(-0.05548285 0.3963249 1507.08)
(-0.05012 0.09420591 2456.409)
(-0.03776749 -0.4373558 3334.636)
(-0.2150059 -10.37696 20377.31)
(-0.2845711 -10.25567 5210.481)
(-0.05671651 1.492172 275.6629)
(-0.05720706 1.356339 858.2245)
(-0.05538185 1.048684 1554.666)
(-0.05048076 0.5010752 2531.138)
(-0.03848705 -0.4743144 3428.338)
(-0.2185147 -15.85916 20879.76)
(-0.2020492 -15.85967 5347.228)
(-0.2728577 -16.10538 5385.729)
(-0.05794296 2.878295 288.8067)
(-0.05845739 2.670062 898.9079)
(-0.05676723 2.209864 1626.876)
(-0.05142709 1.379166 2644.655)
(-0.03957893 -0.1047924 3569.967)
(-0.2290169 -18.14673 21647.23)
(-0.210903 -18.53614 5556.261)
(-0.1996986 -19.23915 5596.341)
(-0.2571592 -19.73475 5597.151)
(-0.05953191 4.57907 306.0274)
(-0.06067214 4.315248 951.9849)
(-0.05886223 3.716691 1721.182)
(-0.05356462 2.64884 2791.932)
(-0.04138454 0.7212167 3752.735)
(-0.247987 -15.14363 22646.98)
(-0.2285386 -16.22219 5825.656)
(-0.2159917 -17.53033 5869.169)
(-0.2030688 -18.63773 5868.582)
(-0.2406559 -19.4954 5868.745)
(-0.06245954 5.350229 1010.449)
(-0.06142266 4.727906 1824.581)
(-0.05605108 3.599466 2953.011)
(-0.04384705 1.57564 3950.59)
(-0.272192 -7.881231 23741.88)
(-0.2520414 -9.549608 6116.762)
(-0.2392955 -11.2922 6164.126)
(-0.2259305 -12.8405 6163.629)
(-0.2109099 -14.19252 6162.794)
(-0.2275273 -15.29233 6162.295)
(-0.0624554 4.588073 1913.456)
(-0.05790866 3.63804 3090.723)
(-0.04594735 1.921441 4118.676)
(-0.2950977 -0.8165369 24679.26)
(-0.2727624 -2.625391 6363.57)
(-0.2603017 -4.331425 6413.904)
(-0.247195 -5.902207 6414.075)
(-0.233397 -7.314994 6413.575)
(-0.2168197 -8.570688 6412.51)
(-0.2176314 -9.616596 6411.48)
(-0.05809312 2.950585 3190.486)
(-0.04694434 1.725917 4239.384)
(-0.3101451 2.878654 25356.04)
(-0.2875448 1.37226 6540.376)
(-0.273797 0.01906036 6592.893)
(-0.2609929 -1.231729 6593.626)
(-0.2476462 -2.387226 6593.739)
(-0.2337185 -3.429681 6593.013)
(-0.2164014 -4.361262 6591.695)
(-0.2074334 -5.1449 6590.419)
(-0.04674858 1.163744 4314.475)
(-0.3160746 3.184823 25777.06)
(-0.2936496 2.20512 6650.099)
(-0.2801813 1.36545 6703.773)
(-0.2662527 0.5749855 6705.044)
(-0.253227 -0.1542936 6705.544)
(-0.2397018 -0.8262304 6705.264)
(-0.2256763 -1.430057 6704.144)
(-0.2083159 -1.966136 6702.676)
(-0.1947583 -2.415766 6778.157)
(-0.3128596 1.311264 25977.76)
(-0.2916799 0.9771065 6702.19)
(-0.2784524 0.6921471 6756.598)
(-0.264781 0.4255064 6758.021)
(-0.2508043 0.1761502 6758.81)
(-0.237651 -0.05241808 6758.704)
(-0.2240182 -0.2610854 6757.834)
(-0.2099756 -0.446409 6756.403)
(-0.1929877 -0.6079974 6833.069)
(-0.1706007 -0.6959402 30730.94)
(-0.05934013 -5.530032 322.3474)
(-0.07449312 -4.514563 303.9285)
(-0.04610269 -4.232374 945.819)
(-0.07116505 -2.842127 287.2973)
(-0.06666756 -2.628325 894.2778)
(-0.03481187 -2.154557 1619.697)
(-0.06538881 -1.475897 274.7025)
(-0.06512405 -1.336192 855.2643)
(-0.05836395 -1.025834 1549.74)
(-0.02805224 -0.472123 2525.734)
(-0.06075153 -0.6341582 266.5543)
(-0.06107834 -0.557893 830.1254)
(-0.05839987 -0.3883557 1504.682)
(-0.04900392 -0.08620255 2453.43)
(-0.02722589 0.4444206 3334.239)
(-0.05719527 -0.1679064 262.7051)
(-0.05798033 -0.1447698 818.1602)
(-0.05600707 -0.09111857 1483.346)
(-0.05007222 0.003693893 2419.067)
(-0.03604453 0.1700669 3288.414)
(-0.2990941 3.566142 20137.26)
(-0.05533583 0.1689802 262.9159)
(-0.05573893 0.145272 818.8854)
(-0.05434845 0.09286251 1484.466)
(-0.04901707 -0.002641257 2420.629)
(-0.03692114 -0.1691336 3289.112)
(-0.2101071 -3.563949 20130.76)
(-0.2879329 -3.506874 5142.497)
(-0.05454022 0.6411746 267.2477)
(-0.05499983 0.5665411 832.2089)
(-0.05326142 0.3975375 1508.299)
(-0.04852118 0.09726601 2457.917)
(-0.03679918 -0.4350744 3335.627)
(-0.2073385 -10.3577 20377.09)
(-0.1929201 -10.24994 5209.122)
(-0.279855 -10.2999 5245.588)
(-0.05468689 1.497194 275.8726)
(-0.05526186 1.359098 858.9515)
(-0.05362388 1.053595 1555.783)
(-0.0484757 0.5036507 2532.801)
(-0.03711281 -0.4705558 3429.385)
(-0.2102341 -15.82491 20881.33)
(-0.1939635 -15.8211 5347.587)
(-0.1853127 -16.09102 5384.589)
(-0.2667419 -16.21209 5385.672)
(-0.05530396 2.883939 289.0398)
(-0.05647349 2.677558 899.5728)
(-0.05483327 2.213611 1628.142)
(-0.0497743 1.386143 2646.214)
(-0.03804627 -0.09953939 3571.184)
(-0.2205458 -18.06504 21649.8)
(-0.2028459 -18.46557 5557.128)
(-0.1915973 -19.16675 5596.905)
(-0.1821903 -19.69743 5596.355)
(-0.2490998 -20.01874 5596.806)
(-0.05806096 4.321038 952.7276)
(-0.05699336 3.727543 1722.349)
(-0.05178639 2.655051 2793.687)
(-0.04003668 0.7318756 3753.92)
(-0.2384757 -15.02358 22650.85)
(-0.2200525 -16.09502 5826.625)
(-0.207893 -17.40953 5870.212)
(-0.1956364 -18.51842 5869.374)
(-0.1843426 -19.41907 5868.361)
(-0.230067 -20.06397 5868.014)
(-0.05880961 4.732843 1825.851)
(-0.05428315 3.61248 2954.632)
(-0.0424486 1.586253 3951.921)
(-0.2633412 -7.721198 23746.15)
(-0.2424554 -9.40252 6117.915)
(-0.2303432 -11.13458 6165.199)
(-0.2176048 -12.68704 6164.783)
(-0.2044237 -14.03835 6163.771)
(-0.1907695 -15.18281 6162.326)
(-0.2140492 -16.06573 6161.256)
(-0.05549132 3.643088 3092.406)
(-0.04442957 1.934395 4119.92)
(-0.2854527 -0.6756857 24684.34)
(-0.2638966 -2.477298 6364.668)
(-0.2504394 -4.190198 6415.08)
(-0.2378626 -5.751468 6415.207)
(-0.2247374 -7.167626 6414.784)
(-0.2110509 -8.418129 6413.581)
(-0.1955718 -9.501592 6411.853)
(-0.2015909 -10.36489 6410.418)
(-0.04511648 1.732485 4240.604)
(-0.3002618 2.995431 25360.91)
(-0.2781627 1.479055 6541.596)
(-0.2648345 0.1341916 6593.988)
(-0.2511086 -1.121861 6594.82)
(-0.2381995 -2.270173 6594.898)
(-0.2248168 -3.315469 6594.244)
(-0.2109935 -4.24157 6592.788)
(-0.1945904 -5.049097 6591.02)
(-0.1896248 -5.699228 6663.286)
(-0.3052632 3.247149 25781.71)
(-0.2843026 2.274963 6651.18)
(-0.2710148 1.431656 6704.975)
(-0.2574328 0.645573 6706.161)
(-0.2435741 -0.08656906 6706.743)
(-0.2304759 -0.7544296 6706.434)
(-0.2169282 -1.360175 6705.384)
(-0.203021 -1.893933 6703.784)
(-0.1864758 -2.354524 6778.895)
(-0.1682304 -2.565746 30451.39)
(-0.281847 0.9975594 6703.212)
(-0.2696897 0.715529 6757.652)
(-0.2561109 0.4476666 6759.24)
(-0.2423594 0.1994052 6759.953)
(-0.2284913 -0.02995384 6759.916)
(-0.215324 -0.2374671 6759.018)
(-0.2017192 -0.423471 6757.655)
(-0.1878168 -0.5846604 6834.225)
(-0.1638728 -0.6768755 30737.32)
(-0.000623802 -0.04633536 3893.619)
(-0.07090372 -5.261184 338.3717)
(-0.08127979 -5.555561 322.5775)
(-0.05829673 -5.257007 1003.242)
(-0.07655436 -4.530642 304.1979)
(-0.0726987 -4.255831 946.41)
(-0.04459159 -3.644365 1712.152)
(-0.06929012 -2.849073 287.5787)
(-0.06936944 -2.641847 895.0272)
(-0.06272214 -2.172796 1620.469)
(-0.0338194 -1.33449 2636.927)
(-0.06315009 -1.480624 274.9438)
(-0.06371893 -1.343576 856.0599)
(-0.06109631 -1.034963 1550.882)
(-0.05151252 -0.4833536 2526.379)
(-0.02902981 0.4915561 3426.567)
(-0.05831762 -0.635866 266.7998)
(-0.05919985 -0.5618866 830.8237)
(-0.05726609 -0.3926555 1505.925)
(-0.05119251 -0.09068148 2454.797)
(-0.0369298 0.4404739 3333.89)
(-0.2965853 10.38596 20383.34)
(-0.05533693 -0.1689271 262.9159)
(-0.05574113 -0.1452532 818.8853)
(-0.0543494 -0.09273582 1484.466)
(-0.04901485 0.00268515 2420.628)
(-0.03692066 0.1691417 3289.112)
(-0.2101068 3.563904 20130.76)
(-0.2879342 3.506904 5142.497)
(-0.05347382 0.1696344 263.1442)
(-0.05392595 0.1462448 819.5191)
(-0.05224693 0.09314099 1485.662)
(-0.04752429 -0.001274451 2422.086)
(-0.03597517 -0.1684968 3290.052)
(-0.2022223 -3.558411 20130.23)
(-0.1887686 -3.505762 5141.022)
(-0.283871 -3.506544 5176.462)
(-0.05257055 0.6441359 267.4494)
(-0.05314265 0.5683272 832.9092)
(-0.05154795 0.4003372 1509.37)
(-0.04658375 0.09831302 2459.513)
(-0.03556467 -0.4328373 3336.599)
(-0.1993973 -10.34488 20377.91)
(-0.1843147 -10.23305 5209.348)
(-0.1772329 -10.29709 5244.216)
(-0.2749701 -10.27422 5245.503)
(-0.05198321 1.500994 276.0926)
(-0.05328955 1.363941 859.5833)
(-0.0517976 1.056167 1556.989)
(-0.04692768 0.5081376 2534.272)
(-0.03564421 -0.4680153 3430.499)
(-0.2024001 -15.78404 20883.11)
(-0.1862519 -15.79056 5348.263)
(-0.1762124 -16.05636 5384.965)
(-0.1693969 -16.20272 5384.539)
(-0.2605987 -16.2005 5385.301)
(-0.05391412 2.68309 900.2746)
(-0.05298011 2.22093 1629.247)
(-0.04807593 1.390211 2647.89)
(-0.03680901 -0.0926271 3572.277)
(-0.2120162 -17.99507 21652.67)
(-0.1953364 -18.38881 5557.954)
(-0.1839987 -19.10008 5597.791)
(-0.1732057 -19.63096 5596.93)
(-0.1655657 -19.98869 5596.018)
(-0.2411918 -20.13518 5596.031)
(-0.05456639 3.733616 1723.582)
(-0.05014634 2.665911 2795.239)
(-0.03869658 0.7399616 3755.194)
(-0.2306645 -14.89695 22654.41)
(-0.211587 -15.98074 5827.687)
(-0.2001591 -17.28673 5871.191)
(-0.1881244 -18.40197 5870.433)
(-0.1762348 -19.30736 5869.167)
(-0.1665527 -19.99721 5867.641)
(-0.2198411 -20.42662 5866.816)
(-0.05202536 3.618851 2956.319)
(-0.04111684 1.599957 3953.131)
(-0.2545862 -7.576341 23750.78)
(-0.234533 -9.250458 6118.976)
(-0.2215516 -10.99 6166.357)
(-0.2094329 -12.53432 6165.878)
(-0.1967963 -13.88952 6164.947)
(-0.1838754 -15.03645 6163.322)
(-0.1716047 -15.96696 6161.301)
(-0.2011406 -16.62794 6159.88)
(-0.0426801 1.942708 4121.169)
(-0.2765789 -0.5269739 24689.07)
(-0.2551816 -2.342347 6365.872)
(-0.2422037 -4.04524 6416.179)
(-0.2288093 -5.612662 6416.411)
(-0.2162118 -7.021426 6415.941)
(-0.2031467 -8.275118 6414.815)
(-0.1896574 -9.355615 6412.947)
(-0.1753233 -10.25972 6410.811)
(-0.186261 -10.93215 6477.938)
(-0.2900008 3.095557 25365.6)
(-0.2694469 1.590982 6542.714)
(-0.2560909 0.2394917 6595.206)
(-0.2427476 -1.009488 6595.944)
(-0.2291279 -2.162431 6596.121)
(-0.2161887 -3.202077 6595.43)
(-0.202852 -4.130963 6594.046)
(-0.1892208 -4.934498 6592.138)
(-0.1737725 -5.610825 6663.937)
(-0.1650195 -5.784515 29859.47)
(-0.2747269 2.33549 6652.217)
(-0.2625556 1.500808 6706.054)
(-0.2489499 0.7108217 6707.396)
(-0.2353421 -0.01801854 6707.889)
(-0.221614 -0.6882057 6707.662)
(-0.2085191 -1.290802 6706.581)
(-0.1950336 -1.826494 6705.05)
(-0.1813073 -2.285756 6780.063)
(-0.1582244 -2.511721 30457.7)
(-0.001010595 -0.1450796 3861.88)
(-0.2607137 0.7358811 6758.67)
(-0.2482196 0.4707402 6760.323)
(-0.2343868 0.2211835 6761.203)
(-0.2206229 -0.007484871 6761.087)
(-0.2069256 -0.2156011 6760.259)
(-0.1938208 -0.4007523 6758.866)
(-0.1803025 -0.5626425 6835.539)
(-0.1590852 -0.6558455 30745.47)
(0.001355023 -0.04620844 3894.873)
(0.005714211 0.02733131 2319.112)
(-0.07992828 -4.109025 350.003)
(-0.08723937 -5.284078 338.626)
(-0.06950355 -5.027883 1052.628)
(-0.08228722 -5.570415 322.8615)
(-0.07935802 -5.282096 1003.927)
(-0.05578415 -4.636061 1813.923)
(-0.0741317 -4.535544 304.4926)
(-0.07465543 -4.271729 947.2196)
(-0.06843112 -3.666467 1713.099)
(-0.04178147 -2.581507 2781.891)
(-0.06671555 -2.855304 287.8311)
(-0.06753092 -2.64864 895.8739)
(-0.06510021 -2.185578 1621.704)
(-0.05536233 -1.350036 2637.798)
(-0.03209941 0.1386765 3566.535)
(-0.06063553 -1.483767 275.1977)
(-0.06153402 -1.348109 856.7862)
(-0.05973829 -1.041644 1552.197)
(-0.05356285 -0.4912637 2527.843)
(-0.03878888 0.4845954 3426.39)
(-0.2926992 15.92748 20884.39)
(-0.05644674 -0.6391587 267.0148)
(-0.05682939 -0.5634091 831.5618)
(-0.05548603 -0.3962228 1507.079)
(-0.05011309 -0.09416361 2456.408)
(-0.03776578 0.4373558 3334.636)
(-0.2150049 10.37693 20377.31)
(-0.2845749 10.2557 5210.481)
(-0.05347472 -0.169659 263.1442)
(-0.053927 -0.1461933 819.5191)
(-0.05224887 -0.09312502 1485.662)
(-0.04752503 0.001375219 2422.086)
(-0.03597399 0.1685174 3290.051)
(-0.202223 3.558463 20130.23)
(-0.1887682 3.505717 5141.022)
(-0.2838727 3.506566 5176.462)
(-0.05156375 0.170594 263.342)
(-0.05210798 0.1468224 820.2054)
(-0.05054351 0.09399699 1486.709)
(-0.04568449 -0.001053696 2423.649)
(-0.03480539 -0.1676265 3290.972)
(-0.1945263 -3.555263 20130.71)
(-0.179918 -3.500921 5141.186)
(-0.1735787 -3.506382 5174.974)
(-0.2795715 -3.48341 5176.363)
(-0.04978739 0.6458683 267.6608)
(-0.05122859 0.5711188 833.5167)
(-0.04980277 0.4018776 1510.529)
(-0.0450781 0.1007273 2460.917)
(-0.03415222 -0.4319154 3337.641)
(-0.1918779 -10.3282 20379.12)
(-0.1768513 -10.22224 5209.875)
(-0.1675824 -10.28235 5244.461)
(-0.162325 -10.27425 5244.137)
(-0.2699294 -10.17995 5245.123)
(-0.05067206 1.367547 860.2456)
(-0.04996132 1.060727 1558.038)
(-0.04532492 0.5105801 2535.863)
(-0.03448854 -0.464133 3431.498)
(-0.1945806 -15.75165 20885.1)
(-0.1792423 -15.75256 5348.962)
(-0.1688305 -16.02921 5385.665)
(-0.1593426 -16.17204 5384.924)
(-0.1543088 -16.19599 5384.174)
(-0.2544222 -16.07163 5384.545)
(-0.05061122 2.226309 1630.412)
(-0.04646661 1.397328 2649.355)
(-0.03554756 -0.08781242 3573.459)
(-0.2050053 -17.91873 21655.35)
(-0.1877638 -18.323 5558.864)
(-0.1771715 -19.02684 5598.636)
(-0.1660369 -19.56861 5597.828)
(-0.1557482 -19.92833 5596.601)
(-0.1498232 -20.11234 5595.25)
(-0.2334255 -20.08438 5594.853)
(-0.04806438 2.672585 2796.875)
(-0.0374824 0.751008 3756.329)
(-0.2228763 -14.78353 22658.29)
(-0.2046318 -15.86124 5828.657)
(-0.1924229 -17.17576 5872.265)
(-0.1811 -18.28421 5871.428)
(-0.1692701 -19.19595 5870.242)
(-0.1578019 -19.89344 5868.459)
(-0.1497067 -20.36947 5866.452)
(-0.2099683 -20.58182 5865.326)
(-0.03951469 1.609124 3954.377)
(-0.2468095 -7.423274 23755.07)
(-0.2266701 -9.112 6120.129)
(-0.2142603 -10.84197 6167.423)
(-0.2013996 -12.39315 6167.058)
(-0.189363 -13.74244 6166.061)
(-0.1769 -14.89307 6164.517)
(-0.1643125 -15.82894 6162.314)
(-0.1534349 -16.54008 6159.939)
(-0.1887741 -16.97224 6220.028)
(-0.2673128 -0.3984279 24693.74)
(-0.2473235 -2.200904 6366.99)
(-0.2340992 -3.912663 6417.383)
(-0.22118 -5.471487 6417.535)
(-0.2079324 -6.885804 6417.17)
(-0.1953873 -8.13411 6415.995)
(-0.1824605 -9.217708 6414.203)
(-0.169252 -10.12092 6411.924)
(-0.1560832 -10.83704 6478.379)
(-0.1643191 -10.7243 28908.32)
(-0.2604424 1.688387 6543.779)
(-0.2482106 0.3496343 6596.323)
(-0.234623 -0.9061793 6597.192)
(-0.221348 -2.053262 6597.273)
(-0.2078957 -3.09701 6596.681)
(-0.1950027 -4.021712 6595.258)
(-0.1817942 -4.828043 6593.42)
(-0.168417 -5.501816 6665.121)
(-0.1472527 -5.707471 29865.45)
(-0.001881158 -0.2539971 3794.939)
(-0.2538579 1.561112 6707.088)
(-0.2413453 0.7789926 6708.503)
(-0.2275189 0.04597018 6709.153)
(-0.213951 -0.6219424 6708.836)
(-0.2004154 -1.226408 6707.837)
(-0.1874008 -1.759836 6706.273)
(-0.1740362 -2.221093 6781.394)
(-0.1533881 -2.449736 30465.99)
(0.00141802 -0.1449544 3863.094)
(0.005126881 0.1014005 2298.817)
(-0.2400731 0.4908967 6761.37)
(-0.2273307 0.2438518 6762.314)
(-0.213321 0.01380814 6762.367)
(-0.1996152 -0.1939971 6761.457)
(-0.1861517 -0.3795925 6760.133)
(-0.1731599 -0.5409203 6836.807)
(-0.1525762 -0.6358601 30754.41)
(0.001686557 -0.04570974 3896.33)
(0.00807598 0.02673747 2320.691)
(0.007017661 0.109577 1211.075)
(-0.08569452 -2.561641 357.2833)
(-0.09163316 -4.125118 350.2722)
(-0.07826818 -3.940841 1088.453)
(-0.08718158 -5.295206 338.9157)
(-0.08522373 -5.050506 1053.387)
(-0.06615317 -4.498457 1901.304)
(-0.07935821 -5.574831 323.1626)
(-0.08030547 -5.297044 1004.781)
(-0.07479058 -4.660127 1815.033)
(-0.05111052 -3.515338 2940.642)
(-0.07136336 -4.544196 304.7572)
(-0.07228952 -4.276861 948.1061)
(-0.07014534 -3.682005 1714.436)
(-0.06048997 -2.601226 2783.017)
(-0.03668838 -0.6630433 3747.337)
(-0.06415046 -2.859684 288.0974)
(-0.06502313 -2.654828 896.634)
(-0.06334933 -2.192186 1623.106)
(-0.05714246 -1.361687 2639.396)
(-0.04173238 0.1278851 3566.605)
(-0.2903755 18.36823 21646.75)
(-0.0587166 -1.489216 275.4214)
(-0.05908522 -1.35107 857.5504)
(-0.05768265 -1.045919 1553.399)
(-0.05229847 -0.4970024 2529.558)
(-0.03956831 0.4786469 3427.237)
(-0.225699 15.90229 20879.32)
(-0.2789414 15.87911 5348.356)
(-0.05454279 -0.6411963 267.2477)
(-0.05500313 -0.5664947 832.2088)
(-0.05326757 -0.3975216 1508.299)
(-0.04852366 -0.09718434 2457.916)
(-0.03679551 0.4350947 3335.626)
(-0.207341 10.35775 20377.09)
(-0.1929189 10.24991 5209.122)
(-0.2798598 10.29992 5245.588)
(-0.05156557 -0.170575 263.3421)
(-0.05210883 -0.1468466 820.2054)
(-0.05054444 -0.09395006 1486.709)
(-0.045686 0.001065268 2423.649)
(-0.03480577 0.1676822 3290.972)
(-0.194527 3.555185 20130.71)
(-0.1799192 3.500967 5141.186)
(-0.1735782 3.506337 5174.974)
(-0.2795735 3.483425 5176.363)
(-0.04874955 0.1709625 263.5495)
(-0.05025086 0.1477148 820.8008)
(-0.04883431 0.09447243 1487.844)
(-0.04419038 -0.0003350301 2425.019)
(-0.03345261 -0.1674415 3291.978)
(-0.1871595 -3.55113 20131.6)
(-0.1726861 -3.498336 5141.643)
(-0.1636612 -3.502185 5175.158)
(-0.1591454 -3.484157 5174.881)
(-0.2750497 -3.43798 5175.977)
(-0.04853749 0.5726942 834.1523)
(-0.04802175 0.4044092 1511.536)
(-0.04354537 0.1020181 2462.44)
(-0.03303592 -0.4300546 3338.569)
(-0.1844812 -10.31595 20380.54)
(-0.1700402 -10.20734 5210.472)
(-0.1603809 -10.27354 5245.015)
(-0.1516955 -10.26166 5244.39)
(-0.1481977 -10.18269 5243.762)
(-0.2647319 -10.01821 5244.384)
(-0.04755027 1.064042 1559.134)
(-0.04374179 0.5147869 2537.249)
(-0.0333019 -0.4617505 3432.585)
(-0.1881067 -15.71396 20887.01)
(-0.1723268 -15.72244 5349.724)
(-0.1623995 -15.99364 5386.388)
(-0.1522713 -16.14839 5385.633)
(-0.1433615 -16.16931 5384.566)
(-0.1400387 -16.07182 5383.423)
(-0.248207 -15.82706 5383.427)
(-0.04445675 1.402581 2650.893)
(-0.03439039 -0.08093149 3574.501)
(-0.1979882 -17.85266 21658.3)
(-0.1815177 -18.25174 5559.698)
(-0.1702777 -18.96417 5599.564)
(-0.1598492 -19.49931 5598.684)
(-0.1489804 -19.87062 5597.51)
(-0.139225 -20.05817 5595.841)
(-0.1349574 -20.0686 5594.077)
(-0.2257906 -19.86748 5593.411)
(-0.0360435 0.7589642 3757.513)
(-0.2161593 -14.66256 22661.83)
(-0.197696 -15.75338 5829.712)
(-0.1860625 -17.06058 5873.247)
(-0.1740555 -18.17728 5872.518)
(-0.1629117 -19.08379 5871.251)
(-0.1513453 -19.78766 5869.547)
(-0.1403477 -20.27388 5867.28)
(-0.1338074 -20.53423 5864.969)
(-0.2004144 -20.52612 5917.117)
(-0.2389009 -7.289491 23759.42)
(-0.2197669 -8.967447 6121.193)
(-0.2069982 -10.7065 6168.581)
(-0.1947106 -12.24987 6168.145)
(-0.1820504 -13.60551 6167.262)
(-0.1701626 -14.75229 6165.649)
(-0.1579419 -15.69175 6163.526)
(-0.1457566 -16.41082 6160.965)
(-0.1362585 -16.89534 6220.129)
(-0.169774 -16.26613 27595.12)
(-0.23927 -2.076278 6368.087)
(-0.2269583 -3.774617 6418.503)
(-0.2136649 -5.341971 6418.766)
(-0.2008845 -6.749029 6418.319)
(-0.1878453 -8.002404 6417.249)
(-0.1754255 -9.082494 6415.405)
(-0.1627134 -9.988786 6413.202)
(-0.1498462 -10.70595 6479.566)
(-0.1321169 -10.64302 28913.3)
(-0.003396616 -0.3495354 3687.864)
(-0.2401187 0.4468215 6597.387)
(-0.227545 -0.7982788 6598.336)
(-0.2138211 -1.95243 6598.549)
(-0.2006758 -2.991482 6597.858)
(-0.1874526 -3.919852 6596.534)
(-0.1746823 -4.723383 6594.655)
(-0.1616598 -5.400029 6666.475)
(-0.1421333 -5.609206 29873.95)
(0.001512284 -0.2547395 3796.054)
(0.003897443 0.2387216 2256.27)
(-0.2334958 0.8387772 6709.566)
(-0.2207327 0.1128671 6710.288)
(-0.2067629 -0.5595172 6710.13)
(-0.1933022 -1.162676 6709.037)
(-0.1800216 -1.697592 6707.555)
(-0.1671392 -2.157433 6782.677)
(-0.1470833 -2.391076 30475.09)
(0.001790863 -0.1435097 3864.535)
(0.007936801 0.09942922 2300.347)
(0.006443152 0.3622477 1199.218)
(-0.2199838 0.2637171 6763.39)
(-0.2070619 0.03597221 6763.505)
(-0.1929562 -0.1732922 6762.765)
(-0.1793805 -0.3589291 6761.356)
(-0.1661883 -0.5205732 6838.134)
(-0.1464365 -0.6162101 30762.88)
(0.001766671 -0.0451431 3897.887)
(0.008351922 0.02656882 2322.391)
(0.009224823 0.1088095 1212.224)
(0.006949991 0.1727443 591.6763)
(-0.08847523 -0.8662657 360.7414)
(-0.09442571 -2.570313 357.5584)
(-0.08388018 -2.46238 1110.865)
(-0.09078038 -4.133369 350.5611)
(-0.0895602 -3.956843 1089.257)
(-0.07431007 -3.559447 1964.601)
(-0.0839453 -5.300156 339.2175)
(-0.08514743 -5.061903 1054.257)
(-0.08043346 -4.520413 1902.539)
(-0.05993 -3.545434 3076.434)
(-0.07641545 -5.584789 323.4356)
(-0.07744875 -5.301902 1005.686)
(-0.07559794 -4.675267 1816.443)
(-0.06630546 -3.537556 2942.007)
(-0.04256239 -1.491647 3943.396)
(-0.06867553 -4.548759 305.0358)
(-0.0695914 -4.285629 948.9027)
(-0.06791253 -3.68772 1715.905)
(-0.06175485 -2.616214 2784.76)
(-0.04581951 -0.67852 3747.693)
(-0.2953499 15.66693 22638.86)
(-0.06210177 -2.867002 288.3331)
(-0.06252289 -2.659167 897.4359)
(-0.06099872 -2.198383 1624.366)
(-0.05555508 -1.368176 2641.237)
(-0.04239804 0.1180827 3567.593)
(-0.2441676 18.30783 21643.16)
(-0.2737559 18.666 5556.503)
(-0.0567208 -1.492185 275.6629)
(-0.05721225 -1.356301 858.2244)
(-0.05539006 -1.048669 1554.665)
(-0.05048464 -0.501028 2531.136)
(-0.03848099 0.4743271 3428.336)
(-0.2185182 15.8592 20879.77)
(-0.2020458 15.85966 5347.228)
(-0.272864 16.1054 5385.729)
(-0.05257587 -0.6441205 267.4494)
(-0.05314508 -0.5683486 832.9092)
(-0.05155089 -0.4002949 1509.37)
(-0.04658854 -0.09830115 2459.513)
(-0.03556594 0.4328833 3336.598)
(-0.1993992 10.34481 20377.9)
(-0.1843187 10.23311 5209.348)
(-0.1772314 10.29706 5244.215)
(-0.2749758 10.27424 5245.503)
(-0.04874946 -0.1710577 263.5495)
(-0.05025259 -0.1476956 820.8008)
(-0.04883506 -0.09449485 1487.844)
(-0.04419112 0.0003736798 2425.019)
(-0.03345338 0.1674455 3291.978)
(-0.1871591 3.551155 20131.6)
(-0.1726877 3.498241 5141.642)
(-0.1636628 3.502226 5175.159)
(-0.1591449 3.484113 5174.881)
(-0.275052 3.437988 5175.977)
(-0.04753096 0.1480276 821.4241)
(-0.04710513 0.09526487 1488.829)
(-0.04268882 3.563043e-05 2426.506)
(-0.03235103 -0.1669147 3292.871)
(-0.1799055 -3.548219 20132.74)
(-0.1659749 -3.494909 5142.172)
(-0.1566881 -3.500192 5175.643)
(-0.1482308 -3.480604 5175.072)
(-0.145468 -3.439592 5174.5)
(-0.2703079 -3.370704 5175.245)
(-0.04555157 0.4057693 1512.586)
(-0.04201308 0.1042279 2463.766)
(-0.03190077 -0.4290598 3339.583)
(-0.1783632 -10.30023 20381.92)
(-0.1635008 -10.19601 5211.133)
(-0.1540557 -10.26034 5245.639)
(-0.1447423 -10.25486 5244.951)
(-0.136655 -10.17223 5244.021)
(-0.1348378 -10.02353 5243.029)
(-0.2593781 -9.790422 5243.307)
(-0.04172007 0.5177657 2538.689)
(-0.03218725 -0.4580509 3433.542)
(-0.1815893 -15.684 20889.14)
(-0.1665492 -15.6878 5350.427)
(-0.1561384 -15.96562 5387.174)
(-0.146383 -16.11545 5386.365)
(-0.1365822 -16.14919 5385.282)
(-0.1282598 -16.0491 5383.821)
(-0.1265737 -15.83177 5382.309)
(-0.241949 -15.46889 5382.062)
(-0.03305308 -0.07573537 3575.574)
(-0.1921497 -17.77939 21660.99)
(-0.1752876 -18.18951 5560.612)
(-0.1645679 -18.89664 5600.417)
(-0.1535957 -19.4402 5599.624)
(-0.1433897 -19.80558 5598.376)
(-0.1328303 -20.0053 5596.759)
(-0.1236316 -20.02061 5594.675)
(-0.1209581 -19.85855 5592.64)
(-0.2182563 -19.48405 5637.94)
(-0.209761 -14.55813 22665.44)
(-0.1917646 -15.63993 5830.665)
(-0.1797201 -16.95599 5874.313)
(-0.1682584 -18.06703 5873.516)
(-0.1565203 -18.98154 5872.355)
(-0.1456093 -19.68158 5870.568)
(-0.1343605 -20.1742 5868.379)
(-0.1238768 -20.44693 5865.806)
(-0.1188403 -20.48792 5916.79)
(-0.1839512 -19.36063 26072.1)
(-0.2129694 -8.838996 6122.271)
(-0.2007073 -10.56663 6169.651)
(-0.1880243 -12.11819 6169.324)
(-0.1759336 -13.46764 6168.368)
(-0.1635322 -14.62035 6166.868)
(-0.1518573 -15.55784 6164.674)
(-0.1399438 -16.28043 6162.193)
(-0.1282093 -16.77514 6221.231)
(-0.1154187 -16.20256 27598.34)
(-0.005541593 -0.3697436 3540.384)
(-0.219802 -3.650769 6419.6)
(-0.2072119 -5.207901 6419.911)
(-0.1939364 -6.623227 6419.575)
(-0.1813537 -7.870614 6418.419)
(-0.1685837 -8.955385 6416.68)
(-0.1563601 -9.859905 6414.422)
(-0.1439171 -10.5802 6480.921)
(-0.1259924 -10.52535 28921.95)
(0.001558942 -0.3519182 3688.785)
(0.00197247 0.4879735 2188.815)
(-0.2203314 -0.7018401 6599.428)
(-0.2075098 -1.847223 6599.72)
(-0.1937251 -2.893603 6599.162)
(-0.1807716 -3.818383 6597.735)
(-0.1678387 -4.625232 6595.955)
(-0.1552441 -5.300386 6667.776)
(-0.136267 -5.516996 29883.31)
(0.001981816 -0.2525578 3797.461)
(0.007632861 0.2347739 2257.692)
(0.005270535 0.7160416 1174.452)
(-0.2136988 0.1718333 6711.38)
(-0.2007561 -0.4941905 6711.291)
(-0.1867237 -1.102113 6710.358)
(-0.1734389 -1.636623 6708.779)
(-0.1604506 -2.097652 6784.022)
(-0.1411557 -2.333526 30483.71)
(0.001873254 -0.1419126 3866.082)
(0.008265815 0.09891167 2302.017)
(0.009026397 0.3598213 1200.333)
(0.006431638 0.5598541 585.3396)
(-0.2004826 0.05544897 6764.609)
(-0.1874533 -0.1517319 6763.929)
(-0.1733357 -0.3389125 6762.691)
(-0.1599383 -0.5009242 6839.413)
(-0.1404119 -0.5977095 30771.65)
(0.001803408 -0.04461151 3899.359)
(0.008218562 0.02653193 2324.166)
(0.00946982 0.1084463 1213.439)
(0.00892142 0.1719742 592.3526)
(0.006719114 0.2060095 177.6518)
(-0.09578253 -0.869043 361.0184)
(-0.08659035 -0.8336233 1121.507)
(-0.09315209 -2.576198 357.8461)
(-0.09232193 -2.471068 1111.687)
(-0.07956151 -2.237214 2004.151)
(-0.087447 -4.138076 350.8614)
(-0.0887172 -3.965343 1090.124)
(-0.08463255 -3.575192 1965.914)
(-0.06696992 -2.87397 3174.489)
(-0.08083316 -5.30995 339.4937)
(-0.08198923 -5.067281 1055.164)
(-0.0803127 -4.532374 1903.976)
(-0.07154362 -3.56616 3077.983)
(-0.04853006 -1.828821 4109.821)
(-0.07355973 -5.589042 323.7206)
(-0.07457704 -5.312099 1006.508)
(-0.07291004 -4.681132 1817.943)
(-0.06685052 -3.553062 2943.852)
(-0.05067056 -1.510616 3944.024)
(-0.3126805 8.716596 23724.67)
(-0.06646311 -4.55781 305.2836)
(-0.06696923 -4.290394 949.7415)
(-0.06537958 -3.696787 1717.227)
(-0.05976554 -2.623081 2786.696)
(-0.04624436 -0.6926978 3748.838)
(-0.2726133 15.55163 22637.09)
(-0.274653 16.58327 5824.249)
(-0.05998708 -2.870686 288.5861)
(-0.0605241 -2.666384 898.146)
(-0.05865248 -2.202759 1625.697)
(-0.05349415 -1.37453 2642.897)
(-0.04111063 0.1115886 3568.829)
(-0.2378096 18.2224 21644.62)
(-0.21807 18.61422 5555.71)
(-0.2653844 19.28376 5597.146)
(-0.05469435 -1.497178 275.8726)
(-0.05526593 -1.359111 858.9515)
(-0.05362852 -1.05356 1555.783)
(-0.04848213 -0.503639 2532.8)
(-0.03711481 0.4705841 3429.383)
(-0.2102357 15.82489 20881.32)
(-0.1939694 15.82114 5347.588)
(-0.1853084 16.09101 5384.588)
(-0.2667494 16.21211 5385.673)
(-0.04978697 -0.645944 267.6609)
(-0.05123366 -0.5711032 833.5168)
(-0.04980492 -0.4018973 1510.529)
(-0.04508043 -0.1006924 2460.917)
(-0.03415467 0.43192 3337.641)
(-0.1918763 10.32824 20379.12)
(-0.1768562 10.22216 5209.874)
(-0.1675877 10.28241 5244.462)
(-0.1623233 10.27422 5244.137)
(-0.2699359 10.17996 5245.123)
(-0.04753087 -0.1481191 821.4241)
(-0.04710667 -0.09524649 1488.829)
(-0.04268941 -5.451873e-05 2426.506)
(-0.03235144 0.1669389 3292.87)
(-0.1799042 3.54816 20132.74)
(-0.1659741 3.494888 5142.172)
(-0.1566907 3.500079 5175.642)
(-0.1482327 3.48064 5175.072)
(-0.1454674 3.439548 5174.5)
(-0.2703105 3.370706 5175.245)
(-0.04461226 0.09551034 1489.858)
(-0.04120033 0.0007077381 2427.8)
(-0.03123924 -0.1666718 3293.846)
(-0.1739718 -3.544017 20133.87)
(-0.1595283 -3.492209 5142.783)
(-0.1504216 -3.49746 5176.2)
(-0.1415023 -3.479201 5175.564)
(-0.1336249 -3.436672 5174.697)
(-0.132532 -3.373132 5173.773)
(-0.2653499 -3.282115 5174.185)
(-0.03995943 0.1053642 2465.139)
(-0.03082976 -0.4273167 3340.477)
(-0.1721391 -10.28963 20383.49)
(-0.1580469 -10.1818 5211.74)
(-0.1481432 -10.25003 5246.328)
(-0.1388749 -10.24338 5245.584)
(-0.1299368 -10.16741 5244.589)
(-0.122447 -10.01516 5243.292)
(-0.1222293 -9.79818 5241.956)
(-0.2538696 -9.498239 5241.993)
(-0.03089444 -0.455514 3434.508)
(-0.1763679 -15.64756 20891.12)
(-0.1607539 -15.66002 5351.205)
(-0.1508532 -15.93358 5387.901)
(-0.1407363 -16.08972 5387.161)
(-0.1312008 -16.11901 5386.022)
(-0.1217548 -16.03251 5384.544)
(-0.1140246 -15.81291 5382.711)
(-0.1138978 -15.47786 5380.947)
(-0.2356248 -14.99809 5421.311)
(-0.1871325 -17.71964 21663.62)
(-0.1701925 -18.1213 5561.43)
(-0.158896 -18.83728 5601.35)
(-0.1483918 -19.37674 5600.488)
(-0.1377374 -19.75037 5599.326)
(-0.1277941 -19.94478 5597.633)
(-0.117583 -19.97272 5595.599)
(-0.108959 -19.81665 5593.242)
(-0.107803 -19.48169 5637.184)
(-0.2034396 -18.17068 24689.66)
(-0.1863581 -15.54109 5831.639)
(-0.1743488 -16.84731 5875.278)
(-0.1624795 -17.96636 5874.597)
(-0.1512544 -18.87671 5873.366)
(-0.1398322 -19.58453 5871.685)
(-0.1292033 -20.07457 5869.41)
(-0.1183209 -20.3537 5866.915)
(-0.1083781 -20.40892 5917.695)
(-0.1011034 -19.33229 26073.01)
(-0.008103478 -0.2811193 3368.885)
(-0.1947473 -10.4404 6170.733)
(-0.182319 -11.98361 6170.414)
(-0.1697969 -13.34048 6169.567)
(-0.1579574 -14.4885 6167.991)
(-0.1458703 -15.43156 6165.91)
(-0.1344687 -16.15386 6163.355)
(-0.1229078 -16.65207 6222.541)
(-0.1073732 -16.09578 27606.55)
(0.001462561 -0.3738047 3541.024)
(-0.0004535565 0.852368 2096.873)
(-0.2009158 -5.085566 6421.033)
(-0.1881403 -6.493682 6420.742)
(-0.17495 -7.749142 6419.699)
(-0.1626228 -8.82912 6417.871)
(-0.1501804 -9.738012 6415.718)
(-0.138203 -10.45814 6482.215)
(-0.1208478 -10.41162 28931.45)
(0.00221545 -0.3499171 3690.13)
(0.007112915 0.4818536 2190.049)
(0.003510026 1.22175 1135.412)
(-0.201137 -1.752062 6600.838)
(-0.1881427 -2.791534 6600.357)
(-0.1743751 -3.723914 6599.064)
(-0.1616752 -4.528212 6597.177)
(-0.1490702 -5.206421 6669.145)
(-0.1307543 -5.427072 29892.15)
(0.002063457 -0.2502623 3798.979)
(0.008078301 0.2338533 2259.301)
(0.008611754 0.7115874 1175.491)
(0.005391721 1.068773 572.1325)
(-0.1945033 -0.4363452 6712.409)
(-0.1814554 -1.038652 6711.544)
(-0.1674436 -1.57821 6710.125)
(-0.1543797 -2.03967 6785.305)
(-0.1353898 -2.279206 30492.66)
(0.001907351 -0.1404223 3867.543)
(0.008143444 0.09873224 2303.767)
(0.009322806 0.3587458 1201.524)
(0.008710528 0.5574668 585.9955)
(0.006239182 0.663404 175.6529)
(-0.1816077 -0.1327412 6765.059)
(-0.1685458 -0.3180546 6763.879)
(-0.1544786 -0.4816951 6840.809)
(-0.1349214 -0.5800322 30779.99)
(0.001863426 -0.04406395 3900.875)
(0.008039392 0.02646411 2325.834)
(0.009293675 0.1082226 1214.701)
(0.009144686 0.1715764 593.063)
(0.008543933 0.2052651 177.874)
(-0.09432289 -0.8711745 361.3055)
(-0.09366506 -0.836415 1122.335)
(-0.08210633 -0.7595419 2022.913)
(-0.0897054 -2.579369 358.1442)
(-0.09107127 -2.477083 1112.55)
(-0.08731969 -2.245906 2005.494)
(-0.07155978 -1.832747 3235.591)
(-0.08419494 -4.146163 351.1381)
(-0.08545996 -3.970363 1091.026)
(-0.0838107 -3.584211 1967.344)
(-0.07549274 -2.889216 3176.151)
(-0.05353272 -1.642201 4229.201)
(-0.07784943 -5.314423 339.7795)
(-0.078949 -5.077323 1055.994)
(-0.07733757 -4.538696 1905.476)
(-0.07133526 -3.579115 3079.862)
(-0.055202 -1.847439 4110.661)
(-0.3386495 1.796255 24654.2)
(-0.0712563 -5.599217 323.9763)
(-0.07178873 -5.316741 1007.365)
(-0.07020617 -4.691859 1819.305)
(-0.06447059 -3.560782 2945.828)
(-0.05072083 -1.526971 3945.282)
(-0.3098746 8.554655 23724.75)
(-0.287058 10.19345 6113.638)
(-0.06426639 -4.562438 305.5478)
(-0.06481053 -4.299518 950.4877)
(-0.06291352 -3.70207 1718.62)
(-0.057537 -2.632759 2788.442)
(-0.04469758 -0.7018398 3750.183)
(-0.2672157 15.40867 22639.79)
(-0.2432555 16.4796 5823.853)
(-0.2629577 17.75169 5868.802)
(-0.05794984 -2.878261 288.8067)
(-0.05846234 -2.67006 898.9079)
(-0.05677319 -2.20984 1626.876)
(-0.05143421 -1.379155 2644.654)
(-0.03958105 0.1048106 3569.966)
(-0.2290136 18.14678 21647.22)
(-0.2109083 18.53613 5556.262)
(-0.199696 19.23916 5596.341)
(-0.2571648 19.73477 5597.151)
(-0.05198219 -1.501018 276.0928)
(-0.05329668 -1.363925 859.5834)
(-0.05180122 -1.056179 1556.989)
(-0.04693137 -0.5081089 2534.272)
(-0.03564754 0.4680211 3430.498)
(-0.2023979 15.7841 20883.1)
(-0.1862586 15.79052 5348.261)
(-0.1762207 16.05639 5384.966)
(-0.1693918 16.20272 5384.539)
(-0.2606074 16.20051 5385.301)
(-0.04853709 -0.5727672 834.1526)
(-0.04802628 -0.4043941 1511.536)
(-0.04354705 -0.1020345 2462.44)
(-0.0330372 0.4300764 3338.569)
(-0.1844775 10.3159 20380.54)
(-0.1700374 10.20734 5210.471)
(-0.1603887 10.27344 5245.013)
(-0.1517021 10.26172 5244.39)
(-0.1481959 10.18266 5243.762)
(-0.2647391 10.01822 5244.384)
(-0.04461218 -0.09559282 1489.858)
(-0.04120155 -0.0006913412 2427.8)
(-0.03123953 0.1666589 3293.846)
(-0.173972 3.544091 20133.86)
(-0.1595263 3.492147 5142.783)
(-0.1504205 3.497396 5176.2)
(-0.1415057 3.479073 5175.563)
(-0.1336271 3.436704 5174.697)
(-0.1325314 3.373089 5173.772)
(-0.2653527 3.282112 5174.185)
(-0.03913592 0.0008968439 2429.141)
(-0.0301986 -0.1661717 3294.707)
(-0.1678877 -3.541739 20135.16)
(-0.1542475 -3.488436 5143.343)
(-0.1445625 -3.495034 5176.84)
(-0.1356557 -3.47715 5176.129)
(-0.1271271 -3.435848 5175.195)
(-0.1198282 -3.370829 5173.975)
(-0.1203207 -3.285306 5172.717)
(-0.2601807 -3.172816 5172.891)
(-0.02955484 -0.4264532 3341.369)
(-0.167269 -10.27442 20384.98)
(-0.1525003 -10.17223 5212.416)
(-0.1431653 -10.23725 5246.961)
(-0.13355 -10.23418 5246.28)
(-0.1244992 -10.15765 5245.229)
(-0.1159514 -10.01225 5243.866)
(-0.1090549 -9.791808 5242.223)
(-0.1103543 -9.508273 5240.644)
(-0.2481902 -9.142682 5277.935)
(-0.1724738 -15.62112 20892.9)
(-0.1562419 -15.62647 5351.904)
(-0.1455745 -15.90783 5388.703)
(-0.1359148 -16.06044 5387.896)
(-0.1261287 -16.09573 5386.825)
(-0.1168453 -16.00516 5385.29)
(-0.107777 -15.79975 5383.439)
(-0.1006397 -15.46274 5381.352)
(-0.1019852 -15.01107 5420.2)
(-0.2217337 -13.87789 23632)
(-0.1660949 -18.0658 5562.24)
(-0.1543479 -18.77281 5602.186)
(-0.1432472 -19.32068 5601.432)
(-0.133009 -19.69125 5600.199)
(-0.1227045 -19.89372 5598.591)
(-0.1130596 -19.91687 5596.48)
(-0.1032304 -19.77377 5594.173)
(-0.09518667 -19.44572 5637.845)
(-0.09242246 -18.17409 24688.24)
(-0.01055366 -0.138037 3212.057)
(-0.1697078 -16.7519 5876.263)
(-0.1576404 -17.86297 5875.576)
(-0.1460084 -18.78057 5874.461)
(-0.1350656 -19.48555 5872.707)
(-0.1240021 -19.98314 5870.538)
(-0.1136993 -20.26078 5867.954)
(-0.1032166 -20.32237 5918.884)
(-0.09058425 -19.26348 26080.05)
(0.001187651 -0.2862888 3369.198)
(-0.002982076 1.162026 1991.169)
(-0.1771583 -11.86038 6171.517)
(-0.1646495 -13.21175 6170.676)
(-0.152344 -14.36651 6169.208)
(-0.1408071 -15.30623 6167.048)
(-0.1290858 -16.0338 6164.605)
(-0.1179994 -16.53323 6223.779)
(-0.102726 -15.98476 27615.87)
(0.002381207 -0.373203 3542.241)
(0.00636098 0.8449249 2097.851)
(0.001412099 1.825247 1082.589)
(-0.1826643 -6.373574 6421.888)
(-0.1697783 -7.62464 6420.887)
(-0.1567403 -8.712548 6419.172)
(-0.1447245 -9.617752 6416.927)
(-0.1326477 -10.34202 6483.586)
(-0.115941 -10.30169 28940.37)
(0.002284658 -0.3474292 3691.587)
(0.007762273 0.4800575 2191.56)
(0.007951649 1.215356 1136.323)
(0.003877363 1.746973 551.3837)
(-0.1825711 -2.698179 6601.5)
(-0.1694818 -3.625415 6600.282)
(-0.1558103 -4.437579 6598.53)
(-0.1434035 -5.114218 6670.431)
(-0.1254511 -5.341846 29901.36)
(0.002092539 -0.2481642 3800.409)
(0.007972237 0.233341 2260.996)
(0.009017776 0.7098371 1176.636)
(0.00827676 1.064553 572.7443)
(0.005286056 1.251933 171.4911)
(-0.175947 -0.9822292 6712.687)
(-0.1628706 -1.516905 6711.335)
(-0.1489415 -1.983687 6786.715)
(-0.1300581 -2.227011 30501.09)
(0.001953174 -0.1388801 3869.05)
(0.007968811 0.09846085 2305.41)
(0.009159685 0.3580398 1202.766)
(0.00898106 0.5563025 586.6919)
(0.008332973 0.661117 175.8683)
(-0.1633982 -0.2996461 6765.033)
(-0.1503571 -0.4616387 6842.049)
(-0.1302355 -0.5625667 30789)
(0.001993929 -0.04366671 3902.308)
(0.007893148 0.02645952 2327.538)
(0.009073772 0.1079751 1215.884)
(0.008970391 0.1713122 593.7993)
(0.008755579 0.204873 178.1068)
(-0.09080378 -0.8722906 361.602)
(-0.09223366 -0.8385852 1123.196)
(-0.08862944 -0.7623541 2024.266)
(-0.07380093 -0.6264781 3264.523)
(-0.08634989 -2.584497 358.4197)
(-0.08770135 -2.480444 1113.445)
(-0.08612101 -2.252184 2006.916)
(-0.07804389 -1.841413 3237.297)
(-0.0569223 -1.107004 4303.165)
(-0.08110588 -4.150232 351.4225)
(-0.08228069 -3.978642 1091.857)
(-0.08073284 -3.589914 1968.834)
(-0.07470356 -2.899145 3178.015)
(-0.05872165 -1.656637 4230.172)
(-0.3648625 -1.987127 25324.05)
(-0.0755598 -5.324414 340.0389)
(-0.07603299 -5.082184 1056.853)
(-0.07446778 -4.54927 1906.852)
(-0.06869515 -3.587153 3081.835)
(-0.05482032 -1.862354 4111.958)
(-0.3471662 1.626416 24655.72)
(-0.3083137 3.411051 6358.841)
(-0.06906603 -5.605207 324.2477)
(-0.06953829 -5.327107 1008.135)
(-0.06757834 -4.697394 1820.728)
(-0.06207704 -3.572496 2947.628)
(-0.04889988 -1.53826 3946.681)
(-0.3049122 8.370881 23728.49)
(-0.2768974 10.04472 6113.628)
(-0.2713642 11.7569 6162.084)
(-0.06222775 -4.573339 305.7807)
(-0.06266676 -4.304328 951.2832)
(-0.06088281 -3.711388 1719.86)
(-0.05536145 -2.639084 2790.287)
(-0.04302748 -0.7127841 3751.415)
(-0.2575364 15.27821 22643.46)
(-0.2372626 16.34653 5824.625)
(-0.222718 17.65679 5868.392)
(-0.2516224 18.72349 5868.977)
(-0.05530268 -2.883927 289.0399)
(-0.05648011 -2.677524 899.5729)
(-0.05483769 -2.213608 1628.142)
(-0.04977907 -1.386122 2646.214)
(-0.03805007 0.09954676 3571.183)
(-0.2205444 18.06513 21649.79)
(-0.2028484 18.46562 5557.126)
(-0.1916056 19.16673 5596.906)
(-0.1821872 19.69743 5596.355)
(-0.2491063 20.01876 5596.806)
(-0.05067107 -1.367571 860.246)
(-0.04996772 -1.060712 1558.038)
(-0.04532775 -0.5105899 2535.863)
(-0.03449059 0.4641509 3431.498)
(-0.1945768 15.75163 20885.1)
(-0.1792383 15.7526 5348.96)
(-0.168842 16.02916 5385.662)
(-0.159353 16.17208 5384.925)
(-0.154303 16.19599 5384.173)
(-0.2544319 16.07164 5384.545)
(-0.0455512 -0.4058353 1512.587)
(-0.04201667 -0.1042144 2463.766)
(-0.03190162 0.4290489 3339.583)
(-0.1783635 10.3003 20381.92)
(-0.163495 10.19596 5211.132)
(-0.1540519 10.2603 5245.638)
(-0.1447528 10.25475 5244.95)
(-0.1366626 10.17229 5244.022)
(-0.1348358 10.02351 5243.028)
(-0.2593859 9.790423 5243.307)
(-0.03913585 -0.0009633429 2429.141)
(-0.03019926 0.1661846 3294.708)
(-0.1678872 3.541676 20135.16)
(-0.1542473 3.488491 5143.343)
(-0.14456 3.494969 5176.84)
(-0.1356543 3.477047 5176.129)
(-0.1271313 3.435706 5175.195)
(-0.1198306 3.370857 5173.975)
(-0.12032 3.285264 5172.717)
(-0.2601837 3.172809 5172.891)
(-0.02893498 -0.1660354 3295.565)
(-0.1631617 -3.537688 20136.42)
(-0.1488209 -3.486438 5143.966)
(-0.139754 -3.491695 5177.428)
(-0.1303485 -3.475026 5176.777)
(-0.1216762 -3.434457 5175.767)
(-0.113548 -3.370564 5174.478)
(-0.1068228 -3.283598 5172.922)
(-0.1088155 -3.176717 5171.427)
(-0.254788 -3.043204 5207.261)
(-0.164154 -10.2652 20386.21)
(-0.1483034 -10.15843 5213.03)
(-0.1381061 -10.22882 5247.663)
(-0.1290195 -10.22289 5246.921)
(-0.1197232 -10.14963 5245.932)
(-0.1109167 -10.0042 5244.511)
(-0.1027702 -9.790734 5242.801)
(-0.09645956 -9.503811 5240.914)
(-0.09918638 -9.15482 5276.583)
(-0.2347878 -8.41615 22939.38)
(-0.15324 -15.60239 5352.561)
(-0.1415967 -15.87674 5389.425)
(-0.1311232 -16.03692 5388.706)
(-0.1217423 -16.0693 5387.568)
(-0.1123085 -15.98442 5386.1)
(-0.1033053 -15.77528 5384.19)
(-0.09463354 -15.45289 5382.084)
(-0.08807998 -14.99951 5420.655)
(-0.08813529 -13.89389 23628.67)
(-0.01248521 -0.02265006 3090.906)
(-0.1509835 -18.72064 5603.012)
(-0.1392144 -19.26025 5602.278)
(-0.1283604 -19.63881 5601.153)
(-0.1184216 -19.83913 5599.472)
(-0.1084947 -19.87012 5597.445)
(-0.09917877 -19.72267 5595.059)
(-0.08975341 -19.40778 5638.848)
(-0.07972652 -18.14417 24693.81)
(0.000801968 -0.1432637 3212.064)
(-0.005097345 1.233588 1895.702)
(-0.153726 -17.77158 5876.576)
(-0.1416728 -18.68288 5875.453)
(-0.130322 -19.39442 5873.815)
(-0.119703 -19.89034 5871.57)
(-0.1090357 -20.17529 5869.091)
(-0.09908842 -20.23632 5919.997)
(-0.08595471 -19.18602 26088.62)
(0.002380521 -0.2873835 3370.224)
(0.005485941 1.154649 1991.865)
(-0.0006019882 2.220796 1022.388)
(-0.1602477 -13.09225 6171.797)
(-0.1477261 -14.24411 6170.333)
(-0.1356905 -15.18998 6168.281)
(-0.1245039 -15.91542 6165.757)
(-0.1131821 -16.41985 6225.109)
(-0.09850965 -15.87808 27624.51)
(0.00247419 -0.3712961 3543.596)
(0.007272449 0.8418984 2099.21)
(0.007067196 1.81796 1083.33)
(0.002153979 2.49774 523.4349)
(-0.1650803 -7.507452 6422.056)
(-0.1521595 -8.593561 6420.381)
(-0.1393401 -9.506585 6418.248)
(-0.1276715 -10.22819 6484.865)
(-0.1111756 -10.19657 28949.72)
(0.00230489 -0.3452416 3692.954)
(0.007668727 0.4790778 2193.162)
(0.008540504 1.212736 1137.395)
(0.007605196 1.741147 551.9222)
(0.003923781 2.016452 164.9638)
(-0.1646696 -3.534385 6601.449)
(-0.1515646 -4.343058 6599.771)
(-0.1380482 -5.027819 6671.853)
(-0.1204838 -5.258789 29909.91)
(0.002118085 -0.2459741 3801.892)
(0.007806569 0.2326643 2262.583)
(0.00887581 0.7085717 1177.835)
(0.00864617 1.062711 573.4121)
(0.007902039 1.247964 171.6921)
(-0.1580679 -1.462199 6712.501)
(-0.1450189 -1.924824 6787.981)
(-0.1253661 -2.176256 30510.25)
(0.00207727 -0.1377131 3870.466)
(0.007813984 0.09837608 2307.092)
(0.00894631 0.3572634 1203.93)
(0.008819854 0.5554992 587.416)
(0.008589162 0.6599769 176.0965)
(-0.1458705 -0.4439082 6843.255)
(-0.1268915 -0.5443218 30796.99)
(0.002019624 -0.04317039 3903.832)
(0.00785921 0.02629389 2329.137)
(0.008883989 0.1077968 1217.091)
(0.008755459 0.1710294 594.4897)
(0.008588353 0.2046095 178.3479)
(-0.08739618 -0.8740528 361.8765)
(-0.08879234 -0.8397648 1124.085)
(-0.08726253 -0.7646019 2025.684)
(-0.0792927 -0.6293163 3266.242)
(-0.05861369 -0.3878741 4338.043)
(-0.08324655 -2.587135 358.7017)
(-0.08441957 -2.485694 1114.272)
(-0.08293245 -2.255957 2008.393)
(-0.07693514 -1.84815 3239.146)
(-0.06104274 -1.115675 4304.189)
(-0.384836 -2.551893 25739.72)
(-0.07885015 -4.158829 351.6824)
(-0.0792596 -3.983004 1092.711)
(-0.07772644 -3.598596 1970.209)
(-0.07195556 -2.90608 3179.97)
(-0.05798044 -1.66833 4231.456)
(-0.3776168 -2.127715 25326.49)
(-0.3307672 -0.6259573 6534.4)
(-0.07335525 -5.331357 340.3139)
(-0.07379125 -5.092376 1057.633)
(-0.0717132 -4.554995 1908.276)
(-0.06614118 -3.598693 3083.65)
(-0.05278952 -1.873701 4113.363)
(-0.3417332 1.44635 24660.01)
(-0.3110518 3.253222 6359.133)
(-0.2888687 4.958123 6410.374)
(-0.06689136 -5.617818 324.491)
(-0.06739618 -5.333378 1008.951)
(-0.06545453 -4.708183 1822.006)
(-0.0597479 -3.579694 2949.513)
(-0.04707648 -1.551963 3947.975)
(-0.2938767 8.20451 23732.97)
(-0.2716682 9.871222 6114.566)
(-0.254015 11.6172 6162.059)
(-0.2561957 13.13194 6162.676)
(-0.05953261 -4.579059 306.0275)
(-0.06067907 -4.315203 951.9849)
(-0.0588656 -3.716662 1721.182)
(-0.05356965 -2.648823 2791.931)
(-0.04138885 -0.7211995 3752.733)
(-0.2479876 15.14374 22646.97)
(-0.2285344 16.22229 5825.654)
(-0.2159937 17.53032 5869.17)
(-0.203068 18.63772 5868.581)
(-0.2406639 19.49542 5868.745)
(-0.05391289 -2.683079 900.2749)
(-0.05298609 -2.2209 1629.247)
(-0.04807944 -1.390209 2647.89)
(-0.0368117 0.09264012 3572.277)
(-0.2120145 17.9951 21652.66)
(-0.1953332 18.38888 5557.952)
(-0.1840067 19.10013 5597.788)
(-0.1732166 19.63093 5596.93)
(-0.1655621 19.98869 5596.017)
(-0.2411993 20.1352 5596.031)
(-0.04754938 -1.064064 1559.135)
(-0.0437469 -0.5147742 2537.249)
(-0.03330337 0.4617442 3432.585)
(-0.1881076 15.71402 20887.01)
(-0.1723202 15.72242 5349.722)
(-0.1623939 15.99366 5386.386)
(-0.1522872 16.14834 5385.631)
(-0.1433737 16.16934 5384.566)
(-0.1400324 16.07183 5383.423)
(-0.2482176 15.82707 5383.427)
(-0.03995912 -0.1054177 2465.139)
(-0.03083172 0.4273275 3340.477)
(-0.1721377 10.28958 20383.49)
(-0.1580462 10.18185 5211.74)
(-0.1481354 10.24997 5246.327)
(-0.1388701 10.24331 5245.583)
(-0.1299497 10.16728 5244.588)
(-0.1224556 10.01522 5243.293)
(-0.1222273 9.798156 5241.955)
(-0.2538779 9.498237 5241.992)
(-0.02893493 0.1659966 3295.565)
(-0.1631617 3.537782 20136.42)
(-0.1488201 3.486385 5143.966)
(-0.1397535 3.491733 5177.428)
(-0.1303454 3.474957 5176.777)
(-0.1216745 3.434319 5175.767)
(-0.1135528 3.370411 5174.477)
(-0.1068255 3.283622 5172.922)
(-0.1088148 3.176674 5171.427)
(-0.2547911 3.043194 5207.261)
(-0.1604259 -3.535701 20137.38)
(-0.1447425 -3.482798 5144.537)
(-0.1348022 -3.490043 5178.079)
(-0.1259833 -3.472133 5177.371)
(-0.1168854 -3.432651 5176.421)
(-0.1084692 -3.369803 5175.055)
(-0.1007477 -3.283864 5173.43)
(-0.0945886 -3.175574 5171.635)
(-0.09799053 -3.047758 5205.79)
(-0.2415993 -2.794012 22600.12)
(-0.1460731 -10.15015 5213.584)
(-0.134421 -10.21636 5248.302)
(-0.1244196 -10.21566 5247.631)
(-0.1156117 -10.13984 5246.578)
(-0.1066512 -9.997377 5245.219)
(-0.09811216 -9.784335 5243.45)
(-0.09037474 -9.50446 5241.495)
(-0.08463464 -9.152156 5276.897)
(-0.08622628 -8.429714 22934.77)
(-0.01375212 0.02504514 3010.893)
(-0.1393288 -15.85488 5390.103)
(-0.127646 -16.00843 5389.437)
(-0.1174082 -16.04814 5388.386)
(-0.1083292 -15.96088 5386.848)
(-0.09926526 -15.75711 5385.005)
(-0.09056636 -15.43127 5382.839)
(-0.0823006 -14.99279 5421.449)
(-0.07413762 -13.8854 23633)
(0.0004417735 -0.02686416 3090.671)
(-0.006591176 1.055549 1822.66)
(-0.1365409 -19.21174 5603.115)
(-0.1248111 -19.58267 5602.009)
(-0.1142381 -19.79056 5600.434)
(-0.1046278 -19.82017 5598.332)
(-0.09510125 -19.68031 5596.029)
(-0.08613381 -19.36145 5639.8)
(-0.07473734 -18.1114 24701.2)
(0.002209109 -0.1451924 3212.892)
(0.00469397 1.227416 1896.146)
(-0.002117425 2.178 968.5705)
(-0.138445 -18.59603 5876.467)
(-0.1264613 -19.30277 5874.818)
(-0.1154314 -19.80461 5872.688)
(-0.105173 -20.08888 5870.132)
(-0.09492506 -20.15697 5921.211)
(-0.08240626 -19.10922 26096.5)
(0.002538759 -0.2869138 3371.436)
(0.006648964 1.151019 1993.034)
(0.006107081 2.21403 1022.944)
(0.000623539 2.927607 491.7546)
(-0.1440416 -14.12899 6171.473)
(-0.1315732 -15.07432 6169.422)
(-0.1198576 -15.80539 6167.005)
(-0.1090519 -16.30874 6226.334)
(-0.09438262 -15.77575 27633.69)
(0.002486794 -0.3697034 3544.858)
(0.007228524 0.8404236 2100.682)
(0.007880949 1.814496 1084.293)
(0.006734513 2.491346 523.8764)
(0.002420188 2.838135 156.1906)
(-0.1481958 -8.479948 6421.57)
(-0.1353158 -9.393532 6419.475)
(-0.1227625 -10.12287 6486.26)
(-0.1068395 -10.09415 28958.34)
(0.002318629 -0.3428785 3694.38)
(0.007514045 0.4778548 2194.657)
(0.008420043 1.210971 1138.524)
(0.008133979 1.738594 552.5458)
(0.00724312 2.011082 165.1408)
(-0.147468 -4.254852 6600.959)
(-0.1344076 -4.937665 6673.156)
(-0.1158247 -5.180767 29919.26)
(0.002223769 -0.2441644 3803.272)
(0.007642805 0.2322809 2264.216)
(0.008675203 0.70718 1178.957)
(0.008507027 1.061365 574.1102)
(0.008250442 1.246188 171.9106)
(-0.1408822 -1.872127 6789.202)
(-0.1221928 -2.122762 30518.43)
(0.002120452 -0.1363823 3871.98)
(0.00777741 0.09789072 2308.664)
(0.008751399 0.3566896 1205.119)
(0.008611798 0.5546402 588.0942)
(0.008434771 0.6591876 176.3335)
(-0.1231986 -0.5281773 30804.8)
(0.001884579 -0.04259111 3905.206)
(0.007719716 0.02626046 2330.813)
(0.008804744 0.1074793 1218.223)
(0.008566542 0.1708119 595.1936)
(0.008382517 0.2043297 178.574)
(-0.08430544 -0.8749784 362.157)
(-0.08545894 -0.8415681 1124.909)
(-0.08400507 -0.7659182 2027.152)
(-0.0780392 -0.6316982 3268.083)
(-0.06218926 -0.3907738 4339.085)
(-0.395397 -1.075476 25935.78)
(-0.08098193 -2.593222 358.9618)
(-0.08138202 -2.488515 1115.119)
(-0.07982594 -2.26146 2009.76)
(-0.07408081 -1.852662 3241.079)
(-0.06008832 -1.123316 4305.457)
(-0.3983488 -2.641853 25742.58)
(-0.3482948 -1.667727 6642.941)
(-0.07656511 -4.164493 351.9587)
(-0.07704694 -3.991738 1093.493)
(-0.0748677 -3.603601 1971.624)
(-0.06926981 -2.915484 3181.78)
(-0.05583407 -1.677648 4232.846)
(-0.3712196 -2.270515 25330.92)
(-0.3392173 -0.7579165 6534.88)
(-0.3084066 0.5983711 6588.047)
(-0.07086337 -5.342367 340.5626)
(-0.07163151 -5.099567 1058.46)
(-0.06958686 -4.56561 1909.57)
(-0.06368716 -3.605999 3085.533)
(-0.05081602 -1.887188 4114.676)
(-0.3291948 1.285165 24664.9)
(-0.3057221 3.081428 6360.135)
(-0.2862016 4.80781 6410.65)
(-0.2700414 6.359054 6411.567)
(-0.06399836 -5.621688 324.7453)
(-0.06527397 -5.346048 1009.684)
(-0.0634285 -4.7151 1823.363)
(-0.05786083 -3.591279 2951.208)
(-0.04529879 -1.562403 3949.345)
(-0.2829339 8.034554 23737.25)
(-0.2618037 9.711426 6115.69)
(-0.248363 11.44938 6162.996)
(-0.2320006 13.00183 6162.67)
(-0.2415857 14.31252 6162.78)
(-0.05806161 -4.321027 952.7278)
(-0.05699968 -3.727503 1722.349)
(-0.05178913 -2.655027 2793.687)
(-0.04003963 -0.7318644 3753.92)
(-0.2384778 15.02366 22650.84)
(-0.220052 16.09512 5826.622)
(-0.2078947 17.40962 5870.21)
(-0.1956403 18.51841 5869.374)
(-0.1843417 19.41904 5868.36)
(-0.2300763 20.06399 5868.014)
(-0.05061011 -2.2263 1630.412)
(-0.04647147 -1.397304 2649.355)
(-0.03554944 0.0878137 3573.459)
(-0.2050076 17.91877 21655.35)
(-0.1877589 18.32303 5558.862)
(-0.1771664 19.0269 5598.633)
(-0.1660498 19.56867 5597.825)
(-0.1557615 19.9283 5596.602)
(-0.1498193 20.11234 5595.25)
(-0.2334336 20.0844 5594.853)
(-0.04171935 -0.5177849 2538.69)
(-0.03219011 0.4580601 3433.543)
(-0.1815876 15.68397 20889.14)
(-0.1665484 15.68784 5350.427)
(-0.1561291 15.96559 5387.173)
(-0.1463758 16.11544 5386.363)
(-0.136602 16.14913 5385.28)
(-0.1282736 16.04914 5383.821)
(-0.1265669 15.83177 5382.309)
(-0.2419602 15.4689 5382.061)
(-0.02955464 0.4264216 3341.37)
(-0.1672693 10.2745 20384.99)
(-0.1524982 10.17219 5212.415)
(-0.1431636 10.23728 5246.961)
(-0.1335405 10.23412 5246.279)
(-0.1244936 10.15755 5245.227)
(-0.1159663 10.01211 5243.865)
(-0.1090643 9.791869 5242.223)
(-0.1103521 9.50825 5240.644)
(-0.2481989 9.142677 5277.935)
(-0.1604256 3.535635 20137.38)
(-0.144742 3.482882 5144.537)
(-0.1348012 3.489999 5178.079)
(-0.1259825 3.472155 5177.371)
(-0.1168818 3.432581 5176.421)
(-0.1084673 3.369633 5175.054)
(-0.1007531 3.283701 5173.429)
(-0.09459148 3.175595 5171.635)
(-0.09798982 3.047715 5205.79)
(-0.2416024 2.793999 22600.12)
(-0.142886 -3.481008 5145.043)
(-0.1312173 -3.486817 5178.676)
(-0.121479 -3.470843 5178.029)
(-0.1129349 -3.43021 5177.021)
(-0.10416 -3.368326 5175.714)
(-0.0960183 -3.283695 5174.011)
(-0.08870667 -3.176338 5172.145)
(-0.08309917 -3.047146 5206.039)
(-0.08543781 -2.798989 22594.89)
(-0.01438835 0.01541623 2971.486)
(-0.1329344 -10.20914 5248.88)
(-0.1212134 -10.2046 5248.277)
(-0.1114433 -10.13386 5247.295)
(-0.1029311 -9.989091 5245.871)
(-0.09431978 -9.778724 5244.163)
(-0.08606809 -9.499644 5242.148)
(-0.07873977 -9.154396 5277.534)
(-0.0715704 -8.428446 22938.28)
(0.0001849817 0.02243331 3010.497)
(-0.007492616 0.6987843 1774.72)
(-0.1260645 -15.98894 5390.123)
(-0.1143982 -16.02235 5389.123)
(-0.1044237 -15.94217 5387.672)
(-0.09566603 -15.73645 5385.757)
(-0.08698526 -15.41566 5383.657)
(-0.07860596 -14.97395 5422.264)
(-0.06874499 -13.8811 23639.14)
(0.001971482 -0.02861763 3091.345)
(0.004102437 1.051117 1822.913)
(-0.00306488 1.767271 927.7543)
(-0.1227859 -19.53806 5602.855)
(-0.1111409 -19.73886 5601.298)
(-0.1008792 -19.77563 5599.301)
(-0.09162183 -19.63501 5596.922)
(-0.08250737 -19.32346 5640.841)
(-0.07161288 -18.07047 24708.06)
(0.002448076 -0.1462972 3213.942)
(0.006039789 1.224235 1897.138)
(0.00529495 2.172686 968.9666)
(-0.0003937907 2.788996 463.6361)
(-0.1238795 -19.22087 5875.844)
(-0.1120168 -19.71924 5873.701)
(-0.1013432 -20.00884 5871.26)
(-0.09146845 -20.07708 5922.323)
(-0.07883386 -19.03819 26104.97)
(0.002543214 -0.2864251 3372.555)
(0.006687978 1.149104 1994.348)
(0.007126593 2.210507 1023.777)
(0.005820307 2.921905 492.0917)
(0.001159965 3.279963 146.2723)
(-0.1285632 -14.96418 6170.577)
(-0.116212 -15.69678 6168.159)
(-0.10485 -16.2053 6227.66)
(-0.09081513 -15.67609 27642.06)
(0.002487704 -0.3679191 3546.19)
(0.007089131 0.8386982 2102.047)
(0.007813182 1.812484 1085.328)
(0.007453216 2.488272 524.4361)
(0.006401887 2.832365 156.336)
(-0.1320406 -9.284098 6420.683)
(-0.1192598 -10.01612 6487.556)
(-0.1025658 -9.999337 28967.66)
(0.002387615 -0.3409027 3695.699)
(0.007354426 0.4770361 2196.204)
(0.008236 1.209017 1139.577)
(0.008019376 1.736863 553.2019)
(0.007737287 2.008708 165.3446)
(-0.1309812 -4.852766 6674.405)
(-0.1128755 -5.099266 29927.76)
(0.002292445 -0.2424722 3804.755)
(0.007595614 0.2314852 2265.731)
(0.008476882 0.7061039 1180.108)
(0.008312351 1.059918 574.7628)
(0.00811804 1.244904 172.1389)
(-0.1188335 -2.074752 30526.4)
(0.001985353 -0.1347614 3873.352)
(0.007659647 0.0976634 2310.318)
(0.008671127 0.3557683 1206.23)
(0.008419752 0.553972 588.7871)
(0.008235763 0.6583493 176.5555)
(0.001773602 -0.0421007 3906.575)
(0.007422212 0.02630299 2332.34)
(0.008635051 0.1072823 1219.405)
(0.008478239 0.1704764 595.853)
(0.008200271 0.2041116 178.8045)
(-0.08202161 -0.8771817 362.4172)
(-0.08243211 -0.8425548 1125.751)
(-0.08084813 -0.7678063 2028.513)
(-0.0751207 -0.633259 3270.002)
(-0.06113397 -0.3934239 4340.344)
(-0.4087277 -1.106211 25938.79)
(-0.3576646 -0.7709965 6694.035)
(-0.0784891 -2.596324 359.2369)
(-0.07915879 -2.494662 1115.9)
(-0.07694598 -2.264679 2011.161)
(-0.0712995 -1.858615 3242.875)
(-0.05784416 -1.129257 4306.825)
(-0.3910836 -2.731732 25747.04)
(-0.3585087 -1.75285 6643.498)
(-0.3240927 -0.9027256 6697.862)
(-0.07370322 -4.171554 352.2084)
(-0.07480756 -3.997603 1094.323)
(-0.07275972 -3.612615 1972.918)
(-0.06671357 -2.921654 3183.645)
(-0.05373745 -1.688509 4234.154)
(-0.3574365 -2.397492 25335.94)
(-0.3332193 -0.8947538 6535.869)
(-0.3129864 0.4713092 6588.51)
(-0.2867057 1.725037 6589.818)
(-0.0677871 -5.344369 340.8174)
(-0.06920176 -5.110711 1059.209)
(-0.06753584 -4.573351 1910.943)
(-0.06177809 -3.617389 3087.246)
(-0.0489163 -1.897571 4116.051)
(-0.3168679 1.120091 24669.59)
(-0.2945091 2.926074 6361.284)
(-0.2807852 4.63964 6411.648)
(-0.262172 6.216854 6411.87)
(-0.2518815 7.607069 6412.199)
(-0.06246249 -5.350257 1010.449)
(-0.06143146 -4.727891 1824.58)
(-0.05605343 -3.599421 2953.01)
(-0.04385037 -1.575626 3950.589)
(-0.2721994 7.881348 23741.87)
(-0.2520417 9.549721 6116.758)
(-0.2392934 11.29228 6164.123)
(-0.2259297 12.84051 6163.63)
(-0.2109088 14.19249 6162.792)
(-0.2275409 15.29233 6162.295)
(-0.05456696 -3.733608 1723.583)
(-0.05015156 -2.665879 2795.239)
(-0.03869818 -0.7399471 3755.193)
(-0.2306694 14.897 22654.41)
(-0.2115855 15.9808 5827.685)
(-0.2001576 17.2868 5871.189)
(-0.1881315 18.40207 5870.431)
(-0.1762404 19.30735 5869.168)
(-0.1665516 19.99717 5867.641)
(-0.2198516 20.42664 5866.816)
(-0.04445587 -1.402575 2650.894)
(-0.03439328 0.08094503 3574.501)
(-0.1979874 17.85266 21658.3)
(-0.1815178 18.25177 5559.698)
(-0.1702697 18.96419 5599.562)
(-0.1598425 19.49936 5598.682)
(-0.1489979 19.87067 5597.508)
(-0.1392403 20.05813 5595.842)
(-0.134953 20.0686 5594.077)
(-0.2257994 19.8675 5593.411)
(-0.03089401 0.4555008 3434.509)
(-0.1763698 15.64762 20891.12)
(-0.1607509 15.66 5351.204)
(-0.1508509 15.9336 5387.901)
(-0.1407247 16.08969 5387.159)
(-0.1311922 16.11899 5386.02)
(-0.121778 16.03244 5384.542)
(-0.1140398 15.81295 5382.711)
(-0.1138905 15.47787 5380.947)
(-0.2356366 14.99809 5421.311)
(-0.1641532 10.26513 20386.21)
(-0.1483021 10.1585 5213.03)
(-0.1381033 10.22879 5247.663)
(-0.1290169 10.22291 5246.921)
(-0.1197122 10.14957 5245.931)
(-0.1109103 10.00407 5244.509)
(-0.1027869 9.790586 5242.799)
(-0.09646962 9.503872 5240.914)
(-0.09918412 9.154797 5276.583)
(-0.2347965 8.416143 22939.37)
(-0.1428858 3.480974 5145.043)
(-0.1312162 3.486894 5178.676)
(-0.1214778 3.470809 5178.029)
(-0.1129338 3.430216 5177.021)
(-0.104156 3.368254 5175.714)
(-0.09601621 3.283499 5174.01)
(-0.08871255 3.176166 5172.145)
(-0.0831022 3.047165 5206.039)
(-0.0854371 2.798947 22594.89)
(-0.01438866 -0.01541855 2971.486)
(-0.130107 -3.485292 5179.207)
(-0.1183556 -3.468046 5178.633)
(-0.1088509 -3.429289 5177.685)
(-0.1005963 -3.366331 5176.319)
(-0.09215674 -3.282549 5174.674)
(-0.084305 -3.176719 5172.73)
(-0.07739957 -3.048368 5206.603)
(-0.07043457 -2.798776 22598.02)
(6.131777e-05 0.0145445 2971.01)
(-0.007924708 0.2431975 1751.189)
(-0.1204184 -10.1985 5248.862)
(-0.1086831 -10.12422 5247.947)
(-0.09916698 -9.984376 5246.593)
(-0.09096428 -9.77191 5244.818)
(-0.08271222 -9.495224 5242.864)
(-0.07476042 -9.151073 5278.242)
(-0.06602624 -8.431657 22943.48)
(0.001777304 0.02134795 3011.068)
(0.003726587 0.6961968 1774.848)
(-0.003567317 1.132643 901.1327)
(-0.1134559 -16.00533 5389.817)
(-0.101848 -15.91912 5388.415)
(-0.09216083 -15.72022 5386.586)
(-0.08373987 -15.39783 5384.414)
(-0.07544725 -14.96083 5423.145)
(-0.0654909 -13.86489 23645.13)
(0.002277839 -0.03035894 3092.239)
(0.005547249 1.048916 1823.772)
(0.004718426 1.763634 928.0302)
(-0.0009178436 2.217171 442.4476)
(-0.1097214 -19.69833 5602.153)
(-0.09820283 -19.72846 5600.171)
(-0.08827821 -19.5946 5597.896)
(-0.0793879 -19.28279 5641.797)
(-0.06850198 -18.03719 24715.44)
(0.002453506 -0.1466114 3214.918)
(0.006165832 1.222054 1898.299)
(0.006456812 2.169955 969.681)
(0.005073794 2.7847 463.8836)
(0.0004101167 3.088909 137.5036)
(-0.1100402 -19.64263 5874.738)
(-0.09834647 -19.9299 5872.281)
(-0.08805125 -20.00292 5923.525)
(-0.07585887 -18.96701 26112.63)
(0.002538339 -0.286003 3373.751)
(0.006562106 1.147207 1995.56)
(0.007135817 2.208543 1024.701)
(0.006706477 2.919042 492.5759)
(0.005532984 3.274938 146.384)
(-0.1138325 -15.5921 6169.329)
(-0.1016472 -16.10399 6228.885)
(-0.08717567 -15.58316 27651.05)
(0.002515905 -0.3664826 3547.41)
(0.006935698 0.8373853 2103.473)
(0.007650177 1.81027 1086.287)
(0.00738876 2.486508 525.0355)
(0.007066545 2.829644 156.5188)
(-0.1166265 -9.911419 6488.832)
(-0.0996703 -9.903516 28976.24)
(0.002448121 -0.3392569 3697.111)
(0.007283099 0.4758067 2197.632)
(0.008046597 1.207482 1140.664)
(0.007842293 1.734977 553.813)
(0.007630243 2.00713 165.5589)
(-0.1101891 -5.02188 29936)
(0.002170819 -0.2404503 3806.114)
(0.007510715 0.2307276 2267.333)
(0.008390216 0.7046607 1181.176)
(0.008119612 1.058766 575.4321)
(0.007932286 1.243531 172.3523)
(0.001847845 -0.133311 3874.714)
(0.007368657 0.09769872 2311.827)
(0.008520962 0.3550926 1207.394)
(0.008331127 0.5530075 589.4338)
(0.008051295 0.6576911 176.7822)
(0.007140585 0.02631232 2333.881)
(0.008330196 0.1071448 1220.484)
(0.008313591 0.1702447 596.5409)
(0.00811192 0.2037874 179.0203)
(-0.07940059 -0.8781521 362.6911)
(-0.08018951 -0.8447737 1126.533)
(-0.07797473 -0.7689257 2029.905)
(-0.07229124 -0.6352973 3271.787)
(-0.05883435 -0.3954562 4341.697)
(-0.4009762 -1.136768 25943.24)
(-0.3681927 -0.8001626 6694.619)
(-0.332583 -0.5123947 6749.548)
(-0.07545584 -2.599795 359.4841)
(-0.07671852 -2.497914 1116.727)
(-0.07482363 -2.270942 2012.455)
(-0.0687138 -1.862552 3244.717)
(-0.05566001 -1.136113 4308.117)
(-0.3764233 -2.811126 25752.06)
(-0.3518095 -1.838898 6644.468)
(-0.3314338 -0.9853858 6698.403)
(-0.3005622 -0.1925965 6700.053)
(-0.0705736 -4.173127 352.4597)
(-0.07201997 -4.00485 1095.074)
(-0.07063063 -3.618915 1974.296)
(-0.06480409 -2.931177 3185.356)
(-0.05173868 -1.696946 4235.515)
(-0.3439741 -2.528033 25340.8)
(-0.3208324 -1.017299 6537.007)
(-0.3071597 0.336689 6589.493)
(-0.2875261 1.603374 6590.312)
(-0.2657266 2.748604 6590.972)
(-0.06621041 -5.113137 1059.974)
(-0.06525284 -4.584766 1912.187)
(-0.0599328 -3.626155 3089.069)
(-0.04741128 -1.910559 4117.316)
(-0.3049352 0.9719104 24674.58)
(-0.283467 2.768385 6362.389)
(-0.2704717 4.486113 6412.795)
(-0.2566541 6.053115 6412.895)
(-0.2390302 7.473521 6412.526)
(-0.2344108 8.695158 6412.158)
(-0.05881223 -4.732868 1825.851)
(-0.05429043 -3.612469 2954.631)
(-0.04245014 -1.586225 3951.921)
(-0.2633492 7.721246 23746.15)
(-0.2424576 9.402613 6117.913)
(-0.2303426 11.13466 6165.196)
(-0.2176106 12.68709 6164.78)
(-0.2044244 14.03837 6163.772)
(-0.1907681 15.18276 6162.324)
(-0.2140649 16.06573 6161.256)
(-0.04806481 -2.672579 2796.876)
(-0.03748566 -0.7509914 3756.329)
(-0.2228785 14.78356 22658.29)
(-0.2046343 15.86127 5828.657)
(-0.1924181 17.17581 5872.263)
(-0.1810975 18.28425 5871.426)
(-0.1692823 19.19605 5870.24)
(-0.157809 19.89343 5868.46)
(-0.1497056 20.36942 5866.451)
(-0.2099797 20.58185 5865.326)
(-0.03305256 0.07573608 3575.574)
(-0.1921551 17.77941 21660.99)
(-0.1752853 18.18951 5560.612)
(-0.1645659 18.89666 5600.417)
(-0.153585 19.44022 5599.622)
(-0.1433814 19.80561 5598.374)
(-0.1328519 20.00536 5596.756)
(-0.1236487 20.02057 5594.675)
(-0.1209535 19.85854 5592.64)
(-0.2182657 19.48407 5637.94)
(-0.1724728 15.62105 20892.9)
(-0.1562414 15.62652 5351.905)
(-0.1455704 15.90782 5388.702)
(-0.135911 16.06045 5387.896)
(-0.1261149 16.0957 5386.824)
(-0.1168355 16.00512 5385.288)
(-0.1078033 15.79968 5383.437)
(-0.100656 15.46278 5381.353)
(-0.1019777 15.01108 5420.2)
(-0.2217455 13.8779 23632)
(-0.1460725 10.15012 5213.584)
(-0.1344182 10.21642 5248.303)
(-0.1244163 10.21564 5247.631)
(-0.1156082 10.13984 5246.578)
(-0.1066388 9.997317 5245.219)
(-0.09810512 9.784187 5243.449)
(-0.09039293 9.504303 5241.494)
(-0.08464523 9.152218 5276.897)
(-0.08622402 8.429691 22934.77)
(-0.01375298 -0.02504681 3010.893)
(-0.1301067 3.485287 5179.207)
(-0.1183541 3.468113 5178.633)
(-0.1088495 3.429264 5177.685)
(-0.100595 3.366324 5176.319)
(-0.09215239 3.282476 5174.674)
(-0.08430275 3.1765 5172.729)
(-0.07740583 3.04819 5206.602)
(-0.07043762 2.798793 22598.02)
(6.138802e-05 -0.01454844 2971.01)
(-0.007924971 -0.2432 1751.189)
(-0.1179377 -3.466807 5179.171)
(-0.1061575 -3.426925 5178.295)
(-0.09690621 -3.36578 5176.988)
(-0.08895282 -3.28099 5175.283)
(-0.08085787 -3.175899 5173.397)
(-0.07330485 -3.049251 5207.239)
(-0.0650673 -2.800247 22602.8)
(0.001687671 0.01421286 2971.536)
(0.003551763 0.242355 1751.257)
(-0.003787397 0.3882248 888.1139)
(-0.1085285 -10.11928 5248.538)
(-0.09682074 -9.976151 5247.25)
(-0.087578 -9.768441 5245.544)
(-0.07969545 -9.489833 5243.522)
(-0.0718056 -9.147804 5279.015)
(-0.062455 -8.429433 22948.82)
(0.002115775 0.02010322 3011.852)
(0.005220125 0.694998 1775.622)
(0.00436429 1.130581 901.3312)
(-0.001121949 1.402915 428.6937)
(-0.1014982 -15.90461 5389.114)
(-0.08998698 -15.69991 5387.334)
(-0.0806074 -15.38405 5385.246)
(-0.07253052 -14.94574 5423.958)
(-0.06279772 -13.85391 23651.52)
(0.002322387 -0.03099842 3093.104)
(0.005741264 1.046952 1824.802)
(0.005953499 1.761914 928.658)
(0.004559091 2.214329 442.6289)
(0.0001076028 2.435335 130.9202)
(-0.09734689 -19.69209 5601.033)
(-0.08599223 -19.55197 5598.772)
(-0.07642045 -19.24649 5642.84)
(-0.06580203 -18.0016 24722.13)
(0.002439034 -0.1472951 3215.962)
(0.006055785 1.220516 1899.371)
(0.00654162 2.168193 970.5015)
(0.006070915 2.782669 464.3002)
(0.004836198 3.085216 137.5866)
(-0.0969341 -19.85879 5873.327)
(-0.0854445 -19.93046 5924.615)
(-0.07292884 -18.90075 26120.88)
(0.00254636 -0.285654 3374.839)
(0.006420168 1.145459 1996.838)
(0.006991631 2.206572 1025.552)
(0.00670991 2.917568 493.1103)
(0.006344588 3.272538 146.5419)
(-0.09985386 -16.00519 6230.127)
(-0.08449032 -15.49283 27659.27)
(0.002547439 -0.3652587 3548.713)
(0.006840035 0.8356958 2104.778)
(0.007472265 1.808483 1087.286)
(0.007233273 2.484571 525.5907)
(0.007007383 2.828151 156.7142)
(-0.09770725 -9.808372 28984.77)
(0.00237329 -0.3376036 3698.412)
(0.007201204 0.4744479 2199.141)
(0.007943885 1.205574 1141.667)
(0.007659571 1.73348 554.4436)
(0.007461987 2.005412 165.7584)
(0.001983873 -0.2381708 3807.459)
(0.007245435 0.2302476 2268.803)
(0.008269778 0.7033044 1182.301)
(0.008026868 1.057292 576.0531)
(0.007748233 1.242437 172.5711)
(0.007065918 0.09772668 2313.349)
(0.008224082 0.3546201 1208.459)
(0.008183147 0.5522596 590.1109)
(0.007962888 0.6567648 176.9938)
(0.008034343 0.1069998 1221.576)
(0.008034269 0.1700583 597.1698)
(0.007955023 0.2035568 179.2454)
(-0.07631419 -0.8793151 362.9366)
(-0.07762544 -0.8457992 1127.356)
(-0.07583262 -0.7711722 2031.198)
(-0.06970478 -0.6366552 3273.615)
(-0.05660604 -0.3977941 4342.978)
(-0.3858624 -1.163648 25948.24)
(-0.3610834 -0.8293957 6695.575)
(-0.3407166 -0.5408016 6750.115)
(-0.3081747 -0.2714155 6751.954)
(-0.07242831 -2.601444 359.7326)
(-0.07376416 -2.501543 1117.47)
(-0.07250918 -2.274517 2013.824)
(-0.06678314 -1.869025 3246.423)
(-0.05361698 -1.14144 4309.456)
(-0.3621748 -2.892961 25756.93)
(-0.3386078 -1.915599 6645.58)
(-0.3250439 -1.069982 6699.364)
(-0.3050923 -0.2724586 6700.627)
(-0.2777722 0.4593275 6701.594)
(-0.06897371 -4.006763 1095.829)
(-0.06801738 -3.626549 1975.542)
(-0.06288288 -2.938275 3187.182)
(-0.05019979 -1.707544 4236.776)
(-0.3310792 -2.644442 25345.91)
(-0.3087357 -1.142268 6538.11)
(-0.2957063 0.2153383 6590.626)
(-0.281846 1.471577 6591.325)
(-0.2629104 2.632816 6591.495)
(-0.2455025 3.663499 6591.393)
(-0.06246071 -4.588134 1913.457)
(-0.05792129 -3.638066 3090.723)
(-0.04594992 -1.921414 4118.675)
(-0.2951084 0.8165972 24679.25)
(-0.2727697 2.625501 6363.567)
(-0.2603006 4.331554 6413.899)
(-0.2471968 5.902291 6414.071)
(-0.2333962 7.314979 6413.576)
(-0.2168161 8.570737 6412.508)
(-0.2176486 9.616532 6411.48)
(-0.05202743 -3.618871 2956.319)
(-0.04112143 -1.599951 3953.13)
(-0.2545915 7.576413 23750.78)
(-0.2345382 9.250496 6118.976)
(-0.221549 10.99008 6166.354)
(-0.2094315 12.53436 6165.874)
(-0.1968096 13.88955 6164.944)
(-0.1838775 15.03647 6163.322)
(-0.1716029 15.9669 6161.3)
(-0.201158 16.62794 6159.88)
(-0.03604367 -0.7589623 3757.513)
(-0.2161686 14.66255 22661.83)
(-0.1976969 15.75341 5829.711)
(-0.1860628 17.06061 5873.247)
(-0.1740477 18.17732 5872.516)
(-0.1629082 19.08382 5871.248)
(-0.1513621 19.78775 5869.545)
(-0.1403562 20.27388 5867.28)
(-0.1338061 20.53417 5864.969)
(-0.2004267 20.52614 5917.117)
(-0.1871314 17.71958 21663.62)
(-0.1701956 18.12131 5561.431)
(-0.1588923 18.83728 5601.349)
(-0.1483879 19.37676 5600.487)
(-0.1377243 19.75038 5599.324)
(-0.1277845 19.9448 5597.631)
(-0.1176081 19.97278 5595.597)
(-0.1089776 19.81661 5593.243)
(-0.1077982 19.48168 5637.184)
(-0.203449 18.17069 24689.66)
(-0.1532394 15.60233 5352.562)
(-0.141594 15.87678 5389.425)
(-0.1311181 16.03691 5388.706)
(-0.1217371 16.0693 5387.568)
(-0.1122929 15.98439 5386.098)
(-0.1032945 15.77523 5384.188)
(-0.09466229 15.45281 5382.082)
(-0.08809728 14.99954 5420.655)
(-0.08812778 13.89389 23628.67)
(-0.01248639 0.02264976 3090.906)
(-0.1329339 10.20912 5248.881)
(-0.1212092 10.20466 5248.278)
(-0.1114394 10.13385 5247.295)
(-0.1029269 9.989083 5245.871)
(-0.09430626 9.778661 5244.162)
(-0.08606053 9.499478 5242.146)
(-0.07875917 9.154232 5277.533)
(-0.07158106 8.428505 22938.28)
(0.0001852069 -0.02243552 3010.496)
(-0.00749336 -0.6987861 1774.72)
(-0.1179375 3.46683 5179.171)
(-0.1061556 3.426984 5178.296)
(-0.09690469 3.365762 5176.988)
(-0.0889513 3.280971 5175.283)
(-0.08085322 3.175824 5173.397)
(-0.07330248 3.049014 5207.238)
(-0.06507367 2.800069 22602.8)
(0.00168735 -0.01421225 2971.536)
(0.003551825 -0.2423584 1751.257)
(-0.003787603 -0.3882269 888.1139)
(-0.106379 -3.425986 5178.838)
(-0.09461213 -3.363846 5177.603)
(-0.08563087 -3.280801 5175.956)
(-0.07798751 -3.174758 5174.008)
(-0.07024004 -3.048746 5207.961)
(-0.06136503 -2.801427 22607.71)
(0.002018334 0.01381489 2972.268)
(0.005071852 0.2420035 1751.993)
(0.004201784 0.3875625 888.2749)
(-0.00118612 0.4779411 421.9869)
(-0.09725604 -9.972383 5247.846)
(-0.08561433 -9.761614 5246.205)
(-0.07666121 -9.487573 5244.251)
(-0.06910269 -9.143765 5279.725)
(-0.05993611 -8.426963 22954.55)
(0.002206184 0.01934096 3012.637)
(0.005447616 0.6938109 1776.563)
(0.005633305 1.129709 901.9044)
(0.004249649 1.401341 428.8326)
(5.727389e-05 1.532934 126.6583)
(-0.09018391 -15.68791 5388.038)
(-0.07880395 -15.36645 5385.998)
(-0.06974418 -14.93435 5424.852)
(-0.06025997 -13.8413 23657.31)
(0.00229028 -0.03187278 3094.025)
(0.005673668 1.045878 1825.772)
(0.006095371 1.760531 929.393)
(0.005610117 2.213165 442.9965)
(0.0043633 2.432945 130.9819)
(-0.08565828 -19.51978 5599.638)
(-0.07449507 -19.20836 5643.776)
(-0.06326295 -17.96976 24729.37)
(0.002448702 -0.1478827 3216.912)
(0.00591714 1.218824 1900.507)
(0.006415491 2.16689 971.2574)
(0.006138168 2.781548 464.775)
(0.005742373 3.083625 137.7225)
(-0.08455544 -19.865 5925.731)
(-0.07075853 -18.83667 26128.28)
(0.002542624 -0.2853868 3376.004)
(0.006319438 1.143561 1998.001)
(0.006828635 2.204813 1026.447)
(0.006573629 2.91606 493.6024)
(0.006347736 3.271433 146.7159)
(-0.08327423 -15.40374 27667.68)
(0.002503162 -0.3644244 3549.906)
(0.006743746 0.8340007 2106.161)
(0.007354563 1.806337 1088.2)
(0.007062995 2.483031 526.1689)
(0.006860266 2.826496 156.8952)
(0.002153339 -0.3352006 3699.723)
(0.006996989 0.4730391 2200.528)
(0.007829672 1.203633 1142.724)
(0.007555604 1.731645 555.0256)
(0.007288024 2.004059 165.9643)
(0.006905646 0.2302523 2270.284)
(0.007998955 0.7021477 1183.333)
(0.00790428 1.05592 576.7063)
(0.007656697 1.241044 172.7741)
(0.007912696 0.3542006 1209.536)
(0.007911804 0.5516642 590.7306)
(0.007820957 0.6560366 177.2152)
(0.007759794 0.1698767 597.8073)
(0.007694644 0.2033635 179.4513)
(-0.07334846 -0.8800141 363.1837)
(-0.07461875 -0.8470168 1128.093)
(-0.07340426 -0.7723164 2032.561)
(-0.06775356 -0.6389513 3275.319)
(-0.05454917 -0.3996127 4344.302)
(-0.3712162 -1.191392 25953.09)
(-0.3474644 -0.8553726 6696.669)
(-0.3339776 -0.5695216 6751.063)
(-0.3139547 -0.2989485 6752.555)
(-0.2845119 -0.0491689 6753.693)
(-0.07081329 -2.503378 1118.216)
(-0.06973961 -2.278483 2015.055)
(-0.06470371 -1.873183 3248.236)
(-0.05204446 -1.148387 4310.711)
(-0.3486587 -2.965551 25762.03)
(-0.3257809 -1.99406 6646.662)
(-0.3128123 -1.146028 6700.47)
(-0.2989842 -0.3552587 6701.621)
(-0.2795609 0.3825908 6702.199)
(-0.2557621 1.049673 6702.363)
(-0.06516673 -3.62921 1976.792)
(-0.0605895 -2.946596 3188.836)
(-0.04866511 -1.716251 4238.141)
(-0.3205199 -2.767457 25350.73)
(-0.297141 -1.254733 6539.276)
(-0.2845268 0.09250833 6591.726)
(-0.2712877 1.352042 6592.492)
(-0.2573511 2.504435 6592.538)
(-0.2391848 3.554034 6591.944)
(-0.2260651 4.464092 6591.117)
(-0.05549557 -3.643137 3092.407)
(-0.04443737 -1.93441 4119.92)
(-0.2854619 0.6757788 24684.34)
(-0.2639045 2.477345 6364.667)
(-0.2504403 4.190294 6415.077)
(-0.2378603 5.751584 6415.202)
(-0.2247491 7.167695 6414.78)
(-0.211052 8.418117 6413.582)
(-0.1955672 9.501639 6411.851)
(-0.2016106 10.36481 6410.418)
(-0.03951579 -1.609136 3954.377)
(-0.2468236 7.423259 23755.07)
(-0.2266743 9.112049 6120.128)
(-0.214263 10.842 6167.423)
(-0.2013926 12.3932 6167.055)
(-0.1893608 13.74245 6166.058)
(-0.1769199 14.89309 6164.514)
(-0.1643158 15.82897 6162.314)
(-0.1534329 16.54001 6159.937)
(-0.188793 16.97224 6220.028)
(-0.2097595 14.5581 22665.44)
(-0.1917713 15.6399 5830.665)
(-0.1797199 16.956 5874.313)
(-0.1682566 18.06704 5873.515)
(-0.1565097 18.98157 5872.353)
(-0.145605 19.68159 5870.565)
(-0.1343814 20.17429 5868.377)
(-0.1238865 20.44693 5865.806)
(-0.1188389 20.48786 5916.789)
(-0.1839636 19.36066 26072.1)
(-0.1660943 18.06574 5562.241)
(-0.1543488 18.7728 5602.186)
(-0.1432422 19.32068 5601.431)
(-0.1330032 19.69126 5600.199)
(-0.1226893 19.89373 5598.59)
(-0.1130489 19.91688 5596.478)
(-0.1032585 19.77382 5594.171)
(-0.09520643 19.44568 5637.845)
(-0.09241761 18.17408 24688.23)
(-0.01055466 0.1380377 3212.057)
(-0.1393285 15.85483 5390.104)
(-0.1276413 16.00846 5389.437)
(-0.1174022 16.04814 5388.385)
(-0.1083229 15.96087 5386.847)
(-0.09924804 15.75707 5385.004)
(-0.0905547 15.4312 5382.837)
(-0.08233138 14.9927 5421.447)
(-0.07415503 13.88543 23633.01)
(0.0004425092 0.02686414 3090.671)
(-0.006592212 -1.05555 1822.659)
(-0.1204181 10.19851 5248.862)
(-0.1086776 10.12427 5247.948)
(-0.09916272 9.984366 5246.593)
(-0.09095943 9.771891 5244.818)
(-0.08269776 9.495159 5242.863)
(-0.07475245 9.150892 5278.24)
(-0.06604594 8.431493 22943.48)
(0.001776196 -0.0213431 3011.068)
(0.003726787 -0.6961989 1774.848)
(-0.003567901 -1.132644 901.1327)
(-0.1063789 3.426035 5178.838)
(-0.09460981 3.363896 5177.603)
(-0.08562922 3.28079 5175.956)
(-0.07798582 3.174728 5174.008)
(-0.07023516 3.048669 5207.961)
(-0.06136265 2.801184 22607.71)
(0.002017635 -0.01383305 2972.268)
(0.005071562 -0.2420033 1751.993)
(0.004201834 -0.3875653 888.2749)
(-0.001186283 -0.4779428 421.9869)
(-0.09542106 -3.363213 5178.15)
(-0.08370606 -3.279286 5176.574)
(-0.07500868 -3.174917 5174.684)
(-0.06767806 -3.048 5208.622)
(-0.0587227 -2.80111 22613.13)
(0.002128755 0.01342989 2973.003)
(0.00529609 0.2416468 1752.892)
(0.005488919 0.3873183 888.8232)
(0.004109099 0.4774413 422.1053)
(7.285021e-05 0.5209336 124.5835)
(-0.08659035 -9.75901 5246.804)
(-0.07504961 -9.482099 5244.915)
(-0.06639571 -9.142655 5280.51)
(-0.05758789 -8.423951 22959.71)
(0.002170567 0.01877085 3013.478)
(0.005423866 0.692999 1777.464)
(0.005803525 1.128942 902.582)
(0.005323649 1.400803 429.1696)
(0.004082461 1.531631 126.7065)
(-0.07950277 -15.35689 5386.705)
(-0.06828052 -14.91936 5425.658)
(-0.05786363 -13.83191 23663.63)
(0.002302044 -0.03273147 3094.862)
(0.005527154 1.044724 1826.799)
(0.006005049 1.759793 930.0808)
(0.005724369 2.212383 443.423)
(0.005313461 2.43211 131.102)
(-0.07464209 -19.18027 5644.705)
(-0.06171368 -17.93653 24735.8)
(0.002433513 -0.1485161 3217.937)
(0.005826897 1.217109 1901.537)
(0.006258864 2.165546 972.0563)
(0.006018927 2.780744 465.2122)
(0.005802694 3.082909 137.877)
(-0.07034937 -18.77857 26135.95)
(0.002490328 -0.2854818 3377.055)
(0.006203605 1.141764 1999.238)
(0.00671125 2.202856 1027.261)
(0.006417856 2.914778 494.1197)
(0.006219314 3.270278 146.8762)
(0.002264162 -0.3629946 3551.134)
(0.006585434 0.8318739 2107.423)
(0.007233087 1.804268 1089.167)
(0.00694922 2.481149 526.6983)
(0.006698638 2.825215 157.0837)
(0.0066435 0.4726122 2201.943)
(0.007614795 1.201608 1143.695)
(0.007439907 1.729827 555.6383)
(0.007187493 2.002385 166.1544)
(0.007661579 0.7014752 1184.378)
(0.007656851 1.054684 577.3059)
(0.007537553 1.239757 172.9875)
(0.007625872 0.5511452 591.3585)
(0.007568348 0.6554334 177.418)
(0.007437242 0.2031804 179.6601)
(-0.07172597 -0.8477727 1128.835)
(-0.07058429 -0.7736494 2033.782)
(-0.0655776 -0.6403075 3277.121)
(-0.05295438 -0.4020295 4345.553)
(-0.3574067 -1.215937 25958.16)
(-0.3342676 -0.881985 6697.735)
(-0.3213515 -0.5952859 6752.15)
(-0.307558 -0.3270446 6753.537)
(-0.287985 -0.07571485 6754.327)
(-0.2616366 0.1532319 6754.644)
(-0.06696915 -2.280722 2016.29)
(-0.06227237 -1.877742 3249.865)
(-0.05039866 -1.153688 4312.063)
(-0.3376148 -3.043057 25766.9)
(-0.3135873 -2.0643 6647.801)
(-0.3009353 -1.223277 6701.548)
(-0.2876864 -0.4302885 6702.763)
(-0.2737057 0.3019267 6703.225)
(-0.2548875 0.9763822 6702.999)
(-0.2345713 1.57496 6702.398)
(-0.05809815 -2.950599 3190.488)
(-0.046955 -1.725939 4239.384)
(-0.31016 -2.878571 25356.03)
(-0.2875547 -1.372209 6540.375)
(-0.2738045 -0.01896894 6592.889)
(-0.2609916 1.231871 6593.622)
(-0.2476465 2.387325 6593.735)
(-0.2337199 3.429653 6593.014)
(-0.216394 4.361362 6591.693)
(-0.2074439 5.144836 6590.418)
(-0.04268249 -1.942737 4121.17)
(-0.2766003 0.5269468 24689.07)
(-0.2551889 2.342417 6365.87)
(-0.242209 4.045276 6416.178)
(-0.2288042 5.612744 6416.408)
(-0.2162085 7.021528 6415.936)
(-0.2031676 8.275174 6414.811)
(-0.1896602 9.355607 6412.948)
(-0.1753179 10.25976 6410.809)
(-0.1862827 10.93207 6477.938)
(-0.2389003 7.289465 23759.42)
(-0.2197773 8.967426 6121.193)
(-0.2070015 10.70653 6168.58)
(-0.194711 12.24989 6168.145)
(-0.1820393 13.60554 6167.26)
(-0.1701597 14.75227 6165.645)
(-0.1579679 15.69175 6163.524)
(-0.1457611 16.41086 6160.966)
(-0.1362561 16.89526 6220.128)
(-0.1697933 16.26613 27595.12)
(-0.1863564 15.54106 5831.64)
(-0.1743532 16.84727 5875.278)
(-0.1624783 17.96637 5874.597)
(-0.1512506 18.87672 5873.365)
(-0.1398192 19.58455 5871.683)
(-0.1291982 20.07456 5869.407)
(-0.1183453 20.35378 5866.913)
(-0.1083888 20.40892 5917.695)
(-0.1011019 19.33222 26073)
(-0.008104866 0.2811215 3368.885)
(-0.1509833 18.72058 5603.013)
(-0.1392134 19.26024 5602.279)
(-0.1283543 19.63881 5601.153)
(-0.1184142 19.83913 5599.472)
(-0.1084776 19.87013 5597.444)
(-0.09916717 19.72267 5595.056)
(-0.08978399 19.40784 5638.845)
(-0.07974651 18.14413 24693.81)
(0.0008024812 0.1432615 3212.064)
(-0.00509826 -1.233588 1895.702)
(-0.1260646 15.9889 5390.124)
(-0.1143916 16.02238 5389.124)
(-0.104417 15.94217 5387.672)
(-0.09565863 15.73643 5385.757)
(-0.08696673 15.41562 5383.656)
(-0.07859365 14.97387 5422.262)
(-0.0687763 13.88102 23639.13)
(0.001969656 0.02862004 3091.345)
(0.004103074 -1.051118 1822.913)
(-0.003065701 -1.767271 927.7542)
(-0.1085283 10.11931 5248.538)
(-0.09681408 9.976195 5247.25)
(-0.08757337 9.768437 5245.544)
(-0.07969004 9.489804 5243.522)
(-0.0717904 9.147737 5279.014)
(-0.062447 8.429246 22948.81)
(0.002113615 -0.02012017 3011.851)
(0.005219134 -0.6949943 1775.622)
(0.004364451 -1.130583 901.3311)
(-0.001122412 -1.402916 428.6937)
(-0.09542096 3.363285 5178.151)
(-0.0837034 3.27933 5176.574)
(-0.07500692 3.174912 5174.684)
(-0.06767623 3.047962 5208.622)
(-0.0587178 2.801033 22613.13)
(0.002128995 -0.0134577 2973.003)
(0.005295449 -0.241663 1752.892)
(0.005488684 -0.3873183 888.8232)
(0.00410914 -0.4774436 422.1053)
(7.270961e-05 -0.5209351 124.5835)
(-0.08505175 -3.27896 5177.125)
(-0.073424 -3.173805 5175.305)
(-0.06501825 -3.048487 5209.351)
(-0.05650396 -2.800636 22617.99)
(0.002110786 0.01324864 2973.807)
(0.005291641 0.2412898 1753.753)
(0.005658159 0.3871026 889.4745)
(0.005194935 0.4773034 422.4284)
(0.003955712 0.5205232 124.6252)
(-0.07651838 -9.480628 5245.517)
(-0.06510662 -9.138472 5281.224)
(-0.05524844 -8.423573 22965.36)
(0.002174516 0.01814198 3014.238)
(0.005278388 0.6924253 1778.423)
(0.005748283 1.12844 903.2245)
(0.005461314 1.400423 429.5639)
(0.005049994 1.531286 126.8168)
(-0.06943736 -14.91217 5426.42)
(-0.05673695 -13.81931 23669.24)
(0.002289778 -0.03365861 3095.77)
(0.005444065 1.043482 1827.728)
(0.005844512 1.759052 930.8074)
(0.005634215 2.212066 443.8211)
(0.005415266 2.431678 131.2409)
(-0.0622613 -17.91262 24742.34)
(0.002351164 -0.1491854 3218.852)
(0.005709579 1.215501 1902.641)
(0.006152391 2.164099 972.7801)
(0.005869681 2.779961 465.6738)
(0.005690257 3.082435 138.0193)
(0.002230659 -0.2856227 3378.147)
(0.006053894 1.139539 2000.353)
(0.006578412 2.201061 1028.126)
(0.006306244 2.913267 494.5902)
(0.006071388 3.26935 147.0446)
(0.006237988 0.8305648 2108.732)
(0.007061861 1.80179 1090.048)
(0.006829785 2.479382 527.2572)
(0.006590591 2.823601 157.2563)
(0.007273672 1.200484 1144.689)
(0.007240937 1.727899 556.2008)
(0.007075237 2.000751 166.3543)
(0.007352687 1.053888 577.9139)
(0.007307293 1.238572 173.1835)
(0.007301568 0.6549146 177.6236)
(-0.06786352 -0.774529 2035.009)
(-0.06309934 -0.6418438 3278.733)
(-0.05124233 -0.4037967 4346.894)
(-0.3461179 -1.242318 25963.05)
(-0.3217842 -0.905745 6698.856)
(-0.3091207 -0.6215 6753.211)
(-0.2958893 -0.3524777 6754.66)
(-0.2819008 -0.1030772 6755.341)
(-0.2628561 0.1277851 6755.309)
(-0.2395915 0.3346284 6754.842)
(-0.05983391 -1.880706 3251.492)
(-0.04858226 -1.159387 4313.279)
(-0.3266836 -3.112341 25772.24)
(-0.3035326 -2.13822 6648.892)
(-0.2896187 -1.293022 6702.683)
(-0.276727 -0.506018 6703.872)
(-0.2633021 0.2282749 6704.399)
(-0.2492549 0.8981929 6704.055)
(-0.2311203 1.505422 6703.062)
(-0.2142375 2.031672 6701.985)
(-0.04511941 -1.732495 4240.606)
(-0.3002919 -2.99547 25360.91)
(-0.2781737 -1.478985 6541.594)
(-0.2648423 -0.1341552 6593.987)
(-0.2511112 1.121948 6594.817)
(-0.2381972 2.270322 6594.894)
(-0.2248259 3.315567 6594.241)
(-0.2109973 4.241541 6592.789)
(-0.1945815 5.049203 6591.019)
(-0.1896369 5.699155 6663.285)
(-0.2673148 0.3983818 24693.75)
(-0.2473385 2.20089 6366.989)
(-0.2341049 3.912714 6417.381)
(-0.2211829 5.471512 6417.534)
(-0.2079217 6.885874 6417.168)
(-0.195383 8.134199 6415.99)
(-0.1824896 9.217751 6414.2)
(-0.1692563 10.12091 6411.925)
(-0.156077 10.83709 6478.377)
(-0.1643415 10.72422 28908.32)
(-0.2129679 8.838981 6122.271)
(-0.2007145 10.5666 6169.651)
(-0.1880268 12.1182 6169.323)
(-0.1759318 13.46765 6168.367)
(-0.1635175 14.62037 6166.866)
(-0.1518539 15.55779 6164.67)
(-0.1399751 16.28041 6162.191)
(-0.1282149 16.77519 6221.231)
(-0.1154162 16.20247 27598.33)
(-0.005543857 0.3697424 3540.384)
(-0.169706 16.75187 5876.263)
(-0.1576426 17.86292 5875.576)
(-0.1460064 18.78057 5874.461)
(-0.13506 19.48555 5872.707)
(-0.1239868 19.98315 5870.536)
(-0.1136936 20.26075 5867.952)
(-0.103244 20.32245 5918.882)
(-0.09059538 19.26348 26080.05)
(0.001187879 0.2862793 3369.198)
(-0.002983375 -1.162025 1991.169)
(-0.1365412 19.21168 5603.116)
(-0.1248082 19.58264 5602.009)
(-0.1142311 19.79056 5600.434)
(-0.1046191 19.82016 5598.332)
(-0.09508263 19.6803 5596.028)
(-0.08612149 19.36144 5639.797)
(-0.07476877 18.11145 24701.19)
(0.002206926 0.1451879 3212.893)
(0.004694437 -1.227418 1896.146)
(-0.002118176 -2.178 968.5705)
(-0.1134563 16.0053 5389.817)
(-0.1018397 15.91914 5388.416)
(-0.09215347 15.72022 5386.586)
(-0.08373158 15.39781 5384.413)
(-0.07542765 14.96079 5423.144)
(-0.06547855 13.86481 23645.12)
(0.002274354 0.03034889 3092.238)
(0.005545605 -1.048914 1823.772)
(0.004718925 -1.763634 928.0302)
(-0.0009184997 -2.217172 442.4476)
(-0.09725606 9.972435 5247.846)
(-0.08560668 9.761651 5246.205)
(-0.07665628 9.487574 5244.251)
(-0.06909684 9.143729 5279.725)
(-0.05992083 8.426896 22954.54)
(0.00220698 -0.01936332 3012.636)
(0.005445635 -0.693826 1776.563)
(0.005632508 -1.129706 901.9044)
(0.004249781 -1.401342 428.8326)
(5.68738e-05 -1.532935 126.6583)
(-0.08505169 3.279052 5177.125)
(-0.07342106 3.173842 5175.305)
(-0.06501641 3.048486 5209.351)
(-0.05650208 2.800594 22617.99)
(0.00211129 -0.01325652 2973.807)
(0.00529185 -0.2413157 1753.753)
(0.005657636 -0.3871156 889.4744)
(0.005194743 -0.4773034 422.4284)
(0.003955748 -0.5205252 124.6252)
(-0.07525718 -3.173779 5175.859)
(-0.06374553 -3.047756 5210.02)
(-0.05420132 -2.80129 22623.31)
(0.002107213 0.01303905 2974.531)
(0.005162638 0.2411317 1754.681)
(0.005618391 0.3868802 890.0915)
(0.005332757 0.4772129 422.808)
(0.004931878 0.520446 124.731)
(-0.06702135 -9.138079 5281.877)
(-0.05427388 -8.420384 22970.41)
(0.002166214 0.01741933 3015.067)
(0.005191705 0.6917276 1779.286)
(0.005589528 1.128154 903.9065)
(0.005398694 1.400228 429.9364)
(0.005172482 1.531123 126.9453)
(-0.05823802 -13.81399 23674.77)
(0.002186136 -0.03445197 3096.581)
(0.005334188 1.042297 1828.728)
(0.005744964 1.758168 931.4638)
(0.005482649 2.211785 444.2415)
(0.005328137 2.431617 131.3704)
(0.002047134 -0.1503685 3219.79)
(0.005545148 1.213736 1903.627)
(0.006020962 2.162808 973.5539)
(0.005767589 2.779021 466.0921)
(0.005548507 3.082009 138.1695)
(0.005714448 1.137515 2001.521)
(0.006420269 2.19884 1028.906)
(0.006179688 2.91194 495.0896)
(0.00596602 3.268177 147.1978)
(0.00673633 1.800082 1090.964)
(0.006669383 2.477227 527.7671)
(0.006476042 2.822115 157.4384)
(0.006938542 1.726757 556.7777)
(0.006888897 1.998995 166.5379)
(0.007026178 1.237796 173.3824)
(-0.06069553 -0.642945 3280.349)
(-0.04938493 -0.4057212 4348.093)
(-0.3348707 -1.26571 25968.37)
(-0.3114972 -0.930879 6699.941)
(-0.2975101 -0.6451029 6754.327)
(-0.284593 -0.3781924 6755.754)
(-0.2711506 -0.1280603 6756.499)
(-0.257053 0.1012665 6756.355)
(-0.2386174 0.31039 6755.537)
(-0.2184182 0.4938389 6754.58)
(-0.04674992 -1.163736 4314.476)
(-0.3161092 -3.184852 25777.06)
(-0.2936646 -2.205073 6650.097)
(-0.2801902 -1.365421 6703.771)
(-0.2662598 -0.5749349 6705.041)
(-0.2532253 0.15437 6705.539)
(-0.2397044 0.8262809 6705.26)
(-0.2256795 1.430039 6704.145)
(-0.208307 1.966173 6702.675)
(-0.1947663 2.415753 6778.155)
(-0.2900054 -3.095594 25365.61)
(-0.2694683 -1.591002 6542.714)
(-0.2560987 -0.2394329 6595.204)
(-0.2427536 1.00951 6595.942)
(-0.229126 2.162512 6596.118)
(-0.2161856 3.202231 6595.426)
(-0.2028693 4.131058 6594.043)
(-0.1892268 4.934468 6592.138)
(-0.1737623 5.610935 6663.936)
(-0.1650323 5.784439 29859.47)
(-0.23927 2.076257 6368.087)
(-0.2269676 3.774615 6418.502)
(-0.2136691 5.342003 6418.765)
(-0.2008852 6.749044 6418.318)
(-0.1878295 8.002461 6417.246)
(-0.1754203 9.08257 6415.399)
(-0.1627499 9.988817 6413.198)
(-0.149852 10.70595 6479.566)
(-0.1321104 10.64306 28913.29)
(-0.003399444 0.3495246 3687.863)
(-0.194745 10.44039 6170.733)
(-0.1823231 11.98358 6170.414)
(-0.1697987 13.34047 6169.566)
(-0.1579536 14.4885 6167.99)
(-0.1458523 15.43156 6165.908)
(-0.1344647 16.15378 6163.351)
(-0.1229437 16.65204 6222.538)
(-0.1073794 16.09583 27606.56)
(0.001462965 0.3737918 3541.024)
(-0.0004557093 -0.8523696 2096.873)
(-0.1537241 17.77155 5876.576)
(-0.1416729 18.68282 5875.453)
(-0.1303192 19.39441 5873.815)
(-0.1196959 19.89033 5871.569)
(-0.1090185 20.17529 5869.09)
(-0.09908231 20.23628 5919.994)
(-0.08598351 19.1861 26088.61)
(0.002379045 0.2873843 3370.224)
(0.005486185 -1.154658 1991.865)
(-0.0006030604 -2.220795 1022.388)
(-0.1227866 19.538 5602.856)
(-0.1111363 19.73882 5601.298)
(-0.1008713 19.77563 5599.301)
(-0.09161188 19.635 5596.921)
(-0.08248746 19.32345 5640.84)
(-0.0716005 18.07045 24708.05)
(0.002444283 0.1462994 3213.941)
(0.006037781 -1.224239 1897.138)
(0.005295331 -2.172688 968.9666)
(-0.0003944096 -2.788996 463.636)
(-0.101499 15.90459 5389.115)
(-0.08997723 15.69993 5387.335)
(-0.08059949 15.38405 5385.246)
(-0.0725215 14.94571 5423.957)
(-0.06277798 13.85387 23651.52)
(0.002323621 0.03098582 3093.103)
(0.005738042 -1.046961 1824.801)
(0.005952174 -1.761913 928.6581)
(0.004559483 -2.21433 442.6288)
(0.000107032 -2.435336 130.9201)
(-0.08659051 9.759078 5246.805)
(-0.07504113 9.482132 5244.915)
(-0.06639052 9.14266 5280.51)
(-0.05758189 8.42391 22959.71)
(0.002172135 -0.01877809 3013.477)
(0.005424558 -0.6930202 1777.464)
(0.005801911 -1.128954 902.5817)
(0.005323005 -1.400801 429.1696)
(0.004082577 -1.531632 126.7065)
(-0.07525716 3.173887 5175.859)
(-0.06374235 3.047789 5210.02)
(-0.05419947 2.801292 22623.31)
(0.002107433 -0.01304631 2974.531)
(0.005163086 -0.2411389 1754.681)
(0.005618555 -0.3869014 890.0914)
(0.005332328 -0.4772234 422.8079)
(0.004931708 -0.520446 124.731)
(-0.06601818 -3.048017 5210.622)
(-0.05323314 -2.800824 22628.08)
(0.002099646 0.01277951 2975.32)
(0.005071004 0.2409218 1755.513)
(0.005472385 0.3868214 890.7529)
(0.005282286 0.4771121 423.1663)
(0.005054996 0.520425 124.8547)
(-0.05649775 -8.420673 22975.28)
(0.002059059 0.0168341 3015.809)
(0.005087778 0.6910273 1780.219)
(0.005487941 1.127722 904.52)
(0.005248655 1.400222 430.3316)
(0.005108844 1.531105 127.0665)
(0.001826013 -0.03566534 3097.394)
(0.005158849 1.041106 1829.621)
(0.005620479 1.757387 932.1695)
(0.005386255 2.211329 444.6213)
(0.005184603 2.43161 131.5072)
(0.005191204 1.211717 1904.655)
(0.005856052 2.161297 974.2461)
(0.005643038 2.778256 466.539)
(0.005451609 3.0814 138.3056)
(0.006114515 2.196896 1029.724)
(0.006033148 2.910197 495.5401)
(0.005846139 3.267195 147.3603)
(0.006386722 2.475759 528.2975)
(0.006325015 2.820254 157.6046)
(0.006612048 1.997953 166.7263)
(-0.04756007 -0.4072482 4349.277)
(-0.3239501 -1.290185 25973.13)
(-0.3013638 -0.9534959 6701.132)
(-0.2878548 -0.6696946 6755.409)
(-0.2738292 -0.4015291 6756.905)
(-0.2607545 -0.1531749 6757.624)
(-0.2471807 0.07685329 6757.544)
(-0.2330634 0.2848236 6756.61)
(-0.2153184 0.4709124 6755.302)
(-0.1981255 0.6295189 6832.3)
(-0.3052668 -3.247157 25781.72)
(-0.2843285 -2.274982 6651.18)
(-0.2710248 -1.431615 6704.973)
(-0.2574399 -0.6455547 6706.159)
(-0.2435775 0.08661435 6706.74)
(-0.2304736 0.7545054 6706.429)
(-0.2169391 1.360223 6705.38)
(-0.2030268 1.893915 6703.784)
(-0.1864653 2.354562 6778.894)
(-0.1682391 2.56573 30451.39)
(-0.2604446 -1.688416 6543.781)
(-0.2482243 -0.3496375 6596.323)
(-0.2346276 0.906227 6597.19)
(-0.2213521 2.05327 6597.271)
(-0.2078896 3.097086 6596.678)
(-0.1949988 4.021869 6595.253)
(-0.1818187 4.828135 6593.417)
(-0.1684249 5.501785 6665.121)
(-0.1472419 5.70758 29865.44)
(-0.001883033 0.2539864 3794.938)
(-0.2198002 3.650769 6419.601)
(-0.207216 5.20791 6419.91)
(-0.1939393 6.623241 6419.573)
(-0.1813522 7.870619 6418.418)
(-0.1685633 8.955431 6416.678)
(-0.1563541 9.859968 6414.417)
(-0.1439599 10.58022 6480.918)
(-0.1259992 10.52534 28921.95)
(0.001559904 0.3519192 3688.784)
(0.001969712 -0.4879841 2188.815)
(-0.1771553 11.86039 6171.517)
(-0.1646507 13.21172 6170.675)
(-0.1523451 14.36648 6169.208)
(-0.1408015 15.30622 6167.047)
(-0.129065 16.03378 6164.604)
(-0.117995 16.53312 6223.774)
(-0.1027641 15.98472 27615.85)
(0.002380034 0.3732087 3542.241)
(0.006361413 -0.8449378 2097.851)
(0.001410324 -1.825249 1082.589)
(-0.1384432 18.59599 5876.467)
(-0.1264594 19.30269 5874.818)
(-0.1154279 19.8046 5872.688)
(-0.1051644 20.08886 5870.131)
(-0.09490636 20.15697 5921.21)
(-0.08240006 19.10917 26096.48)
(0.002534793 0.2869155 3371.434)
(0.006647484 -1.151018 1993.034)
(0.006107304 -2.214037 1022.944)
(0.0006226545 -2.927607 491.7546)
(-0.1097225 19.69827 5602.153)
(-0.09819665 19.72842 5600.172)
(-0.08826958 19.5946 5597.896)
(-0.07937696 19.28277 5641.796)
(-0.06848179 18.03718 24715.44)
(0.002454771 0.1466041 3214.916)
(0.006162186 -1.222053 1898.298)
(0.006455173 -2.169958 969.6811)
(0.005074106 -2.784702 463.8836)
(0.0004095671 -3.088909 137.5036)
(-0.09018498 15.6879 5388.039)
(-0.07879295 15.36646 5385.998)
(-0.06973582 14.93435 5424.852)
(-0.0602507 13.84126 23657.31)
(0.002292373 0.03186696 3094.024)
(0.005674744 -1.045891 1825.771)
(0.006092734 -1.760539 929.3926)
(0.005609045 -2.213164 442.9966)
(0.004363638 -2.432945 130.9819)
(-0.07651867 9.480709 5245.518)
(-0.06509746 9.1385 5281.224)
(-0.05524321 8.423579 22965.37)
(0.00217521 -0.01814887 3014.238)
(0.005279781 -0.6924321 1778.423)
(0.005748823 -1.128457 903.224)
(0.005459995 -1.400433 429.5638)
(0.005049428 -1.531284 126.8168)
(-0.06601818 3.048139 5210.622)
(-0.05322989 2.800852 22628.08)
(0.002099841 -0.01277831 2975.32)
(0.005071211 -0.2409294 1755.513)
(0.005472745 -0.3868274 890.7529)
(0.005282416 -0.4771294 423.1662)
(0.005054617 -0.5204343 124.8547)
(-0.05579874 -2.801239 22632.65)
(0.001996742 0.01257584 2976.029)
(0.004968811 0.2406976 1756.413)
(0.005367317 0.3867042 891.3463)
(0.005141857 0.4771443 423.5497)
(0.005001721 0.520392 124.9714)
(0.001652774 0.01609113 3016.541)
(0.004913607 0.6903577 1781.051)
(0.005368482 1.127328 905.1815)
(0.005150782 1.400061 430.6869)
(0.00496654 1.531259 127.195)
(0.004776239 1.039698 1830.541)
(0.005450173 1.756515 932.7987)
(0.005267269 2.210996 445.0292)
(0.005092568 2.431412 131.6307)
(0.005552818 2.15969 974.9704)
(0.005493909 2.777233 466.9389)
(0.005333722 3.080972 138.4509)
(0.005775796 2.908752 496.0131)
(0.005708876 3.265802 147.5069)
(0.006069509 2.819029 157.7776)
(-0.3128627 -1.311267 25977.76)
(-0.2917081 -0.9771137 6702.191)
(-0.2784642 -0.6921327 6756.596)
(-0.2647885 -0.4254966 6758.018)
(-0.2508093 -0.1761357 6758.807)
(-0.2376489 0.05244027 6758.699)
(-0.2240264 0.2610992 6757.831)
(-0.2099808 0.446403 6756.403)
(-0.1929779 0.608004 6833.068)
(-0.1706084 0.69594 30730.94)
(-0.2747295 -2.335505 6652.218)
(-0.262574 -1.500818 6706.055)
(-0.2489553 -0.710786 6707.393)
(-0.2353474 0.0180259 6707.887)
(-0.2216139 0.6882458 6707.66)
(-0.2085161 1.290876 6706.576)
(-0.1950518 1.826538 6705.047)
(-0.1813153 2.285737 6780.063)
(-0.1582132 2.511758 30457.69)
(-0.001012047 0.1450762 3861.879)
(-0.2401187 -0.4468448 6597.389)
(-0.2275515 0.7982919 6598.337)
(-0.2138228 1.952467 6598.547)
(-0.2006781 2.991477 6597.856)
(-0.1874427 3.919923 6596.532)
(-0.1746779 4.723541 6594.649)
(-0.1616908 5.400117 6666.472)
(-0.1421425 5.609176 29873.95)
(0.001513918 0.2547496 3796.053)
(0.003895514 -0.2387323 2256.27)
(-0.2009123 5.085586 6421.034)
(-0.1881393 6.493701 6420.742)
(-0.1749515 7.749141 6419.697)
(-0.1626193 8.829116 6417.869)
(-0.1501561 9.738046 6415.715)
(-0.1381964 10.45819 6482.209)
(-0.1208938 10.41162 28931.44)
(0.00221397 0.3499181 3690.13)
(0.007113909 -0.4818538 2190.048)
(0.003507732 -1.221758 1135.412)
(-0.1602441 13.09226 6171.797)
(-0.1477245 14.24407 6170.333)
(-0.1356909 15.18994 6168.281)
(-0.1244967 15.91541 6165.756)
(-0.1131589 16.41982 6225.107)
(-0.09850518 15.87797 27624.49)
(0.002468617 0.3712842 3543.595)
(0.007271148 -0.8418928 2099.21)
(0.007067584 -1.81797 1083.33)
(0.002152524 -2.497742 523.4349)
(-0.1238777 19.22084 5875.845)
(-0.1120132 19.71916 5873.701)
(-0.1013391 20.00882 5871.259)
(-0.09145873 20.07707 5922.322)
(-0.07881462 19.03818 26104.96)
(0.002543906 0.2864113 3372.553)
(0.006683967 -1.149104 1994.348)
(0.007125318 -2.210506 1023.777)
(0.005820507 -2.921912 492.0917)
(0.00115918 -3.279963 146.2723)
(-0.09734836 19.69204 5601.033)
(-0.0859847 19.55192 5598.772)
(-0.07641121 19.24649 5642.84)
(-0.06579072 18.00157 24722.12)
(0.002441314 0.1472914 3215.962)
(0.006056906 -1.220525 1899.37)
(0.006538561 -2.168194 970.501)
(0.006069577 -2.782671 464.3003)
(0.004836474 -3.085218 137.5866)
(-0.07950408 15.35689 5386.706)
(-0.06826849 14.91937 5425.658)
(-0.0578552 13.83191 23663.63)
(0.002303138 0.03272513 3094.861)
(0.005529053 -1.04473 1826.799)
(0.006005892 -1.759804 930.0801)
(0.005722208 -2.21239 443.4228)
(0.005312521 -2.432109 131.102)
(-0.06702173 9.138172 5281.878)
(-0.05426449 8.420409 22970.41)
(0.002166773 -0.01741804 3015.067)
(0.005192356 -0.6917348 1779.286)
(0.005590642 -1.12816 903.9064)
(0.005399118 -1.400243 429.9362)
(0.005171319 -1.531132 126.9452)
(-0.05579876 2.801366 22632.65)
(0.001997114 -0.01257561 2976.029)
(0.004968988 -0.2406963 1756.413)
(0.005367488 -0.3867108 891.3462)
(0.005142147 -0.4771494 423.5497)
(0.005001833 -0.5204073 124.9713)
(0.001568794 0.01235073 2976.725)
(0.004800029 0.2404887 1757.216)
(0.005249336 0.3865905 891.9866)
(0.005041318 0.4771165 423.8937)
(0.004867356 0.5204758 125.0961)
(0.004505268 0.6896436 1781.904)
(0.00520074 1.126899 905.7709)
(0.005035571 1.399957 431.0699)
(0.004873193 1.531255 127.3107)
(0.005136979 1.755551 933.4525)
(0.005115686 2.210519 445.3931)
(0.004979335 2.431345 131.7634)
(0.005249056 2.776207 467.3581)
(0.005195662 3.080267 138.581)
(0.00548096 3.264713 147.661)
(-0.2818494 -0.9975642 6703.213)
(-0.2697104 -0.7155339 6757.653)
(-0.2561176 -0.4476542 6759.237)
(-0.2423651 -0.1993982 6759.95)
(-0.228493 0.02996624 6759.913)
(-0.2153213 0.2374882 6759.014)
(-0.201735 0.4234833 6757.652)
(-0.1878245 0.5846541 6834.226)
(-0.1638621 0.6768815 30737.32)
(-0.0006251592 0.04633478 3893.618)
(-0.2538595 -1.561136 6707.089)
(-0.2413565 -0.7789942 6708.503)
(-0.22752 -0.04593991 6709.151)
(-0.2139545 0.6219395 6708.834)
(-0.2004121 1.226443 6707.835)
(-0.1873973 1.759909 6706.268)
(-0.174061 2.221134 6781.391)
(-0.1533977 2.449717 30465.99)
(0.001419839 0.1449574 3863.093)
(0.005125332 -0.1014043 2298.817)
(-0.2203294 0.7018224 6599.43)
(-0.2075094 1.847251 6599.72)
(-0.1937241 2.89363 6599.16)
(-0.1807723 3.818366 6597.733)
(-0.1678253 4.625298 6595.952)
(-0.1552391 5.300543 6667.77)
(-0.1363019 5.517077 29883.3)
(0.001979797 0.2525553 3797.461)
(0.007634547 -0.2347653 2257.692)
(0.00526888 -0.7160505 1174.452)
(-0.1826593 6.373613 6421.889)
(-0.1697726 7.624668 6420.887)
(-0.1567406 8.712531 6419.171)
(-0.1447193 9.61774 6416.925)
(-0.1326198 10.34204 6483.583)
(-0.1159343 10.30173 28940.33)
(0.002277389 0.3474226 3691.585)
(0.007760595 -0.4800562 2191.56)
(0.007952509 -1.215356 1136.323)
(0.003875478 -1.74698 551.3836)
(-0.1440373 14.12901 6171.473)
(-0.1315692 15.07428 6169.421)
(-0.1198573 15.80533 6167.005)
(-0.1090433 16.30873 6226.333)
(-0.09435843 15.77571 27633.68)
(0.00248733 0.3696797 3544.855)
(0.007222798 -0.8404372 2100.681)
(0.007879769 -1.814492 1084.294)
(0.006734854 -2.491355 523.8762)
(0.002418904 -2.838136 156.1906)
(-0.1100385 19.64259 5874.739)
(-0.09834125 19.9298 5872.281)
(-0.08804646 20.00289 5923.525)
(-0.07584862 18.96699 26112.62)
(0.002540754 0.2859968 3373.75)
(0.006562752 -1.147223 1995.558)
(0.007132358 -2.208545 1024.701)
(0.006705388 -2.919041 492.5759)
(0.00553317 -3.274943 146.384)
(-0.08566005 19.51972 5599.639)
(-0.0744864 19.2083 5643.776)
(-0.06325354 17.96976 24729.37)
(0.002450097 0.1478773 3216.912)
(0.005919279 -1.218828 1900.507)
(0.006416377 -2.166898 971.2566)
(0.006135613 -2.781549 464.7747)
(0.005741193 -3.083627 137.7226)
(-0.06943886 14.91217 5426.422)
(-0.05672453 13.81931 23669.24)
(0.0022907 0.03365932 3095.77)
(0.005445101 -1.043489 1827.728)
(0.005846054 -1.759057 930.8072)
(0.005634877 -2.212076 443.8208)
(0.005413356 -2.431684 131.2408)
(-0.05649818 8.420771 22975.29)
(0.002060142 -0.0168339 3015.809)
(0.005088289 -0.6910261 1780.219)
(0.005488477 -1.127729 904.5198)
(0.005249551 -1.400227 430.3315)
(0.005109209 -1.531118 127.0664)
(0.001568783 -0.01233507 2976.725)
(0.004800374 -0.2404895 1757.216)
(0.00524948 -0.3865895 891.9866)
(0.005041459 -0.4771221 423.8937)
(0.004867611 -0.5204804 125.0961)
(0.004380129 0.2402934 1758.039)
(0.005086413 0.3864673 892.5572)
(0.004927146 0.4771014 424.2647)
(0.004771703 0.5204991 125.2081)
(0.004876763 1.126481 906.3812)
(0.004886898 1.399777 431.4111)
(0.004762982 1.531316 127.4352)
(0.004872725 2.210025 445.7723)
(0.004840096 2.431108 131.8817)
(0.004984885 3.079604 138.7175)
(-0.2607157 -0.735888 6758.671)
(-0.2482329 -0.4707429 6760.324)
(-0.2343886 -0.221173 6761.201)
(-0.2206269 0.007489275 6761.084)
(-0.2069242 0.2156115 6760.257)
(-0.1938176 0.4007722 6758.86)
(-0.1803251 0.5626534 6835.536)
(-0.1590946 0.6558394 30745.48)
(0.001356849 0.04620875 3894.873)
(0.005712746 -0.02733207 2319.112)
(-0.2334967 -0.8388081 6709.567)
(-0.220737 -0.1128607 6710.289)
(-0.20676 0.5595422 6710.128)
(-0.1933041 1.162664 6709.034)
(-0.1800154 1.697623 6707.552)
(-0.1671353 2.157503 6782.672)
(-0.1471125 2.391112 30475.08)
(0.00178858 0.1435079 3864.536)
(0.007938717 -0.09942675 2300.347)
(0.006441798 -0.362251 1199.218)
(-0.2011332 1.752049 6600.84)
(-0.188136 2.791576 6600.357)
(-0.1743716 3.723932 6599.062)
(-0.1616744 4.528184 6597.175)
(-0.1490537 5.206482 6669.142)
(-0.1307492 5.42722 29892.12)
(0.002056746 0.250265 3798.977)
(0.008076022 -0.2338554 2259.301)
(0.008613199 -0.7115809 1175.491)
(0.005390326 -1.06878 572.1324)
(-0.165074 7.507507 6422.057)
(-0.1521496 8.593598 6420.38)
(-0.1393392 9.506555 6418.247)
(-0.1276648 10.22817 6484.863)
(-0.1111462 10.19658 28949.7)
(0.002305693 0.3452343 3692.95)
(0.007661115 -0.4790866 2193.161)
(0.008538977 -1.212735 1137.395)
(0.007605927 -1.741148 551.922)
(0.003922116 -2.016459 164.9637)
(-0.1285585 14.9642 6170.577)
(-0.1162056 15.69674 6168.158)
(-0.104849 16.20524 6227.659)
(-0.09080583 15.67606 27642.05)
(0.002490989 0.3679077 3546.189)
(0.007089649 -0.838724 2102.044)
(0.007808235 -1.812495 1085.328)
(0.007452173 -2.488269 524.4361)
(0.006402202 -2.832372 156.336)
(-0.09693232 19.85876 5873.328)
(-0.08543789 19.93036 5924.614)
(-0.07292373 18.90072 26120.88)
(0.002547791 0.2856483 3374.838)
(0.006422538 -1.145467 1996.838)
(0.00699216 -2.206586 1025.551)
(0.006706961 -2.91757 493.1101)
(0.006343601 -3.272537 146.5419)
(-0.07464409 19.18022 5644.707)
(-0.0617044 17.93647 24735.8)
(0.002434617 0.148515 3217.937)
(0.005828244 -1.217115 1901.537)
(0.00626064 -2.16555 972.056)
(0.00601963 -2.780752 465.2118)
(0.005800409 -3.08291 137.877)
(-0.05823958 13.814 23674.78)
(0.002187644 0.0344507 3096.581)
(0.00533504 -1.042296 1828.729)
(0.005745822 -1.758173 931.4636)
(0.005483907 -2.211789 444.2414)
(0.005328706 -2.431626 131.3703)
(0.001652712 -0.01607876 3016.542)
(0.004914617 -0.6903584 1781.051)
(0.005368901 -1.127327 905.1816)
(0.005151223 -1.400066 430.6869)
(0.004967324 -1.531264 127.195)
(0.004380118 -0.2402786 1758.039)
(0.005086695 -0.3864683 892.5572)
(0.004927265 -0.4771007 424.2647)
(0.004771828 -0.5205041 125.2081)
(0.00475825 0.3863707 893.1479)
(0.004782557 0.4770618 424.5953)
(0.004662256 0.5205391 125.3287)
(0.004642847 1.39964 431.7657)
(0.004626694 1.531282 127.5462)
(0.004636901 2.430889 132.0052)
(-0.2400746 -0.4909056 6761.372)
(-0.2273372 -0.2438524 6762.315)
(-0.2133183 -0.01379938 6762.365)
(-0.1996174 0.193999 6761.454)
(-0.1861475 0.3796009 6760.131)
(-0.1731563 0.5409387 6836.802)
(-0.1526034 0.6358693 30754.39)
(0.001684191 0.04570912 3896.33)
(0.008077929 -0.02673731 2320.691)
(0.007016373 -0.1095777 1211.075)
(-0.2136989 -0.171871 6711.381)
(-0.2007541 0.4942042 6711.291)
(-0.1867171 1.102133 6710.356)
(-0.1734393 1.636602 6708.776)
(-0.1604418 2.097677 6784.02)
(-0.1411517 2.33359 30483.68)
(0.001866734 0.1419126 3866.08)
(0.008263208 -0.09891327 2302.017)
(0.009028054 -0.3598194 1200.332)
(0.006430481 -0.559857 585.3394)
(-0.1825656 2.698172 6601.502)
(-0.1694693 3.625469 6600.282)
(-0.1558044 4.437588 6598.529)
(-0.1434014 5.11418 6670.429)
(-0.1254329 5.341898 29901.34)
(0.00209319 0.2481717 3800.406)
(0.007964868 -0.2333409 2260.994)
(0.009015722 -0.7098387 1176.636)
(0.008277976 -1.064548 572.7442)
(0.005284805 -1.25194 171.491)
(-0.1481883 8.480019 6421.571)
(-0.1353021 9.393575 6419.474)
(-0.1227606 10.12283 6486.259)
(-0.1068318 10.09412 28958.33)
(0.002322926 0.3428727 3694.378)
(0.007514817 -0.4778658 2194.654)
(0.008413442 -1.210979 1138.524)
(0.008132632 -1.738593 552.5459)
(0.007243779 -2.011083 165.1407)
(-0.1138274 15.59214 6169.33)
(-0.1016388 16.10394 6228.883)
(-0.08717419 15.58309 27651.05)
(0.002517419 0.3664755 3547.409)
(0.006938999 -0.8373982 2103.472)
(0.007650611 -1.810292 1086.285)
(0.007384556 -2.486518 525.0352)
(0.007065581 -2.829641 156.5188)
(-0.08455365 19.86496 5925.732)
(-0.07075104 18.83656 26128.27)
(0.002543442 0.2853808 3376.004)
(0.006320886 -1.143568 1998)
(0.006830652 -2.20482 1026.447)
(0.006574063 -2.916072 493.6019)
(0.006345068 -3.271435 146.7159)
(-0.06226337 17.91257 24742.34)
(0.002352539 0.1491785 3218.852)
(0.005710633 -1.215502 1902.641)
(0.006153519 -2.164104 972.7798)
(0.005871155 -2.779964 465.6737)
(0.005690865 -3.082442 138.0192)
(0.001825839 0.03566844 3097.395)
(0.005160292 -1.041108 1829.621)
(0.005621181 -1.757387 932.1695)
(0.005386964 -2.211334 444.6212)
(0.005185712 -2.431613 131.5071)
(0.004505209 -0.6896317 1781.905)
(0.005201569 -1.126899 905.7709)
(0.005035917 -1.399956 431.0699)
(0.004873584 -1.53126 127.3106)
(0.004758242 -0.3863587 893.148)
(0.004782788 -0.4770628 424.5953)
(0.004662361 -0.5205386 125.3287)
(0.004539093 0.4770543 424.9388)
(0.004529617 0.5205476 125.4363)
(0.004427101 1.531304 127.6618)
(-0.219985 -0.2637278 6763.392)
(-0.207062 -0.03597089 6763.506)
(-0.1929494 0.1732992 6762.763)
(-0.1793813 0.3589286 6761.353)
(-0.1661814 0.5205799 6838.132)
(-0.1464328 0.6162263 30762.85)
(0.001760155 0.04514273 3897.885)
(0.008349195 -0.02656938 2322.391)
(0.009226521 -0.1088094 1212.224)
(0.006948887 -0.1727449 591.6761)
(-0.1945028 0.4363017 6712.411)
(-0.1814476 1.038672 6711.544)
(-0.1674336 1.578226 6710.124)
(-0.1543788 2.039641 6785.302)
(-0.1353791 2.279226 30492.65)
(0.001907883 0.1404238 3867.539)
(0.008136079 -0.09873367 2303.766)
(0.009320449 -0.3587471 1201.525)
(0.00871193 -0.5574654 585.9953)
(0.006238135 -0.6634066 175.6528)
(-0.1646627 3.534383 6601.451)
(-0.1515469 4.343122 6599.77)
(-0.1380403 5.027821 6671.852)
(-0.1204807 5.258744 29909.89)
(0.00212144 0.2459738 3801.89)
(0.007807211 -0.2326608 2262.581)
(0.008869268 -0.7085725 1177.834)
(0.008644373 -1.062713 573.4122)
(0.007903127 -1.24796 171.692)
(-0.1320321 9.284183 6420.685)
(-0.1192427 10.01617 6487.555)
(-0.102563 9.999288 28967.66)
(0.002389139 0.3408944 3695.698)
(0.00735883 -0.4770441 2196.203)
(0.008236638 -1.209027 1139.575)
(0.008013766 -1.73687 553.2014)
(0.007736045 -2.008707 165.3446)
(-0.09984835 16.00523 6230.128)
(-0.08448069 15.49278 27659.26)
(0.00254807 0.3652473 3548.712)
(0.006841635 -0.835704 2104.778)
(0.007475087 -1.808494 1087.285)
(0.007233634 -2.484589 525.59)
(0.007003589 -2.82816 156.7141)
(-0.07034761 18.77854 26135.95)
(0.002491754 0.2854708 3377.054)
(0.006204478 -1.14177 1999.238)
(0.006712492 -2.202862 1027.261)
(0.00641956 -2.914784 494.1196)
(0.006219698 -3.270289 146.876)
(0.002046921 0.1503657 3219.791)
(0.005546566 -1.213742 1903.627)
(0.006021848 -2.16281 973.554)
(0.005768527 -2.779025 466.092)
(0.005549821 -3.082013 138.1694)
(0.004776086 -1.039695 1830.542)
(0.005451375 -1.756517 932.7987)
(0.00526785 -2.210996 445.0293)
(0.005093198 -2.431416 131.6307)
(0.004876719 -1.126472 906.3815)
(0.004887576 -1.399778 431.4111)
(0.00476329 -1.531316 127.4352)
(0.004539087 -0.4770446 424.9388)
(0.00452982 -0.5205486 125.4363)
(0.004332917 0.5205902 125.5482)
(-0.2004834 -0.05546116 6764.611)
(-0.1874474 0.151735 6763.93)
(-0.1733251 0.3389179 6762.689)
(-0.1599377 0.5009215 6839.41)
(-0.1404031 0.5977142 30771.64)
(0.001803889 0.04461137 3899.356)
(0.008211113 -0.02653277 2324.164)
(0.009467345 -0.1084468 1213.439)
(0.008922864 -0.1719741 592.3524)
(0.006718114 -0.2060101 177.6517)
(-0.1759459 0.9821809 6712.689)
(-0.1628574 1.516931 6711.335)
(-0.1489284 1.983698 6786.713)
(-0.1300561 2.226976 30501.07)
(0.001955797 0.1388782 3869.048)
(0.007969342 -0.09846148 2305.407)
(0.009153064 -0.3580415 1202.765)
(0.008978998 -0.5563035 586.6919)
(0.008334232 -0.6611158 175.8683)
(-0.1474598 4.254855 6600.962)
(-0.1343853 4.937738 6673.156)
(-0.1158154 5.180762 29919.25)
(0.0022249 0.2441538 3803.27)
(0.007646458 -0.2322834 2264.215)
(0.008675741 -0.7071786 1178.955)
(0.008501375 -1.061366 574.1097)
(0.008248795 -1.246189 171.9106)
(-0.116617 9.911516 6488.834)
(-0.09965127 9.903566 28976.23)
(0.00244916 0.3392465 3697.11)
(0.007284784 -0.4758164 2197.631)
(0.008050373 -1.207489 1140.663)
(0.007842815 -1.734986 553.8121)
(0.007625186 -2.007136 165.5587)
(-0.08326863 15.40379 27667.69)
(0.002505148 0.364419 3549.905)
(0.006744537 -0.8340126 2106.161)
(0.007355964 -1.806344 1088.2)
(0.007065377 -2.483041 526.1686)
(0.006860589 -2.826512 156.895)
(0.002230857 0.2856216 3378.148)
(0.006055466 -1.139549 2000.353)
(0.006579196 -2.201067 1028.126)
(0.006307296 -2.913272 494.59)
(0.006072922 -3.269356 147.0445)
(0.005191024 -1.211718 1904.655)
(0.005857288 -2.161303 974.2461)
(0.005643781 -2.778257 466.539)
(0.005452446 -3.081404 138.3055)
(0.005136866 -1.755547 933.4529)
(0.005116683 -2.210521 445.3931)
(0.004979852 -2.431345 131.7634)
(0.004642815 -1.399632 431.7659)
(0.004627293 -1.531283 127.5462)
(0.004332912 -0.5205817 125.5482)
(-0.1816081 0.1327278 6765.061)
(-0.1685346 0.3180592 6763.879)
(-0.1544646 0.4816992 6840.807)
(-0.1349196 0.5800277 30779.98)
(0.001865881 0.04406303 3900.873)
(0.008039874 -0.02646495 2325.831)
(0.009286944 -0.1082235 1214.7)
(0.009142516 -0.1715768 593.0631)
(0.008545233 -0.2052651 177.8739)
(-0.1580662 1.462147 6712.504)
(-0.1450011 1.924854 6787.981)
(-0.1253511 2.176263 30510.24)
(0.002078357 0.1377049 3870.464)
(0.007817002 -0.09837925 2307.091)
(0.008946757 -0.3572647 1203.928)
(0.008814085 -0.5555009 587.4155)
(0.008587272 -0.6599778 176.0965)
(-0.1309718 4.852773 6674.408)
(-0.1128505 5.099341 29927.76)
(0.00229457 0.242467 3804.754)
(0.007596982 -0.2314971 2265.73)
(0.008480116 -0.7061069 1180.107)
(0.008312796 -1.059917 574.7619)
(0.008112897 -1.244906 172.1387)
(-0.09769747 9.808474 28984.78)
(0.002376795 0.3376095 3698.411)
(0.007202473 -0.4744592 2199.141)
(0.007945388 -1.205582 1141.666)
(0.007662753 -1.733487 554.4433)
(0.007462448 -2.00542 165.7581)
(0.002264846 0.3630024 3551.135)
(0.006587658 -0.8318789 2107.422)
(0.007233853 -1.804278 1089.167)
(0.006950421 -2.481156 526.698)
(0.006700779 -2.825224 157.0836)
(0.005714641 -1.137515 2001.522)
(0.006421686 -2.198848 1028.906)
(0.006180379 -2.911945 495.0896)
(0.005966967 -3.268182 147.1977)
(0.00555269 -2.159691 974.9708)
(0.005494969 -2.777237 466.9389)
(0.005334388 -3.080973 138.4509)
(0.004872644 -2.210022 445.7725)
(0.004840982 -2.431109 131.8817)
(0.004427076 -1.531298 127.6618)
(-0.1633983 0.2996316 6765.035)
(-0.1503411 0.4616446 6842.049)
(-0.1302194 0.5625693 30788.99)
(0.001995039 0.0436647 3902.306)
(0.00789603 -0.02646089 2327.536)
(0.009074179 -0.1079761 1215.882)
(0.008964509 -0.171313 593.7988)
(0.008753588 -0.2048734 178.1068)
(-0.1408799 1.872072 6789.204)
(-0.1221719 2.122794 30518.43)
(0.00212359 0.13638 3871.979)
(0.007778767 -0.09789988 2308.662)
(0.008754145 -0.3566928 1205.119)
(0.00861217 -0.5546418 588.0933)
(0.008429497 -0.6591892 176.3333)
(-0.1101791 5.02189 29936.02)
(0.002175571 0.24046 3806.113)
(0.007513131 -0.2307341 2267.333)
(0.008391491 -0.7046712 1181.175)
(0.008122402 -1.058769 575.4317)
(0.007932681 -1.243531 172.352)
(0.002154639 0.3352163 3699.724)
(0.007000802 -0.4730335 2200.527)
(0.007830873 -1.203643 1142.724)
(0.007556909 -1.731652 555.0253)
(0.007290878 -2.004065 165.9642)
(0.006238654 -0.8305564 2108.732)
(0.007063872 -1.801794 1090.048)
(0.006830494 -2.47939 527.2572)
(0.006591681 -2.823607 157.2562)
(0.006114686 -2.196895 1029.724)
(0.006034393 -2.910203 495.54)
(0.005846777 -3.267199 147.3603)
(0.005248968 -2.776207 467.3583)
(0.005196626 -3.080271 138.581)
(0.004636836 -2.430886 132.0053)
(-0.1458701 0.443893 6843.257)
(-0.1268721 0.5443284 30796.99)
(0.0020231 0.04316962 3903.831)
(0.007860605 -0.02629633 2329.136)
(0.008886634 -0.1077981 1217.091)
(0.008755799 -0.1710304 594.4887)
(0.008582966 -0.2046103 178.3478)
(-0.1188308 2.074698 30526.42)
(0.00198999 0.1347662 3873.352)
(0.007663148 -0.09766661 2310.317)
(0.008672407 -0.3557764 1206.229)
(0.008422169 -0.5539748 588.7867)
(0.008236095 -0.6583509 176.5552)
(0.001985346 0.2381756 3807.461)
(0.007250629 -0.2302381 2268.802)
(0.008271965 -0.7033102 1182.3)
(0.008028007 -1.057301 576.0527)
(0.00775077 -1.24244 172.571)
(0.006644792 -0.4725961 2201.944)
(0.007618169 -1.201604 1143.695)
(0.007440997 -1.729835 555.6382)
(0.007188684 -2.002392 166.1542)
(0.006736892 -1.800074 1090.965)
(0.00667115 -2.47723 527.7669)
(0.006476714 -2.822123 157.4384)
(0.005775947 -2.908752 496.0133)
(0.005710023 -3.265808 147.5069)
(0.004984818 -3.079604 138.7176)
(-0.1231979 0.5281624 30804.81)
(0.001889204 0.04259228 3905.206)
(0.007723612 -0.02626155 2330.813)
(0.008806063 -0.1074815 1218.222)
(0.008568884 -0.170813 595.1931)
(0.008382819 -0.2043306 178.5737)
(0.001848455 0.1333065 3874.716)
(0.007373884 -0.0976938 2311.827)
(0.008524086 -0.3550957 1207.394)
(0.008332282 -0.5530143 589.4333)
(0.008053518 -0.6576938 176.7821)
(0.006907156 -0.2302466 2270.285)
(0.008003542 -0.70214 1183.333)
(0.007906197 -1.055925 576.7061)
(0.007657755 -1.241052 172.774)
(0.00727476 -1.200471 1144.69)
(0.007243848 -1.727896 556.2007)
(0.007076259 -2.000759 166.3543)
(0.006387194 -2.475753 528.2977)
(0.00632664 -2.820257 157.6046)
(0.005481101 -3.264713 147.661)
(0.001773955 0.0420995 3906.577)
(0.007427496 -0.02630175 2332.34)
(0.008638531 -0.1072833 1219.404)
(0.008479429 -0.1704784 595.8524)
(0.008202432 -0.2041127 178.8043)
(0.007066614 -0.09773027 2313.35)
(0.008228767 -0.354616 1208.459)
(0.008185853 -0.5522623 590.1106)
(0.007963964 -0.656771 176.9936)
(0.007662864 -0.70147 1184.379)
(0.007660792 -1.054678 577.3058)
(0.007539313 -1.239762 172.9875)
(0.006939445 -1.726746 556.7781)
(0.006891543 -1.998992 166.5379)
(0.006069931 -2.819023 157.7776)
(0.007141029 -0.02631325 2333.883)
(0.008334961 -0.1071438 1220.484)
(0.008316605 -0.1702457 596.5406)
(0.00811303 -0.2037891 179.0202)
(0.007913328 -0.3542032 1209.537)
(0.007915874 -0.5516608 590.7305)
(0.007823422 -0.6560391 177.2152)
(0.007353761 -1.053883 577.9144)
(0.007310866 -1.238566 173.1835)
(0.00661285 -1.997943 166.7264)
(0.008034767 -0.1070004 1221.577)
(0.008038424 -0.1700574 597.1698)
(0.007957769 -0.2035576 179.2453)
(0.007626428 -0.551147 591.3589)
(0.00757206 -0.6554305 177.418)
(0.007027135 -1.237792 173.3825)
(0.00776018 -0.1698771 597.8078)
(0.007698444 -0.2033627 179.4513)
(0.007302079 -0.6549161 177.6237)
(0.007437606 -0.2031807 179.6603)
)
;

boundaryField
{
    cathodeSides
    {
        type            zeroGradient;
    }
    electrolyteSides
    {
        type            zeroGradient;
    }
    anodeSides
    {
        type            zeroGradient;
    }
    phiI_to_phiI0
    {
        type            zeroGradient;
    }
    procBoundary1to0
    {
        type            processor;
        value           nonuniform List<vector> 
400
(
(-0.0913152 0.8495053 360.6588)
(-0.08801253 2.510297 357.2464)
(-0.08939819 0.8174081 1121.274)
(-0.08119989 4.021071 350.0656)
(-0.08618502 2.412768 1110.772)
(-0.08483555 0.7446026 2022.6)
(-0.07068641 5.140174 338.6003)
(-0.07956603 3.856045 1088.665)
(-0.0818317 2.19165 2004.083)
(-0.07638383 0.6138917 3264.371)
(-0.0573827 5.387481 322.8093)
(-0.06937115 4.911555 1053.349)
(-0.07566456 3.482026 1965.067)
(-0.07376425 1.79464 3235.811)
(-0.06093294 0.3795981 4338.804)
(-0.04270333 4.347246 304.4739)
(-0.05649696 5.12045 1004.68)
(-0.0662139 4.393095 1902.661)
(-0.06842612 2.810156 3175.52)
(-0.05901092 1.082578 4304.362)
(-0.4146255 1.042423 25942.73)
(-0.02959087 2.685567 287.8996)
(-0.04233456 4.095605 948.1251)
(-0.05434847 4.513622 1816.538)
(-0.06034456 3.460416 3078.821)
(-0.05518101 1.603449 4231.35)
(-0.4034954 2.465656 25749.14)
(-0.3755712 0.7443793 6695.978)
(-0.01971725 1.353089 275.3063)
(-0.02972679 2.492215 896.9353)
(-0.04140752 3.522945 1716.291)
(-0.05034871 3.419274 2944.944)
(-0.04960473 1.781566 4113.565)
(-0.382748 1.890344 25338.8)
(-0.3658255 1.600893 6645.504)
(-0.3498009 0.4912075 6751.538)
(-0.01344815 0.5546413 267.1194)
(-0.02025923 1.226682 857.9924)
(-0.02999577 2.05205 1625.316)
(-0.03968418 2.488898 2788.52)
(-0.04306272 1.444896 3949.396)
(-0.3563517 -1.827671 24677.78)
(-0.3479028 0.5612455 6538.318)
(-0.3411074 0.8525977 6700.48)
(-0.3247327 0.2555565 6753.925)
(-0.01036082 0.1399568 263.1324)
(-0.01425646 0.4865347 832.6564)
(-0.02149194 0.9380464 1555.937)
(-0.03050617 1.257943 2645.823)
(-0.03663084 0.624446 3756.073)
(-0.3318512 -8.602667 23760.49)
(-0.3257813 -3.401126 6365.023)
(-0.3253724 -0.6343646 6592.035)
(-0.3170833 0.1588054 6702.655)
(-0.3004401 0.03851653 6755.647)
(-0.01036321 -0.1400039 263.1324)
(-0.0113019 0.1188817 820.3148)
(-0.01612427 0.3298287 1510.722)
(-0.02380252 0.4174484 2536.468)
(-0.03160607 -0.1666145 3577.935)
(-0.3183379 -15.40965 22688.91)
(-0.3065436 -10.03599 6123.014)
(-0.3066578 -4.909084 6416.654)
(-0.3035109 -1.733158 6593.797)
(-0.2938233 -0.4772145 6704.18)
(-0.2769651 -0.1588195 6756.58)
(-0.01345566 -0.5546802 267.1195)
(-0.01130418 -0.1189268 820.3149)
(-0.01348773 0.07000993 1488.679)
(-0.01962448 0.04653729 2464.929)
(-0.02823545 -0.5099318 3440.133)
(-0.3184913 -18.06273 21709.99)
(-0.2985165 -16.28793 5837.468)
(-0.2917283 -11.55549 6171.604)
(-0.2881384 -6.272507 6417.848)
(-0.2823797 -2.729811 6594.942)
(-0.2713658 -1.052153 6704.936)
(-0.2543498 -0.3353155 6756.761)
(-0.01972965 -1.353099 275.3063)
(-0.0142636 -0.4865721 832.6566)
(-0.01348974 -0.07005035 1488.679)
(-0.01758464 -0.01860994 2429.969)
(-0.02625321 -0.4552056 3349.286)
(-0.3255712 -15.67019 20957.92)
(-0.3031905 -18.33149 5573.443)
(-0.2882998 -17.41599 5882.231)
(-0.2773915 -12.88918 6172.204)
(-0.2702705 -7.484765 6418.479)
(-0.2620099 -3.618865 6595.355)
(-0.2497488 -1.562601 6704.956)
(-0.2326351 -0.489814 6756.483)
(-0.02960617 -2.685563 287.8996)
(-0.02027102 -1.226692 857.9925)
(-0.0161306 -0.3298622 1510.723)
(-0.01758623 0.01857779 2429.969)
(-0.02531177 -0.1751123 3304.658)
(-0.3327961 -10.22375 20463.8)
(-0.3134355 -15.60182 5368.321)
(-0.2967856 -18.91846 5614.374)
(-0.2783441 -18.35074 5882.417)
(-0.2635627 -14.03113 6172.316)
(-0.253072 -8.538991 6418.438)
(-0.2424304 -4.394813 6595.071)
(-0.2290089 -2.005117 6704.53)
(-0.2118264 -0.6209982 6834.244)
(-0.04272192 -4.347252 304.4739)
(-0.02974138 -2.492211 896.9355)
(-0.02150244 -0.9380553 1555.937)
(-0.01962946 -0.04656398 2464.93)
(-0.02531261 0.1750946 3304.658)
(-0.3369587 -3.511436 20221.25)
(-0.3225867 -10.0814 5232.525)
(-0.3096556 -15.8078 5406.053)
(-0.290376 -19.34193 5614.387)
(-0.2686628 -19.08894 5882.194)
(-0.2502435 -14.97512 6171.837)
(-0.2365578 -9.428534 6417.76)
(-0.223668 -5.052228 6594.365)
(-0.2091473 -2.375731 6780.761)
(-0.1832048 -0.6837877 30738.69)
(-0.05741 -5.387477 322.8094)
(-0.04235233 -4.095611 948.1252)
(-0.03000881 -2.052047 1625.316)
(-0.02381081 -0.4174557 2536.468)
(-0.02625585 0.4551908 3349.286)
(-0.336958 3.511429 20221.25)
(-0.3276803 -3.447983 5165.611)
(-0.3203585 -10.11401 5268.041)
(-0.3056336 -15.89669 5406.001)
(-0.2839694 -19.6015 5614.047)
(-0.2592449 -19.62708 5881.47)
(-0.2374323 -15.71559 6170.803)
(-0.2207392 -10.14715 6416.699)
(-0.2057149 -5.584679 6667.336)
(-0.1815963 -2.515584 30462.54)
(-0.00138027 -0.04218226 3894.089)
(-0.07072621 -5.14015 338.6003)
(-0.05652309 -5.120446 1004.68)
(-0.04142348 -3.52295 1716.291)
(-0.03051654 -1.257941 2645.823)
(-0.02823989 0.5099274 3440.133)
(-0.3327943 10.22374 20463.8)
(-0.327679 3.447991 5165.611)
(-0.3261884 -3.443725 5200.012)
(-0.3177249 -10.07826 5267.959)
(-0.3013808 -15.86964 5405.632)
(-0.2775536 -19.69655 5613.275)
(-0.2500778 -19.96256 5880.276)
(-0.2251243 -16.24782 6169.432)
(-0.2055947 -10.68707 6484.398)
(-0.180227 -5.655983 29878.05)
(-0.001903673 -0.1318017 3862.773)
(0.005188976 0.03219844 2318.808)
(-0.08123091 -4.021045 350.0656)
(-0.06940933 -4.911532 1053.349)
(-0.05437203 -4.513619 1816.538)
(-0.03969701 -2.488902 2788.52)
(-0.03161177 0.1666154 3577.935)
(-0.3255694 15.67018 20957.92)
(-0.3225827 10.08141 5232.525)
(-0.3261865 3.443746 5200.012)
(-0.3242076 -3.417193 5199.915)
(-0.314703 -9.97535 5267.578)
(-0.2968915 -15.72754 5404.874)
(-0.2711168 -19.62723 5612.095)
(-0.2411478 -20.09376 5878.789)
(-0.2132837 -16.56518 6229.866)
(-0.1829215 -10.46626 28939.31)
(-0.003060441 -0.2295424 3796.742)
(0.004456966 0.1164563 2298.823)
(0.006619514 0.1139464 1210.713)
(-0.08804089 -2.510282 357.2464)
(-0.07959585 -3.856021 1088.665)
(-0.06624841 -4.393074 1902.661)
(-0.05036776 -3.419271 2944.945)
(-0.03663813 -0.624448 3756.073)
(-0.3184924 18.06272 21709.99)
(-0.31343 15.60182 5368.322)
(-0.3203524 10.11402 5268.042)
(-0.324205 3.417227 5199.915)
(-0.3217584 -3.368862 5199.527)
(-0.3112947 -9.806323 5266.835)
(-0.2921622 -15.47183 5403.749)
(-0.2646484 -19.39453 5610.651)
(-0.2324137 -20.0172 5930.984)
(-0.1936476 -15.85236 27643.32)
(-0.005014331 -0.3126994 3691.156)
(0.002936249 0.2648278 2256.934)
(0.005920411 0.3755652 1199.047)
(0.006628246 0.1764779 591.4321)
(-0.09134354 -0.849501 360.6588)
(-0.08621233 -2.412754 1110.772)
(-0.07569168 -3.482004 1965.067)
(-0.06037259 -3.4604 3078.821)
(-0.04307379 -1.444894 3949.397)
(-0.3183448 15.40966 22688.91)
(-0.3031869 18.33148 5573.443)
(-0.3096466 15.80779 5406.053)
(-0.317717 10.07828 5267.959)
(-0.3217553 3.368908 5199.527)
(-0.3188474 -3.299147 5198.789)
(-0.3075046 -9.572485 5265.749)
(-0.2871912 -15.10443 5402.377)
(-0.2581131 -18.9979 5655.682)
(-0.2153067 -18.85172 26140.36)
(-0.007719275 -0.3224386 3545.719)
(0.0005936496 0.5243532 2190.536)
(0.004502691 0.7384806 1174.684)
(0.006006239 0.5711107 585.2)
(0.006434138 0.2093604 177.5676)
(-0.0894255 -0.8174039 1121.274)
(-0.08185663 -2.191637 2004.083)
(-0.06844843 -2.810138 3175.52)
(-0.04962124 -1.781556 4113.565)
(-0.3318672 8.602677 23760.49)
(-0.2985173 16.28793 5837.468)
(-0.2967775 18.91845 5614.374)
(-0.3056215 15.89669 5406.002)
(-0.3146934 9.975388 5267.578)
(-0.3188438 3.299202 5198.789)
(-0.3154837 -3.208542 5197.719)
(-0.3033393 -9.27539 5264.424)
(-0.281954 -14.62618 5442.193)
(-0.2425735 -17.68753 24776.64)
(-0.01095503 -0.2306145 3376.612)
(-0.002316454 0.8951912 2100.015)
(0.002405382 1.251777 1136.284)
(0.004766509 1.08733 572.2133)
(0.005862577 0.6734392 175.6021)
(-0.08486051 -0.7445988 2022.6)
(-0.07378495 -1.79463 3235.811)
(-0.05519478 -1.603439 4231.35)
(-0.3563807 1.827686 24677.78)
(-0.3065504 10.036 6123.014)
(-0.2882951 17.416 5882.231)
(-0.2903639 19.34192 5614.387)
(-0.3013658 15.86964 5405.632)
(-0.3112837 9.80637 5266.835)
(-0.3154798 3.208606 5197.719)
(-0.3116786 -3.097619 5196.414)
(-0.2987835 -8.91596 5300.97)
(-0.2672551 -13.50879 23733.71)
(-0.01403893 -0.09359747 3222.067)
(-0.005364492 1.204327 1995.942)
(-5.49289e-05 1.858827 1084.312)
(0.002988446 1.771008 551.8127)
(0.004735253 1.268251 171.5105)
(-0.0764046 -0.6138886 3264.37)
(-0.05902404 -1.082572 4304.362)
(-0.3827847 -1.890325 25338.8)
(-0.3257964 3.401132 6365.023)
(-0.2917267 11.5555 6171.604)
(-0.2783343 18.35075 5882.418)
(-0.2839537 19.60149 5614.047)
(-0.2968741 15.72755 5404.874)
(-0.3074923 9.572539 5265.749)
(-0.3116743 3.097689 5196.415)
(-0.3074216 -2.966739 5231.405)
(-0.284516 -8.191002 23050.99)
(-0.0164648 0.01020724 3102.765)
(-0.007918941 1.268682 1902.006)
(-0.00241693 2.252252 1025.073)
(0.001003467 2.523452 524.3231)
(0.003149713 2.037137 165.0939)
(-0.06094622 -0.3795962 4338.804)
(-0.4035369 -2.465641 25749.14)
(-0.3479283 -0.5612355 6538.318)
(-0.3066604 4.909083 6416.654)
(-0.2773821 12.88919 6172.204)
(-0.2686483 19.08895 5882.195)
(-0.2775346 19.69654 5613.275)
(-0.2921427 15.47184 5403.75)
(-0.303326 9.275449 5264.424)
(-0.3074171 2.966814 5231.406)
(-0.2933413 -2.718011 22716.8)
(-0.01804871 0.04490173 3024.024)
(-0.009725912 1.080506 1830.193)
(-0.004187023 2.20284 972.147)
(-0.0007435723 2.950513 493.1562)
(0.001438836 2.859588 156.4659)
(-0.4146697 -1.042418 25942.73)
(-0.3658565 -1.600884 6645.504)
(-0.3253881 0.6343665 6592.035)
(-0.2881293 6.2725 6417.848)
(-0.2635462 14.03113 6172.316)
(-0.2592261 19.6271 5881.471)
(-0.271095 19.62722 5612.095)
(-0.2871698 15.10444 5402.377)
(-0.2987693 8.916024 5300.971)
(-0.2933367 2.718087 22716.8)
(-0.01883444 0.02212049 2985.274)
(-0.01081279 0.7135428 1783.097)
(-0.005286475 1.78421 932.0393)
(-0.0018812 2.80614 465.5078)
(3.07954e-05 3.298372 146.7091)
(-0.3756049 -0.7443756 6695.977)
(-0.3411294 -0.8525927 6700.48)
(-0.3035173 1.733152 6593.797)
(-0.2702506 7.484752 6418.48)
(-0.2502204 14.97512 6171.838)
(-0.2500553 19.96257 5880.276)
(-0.2646242 19.39452 5610.652)
(-0.2819311 14.62619 5442.193)
(-0.2845016 8.191066 23051)
(-0.01883393 -0.02211284 2985.274)
(-0.01132689 0.2481434 1760.001)
(-0.00586019 1.142366 905.9007)
(-0.002442958 2.228252 444.6902)
(-0.0007704226 3.10209 138.0874)
(-0.3498256 -0.4912052 6751.538)
(-0.3170968 -0.1588047 6702.655)
(-0.2823774 2.729798 6594.942)
(-0.2530423 8.538972 6418.439)
(-0.2374034 15.7156 6170.804)
(-0.241122 20.09378 5878.789)
(-0.2580868 18.99789 5655.683)
(-0.2672318 13.5088 23733.72)
(-0.01804711 -0.0448954 3024.024)
(-0.01132642 -0.2481368 1760.001)
(-0.006104233 0.3914414 893.1302)
(-0.002638365 1.409004 431.1875)
(-0.001052746 2.44344 131.6192)
(-0.3247488 -0.2555556 6753.925)
(-0.2938286 0.4772112 6704.18)
(-0.2619995 3.618847 6595.355)
(-0.2365191 9.428511 6417.761)
(-0.2250902 16.24783 6169.432)
(-0.2323851 20.01722 5930.985)
(-0.2425465 17.68753 24776.65)
(-0.01646216 -0.01020625 3102.766)
(-0.01081131 -0.7135374 1783.097)
(-0.006103839 -0.3914363 893.1302)
(-0.002686057 0.4799145 424.6095)
(-0.001054134 1.53719 127.4352)
(-0.300448 -0.03851678 6755.647)
(-0.2713636 1.052147 6704.936)
(-0.2424127 4.394789 6595.071)
(-0.2206928 10.14712 6416.699)
(-0.2132452 16.56518 6229.867)
(-0.215277 18.85174 26140.37)
(-0.01403569 0.09359656 3222.067)
(-0.009723448 -1.080505 1830.194)
(-0.005858964 -1.142362 905.9008)
(-0.00268573 -0.4799105 424.6095)
(-0.001001791 0.5222815 125.4002)
(-0.2769655 0.1588181 6756.58)
(-0.2497397 1.562591 6704.956)
(-0.2236436 5.052199 6594.366)
(-0.2055415 10.68704 6484.399)
(-0.1936072 15.85236 27643.32)
(-0.0109511 0.2306164 3376.613)
(-0.007915814 -1.268683 1902.006)
(-0.005284432 -1.784209 932.0395)
(-0.002637351 -1.409001 431.1876)
(-0.0010015 -0.5222782 125.4002)
(-0.2543431 0.3353132 6756.761)
(-0.2289934 2.005104 6704.53)
(-0.2056846 5.584646 6667.337)
(-0.1828652 10.46623 28939.32)
(-0.007713602 0.3224388 3545.72)
(-0.005360572 -1.204325 1995.943)
(-0.004184383 -2.20284 972.1472)
(-0.002441263 -2.228251 444.6903)
(-0.001053231 -1.537187 127.4352)
(-0.2326219 0.4898107 6756.483)
(-0.2091261 2.375716 6780.761)
(-0.1801932 5.655949 29878.06)
(-0.005006124 0.3126955 3691.157)
(-0.002310696 -0.8951912 2100.016)
(-0.002413565 -2.25225 1025.074)
(-0.001878981 -2.80614 465.5079)
(-0.001051235 -2.443439 131.6192)
(-0.2118075 0.6209942 6834.244)
(-0.1815713 2.515568 30462.54)
(-0.003054126 0.2295379 3796.743)
(0.0006020456 -0.524357 2190.536)
(-4.998066e-05 -1.858827 1084.313)
(-0.0007407114 -2.950512 493.1563)
(-0.0007684287 -3.10209 138.0874)
(-0.1831818 0.6837833 30738.69)
(-0.001898005 0.1317992 3862.773)
(0.002943145 -0.2648323 2256.935)
(0.002412572 -1.25178 1136.284)
(0.001007659 -2.523452 524.3232)
(3.338101e-05 -3.298371 146.7091)
(-0.001374652 0.04218151 3894.089)
(0.004463393 -0.1164589 2298.823)
(0.004508808 -0.7384844 1174.684)
(0.002994498 -1.771011 551.8128)
(0.001442614 -2.859588 156.466)
(0.005195424 -0.03219923 2318.808)
(0.005926213 -0.3755674 1199.047)
(0.004771795 -1.087333 572.2134)
(0.003155137 -2.037139 165.0939)
(0.006625363 -0.1139471 1210.713)
(0.006011313 -0.5711126 585.2001)
(0.004740066 -1.268254 171.5106)
(0.006633377 -0.1764784 591.4321)
(0.005867229 -0.6734408 175.6021)
(0.00643885 -0.2093609 177.5676)
)
;
    }
    procBoundary1to2
    {
        type            processor;
        value           nonuniform List<vector> 
400
(
(-0.07180846 0.8820659 363.4031)
(-0.07090205 2.607421 359.9512)
(-0.07021616 0.8498352 1129.493)
(-0.0690372 4.182123 352.6762)
(-0.0693174 2.509387 1118.872)
(-0.0664263 0.7766077 2036.097)
(-0.06624866 5.355114 341.0297)
(-0.06746966 4.015827 1096.479)
(-0.06554622 2.286782 2017.375)
(-0.05939447 0.6450496 3281.778)
(-0.06257838 5.63322 324.9497)
(-0.06470694 5.123985 1060.612)
(-0.06374006 3.638394 1977.867)
(-0.05854772 1.886848 3252.918)
(-0.0465108 0.4094219 4350.315)
(-0.05834593 4.590443 306.2184)
(-0.06107537 5.361856 1011.063)
(-0.06104023 4.599171 1914.512)
(-0.05681587 2.959982 3191.9)
(-0.04571661 1.170093 4315.51)
(-0.3056256 1.33446 25981.8)
(-0.05445402 2.894261 289.2129)
(-0.05689993 4.332333 953.3013)
(-0.05750303 4.744582 1826.866)
(-0.05422895 3.654494 3093.792)
(-0.04410344 1.742344 4241.625)
(-0.2982024 3.315267 25785.7)
(-0.2752795 1.01963 6704.093)
(-0.05133728 1.509425 276.2483)
(-0.05307508 2.693158 900.7943)
(-0.05346558 3.744726 1724.529)
(-0.05086261 3.630771 2957.648)
(-0.04169856 1.954796 4122.156)
(-0.283272 3.20316 25369.43)
(-0.2683231 2.400275 6653.092)
(-0.2545739 0.757445 6759.548)
(-0.0492093 0.6511834 267.8033)
(-0.05002779 1.375636 860.7121)
(-0.04980126 2.235841 1631.266)
(-0.04707682 2.683362 2798.106)
(-0.0386165 1.621477 3955.297)
(-0.2610948 -0.2641849 24697.25)
(-0.2543633 1.790682 6544.634)
(-0.2478773 1.624382 6707.961)
(-0.2343477 0.5118834 6762.276)
(-0.04815146 0.1726829 263.6855)
(-0.04795761 0.5777346 834.5785)
(-0.04691531 1.07144 1559.897)
(-0.04370603 1.411202 2651.99)
(-0.03526638 0.769208 3758.318)
(-0.2333302 -7.153972 23762.33)
(-0.2336864 -1.948893 6368.891)
(-0.2344647 0.5466642 6598.239)
(-0.2279246 0.9003157 6710.466)
(-0.2146586 0.2840566 6764.322)
(-0.0481488 -0.1726584 263.6855)
(-0.04693208 0.1496492 821.8304)
(-0.0449744 0.4102784 1513.279)
(-0.0411108 0.5240334 2539.652)
(-0.03241794 -0.06869581 3576.227)
(-0.2047667 -14.45474 22667.41)
(-0.2079718 -8.711147 6122.972)
(-0.2146432 -3.526736 6420.403)
(-0.2150869 -0.6048215 6600.306)
(-0.2085223 0.2314291 6712.304)
(-0.1955429 0.07507092 6765.566)
(-0.04920136 -0.6511586 267.8033)
(-0.04692956 -0.1496247 821.8304)
(-0.04401881 0.09694625 1490.515)
(-0.03939762 0.1090303 2465.998)
(-0.03034265 -0.4511948 3435.013)
(-0.1824334 -17.66168 21664.48)
(-0.1818372 -15.44479 5832.17)
(-0.1901345 -10.31682 6171.436)
(-0.1961632 -4.965409 6421.859)
(-0.1962854 -1.658231 6601.739)
(-0.1897064 -0.378904 6713.358)
(-0.1770386 -0.1139064 6766.039)
(-0.05132579 -1.509401 276.2483)
(-0.04795008 -0.57771 834.5785)
(-0.04401658 -0.096923 1490.515)
(-0.03856287 0.002044152 2429.949)
(-0.02903353 -0.424218 3341.762)
(-0.1679127 -15.59638 20892.78)
(-0.1617461 -18.01326 5562.554)
(-0.165496 -16.6603 5876.799)
(-0.1729112 -11.74164 6172.239)
(-0.1782984 -6.257791 6422.735)
(-0.1780952 -2.607894 6602.424)
(-0.1715141 -0.9271506 6713.658)
(-0.1591842 -0.2816658 6766.035)
(-0.05444215 -2.894244 289.2129)
(-0.05001687 -1.375612 860.7121)
(-0.04496774 -0.4102553 1513.279)
(-0.03856114 -0.002023692 2429.949)
(-0.02841129 -0.1653728 3295.902)
(-0.1596947 -10.25704 20385.4)
(-0.1489566 -15.58125 5352.669)
(-0.1468415 -18.67236 5603.335)
(-0.1498068 -17.68511 5877.126)
(-0.1563462 -12.97886 6172.536)
(-0.1610811 -7.396516 6422.922)
(-0.160552 -3.447989 6602.394)
(-0.1539831 -1.409682 6713.494)
(-0.1419964 -0.426849 6844.302)
(-0.05833251 -4.590439 306.2184)
(-0.05306377 -2.693141 900.7943)
(-0.04690562 -1.071419 1559.897)
(-0.03939243 -0.1090103 2465.998)
(-0.02841041 0.1653884 3295.902)
(-0.1560409 -3.533919 20136.24)
(-0.1418657 -10.14396 5213.538)
(-0.1351947 -15.83695 5390.222)
(-0.1325968 -19.16792 5603.448)
(-0.1348018 -18.51503 5877.029)
(-0.1404656 -14.02142 6172.227)
(-0.1445428 -8.374298 6422.454)
(-0.1436906 -4.172666 6601.923)
(-0.1371299 -1.822365 6790.242)
(-0.1198075 -0.5128712 30811.61)
(-0.06256209 -5.633254 324.9497)
(-0.05688711 -4.332329 953.3013)
(-0.04979116 -2.235826 1631.266)
(-0.04110321 -0.5240154 2539.652)
(-0.02903088 0.4242325 3341.762)
(-0.1560423 3.534025 20136.24)
(-0.138755 -3.479819 5144.921)
(-0.1288592 -10.20482 5248.846)
(-0.1220755 -15.97424 5390.25)
(-0.1190309 -19.49882 5603.197)
(-0.1204958 -19.14564 5876.417)
(-0.1252924 -14.86283 6171.345)
(-0.1287133 -9.184124 6421.584)
(-0.1275264 -4.775092 6675.42)
(-0.1155494 -2.030144 30533.24)
(0.001850498 -0.04179258 3907.794)
(-0.06622859 -5.355189 341.0297)
(-0.06105976 -5.361889 1011.063)
(-0.05345406 -3.744722 1724.529)
(-0.04369803 -1.411189 2651.99)
(-0.03033869 0.4512069 3435.013)
(-0.1596984 10.25713 20385.4)
(-0.1387571 3.479913 5144.922)
(-0.1261143 -3.484692 5179.097)
(-0.1164728 -10.19603 5248.835)
(-0.109608 -15.99385 5389.951)
(-0.1061473 -19.66372 5602.503)
(-0.1069001 -19.57335 5875.321)
(-0.1108468 -15.4973 6170.11)
(-0.1136042 -9.817466 6489.788)
(-0.1071744 -4.952348 29942.82)
(0.001921481 -0.132473 3875.911)
(0.007116768 0.02612023 2335.269)
(-0.06901283 -4.182143 352.6763)
(-0.06468768 -5.124058 1060.612)
(-0.05748892 -4.744612 1826.866)
(-0.04706756 -2.683359 2798.106)
(-0.03241362 0.06870322 3576.227)
(-0.1679166 15.59643 20892.78)
(-0.1418716 10.14404 5213.538)
(-0.1261171 3.484776 5179.097)
(-0.1140796 -3.466782 5179.068)
(-0.1047098 -10.1186 5248.517)
(-0.0977882 -15.89627 5389.255)
(-0.09394616 -19.66211 5601.389)
(-0.09402177 -19.79561 5873.919)
(-0.09713347 -15.91718 6230.964)
(-0.09508186 -9.724523 28991.39)
(0.002044086 -0.2370229 3808.608)
(0.007041751 0.09710175 2314.707)
(0.007985054 0.1066775 1222.563)
(-0.07087675 -2.607394 359.9513)
(-0.06744624 -4.015846 1096.479)
(-0.06102276 -4.599237 1914.512)
(-0.05085115 -3.630795 2957.648)
(-0.03526115 -0.7692073 3758.318)
(-0.182434 17.6617 21664.48)
(-0.1489639 15.58129 5352.669)
(-0.1288673 10.20488 5248.847)
(-0.114083 3.466855 5179.068)
(-0.1026521 -3.426517 5178.741)
(-0.09356236 -9.973429 5247.83)
(-0.08660924 -15.68261 5388.183)
(-0.08242385 -19.49436 5600.001)
(-0.08185606 -19.80795 5926.374)
(-0.08089458 -15.32578 27673.74)
(0.002195925 -0.3341567 3700.787)
(0.006874132 0.2291147 2271.581)
(0.007864112 0.3532157 1210.501)
(0.007706817 0.169544 598.384)
(-0.07178273 -0.8820607 363.4031)
(-0.06929305 -2.509361 1118.872)
(-0.06371876 -3.638412 1977.868)
(-0.05421463 -3.654548 3093.792)
(-0.03860974 -1.621493 3955.297)
(-0.2047622 14.45473 22667.41)
(-0.1617503 18.01327 5562.554)
(-0.135205 15.83699 5390.222)
(-0.1164827 10.19608 5248.835)
(-0.1026561 3.426579 5178.741)
(-0.09182245 -3.364272 5178.058)
(-0.08302019 -9.761683 5246.793)
(-0.0760613 -15.35449 5386.855)
(-0.0715678 -19.1593 5645.112)
(-0.0679373 -18.72909 26140.94)
(0.002310949 -0.3626897 3552.07)
(0.006603604 0.4708875 2203.142)
(0.007609005 0.6998365 1185.299)
(0.007573957 0.5501491 591.9225)
(0.007385183 0.2028609 179.8491)
(-0.07019138 -0.8498302 1129.494)
(-0.06552402 -2.286758 2017.375)
(-0.05679832 -2.959998 3191.901)
(-0.04168984 -1.954828 4122.157)
(-0.2333182 7.153924 23762.33)
(-0.1818371 15.44477 5832.17)
(-0.1468491 18.67237 5603.335)
(-0.1220886 15.97427 5390.251)
(-0.1047214 10.11865 5248.517)
(-0.09182691 3.364325 5178.058)
(-0.08157903 -3.280515 5177.037)
(-0.07307074 -9.484818 5245.51)
(-0.06612773 -14.91249 5426.606)
(-0.05943808 -17.89599 24745.99)
(0.002306716 -0.2865304 3378.912)
(0.006211459 0.8282521 2109.794)
(0.007217317 1.198285 1145.54)
(0.007298575 1.052289 578.4514)
(0.007250667 0.653968 177.8084)
(-0.06640369 -0.7766033 2036.097)
(-0.05852934 -1.886829 3252.918)
(-0.04409257 -1.742355 4241.626)
(-0.2610738 0.264109 24697.25)
(-0.2079653 8.711112 6122.973)
(-0.1654998 16.66028 5876.799)
(-0.1326074 19.16791 5603.449)
(-0.1096235 15.99386 5389.951)
(-0.09357535 9.973465 5247.83)
(-0.08158389 3.280558 5177.037)
(-0.07190836 -3.175793 5175.774)
(-0.06369584 -9.143663 5281.899)
(-0.05515775 -13.81638 23677.19)
(0.002178912 -0.1522065 3220.374)
(0.005721744 1.134851 2002.421)
(0.006693937 1.797558 1091.72)
(0.006882904 1.724731 557.2739)
(0.006973851 1.236307 173.5584)
(-0.05937569 -0.6450462 3281.778)
(-0.045705 -1.170084 4315.511)
(-0.2832417 -3.203214 25369.44)
(-0.2336724 1.948844 6368.892)
(-0.190133 10.31679 6171.437)
(-0.1498141 17.68508 5877.127)
(-0.1190441 19.49881 5603.198)
(-0.09780592 15.89628 5389.255)
(-0.08303439 9.76171 5246.793)
(-0.07191355 3.175828 5175.774)
(-0.06279185 -3.050448 5210.564)
(-0.0533888 -8.427096 22976.8)
(0.001990228 -0.03762565 3097.822)
(0.005250494 1.209157 1905.398)
(0.006101069 2.19444 1030.37)
(0.006343656 2.473625 528.7381)
(0.006559104 1.996131 166.8886)
(-0.04649884 -0.4094203 4350.316)
(-0.2981659 -3.31528 25785.7)
(-0.2543417 -1.790727 6544.636)
(-0.2146354 3.526712 6420.404)
(-0.1729141 11.74163 6172.239)
(-0.1348123 18.51501 5877.03)
(-0.1061629 19.6637 5602.503)
(-0.08662878 15.68261 5388.184)
(-0.07308594 9.484838 5245.51)
(-0.0627973 3.050477 5210.564)
(-0.05278299 -2.803891 22633.74)
(0.001823668 0.0147271 3016.859)
(0.004864183 1.037657 1831.159)
(0.005580115 2.157659 975.5141)
(0.005756224 2.906892 496.3904)
(0.006028053 2.817215 157.9216)
(-0.305586 -1.334465 25981.8)
(-0.2682959 -2.400297 6653.094)
(-0.2344507 -0.5467022 6598.241)
(-0.1961611 4.965407 6421.86)
(-0.1563534 12.97885 6172.537)
(-0.1205093 19.14561 5876.418)
(-0.09396378 19.66209 5601.389)
(-0.07608237 15.35449 5386.855)
(-0.06371184 9.143677 5281.899)
(-0.05278847 2.803915 22633.74)
(0.001732508 0.01189033 2976.989)
(0.004598906 0.6883952 1782.436)
(0.00518569 1.754096 933.9157)
(0.005260672 2.774843 467.6774)
(0.005459839 3.263256 147.7843)
(-0.2752493 -1.019637 6704.095)
(-0.2478579 -1.624411 6707.962)
(-0.21508 0.6047909 6600.307)
(-0.1783017 6.257812 6422.736)
(-0.1404765 14.02143 6172.227)
(-0.1069161 19.57333 5875.321)
(-0.08244321 19.49434 5600.001)
(-0.06615003 14.91248 5426.606)
(-0.05340489 8.427105 22976.8)
(0.001731941 -0.01189082 2976.989)
(0.004467628 0.2398927 1758.53)
(0.004929072 1.125651 906.7903)
(0.004899879 2.209148 446.0466)
(0.00498983 3.078644 138.8221)
(-0.2545517 -0.7574531 6759.55)
(-0.2279127 -0.900353 6710.467)
(-0.1962852 1.658207 6601.741)
(-0.1610893 7.396557 6422.923)
(-0.1253068 14.86284 6171.345)
(-0.09404001 19.79558 5873.918)
(-0.07158861 19.15927 5645.112)
(-0.05518024 13.81637 23677.19)
(0.00182199 -0.01472852 3016.859)
(0.004467121 -0.2398942 1758.53)
(0.004805455 0.3861146 893.531)
(0.004671856 1.399182 432.0101)
(0.004654277 2.430342 132.0953)
(-0.2343332 -0.5118928 6762.277)
(-0.2085174 -0.2314729 6712.306)
(-0.1781012 2.607877 6602.425)
(-0.1445556 8.374356 6422.455)
(-0.1108642 15.49732 6170.11)
(-0.08187621 19.80792 5926.374)
(-0.05945929 17.89596 24745.99)
(0.001987808 0.03762293 3097.822)
(0.004597398 -0.6883973 1782.436)
(0.004805045 -0.3861161 893.531)
(0.004563705 0.4769227 425.1688)
(0.004445397 1.531053 127.7422)
(-0.2146513 -0.2840672 6764.323)
(-0.189708 0.3788544 6713.359)
(-0.1605636 3.447978 6602.395)
(-0.12873 9.184197 6421.585)
(-0.09715354 15.9172 6230.964)
(-0.06795823 18.72906 26140.94)
(0.002176414 0.1522033 3220.374)
(0.004861969 -1.03766 1831.159)
(0.004927854 -1.125653 906.7903)
(0.004563373 -0.4769241 425.1688)
(0.004347159 0.5205268 125.6241)
(-0.1955423 -0.07508247 6765.567)
(-0.1715217 0.927096 6713.659)
(-0.1437074 4.17266 6601.924)
(-0.1136245 9.817552 6489.789)
(-0.080916 15.32581 27673.74)
(0.00230393 0.2865281 3378.911)
(0.005248102 -1.20916 1905.398)
(0.005183879 -1.754099 933.9156)
(0.004670866 -1.399184 432.01)
(0.004346866 -0.5205281 125.6241)
(-0.1770441 0.113894 6766.039)
(-0.1539963 1.409623 6713.495)
(-0.1275478 4.775092 6675.421)
(-0.0951043 9.724615 28991.39)
(0.002307624 0.3626947 3552.069)
(0.005718946 -1.134852 2002.421)
(0.0055781 -2.157661 975.514)
(0.004898393 -2.20915 446.0465)
(0.004444526 -1.531055 127.7422)
(-0.1591955 0.2816526 6766.035)
(-0.137148 1.822303 6790.243)
(-0.1071986 4.952351 29942.82)
(0.002191892 0.3341701 3700.787)
(0.006207969 -0.8282468 2109.793)
(0.006098657 -2.194441 1030.37)
(0.005258979 -2.774844 467.6773)
(0.004652961 -2.430343 132.0953)
(-0.1420128 0.4268352 6844.302)
(-0.1155709 2.030082 30533.24)
(0.002039243 0.2370254 3808.608)
(0.006599223 -0.4708741 2203.142)
(0.006690873 -1.797554 1091.72)
(0.005754165 -2.906893 496.3903)
(0.004988308 -3.078646 138.822)
(-0.1198276 0.5128575 30811.61)
(0.001916508 0.1324664 3875.912)
(0.00686876 -0.2291117 2271.581)
(0.007213427 -1.198274 1145.54)
(0.006341015 -2.473622 528.738)
(0.005457973 -3.263257 147.7843)
(0.001845475 0.04179112 3907.794)
(0.007036091 -0.09710775 2314.707)
(0.00760421 -0.6998338 1185.299)
(0.006879533 -1.724722 557.2738)
(0.006025649 -2.817212 157.9216)
(0.007110977 -0.02612157 2335.269)
(0.007859003 -0.3532204 1210.501)
(0.007294413 -1.052287 578.4515)
(0.006556029 -1.996123 166.8886)
(0.007979799 -0.1066786 1222.563)
(0.007569492 -0.5501528 591.9225)
(0.006970054 -1.236305 173.5584)
(0.007702209 -0.1695449 598.384)
(0.007246578 -0.6539712 177.8084)
(0.007380955 -0.2028617 179.8491)
)
;
    }
}
)

// processor2

155150
(dimensions      [0 -2 0 0 0 1 0];

internalField   nonuniform List<vector> 
4000
(
(-0.07180846 0.8820659 363.4031)
(-0.07090205 2.607421 359.9512)
(-0.07086048 0.8827829 363.645)
(-0.07021616 0.8498352 1129.493)
(-0.0690372 4.182123 352.6762)
(-0.06999283 2.60952 360.1944)
(-0.0693174 2.509387 1118.872)
(-0.07008812 0.8845656 363.8689)
(-0.06928026 0.8506043 1130.22)
(-0.0664263 0.7766077 2036.097)
(-0.06624866 5.355114 341.0297)
(-0.06822978 4.184684 352.9211)
(-0.06746966 4.015827 1096.479)
(-0.06919869 2.614441 360.4185)
(-0.06841916 2.51164 1119.603)
(-0.06554622 2.286782 2017.375)
(-0.0691447 0.8856049 364.1143)
(-0.06851565 0.8524068 1130.893)
(-0.06552103 0.7774898 2037.3)
(-0.05939447 0.6450496 3281.778)
(-0.06257838 5.63322 324.9497)
(-0.06551476 5.357185 341.277)
(-0.06470694 5.123985 1060.612)
(-0.06738452 4.192613 353.1457)
(-0.06666997 4.018664 1097.215)
(-0.06374006 3.638394 1977.867)
(-0.0682703 2.617598 360.6643)
(-0.06763406 2.516632 1120.276)
(-0.06467601 2.289368 2018.586)
(-0.05854772 1.886848 3252.918)
(-0.06815641 0.8873523 364.339)
(-0.0675846 0.8534836 1131.63)
(-0.06477717 0.7793301 2038.416)
(-0.05854897 0.6461348 3283.369)
(-0.0465108 0.4094219 4350.315)
(-0.05834593 4.590443 306.2184)
(-0.06198762 5.635071 325.1977)
(-0.06107537 5.361856 1011.063)
(-0.06462353 5.366738 341.4999)
(-0.06397882 5.126451 1061.356)
(-0.06104023 4.599171 1914.512)
(-0.06647151 4.196719 353.3917)
(-0.0658368 4.026701 1097.891)
(-0.06296075 3.641837 1979.089)
(-0.05681587 2.959982 3191.9)
(-0.06733528 2.622571 360.8893)
(-0.06671769 2.519894 1121.016)
(-0.06391463 2.294501 2019.703)
(-0.05773249 1.890036 3254.52)
(-0.04571661 1.170093 4315.51)
(-0.06702137 0.8879564 364.5811)
(-0.06661585 0.8552524 1132.306)
(-0.06387768 0.7804864 2039.64)
(-0.05784766 0.6480413 3284.849)
(-0.0457787 0.4108999 4351.505)
(-0.3056256 1.33446 25981.8)
(-0.05445402 2.894261 289.2129)
(-0.0579447 4.591864 306.4624)
(-0.05689993 4.332333 953.3013)
(-0.06103932 5.644363 325.4176)
(-0.06048575 5.364117 1011.81)
(-0.05750303 4.744582 1826.866)
(-0.06362404 5.370706 341.7464)
(-0.0631032 5.136156 1062.027)
(-0.06032788 4.602517 1915.747)
(-0.05422895 3.654494 3093.792)
(-0.06567172 4.206028 353.6168)
(-0.06493581 4.031008 1098.63)
(-0.06215816 3.650088 1980.21)
(-0.05607745 2.964523 3193.521)
(-0.04410344 1.742344 4241.625)
(-0.06628273 2.624129 361.1325)
(-0.06580047 2.524935 1121.692)
(-0.06302907 2.297986 2020.931)
(-0.05701893 1.895419 3256.005)
(-0.04500595 1.174452 4316.712)
(-0.2982024 3.315267 25785.7)
(-0.06593437 0.8889881 364.8009)
(-0.06550419 0.8559097 1133.034)
(-0.06295599 0.7822962 2040.763)
(-0.05701058 0.6493411 3286.478)
(-0.045161 0.4129503 4352.63)
(-0.29991 1.354639 25986.57)
(-0.2752795 1.01963 6704.093)
(-0.05133728 1.509425 276.2483)
(-0.05434536 2.895599 289.4491)
(-0.05307508 2.693158 900.7943)
(-0.05697636 4.599319 306.6754)
(-0.0564925 4.334055 954.0362)
(-0.05346558 3.744726 1724.529)
(-0.0599602 5.648088 325.6623)
(-0.05955751 5.373581 1012.471)
(-0.05691788 4.747772 1828.108)
(-0.05086261 3.630771 2957.648)
(-0.0628405 5.382903 341.9671)
(-0.06212021 5.140424 1062.769)
(-0.05949058 4.612531 1916.863)
(-0.05354854 3.659439 3095.436)
(-0.04169856 1.954796 4122.156)
(-0.06466816 4.209153 353.8621)
(-0.06414906 4.040369 1099.308)
(-0.06128797 3.654832 1981.44)
(-0.05533473 2.973155 3195.013)
(-0.04344376 1.749009 4242.844)
(-0.283272 3.20316 25369.43)
(-0.06524131 2.628145 361.3538)
(-0.06476841 2.526659 1122.424)
(-0.06215493 2.303162 2022.055)
(-0.05619452 1.89931 3257.639)
(-0.0443853 1.18036 4317.842)
(-0.2925987 3.375064 25790.5)
(-0.2683231 2.400275 6653.092)
(-0.0645722 0.8892353 365.036)
(-0.06444349 0.8569897 1133.695)
(-0.06190016 0.7830685 2041.973)
(-0.05617714 0.6512214 3287.976)
(-0.04444369 0.4145371 4353.884)
(-0.2949672 1.377444 25991.17)
(-0.2699995 1.039193 6705.155)
(-0.2545739 0.757445 6759.548)
(-0.0492093 0.6511834 267.8033)
(-0.05154953 1.511152 276.475)
(-0.05002779 1.375636 860.7121)
(-0.05337359 2.90033 289.6534)
(-0.05294682 2.694599 901.5064)
(-0.04980126 2.235841 1631.266)
(-0.05581885 4.602159 306.9144)
(-0.05554742 4.341631 954.6783)
(-0.05304511 3.747157 1725.752)
(-0.04707682 2.683362 2798.106)
(-0.05923032 5.660263 325.8772)
(-0.0585001 5.377619 1013.209)
(-0.05603786 4.757599 1829.21)
(-0.05028766 3.635664 2959.304)
(-0.0386165 1.621477 3955.297)
(-0.06185218 5.386874 342.2121)
(-0.06134978 5.152658 1063.433)
(-0.05854882 4.617463 1918.097)
(-0.05278452 3.670009 3096.923)
(-0.04107958 1.962818 4123.398)
(-0.2610948 -0.2641849 24697.25)
(-0.06366984 4.21845 354.0836)
(-0.06316431 4.043731 1100.046)
(-0.06053348 3.664273 1982.567)
(-0.0545258 2.978699 3196.653)
(-0.04281526 1.75845 4243.984)
(-0.2778762 3.299188 25374.24)
(-0.2543633 1.790682 6544.634)
(-0.06391236 2.629125 361.5906)
(-0.06375192 2.530782 1123.089)
(-0.06117199 2.305246 2023.272)
(-0.05540167 1.904722 3259.142)
(-0.0436787 1.185072 4319.102)
(-0.287734 3.442213 25795.1)
(-0.2631386 2.458204 6654.169)
(-0.2478773 1.624382 6707.961)
(-0.06370011 0.8900571 365.2455)
(-0.06311488 0.8573016 1134.402)
(-0.06090122 0.7842519 2043.072)
(-0.05522543 0.6521996 3289.591)
(-0.04377347 0.4165671 4355.051)
(-0.2894581 1.397471 25996.37)
(-0.2654188 1.060976 6706.182)
(-0.2495401 0.7769028 6760.607)
(-0.2343477 0.5118834 6762.276)
(-0.04815146 0.1726829 263.6855)
(-0.04963837 0.6527603 268.0222)
(-0.04795761 0.5777346 834.5785)
(-0.0506672 1.51439 276.671)
(-0.0502043 1.377289 861.3955)
(-0.04691531 1.07144 1559.897)
(-0.05215738 2.901807 289.8835)
(-0.05200027 2.699372 902.1225)
(-0.04962908 2.237592 1632.451)
(-0.04370603 1.411202 2651.99)
(-0.05507331 4.6124 307.1197)
(-0.05441721 4.344697 955.3985)
(-0.05215517 3.755008 1726.822)
(-0.04663338 2.687129 2799.739)
(-0.03526638 0.769208 3758.318)
(-0.05841216 5.664533 326.1203)
(-0.0577827 5.389832 1013.856)
(-0.05503327 4.762347 1830.438)
(-0.0494982 3.646155 2960.776)
(-0.03806144 1.629646 3956.545)
(-0.2333302 -7.153972 23762.33)
(-0.06093687 5.398034 342.4285)
(-0.0603803 5.156922 1064.171)
(-0.05781133 4.629743 1919.203)
(-0.05192294 3.676164 3098.571)
(-0.04045321 1.974553 4124.533)
(-0.2559028 -0.1410901 24702.01)
(-0.2336864 -1.948893 6368.891)
(-0.06219764 4.22082 354.3226)
(-0.0621903 4.053082 1100.713)
(-0.05959442 3.668151 1983.795)
(-0.05383348 2.988278 3198.161)
(-0.04212458 1.765595 4245.249)
(-0.2731788 3.406524 25378.83)
(-0.2493456 1.883788 6545.732)
(-0.2344647 0.5466642 6598.239)
(-0.06302457 2.634675 361.8019)
(-0.06245583 2.531939 1123.801)
(-0.06021416 2.309589 2024.379)
(-0.05451088 1.907452 3260.767)
(-0.04303688 1.19098 4320.274)
(-0.2823104 3.501468 25800.29)
(-0.258641 2.522404 6655.204)
(-0.242926 1.681957 6709.035)
(-0.2279246 0.9003157 6710.466)
(-0.06254648 0.8905516 365.476)
(-0.06226238 0.8581759 1135.032)
(-0.05965138 0.784705 2044.247)
(-0.05433979 0.6535648 3291.061)
(-0.04301372 0.417941 4356.311)
(-0.2848787 1.420103 26001.27)
(-0.2603411 1.080283 6707.353)
(-0.2451576 0.7982683 6761.632)
(-0.2295529 0.5311469 6763.363)
(-0.2146586 0.2840566 6764.322)
(-0.0481488 -0.1726584 263.6855)
(-0.04864814 0.173373 263.9001)
(-0.04693208 0.1496492 821.8304)
(-0.04889233 0.6552111 268.2112)
(-0.04833913 0.5791776 835.238)
(-0.0449744 0.4102784 1513.279)
(-0.04940482 1.514578 276.8926)
(-0.04934381 1.380467 861.9868)
(-0.0470117 1.073043 1561.034)
(-0.0411108 0.5240334 2539.652)
(-0.05136692 2.908882 290.0778)
(-0.0508159 2.700948 902.8163)
(-0.04874195 2.24249 1633.478)
(-0.04345473 1.41361 2653.57)
(-0.03241794 -0.06869581 3576.227)
(-0.05434613 4.616797 307.3554)
(-0.05368667 4.354931 956.0174)
(-0.05109013 3.758615 1728.022)
(-0.04584575 2.695494 2801.168)
(-0.0347801 0.7755416 3759.533)
(-0.2047667 -14.45474 22667.41)
(-0.05761512 5.675158 326.333)
(-0.05697744 5.394379 1014.588)
(-0.05434726 4.774623 1831.516)
(-0.04859413 3.652223 2962.418)
(-0.03744011 1.641496 3957.664)
(-0.2282827 -7.025024 23766.84)
(-0.2079718 -8.711147 6122.972)
(-0.05967047 5.400709 342.6676)
(-0.05948711 5.168164 1064.822)
(-0.05688813 4.634653 1920.431)
(-0.05124955 3.688527 3100.053)
(-0.0397441 1.98312 4125.804)
(-0.2514969 -0.00491032 24706.44)
(-0.2288392 -1.829585 6370.011)
(-0.2146432 -3.526736 6420.403)
(-0.06118262 4.230121 354.5306)
(-0.06075764 4.055708 1101.432)
(-0.05867753 3.677583 1984.905)
(-0.05298117 2.993085 3199.805)
(-0.04154977 1.775544 4246.428)
(-0.2679208 3.501186 25383.96)
(-0.2450271 1.986214 6546.781)
(-0.2296465 0.6392591 6599.336)
(-0.2150869 -0.6048215 6600.306)
(-0.06185571 2.637377 362.0334)
(-0.06158896 2.537525 1124.437)
(-0.05899504 2.311137 2025.564)
(-0.05366089 1.912175 3262.25)
(-0.04231692 1.194953 4321.544)
(-0.2778754 3.568194 25805.19)
(-0.2536413 2.579457 6656.382)
(-0.2386338 1.74499 6710.069)
(-0.2231995 0.9572677 6711.568)
(-0.2085223 0.2314291 6712.304)
(-0.06113401 0.8587198 1135.725)
(-0.05884524 0.7856942 2045.295)
(-0.0532345 0.6542696 3292.631)
(-0.04233428 0.4196524 4357.469)
(-0.2797464 1.439227 26006.58)
(-0.2561886 1.101909 6708.46)
(-0.2403294 0.8173659 6762.8)
(-0.2253638 0.5520248 6764.416)
(-0.2100953 0.303036 6765.437)
(-0.1955429 0.07507092 6765.566)
(-0.04920136 -0.6511586 267.8033)
(-0.04864236 -0.1733635 263.9)
(-0.04692956 -0.1496247 821.8304)
(-0.04799533 0.1744123 264.0851)
(-0.04737734 0.1502724 822.4763)
(-0.04401881 0.09694625 1490.515)
(-0.04764333 0.6548963 268.4271)
(-0.04760832 0.581517 835.8081)
(-0.04525003 0.4115367 1514.374)
(-0.03939762 0.1090303 2465.998)
(-0.04858118 1.519134 277.0769)
(-0.04811671 1.380669 862.6549)
(-0.04620345 1.076157 1562.019)
(-0.04106405 0.5256901 2541.163)
(-0.03034265 -0.4511948 3435.013)
(-0.0505816 2.911978 290.3028)
(-0.05004407 2.707958 903.4023)
(-0.04763278 2.244359 1634.634)
(-0.04267724 1.418783 2654.94)
(-0.03202133 -0.06498291 3577.379)
(-0.1824334 -17.66168 21664.48)
(-0.05368925 4.627798 307.5591)
(-0.05296964 4.359477 956.7279)
(-0.05039657 3.76883 1729.054)
(-0.04490286 2.70014 2802.773)
(-0.03418091 0.7849425 3760.605)
(-0.1996532 -14.3519 22671.34)
(-0.1818372 -15.44479 5832.17)
(-0.05660113 5.677699 326.5712)
(-0.05619903 5.405111 1015.229)
(-0.0535748 4.779799 1832.737)
(-0.04796944 3.66463 2963.864)
(-0.03672468 1.650163 3958.922)
(-0.2242824 -6.883871 23770.96)
(-0.2032111 -8.586737 6124.088)
(-0.1901345 -10.31682 6171.436)
(-0.05867536 5.40825 342.8735)
(-0.05825354 5.171175 1065.542)
(-0.05604727 4.646038 1921.518)
(-0.05041491 3.694617 3101.7)
(-0.03919271 1.995802 4126.957)
(-0.2464567 0.1157011 24711.45)
(-0.2248175 -1.699852 6371.052)
(-0.2099694 -3.408206 6421.524)
(-0.1961632 -4.965409 6421.859)
(-0.05994947 4.23403 354.7611)
(-0.05976962 4.06505 1102.058)
(-0.05733745 3.680762 1986.102)
(-0.05216925 3.002638 3201.296)
(-0.04085971 1.782167 4247.717)
(-0.2637677 3.608307 25388.84)
(-0.240183 2.077486 6547.962)
(-0.2255498 0.7396182 6600.385)
(-0.2104618 -0.5132157 6601.429)
(-0.1962854 -1.658231 6601.739)
(-0.0604463 2.540325 1125.133)
(-0.05817733 2.31678 2026.621)
(-0.05258295 1.914425 3263.835)
(-0.04166365 1.200418 4322.718)
(-0.2728974 3.624845 25810.52)
(-0.2496118 2.643228 6657.497)
(-0.2338791 1.801349 6711.245)
(-0.2191069 1.018911 6712.628)
(-0.2040159 0.2874856 6713.434)
(-0.1897064 -0.378904 6713.358)
(-0.0577772 0.7863467 2046.447)
(-0.0525141 0.6554631 3294.032)
(-0.04149218 0.4208323 4358.701)
(-0.2755424 1.460919 26011.51)
(-0.251544 1.12048 6709.658)
(-0.2364498 0.8385839 6763.907)
(-0.2207793 0.5708318 6765.612)
(-0.2060945 0.3233557 6766.515)
(-0.1912038 0.09367485 6766.707)
(-0.1770386 -0.1139064 6766.039)
(-0.05132579 -1.509401 276.2483)
(-0.04962162 -0.6527518 268.0221)
(-0.04795008 -0.57771 834.5785)
(-0.0479935 -0.1741653 264.085)
(-0.04737184 -0.1502647 822.4762)
(-0.04401658 -0.096923 1490.515)
(-0.0467885 0.1742552 264.2981)
(-0.04673489 0.1512536 823.0342)
(-0.04434972 0.09747052 1491.587)
(-0.03856287 0.002044152 2429.949)
(-0.04676308 0.6574091 268.6042)
(-0.04639452 0.5811762 836.4588)
(-0.0445576 0.4136994 1515.323)
(-0.03948546 0.1100969 2467.449)
(-0.02903353 -0.424218 3341.762)
(-0.04770457 1.52088 277.292)
(-0.04731426 1.385114 863.2109)
(-0.04505924 1.076484 1563.131)
(-0.04035329 0.5287681 2542.474)
(-0.03003652 -0.449323 3436.087)
(-0.1679127 -15.59638 20892.78)
(-0.05001734 2.921452 290.4934)
(-0.0492728 2.711077 904.0808)
(-0.04690592 2.251252 1635.61)
(-0.04170767 1.421266 2656.484)
(-0.0314449 -0.05926039 3578.385)
(-0.1769876 -17.60104 21667.67)
(-0.1617461 -18.01326 5562.554)
(-0.05288866 4.630705 307.7914)
(-0.05232676 4.370439 957.3421)
(-0.0497063 3.773739 1730.239)
(-0.04428035 2.71035 2804.154)
(-0.03346506 0.7916308 3761.817)
(-0.1961102 -14.23861 22674.88)
(-0.1769422 -15.34614 5833.222)
(-0.165496 -16.6603 5876.799)
(-0.05565088 5.684806 326.777)
(-0.05520852 5.407993 1015.947)
(-0.05284099 4.790744 1833.806)
(-0.04726194 3.670981 2965.502)
(-0.0362171 1.662979 3960.037)
(-0.2196022 -6.758171 23775.64)
(-0.1995984 -8.45263 6125.101)
(-0.1854983 -10.19397 6172.556)
(-0.1729112 -11.74164 6172.239)
(-0.05732563 5.411032 343.1038)
(-0.05728681 5.178938 1066.162)
(-0.0548905 4.649785 1922.717)
(-0.04967075 3.706243 3103.158)
(-0.0385247 2.004216 4128.246)
(-0.2425949 0.2512159 24716.07)
(-0.2202121 -1.583567 6372.236)
(-0.2061834 -3.281372 6422.568)
(-0.1916563 -4.848346 6423.004)
(-0.1782984 -6.257791 6422.735)
(-0.0585661 4.069129 1102.751)
(-0.05641256 3.690155 1987.144)
(-0.05099838 3.006814 3202.899)
(-0.04023946 1.79204 4248.898)
(-0.2589966 3.700074 25394.17)
(-0.2363828 2.179249 6549.087)
(-0.2209459 0.8298911 6601.566)
(-0.2065793 -0.4152974 6602.503)
(-0.191847 -1.568089 6602.888)
(-0.1780952 -2.607894 6602.424)
(-0.05709717 2.319786 2027.78)
(-0.05185564 1.920157 3265.252)
(-0.04084287 1.204008 4323.963)
(-0.268847 3.689844 25815.5)
(-0.2450899 2.69827 6658.709)
(-0.2301056 1.863933 6712.359)
(-0.2145913 1.074334 6713.832)
(-0.2001171 0.3475184 6714.519)
(-0.1854116 -0.3240173 6714.513)
(-0.1715141 -0.9271506 6713.658)
(-0.0515585 0.6563124 3295.574)
(-0.04092895 0.4224125 4359.806)
(-0.2703945 1.478992 26016.74)
(-0.2477925 1.141427 6710.776)
(-0.2321215 0.8570814 6765.103)
(-0.2171624 0.5915718 6766.745)
(-0.2017476 0.3417913 6767.739)
(-0.1873868 0.1133651 6767.81)
(-0.1729165 -0.09576937 6767.206)
(-0.1591842 -0.2816658 6766.035)
(-0.05444215 -2.894244 289.2129)
(-0.05152671 -1.511145 276.4749)
(-0.05001687 -1.375612 860.7121)
(-0.04888683 -0.6550236 268.2109)
(-0.04832319 -0.5791706 835.2378)
(-0.04496774 -0.4102553 1513.279)
(-0.04678904 -0.1741744 264.298)
(-0.04673315 -0.1510173 823.0339)
(-0.04434484 -0.09746527 1491.587)
(-0.03856114 -0.002023692 2429.949)
(-0.0458697 0.1750582 264.4718)
(-0.04556129 0.1510782 823.6759)
(-0.04373565 0.09835385 1492.514)
(-0.0386912 0.002451821 2431.365)
(-0.02841129 -0.1653728 3295.902)
(-0.04584522 0.6584578 268.8121)
(-0.04553874 0.583586 836.993)
(-0.04342679 0.4133932 1516.405)
(-0.03886746 0.1120307 2468.709)
(-0.02878375 -0.4233855 3342.772)
(-0.1596947 -10.25704 20385.4)
(-0.04716042 1.527454 277.4702)
(-0.04645699 1.386802 863.8596)
(-0.04430752 1.080736 1564.057)
(-0.03936212 0.5294334 2543.956)
(-0.02950578 -0.4462568 3437.03)
(-0.1620031 -15.56907 20895.25)
(-0.1489566 -15.58125 5352.669)
(-0.04938768 2.924081 290.7158)
(-0.04871944 2.720382 904.6556)
(-0.04617022 2.254487 1636.741)
(-0.04106573 1.428001 2657.787)
(-0.03073323 -0.05555445 3579.525)
(-0.1738202 -17.53111 21670.52)
(-0.1564284 -17.95557 5563.504)
(-0.1468415 -18.67236 5603.335)
(-0.05211533 4.638919 307.991)
(-0.05154147 4.373556 958.0424)
(-0.04909771 3.784608 1731.264)
(-0.04364488 2.71598 2805.743)
(-0.03297683 0.8019507 3762.863)
(-0.1918777 -14.13875 22678.93)
(-0.1737726 -15.23898 5834.161)
(-0.160665 -16.5638 5877.862)
(-0.1498068 -17.68511 5877.126)
(-0.05407654 5.686002 327.0059)
(-0.05428676 5.415359 1016.567)
(-0.05190638 4.794396 1835.003)
(-0.04661152 3.68231 2966.94)
(-0.03563505 1.671668 3961.31)
(-0.2161187 -6.618855 23779.83)
(-0.1953643 -8.331961 6126.254)
(-0.1821369 -10.0634 6173.575)
(-0.1683941 -11.62115 6173.379)
(-0.1563462 -12.97886 6172.536)
(-0.05597338 5.182022 1066.855)
(-0.05398932 4.658008 1923.75)
(-0.04865484 3.711324 3104.768)
(-0.03795806 2.016422 4129.395)
(-0.2381034 0.3690417 24721.25)
(-0.2166895 -1.455335 6373.325)
(-0.2018455 -3.166443 6423.753)
(-0.1880959 -4.724939 6424.07)
(-0.1739516 -6.142867 6423.903)
(-0.1610811 -7.396516 6422.922)
(-0.05527927 3.694599 1988.299)
(-0.05018883 3.016275 3204.296)
(-0.03937602 1.798144 4250.163)
(-0.2552191 3.80557 25399.14)
(-0.2320462 2.26802 6550.32)
(-0.2173593 0.9291478 6602.692)
(-0.2022096 -0.3264551 6603.71)
(-0.1881707 -1.472978 6603.986)
(-0.1738374 -2.519689 6603.597)
(-0.160552 -3.447989 6602.394)
(-0.05089182 1.92354 3266.803)
(-0.04028068 1.209961 4325.085)
(-0.2638426 3.7437 25820.77)
(-0.241473 2.76067 6659.846)
(-0.2258738 1.918782 6713.569)
(-0.2110646 1.135512 6714.972)
(-0.1958347 0.4017647 6715.75)
(-0.1817011 -0.2658172 6715.623)
(-0.167424 -0.8737061 6714.838)
(-0.1539831 -1.409682 6713.494)
(-0.04018063 0.4236434 4361.023)
(-0.266764 1.499821 26021.46)
(-0.2432101 1.159089 6711.955)
(-0.22868 0.8778483 6766.219)
(-0.2131398 0.6099097 6767.968)
(-0.198383 0.3619825 6768.897)
(-0.1832719 0.1313477 6769.06)
(-0.1692791 -0.07677952 6768.332)
(-0.1552723 -0.2640857 6767.225)
(-0.1419964 -0.426849 6844.302)
(-0.05833251 -4.590439 306.2184)
(-0.05432446 -2.895579 289.449)
(-0.05306377 -2.693141 900.7943)
(-0.0506574 -1.514338 276.6706)
(-0.05018253 -1.377282 861.3953)
(-0.04690562 -1.071419 1559.897)
(-0.0476434 -0.6548122 268.427)
(-0.04760308 -0.581337 835.8072)
(-0.04523585 -0.4115316 1514.374)
(-0.03939243 -0.1090103 2465.998)
(-0.04587029 -0.1748172 264.4717)
(-0.04556177 -0.1510026 823.6757)
(-0.04373409 -0.09814227 1492.514)
(-0.03868737 -0.002449989 2431.365)
(-0.02841041 0.1653884 3295.902)
(-0.04495477 0.1754276 264.6758)
(-0.04466908 0.15184 824.1996)
(-0.042641 0.09817809 1493.581)
(-0.03813509 0.003199739 2432.595)
(-0.02817575 -0.1651259 3296.875)
(-0.1560409 -3.533919 20136.24)
(-0.04529814 0.6617952 268.9817)
(-0.04464265 0.5845474 837.6196)
(-0.04262916 0.4156333 1517.294)
(-0.03789015 0.111889 2470.148)
(-0.02830636 -0.4218021 3343.66)
(-0.1534096 -10.24781 20387.36)
(-0.1418657 -10.14396 5213.538)
(-0.04665829 1.529475 277.6824)
(-0.04592345 1.393178 864.397)
(-0.04349764 1.082386 1565.137)
(-0.03870541 0.5334128 2545.188)
(-0.0287962 -0.444897 3438.1)
(-0.159043 -15.5339 20897.51)
(-0.1430852 -15.55574 5353.505)
(-0.1351947 -15.83695 5390.222)
(-0.04881515 2.931354 290.9045)
(-0.04809802 2.723057 905.3265)
(-0.04564434 2.263432 1637.7)
(-0.04040049 1.431538 2659.3)
(-0.03024983 -0.04904118 3580.487)
(-0.1699938 -17.47189 21673.79)
(-0.153616 -17.8897 5564.344)
(-0.141505 -18.61679 5604.304)
(-0.1325968 -19.16792 5603.448)
(-0.05043737 4.638912 308.2161)
(-0.05079057 4.381866 958.6443)
(-0.0483503 3.788221 1732.432)
(-0.04310176 2.726698 2807.12)
(-0.0324496 0.809062 3764.076)
(-0.1887844 -14.02763 22682.45)
(-0.1699901 -15.14365 5835.234)
(-0.1577481 -16.46024 5878.813)
(-0.1450382 -17.59143 5878.205)
(-0.1348018 -18.51503 5877.029)
(-0.05276072 5.416937 1017.256)
(-0.0510503 4.802309 1836.038)
(-0.04578138 3.687376 2968.548)
(-0.03513917 1.683837 3962.436)
(-0.2120075 -6.496197 23784.67)
(-0.1921883 -8.200541 6127.286)
(-0.1781927 -9.94484 6174.735)
(-0.1652708 -11.49473 6174.417)
(-0.1519432 -12.86147 6173.695)
(-0.1404656 -14.02142 6172.227)
(-0.05276075 4.661761 1924.905)
(-0.04787228 3.720347 3106.155)
(-0.03719931 2.024086 4130.662)
(-0.2347013 0.5025282 24725.93)
(-0.2126187 -1.341762 6374.551)
(-0.1985319 -3.041925 6424.845)
(-0.1840166 -4.611993 6425.279)
(-0.1706066 -6.023392 6424.991)
(-0.1568882 -7.284381 6424.111)
(-0.1445428 -8.374298 6422.454)
(-0.0491856 3.021391 3205.843)
(-0.03877593 1.807826 4251.265)
(-0.25038 3.893309 25404.42)
(-0.2286803 2.368196 6551.469)
(-0.2132979 1.01722 6603.924)
(-0.1988292 -0.2300437 6604.861)
(-0.1840291 -1.385993 6605.218)
(-0.1703598 -2.427746 6604.718)
(-0.156469 -3.362182 6603.589)
(-0.1436906 -4.172666 6601.923)
(-0.03953122 1.21411 4326.312)
(-0.2603123 3.80741 25825.55)
(-0.2370193 2.81318 6661.043)
(-0.2225527 1.980291 6714.706)
(-0.2071135 1.189901 6716.209)
(-0.1925447 0.4613171 6716.915)
(-0.1776462 -0.2129895 6716.879)
(-0.1638968 -0.8175585 6715.971)
(-0.150091 -1.357945 6714.697)
(-0.1371299 -1.822365 6790.242)
(-0.2619006 1.517331 26026.67)
(-0.2399491 1.179265 6713.021)
(-0.224491 0.8955477 6767.395)
(-0.2099959 0.6304138 6769.109)
(-0.1946549 0.3800736 6770.147)
(-0.1801486 0.1509184 6770.243)
(-0.1653908 -0.05933096 6769.608)
(-0.151811 -0.2458655 6768.374)
(-0.1382886 -0.4099154 6845.544)
(-0.1198075 -0.5128712 30811.61)
(-0.06256209 -5.633254 324.9497)
(-0.05792216 -4.591823 306.4622)
(-0.05688711 -4.332329 953.3013)
(-0.05335924 -2.900337 289.653)
(-0.05292682 -2.69458 901.5061)
(-0.04979116 -2.235826 1631.266)
(-0.04939901 -1.514489 276.8923)
(-0.04933445 -1.380416 861.9856)
(-0.04699227 -1.073038 1561.033)
(-0.04110321 -0.5240154 2539.652)
(-0.04676495 -0.6571601 268.604)
(-0.04639454 -0.5810971 836.4584)
(-0.04455292 -0.4135377 1515.321)
(-0.03947429 -0.1100947 2467.449)
(-0.02903088 0.4242325 3341.762)
(-0.04496395 -0.1753721 264.6757)
(-0.04466965 -0.1516086 824.1993)
(-0.04264139 -0.09811228 1493.581)
(-0.03813386 -0.003031067 2432.594)
(-0.02817372 0.1651219 3296.874)
(-0.1560423 3.534025 20136.24)
(-0.04441082 0.1762674 264.8419)
(-0.04377587 0.152167 824.8142)
(-0.04181178 0.09887395 1494.451)
(-0.03718734 0.003067151 2434.011)
(-0.02773229 -0.1645906 3297.731)
(-0.1495748 -3.532112 20137.93)
(-0.138755 -3.479819 5144.921)
(-0.04483843 0.6631068 269.1861)
(-0.04410657 0.5877515 838.1313)
(-0.04178611 0.4164861 1518.336)
(-0.03720052 0.1138985 2471.327)
(-0.02761173 -0.4215773 3344.682)
(-0.1505155 -10.23328 20389.19)
(-0.135562 -10.13566 5214.284)
(-0.1288592 -10.20482 5248.846)
(-0.04620138 1.534851 277.8603)
(-0.04542381 1.395134 865.0371)
(-0.04299118 1.088366 1566.033)
(-0.03798665 0.5351066 2546.629)
(-0.0283157 -0.4413561 3438.985)
(-0.1555192 -15.50634 20900.11)
(-0.1404399 -15.52292 5354.255)
(-0.1292216 -15.81314 5391.082)
(-0.1220755 -15.97424 5390.25)
(-0.04719745 2.931487 291.1225)
(-0.04753975 2.730277 905.8959)
(-0.04504551 2.266266 1638.819)
(-0.03992839 1.439885 2660.584)
(-0.02972076 -0.04483939 3581.614)
(-0.1672303 -17.40363 21676.56)
(-0.1502361 -17.83344 5565.304)
(-0.1389411 -18.55373 5605.162)
(-0.1272478 -19.11489 5604.428)
(-0.1190309 -19.49882 5603.197)
(-0.04916837 4.382193 959.3228)
(-0.0476515 3.796724 1733.438)
(-0.04242789 2.731255 2808.69)
(-0.0320297 0.819616 3765.136)
(-0.1850175 -13.93042 22686.6)
(-0.1671923 -15.03945 5836.163)
(-0.1542743 -16.36743 5879.898)
(-0.1423582 -17.49199 5879.169)
(-0.1300941 -18.42478 5878.121)
(-0.1204958 -19.14564 5876.417)
(-0.04963598 4.804745 1837.188)
(-0.04504401 3.696244 2969.941)
(-0.03450295 1.691652 3963.695)
(-0.2090485 -6.358631 23789.01)
(-0.1884274 -8.082988 6128.478)
(-0.1752073 -9.817795 6175.773)
(-0.161604 -11.37899 6175.596)
(-0.1490443 -12.73975 6174.75)
(-0.1361719 -13.90781 6173.403)
(-0.1252924 -14.86283 6171.345)
(-0.04679911 3.725323 3107.704)
(-0.03663107 2.034666 4131.755)
(-0.2303284 0.6156227 24731.07)
(-0.2095895 -1.215158 6375.655)
(-0.1947313 -2.929709 6426.073)
(-0.1809035 -4.491646 6426.393)
(-0.1667766 -5.913033 6426.222)
(-0.1537483 -7.169318 6425.219)
(-0.1404979 -8.265566 6423.663)
(-0.1287133 -9.184124 6421.584)
(-0.03801152 1.814301 4252.486)
(-0.2469868 3.995512 25409.05)
(-0.2244344 2.453296 6552.688)
(-0.210214 1.114886 6605.074)
(-0.1950338 -0.1431092 6606.119)
(-0.1808471 -1.292756 6606.392)
(-0.1664404 -2.343039 6605.974)
(-0.1531827 -3.273756 6604.732)
(-0.1397773 -4.0897 6603.14)
(-0.1275264 -4.775092 6675.42)
(-0.2555218 3.860179 25830.77)
(-0.2338607 2.873816 6662.132)
(-0.2184819 2.03279 6715.901)
(-0.2040761 1.250287 6717.37)
(-0.1888645 0.5149769 6718.177)
(-0.1745828 -0.1552822 6718.068)
(-0.160064 -0.7663874 6717.252)
(-0.1467425 -1.304063 6715.851)
(-0.1334301 -1.772598 6791.499)
(-0.1155494 -2.030144 30533.24)
(-0.2355769 1.1963 6714.196)
(-0.2214772 0.91561 6768.46)
(-0.2061864 0.6480611 6770.312)
(-0.191795 0.4002305 6771.312)
(-0.1767033 0.168674 6771.518)
(-0.1624979 -0.04045241 6770.814)
(-0.148144 -0.2290299 6769.674)
(-0.1350009 -0.3925337 6846.741)
(-0.1164555 -0.4974518 30819.5)
(0.001850498 -0.04179258 3907.794)
(-0.06622859 -5.355189 341.0297)
(-0.06196026 -5.635046 325.1976)
(-0.06105976 -5.361889 1011.063)
(-0.05695795 -4.599274 306.675)
(-0.05647087 -4.334015 954.0357)
(-0.05345406 -3.744722 1724.529)
(-0.052138 -2.901714 289.8832)
(-0.05198655 -2.699377 902.1214)
(-0.0496111 -2.237574 1632.451)
(-0.04369803 -1.411189 2651.99)
(-0.04858664 -1.518897 277.0764)
(-0.0481111 -1.380585 862.6541)
(-0.04619508 -1.07611 1562.017)
(-0.04104865 -0.5256866 2541.162)
(-0.03033869 0.4512069 3435.013)
(-0.04588141 -0.6584214 268.812)
(-0.04554055 -0.583347 836.9922)
(-0.04342671 -0.4133236 1516.405)
(-0.03886374 -0.1119009 2468.707)
(-0.02877782 0.4233827 3342.771)
(-0.1596984 10.25713 20385.4)
(-0.04440787 -0.1764741 264.8419)
(-0.04378461 -0.152116 824.8141)
(-0.04181231 -0.09866537 1494.451)
(-0.03718759 -0.003017337 2434.011)
(-0.02773163 0.1646848 3297.73)
(-0.149576 3.531995 20137.93)
(-0.1387571 3.479913 5144.922)
(-0.04389698 0.1768171 265.0422)
(-0.0432428 0.152968 825.3149)
(-0.04097174 0.09914464 1495.473)
(-0.03647455 0.003676131 2435.164)
(-0.02705614 -0.1646148 3298.727)
(-0.1466884 -3.528306 20139.54)
(-0.1322538 -3.478312 5145.617)
(-0.1261143 -3.484692 5179.097)
(-0.04445575 0.6668314 269.3559)
(-0.04364729 0.5889698 838.7477)
(-0.0412783 0.4194435 1519.187)
(-0.03645863 0.114661 2472.713)
(-0.0271211 -0.4199341 3345.511)
(-0.1471561 -10.22317 20391.34)
(-0.132936 -10.12241 5214.959)
(-0.1224027 -10.19757 5249.619)
(-0.1164728 -10.19603 5248.835)
(-0.04466992 1.53537 278.0695)
(-0.04497622 1.400384 865.5743)
(-0.0425019 1.090257 1567.1)
(-0.03753356 0.5404483 2547.822)
(-0.02776949 -0.4394899 3440.031)
(-0.1529914 -15.47187 20902.25)
(-0.137359 -15.49672 5355.11)
(-0.1267957 -15.78227 5391.854)
(-0.1160167 -15.95233 5391.118)
(-0.109608 -15.99385 5389.951)
(-0.0459774 2.730574 906.5533)
(-0.04452135 2.273372 1639.77)
(-0.03937713 1.443084 2662.084)
(-0.0293515 -0.03749493 3582.574)
(-0.1637687 -17.34631 21679.88)
(-0.1477655 -17.7699 5566.113)
(-0.1358805 -18.49961 5606.14)
(-0.1249149 -19.055 5605.297)
(-0.113676 -19.44868 5604.187)
(-0.1061473 -19.66372 5602.503)
(-0.04615738 3.797817 1734.57)
(-0.04182403 2.740088 2810.043)
(-0.03149625 0.8260378 3766.345)
(-0.1824505 -13.8205 22690.29)
(-0.1637302 -14.94718 5837.257)
(-0.1516688 -16.2676 5880.838)
(-0.139177 -17.40233 5880.268)
(-0.1276352 -18.32993 5879.099)
(-0.1158485 -19.05933 5877.521)
(-0.1069001 -19.57335 5875.321)
(-0.04383218 3.700247 2971.485)
(-0.03398018 1.702345 3964.792)
(-0.2051734 -6.2402 23793.85)
(-0.1857874 -7.952749 6129.545)
(-0.1716616 -9.702491 6176.971)
(-0.1588007 -11.25685 6176.652)
(-0.1456424 -12.6275 6175.947)
(-0.1334839 -13.7913 6174.474)
(-0.1211041 -14.75359 6172.537)
(-0.1108468 -15.4973 6170.11)
(-0.03584125 2.042039 4132.973)
(-0.2273058 0.7438988 24735.54)
(-0.2057269 -1.105759 6376.871)
(-0.1919576 -2.806488 6427.18)
(-0.1773632 -4.381398 6427.644)
(-0.1638555 -5.797289 6427.358)
(-0.1501586 -7.062128 6426.472)
(-0.1375533 -8.155362 6424.79)
(-0.124811 -9.079364 6422.812)
(-0.1136042 -9.817466 6489.788)
(-0.2423327 4.080294 25414.16)
(-0.221451 2.550273 6553.752)
(-0.2063962 1.199527 6606.292)
(-0.1922194 -0.04828161 6607.292)
(-0.1773083 -1.207395 6607.675)
(-0.1634492 -2.2533 6607.171)
(-0.1494801 -3.191737 6606.011)
(-0.1366753 -4.005118 6604.303)
(-0.1237785 -4.695392 6676.698)
(-0.1071744 -4.952348 29942.82)
(-0.2295644 2.924699 6663.318)
(-0.2155753 2.092051 6716.99)
(-0.2003744 1.30251 6718.591)
(-0.1860977 0.574007 6719.363)
(-0.1711635 -0.1026243 6719.356)
(-0.1572171 -0.7107428 6718.464)
(-0.1431269 -1.254778 6717.155)
(-0.1302564 -1.721191 6792.705)
(-0.1121928 -1.984866 30541.29)
(0.001921481 -0.132473 3875.911)
(-0.2174362 0.9326035 6769.633)
(-0.2034106 0.6679264 6771.401)
(-0.1883496 0.4177353 6772.54)
(-0.1741133 0.1883967 6772.708)
(-0.1593235 -0.02312149 6772.114)
(-0.1454702 -0.2109134 6770.903)
(-0.131551 -0.376389 6848.095)
(-0.1134774 -0.4817642 30827.02)
(0.00201262 -0.04132666 3909.165)
(0.007116768 0.02612023 2335.269)
(-0.06901283 -4.182143 352.6763)
(-0.06548213 -5.357185 341.2769)
(-0.06468768 -5.124058 1060.612)
(-0.06101441 -5.644319 325.4171)
(-0.06045945 -5.364093 1011.809)
(-0.05748892 -4.744612 1826.866)
(-0.05579154 -4.602031 306.914)
(-0.05552977 -4.341587 954.6772)
(-0.05302554 -3.747121 1725.752)
(-0.04706756 -2.683359 2798.106)
(-0.05137588 -2.908689 290.0771)
(-0.05079734 -2.700859 902.8153)
(-0.04872963 -2.242493 1633.476)
(-0.04344026 -1.413596 2653.569)
(-0.03241362 0.06870322 3576.227)
(-0.04777981 -1.520859 277.2919)
(-0.04731949 -1.384886 863.2094)
(-0.04505412 -1.076409 1563.13)
(-0.04034662 -0.5287273 2542.471)
(-0.03002817 0.4493227 3436.087)
(-0.1679166 15.59643 20892.78)
(-0.04529018 -0.6621819 268.9821)
(-0.04467713 -0.5845139 837.6192)
(-0.04263085 -0.4154182 1517.292)
(-0.03788991 -0.1118354 2470.147)
(-0.02830433 0.4218761 3343.658)
(-0.1534125 10.24771 20387.36)
(-0.1418716 10.14404 5213.538)
(-0.04386222 -0.1766524 265.0422)
(-0.04324003 -0.1531632 825.3151)
(-0.04097953 -0.0991015 1495.473)
(-0.03647501 -0.003507592 2435.163)
(-0.02705615 0.1646368 3298.727)
(-0.1466885 3.528368 20139.53)
(-0.1322568 3.478197 5145.617)
(-0.1261171 3.484776 5179.097)
(-0.04356433 0.1785952 265.2072)
(-0.04273206 0.1534692 825.9189)
(-0.04046694 0.09988023 1496.305)
(-0.03573623 0.003890804 2436.52)
(-0.02655706 -0.1641399 3299.53)
(-0.1433826 -3.526076 20141.48)
(-0.129606 -3.474952 5146.25)
(-0.1194459 -3.483551 5179.82)
(-0.1140796 -3.466782 5179.068)
(-0.04299537 0.6671004 269.5581)
(-0.0432705 0.5925536 839.2601)
(-0.04082538 0.4205306 1520.214)
(-0.03600663 0.1172423 2473.843)
(-0.02656964 -0.4192553 3346.497)
(-0.1447964 -10.20848 20393.06)
(-0.1300046 -10.11272 5215.746)
(-0.1199573 -10.18556 5250.319)
(-0.109886 -10.18991 5249.615)
(-0.1047098 -10.1186 5248.517)
(-0.0434976 1.400918 866.2052)
(-0.04207778 1.095258 1567.996)
(-0.03707145 0.5423255 2549.247)
(-0.02741877 -0.4352402 3440.896)
(-0.1497842 -15.44568 20904.85)
(-0.1351217 -15.46498 5355.812)
(-0.1240415 -15.75734 5392.733)
(-0.1137947 -15.92358 5391.899)
(-0.1034797 -15.97398 5390.827)
(-0.0977882 -15.89627 5389.255)
(-0.0430859 2.274079 1640.867)
(-0.03891691 1.449997 2663.361)
(-0.02889599 -0.03353115 3583.702)
(-0.1614645 -17.27927 21682.74)
(-0.1446107 -17.716 5567.075)
(-0.1336113 -18.43951 5606.966)
(-0.1221547 -19.00343 5606.286)
(-0.1115569 -19.39225 5605.065)
(-0.1007939 -19.61676 5603.5)
(-0.09394616 -19.66211 5601.389)
(-0.04056071 2.74259 2811.563)
(-0.03106539 0.8355266 3767.397)
(-0.1789818 -13.72594 22694.5)
(-0.1614205 -14.84437 5838.225)
(-0.1483915 -16.17828 5881.944)
(-0.1367532 -17.30731 5881.223)
(-0.1247303 -18.24396 5880.211)
(-0.1135947 -18.96945 5878.51)
(-0.102313 -19.49143 5876.435)
(-0.09402177 -19.79561 5873.919)
(-0.03313513 1.70936 3965.998)
(-0.202614 -6.106317 23798.12)
(-0.1823224 -7.838733 6130.735)
(-0.1692382 -9.576125 6178.044)
(-0.1554626 -11.14448 6177.87)
(-0.1430123 -12.51073 6177.021)
(-0.1303344 -13.68315 6175.688)
(-0.1186138 -14.64274 6173.623)
(-0.1067607 -15.39297 6171.316)
(-0.09713347 -15.91718 6230.964)
(-0.2229168 0.8517541 24740.5)
(-0.2030951 -0.9830162 6377.921)
(-0.188456 -2.698029 6428.398)
(-0.1748324 -4.26203 6428.774)
(-0.1605649 -5.689598 6428.631)
(-0.147421 -6.951391 6427.627)
(-0.134195 -8.051887 6426.062)
(-0.1220518 -8.974418 6423.956)
(-0.1098404 -9.717199 6491.083)
(-0.09508186 -9.724523 28991.39)
(-0.2173081 2.631998 6554.928)
(-0.2037052 1.294008 6607.357)
(-0.1888114 0.03546798 6608.535)
(-0.1747499 -1.115725 6608.872)
(-0.1601573 -2.169946 6608.478)
(-0.1466722 -3.105802 6607.229)
(-0.1331843 -3.926173 6605.603)
(-0.1208545 -4.614967 6677.917)
(-0.1037447 -4.879841 29951.1)
(0.002044086 -0.2370229 3808.608)
(-0.2116152 2.142376 6718.174)
(-0.1977098 1.360211 6719.704)
(-0.1827498 0.6256863 6720.609)
(-0.1686536 -0.04518794 6720.565)
(-0.1540485 -0.6593593 6719.776)
(-0.1404863 -1.201407 6718.389)
(-0.1268539 -1.674014 6794.066)
(-0.1093225 -1.938443 30548.91)
(0.002091084 -0.1311666 3877.275)
(0.007041751 0.09710175 2314.707)
(-0.1996913 0.6847987 6772.599)
(-0.185802 0.4373182 6773.653)
(-0.1710158 0.2056662 6773.961)
(-0.1569887 -0.003921328 6773.327)
(-0.1425547 -0.1940955 6772.227)
(-0.1290854 -0.3591046 6849.374)
(-0.1103843 -0.4671291 30835.45)
(0.002163559 -0.04092985 3910.46)
(0.007205808 0.02612476 2336.791)
(0.007985054 0.1066775 1222.563)
(-0.07087675 -2.607394 359.9513)
(-0.06819105 -4.184658 352.921)
(-0.06744624 -4.015846 1096.479)
(-0.06458369 -5.366718 341.4995)
(-0.06394741 -5.126451 1061.356)
(-0.06102276 -4.599237 1914.512)
(-0.05993189 -5.647874 325.6617)
(-0.05953359 -5.373538 1012.47)
(-0.05689398 -4.747749 1828.107)
(-0.05085115 -3.630795 2957.648)
(-0.05508404 -4.612287 307.1188)
(-0.05439104 -4.344574 955.3972)
(-0.05213922 -3.754967 1726.82)
(-0.04661744 -2.687099 2799.737)
(-0.03526115 -0.7692073 3758.318)
(-0.0506953 -2.91193 290.3026)
(-0.05005264 -2.707773 903.4002)
(-0.0476161 -2.244277 1634.632)
(-0.04266733 -1.418781 2654.937)
(-0.03201308 0.0649909 3577.378)
(-0.182434 17.6617 21664.48)
(-0.04714867 -1.527933 277.471)
(-0.04652866 -1.386782 863.8591)
(-0.04431226 -1.080531 1564.054)
(-0.03935787 -0.5293739 2543.954)
(-0.02950209 0.4462849 3437.027)
(-0.1620034 15.56902 20895.25)
(-0.1489639 15.58129 5352.669)
(-0.04472809 -0.6629842 269.1859)
(-0.0440991 -0.5881178 838.1323)
(-0.04181681 -0.4164579 1518.335)
(-0.03720197 -0.1137251 2471.325)
(-0.0276113 0.4216027 3344.681)
(-0.1505154 10.23336 20389.18)
(-0.1355699 10.13556 5214.284)
(-0.1288673 10.20488 5248.847)
(-0.04357128 -0.1773697 265.2066)
(-0.04269902 -0.1533156 825.9187)
(-0.04046454 -0.1000516 1496.305)
(-0.03574238 -0.003860536 2436.519)
(-0.02655739 0.1642382 3299.529)
(-0.1433801 3.525954 20141.48)
(-0.1296066 3.474937 5146.249)
(-0.1194505 3.483438 5179.82)
(-0.114083 3.466855 5179.068)
(-0.04219289 0.1782863 265.406)
(-0.04240288 0.1551667 826.4165)
(-0.03996874 0.1003081 1497.31)
(-0.03528752 0.004535431 2437.623)
(-0.02601044 -0.1639915 3300.483)
(-0.1411134 -3.522023 20142.99)
(-0.1267114 -3.472788 5147)
(-0.1169534 -3.480639 5180.479)
(-0.1072691 -3.466018 5179.797)
(-0.1026521 -3.426517 5178.741)
(-0.0418604 0.5927856 839.87)
(-0.0404649 0.4238391 1521.068)
(-0.03557478 0.1181891 2475.21)
(-0.02622466 -0.4173071 3347.296)
(-0.141748 -10.19935 20395.18)
(-0.1279441 -10.09935 5216.372)
(-0.1173454 -10.17642 5251.132)
(-0.1076093 -10.17917 5250.323)
(-0.09801564 -10.11365 5249.303)
(-0.09356236 -9.973429 5247.83)
(-0.04072034 1.095886 1569.048)
(-0.03669333 0.5469169 2550.447)
(-0.02701774 -0.4333051 3441.94)
(-0.147657 -15.41212 20907.01)
(-0.1322353 -15.4406 5356.657)
(-0.1220118 -15.72789 5393.456)
(-0.111346 -15.90016 5392.786)
(-0.1014462 -15.94748 5391.615)
(-0.09160723 -15.87853 5390.137)
(-0.08660924 -15.68261 5388.183)
(-0.03770987 1.451491 2664.832)
(-0.02855479 -0.0269428 3584.671)
(-0.1582487 -17.22339 21686.15)
(-0.1425212 -17.65438 5567.902)
(-0.1306552 -18.38818 5607.946)
(-0.1200742 -18.94704 5607.122)
(-0.1090778 -19.34356 5606.063)
(-0.09887162 -19.564 5604.387)
(-0.08860219 -19.61853 5602.394)
(-0.08242385 -19.49436 5600.001)
(-0.03021891 0.8406973 3768.568)
(-0.1768589 -13.61746 22698.23)
(-0.158275 -14.7542 5839.331)
(-0.1462523 -16.08003 5882.924)
(-0.1336543 -17.22151 5882.343)
(-0.1224777 -18.15411 5881.178)
(-0.1109499 -18.88763 5879.635)
(-0.1002491 -19.40683 5877.435)
(-0.08949572 -19.7184 5875.042)
(-0.08185606 -19.80795 5926.374)
(-0.1986555 -5.993125 23802.77)
(-0.1801228 -7.710914 6131.783)
(-0.1660528 -9.463798 6179.24)
(-0.1532442 -11.02254 6178.961)
(-0.1398744 -12.40193 6178.257)
(-0.1278692 -13.57217 6176.778)
(-0.1157042 -14.53924 6174.852)
(-0.1044548 -15.28814 6172.415)
(-0.09314743 -15.8182 6232.242)
(-0.08089458 -15.32578 27673.74)
(-0.1992461 -0.8787219 6379.087)
(-0.1861086 -2.577501 6429.451)
(-0.1716762 -4.155124 6430.013)
(-0.1582641 -5.57453 6429.781)
(-0.1443697 -6.846826 6428.922)
(-0.1316325 -7.946523 6427.237)
(-0.1189164 -8.875155 6425.246)
(-0.1072576 -9.61787 6492.289)
(-0.09160657 -9.633373 28999.9)
(0.002195925 -0.3341567 3700.787)
(-0.1999185 1.374801 6608.532)
(-0.1863991 0.1271458 6609.623)
(-0.1717318 -1.033299 6610.139)
(-0.1578412 -2.081746 6609.697)
(-0.1436176 -3.024879 6608.559)
(-0.1305526 -3.844329 6606.842)
(-0.1175709 -4.539462 6679.279)
(-0.1011107 -4.807367 29958.9)
(0.00223454 -0.2350191 3809.95)
(0.006874132 0.2291147 2271.581)
(-0.1940757 1.409762 6720.913)
(-0.1803167 0.681643 6721.745)
(-0.1656436 0.005674579 6721.835)
(-0.1517814 -0.6037538 6721.008)
(-0.1375581 -1.151565 6719.724)
(-0.1244097 -1.623124 6795.353)
(-0.1062695 -1.895735 30557.44)
(0.002232439 -0.1300003 3878.559)
(0.007139821 0.0970472 2316.211)
(0.007864112 0.3532157 1210.501)
(-0.182394 0.4539879 6774.876)
(-0.1686862 0.2248784 6775.096)
(-0.1542217 0.01301878 6774.603)
(-0.1404596 -0.1755062 6773.461)
(-0.1264165 -0.3428878 6850.751)
(-0.1082159 -0.4515292 30843.34)
(0.002292466 -0.04054764 3911.888)
(0.007294409 0.02603066 2338.216)
(0.00804273 0.1065347 1223.639)
(0.007706817 0.169544 598.384)
(-0.07178273 -0.8820607 363.4031)
(-0.06995078 -2.609487 360.1942)
(-0.06929305 -2.509361 1118.872)
(-0.06733068 -4.192551 353.1452)
(-0.06663266 -4.018639 1097.215)
(-0.06371876 -3.638412 1977.868)
(-0.06359395 -5.370436 341.7456)
(-0.06306492 -5.136137 1062.026)
(-0.06029927 -4.602515 1915.746)
(-0.05421463 -3.654548 3093.792)
(-0.05924529 -5.660216 325.8763)
(-0.05847292 -5.377412 1013.207)
(-0.05601615 -4.757559 1829.208)
(-0.05026803 -3.635644 2959.303)
(-0.03860974 -1.621493 3955.297)
(-0.05448892 -4.616718 307.3551)
(-0.05369697 -4.354821 956.0148)
(-0.05106656 -3.758502 1728.02)
(-0.04583278 -2.695458 2801.165)
(-0.03477061 -0.7755217 3759.532)
(-0.2047622 14.45473 22667.41)
(-0.04999683 -2.921835 290.4947)
(-0.04938122 -2.711032 904.0801)
(-0.04691367 -2.251084 1635.607)
(-0.04169426 -1.421199 2656.481)
(-0.03143928 0.05926859 3578.383)
(-0.176979 17.60104 21667.66)
(-0.1617503 18.01327 5562.554)
(-0.04647651 -1.529337 277.682)
(-0.04591238 -1.393632 864.3995)
(-0.04356145 -1.082368 1565.136)
(-0.03870932 -0.533247 2545.184)
(-0.02879352 0.4449287 3438.098)
(-0.1590417 15.53404 20897.5)
(-0.1430925 15.55569 5353.504)
(-0.135205 15.83699 5390.222)
(-0.04447407 -0.6658099 269.3543)
(-0.0435424 -0.588855 838.7469)
(-0.04127182 -0.4197668 1519.189)
(-0.03648282 -0.1146414 2472.712)
(-0.02712214 0.420034 3345.509)
(-0.1471496 10.22308 20391.34)
(-0.1329375 10.12244 5214.957)
(-0.1224153 10.19748 5249.618)
(-0.1164827 10.19608 5248.835)
(-0.04224107 -0.1783771 265.4061)
(-0.04240949 -0.1540002 826.4149)
(-0.03993945 -0.100176 1497.309)
(-0.03528569 -0.004666316 2437.623)
(-0.02601372 0.1639995 3300.483)
(-0.1411151 3.522172 20142.99)
(-0.1267088 3.472647 5147)
(-0.1169546 3.480552 5180.479)
(-0.1072751 3.465908 5179.797)
(-0.1026561 3.426579 5178.741)
(-0.04107756 0.1548535 827.0161)
(-0.03965084 0.1018439 1498.139)
(-0.03482132 0.004874293 2438.958)
(-0.02566944 -0.1634932 3301.253)
(-0.1381283 -3.520196 20144.86)
(-0.1247485 -3.469122 5147.59)
(-0.1143655 -3.478619 5181.257)
(-0.1049224 -3.463562 5180.464)
(-0.09572442 -3.426132 5179.477)
(-0.09182245 -3.364272 5178.058)
(-0.0391703 0.4240542 1522.084)
(-0.03524842 0.1210554 2476.35)
(-0.02584416 -0.4165413 3348.277)
(-0.1397329 -10.18495 20396.87)
(-0.1252199 -10.09103 5217.132)
(-0.1155061 -10.16428 5251.781)
(-0.1052957 -10.1707 5251.142)
(-0.09589579 -10.10422 5250.018)
(-0.08678378 -9.969643 5248.622)
(-0.08302019 -9.761683 5246.793)
(-0.03555423 0.5477929 2551.854)
(-0.02672771 -0.4294333 3442.827)
(-0.1445749 -15.3868 20909.7)
(-0.1303073 -15.41037 5357.353)
(-0.1193468 -15.7052 5394.323)
(-0.1095096 -15.87314 5393.518)
(-0.09928202 -15.92575 5392.51)
(-0.08974733 -15.85437 5390.932)
(-0.08039252 -15.66705 5389.071)
(-0.0760613 -15.35449 5386.855)
(-0.02776046 -0.02395468 3585.781)
(-0.1563901 -17.15624 21689.15)
(-0.1395606 -17.60173 5568.882)
(-0.1287057 -18.33067 5608.79)
(-0.1173077 -18.89865 5608.113)
(-0.1071733 -19.29111 5606.909)
(-0.09665494 -19.51847 5605.394)
(-0.08686015 -19.5696 5603.288)
(-0.07709777 -19.45429 5601.012)
(-0.0715678 -19.1593 5645.112)
(-0.1734875 -13.52631 22702.33)
(-0.1564367 -14.6519 5840.307)
(-0.1433174 -15.99234 5884.041)
(-0.1316757 -17.12824 5883.337)
(-0.119551 -18.07233 5882.311)
(-0.1088584 -18.80327 5880.613)
(-0.09784844 -19.32954 5878.569)
(-0.08760655 -19.6393 5876.051)
(-0.0773929 -19.73571 5927.569)
(-0.0679373 -18.72909 26140.94)
(-0.1767606 -7.601528 6132.919)
(-0.1641204 -9.338727 6180.295)
(-0.1503263 -10.9126 6180.177)
(-0.137849 -12.28492 6179.366)
(-0.1249242 -13.46753 6178.031)
(-0.1133958 -14.4344 6175.957)
(-0.101773 -15.18973 6173.658)
(-0.09101367 -15.71969 6233.407)
(-0.07716455 -15.23609 27682.22)
(0.002310949 -0.3626897 3552.07)
(-0.1826507 -2.474141 6430.618)
(-0.169598 -4.037334 6431.088)
(-0.1554363 -5.469774 6431.042)
(-0.1422854 -6.73648 6430.092)
(-0.12881 -7.845617 6428.551)
(-0.1165211 -8.775484 6426.438)
(-0.104337 -9.523269 6493.648)
(-0.08929033 -9.544029 29007.73)
(0.002404129 -0.3318409 3702.091)
(0.006603604 0.4708875 2203.142)
(-0.1829565 0.2066288 6610.822)
(-0.1695837 -0.9447221 6611.249)
(-0.1551919 -2.001076 6610.987)
(-0.1415295 -2.940448 6609.8)
(-0.1277254 -3.766238 6608.194)
(-0.1151087 -4.461976 6680.576)
(-0.09816254 -4.738984 29967.56)
(0.002355258 -0.2334044 3811.209)
(0.006995028 0.228949 2273.043)
(0.007609005 0.6998365 1185.299)
(-0.1769974 0.7302028 6722.979)
(-0.1634308 0.05970254 6722.993)
(-0.1490922 -0.5539823 6722.301)
(-0.135519 -1.098023 6720.978)
(-0.1217119 -1.575088 6796.744)
(-0.1041102 -1.849813 30565.44)
(0.002359824 -0.1289614 3879.975)
(0.007219916 0.0967678 2317.614)
(0.007929834 0.3527477 1211.563)
(0.007573957 0.5501491 591.9225)
(-0.1655784 0.2412623 6776.344)
(-0.1520994 0.03177025 6775.761)
(-0.138005 -0.1589892 6774.761)
(-0.1245457 -0.3249992 6852.035)
(-0.1058891 -0.43675 30851.82)
(0.002357926 -0.04015484 3913.219)
(0.007348879 0.02595676 2339.766)
(0.008103057 0.1062984 1224.645)
(0.007749493 0.1693669 599.0115)
(0.007385183 0.2028609 179.8491)
(-0.07081618 -0.8827739 363.6448)
(-0.07019138 -0.8498302 1129.494)
(-0.0691419 -2.614365 360.4179)
(-0.06837863 -2.511608 1119.602)
(-0.06552402 -2.286758 2017.375)
(-0.0664386 -4.196538 353.3906)
(-0.06578503 -4.026642 1097.889)
(-0.06292671 -3.641813 1979.087)
(-0.05679832 -2.959998 3191.901)
(-0.06286647 -5.382856 341.9662)
(-0.06209128 -5.140163 1062.766)
(-0.0594558 -4.612512 1916.86)
(-0.05352488 -3.659435 3095.434)
(-0.04168984 -1.954828 4122.157)
(-0.05856147 -5.664454 326.1199)
(-0.05779709 -5.389785 1013.853)
(-0.05500867 -4.762158 1830.434)
(-0.04948038 -3.64612 2960.773)
(-0.03804941 -1.62963 3956.543)
(-0.2333182 7.153924 23762.33)
(-0.05366145 -4.627924 307.5608)
(-0.05310605 -4.3594 956.727)
(-0.05040594 -3.768729 1729.049)
(-0.04488384 -2.700044 2802.77)
(-0.03417324 -0.7849161 3760.602)
(-0.1996349 14.35197 22671.34)
(-0.1818371 15.44477 5832.17)
(-0.04915217 -2.923889 290.7152)
(-0.04870001 -2.720748 904.6597)
(-0.04626696 -2.254446 1636.74)
(-0.0410721 -1.427863 2657.782)
(-0.03072562 0.05559547 3579.523)
(-0.1738151 17.53127 21670.51)
(-0.1564266 17.95557 5563.503)
(-0.1468491 18.67237 5603.335)
(-0.04623629 -1.53421 277.8579)
(-0.0452508 -1.395003 865.0359)
(-0.04298153 -1.088768 1566.037)
(-0.0380369 -0.5350935 2546.627)
(-0.02831819 0.4414517 3438.982)
(-0.1555117 15.50633 20900.1)
(-0.1404417 15.52304 5354.251)
(-0.1292354 15.81309 5391.081)
(-0.1220886 15.97427 5390.251)
(-0.0431346 -0.6672505 269.5582)
(-0.04328805 -0.5915799 839.2552)
(-0.04073234 -0.4204313 1520.212)
(-0.03600173 -0.1174921 2473.846)
(-0.02658245 0.4192594 3346.496)
(-0.1448018 10.20861 20393.05)
(-0.1299984 10.11261 5215.744)
(-0.1199604 10.18552 5250.317)
(-0.1099029 10.18982 5249.614)
(-0.1047214 10.11865 5248.517)
(-0.04112332 -0.1549442 827.0164)
(-0.03965674 -0.1008077 1498.136)
(-0.03479839 -0.004776574 2438.958)
(-0.02566853 0.1634328 3301.254)
(-0.1381266 3.520002 20144.86)
(-0.12475 3.469193 5147.589)
(-0.1143628 3.47846 5181.257)
(-0.104924 3.463407 5180.463)
(-0.09573176 3.426026 5179.476)
(-0.09182691 3.364325 5178.058)
(-0.03843205 0.1015503 1499.137)
(-0.03452923 0.006148212 2440.061)
(-0.02527391 -0.163281 3302.2)
(-0.1361603 -3.516115 20146.35)
(-0.1220829 -3.467515 5148.305)
(-0.1126334 -3.475335 5181.871)
(-0.102621 -3.461718 5181.248)
(-0.09351428 -3.424132 5180.15)
(-0.08480243 -3.364261 5178.799)
(-0.08157903 -3.280515 5177.037)
(-0.03416231 0.1213155 2477.705)
(-0.02558573 -0.414441 3349.101)
(-0.1367395 -10.17624 20399.06)
(-0.1233993 -10.07821 5217.739)
(-0.1130127 -10.15689 5252.566)
(-0.1036614 -10.15985 5251.799)
(-0.09385957 -10.09651 5250.844)
(-0.0848096 -9.961531 5249.342)
(-0.07618014 -9.759054 5247.589)
(-0.07307074 -9.484818 5245.51)
(-0.02598369 -0.4280567 3443.863)
(-0.1428641 -15.35287 20912.04)
(-0.1274321 -15.38694 5358.211)
(-0.1175513 -15.67783 5395.039)
(-0.107054 -15.85233 5394.393)
(-0.09762488 -15.90123 5393.249)
(-0.08784687 -15.83446 5391.833)
(-0.07869182 -15.64525 5389.872)
(-0.06982602 -15.34111 5387.747)
(-0.06612773 -14.91249 5426.606)
(-0.1535059 -17.10182 21692.55)
(-0.13791 -17.53934 5569.738)
(-0.1259022 -18.28045 5609.787)
(-0.11549 -18.84546 5608.967)
(-0.104588 -19.24594 5607.909)
(-0.09491412 -19.47009 5606.248)
(-0.08488733 -19.52741 5604.302)
(-0.07551993 -19.40926 5601.912)
(-0.06626902 -19.12278 5646.189)
(-0.05943808 -17.89599 24745.99)
(-0.153668 -14.56409 5841.377)
(-0.1416872 -15.89373 5885.029)
(-0.1289427 -17.04361 5884.468)
(-0.1177231 -17.98437 5883.318)
(-0.1060982 -18.72591 5881.758)
(-0.09590821 -19.25088 5879.558)
(-0.08543432 -19.56683 5877.194)
(-0.07566401 -19.66225 5928.642)
(-0.06370653 -18.66394 26148.92)
(0.002306716 -0.2865304 3378.912)
(-0.1612149 -9.230566 6181.436)
(-0.1486447 -10.79089 6181.25)
(-0.1351858 -12.17804 6180.599)
(-0.1230797 -13.3559 6179.157)
(-0.1106369 -14.33442 6177.225)
(-0.09961361 -15.09133 6174.777)
(-0.08854794 -15.62676 6234.722)
(-0.07526568 -15.14766 27689.88)
(0.002555882 -0.3608671 3553.304)
(0.006211459 0.8282521 2109.794)
(-0.166515 -3.935486 6432.277)
(-0.1536114 -5.355232 6432.136)
(-0.1397684 -6.634452 6431.374)
(-0.1269286 -7.740384 6429.74)
(-0.1139168 -8.678722 6427.771)
(-0.1021014 -9.429565 6494.902)
(-0.08668792 -9.458399 29016.5)
(0.002500612 -0.3301228 3703.293)
(0.006743499 0.4704907 2204.538)
(0.007217317 1.198285 1145.54)
(-0.1664716 -0.8669244 6612.471)
(-0.1532926 -1.915891 6612.118)
(-0.1392268 -2.861955 6611.111)
(-0.1258506 -3.685854 6609.455)
(-0.1124995 -4.387104 6681.989)
(-0.09596132 -4.669471 29975.71)
(0.002476289 -0.2317957 3812.592)
(0.0070571 0.2282838 2274.401)
(0.007694167 0.6990565 1186.328)
(0.007298575 1.052289 578.4514)
(-0.1604145 0.1070529 6724.251)
(-0.1470882 -0.5020651 6723.481)
(-0.1331328 -1.049613 6722.294)
(-0.1198861 -1.523841 6798.051)
(-0.1017412 -1.806039 30574.06)
(0.002431281 -0.1278403 3881.294)
(0.007273517 0.09646598 2319.142)
(0.007983302 0.3520579 1212.551)
(0.007623381 0.549599 592.5407)
(0.007250667 0.653968 177.8084)
(-0.1492801 0.04778431 6777.032)
(-0.1360792 -0.1407892 6775.94)
(-0.1223847 -0.309 6853.386)
(-0.1042997 -0.4204678 30859.66)
(0.002407023 -0.03970533 3914.65)
(0.00735749 0.0258583 2341.2)
(0.008129245 0.1060914 1225.734)
(0.007795816 0.1691062 599.5973)
(0.007421604 0.2026826 180.0546)
(-0.07003049 -0.8845401 363.8683)
(-0.06923756 -0.8505956 1130.219)
(-0.06640369 -0.7766033 2036.097)
(-0.06824209 -2.617537 360.6632)
(-0.06757941 -2.516558 1120.275)
(-0.06463897 -2.289338 2018.584)
(-0.05852934 -1.886829 3252.918)
(-0.06571119 -4.205996 353.6157)
(-0.06490411 -4.030833 1098.627)
(-0.06211108 -3.650033 1980.208)
(-0.0560492 -2.964503 3193.519)
(-0.04409257 -1.742355 4241.626)
(-0.06197548 -5.386834 342.2116)
(-0.06137474 -5.152611 1063.43)
(-0.05852252 -4.617225 1918.092)
(-0.05275594 -3.669991 3096.919)
(-0.04106474 -1.96281 4123.396)
(-0.2610738 0.264109 24697.25)
(-0.05758779 -5.674816 326.3347)
(-0.05712039 -5.394303 1014.587)
(-0.05436038 -4.774577 1831.511)
(-0.04857407 -3.652065 2962.414)
(-0.03742921 -1.64147 3957.661)
(-0.2282522 7.025142 23766.84)
(-0.2079653 8.711112 6122.973)
(-0.05264449 -4.630576 307.7906)
(-0.05230037 -4.370562 957.3472)
(-0.0498285 -3.773668 1730.237)
(-0.04428814 -2.710263 2804.148)
(-0.03345412 -0.791568 3761.814)
(-0.1960967 14.23876 22674.87)
(-0.1769317 15.34619 5833.22)
(-0.1654998 16.66028 5876.799)
(-0.04889092 -2.931301 290.9015)
(-0.04787352 -2.722873 905.3246)
(-0.04562723 -2.26376 1637.707)
(-0.040477 -1.431504 2659.299)
(-0.0302538 0.04912353 3580.482)
(-0.1699867 17.47199 21673.78)
(-0.1536155 17.88985 5564.341)
(-0.1415094 18.61678 5604.302)
(-0.1326074 19.16791 5603.449)
(-0.04487862 -1.53577 278.0697)
(-0.04500963 -1.399771 865.5667)
(-0.04234814 -1.090141 1567.097)
(-0.03752619 -0.5407622 2547.828)
(-0.02779609 0.4394941 3440.03)
(-0.1529994 15.472 20902.23)
(-0.1373535 15.49668 5355.108)
(-0.1268002 15.78236 5391.851)
(-0.1160365 15.95228 5391.117)
(-0.1096235 15.99386 5389.951)
(-0.04199273 -0.5929322 839.8703)
(-0.0404807 -0.4229719 1521.06)
(-0.03550195 -0.1181152 2475.208)
(-0.0262223 0.4171846 3347.299)
(-0.1417407 10.1992 20395.17)
(-0.1279488 10.0994 5216.369)
(-0.1173393 10.17629 5251.13)
(-0.1076137 10.17908 5250.321)
(-0.09803634 10.11356 5249.302)
(-0.09357535 9.973465 5247.83)
(-0.03847256 -0.1016377 1499.137)
(-0.03453392 -0.00533408 2440.057)
(-0.02526195 0.1633219 3302.2)
(-0.1361612 3.516356 20146.35)
(-0.1220785 3.467311 5148.304)
(-0.1126346 3.475333 5181.871)
(-0.1026183 3.461545 5181.248)
(-0.09351623 3.423915 5180.149)
(-0.08481093 3.36416 5178.798)
(-0.08158389 3.280558 5177.037)
(-0.03350376 0.005919766 2441.391)
(-0.02503555 -0.1624559 3302.986)
(-0.133244 -3.514402 20148.29)
(-0.1203059 -3.463838 5148.874)
(-0.1101969 -3.474015 5182.612)
(-0.1011021 -3.458832 5181.869)
(-0.09147966 -3.422489 5180.94)
(-0.08272018 -3.362708 5179.477)
(-0.07449146 -3.280865 5177.781)
(-0.07190836 -3.175793 5175.774)
(-0.02487753 -0.4140511 3350.079)
(-0.1351064 -10.16205 20400.95)
(-0.1205946 -10.0704 5218.508)
(-0.1113246 -10.14553 5253.197)
(-0.1013853 -10.15346 5252.591)
(-0.09241427 -10.08697 5251.508)
(-0.08303017 -9.954645 5250.173)
(-0.07434091 -9.752239 5248.315)
(-0.06619209 -9.483308 5246.309)
(-0.06369584 -9.143663 5281.899)
(-0.1402849 -15.32812 20914.77)
(-0.1258856 -15.356 5358.954)
(-0.1147957 -15.65617 5395.92)
(-0.1053826 -15.82788 5395.118)
(-0.09536696 -15.88244 5394.131)
(-0.08635529 -15.8125 5392.579)
(-0.07703479 -15.62726 5390.777)
(-0.06827065 -15.32168 5388.553)
(-0.05989168 -14.90123 5427.558)
(-0.05515775 -13.81638 23677.19)
(-0.1355829 -17.48733 5570.708)
(-0.1243965 -18.22152 5610.661)
(-0.1128382 -18.79802 5609.975)
(-0.1028938 -19.19722 5608.773)
(-0.09250181 -19.42837 5607.255)
(-0.08329834 -19.48319 5605.163)
(-0.07377281 -19.37054 5602.931)
(-0.06483995 -19.08169 5647.149)
(-0.05436215 -17.8635 24753.2)
(0.002178912 -0.1522065 3220.374)
(-0.1393967 -15.80748 5886.11)
(-0.1275067 -16.94916 5885.471)
(-0.1151832 -17.90333 5884.462)
(-0.1044115 -18.64355 5882.777)
(-0.09330936 -19.17827 5880.714)
(-0.08363606 -19.49402 5878.192)
(-0.07370505 -19.59479 5929.856)
(-0.06217813 -18.59824 26156.01)
(0.002603241 -0.2857502 3380.038)
(0.005721744 1.134851 2002.421)
(-0.1461717 -10.68466 6182.408)
(-0.133738 -12.06026 6181.689)
(-0.1206584 -13.25267 6180.406)
(-0.1089611 -14.22857 6178.366)
(-0.09703444 -14.99643 6176.059)
(-0.08653055 -15.53498 6235.906)
(-0.07309035 -15.06382 27698.48)
(0.002622379 -0.3595008 3554.422)
(0.006384709 0.8273983 2111.094)
(0.006693937 1.797558 1091.72)
(-0.1508857 -5.255459 6433.346)
(-0.1381804 -6.523654 6432.487)
(-0.1247042 -7.641629 6431.041)
(-0.1122245 -8.578946 6428.978)
(-0.09970528 -9.337385 6496.304)
(-0.08468959 -9.374698 29024.52)
(0.002589763 -0.3282871 3704.626)
(0.006785802 0.4693896 2205.818)
(0.007318075 1.197221 1146.518)
(0.006882904 1.724731 557.2739)
(-0.1504968 -1.840151 6613.362)
(-0.1375602 -2.780444 6612.263)
(-0.1238712 -3.609945 6610.788)
(-0.1108234 -4.311027 6683.309)
(-0.09366316 -4.601502 29984.58)
(0.00256537 -0.230514 3813.885)
(0.007105651 0.2277656 2275.881)
(0.007733293 0.6978135 1187.282)
(0.007363767 1.05142 579.0498)
(0.006973851 1.236307 173.5584)
(-0.1443623 -0.4561405 6724.762)
(-0.1313257 -0.9999819 6723.495)
(-0.1177845 -1.477062 6799.421)
(-0.100184 -1.75962 30582.09)
(0.002492811 -0.1265406 3882.718)
(0.007289883 0.09613998 2320.555)
(0.008008755 0.3513893 1213.624)
(0.007664136 0.5488458 593.1163)
(0.007293047 0.6534254 178.0107)
(-0.1335358 -0.1252282 6777.233)
(-0.1206443 -0.291444 6854.611)
(-0.1024965 -0.4058227 30867.91)
(0.00241308 -0.03918151 3915.969)
(0.00733776 0.02586359 2342.741)
(0.008123103 0.1058491 1226.741)
(0.007810617 0.1688767 600.2312)
(0.007461978 0.202427 180.2464)
(-0.069119 -0.8855908 364.1131)
(-0.06846016 -0.8523822 1130.891)
(-0.06548198 -0.7774817 2037.299)
(-0.05937569 -0.6450462 3281.778)
(-0.06737851 -2.622573 360.8882)
(-0.06669048 -2.519834 1121.012)
(-0.06386482 -2.294434 2019.7)
(-0.05770167 -1.890011 3254.518)
(-0.045705 -1.170084 4315.511)
(-0.06478808 -4.209135 353.8616)
(-0.06418703 -4.040336 1099.305)
(-0.06125906 -3.65467 1981.434)
(-0.05529595 -2.973108 3195.009)
(-0.0434258 -1.748993 4242.843)
(-0.2832417 -3.203214 25369.44)
(-0.06091706 -5.397608 342.4296)
(-0.06049857 -5.156883 1064.169)
(-0.05783406 -4.629697 1919.198)
(-0.05190129 -3.675965 3098.565)
(-0.04043564 -1.974535 4124.53)
(-0.2558581 0.1412099 24702)
(-0.2336724 1.948844 6368.892)
(-0.05642179 -5.677719 326.5703)
(-0.05617303 -5.404786 1015.234)
(-0.05370349 -4.779728 1832.735)
(-0.04798038 -3.664586 2963.857)
(-0.03671266 -1.650059 3958.918)
(-0.2242553 6.884036 23770.94)
(-0.2031904 8.586843 6124.085)
(-0.190133 10.31679 6171.437)
(-0.0522646 -4.639784 307.9882)
(-0.05130825 -4.373432 958.0399)
(-0.04907433 -3.784722 1731.273)
(-0.0437423 -2.715921 2805.741)
(-0.03298185 -0.8018917 3762.856)
(-0.1918637 14.139 22678.91)
(-0.1737652 15.23911 5834.158)
(-0.1606615 16.56384 5877.86)
(-0.1498141 17.68508 5877.127)
(-0.04744275 -2.932345 291.1232)
(-0.04761214 -2.730222 905.8868)
(-0.04484542 -2.266101 1638.816)
(-0.03991516 -1.440146 2660.594)
(-0.02976187 0.04485916 3581.612)
(-0.1672418 17.40382 21676.54)
(-0.1502352 17.83351 5565.301)
(-0.1389446 18.55388 5605.159)
(-0.1272581 19.11488 5604.426)
(-0.1190441 19.49881 5603.198)
(-0.04369619 -1.401299 866.2059)
(-0.04210784 -1.094707 1567.983)
(-0.03695078 -0.542235 2549.244)
(-0.02741522 0.4350808 3440.902)
(-0.1497705 15.44561 20904.85)
(-0.1351279 15.46503 5355.808)
(-0.1240379 15.75728 5392.73)
(-0.1138015 15.92366 5391.896)
(-0.1035049 15.97393 5390.826)
(-0.09780592 15.89628 5389.255)
(-0.03928759 -0.4241904 1522.085)
(-0.03526115 -0.1203724 2476.338)
(-0.0258063 0.4165713 3348.275)
(-0.1397381 10.18523 20396.88)
(-0.1252019 10.09087 5217.13)
(-0.1155102 10.16425 5251.779)
(-0.1052898 10.17056 5251.141)
(-0.09590134 10.10408 5250.016)
(-0.08680787 9.969561 5248.621)
(-0.08303439 9.76171 5246.793)
(-0.03353535 -0.005998476 2441.391)
(-0.02503806 0.1628867 3302.982)
(-0.1332529 3.514149 20148.29)
(-0.1203075 3.464134 5148.875)
(-0.1101899 3.473801 5182.611)
(-0.1011032 3.458762 5181.869)
(-0.09147689 3.422306 5180.939)
(-0.08272247 3.362436 5179.476)
(-0.07450095 3.280768 5177.781)
(-0.07191355 3.175828 5175.774)
(-0.02436203 -0.162547 3303.936)
(-0.1316419 -3.510679 20149.94)
(-0.1175909 -3.462401 5149.597)
(-0.1085512 -3.470731 5183.205)
(-0.09888133 -3.457816 5182.616)
(-0.09015679 -3.420009 5181.567)
(-0.08093289 -3.361285 5180.272)
(-0.07252891 -3.279744 5178.464)
(-0.06477775 -3.176485 5176.521)
(-0.06279185 -3.050448 5210.564)
(-0.1326891 -10.15353 20403.21)
(-0.1190992 -10.05791 5219.166)
(-0.1086278 -10.13872 5253.99)
(-0.09982091 -10.14359 5253.229)
(-0.09034228 -10.08163 5252.305)
(-0.08175831 -9.946425 5250.843)
(-0.07279816 -9.746213 5249.15)
(-0.06447759 -9.477753 5247.039)
(-0.05680172 -9.143212 5282.754)
(-0.0533888 -8.427096 22976.8)
(-0.1238176 -15.33268 5359.814)
(-0.1133591 -15.62776 5396.684)
(-0.1027443 -15.80817 5396.007)
(-0.09381147 -15.86095 5394.864)
(-0.08428372 -15.79582 5393.466)
(-0.07569558 -15.60785 5391.529)
(-0.0668372 -15.30563 5389.462)
(-0.05846839 -14.88413 5428.418)
(-0.04914404 -13.80692 23683.61)
(0.001990228 -0.03762565 3097.822)
(-0.1225174 -18.17119 5611.648)
(-0.1114677 -18.74282 5610.86)
(-0.1003888 -19.15286 5609.79)
(-0.09092321 -19.38418 5608.128)
(-0.08105133 -19.44506 5606.177)
(-0.07232431 -19.3305 5603.799)
(-0.06330095 -19.04646 5648.234)
(-0.05310675 -17.82699 24759.57)
(0.002550922 -0.1524375 3221.389)
(0.005250494 1.209157 1905.398)
(-0.1256646 -16.8651 5886.565)
(-0.1139272 -17.81345 5885.479)
(-0.1020562 -18.56652 5883.933)
(-0.09175436 -19.1017 5881.744)
(-0.0811938 -19.42638 5879.357)
(-0.07204008 -19.52788 5930.917)
(-0.06047718 -18.53772 26164.01)
(0.002647047 -0.2851754 3381.045)
(0.005935525 1.133693 2003.6)
(0.006101069 2.19444 1030.37)
(-0.1316718 -11.95662 6182.865)
(-0.1194268 -13.13936 6181.513)
(-0.1067687 -14.12954 6179.631)
(-0.09551542 -14.89669 6177.215)
(-0.08412518 -15.44553 6237.261)
(-0.07127966 -14.98207 27706.16)
(0.002677074 -0.3581454 3555.67)
(0.006403713 0.8259864 2112.269)
(0.006819487 1.796239 1092.628)
(0.006343656 2.473625 528.7381)
(-0.1357933 -6.426501 6433.717)
(-0.1233358 -7.535045 6432.173)
(-0.1102738 -8.483968 6430.298)
(-0.09818843 -9.24337 6497.572)
(-0.08258087 -9.29131 29033.45)
(0.002668272 -0.3271739 3705.844)
(0.006805739 0.4685857 2207.224)
(0.00734195 1.195517 1147.415)
(0.006960011 1.723649 557.8414)
(0.006559104 1.996131 166.8886)
(-0.1350658 -2.707123 6613.529)
(-0.1224208 -3.532369 6611.959)
(-0.1091433 -4.238093 6684.701)
(-0.09223335 -4.533282 29992.78)
(0.002628471 -0.2287961 3815.291)
(0.00714219 0.2267775 2277.248)
(0.007754508 0.6967524 1188.319)
(0.007393017 1.050141 579.6043)
(0.00702987 1.235473 173.754)
(-0.128877 -0.955693 6724.798)
(-0.1161623 -1.429891 6800.672)
(-0.09842829 -1.716885 30590.51)
(0.002503298 -0.1252602 3884.036)
(0.007284132 0.09612487 2322.078)
(0.008009591 0.3506536 1214.615)
(0.007678209 0.5481337 593.74)
(0.007328527 0.6526917 178.1991)
(-0.1183641 -0.2764199 6855.954)
(-0.1009991 -0.389806 30875.34)
(0.002385815 -0.03868475 3917.373)
(0.007290638 0.02590464 2344.155)
(0.008087867 0.1057113 1227.824)
(0.007801836 0.1686088 600.8172)
(0.007472704 0.2022027 180.4538)
(-0.06820053 -0.8873537 364.3379)
(-0.06755977 -0.8534696 1131.627)
(-0.06472654 -0.7793076 2038.413)
(-0.05851643 -0.6461279 3283.367)
(-0.04649884 -0.4094203 4350.316)
(-0.06641421 -2.624108 361.1321)
(-0.06584208 -2.524936 1121.689)
(-0.06300413 -2.29793 2020.925)
(-0.0569777 -1.895363 3256)
(-0.04498614 -1.174435 4316.71)
(-0.2981659 -3.31528 25785.7)
(-0.0636513 -4.218452 354.0846)
(-0.06327962 -4.043712 1100.044)
(-0.06056805 -3.664241 1982.561)
(-0.05450185 -2.978562 3196.644)
(-0.0427912 -1.758417 4243.981)
(-0.2778173 -3.299081 25374.23)
(-0.2543417 -1.790727 6544.636)
(-0.05957584 -5.400775 342.6668)
(-0.05946823 -5.167759 1064.826)
(-0.05699517 -4.634616 1920.429)
(-0.05126837 -3.688483 3100.046)
(-0.03973071 -1.982991 4125.797)
(-0.2514505 0.005078233 24706.42)
(-0.2288064 1.829701 6370.008)
(-0.2146354 3.526712 6420.404)
(-0.05582469 -5.686102 326.7755)
(-0.0550368 -5.408011 1015.944)
(-0.05281785 -4.790459 1833.815)
(-0.04736563 -3.67092 2965.499)
(-0.03622421 -1.66294 3960.03)
(-0.2195765 6.75857 23775.61)
(-0.19958 8.452775 6125.097)
(-0.1854862 10.19407 6172.554)
(-0.1729141 11.74163 6172.239)
(-0.05068523 -4.639654 308.2179)
(-0.05093322 -4.382688 958.6359)
(-0.04814158 -3.788106 1732.428)
(-0.0430835 -2.726797 2807.133)
(-0.03250347 -0.8090239 3764.074)
(-0.1888018 14.02791 22682.42)
(-0.1699853 15.14385 5835.23)
(-0.1577462 16.46035 5878.81)
(-0.1450412 17.59146 5878.202)
(-0.1348123 18.51501 5877.03)
(-0.04621117 -2.731393 906.5554)
(-0.04458625 -2.273316 1639.755)
(-0.03921931 -1.442952 2662.079)
(-0.0293449 0.03735292 3582.583)
(-0.1637624 17.34634 21679.87)
(-0.147774 17.77002 5566.107)
(-0.1358855 18.49965 5606.136)
(-0.1249222 19.05515 5605.295)
(-0.1136916 19.44867 5604.185)
(-0.1061629 19.6637 5602.503)
(-0.04089676 -1.096228 1569.049)
(-0.03671752 -0.5464781 2550.428)
(-0.02695467 0.4333486 3441.937)
(-0.1476662 15.41234 20907.03)
(-0.1321991 15.44052 5356.655)
(-0.1220164 15.72787 5393.452)
(-0.1113441 15.90008 5392.784)
(-0.1014552 15.94753 5391.612)
(-0.09163725 15.87849 5390.136)
(-0.08662878 15.68261 5388.184)
(-0.03425393 -0.1214315 2477.706)
(-0.02559287 0.4148013 3349.088)
(-0.136773 10.17601 20399.05)
(-0.1234065 10.0786 5217.743)
(-0.1129846 10.15672 5252.565)
(-0.1036649 10.15975 5251.797)
(-0.09385391 10.09635 5250.842)
(-0.08481616 9.961348 5249.34)
(-0.07620717 9.758975 5247.588)
(-0.07308594 9.484838 5245.51)
(-0.02437816 0.1624896 3303.937)
(-0.131639 3.510488 20149.93)
(-0.1176099 3.46211 5149.596)
(-0.1085536 3.47108 5183.206)
(-0.09887206 3.457596 5182.615)
(-0.09015766 3.419875 5181.566)
(-0.08093014 3.361093 5180.272)
(-0.07253148 3.279423 5178.463)
(-0.06478808 3.176391 5176.521)
(-0.0627973 3.050477 5210.564)
(-0.1292702 -3.50889 20151.97)
(-0.1161097 -3.459361 5150.204)
(-0.1059588 -3.469634 5183.953)
(-0.09735825 -3.454941 5183.216)
(-0.08813843 -3.419305 5182.319)
(-0.07978924 -3.35921 5180.905)
(-0.07097 -3.278551 5179.264)
(-0.0629272 -3.175773 5177.208)
(-0.05564286 -3.051458 5211.365)
(-0.05278299 -2.803891 22633.74)
(-0.1171598 -10.04998 5219.944)
(-0.107221 -10.12781 5254.671)
(-0.09723066 -10.13786 5254.029)
(-0.08889315 -10.07326 5252.95)
(-0.07987766 -9.942161 5251.645)
(-0.07168465 -9.739296 5249.824)
(-0.06315191 -9.472602 5247.878)
(-0.05520235 -9.13886 5283.534)
(-0.04671852 -8.427286 22982.62)
(0.001823668 0.0147271 3016.859)
(-0.1117044 -15.60579 5397.566)
(-0.1014103 -15.78239 5396.78)
(-0.09128866 -15.84332 5395.759)
(-0.08283652 -15.77727 5394.206)
(-0.07379949 -15.59332 5392.421)
(-0.06563763 -15.28875 5390.219)
(-0.05723925 -14.87003 5429.388)
(-0.04787745 -13.79206 23689.34)
(0.002442129 -0.03838437 3098.736)
(0.004864183 1.037657 1831.159)
(-0.1100063 -18.69458 5611.857)
(-0.0991436 -19.10159 5610.686)
(-0.08856055 -19.34313 5609.154)
(-0.07958107 -19.40542 5607.058)
(-0.07023536 -19.29601 5604.82)
(-0.06198218 -19.01057 5649.159)
(-0.05179873 -17.79572 24766.74)
(0.002579198 -0.1525104 3222.288)
(0.00552002 1.207981 1906.466)
(0.005580115 2.157659 975.5141)
(-0.1125024 -17.73216 5886.586)
(-0.1009659 -18.48156 5884.963)
(-0.08957541 -19.02905 5882.911)
(-0.07976162 -19.35572 5880.398)
(-0.06975037 -19.46537 5932.154)
(-0.05898995 -18.47853 26170.96)
(0.002666238 -0.2847346 3382.175)
(0.005938859 1.132217 2004.653)
(0.006253211 2.193182 1031.192)
(0.005756224 2.906892 496.3904)
(-0.1177407 -13.03893 6182.705)
(-0.1057355 -14.02117 6180.753)
(-0.09353874 -14.80232 6178.494)
(-0.08275134 -15.35214 6238.483)
(-0.06912782 -14.90155 27714.91)
(0.002749393 -0.35743 3556.787)
(0.006394711 0.8247563 2113.57)
(0.006825967 1.794392 1093.448)
(0.006437976 2.47247 529.2629)
(0.006028053 2.817215 157.9216)
(-0.1212679 -7.441031 6433.421)
(-0.1091075 -8.382032 6431.447)
(-0.09649234 -9.152627 6498.959)
(-0.08127962 -9.20715 29041.48)
(0.00272251 -0.3254491 3707.194)
(0.006835707 0.4669152 2208.501)
(0.007339995 1.194137 1148.396)
(0.006977242 1.722006 558.3611)
(0.006624882 1.995146 167.0739)
(-0.1202119 -3.461811 6613.244)
(-0.107892 -4.164698 6685.926)
(-0.09088663 -4.466944 30001.46)
(0.002638694 -0.227556 3816.584)
(0.007140697 0.2264074 2278.732)
(0.007772681 0.6952352 1189.274)
(0.007403363 1.049047 580.2061)
(0.007055314 1.23426 173.9353)
(-0.1139772 -1.387443 6802.027)
(-0.09704155 -1.674456 30598.15)
(0.002478263 -0.1239104 3885.436)
(0.007243775 0.09597965 2323.477)
(0.007986406 0.3502287 1215.682)
(0.007675353 0.5473355 594.3158)
(0.007338512 0.6520072 178.4031)
(-0.09905918 -0.3760994 30883.48)
(0.002404366 -0.03813812 3918.64)
(0.007190522 0.02597485 2345.669)
(0.008034495 0.1055865 1228.815)
(0.007765837 0.1684371 601.4466)
(0.007464061 0.2019392 180.6456)
(-0.06712451 -0.8879488 364.5806)
(-0.06665835 -0.8552534 1132.303)
(-0.06385488 -0.7804729 2039.634)
(-0.05780564 -0.6480225 3284.844)
(-0.04575771 -0.4108949 4351.503)
(-0.305586 -1.334465 25981.8)
(-0.06522495 -2.627962 361.3549)
(-0.06489514 -2.526637 1122.422)
(-0.06219289 -2.303162 2022.05)
(-0.05617367 -1.899259 3257.63)
(-0.0443593 -1.180323 4317.837)
(-0.2925295 -3.374986 25790.49)
(-0.2682959 -2.400297 6653.094)
(-0.06213472 -4.220843 354.3218)
(-0.06217256 -4.05309 1100.715)
(-0.05969932 -3.668133 1983.792)
(-0.05386204 -2.988246 3198.153)
(-0.04210948 -1.765501 4245.24)
(-0.2731106 -3.406359 25378.81)
(-0.249301 -1.883692 6545.729)
(-0.2344507 -0.5467022 6598.241)
(-0.05881144 -5.409081 342.8731)
(-0.05816263 -5.171236 1065.54)
(-0.05603038 -4.64568 1921.523)
(-0.05050228 -3.694583 3101.696)
(-0.03920463 -1.995763 4126.95)
(-0.2464195 -0.1152112 24711.42)
(-0.2247852 1.700008 6371.048)
(-0.209947 3.40832 6421.521)
(-0.1961611 4.965407 6421.86)
(-0.05425992 -5.685784 327.0081)
(-0.05445318 -5.416594 1016.562)
(-0.05175181 -4.794407 1834.999)
(-0.04659325 -3.682093 2966.952)
(-0.03569467 -1.671625 3961.307)
(-0.2161444 6.619206 23779.8)
(-0.1953485 8.332278 6126.248)
(-0.182126 10.06353 6173.572)
(-0.1683902 11.62124 6173.376)
(-0.1563534 12.97885 6172.537)
(-0.04940507 -4.382903 959.3284)
(-0.04777941 -3.79745 1733.423)
(-0.04226191 -2.731159 2808.684)
(-0.03202023 -0.8196853 3765.148)
(-0.1850441 13.93056 22686.59)
(-0.1672059 15.03969 5836.155)
(-0.1542779 16.36759 5879.893)
(-0.1423613 17.49208 5879.166)
(-0.1301033 18.4248 5878.119)
(-0.1205093 19.14561 5876.418)
(-0.04329423 -2.274811 1640.871)
(-0.03896882 -1.449943 2663.338)
(-0.02881216 0.03360357 3583.697)
(-0.1614762 17.27924 21682.79)
(-0.1445692 17.71601 5567.073)
(-0.1336171 18.43956 5606.96)
(-0.1221651 19.00344 5606.282)
(-0.1115675 19.39239 5605.063)
(-0.1008144 19.61674 5603.499)
(-0.09396378 19.66209 5601.389)
(-0.03569257 -0.5480675 2551.856)
(-0.02674146 0.4296699 3442.808)
(-0.1446247 15.38667 20909.69)
(-0.1303197 15.41073 5357.361)
(-0.1192894 15.70513 5394.321)
(-0.1095127 15.87304 5393.514)
(-0.09928188 15.92564 5392.507)
(-0.08975824 15.8544 5390.929)
(-0.08042673 15.667 5389.07)
(-0.07608237 15.35449 5386.855)
(-0.02492461 0.4139718 3350.08)
(-0.1351079 10.16183 20400.9)
(-0.1206604 10.07013 5218.506)
(-0.1113337 10.14602 5253.2)
(-0.1013481 10.15329 5252.589)
(-0.09241716 10.0868 5251.505)
(-0.08302479 9.954475 5250.172)
(-0.07434836 9.752017 5248.312)
(-0.06622157 9.483232 5246.309)
(-0.06371184 9.143677 5281.899)
(-0.1292471 3.508638 20151.97)
(-0.1161047 3.458806 5150.199)
(-0.1059873 3.469307 5183.952)
(-0.09736118 3.455333 5183.217)
(-0.0881271 3.419083 5182.319)
(-0.07978993 3.359017 5180.904)
(-0.07096727 3.278352 5179.263)
(-0.06293002 3.175412 5177.207)
(-0.05565386 3.051367 5211.364)
(-0.05278847 2.803915 22633.74)
(-0.114185 -3.457598 5150.941)
(-0.1045523 -3.467251 5184.585)
(-0.09488534 -3.454194 5183.97)
(-0.08672944 -3.416846 5182.926)
(-0.07796054 -3.358821 5181.661)
(-0.06998925 -3.276873 5179.9)
(-0.0615782 -3.174816 5178.011)
(-0.05389718 -3.051128 5212.099)
(-0.04585876 -2.805043 22639.23)
(0.001732508 0.01189033 2976.989)
(-0.1056688 -10.12061 5255.473)
(-0.09590688 -10.12855 5254.718)
(-0.08640838 -10.06865 5253.755)
(-0.07853574 -9.93527 5252.295)
(-0.06998303 -9.736103 5250.63)
(-0.06218217 -9.466951 5248.555)
(-0.05407472 -9.134577 5284.428)
(-0.04526644 -8.423867 22987.85)
(0.00232972 0.01402096 3017.701)
(0.004598906 0.6883952 1782.436)
(-0.1001398 -15.76198 5397.67)
(-0.09005022 -15.82023 5396.541)
(-0.08042774 -15.76179 5395.108)
(-0.07245336 -15.57765 5393.167)
(-0.06390662 -15.27636 5391.115)
(-0.0561672 -14.85559 5430.195)
(-0.04686101 -13.77973 23695.77)
(0.002478521 -0.03882299 3099.552)
(0.005190983 1.036642 1832.136)
(0.00518569 1.754096 933.9157)
(-0.09806882 -19.05578 5611.692)
(-0.0874313 -19.29592 5610.059)
(-0.07735658 -19.36782 5608.091)
(-0.06886656 -19.26087 5605.708)
(-0.06004466 -18.97972 5650.244)
(-0.05063582 -17.7644 24772.85)
(0.00257016 -0.152787 3223.299)
(0.005513453 1.206807 1907.412)
(0.00576731 2.156702 976.2587)
(0.005260672 2.774843 467.6774)
(-0.09992653 -18.40355 5886.081)
(-0.08863669 -18.94927 5883.951)
(-0.07775104 -19.28771 5881.574)
(-0.06843259 -19.40065 5933.258)
(-0.05692377 -18.42284 26179.02)
(0.002717391 -0.2847695 3383.163)
(0.005901663 1.130802 2005.828)
(0.006248755 2.191585 1031.926)
(0.005866128 2.905979 496.8645)
(0.005459839 3.263256 147.7843)
(-0.1044017 -13.92451 6181.96)
(-0.092686 -14.69931 6179.63)
(-0.08097757 -15.26283 6239.834)
(-0.06793344 -14.81804 27722.73)
(0.002823833 -0.3562928 3558.051)
(0.006422691 0.8227558 2114.733)
(0.00680124 1.792789 1094.354)
(0.006441855 2.470834 529.7374)
(0.006106864 2.816258 158.0927)
(-0.1073385 -8.291632 6432.713)
(-0.09551029 -9.055742 6500.166)
(-0.07987676 -9.124842 29050.26)
(0.002736986 -0.3241708 3708.409)
(0.006829511 0.4660454 2209.91)
(0.00735384 1.19196 1149.288)
(0.006968752 1.720676 558.9299)
(0.006639937 1.993643 167.2437)
(-0.1059525 -4.09723 6687.268)
(-0.08986138 -4.401155 30009.05)
(0.002577172 -0.2257828 3817.967)
(0.007104664 0.2254112 2280.087)
(0.007753895 0.6943063 1190.312)
(0.007414786 1.047536 580.7606)
(0.007061823 1.233231 174.132)
(-0.09519095 -1.635995 30606.43)
(0.00248896 -0.1229781 3886.703)
(0.00714821 0.09606706 2324.975)
(0.007939484 0.3496481 1216.661)
(0.007649359 0.5468229 594.9362)
(0.007335168 0.6512292 178.5914)
(0.002400749 -0.03771726 3920.028)
(0.007161835 0.02605425 2347.033)
(0.007927862 0.1055086 1229.878)
(0.00771694 0.168265 602.0234)
(0.007429658 0.2017661 180.8515)
(-0.06591688 -0.8886965 364.8014)
(-0.06560371 -0.8559023 1133.033)
(-0.06299481 -0.7822965 2040.758)
(-0.05699139 -0.6493285 3286.469)
(-0.04513425 -0.4129379 4352.625)
(-0.2998349 -1.354613 25986.56)
(-0.2752493 -1.019637 6704.095)
(-0.06385746 -2.629118 361.5898)
(-0.06373624 -2.530608 1123.093)
(-0.06128774 -2.305226 2023.269)
(-0.05543313 -1.904718 3259.134)
(-0.04366513 -1.185033 4319.093)
(-0.2876518 -3.442077 25795.07)
(-0.2630851 -2.458139 6654.166)
(-0.2478579 -1.624411 6707.962)
(-0.06130985 -4.230555 354.5306)
(-0.06069691 -4.055727 1101.429)
(-0.05866158 -3.677597 1984.91)
(-0.05306767 -2.993067 3199.801)
(-0.04156768 -1.775514 4246.42)
(-0.2678734 -3.500746 25383.92)
(-0.2449783 -1.986073 6546.777)
(-0.2296143 -0.6391728 6599.333)
(-0.21508 0.6047909 6600.307)
(-0.05743886 -5.410531 343.1052)
(-0.05741741 -5.179732 1066.161)
(-0.05480795 -4.649835 1922.713)
(-0.04965729 -3.705967 3103.167)
(-0.03857741 -2.004187 4128.242)
(-0.242633 -0.2508667 24716.03)
(-0.2201858 1.583954 6372.227)
(-0.2061635 3.281523 6422.564)
(-0.1916438 4.848458 6423.001)
(-0.1783017 6.257812 6422.736)
(-0.05293636 -5.416731 1017.263)
(-0.05120015 -4.80341 1836.031)
(-0.04565692 -3.687376 2968.541)
(-0.0351293 -1.683739 3962.449)
(-0.2120873 6.496429 23784.66)
(-0.1922085 8.200863 6127.278)
(-0.1781859 9.945088 6174.728)
(-0.1652669 11.49484 6174.413)
(-0.1519469 12.86155 6173.693)
(-0.1404765 14.02143 6172.227)
(-0.04636931 -3.798455 1734.579)
(-0.04192629 -2.740652 2810.022)
(-0.03140548 -0.8259753 3766.339)
(-0.1824581 13.82013 22690.35)
(-0.1637107 14.9473 5837.254)
(-0.1516791 16.26779 5880.831)
(-0.1391885 17.40245 5880.263)
(-0.1276428 18.33 5879.096)
(-0.1158632 19.05934 5877.52)
(-0.1069161 19.57333 5875.321)
(-0.03787427 -1.452072 2664.837)
(-0.02858381 0.02698597 3584.648)
(-0.1582833 17.22342 21686.13)
(-0.1425388 17.65447 5567.915)
(-0.1305807 18.38818 5607.943)
(-0.1200774 18.94703 5607.117)
(-0.1090933 19.34355 5606.06)
(-0.09888517 19.56413 5604.384)
(-0.08862693 19.61851 5602.393)
(-0.08244321 19.49434 5600.001)
(-0.02605573 0.4278979 3443.865)
(-0.1428755 15.35284 20911.96)
(-0.1275363 15.38676 5358.208)
(-0.1175667 15.67832 5395.048)
(-0.1069774 15.85225 5394.391)
(-0.09762644 15.90107 5393.245)
(-0.08784833 15.83434 5391.83)
(-0.0787044 15.64527 5389.868)
(-0.06986379 15.34106 5387.746)
(-0.06615003 14.91248 5426.606)
(-0.1326316 10.15316 20403.21)
(-0.1190948 10.05737 5219.151)
(-0.1087241 10.13843 5253.988)
(-0.09983172 10.14417 5253.232)
(-0.09029696 10.08147 5252.303)
(-0.0817606 9.946199 5250.84)
(-0.0727931 9.746034 5249.149)
(-0.06448581 9.477498 5247.036)
(-0.05683318 9.143138 5282.753)
(-0.05340489 8.427105 22976.8)
(-0.114148 3.457389 5150.942)
(-0.1045453 3.466353 5184.58)
(-0.09492246 3.453839 5183.969)
(-0.08673287 3.417274 5182.927)
(-0.07794739 3.358598 5181.661)
(-0.06998975 3.276629 5179.9)
(-0.06157552 3.174611 5178.01)
(-0.05390021 3.050735 5212.098)
(-0.04586992 2.804957 22639.23)
(0.001731941 -0.01189082 2976.989)
(-0.1029881 -3.465593 5185.347)
(-0.09354904 -3.452458 5184.61)
(-0.08437327 -3.416452 5183.685)
(-0.07665758 -3.356776 5182.273)
(-0.06833784 -3.276794 5180.661)
(-0.06074455 -3.173521 5178.651)
(-0.0527402 -3.050405 5212.956)
(-0.04425608 -2.804966 22644.18)
(0.002258187 0.01160224 2977.793)
(0.004467628 0.2398927 1758.53)
(-0.09471409 -10.12217 5255.527)
(-0.08516236 -10.06093 5254.452)
(-0.07615592 -9.931779 5253.106)
(-0.06874071 -9.73065 5251.286)
(-0.06064768 -9.464804 5249.365)
(-0.05323474 -9.130137 5285.153)
(-0.04434115 -8.42021 22993.81)
(0.002387702 0.01351811 3018.456)
(0.004962717 0.6877123 1783.352)
(0.004929072 1.125651 906.7903)
(-0.08913426 -15.80154 5397.438)
(-0.07927831 -15.74141 5395.897)
(-0.0701577 -15.56434 5394.074)
(-0.0626548 -15.26347 5391.866)
(-0.05459141 -14.84528 5431.15)
(-0.04593081 -13.76756 23701.15)
(0.002448244 -0.03926634 3100.469)
(0.005193549 1.035783 1833.002)
(0.005408 1.753428 934.6)
(0.004899879 2.209148 446.0466)
(-0.08671155 -19.25284 5611.074)
(-0.0763343 -19.32475 5609.005)
(-0.06677655 -19.2268 5606.746)
(-0.05877099 -18.94896 5651.19)
(-0.04889958 -17.73746 24779.97)
(0.002597538 -0.1533502 3224.167)
(0.00545468 1.205616 1908.471)
(0.005756361 2.155659 976.9182)
(0.005390294 2.774312 468.1066)
(0.00498983 3.078644 138.8221)
(-0.08795011 -18.87496 5885.08)
(-0.07694995 -19.21332 5882.626)
(-0.06658289 -19.33746 5934.505)
(-0.05575326 -18.36578 26186.16)
(0.002794875 -0.2847342 3384.299)
(0.005913963 1.128785 2006.858)
(0.006202572 2.190139 1032.743)
(0.005861987 2.904728 497.2881)
(0.005548401 3.262616 147.9386)
(-0.09167576 -14.6069 6180.851)
(-0.08028722 -15.16554 6241.034)
(-0.06640879 -14.73734 27731.4)
(0.002847052 -0.355287 3559.181)
(0.006439285 0.8213629 2116.037)
(0.006814379 1.790459 1095.163)
(0.006415145 2.46946 530.2609)
(0.006110566 2.814846 158.2474)
(-0.09401921 -8.969394 6501.495)
(-0.07909212 -9.037368 29057.88)
(0.002706501 -0.3222934 3709.742)
(0.006803417 0.4645566 2211.174)
(0.007332541 1.190534 1150.269)
(0.006977108 1.718639 559.4463)
(0.006629882 1.992444 167.4293)
(-0.08824608 -4.340093 30017.38)
(0.002553841 -0.2245969 3819.187)
(0.006978449 0.2251714 2281.548)
(0.007712235 0.6927912 1191.257)
(0.007392805 1.046552 581.3622)
(0.007071014 1.231809 174.3132)
(0.002478438 -0.122044 3888.085)
(0.007113518 0.09563259 2326.326)
(0.007837454 0.3493265 1217.712)
(0.007606163 0.5461522 595.5048)
(0.007309606 0.6507195 178.7943)
(0.007085215 0.02606213 2348.528)
(0.007890827 0.1054201 1230.837)
(0.007618684 0.168145 602.6419)
(0.007384711 0.2015862 181.0402)
(-0.06453997 -0.8892188 365.0352)
(-0.0644267 -0.8567095 1133.697)
(-0.06199137 -0.7830615 2041.97)
(-0.0562094 -0.6512205 3287.968)
(-0.04443098 -0.4145262 4353.875)
(-0.2948782 -1.377395 25991.14)
(-0.2699411 -1.039171 6705.152)
(-0.2545517 -0.7574531 6759.55)
(-0.06316223 -2.634809 361.8022)
(-0.0624026 -2.531932 1123.799)
(-0.06019999 -2.309436 2024.385)
(-0.05460692 -1.907433 3260.763)
(-0.04305685 -1.190971 4320.266)
(-0.28226 -3.501196 25800.24)
(-0.2585796 -2.522297 6655.199)
(-0.2428859 -1.681903 6709.032)
(-0.2279127 -0.900353 6710.467)
(-0.06005428 -4.234016 354.7624)
(-0.05989205 -4.065468 1102.057)
(-0.05728175 -3.680776 1986.098)
(-0.05215639 -3.00266 3201.303)
(-0.04091364 -1.782149 4247.713)
(-0.2638221 -3.60803 25388.8)
(-0.2401477 -2.077118 6547.951)
(-0.2255178 -0.7394953 6600.381)
(-0.2104414 0.5132925 6601.426)
(-0.1962852 1.658207 6601.741)
(-0.0560823 -5.181546 1066.86)
(-0.05410765 -4.65872 1923.748)
(-0.04858704 -3.711356 3104.762)
(-0.03795048 -2.016289 4129.403)
(-0.2382259 -0.3688045 24721.23)
(-0.216718 1.455658 6373.316)
(-0.2018288 3.166743 6423.744)
(-0.1880876 4.725083 6424.066)
(-0.1739485 6.142976 6423.9)
(-0.1610893 7.396557 6422.923)
(-0.04979433 -4.804566 1837.199)
(-0.04516488 -3.69711 2969.93)
(-0.03443162 -1.691636 3963.688)
(-0.2090468 6.358182 23789.07)
(-0.1884568 8.083187 6128.474)
(-0.1752228 9.818098 6175.765)
(-0.1616057 11.37917 6175.589)
(-0.149047 12.73984 6174.746)
(-0.1361828 13.90787 6173.401)
(-0.1253068 14.86284 6171.345)
(-0.04072955 -2.743101 2811.577)
(-0.03112257 -0.835807 3767.376)
(-0.178958 13.72619 22694.47)
(-0.1614365 14.84406 5838.242)
(-0.1483292 16.17837 5881.94)
(-0.1367603 17.30746 5881.215)
(-0.1247491 18.24404 5880.206)
(-0.1136065 18.96951 5878.507)
(-0.1023328 19.49143 5876.434)
(-0.09404001 19.79558 5873.918)
(-0.02784809 0.02363581 3585.786)
(-0.1564098 17.15658 21689.05)
(-0.139668 17.6017 5568.876)
(-0.128729 18.33088 5608.803)
(-0.1172033 18.89864 5608.11)
(-0.1071741 19.29104 5606.904)
(-0.09667494 19.51843 5605.39)
(-0.08687634 19.56972 5603.285)
(-0.07712623 19.45426 5601.011)
(-0.07158861 19.15927 5645.112)
(-0.1402215 15.32785 20914.78)
(-0.1258859 15.35577 5358.93)
(-0.1149514 15.65596 5395.916)
(-0.1054006 15.82849 5395.127)
(-0.0952732 15.88237 5394.128)
(-0.08635545 15.81228 5392.575)
(-0.07703773 15.62712 5390.775)
(-0.06828467 15.32168 5388.549)
(-0.05993234 14.90119 5427.557)
(-0.05518024 13.81637 23677.19)
(-0.1170617 10.04966 5219.944)
(-0.1072111 10.12698 5254.656)
(-0.09735462 10.13755 5254.026)
(-0.08890536 10.07392 5252.953)
(-0.07982521 9.941996 5251.643)
(-0.07168638 9.739017 5249.821)
(-0.06314717 9.472413 5247.876)
(-0.05521123 9.138578 5283.53)
(-0.04675046 8.427216 22982.62)
(0.00182199 -0.01472852 3016.859)
(-0.1029379 3.465425 5185.347)
(-0.09354014 3.451244 5184.605)
(-0.08441809 3.416076 5183.684)
(-0.07666144 3.357234 5182.274)
(-0.06832311 3.276572 5180.66)
(-0.06074489 3.173232 5178.651)
(-0.05273758 3.050195 5212.955)
(-0.04425919 2.804561 22644.17)
(0.002256979 -0.01160888 2977.793)
(0.004467121 -0.2398942 1758.53)
(-0.09231986 -3.450935 5185.378)
(-0.08310316 -3.415342 5184.331)
(-0.07441587 -3.356732 5183.037)
(-0.06713329 -3.275153 5181.277)
(-0.0592585 -3.173742 5179.415)
(-0.05203842 -3.049473 5213.641)
(-0.04329692 -2.804378 22649.91)
(0.002332269 0.01137563 2978.514)
(0.004843225 0.2396434 1759.414)
(0.004805455 0.3861146 893.531)
(-0.08430109 -10.05542 5255.267)
(-0.0749829 -9.92562 5253.81)
(-0.06646575 -9.728272 5252.101)
(-0.05949784 -9.460729 5250.025)
(-0.05185605 -9.12899 5286.017)
(-0.04363492 -8.416733 22998.68)
(0.002352541 0.0132013 3019.315)
(0.004984686 0.6871209 1784.164)
(0.005172461 1.125254 907.4346)
(0.004671856 1.399182 432.0101)
(-0.07868732 -15.72454 5396.801)
(-0.06909118 -15.54665 5394.87)
(-0.06047175 -15.25232 5392.777)
(-0.05342768 -14.83505 5431.952)
(-0.04454095 -13.75901 23707.46)
(0.002458059 -0.03997287 3101.242)
(0.005118658 1.035047 1833.976)
(0.005404775 1.752808 935.2056)
(0.005048675 2.208874 446.4412)
(0.004654277 2.430342 132.0953)
(-0.07593778 -19.2846 5610.027)
(-0.06585267 -19.18787 5607.669)
(-0.05681235 -18.91842 5652.293)
(-0.04775179 -17.71128 24786.13)
(0.002650088 -0.1540164 3225.172)
(0.005448454 1.204007 1909.385)
(0.005694133 2.154698 977.6566)
(0.005381643 2.773645 468.487)
(0.005090222 3.078395 138.9616)
(-0.07658295 -19.14305 5883.764)
(-0.06590583 -19.26857 5935.62)
(-0.05411553 -18.30921 26194.21)
(0.002831869 -0.2849348 3385.304)
(0.005936352 1.127031 2008.031)
(0.006204112 2.1881 1033.46)
(0.005818526 2.903675 497.7595)
(0.005545457 3.26164 148.0765)
(-0.07957117 -15.0778 6242.323)
(-0.06588051 -14.6496 27739.05)
(0.002855062 -0.3538944 3560.436)
(0.006427788 0.8196496 2117.197)
(0.00681255 1.788731 1096.069)
(0.006423164 2.467423 530.7288)
(0.006084613 2.813703 158.418)
(-0.07790622 -8.959083 29066.27)
(0.002674774 -0.3203174 3710.907)
(0.006714364 0.4639177 2212.565)
(0.007301156 1.188507 1151.15)
(0.006953798 1.717273 560.0144)
(0.006636576 1.990591 167.5978)
(0.002522596 -0.2232441 3820.53)
(0.006914062 0.2241979 2282.842)
(0.007587281 0.691996 1192.278)
(0.007354809 1.045046 581.9103)
(0.007049176 1.230876 174.5097)
(0.007031202 0.09535181 2327.804)
(0.007795991 0.348528 1218.659)
(0.007512102 0.5457328 596.1155)
(0.007269877 0.6500532 178.9802)
(0.007802183 0.105294 1231.887)
(0.007583097 0.1680043 603.1998)
(0.007293226 0.2014598 181.2426)
(-0.06380919 -0.8899969 365.2457)
(-0.06308346 -0.8572854 1134.4)
(-0.06088601 -0.7839985 2043.075)
(-0.05530176 -0.6521932 3289.587)
(-0.04379411 -0.4165642 4355.043)
(-0.2894068 -1.397381 25996.32)
(-0.265351 -1.060936 6706.176)
(-0.2494958 -0.7768832 6760.604)
(-0.2343332 -0.5118928 6762.277)
(-0.061989 -2.637169 362.035)
(-0.06172168 -2.537655 1124.438)
(-0.05894583 -2.311128 2025.56)
(-0.05364936 -1.912057 3262.259)
(-0.04237772 -1.194938 4321.541)
(-0.2779407 -3.568032 25805.15)
(-0.2536015 -2.579212 6656.37)
(-0.2385901 -1.744906 6710.064)
(-0.2231722 -0.9572244 6711.565)
(-0.2085174 -0.2314729 6712.306)
(-0.05866718 -4.069119 1102.755)
(-0.05652414 -3.690533 1987.144)
(-0.0509517 -3.00682 3202.893)
(-0.04023196 -1.79207 4248.905)
(-0.2591554 -3.699886 25394.16)
(-0.2364228 -2.17899 6549.077)
(-0.2209212 -0.829583 6601.554)
(-0.2065632 0.4154021 6602.499)
(-0.1918378 1.568157 6602.886)
(-0.1781012 2.607877 6602.425)
(-0.05286 -4.66134 1924.912)
(-0.04796914 -3.720914 3106.152)
(-0.0371576 -2.024088 4130.656)
(-0.2346929 -0.5028668 24725.97)
(-0.2126978 1.341979 6374.546)
(-0.1985522 3.042232 6424.836)
(-0.184009 4.612207 6425.27)
(-0.1706091 6.023528 6424.987)
(-0.1568937 7.284486 6424.109)
(-0.1445556 8.374356 6422.455)
(-0.0439603 -3.700115 2971.501)
(-0.03405005 -1.702801 3964.781)
(-0.2050825 6.240574 23793.82)
(-0.1857943 7.952206 6129.562)
(-0.171645 9.702664 6176.966)
(-0.1588116 11.25713 6176.644)
(-0.145652 12.62762 6175.941)
(-0.1334927 13.79138 6174.47)
(-0.1211215 14.75365 6172.535)
(-0.1108642 15.49732 6170.11)
(-0.03031215 -0.8409863 3768.583)
(-0.1769011 13.61802 22698.13)
(-0.15833 14.75441 5839.323)
(-0.1462761 16.07977 5882.941)
(-0.1335527 17.22157 5882.339)
(-0.1224817 18.15422 5881.17)
(-0.1109753 18.88768 5879.63)
(-0.1002646 19.40687 5877.431)
(-0.08951997 19.71839 5875.041)
(-0.08187621 19.80792 5926.374)
(-0.1534779 17.10169 21692.57)
(-0.1379055 17.53963 5569.71)
(-0.1260784 18.28036 5609.781)
(-0.1155182 18.84577 5608.98)
(-0.1044567 19.24592 5607.906)
(-0.09491264 19.46997 5606.242)
(-0.08491133 19.52736 5604.298)
(-0.07553844 19.40938 5601.909)
(-0.0663006 19.12275 5646.188)
(-0.05945929 17.89596 24745.99)
(-0.123692 15.33254 5359.815)
(-0.1133491 15.62732 5396.661)
(-0.1029468 15.80793 5396.002)
(-0.09383174 15.86167 5394.872)
(-0.08417489 15.79575 5393.464)
(-0.07569444 15.60758 5391.524)
(-0.06684145 15.30549 5389.46)
(-0.05848366 14.88411 5428.414)
(-0.04918554 13.80688 23683.61)
(0.001987808 0.03762293 3097.822)
(-0.1055322 10.12035 5255.474)
(-0.09589185 10.12745 5254.703)
(-0.08655701 10.06832 5253.753)
(-0.07854912 9.935996 5252.299)
(-0.06992442 9.735939 5250.629)
(-0.06218338 9.466627 5248.553)
(-0.05407032 9.134381 5284.427)
(-0.04527558 8.423575 22987.83)
(0.002326239 -0.01402664 3017.701)
(0.004597398 -0.6883973 1782.436)
(-0.09225774 3.450809 5185.378)
(-0.08309256 3.413845 5184.326)
(-0.07446746 3.356339 5183.036)
(-0.0671375 3.275637 5181.278)
(-0.05924244 3.17352 5179.414)
(-0.05203861 3.049148 5213.641)
(-0.04329445 2.804169 22649.91)
(0.002331887 -0.01142275 2978.514)
(0.004842128 -0.2396486 1759.414)
(0.004805045 -0.3861161 893.531)
(-0.08218345 -3.41398 5185.105)
(-0.07320842 -3.356219 5183.69)
(-0.06500418 -3.27545 5182.045)
(-0.05814521 -3.17249 5180.035)
(-0.05070632 -3.049977 5214.457)
(-0.0427252 -2.803711 22654.53)
(0.002301965 0.01126161 2979.345)
(0.004879244 0.2394153 1760.199)
(0.005053911 0.3859752 894.1551)
(0.004563705 0.4769227 425.1688)
(-0.07442537 -9.921029 5254.63)
(-0.06536145 -9.723618 5252.81)
(-0.057328 -9.45943 5250.843)
(-0.05079204 -9.126214 5286.723)
(-0.04243309 -8.416216 23004.43)
(0.002343609 0.01269004 3020.026)
(0.004906759 0.686774 1785.087)
(0.005184381 1.124879 908.0044)
(0.004830491 1.399055 432.382)
(0.004445397 1.531053 127.7422)
(-0.0687956 -15.53168 5395.779)
(-0.05948252 -15.23725 5393.58)
(-0.05135726 -14.826 5432.922)
(-0.04349021 -13.75107 23712.75)
(0.002482152 -0.04077259 3102.145)
(0.00509862 1.033942 1834.805)
(0.005330693 1.75236 935.8866)
(0.005046281 2.20858 446.7905)
(0.004765769 2.430304 132.2235)
(-0.06574749 -19.1508 5608.697)
(-0.05597877 -18.88358 5653.274)
(-0.0459797 -17.68454 24793.31)
(0.002694485 -0.1550769 3226.042)
(0.005451073 1.20248 1910.436)
(0.005681712 2.153298 978.2947)
(0.005325863 2.773115 468.9126)
(0.005083671 3.077984 139.0853)
(-0.06582485 -19.20261 5936.827)
(-0.053566 -18.2478 26201.36)
(0.002870733 -0.2846566 3386.441)
(0.005942448 1.124874 2009.061)
(0.006207752 2.186387 1034.274)
(0.005817596 2.902057 498.1734)
(0.005505099 3.260882 148.2299)
(-0.06544151 -14.57009 27747.3)
(0.002817742 -0.352177 3561.543)
(0.006382634 0.8185677 2118.489)
(0.006795289 1.78663 1096.874)
(0.006415848 2.46595 531.252)
(0.006091051 2.811934 158.5705)
(0.002607479 -0.3185855 3712.197)
(0.006648162 0.4631845 2213.783)
(0.007209373 1.187298 1152.118)
(0.006925255 1.715354 560.524)
(0.006613931 1.989361 167.7832)
(0.006813754 0.2236206 2284.27)
(0.00752278 0.6905263 1193.184)
(0.007243659 1.044184 582.5029)
(0.007014468 1.22946 174.6888)
(0.007702853 0.3479163 1219.695)
(0.007473162 0.5448969 596.6659)
(0.007182294 0.6496295 179.1799)
(0.007497946 0.1678463 603.8108)
(0.007259774 0.201308 181.4252)
(-0.06266312 -0.8902395 365.4769)
(-0.06236771 -0.8581182 1135.033)
(-0.05962192 -0.7846896 2044.243)
(-0.05432737 -0.6533599 3291.066)
(-0.04306345 -0.4179357 4356.307)
(-0.2849492 -1.420049 26001.23)
(-0.2602996 -1.0802 6707.34)
(-0.2451079 -0.7982364 6761.626)
(-0.2295221 -0.5311304 6763.36)
(-0.2146513 -0.2840672 6764.323)
(-0.0605749 -2.540127 1125.138)
(-0.05829869 -2.316899 2026.623)
(-0.05254115 -1.914414 3263.829)
(-0.04165676 -1.200359 4322.727)
(-0.2730923 -3.624723 25810.5)
(-0.2496611 -2.643069 6657.487)
(-0.2338483 -1.801125 6711.232)
(-0.2190801 -1.01885 6712.623)
(-0.2040008 -0.2874528 6713.431)
(-0.189708 0.3788544 6713.359)
(-0.05537193 -3.694597 1988.305)
(-0.05028121 -3.016583 3204.296)
(-0.03934549 -1.798135 4250.157)
(-0.2552058 -3.805954 25399.17)
(-0.2321616 -2.267843 6550.315)
(-0.2173868 -0.9288987 6602.682)
(-0.202195 0.3267051 6603.698)
(-0.1881695 1.473065 6603.982)
(-0.1738387 2.519747 6603.595)
(-0.1605636 3.447978 6602.395)
(-0.04688132 -3.724998 3107.715)
(-0.03669012 -2.03498 4131.752)
(-0.2302167 -0.6152802 24731.04)
(-0.2095876 1.214692 6375.666)
(-0.1947721 2.929913 6426.068)
(-0.1809159 4.491936 6426.385)
(-0.1667777 5.913167 6426.213)
(-0.1537608 7.169446 6425.215)
(-0.1405115 8.265667 6423.661)
(-0.12873 9.184197 6421.585)
(-0.03321003 -1.70931 3966.015)
(-0.2027164 6.10658 23798.06)
(-0.1822923 7.839101 6130.726)
(-0.1692532 9.575485 6178.062)
(-0.1554033 11.14463 6177.865)
(-0.1430189 12.51099 6177.013)
(-0.1303513 13.68321 6175.682)
(-0.1186281 14.64281 6173.618)
(-0.1067838 15.39302 6171.314)
(-0.09715354 15.9172 6230.964)
(-0.1735325 13.526 22702.4)
(-0.1564302 14.6527 5840.281)
(-0.1434462 15.9925 5884.032)
(-0.1317067 17.12802 5883.354)
(-0.1194138 18.07237 5882.308)
(-0.1088595 18.80334 5880.605)
(-0.09787972 19.32955 5878.565)
(-0.08762541 19.63932 5876.047)
(-0.07742098 19.73568 5927.568)
(-0.06795823 18.72906 26140.94)
(-0.1354793 17.48747 5570.714)
(-0.1243696 18.22178 5610.633)
(-0.1130773 18.79788 5609.968)
(-0.1029263 19.19763 5608.787)
(-0.09234659 19.42834 5607.253)
(-0.08329478 19.48302 5605.157)
(-0.07380029 19.37046 5602.928)
(-0.06486046 19.08179 5647.145)
(-0.05439506 17.86347 24753.2)
(0.002176414 0.1522033 3220.374)
(-0.11152 15.60576 5397.567)
(-0.1013907 15.78176 5396.756)
(-0.09153297 15.84304 5395.755)
(-0.08285867 15.77808 5394.215)
(-0.07367767 15.59324 5392.419)
(-0.06563534 15.28843 5390.214)
(-0.05724466 14.86987 5429.385)
(-0.04789322 13.79204 23689.31)
(0.00243741 0.03838021 3098.736)
(0.004861969 -1.03766 1831.159)
(-0.09454282 10.12196 5255.527)
(-0.08514265 10.05958 5254.437)
(-0.07632619 9.931434 5253.103)
(-0.06875506 9.731432 5251.289)
(-0.06058389 9.464641 5249.364)
(-0.05323548 9.129776 5285.151)
(-0.04433719 8.420013 22993.81)
(0.002386556 -0.01355374 3018.454)
(0.004959544 -0.6877169 1783.352)
(0.004927854 -1.125653 906.7903)
(-0.08211081 3.413898 5185.106)
(-0.07319632 3.354471 5183.684)
(-0.06506158 3.275044 5182.044)
(-0.05814971 3.172994 5180.036)
(-0.05068916 3.049756 5214.456)
(-0.04272526 2.803368 22654.53)
(0.00230209 -0.01128344 2979.345)
(0.00487887 -0.2394592 1760.198)
(0.005053027 -0.3859793 894.1551)
(0.004563373 -0.4769241 425.1688)
(-0.07257286 -3.355037 5184.469)
(-0.06385635 -3.275498 5182.703)
(-0.05612717 -3.173111 5180.806)
(-0.04967761 -3.049094 5215.121)
(-0.04156582 -2.80435 22659.99)
(0.00228143 0.01108529 2980.026)
(0.004805836 0.2393156 1761.096)
(0.005076658 0.3858344 894.7066)
(0.004722779 0.4768804 425.5294)
(0.004347159 0.5205268 125.6241)
(-0.06508011 -9.719957 5253.635)
(-0.05628864 -9.456206 5251.558)
(-0.04872807 -9.125938 5287.595)
(-0.04147486 -8.414425 23009.14)
(0.002352682 0.01206946 3020.86)
(0.004871507 0.6861605 1785.86)
(0.005108239 1.124741 908.6507)
(0.004839833 1.398909 432.7108)
(0.004561087 1.531081 127.8631)
(-0.05945299 -15.22419 5394.494)
(-0.05044021 -14.81344 5433.777)
(-0.04159058 -13.74374 23719.1)
(0.002522404 -0.04189735 3102.906)
(0.005078181 1.032897 1835.764)
(0.005307787 1.751531 936.4673)
(0.004981509 2.208478 447.183)
(0.004764649 2.430213 132.337)
(-0.0561331 -18.84967 5654.367)
(-0.04525062 -17.65422 24799.62)
(0.002758347 -0.1556842 3227.054)
(0.005466699 1.200432 1911.342)
(0.005670599 2.152069 979.0261)
(0.005314095 2.772149 469.2808)
(0.005032823 3.077736 139.2236)
(-0.05372438 -18.18818 26209.15)
(0.002855547 -0.2842653 3387.444)
(0.005931494 1.123387 2010.23)
(0.006206306 2.184234 1034.989)
(0.005814953 2.900789 498.6429)
(0.005503871 3.259579 148.3647)
(0.002688347 -0.3506222 3562.753)
(0.006318972 0.8175897 2119.623)
(0.006742115 1.785177 1097.772)
(0.006399851 2.464089 531.7166)
(0.006082438 2.810703 158.7409)
(0.006517696 0.4625107 2215.139)
(0.007145615 1.185915 1152.968)
(0.006842448 1.714177 561.0849)
(0.006588051 1.987607 167.9495)
(0.007415337 0.6894772 1194.183)
(0.007186856 1.042727 583.0287)
(0.00691279 1.22864 174.8824)
(0.007384375 0.544249 597.2683)
(0.007146019 0.6488247 179.36)
(0.007178766 0.2011487 181.6252)
(-0.06124666 -0.8584203 1135.728)
(-0.05894196 -0.7856425 2045.296)
(-0.05320874 -0.654256 3292.625)
(-0.04232676 -0.4195345 4357.474)
(-0.2799316 -1.439185 26006.56)
(-0.2562426 -1.101855 6708.45)
(-0.2402963 -0.8172874 6762.788)
(-0.2253312 -0.5520005 6764.41)
(-0.2100774 -0.3030224 6765.434)
(-0.1955423 -0.07508247 6765.567)
(-0.05721502 -2.319611 2027.788)
(-0.05195665 -1.920256 3265.254)
(-0.04081465 -1.203994 4323.957)
(-0.2688315 -3.68992 25815.55)
(-0.2452363 -2.698157 6658.703)
(-0.2301412 -1.863772 6712.349)
(-0.2145694 -1.074131 6713.819)
(-0.2001063 -0.3474785 6714.514)
(-0.1854079 0.3240401 6714.51)
(-0.1715217 0.927096 6713.659)
(-0.04926329 -3.021399 3205.853)
(-0.03883432 -1.808007 4251.265)
(-0.250265 -3.893051 25404.39)
(-0.2286732 -2.368564 6551.479)
(-0.2133757 -1.017051 6603.919)
(-0.1988446 0.2302819 6604.851)
(-0.1840241 1.386186 6605.207)
(-0.1703724 2.427816 6604.713)
(-0.1564799 3.362232 6603.587)
(-0.1437074 4.17266 6601.924)
(-0.03589329 -2.04188 4132.985)
(-0.2274556 -0.744088 24735.52)
(-0.2056492 1.106111 6376.862)
(-0.1919615 2.805896 6427.192)
(-0.1773679 4.381586 6427.639)
(-0.1638604 5.79756 6427.349)
(-0.1501678 7.062186 6426.463)
(-0.1375749 8.15548 6424.785)
(-0.1248318 9.079459 6422.81)
(-0.1136245 9.817552 6489.789)
(-0.1987816 5.992637 23802.85)
(-0.1801661 7.711582 6131.77)
(-0.1660786 9.464167 6179.231)
(-0.1532665 11.02181 6178.979)
(-0.1397759 12.40205 6178.252)
(-0.1278717 13.57241 6176.77)
(-0.1157277 14.53923 6174.846)
(-0.1044741 15.28819 6172.41)
(-0.09317563 15.81825 6232.24)
(-0.080916 15.32581 27673.74)
(-0.1536331 14.56403 5841.394)
(-0.1416357 15.89477 5885.003)
(-0.1291396 17.04373 5884.459)
(-0.1177605 17.98421 5883.336)
(-0.1059291 18.72593 5881.755)
(-0.09590666 19.25092 5879.55)
(-0.08547071 19.56681 5877.19)
(-0.07568581 19.66226 5928.638)
(-0.06373659 18.66391 26148.91)
(0.00230393 0.2865281 3378.911)
(-0.1223427 18.17159 5611.654)
(-0.11142 18.74304 5610.832)
(-0.1006844 19.15267 5609.784)
(-0.09095951 19.38468 5608.142)
(-0.08087543 19.44502 5606.175)
(-0.07231889 19.33029 5603.793)
(-0.06333131 19.04637 5648.231)
(-0.05312817 17.82709 24759.55)
(0.002546626 0.1524326 3221.388)
(0.005248102 -1.20916 1905.398)
(-0.09990215 15.76207 5397.671)
(-0.09002169 15.81943 5396.517)
(-0.08070879 15.76149 5395.103)
(-0.07247705 15.57854 5393.176)
(-0.06377388 15.27628 5391.114)
(-0.05616389 14.85523 5430.19)
(-0.04686719 13.77957 23695.76)
(0.002476493 0.03881381 3099.549)
(0.005186585 -1.036645 1832.136)
(0.005183879 -1.754099 933.9156)
(-0.08409908 10.05527 5255.267)
(-0.07495897 9.924051 5253.794)
(-0.06665456 9.727917 5252.098)
(-0.05951295 9.461558 5250.028)
(-0.05178803 9.128828 5286.016)
(-0.04363525 8.416355 22998.66)
(0.002352579 -0.01322305 3019.314)
(0.004983555 -0.6871548 1784.163)
(0.005169895 -1.125258 907.4346)
(0.004670866 -1.399184 432.01)
(-0.07249108 3.354995 5184.469)
(-0.06384294 3.273534 5182.698)
(-0.05618943 3.172695 5180.805)
(-0.04968233 3.049615 5215.122)
(-0.04154832 2.804136 22659.99)
(0.002281519 -0.01113084 2980.026)
(0.004805882 -0.2393358 1761.096)
(0.005076335 -0.3858701 894.7064)
(0.004722064 -0.4768837 425.5293)
(0.004346866 -0.5205281 125.6241)
(-0.06347991 -3.274508 5183.486)
(-0.0550364 -3.173677 5181.469)
(-0.04776959 -3.050018 5215.943)
(-0.04063987 -2.803738 22664.45)
(0.00228788 0.01085386 2980.826)
(0.004761122 0.2391242 1761.844)
(0.005004021 0.3858103 895.3364)
(0.004740445 0.4768237 425.8478)
(0.004460987 0.5205386 125.7413)
(-0.05625626 -9.453467 5252.387)
(-0.04775033 -9.124052 5288.358)
(-0.03957253 -8.414769 23014.9)
(0.002386785 0.01138633 3021.55)
(0.004839112 0.6855496 1786.761)
(0.005073779 1.124334 909.1952)
(0.004773528 1.398983 433.0834)
(0.004569923 1.531068 127.9699)
(-0.05064764 -14.80227 5434.75)
(-0.04076454 -13.73345 23724.63)
(0.002605136 -0.04278173 3103.813)
(0.005091877 1.031421 1836.576)
(0.005279345 1.750835 937.1382)
(0.004961547 2.208005 447.5183)
(0.004706206 2.430321 132.4646)
(-0.04561296 -17.62395 24806.7)
(0.002773526 -0.1562673 3227.938)
(0.005481491 1.198983 1912.392)
(0.005677689 2.150318 979.6571)
(0.005300249 2.771402 469.7024)
(0.005022301 3.077058 139.3434)
(0.002687849 -0.2834623 3388.552)
(0.005894815 1.121805 2011.248)
(0.006182978 2.18275 1035.799)
(0.005812422 2.899076 499.0547)
(0.005499425 3.258633 148.5174)
(0.006137918 0.8167558 2120.881)
(0.006683426 1.783692 1098.558)
(0.006349788 2.462846 532.2348)
(0.006068063 2.809082 158.8923)
(0.007014807 1.184712 1153.915)
(0.006787414 1.712788 561.5775)
(0.006511887 1.986548 168.1325)
(0.007086592 1.041671 583.6092)
(0.006861336 1.227273 175.0543)
(0.007061808 0.6482043 179.5571)
(-0.05788073 -0.7860764 2046.452)
(-0.05259537 -0.655422 3294.034)
(-0.04147331 -0.420822 4358.695)
(-0.2755239 -1.460756 26011.54)
(-0.2516904 -1.120441 6709.653)
(-0.2364898 -0.83853 6763.897)
(-0.2207542 -0.5707584 6765.6)
(-0.2060781 -0.3233386 6766.509)
(-0.191198 -0.09366418 6766.704)
(-0.1770441 0.113894 6766.039)
(-0.05099044 -1.923403 3266.814)
(-0.04034538 -1.210024 4325.088)
(-0.2637224 -3.74353 25820.74)
(-0.2414632 -2.760802 6659.858)
(-0.2259785 -1.918677 6713.564)
(-0.2110869 -1.13535 6714.962)
(-0.1958211 -0.4015823 6715.737)
(-0.1817051 0.265837 6715.617)
(-0.1674309 0.8737196 6714.836)
(-0.1539963 1.409623 6713.495)
(-0.0380626 -1.814324 4252.496)
(-0.2471737 -3.995868 25409.05)
(-0.2243432 -2.453039 6552.679)
(-0.2102125 -1.115245 6605.084)
(-0.1950759 0.1432705 6606.113)
(-0.1808512 1.292982 6606.382)
(-0.1664444 2.343179 6605.963)
(-0.153208 3.273809 6604.727)
(-0.139797 4.089741 6603.138)
(-0.1275478 4.775092 6675.421)
(-0.2230832 -0.8521212 24740.56)
(-0.2031966 0.983103 6377.917)
(-0.1884083 2.698397 6428.389)
(-0.1748417 4.261325 6428.785)
(-0.1605361 5.689771 6428.625)
(-0.147419 6.951642 6427.618)
(-0.1342115 8.051873 6426.053)
(-0.1220817 8.974527 6423.951)
(-0.1098676 9.71729 6491.082)
(-0.0951043 9.724615 28991.39)
(-0.1768242 7.600989 6132.94)
(-0.1641099 9.339782 6180.282)
(-0.1504042 10.91297 6180.167)
(-0.1378778 12.28413 6179.384)
(-0.1247902 13.46762 6178.026)
(-0.1133944 14.43461 6175.948)
(-0.1018023 15.18968 6173.652)
(-0.09103741 15.71973 6233.402)
(-0.0771957 15.23613 27682.21)
(0.002307624 0.3626947 3552.069)
(-0.1392875 15.80765 5886.127)
(-0.1274135 16.95042 5885.445)
(-0.1154419 17.9034 5884.454)
(-0.1044543 18.64343 5882.795)
(-0.0931123 19.17827 5880.71)
(-0.08363208 19.49402 5878.184)
(-0.07374574 19.59474 5929.852)
(-0.06220155 18.59824 26155.99)
(0.002598672 0.2857429 3380.038)
(0.005718946 -1.134852 2002.421)
(-0.1097668 18.69522 5611.863)
(-0.09907691 19.10176 5610.658)
(-0.08890607 19.3429 5609.147)
(-0.07962049 19.406 5607.072)
(-0.07004197 19.29596 5604.817)
(-0.06197514 19.01032 5649.152)
(-0.05183024 17.79562 24766.73)
(0.002576256 0.1525114 3222.286)
(0.005515766 -1.207986 1906.466)
(0.0055781 -2.157661 975.514)
(-0.08884925 15.80173 5397.439)
(-0.07924175 15.74045 5395.873)
(-0.0704703 15.56403 5394.07)
(-0.06267973 15.26443 5391.875)
(-0.05444981 14.8452 5431.149)
(-0.04592678 13.76719 23701.12)
(0.002447054 0.03924516 3100.468)
(0.005191533 -1.035794 1833)
(0.005404391 -1.753432 934.5999)
(0.004898393 -2.20915 446.0465)
(-0.07419657 9.920924 5254.63)
(-0.06533379 9.721861 5252.794)
(-0.05753226 9.459066 5250.841)
(-0.05080773 9.12708 5286.726)
(-0.04236398 8.41606 23004.42)
(0.002343882 -0.01273867 3020.024)
(0.004906613 -0.6867946 1785.086)
(0.005183402 -1.124907 908.0036)
(0.004828413 -1.399059 432.382)
(0.004444526 -1.531055 127.7422)
(-0.06339035 3.274505 5183.487)
(-0.05502189 3.171532 5181.463)
(-0.04783574 3.049595 5215.943)
(-0.04064462 2.804255 22664.45)
(0.002289909 -0.0108721 2980.826)
(0.004761248 -0.2391692 1761.844)
(0.00500402 -0.3858273 895.3363)
(0.004740168 -0.4768528 425.8476)
(0.004460361 -0.5205416 125.7413)
(-0.05489443 -3.172886 5182.256)
(-0.04673381 -3.051052 5216.651)
(-0.03888959 -2.804801 22669.9)
(0.00231987 0.0106713 2981.486)
(0.004726906 0.2389238 1762.716)
(0.004962401 0.3856923 895.864)
(0.004676802 0.4768707 426.211)
(0.004476854 0.5205301 125.8448)
(-0.04794006 -9.122206 5289.242)
(-0.03867796 -8.413863 23019.87)
(0.002473168 0.01069254 3022.386)
(0.004848375 0.6847796 1787.513)
(0.005036422 1.123987 909.8277)
(0.004744632 1.398799 433.3981)
(0.004510177 1.531266 128.0909)
(-0.04116043 -13.72392 23730.97)
(0.002636783 -0.04364865 3104.599)
(0.005124877 1.030313 1837.534)
(0.005285547 1.749709 937.7064)
(0.004934505 2.207701 447.9052)
(0.004688623 2.430066 132.5736)
(0.002604265 -0.1563995 3228.94)
(0.005476009 1.197371 1913.298)
(0.005676211 2.149159 980.3874)
(0.005304953 2.770155 470.0662)
(0.005008429 3.076619 139.4805)
(0.005688251 1.120863 2012.394)
(0.006148462 2.181067 1036.504)
(0.005787607 2.897997 499.5219)
(0.005497121 3.257243 148.6514)
(0.006514506 1.782472 1099.434)
(0.006300513 2.461489 532.6887)
(0.006021278 2.808056 159.0611)
(0.006668815 1.711632 562.1262)
(0.006462558 1.98526 168.2934)
(0.006767108 1.226288 175.2441)
(-0.05164573 -0.6560945 3295.581)
(-0.04098263 -0.4223904 4359.808)
(-0.2702895 -1.478926 26016.71)
(-0.2477801 -1.141365 6710.782)
(-0.2322353 -0.8570455 6765.097)
(-0.2171889 -0.5915175 6766.735)
(-0.2017303 -0.3417231 6767.727)
(-0.1873856 -0.1133548 6767.804)
(-0.1729219 0.09577735 6767.203)
(-0.1591955 0.2816526 6766.035)
(-0.03959555 -1.21404 4326.324)
(-0.2605342 -3.807613 25825.56)
(-0.2369206 -2.813017 6661.035)
(-0.2225478 -1.980478 6714.718)
(-0.2071786 -1.189804 6716.203)
(-0.1925545 -0.4611564 6716.905)
(-0.1776406 0.2131509 6716.867)
(-0.1639144 0.8175595 6715.965)
(-0.1501077 1.35795 6714.695)
(-0.137148 1.822303 6790.243)
(-0.2425308 -4.080673 25414.21)
(-0.2215912 -2.550474 6553.753)
(-0.2063252 -1.199266 6606.283)
(-0.192223 0.04793318 6607.302)
(-0.1773169 1.207548 6607.67)
(-0.1634427 2.253513 6607.161)
(-0.1494923 3.191826 6606)
(-0.136712 4.005155 6604.298)
(-0.123806 4.695425 6676.696)
(-0.1071986 4.952351 29942.82)
(-0.1993714 0.8782038 6379.101)
(-0.1861673 2.577847 6429.448)
(-0.171657 4.155503 6430.005)
(-0.1582782 5.573727 6429.792)
(-0.1443099 6.846982 6428.917)
(-0.1316241 7.946754 6427.227)
(-0.1189395 8.875077 6425.238)
(-0.1072948 9.617968 6492.284)
(-0.09163785 9.633455 28999.89)
(0.002191892 0.3341701 3700.787)
(-0.1612222 9.229968 6181.457)
(-0.1485839 10.7923 6181.236)
(-0.1353117 12.1784 6180.589)
(-0.1231142 13.35505 6179.174)
(-0.1104712 14.33449 6177.221)
(-0.09960877 15.09151 6174.767)
(-0.08858227 15.62665 6234.717)
(-0.07529218 15.14768 27689.85)
(0.002550405 0.3608646 3553.303)
(0.006207969 -0.8282468 2109.793)
(-0.1254871 16.86549 5886.582)
(-0.1137959 17.8149 5885.453)
(-0.10237 18.56656 5883.925)
(-0.09180191 19.10163 5881.761)
(-0.08097276 19.42636 5879.354)
(-0.07203394 19.52785 5930.908)
(-0.06051965 18.53765 26163.99)
(0.002643314 0.2851647 3381.042)
(0.005930767 -1.133702 2003.6)
(0.006098657 -2.194441 1030.37)
(-0.09777118 19.05665 5611.698)
(-0.0873475 19.29604 5610.03)
(-0.07774522 19.36755 5608.085)
(-0.06890851 19.26152 5605.721)
(-0.05983698 18.97966 5650.242)
(-0.05062773 17.76414 24772.81)
(0.002566174 0.1527668 3223.297)
(0.005510462 -1.20681 1907.41)
(0.005763684 -2.156706 976.2586)
(0.005258979 -2.774844 467.6773)
(-0.07836084 15.72484 5396.802)
(-0.06904746 15.54556 5394.846)
(-0.06081065 15.25199 5392.774)
(-0.05345355 14.83606 5431.961)
(-0.04439736 13.75893 23707.45)
(0.002458978 0.03992444 3101.239)
(0.005117337 -1.035069 1833.976)
(0.005403029 -1.752819 935.2045)
(0.005045718 -2.208877 446.4412)
(0.004652961 -2.430343 132.0953)
(-0.06482849 9.719899 5253.635)
(-0.05625774 9.454292 5251.542)
(-0.04894464 9.125569 5287.593)
(-0.04149047 8.415291 23009.16)
(0.002360443 -0.01208308 3020.859)
(0.004871897 -0.6862079 1785.859)
(0.005108018 -1.124758 908.6504)
(0.004838989 -1.398932 432.7103)
(0.004559266 -1.531083 127.8631)
(-0.05479847 3.172917 5182.257)
(-0.04671839 3.048763 5216.646)
(-0.03895659 2.804384 22669.9)
(0.002319383 -0.0106196 2981.486)
(0.004728841 -0.2389388 1762.716)
(0.004962527 -0.3857303 895.8638)
(0.004676775 -0.4768852 426.2109)
(0.004476601 -0.5205556 125.8447)
(-0.04680204 -3.050462 5217.491)
(-0.03793281 -2.806118 22674.56)
(0.002392891 0.01039623 2982.286)
(0.004734572 0.2387252 1763.441)
(0.004923783 0.3855893 896.4777)
(0.00464241 0.4768271 426.516)
(0.004419324 0.5206178 125.9627)
(-0.03904542 -8.412589 23025.66)
(0.00251551 0.009932803 3023.104)
(0.00488542 0.6841075 1788.411)
(0.00503949 1.123452 910.3568)
(0.004710832 1.398706 433.7631)
(0.004484978 1.531214 128.1933)
(0.002475816 -0.04424918 3105.505)
(0.005136322 1.029065 1838.353)
(0.005299048 1.748967 938.3757)
(0.004938839 2.206988 448.2332)
(0.004663639 2.429998 132.6993)
(0.005275611 1.196386 1914.339)
(0.005668002 2.147756 981.0154)
(0.005298321 2.769468 470.487)
(0.005012591 3.075695 139.5988)
(0.005962818 2.180039 1037.3)
(0.005759015 2.896664 499.9279)
(0.005472976 3.256463 148.8034)
(0.006152865 2.460448 533.1954)
(0.005977828 2.806876 159.209)
(0.006352561 1.984227 168.4726)
(-0.04023879 -0.4235185 4361.031)
(-0.2669772 -1.499822 26021.47)
(-0.2431186 -1.159031 6711.946)
(-0.228673 -0.8778797 6766.225)
(-0.2132225 -0.6098765 6767.962)
(-0.1983967 -0.3619281 6768.887)
(-0.1832618 -0.131285 6769.048)
(-0.169292 0.07678349 6768.325)
(-0.1552879 0.2640911 6767.223)
(-0.1420128 0.4268352 6844.302)
(-0.2557628 -3.860236 25830.83)
(-0.2340314 -2.873968 6662.136)
(-0.2184011 -2.032631 6715.893)
(-0.2040758 -1.250524 6717.383)
(-0.1888923 -0.5148883 6718.172)
(-0.1745809 0.1554409 6718.058)
(-0.1600658 0.766528 6717.24)
(-0.1467726 1.304047 6715.845)
(-0.1334555 1.772596 6791.497)
(-0.1155709 2.030082 30533.24)
(-0.2174669 -2.632369 6554.94)
(-0.2038052 -1.294068 6607.358)
(-0.1887598 -0.03520592 6608.527)
(-0.1747582 1.11539 6608.882)
(-0.1601348 2.170089 6608.473)
(-0.1466561 3.106002 6607.219)
(-0.1332039 3.926215 6605.592)
(-0.1209014 4.614988 6677.911)
(-0.1037775 4.879866 29951.09)
(0.002039243 0.2370254 3808.608)
(-0.1827409 2.473471 6430.632)
(-0.1696163 4.03792 6431.084)
(-0.1554438 5.47016 6431.033)
(-0.1423039 6.735593 6430.103)
(-0.1287222 7.845758 6428.546)
(-0.1165068 8.775693 6426.428)
(-0.1043659 9.523133 6493.639)
(-0.08933203 9.544112 29007.7)
(0.002397681 0.3318435 3702.091)
(0.006599223 -0.4708741 2203.142)
(-0.1461265 10.68401 6182.429)
(-0.1336308 12.06198 6181.676)
(-0.1208278 13.25302 6180.397)
(-0.1090008 14.22767 6178.383)
(-0.0968411 14.99648 6176.055)
(-0.08652259 15.53515 6235.896)
(-0.07312727 15.06368 27698.45)
(0.0026174 0.3594906 3554.419)
(0.006378792 -0.8274028 2111.093)
(0.006690873 -1.797554 1091.72)
(-0.1122631 17.73275 5886.603)
(-0.1008002 18.48317 5884.936)
(-0.08993737 19.02905 5882.902)
(-0.07981309 19.35569 5880.415)
(-0.06950943 19.46533 5932.151)
(-0.05898226 18.47848 26170.91)
(0.00266063 0.2847096 3382.172)
(0.005934894 -1.132231 2004.651)
(0.006249051 -2.193189 1031.191)
(0.005754165 -2.906893 496.3903)
(-0.08636262 19.2539 5611.08)
(-0.07623537 19.32483 5608.976)
(-0.06720139 19.22649 5606.74)
(-0.05881493 18.94966 5651.203)
(-0.04868848 17.7374 24779.96)
(0.002599132 0.1533092 3224.162)
(0.005450799 -1.205638 1908.47)
(0.00575375 -2.155663 976.9171)
(0.00538723 -2.774316 468.1066)
(0.004988308 -3.078646 138.822)
(-0.06843358 15.53206 5395.781)
(-0.05943257 15.23604 5393.555)
(-0.05171715 14.82565 5432.918)
(-0.0435159 13.75209 23712.79)
(0.002498051 0.04076417 3102.144)
(0.005099674 -1.03399 1834.803)
(0.005329494 -1.752378 935.8861)
(0.005044778 -2.20859 446.7899)
(0.004763156 -2.430306 132.2235)
(-0.05598576 9.453451 5252.388)
(-0.04771673 9.122014 5288.341)
(-0.03979133 8.414407 23014.88)
(0.002385262 -0.01129917 3021.552)
(0.004846367 -0.685561 1786.761)
(0.005074171 -1.124374 909.1944)
(0.004773276 -1.398998 433.0832)
(0.004569153 -1.531088 127.9698)
(-0.04670103 3.050522 5217.492)
(-0.03791718 2.803794 22674.53)
(0.002385691 -0.0104345 2982.285)
(0.004734134 -0.2386789 1763.442)
(0.004925422 -0.3856012 896.4776)
(0.004642529 -0.476859 426.5159)
(0.004419284 -0.520631 125.9627)
(-0.03817378 -2.805635 22680.09)
(0.002443596 0.01002013 2982.965)
(0.004760601 0.2384843 1764.31)
(0.004925623 0.3854642 896.9896)
(0.004607701 0.4768117 426.8705)
(0.004389464 0.5206174 126.0619)
(0.00236365 0.009439367 3023.943)
(0.00490768 0.6832728 1789.172)
(0.00505653 1.123057 910.9867)
(0.004712876 1.398416 434.069)
(0.004454313 1.531266 128.3119)
(0.004948094 1.028233 1839.307)
(0.005305287 1.74802 938.9456)
(0.004944409 2.206652 448.6191)
(0.004667647 2.429533 132.806)
(0.00549028 2.14698 981.739)
(0.005291468 2.768496 470.8485)
(0.005004609 3.075309 139.7355)
(0.005600113 2.895957 500.3873)
(0.005448161 3.255403 148.9355)
(0.005843368 2.806031 159.3742)
(-0.2621408 -1.517164 26026.7)
(-0.2401208 -1.179285 6713.023)
(-0.2244101 -0.8954947 6767.387)
(-0.2099938 -0.6305318 6769.116)
(-0.1947079 -0.3800433 6770.141)
(-0.1801502 -0.1508644 6770.233)
(-0.1653876 0.05938809 6769.595)
(-0.1518367 0.2458635 6768.367)
(-0.1383135 0.4099187 6845.542)
(-0.1198276 0.5128575 30811.61)
(-0.2297556 -2.924822 6663.333)
(-0.2157022 -2.092158 6716.994)
(-0.2003108 -1.302357 6718.583)
(-0.1861016 -0.5742878 6719.375)
(-0.1711564 0.1027045 6719.35)
(-0.1572044 0.7108982 6718.453)
(-0.1431354 1.254898 6717.143)
(-0.1302977 1.721158 6792.698)
(-0.1122243 1.984857 30541.28)
(0.001916508 0.1324664 3875.912)
(-0.2000448 -1.375175 6608.544)
(-0.1864607 -0.1270734 6609.624)
(-0.1716988 1.03356 6610.13)
(-0.1578538 2.081426 6609.707)
(-0.1435664 3.025011 6608.554)
(-0.1305276 3.844513 6606.831)
(-0.1175971 4.539461 6679.268)
(-0.1011639 4.807374 29958.86)
(0.002226957 0.235016 3809.95)
(0.00686876 -0.2291117 2271.581)
(-0.166572 3.934679 6432.29)
(-0.1535918 5.356038 6432.133)
(-0.1398008 6.634841 6431.365)
(-0.1269509 7.739427 6429.751)
(-0.1138039 8.678847 6427.767)
(-0.1020819 9.429751 6494.892)
(-0.08672027 9.458221 29016.45)
(0.002492688 0.3301184 3703.289)
(0.006736302 -0.4704907 2204.537)
(0.007213427 -1.198274 1145.54)
(-0.1315784 11.95593 6182.886)
(-0.1192774 13.14136 6181.499)
(-0.1069768 14.12988 6179.622)
(-0.09555934 14.89575 6177.232)
(-0.08390837 15.44556 6237.258)
(-0.07126942 14.98221 27706.1)
(0.002671329 0.3581048 3555.666)
(0.006398227 -0.8260005 2112.267)
(0.006814241 -1.796243 1092.627)
(0.006341015 -2.473622 528.738)
(-0.09963196 18.40431 5886.099)
(-0.08844079 18.95102 5883.924)
(-0.07815399 19.28769 5881.566)
(-0.0684872 19.40066 5933.276)
(-0.05667684 18.42278 26179)
(0.002719345 0.2847445 3383.157)
(0.005896114 -1.130832 2005.827)
(0.006245228 -2.191598 1031.924)
(0.005862551 -2.905985 496.8643)
(0.005457973 -3.263257 147.7843)
(-0.0755445 19.28583 5610.033)
(-0.06574068 19.18792 5607.639)
(-0.05726632 18.91808 5652.287)
(-0.04779558 17.712 24786.21)
(0.002674001 0.1540056 3225.17)
(0.005450228 -1.204049 1909.382)
(0.005690876 -2.154718 977.6559)
(0.005379388 -2.773649 468.4864)
(0.005087463 -3.078399 138.9616)
(-0.05906141 15.22465 5394.496)
(-0.05038499 14.81214 5433.751)
(-0.04195396 13.74339 23719.08)
(0.002519903 0.04200295 3102.911)
(0.005092906 -1.032905 1835.764)
(0.005308756 -1.751571 936.466)
(0.004980448 -2.208493 447.1827)
(0.004763278 -2.430222 132.3368)
(-0.04765465 9.122227 5289.242)
(-0.03864329 8.411801 23019.78)
(0.002450005 -0.01072589 3022.385)
(0.004847038 -0.6847026 1787.514)
(0.00504245 -1.123997 909.8275)
(0.004745005 -1.398832 433.3976)
(0.004509914 -1.53128 128.0909)
(-0.0380722 2.805716 22680.09)
(0.002445345 -0.01027018 2982.961)
(0.004754078 -0.238517 1764.31)
(0.004925269 -0.3854261 896.9898)
(0.00460909 -0.4768212 426.8704)
(0.004389578 -0.5206459 126.0619)
(0.002306922 0.009921789 2983.773)
(0.004791044 0.2381163 1765.039)
(0.004934409 0.3853272 897.6004)
(0.004608756 0.476761 427.1666)
(0.004358059 0.5206512 126.1771)
(0.004730211 0.682793 1790.07)
(0.005072018 1.122473 911.5187)
(0.004721462 1.398284 434.4325)
(0.004456439 1.531119 128.4114)
(0.005139311 1.747509 939.612)
(0.004949687 2.206079 448.9474)
(0.004670382 2.429437 132.9314)
(0.005140588 2.768121 471.2655)
(0.00499903 3.074621 139.853)
(0.005305034 3.254951 149.085)
(-0.2357729 -1.196241 6714.204)
(-0.2216141 -0.9156485 6768.463)
(-0.206116 -0.6480139 6770.303)
(-0.1917975 -0.4004283 6771.319)
(-0.1767285 -0.1686465 6771.513)
(-0.1624883 0.04050547 6770.803)
(-0.1481472 0.2290814 6769.662)
(-0.1350381 0.3925262 6846.734)
(-0.116487 0.497453 30819.49)
(0.001845475 0.04179112 3907.794)
(-0.2117646 -2.142565 6718.189)
(-0.1977947 -1.360275 6719.708)
(-0.182703 -0.6255388 6720.6)
(-0.1686614 0.04486836 6720.577)
(-0.1540093 0.6594313 6719.771)
(-0.1404638 1.201557 6718.379)
(-0.1268685 1.674115 6794.054)
(-0.1093713 1.938399 30548.87)
(0.002082913 0.1311613 3877.274)
(0.007036091 -0.09710775 2314.707)
(-0.1830515 -0.2070026 6610.834)
(-0.1696089 0.9449184 6611.25)
(-0.1551765 2.001333 6610.978)
(-0.1415458 2.940143 6609.809)
(-0.1276483 3.766361 6608.189)
(-0.115076 4.462145 6680.564)
(-0.09819304 4.738947 29967.49)
(0.002344605 0.2333922 3811.205)
(0.006986401 -0.2289539 2273.042)
(0.00760421 -0.6998338 1185.299)
(-0.1509114 5.25453 6433.36)
(-0.1381257 6.524656 6432.484)
(-0.1247593 7.642017 6431.033)
(-0.1122502 8.577934 6428.989)
(-0.09957046 9.337495 6496.299)
(-0.08466665 9.374854 29024.46)
(0.002583758 0.3282367 3704.62)
(0.006777099 -0.4693988 2205.815)
(0.007311615 -1.197222 1146.518)
(0.006879533 -1.724722 557.2738)
(-0.1176032 13.03821 6182.726)
(-0.1055484 14.02341 6180.739)
(-0.09378059 14.80265 6178.485)
(-0.08279881 15.35118 6238.501)
(-0.0689015 14.90156 27714.89)
(0.002752215 0.3574197 3556.78)
(0.00638872 -0.8248031 2113.568)
(0.006821029 -1.794406 1093.447)
(0.006433431 -2.472474 529.2627)
(0.006025649 -2.817212 157.9216)
(-0.08760707 18.87588 5885.098)
(-0.07672803 19.21517 5882.597)
(-0.06701939 19.33741 5934.496)
(-0.05580808 18.36581 26186.25)
(0.002824703 0.2847199 3384.298)
(0.005916245 -1.128815 2006.854)
(0.006197887 -2.190166 1032.742)
(0.005858908 -2.904739 497.2875)
(0.005545149 -3.262622 147.9386)
(-0.06531689 19.15218 5608.704)
(-0.05585586 18.8836 5653.242)
(-0.04643904 17.6842 24793.28)
(0.002690088 0.1551612 3226.051)
(0.005473449 -1.202492 1910.435)
(0.005683318 -2.153333 978.2927)
(0.005323151 -2.773132 468.9122)
(0.005081612 -3.077988 139.0851)
(-0.05023247 14.80279 5434.752)
(-0.04070698 13.73213 23724.49)
(0.002566587 0.0427459 3103.811)
(0.005089674 -1.031327 1836.579)
(0.005291447 -1.750841 937.1379)
(0.004962412 -2.208037 447.5176)
(0.004705224 -2.430336 132.4645)
(-0.03875812 8.412638 23025.67)
(0.002519866 -0.01015189 3023.093)
(0.004864573 -0.6841361 1788.41)
(0.005038415 -1.123391 910.3576)
(0.00471585 -1.398714 433.763)
(0.004485335 -1.531244 128.1931)
(0.002317356 -0.009899267 2983.773)
(0.00479269 -0.2383418 1765.037)
(0.004929146 -0.3853533 897.6002)
(0.004608466 -0.4767293 427.1666)
(0.004359314 -0.5206596 126.1771)
(0.004627918 0.2380405 1765.911)
(0.004956818 0.3850694 898.1123)
(0.004611119 0.4767168 427.5193)
(0.004359311 0.5206438 126.2734)
(0.004915891 1.12224 912.148)
(0.004734563 1.397957 434.7393)
(0.004461894 1.531138 128.5295)
(0.004809425 2.205934 449.3316)
(0.004675664 2.429092 133.0381)
(0.004863744 3.074511 139.9886)
(-0.2175957 -0.9326443 6769.642)
(-0.203514 -0.6679817 6771.404)
(-0.1882895 -0.4176939 6772.532)
(-0.1741201 -0.1886667 6772.714)
(-0.1593226 0.02314625 6772.109)
(-0.1454505 0.2109651 6770.892)
(-0.1315599 0.3764351 6848.083)
(-0.1135227 0.4817522 30826.98)
(0.002004041 0.0413253 3909.164)
(0.007110977 -0.02612157 2335.269)
(-0.1941852 -1.410012 6720.928)
(-0.1803618 -0.6816654 6721.749)
(-0.1656126 -0.005534064 6721.827)
(-0.1517927 0.6034009 6721.02)
(-0.1374896 1.151629 6719.72)
(-0.1243785 1.623269 6795.341)
(-0.1062885 1.895814 30557.38)
(0.002221298 0.1299854 3878.554)
(0.00713036 -0.09705366 2316.21)
(0.007859003 -0.3532204 1210.501)
(-0.1665371 0.8665528 6612.483)
(-0.1532838 1.916201 6612.119)
(-0.1392277 2.862207 6611.103)
(-0.1258704 3.685567 6609.464)
(-0.1123994 4.387217 6681.985)
(-0.09592372 4.669615 29975.64)
(0.002469812 0.2317637 3812.585)
(0.007045305 -0.2282999 2274.398)
(0.00768638 -0.6990613 1186.327)
(0.007294413 -1.052287 578.4515)
(-0.1357898 6.425468 6433.731)
(-0.1232491 7.53622 6432.169)
(-0.1103493 8.484351 6430.29)
(-0.09821697 9.242316 6497.584)
(-0.08243398 9.291402 29033.43)
(0.002673349 0.3271655 3705.837)
(0.0067992 -0.4686435 2207.22)
(0.007334196 -1.195527 1147.413)
(0.006954378 -1.723651 557.8412)
(0.006556029 -1.996123 166.8886)
(-0.1042248 13.92376 6181.982)
(-0.09246596 14.70175 6179.615)
(-0.08124779 15.26314 6239.825)
(-0.06798163 14.81711 27722.84)
(0.002854709 0.3562811 3558.049)
(0.006426019 -0.8227747 2114.728)
(0.006796048 -1.79283 1094.352)
(0.006437522 -2.470845 529.7366)
(0.006102717 -2.816262 158.0926)
(-0.07619844 19.14411 5883.783)
(-0.06566227 19.2705 5935.59)
(-0.05456042 18.30913 26194.17)
(0.00282602 0.2849606 3385.315)
(0.005965028 -1.127047 2008.03)
(0.006206226 -2.188127 1033.457)
(0.005814615 -2.903698 497.759)
(0.00554263 -3.26165 148.0763)
(-0.05567227 18.85117 5654.374)
(-0.04512362 17.65422 24799.44)
(0.002708415 0.1556425 3227.051)
(0.005462784 -1.200353 1911.348)
(0.005689034 -2.152078 979.0257)
(0.005315514 -2.772179 469.2798)
(0.005030405 -3.077752 139.2235)
(-0.0407417 13.72447 23730.98)
(0.002644431 0.04350348 3104.582)
(0.005090084 -1.030346 1837.533)
(0.005283769 -1.749634 937.7083)
(0.004944464 -2.207707 447.9051)
(0.004689429 -2.430095 132.5734)
(0.002393455 -0.009415089 3023.944)
(0.004911983 -0.6834695 1789.165)
(0.005039794 -1.12308 910.9862)
(0.004712001 -1.398366 434.0694)
(0.004458797 -1.531273 128.3119)
(0.004637172 -0.2380139 1765.911)
(0.004958201 -0.3852496 898.1109)
(0.004606862 -0.476738 427.5192)
(0.004359055 -0.5206154 126.2735)
(0.004812477 0.3850688 898.7242)
(0.004630045 0.4765619 427.8147)
(0.004359573 0.5206515 126.3881)
(0.00460301 1.39796 435.1024)
(0.004474227 1.530959 128.6292)
(0.004550267 2.429167 133.1629)
(-0.1998158 -0.6849325 6772.607)
(-0.1858733 -0.4373886 6773.656)
(-0.1709659 -0.2056305 6773.952)
(-0.1569993 0.003587176 6773.333)
(-0.1425296 0.1941175 6772.222)
(-0.1290566 0.3591544 6849.362)
(-0.1103977 0.4671678 30835.38)
(0.002152324 0.04092488 3910.455)
(0.00719581 -0.02612657 2336.79)
(0.007979799 -0.1066786 1222.563)
(-0.1770691 -0.730508 6722.993)
(-0.1634386 -0.05968647 6722.998)
(-0.1490762 0.5541152 6722.293)
(-0.1355334 1.097642 6720.99)
(-0.1216172 1.575145 6796.74)
(-0.1040732 1.849944 30565.37)
(0.002354379 0.1289526 3879.967)
(0.007207275 -0.09678533 2317.611)
(0.007921237 -0.3527535 1211.562)
(0.007569492 -0.5501528 591.9225)
(-0.1505343 1.839784 6613.375)
(-0.13752 2.780856 6612.264)
(-0.1238872 3.61019 6610.78)
(-0.1108461 4.310757 6683.318)
(-0.09354832 4.601601 29984.56)
(0.002573184 0.2305095 3813.877)
(0.007098413 -0.2278055 2275.875)
(0.007722796 -0.6978286 1187.28)
(0.007356962 -1.051424 579.0495)
(0.006970054 -1.236305 173.5584)
(-0.1212374 7.439911 6433.436)
(-0.1089922 8.383354 6431.443)
(-0.09658563 9.153004 6498.951)
(-0.08130919 9.206117 29041.55)
(0.002747564 0.3254461 3707.192)
(0.006841456 -0.4669326 2208.496)
(0.007334219 -1.194188 1148.394)
(0.006970514 -1.722015 558.3602)
(0.006619727 -1.995147 167.0739)
(-0.09146415 14.60614 6180.873)
(-0.08003927 15.16814 6241.018)
(-0.06668988 14.73762 27731.35)
(0.002841384 0.3552106 3559.192)
(0.006470314 -0.8213783 2116.036)
(0.006817467 -1.790478 1095.16)
(0.006410731 -2.469495 530.2601)
(0.006106581 -2.814856 158.2471)
(-0.06540605 19.20378 5936.847)
(-0.05331526 18.24972 26201.19)
(0.002819296 0.2846331 3386.437)
(0.005937092 -1.124842 2009.068)
(0.006231658 -2.186401 1034.274)
(0.005819491 -2.90208 498.1721)
(0.00550161 -3.260903 148.2298)
(-0.04514599 17.62548 24806.74)
(0.002789488 0.1562497 3227.918)
(0.005435811 -1.199023 1912.39)
(0.005674542 -2.150254 979.6603)
(0.005315415 -2.77141 469.7022)
(0.005023611 -3.077084 139.3431)
(0.002520166 0.04432462 3105.506)
(0.005144018 -1.029198 1838.342)
(0.005271094 -1.748993 938.3749)
(0.004937386 -2.206929 448.2343)
(0.004672469 -2.430004 132.6993)
(0.004756801 -0.6827629 1790.07)
(0.005075736 -1.12263 911.5145)
(0.004707985 -1.398303 434.4323)
(0.004455666 -1.531076 128.4115)
(0.00481985 -0.385044 898.7243)
(0.004631211 -0.476706 427.814)
(0.004355842 -0.5206703 126.388)
(0.004508142 0.4766305 428.168)
(0.004377144 0.5205546 126.4841)
(0.004356869 1.5311 128.7472)
(-0.1824851 -0.4542074 6774.885)
(-0.1687271 -0.2249621 6775.099)
(-0.1541816 -0.01298855 6774.595)
(-0.1404737 0.1751164 6773.467)
(-0.1263696 0.3429073 6850.747)
(-0.1081808 0.4515744 30843.27)
(0.002287575 0.04054611 3911.88)
(0.007281491 -0.02603663 2338.213)
(0.008033626 -0.1065364 1223.639)
(0.007702209 -0.1695449 598.384)
(-0.1604506 -0.1074071 6724.266)
(-0.1470614 0.5021165 6723.485)
(-0.1331307 1.049738 6722.286)
(-0.1199032 1.523439 6798.063)
(-0.1016288 1.806085 30574.04)
(0.002439821 0.1278425 3881.286)
(0.007267129 -0.09648073 2319.136)
(0.007971931 -0.3520735 1212.549)
(0.007615839 -0.549604 592.5404)
(0.007246578 -0.6539712 177.8084)
(-0.135077 2.706764 6613.541)
(-0.122352 3.53287 6611.959)
(-0.1091729 4.23833 6684.694)
(-0.09225741 4.533041 29992.84)
(0.002652387 0.2287965 3815.288)
(0.007150907 -0.2267893 2277.242)
(0.007748054 -0.6967886 1188.315)
(0.007383938 -1.050154 579.6033)
(0.007023637 -1.235477 173.754)
(-0.1072833 8.290444 6432.728)
(-0.09536998 9.057184 6500.162)
(-0.07998065 9.125194 29050.22)
(0.002732945 0.3240774 3708.417)
(0.006856403 -0.4660529 2209.909)
(0.007359041 -1.191978 1149.285)
(0.006963782 -1.720719 558.9286)
(0.006633796 -1.993651 167.2434)
(-0.07932981 15.07703 6242.347)
(-0.06562097 14.6522 27738.95)
(0.002817704 0.3539042 3560.431)
(0.006422365 -0.8197103 2117.204)
(0.006838973 -1.788745 1096.069)
(0.006425929 -2.46744 530.7272)
(0.006080633 -2.813735 158.4177)
(-0.05329551 18.18939 26209.27)
(0.002886467 0.2844467 3387.425)
(0.005883052 -1.123414 2010.227)
(0.006201957 -2.184206 1034.993)
(0.005834754 -2.900801 498.6426)
(0.005505636 -3.259599 148.3642)
(0.002655915 0.1565783 3228.945)
(0.005491635 -1.197393 1913.285)
(0.005639277 -2.149192 980.3861)
(0.005302404 -2.770104 470.0679)
(0.005021863 -3.076626 139.4804)
(0.004988157 -1.028158 1839.309)
(0.005311973 -1.748125 938.9393)
(0.0049219 -2.206673 448.6187)
(0.004666361 -2.429481 132.8063)
(0.004937147 -1.122211 912.1483)
(0.00473776 -1.398081 434.7371)
(0.004450116 -1.531155 128.5295)
(0.004514049 -0.4766083 428.168)
(0.004378195 -0.5206799 126.4839)
(0.004268304 0.5206628 126.5989)
(-0.1656378 -0.2415594 6776.352)
(-0.1521119 -0.03186549 6775.764)
(-0.1379743 0.1590142 6774.753)
(-0.1245628 0.3245629 6852.041)
(-0.1058256 0.4367663 30851.8)
(0.002366621 0.04015577 3913.211)
(0.007342973 -0.02596037 2339.76)
(0.008091366 -0.1063038 1224.642)
(0.007741499 -0.1693683 599.0111)
(0.007380955 -0.2028617 179.8491)
(-0.1443652 0.4557443 6724.777)
(-0.1312673 1.000065 6723.499)
(-0.1177951 1.477179 6799.413)
(-0.1002027 1.759221 30582.15)
(0.002518679 0.1265388 3882.715)
(0.00729959 -0.09614254 2320.549)
(0.008002924 -0.351404 1213.62)
(0.007654232 -0.5488591 593.1151)
(0.007286126 -0.6534298 178.0106)
(-0.1201989 3.461463 6613.258)
(-0.1077979 4.165275 6685.926)
(-0.09092642 4.467161 30001.42)
(0.002634966 0.2275502 3816.59)
(0.007167474 -0.2264109 2278.73)
(0.007780465 -0.6952478 1189.271)
(0.007397781 -1.049078 580.2043)
(0.00704705 -1.234272 173.935)
(-0.09394198 8.968157 6501.512)
(-0.07893748 9.038837 29057.85)
(0.00268731 0.3223125 3709.737)
(0.006799318 -0.4646353 2211.179)
(0.007356247 -1.190542 1150.268)
(0.00698167 -1.718655 559.4445)
(0.00662537 -1.992483 167.4289)
(-0.06518638 14.56936 27747.44)
(0.002853385 0.3524479 3561.532)
(0.006345448 -0.8185663 2118.486)
(0.006790789 -1.786676 1096.878)
(0.006438047 -2.465962 531.2515)
(0.006093623 -2.81195 158.57)
(0.002739311 0.2836178 3388.565)
(0.005924717 -1.12165 2011.236)
(0.00614324 -2.182773 1035.797)
(0.005808887 -2.899054 499.0569)
(0.005517024 -3.258644 148.5173)
(0.005323348 -1.196219 1914.342)
(0.005681249 -2.147774 981.0077)
(0.005268468 -2.769494 470.4863)
(0.005010352 -3.075651 139.5993)
(0.005171575 -1.747445 939.6128)
(0.004955447 -2.206162 448.944)
(0.004650716 -2.429456 132.9313)
(0.004620078 -1.397935 435.1026)
(0.004477143 -1.531067 128.6285)
(0.004273451 -0.520642 126.5989)
(-0.1493096 -0.04815027 6777.041)
(-0.1360653 0.1406843 6775.942)
(-0.1223629 0.3090201 6853.378)
(-0.1043185 0.420016 30859.69)
(0.002427047 0.03970475 3914.647)
(0.007367494 -0.02585896 2341.194)
(0.008123782 -0.1060952 1225.73)
(0.007785594 -0.1691108 599.5961)
(0.007414264 -0.202684 180.0545)
(-0.1288493 0.9552621 6724.813)
(-0.1160757 1.430001 6800.675)
(-0.09844931 1.716989 30590.47)
(0.002500017 0.1252187 3884.043)
(0.007313534 -0.09612898 2322.076)
(0.008018329 -0.3506576 1214.611)
(0.00767308 -0.548147 593.738)
(0.007319476 -0.6527037 178.1987)
(-0.1059173 4.096895 6687.283)
(-0.08975026 4.401766 30009.05)
(0.002564967 0.2257922 3817.962)
(0.007100745 -0.2254098 2280.091)
(0.00777793 -0.6943106 1190.31)
(0.007421535 -1.047548 580.7586)
(0.007056743 -1.233259 174.1314)
(-0.07781358 8.95787 29066.36)
(0.002702163 0.3204906 3710.903)
(0.006693333 -0.463907 2212.561)
(0.007297638 -1.188568 1151.153)
(0.006974221 -1.71728 560.0138)
(0.006640765 -1.990606 167.5973)
(0.002725614 0.3505773 3562.769)
(0.00635478 -0.8173457 2119.616)
(0.006710668 -1.785179 1097.769)
(0.006396139 -2.464124 531.7189)
(0.006102326 -2.810714 158.7408)
(0.005737569 -1.120713 2012.403)
(0.006173398 -2.180945 1036.497)
(0.005755167 -2.898016 499.5209)
(0.005494013 -3.257223 148.6521)
(0.005529222 -2.146845 981.7412)
(0.005302619 -2.76851 470.8444)
(0.004978478 -3.075332 139.7353)
(0.004835478 -2.205881 449.3321)
(0.004680919 -2.429164 133.037)
(0.004371762 -1.531076 128.7473)
(-0.1335376 0.1248029 6777.243)
(-0.1206064 0.2913313 6854.613)
(-0.1024837 0.4058376 30867.87)
(0.002409619 0.0391221 3915.973)
(0.007361636 -0.02586499 2342.739)
(0.008132159 -0.1058503 1226.738)
(0.007805768 -0.1688804 600.2292)
(0.007452616 -0.2024312 180.246)
(-0.1139217 1.386986 6802.043)
(-0.09693515 1.674583 30598.17)
(0.002467973 0.1239121 3885.431)
(0.007240213 -0.09601758 2323.482)
(0.00801287 -0.350233 1215.681)
(0.007682968 -0.5473398 594.3138)
(0.0073338 -0.6520197 178.4024)
(-0.08819316 4.33979 30017.46)
(0.002578912 0.2246861 3819.186)
(0.006963888 -0.2251678 2281.545)
(0.007708821 -0.6927884 1191.259)
(0.00741375 -1.046556 581.3616)
(0.007077165 -1.23182 174.3126)
(0.002629539 0.3184816 3712.208)
(0.006677773 -0.4630194 2213.781)
(0.00719061 -1.187292 1152.116)
(0.006922276 -1.715401 560.5256)
(0.006632499 -1.989368 167.783)
(0.006176267 -0.8167837 2120.892)
(0.006713808 -1.783498 1098.553)
(0.006323524 -2.462849 532.2337)
(0.006064771 -2.809111 158.893)
(0.006003814 -2.179917 1037.305)
(0.005779643 -2.896566 499.924)
(0.005444418 -3.25648 148.8031)
(0.005172333 -2.768013 471.2667)
(0.005009049 -3.074633 139.8517)
(0.004573077 -2.42912 133.1631)
(-0.1183403 0.2759452 6855.964)
(-0.1009424 0.389693 30875.35)
(0.002380186 0.03868264 3917.368)
(0.007286854 -0.02596286 2344.158)
(0.008109913 -0.1057128 1227.822)
(0.007809757 -0.1686101 600.8152)
(0.007468225 -0.2022062 180.4532)
(-0.09511402 1.63554 30606.53)
(0.00251572 0.1230044 3886.705)
(0.00713543 -0.09606886 2324.972)
(0.007936333 -0.3496787 1216.665)
(0.007672419 -0.5468268 594.9355)
(0.007342128 -0.6512336 178.5907)
(0.002542315 0.2232369 3820.54)
(0.006942515 -0.2241064 2282.841)
(0.007573771 -0.691995 1192.276)
(0.007351892 -1.045043 581.9117)
(0.007068335 -1.230881 174.5095)
(0.006543147 -0.462595 2215.147)
(0.007171743 -1.185779 1152.967)
(0.006826125 -1.714174 561.0838)
(0.006585366 -1.987647 167.95)
(0.006547658 -1.782489 1099.44)
(0.006325924 -2.461333 532.6864)
(0.005997836 -2.808059 159.0608)
(0.005633981 -2.895859 500.3901)
(0.005466472 -3.255319 148.9342)
(0.004891695 -3.074417 139.989)
(-0.09901416 0.3756092 30883.54)
(0.002425238 0.038126 3918.64)
(0.007182399 -0.02597812 2345.665)
(0.008031148 -0.1056342 1228.817)
(0.007785416 -0.1684385 601.4459)
(0.007471316 -0.2019405 180.6449)
(0.002503483 0.1219987 3888.096)
(0.007144354 -0.09560309 2326.327)
(0.007825446 -0.3493291 1217.71)
(0.007603443 -0.5461768 595.5066)
(0.007330686 -0.6507232 178.794)
(0.006837802 -0.2236179 2284.277)
(0.007548437 -0.6904482 1193.183)
(0.00723159 -1.044184 582.5018)
(0.007011829 -1.229457 174.6892)
(0.007038164 -1.184775 1153.92)
(0.006809913 -1.712677 561.5765)
(0.006496959 -1.986546 168.1322)
(0.006181067 -2.460459 533.1989)
(0.006000519 -2.80674 159.2083)
(0.005335084 -3.254866 149.0859)
(0.002422389 0.03765429 3920.036)
(0.007187122 -0.02606499 2347.033)
(0.007919727 -0.1055117 1229.876)
(0.007714056 -0.1683034 602.0243)
(0.007447757 -0.2017673 180.8513)
(0.007061134 -0.09539206 2327.812)
(0.007823898 -0.3485016 1218.659)
(0.007501308 -0.5457356 596.1143)
(0.007267401 -0.6500748 178.9808)
(0.007437888 -0.6894717 1194.188)
(0.007209269 -1.042662 583.0284)
(0.006901586 -1.22864 174.8821)
(0.006689562 -1.711679 562.1289)
(0.006482998 -1.985162 168.2931)
(0.005868832 -2.806039 159.3753)
(0.007112078 -0.02612332 2348.534)
(0.007914304 -0.1054281 1230.837)
(0.007611052 -0.1681477 602.6407)
(0.00738209 -0.2016195 181.0405)
(0.007730477 -0.347948 1219.7)
(0.00749756 -0.544874 596.6661)
(0.007172247 -0.6496322 179.1796)
(0.00710688 -1.041665 583.6117)
(0.006881862 -1.227214 175.0542)
(0.006371769 -1.984266 168.4734)
(0.007827428 -0.1053438 1231.891)
(0.00760401 -0.1680101 603.1998)
(0.007285955 -0.2014622 181.2423)
(0.007408886 -0.5442738 597.2712)
(0.00716836 -0.6488037 179.36)
(0.006786014 -1.226282 175.2449)
(0.00752063 -0.1678861 603.8128)
(0.007279135 -0.2013127 181.4252)
(0.007084452 -0.6482256 179.558)
(0.007199872 -0.2011832 181.6259)
)
;

boundaryField
{
    cathodeSides
    {
        type            zeroGradient;
    }
    electrolyteSides
    {
        type            zeroGradient;
    }
    anodeSides
    {
        type            zeroGradient;
    }
    phiI_to_phiI0
    {
        type            zeroGradient;
    }
    procBoundary2to1
    {
        type            processor;
        value           nonuniform List<vector> 
400
(
(-0.07334663 0.8800201 363.1835)
(-0.0724253 2.601468 359.7324)
(-0.07172422 0.8477785 1128.834)
(-0.07056643 4.173107 352.4595)
(-0.07081041 2.503401 1118.215)
(-0.06786191 0.7745341 2035.008)
(-0.0677809 5.344299 340.8172)
(-0.06896684 4.006743 1095.828)
(-0.06696653 2.280742 2016.289)
(-0.06069418 0.642949 3280.347)
(-0.06399525 5.621659 324.7452)
(-0.06620449 5.11307 1059.974)
(-0.06516053 3.629192 1976.791)
(-0.05983174 1.880722 3251.491)
(-0.04755918 0.4072502 4349.276)
(-0.05953191 4.57907 306.0274)
(-0.06245954 5.350229 1010.449)
(-0.0624554 4.588073 1913.456)
(-0.05809312 2.950585 3190.486)
(-0.04674858 1.163744 4314.475)
(-0.3128596 1.311264 25977.76)
(-0.05530396 2.883939 289.0398)
(-0.05806096 4.321038 952.7276)
(-0.05880961 4.732843 1825.851)
(-0.05549132 3.643088 3092.406)
(-0.04511648 1.732485 4240.604)
(-0.3052632 3.247149 25781.71)
(-0.281847 0.9975594 6703.212)
(-0.05198321 1.500994 276.0926)
(-0.05391412 2.68309 900.2746)
(-0.05456639 3.733616 1723.582)
(-0.05202536 3.618851 2956.319)
(-0.0426801 1.942708 4121.169)
(-0.2900008 3.095557 25365.6)
(-0.2747269 2.33549 6652.217)
(-0.2607137 0.7358811 6758.67)
(-0.04978739 0.6458683 267.6608)
(-0.05067206 1.367547 860.2456)
(-0.05061122 2.226309 1630.412)
(-0.04806438 2.672585 2796.875)
(-0.03951469 1.609124 3954.377)
(-0.2673128 -0.3984279 24693.74)
(-0.2604424 1.688387 6543.779)
(-0.2538579 1.561112 6707.088)
(-0.2400731 0.4908967 6761.37)
(-0.04874955 0.1709625 263.5495)
(-0.04853749 0.5726942 834.1523)
(-0.04755027 1.064042 1559.134)
(-0.04445675 1.402581 2650.893)
(-0.0360435 0.7589642 3757.513)
(-0.2389009 -7.289491 23759.42)
(-0.23927 -2.076278 6368.087)
(-0.2401187 0.4468215 6597.387)
(-0.2334958 0.8387772 6709.566)
(-0.2199838 0.2637171 6763.39)
(-0.04874946 -0.1710577 263.5495)
(-0.04753096 0.1480276 821.4241)
(-0.04555157 0.4057693 1512.586)
(-0.04172007 0.5177657 2538.689)
(-0.03305308 -0.07573537 3575.574)
(-0.209761 -14.55813 22665.44)
(-0.2129694 -8.838996 6122.271)
(-0.219802 -3.650769 6419.6)
(-0.2203314 -0.7018401 6599.428)
(-0.2136988 0.1718333 6711.38)
(-0.2004826 0.05544897 6764.609)
(-0.04978697 -0.645944 267.6609)
(-0.04753087 -0.1481191 821.4241)
(-0.04461226 0.09551034 1489.858)
(-0.03995943 0.1053642 2465.139)
(-0.03089444 -0.455514 3434.508)
(-0.1871325 -17.71964 21663.62)
(-0.1863581 -15.54109 5831.639)
(-0.1947473 -10.4404 6170.733)
(-0.2009158 -5.085566 6421.033)
(-0.201137 -1.752062 6600.838)
(-0.1945033 -0.4363452 6712.409)
(-0.1816077 -0.1327412 6765.059)
(-0.05198219 -1.501018 276.0928)
(-0.04853709 -0.5727672 834.1526)
(-0.04461218 -0.09559282 1489.858)
(-0.03913592 0.0008968439 2429.141)
(-0.02955484 -0.4264532 3341.369)
(-0.1724738 -15.62112 20892.9)
(-0.1660949 -18.0658 5562.24)
(-0.1697078 -16.7519 5876.263)
(-0.1771583 -11.86038 6171.517)
(-0.1826643 -6.373574 6421.888)
(-0.1825711 -2.698179 6601.5)
(-0.175947 -0.9822292 6712.687)
(-0.1633982 -0.2996461 6765.033)
(-0.05530268 -2.883927 289.0399)
(-0.05067107 -1.367571 860.246)
(-0.0455512 -0.4058353 1512.587)
(-0.03913585 -0.0009633429 2429.141)
(-0.02893498 -0.1660354 3295.565)
(-0.164154 -10.2652 20386.21)
(-0.15324 -15.60239 5352.561)
(-0.1509835 -18.72064 5603.012)
(-0.153726 -17.77158 5876.576)
(-0.1602477 -13.09225 6171.797)
(-0.1650803 -7.507452 6422.056)
(-0.1646696 -3.534385 6601.449)
(-0.1580679 -1.462199 6712.501)
(-0.1458705 -0.4439082 6843.255)
(-0.05953261 -4.579059 306.0275)
(-0.05391289 -2.683079 900.2749)
(-0.04754938 -1.064064 1559.135)
(-0.03995912 -0.1054177 2465.139)
(-0.02893493 0.1659966 3295.565)
(-0.1604259 -3.535701 20137.38)
(-0.1460731 -10.15015 5213.584)
(-0.1393288 -15.85488 5390.103)
(-0.1365409 -19.21174 5603.115)
(-0.138445 -18.59603 5876.467)
(-0.1440416 -14.12899 6171.473)
(-0.1481958 -8.479948 6421.57)
(-0.147468 -4.254852 6600.959)
(-0.1408822 -1.872127 6789.202)
(-0.1231986 -0.5281773 30804.8)
(-0.06399836 -5.621688 324.7453)
(-0.05806161 -4.321027 952.7278)
(-0.05061011 -2.2263 1630.412)
(-0.04171935 -0.5177849 2538.69)
(-0.02955464 0.4264216 3341.37)
(-0.1604256 3.535635 20137.38)
(-0.142886 -3.481008 5145.043)
(-0.1329344 -10.20914 5248.88)
(-0.1260645 -15.98894 5390.123)
(-0.1227859 -19.53806 5602.855)
(-0.1238795 -19.22087 5875.844)
(-0.1285632 -14.96418 6170.577)
(-0.1320406 -9.284098 6420.683)
(-0.1309812 -4.852766 6674.405)
(-0.1188335 -2.074752 30526.4)
(0.001773602 -0.0421007 3906.575)
(-0.0677871 -5.344369 340.8174)
(-0.06246249 -5.350257 1010.449)
(-0.05456696 -3.733608 1723.583)
(-0.04445587 -1.402575 2650.894)
(-0.03089401 0.4555008 3434.509)
(-0.1641532 10.26513 20386.21)
(-0.1428858 3.480974 5145.043)
(-0.130107 -3.485292 5179.207)
(-0.1204184 -10.1985 5248.862)
(-0.1134559 -16.00533 5389.817)
(-0.1097214 -19.69833 5602.153)
(-0.1100402 -19.64263 5874.738)
(-0.1138325 -15.5921 6169.329)
(-0.1166265 -9.911419 6488.832)
(-0.1101891 -5.02188 29936)
(0.001847845 -0.133311 3874.714)
(0.007140585 0.02631232 2333.881)
(-0.0705736 -4.173127 352.4597)
(-0.06621041 -5.113137 1059.974)
(-0.05881223 -4.732868 1825.851)
(-0.04806481 -2.672579 2796.876)
(-0.03305256 0.07573608 3575.574)
(-0.1724728 15.62105 20892.9)
(-0.1460725 10.15012 5213.584)
(-0.1301067 3.485287 5179.207)
(-0.1179377 -3.466807 5179.171)
(-0.1085285 -10.11928 5248.538)
(-0.1014982 -15.90461 5389.114)
(-0.09734689 -19.69209 5601.033)
(-0.0969341 -19.85879 5873.327)
(-0.09985386 -16.00519 6230.127)
(-0.09770725 -9.808372 28984.77)
(0.001983873 -0.2381708 3807.459)
(0.007065918 0.09772668 2313.349)
(0.008034343 0.1069998 1221.576)
(-0.07242831 -2.601444 359.7326)
(-0.06897371 -4.006763 1095.829)
(-0.06246071 -4.588134 1913.457)
(-0.05202743 -3.618871 2956.319)
(-0.03604367 -0.7589623 3757.513)
(-0.1871314 17.71958 21663.62)
(-0.1532394 15.60233 5352.562)
(-0.1329339 10.20912 5248.881)
(-0.1179375 3.46683 5179.171)
(-0.106379 -3.425986 5178.838)
(-0.09725604 -9.972383 5247.846)
(-0.09018391 -15.68791 5388.038)
(-0.08565828 -19.51978 5599.638)
(-0.08455544 -19.865 5925.731)
(-0.08327423 -15.40374 27667.68)
(0.002153339 -0.3352006 3699.723)
(0.006905646 0.2302523 2270.284)
(0.007912696 0.3542006 1209.536)
(0.007759794 0.1698767 597.8073)
(-0.07334846 -0.8800141 363.1837)
(-0.07081329 -2.503378 1118.216)
(-0.06516673 -3.62921 1976.792)
(-0.05549557 -3.643137 3092.407)
(-0.03951579 -1.609136 3954.377)
(-0.2097595 14.5581 22665.44)
(-0.1660943 18.06574 5562.241)
(-0.1393285 15.85483 5390.104)
(-0.1204181 10.19851 5248.862)
(-0.1063789 3.426035 5178.838)
(-0.09542106 -3.363213 5178.15)
(-0.08659035 -9.75901 5246.804)
(-0.07950277 -15.35689 5386.705)
(-0.07464209 -19.18027 5644.705)
(-0.07034937 -18.77857 26135.95)
(0.002264162 -0.3629946 3551.134)
(0.0066435 0.4726122 2201.943)
(0.007661579 0.7014752 1184.378)
(0.007625872 0.5511452 591.3585)
(0.007437242 0.2031804 179.6601)
(-0.07172597 -0.8477727 1128.835)
(-0.06696915 -2.280722 2016.29)
(-0.05809815 -2.950599 3190.488)
(-0.04268249 -1.942737 4121.17)
(-0.2389003 7.289465 23759.42)
(-0.1863564 15.54106 5831.64)
(-0.1509833 18.72058 5603.013)
(-0.1260646 15.9889 5390.124)
(-0.1085283 10.11931 5248.538)
(-0.09542096 3.363285 5178.151)
(-0.08505175 -3.27896 5177.125)
(-0.07651838 -9.480628 5245.517)
(-0.06943736 -14.91217 5426.42)
(-0.0622613 -17.91262 24742.34)
(0.002230659 -0.2856227 3378.147)
(0.006237988 0.8305648 2108.732)
(0.007273672 1.200484 1144.689)
(0.007352687 1.053888 577.9139)
(0.007301568 0.6549146 177.6236)
(-0.06786352 -0.774529 2035.009)
(-0.05983391 -1.880706 3251.492)
(-0.04511941 -1.732495 4240.606)
(-0.2673148 0.3983818 24693.75)
(-0.2129679 8.838981 6122.271)
(-0.169706 16.75187 5876.263)
(-0.1365412 19.21168 5603.116)
(-0.1134563 16.0053 5389.817)
(-0.09725606 9.972435 5247.846)
(-0.08505169 3.279052 5177.125)
(-0.07525718 -3.173779 5175.859)
(-0.06702135 -9.138079 5281.877)
(-0.05823802 -13.81399 23674.77)
(0.002047134 -0.1503685 3219.79)
(0.005714448 1.137515 2001.521)
(0.00673633 1.800082 1090.964)
(0.006938542 1.726757 556.7777)
(0.007026178 1.237796 173.3824)
(-0.06069553 -0.642945 3280.349)
(-0.04674992 -1.163736 4314.476)
(-0.2900054 -3.095594 25365.61)
(-0.23927 2.076257 6368.087)
(-0.194745 10.44039 6170.733)
(-0.1537241 17.77155 5876.576)
(-0.1227866 19.538 5602.856)
(-0.101499 15.90459 5389.115)
(-0.08659051 9.759078 5246.805)
(-0.07525716 3.173887 5175.859)
(-0.06601818 -3.048017 5210.622)
(-0.05649775 -8.420673 22975.28)
(0.001826013 -0.03566534 3097.394)
(0.005191204 1.211717 1904.655)
(0.006114515 2.196896 1029.724)
(0.006386722 2.475759 528.2975)
(0.006612048 1.997953 166.7263)
(-0.04756007 -0.4072482 4349.277)
(-0.3052668 -3.247157 25781.72)
(-0.2604446 -1.688416 6543.781)
(-0.2198002 3.650769 6419.601)
(-0.1771553 11.86039 6171.517)
(-0.1384432 18.59599 5876.467)
(-0.1097225 19.69827 5602.153)
(-0.09018498 15.6879 5388.039)
(-0.07651867 9.480709 5245.518)
(-0.06601818 3.048139 5210.622)
(-0.05579874 -2.801239 22632.65)
(0.001652774 0.01609113 3016.541)
(0.004776239 1.039698 1830.541)
(0.005552818 2.15969 974.9704)
(0.005775796 2.908752 496.0131)
(0.006069509 2.819029 157.7776)
(-0.3128627 -1.311267 25977.76)
(-0.2747295 -2.335505 6652.218)
(-0.2401187 -0.4468448 6597.389)
(-0.2009123 5.085586 6421.034)
(-0.1602441 13.09226 6171.797)
(-0.1238777 19.22084 5875.845)
(-0.09734836 19.69204 5601.033)
(-0.07950408 15.35689 5386.706)
(-0.06702173 9.138172 5281.878)
(-0.05579876 2.801366 22632.65)
(0.001568794 0.01235073 2976.725)
(0.004505268 0.6896436 1781.904)
(0.005136979 1.755551 933.4525)
(0.005249056 2.776207 467.3581)
(0.00548096 3.264713 147.661)
(-0.2818494 -0.9975642 6703.213)
(-0.2538595 -1.561136 6707.089)
(-0.2203294 0.7018224 6599.43)
(-0.1826593 6.373613 6421.889)
(-0.1440373 14.12901 6171.473)
(-0.1100385 19.64259 5874.739)
(-0.08566005 19.51972 5599.639)
(-0.06943886 14.91217 5426.422)
(-0.05649818 8.420771 22975.29)
(0.001568783 -0.01233507 2976.725)
(0.004380129 0.2402934 1758.039)
(0.004876763 1.126481 906.3812)
(0.004872725 2.210025 445.7723)
(0.004984885 3.079604 138.7175)
(-0.2607157 -0.735888 6758.671)
(-0.2334967 -0.8388081 6709.567)
(-0.2011332 1.752049 6600.84)
(-0.165074 7.507507 6422.057)
(-0.1285585 14.9642 6170.577)
(-0.09693232 19.85876 5873.328)
(-0.07464409 19.18022 5644.707)
(-0.05823958 13.814 23674.78)
(0.001652712 -0.01607876 3016.542)
(0.004380118 -0.2402786 1758.039)
(0.00475825 0.3863707 893.1479)
(0.004642847 1.39964 431.7657)
(0.004636901 2.430889 132.0052)
(-0.2400746 -0.4909056 6761.372)
(-0.2136989 -0.171871 6711.381)
(-0.1825656 2.698172 6601.502)
(-0.1481883 8.480019 6421.571)
(-0.1138274 15.59214 6169.33)
(-0.08455365 19.86496 5925.732)
(-0.06226337 17.91257 24742.34)
(0.001825839 0.03566844 3097.395)
(0.004505209 -0.6896317 1781.905)
(0.004758242 -0.3863587 893.148)
(0.004539093 0.4770543 424.9388)
(0.004427101 1.531304 127.6618)
(-0.219985 -0.2637278 6763.392)
(-0.1945028 0.4363017 6712.411)
(-0.1646627 3.534383 6601.451)
(-0.1320321 9.284183 6420.685)
(-0.09984835 16.00523 6230.128)
(-0.07034761 18.77854 26135.95)
(0.002046921 0.1503657 3219.791)
(0.004776086 -1.039695 1830.542)
(0.004876719 -1.126472 906.3815)
(0.004539087 -0.4770446 424.9388)
(0.004332917 0.5205902 125.5482)
(-0.2004834 -0.05546116 6764.611)
(-0.1759459 0.9821809 6712.689)
(-0.1474598 4.254855 6600.962)
(-0.116617 9.911516 6488.834)
(-0.08326863 15.40379 27667.69)
(0.002230857 0.2856216 3378.148)
(0.005191024 -1.211718 1904.655)
(0.005136866 -1.755547 933.4529)
(0.004642815 -1.399632 431.7659)
(0.004332912 -0.5205817 125.5482)
(-0.1816081 0.1327278 6765.061)
(-0.1580662 1.462147 6712.504)
(-0.1309718 4.852773 6674.408)
(-0.09769747 9.808474 28984.78)
(0.002264846 0.3630024 3551.135)
(0.005714641 -1.137515 2001.522)
(0.00555269 -2.159691 974.9708)
(0.004872644 -2.210022 445.7725)
(0.004427076 -1.531298 127.6618)
(-0.1633983 0.2996316 6765.035)
(-0.1408799 1.872072 6789.204)
(-0.1101791 5.02189 29936.02)
(0.002154639 0.3352163 3699.724)
(0.006238654 -0.8305564 2108.732)
(0.006114686 -2.196895 1029.724)
(0.005248968 -2.776207 467.3583)
(0.004636836 -2.430886 132.0053)
(-0.1458701 0.443893 6843.257)
(-0.1188308 2.074698 30526.42)
(0.001985346 0.2381756 3807.461)
(0.006644792 -0.4725961 2201.944)
(0.006736892 -1.800074 1090.965)
(0.005775947 -2.908752 496.0133)
(0.004984818 -3.079604 138.7176)
(-0.1231979 0.5281624 30804.81)
(0.001848455 0.1333065 3874.716)
(0.006907156 -0.2302466 2270.285)
(0.00727476 -1.200471 1144.69)
(0.006387194 -2.475753 528.2977)
(0.005481101 -3.264713 147.661)
(0.001773955 0.0420995 3906.577)
(0.007066614 -0.09773027 2313.35)
(0.007662864 -0.70147 1184.379)
(0.006939445 -1.726746 556.7781)
(0.006069931 -2.819023 157.7776)
(0.007141029 -0.02631325 2333.883)
(0.007913328 -0.3542032 1209.537)
(0.007353761 -1.053883 577.9144)
(0.00661285 -1.997943 166.7264)
(0.008034767 -0.1070004 1221.577)
(0.007626428 -0.551147 591.3589)
(0.007027135 -1.237792 173.3825)
(0.00776018 -0.1698771 597.8078)
(0.007302079 -0.6549161 177.6237)
(0.007437606 -0.2031807 179.6603)
)
;
    }
    procBoundary2to3
    {
        type            processor;
        value           nonuniform List<vector> 
400
(
(-0.06197906 0.8916388 365.678)
(-0.06139227 2.644088 362.2368)
(-0.06057767 0.8598475 1136.333)
(-0.05948575 4.245828 354.9595)
(-0.05999009 2.54702 1125.745)
(-0.05724749 0.787562 2047.458)
(-0.05688188 5.423129 343.2971)
(-0.0581098 4.08085 1103.348)
(-0.05665868 2.326419 2028.798)
(-0.05107863 0.657683 3296.926)
(-0.05365861 5.697911 327.1935)
(-0.05553698 5.194124 1067.437)
(-0.05484154 3.706109 1989.292)
(-0.05048726 1.930053 3268.167)
(-0.039793 0.4253121 4362.094)
(-0.04988316 4.649273 308.3941)
(-0.05235052 5.42887 1017.822)
(-0.05234277 4.673839 1925.874)
(-0.04878375 3.03251 3207.174)
(-0.03919071 1.220469 4327.396)
(-0.2592427 1.537985 26031.27)
(-0.04652273 2.938899 291.2896)
(-0.04862956 4.392536 959.8591)
(-0.04924458 4.816701 1838.129)
(-0.04641686 3.737354 3109.002)
(-0.0376777 1.824831 4253.536)
(-0.2530087 3.923494 25835.42)
(-0.2331659 1.216216 6715.234)
(-0.04405414 1.540371 278.2265)
(-0.04532499 2.73792 907.057)
(-0.04565424 3.808097 1735.463)
(-0.0434765 3.712238 2972.746)
(-0.03552683 2.054129 4133.991)
(-0.2399349 4.181448 25418.58)
(-0.2272599 2.984568 6664.375)
(-0.2151811 0.9523201 6770.672)
(-0.04247279 0.6699333 269.7077)
(-0.04290197 1.405813 866.6788)
(-0.04248424 2.28128 1641.706)
(-0.04012222 2.752751 2812.759)
(-0.03284644 1.721547 3966.976)
(-0.22071 0.9774153 24744.64)
(-0.2151159 2.727146 6555.942)
(-0.2094337 2.200503 6719.231)
(-0.1975861 0.7042402 6773.661)
(-0.04170924 0.1790029 265.552)
(-0.0413535 0.5955277 840.321)
(-0.04017056 1.100571 1569.836)
(-0.03719855 1.458441 2665.95)
(-0.02989754 0.8507197 3769.475)
(-0.1966894 -5.863851 23806.52)
(-0.197232 -0.7599773 6380.055)
(-0.1978499 1.466682 6609.547)
(-0.192013 1.465991 6721.993)
(-0.1804321 0.4730767 6775.962)
(-0.04172625 -0.1796265 265.5524)
(-0.04060742 0.1555458 827.4563)
(-0.03869958 0.426624 1522.834)
(-0.03508609 0.5521301 2552.9)
(-0.02741063 -0.01743769 3586.603)
(-0.1717771 -13.42247 22705.45)
(-0.174969 -7.479672 6133.83)
(-0.1807536 -2.35898 6431.59)
(-0.1810065 0.2950031 6611.859)
(-0.1750489 0.7843825 6724.082)
(-0.1637531 0.2599183 6777.451)
(-0.04251597 -0.6704443 269.7087)
(-0.04062359 -0.1561365 827.4575)
(-0.03799366 0.1022008 1499.868)
(-0.03375676 0.123612 2478.696)
(-0.02566164 -0.4243382 3444.609)
(-0.152033 -17.03728 21694.95)
(-0.1521642 -14.46688 5842.183)
(-0.1595303 -9.11282 6182.353)
(-0.1647295 -3.824303 6433.269)
(-0.1646351 -0.7822838 6613.53)
(-0.1585756 0.1590329 6725.376)
(-0.1475846 0.06592606 6778.162)
(-0.04411389 -1.540645 278.2278)
(-0.04139457 -0.5960124 840.3239)
(-0.03800803 -0.1027214 1499.87)
(-0.03312338 0.006508919 2442.355)
(-0.02458962 -0.4122358 3350.767)
(-0.1389116 -15.295 20916.57)
(-0.1343423 -17.42743 5571.394)
(-0.1380384 -15.71445 5886.926)
(-0.1445883 -10.57148 6183.343)
(-0.1492063 -5.148625 6434.358)
(-0.1487688 -1.759462 6614.442)
(-0.1426287 -0.4065066 6725.909)
(-0.1319632 -0.1076826 6778.384)
(-0.04658094 -2.939032 291.2909)
(-0.04295888 -1.406073 866.6828)
(-0.03873608 -0.4270523 1522.839)
(-0.03313468 -0.006910147 2442.358)
(-0.02408759 -0.1620651 3304.595)
(-0.131324 -10.13913 20404.59)
(-0.1226511 -15.30237 5360.392)
(-0.1214537 -18.11464 5612.349)
(-0.1244414 -16.77664 5887.395)
(-0.1301838 -11.84843 6183.816)
(-0.1342145 -6.324371 6434.747)
(-0.133441 -2.630589 6614.628)
(-0.1272443 -0.9085437 6725.965)
(-0.1169077 -0.2595538 6857.149)
(-0.0499007 -4.649331 308.3957)
(-0.0453806 -2.738049 907.0613)
(-0.04022129 -1.100802 1569.843)
(-0.03378549 -0.1239439 2478.703)
(-0.02409363 0.1618732 3304.598)
(-0.1279096 -3.504687 20153.15)
(-0.1159705 -10.03701 5220.444)
(-0.1106951 -15.57779 5398.163)
(-0.1091048 -18.64162 5612.569)
(-0.1114036 -17.64859 5887.428)
(-0.1163421 -12.9361 6183.671)
(-0.1197842 -7.34393 6434.469)
(-0.1186854 -3.389613 6614.363)
(-0.1124415 -1.342913 6803.242)
(-0.09777135 -0.3607654 30890.69)
(-0.05365625 -5.697708 327.1951)
(-0.04864656 -4.392595 959.864)
(-0.04253409 -2.281399 1641.714)
(-0.03512624 -0.5523121 2552.91)
(-0.02460505 0.4120706 3350.773)
(-0.127909 3.505311 20153.16)
(-0.1129882 -3.453772 5151.404)
(-0.1046097 -10.10893 5255.994)
(-0.09927424 -15.73641 5398.275)
(-0.09731478 -19.00661 5612.414)
(-0.09894146 -18.32513 5886.935)
(-0.1030869 -13.82737 6182.94)
(-0.1059446 -8.199847 6433.777)
(-0.1045196 -4.029532 6688.438)
(-0.09381101 -1.5962 30613.81)
(0.002448563 -0.03723833 3921.261)
(-0.05691428 -5.423071 343.2983)
(-0.05234863 -5.428681 1017.826)
(-0.04567003 -3.808158 1735.472)
(-0.03723848 -1.458542 2665.961)
(-0.02568356 0.42424 3444.618)
(-0.1313242 10.13942 20404.62)
(-0.1129827 3.45457 5151.407)
(-0.1019112 -3.462122 5185.83)
(-0.09377446 -10.11181 5256.055)
(-0.0883992 -15.77846 5398.051)
(-0.08609017 -19.20756 5611.804)
(-0.08706819 -18.8019 5885.944)
(-0.09043936 -14.51572 6181.844)
(-0.09271028 -8.883176 6502.614)
(-0.08695933 -4.279973 30024.6)
(0.002543975 -0.1213876 3889.315)
(0.007103103 0.02607853 2349.855)
(-0.0595563 -4.246415 354.961)
(-0.0555685 -5.194074 1067.441)
(-0.04924371 -4.816541 1838.138)
(-0.04013588 -2.752813 2812.771)
(-0.02743329 0.01736856 3586.613)
(-0.1389183 15.29495 20916.61)
(-0.115958 10.03745 5220.452)
(-0.1019011 3.463088 5185.834)
(-0.09135312 -3.447839 5185.869)
(-0.08347022 -10.04641 5255.802)
(-0.07806953 -15.70399 5397.421)
(-0.0754344 -19.2433 5610.765)
(-0.07579381 -19.07548 5884.638)
(-0.07840822 -14.99276 6243.374)
(-0.07672732 -8.882173 29073.32)
(0.002582665 -0.2226349 3821.702)
(0.007067846 0.09465806 2329.116)
(0.007811411 0.1051519 1232.819)
(-0.06152665 -2.644326 362.2392)
(-0.05817788 -4.081418 1103.353)
(-0.05237218 -4.673804 1925.88)
(-0.04347734 -3.712128 2972.758)
(-0.02990741 -0.850781 3769.487)
(-0.152058 17.03692 21695)
(-0.1226396 15.3024 5360.404)
(-0.1045854 10.1095 5256.002)
(-0.09133886 3.44895 5185.872)
(-0.08131728 -3.411269 5185.603)
(-0.07369277 -9.913359 5255.171)
(-0.06828208 -15.51364 5396.406)
(-0.06534768 -19.11349 5609.442)
(-0.06511844 -19.14059 5937.756)
(-0.06438886 -14.49441 27754.05)
(0.00266339 -0.3176279 3713.293)
(0.006846486 0.2221163 2285.517)
(0.007727801 0.3468998 1220.614)
(0.007504764 0.1676595 604.3534)
(-0.06210561 -0.8914044 365.6799)
(-0.06011955 -2.547251 1125.753)
(-0.05490396 -3.706631 1989.3)
(-0.04644232 -3.737343 3109.012)
(-0.03285014 -1.721523 3966.988)
(-0.1718313 13.42185 22705.5)
(-0.1343487 17.42712 5571.407)
(-0.1106668 15.5779 5398.175)
(-0.09373937 10.1125 5256.064)
(-0.08129924 3.412504 5185.607)
(-0.07179785 -3.352712 5184.972)
(-0.06443552 -9.713604 5254.182)
(-0.05903101 -15.20862 5395.126)
(-0.05582272 -18.81631 5655.162)
(-0.05311188 -18.13345 26215.21)
(0.00273932 -0.3499779 3563.755)
(0.006548349 0.4608726 2216.299)
(0.007437376 0.6875685 1195.057)
(0.007403952 0.5432291 597.803)
(0.007185032 0.2009548 181.8028)
(-0.06069961 -0.8596229 1136.339)
(-0.05677679 -2.326634 2028.81)
(-0.0488361 -3.032946 3207.185)
(-0.035545 -2.054159 4134)
(-0.1967582 5.863102 23806.58)
(-0.1522114 14.4663 5842.198)
(-0.1214433 18.11437 5612.363)
(-0.09923059 15.73658 5398.288)
(-0.08342539 10.0472 5255.811)
(-0.07177646 3.354052 5184.976)
(-0.06278686 -3.272565 5183.995)
(-0.0556897 -9.448389 5252.939)
(-0.05030481 -14.78909 5435.427)
(-0.04538372 -17.595 24811.95)
(0.002700011 -0.2835624 3389.43)
(0.00616582 0.8148629 2121.934)
(0.00703538 1.182599 1154.727)
(0.007103847 1.03985 584.117)
(0.007079183 0.6472335 179.732)
(-0.05735889 -0.7873604 2047.468)
(-0.05058512 -1.930236 3268.185)
(-0.03771211 -1.825112 4253.548)
(-0.2208035 -0.9781928 24744.69)
(-0.1750367 7.478883 6133.845)
(-0.1380802 15.7139 5886.942)
(-0.1090786 18.6414 5612.583)
(-0.08834158 15.77868 5398.065)
(-0.07363928 9.914241 5255.18)
(-0.06276257 3.273991 5183.998)
(-0.05427442 -3.171314 5182.769)
(-0.04744187 -9.118344 5289.834)
(-0.04089138 -13.71299 23735.51)
(0.002583302 -0.1570072 3229.701)
(0.005682734 1.118899 2013.32)
(0.006532804 1.78026 1100.169)
(0.006684735 1.709649 562.5972)
(0.00678243 1.224595 175.4101)
(-0.05117126 -0.6575225 3296.941)
(-0.03925256 -1.220594 4327.414)
(-0.2400688 -4.182456 25418.64)
(-0.1973123 0.7592062 6380.068)
(-0.1595985 9.111981 6182.369)
(-0.1244777 16.77612 5887.412)
(-0.09727417 19.00642 5612.428)
(-0.07799945 15.70426 5397.435)
(-0.0643745 9.71456 5254.191)
(-0.05424767 3.172811 5182.773)
(-0.04624646 -3.049245 5218.043)
(-0.03861781 -8.409713 23029.7)
(0.002461365 -0.04501064 3106.173)
(0.005242164 1.194782 1915.154)
(0.00595456 2.178053 1037.948)
(0.006166499 2.458501 533.6211)
(0.006366548 1.982415 168.6264)
(-0.03985232 -0.4252249 4362.109)
(-0.2532075 -3.924083 25835.51)
(-0.215223 -2.727931 6555.957)
(-0.1808234 2.3582 6431.603)
(-0.1446563 10.5706 6183.359)
(-0.1114345 17.6481 5887.445)
(-0.08603653 19.20742 5611.818)
(-0.06820108 15.51396 5396.419)
(-0.05562228 9.449407 5252.948)
(-0.04621771 3.050795 5218.047)
(-0.03768744 -2.804699 22683.88)
(0.002365281 0.008882566 3024.549)
(0.004920457 1.027084 1840.039)
(0.005459998 2.145575 982.3109)
(0.005592317 2.894368 500.7618)
(0.00585499 2.804332 159.5131)
(-0.2594485 -1.537968 26031.35)
(-0.2274092 -2.985061 6664.399)
(-0.1979346 -1.467274 6609.563)
(-0.1647889 3.823521 6433.282)
(-0.130251 11.84752 6183.833)
(-0.09896692 18.32468 5886.952)
(-0.0753692 19.2432 5610.779)
(-0.05894071 15.20898 5395.14)
(-0.04736925 9.119411 5289.844)
(-0.03765807 2.80624 22683.9)
(0.002314306 0.00977091 2984.349)
(0.004715957 0.6821323 1790.747)
(0.005112909 1.746629 940.1284)
(0.005115059 2.767131 471.5965)
(0.005297839 3.253657 149.2071)
(-0.2333246 -1.216277 6715.254)
(-0.2095403 -2.200917 6719.256)
(-0.1810694 -0.2954112 6611.875)
(-0.1492555 5.147849 6434.371)
(-0.116408 12.93518 6183.687)
(-0.08708845 18.80149 5885.961)
(-0.06527246 19.11343 5609.456)
(-0.05020684 14.78949 5435.441)
(-0.03854352 8.410782 23029.75)
(0.002317601 -0.009621226 2984.351)
(0.004618218 0.2378665 1766.563)
(0.004899121 1.121783 912.6285)
(0.004786157 2.205401 449.6308)
(0.004840978 3.073795 140.0964)
(-0.2152996 -0.9524551 6770.692)
(-0.1920787 -1.466328 6722.019)
(-0.1646773 0.7820511 6613.546)
(-0.1342537 6.323608 6434.76)
(-0.103151 13.82643 6182.956)
(-0.0758091 19.07511 5884.654)
(-0.05573906 18.81628 5655.177)
(-0.04079083 13.7134 23735.58)
(0.002373726 -0.008771233 3024.554)
(0.004621236 -0.2377363 1766.564)
(0.004798768 0.3849597 899.188)
(0.00458651 1.397725 435.3812)
(0.004528896 2.428847 133.2604)
(-0.197666 -0.7044428 6773.682)
(-0.175076 -0.7846455 6724.107)
(-0.1487913 1.759394 6614.458)
(-0.1198138 7.343186 6434.482)
(-0.09050114 14.51478 6181.86)
(-0.06512904 19.14025 5937.773)
(-0.04529646 17.595 24812.03)
(0.002473133 0.04506527 3106.182)
(0.004723765 -0.6820319 1790.751)
(0.004801198 -0.384856 899.1888)
(0.004493586 0.4765896 428.4373)
(0.004340788 1.530994 128.838)
(-0.1804754 -0.4733404 6775.982)
(-0.1585666 -0.1592244 6725.402)
(-0.133445 2.630674 6614.644)
(-0.1059651 8.199127 6433.789)
(-0.07846726 14.99184 6243.39)
(-0.05311789 18.13316 26215.3)
(0.002594618 0.1570322 3229.71)
(0.004931504 -1.027029 1840.044)
(0.004905454 -1.121702 912.6307)
(0.004495538 -0.4765061 428.4377)
(0.004253596 0.5206618 126.6866)
(-0.163762 -0.2602364 6777.472)
(-0.1425864 0.4063825 6725.934)
(-0.1186724 3.389836 6614.378)
(-0.09272224 8.882485 6502.627)
(-0.06444242 14.49354 27754.14)
(0.002702867 0.2835697 3389.441)
(0.005253251 -1.194748 1915.159)
(0.005121955 -1.746583 940.1315)
(0.004591634 -1.397658 435.3823)
(0.004255297 -0.5205887 126.6868)
(-0.1475616 -0.06629126 6778.182)
(-0.1271718 0.9084821 6725.99)
(-0.1044912 4.029878 6688.453)
(-0.07673116 8.881544 29073.39)
(0.002738009 0.3499293 3563.765)
(0.005686863 -1.118878 2013.327)
(0.005469303 -2.145544 982.3143)
(0.004793533 -2.205362 449.6324)
(0.004345275 -1.530935 128.8384)
(-0.1319111 0.1072778 6778.404)
(-0.1123422 1.342908 6803.267)
(-0.08691899 4.280407 30024.68)
(0.002669199 0.3176092 3713.301)
(0.006166576 -0.8148898 2121.941)
(0.005958714 -2.17803 1037.952)
(0.005122792 -2.767103 471.5983)
(0.004535385 -2.428811 133.2609)
(-0.1168296 0.2591172 6857.169)
(-0.0936939 1.596245 30613.95)
(0.002596146 0.2227454 3821.712)
(0.006556292 -0.4608708 2216.305)
(0.006534531 -1.780274 1100.173)
(0.005596231 -2.894347 500.764)
(0.004847862 -3.07377 140.097)
(-0.0976748 0.3603263 30890.8)
(0.002570107 0.1214291 3889.331)
(0.006862623 -0.2219915 2285.524)
(0.007043166 -1.182589 1154.73)
(0.006168679 -2.458509 533.6235)
(0.005301579 -3.253637 149.2078)
(0.002473127 0.03719036 3921.275)
(0.007097254 -0.09460646 2329.127)
(0.007452265 -0.6874597 1195.062)
(0.006691932 -1.709637 562.5992)
(0.005857346 -2.804336 159.5139)
(0.007131401 -0.02612225 2349.865)
(0.00775398 -0.3468531 1220.622)
(0.007117046 -1.039758 584.1196)
(0.00637335 -1.982402 168.6271)
(0.007836928 -0.1051861 1232.825)
(0.007426515 -0.5431889 597.807)
(0.006794613 -1.224514 175.411)
(0.007526975 -0.1676858 604.3568)
(0.007099658 -0.6471973 179.7332)
(0.007205307 -0.2009772 181.8039)
)
;
    }
}
)

// processor3

142420
(dimensions      [0 -2 0 0 0 1 0];

internalField   nonuniform List<vector> 
4000
(
(-0.06197906 0.8916388 365.678)
(-0.06139227 2.644088 362.2368)
(-0.06110449 0.8911445 365.9072)
(-0.06057767 0.8598475 1136.333)
(-0.05948575 4.245828 354.9595)
(-0.06063422 2.645934 362.4689)
(-0.05999009 2.54702 1125.745)
(-0.06058437 0.8911464 366.1048)
(-0.05972181 0.8594404 1137.022)
(-0.05724749 0.787562 2047.458)
(-0.05688188 5.423129 343.2971)
(-0.05863755 4.249823 355.1901)
(-0.0581098 4.08085 1103.348)
(-0.06002518 2.652686 362.6701)
(-0.05924644 2.548996 1126.444)
(-0.05665868 2.326419 2028.798)
(-0.05989447 0.8916116 366.3319)
(-0.05921376 0.8595246 1137.616)
(-0.0564362 0.7873511 2048.605)
(-0.05107863 0.657683 3296.926)
(-0.05365861 5.697911 327.1935)
(-0.05605852 5.42587 343.5273)
(-0.05553698 5.194124 1067.437)
(-0.05809163 4.262742 355.3841)
(-0.05727958 4.085009 1104.042)
(-0.05484154 3.706109 1989.292)
(-0.05898004 2.654934 362.898)
(-0.05865304 2.555732 1127.049)
(-0.05594949 2.328675 2029.961)
(-0.05048726 1.930053 3268.167)
(-0.05945085 0.8952866 366.5279)
(-0.05853625 0.8600396 1138.299)
(-0.05595629 0.7876205 2049.594)
(-0.05035016 0.6578252 3298.465)
(-0.039793 0.4253121 4362.094)
(-0.04988316 4.649273 308.3941)
(-0.05289512 5.700842 327.4225)
(-0.05235052 5.42887 1017.822)
(-0.05555248 5.437838 343.7164)
(-0.05473124 5.197157 1068.13)
(-0.05234277 4.673839 1925.874)
(-0.05715229 4.265982 355.6113)
(-0.05674762 4.09781 1104.626)
(-0.05405455 3.710615 1990.449)
(-0.04878375 3.03251 3207.174)
(-0.05847739 2.664413 363.0901)
(-0.05763361 2.558089 1127.734)
(-0.05539283 2.335347 2030.969)
(-0.04984274 1.932811 3269.729)
(-0.03919071 1.220469 4327.396)
(-0.05877305 0.8963811 366.7517)
(-0.05810505 0.8636603 1138.889)
(-0.05530817 0.7882419 2050.731)
(-0.04992171 0.6584256 3299.791)
(-0.03921681 0.4261125 4363.321)
(-0.2592427 1.537985 26031.27)
(-0.04652273 2.938899 291.2896)
(-0.04925364 4.652481 308.616)
(-0.04862956 4.392536 959.8591)
(-0.05243589 5.711665 327.6066)
(-0.05160272 5.432089 1018.511)
(-0.04924458 4.816701 1838.129)
(-0.05463194 5.440107 343.9432)
(-0.05423855 5.209138 1068.7)
(-0.05157951 4.677521 1927.03)
(-0.04641686 3.737354 3109.002)
(-0.05669892 4.278189 355.7983)
(-0.05583068 4.10123 1105.31)
(-0.05355524 3.723104 1991.421)
(-0.04807778 3.03765 3208.728)
(-0.0376777 1.824831 4253.536)
(-0.05773824 2.666856 363.3133)
(-0.05714596 2.567448 1128.312)
(-0.05443462 2.337932 2032.11)
(-0.0493533 1.939352 3271.083)
(-0.03866625 1.224211 4328.646)
(-0.2530087 3.923494 25835.42)
(-0.0596621 0.9007431 366.9421)
(-0.05744343 0.8647778 1139.562)
(-0.05490551 0.7917222 2051.713)
(-0.04932857 0.6592354 3301.317)
(-0.03888208 0.4273232 4364.379)
(-0.2554244 1.554381 26036.57)
(-0.2331659 1.216216 6715.234)
(-0.04405414 1.540371 278.2265)
(-0.0458951 2.940221 291.5017)
(-0.04532499 2.73792 907.057)
(-0.04900811 4.662421 308.7929)
(-0.04801099 4.395918 960.5283)
(-0.04565424 3.808097 1735.463)
(-0.05150747 5.712355 327.8321)
(-0.05115575 5.442986 1019.066)
(-0.04853519 4.82057 1839.28)
(-0.0434765 3.712238 2972.746)
(-0.05420714 5.452749 344.1251)
(-0.05334034 5.211708 1069.383)
(-0.051118 4.689492 1927.978)
(-0.04573333 3.742229 3110.557)
(-0.03552683 2.054129 4133.991)
(-0.05596777 4.28086 356.0215)
(-0.05539118 4.113341 1105.873)
(-0.05269128 3.726913 1992.561)
(-0.04763807 3.049558 3210.033)
(-0.03712172 1.831257 4254.777)
(-0.2399349 4.181448 25418.58)
(-0.05851574 2.67708 363.4987)
(-0.05642515 2.569983 1128.984)
(-0.05398151 2.346981 2033.073)
(-0.04850828 1.942347 3272.617)
(-0.03829902 1.230572 4329.734)
(-0.249335 3.97466 25840.81)
(-0.2272599 2.984568 6664.375)
(-0.0598268 0.902889 367.1737)
(-0.05831311 0.8690621 1140.135)
(-0.05428236 0.7928835 2052.833)
(-0.04897735 0.6624515 3302.636)
(-0.03839106 0.428494 4365.605)
(-0.2532848 1.574049 26041.17)
(-0.229722 1.232493 6716.435)
(-0.2151811 0.9523201 6770.672)
(-0.04247279 0.6699333 269.7077)
(-0.04340683 1.539843 278.4308)
(-0.04290197 1.405813 866.6788)
(-0.04573968 2.948559 291.6675)
(-0.0447091 2.739348 907.6968)
(-0.04248424 2.28128 1641.706)
(-0.04817959 4.663001 309.0148)
(-0.04776929 4.40586 961.0615)
(-0.04506306 3.811891 1736.58)
(-0.04012222 2.752751 2812.759)
(-0.05108624 5.723197 328.0082)
(-0.05025099 5.444054 1019.746)
(-0.04811727 4.831604 1840.206)
(-0.04284013 3.717324 2974.296)
(-0.03284644 1.721547 3966.976)
(-0.05344895 5.45502 344.3481)
(-0.05292923 5.224333 1069.93)
(-0.05027267 4.692728 1929.118)
(-0.04532875 3.754172 3111.831)
(-0.03499126 2.061357 4135.229)
(-0.22071 0.9774153 24744.64)
(-0.0567061 4.293668 356.202)
(-0.05467806 4.1162 1106.544)
(-0.0522834 3.738765 1993.498)
(-0.04687193 3.054078 3211.565)
(-0.03679035 1.842228 4255.817)
(-0.2363007 4.264805 25423.86)
(-0.2151159 2.727146 6555.942)
(-0.05906504 2.680808 363.7277)
(-0.05718672 2.580062 1129.542)
(-0.05330444 2.349708 2034.191)
(-0.0481174 1.950818 3273.91)
(-0.03766103 1.234383 4330.967)
(-0.2472044 4.037566 25845.53)
(-0.223918 3.034169 6665.606)
(-0.2094337 2.200503 6719.231)
(-0.06199689 0.9032772 367.3428)
(-0.0585008 0.8711977 1140.831)
(-0.05510354 0.7969705 2053.787)
(-0.04842506 0.663689 3304.141)
(-0.0381325 0.4312485 4366.668)
(-0.2497228 1.59066 26046.51)
(-0.2278026 1.251809 6717.474)
(-0.2119844 0.9688686 6771.871)
(-0.1975861 0.7042402 6773.661)
(-0.04170924 0.1790029 265.552)
(-0.04182848 0.6691566 269.9067)
(-0.0413535 0.5955277 840.321)
(-0.04316218 1.545563 278.586)
(-0.04226782 1.405354 867.2951)
(-0.04017056 1.100571 1569.836)
(-0.0450045 2.950169 291.8806)
(-0.04455391 2.747586 908.1969)
(-0.04189733 2.282986 1642.774)
(-0.03719855 1.458441 2665.95)
(-0.04777578 4.672018 309.1847)
(-0.04696102 4.406727 961.7306)
(-0.04483131 3.82182 1737.47)
(-0.0395843 2.757345 2814.261)
(-0.02989754 0.8507197 3769.475)
(-0.05024588 5.72408 328.2292)
(-0.04984436 5.454973 1020.276)
(-0.04726847 4.833524 1841.34)
(-0.04247571 3.728588 2975.539)
(-0.03234697 1.729044 3968.202)
(-0.1966894 -5.863851 23806.52)
(-0.05413332 5.469417 344.523)
(-0.05219008 5.226887 1070.602)
(-0.04989264 4.705271 1930.03)
(-0.04458125 3.758625 3113.364)
(-0.0346903 2.07338 4136.238)
(-0.2172605 1.083259 24749.76)
(-0.197232 -0.7599773 6380.055)
(-0.05736667 4.296914 356.4309)
(-0.05540097 4.128895 1107.087)
(-0.05161332 3.742035 1994.617)
(-0.04652069 3.065452 3212.823)
(-0.03620343 1.848176 4257.046)
(-0.2343647 4.366117 25428.28)
(-0.2118421 2.807455 6557.158)
(-0.1978499 1.466682 6609.547)
(-0.06291122 2.685803 363.9004)
(-0.0577434 2.583848 1130.23)
(-0.05402594 2.359421 2035.12)
(-0.04752097 1.953894 3275.412)
(-0.03738205 1.241872 4332.004)
(-0.2433995 4.087446 25850.88)
(-0.2220372 3.093625 6666.684)
(-0.2063019 2.249813 6720.461)
(-0.192013 1.465991 6721.993)
(-0.03497934 0.8880955 367.5356)
(-0.06070623 0.8716668 1141.341)
(-0.05534802 0.7990689 2054.945)
(-0.0491554 0.6674066 3305.422)
(-0.03770959 0.4326474 4367.879)
(-0.2483041 1.613227 26051.17)
(-0.2245473 1.267973 6718.684)
(-0.2102107 0.9883309 6772.909)
(-0.1946287 0.720962 6774.885)
(-0.1804321 0.4730767 6775.962)
(-0.04172625 -0.1796265 265.5524)
(-0.04106101 0.178701 265.7482)
(-0.04060742 0.1555458 827.4563)
(-0.04147191 0.6723405 270.0545)
(-0.04072246 0.5947738 840.9214)
(-0.03869958 0.426624 1522.834)
(-0.04247395 1.547232 278.7891)
(-0.04202803 1.410944 867.7635)
(-0.03956856 1.100325 1570.864)
(-0.03508609 0.5521301 2552.9)
(-0.0446599 2.957943 292.0406)
(-0.04383542 2.749285 908.84)
(-0.04174418 2.290999 1643.608)
(-0.03666749 1.460711 2667.383)
(-0.02741063 -0.01743769 3586.603)
(-0.0467959 4.672234 309.4018)
(-0.04657188 4.415796 962.2429)
(-0.04407143 3.823349 1738.588)
(-0.03937246 2.767242 2815.456)
(-0.02946135 0.8569248 3770.643)
(-0.1717771 -13.42247 22705.45)
(-0.05078862 5.738094 328.3967)
(-0.04902647 5.456213 1020.942)
(-0.04689493 4.844578 1842.224)
(-0.04173043 3.732071 2977.067)
(-0.03208059 1.740843 3969.179)
(-0.1934807 -5.752944 23811.34)
(-0.174969 -7.479672 6133.83)
(-0.05469968 5.473185 344.7517)
(-0.05285967 5.241207 1071.129)
(-0.04919904 4.708456 1931.15)
(-0.04425658 3.771007 3114.59)
(-0.03412248 2.080223 4137.464)
(-0.215573 1.208192 24753.93)
(-0.194128 -0.6576106 6381.261)
(-0.1807536 -2.35898 6431.59)
(-0.06264754 4.309128 356.6024)
(-0.05606099 4.132325 1107.776)
(-0.05229726 3.754431 1995.522)
(-0.04593002 3.06948 3214.328)
(-0.03595374 1.858795 4258.05)
(-0.2307454 4.446296 25433.54)
(-0.2101292 2.90239 6558.174)
(-0.194815 1.546028 6610.763)
(-0.1810065 0.2950031 6611.859)
(-0.03617193 2.656818 364.1218)
(-0.06156919 2.588938 1130.751)
(-0.05460341 2.363316 2036.266)
(-0.04816743 1.962924 3276.658)
(-0.03693277 1.24566 4333.211)
(-0.2419999 4.152201 25855.39)
(-0.2186641 3.14184 6667.903)
(-0.2045955 2.307512 6721.54)
(-0.1890854 1.514782 6723.248)
(-0.1750489 0.7843825 6724.082)
(-0.03427545 0.8570418 1141.913)
(-0.05759999 0.799705 2055.791)
(-0.04949399 0.6694289 3306.979)
(-0.03827451 0.4357126 4368.911)
(-0.245698 1.629794 26056.47)
(-0.2233091 1.288885 6719.743)
(-0.2071453 1.004456 6774.117)
(-0.1929943 0.7404741 6775.947)
(-0.1777054 0.4898706 6777.21)
(-0.1637531 0.2599183 6777.451)
(-0.04251597 -0.6704443 269.7087)
(-0.041049 -0.1793842 265.7486)
(-0.04062359 -0.1561365 827.4575)
(-0.04064996 0.1798597 265.8924)
(-0.03997262 0.1552437 828.0482)
(-0.03799366 0.1022008 1499.868)
(-0.0407934 0.6733625 270.2498)
(-0.04037664 0.5978586 841.3675)
(-0.03810092 0.4259773 1523.835)
(-0.03375676 0.123612 2478.696)
(-0.04219517 1.552971 278.9389)
(-0.04135482 1.412575 868.3762)
(-0.03934118 1.105647 1571.645)
(-0.03454537 0.552331 2554.276)
(-0.02566164 -0.4243382 3444.609)
(-0.04379578 2.958638 292.2496)
(-0.04350335 2.756995 909.3225)
(-0.0410663 2.292938 1644.682)
(-0.03652056 1.468327 2668.5)
(-0.0269857 -0.01406412 3587.69)
(-0.152033 -17.03728 21694.95)
(-0.04711132 4.682426 309.5602)
(-0.04562023 4.416308 962.8975)
(-0.04371565 3.832507 1739.442)
(-0.03870308 2.770007 2816.962)
(-0.02928823 0.8668361 3771.568)
(-0.1687888 -13.33358 22709.61)
(-0.1521642 -14.46688 5842.183)
(-0.05109165 5.74219 328.6224)
(-0.0495584 5.470188 1021.447)
(-0.04613074 4.846621 1843.336)
(-0.04141568 3.743344 2978.255)
(-0.03152572 1.747341 3970.392)
(-0.1920774 -5.623936 23815.15)
(-0.1720763 -7.373038 6135.006)
(-0.1595303 -9.11282 6182.353)
(-0.06088669 5.49067 344.9188)
(-0.05342284 5.245222 1071.817)
(-0.04983091 4.72255 1932.027)
(-0.04364714 3.775353 3116.096)
(-0.03389683 2.09244 4138.435)
(-0.2121568 1.3105 24759.03)
(-0.1926427 -0.5395179 6382.235)
(-0.1778795 -2.25752 6432.797)
(-0.1647295 -3.824303 6433.269)
(-0.03686282 4.28586 356.8475)
(-0.06127291 4.144538 1108.294)
(-0.05296258 3.758268 1996.668)
(-0.04654128 3.081323 3215.541)
(-0.03550814 1.864341 4259.258)
(-0.2295157 4.546089 25437.82)
(-0.2069003 2.979862 6559.385)
(-0.1932563 1.637346 6611.781)
(-0.1782022 0.3730203 6613.099)
(-0.1646351 -0.7822838 6613.53)
(-0.03541935 2.561077 1131.409)
(-0.05833911 2.368557 2037.131)
(-0.04877365 1.967008 3278.198)
(-0.0374428 1.253515 4334.209)
(-0.2393398 4.200628 25860.64)
(-0.2174637 3.202191 6668.929)
(-0.2015263 2.355304 6722.757)
(-0.1875449 1.570575 6724.35)
(-0.1723193 0.8324247 6725.36)
(-0.1585756 0.1590329 6725.376)
(-0.03256231 0.7864352 2056.724)
(-0.05180178 0.6703571 3308.093)
(-0.03876426 0.4376162 4370.17)
(-0.2493963 1.65321 26061)
(-0.2209876 1.304798 6720.94)
(-0.2060354 1.024336 6775.177)
(-0.1901148 0.7564853 6777.18)
(-0.1762034 0.509332 6778.295)
(-0.1612481 0.2766794 6778.724)
(-0.1475846 0.06592606 6778.162)
(-0.04411389 -1.540645 278.2278)
(-0.04179578 -0.6697116 269.9076)
(-0.04139457 -0.5960124 840.3239)
(-0.04063274 -0.1800398 265.8925)
(-0.03996119 -0.1558977 828.0493)
(-0.03800803 -0.1027214 1499.87)
(-0.03996133 0.1802082 266.0837)
(-0.03957526 0.1563605 828.483)
(-0.03739176 0.1019231 1500.854)
(-0.03312338 0.006508919 2442.355)
(-0.04056503 0.6768939 270.3921)
(-0.03971309 0.5988136 841.9568)
(-0.03778036 0.4288667 1524.577)
(-0.03321978 0.1232148 2480.034)
(-0.02458962 -0.4122358 3350.767)
(-0.0414213 1.553701 279.1389)
(-0.04108577 1.418193 868.8284)
(-0.03870498 1.107252 1572.668)
(-0.03434226 0.5571987 2555.318)
(-0.02523668 -0.4232919 3445.63)
(-0.1389116 -15.295 20916.57)
(-0.04399619 2.965285 292.4003)
(-0.04266252 2.757821 909.9533)
(-0.04076281 2.300495 1645.487)
(-0.03592 1.470757 2669.944)
(-0.02685353 -0.007140448 3588.531)
(-0.1492086 -16.98386 21698.34)
(-0.1343423 -17.42743 5571.394)
(-0.04704983 4.685611 309.7794)
(-0.04593187 4.426525 963.3752)
(-0.04283167 3.833703 1740.536)
(-0.03840666 2.779301 2818.11)
(-0.0287871 0.8719778 3772.747)
(-0.1676215 -13.22935 22712.9)
(-0.1494358 -14.38227 5843.264)
(-0.1380384 -15.71445 5886.926)
(-0.05768124 5.762131 328.7813)
(-0.04986016 5.474539 1022.126)
(-0.04663345 4.860454 1844.177)
(-0.04075044 3.746866 2979.752)
(-0.03131589 1.75911 3971.325)
(-0.1889248 -5.516115 23819.95)
(-0.17085 -7.251062 6135.933)
(-0.1568468 -9.007903 6183.535)
(-0.1445883 -10.57148 6183.343)
(-0.03665007 5.47623 345.1778)
(-0.05951064 5.262645 1072.323)
(-0.05039795 4.727121 1933.174)
(-0.04420888 3.789023 3117.274)
(-0.03344138 2.099081 4139.642)
(-0.2111368 1.434219 24763.06)
(-0.1896035 -0.4404302 6383.436)
(-0.1765353 -2.14295 6433.775)
(-0.1620767 -3.724315 6434.498)
(-0.1492063 -5.148625 6434.358)
(-0.03606802 4.122289 1109.023)
(-0.05796716 3.770356 1997.531)
(-0.04720861 3.085903 3217.084)
(-0.03598769 1.875289 4260.224)
(-0.2268719 4.623284 25443.01)
(-0.2058483 3.073571 6560.367)
(-0.1902967 1.714101 6612.992)
(-0.1767897 0.4605125 6614.139)
(-0.1620526 -0.7059593 6614.792)
(-0.1487688 -1.759462 6614.442)
(-0.03358691 2.343409 2038.209)
(-0.05231266 1.972495 3279.341)
(-0.03808224 1.258012 4335.45)
(-0.2428317 4.266724 25864.97)
(-0.2151097 3.248931 6670.122)
(-0.2004731 2.413029 6723.785)
(-0.1847684 1.617734 6725.592)
(-0.1709354 0.8861668 6726.486)
(-0.1560375 0.2060938 6726.679)
(-0.1426287 -0.4065066 6725.909)
(-0.02935691 0.6595827 3309.294)
(-0.04114885 0.4390856 4371.003)
(-0.2557173 1.671514 26066.54)
(-0.2243158 1.326312 6721.968)
(-0.2039102 1.040011 6776.373)
(-0.1891265 0.7753102 6778.263)
(-0.1735057 0.5251522 6779.552)
(-0.1598714 0.295985 6779.831)
(-0.1452919 0.08254675 6779.458)
(-0.1319632 -0.1076826 6778.384)
(-0.04658094 -2.939032 291.2909)
(-0.0433619 -1.540356 278.432)
(-0.04295888 -1.406073 866.6828)
(-0.04142786 -0.6725362 270.0547)
(-0.04069133 -0.5953061 840.924)
(-0.03873608 -0.4270523 1522.839)
(-0.03994003 -0.1802858 266.0838)
(-0.03955885 -0.1565289 828.4833)
(-0.0373816 -0.102511 1500.856)
(-0.03313468 -0.006910147 2442.358)
(-0.03977938 0.1816216 266.2219)
(-0.03890217 0.1566762 829.0604)
(-0.03702597 0.1029572 1501.578)
(-0.03258415 0.006299963 2443.671)
(-0.02408759 -0.1620651 3304.595)
(-0.039857 0.6770595 270.5852)
(-0.03949201 0.6022358 842.3861)
(-0.03715367 0.429732 1525.56)
(-0.03294539 0.1257856 2481.021)
(-0.02416917 -0.4121587 3351.744)
(-0.131324 -10.13913 20404.59)
(-0.04160663 1.558529 279.2811)
(-0.040331 1.41893 869.432)
(-0.03845822 1.112611 1573.421)
(-0.03377728 0.5588371 2556.688)
(-0.02508001 -0.4192372 3446.391)
(-0.1362013 -15.26971 20919.33)
(-0.1226511 -15.30237 5360.392)
(-0.04341569 2.966995 292.6109)
(-0.04286212 2.764475 910.4081)
(-0.03997845 2.30165 1646.541)
(-0.03566745 1.478033 2671.023)
(-0.02639878 -0.00373526 3589.638)
(-0.1481661 -16.91862 21700.93)
(-0.1317658 -17.37676 5572.35)
(-0.1214537 -18.11464 5612.349)
(-0.05377755 4.704715 309.9272)
(-0.04587363 4.429915 964.035)
(-0.04313003 3.843935 1741.332)
(-0.03764739 2.781766 2819.583)
(-0.0285968 0.8815618 3773.637)
(-0.1647567 -13.14225 22717.17)
(-0.1483666 -14.28451 5844.112)
(-0.1354745 -15.63231 5888.017)
(-0.1244414 -16.77664 5887.395)
(-0.03549636 5.753655 329.0453)
(-0.05633473 5.494387 1022.609)
(-0.04694919 4.865385 1845.31)
(-0.04119828 3.760411 2980.88)
(-0.0308315 1.765496 3972.514)
(-0.1881338 -5.388265 23823.61)
(-0.1680659 -7.146699 6137.103)
(-0.1557458 -8.88967 6184.469)
(-0.1421056 -10.46893 6184.543)
(-0.1301838 -11.84843 6183.816)
(-0.03583459 5.248993 1073.093)
(-0.05620337 4.744234 1934.018)
(-0.04477763 3.79462 3118.818)
(-0.0338765 2.112109 4140.572)
(-0.2085056 1.533286 24768.1)
(-0.1887448 -0.3237153 6384.375)
(-0.1737581 -2.04461 6434.978)
(-0.1608652 -3.613652 6435.496)
(-0.1467656 -5.050661 6435.608)
(-0.1342145 -6.324371 6434.747)
(-0.03413361 3.750568 1998.729)
(-0.05180403 3.097718 3218.227)
(-0.03664029 1.881348 4261.466)
(-0.2301217 4.724583 25447.13)
(-0.203506 3.148338 6561.559)
(-0.1893757 1.804439 6613.977)
(-0.1740899 0.5361839 6615.374)
(-0.1607777 -0.6224872 6615.854)
(-0.1463986 -1.68519 6615.727)
(-0.133441 -2.630589 6614.628)
(-0.03016088 1.952304 3280.753)
(-0.04124151 1.263997 4336.314)
(-0.2492675 4.318618 25870.39)
(-0.2182735 3.310355 6671.104)
(-0.1983347 2.459289 6724.977)
(-0.1838539 1.672739 6726.642)
(-0.1684393 0.9324799 6727.752)
(-0.1548004 0.2576398 6727.826)
(-0.1402754 -0.3606592 6727.234)
(-0.1272443 -0.9085437 6725.965)
(-0.02346934 0.4328377 4371.826)
(-0.279936 1.692974 26069.96)
(-0.2304642 1.343569 6723.221)
(-0.2069765 1.060277 6777.402)
(-0.1871913 0.7906869 6779.484)
(-0.1726317 0.5429036 6780.658)
(-0.1573511 0.3115359 6781.112)
(-0.1440329 0.1015876 6780.586)
(-0.1298729 -0.0913113 6779.702)
(-0.1169077 -0.2595538 6857.149)
(-0.0499007 -4.649331 308.3957)
(-0.04585441 -2.94063 291.5034)
(-0.0453806 -2.738049 907.0613)
(-0.04309731 -1.545781 278.5863)
(-0.04222495 -1.405845 867.2989)
(-0.04022129 -1.100802 1569.843)
(-0.04072065 -0.6734634 270.2498)
(-0.0403347 -0.5980422 841.3681)
(-0.03807326 -0.4264572 1523.839)
(-0.03378549 -0.1239439 2478.703)
(-0.03978068 -0.180873 266.2216)
(-0.03888177 -0.1567537 829.0606)
(-0.03701137 -0.1031024 1501.578)
(-0.0325762 -0.006772227 2443.674)
(-0.02409363 0.1618732 3304.598)
(-0.03909706 0.1813135 266.4118)
(-0.03872497 0.1580396 829.4773)
(-0.03639113 0.1032262 1502.54)
(-0.03227521 0.007199563 2444.632)
(-0.02366688 -0.1621391 3305.549)
(-0.1279096 -3.504687 20153.15)
(-0.03997216 0.6800495 270.721)
(-0.03879981 0.6023816 842.969)
(-0.03694961 0.4329312 1526.275)
(-0.0323897 0.1265633 2482.335)
(-0.02397914 -0.4101554 3352.449)
(-0.1286681 -10.12988 20406.94)
(-0.1159705 -10.03701 5220.444)
(-0.04074108 1.559976 279.4834)
(-0.04051408 1.4237 869.8614)
(-0.03775069 1.113425 1574.429)
(-0.03357039 0.5637523 2557.695)
(-0.02465054 -0.4174778 3447.415)
(-0.135288 -15.23578 20921.31)
(-0.1201861 -15.27822 5361.25)
(-0.1106951 -15.57779 5398.163)
(-0.04968501 2.982017 292.7455)
(-0.04230136 2.766304 911.0423)
(-0.0401709 2.308306 1647.3)
(-0.03498816 1.479836 2672.439)
(-0.02623751 0.003032456 3590.453)
(-0.1455074 -16.86655 21704.46)
(-0.1307867 -17.31646 5573.081)
(-0.1190381 -18.06597 5613.322)
(-0.1091048 -18.64162 5612.569)
(-0.03382929 4.703491 310.1914)
(-0.05246961 4.448831 964.4861)
(-0.04310278 3.847811 1742.433)
(-0.03792004 2.791987 2820.65)
(-0.02806552 0.8864604 3774.79)
(-0.1641818 -13.03851 22720.35)
(-0.1458233 -14.20079 5845.218)
(-0.1344629 -15.53856 5888.878)
(-0.1220358 -16.69752 5888.5)
(-0.1114036 -17.64859 5887.428)
(-0.03468192 5.486609 1023.392)
(-0.05309972 4.884811 1846.118)
(-0.04153683 3.766417 2982.407)
(-0.03118013 1.778618 3973.396)
(-0.1855366 -5.283539 23828.34)
(-0.1674265 -7.025823 6137.987)
(-0.1532234 -8.786324 6185.644)
(-0.141121 -10.35491 6185.494)
(-0.1278928 -11.74883 6185.033)
(-0.1163421 -12.9361 6183.671)
(-0.03384781 4.732535 1935.287)
(-0.05003816 3.811106 3119.939)
(-0.03442999 2.119748 4141.814)
(-0.2113825 1.659287 24771.95)
(-0.1864212 -0.2277636 6385.557)
(-0.1730204 -1.931595 6435.921)
(-0.15834 -3.516615 6436.72)
(-0.1456779 -4.944273 6436.626)
(-0.1319762 -6.228967 6436.017)
(-0.1197842 -7.34393 6434.469)
(-0.030522 3.082397 3219.813)
(-0.04047688 1.892778 4262.333)
(-0.2361205 4.806252 25452.49)
(-0.2064455 3.243341 6562.502)
(-0.1872451 1.878683 6615.169)
(-0.1732919 0.6229359 6616.38)
(-0.1583275 -0.5482647 6617.111)
(-0.1452524 -1.605922 6616.809)
(-0.1312735 -2.55872 6615.935)
(-0.1186854 -3.389613 6614.363)
(-0.02387124 1.252778 4337.352)
(-0.2758997 4.385766 25873.96)
(-0.224403 3.360061 6672.334)
(-0.2012718 2.517865 6725.961)
(-0.1819234 1.718321 6727.859)
(-0.1676547 0.9846805 6728.824)
(-0.1525719 0.3028934 6729.116)
(-0.1391749 -0.3114499 6728.403)
(-0.1250689 -0.8641373 6727.312)
(-0.1124415 -1.342913 6803.242)
(-0.1619748 1.68401 26073.06)
(-0.2534871 1.364524 6723.967)
(-0.2131359 1.076962 6778.654)
(-0.1899996 0.8096951 6780.537)
(-0.1708794 0.5579225 6781.903)
(-0.1565837 0.3281979 6782.241)
(-0.1416859 0.1167902 6781.89)
(-0.1287241 -0.07264644 6780.852)
(-0.1150098 -0.2435433 6858.517)
(-0.09777135 -0.3607654 30890.69)
(-0.05365625 -5.697708 327.1951)
(-0.04920872 -4.652585 308.6181)
(-0.04864656 -4.392595 959.864)
(-0.0456603 -2.948732 291.6679)
(-0.04467008 -2.739741 907.7019)
(-0.04253409 -2.281399 1641.714)
(-0.04234638 -1.547437 278.7889)
(-0.04196617 -1.411148 867.7645)
(-0.03953032 -1.100768 1570.871)
(-0.03512624 -0.5523121 2552.91)
(-0.04055727 -0.6760695 270.3908)
(-0.03964354 -0.598913 841.9568)
(-0.03774308 -0.4290264 1524.578)
(-0.03319808 -0.1236028 2480.04)
(-0.02460505 0.4120706 3350.773)
(-0.03911672 -0.1813315 266.4117)
(-0.03872599 -0.1573198 829.4763)
(-0.03637281 -0.1033014 1502.54)
(-0.03226374 -0.007306394 2444.632)
(-0.02366284 0.1618711 3305.552)
(-0.127909 3.505311 20153.16)
(-0.03914292 0.1824075 266.5439)
(-0.03805701 0.1577351 830.0506)
(-0.03622572 0.1044855 1503.234)
(-0.0317139 0.007416082 2445.915)
(-0.02346066 -0.1614777 3306.225)
(-0.1252763 -3.502897 20155.3)
(-0.1129882 -3.453772 5151.404)
(-0.03899817 0.6815347 270.9153)
(-0.0389142 0.6053034 843.3792)
(-0.03629766 0.4330857 1527.247)
(-0.03221645 0.12939 2483.286)
(-0.02355873 -0.4094886 3353.41)
(-0.1278697 -10.1148 20408.52)
(-0.1135538 -10.02807 5221.236)
(-0.1046097 -10.10893 5255.994)
(-0.04658974 1.569265 279.6067)
(-0.03967667 1.425155 870.4707)
(-0.0379234 1.118065 1575.145)
(-0.03295212 0.5647741 2559.045)
(-0.02451526 -0.4133702 3448.154)
(-0.1327628 -15.21207 20924.14)
(-0.1193584 -15.24734 5361.871)
(-0.1083945 -15.55469 5399.041)
(-0.09927424 -15.73641 5398.275)
(-0.03174063 2.985709 293.0008)
(-0.04845239 2.781083 911.4545)
(-0.0396807 2.31045 1648.358)
(-0.03516568 1.486468 2673.454)
(-0.0257519 0.006084413 3591.539)
(-0.1450544 -16.80108 21707)
(-0.128407 -17.2672 5574.071)
(-0.1180892 -18.00928 5614.068)
(-0.1068431 -18.59533 5613.551)
(-0.09731478 -19.00661 5612.414)
(-0.03302089 4.447953 965.2697)
(-0.04933641 3.866137 1743.189)
(-0.03795093 2.796777 2822.132)
(-0.02829184 0.8966856 3775.608)
(-0.1616875 -12.95345 22724.55)
(-0.1453849 -14.10318 5846.036)
(-0.1321461 -15.45651 5889.994)
(-0.1210774 -16.60816 5889.374)
(-0.1091499 -17.57295 5888.546)
(-0.09894146 -18.32513 5886.935)
(-0.03269336 4.878758 1847.41)
(-0.04706774 3.784974 2983.48)
(-0.03154123 1.786755 3974.614)
(-0.1878822 -5.153409 23831.78)
(-0.1651581 -6.92451 6139.133)
(-0.1527018 -8.669146 6186.535)
(-0.1388485 -10.25326 6186.687)
(-0.1270157 -11.63948 6186.001)
(-0.1142337 -12.84002 6184.904)
(-0.1030869 -13.82737 6182.94)
(-0.03014009 3.802961 3121.628)
(-0.03869003 2.135241 4142.662)
(-0.2163695 1.765115 24777.18)
(-0.1890128 -0.1093621 6386.455)
(-0.1709149 -1.836366 6437.106)
(-0.1577148 -3.407655 6437.684)
(-0.1433939 -4.84908 6437.87)
(-0.1310034 -6.1272 6437.053)
(-0.1177385 -7.251592 6435.758)
(-0.1059446 -8.199847 6433.777)
(-0.02389413 1.885563 4263.547)
(-0.2651227 4.918708 25456.03)
(-0.2121081 3.322311 6563.73)
(-0.189969 1.970157 6616.115)
(-0.1713653 0.6962933 6617.596)
(-0.1576439 -0.4653022 6618.139)
(-0.1430409 -1.533512 6618.089)
(-0.1302466 -2.483823 6617.037)
(-0.1167105 -3.320479 6615.69)
(-0.1045196 -4.029532 6688.438)
(-0.161249 4.380247 25878.13)
(-0.2492188 3.424309 6673.124)
(-0.2072863 2.566696 6727.19)
(-0.1846363 1.773969 6728.866)
(-0.1659237 1.029386 6730.064)
(-0.1519076 0.3522115 6730.21)
(-0.1372 -0.2674686 6729.715)
(-0.1240945 -0.8173976 6728.502)
(-0.1104373 -1.300172 6804.642)
(-0.09381101 -1.5962 30613.81)
(-0.1469835 1.360981 6724.555)
(-0.2356797 1.097967 6779.404)
(-0.1961543 0.8257648 6781.814)
(-0.1734349 0.5756687 6782.979)
(-0.155007 0.3427994 6783.509)
(-0.1410172 0.132351 6783.041)
(-0.126546 -0.05787072 6782.178)
(-0.1139636 -0.2253698 6859.71)
(-0.09613164 -0.3459768 30898.91)
(0.002448563 -0.03723833 3921.261)
(-0.05691428 -5.423071 343.2983)
(-0.05284963 -5.700737 327.4244)
(-0.05234863 -5.428681 1017.826)
(-0.04891994 -4.66247 308.7936)
(-0.04796786 -4.396021 960.5345)
(-0.04567003 -3.808158 1735.472)
(-0.04483633 -2.950413 291.8806)
(-0.0444779 -2.747749 908.1984)
(-0.04186227 -2.283344 1642.783)
(-0.03723848 -1.458542 2665.961)
(-0.04215833 -1.552325 278.9365)
(-0.04123292 -1.41277 868.3759)
(-0.03928602 -1.105825 1571.647)
(-0.03451521 -0.55269 2554.286)
(-0.02568356 0.42424 3444.618)
(-0.03991311 -0.6767944 270.5846)
(-0.03948416 -0.6014454 842.3822)
(-0.03709137 -0.4298261 1525.56)
(-0.03291611 -0.1259056 2481.023)
(-0.02415806 0.4119319 3351.75)
(-0.1313242 10.13942 20404.62)
(-0.03911923 -0.1824068 266.5436)
(-0.03807537 -0.1577492 830.0501)
(-0.03622633 -0.1038346 1503.232)
(-0.03169925 -0.007485938 2445.915)
(-0.0234547 0.1614364 3306.226)
(-0.1252846 3.502661 20155.31)
(-0.1129827 3.45457 5151.407)
(-0.03818405 0.1832025 266.7337)
(-0.03810424 0.1588019 830.4495)
(-0.03559514 0.1042095 1504.189)
(-0.03157068 0.008500355 2446.836)
(-0.02303927 -0.1613356 3307.154)
(-0.1245332 -3.498528 20156.68)
(-0.110593 -3.452022 5152.162)
(-0.1019112 -3.462122 5185.83)
(-0.04460227 0.6858644 271.0304)
(-0.0379693 0.6067335 843.9645)
(-0.03640553 0.4358649 1527.931)
(-0.03164199 0.1296207 2484.586)
(-0.02344116 -0.407332 3354.091)
(-0.1254333 -10.10666 20410.86)
(-0.1128703 -10.01454 5221.782)
(-0.1023555 -10.10044 5256.81)
(-0.09377446 -10.11181 5256.055)
(-0.03008417 1.572449 279.8522)
(-0.04541657 1.434285 870.8493)
(-0.03717703 1.119595 1576.161)
(-0.03310476 0.5691808 2560.001)
(-0.02406337 -0.4119197 3449.165)
(-0.1323382 -15.17782 20926.1)
(-0.1170877 -15.2254 5362.741)
(-0.1076221 -15.52634 5399.682)
(-0.09713022 -15.71459 5399.162)
(-0.0883992 -15.77846 5398.051)
(-0.03096989 2.784769 912.2099)
(-0.04549205 2.32459 1649.049)
(-0.03480387 1.48923 2674.876)
(-0.02590237 0.01265033 3592.299)
(-0.1426238 -16.74952 21710.48)
(-0.1280646 -17.20648 5574.783)
(-0.1159037 -17.9621 5615.076)
(-0.1059221 -18.54246 5614.309)
(-0.09520005 -18.96301 5613.405)
(-0.08609017 -19.20756 5611.804)
(-0.03104868 3.866249 1744.482)
(-0.04350412 2.813966 2823.136)
(-0.02841062 0.9032622 3776.773)
(-0.1634526 -12.84721 22727.44)
(-0.1432546 -14.02132 5847.115)
(-0.131817 -15.36257 5890.823)
(-0.1189763 -16.52838 5890.504)
(-0.1082406 -17.48832 5889.432)
(-0.09683336 -18.25339 5888.064)
(-0.08706819 -18.8019 5885.944)
(-0.02898144 3.781981 2985.205)
(-0.03593931 1.803843 3975.415)
(-0.1913684 -5.040163 23836.66)
(-0.1672755 -6.802384 6139.963)
(-0.1506732 -8.568872 6187.686)
(-0.138435 -10.14025 6187.596)
(-0.1249806 -11.54017 6187.211)
(-0.1134548 -12.73572 6185.887)
(-0.1011517 -13.7353 6184.188)
(-0.09043936 -14.51572 6181.844)
(-0.02333031 2.133617 4143.977)
(-0.2468002 1.912275 24780.53)
(-0.1937148 -0.007262182 6387.675)
(-0.1733053 -1.722161 6438.008)
(-0.1558186 -3.313681 6438.889)
(-0.1428721 -4.744512 6438.853)
(-0.1289491 -6.034379 6438.318)
(-0.1168712 -7.154769 6436.811)
(-0.1040812 -8.111044 6435.084)
(-0.09271028 -8.883176 6502.614)
(-0.1574491 4.944687 25461.03)
(-0.2387632 3.428474 6564.528)
(-0.1954761 2.04846 6617.343)
(-0.1738761 0.7840357 6618.564)
(-0.155913 -0.3931931 6619.377)
(-0.1424627 -1.454534 6619.137)
(-0.1282625 -2.413581 6618.338)
(-0.1157936 -3.250096 6616.811)
(-0.1027273 -3.963447 6689.823)
(-0.08695933 -4.279973 30024.6)
(-0.1458652 3.428884 6673.988)
(-0.2310881 2.629838 6727.985)
(-0.190528 1.821741 6730.12)
(-0.1684158 1.082036 6731.094)
(-0.1503673 0.3958405 6731.473)
(-0.1366463 -0.2211016 6730.83)
(-0.1223587 -0.7748961 6729.835)
(-0.1095783 -1.256031 6805.88)
(-0.09205184 -1.557314 30622.28)
(0.002543975 -0.1213876 3889.315)
(-0.1369788 1.099373 6779.991)
(-0.2181883 0.8467296 6782.59)
(-0.1795675 0.5910824 6784.282)
(-0.1573161 0.3592833 6784.608)
(-0.1396083 0.1464757 6784.332)
(-0.1259676 -0.04341809 6783.35)
(-0.1119503 -0.2110998 6861.085)
(-0.09522164 -0.3292467 30906.04)
(0.002470422 -0.03663359 3922.66)
(0.007103103 0.02607853 2349.855)
(-0.0595563 -4.246415 354.961)
(-0.05602918 -5.426082 343.5292)
(-0.0555685 -5.194074 1067.441)
(-0.05235066 -5.711644 327.6073)
(-0.05155902 -5.431994 1018.517)
(-0.04924371 -4.816541 1838.138)
(-0.04799995 -4.66312 309.0151)
(-0.04768463 -4.40591 961.0637)
(-0.04502415 -3.811993 1736.591)
(-0.04013588 -2.752813 2812.771)
(-0.04458814 -2.957727 292.0376)
(-0.04367437 -2.749516 908.8402)
(-0.04167593 -2.291145 1643.611)
(-0.03663948 -1.461005 2667.396)
(-0.02743329 0.01736856 3586.613)
(-0.04150699 -1.553301 279.1377)
(-0.04105021 -1.41757 868.8214)
(-0.03859583 -1.107426 1572.667)
(-0.03429875 -0.5573357 2555.32)
(-0.02522096 0.4230803 3445.64)
(-0.1389183 15.29495 20916.61)
(-0.03996079 -0.679856 270.7204)
(-0.03885289 -0.6021302 842.9673)
(-0.036942 -0.4322202 1526.269)
(-0.03234014 -0.1266473 2482.335)
(-0.02396401 0.4101005 3352.45)
(-0.1286872 10.12949 20406.97)
(-0.115958 10.03745 5220.452)
(-0.03800801 -0.1828725 266.7341)
(-0.03808245 -0.1587874 830.4485)
(-0.03561103 -0.1042192 1504.189)
(-0.03157088 -0.00797318 2446.833)
(-0.02303126 0.1612756 3307.155)
(-0.1245396 3.498885 20156.68)
(-0.1106049 3.452003 5152.166)
(-0.1019011 3.463088 5185.834)
(-0.04363775 0.1858217 266.8437)
(-0.03716817 0.1595479 831.0211)
(-0.03564118 0.1052159 1504.854)
(-0.03101301 0.00829469 2448.112)
(-0.02293716 -0.1605662 3307.804)
(-0.1221439 -3.497067 20158.78)
(-0.1099788 -3.448173 5152.671)
(-0.09967938 -3.460489 5186.614)
(-0.09135312 -3.447839 5185.869)
(-0.02895977 0.6884313 271.267)
(-0.04346707 0.6110434 844.3189)
(-0.03555613 0.4372161 1528.906)
(-0.03173741 0.1321543 2485.495)
(-0.02301279 -0.4069315 3355.046)
(-0.1249972 -10.09144 20412.41)
(-0.110679 -10.00724 5222.563)
(-0.1017577 -10.0883 5257.377)
(-0.09167485 -10.10388 5256.878)
(-0.08347022 -10.04641 5255.802)
(-0.02934392 1.437429 871.5749)
(-0.04259582 1.128301 1576.797)
(-0.03252333 0.5709037 2561.364)
(-0.02418092 -0.4079635 3449.863)
(-0.1299285 -15.15367 20928.92)
(-0.1167496 -15.19422 5363.348)
(-0.1055288 -15.50607 5400.573)
(-0.09640813 -15.68885 5399.811)
(-0.08640397 -15.75811 5398.945)
(-0.07806953 -15.70399 5397.421)
(-0.02907818 2.328507 1650.293)
(-0.03996879 1.502205 2675.79)
(-0.0257509 0.01659541 3593.394)
(-0.1438774 -16.6813 21712.83)
(-0.1259496 -17.15742 5575.754)
(-0.1156497 -17.90477 5615.803)
(-0.1039217 -18.49772 5615.326)
(-0.09430479 -18.9141 5614.172)
(-0.08411566 -19.1669 5612.803)
(-0.0754344 -19.2433 5610.765)
(-0.02737478 2.815919 2824.867)
(-0.03273135 0.9184802 3777.505)
(-0.1652719 -12.75345 22731.71)
(-0.1448778 -13.92158 5847.854)
(-0.1299634 -15.28223 5891.913)
(-0.118746 -16.43851 5891.347)
(-0.1063444 -17.41134 5890.575)
(-0.0959692 -18.17376 5888.962)
(-0.08509958 -18.73438 5887.084)
(-0.07579381 -19.07548 5884.638)
(-0.02215253 1.806398 3976.761)
(-0.2216642 -4.88187 23839.63)
(-0.1705935 -6.693761 6141.139)
(-0.1526297 -8.451341 6188.523)
(-0.1366351 -10.04166 6188.765)
(-0.1246651 -11.43174 6188.136)
(-0.1116445 -12.63936 6187.114)
(-0.100462 -13.63641 6185.186)
(-0.08866803 -14.42808 6183.107)
(-0.07840822 -14.99276 6243.374)
(-0.1495581 1.977518 24785.91)
(-0.2214718 0.130875 6388.454)
(-0.1778738 -1.621189 6439.23)
(-0.1580104 -3.203987 6439.812)
(-0.1411761 -4.652315 6440.079)
(-0.1285215 -5.934524 6439.319)
(-0.1150349 -7.064823 6438.095)
(-0.10331 -8.019449 6436.154)
(-0.09101906 -8.798337 6503.985)
(-0.07672732 -8.882173 29073.32)
(-0.1419187 3.461831 6565.614)
(-0.2206692 2.151397 6618.148)
(-0.1792235 0.8613057 6619.816)
(-0.158214 -0.3093735 6620.367)
(-0.1409188 -1.384036 6620.397)
(-0.1277805 -2.338769 6619.406)
(-0.1140249 -3.182362 6618.132)
(-0.1019108 -3.897704 6690.993)
(-0.08540819 -4.220189 30033.1)
(0.002582665 -0.2226349 3821.702)
(-0.1354672 2.643858 6728.848)
(-0.2133128 1.883584 6730.941)
(-0.1741761 1.128569 6732.373)
(-0.1526426 0.4454305 6732.525)
(-0.1352873 -0.1787472 6732.116)
(-0.1219051 -0.7315362 6730.971)
(-0.1080664 -1.215214 6807.265)
(-0.09132912 -1.517867 30629.72)
(0.002586885 -0.1203141 3890.719)
(0.007067846 0.09465806 2329.116)
(-0.1271409 0.8527654 6783.21)
(-0.2010586 0.6119141 6785.082)
(-0.1634071 0.3740023 6785.936)
(-0.1416782 0.161702 6785.453)
(-0.1247185 -0.02982769 6784.663)
(-0.1114537 -0.1977586 6862.301)
(-0.09345137 -0.3162258 30914.24)
(0.002495366 -0.03593908 3923.88)
(0.007072546 0.02627738 2351.352)
(0.007811411 0.1051519 1232.819)
(-0.06152665 -2.644326 362.2392)
(-0.05860432 -4.250801 355.1926)
(-0.05817788 -4.081418 1103.353)
(-0.05545631 -5.43793 343.7171)
(-0.05470302 -5.197364 1068.136)
(-0.05237218 -4.673804 1925.88)
(-0.05135586 -5.712248 327.8326)
(-0.05107385 -5.442972 1019.068)
(-0.04849564 -4.820496 1839.291)
(-0.04347734 -3.712128 2972.758)
(-0.04768828 -4.672372 309.1819)
(-0.04678853 -4.406843 961.7317)
(-0.04475484 -3.82187 1737.474)
(-0.03955294 -2.757441 2814.277)
(-0.02990741 -0.850781 3769.487)
(-0.04390939 -2.958429 292.248)
(-0.04343438 -2.756782 909.3139)
(-0.04092158 -2.293143 1644.683)
(-0.03646615 -1.468444 2668.504)
(-0.02697049 0.01388334 3587.703)
(-0.152058 17.03692 21695)
(-0.04165017 -1.558393 279.28)
(-0.04041237 -1.418548 869.4285)
(-0.03842593 -1.112047 1573.41)
(-0.03369051 -0.5589791 2556.688)
(-0.02505733 0.4191673 3446.393)
(-0.1362214 15.26929 20919.37)
(-0.1226396 15.3024 5360.404)
(-0.03880314 -0.681934 270.9157)
(-0.03890382 -0.605115 843.3773)
(-0.03634436 -0.4328648 1527.245)
(-0.03220989 -0.1288201 2483.276)
(-0.02353206 0.4094184 3353.41)
(-0.1278905 10.11495 20408.52)
(-0.1135827 10.02786 5221.244)
(-0.1045854 10.1095 5256.002)
(-0.04336755 -0.1821404 266.8456)
(-0.03700751 -0.1592425 831.0222)
(-0.03562279 -0.1051827 1504.852)
(-0.03102512 -0.008304834 2448.111)
(-0.02293748 0.1608671 3307.801)
(-0.1221447 3.496558 20158.78)
(-0.1099903 3.448571 5152.672)
(-0.09969476 3.460672 5186.617)
(-0.09133886 3.44895 5185.872)
(-0.02836441 0.1881203 267.0732)
(-0.04251331 0.1620655 831.361)
(-0.03479149 0.1058797 1505.806)
(-0.0310567 0.009194047 2448.994)
(-0.02251797 -0.1606429 3308.733)
(-0.1216933 -3.492617 20160.13)
(-0.1078344 -3.446942 5153.407)
(-0.0991653 -3.457124 5187.144)
(-0.08927682 -3.446352 5186.659)
(-0.08131728 -3.411269 5185.603)
(-0.02824097 0.6135934 845.0173)
(-0.0407387 0.4413993 1529.502)
(-0.0310633 0.1334118 2486.8)
(-0.02308834 -0.4048568 3355.695)
(-0.1225824 -10.08274 20414.78)
(-0.1103124 -9.993689 5223.094)
(-0.09973885 -10.08195 5258.181)
(-0.09115442 -10.09318 5257.453)
(-0.0815175 -10.03914 5256.631)
(-0.07369277 -9.913359 5255.171)
(-0.02752084 1.131512 1577.99)
(-0.03732657 0.5788221 2562.2)
(-0.02387446 -0.4058688 3450.891)
(-0.1307821 -15.11699 20930.76)
(-0.114619 -15.17156 5364.209)
(-0.1052577 -15.47738 5401.199)
(-0.09448387 -15.67043 5400.71)
(-0.08572728 -15.73503 5399.602)
(-0.07621547 -15.68526 5398.32)
(-0.06828208 -15.51364 5396.406)
(-0.02554358 1.506713 2677.453)
(-0.02973585 0.02752142 3594.037)
(-0.1444207 -16.62211 21716.39)
(-0.1271079 -17.0936 5576.412)
(-0.1137692 -17.85749 5616.791)
(-0.1037464 -18.44401 5616.065)
(-0.09248052 -18.8721 5615.199)
(-0.08324448 -19.12207 5613.579)
(-0.07359351 -19.20574 5611.771)
(-0.06534768 -19.11349 5609.442)
(-0.02061342 0.923857 3778.851)
(-0.1937151 -12.61973 22734.12)
(-0.1466814 -13.83214 5848.942)
(-0.131492 -15.18644 5892.663)
(-0.1171535 -16.36029 5892.451)
(-0.106202 -17.3259 5891.432)
(-0.09426672 -18.10005 5890.117)
(-0.08427692 -18.65996 5887.993)
(-0.07395871 -19.01241 5885.786)
(-0.06511844 -19.14059 5937.756)
(-0.1374307 -4.785257 23844.91)
(-0.1981045 -6.545963 6141.862)
(-0.1558857 -8.344675 6189.705)
(-0.1384321 -9.92911 6189.619)
(-0.1230821 -11.33547 6189.323)
(-0.1114165 -12.53592 6188.054)
(-0.09886337 -13.54354 6186.428)
(-0.08805824 -14.33489 6184.117)
(-0.07679148 -14.90991 6244.705)
(-0.06438886 -14.49441 27754.05)
(-0.1343008 0.1992839 6389.654)
(-0.2038924 -1.488048 6440.018)
(-0.1624424 -3.104665 6441.057)
(-0.143173 -4.547427 6441.021)
(-0.1270161 -5.844611 6440.565)
(-0.114692 -6.969975 6439.114)
(-0.1016796 -7.932843 6437.455)
(-0.09033473 -8.712222 6505.109)
(-0.07526026 -8.805251 29081.88)
(0.00266339 -0.3176279 3713.293)
(-0.1312868 2.192296 6619.233)
(-0.2029738 0.9607708 6620.646)
(-0.163397 -0.2335034 6621.643)
(-0.1430143 -1.304322 6621.407)
(-0.1264144 -2.270237 6620.687)
(-0.1136295 -3.111877 6619.219)
(-0.1003453 -3.832804 6692.371)
(-0.08471215 -4.162036 30040.27)
(0.002603876 -0.2213482 3823.066)
(0.006846486 0.2221163 2285.517)
(-0.125267 1.906368 6731.838)
(-0.1959417 1.188916 6733.219)
(-0.1582619 0.4905434 6733.828)
(-0.1373508 -0.1322706 6733.19)
(-0.1207179 -0.6906496 6732.278)
(-0.1077024 -1.174908 6808.446)
(-0.09008244 -1.480815 30638.05)
(0.002590855 -0.1196558 3891.952)
(0.007059261 0.09453431 2330.604)
(0.007727801 0.3468998 1220.614)
(-0.1174947 0.6222258 6785.734)
(-0.1843168 0.3946027 6786.761)
(-0.1477065 0.1756907 6786.805)
(-0.1265577 -0.01584813 6785.806)
(-0.1103564 -0.1847595 6863.663)
(-0.09304564 -0.3045891 30921.46)
(0.002538052 -0.03554236 3925.278)
(0.007074942 0.026513 2352.66)
(0.007770718 0.105185 1233.869)
(0.007504764 0.1676595 604.3534)
(-0.06210561 -0.8914044 365.6799)
(-0.06057504 -2.646279 362.4728)
(-0.06011955 -2.547251 1125.753)
(-0.05795949 -4.263043 355.3851)
(-0.05724759 -4.085952 1104.049)
(-0.05490396 -3.706631 1989.3)
(-0.05446471 -5.439915 343.9437)
(-0.05414611 -5.209231 1068.702)
(-0.05155381 -4.677718 1927.04)
(-0.04644232 -3.737343 3109.012)
(-0.0510082 -5.723455 328.0063)
(-0.05010513 -5.443957 1019.747)
(-0.04804296 -4.8316 1840.21)
(-0.04280796 -3.717283 2974.311)
(-0.03285014 -1.721523 3966.988)
(-0.04692564 -4.672351 309.4004)
(-0.04648771 -4.416132 962.2347)
(-0.04391554 -3.823456 1738.59)
(-0.03931075 -2.767291 2815.462)
(-0.02944361 -0.8570078 3770.659)
(-0.1718313 13.42185 22705.5)
(-0.04409753 -2.965412 292.3992)
(-0.0427706 -2.757618 909.9487)
(-0.04070058 -2.300293 1645.473)
(-0.03580422 -1.47092 2669.946)
(-0.0268242 0.007072834 3588.535)
(-0.1492135 16.98337 21698.4)
(-0.1343487 17.42712 5571.407)
(-0.04059948 -1.560668 279.4837)
(-0.04055575 -1.423564 869.8584)
(-0.03782267 -1.113085 1574.423)
(-0.03354438 -0.563296 2557.678)
(-0.02460387 0.4173854 3447.416)
(-0.1353172 15.23581 20921.32)
(-0.1202201 15.27797 5361.261)
(-0.1106668 15.5779 5398.175)
(-0.0442773 -0.6860894 271.03)
(-0.03778546 -0.6071088 843.9654)
(-0.03639691 -0.4356896 1527.928)
(-0.03167807 -0.1294542 2484.582)
(-0.02343799 0.4076434 3354.081)
(-0.1254472 10.106 20410.86)
(-0.1129043 10.01474 5221.784)
(-0.1023938 10.10039 5256.818)
(-0.09373937 10.1125 5256.064)
(-0.02824729 -0.1818919 267.0771)
(-0.04226958 -0.1586345 831.3653)
(-0.03465713 -0.1056214 1505.807)
(-0.03104304 -0.009142358 2448.992)
(-0.02252451 0.1606089 3308.732)
(-0.1217094 3.492824 20160.12)
(-0.1078419 3.446469 5153.407)
(-0.09918159 3.457561 5187.145)
(-0.08929535 3.446725 5186.662)
(-0.08129924 3.412504 5185.607)
(-0.02765387 0.1642392 832.0387)
(-0.0398223 0.1081875 1506.378)
(-0.03037302 0.009744978 2450.266)
(-0.02256088 -0.1599473 3309.354)
(-0.1192809 -3.491084 20162.28)
(-0.1074397 -3.443094 5153.896)
(-0.09719541 -3.456186 5187.905)
(-0.08885287 -3.443479 5187.197)
(-0.07938862 -3.409952 5186.398)
(-0.07179785 -3.352712 5184.972)
(-0.02646831 0.4439411 1530.649)
(-0.03564205 0.137279 2487.58)
(-0.02271187 -0.4037612 3356.661)
(-0.1232262 -10.06599 20416.26)
(-0.1081515 -9.985586 5223.874)
(-0.09942409 -10.06988 5258.732)
(-0.08929981 -10.08783 5258.264)
(-0.0810662 -10.02987 5257.213)
(-0.0718793 -9.906816 5256.005)
(-0.06443552 -9.713604 5254.182)
(-0.02410895 0.5822579 2563.791)
(-0.02755033 -0.3994104 3451.456)
(-0.1305543 -15.08768 20933.7)
(-0.1153912 -15.13769 5364.78)
(-0.1033305 -15.45611 5402.081)
(-0.09427191 -15.64433 5401.346)
(-0.08396392 -15.71857 5400.508)
(-0.07557962 -15.66484 5398.985)
(-0.06656171 -15.49662 5397.31)
(-0.05903101 -15.20862 5395.126)
(-0.01901943 0.03325682 3595.308)
(-0.1701575 -16.53325 21718.14)
(-0.1278173 -17.03739 5577.39)
(-0.1148631 -17.79665 5617.464)
(-0.1020876 -18.39889 5617.063)
(-0.09237437 -18.82219 5615.948)
(-0.0815873 -19.08303 5614.615)
(-0.07274511 -19.16504 5612.555)
(-0.06363398 -19.07915 5610.454)
(-0.05582272 -18.81631 5655.162)
(-0.1228101 -12.51923 22739)
(-0.1723832 -13.70825 5849.577)
(-0.1333344 -15.09935 5893.761)
(-0.1185855 -16.26881 5893.215)
(-0.1048545 -17.25032 5892.548)
(-0.09420157 -18.01933 5890.986)
(-0.08275721 -18.58991 5889.158)
(-0.07317429 -18.94336 5886.705)
(-0.06341119 -19.08213 5938.972)
(-0.05311188 -18.13345 26215.21)
(-0.1229205 -6.449699 6143.078)
(-0.1815432 -8.203105 6190.439)
(-0.1416221 -9.825005 6190.819)
(-0.1247218 -11.22824 6190.193)
(-0.1100384 -12.44253 6189.257)
(-0.09871242 -13.44542 6187.382)
(-0.08665794 -14.24599 6185.373)
(-0.0762527 -14.82267 6245.773)
(-0.0629735 -14.41966 27762.49)
(0.00273932 -0.3499779 3563.755)
(-0.1237287 -1.415243 6441.218)
(-0.1867562 -2.976834 6441.867)
(-0.1474648 -4.450266 6442.288)
(-0.1288224 -5.744808 6441.525)
(-0.1133672 -6.88283 6440.378)
(-0.1014116 -7.843262 6438.49)
(-0.08889786 -8.629384 6506.473)
(-0.07467659 -8.728366 29088.9)
(0.002684003 -0.3159476 3714.604)
(0.006548349 0.4608726 2216.299)
(-0.120887 1.008473 6621.764)
(-0.1857272 -0.1377492 6622.496)
(-0.1480278 -1.230218 6622.707)
(-0.1283094 -2.1948 6621.717)
(-0.1124319 -3.045653 6620.52)
(-0.1000266 -3.766792 6693.506)
(-0.08339569 -4.103191 30048.67)
(0.002614586 -0.2209439 3824.227)
(0.006817892 0.2214957 2286.954)
(0.007437376 0.6875685 1195.057)
(-0.1152926 1.219722 6734.148)
(-0.1790043 0.5491926 6734.699)
(-0.1428188 -0.08875368 6734.516)
(-0.1225754 -0.647326 6733.373)
(-0.1066769 -1.135679 6809.803)
(-0.08980822 -1.445383 30645.12)
(0.002560763 -0.1187164 3893.342)
(0.007042039 0.09385327 2331.907)
(0.007705463 0.3464219 1221.656)
(0.007403952 0.5432291 597.803)
(-0.1080532 0.4088046 6787.442)
(-0.1679912 0.1959569 6787.654)
(-0.1325005 -0.002621886 6787.182)
(-0.111974 -0.1720111 6864.848)
(-0.09213372 -0.2928414 30929.53)
(0.002533807 -0.03557681 3926.502)
(0.007064585 0.02651481 2354.154)
(0.007768861 0.1052237 1234.787)
(0.007465008 0.1676304 604.9641)
(0.007185032 0.2009548 181.8028)
(-0.06108388 -0.8907469 365.9103)
(-0.06069961 -0.8596229 1136.339)
(-0.05981429 -2.653048 362.6714)
(-0.05918938 -2.54933 1126.455)
(-0.05677679 -2.326634 2028.81)
(-0.05693651 -4.265863 355.6117)
(-0.05662063 -4.098102 1104.629)
(-0.05402536 -3.711476 1990.461)
(-0.0488361 -3.032946 3207.185)
(-0.05411491 -5.45231 344.1233)
(-0.05317939 -5.211527 1069.384)
(-0.05103392 -4.689585 1927.983)
(-0.04571201 -3.742406 3110.571)
(-0.035545 -2.054159 4134)
(-0.05034882 -5.724004 328.2284)
(-0.04976919 -5.455223 1020.27)
(-0.04713578 -4.833442 1841.343)
(-0.04241491 -3.7286 2975.545)
(-0.03232795 -1.72906 3968.218)
(-0.1967582 5.863102 23806.58)
(-0.04724117 -4.682579 309.5596)
(-0.04574395 -4.416422 962.8935)
(-0.04363947 -3.832803 1739.429)
(-0.03857691 -2.770095 2816.965)
(-0.02925328 -0.8668786 3771.572)
(-0.168775 13.33291 22709.69)
(-0.1522114 14.4663 5842.198)
(-0.04331241 -2.967574 292.6114)
(-0.04295878 -2.764591 910.405)
(-0.0400744 -2.301466 1646.533)
(-0.03561757 -1.477858 2671.002)
(-0.02633502 0.003643149 3589.64)
(-0.1481803 16.91853 21700.94)
(-0.131784 17.37642 5572.366)
(-0.1214433 18.11437 5612.363)
(-0.04629504 -1.570157 279.605)
(-0.03954167 -1.425808 870.4717)
(-0.03796072 -1.117937 1575.14)
(-0.03300811 -0.5645103 2559.038)
(-0.02450179 0.4136247 3448.137)
(-0.1327854 15.21163 20924.15)
(-0.1194075 15.24743 5361.875)
(-0.1084419 15.5546 5399.053)
(-0.09923059 15.73658 5398.288)
(-0.02881946 -0.6887274 271.2662)
(-0.04315878 -0.6111808 844.3168)
(-0.03539451 -0.4375445 1528.908)
(-0.03173105 -0.1320028 2485.491)
(-0.02303142 0.4069918 3355.043)
(-0.1250271 10.09131 20412.37)
(-0.1107154 10.00663 5222.563)
(-0.1018042 10.08855 5257.379)
(-0.09172187 10.104 5256.885)
(-0.08342539 10.0472 5255.811)
(-0.02755012 -0.1584649 832.0477)
(-0.03962124 -0.10522 1506.383)
(-0.03027368 -0.009556418 2450.268)
(-0.02255261 0.1599999 3309.352)
(-0.119295 3.490107 20162.28)
(-0.1074562 3.443052 5153.894)
(-0.09720913 3.455744 5187.905)
(-0.08887346 3.443944 5187.198)
(-0.07940996 3.410502 5186.401)
(-0.07177646 3.354052 5184.976)
(-0.02590659 0.1101523 1507.492)
(-0.03480856 0.01171346 2451.016)
(-0.02216862 -0.1595635 3310.285)
(-0.1198441 -3.486138 20163.58)
(-0.105271 -3.441611 5154.639)
(-0.09683982 -3.452896 5188.416)
(-0.08704887 -3.442846 5187.963)
(-0.07904502 -3.407571 5186.943)
(-0.07000908 -3.351584 5185.772)
(-0.06278686 -3.272565 5183.995)
(-0.02314893 0.1397942 2489.108)
(-0.02618648 -0.400617 3357.172)
(-0.1226311 -10.05481 20418.72)
(-0.1087416 -9.970358 5224.38)
(-0.09744499 -10.06248 5259.536)
(-0.08903034 -10.07727 5258.823)
(-0.07936777 -10.02558 5258.03)
(-0.07148924 -9.898966 5256.594)
(-0.06275383 -9.707831 5255.02)
(-0.0556897 -9.448389 5252.939)
(-0.01780296 -0.3955485 3452.65)
(-0.1538915 -15.03845 20934.91)
(-0.1154259 -15.11021 5365.659)
(-0.1040414 -15.42444 5402.67)
(-0.09253734 -15.62464 5402.235)
(-0.08380331 -15.69511 5401.153)
(-0.07396927 -15.65043 5399.897)
(-0.06596251 -15.47885 5397.982)
(-0.05743706 -15.19336 5396.035)
(-0.05030481 -14.78909 5435.427)
(-0.1096753 -16.45583 21722.24)
(-0.1510585 -16.95586 5577.909)
(-0.1157487 -17.74246 5618.458)
(-0.1031142 -18.34128 5617.747)
(-0.09092396 -18.77953 5616.955)
(-0.08154082 -19.03703 5615.373)
(-0.07124627 -19.12913 5613.598)
(-0.06280745 -19.04256 5611.246)
(-0.05423012 -18.78522 5656.237)
(-0.04538372 -17.595 24811.95)
(-0.109382 -13.61091 5850.762)
(-0.1571635 -14.98182 5894.412)
(-0.1204601 -16.18462 5894.327)
(-0.1061886 -17.16349 5893.325)
(-0.09308246 -17.94685 5892.114)
(-0.08275841 -18.51416 5890.038)
(-0.07182634 -18.87728 5887.881)
(-0.06266218 -19.01851 5939.948)
(-0.05158298 -18.08126 26223)
(0.002700011 -0.2835624 3389.43)
(-0.1127369 -8.105178 6191.658)
(-0.1654695 -9.690001 6191.574)
(-0.1278411 -11.12726 6191.411)
(-0.1115237 -12.34093 6190.143)
(-0.09752678 -13.35545 6188.599)
(-0.08657346 -14.1535 6186.341)
(-0.0750373 -14.73815 6247.096)
(-0.06251318 -14.34171 27769.27)
(0.002765229 -0.3488311 3564.988)
(0.00616582 0.8148629 2121.934)
(-0.1134224 -2.900411 6443.099)
(-0.1701127 -4.328033 6443.12)
(-0.1329703 -5.650302 6442.813)
(-0.114988 -6.788365 6441.356)
(-0.1002574 -7.759334 6439.772)
(-0.08869499 -8.545299 6507.561)
(-0.07347106 -8.653183 29097.37)
(0.002694342 -0.3149203 3715.693)
(0.006521512 0.4601723 2217.666)
(0.00703538 1.182599 1154.727)
(-0.1107494 -0.08402753 6623.648)
(-0.1689613 -1.138413 6623.584)
(-0.1331479 -2.122822 6623.039)
(-0.114132 -2.974644 6621.57)
(-0.09898789 -3.703205 6694.862)
(-0.0831529 -4.044643 30055.58)
(0.002601319 -0.2195836 3825.583)
(0.006809985 0.219799 2288.185)
(0.007399046 0.6864869 1196.062)
(0.007103847 1.03985 584.117)
(-0.10556 0.587219 6735.659)
(-0.1625321 -0.03201001 6735.41)
(-0.1278808 -0.6055737 6734.723)
(-0.1083347 -1.095538 6810.942)
(-0.08897218 -1.409811 30653.24)
(0.002542699 -0.118612 3894.53)
(0.006958978 0.0936269 2333.383)
(0.007687899 0.3454173 1222.568)
(0.007379088 0.5426898 598.408)
(0.007079183 0.6472335 179.732)
(-0.09883064 0.2136325 6788.364)
(-0.1521117 0.01720413 6788.053)
(-0.1178062 -0.1595761 6866.275)
(-0.09347417 -0.281866 30936.55)
(0.002514172 -0.03531831 3927.889)
(0.007047899 0.02601731 2355.453)
(0.007743157 0.1050984 1235.835)
(0.007463334 0.1675887 605.4987)
(0.007147327 0.2009076 182.0027)
(-0.0604305 -0.8913055 366.1065)
(-0.05970186 -0.859059 1137.031)
(-0.05735889 -0.7873604 2047.468)
(-0.05867706 -2.65507 362.8982)
(-0.05845009 -2.556082 1127.053)
(-0.05589742 -2.328983 2029.981)
(-0.05058512 -1.930236 3268.185)
(-0.056568 -4.277211 355.7959)
(-0.055623 -4.101117 1105.311)
(-0.05343969 -3.723373 1991.426)
(-0.04805347 -3.038362 3208.746)
(-0.03771211 -1.825112 4253.548)
(-0.05354098 -5.454361 344.3471)
(-0.05284043 -5.223914 1069.925)
(-0.05012584 -4.692569 1929.12)
(-0.04525933 -3.75426 3111.837)
(-0.03497764 -2.061495 4135.244)
(-0.2208035 -0.9781928 24744.69)
(-0.05090268 -5.737877 328.3965)
(-0.04912472 -5.456145 1020.94)
(-0.04682649 -4.844801 1842.215)
(-0.04162117 -3.732011 2977.072)
(-0.03204398 -1.740873 3969.184)
(-0.1934458 5.752139 23811.41)
(-0.1750367 7.478883 6133.845)
(-0.04697047 -4.685765 309.7803)
(-0.04605582 -4.426674 963.3737)
(-0.04294207 -3.833803 1740.529)
(-0.03834504 -2.779522 2818.091)
(-0.02871447 -0.8720253 3772.752)
(-0.1675957 13.22906 22712.92)
(-0.1494373 14.38165 5843.283)
(-0.1380802 15.7139 5886.942)
(-0.04941186 -2.982871 292.7433)
(-0.0422024 -2.766851 911.0441)
(-0.04025716 -2.308403 1647.295)
(-0.03506327 -1.479686 2672.429)
(-0.02621065 -0.002910316 3590.432)
(-0.1454995 16.86648 21704.47)
(-0.1308265 17.31643 5573.086)
(-0.119069 18.06577 5613.337)
(-0.1090786 18.6414 5612.583)
(-0.02996826 -1.573888 279.8495)
(-0.04513369 -1.435103 870.8441)
(-0.03705589 -1.120171 1576.163)
(-0.03313423 -0.5690687 2559.994)
(-0.02409209 0.4120461 3449.159)
(-0.1323734 15.17788 20926.02)
(-0.1171505 15.22503 5362.741)
(-0.1076903 15.52648 5399.686)
(-0.09718986 15.71465 5399.172)
(-0.08834158 15.77868 5398.065)
(-0.02810778 -0.6137108 845.0137)
(-0.04046458 -0.441417 1529.496)
(-0.03093657 -0.13367 2486.801)
(-0.02308323 0.4049588 3355.691)
(-0.1225772 10.08188 20414.77)
(-0.1103464 9.99329 5223.082)
(-0.09979676 10.08137 5258.181)
(-0.09121217 10.09345 5257.455)
(-0.08157223 10.0394 5256.638)
(-0.07363928 9.914241 5255.18)
(-0.02582311 -0.1051888 1507.502)
(-0.03466095 -0.009421269 2451.018)
(-0.02211172 0.1596621 3310.286)
(-0.1197828 3.486257 20163.57)
(-0.1052803 3.440627 5154.639)
(-0.09685722 3.452619 5188.413)
(-0.08706839 3.44244 5187.963)
(-0.07906943 3.408055 5186.944)
(-0.07003287 3.352292 5185.775)
(-0.06276257 3.273991 5183.998)
(-0.02264044 0.01338518 2452.498)
(-0.02552394 -0.1581441 3310.767)
(-0.1191205 -3.483156 20165.79)
(-0.1058042 -3.437183 5155.108)
(-0.09484457 -3.451537 5189.183)
(-0.08672718 -3.440115 5188.482)
(-0.0773985 -3.407248 5187.714)
(-0.06973633 -3.349684 5186.323)
(-0.06113036 -3.271637 5184.799)
(-0.05427442 -3.171314 5182.769)
(-0.01701286 -0.3982543 3358.301)
(-0.1443177 -10.03204 20419.57)
(-0.1084484 -9.960261 5225.172)
(-0.09799418 -10.04856 5260.063)
(-0.08722422 -10.07067 5259.633)
(-0.07913731 -10.01652 5258.597)
(-0.06993922 -9.895744 5257.415)
(-0.06241741 -9.701372 5255.614)
(-0.05413247 -9.443409 5253.781)
(-0.04744187 -9.118344 5289.834)
(-0.1002008 -14.99166 20938.31)
(-0.1364933 -15.0654 5366.078)
(-0.1043227 -15.39854 5403.569)
(-0.09318551 -15.59527 5402.834)
(-0.08225081 -15.67715 5402.049)
(-0.07385245 -15.62962 5400.55)
(-0.06449755 -15.4665 5398.899)
(-0.05687063 -15.17817 5396.712)
(-0.04883027 -14.77562 5436.393)
(-0.04089138 -13.71299 23735.51)
(-0.0974621 -16.88241 5578.972)
(-0.1372594 -17.66612 5618.996)
(-0.1041608 -18.2895 5618.752)
(-0.09188108 -18.72537 5617.651)
(-0.08028575 -18.9971 5616.389)
(-0.07125015 -19.0871 5614.365)
(-0.06145839 -19.00987 5612.295)
(-0.05342498 -18.75268 5657.08)
(-0.04395403 -17.56754 24818.87)
(0.002583302 -0.1570072 3229.701)
(-0.09981522 -14.88556 5895.604)
(-0.1424707 -16.07369 5894.993)
(-0.1080873 -17.08268 5894.45)
(-0.09431766 -17.86494 5892.903)
(-0.08185101 -18.44518 5891.176)
(-0.07188317 -18.80667 5888.771)
(-0.06147519 -18.95664 5941.192)
(-0.0508911 -18.02491 26229.25)
(0.002746801 -0.2834612 3390.541)
(0.005682734 1.118899 2013.32)
(-0.1028516 -9.591258 6192.82)
(-0.1499276 -10.99912 6192.184)
(-0.1145673 -12.2436 6191.378)
(-0.0988611 -13.25974 6189.5)
(-0.08556769 -14.0674 6187.572)
(-0.07500875 -14.65151 6248.12)
(-0.06150731 -14.26505 27777.62)
(0.002775215 -0.3478909 3565.991)
(0.006146714 0.8136804 2123.205)
(0.006532804 1.78026 1100.169)
(-0.1034123 -4.248787 6444.383)
(-0.1539929 -5.533944 6443.666)
(-0.1189881 -6.696985 6442.664)
(-0.1016986 -7.670425 6440.768)
(-0.08770091 -8.465 6508.903)
(-0.07332743 -8.578241 29104.13)
(0.002678846 -0.3132327 3716.997)
(0.006517113 0.4586121 2218.812)
(0.006999082 1.181374 1155.679)
(0.006684735 1.709649 562.5972)
(-0.1008924 -1.079493 6624.767)
(-0.1527086 -2.035196 6623.938)
(-0.1187898 -2.905136 6622.913)
(-0.1004995 -3.63676 6695.958)
(-0.08230062 -3.986876 30063.81)
(0.002588769 -0.2190351 3826.712)
(0.006745158 0.2193052 2289.615)
(0.00739 0.6844186 1196.923)
(0.007066282 1.038765 584.7)
(0.00678243 1.224595 175.4101)
(-0.09608642 0.01238153 6736.4)
(-0.1465577 -0.550944 6735.639)
(-0.1134652 -1.055714 6812.343)
(-0.09036975 -1.374644 30660.04)
(0.002511683 -0.1177538 3895.9)
(0.00692966 0.09238849 2334.646)
(0.007602194 0.3448651 1223.601)
(0.007364982 0.5416785 598.9379)
(0.00705445 0.6467075 179.9299)
(-0.08984219 0.03790731 6788.789)
(-0.1366877 -0.1403019 6867.183)
(-0.0989128 -0.2708214 30944.98)
(0.002560123 -0.03546831 3929.087)
(0.006989575 0.02589152 2356.938)
(0.007727807 0.10453 1236.745)
(0.007434108 0.1674339 606.1079)
(0.007146304 0.2008394 182.1777)
(-0.05952008 -0.8917986 366.3325)
(-0.05906557 -0.8596786 1137.621)
(-0.05641775 -0.7870075 2048.621)
(-0.05117126 -0.6575225 3296.941)
(-0.05828344 -2.663228 363.0864)
(-0.05734186 -2.558219 1127.735)
(-0.05520804 -2.335667 2030.976)
(-0.04979965 -1.933072 3269.758)
(-0.03925256 -1.220594 4327.414)
(-0.05606186 -4.279774 356.0199)
(-0.05526517 -4.1124 1105.865)
(-0.05250175 -3.726811 1992.563)
(-0.04754254 -3.049785 3210.041)
(-0.03710597 -1.831703 4254.796)
(-0.2400688 -4.182456 25418.64)
(-0.05424417 -5.468831 344.5226)
(-0.05227815 -5.226259 1070.599)
(-0.04981164 -4.704892 1930.021)
(-0.04445926 -3.758502 3113.368)
(-0.03464678 -2.073455 4136.243)
(-0.2172139 -1.084193 24749.84)
(-0.1973123 0.7592062 6380.068)
(-0.05102466 -5.741821 328.6235)
(-0.04966745 -5.469989 1021.446)
(-0.04621874 -4.84656 1843.332)
(-0.04135938 -3.743511 2978.242)
(-0.03145839 -1.747308 3970.398)
(-0.1919991 5.623457 23815.18)
(-0.1720573 7.372231 6135.025)
(-0.1595985 9.111981 6182.369)
(-0.05352636 -4.705318 309.9253)
(-0.04579686 -4.430064 964.0381)
(-0.04324098 -3.84407 1741.33)
(-0.03773471 -2.781838 2819.574)
(-0.02856188 -0.8816415 3773.617)
(-0.1646725 13.14236 22717.19)
(-0.1483705 14.28424 5844.119)
(-0.1354903 15.63175 5888.036)
(-0.1244777 16.77612 5887.412)
(-0.03164609 -2.986979 292.9972)
(-0.04818925 -2.781883 911.4478)
(-0.03959091 -2.310934 1648.361)
(-0.03523392 -1.486536 2673.447)
(-0.02579117 -0.005991548 3591.53)
(-0.145074 16.80177 21706.9)
(-0.1284537 17.26722 5574.073)
(-0.1181531 18.00929 5614.074)
(-0.1068858 18.59526 5613.566)
(-0.09727417 19.00642 5612.428)
(-0.02923262 -1.438753 871.5661)
(-0.04233924 -1.128985 1576.787)
(-0.03242555 -0.5713576 2561.367)
(-0.02419516 0.4080406 3449.856)
(-0.1299033 15.15328 20928.9)
(-0.1167977 15.19406 5363.328)
(-0.1056295 15.50576 5400.573)
(-0.09649346 15.68903 5399.815)
(-0.08647462 15.75831 5398.956)
(-0.07799945 15.70426 5397.435)
(-0.02634979 -0.4438333 1530.64)
(-0.03542299 -0.1371921 2487.57)
(-0.02263664 0.4035997 3356.663)
(-0.1231437 10.06628 20416.24)
(-0.108131 9.984646 5223.871)
(-0.0994626 10.06922 5258.721)
(-0.08937739 10.08729 5258.263)
(-0.0811339 10.03017 5257.216)
(-0.0719408 9.907211 5256.012)
(-0.0643745 9.71456 5254.191)
(-0.02258062 -0.009568654 2452.503)
(-0.0254379 0.1595052 3310.766)
(-0.1188338 3.483601 20165.79)
(-0.1057475 3.437252 5155.107)
(-0.09484981 3.450531 5189.182)
(-0.08674533 3.439614 5188.479)
(-0.0774233 3.406881 5187.714)
(-0.06976407 3.350181 5186.324)
(-0.06115624 3.272487 5184.802)
(-0.05424767 3.172811 5182.773)
(-0.01660995 -0.1569089 3311.851)
(-0.1399944 -3.474273 20166.46)
(-0.1053887 -3.434573 5155.853)
(-0.09535687 -3.447574 5189.674)
(-0.08489726 -3.438907 5189.255)
(-0.0771057 -3.40507 5188.241)
(-0.06823918 -3.34967 5187.099)
(-0.06091929 -3.270203 5185.355)
(-0.05274271 -3.170592 5183.577)
(-0.04624646 -3.049245 5218.043)
(-0.09446141 -10.00946 20422.45)
(-0.1280092 -9.939671 5225.524)
(-0.09797559 -10.03956 5260.877)
(-0.08772998 -10.05809 5260.169)
(-0.07749552 -10.01078 5259.413)
(-0.06974176 -9.888163 5257.99)
(-0.06100836 -9.699207 5256.44)
(-0.05384243 -9.438289 5254.379)
(-0.04600206 -9.114158 5290.73)
(-0.03861781 -8.409713 23029.7)
(-0.08895571 -15.02139 5367.027)
(-0.1237927 -15.3571 5404.011)
(-0.09369368 -15.57115 5403.742)
(-0.08283539 -15.65017 5402.658)
(-0.07247168 -15.61349 5401.452)
(-0.06441724 -15.44831 5399.558)
(-0.05554375 -15.16788 5397.634)
(-0.04829313 -14.76291 5437.117)
(-0.03957009 -13.70116 23741.75)
(0.002461365 -0.04501064 3106.173)
(-0.0886498 -17.59521 5620.071)
(-0.1239939 -18.21847 5619.303)
(-0.09307195 -18.67632 5618.665)
(-0.08117165 -18.94654 5617.094)
(-0.07017744 -19.05008 5615.388)
(-0.06150356 -18.97182 5613.07)
(-0.05221748 -18.72323 5658.193)
(-0.04319489 -17.53945 24824.32)
(0.002624979 -0.1574019 3230.688)
(0.005242164 1.194782 1915.154)
(-0.09057779 -15.9792 5896.206)
(-0.1283391 -16.97855 5895.13)
(-0.09623226 -17.78794 5894.04)
(-0.08298679 -18.36841 5891.977)
(-0.07117065 -18.74151 5889.919)
(-0.0615771 -18.89128 5942.137)
(-0.04988873 -17.96913 26237.15)
(0.002791373 -0.2833737 3391.438)
(0.00568426 1.117342 2014.466)
(0.00595456 2.178053 1037.948)
(-0.09329288 -10.90038 6193.457)
(-0.134944 -12.12258 6192.168)
(-0.1018239 -13.16654 6190.751)
(-0.0867552 -13.97779 6188.487)
(-0.07417021 -14.56968 6249.417)
(-0.06152095 -14.18763 27784.1)
(0.00275033 -0.3463726 3567.217)
(0.006146257 0.8120577 2124.249)
(0.006503413 1.778761 1101.052)
(0.006166499 2.458501 533.6211)
(-0.09371719 -5.452672 6444.959)
(-0.138428 -6.586753 6443.537)
(-0.105547 -7.582605 6442.094)
(-0.0889691 -8.381835 6509.95)
(-0.0725165 -8.505354 29112.44)
(0.002666143 -0.3123234 3718.054)
(0.006453288 0.457986 2220.172)
(0.006994262 1.179319 1156.48)
(0.006648966 1.70847 563.1488)
(0.006366548 1.982415 168.6264)
(-0.09133476 -1.97193 6625.152)
(-0.1370026 -2.821911 6623.834)
(-0.1049703 -3.570057 6697.359)
(-0.08357029 -3.927995 30070.48)
(0.002560732 -0.2176209 3828.052)
(0.00672384 0.2177688 2290.813)
(0.007319565 0.6834601 1197.923)
(0.007059465 1.036811 585.2006)
(0.006746732 1.223584 175.6007)
(-0.08688955 -0.5010925 6736.656)
(-0.131094 -1.003413 6813.301)
(-0.09509124 -1.338737 30668.4)
(0.002540141 -0.1177363 3897.052)
(0.006859626 0.0921132 2336.108)
(0.007576841 0.3433934 1224.486)
(0.007287262 0.5410847 599.5386)
(0.00704274 0.645743 180.1032)
(-0.08109077 -0.1170478 6867.951)
(-0.1161866 -0.2530942 30950.48)
(0.002185816 -0.03538275 3930.53)
(0.007104509 0.02527113 2358.211)
(0.007665814 0.1043032 1237.786)
(0.007422048 0.1669002 606.6372)
(0.007116757 0.2006839 182.3771)
(-0.05915281 -0.8947416 366.5231)
(-0.05817546 -0.8602195 1138.301)
(-0.05582093 -0.787762 2049.603)
(-0.05033436 -0.65755 3298.488)
(-0.03985232 -0.4252249 4362.109)
(-0.05784961 -2.665356 363.3104)
(-0.05695926 -2.566304 1128.301)
(-0.05416837 -2.33805 2032.112)
(-0.04920083 -1.939619 3271.093)
(-0.03863923 -1.224386 4328.675)
(-0.2532075 -3.924083 25835.51)
(-0.05684248 -4.292851 356.201)
(-0.05476831 -4.115156 1106.539)
(-0.05216851 -3.737908 1993.485)
(-0.04671429 -3.053996 3211.568)
(-0.03673004 -1.842381 4255.824)
(-0.2362425 -4.266164 25423.95)
(-0.215223 -2.727931 6555.957)
(-0.05465 -5.472675 344.7525)
(-0.05296597 -5.240652 1071.127)
(-0.0492784 -4.707888 1931.145)
(-0.04418942 -3.770692 3114.576)
(-0.03404454 -2.080155 4137.468)
(-0.2154413 -1.208773 24753.95)
(-0.1940923 0.6567745 6381.279)
(-0.1808234 2.3582 6431.603)
(-0.05744295 -5.76227 328.78)
(-0.04979495 -5.474196 1022.129)
(-0.04673163 -4.860283 1844.176)
(-0.04082082 -3.746807 2979.747)
(-0.03128164 -1.759161 3971.311)
(-0.1887491 5.516243 23819.98)
(-0.1708017 7.250599 6135.94)
(-0.1568425 9.007077 6183.553)
(-0.1446563 10.5706 6183.359)
(-0.03374555 -4.704249 310.1883)
(-0.05222631 -4.449402 964.4806)
(-0.04303191 -3.84795 1742.439)
(-0.03800865 -2.792093 2820.647)
(-0.02811275 -0.8864666 3774.783)
(-0.1641571 13.03958 22720.25)
(-0.1458004 14.20095 5845.222)
(-0.1344943 15.53832 5888.885)
(-0.1220649 16.69701 5888.518)
(-0.1114345 17.6481 5887.445)
(-0.03087879 -2.78596 912.199)
(-0.04525155 -2.325282 1649.037)
(-0.03472994 -1.489615 2674.882)
(-0.02593878 -0.01266857 3592.292)
(-0.1426024 16.74994 21710.45)
(-0.1281084 17.20707 5574.758)
(-0.1160017 17.96219 5615.077)
(-0.1060079 18.54252 5614.315)
(-0.09525359 18.96306 5613.42)
(-0.08603653 19.20742 5611.818)
(-0.0274199 -1.132624 1577.974)
(-0.03711588 -0.579315 2562.184)
(-0.02381441 0.4055985 3450.894)
(-0.1307151 15.11731 20930.73)
(-0.1145692 15.17104 5364.201)
(-0.1053189 15.47701 5401.179)
(-0.09461939 15.67017 5400.709)
(-0.08582781 15.73525 5399.607)
(-0.07629582 15.68559 5398.331)
(-0.06820108 15.51396 5396.419)
(-0.02305432 -0.1395198 2489.091)
(-0.02605259 0.4007165 3357.159)
(-0.1223404 10.05399 20418.72)
(-0.1086605 9.970574 5224.375)
(-0.09741041 10.06146 5259.532)
(-0.08907302 10.07636 5258.813)
(-0.07946315 10.02507 5258.029)
(-0.07156559 9.899285 5256.596)
(-0.06282113 9.708347 5255.028)
(-0.05562228 9.449407 5252.948)
(-0.01657495 0.159181 3311.849)
(-0.1395317 3.480104 20166.44)
(-0.1051375 3.434952 5155.854)
(-0.09530313 3.447587 5189.672)
(-0.08489884 3.43789 5189.254)
(-0.07712451 3.40436 5188.238)
(-0.06826872 3.349345 5187.099)
(-0.06094987 3.270708 5185.356)
(-0.05277031 3.171563 5183.58)
(-0.04621771 3.050795 5218.047)
(-0.09182488 -3.465663 20169.04)
(-0.1242243 -3.426653 5156.171)
(-0.09521913 -3.445353 5190.442)
(-0.08538444 -3.435421 5189.754)
(-0.07543321 -3.404033 5189.019)
(-0.06797057 -3.348031 5187.632)
(-0.05956371 -3.270491 5186.135)
(-0.05258448 -3.169602 5184.137)
(-0.04483228 -3.04873 5218.903)
(-0.03768744 -2.804699 22683.88)
(-0.08386074 -9.918847 5226.383)
(-0.1160202 -10.02073 5261.253)
(-0.08796459 -10.05024 5260.991)
(-0.07795593 -9.999566 5259.957)
(-0.06825602 -9.883321 5258.811)
(-0.06083819 -9.693069 5257.021)
(-0.05256721 -9.437152 5255.209)
(-0.04575151 -9.110311 5291.371)
(-0.03732613 -8.40611 23035.5)
(0.002365281 0.008882566 3024.549)
(-0.08075429 -15.31518 5404.978)
(-0.1116175 -15.53311 5404.194)
(-0.08354944 -15.62798 5403.572)
(-0.07299231 -15.58895 5402.07)
(-0.06319814 -15.43408 5400.466)
(-0.05549295 -15.15226 5398.3)
(-0.04709735 -14.75461 5438.096)
(-0.03907325 -13.69075 23746.47)
(0.002494747 -0.04538945 3107.072)
(0.004920457 1.027084 1840.039)
(-0.08017543 -18.1505 5620.394)
(-0.1112854 -18.61066 5619.227)
(-0.08248981 -18.90049 5618.117)
(-0.07099076 -19.00324 5616.102)
(-0.06060042 -18.93783 5614.099)
(-0.05229513 -18.68912 5659.019)
(-0.04215351 -17.51355 24831.42)
(0.002680705 -0.1581159 3231.47)
(0.005239718 1.19356 1916.184)
(0.005459998 2.145575 982.3109)
(-0.08169263 -16.88645 5896.364)
(-0.1147865 -17.69075 5894.733)
(-0.08490899 -18.29556 5893.125)
(-0.07220688 -18.67004 5890.73)
(-0.06104263 -18.83018 5943.351)
(-0.05001782 -17.91098 26243.19)
(0.002778695 -0.2827881 3392.564)
(0.005718004 1.115533 2015.396)
(0.005941548 2.176534 1038.743)
(0.005592317 2.894368 500.7618)
(-0.08407701 -12.02463 6193.466)
(-0.1205438 -13.05284 6191.557)
(-0.08963233 -13.88911 6189.753)
(-0.0752155 -14.48634 6250.385)
(-0.06086106 -14.11344 27792.25)
(0.002731558 -0.3454027 3568.184)
(0.006077765 0.8112689 2125.515)
(0.006503347 1.776751 1101.78)
(0.006136375 2.457233 534.1312)
(0.00585499 2.804332 159.5131)
(-0.08435548 -6.504242 6444.859)
(-0.1234482 -7.47872 6442.986)
(-0.09266156 -8.297974 6511.34)
(-0.07357032 -8.431496 29118.94)
(0.002634613 -0.3106999 3719.344)
(0.006435301 0.4563432 2221.286)
(0.00692572 1.178181 1157.428)
(0.006646261 1.706526 563.6134)
(0.006332438 1.981357 168.8065)
(-0.08209571 -2.755172 6625.076)
(-0.1218581 -3.491446 6698.325)
(-0.0876597 -3.86742 30078.96)
(0.002591177 -0.2170845 3829.149)
(0.006656693 0.2173818 2292.232)
(0.007301633 0.6815218 1198.762)
(0.006994077 1.035836 585.7808)
(0.006741561 1.221773 175.7644)
(-0.07797539 -0.9490582 6814.363)
(-0.1109148 -1.29133 30674.24)
(0.002258284 -0.1170248 3898.465)
(0.006954227 0.09077007 2337.339)
(0.007505028 0.3428116 1225.511)
(0.007267343 0.539689 600.053)
(0.006970975 0.6451721 180.2997)
(-0.06927791 -0.2289754 30955.24)
(0.001299386 -0.03462884 3931.573)
(0.006829745 0.02495063 2359.749)
(0.007789097 0.1036297 1238.679)
(0.007364347 0.1666655 607.2435)
(0.00710675 0.2001865 182.5503)
(-0.05885482 -0.895532 366.747)
(-0.05781792 -0.8631335 1138.875)
(-0.05497869 -0.788405 2050.734)
(-0.04980904 -0.6585438 3299.803)
(-0.03920573 -0.4259595 4363.345)
(-0.2594485 -1.537968 26031.35)
(-0.05870539 -2.675764 363.4969)
(-0.0565322 -2.568536 1128.975)
(-0.05381134 -2.345936 2033.054)
(-0.04828723 -1.942442 3272.619)
(-0.03820388 -1.230744 4329.744)
(-0.2492527 -3.975416 25840.97)
(-0.2274092 -2.985061 6664.399)
(-0.05734338 -4.296569 356.4315)
(-0.05553201 -4.128113 1107.085)
(-0.05169503 -3.741086 1994.609)
(-0.04642543 -3.064746 3212.805)
(-0.03610204 -1.848128 4257.049)
(-0.2341706 -4.36678 25428.32)
(-0.2117963 -2.808455 6557.181)
(-0.1979346 -1.467274 6609.563)
(-0.06066948 -5.490554 344.9176)
(-0.05337413 -5.244742 1071.819)
(-0.04992734 -4.722058 1932.025)
(-0.04371146 -3.774887 3116.089)
(-0.03385437 -2.092229 4138.421)
(-0.211894 -1.310386 24759.05)
(-0.1925457 0.5389882 6382.243)
(-0.1778532 2.256755 6432.815)
(-0.1647889 3.823521 6433.282)
(-0.03540783 -5.753832 329.0425)
(-0.05610305 -5.494525 1022.605)
(-0.04688828 -4.86509 1845.316)
(-0.04127798 -3.76028 2980.879)
(-0.03087154 -1.765424 3972.51)
(-0.1880546 5.389311 23823.54)
(-0.1679448 7.146806 6137.109)
(-0.1557241 8.889214 6184.477)
(-0.142115 10.46809 6184.561)
(-0.130251 11.84752 6183.833)
(-0.03293972 -4.448666 965.2603)
(-0.04911185 -3.866639 1743.18)
(-0.03789106 -2.796895 2822.141)
(-0.02834179 -0.8967293 3775.604)
(-0.1616955 12.95442 22724.52)
(-0.1453904 14.10434 5846.012)
(-0.1321794 15.45672 5889.998)
(-0.121134 16.60794 5889.382)
(-0.1091914 17.5725 5888.564)
(-0.09896692 18.32468 5886.952)
(-0.02899486 -2.329542 1650.274)
(-0.03976846 -1.502731 2675.773)
(-0.02570448 -0.01682045 3593.401)
(-0.1438573 16.6818 21712.8)
(-0.1258943 17.15777 5575.743)
(-0.1157168 17.90527 5615.779)
(-0.104067 18.49788 5615.327)
(-0.09441033 18.9142 5614.179)
(-0.08417886 19.16706 5612.818)
(-0.0753692 19.2432 5610.779)
(-0.02402632 -0.5830682 2563.765)
(-0.02741804 0.3991467 3451.438)
(-0.1303328 15.08671 20933.71)
(-0.1153103 15.13795 5364.772)
(-0.1032576 15.45549 5402.072)
(-0.09434497 15.64375 5401.326)
(-0.08413091 15.71838 5400.507)
(-0.07569342 15.66509 5398.99)
(-0.06665042 15.49706 5397.322)
(-0.05894071 15.20898 5395.14)
(-0.01695541 0.3984851 3358.278)
(-0.1438029 10.03147 20419.5)
(-0.1082094 9.959537 5225.173)
(-0.09791279 10.0487 5260.059)
(-0.0871771 10.06957 5259.629)
(-0.07918372 10.01538 5258.586)
(-0.07005045 9.89528 5257.415)
(-0.06250114 9.701705 5255.617)
(-0.05420456 9.444031 5253.788)
(-0.04736925 9.119411 5289.844)
(-0.09160987 3.47576 20169.01)
(-0.1238139 3.431574 5156.166)
(-0.09499437 3.445684 5190.442)
(-0.08533362 3.435371 5189.753)
(-0.07543153 3.403013 5189.018)
(-0.06798993 3.347129 5187.63)
(-0.05959743 3.270205 5186.135)
(-0.05261741 3.170111 5184.138)
(-0.04486123 3.049801 5218.906)
(-0.03765807 2.80624 22683.9)
(-0.08155707 -3.418922 5156.971)
(-0.1125941 -3.438217 5190.785)
(-0.0855033 -3.433594 5190.529)
(-0.07589174 -3.401028 5189.527)
(-0.066448 -3.34718 5188.415)
(-0.0593149 -3.269367 5186.674)
(-0.05136297 -3.170179 5184.92)
(-0.04471842 -3.048153 5219.503)
(-0.03641957 -2.804296 22689.45)
(0.002314306 0.00977091 2984.349)
(-0.07607234 -10.00141 5262.132)
(-0.1045437 -10.03319 5261.377)
(-0.07842112 -9.992896 5260.786)
(-0.0686696 -9.87348 5259.363)
(-0.05950058 -9.689142 5257.846)
(-0.05241893 -9.432399 5255.796)
(-0.04460332 -9.110149 5292.254)
(-0.03711293 -8.403294 23039.72)
(0.00239654 0.008605756 3025.392)
(0.004715957 0.6821323 1790.747)
(-0.07288932 -15.49352 5405.175)
(-0.09998249 -15.59335 5404.034)
(-0.07389111 -15.56878 5402.991)
(-0.06365486 -15.41199 5401.092)
(-0.05442579 -15.13992 5399.213)
(-0.04706938 -14.74146 5438.808)
(-0.03803186 -13.68408 23752.76)
(0.002526618 -0.04623785 3107.759)
(0.004910615 1.026428 1840.988)
(0.005112909 1.746629 940.1284)
(-0.07205561 -18.54599 5620.335)
(-0.09914241 -18.84021 5618.689)
(-0.07241923 -18.96037 5617.132)
(-0.0613402 -18.89478 5614.822)
(-0.05154904 -18.65822 5660.111)
(-0.0422496 -17.48389 24836.74)
(0.002680356 -0.1586124 3232.479)
(0.005284331 1.191836 1917.004)
(0.005443503 2.144599 983.0282)
(0.005115059 2.767131 471.5965)
(-0.07317086 -17.60162 5895.987)
(-0.1018278 -18.2054 5893.83)
(-0.07412844 -18.60161 5891.888)
(-0.06197947 -18.76411 5944.215)
(-0.04965426 -17.85583 26250.9)
(0.002757198 -0.2824563 3393.435)
(0.00566457 1.114448 2016.551)
(0.005969432 2.174653 1039.391)
(0.005574735 2.893266 501.2209)
(0.005297839 3.253657 149.2071)
(-0.07521923 -12.9564 6192.88)
(-0.1067498 -13.7829 6190.574)
(-0.07800198 -14.40251 6251.718)
(-0.06173157 -14.0395 27798.39)
(0.002685472 -0.3439773 3569.393)
(0.00605783 0.8096939 2126.526)
(0.006432614 1.775586 1102.659)
(0.006138311 2.455432 534.5525)
(0.005825746 2.803286 159.6794)
(-0.07534525 -7.395733 6444.335)
(-0.1090675 -8.200632 6512.282)
(-0.07695268 -8.355508 29127.51)
(0.002670686 -0.3099851 3720.367)
(0.006364946 0.4557211 2222.638)
(0.006911701 1.176062 1158.207)
(0.006582948 1.70543 564.1629)
(0.006331195 1.979573 168.9583)
(-0.07318322 -3.422128 6699.627)
(-0.1025589 -3.797048 30084.95)
(0.002365377 -0.2155809 3830.531)
(0.006748433 0.2158108 2293.401)
(0.007232055 0.6806692 1199.755)
(0.006980554 1.033981 586.2687)
(0.006680488 1.220862 175.954)
(-0.06622365 -1.236204 30680.76)
(0.001675535 -0.1155865 3899.524)
(0.006770528 0.09029054 2338.844)
(0.007610384 0.3412432 1226.374)
(0.007201605 0.5390765 600.6492)
(0.006954237 0.6438683 180.468)
(0.0004615029 -0.03154894 3932.681)
(0.006344023 0.02522747 2360.938)
(0.00758629 0.1032348 1239.756)
(0.007480977 0.1660442 607.7626)
(0.007052536 0.1999625 182.7488)
(-0.05990817 -0.8998966 366.9386)
(-0.05752201 -0.863958 1139.548)
(-0.05464374 -0.79124 2051.688)
(-0.0490551 -0.6593682 3301.322)
(-0.03880953 -0.427399 4364.392)
(-0.255369 -1.554279 26036.7)
(-0.2333246 -1.216277 6715.254)
(-0.0590839 -2.680383 363.7281)
(-0.05736918 -2.578795 1129.536)
(-0.05340171 -2.348388 2034.176)
(-0.04797654 -1.949955 3273.882)
(-0.03752001 -1.23444 4330.969)
(-0.2469205 -4.038181 25845.58)
(-0.2238576 -3.034792 6665.644)
(-0.2095403 -2.200917 6719.256)
(-0.06246161 -4.309009 356.6012)
(-0.05603756 -4.131997 1107.778)
(-0.05241658 -3.753725 1995.517)
(-0.04599692 -3.068698 3214.316)
(-0.03589324 -1.858355 4258.03)
(-0.2303865 -4.446211 25433.56)
(-0.209983 -2.902935 6558.184)
(-0.1947799 -1.546717 6610.786)
(-0.1810694 -0.2954112 6611.875)
(-0.03656284 -5.476383 345.1752)
(-0.05929876 -5.262541 1072.319)
(-0.05035177 -4.7267 1933.179)
(-0.04428847 -3.788633 3117.271)
(-0.03347977 -2.09878 4139.635)
(-0.2110024 -1.433192 24762.98)
(-0.1894023 0.4404867 6383.44)
(-0.1764681 2.142459 6433.784)
(-0.1620596 3.723622 6434.516)
(-0.1492555 5.147849 6434.371)
(-0.03459591 -5.486781 1023.384)
(-0.05288438 -4.884941 1846.111)
(-0.04148438 -3.766195 2982.416)
(-0.03122826 -1.778539 3973.394)
(-0.1855882 5.284649 23828.32)
(-0.1673756 7.02694 6137.97)
(-0.1531503 8.786413 6185.649)
(-0.1411242 10.35447 6185.502)
(-0.1279151 11.74799 6185.051)
(-0.116408 12.93518 6183.687)
(-0.03097367 -3.866871 1744.466)
(-0.04331396 -2.814354 2823.122)
(-0.02837162 -0.9033387 3776.783)
(-0.1635005 12.84771 22727.41)
(-0.1432218 14.02232 5847.105)
(-0.1318507 15.36383 5890.8)
(-0.1190622 16.52863 5890.508)
(-0.1083202 17.48813 5889.441)
(-0.09688607 18.25298 5888.083)
(-0.08708845 18.80149 5885.961)
(-0.02547426 -1.507503 2677.425)
(-0.02960738 -0.02780535 3594.019)
(-0.1442657 16.62153 21716.42)
(-0.1270566 17.09413 5576.404)
(-0.1136821 17.85779 5616.779)
(-0.1038348 18.44443 5616.041)
(-0.09266883 18.87233 5615.2)
(-0.08336738 19.12221 5613.586)
(-0.07366517 19.20602 5611.787)
(-0.06527246 19.11343 5609.456)
(-0.01775193 0.3951022 3452.621)
(-0.1534259 15.03711 20934.82)
(-0.1152475 15.10943 5365.662)
(-0.1039464 15.42464 5402.663)
(-0.09244384 15.62391 5402.226)
(-0.083887 15.69434 5401.133)
(-0.07416426 15.65029 5399.896)
(-0.06608765 15.47912 5397.986)
(-0.05753273 15.19391 5396.047)
(-0.05020684 14.78949 5435.441)
(-0.09424346 10.00822 20422.33)
(-0.1275885 9.938969 5225.505)
(-0.09777865 10.03891 5260.878)
(-0.08764867 10.05814 5260.166)
(-0.07743741 10.00962 5259.409)
(-0.06979144 9.886826 5257.979)
(-0.06113342 9.698785 5256.44)
(-0.05393227 9.438635 5254.382)
(-0.04607793 9.114869 5290.738)
(-0.03854352 8.410782 23029.75)
(-0.08136213 3.42751 5156.962)
(-0.1122226 3.442404 5190.779)
(-0.08530344 3.433884 5190.529)
(-0.07584375 3.400909 5189.526)
(-0.06644344 3.346163 5188.414)
(-0.0593347 3.268295 5186.671)
(-0.05140027 3.169931 5184.92)
(-0.04475322 3.048665 5219.504)
(-0.03644858 2.805411 22689.47)
(0.002317601 -0.009621226 2984.351)
(-0.07398905 -3.431243 5191.606)
(-0.1014671 -3.427238 5190.882)
(-0.07624481 -3.399594 5190.307)
(-0.06687473 -3.344651 5188.931)
(-0.05793511 -3.268712 5187.461)
(-0.05112988 -3.169541 5185.465)
(-0.04362382 -3.049003 5220.337)
(-0.03634206 -2.804027 22693.43)
(0.002343158 0.009658877 2985.165)
(0.004618218 0.2378665 1766.563)
(-0.06861397 -10.01545 5262.269)
(-0.09358957 -9.977621 5261.18)
(-0.0693428 -9.868005 5260.197)
(-0.05986623 -9.680651 5258.406)
(-0.05122188 -9.429381 5256.625)
(-0.04447188 -9.106705 5292.882)
(-0.03611228 -8.40372 23045.43)
(0.002401761 0.008011897 3026.018)
(0.004703717 0.6818257 1791.647)
(0.004899121 1.121783 912.6285)
(-0.06537225 -15.55626 5405.03)
(-0.08888939 -15.53754 5403.462)
(-0.06471749 -15.3939 5402.019)
(-0.05481903 -15.12027 5399.845)
(-0.04614481 -14.731 5439.777)
(-0.03801901 -13.67326 23757.38)
(0.002531102 -0.04710551 3108.665)
(0.004935068 1.025174 1841.725)
(0.005090026 1.746238 940.7911)
(0.004786157 2.205401 449.6308)
(-0.06429586 -18.77913 5619.812)
(-0.08757014 -18.90546 5617.714)
(-0.06286221 -18.85521 5615.859)
(-0.0522146 -18.61897 5660.882)
(-0.04166469 -17.45648 24843.69)
(0.002667357 -0.1591536 3233.243)
(0.005244467 1.190547 1918.049)
(0.005480103 2.143078 983.6011)
(0.005094168 2.766584 472.0103)
(0.004840978 3.073795 140.0964)
(-0.06502161 -18.11971 5895.101)
(-0.08947462 -18.5185 5892.605)
(-0.06389228 -18.70028 5945.44)
(-0.05046013 -17.79716 26256.45)
(0.00268433 -0.2818192 3394.543)
(0.005645432 1.112868 2017.455)
(0.005912153 2.173522 1040.192)
(0.005599058 2.891741 501.595)
(0.005279039 3.252858 149.3565)
(-0.06673331 -13.68861 6191.919)
(-0.09357077 -14.3039 6252.593)
(-0.06431443 -13.9639 27806.75)
(0.002716304 -0.3434496 3570.318)
(0.005974462 0.8088807 2127.782)
(0.006418342 1.773612 1103.365)
(0.006074131 2.454439 535.0611)
(0.005828949 2.801701 159.8168)
(-0.06669422 -8.117904 6513.703)
(-0.09127314 -8.268868 29133.48)
(0.002480843 -0.308341 3721.698)
(0.006454947 0.4538649 2223.721)
(0.006839479 1.17495 1159.151)
(0.006573165 1.703433 564.6151)
(0.006272195 1.978594 169.1377)
(-0.06175691 -3.729419 30092.98)
(0.00202638 -0.214218 3831.565)
(0.006613241 0.215424 2294.862)
(0.007333024 0.6786878 1200.574)
(0.006916491 1.0331 586.8456)
(0.006669507 1.219132 176.1136)
(0.000766946 -0.109526 3900.811)
(0.006618635 0.09030261 2340.03)
(0.007482747 0.3404728 1227.429)
(0.007303069 0.5375947 601.1518)
(0.006892967 0.6432838 180.6631)
(0.003362396 0.0282371 2362.346)
(0.007309338 0.103303 1240.603)
(0.007323308 0.1656701 608.3895)
(0.007163304 0.1993872 182.9187)
(-0.05992128 -0.9026011 367.1734)
(-0.0585501 -0.8682453 1140.124)
(-0.05435385 -0.7921349 2052.809)
(-0.04876114 -0.6620524 3302.6)
(-0.03821726 -0.4285727 4365.61)
(-0.2530259 -1.574315 26041.23)
(-0.2296748 -1.232527 6716.466)
(-0.2152996 -0.9524551 6770.692)
(-0.06279602 -2.685667 363.8991)
(-0.05776051 -2.58344 1130.231)
(-0.05419227 -2.358267 2035.11)
(-0.04760104 -1.952805 3275.39)
(-0.03729313 -1.241338 4331.975)
(-0.2429199 -4.087564 25850.89)
(-0.22183 -3.094103 6666.698)
(-0.2062606 -2.250326 6720.498)
(-0.1920787 -1.466328 6722.019)
(-0.03679654 -4.286609 356.8454)
(-0.06109083 -4.144427 1108.291)
(-0.0529392 -3.757976 1996.671)
(-0.04664037 -3.080751 3215.534)
(-0.03554941 -1.863852 4259.246)
(-0.2293153 -4.544736 25437.72)
(-0.2066213 -2.979819 6559.388)
(-0.1931512 -1.637791 6611.792)
(-0.1781775 -0.3734144 6613.122)
(-0.1646773 0.7820511 6613.546)
(-0.03574964 -5.249144 1073.085)
(-0.0560051 -4.744149 1934.012)
(-0.04473684 -3.794293 3118.825)
(-0.0339273 -2.111886 4140.568)
(-0.2085914 -1.532078 24768.07)
(-0.1886444 0.3245847 6384.357)
(-0.1736098 2.044614 6434.982)
(-0.1608262 3.613202 6435.505)
(-0.1467572 5.050041 6435.626)
(-0.1342537 6.323608 6434.76)
(-0.03261361 -4.878913 1847.396)
(-0.04688304 -3.78508 2983.47)
(-0.03150575 -1.786644 3974.624)
(-0.1880002 5.15377 23831.77)
(-0.1651762 6.925589 6139.127)
(-0.1526762 8.670354 6186.519)
(-0.1388212 10.25333 6186.692)
(-0.1270419 11.63905 6186.009)
(-0.1142679 12.83919 6184.923)
(-0.103151 13.82643 6182.956)
(-0.02731134 -2.816395 2824.843)
(-0.03260486 -0.9186815 3777.49)
(-0.1651374 12.75324 22731.76)
(-0.1448844 13.92213 5847.85)
(-0.1298928 15.28329 5891.902)
(-0.1188059 16.43986 5891.324)
(-0.1064787 17.41164 5890.579)
(-0.09606941 18.17359 5888.971)
(-0.08516226 18.73403 5887.103)
(-0.0758091 19.07511 5884.654)
(-0.01897566 -0.03368848 3595.276)
(-0.169715 16.53258 21718.05)
(-0.1276976 17.03698 5577.398)
(-0.1147824 17.79721 5617.457)
(-0.1019718 18.39913 5617.05)
(-0.09248202 18.82251 5615.924)
(-0.08181418 19.08332 5614.615)
(-0.07288306 19.16521 5612.562)
(-0.06371285 19.07952 5610.47)
(-0.05573906 18.81628 5655.177)
(-0.1000337 14.98924 20938.15)
(-0.1361258 15.06421 5366.056)
(-0.1041803 15.39792 5403.572)
(-0.09307799 15.59541 5402.828)
(-0.08213924 15.67634 5402.039)
(-0.07394551 15.62868 5400.53)
(-0.06471695 15.46641 5398.898)
(-0.05700522 15.17847 5396.716)
(-0.04893147 14.77625 5436.406)
(-0.04079083 13.7134 23735.58)
(-0.0836837 9.917311 5226.351)
(-0.1156783 10.01987 5261.235)
(-0.08780738 10.04968 5260.991)
(-0.07787504 9.999533 5259.954)
(-0.06818843 9.882127 5258.807)
(-0.06089066 9.691554 5257.01)
(-0.05270403 9.436769 5255.209)
(-0.04584621 9.110666 5291.373)
(-0.03740231 8.406866 23035.55)
(0.002373726 -0.008771233 3024.554)
(-0.0738081 3.438621 5191.597)
(-0.101133 3.430721 5190.876)
(-0.07606826 3.399849 5190.308)
(-0.06682946 3.344462 5188.93)
(-0.05792806 3.267704 5187.46)
(-0.05115001 3.168322 5185.462)
(-0.04366409 3.048788 5220.338)
(-0.03637717 2.804525 22693.44)
(0.002340252 -0.009519636 2985.167)
(0.004621236 -0.2377363 1766.564)
(-0.06674496 -3.421026 5191.715)
(-0.09085063 -3.394004 5190.669)
(-0.06743976 -3.343602 5189.716)
(-0.05832732 -3.266646 5187.983)
(-0.04988612 -3.169086 5186.255)
(-0.0434027 -3.048815 5220.921)
(-0.03539214 -2.804995 22698.85)
(0.002335432 0.009424522 2985.761)
(0.004603388 0.2377727 1767.439)
(0.004798768 0.3849597 899.188)
(-0.06149399 -9.961526 5262.086)
(-0.08315562 -9.854484 5260.6)
(-0.06072526 -9.676358 5259.245)
(-0.0515389 -9.422203 5257.191)
(-0.04340824 -9.104571 5293.764)
(-0.03599501 -8.401332 23049.55)
(0.002404908 0.007344004 3026.853)
(0.004705596 0.6811095 1792.33)
(0.004873664 1.121671 913.2584)
(0.00458651 1.397725 435.3812)
(-0.0582044 -15.50308 5404.47)
(-0.07833689 -15.366 5402.498)
(-0.05602498 -15.10427 5400.778)
(-0.04647529 -14.71373 5440.455)
(-0.03724917 -13.66442 23763.59)
(0.002530708 -0.04791693 3109.338)
(0.004900924 1.024105 1842.679)
(0.005111151 1.745255 941.3082)
(0.004759578 2.205333 450.0131)
(0.004528896 2.428847 133.2604)
(-0.0568994 -18.84818 5618.852)
(-0.07657053 -18.8056 5616.45)
(-0.05381373 -18.58276 5661.983)
(-0.04223477 -17.42181 24848.68)
(0.00262103 -0.1594444 3234.239)
(0.005234662 1.188971 1918.849)
(0.005434536 2.142062 984.3271)
(0.005125337 2.765484 472.3412)
(0.004818911 3.073527 140.231)
(-0.05725188 -18.43665 5893.891)
(-0.07772714 -18.6242 5946.208)
(-0.05228547 -17.73988 26264.2)
(0.00269594 -0.2815134 3395.355)
(0.005539543 1.111871 2018.601)
(0.005899677 2.171814 1040.822)
(0.005546337 2.890954 502.0574)
(0.005301619 3.251608 149.4784)
(-0.05862391 -14.21234 6254.017)
(-0.07782922 -13.87656 27812.42)
(0.0025494 -0.3422536 3571.56)
(0.006050159 0.8068712 2128.756)
(0.006335873 1.77245 1104.239)
(0.006064806 2.452659 535.4697)
(0.005769659 2.800899 159.9826)
(-0.05594173 -8.190803 29142.38)
(0.002296031 -0.3071519 3722.672)
(0.006339948 0.4531457 2225.114)
(0.00693602 1.172641 1159.909)
(0.006506924 1.70237 565.162)
(0.006264751 1.976761 169.2855)
(0.001058645 -0.2088961 3832.982)
(0.006740359 0.2144851 2296.004)
(0.007243578 0.6778053 1201.597)
(0.007013175 1.031199 587.3221)
(0.006609604 1.218308 176.3023)
(0.003633981 0.09594879 2341.55)
(0.007494577 0.3400105 1228.271)
(0.007206358 0.53682 601.7655)
(0.006990184 0.6419003 180.8276)
(0.003951898 0.1058011 1241.627)
(0.007156186 0.1656502 608.8861)
(0.007026318 0.1990404 183.1239)
(-0.06183769 -0.9031929 367.3413)
(-0.05859089 -0.8709203 1140.83)
(-0.05531979 -0.7962259 2053.769)
(-0.04848427 -0.663072 3304.106)
(-0.03799761 -0.4310008 4366.631)
(-0.2491446 -1.590821 26046.54)
(-0.2276007 -1.252015 6717.491)
(-0.211944 -0.9690296 6771.9)
(-0.197666 -0.7044428 6773.682)
(-0.03616964 -2.656714 364.1209)
(-0.06145514 -2.588808 1130.747)
(-0.05461683 -2.362946 2036.268)
(-0.04830554 -1.96198 3276.644)
(-0.03698276 -1.244988 4333.189)
(-0.2417133 -4.150685 25855.24)
(-0.2182964 -3.141912 6667.905)
(-0.2044548 -2.307873 6721.554)
(-0.1890624 -1.51519 6723.285)
(-0.175076 -0.7846455 6724.107)
(-0.03600307 -4.123011 1109.016)
(-0.05779541 -3.770259 1997.524)
(-0.04718625 -3.085671 3217.088)
(-0.03605194 -1.874951 4260.215)
(-0.2269893 -4.621775 25442.95)
(-0.2056963 -3.072572 6560.343)
(-0.1900857 -1.714096 6612.995)
(-0.1767237 -0.4608605 6614.15)
(-0.1620379 0.7058425 6614.816)
(-0.1487913 1.759394 6614.458)
(-0.03376873 -4.732677 1935.274)
(-0.04986592 -3.811045 3119.929)
(-0.0344008 -2.119573 4141.821)
(-0.2115588 -1.658861 24771.93)
(-0.1864759 0.2287388 6385.548)
(-0.1729495 1.932339 6435.904)
(-0.1582424 3.516568 6436.724)
(-0.1456654 4.943866 6436.634)
(-0.1319762 6.228419 6436.035)
(-0.1198138 7.343186 6434.482)
(-0.02891364 -3.782102 2985.185)
(-0.03581226 -1.803897 3975.403)
(-0.1912283 5.040158 23836.71)
(-0.1673556 6.802687 6139.961)
(-0.1506611 8.569946 6187.68)
(-0.1384333 10.14153 6187.58)
(-0.1249965 11.54022 6187.216)
(-0.1135022 12.73531 6185.896)
(-0.1011967 13.73448 6184.207)
(-0.09050114 14.51478 6181.86)
(-0.02057197 -0.9240979 3778.824)
(-0.1932164 12.61982 22734.04)
(-0.1465778 13.832 5848.954)
(-0.1314611 15.18705 5892.661)
(-0.1170487 16.36138 5892.439)
(-0.1062859 17.32732 5891.409)
(-0.09444512 18.10038 5890.121)
(-0.08439539 18.65982 5888.001)
(-0.07403001 19.01212 5885.806)
(-0.06512904 19.14025 5937.773)
(-0.1095387 16.45467 21722.08)
(-0.150715 16.95537 5577.886)
(-0.1156595 17.74221 5618.465)
(-0.1030069 18.34186 5617.741)
(-0.09078292 18.77973 5616.942)
(-0.08166557 19.03727 5615.349)
(-0.07150704 19.12947 5613.599)
(-0.06295812 19.04276 5611.252)
(-0.05431486 18.78567 5656.254)
(-0.04529646 17.595 24812.03)
(-0.0888275 15.01921 5366.99)
(-0.1235104 15.35599 5403.99)
(-0.09358599 15.57068 5403.744)
(-0.08271701 15.65025 5402.652)
(-0.07234456 15.6126 5401.442)
(-0.06451836 15.44722 5399.539)
(-0.05578385 15.16784 5397.633)
(-0.04843527 14.76322 5437.121)
(-0.03967194 13.70183 23741.82)
(0.002473133 0.04506527 3106.182)
(-0.07592962 9.999534 5262.101)
(-0.1042781 10.03216 5261.359)
(-0.07830109 9.992415 5260.785)
(-0.06858942 9.873364 5259.36)
(-0.059425 9.687916 5257.842)
(-0.05247371 9.430733 5255.785)
(-0.04474977 9.109802 5292.254)
(-0.03720823 8.403647 23039.73)
(0.002388787 -0.008499031 3025.398)
(0.004723765 -0.6820319 1790.751)
(-0.0665776 3.427242 5191.707)
(-0.09055212 3.396821 5190.664)
(-0.06728489 3.343828 5189.717)
(-0.05828464 3.266392 5187.982)
(-0.04987693 3.168091 5186.254)
(-0.04342304 3.047473 5220.918)
(-0.03543347 2.804814 22698.85)
(0.00233171 -0.009380694 2985.761)
(0.004600847 -0.2376386 1767.44)
(0.004801198 -0.384856 899.1888)
(-0.05983167 -3.38855 5191.516)
(-0.08074079 -3.338759 5190.086)
(-0.05908243 -3.265972 5188.774)
(-0.05024145 -3.167466 5186.784)
(-0.04228864 -3.04856 5221.763)
(-0.03518444 -2.805133 22702.71)
(0.002334618 0.009175202 2986.561)
(0.004594231 0.2375153 1768.096)
(0.004770806 0.3849394 899.8021)
(0.004493586 0.4765896 428.4373)
(-0.05471137 -9.840047 5261.519)
(-0.07323716 -9.664553 5259.655)
(-0.05256211 -9.419061 5258.035)
(-0.04367618 -9.098656 5294.372)
(-0.03508241 -8.399784 23055.23)
(0.002415188 0.006698007 3027.464)
(0.00467112 0.6804684 1793.225)
(0.00487747 1.121155 913.7402)
(0.004557234 1.397812 435.7446)
(0.004340788 1.530994 128.838)
(-0.05138488 -15.33425 5403.519)
(-0.06832085 -15.07964 5401.264)
(-0.04780463 -14.69981 5441.446)
(-0.03750887 -13.64957 23767.99)
(0.002505043 -0.04855305 3110.239)
(0.004902711 1.022874 1843.398)
(0.005070698 1.74455 941.9743)
(0.004778797 2.204701 450.3121)
(0.004501479 2.428977 133.3847)
(-0.04986722 -18.75225 5617.599)
(-0.06613667 -18.53833 5662.62)
(-0.04383694 -17.38956 24855.68)
(0.00263569 -0.1595402 3234.962)
(0.005153528 1.187884 1919.887)
(0.005430005 2.140648 984.8853)
(0.00508242 2.764914 472.7597)
(0.004847338 3.072704 140.3387)
(-0.04986109 -18.54649 5947.575)
(-0.0642218 -17.67303 26269.28)
(0.002539823 -0.281021 3396.479)
(0.005588102 1.110227 2019.457)
(0.00580029 2.17077 1041.618)
(0.00553901 2.889556 502.421)
(0.005252615 3.251083 149.6288)
(-0.04889257 -13.79176 27821.47)
(0.00246667 -0.341513 3572.437)
(0.005935267 0.8057131 2130.046)
(0.006417004 1.770111 1104.92)
(0.005990535 2.451681 535.9756)
(0.005762929 2.799326 160.1159)
(0.001276631 -0.3031019 3724.126)
(0.006645465 0.4514241 2226.175)
(0.006858429 1.171411 1160.88)
(0.006598244 1.700204 565.6025)
(0.006202906 1.975817 169.4641)
(0.003833049 0.2187587 2297.594)
(0.007502439 0.6762904 1202.404)
(0.00694668 1.03028 587.916)
(0.006702018 1.21653 176.4582)
(0.004162313 0.3446479 1229.36)
(0.007280979 0.5362301 602.2578)
(0.006906359 0.6411704 181.0285)
(0.003896197 0.167705 609.4904)
(0.006908245 0.1989893 183.287)
(-0.03491336 -0.8873735 367.5332)
(-0.06054999 -0.8715857 1141.336)
(-0.055428 -0.7988169 2054.944)
(-0.04933482 -0.6667955 3305.395)
(-0.03774758 -0.4322687 4367.843)
(-0.2479003 -1.612517 26050.98)
(-0.2241078 -1.268068 6718.689)
(-0.2100571 -0.9884849 6772.926)
(-0.1945951 -0.7212409 6774.915)
(-0.1804754 -0.4733404 6775.982)
(-0.03541598 -2.560979 1131.406)
(-0.05822895 -2.36844 2037.124)
(-0.04878136 -1.966707 3278.2)
(-0.03753172 -1.252946 4334.194)
(-0.2394919 -4.198771 25860.52)
(-0.2172486 -3.201111 6668.891)
(-0.2012547 -2.355336 6722.759)
(-0.1874671 -1.570824 6724.365)
(-0.1723137 -0.8327322 6725.398)
(-0.1585666 -0.1592244 6725.402)
(-0.03407241 -3.751226 1998.718)
(-0.05165254 -3.097643 3218.217)
(-0.03662182 -1.881219 4261.471)
(-0.2303617 -4.723867 25447.08)
(-0.2035907 -3.147224 6561.542)
(-0.1892652 -1.803747 6613.953)
(-0.1739444 -0.5362163 6615.376)
(-0.1607484 0.622233 6615.865)
(-0.1463934 1.685332 6615.751)
(-0.133445 2.630674 6614.644)
(-0.03007235 -3.803079 3121.609)
(-0.03856747 -2.135208 4142.65)
(-0.2162284 -1.764989 24777.22)
(-0.1891506 0.1096028 6386.45)
(-0.1709424 1.837146 6437.096)
(-0.157672 3.408279 6437.667)
(-0.1433445 4.848987 6437.873)
(-0.1310155 6.126837 6437.062)
(-0.1177462 7.251118 6435.776)
(-0.1059651 8.199127 6433.789)
(-0.02210754 -1.806449 3976.737)
(-0.2210908 4.8821 23839.56)
(-0.1704821 6.69366 6141.151)
(-0.152677 8.4516 6188.523)
(-0.1365954 10.04272 6188.758)
(-0.1246857 11.43309 6188.121)
(-0.1117005 12.6394 6187.119)
(-0.1005285 13.63602 6185.194)
(-0.08872246 14.42728 6183.126)
(-0.07846726 14.99184 6243.39)
(-0.1226607 12.51942 22738.85)
(-0.1719835 13.70849 5849.559)
(-0.1332582 15.09926 5893.772)
(-0.1185202 16.26947 5893.213)
(-0.104719 17.25144 5892.536)
(-0.09430714 18.0208 5890.963)
(-0.08297498 18.59028 5889.162)
(-0.07330858 18.94324 5886.713)
(-0.06348968 19.08189 5938.994)
(-0.05311789 18.13316 26215.3)
(-0.0973605 16.88154 5578.934)
(-0.1370037 17.66578 5618.975)
(-0.1041012 18.28939 5618.758)
(-0.09175003 18.72596 5617.645)
(-0.08012275 18.99725 5616.375)
(-0.07138978 19.08726 5614.341)
(-0.06174822 19.01026 5612.296)
(-0.05358605 18.7529 5657.086)
(-0.04404014 17.56803 24818.97)
(0.002594618 0.1570322 3229.71)
(-0.0806601 15.31314 5404.941)
(-0.1114187 15.53207 5404.174)
(-0.08347459 15.62765 5403.574)
(-0.07286465 15.58896 5402.064)
(-0.06305793 15.43313 5400.457)
(-0.05560081 15.15104 5398.28)
(-0.04735437 14.75461 5438.096)
(-0.03921629 13.69107 23746.49)
(0.002484125 0.04548931 3107.08)
(0.004931504 -1.027029 1840.044)
(-0.06850431 10.01324 5262.238)
(-0.09339671 9.976436 5261.163)
(-0.06925717 9.8676 5260.197)
(-0.05978699 9.680457 5258.403)
(-0.05113974 9.428132 5256.621)
(-0.04452844 9.104916 5292.87)
(-0.03626141 8.403413 23045.43)
(0.002391718 -0.007975577 3026.019)
(0.004696868 -0.6817184 1791.651)
(0.004905454 -1.121702 912.6307)
(-0.05967746 3.39366 5191.508)
(-0.08047606 3.340951 5190.08)
(-0.0589476 3.266172 5188.774)
(-0.05020122 3.167149 5186.783)
(-0.04227766 3.047579 5221.762)
(-0.03520428 2.803739 22702.69)
(0.002329722 -0.009172689 2986.562)
(0.004590865 -0.2374783 1768.097)
(0.004768802 -0.3848278 899.803)
(0.004495538 -0.4765061 428.4377)
(-0.05324709 -3.334049 5190.945)
(-0.07113131 -3.261847 5189.15)
(-0.05116533 -3.167149 5187.579)
(-0.04260503 -3.047359 5222.331)
(-0.03421936 -2.804978 22708.15)
(0.002354105 0.008889622 2987.14)
(0.004556638 0.2373019 1768.962)
(0.004766081 0.3847577 900.2671)
(0.004461909 0.4766377 428.7917)
(0.004253596 0.5206618 126.6866)
(-0.04826309 -9.651769 5260.585)
(-0.06382708 -9.408918 5258.452)
(-0.0448427 -9.096609 5295.269)
(-0.03529398 -8.394987 23059.21)
(0.002404621 0.006230468 3028.3)
(0.004682254 0.6796983 1793.89)
(0.004837143 1.120786 914.3676)
(0.004563087 1.397515 436.0235)
(0.004310607 1.531198 128.9562)
(-0.04491085 -15.05062 5402.296)
(-0.05883028 -14.67832 5441.974)
(-0.03889485 -13.63756 23774.31)
(0.00253565 -0.04901917 3110.883)
(0.004840312 1.022014 1844.351)
(0.005075404 1.743575 942.4782)
(0.00474028 2.204394 450.6964)
(0.00451976 2.42856 133.482)
(-0.04319429 -18.48897 5663.846)
(-0.05447047 -17.35111 24859.96)
(0.002449678 -0.1596288 3235.971)
(0.005196634 1.186666 1920.651)
(0.005350617 2.1398 985.6084)
(0.005081614 2.763888 473.0822)
(0.004807062 3.072422 140.4748)
(-0.04132514 -17.60197 26278.02)
(0.002564439 -0.2810327 3397.237)
(0.005459284 1.108967 2020.624)
(0.005855972 2.168985 1042.217)
(0.005452052 2.888847 502.8809)
(0.005247884 3.249936 149.7473)
(0.00141984 -0.3383302 3573.839)
(0.006344522 0.8034783 2130.994)
(0.006332133 1.768632 1105.818)
(0.006067287 2.449595 536.3706)
(0.005694203 2.798544 160.281)
(0.00388612 0.4537731 2227.763)
(0.007277326 1.169104 1161.629)
(0.006539047 1.699032 566.1656)
(0.006289733 1.973828 169.6081)
(0.004289605 0.6796679 1203.531)
(0.007232045 1.028732 588.3878)
(0.006644123 1.215667 176.6523)
(0.004058017 0.5400556 602.8962)
(0.00700348 0.640561 181.1901)
(0.003772807 0.2008089 183.4858)
(-0.03421093 -0.8563486 1141.906)
(-0.05745179 -0.7996316 2055.783)
(-0.04955636 -0.6692231 3306.977)
(-0.03838914 -0.4353432 4368.883)
(-0.2458336 -1.62879 26056.29)
(-0.2230146 -1.288376 6719.694)
(-0.2068249 -1.004492 6774.123)
(-0.1928868 -0.740578 6775.965)
(-0.1776785 -0.4902571 6777.24)
(-0.163762 -0.2602364 6777.472)
(-0.03358154 -2.343324 2038.204)
(-0.05221104 -1.972401 3279.331)
(-0.03808184 -1.257835 4335.453)
(-0.2431517 -4.265402 25864.89)
(-0.2152223 -3.247625 6670.092)
(-0.2003196 -2.41233 6723.748)
(-0.1845887 -1.617728 6725.594)
(-0.1709167 -0.8863077 6726.5)
(-0.1560481 -0.206306 6726.717)
(-0.1425864 0.4063825 6725.934)
(-0.03046839 -3.082932 3219.796)
(-0.04036491 -1.892738 4262.321)
(-0.2359962 -4.80609 25452.52)
(-0.2066369 -3.242907 6562.492)
(-0.1873018 -1.877914 6615.151)
(-0.1732211 -0.6225348 6616.357)
(-0.1582442 0.5481972 6617.113)
(-0.1452575 1.605757 6616.82)
(-0.1312771 2.559098 6615.959)
(-0.1186724 3.389836 6614.378)
(-0.02328437 -2.133677 4143.954)
(-0.2461781 -1.912132 24780.46)
(-0.1935973 0.007235473 6387.684)
(-0.1734111 1.722237 6438.004)
(-0.1558211 3.314272 6438.879)
(-0.1428559 4.745021 6438.836)
(-0.1289451 6.034244 6438.321)
(-0.116906 7.15445 6436.82)
(-0.104096 8.110643 6435.103)
(-0.09272224 8.882485 6502.627)
(-0.137255 4.785726 23844.77)
(-0.1976307 6.546236 6141.848)
(-0.1557997 8.344483 6189.716)
(-0.1384489 9.929327 6189.62)
(-0.1230174 11.33651 6189.315)
(-0.1114579 12.53731 6188.039)
(-0.09895614 13.54356 6186.433)
(-0.08814197 14.33453 6184.126)
(-0.07685401 14.90914 6244.726)
(-0.06444242 14.49354 27754.14)
(-0.1092664 13.61128 5850.731)
(-0.1568513 14.9822 5894.396)
(-0.120411 16.18458 5894.337)
(-0.106092 17.16418 5893.324)
(-0.09291998 17.948 5892.101)
(-0.08288322 18.51566 5890.014)
(-0.07207852 18.87767 5887.885)
(-0.06280982 19.01842 5939.956)
(-0.05166396 18.08107 26223.12)
(0.002702867 0.2835697 3389.441)
(-0.08857956 17.59455 5620.035)
(-0.1238252 18.21825 5619.283)
(-0.0930409 18.67634 5618.67)
(-0.08101966 18.94714 5617.089)
(-0.06999579 19.05019 5615.374)
(-0.06165584 18.9719 5613.045)
(-0.05253134 18.72365 5658.195)
(-0.04335815 17.53968 24824.35)
(0.002615242 0.1574878 3230.699)
(0.005253251 -1.194748 1915.159)
(-0.07282819 15.49159 5405.139)
(-0.09986417 15.59237 5404.015)
(-0.07384698 15.56859 5402.993)
(-0.06351947 15.41194 5401.086)
(-0.05427488 15.13892 5399.203)
(-0.04718265 14.74014 5438.787)
(-0.03829314 13.68411 23752.76)
(0.002511343 0.04627649 3107.762)
(0.004901086 -1.026326 1840.994)
(0.005121955 -1.746583 940.1315)
(-0.06141572 9.958975 5262.056)
(-0.08303103 9.853143 5260.583)
(-0.06067102 9.676024 5259.244)
(-0.05146081 9.42194 5257.188)
(-0.04332092 9.103308 5293.76)
(-0.0360511 8.39951 23049.48)
(0.002388032 -0.007349772 3026.854)
(0.004696491 -0.6810762 1792.331)
(0.004868229 -1.12158 913.2606)
(0.004591634 -1.397658 435.3823)
(-0.05310554 3.338121 5190.938)
(-0.07089834 3.263463 5189.145)
(-0.05104886 3.167325 5187.579)
(-0.0425671 3.04699 5222.33)
(-0.03420732 2.80404 22708.14)
(0.002352313 -0.009062133 2987.138)
(0.004551978 -0.2372916 1768.963)
(0.004763355 -0.3847278 900.2673)
(0.004460318 -0.4765454 428.7921)
(0.004255297 -0.5205887 126.6868)
(-0.04698724 -3.257858 5190.021)
(-0.06201376 -3.163707 5187.962)
(-0.04367714 -3.047378 5223.178)
(-0.03448629 -2.804117 22711.89)
(0.002349447 0.008764293 2987.946)
(0.00457581 0.2369936 1769.6)
(0.004723481 0.3846438 900.8759)
(0.004461123 0.4765338 429.0611)
(0.004221071 0.5207492 126.8018)
(-0.04214445 -9.39776 5259.393)
(-0.05491262 -9.08806 5295.724)
(-0.03654262 -8.393697 23064.96)
(0.002431257 0.0057898 3028.89)
(0.004633217 0.6792342 1794.787)
(0.00484917 1.120221 914.8362)
(0.004524916 1.397404 436.3858)
(0.004317548 1.531031 129.047)
(-0.03877468 -14.65203 5443.077)
(-0.04840702 -13.61936 23777.93)
(0.002339395 -0.04952705 3111.802)
(0.004891237 1.021055 1845.041)
(0.005011105 1.743038 943.1443)
(0.004746783 2.203761 450.9877)
(0.004483469 2.42849 133.6069)
(-0.03569885 -17.30666 24867.83)
(0.002512797 -0.1602282 3236.612)
(0.005022733 1.185648 1921.707)
(0.00539867 2.138642 986.1429)
(0.005010713 2.763457 473.4995)
(0.004808051 3.071655 140.5798)
(0.001525539 -0.2791402 3398.546)
(0.005949315 1.10662 2021.445)
(0.005751623 2.167692 1043.029)
(0.005506494 2.887366 503.2279)
(0.005168624 3.249484 149.8971)
(0.003798387 0.8046035 2132.51)
(0.006840794 1.76596 1106.486)
(0.005998514 2.448351 536.8901)
(0.005767271 2.796697 160.4099)
(0.004267466 1.170784 1162.747)
(0.006962745 1.696814 566.6025)
(0.006236901 1.972784 169.792)
(0.004139007 1.031542 589.045)
(0.006931255 1.214181 176.8071)
(0.003909383 0.6439706 181.3995)
(-0.03250167 -0.7858087 2056.712)
(-0.0516694 -0.6702975 3308.081)
(-0.03879692 -0.4374938 4370.169)
(-0.249791 -1.652341 26060.85)
(-0.221094 -1.304105 6720.894)
(-0.2058363 -1.024004 6775.129)
(-0.1899086 -0.7564663 6777.185)
(-0.1761396 -0.5093884 6778.313)
(-0.1612278 -0.2771623 6778.754)
(-0.1475616 -0.06629126 6778.182)
(-0.03015261 -1.952237 3280.745)
(-0.04115829 -1.263943 4336.302)
(-0.2491845 -4.318283 25870.41)
(-0.2185251 -3.309506 6671.085)
(-0.1984135 -2.458468 6724.946)
(-0.1837594 -1.672402 6726.606)
(-0.168347 -0.9324396 6727.753)
(-0.1548368 -0.2576797 6727.841)
(-0.1403009 0.3605367 6727.273)
(-0.1271718 0.9084821 6725.99)
(-0.02385574 -1.885874 4263.527)
(-0.2644878 -4.918643 25455.95)
(-0.2119986 -3.322263 6563.736)
(-0.1901202 -1.969974 6616.105)
(-0.1713959 -0.6958545 6617.577)
(-0.1576107 0.4654299 6618.116)
(-0.1430163 1.533412 6618.091)
(-0.1302836 2.483742 6617.048)
(-0.1167222 3.321071 6615.715)
(-0.1044912 4.029878 6688.453)
(-0.1493612 -1.977315 24785.77)
(-0.2209449 -0.1307609 6388.441)
(-0.177777 1.621018 6439.238)
(-0.1580861 3.203912 6439.809)
(-0.1411556 4.652725 6440.068)
(-0.1285302 5.934922 6439.302)
(-0.1150731 7.06465 6438.098)
(-0.1033656 8.019174 6436.162)
(-0.09104016 8.798007 6504.005)
(-0.07673116 8.881544 29073.39)
(-0.1227816 6.450206 6143.049)
(-0.1811563 8.20342 6190.427)
(-0.1415618 9.824728 6190.83)
(-0.1247104 11.22841 6190.194)
(-0.1099514 12.44354 6189.249)
(-0.0987727 13.44684 6187.366)
(-0.08678392 14.24601 6185.379)
(-0.07635148 14.82232 6245.781)
(-0.06303982 14.41895 27762.61)
(0.002738009 0.3499293 3563.765)
(-0.0997299 14.88608 5895.574)
(-0.1422466 16.07418 5894.978)
(-0.1080647 17.08268 5894.46)
(-0.09419309 17.86567 5892.902)
(-0.08166529 18.44634 5891.164)
(-0.07202472 18.80819 5888.746)
(-0.06175658 18.95705 5941.197)
(-0.05104356 18.02484 26229.29)
(0.002736648 0.2834871 3390.555)
(0.005686863 -1.118878 2013.327)
(-0.08013599 18.15003 5620.359)
(-0.1112012 18.61055 5619.208)
(-0.08248564 18.90063 5618.122)
(-0.07082064 19.00384 5616.097)
(-0.06040336 18.9379 5614.086)
(-0.05245777 18.68914 5658.992)
(-0.0424746 17.51398 24831.43)
(0.002662136 0.1581517 3231.473)
(0.005230595 -1.193468 1916.191)
(0.005469303 -2.145544 982.3143)
(-0.06534271 15.55443 5404.995)
(-0.08884715 15.5366 5403.442)
(-0.06470163 15.39382 5402.021)
(-0.05467739 15.12017 5399.839)
(-0.04598554 14.72996 5439.768)
(-0.03813257 13.6719 23757.26)
(0.002501665 0.04712675 3108.666)
(0.004921078 -1.025137 1841.726)
(0.005082384 -1.746152 940.7946)
(0.004793533 -2.205362 449.6324)
(-0.05466245 9.837186 5261.488)
(-0.07317548 9.663069 5259.638)
(-0.05253606 9.41879 5258.034)
(-0.04359943 9.098331 5294.368)
(-0.03499407 8.398554 23055.21)
(0.002409526 -0.006901632 3027.456)
(0.004655369 -0.6804636 1793.225)
(0.004870054 -1.121127 913.7407)
(0.004552897 -1.397735 435.7458)
(0.004345275 -1.530935 128.8384)
(-0.04685786 3.260969 5190.015)
(-0.06181038 3.164801 5187.956)
(-0.04357735 3.047533 5223.178)
(-0.0344515 2.803717 22711.89)
(0.00235132 -0.008835787 2987.945)
(0.004574252 -0.2371593 1769.599)
(0.004719588 -0.3846327 900.876)
(0.004458905 -0.4765091 429.0612)
(0.004219693 -0.5206672 126.802)
(-0.04104667 -3.160409 5188.843)
(-0.05337462 -3.04458 5223.596)
(-0.03564944 -2.804335 22717.34)
(0.002366557 0.008573351 2988.507)
(0.004532195 0.2368934 1770.472)
(0.004741791 0.3844183 901.3269)
(0.00442128 0.4765084 429.4128)
(0.004222343 0.5206905 126.8895)
(-0.03634668 -9.078476 5296.733)
(-0.04521499 -8.386674 23068.15)
(0.00223287 0.005194112 3029.74)
(0.004677208 0.6786257 1795.429)
(0.004795556 1.119993 915.4656)
(0.004537173 1.397063 436.6571)
(0.004281691 1.531067 129.1647)
(-0.03200921 -13.59593 23785.03)
(0.002430865 -0.05019907 3112.353)
(0.004696704 1.020237 1846.014)
(0.005062663 1.74226 943.629)
(0.004688048 2.20359 451.3722)
(0.004490752 2.428066 133.7017)
(0.001526964 -0.1596418 3237.79)
(0.005516488 1.18365 1922.412)
(0.005252476 2.137814 986.8789)
(0.005057269 2.762613 473.8087)
(0.004742747 3.071495 140.7156)
(0.003645822 1.106743 2022.854)
(0.006320384 2.165193 1043.607)
(0.005418024 2.886446 503.6968)
(0.005221405 3.24825 150.0102)
(0.004103422 1.766636 1107.55)
(0.006498792 2.44592 537.2793)
(0.005704039 2.79568 160.5793)
(0.004082098 1.698277 567.2522)
(0.006650067 1.970717 169.9352)
(0.003968467 1.216739 177.0221)
(-0.02930383 -0.6590752 3309.276)
(-0.04104761 -0.4390506 4370.989)
(-0.2557121 -1.671262 26066.53)
(-0.2246212 -1.325749 6721.932)
(-0.2039926 -1.039594 6776.326)
(-0.1890181 -0.775146 6778.216)
(-0.1734076 -0.5250825 6779.557)
(-0.1598487 -0.2959967 6779.849)
(-0.1452778 -0.08311402 6779.488)
(-0.1319111 0.1072778 6778.404)
(-0.02385928 -1.25274 4337.341)
(-0.2753054 -4.385679 25873.88)
(-0.2243197 -3.359877 6672.337)
(-0.2014663 -2.517439 6725.943)
(-0.1819708 -1.717962 6727.827)
(-0.167616 -0.9846822 6728.788)
(-0.1525615 -0.3028219 6729.117)
(-0.1392619 0.3115033 6728.417)
(-0.1251079 0.8640982 6727.352)
(-0.1123422 1.342908 6803.267)
(-0.1572514 -4.945132 25460.91)
(-0.2382139 -3.428444 6564.515)
(-0.1953793 -2.04852 6617.347)
(-0.1739893 -0.7840889 6618.555)
(-0.1559194 0.39332 6619.358)
(-0.1424649 1.454408 6619.114)
(-0.1282925 2.413453 6618.34)
(-0.1158595 3.250092 6616.821)
(-0.1027463 3.964229 6689.849)
(-0.08691899 4.280407 30024.68)
(-0.1341413 -0.1990246 6389.627)
(-0.2034472 1.488138 6440.006)
(-0.1623674 3.10436 6441.063)
(-0.1432203 4.547214 6441.018)
(-0.1269748 5.84485 6440.554)
(-0.1147238 6.970267 6439.096)
(-0.1017565 7.932638 6437.459)
(-0.09040889 8.711988 6505.117)
(-0.0752857 8.805002 29082)
(0.002669199 0.3176092 3713.301)
(-0.1126309 8.105726 6191.631)
(-0.1651712 9.690351 6191.563)
(-0.1278064 11.12691 6191.421)
(-0.1114864 12.34107 6190.144)
(-0.09742018 13.35643 6188.591)
(-0.08665077 14.15493 6186.325)
(-0.07519262 14.73815 6247.103)
(-0.0626203 14.3414 27769.31)
(0.00275547 0.3488124 3565.002)
(0.006166576 -0.8148898 2121.941)
(-0.09052262 15.97985 5896.178)
(-0.1282017 16.97913 5895.116)
(-0.09623508 17.78799 5894.049)
(-0.08283744 18.36916 5891.976)
(-0.07096539 18.74266 5889.906)
(-0.0617328 18.89281 5942.111)
(-0.05018228 17.96954 26237.18)
(0.002771598 0.2833876 3391.443)
(0.005674342 -1.117299 2014.475)
(0.005958714 -2.17803 1037.952)
(-0.07204585 18.54568 5620.301)
(-0.09913862 18.84019 5618.67)
(-0.07243994 18.96062 5617.138)
(-0.06115478 18.89537 5614.816)
(-0.05133976 18.65825 5660.097)
(-0.04241433 17.48386 24836.58)
(0.00264231 0.158664 3232.481)
(0.005266788 -1.191799 1917.007)
(0.005435977 -2.144521 983.0329)
(0.005122792 -2.767103 471.5983)
(-0.05820449 15.50133 5404.436)
(-0.07836498 15.36509 5402.478)
(-0.05603458 15.10431 5400.779)
(-0.04632889 14.71358 5440.448)
(-0.03708918 13.66338 23763.54)
(0.002518601 0.04775662 3109.325)
(0.004873469 -1.02408 1842.68)
(0.005099666 -1.745224 941.3091)
(0.004753428 -2.205261 450.015)
(0.004535385 -2.428811 133.2609)
(-0.04824114 9.64863 5260.555)
(-0.06382215 9.407308 5258.434)
(-0.04484144 9.096396 5295.269)
(-0.03522093 8.394626 23059.19)
(0.002414062 -0.0063371 3028.297)
(0.004677094 -0.6798862 1793.885)
(0.004824143 -1.120778 914.3677)
(0.004557014 -1.397492 436.0238)
(0.004306839 -1.53113 128.9565)
(-0.04092894 3.162643 5188.837)
(-0.05319856 3.04521 5223.591)
(-0.03556681 2.804467 22717.34)
(0.002368281 -0.008633685 2988.506)
(0.004534121 -0.2369496 1770.472)
(0.004740493 -0.384556 901.3261)
(0.004418034 -0.4764982 429.4129)
(0.004220389 -0.5206684 126.8895)
(-0.03541616 -3.041934 5224.543)
(-0.04400741 -2.80213 22720.31)
(0.002170626 0.008353607 2989.321)
(0.004566402 0.2366659 1771.089)
(0.004692694 0.3843957 901.9396)
(0.004438466 0.4763671 429.6742)
(0.004185114 0.5207147 127.0039)
(-0.0300182 -8.378469 23074.66)
(0.002350045 0.00470572 3030.234)
(0.004474883 0.6780139 1796.343)
(0.004840332 1.119546 915.9182)
(0.004487047 1.397066 437.0207)
(0.004293919 1.53086 129.253)
(0.00150496 -0.05013664 3113.428)
(0.005186794 1.018881 1846.635)
(0.004896228 1.741735 944.3092)
(0.004735842 2.203098 451.6528)
(0.004436075 2.428116 133.8268)
(0.003437704 1.183148 1923.696)
(0.00581411 2.13591 987.3783)
(0.004932822 2.762184 474.2335)
(0.004787809 3.070873 140.8163)
(0.003876348 2.165207 1044.595)
(0.005964893 2.884316 504.0337)
(0.005138853 3.247613 150.163)
(0.003895611 2.446662 537.8961)
(0.006186947 2.793487 160.7068)
(0.003898463 1.972151 170.1473)
(-0.02343107 -0.4325405 4371.805)
(-0.2793075 -1.692909 26069.88)
(-0.2304314 -1.343421 6723.219)
(-0.2072064 -1.059988 6777.367)
(-0.187251 -0.7905314 6779.436)
(-0.1726089 -0.5428967 6780.611)
(-0.1573543 -0.3114198 6781.117)
(-0.1440485 -0.1015581 6780.604)
(-0.1298648 0.09067247 6779.734)
(-0.1168296 0.2591172 6857.169)
(-0.1610949 -4.380174 25878.06)
(-0.2486854 -3.424268 6673.11)
(-0.2072024 -2.566651 6727.192)
(-0.1847764 -1.77394 6728.848)
(-0.1659418 -1.029461 6730.032)
(-0.1519211 -0.3525278 6730.173)
(-0.1372657 0.2675681 6729.716)
(-0.1242272 0.8175358 6728.516)
(-0.1104882 1.30021 6804.684)
(-0.0936939 1.596245 30613.95)
(-0.1417517 -3.462007 6565.591)
(-0.2201921 -2.1514 6618.136)
(-0.179141 -0.8614668 6619.819)
(-0.1582912 0.309102 6620.358)
(-0.1409032 1.383871 6620.378)
(-0.1278154 2.338408 6619.382)
(-0.1141051 3.182209 6618.135)
(-0.1020028 3.897771 6691.003)
(-0.08543251 4.221093 30033.25)
(0.002596146 0.2227454 3821.712)
(-0.1236023 1.415559 6441.193)
(-0.1863954 2.976901 6441.856)
(-0.1474118 4.449836 6442.294)
(-0.1288433 5.744469 6441.522)
(-0.1133073 6.882909 6440.367)
(-0.1014646 7.843454 6438.472)
(-0.08900946 8.629153 6506.478)
(-0.07476327 8.72818 29088.94)
(0.002677929 0.3159891 3714.618)
(0.006556292 -0.4608708 2216.305)
(-0.1027784 9.591838 6192.795)
(-0.1497175 10.99949 6192.173)
(-0.1145574 12.24318 6191.388)
(-0.09880031 13.25985 6189.501)
(-0.08544417 14.06834 6187.564)
(-0.0751011 14.65295 6248.102)
(-0.06168047 14.26504 27777.66)
(0.0027571 0.3478886 3565.996)
(0.006136664 -0.8136745 2123.215)
(0.006534531 -1.780274 1100.173)
(-0.08166686 16.8872 5896.337)
(-0.1147326 17.69141 5894.719)
(-0.08493552 18.29565 5893.134)
(-0.07203607 18.6708 5890.728)
(-0.0608215 18.83132 5943.339)
(-0.05017868 17.91245 26243.04)
(0.002739165 0.2828313 3392.568)
(0.005698316 -1.115512 2015.399)
(0.005933201 -2.176493 1038.749)
(0.005596231 -2.894347 500.764)
(-0.06431413 18.77895 5619.778)
(-0.08764099 18.90552 5617.695)
(-0.06290538 18.85555 5615.865)
(-0.05201672 18.61955 5660.876)
(-0.04145395 17.45648 24843.62)
(0.002648589 0.1591091 3233.225)
(0.005208154 -1.190499 1918.05)
(0.005465448 -2.143047 983.6025)
(0.005087967 -2.766518 472.0128)
(0.004847862 -3.07377 140.097)
(-0.0514122 15.33256 5403.483)
(-0.06841228 15.07875 5401.244)
(-0.0478366 14.69993 5441.448)
(-0.03736397 13.6494 23767.95)
(0.002521599 0.04844914 3110.233)
(0.004891535 -1.023026 1843.389)
(0.005048074 -1.744527 941.9747)
(0.004769328 -2.204675 450.3126)
(0.004496106 -2.428913 133.3853)
(-0.04214682 9.394381 5259.362)
(-0.05495759 9.086348 5295.706)
(-0.03656155 8.393536 23064.96)
(0.002436668 -0.005849802 3028.888)
(0.004641767 -0.6793229 1794.786)
(0.004844826 -1.120373 914.8331)
(0.004514188 -1.397396 436.3859)
(0.004312175 -1.53101 129.047)
(-0.03530954 3.043383 5224.536)
(-0.04386023 2.80236 22720.28)
(0.002168673 -0.008354226 2989.32)
(0.004567315 -0.2367277 1771.089)
(0.004694343 -0.3844405 901.9395)
(0.00443736 -0.4764809 429.6737)
(0.004182214 -0.5207053 127.0039)
(-0.02929017 -2.800026 22726.46)
(0.002289377 0.008133199 2989.787)
(0.004363769 0.2364636 1771.973)
(0.004729319 0.3842339 902.376)
(0.004392134 0.4764154 430.0283)
(0.004201572 0.520622 127.089)
(0.00147083 0.004410011 3031.235)
(0.004967085 0.6772498 1796.912)
(0.004665652 1.119194 916.5595)
(0.004528792 1.396812 437.2829)
(0.004246769 1.530995 129.3713)
(0.00327365 1.018442 1847.821)
(0.005444901 1.740552 944.7519)
(0.004593533 2.202929 452.0454)
(0.004481423 2.427805 133.9182)
(0.003623162 2.135598 988.2803)
(0.005469631 2.760677 474.5246)
(0.004672742 3.070711 140.9545)
(0.003653346 2.884647 504.6049)
(0.005662284 3.245771 150.2732)
(0.003707869 2.794373 160.9078)
(-0.1617712 -1.683469 26072.94)
(-0.2529347 -1.364489 6723.951)
(-0.213078 -1.076908 6778.65)
(-0.1901577 -0.8096638 6780.501)
(-0.170918 -0.5580122 6781.854)
(-0.1566406 -0.3283371 6782.193)
(-0.141783 -0.1166324 6781.896)
(-0.1287748 0.07271337 6780.869)
(-0.1150072 0.2428465 6858.55)
(-0.0976748 0.3603263 30890.8)
(-0.1457193 -3.42884 6673.977)
(-0.2306042 -2.629838 6727.972)
(-0.1904459 -1.821828 6730.121)
(-0.1685045 -1.082378 6731.076)
(-0.1503584 -0.3963189 6731.441)
(-0.136708 0.2204976 6730.793)
(-0.1224939 0.7750206 6729.837)
(-0.1097515 1.256244 6805.894)
(-0.09211017 1.557416 30622.52)
(0.002570107 0.1214291 3889.331)
(-0.1311463 -2.192226 6619.212)
(-0.2025723 -0.960802 6620.634)
(-0.1633298 0.2332473 6621.645)
(-0.1430578 1.303851 6621.398)
(-0.1263788 2.269805 6620.668)
(-0.1136944 3.111304 6619.194)
(-0.1004708 3.83263 6692.374)
(-0.08482212 4.162159 30040.32)
(0.002597115 0.2215393 3823.084)
(0.006862623 -0.2219915 2285.524)
(-0.1133292 2.900778 6443.075)
(-0.1698368 4.32808 6443.109)
(-0.132939 5.649761 6442.818)
(-0.1149844 6.787912 6441.353)
(-0.100181 7.759265 6439.761)
(-0.08876699 8.545396 6507.541)
(-0.07360729 8.652943 29097.4)
(0.002674928 0.3149363 3715.698)
(0.006514505 -0.4601075 2217.676)
(0.007043166 -1.182589 1154.73)
(-0.09325185 10.90098 6193.432)
(-0.1348196 12.12298 6192.157)
(-0.1018375 13.16605 6190.761)
(-0.08667333 13.97787 6188.487)
(-0.07403242 14.57057 6249.409)
(-0.06162202 14.18899 27783.99)
(0.00271817 0.346371 3567.222)
(0.006126703 -0.812048 2124.252)
(0.006494746 -1.778746 1101.058)
(0.006168679 -2.458509 533.6235)
(-0.07317315 17.60245 5895.959)
(-0.101852 18.20613 5893.816)
(-0.07417652 18.60173 5891.897)
(-0.06179057 18.76487 5944.212)
(-0.0494298 17.85691 26250.83)
(0.002736216 0.2825532 3393.417)
(0.005624937 -1.114409 2016.554)
(0.005952541 -2.174632 1039.393)
(0.005567767 -2.893229 501.2242)
(0.005301579 -3.253637 149.2078)
(-0.05694356 18.84811 5618.817)
(-0.07670873 18.80571 5616.43)
(-0.05387654 18.58318 5661.989)
(-0.04203454 17.42236 24848.64)
(0.002643476 0.1594174 3234.231)
(0.005216909 -1.189028 1918.837)
(0.005404262 -2.142023 984.328)
(0.005113104 -2.765457 472.342)
(0.004813413 -3.073468 140.2318)
(-0.04496265 15.049 5402.26)
(-0.05897704 14.67746 5441.952)
(-0.03894383 13.63776 23774.32)
(0.002549703 0.0489813 3110.879)
(0.004855145 -1.022107 1844.347)
(0.005066093 -1.743699 942.4729)
(0.004721644 -2.204375 450.6966)
(0.004511348 -2.428536 133.4821)
(-0.03637045 9.074906 5296.699)
(-0.04529895 8.384944 23068.04)
(0.002219069 -0.005180064 3029.739)
(0.004681407 -0.6786883 1795.428)
(0.004802453 -1.120063 915.4648)
(0.004533476 -1.397187 436.6555)
(0.004272166 -1.53106 129.1648)
(-0.02919673 2.800781 22726.41)
(0.002286561 -0.008350012 2989.782)
(0.004358246 -0.2364691 1771.973)
(0.004729932 -0.384287 902.3756)
(0.004393522 -0.4764528 430.0282)
(0.004200566 -0.520723 127.0888)
(0.001436084 0.007931997 2990.742)
(0.004846881 0.236143 1772.517)
(0.004553351 0.384127 902.9977)
(0.004427258 0.476325 430.2812)
(0.004157836 0.5207108 127.2041)
(0.003157993 0.67681 1798.032)
(0.005208464 1.118571 916.9674)
(0.00437893 1.396716 437.6533)
(0.004286574 1.530858 129.4567)
(0.003432482 1.740377 945.5883)
(0.005115395 2.202062 452.3039)
(0.004349982 2.427855 134.0458)
(0.003401899 2.760804 475.0458)
(0.005185947 3.069474 141.0499)
(0.003466407 3.246372 150.459)
(-0.1468102 -1.360691 6724.53)
(-0.2351904 -1.097958 6779.389)
(-0.196075 -0.8257992 6781.809)
(-0.1735254 -0.5758778 6782.943)
(-0.1550261 -0.3431159 6783.46)
(-0.1411473 -0.1326238 6782.992)
(-0.1267285 0.05806507 6782.184)
(-0.1140462 0.2254698 6859.728)
(-0.09613406 0.3452702 30899.1)
(0.002473127 0.03719036 3921.275)
(-0.1353273 -2.643841 6728.839)
(-0.2128833 -1.883623 6730.929)
(-0.1740975 -1.128779 6732.373)
(-0.1526833 -0.446114 6732.507)
(-0.1352539 0.1779009 6732.083)
(-0.1220109 0.7306737 6730.933)
(-0.108264 1.21536 6807.267)
(-0.09152828 1.518133 30629.8)
(0.002574885 0.1203762 3890.747)
(0.007097254 -0.09460646 2329.127)
(-0.1207738 -1.008172 6621.744)
(-0.1854027 0.1376917 6622.485)
(-0.1479762 1.229875 6622.709)
(-0.1283214 2.194147 6621.707)
(-0.1123783 3.044979 6620.501)
(-0.1001186 3.76603 6693.479)
(-0.08355415 4.10301 30048.69)
(0.00258835 0.2209984 3824.234)
(0.006809934 -0.2212854 2286.967)
(0.007452265 -0.6874597 1195.062)
(-0.1033519 4.2492 6444.359)
(-0.1538002 5.53397 6443.655)
(-0.1189778 6.696346 6442.669)
(-0.1016725 7.669871 6440.764)
(-0.0876103 8.464798 6508.893)
(-0.07341256 8.578249 29104.02)
(0.002644941 0.3132049 3717.001)
(0.006494923 -0.4585836 2218.816)
(0.006992664 -1.181311 1155.686)
(0.006691932 -1.709637 562.5992)
(-0.08406682 12.02524 6193.441)
(-0.1205004 13.05325 6191.546)
(-0.08966739 13.88858 6189.762)
(-0.07511505 14.48638 6250.384)
(-0.06071774 14.11425 27792.21)
(0.002713609 0.345482 3568.171)
(0.006042415 -0.8112705 2125.518)
(0.006485872 -1.776738 1101.782)
(0.006129023 -2.457215 534.1346)
(0.005857346 -2.804336 159.5139)
(-0.06505006 18.12061 5895.073)
(-0.08956998 18.51927 5892.589)
(-0.06395923 18.70043 5945.45)
(-0.05026434 17.7979 26256.42)
(0.00270993 0.2818834 3394.535)
(0.00562451 -1.112804 2017.443)
(0.005878252 -2.173491 1040.194)
(0.005584699 -2.891723 501.596)
(0.005272817 -3.252824 149.3575)
(-0.04993471 18.75227 5617.564)
(-0.06633362 18.5385 5662.598)
(-0.04391326 17.39002 24855.71)
(0.002657969 0.1595733 3234.957)
(0.005173961 -1.187919 1919.882)
(0.005415148 -2.1407 984.8784)
(0.005057287 -2.764884 472.7602)
(0.004836392 -3.07268 140.339)
(-0.03884783 14.65047 5443.037)
(-0.04859322 13.61856 23777.8)
(0.00232423 0.04958506 3111.804)
(0.004903613 -1.021097 1845.038)
(0.005023022 -1.743113 943.1422)
(0.004738988 -2.203862 450.9849)
(0.004466946 -2.428473 133.607)
(-0.03005863 8.374881 23074.46)
(0.002318294 -0.004895151 3030.221)
(0.004458356 -0.6779904 1796.343)
(0.004843674 -1.119599 915.9172)
(0.004492631 -1.397123 437.0203)
(0.004290561 -1.530968 129.2525)
(0.001437297 -0.008275645 2990.737)
(0.004837739 -0.2364236 1772.514)
(0.004547869 -0.3841325 902.9976)
(0.004427755 -0.4763697 430.281)
(0.004159084 -0.5207445 127.2041)
(0.003088413 0.2358949 1773.599)
(0.005085228 0.3838635 903.3891)
(0.00427577 0.4763067 430.6406)
(0.004191866 0.5206623 127.2865)
(0.003304947 1.118377 917.7596)
(0.004892493 1.396289 437.892)
(0.004148057 1.53091 129.5771)
(0.003216167 2.202264 452.7871)
(0.004848418 2.427188 134.1306)
(0.003223282 3.069909 141.2191)
(-0.1368317 -1.099309 6779.968)
(-0.2177661 -0.8467451 6782.576)
(-0.1794702 -0.5911993 6784.276)
(-0.1573433 -0.3597135 6784.572)
(-0.1396094 -0.1469986 6784.283)
(-0.126164 0.0430254 6783.3)
(-0.1122092 0.2113254 6861.092)
(-0.09532776 0.3293695 30906.14)
(0.002466105 0.03655298 3922.682)
(0.007131401 -0.02612225 2349.865)
(-0.1251352 -1.906375 6731.829)
(-0.1955696 -1.18899 6733.206)
(-0.1581882 -0.4908667 6733.828)
(-0.1373468 0.1312779 6733.17)
(-0.1206624 0.689474 6732.246)
(-0.1078476 1.173818 6808.406)
(-0.09032365 1.480972 30638.07)
(0.002549067 0.1197229 3891.961)
(0.007045932 -0.09445805 2330.624)
(0.00775398 -0.3468531 1220.622)
(-0.1106636 0.08454161 6623.627)
(-0.1687131 1.138331 6623.572)
(-0.1331117 2.1224 6623.041)
(-0.1141149 2.97383 6621.559)
(-0.09891848 3.702318 6694.843)
(-0.08326382 4.043758 30055.43)
(0.002558324 0.2195617 3825.586)
(0.006779812 -0.2197334 2288.19)
(0.007391722 -0.6863049 1196.07)
(0.007117046 -1.039758 584.1196)
(-0.09368835 5.453123 6444.934)
(-0.1383147 6.586759 6443.525)
(-0.105556 7.581882 6442.099)
(-0.08892254 8.381195 6509.945)
(-0.07241815 8.505047 29112.38)
(0.002646202 0.3122511 3718.04)
(0.006413969 -0.458012 2220.175)
(0.006973962 -1.179291 1156.482)
(0.006643278 -1.708413 563.1524)
(0.00637335 -1.982402 168.6271)
(-0.07523793 12.95701 6192.853)
(-0.1067808 13.78332 6190.562)
(-0.07805594 14.40194 6251.728)
(-0.06161988 14.03951 27798.38)
(0.002704825 0.3440002 3569.389)
(0.006038182 -0.8096482 2126.516)
(0.006400889 -1.775587 1102.661)
(0.006123032 -2.455419 534.5537)
(0.005819123 -2.803268 159.6805)
(-0.0573041 18.43759 5893.861)
(-0.07788497 18.62502 5946.191)
(-0.05236489 17.74004 26264.27)
(0.002721221 0.2815651 3395.353)
(0.005563594 -1.111833 2018.596)
(0.005881711 -2.171773 1040.814)
(0.005517682 -2.890929 502.0583)
(0.005288642 -3.251591 149.4787)
(-0.04328215 18.48908 5663.807)
(-0.05470727 17.35132 24859.83)
(0.002433567 0.159702 3235.975)
(0.005217365 -1.186646 1920.647)
(0.005367157 -2.139833 985.6054)
(0.005069196 -2.763933 473.0785)
(0.004784679 -3.072395 140.475)
(-0.0320971 13.59448 23784.8)
(0.002388105 0.05014453 3112.338)
(0.004679415 -1.020173 1846.015)
(0.005072685 -1.742297 943.6271)
(0.004697674 -2.203651 451.3712)
(0.004483758 -2.428155 133.7009)
(0.00145681 -0.004787873 3031.212)
(0.004930356 -0.677424 1796.903)
(0.004651286 -1.119172 916.5593)
(0.004531591 -1.396857 437.2823)
(0.004251671 -1.531045 129.3712)
(0.003086344 -0.2363551 1773.595)
(0.0050759 -0.3841133 903.3867)
(0.004271002 -0.4763112 430.6405)
(0.004192323 -0.5207024 127.2864)
(0.003233628 0.3837177 904.1565)
(0.004778902 0.4761188 430.8698)
(0.004051592 0.5206944 127.4034)
(0.003094691 1.39637 438.3498)
(0.004637778 1.530602 129.6554)
(0.00304532 2.427635 134.2873)
(-0.1270206 -0.8529123 6783.187)
(-0.2007055 -0.6119522 6785.068)
(-0.1632949 -0.3741952 6785.929)
(-0.1416469 -0.1623325 6785.416)
(-0.1247032 0.02912072 6784.614)
(-0.1117088 0.1972609 6862.249)
(-0.09376265 0.3164658 30914.28)
(0.002464968 0.03596887 3923.891)
(0.00706683 -0.02635203 2351.369)
(0.007836928 -0.1051861 1232.825)
(-0.1151705 -1.219751 6734.139)
(-0.1786907 -0.5492987 6734.685)
(-0.1427507 0.08832795 6734.515)
(-0.1225303 0.6460586 6733.353)
(-0.1066018 1.134217 6809.77)
(-0.0899801 1.444157 30644.89)
(0.002500511 0.1187426 3893.345)
(0.006995365 -0.09377737 2331.914)
(0.007693656 -0.3463528 1221.668)
(0.007426515 -0.5431889 597.807)
(-0.1008334 1.080201 6624.745)
(-0.152534 2.035093 6623.925)
(-0.1187682 2.904647 6622.914)
(-0.1004559 3.635806 6695.947)
(-0.08222104 3.985853 30063.71)
(0.002561385 0.2188426 3826.693)
(0.006694788 -0.219326 2289.617)
(0.007362502 -0.6843598 1196.926)
(0.007059783 -1.038613 584.7046)
(0.006794613 -1.224514 175.411)
(-0.08435643 6.504724 6444.832)
(-0.1234085 7.478708 6442.972)
(-0.09268769 8.297183 6511.345)
(-0.07350818 8.430812 29118.9)
(0.002651148 0.3105896 3719.337)
(0.006412274 -0.4564379 2221.276)
(0.006889643 -1.178201 1157.43)
(0.006628263 -1.7065 563.6146)
(0.006327181 -1.981304 168.8076)
(-0.06677837 13.68922 6191.89)
(-0.09366765 14.30432 6252.578)
(-0.06438128 13.96332 27806.81)
(0.002736469 0.3434235 3570.316)
(0.005993908 -0.8088852 2127.778)
(0.006400616 -1.773587 1103.359)
(0.006046376 -2.45444 535.0622)
(0.00581492 -2.801688 159.8172)
(-0.04993422 18.54747 5947.541)
(-0.06442369 17.67384 26269.17)
(0.00252366 0.2810494 3396.485)
(0.005612988 -1.110192 2019.455)
(0.005820047 -2.17075 1041.615)
(0.005523736 -2.889529 502.4172)
(0.005226831 -3.251063 149.6291)
(-0.03579996 17.30684 24867.6)
(0.002463935 0.1602605 3236.596)
(0.005005131 -1.185575 1921.71)
(0.005415717 -2.138632 986.1407)
(0.005024131 -2.763487 473.4979)
(0.004796935 -3.071696 140.5787)
(0.001487031 0.05004162 3113.401)
(0.005139724 -1.018923 1846.624)
(0.004881202 -1.74168 944.3098)
(0.004744058 -2.203129 451.6517)
(0.004444513 -2.428169 133.8265)
(0.003141915 -0.6771509 1798.016)
(0.005176578 -1.118713 916.9616)
(0.004367037 -1.396697 437.6532)
(0.004289114 -1.530899 129.4565)
(0.003230968 -0.3841315 904.1534)
(0.004770614 -0.4763285 430.8686)
(0.004047314 -0.5206983 127.4033)
(0.003029036 0.4760821 431.3137)
(0.004531579 0.5205521 127.4786)
(0.002930117 1.530852 129.8038)
(-0.1174014 -0.6225678 6785.711)
(-0.1840328 -0.3946615 6786.746)
(-0.147582 -0.175952 6786.798)
(-0.1264729 0.01504013 6785.768)
(-0.1103263 0.1838928 6863.612)
(-0.09333785 0.3040281 30921.16)
(0.002463599 0.03557863 3925.283)
(0.007039075 -0.02647951 2352.668)
(0.007765145 -0.1052438 1233.879)
(0.007526975 -0.1676858 604.3568)
(-0.1054487 -0.5872685 6735.649)
(-0.1622762 0.03187488 6735.396)
(-0.1278186 0.6050578 6734.721)
(-0.1082526 1.094033 6810.92)
(-0.08888407 1.408181 30653.06)
(0.002502672 0.1183757 3894.502)
(0.006889502 -0.09359953 2333.385)
(0.007646321 -0.3453508 1222.572)
(0.007368938 -0.5426303 598.4148)
(0.007099658 -0.6471973 179.7332)
(-0.09130141 1.97281 6625.128)
(-0.1368966 2.821788 6623.819)
(-0.1049617 3.569511 6697.36)
(-0.08350577 3.92697 30070.41)
(0.002577175 0.2174085 3828.04)
(0.006692083 -0.2179827 2290.799)
(0.007273338 -0.6834768 1197.924)
(0.007035226 -1.036761 585.2023)
(0.006740726 -1.223449 175.6021)
(-0.07537356 7.396237 6444.305)
(-0.1090937 8.200603 6512.266)
(-0.0769915 8.354701 29127.54)
(0.00268908 0.3098736 3720.362)
(0.006382632 -0.4558521 2222.633)
(0.006890477 -1.176151 1158.201)
(0.006550954 -1.705447 564.1638)
(0.006314551 -1.979548 168.9587)
(-0.05869228 14.21294 6253.984)
(-0.07797562 13.87697 27812.33)
(0.002533893 0.3421924 3571.567)
(0.006072031 -0.8069067 2128.754)
(0.006352465 -1.772466 1104.237)
(0.006049197 -2.452646 535.4665)
(0.005744185 -2.8009 159.983)
(-0.04141239 17.60295 26277.81)
(0.002515472 0.2811013 3397.224)
(0.005441589 -1.108939 2020.629)
(0.005876948 -2.168963 1042.216)
(0.005468229 -2.888836 502.8793)
(0.005234084 -3.249915 149.7461)
(0.001508171 0.1596799 3237.763)
(0.005463235 -1.18362 1922.401)
(0.00523722 -2.137755 986.8806)
(0.005071281 -2.762608 473.8075)
(0.004754534 -3.071523 140.7151)
(0.003254274 -1.018512 1847.803)
(0.005404225 -1.740585 944.7453)
(0.004580971 -2.202886 452.0457)
(0.004488711 -2.427833 133.9178)
(0.003291036 -1.118652 917.7494)
(0.00486595 -1.396404 437.8889)
(0.00413759 -1.530894 129.5771)
(0.003026472 -0.4764314 431.3119)
(0.004524038 -0.5207381 127.4782)
(0.002868847 0.5205808 127.6224)
(-0.1079864 -0.4093244 6787.418)
(-0.1677744 -0.1960343 6787.638)
(-0.1323659 0.002300263 6787.174)
(-0.1118412 0.1710501 6864.808)
(-0.09209215 0.2918856 30929.25)
(0.002473059 0.03546867 3926.467)
(0.006979509 -0.02647786 2354.157)
(0.007735882 -0.1051945 1234.792)
(0.00745986 -0.167676 604.9699)
(0.007205307 -0.2009772 181.8039)
(-0.09598637 -0.01244977 6736.388)
(-0.1463567 0.5507829 6735.622)
(-0.1134086 1.055121 6812.342)
(-0.09025962 1.373016 30659.92)
(0.002531135 0.1174544 3895.878)
(0.006883882 -0.09264465 2334.626)
(0.007539235 -0.3448421 1223.602)
(0.007329057 -0.5416226 598.9401)
(0.007045252 -0.6466537 179.932)
(-0.08208623 2.756199 6625.049)
(-0.1218143 3.491306 6698.307)
(-0.08766212 3.866856 30078.97)
(0.002613986 0.2169143 3829.14)
(0.00667504 -0.2176161 2292.223)
(0.007272488 -0.6817087 1198.753)
(0.006953164 -1.035849 585.7816)
(0.006719239 -1.221727 175.7649)
(-0.06674691 8.118423 6513.669)
(-0.09135252 8.268825 29133.38)
(0.002468111 0.3082454 3721.702)
(0.006476649 -0.453983 2223.717)
(0.00685502 -1.175068 1159.147)
(0.006554239 -1.70351 564.6116)
(0.006242623 -1.978608 169.138)
(-0.04897708 13.79233 27821.27)
(0.002418688 0.3415309 3572.425)
(0.005917812 -0.8057692 2130.05)
(0.006436353 -1.770145 1104.919)
(0.00600452 -2.4517 535.9744)
(0.005748541 -2.799319 160.1149)
(0.00150713 0.2792106 3398.523)
(0.005894137 -1.106566 2021.435)
(0.005736159 -2.16767 1043.032)
(0.005524 -2.887353 503.227)
(0.005182907 -3.249478 149.8966)
(0.003417543 -1.183111 1923.677)
(0.005767886 -2.135888 987.3717)
(0.004919995 -2.762137 474.2344)
(0.004800219 -3.07087 140.8159)
(0.003415812 -1.740432 945.5768)
(0.005081364 -2.20209 452.3004)
(0.004338834 -2.427817 134.0459)
(0.003083138 -1.396592 438.3443)
(0.004614298 -1.530704 129.6544)
(0.002866429 -0.5208915 127.6219)
(-0.09878933 -0.2143113 6788.337)
(-0.1519581 -0.01729803 6788.035)
(-0.1176634 0.1592031 6866.267)
(-0.09330685 0.2808266 30936.32)
(0.002527575 0.03514998 3927.856)
(0.006980188 -0.02613441 2355.428)
(0.00766664 -0.1050677 1235.837)
(0.00743413 -0.1675642 605.5015)
(0.00714246 -0.2009463 182.0046)
(-0.08680086 0.5010068 6736.641)
(-0.1309437 1.003229 6813.281)
(-0.09504173 1.338112 30668.39)
(0.002573188 0.1174661 3897.037)
(0.006881496 -0.09243467 2336.092)
(0.00753537 -0.3436141 1224.474)
(0.00723216 -0.5410657 599.5393)
(0.00701007 -0.645693 180.1039)
(-0.07319527 3.423278 6699.596)
(-0.1025689 3.796897 30084.83)
(0.002357581 0.2155058 3830.532)
(0.006775827 -0.2159913 2293.394)
(0.007248434 -0.6808737 1199.749)
(0.006954713 -1.034139 586.264)
(0.006642735 -1.220873 175.9543)
(-0.05601216 8.191307 29142.17)
(0.002251454 0.3071239 3722.659)
(0.006324879 -0.4532372 2225.116)
(0.006955924 -1.172743 1159.906)
(0.006520287 -1.702473 565.1602)
(0.006247193 -1.976831 169.2843)
(0.001399884 0.3383441 3573.816)
(0.006288057 -0.803473 2130.985)
(0.006316657 -1.768678 1105.821)
(0.006083997 -2.449627 536.3698)
(0.005706771 -2.798564 160.2806)
(0.003625425 -1.106694 2022.837)
(0.006271605 -2.165155 1043.602)
(0.005404906 -2.886429 503.6983)
(0.005237034 -3.248241 150.01)
(0.003605674 -2.135571 988.2688)
(0.005430668 -2.760662 474.521)
(0.004661298 -3.070671 140.9548)
(0.003202238 -2.202311 452.7809)
(0.004818157 -2.427213 134.1294)
(0.002919912 -1.531045 129.8021)
(-0.08982461 -0.03872528 6788.758)
(-0.1365918 0.1401937 6867.162)
(-0.09877025 0.2704251 30944.94)
(0.002604233 0.0352981 3929.059)
(0.007005552 -0.0260702 2356.915)
(0.007667656 -0.1046307 1236.729)
(0.007367591 -0.167409 606.1091)
(0.007119352 -0.2008175 182.1786)
(-0.07789771 0.9489566 6814.344)
(-0.1108145 1.291135 30674.11)
(0.002258819 0.1169318 3898.464)
(0.006993072 -0.09105437 2337.327)
(0.007524498 -0.3430875 1225.501)
(0.007231004 -0.5398732 600.0463)
(0.006920485 -0.6451555 180.2999)
(-0.06178646 3.730609 30092.79)
(0.001987829 0.2141831 3831.551)
(0.006603059 -0.2154993 2294.863)
(0.007358232 -0.6788439 1200.57)
(0.006930698 -1.033273 586.8425)
(0.006645628 -1.219273 176.1121)
(0.001256533 0.303124 3724.1)
(0.006590427 -0.4514597 2226.165)
(0.006844764 -1.171487 1160.882)
(0.006615842 -1.700291 565.6011)
(0.006215051 -1.97591 169.4635)
(0.00377577 -0.8046099 2132.492)
(0.006789871 -1.765961 1106.481)
(0.005985251 -2.448389 536.8916)
(0.005782491 -2.796726 160.4097)
(0.003858305 -2.165176 1044.585)
(0.005923195 -2.884289 504.0304)
(0.005127083 -3.2476 150.1634)
(0.003387119 -2.760786 475.0396)
(0.005151107 -3.069462 141.0487)
(0.003032937 -2.427677 134.2853)
(-0.08109467 0.116112 6867.916)
(-0.1161439 0.252979 30950.35)
(0.002201374 0.03532267 3930.525)
(0.007155364 -0.02544888 2358.192)
(0.007680492 -0.1044553 1237.772)
(0.00737023 -0.1669841 606.6288)
(0.007056072 -0.2006623 182.3775)
(-0.06615942 1.236091 30680.64)
(0.001650977 0.1155496 3899.508)
(0.00676903 -0.09038605 2338.844)
(0.007645634 -0.3414855 1226.367)
(0.007218407 -0.5393063 600.644)
(0.006920906 -0.644032 180.4659)
(0.001042723 0.2090348 3832.958)
(0.006690127 -0.2145256 2295.993)
(0.007233961 -0.6778693 1201.597)
(0.007035463 -1.031331 587.3197)
(0.006622572 -1.218462 176.3013)
(0.003862652 -0.4537663 2227.744)
(0.007226643 -1.169138 1161.623)
(0.006527161 -1.699094 566.1665)
(0.006305969 -1.973906 169.6076)
(0.004083196 -1.766649 1107.539)
(0.006454657 -2.445924 537.2762)
(0.005692072 -2.795714 160.5798)
(0.003637857 -2.884627 504.599)
(0.005624685 -3.245749 150.2722)
(0.003210033 -3.069895 141.2171)
(-0.06929973 0.2279899 30955.02)
(0.001266187 0.03460875 3931.556)
(0.006843865 -0.02501232 2359.745)
(0.007834691 -0.1037799 1238.667)
(0.007377324 -0.1667912 607.2358)
(0.007059728 -0.2002609 182.5476)
(0.0007637211 0.1094946 3900.795)
(0.006581856 -0.0903435 2340.018)
(0.0074805 -0.3405538 1227.429)
(0.007333867 -0.5377959 601.1479)
(0.006908242 -0.6434878 180.6615)
(0.003813248 -0.2186299 2297.576)
(0.007455136 -0.6763275 1202.397)
(0.006938098 -1.030334 587.9163)
(0.006722568 -1.216648 176.4574)
(0.004246194 -1.170784 1162.735)
(0.006918196 -1.696844 566.599)
(0.006226095 -1.972839 169.7922)
(0.00387812 -2.446677 537.89)
(0.00614684 -2.793492 160.7058)
(0.003452392 -3.246356 150.4571)
(0.0004457699 0.03140389 3932.655)
(0.006298413 -0.02524912 2360.925)
(0.007597189 -0.1032867 1239.754)
(0.007520415 -0.1661679 607.7562)
(0.007064506 -0.2000735 182.7463)
(0.003626683 -0.09598624 2341.536)
(0.007458064 -0.3400469 1228.263)
(0.007203885 -0.5368873 601.7654)
(0.007018368 -0.6420784 180.8264)
(0.004271133 -0.6795666 1203.519)
(0.007189847 -1.028765 588.384)
(0.006636221 -1.215715 176.6524)
(0.004063538 -1.698281 567.2456)
(0.00660927 -1.970745 169.9341)
(0.003691978 -2.794387 160.9058)
(0.003342473 -0.02838429 2362.326)
(0.00726544 -0.1033218 1240.595)
(0.00733162 -0.1657127 608.3885)
(0.007199166 -0.1994961 182.9167)
(0.004154032 -0.3446824 1229.351)
(0.007247281 -0.5362614 602.2536)
(0.006903869 -0.6412301 181.0284)
(0.004122568 -1.031463 589.0385)
(0.006892297 -1.214211 176.8059)
(0.003881519 -1.972156 170.1452)
(0.003933159 -0.1059235 1241.615)
(0.007116459 -0.1656662 608.8815)
(0.007033306 -0.1990779 183.1236)
(0.00404972 -0.5400859 602.8912)
(0.006971798 -0.6405894 181.1887)
(0.003953294 -1.216672 177.02)
(0.003879432 -0.1678044 609.4832)
(0.006871282 -0.1990036 183.2856)
(0.003901243 -0.6439982 181.3978)
(0.00375729 -0.2008957 183.4835)
)
;

boundaryField
{
    cathodeSides
    {
        type            zeroGradient;
    }
    electrolyteSides
    {
        type            zeroGradient;
    }
    anodeSides
    {
        type            zeroGradient;
    }
    phiI_to_phiI0
    {
        type            zeroGradient;
    }
    procBoundary3to2
    {
        type            processor;
        value           nonuniform List<vector> 
400
(
(-0.06254648 0.8905516 365.476)
(-0.06185571 2.637377 362.0334)
(-0.06113401 0.8587198 1135.725)
(-0.05994947 4.23403 354.7611)
(-0.0604463 2.540325 1125.133)
(-0.0577772 0.7863467 2046.447)
(-0.05732563 5.411032 343.1038)
(-0.0585661 4.069129 1102.751)
(-0.05709717 2.319786 2027.78)
(-0.0515585 0.6563124 3295.574)
(-0.05407654 5.686002 327.0059)
(-0.05597338 5.182022 1066.855)
(-0.05527927 3.694599 1988.299)
(-0.05089182 1.92354 3266.803)
(-0.04018063 0.4236434 4361.023)
(-0.05043737 4.638912 308.2161)
(-0.05276072 5.416937 1017.256)
(-0.05276075 4.661761 1924.905)
(-0.0491856 3.021391 3205.843)
(-0.03953122 1.21411 4326.312)
(-0.2619006 1.517331 26026.67)
(-0.04719745 2.931487 291.1225)
(-0.04916837 4.382193 959.3228)
(-0.04963598 4.804745 1837.188)
(-0.04679911 3.725323 3107.704)
(-0.03801152 1.814301 4252.486)
(-0.2555218 3.860179 25830.77)
(-0.2355769 1.1963 6714.196)
(-0.04466992 1.53537 278.0695)
(-0.0459774 2.730574 906.5533)
(-0.04615738 3.797817 1734.57)
(-0.04383218 3.700247 2971.485)
(-0.03584125 2.042039 4132.973)
(-0.2423327 4.080294 25414.16)
(-0.2295644 2.924699 6663.318)
(-0.2174362 0.9326035 6769.633)
(-0.04299537 0.6671004 269.5581)
(-0.0434976 1.400918 866.2052)
(-0.0430859 2.274079 1640.867)
(-0.04056071 2.74259 2811.563)
(-0.03313513 1.70936 3965.998)
(-0.2229168 0.8517541 24740.5)
(-0.2173081 2.631998 6554.928)
(-0.2116152 2.142376 6718.174)
(-0.1996913 0.6847987 6772.599)
(-0.04219289 0.1782863 265.406)
(-0.0418604 0.5927856 839.87)
(-0.04072034 1.095886 1569.048)
(-0.03770987 1.451491 2664.832)
(-0.03021891 0.8406973 3768.568)
(-0.1986555 -5.993125 23802.77)
(-0.1992461 -0.8787219 6379.087)
(-0.1999185 1.374801 6608.532)
(-0.1940757 1.409762 6720.913)
(-0.182394 0.4539879 6774.876)
(-0.04224107 -0.1783771 265.4061)
(-0.04107756 0.1548535 827.0161)
(-0.0391703 0.4240542 1522.084)
(-0.03555423 0.5477929 2551.854)
(-0.02776046 -0.02395468 3585.781)
(-0.1734875 -13.52631 22702.33)
(-0.1767606 -7.601528 6132.919)
(-0.1826507 -2.474141 6430.618)
(-0.1829565 0.2066288 6610.822)
(-0.1769974 0.7302028 6722.979)
(-0.1655784 0.2412623 6776.344)
(-0.0431346 -0.6672505 269.5582)
(-0.04112332 -0.1549442 827.0164)
(-0.03843205 0.1015503 1499.137)
(-0.03416231 0.1213155 2477.705)
(-0.02598369 -0.4280567 3443.863)
(-0.1535059 -17.10182 21692.55)
(-0.153668 -14.56409 5841.377)
(-0.1612149 -9.230566 6181.436)
(-0.166515 -3.935486 6432.277)
(-0.1664716 -0.8669244 6612.471)
(-0.1604145 0.1070529 6724.251)
(-0.1492801 0.04778431 6777.032)
(-0.04487862 -1.53577 278.0697)
(-0.04199273 -0.5929322 839.8703)
(-0.03847256 -0.1016377 1499.137)
(-0.03350376 0.005919766 2441.391)
(-0.02487753 -0.4140511 3350.079)
(-0.1402849 -15.32812 20914.77)
(-0.1355829 -17.48733 5570.708)
(-0.1393967 -15.80748 5886.11)
(-0.1461717 -10.68466 6182.408)
(-0.1508857 -5.255459 6433.346)
(-0.1504968 -1.840151 6613.362)
(-0.1443623 -0.4561405 6724.762)
(-0.1335358 -0.1252282 6777.233)
(-0.04744275 -2.932345 291.1232)
(-0.04369619 -1.401299 866.2059)
(-0.03928759 -0.4241904 1522.085)
(-0.03353535 -0.005998476 2441.391)
(-0.02436203 -0.162547 3303.936)
(-0.1326891 -10.15353 20403.21)
(-0.1238176 -15.33268 5359.814)
(-0.1225174 -18.17119 5611.648)
(-0.1256646 -16.8651 5886.565)
(-0.1316718 -11.95662 6182.865)
(-0.1357933 -6.426501 6433.717)
(-0.1350658 -2.707123 6613.529)
(-0.128877 -0.955693 6724.798)
(-0.1183641 -0.2764199 6855.954)
(-0.05068523 -4.639654 308.2179)
(-0.04621117 -2.731393 906.5554)
(-0.04089676 -1.096228 1569.049)
(-0.03425393 -0.1214315 2477.706)
(-0.02437816 0.1624896 3303.937)
(-0.1292702 -3.50889 20151.97)
(-0.1171598 -10.04998 5219.944)
(-0.1117044 -15.60579 5397.566)
(-0.1100063 -18.69458 5611.857)
(-0.1125024 -17.73216 5886.586)
(-0.1177407 -13.03893 6182.705)
(-0.1212679 -7.441031 6433.421)
(-0.1202119 -3.461811 6613.244)
(-0.1139772 -1.387443 6802.027)
(-0.09905918 -0.3760994 30883.48)
(-0.05425992 -5.685784 327.0081)
(-0.04940507 -4.382903 959.3284)
(-0.04329423 -2.274811 1640.871)
(-0.03569257 -0.5480675 2551.856)
(-0.02492461 0.4139718 3350.08)
(-0.1292471 3.508638 20151.97)
(-0.114185 -3.457598 5150.941)
(-0.1056688 -10.12061 5255.473)
(-0.1001398 -15.76198 5397.67)
(-0.09806882 -19.05578 5611.692)
(-0.09992653 -18.40355 5886.081)
(-0.1044017 -13.92451 6181.96)
(-0.1073385 -8.291632 6432.713)
(-0.1059525 -4.09723 6687.268)
(-0.09519095 -1.635995 30606.43)
(0.002400749 -0.03771726 3920.028)
(-0.05743886 -5.410531 343.1052)
(-0.05293636 -5.416731 1017.263)
(-0.04636931 -3.798455 1734.579)
(-0.03787427 -1.452072 2664.837)
(-0.02605573 0.4278979 3443.865)
(-0.1326316 10.15316 20403.21)
(-0.114148 3.457389 5150.942)
(-0.1029881 -3.465593 5185.347)
(-0.09471409 -10.12217 5255.527)
(-0.08913426 -15.80154 5397.438)
(-0.08671155 -19.25284 5611.074)
(-0.08795011 -18.87496 5885.08)
(-0.09167576 -14.6069 6180.851)
(-0.09401921 -8.969394 6501.495)
(-0.08824608 -4.340093 30017.38)
(0.002478438 -0.122044 3888.085)
(0.007085215 0.02606213 2348.528)
(-0.06005428 -4.234016 354.7624)
(-0.0560823 -5.181546 1066.86)
(-0.04979433 -4.804566 1837.199)
(-0.04072955 -2.743101 2811.577)
(-0.02784809 0.02363581 3585.786)
(-0.1402215 15.32785 20914.78)
(-0.1170617 10.04966 5219.944)
(-0.1029379 3.465425 5185.347)
(-0.09231986 -3.450935 5185.378)
(-0.08430109 -10.05542 5255.267)
(-0.07868732 -15.72454 5396.801)
(-0.07593778 -19.2846 5610.027)
(-0.07658295 -19.14305 5883.764)
(-0.07957117 -15.0778 6242.323)
(-0.07790622 -8.959083 29066.27)
(0.002522596 -0.2232441 3820.53)
(0.007031202 0.09535181 2327.804)
(0.007802183 0.105294 1231.887)
(-0.061989 -2.637169 362.035)
(-0.05866718 -4.069119 1102.755)
(-0.05286 -4.66134 1924.912)
(-0.0439603 -3.700115 2971.501)
(-0.03031215 -0.8409863 3768.583)
(-0.1534779 17.10169 21692.57)
(-0.123692 15.33254 5359.815)
(-0.1055322 10.12035 5255.474)
(-0.09225774 3.450809 5185.378)
(-0.08218345 -3.41398 5185.105)
(-0.07442537 -9.921029 5254.63)
(-0.0687956 -15.53168 5395.779)
(-0.06574749 -19.1508 5608.697)
(-0.06582485 -19.20261 5936.827)
(-0.06544151 -14.57009 27747.3)
(0.002607479 -0.3185855 3712.197)
(0.006813754 0.2236206 2284.27)
(0.007702853 0.3479163 1219.695)
(0.007497946 0.1678463 603.8108)
(-0.06266312 -0.8902395 365.4769)
(-0.0605749 -2.540127 1125.138)
(-0.05537193 -3.694597 1988.305)
(-0.04688132 -3.724998 3107.715)
(-0.03321003 -1.70931 3966.015)
(-0.1735325 13.526 22702.4)
(-0.1354793 17.48747 5570.714)
(-0.11152 15.60576 5397.567)
(-0.09454282 10.12196 5255.527)
(-0.08211081 3.413898 5185.106)
(-0.07257286 -3.355037 5184.469)
(-0.06508011 -9.719957 5253.635)
(-0.05945299 -15.22419 5394.494)
(-0.0561331 -18.84967 5654.367)
(-0.05372438 -18.18818 26209.15)
(0.002688347 -0.3506222 3562.753)
(0.006517696 0.4625107 2215.139)
(0.007415337 0.6894772 1194.183)
(0.007384375 0.544249 597.2683)
(0.007178766 0.2011487 181.6252)
(-0.06124666 -0.8584203 1135.728)
(-0.05721502 -2.319611 2027.788)
(-0.04926329 -3.021399 3205.853)
(-0.03589329 -2.04188 4132.985)
(-0.1987816 5.992637 23802.85)
(-0.1536331 14.56403 5841.394)
(-0.1223427 18.17159 5611.654)
(-0.09990215 15.76207 5397.671)
(-0.08409908 10.05527 5255.267)
(-0.07249108 3.354995 5184.469)
(-0.06347991 -3.274508 5183.486)
(-0.05625626 -9.453467 5252.387)
(-0.05064764 -14.80227 5434.75)
(-0.04561296 -17.62395 24806.7)
(0.002687849 -0.2834623 3388.552)
(0.006137918 0.8167558 2120.881)
(0.007014807 1.184712 1153.915)
(0.007086592 1.041671 583.6092)
(0.007061808 0.6482043 179.5571)
(-0.05788073 -0.7860764 2046.452)
(-0.05099044 -1.923403 3266.814)
(-0.0380626 -1.814324 4252.496)
(-0.2230832 -0.8521212 24740.56)
(-0.1768242 7.600989 6132.94)
(-0.1392875 15.80765 5886.127)
(-0.1097668 18.69522 5611.863)
(-0.08884925 15.80173 5397.439)
(-0.07419657 9.920924 5254.63)
(-0.06339035 3.274505 5183.487)
(-0.05489443 -3.172886 5182.256)
(-0.04794006 -9.122206 5289.242)
(-0.04116043 -13.72392 23730.97)
(0.002604265 -0.1563995 3228.94)
(0.005688251 1.120863 2012.394)
(0.006514506 1.782472 1099.434)
(0.006668815 1.711632 562.1262)
(0.006767108 1.226288 175.2441)
(-0.05164573 -0.6560945 3295.581)
(-0.03959555 -1.21404 4326.324)
(-0.2425308 -4.080673 25414.21)
(-0.1993714 0.8782038 6379.101)
(-0.1612222 9.229968 6181.457)
(-0.1254871 16.86549 5886.582)
(-0.09777118 19.05665 5611.698)
(-0.07836084 15.72484 5396.802)
(-0.06482849 9.719899 5253.635)
(-0.05479847 3.172917 5182.257)
(-0.04680204 -3.050462 5217.491)
(-0.03904542 -8.412589 23025.66)
(0.002475816 -0.04424918 3105.505)
(0.005275611 1.196386 1914.339)
(0.005962818 2.180039 1037.3)
(0.006152865 2.460448 533.1954)
(0.006352561 1.984227 168.4726)
(-0.04023879 -0.4235185 4361.031)
(-0.2557628 -3.860236 25830.83)
(-0.2174669 -2.632369 6554.94)
(-0.1827409 2.473471 6430.632)
(-0.1461265 10.68401 6182.429)
(-0.1122631 17.73275 5886.603)
(-0.08636262 19.2539 5611.08)
(-0.06843358 15.53206 5395.781)
(-0.05598576 9.453451 5252.388)
(-0.04670103 3.050522 5217.492)
(-0.03817378 -2.805635 22680.09)
(0.00236365 0.009439367 3023.943)
(0.004948094 1.028233 1839.307)
(0.00549028 2.14698 981.739)
(0.005600113 2.895957 500.3873)
(0.005843368 2.806031 159.3742)
(-0.2621408 -1.517164 26026.7)
(-0.2297556 -2.924822 6663.333)
(-0.2000448 -1.375175 6608.544)
(-0.166572 3.934679 6432.29)
(-0.1315784 11.95593 6182.886)
(-0.09963196 18.40431 5886.099)
(-0.0755445 19.28583 5610.033)
(-0.05906141 15.22465 5394.496)
(-0.04765465 9.122227 5289.242)
(-0.0380722 2.805716 22680.09)
(0.002306922 0.009921789 2983.773)
(0.004730211 0.682793 1790.07)
(0.005139311 1.747509 939.612)
(0.005140588 2.768121 471.2655)
(0.005305034 3.254951 149.085)
(-0.2357729 -1.196241 6714.204)
(-0.2117646 -2.142565 6718.189)
(-0.1830515 -0.2070026 6610.834)
(-0.1509114 5.25453 6433.36)
(-0.1176032 13.03821 6182.726)
(-0.08760707 18.87588 5885.098)
(-0.06531689 19.15218 5608.704)
(-0.05023247 14.80279 5434.752)
(-0.03875812 8.412638 23025.67)
(0.002317356 -0.009899267 2983.773)
(0.004627918 0.2380405 1765.911)
(0.004915891 1.12224 912.148)
(0.004809425 2.205934 449.3316)
(0.004863744 3.074511 139.9886)
(-0.2175957 -0.9326443 6769.642)
(-0.1941852 -1.410012 6720.928)
(-0.1665371 0.8665528 6612.483)
(-0.1357898 6.425468 6433.731)
(-0.1042248 13.92376 6181.982)
(-0.07619844 19.14411 5883.783)
(-0.05567227 18.85117 5654.374)
(-0.0407417 13.72447 23730.98)
(0.002393455 -0.009415089 3023.944)
(0.004637172 -0.2380139 1765.911)
(0.004812477 0.3850688 898.7242)
(0.00460301 1.39796 435.1024)
(0.004550267 2.429167 133.1629)
(-0.1998158 -0.6849325 6772.607)
(-0.1770691 -0.730508 6722.993)
(-0.1505343 1.839784 6613.375)
(-0.1212374 7.439911 6433.436)
(-0.09146415 14.60614 6180.873)
(-0.06540605 19.20378 5936.847)
(-0.04514599 17.62548 24806.74)
(0.002520166 0.04432462 3105.506)
(0.004756801 -0.6827629 1790.07)
(0.00481985 -0.385044 898.7243)
(0.004508142 0.4766305 428.168)
(0.004356869 1.5311 128.7472)
(-0.1824851 -0.4542074 6774.885)
(-0.1604506 -0.1074071 6724.266)
(-0.135077 2.706764 6613.541)
(-0.1072833 8.290444 6432.728)
(-0.07932981 15.07703 6242.347)
(-0.05329551 18.18939 26209.27)
(0.002655915 0.1565783 3228.945)
(0.004988157 -1.028158 1839.309)
(0.004937147 -1.122211 912.1483)
(0.004514049 -0.4766083 428.168)
(0.004268304 0.5206628 126.5989)
(-0.1656378 -0.2415594 6776.352)
(-0.1443652 0.4557443 6724.777)
(-0.1201989 3.461463 6613.258)
(-0.09394198 8.968157 6501.512)
(-0.06518638 14.56936 27747.44)
(0.002739311 0.2836178 3388.565)
(0.005323348 -1.196219 1914.342)
(0.005171575 -1.747445 939.6128)
(0.004620078 -1.397935 435.1026)
(0.004273451 -0.520642 126.5989)
(-0.1493096 -0.04815027 6777.041)
(-0.1288493 0.9552621 6724.813)
(-0.1059173 4.096895 6687.283)
(-0.07781358 8.95787 29066.36)
(0.002725614 0.3505773 3562.769)
(0.005737569 -1.120713 2012.403)
(0.005529222 -2.146845 981.7412)
(0.004835478 -2.205881 449.3321)
(0.004371762 -1.531076 128.7473)
(-0.1335376 0.1248029 6777.243)
(-0.1139217 1.386986 6802.043)
(-0.08819316 4.33979 30017.46)
(0.002629539 0.3184816 3712.208)
(0.006176267 -0.8167837 2120.892)
(0.006003814 -2.179917 1037.305)
(0.005172333 -2.768013 471.2667)
(0.004573077 -2.42912 133.1631)
(-0.1183403 0.2759452 6855.964)
(-0.09511402 1.63554 30606.53)
(0.002542315 0.2232369 3820.54)
(0.006543147 -0.462595 2215.147)
(0.006547658 -1.782489 1099.44)
(0.005633981 -2.895859 500.3901)
(0.004891695 -3.074417 139.989)
(-0.09901416 0.3756092 30883.54)
(0.002503483 0.1219987 3888.096)
(0.006837802 -0.2236179 2284.277)
(0.007038164 -1.184775 1153.92)
(0.006181067 -2.460459 533.1989)
(0.005335084 -3.254866 149.0859)
(0.002422389 0.03765429 3920.036)
(0.007061134 -0.09539206 2327.812)
(0.007437888 -0.6894717 1194.188)
(0.006689562 -1.711679 562.1289)
(0.005868832 -2.806039 159.3753)
(0.007112078 -0.02612332 2348.534)
(0.007730477 -0.347948 1219.7)
(0.00710688 -1.041665 583.6117)
(0.006371769 -1.984266 168.4734)
(0.007827428 -0.1053438 1231.891)
(0.007408886 -0.5442738 597.2712)
(0.006786014 -1.226282 175.2449)
(0.00752063 -0.1678861 603.8128)
(0.007084452 -0.6482256 179.558)
(0.007199872 -0.2011832 181.6259)
)
;
    }
}
)

// processor4

370
(dimensions      [0 -2 0 0 0 1 0];

internalField   nonuniform List<vector> 0();

boundaryField
{
    cathodeSides
    {
        type            zeroGradient;
    }
    electrolyteSides
    {
        type            zeroGradient;
    }
    anodeSides
    {
        type            zeroGradient;
    }
    phiI_to_phiI0
    {
        type            zeroGradient;
    }
}
)

// processor5

370
(dimensions      [0 -2 0 0 0 1 0];

internalField   nonuniform List<vector> 0();

boundaryField
{
    cathodeSides
    {
        type            zeroGradient;
    }
    electrolyteSides
    {
        type            zeroGradient;
    }
    anodeSides
    {
        type            zeroGradient;
    }
    phiI_to_phiI0
    {
        type            zeroGradient;
    }
}
)

// processor6

370
(dimensions      [0 -2 0 0 0 1 0];

internalField   nonuniform List<vector> 0();

boundaryField
{
    cathodeSides
    {
        type            zeroGradient;
    }
    electrolyteSides
    {
        type            zeroGradient;
    }
    anodeSides
    {
        type            zeroGradient;
    }
    phiI_to_phiI0
    {
        type            zeroGradient;
    }
}
)

// processor7

370
(dimensions      [0 -2 0 0 0 1 0];

internalField   nonuniform List<vector> 0();

boundaryField
{
    cathodeSides
    {
        type            zeroGradient;
    }
    electrolyteSides
    {
        type            zeroGradient;
    }
    anodeSides
    {
        type            zeroGradient;
    }
    phiI_to_phiI0
    {
        type            zeroGradient;
    }
}
)
