/*--------------------------------*- C++ -*----------------------------------*\
| =========                 |                                                 |
| \\      /  F ield         | OpenFOAM: The Open Source CFD Toolbox           |
|  \\    /   O peration     | Version:  2306                                  |
|   \\  /    A nd           | Website:  www.openfoam.com                      |
|    \\/     M anipulation  |                                                 |
\*---------------------------------------------------------------------------*/
FoamFile
{
    version     2.0;
    format      binary;
    arch        "LSB;label=32;scalar=64";
    class       decomposedBlockData;
    object      lambda;
    data.format     ascii;
    data.class      volScalarField;
}
// * * * * * * * * * * * * * * * * * * * * * * * * * * * * * * * * * * * * * //


// processor0

39745
(FoamFile
{
    version     2.0;
    format      ascii;
    arch        "LSB;label=32;scalar=64";
    class       volScalarField;
    location    "2.5/phiI";
    object      lambda;
}
dimensions      [0 0 0 0 0 0 0];

internalField   nonuniform List<scalar> 
4000
(
9.597623
9.503162
9.610446
9.606681
9.310129
9.512108
9.512675
9.626711
9.619043
9.579961
9.016127
9.306778
9.320586
9.523295
9.521204
9.487158
9.651159
9.634724
9.591546
9.490269
8.634225
8.983665
9.027991
9.308096
9.316888
9.29755
9.544982
9.531849
9.494966
9.399629
9.675106
9.658778
9.606269
9.500794
9.320856
8.217816
8.55125
8.647807
8.970414
8.995229
9.008702
9.323781
9.31771
9.293255
9.214454
9.567342
9.553149
9.504738
9.406411
9.233449
9.697377
9.682399
9.629608
9.514354
9.330075
8.570762
7.862307
8.066976
8.233046
8.515441
8.564473
8.633273
8.976171
8.981526
8.975523
8.93232
9.342694
9.333021
9.293306
9.209266
9.05485
9.588522
9.575185
9.525339
9.415125
9.238889
8.491753
9.717085
9.704388
9.652621
9.536695
9.342469
8.579882
8.141075
7.606209
7.649728
7.878205
8.002313
8.081592
8.223459
8.507774
8.528256
8.54967
8.565512
8.989321
8.986928
8.961158
8.898568
8.78265
9.361516
9.351616
9.307957
9.2084
9.048378
8.330676
9.607575
9.596085
9.546775
9.434757
9.24653
8.497307
8.06742
9.734666
9.723865
9.674083
9.558851
9.363599
8.592106
8.14992
7.967909
7.447159
7.34619
7.622222
7.555271
7.66491
7.871896
7.978308
8.016539
8.071746
8.164934
8.512622
8.52025
8.512947
8.481846
8.42863
9.004218
8.999772
8.965962
8.88345
8.748034
8.086189
9.379151
9.370162
9.32597
9.222146
9.046592
8.325127
7.9175
9.624556
9.614907
9.567152
9.455349
9.264988
8.505079
8.07281
7.89726
9.750629
9.741239
9.693121
9.579566
9.384708
8.612194
8.161867
7.975941
7.795714
7.372103
7.155749
7.463061
7.227584
7.361319
7.617851
7.514739
7.570056
7.658596
7.820497
7.973091
7.992206
8.006358
8.013782
8.041917
8.521557
8.524808
8.504419
8.44465
8.345049
7.770234
9.019465
9.014398
8.978258
8.887462
8.732185
8.054782
7.690617
9.394822
9.387567
9.344003
9.239345
9.059251
8.324128
7.912263
7.753475
9.640189
9.631682
9.585537
9.474985
9.284548
8.522654
8.080493
7.901788
7.728129
9.763217
9.757025
9.710109
9.597981
9.404508
8.63221
8.181143
7.987304
7.802927
7.625426
7.372103
7.065296
7.387889
7.021059
7.17058
7.459687
7.173359
7.242264
7.357052
7.57128
7.499604
7.5292
7.563577
7.608597
7.709051
7.974758
7.986716
7.981592
7.948303
7.892331
7.428162
8.532957
8.533486
8.508479
8.435474
8.307502
7.694489
7.398718
9.032947
9.029419
8.992388
8.898997
8.735265
8.040788
7.660946
7.53595
9.409713
9.403034
9.360975
9.256651
9.075455
8.336271
7.911584
7.747432
7.590597
9.652122
9.647137
9.601926
9.492747
9.303276
8.541195
8.097354
7.908956
7.731794
7.560957
9.769451
9.725557
9.614419
9.42216
8.650976
8.200342
8.005741
7.813682
7.631812
7.457289
7.447158
7.065296
7.387889
6.922691
7.079886
7.384913
6.957481
7.035365
7.167308
7.415966
7.149997
7.187704
7.237936
7.312501
7.468104
7.494185
7.513804
7.522389
7.513938
7.500244
7.136778
7.98139
7.988142
7.97567
7.923088
7.827102
7.293702
7.084589
8.543159
8.54467
8.516696
8.438863
8.29761
7.660741
7.327642
7.256258
9.046544
9.042701
9.006984
8.91243
8.745878
8.044025
7.64794
7.505981
7.382591
9.420208
9.417749
9.37606
9.273004
9.091871
8.351629
7.92324
7.746388
7.583759
7.429774
9.658909
9.617046
9.508588
9.320275
8.558931
8.115121
7.925017
7.738431
7.563755
7.395983
9.737685
9.629388
9.437926
8.667715
8.218348
8.024189
7.831255
7.641934
7.462843
7.291563
7.606208
7.15575
7.46306
6.92269
7.079886
7.384913
6.854439
6.936696
7.07698
7.342484
6.928385
6.971434
7.032063
7.125986
7.317893
7.138677
7.16409
7.183124
7.194122
7.213651
6.927846
7.496142
7.508156
7.50663
7.472546
7.406612
6.950512
6.818833
7.987456
7.994573
7.976684
7.916618
7.801486
7.235275
6.959373
6.95555
8.554913
8.554677
8.527477
8.446441
8.300198
7.652066
7.29611
7.186128
7.115268
9.054615
9.056125
9.019891
8.926417
8.758455
8.054121
7.651115
7.492837
7.352365
7.231408
9.428086
9.39044
9.287546
9.107462
8.367152
7.93793
7.757339
7.582349
7.422152
7.271238
9.628522
9.523227
9.335445
8.575032
8.13212
7.94205
7.753671
7.569844
7.397912
7.233463
9.641099
9.45231
8.682684
8.234422
8.041531
7.848928
7.658617
7.472307
7.296283
7.128519
7.862306
7.346191
7.622221
7.021057
7.170581
7.459686
6.854441
6.936695
7.07698
7.342484
6.822427
6.868075
6.933755
7.037119
7.246803
6.912915
6.942089
6.967924
6.991718
7.033083
6.798527
7.13672
7.152553
7.159206
7.139333
7.097009
6.702234
6.629386
7.498073
7.509928
7.50062
7.456383
7.365232
6.867337
6.646302
6.701546
7.996788
8.000455
7.982748
7.917077
7.794397
7.212461
6.90503
6.833278
6.828082
8.559675
8.566265
8.537126
8.456646
8.306997
7.654706
7.288046
7.154925
7.046163
6.976553
9.064043
9.032986
8.93879
8.771687
8.065994
7.660749
7.495489
7.339097
7.200963
7.082613
9.400488
9.301446
9.121336
8.381882
7.952774
7.771336
7.592581
7.42037
7.262846
7.115229
9.53429
9.349495
8.58942
8.147564
7.958392
7.769947
7.584241
7.40344
7.234527
7.073658
9.463517
8.696342
8.248811
8.057046
7.865582
7.67549
7.488076
7.305069
7.132408
6.967479
8.217815
7.649729
7.878204
7.227582
7.36132
7.61785
6.957484
7.035363
7.167308
7.415965
6.822429
6.868076
6.933754
7.037119
7.246803
6.804807
6.835817
6.864943
6.894979
6.947023
6.737593
6.908157
6.926412
6.938319
6.927761
6.901049
6.546972
6.512623
7.135182
7.150428
7.147355
7.11515
7.042636
6.599358
6.421174
6.520675
7.50491
7.511687
7.502064
7.449915
7.348681
6.830696
6.569403
6.533731
6.585845
7.997487
8.009634
7.988296
7.922617
7.794196
7.20629
6.883823
6.779997
6.708848
6.702899
8.57088
8.548393
8.465782
8.316485
7.661158
7.290585
7.146614
7.015323
6.908536
6.840292
9.040628
8.951407
8.783401
8.078441
7.672057
7.504513
7.341223
7.187582
7.051993
6.936425
9.31109
9.134642
8.39501
7.966864
7.785541
7.605865
7.429869
7.260692
7.106089
6.961993
9.360058
8.60274
8.161377
7.973275
7.78561
7.599736
7.416973
7.239481
7.073867
6.915902
8.707032
8.261944
8.070945
7.880518
7.691432
7.504123
7.319903
7.140497
6.970547
6.538698
8.634224
8.066977
8.233045
7.555271
7.664911
7.871896
7.173363
7.242262
7.357052
7.571279
6.928392
6.971437
7.032061
7.125987
7.317893
6.80481
6.835819
6.864944
6.894979
6.947023
6.737593
6.798609
6.818
6.832446
6.826429
6.807367
6.473292
6.457742
6.904102
6.921504
6.922365
6.897999
6.837812
6.431051
6.280955
6.409269
7.139884
7.148729
7.144941
7.102938
7.0183
6.551543
6.326471
6.318544
6.41352
7.501626
7.518387
7.503518
7.450898
7.341702
6.816125
6.535537
6.458762
6.422831
6.472355
8.010192
7.997174
7.92769
7.799085
7.206303
6.878101
6.758946
6.656674
6.586765
6.580139
8.552748
8.476579
8.324986
7.670036
7.296702
7.148698
7.006777
6.878087
6.77343
6.706662
8.958667
8.795422
8.089482
7.683906
7.515225
7.349626
7.189179
7.038512
6.905675
6.793053
9.1438
8.407585
7.979437
7.799073
7.619413
7.442422
7.269445
7.103563
6.95213
6.810882
8.612813
8.174169
7.986599
7.799914
7.614697
7.431665
7.252133
7.078238
6.915274
6.494773
8.272246
8.083647
7.89391
7.705768
7.51933
7.335101
7.154376
6.977927
6.541452
5.881138
9.016126
8.551251
8.647806
8.002312
8.081592
8.223458
7.514745
7.570055
7.658597
7.820496
7.150008
7.187709
7.237935
7.312501
7.468104
6.912923
6.942095
6.967927
6.991716
7.033083
6.798527
6.798609
6.818002
6.832448
6.82643
6.807366
6.473292
6.457742
6.793223
6.811662
6.814376
6.793833
6.739694
6.350935
6.214556
6.356922
6.907312
6.917302
6.917204
6.881764
6.808083
6.375699
6.174499
6.184581
6.307433
7.133329
7.153312
7.142969
7.100131
7.005734
6.530211
6.282476
6.226499
6.217523
6.308476
7.514968
7.509943
7.451927
7.342121
6.81006
6.522068
6.425523
6.349828
6.314175
6.361175
7.997495
7.936117
7.803571
7.210877
6.878138
6.753002
6.635802
6.53573
6.467159
6.45993
8.480578
8.335187
7.67801
7.305094
7.154317
7.008406
6.869317
6.743399
6.64102
6.57583
8.80222
8.10078
7.694433
7.526528
7.35973
7.196952
7.039582
6.892111
6.762226
6.651887
8.416314
7.991478
7.811159
7.63237
7.455294
7.28125
7.111561
6.949236
6.800338
6.405471
8.183868
7.998956
7.812731
7.628403
7.445902
7.266001
7.089994
6.919061
6.494123
5.8494
8.093592
7.906166
7.718634
7.533046
7.34955
7.168704
6.990836
6.548194
5.883405
5.780517
9.310128
8.983665
9.027989
8.515439
8.564473
8.633272
7.978315
8.016539
8.071747
8.164933
7.499617
7.529205
7.563577
7.608598
7.70905
7.13869
7.1641
7.183128
7.194121
7.213651
6.927845
6.908157
6.92642
6.938325
6.927764
6.901048
6.546973
6.512623
6.793221
6.811662
6.814379
6.793835
6.739695
6.350935
6.214556
6.356922
6.795681
6.80614
6.807807
6.775527
6.707232
6.291829
6.102306
6.121151
6.257595
6.898541
6.920411
6.912758
6.876267
6.791623
6.349742
6.123701
6.081266
6.089747
6.207624
7.146629
7.147309
7.097787
7.002462
6.519247
6.262842
6.183544
6.128152
6.118602
6.205613
7.506313
7.457933
7.342633
6.810555
6.516461
6.412103
6.317239
6.243153
6.207846
6.252393
7.936124
7.811419
7.215088
6.882422
6.752698
6.629648
6.515055
6.417291
6.350148
6.342389
8.33876
7.687507
7.312644
7.162211
7.013524
6.870493
6.734419
6.611436
6.511469
6.447225
8.107268
7.705197
7.536579
7.370473
7.206436
7.046717
6.892656
6.748596
6.621052
6.27056
7.999868
7.822758
7.643953
7.467658
7.293428
7.122604
6.956474
6.797089
6.395885
5.784974
8.008302
7.824638
7.640696
7.45899
7.279495
7.10302
6.929909
6.497661
5.848821
5.751863
7.915741
7.730427
7.545368
7.362625
7.182375
7.004275
6.559716
5.88902
5.781351
5.732693
9.503161
9.306779
9.320585
8.970411
8.995229
9.008701
8.507783
8.528255
8.54967
8.56551
7.973107
7.992213
8.006358
8.013783
8.041916
7.4942
7.513817
7.522395
7.513938
7.500245
7.136778
7.136718
7.152566
7.159216
7.139337
7.097008
6.702234
6.629386
6.904095
6.921503
6.922373
6.898005
6.837815
6.43105
6.280955
6.409269
6.795679
6.806137
6.807807
6.775529
6.707234
6.29183
6.102305
6.121151
6.257595
6.785812
6.808508
6.80206
6.768656
6.688775
6.263544
6.048121
6.012277
6.029246
6.160252
6.911516
6.915652
6.8715
6.785748
6.335415
6.099874
6.031791
5.989569
5.996892
6.109897
7.140438
7.101748
6.999682
6.516455
6.252747
6.164202
6.086249
6.031891
6.021829
6.104991
7.454038
7.348095
6.811136
6.516918
6.406339
6.303881
6.211224
6.13881
6.103912
6.14608
7.811058
7.2223
6.886376
6.756573
6.629008
6.508698
6.396831
6.301471
6.235835
6.226993
7.690964
7.321619
7.169322
7.020914
6.875106
6.735143
6.602259
6.48236
6.384232
6.09726
7.71142
7.546898
7.380037
7.216605
7.05557
6.899149
6.748625
6.607387
6.243047
5.687766
7.830809
7.655097
7.478724
7.305184
7.134074
6.966744
6.803567
6.393152
5.777172
5.693428
7.83362
7.652136
7.470742
7.291946
7.115753
6.94208
6.507324
5.851907
5.749768
5.705814
7.739619
7.556681
7.374385
7.19479
7.017149
6.571723
5.898193
5.785766
5.73248
5.714583
9.597621
9.512109
9.512674
9.308094
9.316888
9.297548
8.976181
8.981523
8.975524
8.932318
8.512644
8.520259
8.512946
8.481847
8.428628
7.974778
7.986732
7.981599
7.948302
7.892332
7.428161
7.49614
7.508172
7.506642
7.472551
7.406612
6.950513
6.818833
7.135172
7.150427
7.147367
7.115159
7.04264
6.599357
6.421174
6.520675
6.907306
6.917295
6.917204
6.881771
6.808088
6.375701
6.174498
6.184581
6.307432
6.785813
6.808507
6.802058
6.768656
6.688777
6.263545
6.048122
6.012277
6.029246
6.160252
6.79852
6.804229
6.762618
6.681575
6.247502
6.022187
5.959557
5.923734
5.939255
6.064938
6.906589
6.874048
6.780618
6.330344
6.086716
6.008431
5.94142
5.899815
5.906046
6.014295
7.094663
7.003144
6.514103
6.250165
6.154119
6.067209
5.991037
5.937756
5.927242
6.006654
7.34391
6.816094
6.517464
6.406501
6.29797
6.197938
6.10755
6.03686
6.002425
6.041763
7.222131
6.893118
6.760159
6.632476
6.507729
6.390282
6.281241
6.188366
6.123727
5.911067
7.324933
7.177855
7.027579
6.881986
6.739253
6.60254
6.473004
6.355639
6.041658
5.562868
7.552809
7.389899
7.225672
7.065155
6.907364
6.754473
6.606911
6.231047
5.665915
5.604562
7.662797
7.489398
7.315717
7.145205
6.977493
6.813056
6.398895
5.775294
5.684127
5.650783
7.66074
7.4817
7.30314
7.127551
6.954034
6.518171
5.859585
5.751782
5.702586
5.688634
7.565476
7.385202
7.205973
7.028887
6.583245
5.907758
5.793541
5.736047
5.713684
5.711404
9.610446
9.606679
9.523295
9.521204
9.487156
9.323792
9.317709
9.293256
9.214453
8.989345
8.986938
8.961155
8.898568
8.782649
8.521585
8.52483
8.504427
8.444648
8.345049
7.770233
7.981389
7.988162
7.975685
7.923095
7.827101
7.293702
7.084588
7.498064
7.509927
7.500635
7.456395
7.365237
6.867336
6.646302
6.701545
7.139874
7.14872
7.14494
7.10295
7.018309
6.551547
6.326469
6.318544
6.41352
6.898543
6.920405
6.912752
6.876267
6.79163
6.349747
6.123703
6.081265
6.089747
6.207624
6.79852
6.804227
6.762616
6.681574
6.247504
6.022188
5.959558
5.923733
5.939255
6.064937
6.794084
6.764462
6.675218
6.241281
6.007473
5.934178
5.872474
5.837056
5.8512
5.971689
6.864811
6.782709
6.325932
6.082047
5.99541
5.918531
5.852976
5.812023
5.817229
5.920849
6.995851
6.517224
6.247996
6.151351
6.057148
5.972304
5.897945
5.845772
5.834864
5.910166
6.81249
6.522048
6.406775
6.297843
6.191889
6.094345
6.006275
5.937347
5.902947
5.754815
6.893001
6.766489
6.635696
6.510793
6.38899
6.274512
6.168384
6.0775
5.820437
5.428391
7.180905
7.035664
6.888202
6.745621
6.606148
6.472848
6.346126
6.016508
5.519282
5.489166
7.395492
7.235065
7.073714
6.916357
6.762046
6.612118
6.230609
5.65668
5.581617
5.566546
7.496736
7.325907
7.155194
6.987988
6.823074
6.407308
5.779849
5.681377
5.640291
5.635361
7.489914
7.313601
7.138173
6.965163
6.528844
5.868201
5.758139
5.703818
5.684648
5.68581
7.393587
7.216278
7.039475
6.593781
5.916962
5.801865
5.74288
5.716715
5.710164
9.626711
9.619043
9.57996
9.544993
9.531849
9.494966
9.399628
9.342718
9.333032
9.293305
9.209266
9.054849
9.004252
8.999795
8.965972
8.883447
8.748034
8.086188
8.532956
8.533513
8.5085
8.435482
8.3075
7.694489
7.398717
7.987447
7.994573
7.976703
7.916632
7.801492
7.235274
6.959373
6.95555
7.504899
7.511679
7.502063
7.44993
7.348693
6.8307
6.569403
6.533732
6.585845
7.133332
7.153303
7.14296
7.100129
7.005745
6.530218
6.282479
6.226498
6.217523
6.308476
6.911518
6.915646
6.871494
6.785747
6.335421
6.099879
6.031793
5.989568
5.996892
6.109897
6.794084
6.76446
6.675216
6.241281
6.007475
5.934179
5.872475
5.837055
5.8512
5.971689
6.754162
6.676628
6.235804
6.001754
5.919666
5.847652
5.787235
5.752255
5.765095
5.880531
6.773328
6.327819
6.07799
5.990638
5.905652
5.830554
5.766475
5.726205
5.730451
5.829144
6.510894
6.250854
6.149005
6.054202
5.96227
5.879519
5.806995
5.755957
5.744296
5.64396
6.518739
6.410998
6.297854
6.19148
6.088165
5.993159
5.90744
5.839849
5.633001
5.315535
6.76619
6.641612
6.51365
6.391654
6.272907
6.161487
6.057789
5.779814
5.357641
5.363493
7.038449
6.895833
6.751385
6.612003
6.47596
6.345549
6.008089
5.499696
5.445323
5.456221
7.240332
7.082629
6.9244
6.770441
6.619049
6.235177
5.656358
5.571714
5.54255
5.553442
7.332874
7.164887
6.997421
6.832921
6.416206
5.786492
5.684772
5.636853
5.624027
5.633192
7.321413
7.148122
6.975199
6.538808
5.8767
5.765564
5.709277
5.685372
5.681437
7.224241
7.049253
6.603308
5.925421
5.809967
5.750383
5.722977
5.712938
9.65117
9.634724
9.591546
9.490267
9.567367
9.55316
9.504737
9.406412
9.233447
9.361548
9.35164
9.307967
9.208399
9.048379
8.330674
9.019459
9.014432
8.97828
8.887471
8.732182
8.054782
7.690616
8.543146
8.544668
8.516723
8.438883
8.297618
7.66074
7.327643
7.256257
7.996775
8.000446
7.982748
7.917095
7.794412
7.212467
6.90503
6.833279
6.828082
7.501628
7.518376
7.50351
7.450896
7.341716
6.816136
6.535541
6.458762
6.422831
6.472355
7.146631
7.1473
7.097779
7.002461
6.519257
6.262849
6.183547
6.128151
6.118602
6.205613
6.906591
6.874043
6.780612
6.330344
6.086721
6.008435
5.941422
5.899814
5.906046
6.014295
6.754163
6.676627
6.235803
6.001754
5.919668
5.847653
5.787235
5.752255
5.765095
5.880531
6.66622
6.237086
5.996725
5.913888
5.833346
5.762961
5.703847
5.669336
5.680942
5.79106
6.319687
6.079702
5.986478
5.900784
5.817821
5.744517
5.681925
5.64236
5.64534
5.575761
6.245044
6.151557
6.051687
5.959153
5.869517
5.788877
5.718199
5.667929
5.49816
5.235456
6.407607
6.301719
6.191233
6.087483
5.986858
5.894421
5.810631
5.577526
5.219997
5.257311
6.641135
6.519152
6.394153
6.27518
6.159579
6.050742
5.762426
5.325821
5.293559
5.334983
6.89835
6.758557
6.617315
6.481306
6.348174
6.007521
5.493089
5.425373
5.411689
5.445523
7.087564
6.932829
6.777964
6.626841
6.241278
5.659928
5.570473
5.532033
5.528608
5.552094
7.171473
7.006605
6.841788
6.424976
5.793533
5.690326
5.639434
5.620113
5.621406
7.155521
6.984623
6.547817
5.884672
5.772998
5.715907
5.690278
5.68191
7.056783
6.612117
5.933102
5.817495
5.757764
5.729992
5.718938
9.675132
9.658789
9.606268
9.500795
9.320854
9.588554
9.57521
9.52535
9.415125
9.238889
8.491752
9.379147
9.370193
9.325994
9.222157
9.046591
8.325128
7.917499
9.032924
9.029413
8.992421
8.899019
8.735274
8.040785
7.660947
7.535949
8.554894
8.554665
8.527476
8.446467
8.300218
7.652073
7.296108
7.186129
7.115268
7.997489
8.009621
7.988287
7.922616
7.794214
7.206302
6.883828
6.779997
6.708848
6.702898
7.51497
7.509932
7.451919
7.34212
6.810072
6.522077
6.425527
6.349828
6.314176
6.361175
7.140441
7.101739
6.999675
6.516454
6.252755
6.164209
6.086251
6.03189
6.02183
6.10499
6.864812
6.782704
6.325928
6.082046
5.995414
5.918534
5.852978
5.812022
5.817229
5.920849
6.666221
6.237084
5.996724
5.913888
5.833347
5.762962
5.703847
5.669336
5.680942
5.79106
6.228072
5.997877
5.908796
5.827514
5.748861
5.680114
5.622311
5.588294
5.598384
5.54372
6.07225
5.987926
5.896528
5.812863
5.731929
5.660424
5.599322
5.560138
5.413926
5.186191
6.145758
6.05394
5.956476
5.866237
5.778914
5.700389
5.631187
5.430893
5.120389
5.18159
6.298252
6.194746
6.086985
5.985912
5.888008
5.797722
5.551757
5.176265
5.163274
5.232017
6.518501
6.399245
6.277325
6.161468
6.048547
5.756154
5.312119
5.261715
5.264843
5.326205
6.760807
6.624027
6.486168
6.353015
6.009782
5.492599
5.418098
5.391237
5.400253
5.444944
6.937428
6.7859
6.633841
6.248161
5.664708
5.57311
5.5301
5.517618
5.526767
7.012803
6.850454
6.432897
5.800502
5.696379
5.644251
5.622178
5.617243
6.991599
6.556285
5.891914
5.780063
5.722641
5.696433
5.686559
6.618918
5.940219
5.824354
5.764686
5.736949
5.725735
9.697408
9.682424
9.629619
9.514354
9.330075
8.570761
9.607572
9.596116
9.5468
9.434768
9.24653
8.497308
8.067419
9.394803
9.387563
9.344034
9.239368
9.059261
8.324127
7.912264
7.753474
9.046515
9.042678
9.006978
8.912462
8.745899
8.044033
7.647937
7.505981
7.38259
8.559678
8.566247
8.537113
8.456644
8.307021
7.654723
7.288052
7.154924
7.046163
6.976552
8.010194
7.997161
7.927682
7.799084
7.206319
6.878112
6.758951
6.656674
6.586766
6.580138
7.506315
7.457923
7.342626
6.810554
6.516473
6.412112
6.317242
6.243153
6.207847
6.252393
7.094666
7.003136
6.514096
6.250164
6.154127
6.067215
5.99104
5.937754
5.927242
6.006654
6.773329
6.327815
6.077986
5.990637
5.905657
5.830558
5.766477
5.726204
5.730451
5.829143
6.228073
5.997876
5.908795
5.827514
5.748862
5.680115
5.622311
5.588294
5.598384
5.54372
5.989625
5.909707
5.822365
5.74298
5.666218
5.599109
5.542618
5.508792
5.373908
5.16305
5.980548
5.897721
5.808516
5.726886
5.647983
5.57827
5.518328
5.33873
5.057844
5.134834
6.048157
5.958436
5.863405
5.775478
5.690468
5.61369
5.398436
5.06699
5.068437
5.158307
6.191209
6.090154
5.985172
5.886808
5.791211
5.540314
5.155836
5.119854
5.138031
5.224529
6.398423
6.282013
6.16327
6.050063
5.754156
5.30712
5.247589
5.232623
5.255481
5.326121
6.626011
6.49242
6.357432
6.014009
5.494332
5.416869
5.383389
5.37934
5.399164
6.79016
6.641279
6.254367
5.670123
5.577017
5.532083
5.51522
5.515506
6.856257
6.440644
5.806831
5.702491
5.649645
5.626545
5.61906
6.562574
5.89873
5.786505
5.729115
5.702752
5.692499
5.945743
5.830744
5.771012
5.743519
5.732504
9.717082
9.704419
9.652646
9.536706
9.342469
8.579882
8.141074
9.624538
9.614903
9.567183
9.455373
9.264998
8.505078
8.07281
7.897258
9.409689
9.403016
9.36097
9.256681
9.075477
8.33628
7.911583
7.747433
7.590596
9.054618
9.056097
9.019869
8.926411
8.758485
8.054141
7.651123
7.492835
7.352365
7.231407
8.570883
8.548376
8.46577
8.316484
7.661181
7.290601
7.14662
7.015321
6.908537
6.840291
7.997498
7.936105
7.803563
7.210876
6.878153
6.753013
6.635807
6.535729
6.467159
6.45993
7.45404
7.348085
6.811129
6.516918
6.40635
6.30389
6.211227
6.13881
6.103912
6.14608
6.995853
6.517216
6.24799
6.15135
6.057156
5.972309
5.897948
5.845771
5.834864
5.910165
6.319688
6.079698
5.986474
5.900784
5.817825
5.74452
5.681927
5.642359
5.64534
5.575761
5.989625
5.909706
5.822364
5.74298
5.666219
5.59911
5.542619
5.508792
5.373908
5.16305
5.90156
5.823043
5.737779
5.660293
5.585414
5.519935
5.464445
5.294747
5.028031
5.112821
5.890421
5.80946
5.722454
5.642861
5.565976
5.497723
5.301725
4.997822
5.008652
5.112663
5.952672
5.865082
5.772498
5.686884
5.603821
5.382917
5.041081
5.015602
5.045337
5.151562
6.086551
5.988004
5.885836
5.78977
5.534506
5.146695
5.099216
5.09437
5.129992
5.224706
6.281025
6.167558
6.051531
5.755431
5.305486
5.242039
5.218029
5.222813
5.254885
6.49414
6.363227
6.017884
5.49762
5.417886
5.381604
5.371066
5.377957
6.6452
6.260966
5.675041
5.581654
5.535394
5.516789
5.51287
6.445856
5.813025
5.708068
5.655195
5.631543
5.623217
5.903827
5.79261
5.735036
5.708881
5.698634
5.835643
5.776932
5.749536
5.738922
9.734648
9.723861
9.674113
9.558876
9.363609
8.592106
8.14992
7.967908
9.640166
9.631664
9.585533
9.475014
9.284571
8.522664
8.080492
7.901789
7.728128
9.42021
9.417726
9.376042
9.273
9.091899
8.351649
7.923248
7.746387
7.58376
7.429773
9.064045
9.032958
8.938769
8.771682
8.066022
7.660767
7.495496
7.339095
7.200963
7.082612
8.552751
8.476562
8.324974
7.670035
7.296722
7.148713
7.006783
6.878086
6.77343
6.706662
7.936127
7.811407
7.215081
6.882422
6.752712
6.629658
6.51506
6.41729
6.350149
6.342388
7.343911
6.816086
6.517458
6.4065
6.29798
6.197946
6.107553
6.03686
6.002426
6.041763
6.510897
6.250847
6.149
6.054201
5.962277
5.879524
5.806998
5.755956
5.744296
5.643959
6.072251
5.987922
5.896525
5.812862
5.731933
5.660427
5.599324
5.560138
5.413926
5.18619
5.90156
5.823042
5.737777
5.660292
5.585416
5.519936
5.464445
5.294747
5.028031
5.112821
5.815004
5.73823
5.655042
5.579449
5.50644
5.442276
5.255452
4.96466
4.980087
5.091134
5.802239
5.723159
5.638348
5.56078
5.48558
5.283424
4.96812
4.949352
4.986742
5.106294
5.859341
5.773902
5.683765
5.6001
5.374127
5.028615
4.989649
4.992365
5.038031
5.151843
5.984342
5.888342
5.788577
5.533168
5.142019
5.089678
5.073359
5.08591
5.129609
6.16641
6.055429
5.756682
5.306435
5.239842
5.212014
5.207822
5.221896
6.364688
6.022975
5.500661
5.420513
5.382106
5.368907
5.369447
6.26447
5.68027
5.585891
5.539511
5.519731
5.514239
5.817232
5.713584
5.660277
5.636761
5.628037
5.797103
5.740681
5.714498
5.704612
5.781419
5.755186
5.744805
9.750606
9.741221
9.693118
9.579596
9.384731
8.612204
8.161867
7.975941
7.795713
9.652123
9.647115
9.601909
9.492744
9.303304
8.541216
8.097363
7.908955
7.731795
7.560956
9.428088
9.390417
9.287528
9.107458
8.367178
7.937949
7.757348
7.582348
7.422153
7.271237
9.04063
8.95138
8.783381
8.078436
7.672083
7.50453
7.34123
7.18758
7.051993
6.936424
8.480581
8.335171
7.677999
7.305093
7.154337
7.008421
6.869323
6.743398
6.64102
6.575829
7.81106
7.22229
6.886369
6.756572
6.629021
6.508708
6.396835
6.30147
6.235835
6.226993
6.812492
6.52204
6.40677
6.297843
6.191898
6.094352
6.006278
5.937347
5.902948
5.754814
6.245046
6.151551
6.051682
5.959152
5.869524
5.788882
5.718201
5.667928
5.498161
5.235455
5.980549
5.897717
5.808512
5.726886
5.647986
5.578273
5.518329
5.33873
5.057844
5.134834
5.815004
5.738229
5.655041
5.579449
5.506441
5.442277
5.255453
4.96466
4.980087
5.091134
5.730299
5.655275
5.574153
5.500438
5.428982
5.235743
4.933028
4.917515
4.958699
5.084916
5.716018
5.638822
5.556193
5.480318
5.272602
4.953345
4.919715
4.927371
4.979802
5.106599
5.768186
5.684905
5.59685
5.37077
5.021514
4.976899
4.966114
4.984661
5.037701
5.884624
5.790767
5.532065
5.140888
5.084559
5.063428
5.06453
5.085192
6.05413
5.76007
5.30739
5.24025
5.209379
5.201466
5.206664
6.024273
5.504654
5.422968
5.384276
5.369075
5.367095
5.683093
5.590499
5.543294
5.523535
5.517008
5.717234
5.665354
5.641552
5.633106
5.744775
5.719878
5.710098
5.759431
5.75034
9.763218
9.757002
9.710091
9.597977
9.404537
8.632231
8.181153
7.987304
7.802927
7.625425
9.65891
9.617023
9.508572
9.320272
8.558957
8.115141
7.925025
7.738431
7.563755
7.395982
9.40049
9.301423
9.121319
8.381878
7.952799
7.771354
7.592589
7.420369
7.262847
7.115228
8.958669
8.795397
8.089464
7.683901
7.51525
7.349643
7.189186
7.03851
6.905675
6.793053
8.338763
7.687492
7.312635
7.16221
7.013543
6.870506
6.734424
6.611435
6.511469
6.447225
7.222133
6.893109
6.760153
6.632475
6.507741
6.390291
6.281245
6.188365
6.123727
5.911067
6.51874
6.41099
6.297848
6.191479
6.088174
5.993165
5.907443
5.839849
5.633001
5.315535
6.14576
6.053934
5.956471
5.866236
5.77892
5.700393
5.631189
5.430893
5.120389
5.18159
5.890422
5.809457
5.722451
5.64286
5.565979
5.497725
5.301726
4.997821
5.008652
5.112663
5.730299
5.655274
5.574152
5.500438
5.428983
5.235744
4.933028
4.917515
4.958699
5.084916
5.647452
5.574177
5.495102
5.42295
5.223889
4.917074
4.886002
4.89609
4.951905
5.08522
5.631763
5.556445
5.475664
5.267873
4.944567
4.904733
4.897487
4.920049
4.979463
5.679217
5.597737
5.367842
5.018755
4.969443
4.953025
4.958065
4.983986
5.787002
5.53394
5.139966
5.082982
5.057929
5.054284
5.063568
5.758919
5.310022
5.240718
5.209394
5.198529
5.20012
5.50571
5.426411
5.386328
5.370961
5.367098
5.592839
5.547495
5.527044
5.520669
5.668632
5.646374
5.637769
5.723737
5.715364
5.75448
9.769452
9.725535
9.614402
9.422156
8.651003
8.200362
8.00575
7.813682
7.631813
7.457287
9.628523
9.523206
9.335429
8.575029
8.132145
7.942069
7.753679
7.569844
7.397913
7.233462
9.311092
9.13462
8.394994
7.966861
7.785565
7.605882
7.429877
7.260691
7.10609
6.961992
8.802222
8.100756
7.694416
7.526523
7.359754
7.196968
7.039588
6.892109
6.762226
6.651886
7.690967
7.321605
7.169313
7.020912
6.875124
6.735156
6.602264
6.482359
6.384232
6.09726
6.893003
6.766479
6.63569
6.510792
6.389002
6.274521
6.168387
6.0775
5.820438
5.42839
6.407608
6.301712
6.191228
6.087483
5.986866
5.894427
5.810634
5.577526
5.219997
5.257311
6.048158
5.958431
5.8634
5.775477
5.690474
5.613694
5.398438
5.066989
5.068437
5.158307
5.80224
5.723156
5.638345
5.56078
5.485583
5.283426
4.968121
4.949352
4.986742
5.106294
5.647453
5.574176
5.495101
5.422949
5.22389
4.917074
4.886002
4.89609
4.951905
5.08522
5.566461
5.494924
5.41758
5.218471
4.907435
4.86988
4.864354
4.888923
4.95155
5.549468
5.475705
5.263695
4.940688
4.895659
4.882205
4.889836
4.919361
5.592083
5.368567
5.016358
4.966307
4.945234
4.944681
4.957147
5.530606
5.141399
5.081653
5.056008
5.048504
5.053136
5.309128
5.242879
5.209509
5.198286
5.197024
5.427065
5.389404
5.372761
5.36885
5.549501
5.531006
5.524054
5.649427
5.64248
5.719118
9.737686
9.629367
9.43791
8.667712
8.218373
8.024209
7.831263
7.641934
7.462843
7.291562
9.534291
9.349474
8.589405
8.147561
7.958416
7.769965
7.584249
7.40344
7.234528
7.073658
9.143801
8.407565
7.979422
7.79907
7.619436
7.442439
7.269452
7.103562
6.95213
6.810882
8.107271
7.705175
7.536563
7.370468
7.206459
7.046731
6.892662
6.748595
6.621053
6.270559
7.324935
7.177842
7.02757
6.881985
6.73927
6.602552
6.473008
6.355638
6.041658
5.562867
6.766192
6.641603
6.513644
6.391654
6.272918
6.161495
6.057792
5.779814
5.357641
5.363492
6.298254
6.194739
6.086981
5.985911
5.888016
5.797727
5.55176
5.176264
5.163274
5.232017
5.952674
5.865077
5.772494
5.686884
5.603826
5.38292
5.041083
5.015601
5.045338
5.151562
5.716019
5.638819
5.55619
5.480318
5.272605
4.953347
4.919716
4.927371
4.979802
5.106599
5.566462
5.494923
5.417579
5.218471
4.907436
4.86988
4.864355
4.888923
4.95155
5.487316
5.41721
5.213652
4.902987
4.859976
4.847952
4.856869
4.888216
5.468812
5.26367
4.937267
4.891448
4.872824
4.874274
4.888906
5.363551
5.016876
4.963561
4.941788
4.936625
4.943581
5.138753
5.082684
5.054366
5.046346
5.047201
5.241667
5.211347
5.198169
5.196652
5.389768
5.375617
5.37053
5.532806
5.52791
5.645432
9.641099
9.452289
8.682669
8.234419
8.041555
7.848947
7.658625
7.472307
7.296283
7.128518
9.360059
8.602721
8.161363
7.973273
7.785633
7.599753
7.41698
7.239481
7.073867
6.915901
8.416316
7.991458
7.811145
7.632367
7.455316
7.281266
7.111568
6.949235
6.800339
6.405471
7.711423
7.546877
7.380022
7.216601
7.055591
6.899162
6.74863
6.607385
6.243047
5.687766
7.180908
7.035652
6.888194
6.74562
6.606164
6.472859
6.346131
6.016507
5.519282
5.489166
6.641137
6.519144
6.394148
6.275179
6.15959
6.050749
5.762428
5.325821
5.293559
5.334983
6.19121
6.090147
5.985168
5.886808
5.791218
5.540319
5.155837
5.119854
5.138031
5.224529
5.859342
5.773897
5.683761
5.600099
5.374132
5.028617
4.98965
4.992364
5.038031
5.151843
5.631764
5.556443
5.475662
5.267873
4.944569
4.904735
4.897487
4.920049
4.979463
5.487316
5.417209
5.213651
4.902987
4.859976
4.847952
4.856869
4.888216
5.40971
5.213263
4.899039
4.855219
4.837756
4.840193
4.855921
5.257542
4.937183
4.887719
4.868328
4.86464
4.873164
5.012855
4.963724
4.938756
4.932956
4.935371
5.079784
5.05511
5.044488
5.044919
5.209885
5.199807
5.196421
5.375792
5.373285
5.529614
9.463518
8.696322
8.248796
8.057043
7.865605
7.675507
7.488084
7.305069
7.132408
6.967478
8.612814
8.174151
7.986586
7.799912
7.614718
7.431681
7.25214
7.078238
6.915275
6.494772
7.99987
7.82274
7.64394
7.467655
7.293449
7.122619
6.956481
6.797088
6.395885
5.784973
7.552812
7.389879
7.225657
7.065151
6.907384
6.754486
6.606916
6.231046
5.665915
5.604561
7.038451
6.895821
6.751377
6.612003
6.475975
6.345559
6.008092
5.499695
5.445323
5.456221
6.518503
6.399238
6.277321
6.161468
6.048556
5.75616
5.312121
5.261715
5.264843
5.326205
6.086553
5.987999
5.885833
5.789769
5.534512
5.146699
5.099217
5.09437
5.129992
5.224706
5.768187
5.6849
5.596846
5.370769
5.021517
4.976901
4.966115
4.98466
5.037702
5.549469
5.475703
5.263693
4.940687
4.895661
4.882206
4.889837
4.91936
5.40971
5.213262
4.899038
4.855219
4.837757
4.840194
4.855921
5.206585
4.898658
4.850983
4.832726
4.829752
4.839068
4.932234
4.887309
4.864333
4.859932
4.86338
4.959496
4.93866
4.92972
4.931583
5.051992
5.045048
5.042949
5.198172
5.197964
5.373367
8.707033
8.261925
8.070931
7.880516
7.691454
7.50414
7.31991
7.140497
6.970548
6.538697
8.183869
7.998939
7.812719
7.6284
7.445923
7.266017
7.09
6.91906
6.494123
5.8494
7.83081
7.655079
7.478711
7.305181
7.134094
6.966758
6.803573
6.393152
5.777172
5.693427
7.395494
7.235046
7.0737
6.916353
6.762065
6.61213
6.230613
5.656679
5.581617
5.566546
6.898352
6.758546
6.617308
6.481305
6.348188
6.007529
5.493092
5.425372
5.411689
5.445523
6.398425
6.282006
6.163265
6.050063
5.754164
5.307124
5.24759
5.232623
5.255481
5.326121
5.984343
5.888337
5.788573
5.533167
5.142023
5.089681
5.07336
5.08591
5.12961
5.679219
5.597733
5.367839
5.018754
4.969446
4.953027
4.958066
4.983986
5.468813
5.263668
4.937266
4.891448
4.872825
4.874275
4.888906
5.206585
4.898658
4.850982
4.832726
4.829752
4.839068
4.893245
4.85029
4.828236
4.824516
4.828477
4.882182
4.86368
4.855741
4.858554
4.934236
4.929453
4.928237
5.041769
5.04342
5.196237
8.272246
8.083629
7.893897
7.705765
7.519351
7.335116
7.154383
6.977927
6.541452
5.881137
8.008303
7.824621
7.640683
7.458987
7.279515
7.103035
6.929916
6.497661
5.848821
5.751863
7.662798
7.489381
7.315705
7.145203
6.977511
6.813069
6.3989
5.775294
5.684127
5.650783
7.240334
7.082611
6.924387
6.770437
6.619066
6.235187
5.656362
5.571713
5.54255
5.553442
6.760809
6.624017
6.486161
6.353015
6.009794
5.492605
5.4181
5.391237
5.400253
5.444944
6.281026
6.167552
6.051527
5.755431
5.305492
5.242043
5.21803
5.222813
5.254885
5.884626
5.790762
5.532062
5.140887
5.084562
5.063431
5.064531
5.085192
5.592085
5.368563
5.016356
4.966306
4.945236
4.944683
4.957148
5.257542
4.937182
4.887717
4.868328
4.864642
4.873165
4.893246
4.85029
4.828235
4.824516
4.828477
4.844713
4.827308
4.819834
4.823125
4.85837
4.854925
4.854255
4.924875
4.927884
5.04005
8.093593
7.906149
7.718621
7.533043
7.34957
7.168719
6.990843
6.548194
5.883405
5.780516
7.833621
7.65212
7.47073
7.291944
7.115771
6.942093
6.507329
5.851907
5.749768
5.705813
7.496737
7.325891
7.155183
6.987985
6.823091
6.407319
5.779852
5.681377
5.640291
5.635361
7.087566
6.932812
6.777952
6.626838
6.241293
5.659935
5.570475
5.532032
5.528608
5.552094
6.626012
6.492411
6.357426
6.014008
5.49434
5.416874
5.383391
5.37934
5.399164
6.166412
6.055423
5.756679
5.306435
5.239847
5.212018
5.207824
5.221896
5.787003
5.533935
5.139963
5.082982
5.057933
5.054286
5.063569
5.363552
5.016874
4.963559
4.941787
4.936627
4.943582
4.932234
4.887308
4.864332
4.859932
4.863381
4.844713
4.827307
4.819833
4.823125
4.821553
4.818746
4.818336
4.849465
4.853356
4.923217
7.915742
7.73041
7.545356
7.362622
7.182394
7.004289
6.559721
5.88902
5.781351
5.732692
7.660741
7.481685
7.30313
7.127548
6.954052
6.518183
5.859589
5.751781
5.702586
5.688634
7.332875
7.164872
6.99741
6.832918
6.416221
5.7865
5.684775
5.636853
5.624027
5.633192
6.93743
6.785884
6.63383
6.248158
5.664718
5.573116
5.530102
5.517618
5.526767
6.494141
6.363218
6.017879
5.497619
5.417893
5.381608
5.371068
5.377957
6.054131
5.760065
5.307388
5.24025
5.209384
5.201469
5.206665
5.530607
5.141396
5.081652
5.056008
5.048507
5.053139
5.012855
4.963722
4.938755
4.932956
4.935374
4.882183
4.863679
4.85574
4.858554
4.821553
4.818745
4.818336
4.812844
4.817166
4.847808
7.73962
7.556665
7.374374
7.194788
7.017166
6.571735
5.898197
5.785766
5.73248
5.714582
7.489915
7.313587
7.138163
6.965161
6.528859
5.86821
5.758143
5.703818
5.684648
5.68581
7.171474
7.006591
6.841778
6.424974
5.793543
5.690333
5.639437
5.620113
5.621406
6.790161
6.641265
6.254358
5.670121
5.577026
5.532089
5.515222
5.515506
6.364689
6.022967
5.500658
5.420512
5.382112
5.368911
5.369449
5.75892
5.310018
5.240716
5.209394
5.198533
5.200123
5.138753
5.082681
5.054364
5.046346
5.047204
4.959497
4.938658
4.929719
4.931583
4.85837
4.854924
4.854254
4.812844
4.817166
4.811176
7.565477
7.385187
7.205962
7.028885
6.58326
5.907767
5.793544
5.736047
5.713684
5.711404
7.321414
7.148108
6.97519
6.538806
5.876711
5.765571
5.70928
5.685372
5.681437
7.012804
6.850441
6.432889
5.8005
5.696388
5.644257
5.622181
5.617242
6.645201
6.260954
5.675034
5.581653
5.535402
5.516794
5.512872
6.024274
5.504649
5.422965
5.384276
5.369081
5.367099
5.309129
5.242876
5.209507
5.198286
5.197027
5.079785
5.055108
5.044486
5.044919
4.934236
4.929452
4.928235
4.849466
4.853355
4.811176
7.393588
7.216264
7.039465
6.593779
5.916973
5.801872
5.742883
5.716715
5.710164
7.155522
6.98461
6.547809
5.884671
5.773007
5.715914
5.690281
5.68191
6.856258
6.440633
5.806825
5.70249
5.649653
5.62655
5.619062
6.264471
5.680261
5.585886
5.53951
5.519738
5.514244
5.505711
5.426406
5.386325
5.370961
5.367104
5.241667
5.211344
5.198168
5.196652
5.051993
5.045046
5.042947
4.924875
4.927882
4.847808
7.224242
7.04924
6.6033
5.92542
5.809976
5.75039
5.72298
5.712938
6.9916
6.556274
5.891908
5.780062
5.722649
5.696439
5.686562
6.445856
5.813017
5.708062
5.655194
5.631551
5.623223
5.683094
5.590492
5.543289
5.523534
5.517015
5.427066
5.3894
5.372758
5.368849
5.209885
5.199804
5.196419
5.041769
5.043418
4.923217
7.056783
6.612106
5.933096
5.817494
5.757772
5.729998
5.718941
6.562575
5.898722
5.7865
5.729114
5.70276
5.692505
5.817232
5.713577
5.660272
5.63676
5.628044
5.592839
5.547489
5.527039
5.520668
5.389769
5.375613
5.370527
5.198172
5.197961
5.040051
6.618919
5.940211
5.824349
5.764685
5.736956
5.725741
5.903827
5.792603
5.735031
5.70888
5.698642
5.717235
5.665348
5.641548
5.633105
5.549502
5.531
5.524049
5.375792
5.373281
5.196238
5.945744
5.830737
5.771007
5.743518
5.732512
5.797103
5.740675
5.714494
5.704611
5.668632
5.646368
5.637765
5.532807
5.527904
5.373368
5.835643
5.776926
5.749531
5.738921
5.744775
5.719872
5.710094
5.649428
5.642474
5.529614
5.781419
5.75518
5.744801
5.723737
5.715358
5.645433
5.759431
5.750335
5.719118
5.75448
)
;

boundaryField
{
    cathodeSides
    {
        type            zeroGradient;
    }
    electrolyteSides
    {
        type            zeroGradient;
    }
    anodeSides
    {
        type            zeroGradient;
    }
    phiI_to_phiI0
    {
        type            zeroGradient;
    }
    procBoundary0to1
    {
        type            processor;
        value           nonuniform List<scalar> 
400
(
9.769601
9.656825
9.7757
9.421292
9.663482
9.743703
9.049766
9.429046
9.632874
9.646811
8.546698
9.05908
9.401252
9.538357
9.468877
7.974945
8.557794
9.035508
9.311614
9.363802
8.712272
7.470039
7.987536
8.539551
8.953381
9.144063
8.616546
8.277353
7.094626
7.483243
7.97477
8.467313
8.796783
8.416816
8.187536
8.098478
6.85513
7.107753
7.474547
7.91345
8.325497
8.102519
8.000461
8.01178
7.920399
6.740008
6.867898
7.101529
7.422441
7.788591
7.679109
7.707047
7.831279
7.8369
7.744039
6.740008
6.752489
6.862934
7.056017
7.312747
7.202121
7.313911
7.548437
7.663142
7.663816
7.56965
6.855129
6.752489
6.748011
6.821479
6.957845
6.784995
6.874474
7.170076
7.391124
7.496952
7.492779
7.397507
7.094625
6.867898
6.748011
6.708444
6.730782
6.477644
6.493436
6.748113
7.027822
7.235971
7.332959
7.324061
7.2279
7.470039
7.107752
6.862933
6.708444
6.621366
6.282662
6.214584
6.383021
6.623522
6.887934
7.083214
7.171426
7.157948
7.060175
7.974945
7.483243
7.101529
6.821478
6.621366
6.189134
6.038415
6.116226
6.274392
6.50136
6.750609
6.933092
7.012622
6.993801
6.622025
8.546699
7.987536
7.474546
7.056017
6.730781
6.189134
5.954076
5.947777
6.019553
6.168075
6.381761
6.616039
6.785843
6.855945
6.564615
5.948336
9.049766
8.557795
7.97477
7.42244
6.957845
6.282662
5.954076
5.867144
5.858706
5.924987
6.064141
6.264846
6.484402
6.640909
6.445658
5.905572
5.837789
9.421289
9.05908
8.539551
7.91345
7.312746
6.477643
6.038414
5.867144
5.781707
5.771561
5.83256
5.962649
6.150717
6.355195
6.26076
5.817211
5.798448
5.783255
9.656821
9.429043
9.035508
8.467313
7.78859
6.784995
6.214583
5.947777
5.781707
5.698098
5.686355
5.742292
5.863642
6.03893
6.016
5.680325
5.716907
5.745835
5.761075
9.769597
9.663477
9.401249
8.95338
8.325497
7.20212
6.493435
6.116226
5.858706
5.698098
5.61632
5.603089
5.654191
5.766726
5.745648
5.499378
5.589897
5.668068
5.724615
5.756033
9.775696
9.63287
9.311611
8.796782
7.67911
6.874473
6.383021
6.019553
5.771561
5.61632
5.536369
5.521756
5.56791
5.51285
5.298847
5.420701
5.546392
5.648703
5.719909
9.743699
9.538353
9.14406
8.102518
7.313911
6.748112
6.274392
5.924986
5.686354
5.536369
5.458232
5.442041
5.3423
5.124832
5.23147
5.383299
5.529564
5.644626
9.646807
9.363798
8.416813
7.707046
7.170076
6.623522
6.168074
5.832559
5.603088
5.458232
5.38161
5.233927
4.99601
5.066029
5.19963
5.36921
5.526295
9.468873
8.616542
8.000458
7.548436
7.027822
6.501359
6.06414
5.742291
5.521755
5.38161
5.181754
4.913363
4.942867
5.038207
5.187815
5.366709
8.712268
8.187532
7.831276
7.391123
6.887934
6.38176
5.962649
5.65419
5.442041
5.181754
4.873321
4.863555
4.917591
5.027882
5.185798
8.277349
8.011776
7.663139
7.235971
6.750609
6.264845
5.863641
5.56791
5.233926
4.873321
4.825048
4.839735
4.908126
5.026074
8.098475
7.836896
7.49695
7.083213
6.616039
6.150717
5.766725
5.342299
4.913363
4.825048
4.801886
4.830724
4.906371
7.920395
7.663812
7.332957
6.933091
6.484402
6.038929
5.512849
4.996009
4.863555
4.801886
4.79307
4.828965
7.744035
7.492776
7.171423
6.785842
6.355195
5.745648
5.124832
4.942866
4.839735
4.793069
4.7913
7.569647
7.324058
7.01262
6.640909
6.016
5.298846
5.066029
4.917591
4.830723
4.7913
7.397504
7.157945
6.855943
6.260759
5.499378
5.23147
5.038207
4.908125
4.828965
7.227897
6.993799
6.445656
5.680325
5.4207
5.19963
5.027882
4.906371
7.060172
6.564613
5.81721
5.589897
5.383299
5.187814
5.026074
6.622023
5.90557
5.716906
5.546391
5.36921
5.185798
5.948334
5.798447
5.668067
5.529563
5.366709
5.837788
5.745834
5.648702
5.526294
5.783254
5.724614
5.644625
5.761073
5.719908
5.756032
)
;
    }
}
)

// processor1

43287
(dimensions      [0 0 0 0 0 0 0];

internalField   nonuniform List<scalar> 
4000
(
9.769601
9.656825
9.783341
9.7757
9.421292
9.670429
9.663482
9.797262
9.789294
9.743703
9.049766
9.434547
9.429046
9.684308
9.67694
9.632874
9.811585
9.803083
9.757019
9.646811
8.546698
9.062272
9.05908
9.44833
9.442155
9.401252
9.698625
9.690685
9.646052
9.538357
9.82479
9.817274
9.770552
9.65973
9.468877
7.974945
8.558053
8.557794
9.07588
9.071442
9.035508
9.462607
9.455806
9.41408
9.311614
9.711804
9.70487
9.65954
9.551134
9.363802
9.838248
9.830361
9.784485
9.672894
9.481311
8.712272
7.470039
7.984872
7.987536
8.571187
8.569012
8.539551
9.090019
9.084919
9.047592
8.953381
9.475703
9.46995
9.427471
9.324037
9.144063
9.725262
9.71793
9.673466
9.56425
9.376089
8.616546
9.85069
9.843698
9.797341
9.686455
9.494022
8.724079
8.277353
7.094626
7.478511
7.483243
7.997161
7.997338
7.97477
8.585038
8.58202
8.550498
8.467313
9.102911
9.098927
9.060805
8.965058
8.796783
9.489131
9.482928
9.441353
9.337047
9.155985
8.416816
9.73764
9.731268
9.686295
9.5778
9.388745
8.628193
8.187536
9.863733
9.856031
9.810443
9.698977
9.507126
8.736138
8.288711
8.098478
6.85513
7.101844
7.107753
7.489787
7.491605
7.474547
8.010483
8.009511
7.984316
7.91345
8.597559
8.595743
8.563244
8.477857
8.325497
9.11621
9.111702
9.074548
8.977881
8.807951
8.102519
9.501381
9.496236
9.454097
9.350546
9.168522
8.428074
8.000461
9.750675
9.743537
9.699395
9.590291
9.401829
8.640178
8.198724
8.01178
9.875429
9.868959
9.822563
9.711739
9.519237
8.748563
8.300311
8.109478
7.920399
6.740008
6.861458
6.867898
7.112233
7.114881
7.101529
7.502354
7.502784
7.482674
7.422441
8.022416
8.022716
7.996241
7.922603
7.788591
8.610592
8.608152
8.576702
8.490206
8.335527
7.679109
9.128255
9.124881
9.08709
8.991229
8.82028
8.112998
7.707047
9.51435
9.508378
9.467166
9.362947
9.181541
8.4399
8.011241
7.831279
9.762384
9.756458
9.711451
9.603048
9.413904
8.652563
8.210236
8.022601
7.8369
9.887276
9.880555
9.835266
9.72355
9.531581
8.760054
8.312261
8.120735
7.931025
7.744039
6.740008
6.745877
6.752489
6.871204
6.874154
6.862934
7.123945
7.125191
7.108448
7.056017
7.513594
7.515249
7.493624
7.430193
7.312747
8.034946
8.034548
8.009186
7.934133
7.797229
7.202121
8.622272
8.62107
8.58888
8.503258
8.347362
7.688423
7.313911
9.141003
9.136821
9.100028
9.003422
8.833128
8.124546
7.717028
7.548437
9.526051
9.521232
9.479094
9.375664
9.193515
8.452174
8.022565
7.84168
7.663142
9.774233
9.768065
9.724145
9.614793
9.426235
8.663999
8.22213
8.033763
7.847341
7.663816
9.892298
9.846664
9.735927
9.543013
8.771762
8.323319
8.132337
7.941926
7.754277
7.56965
6.855129
6.745877
6.752489
6.755308
6.758298
6.748011
6.882235
6.883841
6.869003
6.821479
7.134574
7.136821
7.118554
7.062585
6.957845
7.525425
7.526401
7.505846
7.440762
7.319995
6.784995
8.046077
8.046971
8.020794
7.946666
7.808232
7.210022
6.874474
8.634656
8.63265
8.601557
8.515081
8.359887
7.699385
7.322709
7.170076
9.152505
9.149456
9.111754
9.016
8.844878
8.136576
7.728023
7.558028
7.391124
9.537902
9.532831
9.49172
9.38728
9.205794
8.463472
8.034316
7.852636
7.673151
7.496952
9.779811
9.735554
9.627157
9.437599
8.675675
8.233121
8.0453
7.858139
7.673863
7.492779
9.858206
9.74704
9.554989
8.782611
8.334585
8.143083
7.953167
7.764808
7.579486
7.397507
7.094625
6.861457
6.867898
6.755308
6.758297
6.748011
6.766004
6.767681
6.753649
6.708444
6.89237
6.89481
6.878509
6.827222
6.730782
7.145742
7.147378
7.129965
7.07233
6.96393
6.477644
7.535885
7.53814
7.516789
7.452576
7.330039
6.791522
6.493436
8.057939
8.058011
8.032984
7.957917
7.820212
7.22006
6.881854
6.748113
8.645732
8.644925
8.612926
8.527389
8.37125
7.710984
7.333059
7.178477
7.027822
9.164338
9.160859
9.124161
9.027408
8.857
8.14759
7.73948
7.568631
7.400314
7.235971
9.544579
9.503118
9.39957
9.217019
8.475055
8.045141
7.864013
7.683726
7.506557
7.332959
9.747096
9.638277
9.449556
8.686442
8.24434
8.05597
7.869305
7.684282
7.502417
7.324061
9.758291
9.565753
8.79397
8.34503
8.15403
7.963587
7.775673
7.589631
7.406926
7.2279
7.470039
7.101843
7.107752
6.871204
6.874153
6.862933
6.766003
6.767681
6.753648
6.708444
6.775813
6.778327
6.762864
6.71377
6.621366
6.903067
6.904887
6.889283
6.836384
6.736064
6.282662
7.155578
7.158471
7.140329
7.083351
6.973159
6.483056
6.214584
7.547108
7.548522
7.528309
7.463167
7.341287
6.800543
6.499468
6.383021
8.068386
8.069774
8.043821
7.969733
7.830986
7.230985
6.891232
6.755103
6.623522
8.657353
8.655907
8.624977
8.538436
8.383078
7.72152
7.344014
7.188409
7.035819
6.887934
9.172588
9.135362
9.039475
8.868006
8.158949
7.749977
7.579687
7.410511
7.244749
7.083214
9.514659
9.410672
9.228893
8.485652
8.056237
7.874502
7.694715
7.516738
7.342145
7.171426
9.649526
9.460321
8.697764
8.254692
8.066862
7.879642
7.695064
7.512444
7.333278
7.157948
9.576649
8.804193
8.355961
8.164185
7.974202
7.785754
7.600105
7.416671
7.236889
7.060175
7.974945
7.47851
7.483243
7.112235
7.114879
7.101529
6.88223
6.883841
6.869002
6.821478
6.775811
6.778326
6.762864
6.71377
6.621366
6.786272
6.788089
6.773331
6.722654
6.626246
6.189134
6.912438
6.915524
6.899185
6.846791
6.744724
6.287326
6.038415
7.166193
7.168243
7.151222
7.093372
6.983622
6.491247
6.219547
6.116226
7.556889
7.559659
7.538501
7.474318
7.35139
6.810644
6.507814
6.388685
6.274392
8.079497
8.080136
8.055367
7.980247
7.842302
7.240826
6.901441
6.764051
6.630119
6.50136
8.667427
8.635761
8.550142
8.393708
7.732486
7.353975
7.198932
7.045324
6.895521
6.750609
9.146881
9.050376
8.879643
8.169272
7.760803
7.589827
7.421153
7.254529
7.09157
6.933092
9.421913
9.239628
8.496854
8.066397
7.885254
7.704856
7.527324
7.351919
7.180182
7.012622
9.471208
8.707969
8.265572
8.076919
7.890194
7.705054
7.522826
7.342897
7.166729
6.993801
8.814543
8.365807
8.174809
7.984055
7.796023
7.609833
7.42674
7.246219
7.068719
6.622025
8.546699
7.98487
7.987536
7.489788
7.491604
7.474546
7.123937
7.125193
7.108447
7.056017
6.892363
6.894805
6.878509
6.827221
6.730781
6.786271
6.788087
6.77333
6.722654
6.626246
6.189134
6.795408
6.798497
6.78293
6.732765
6.634635
6.193428
5.954076
6.92259
6.924844
6.909639
6.856362
6.754587
6.294955
6.042671
5.947777
7.175403
7.178787
7.160821
7.103908
6.993152
6.500531
6.227073
6.120851
6.019553
7.567288
7.569368
7.549434
7.484193
7.36203
6.819729
6.517159
6.396611
6.279691
6.168075
8.091155
8.065542
7.991446
7.852383
7.25116
6.910647
6.773804
6.638634
6.507564
6.381761
8.64707
8.560625
8.404968
7.742352
7.364341
7.208512
7.055405
6.904591
6.757782
6.616039
9.061583
8.890166
8.180183
7.77065
7.600286
7.430926
7.264746
7.100922
6.941018
6.785843
9.250494
8.506992
8.07713
7.895107
7.715252
7.537105
7.362089
7.189536
7.020938
6.855945
8.718293
8.275388
8.087485
7.899943
7.715252
7.532456
7.352866
7.175928
7.002135
6.564615
8.375779
8.184388
7.99436
7.805562
7.619744
7.436101
7.255868
7.077621
6.629731
5.948336
9.049766
8.558048
8.557795
7.997161
7.997336
7.97477
7.502345
7.502785
7.482673
7.42244
7.134564
7.136814
7.118556
7.062584
6.957845
6.903065
6.90488
6.889279
6.836385
6.736063
6.282662
6.795407
6.798497
6.782928
6.732764
6.634635
6.193427
5.954076
6.805314
6.80759
6.793165
6.742046
6.644212
6.200794
5.957987
5.867144
6.931382
6.934938
6.918802
6.866471
6.763674
6.303644
6.049656
5.951721
5.858706
7.18515
7.187938
7.171177
7.113201
7.003176
6.508998
6.235606
6.127976
6.023846
5.924987
7.579686
7.55897
7.494783
7.371466
6.829298
6.525576
6.405497
6.287199
6.173014
6.064141
8.076355
8.001324
7.863119
7.26038
6.920313
6.782611
6.647926
6.515645
6.387574
6.264846
8.571613
8.415064
7.7528
7.373677
7.218482
7.064595
6.914221
6.76641
6.622795
6.484402
8.90098
8.190057
7.781052
7.609806
7.441005
7.274139
7.110702
6.949932
6.793333
6.640909
8.517259
8.086852
7.905512
7.724785
7.54713
7.371497
7.199278
7.02986
6.863811
6.445658
8.285321
8.097025
7.910182
7.724681
7.542287
7.362122
7.18547
7.0109
6.572109
5.905572
8.194089
8.00366
7.815534
7.628954
7.445638
7.264848
7.086835
6.63777
5.954571
5.837789
9.421289
9.062265
9.05908
8.571189
8.569007
8.539551
8.010476
8.009512
7.984314
7.91345
7.513583
7.51524
7.493626
7.430192
7.312746
7.145738
7.147368
7.129958
7.072332
6.963929
6.477643
6.912437
6.915522
6.899178
6.846787
6.744724
6.287325
6.038414
6.805314
6.80759
6.793164
6.742044
6.644211
6.200794
5.957987
5.867144
6.813892
6.817447
6.802111
6.751944
6.653017
6.209204
5.96472
5.870755
5.781707
6.940679
6.943682
6.928723
6.87534
6.773275
6.311658
6.057614
5.958321
5.862344
5.771561
7.197618
7.180169
7.123223
7.012031
6.517906
6.243396
6.136068
6.030575
5.928956
5.83256
7.569098
7.504029
7.381581
6.837797
6.534442
6.413514
6.295628
6.180107
6.068726
5.962649
8.011814
7.8726
7.270196
6.928947
6.79186
6.65633
6.524473
6.39522
6.270272
6.150717
8.425636
7.762178
7.383561
7.22747
7.074159
6.923013
6.775584
6.630977
6.49074
6.355195
8.200207
7.790474
7.619862
7.450189
7.283827
7.119705
6.959266
6.8018
6.647958
6.26076
8.096701
7.914944
7.734849
7.556333
7.38114
7.208299
7.039162
6.872288
6.452692
5.817211
8.106681
7.919437
7.73458
7.551383
7.371573
7.19434
7.020001
6.580002
5.911611
5.798448
8.01308
7.824543
7.638579
7.454507
7.273999
7.09542
6.646093
5.961088
5.843412
5.783255
9.656821
9.434543
9.429043
9.075883
9.071435
9.035508
8.585029
8.582022
8.550493
8.467313
8.022404
8.022709
7.996241
7.922601
7.78859
7.52542
7.52639
7.505838
7.440764
7.319994
6.784995
7.155575
7.158468
7.140319
7.083345
6.97316
6.483055
6.214583
6.92259
6.924842
6.909637
6.856356
6.754583
6.294955
6.042671
5.947777
6.813892
6.817447
6.802111
6.751943
6.653015
6.209202
5.96472
5.870755
5.781707
6.822974
6.825984
6.811805
6.760602
6.66241
6.216944
5.972411
5.877114
5.785027
5.698098
6.952924
6.937322
6.884939
6.781711
6.320126
6.064959
5.965857
5.868568
5.774903
5.686355
7.189676
7.131935
7.021577
6.525786
6.251594
6.143466
6.038231
5.935296
5.836213
5.742292
7.513841
7.390426
6.846906
6.542324
6.421959
6.303245
6.188083
6.075411
5.96689
5.863642
7.88266
7.278878
6.938139
6.80013
6.665156
6.532472
6.403586
6.277485
6.155763
6.03893
7.771999
7.392441
7.236985
7.082791
6.932163
6.783971
6.639689
6.498474
6.361116
6.016
7.80016
7.628976
7.459885
7.292663
7.128991
6.967869
6.810679
6.655971
6.267015
5.680325
7.9245
7.74398
7.566043
7.39
7.217548
7.047786
6.881138
6.460284
5.822836
5.716907
7.928803
7.743535
7.560928
7.380323
7.203396
7.02847
6.588202
5.917985
5.803884
5.745835
7.833668
7.647285
7.463771
7.282513
7.104169
6.653857
5.967841
5.849348
5.788484
5.761075
9.769597
9.670426
9.663477
9.448333
9.442151
9.401249
9.090007
9.084922
9.047585
8.95338
8.597542
8.595734
8.563246
8.477853
8.325497
8.034941
8.034536
8.009179
7.934133
7.797227
7.20212
7.535881
7.538136
7.516778
7.452568
7.33004
6.791521
6.493435
7.166193
7.16824
7.151218
7.093363
6.983616
6.491248
6.219546
6.116226
6.931382
6.934938
6.9188
6.866469
6.763668
6.303641
6.049656
5.95172
5.858706
6.822976
6.825984
6.811805
6.760602
6.662409
6.216942
5.97241
5.877114
5.785027
5.698098
6.835019
6.820205
6.769982
6.67064
6.225201
5.979496
5.884392
5.791019
5.701136
5.61632
6.946406
6.893267
6.790838
6.327579
6.072723
5.972823
5.87569
5.780759
5.689409
5.603089
7.141137
7.029888
6.53428
6.258854
6.151252
6.045241
5.942524
5.842173
5.745639
5.654191
7.399803
6.854884
6.550771
6.429477
6.311271
6.195304
6.082941
5.973173
5.867546
5.766726
7.288088
6.946277
6.808932
6.673058
6.540873
6.411179
6.285391
6.162548
6.0436
5.745648
7.401738
7.24554
7.091925
6.940431
6.7927
6.647667
6.506723
6.3684
6.021209
5.499378
7.638345
7.468681
7.301989
7.137469
6.976744
6.818875
6.664388
6.274134
5.685281
5.589897
7.753231
7.57486
7.399342
7.226052
7.056628
6.889354
6.468215
5.828921
5.72195
5.668068
7.7526
7.569572
7.389499
7.211787
7.037119
6.595841
5.924611
5.809685
5.750883
5.724615
7.656103
7.47216
7.291403
7.112315
6.66177
5.974151
5.855516
5.794053
5.766079
5.756033
9.783337
9.775696
9.68431
9.676936
9.63287
9.462596
9.455808
9.414076
9.311611
9.102889
9.098914
9.060808
8.965051
8.796782
8.610585
8.608136
8.576694
8.490208
8.335523
7.67911
8.046073
8.046966
8.020783
7.946659
7.808232
7.21002
6.874473
7.547108
7.548518
7.528305
7.463157
7.34128
6.800544
6.499468
6.383021
7.175404
7.178787
7.160818
7.103905
6.993144
6.500525
6.227074
6.120851
6.019553
6.940683
6.943682
6.928723
6.875338
6.773273
6.311652
6.057611
5.958321
5.862344
5.771561
6.83502
6.820205
6.769982
6.670639
6.225201
5.979494
5.884391
5.791019
5.701136
5.61632
6.829089
6.778117
6.679552
6.232448
5.987054
5.891107
5.797894
5.706771
5.619085
5.536369
6.902057
6.798769
6.335641
6.079564
5.980187
5.882282
5.787477
5.694908
5.605865
5.521756
7.038657
6.541687
6.266678
6.158158
6.052622
5.949154
5.848984
5.75123
5.657243
5.56791
6.863341
6.558179
6.437532
6.318424
6.202913
6.08977
5.980265
5.873437
5.770304
5.51285
6.954908
6.816735
6.681466
6.548404
6.419154
6.29258
6.169998
6.049962
5.749725
5.298847
7.254494
7.100147
6.949178
6.800598
6.655971
6.514288
6.376183
6.027625
5.503469
5.420701
7.477722
7.310456
7.146413
6.984855
6.82733
6.672168
6.281618
5.690927
5.594316
5.546392
7.583794
7.407834
7.235015
7.064767
6.897779
6.475586
5.835281
5.727479
5.672738
5.648703
7.578323
7.39782
7.220583
7.045139
6.603642
5.930795
5.815733
5.756322
5.729441
5.719909
7.48066
7.299462
7.120816
6.669142
5.980583
5.861293
5.799853
5.771442
5.760942
9.797264
9.78929
9.743699
9.698614
9.690687
9.646048
9.538353
9.475683
9.469939
9.427473
9.324032
9.14406
9.1162
9.11168
9.074536
8.977883
8.807944
8.102518
8.622267
8.621063
8.588864
8.50325
8.347363
7.68842
7.313911
8.057939
8.058006
8.032979
7.957906
7.820206
7.22006
6.881853
6.748112
7.55689
7.559659
7.538498
7.474314
7.35138
6.810637
6.507815
6.388685
6.274392
7.185155
7.187938
7.171177
7.113198
7.003174
6.50899
6.235601
6.127977
6.023846
5.924986
6.952928
6.937322
6.884939
6.781709
6.320125
6.064955
5.965854
5.868568
5.774902
5.686354
6.82909
6.778117
6.679552
6.232447
5.987054
5.891106
5.797894
5.706771
5.619085
5.536369
6.786714
6.687294
6.240293
5.993695
5.898272
5.804247
5.713253
5.624374
5.538871
5.458232
6.80713
6.342657
6.086962
5.986684
5.889253
5.793704
5.701232
5.611019
5.524265
5.442041
6.549504
6.273509
6.165597
6.059176
5.956136
5.855241
5.757634
5.662476
5.570679
5.3423
6.56603
6.444604
6.326086
6.209705
6.096968
5.986708
5.880101
5.775812
5.515957
5.124832
6.825005
6.688929
6.556415
6.426313
6.300131
6.176785
6.056962
5.755295
5.302031
5.23147
7.108748
6.957059
6.80895
6.663493
6.522164
6.383334
6.034488
5.508512
5.424315
5.383299
7.319158
7.154542
6.993407
6.835065
6.680195
6.288546
5.696873
5.599434
5.550463
5.529564
7.41644
7.24317
7.073339
6.90554
6.483145
5.841206
5.733278
5.677915
5.653158
5.644626
7.406245
7.228568
7.05354
6.610882
5.937112
5.821391
5.762006
5.734677
5.72464
7.30763
7.128532
6.67683
5.98658
5.867184
5.805295
5.777036
5.76622
9.811573
9.803085
9.757015
9.646807
9.711784
9.704859
9.659542
9.551131
9.363798
9.489122
9.482908
9.441342
9.337049
9.15598
8.416813
9.128248
9.124872
9.087069
8.991218
8.820282
8.112993
7.707046
8.634654
8.632645
8.60155
8.515066
8.359879
7.699386
7.322705
7.170076
8.068384
8.069774
8.043816
7.969729
7.830975
7.23098
6.891232
6.755102
6.623522
7.567293
7.569368
7.549434
7.48419
7.362027
6.81972
6.517153
6.396612
6.279691
6.168074
7.197623
7.180169
7.123224
7.012028
6.517903
6.24339
6.136063
6.030576
5.928955
5.832559
6.946409
6.893267
6.790839
6.327577
6.072722
5.972818
5.875687
5.780759
5.689408
5.603088
6.786715
6.687294
6.240293
5.993694
5.898272
5.804245
5.713253
5.624374
5.538871
5.458232
6.695464
6.247118
6.000883
5.904576
5.811027
5.719252
5.630475
5.543825
5.460481
5.38161
6.350055
6.093408
5.993708
5.895412
5.800292
5.707104
5.616962
5.529085
5.444294
5.233927
6.280717
6.172101
6.066236
5.962345
5.861834
5.763528
5.668486
5.575564
5.344696
4.99601
6.452095
6.332823
6.216977
6.103402
5.993503
5.886167
5.782057
5.520773
5.127256
5.066029
6.696832
6.563534
6.433926
6.306918
6.183916
6.063352
5.761428
5.306396
5.234242
5.19963
6.965299
6.816483
6.671445
6.529307
6.39078
6.040803
5.513916
5.428878
5.386603
5.36921
7.162894
7.001187
6.843219
6.687547
6.295695
5.702389
5.604847
5.555249
5.533434
5.526295
7.251437
7.081145
6.913709
6.490116
5.847281
5.738692
5.683361
5.658139
5.648989
7.236655
7.061176
6.618461
5.942981
5.827173
5.767335
5.740158
5.729793
7.136355
6.683821
5.992826
5.872682
5.810846
5.782293
5.771731
9.824771
9.817262
9.770554
9.659726
9.468873
9.725252
9.717911
9.673455
9.564252
9.376085
8.616542
9.501373
9.496226
9.454078
9.350535
9.168524
8.42807
8.000458
9.140998
9.136814
9.100019
9.003401
8.833117
8.124548
7.717023
7.548436
8.645729
8.644923
8.612921
8.527382
8.371235
7.710978
7.33306
7.178474
7.027822
8.079501
8.080135
8.055366
7.980243
7.842297
7.240816
6.901436
6.764051
6.630118
6.501359
7.579691
7.55897
7.494783
7.371463
6.829295
6.525568
6.405492
6.287199
6.173013
6.06414
7.189681
7.131935
7.021578
6.525784
6.251592
6.143459
6.038226
5.935296
5.836212
5.742291
6.90206
6.798769
6.335641
6.079562
5.980186
5.882277
5.787474
5.694908
5.605865
5.521755
6.695465
6.247118
6.000883
5.904576
5.811026
5.719251
5.630475
5.543825
5.460481
5.38161
6.254323
6.007144
5.911397
5.817
5.725657
5.636131
5.549558
5.465112
5.383616
5.181754
6.100204
5.999838
5.90207
5.806121
5.713319
5.622489
5.53466
5.448791
5.235872
4.913363
6.17896
6.072416
5.96903
5.867704
5.769741
5.674026
5.581192
5.348972
4.997878
4.942867
6.339953
6.22338
6.110289
5.999583
5.892566
5.787754
5.526235
5.131043
5.068094
5.038207
6.571068
6.4407
6.314134
6.190334
6.070067
5.767037
5.311208
5.238187
5.20213
5.187815
6.824355
6.678625
6.536856
6.397541
6.047379
5.518902
5.433791
5.390863
5.372333
5.366709
7.00918
6.850642
6.695292
6.30225
5.708082
5.609884
5.560328
5.538033
5.530078
7.089062
6.921156
6.497447
5.852894
5.744248
5.688458
5.663388
5.653889
7.068913
6.625359
5.949115
5.832552
5.772781
5.745304
5.735192
6.690916
5.998524
5.878403
5.816031
5.787655
5.776913
9.838238
9.830341
9.784474
9.672895
9.481308
8.712268
9.737629
9.731258
9.686276
9.577789
9.388746
8.62819
8.187532
9.514344
9.508369
9.467157
9.362929
9.18153
8.439902
8.011238
7.831276
9.152501
9.149451
9.111748
9.015991
8.844859
8.136566
7.728025
7.558023
7.391123
8.657357
8.655904
8.624975
8.538431
8.383072
7.721507
7.344008
7.18841
7.035816
6.887934
8.091159
8.06554
7.991446
7.852379
7.251156
6.910637
6.773799
6.638634
6.507563
6.38176
7.569102
7.504029
7.381582
6.837794
6.534439
6.413506
6.295623
6.180107
6.068726
5.962649
7.141142
7.029888
6.534281
6.258852
6.151251
6.045235
5.94252
5.842174
5.745639
5.65419
6.807134
6.342657
6.086962
5.986683
5.889252
5.793699
5.70123
5.611019
5.524265
5.442041
6.254324
6.007144
5.911398
5.816999
5.725657
5.63613
5.549557
5.465112
5.383616
5.181754
6.013752
5.917347
5.823461
5.731308
5.642171
5.554881
5.47049
5.387936
5.183483
4.873321
6.006294
5.907887
5.812419
5.718826
5.628343
5.539853
5.454012
5.239813
4.914878
4.863555
6.078928
5.974892
5.874023
5.775281
5.679871
5.586389
5.353901
5.001261
4.944414
4.917591
6.230152
6.116361
6.006091
5.898301
5.793767
5.531228
5.135342
5.071515
5.04003
5.027882
6.447863
6.320564
6.197157
6.076119
5.772933
5.315622
5.24256
5.205807
5.19015
5.185798
6.686124
6.543679
6.404684
6.053358
5.524094
5.438342
5.395469
5.37642
5.369751
6.858268
6.70235
6.309152
5.713312
5.615085
5.565067
5.542926
5.534599
6.928711
6.504138
5.858786
5.749389
5.693688
5.668308
5.659057
6.632357
5.954714
5.838167
5.777854
5.750565
5.740264
6.004317
5.883633
5.821421
5.792668
5.7822
9.850678
9.843688
9.797322
9.686444
9.494023
8.724076
8.277349
9.750668
9.743527
9.699386
9.590273
9.401819
8.64018
8.198721
8.011776
9.526049
9.521226
9.479086
9.375656
9.193497
8.452164
8.022566
7.841677
7.663139
9.164345
9.160855
9.124157
9.027402
8.856992
8.147571
7.739471
7.568632
7.400309
7.235971
8.667431
8.635758
8.55014
8.393703
7.73248
7.353962
7.198926
7.045325
6.895518
6.750609
8.076359
8.001322
7.863119
7.260376
6.92031
6.782602
6.647922
6.515644
6.387574
6.264845
7.513845
7.390426
6.846907
6.542321
6.421957
6.303238
6.188079
6.075411
5.966889
5.863641
7.038662
6.541687
6.266679
6.158156
6.052621
5.949148
5.84898
5.751231
5.657243
5.56791
6.350058
6.093408
5.993709
5.895411
5.800291
5.7071
5.61696
5.529085
5.444294
5.233926
6.013753
5.917347
5.823462
5.731307
5.642171
5.55488
5.470489
5.387936
5.183483
4.873321
5.923621
5.829105
5.737419
5.647508
5.560568
5.475492
5.392972
5.187273
4.874665
4.825048
5.914009
5.81793
5.724775
5.633537
5.545358
5.458882
5.244397
4.918013
4.864772
4.839735
5.981063
5.879572
5.781244
5.68509
5.591877
5.35846
5.005167
4.947467
4.918918
4.908126
6.122778
6.011838
5.904438
5.799164
5.536499
5.139284
5.075422
5.043215
5.029556
5.026074
6.327357
6.203243
6.082551
5.778254
5.320262
5.246589
5.209904
5.193675
5.18806
6.550802
6.411147
6.059674
5.528826
5.443083
5.399748
5.380855
5.373767
6.709602
6.315447
5.718811
5.619872
5.569961
5.547498
5.539415
6.510934
5.864174
5.754778
5.698535
5.673358
5.663906
5.960406
5.843303
5.783142
5.755468
5.74545
5.888954
5.826359
5.797875
5.787143
9.863726
9.856019
9.810433
9.698959
9.507115
8.736139
8.288708
8.098475
9.762384
9.756451
9.711441
9.603038
9.413886
8.652553
8.210237
8.022598
7.836896
9.537912
9.53283
9.491714
9.387272
9.205786
8.463455
8.034308
7.852638
7.673148
7.49695
9.172595
9.135358
9.039471
8.868
8.158941
7.74996
7.579678
7.410512
7.244745
7.083213
8.647074
8.560622
8.404966
7.742347
7.364336
7.2085
7.055399
6.904592
6.757779
6.616039
8.011818
7.872598
7.270196
6.928944
6.791857
6.656322
6.524469
6.39522
6.270272
6.150717
7.399807
6.854883
6.550772
6.429474
6.311268
6.195297
6.082937
5.973173
5.867546
5.766725
6.549509
6.273509
6.165598
6.059174
5.956135
5.855235
5.757631
5.662477
5.570678
5.342299
6.100207
5.999837
5.90207
5.806119
5.713319
5.622485
5.534659
5.448791
5.235872
4.913363
5.923622
5.829105
5.737419
5.647508
5.560568
5.475491
5.392971
5.187273
4.874665
4.825048
5.835051
5.742764
5.653279
5.565602
5.480839
5.397663
5.191699
4.877687
4.826105
4.801886
5.823726
5.729988
5.639146
5.550249
5.464049
5.248676
4.921667
4.8676
4.840745
4.830724
5.885409
5.786487
5.690706
5.596784
5.363276
5.008786
4.951021
4.921758
4.909315
4.906371
6.017906
5.909865
5.804937
5.541236
5.143448
5.079022
5.046875
5.032606
5.027679
6.209669
6.088297
5.783907
5.32446
5.250827
5.213692
5.197616
5.19152
6.41789
6.065393
5.533819
5.447413
5.404208
5.384983
5.378129
6.321919
5.723834
5.6249
5.574473
5.552222
5.54392
5.86966
5.759715
5.703609
5.678043
5.668884
5.848527
5.787988
5.760576
5.750285
5.831384
5.802651
5.792276
9.87543
9.868952
9.822552
9.711729
9.51922
8.748553
8.300312
8.109475
7.920395
9.774241
9.768065
9.724138
9.614783
9.426226
8.663982
8.222122
8.033764
7.847339
7.663812
9.544588
9.503116
9.399565
9.217012
8.475047
8.045125
7.864005
7.683728
7.506554
7.332957
9.146888
9.050372
8.879639
8.169266
7.760796
7.589811
7.421145
7.25453
7.091566
6.933091
8.571616
8.41506
7.752799
7.373672
7.218477
7.064583
6.914216
6.766411
6.622793
6.484402
7.882664
7.278876
6.938139
6.800127
6.665153
6.532464
6.403582
6.277485
6.155762
6.038929
6.863345
6.558178
6.437532
6.318421
6.202911
6.089763
5.980261
5.873438
5.770303
5.512849
6.280721
6.172101
6.066236
5.962343
5.861832
5.763523
5.668483
5.575565
5.344696
4.996009
6.006297
5.907886
5.812419
5.718825
5.628342
5.53985
5.45401
5.239813
4.914878
4.863555
5.835052
5.742764
5.653279
5.565601
5.480838
5.397662
5.191698
4.877687
4.826105
4.801886
5.74839
5.658334
5.571042
5.485579
5.402682
5.195826
4.881227
4.82883
4.802742
4.79307
5.735466
5.64407
5.555531
5.468648
5.253218
4.925081
4.870927
4.843372
4.831603
4.828965
5.791998
5.695652
5.602063
5.36759
5.012615
4.954327
4.925087
4.912031
4.907496
5.91559
5.810051
5.546303
5.147198
5.08283
5.050259
5.036124
5.03067
6.094357
5.788965
5.328917
5.254672
5.21768
5.201269
5.195394
6.071361
5.538348
5.451981
5.408291
5.389287
5.382195
5.729005
5.629501
5.579208
5.556582
5.548575
5.764745
5.708265
5.682944
5.673502
5.792921
5.765263
5.755321
5.807513
5.796988
9.887284
9.880555
9.835259
9.723539
9.531572
8.760037
8.312252
8.120736
7.931022
7.744035
9.77982
9.735554
9.627151
9.437589
8.675667
8.233105
8.045292
7.85814
7.67386
7.492776
9.514669
9.410671
9.228887
8.485645
8.05623
7.874487
7.694707
7.516739
7.342143
7.171423
9.06159
8.890162
8.180179
7.770644
7.600279
7.43091
7.264738
7.100923
6.941015
6.785842
8.42564
7.762175
7.38356
7.227466
7.074154
6.923002
6.775579
6.630978
6.490738
6.355195
7.288091
6.946275
6.808933
6.673055
6.54087
6.411171
6.285388
6.162548
6.043599
5.745648
6.566034
6.444603
6.326087
6.209702
6.096966
5.986702
5.880097
5.775813
5.515957
5.124832
6.178964
6.072416
5.969031
5.867702
5.76974
5.674021
5.581189
5.348972
4.997878
4.942866
5.914012
5.81793
5.724775
5.633536
5.545357
5.458879
5.244395
4.918012
4.864772
4.839735
5.748391
5.658334
5.571043
5.485578
5.402682
5.195826
4.881227
4.82883
4.802742
4.793069
5.663649
5.575816
5.490701
5.407139
5.200244
4.884533
4.832054
4.805273
4.793798
4.7913
5.649239
5.560174
5.473612
5.257268
4.928711
4.874048
4.84649
4.834113
4.829782
5.700846
5.60672
5.372228
5.016051
4.957833
4.928195
4.915231
4.910157
5.815439
5.550797
5.151207
5.08627
5.053844
5.039386
5.034128
5.794296
5.332914
5.258753
5.221305
5.205116
5.198991
5.543073
5.456131
5.412594
5.393231
5.386435
5.634235
5.583546
5.561157
5.552874
5.713011
5.687444
5.678334
5.770035
5.759944
5.801785
9.892306
9.846664
9.73592
9.543002
8.771754
8.323303
8.132329
7.941927
7.754275
7.569647
9.747105
9.638277
9.44955
8.686432
8.244333
8.055955
7.869297
7.684283
7.502415
7.324058
9.421922
9.239626
8.496849
8.066389
7.885248
7.704841
7.527316
7.35192
7.18018
7.01262
8.900986
8.190054
7.781049
7.609801
7.440998
7.274124
7.110695
6.949933
6.793329
6.640909
7.772002
7.392437
7.236984
7.082787
6.932159
6.78396
6.639685
6.498475
6.361114
6.016
6.954912
6.816733
6.681467
6.548401
6.419152
6.292572
6.169995
6.049962
5.749724
5.298846
6.452099
6.332823
6.216978
6.103399
5.993501
5.886161
5.782054
5.520773
5.127256
5.066029
6.078931
5.974892
5.874024
5.77528
5.67987
5.586385
5.353899
5.001261
4.944414
4.917591
5.823729
5.729988
5.639147
5.550248
5.464048
5.248673
4.921666
4.8676
4.840745
4.830723
5.66365
5.575816
5.490701
5.407138
5.200243
4.884532
4.832054
4.805273
4.793798
4.7913
5.58083
5.495202
5.411953
5.204172
4.888072
4.835077
4.808294
4.796214
4.791967
5.565044
5.477984
5.261638
4.931955
4.877373
4.849424
4.83711
4.83224
5.611606
5.376327
5.019744
4.960988
4.931496
4.918226
4.913301
5.555532
5.154773
5.089945
5.05709
5.042845
5.037339
5.337123
5.262421
5.225152
5.208619
5.20278
5.460456
5.41651
5.397388
5.390324
5.58801
5.56535
5.557383
5.692034
5.682772
5.764651
9.858214
9.74704
9.554983
8.782601
8.334578
8.143067
7.953159
7.764809
7.579484
7.397504
9.649534
9.46032
8.697759
8.254683
8.066855
7.879627
7.695056
7.512444
7.333276
7.157945
9.250503
8.50699
8.077126
7.8951
7.715245
7.53709
7.362082
7.189537
7.020936
6.855943
8.200213
7.79047
7.619859
7.450183
7.283821
7.119691
6.959259
6.801801
6.647954
6.260759
7.401742
7.245537
7.091925
6.940427
6.792697
6.647657
6.506719
6.368401
6.021208
5.499378
6.825009
6.688927
6.556415
6.42631
6.300128
6.176778
6.056959
5.755295
5.30203
5.23147
6.339957
6.22338
6.110289
5.999581
5.892564
5.787749
5.526232
5.131043
5.068094
5.038207
5.981066
5.879572
5.781244
5.685089
5.591876
5.358456
5.005166
4.947468
4.918918
4.908125
5.735468
5.64407
5.555531
5.468647
5.253218
4.92508
4.870926
4.843372
4.831603
4.828965
5.580831
5.495202
5.411953
5.204172
4.888072
4.835076
4.808294
4.796214
4.791967
5.499926
5.416192
5.208415
4.891229
4.83832
4.811136
4.799118
4.794332
5.482564
5.265492
4.935454
4.880355
4.852556
4.839936
4.835184
5.380626
5.023016
4.964379
4.934475
4.92141
4.916247
5.158527
5.093225
5.060557
5.045982
5.040745
5.266277
5.228618
5.212336
5.206233
5.420586
5.401175
5.394421
5.569664
5.561518
5.687299
9.758299
9.565753
8.793965
8.34502
8.154023
7.963572
7.775665
7.589632
7.406924
7.227897
9.471216
8.707968
8.265567
8.07691
7.890187
7.70504
7.522819
7.342898
7.166727
6.993799
8.517268
8.08685
7.905508
7.724779
7.547124
7.371483
7.199271
7.029861
6.863808
6.445656
7.800166
7.628973
7.459882
7.292658
7.128985
6.967856
6.810673
6.655972
6.267012
5.680325
7.254497
7.100144
6.949177
6.800594
6.655968
6.514279
6.37618
6.027625
5.503468
5.4207
6.696836
6.563532
6.433926
6.306915
6.183914
6.063346
5.761426
5.306396
5.234242
5.19963
6.230155
6.116361
6.006092
5.898299
5.793766
5.531223
5.13534
5.071515
5.04003
5.027882
5.885412
5.786487
5.690706
5.596783
5.363275
5.008784
4.95102
4.921758
4.909315
4.906371
5.649241
5.560174
5.473612
5.257267
4.928711
4.874046
4.846489
4.834113
4.829782
5.499927
5.416192
5.208416
4.891229
4.83832
4.811136
4.799118
4.794332
5.420635
5.212157
4.894637
4.841223
4.814191
4.801856
4.797184
5.26953
4.938548
4.88357
4.855372
4.842957
4.837964
5.026448
4.967393
4.937676
4.92429
4.919383
5.09667
5.063659
5.049333
5.043836
5.232254
5.215689
5.209896
5.405114
5.398156
5.565772
9.576657
8.804192
8.355955
8.164175
7.974195
7.785739
7.600098
7.416672
7.236887
7.060172
8.718301
8.275387
8.08748
7.899935
7.715246
7.532443
7.352859
7.175929
7.002133
6.564613
8.096709
7.914942
7.734845
7.556327
7.381134
7.208287
7.039155
6.872289
6.45269
5.81721
7.638351
7.468678
7.301986
7.137464
6.976738
6.818863
6.664382
6.274135
5.685279
5.589897
7.108752
6.957056
6.808949
6.663489
6.522161
6.383326
6.034484
5.508513
5.424314
5.383299
6.571072
6.440698
6.314135
6.190331
6.070065
5.767032
5.311206
5.238187
5.202129
5.187814
6.122781
6.011838
5.904438
5.799162
5.536498
5.139281
5.07542
5.043215
5.029556
5.026074
5.792001
5.695652
5.602063
5.367588
5.012614
4.954325
4.925086
4.912031
4.907496
5.565046
5.477984
5.261638
4.931955
4.877373
4.849423
4.837109
4.83224
5.420635
5.212157
4.894637
4.841222
4.814191
4.801855
4.797184
5.216077
4.897649
4.844355
4.816932
4.804802
4.799877
4.941789
4.886423
4.858408
4.845679
4.840938
4.970547
4.940528
4.927383
4.92222
5.066911
5.052335
5.047138
5.219203
5.213204
5.402039
8.814551
8.365806
8.174804
7.984046
7.796017
7.60982
7.426733
7.24622
7.068718
6.622023
8.285329
8.097025
7.910178
7.724673
7.542281
7.36211
7.185463
7.0109
6.572108
5.90557
7.924508
7.743978
7.566039
7.389993
7.217542
7.047774
6.881133
6.460285
5.822835
5.716906
7.477728
7.310453
7.146411
6.98485
6.827325
6.672156
6.281613
5.690928
5.594314
5.546391
6.965302
6.81648
6.671445
6.529303
6.390777
6.040796
5.513914
5.428878
5.386602
5.36921
6.447867
6.320562
6.197157
6.076116
5.772931
5.315619
5.242558
5.205807
5.19015
5.185798
6.017909
5.909865
5.804937
5.541234
5.143447
5.079019
5.046874
5.032606
5.027679
5.700849
5.60672
5.372228
5.01605
4.957832
4.928193
4.91523
4.910157
5.482566
5.265492
4.935454
4.880354
4.852555
4.839934
4.835183
5.216078
4.897648
4.844356
4.816932
4.804802
4.799876
4.900805
4.847134
4.819891
4.807451
4.802777
4.889404
4.861109
4.848613
4.843619
4.943508
4.930145
4.925268
5.055479
5.0501
5.216667
8.375786
8.184388
7.994356
7.805553
7.619737
7.436088
7.255862
7.077622
6.629729
5.948334
8.106689
7.919436
7.734576
7.551375
7.371567
7.194328
7.019995
6.580003
5.91161
5.798447
7.753239
7.574858
7.399339
7.226046
7.056623
6.889343
6.46821
5.828921
5.721949
5.668067
7.319163
7.154539
6.993405
6.835061
6.68019
6.288536
5.696869
5.599435
5.550462
5.529563
6.824358
6.678622
6.536856
6.397537
6.047376
5.518897
5.433789
5.390863
5.372332
5.366709
6.32736
6.203242
6.082551
5.778252
5.320261
5.246585
5.209903
5.193675
5.18806
5.915592
5.81005
5.546303
5.147197
5.082829
5.050257
5.036123
5.03067
5.611609
5.376326
5.019744
4.960988
4.931496
4.918224
4.9133
5.269531
4.938548
4.88357
4.855371
4.842957
4.837962
4.900805
4.847134
4.819891
4.807451
4.802777
4.850038
4.822522
4.810311
4.805387
4.863926
4.851228
4.84651
4.933026
4.927992
5.053199
8.194096
8.00366
7.81553
7.628946
7.445632
7.264836
7.086829
6.63777
5.95457
5.837788
7.92881
7.743535
7.560924
7.380315
7.20339
7.028459
6.588196
5.917985
5.803883
5.745834
7.583802
7.407832
7.235012
7.064761
6.897774
6.475576
5.835278
5.727479
5.672737
5.648702
7.162899
7.001185
6.843217
6.687543
6.295691
5.702382
5.604844
5.55525
5.533433
5.526294
6.686127
6.543676
6.404684
6.053356
5.524093
5.438338
5.395468
5.376421
5.36975
6.209672
6.088296
5.783907
5.324458
5.250826
5.213689
5.197614
5.191519
5.815442
5.550797
5.151208
5.086268
5.053843
5.039384
5.034127
5.380628
5.023016
4.964379
4.934475
4.92141
4.916246
4.94179
4.886423
4.858408
4.845678
4.840937
4.850038
4.822522
4.810311
4.805387
4.825267
4.812859
4.808204
4.853953
4.84909
4.930833
8.013087
7.824542
7.638575
7.454499
7.273993
7.095409
6.646088
5.961089
5.843411
5.783254
7.752607
7.569571
7.389496
7.21178
7.037114
6.595831
5.924607
5.809685
5.750882
5.724614
7.416447
7.243168
7.073336
6.905534
6.483141
5.841199
5.733274
5.677916
5.653157
5.644625
7.009185
6.850639
6.695291
6.302247
5.708079
5.609878
5.560326
5.538033
5.530077
6.550805
6.411144
6.059673
5.528824
5.443081
5.399745
5.380853
5.373767
6.09436
5.788964
5.328917
5.25467
5.217679
5.201266
5.195393
5.555534
5.154773
5.089945
5.057089
5.042844
5.037337
5.026449
4.967393
4.937676
4.924289
4.919382
4.889405
4.861109
4.848613
4.843619
4.825267
4.812859
4.808204
4.815513
4.810717
4.851775
7.833675
7.647284
7.463768
7.282505
7.104164
6.653848
5.967837
5.849349
5.788483
5.761073
7.57833
7.397819
7.22058
7.045132
6.603638
5.930788
5.815729
5.756322
5.72944
5.719908
7.251443
7.081144
6.913706
6.490111
5.847278
5.738687
5.683358
5.658139
5.648988
6.858272
6.702348
6.309151
5.713309
5.615082
5.565061
5.542923
5.534599
6.417893
6.065391
5.533819
5.447411
5.404207
5.384979
5.378128
5.794299
5.332913
5.258753
5.221304
5.205115
5.198988
5.158529
5.093225
5.060558
5.045981
5.040744
4.970548
4.940528
4.927383
4.92222
4.863927
4.851228
4.84651
4.815513
4.810717
4.813333
7.65611
7.472159
7.291399
7.112308
6.661766
5.974143
5.855513
5.794054
5.766078
5.756032
7.406251
7.228567
7.053537
6.610877
5.937109
5.821385
5.762003
5.734677
5.724639
7.089068
6.921154
6.497445
5.852891
5.744245
5.688452
5.663385
5.653889
6.709606
6.315445
5.71881
5.619869
5.569959
5.547493
5.539413
6.071363
5.538347
5.45198
5.408289
5.389285
5.382192
5.337125
5.262421
5.225152
5.208618
5.202779
5.096671
5.063659
5.049333
5.043835
4.94351
4.930144
4.925268
4.853954
4.84909
4.813333
7.480666
7.299461
7.120812
6.669136
5.980579
5.861287
5.79985
5.771442
5.760941
7.236661
7.061175
6.618458
5.942977
5.82717
5.767329
5.740155
5.729793
6.928717
6.504137
5.858784
5.749386
5.693686
5.668303
5.659055
6.321922
5.723833
5.624899
5.57447
5.55222
5.543915
5.543075
5.45613
5.412594
5.39323
5.386434
5.266278
5.228617
5.212336
5.206232
5.066912
5.052335
5.047138
4.933027
4.927992
4.851776
7.307635
7.128532
6.676827
5.986576
5.867181
5.805289
5.777033
5.766221
7.068918
6.625358
5.949113
5.832549
5.772779
5.745299
5.735189
6.51094
5.864173
5.754776
5.698532
5.673356
5.663901
5.729007
5.629499
5.579208
5.556581
5.548573
5.460457
5.416509
5.397388
5.390322
5.232255
5.215689
5.209896
5.05548
5.050099
4.930834
7.13636
6.683821
5.992824
5.872679
5.810843
5.782287
5.771728
6.632361
5.954713
5.838165
5.77785
5.750563
5.740259
5.869664
5.759714
5.703608
5.67804
5.668881
5.634237
5.583545
5.561156
5.552872
5.420588
5.401174
5.394421
5.219204
5.213203
5.0532
6.69092
5.998524
5.878401
5.816028
5.787653
5.776908
5.960409
5.843302
5.783141
5.755465
5.745448
5.764748
5.708264
5.682943
5.6735
5.588012
5.565349
5.557382
5.405115
5.398155
5.216668
6.00432
5.883633
5.821419
5.792665
5.782197
5.84853
5.787988
5.760575
5.750282
5.713014
5.687444
5.678332
5.569666
5.561517
5.40204
5.888957
5.826358
5.797873
5.78714
5.792924
5.765263
5.755319
5.692036
5.682771
5.565773
5.831386
5.802651
5.792275
5.770037
5.759943
5.687301
5.807515
5.796988
5.764653
5.801787
)
;

boundaryField
{
    cathodeSides
    {
        type            zeroGradient;
    }
    electrolyteSides
    {
        type            zeroGradient;
    }
    anodeSides
    {
        type            zeroGradient;
    }
    phiI_to_phiI0
    {
        type            zeroGradient;
    }
    procBoundary1to0
    {
        type            processor;
        value           nonuniform List<scalar> 
400
(
9.763217
9.652122
9.769451
9.420208
9.658909
9.737685
9.054615
9.428086
9.628522
9.641099
8.559675
9.064043
9.400488
9.53429
9.463517
7.997487
8.57088
9.040628
9.31109
9.360058
8.707032
7.501626
8.010192
8.552748
8.958667
9.1438
8.612813
8.272246
7.133329
7.514968
7.997495
8.480578
8.80222
8.416314
8.183868
8.093592
6.898541
7.146629
7.506313
7.936124
8.33876
8.107268
7.999868
8.008302
7.915741
6.785812
6.911516
7.140438
7.454038
7.811058
7.690964
7.71142
7.830809
7.83362
7.739619
6.785813
6.79852
6.906589
7.094663
7.34391
7.222131
7.324933
7.552809
7.662797
7.66074
7.565476
6.898543
6.79852
6.794084
6.864811
6.995851
6.81249
6.893001
7.180905
7.395492
7.496736
7.489914
7.393587
7.133332
6.911518
6.794084
6.754162
6.773328
6.510894
6.518739
6.76619
7.038449
7.240332
7.332874
7.321413
7.224241
7.501628
7.146631
6.906591
6.754163
6.66622
6.319687
6.245044
6.407607
6.641135
6.89835
7.087564
7.171473
7.155521
7.056783
7.997489
7.51497
7.140441
6.864812
6.666221
6.228072
6.07225
6.145758
6.298252
6.518501
6.760807
6.937428
7.012803
6.991599
6.618918
8.559678
8.010194
7.506315
7.094666
6.773329
6.228073
5.989625
5.980548
6.048157
6.191209
6.398423
6.626011
6.79016
6.856257
6.562574
5.945743
9.054618
8.570883
7.997498
7.45404
6.995853
6.319688
5.989625
5.90156
5.890421
5.952672
6.086551
6.281025
6.49414
6.6452
6.445856
5.903827
5.835643
9.42021
9.064045
8.552751
7.936127
7.343911
6.510897
6.072251
5.90156
5.815004
5.802239
5.859341
5.984342
6.16641
6.364688
6.26447
5.817232
5.797103
5.781419
9.652123
9.428088
9.04063
8.480581
7.81106
6.812492
6.245046
5.980549
5.815004
5.730299
5.716018
5.768186
5.884624
6.05413
6.024273
5.683093
5.717234
5.744775
5.759431
9.763218
9.65891
9.40049
8.958669
8.338763
7.222133
6.51874
6.14576
5.890422
5.730299
5.647452
5.631763
5.679217
5.787002
5.758919
5.50571
5.592839
5.668632
5.723737
5.75448
9.769452
9.628523
9.311092
8.802222
7.690967
6.893003
6.407608
6.048158
5.80224
5.647453
5.566461
5.549468
5.592083
5.530606
5.309128
5.427065
5.549501
5.649427
5.719118
9.737686
9.534291
9.143801
8.107271
7.324935
6.766192
6.298254
5.952674
5.716019
5.566462
5.487316
5.468812
5.363551
5.138753
5.241667
5.389768
5.532806
5.645432
9.641099
9.360059
8.416316
7.711423
7.180908
6.641137
6.19121
5.859342
5.631764
5.487316
5.40971
5.257542
5.012855
5.079784
5.209885
5.375792
5.529614
9.463518
8.612814
7.99987
7.552812
7.038451
6.518503
6.086553
5.768187
5.549469
5.40971
5.206585
4.932234
4.959496
5.051992
5.198172
5.373367
8.707033
8.183869
7.83081
7.395494
6.898352
6.398425
5.984343
5.679219
5.468813
5.206585
4.893245
4.882182
4.934236
5.041769
5.196237
8.272246
8.008303
7.662798
7.240334
6.760809
6.281026
5.884626
5.592085
5.257542
4.893246
4.844713
4.85837
4.924875
5.04005
8.093593
7.833621
7.496737
7.087566
6.626012
6.166412
5.787003
5.363552
4.932234
4.844713
4.821553
4.849465
4.923217
7.915742
7.660741
7.332875
6.93743
6.494141
6.054131
5.530607
5.012855
4.882183
4.821553
4.812844
4.847808
7.73962
7.489915
7.171474
6.790161
6.364689
5.75892
5.138753
4.959497
4.85837
4.812844
4.811176
7.565477
7.321414
7.012804
6.645201
6.024274
5.309129
5.079785
4.934236
4.849466
4.811176
7.393588
7.155522
6.856258
6.264471
5.505711
5.241667
5.051993
4.924875
4.847808
7.224242
6.9916
6.445856
5.683094
5.427066
5.209885
5.041769
4.923217
7.056783
6.562575
5.817232
5.592839
5.389769
5.198172
5.040051
6.618919
5.903827
5.717235
5.549502
5.375792
5.196238
5.945744
5.797103
5.668632
5.532807
5.373368
5.835643
5.744775
5.649428
5.529614
5.781419
5.723737
5.645433
5.759431
5.719118
5.75448
)
;
    }
    procBoundary1to2
    {
        type            processor;
        value           nonuniform List<scalar> 
400
(
9.897834
9.784716
9.902766
9.548211
9.790203
9.868496
9.17435
9.554797
9.757311
9.768326
8.666894
9.182511
9.5247
9.659484
9.586374
8.088353
8.676882
9.156627
9.431695
9.480852
8.823793
7.57533
8.099931
8.656349
9.071067
9.259957
8.727453
8.384698
7.192425
7.587659
8.084963
8.580627
8.910136
8.526217
8.294143
8.202772
6.947377
7.204834
7.576912
8.020158
8.434313
8.208823
8.105304
8.115262
8.021516
6.829386
6.959573
7.196749
7.521399
7.890657
7.780083
7.808395
7.932853
7.937133
7.841847
6.829386
6.841387
6.952924
7.147967
7.407014
7.295435
7.409407
7.646317
7.761324
7.760668
7.664013
6.947377
6.841387
6.835334
6.908345
7.045149
6.869871
6.961807
7.261884
7.485421
7.591617
7.586117
7.488288
7.192425
6.959573
6.835334
6.792736
6.813092
6.555315
6.572104
6.831617
7.115852
7.326575
7.423982
7.413754
7.314965
7.57533
7.204834
6.952924
6.792736
6.701167
6.355355
6.286087
6.457888
6.703153
6.972109
7.170019
7.258687
7.243868
7.143385
8.088352
7.587658
7.196749
6.908345
6.701167
6.259377
6.105085
6.184064
6.345464
6.577094
6.830866
7.016006
7.09601
7.075818
6.6973
8.666893
8.09993
7.576912
7.147966
6.813092
6.259377
6.018398
6.010924
6.083768
6.235382
6.453593
6.692331
6.864786
6.935348
6.638611
6.009541
9.174351
8.676881
8.084962
7.521398
7.045148
6.355355
6.018398
5.928024
5.918392
5.985643
6.12773
6.33279
6.556701
6.715805
6.516916
5.965505
5.893756
9.548215
9.182512
8.656348
8.020157
7.407014
6.555315
6.105085
5.928024
5.839217
5.827867
5.889735
6.022583
6.214807
6.423478
6.327468
5.874503
5.853212
5.835921
9.784718
9.554801
9.156628
8.580626
7.890656
6.86987
6.286087
6.010924
5.839217
5.752323
5.739371
5.796074
5.919997
6.099202
6.076318
5.733456
5.76919
5.797347
5.811905
9.897836
9.790205
9.524704
9.071068
8.434312
7.295433
6.572103
6.184063
5.918392
5.752323
5.667356
5.652914
5.70468
5.819582
5.798568
5.547016
5.638315
5.717207
5.774317
5.806119
9.902767
9.757313
9.431698
8.910136
7.780081
6.961806
6.457886
6.083767
5.827867
5.667356
5.584317
5.568497
5.615204
5.559178
5.340509
5.464064
5.591858
5.696092
5.768876
9.868498
9.659486
9.25996
8.208823
7.409405
6.831616
6.345463
5.985643
5.739371
5.584317
5.5032
5.485802
5.383796
5.161428
5.269371
5.423985
5.573384
5.691302
9.768328
9.480853
8.526219
7.808395
7.261882
6.703152
6.235381
5.889734
5.652914
5.5032
5.423704
5.272389
5.028986
5.099317
5.235164
5.408397
5.56944
9.586375
8.727454
8.105307
7.646317
7.115851
6.577093
6.127729
5.796073
5.568497
5.423703
5.21879
4.944093
4.972861
5.069397
5.22201
5.405274
8.823794
8.294144
7.932856
7.485421
6.972108
6.453592
6.022582
5.704679
5.485802
5.21879
4.902998
4.891502
4.945678
5.057873
5.219431
8.384698
8.115263
7.761326
7.326574
6.830864
6.332789
5.919996
5.615203
5.272389
4.902998
4.852034
4.865891
4.935113
5.055554
8.202773
7.937133
7.591619
7.170019
6.692329
6.214806
5.819581
5.383795
4.944093
4.852034
4.827134
4.85584
4.932883
8.021516
7.760668
7.423984
7.016005
6.556699
6.099201
5.559178
5.028986
4.891502
4.827134
4.817305
4.853628
7.841847
7.586118
7.258688
6.864785
6.423477
5.798567
5.161427
4.972861
4.865891
4.817305
4.815092
7.664013
7.413755
7.096012
6.715804
6.076317
5.340509
5.099316
4.945678
4.85584
4.815092
7.488288
7.243868
6.935349
6.327468
5.547016
5.26937
5.069397
4.935113
4.853628
7.314965
7.075818
6.516917
5.733456
5.464063
5.235163
5.057873
4.932883
7.143386
6.638611
5.874504
5.638315
5.423985
5.222009
5.055553
6.6973
5.965505
5.76919
5.591858
5.408396
5.21943
6.009541
5.853213
5.717207
5.573384
5.405274
5.893756
5.797347
5.696093
5.56944
5.835921
5.774317
5.691303
5.811905
5.768876
5.806119
)
;
    }
}
)

// processor2

43265
(dimensions      [0 0 0 0 0 0 0];

internalField   nonuniform List<scalar> 
4000
(
9.897834
9.784716
9.90937
9.902766
9.548211
9.796252
9.790203
9.919992
9.914204
9.868496
9.17435
9.559719
9.554797
9.806833
9.801641
9.757311
9.931578
9.924737
9.879741
9.768326
8.666894
9.185801
9.182511
9.570217
9.566207
9.5247
9.818392
9.812133
9.768554
9.659484
9.942144
9.936225
9.8901
9.779292
9.586374
8.088353
8.678178
8.676882
9.19609
9.193864
9.156627
9.581687
9.576618
9.535913
9.431695
9.828918
9.823595
9.778872
9.670445
9.480852
9.953527
9.946704
9.901397
9.789401
9.596998
8.823793
7.57533
8.099268
8.099931
8.688161
8.68807
8.656349
9.207434
9.204067
9.16778
9.071067
9.592124
9.58799
9.546149
9.44262
9.259957
9.840303
9.834035
9.790141
9.680511
9.491467
8.727453
9.963817
9.957994
9.911705
9.80042
9.606801
8.833888
8.384698
7.192425
7.585768
7.587659
8.108793
8.110757
8.084963
8.699253
8.697971
8.667338
8.580627
9.217565
9.215315
9.177809
9.081924
8.910136
9.603499
9.598341
9.557328
9.4526
9.270526
8.526217
9.850605
9.845325
9.800409
9.6915
9.501223
8.737522
8.294143
9.97486
9.968201
9.922808
9.81048
9.617481
8.843206
8.394426
8.202772
6.947377
7.202354
7.204834
7.594793
7.598017
7.576912
8.119458
8.120206
8.095593
8.020158
8.708978
8.708971
8.677066
8.591311
8.434313
9.228794
9.225363
9.188863
9.091695
8.920621
8.208823
9.613728
9.609621
9.567507
9.463496
9.28019
8.536206
8.105304
9.861671
9.855544
9.811512
9.701519
9.511869
8.746782
8.303833
8.115262
9.984673
9.979154
9.93285
9.821315
9.62724
8.85335
8.403409
8.21224
8.021516
6.829386
6.956899
6.959573
7.210939
7.214695
7.196749
7.604945
7.606976
7.587083
7.521399
8.128624
8.130787
8.104876
8.030477
7.890657
8.719956
8.718617
8.687873
8.600778
8.444604
7.780083
9.238696
9.236497
9.19874
9.10246
8.930067
8.21867
7.808395
9.624792
9.619767
9.578597
9.473423
9.290736
8.545347
8.114891
7.932853
9.871512
9.86652
9.821565
9.71235
9.521583
8.756878
8.312749
8.124685
7.937133
9.995476
9.988889
9.943626
9.831119
9.637746
8.862625
8.413183
8.220989
8.030712
7.841847
6.829386
6.838677
6.841387
6.96513
6.969039
6.952924
7.220629
7.223223
7.206435
7.147967
7.613535
7.617053
7.595884
7.53126
7.407014
8.139122
8.139881
8.115268
8.039497
7.900565
7.295435
8.729545
8.729503
8.697353
8.61129
8.453735
7.789649
7.409407
9.249643
9.246318
9.209683
9.112085
8.94047
8.227551
7.817798
7.646317
9.634425
9.63074
9.588575
9.484235
9.30035
8.555315
8.123667
7.94216
7.761324
9.882315
9.876282
9.832361
9.722162
9.53208
8.766096
8.322465
8.133362
7.946277
7.760668
9.999605
9.953207
9.841638
9.647261
8.872607
8.422124
8.230503
8.039216
7.85076
7.664013
6.947377
6.838676
6.841387
6.846705
6.850628
6.835334
6.974506
6.97722
6.962228
6.908345
7.228722
7.232849
7.214815
7.157349
7.045149
7.623455
7.62558
7.605783
7.539799
7.416448
6.869871
8.148184
8.150295
8.124204
8.049593
7.909237
7.304511
6.961807
8.740289
8.739015
8.708049
8.620519
8.463869
7.798147
7.418469
7.261884
9.259073
9.257174
9.21934
9.122746
8.949779
8.237324
7.826284
7.655419
7.485421
9.645107
9.640296
9.599366
9.493968
9.310819
8.564407
8.133234
7.950686
7.770339
7.591617
9.886998
9.841967
9.732697
9.541598
8.776054
8.33134
8.142812
7.954704
7.769523
7.586117
9.963751
9.850996
9.657467
8.881654
8.431745
8.239212
8.048459
7.859007
7.67263
7.488288
7.192425
6.956897
6.959573
6.846701
6.850628
6.835334
6.855916
6.858613
6.844422
6.792736
6.982242
6.986541
6.970271
6.917354
6.813092
7.238135
7.240889
7.224274
7.165471
7.0541
6.555315
7.631866
7.635427
7.614162
7.549403
7.42463
6.878383
6.572104
8.158516
8.159286
8.134435
8.05828
7.918939
7.312468
6.970319
6.831617
8.749559
8.749671
8.717397
8.630926
8.472775
7.807573
7.426528
7.270619
7.115852
9.269619
9.266529
9.230011
9.132157
8.960084
8.246078
7.835619
7.66364
7.49421
7.326575
9.650892
9.608767
9.504493
9.32025
8.574304
8.141964
7.959976
7.778605
7.600329
7.423982
9.85251
9.742078
9.551815
8.785088
8.340926
8.15145
7.963877
7.777687
7.59467
7.413754
9.861292
9.666555
8.891357
8.440469
8.248581
8.056924
7.867966
7.680609
7.496597
7.314965
7.57533
7.202351
7.204834
6.965118
6.969037
6.952924
6.855914
6.858609
6.844421
6.792736
6.863476
6.867773
6.852274
6.801535
6.701167
6.991286
6.994232
6.979434
6.925146
6.821672
6.355355
7.24596
7.25024
7.232176
7.17464
7.06186
6.563296
6.286087
7.641661
7.643776
7.623836
7.557538
7.433829
6.885778
6.580009
6.457888
8.167381
8.169536
8.143269
8.068222
7.927297
7.321366
6.977789
6.83978
6.703153
8.759894
8.758866
8.727868
8.640027
8.482812
7.815868
7.435464
7.278395
7.12425
6.972109
9.276989
9.239211
9.142557
8.969192
8.255763
7.843987
7.672681
7.502157
7.335041
7.170019
9.619189
9.513669
9.330446
8.583226
8.151464
7.968459
7.787607
7.608323
7.432379
7.258687
9.75237
9.560919
8.794787
8.349626
8.160777
7.972267
7.786571
7.602562
7.421992
7.243868
9.676549
8.900004
8.449826
8.257081
8.06603
7.876176
7.689271
7.504295
7.322954
7.143385
8.088352
7.585764
7.587658
7.210923
7.214692
7.196749
6.9745
6.977209
6.962226
6.908345
6.863473
6.867771
6.85227
6.801535
6.701167
6.87232
6.875293
6.861282
6.809142
6.709541
6.259377
6.998712
7.003223
6.986996
6.934023
6.829104
6.362948
6.105085
7.255244
7.258013
7.241366
7.182305
7.070618
6.570225
6.293449
6.184064
7.649974
7.653499
7.63204
7.566927
7.441631
6.894089
6.586885
6.465436
6.345464
8.177398
8.178331
8.153339
8.07681
7.936856
7.329043
6.986139
6.846953
6.710961
6.577094
8.769118
8.736907
8.650219
8.491599
7.825209
7.443334
7.287014
7.131735
6.980162
6.830866
9.249498
9.151528
8.979251
8.264331
7.85324
7.68079
7.510892
7.342703
7.178152
7.016006
9.523838
9.339344
8.592871
8.160033
7.977687
7.795831
7.617025
7.44009
7.266758
7.09601
9.570904
8.803434
8.358966
8.169247
7.981324
7.794701
7.611143
7.429599
7.25178
7.075818
8.909511
8.458171
8.266199
8.074296
7.885006
7.697215
7.512649
7.33036
7.15104
6.6973
8.666893
8.099263
8.09993
7.594778
7.598014
7.576912
7.22062
7.223207
7.206433
7.147966
6.982231
6.986536
6.970259
6.917352
6.813092
6.872319
6.875289
6.86128
6.809138
6.709541
6.259377
6.879567
6.884089
6.868679
6.817868
6.71679
6.266763
6.018398
7.007612
7.010604
6.995837
6.941355
6.837568
6.369534
6.112062
6.010924
7.263048
7.267234
7.249006
7.191216
7.077948
6.578043
6.299847
6.191074
6.083768
7.659576
7.66175
7.641592
7.574892
7.45063
6.90115
6.594611
6.47201
6.352655
6.235382
8.18827
8.161981
8.086599
7.945122
7.337817
6.993353
6.854968
6.717832
6.584545
6.453593
8.746986
8.659022
8.501434
7.833395
7.452193
7.294612
7.140028
6.987349
6.838567
6.692331
9.161558
8.987938
8.273791
7.861432
7.689755
7.518733
7.351121
7.185521
7.023796
6.864786
9.349203
8.601299
8.169297
7.986015
7.804776
7.62498
7.44848
7.274175
7.103745
6.935348
8.812918
8.3673
8.178341
7.989553
7.803476
7.619001
7.437866
7.25909
7.083391
6.638611
8.467341
8.274334
8.083162
7.893027
7.705756
7.520313
7.338391
7.158141
6.704245
6.009541
9.174351
8.678171
8.676881
8.108777
8.110752
8.084962
7.604932
7.606961
7.58708
7.521398
7.228703
7.23284
7.214799
7.157346
7.045148
6.991282
6.994221
6.979428
6.925135
6.821671
6.355355
6.87957
6.884087
6.868675
6.817866
6.716786
6.266762
6.018398
6.888265
6.891295
6.877331
6.825037
6.725103
6.273164
6.025174
5.928024
7.015036
7.019451
7.003095
6.949924
6.844567
6.377032
6.118119
6.017558
5.918392
7.272202
7.274984
7.258069
7.198628
7.086467
6.584599
6.307064
6.197173
6.090429
5.985643
7.671281
7.649699
7.584165
7.458272
6.909289
6.601183
6.479394
6.358926
6.242217
6.12773
8.171748
8.095002
7.954539
7.345413
7.001592
6.8619
6.725506
6.591109
6.460685
6.33279
8.668837
8.509936
7.842555
7.459962
7.30316
7.147345
6.995307
6.845448
6.699675
6.556701
8.997646
8.281972
7.870477
7.697698
7.527398
7.358684
7.193612
7.030862
6.872226
6.715805
8.610634
8.177399
7.99502
7.812853
7.633629
7.456154
7.282242
7.110857
6.942735
6.516916
8.376437
8.186458
7.998388
7.811453
7.627481
7.445441
7.267031
7.090393
6.645464
5.965505
8.283273
8.091079
7.90163
7.71352
7.528552
7.345763
7.165836
6.710691
6.015216
5.893756
9.548215
9.185794
9.182512
8.688142
8.688063
8.656348
8.119441
8.120191
8.095588
8.020157
7.613507
7.61704
7.59587
7.531256
7.407014
7.238129
7.24087
7.224265
7.165456
7.054098
6.555315
6.998725
7.003218
6.986985
6.934018
6.829094
6.362947
6.105085
6.888261
6.891298
6.877329
6.825034
6.725101
6.273161
6.025174
5.928024
6.895463
6.899945
6.884419
6.833423
6.731941
6.280503
6.031053
5.934464
5.839217
7.023848
7.026828
7.011794
6.956962
6.852744
6.383245
6.125014
6.023325
5.924689
5.827867
7.284077
7.265683
7.207417
7.093559
6.592213
6.313125
6.204053
6.096233
5.991961
5.889735
7.659063
7.592036
7.467165
6.916211
6.608755
6.485683
6.365968
6.248186
6.134213
6.022583
8.104499
7.962629
7.354063
7.008731
6.869812
6.73215
6.598439
6.466941
6.339522
6.214807
8.519415
7.850482
7.468655
7.310663
7.155573
7.002335
6.853064
6.706244
6.563684
6.423478
8.291112
7.878305
7.706465
7.535081
7.367038
7.200886
7.038616
6.87898
6.722886
6.327468
8.186371
8.002901
7.821585
7.641443
7.464495
7.289623
7.118591
6.949532
6.523565
5.874503
8.195358
8.00628
7.820018
7.635194
7.453613
7.274309
7.097993
6.651804
5.971083
5.853212
8.099776
7.909318
7.721847
7.536047
7.353689
7.172904
6.71767
6.020485
5.898973
5.835921
9.784718
9.559712
9.554801
9.19607
9.193857
9.156628
8.69923
8.697953
8.667331
8.580626
8.12859
8.13077
8.10486
8.030473
7.890656
7.623447
7.625553
7.60577
7.539785
7.416446
6.86987
7.245994
7.250233
7.232157
7.174631
7.061846
6.563294
6.286087
7.007602
7.010617
6.995832
6.941345
6.837563
6.369525
6.112061
6.010924
6.895442
6.899942
6.884421
6.833421
6.731938
6.280502
6.03105
5.934464
5.839217
6.904104
6.907101
6.892927
6.840295
6.739937
6.286552
6.037789
5.940058
5.845327
5.752323
7.035587
7.019043
6.965395
6.859468
6.390499
6.130736
6.029887
5.930169
5.833834
5.739371
7.274619
7.214803
7.101966
6.598563
6.32016
6.209837
6.102777
5.997472
5.895715
5.796074
7.60113
7.474718
6.924262
6.615201
6.492926
6.371973
6.254887
6.139881
6.028718
5.919997
7.971773
7.361502
7.016859
6.876673
6.73973
6.604792
6.473924
6.345469
6.221182
6.099202
7.859321
7.476182
7.319055
7.1628
7.010234
6.859797
6.713513
6.569938
6.430097
6.076318
7.887051
7.71406
7.54356
7.374451
7.208918
7.045593
6.886389
6.729321
6.333795
5.733456
8.011627
7.829236
7.649892
7.472036
7.297645
7.125668
6.95692
6.529688
5.879877
5.76919
8.014931
7.827673
7.643477
7.46105
7.282162
7.104964
6.65868
5.976247
5.858338
5.797347
7.91776
7.729294
7.544086
7.360901
7.180502
6.724083
6.026182
5.903822
5.840851
5.811905
9.897836
9.796244
9.790205
9.570197
9.5662
9.524704
9.207401
9.204047
9.167774
9.071068
8.708941
8.708948
8.677048
8.591305
8.434312
8.139111
8.139847
8.115252
8.039483
7.900561
7.295433
7.631919
7.635419
7.614135
7.549391
7.424617
6.878381
6.572103
7.255228
7.258046
7.24136
7.182286
7.07061
6.570212
6.293447
6.184063
7.01497
7.019441
7.003108
6.94992
6.844557
6.377028
6.118111
6.017558
5.918392
6.904107
6.90708
6.892924
6.840297
6.739936
6.286549
6.037788
5.940055
5.845326
5.752323
6.915692
6.899962
6.848542
6.746496
6.293621
6.04335
5.946466
5.850639
5.75811
5.667356
7.027655
6.972423
6.86752
6.396475
6.137412
6.03534
5.936403
5.839032
5.745015
5.652914
7.223472
7.109035
6.606085
6.326035
6.216547
6.108285
6.003686
5.900939
5.801726
5.70468
7.483443
6.931106
6.622695
6.499096
6.378884
6.260607
6.146244
6.03409
5.925791
5.819582
7.369912
7.023854
6.884484
6.746308
6.612036
6.479983
6.352105
6.22682
6.105222
5.798568
7.484579
7.326328
7.170883
7.017178
6.86736
6.719945
6.576855
6.436032
6.082182
5.547016
7.722543
7.550912
7.38263
7.216051
7.053293
6.893061
6.736377
6.339549
5.738519
5.638315
7.837705
7.657302
7.48019
7.3049
7.13336
6.963683
6.536339
5.884828
5.774124
5.717207
7.836064
7.650884
7.469038
7.289311
7.112484
6.664989
5.98184
5.863088
5.802188
5.774317
7.73747
7.55128
7.36864
7.18742
6.730978
6.031421
5.909057
5.845437
5.816676
5.806119
9.909362
9.902767
9.806808
9.801633
9.757313
9.581644
9.576597
9.535907
9.431698
9.217526
9.215282
9.17779
9.081918
8.910136
8.719941
8.71858
8.68785
8.60076
8.444598
7.780081
8.148251
8.150284
8.124171
8.049577
7.909222
7.304508
6.961806
7.641636
7.643829
7.623829
7.557512
7.433818
6.885766
6.580007
6.457886
7.262949
7.267219
7.249038
7.19121
7.077931
6.578036
6.299835
6.191072
6.083767
7.023851
7.026763
7.011784
6.956974
6.85274
6.383236
6.125011
6.023317
5.924688
5.827867
6.915695
6.899941
6.848539
6.746499
6.29362
6.043348
5.946465
5.850637
5.75811
5.667356
6.908411
6.855361
6.754365
6.29943
6.049846
5.951762
5.856724
5.763149
5.672829
5.584317
6.980773
6.874234
6.403626
6.142919
6.041699
5.941589
5.844944
5.749938
5.658245
5.568497
7.11733
6.612415
6.332989
6.222157
6.114673
6.008922
5.906828
5.806668
5.710011
5.615204
6.939014
6.62907
6.506267
6.384777
6.267188
6.151681
6.040118
5.930871
5.825042
5.559178
7.031763
6.891208
6.753794
6.618326
6.486888
6.35787
6.233111
6.110554
5.803868
5.340509
7.334441
7.177892
7.024942
6.874013
6.727165
6.582981
6.442594
6.087445
5.551667
5.464064
7.559123
7.38973
7.223921
7.060137
6.90042
6.742734
6.345855
5.743131
5.64296
5.591858
7.665502
7.487348
7.312748
7.140319
6.971032
6.542429
5.890201
5.778675
5.721867
5.696092
7.659002
7.476185
7.296992
7.119332
6.671796
5.986974
5.868226
5.80668
5.779003
5.768876
7.559177
7.37557
7.194845
6.73726
6.037055
5.913875
5.850383
5.821118
5.810828
9.919965
9.914195
9.868498
9.818346
9.812109
9.768546
9.659486
9.592082
9.587948
9.546129
9.442614
9.25996
9.228777
9.225324
9.188831
9.091676
8.920615
8.208823
8.729612
8.729489
8.697316
8.611269
8.453717
7.789644
7.409405
8.158483
8.159352
8.134424
8.058248
7.918924
7.312455
6.970316
6.831616
7.649855
7.653475
7.632091
7.56692
7.441605
6.894079
6.586874
6.465434
6.345463
7.27221
7.274886
7.258054
7.198658
7.086462
6.584583
6.307058
6.197162
6.090428
5.985643
7.03559
7.018981
6.965386
6.85948
6.390496
6.130727
6.029884
5.930161
5.833833
5.739371
6.908413
6.855341
6.754362
6.299432
6.049845
5.951759
5.856723
5.763146
5.672829
5.584317
6.863551
6.760874
6.306394
6.05519
5.957945
5.861758
5.768917
5.6776
5.589487
5.5032
6.882209
6.409594
6.149505
6.04695
5.947635
5.849869
5.755537
5.662901
5.573525
5.485802
6.619844
6.338846
6.228794
6.120018
6.014991
5.911796
5.812239
5.714679
5.620224
5.383796
6.636437
6.512372
6.391624
6.272804
6.157934
6.045276
5.936571
5.829835
5.563975
5.161428
6.898814
6.760243
6.625484
6.492888
6.364434
6.23858
6.1165
5.808568
5.344698
5.269371
7.185712
7.03168
6.881451
6.733521
6.589855
6.44841
6.093263
5.555849
5.46833
5.423985
7.397657
7.230758
7.067687
6.906967
6.749744
6.35154
5.748179
5.647199
5.596244
5.573384
7.495268
7.319643
7.147848
6.977684
6.549046
5.895121
5.78361
5.72617
5.700602
5.691302
7.484019
7.303868
7.126693
6.677997
5.992514
5.872946
5.811534
5.783354
5.773501
7.383175
7.201497
6.744006
6.042191
5.919056
5.854937
5.825905
5.815212
9.931531
9.92471
9.879733
9.768328
9.828876
9.823549
9.778848
9.670438
9.480853
9.603482
9.598299
9.557287
9.45258
9.27052
8.526219
9.23874
9.23648
9.198702
9.102429
8.930048
8.218666
7.808395
8.740254
8.739081
8.708035
8.620483
8.463849
7.79813
7.418465
7.261882
8.16727
8.169504
8.143333
8.068212
7.927266
7.321353
6.977776
6.839777
6.703152
7.659604
7.661632
7.641569
7.574941
7.450623
6.901127
6.594602
6.471999
6.352654
6.235381
7.284085
7.265588
7.207404
7.093588
6.592209
6.313111
6.204048
6.096222
5.99196
5.889734
7.027658
6.972363
6.867512
6.396485
6.13741
6.035332
5.9364
5.839025
5.745014
5.652914
6.863553
6.760855
6.306391
6.055192
5.957944
5.861756
5.768916
5.677598
5.589486
5.5032
6.76869
6.31216
6.061594
5.963038
5.867635
5.773696
5.68306
5.593997
5.508076
5.423704
6.416683
6.155005
6.053226
5.952633
5.855608
5.760206
5.668194
5.57792
5.490536
5.272389
6.345719
6.234386
6.126339
6.020075
5.917553
5.816945
5.719941
5.624624
5.388212
5.028986
6.519424
6.397454
6.279326
6.163274
6.051204
5.941454
5.835213
5.568192
5.165229
5.099317
6.767538
6.631652
6.499713
6.370142
6.244806
6.121676
5.813809
5.34842
5.273217
5.235164
7.039199
6.88791
6.740627
6.595909
6.454932
6.098424
5.560468
5.472176
5.428014
5.408397
7.238392
7.074253
6.914188
6.755985
6.357808
5.752734
5.651835
5.600253
5.577628
5.56944
7.327272
7.154471
6.984884
6.555038
5.900468
5.78813
5.730833
5.704769
5.695752
7.311405
7.133286
6.684667
5.997563
5.878038
5.815995
5.788051
5.777795
7.208798
6.750056
6.047716
5.923783
5.859835
5.830314
5.819936
9.942101
9.936179
9.890074
9.779284
9.586375
9.840285
9.833993
9.790097
9.680487
9.49146
8.727454
9.613765
9.609605
9.567466
9.463456
9.28017
8.536201
8.105307
9.249611
9.246361
9.209667
9.112048
8.94044
8.227533
7.817794
7.646317
8.749499
8.749636
8.717462
8.630913
8.47274
7.807555
7.426513
7.270615
7.115851
8.177472
8.178222
8.153308
8.076872
7.936847
7.329015
6.986128
6.846941
6.710959
6.577093
7.671309
7.649584
7.584144
7.458318
6.909284
6.601162
6.479386
6.358916
6.242216
6.127729
7.274628
7.214712
7.101954
6.598588
6.320157
6.209823
6.102772
5.997462
5.895714
5.796073
6.980776
6.874177
6.403619
6.142928
6.041697
5.941581
5.844942
5.749932
5.658245
5.568497
6.768692
6.312144
6.061591
5.963039
5.867634
5.773694
5.683059
5.593995
5.508076
5.423703
6.319084
6.066899
5.969136
5.872479
5.779272
5.68759
5.599158
5.512335
5.428295
5.21879
6.161538
6.058471
5.958603
5.860357
5.765645
5.672614
5.582917
5.494679
5.276561
4.944093
6.240948
6.131668
6.026084
5.922379
5.822395
5.724391
5.629585
5.392086
5.032508
4.972861
6.404191
6.284883
6.169473
6.056271
5.947063
5.839824
5.572924
5.168579
5.102814
5.069397
6.638632
6.505599
6.376636
6.250223
6.127564
5.818375
5.352568
5.276644
5.238799
5.22201
6.89512
6.746801
6.602678
6.46068
6.104208
5.56457
5.47642
5.431653
5.412295
5.405274
7.081584
6.920474
6.762868
6.363391
5.757752
5.656021
5.604633
5.58151
5.573627
7.161797
6.991223
6.561528
5.90531
5.793041
5.735104
5.709282
5.699865
7.140513
6.690645
6.003003
5.882681
5.820808
5.79237
5.782431
6.756696
6.052676
5.928871
5.864305
5.835056
5.824288
9.953509
9.946662
9.901352
9.789375
9.596991
8.823794
9.85065
9.845308
9.800368
9.691457
9.5012
8.737516
8.294144
9.624762
9.619803
9.57858
9.473383
9.290697
8.545329
8.114886
7.932856
9.259056
9.257143
9.219381
9.12273
8.949743
8.237297
7.826268
7.655415
7.485421
8.759982
8.758807
8.727835
8.640089
8.4828
7.815836
7.435448
7.27838
7.124246
6.972108
8.188343
8.161874
8.086569
7.945181
7.337809
6.993326
6.854957
6.71782
6.584543
6.453592
7.659091
7.591926
7.467145
6.916251
6.60875
6.485663
6.365961
6.248176
6.134212
6.022582
7.22348
7.108948
6.606074
6.326057
6.216544
6.108272
6.003681
5.90093
5.801725
5.704679
6.882213
6.409544
6.149499
6.046958
5.947633
5.849862
5.755534
5.662895
5.573524
5.485802
6.319086
6.066884
5.969135
5.872481
5.779271
5.687588
5.599158
5.512333
5.428295
5.21879
6.073269
5.974193
5.878278
5.783873
5.692873
5.603446
5.517207
5.43231
5.222842
4.902998
6.064698
5.963594
5.866027
5.77015
5.677761
5.587096
5.499389
5.280215
4.947438
4.891502
6.13792
6.031151
5.92808
5.826969
5.729543
5.633785
5.396455
5.035602
4.976105
4.945678
6.291304
6.174757
6.062151
5.95186
5.84512
5.576986
5.172337
5.105902
5.072705
5.057873
6.512261
6.382236
6.256384
6.132689
5.823567
5.356189
5.280462
5.242044
5.225528
5.219431
6.753695
6.608561
6.467107
6.109307
5.569163
5.480194
5.435665
5.41582
5.40912
6.927493
6.768866
6.369551
5.762227
5.660631
5.608592
5.585751
5.57746
6.998235
6.56725
5.910564
5.79749
5.739744
5.713417
5.704319
6.697201
6.007883
5.887688
5.825198
5.79703
5.786693
6.058121
5.933444
5.86912
5.839386
5.828968
9.963839
9.957976
9.911664
9.800376
9.606776
8.833881
8.384698
9.861642
9.855589
9.811495
9.701479
9.511828
8.74676
8.303827
8.115263
9.634424
9.63071
9.58861
9.484219
9.300311
8.55528
8.12365
7.942156
7.761326
9.269679
9.266511
9.229981
9.132198
8.96007
8.246044
7.835594
7.663624
7.494206
7.326574
8.769205
8.73685
8.650187
8.491657
7.825198
7.443304
7.286998
7.131721
6.980159
6.830864
8.17182
8.094899
7.954512
7.345465
7.001585
6.861874
6.725496
6.591098
6.460683
6.332789
7.601157
7.474613
6.924245
6.615237
6.492922
6.371954
6.25488
6.139872
6.028717
5.919996
7.117338
6.612339
6.33298
6.222177
6.11467
6.00891
5.906823
5.806659
5.71001
5.615203
6.416686
6.15496
6.053221
5.95264
5.855606
5.760199
5.668191
5.577915
5.490535
5.272389
6.07327
5.974179
5.878276
5.783875
5.692872
5.603444
5.517206
5.432308
5.222842
4.902998
5.980261
5.883088
5.789379
5.697237
5.608445
5.52126
5.436902
5.226387
4.906258
4.852034
5.96952
5.870769
5.775526
5.682028
5.591959
5.503333
5.284369
4.950372
4.894588
4.865891
6.037097
5.93289
5.832369
5.733869
5.638646
5.400159
5.039092
4.978963
4.94875
4.935113
6.180864
6.067164
5.957426
5.849651
5.581648
5.175569
5.109368
5.075632
5.061076
5.055554
6.388578
6.261699
6.138519
5.828087
5.360301
5.2838
5.245659
5.228673
5.222902
6.615135
6.472696
6.115012
5.573214
5.484415
5.439238
5.419706
5.4126
6.775564
6.374926
5.767168
5.664745
5.612948
5.589585
5.581644
6.573581
5.915205
5.802323
5.743949
5.717909
5.7084
6.013239
5.892183
5.829934
5.80128
5.791292
5.938462
5.87345
5.844051
5.833242
9.97483
9.968223
9.922791
9.81044
9.617439
8.843183
8.394419
8.202773
9.871524
9.866491
9.821608
9.712333
9.521544
8.756841
8.312728
8.12468
7.937133
9.64516
9.640295
9.599337
9.494002
9.310804
8.564371
8.133201
7.950669
7.770335
7.591619
9.277049
9.239194
9.142529
8.96923
8.25575
7.843954
7.672657
7.502142
7.335037
7.170019
8.747071
8.658966
8.501404
7.833448
7.452183
7.294583
7.140013
6.987335
6.838564
6.692329
8.104569
7.962531
7.354039
7.008779
6.869806
6.732126
6.59843
6.46693
6.339521
6.214806
7.48347
6.931012
6.62268
6.49913
6.37888
6.260589
6.146237
6.034081
5.92579
5.819581
6.619852
6.338776
6.228785
6.120038
6.014989
5.911785
5.812235
5.714671
5.620223
5.383795
6.161541
6.058428
5.958598
5.860364
5.765643
5.672608
5.582915
5.494674
5.27656
4.944093
5.980263
5.883075
5.789377
5.697238
5.608444
5.521258
5.436902
5.226386
4.906258
4.852034
5.88886
5.793947
5.702456
5.612578
5.525984
5.440728
5.230442
4.909113
4.855043
4.827134
5.876398
5.780023
5.687119
5.595996
5.507922
5.287853
4.953708
4.897301
4.868815
4.85584
5.938534
5.836926
5.738977
5.642732
5.404443
5.042058
4.982187
4.95146
4.938088
4.932883
6.07296
5.962172
5.854908
5.585639
5.179275
5.112355
5.078918
5.063914
5.058713
6.267721
6.143549
5.83323
5.36388
5.287587
5.248823
5.232176
5.226007
6.478946
6.119974
5.577749
5.488141
5.443231
5.423169
5.416435
6.38093
5.771487
5.669289
5.61684
5.593803
5.585429
5.920344
5.806598
5.748519
5.72198
5.712832
5.897117
5.834189
5.805869
5.795487
5.878202
5.848249
5.837848
9.98468
9.979124
9.932872
9.821298
9.627201
8.853312
8.403387
8.212234
8.021516
9.882375
9.876294
9.832333
9.722204
9.532065
8.76606
8.322429
8.133342
7.946272
7.760668
9.650944
9.608766
9.504465
9.320282
8.574291
8.141929
7.959945
7.778588
7.600325
7.423984
9.249556
9.151511
8.979224
8.264365
7.853228
7.680759
7.510869
7.342689
7.178149
7.016005
8.66892
8.509882
7.842528
7.460011
7.303151
7.147317
6.995293
6.845435
6.699672
6.556699
7.97184
7.361413
7.016838
6.876718
6.739725
6.604769
6.473915
6.34546
6.22118
6.099201
6.939038
6.628984
6.506253
6.384809
6.267184
6.151664
6.040112
5.930863
5.825041
5.559178
6.345727
6.23432
6.126332
6.020093
5.91755
5.816934
5.719937
5.624617
5.388211
5.028986
6.064702
5.963554
5.866022
5.770156
5.677759
5.58709
5.499387
5.280211
4.947438
4.891502
5.888862
5.793935
5.702455
5.612579
5.525983
5.440726
5.230441
4.909112
4.855043
4.827134
5.799428
5.706788
5.617519
5.529893
5.445186
5.233825
4.912377
4.857685
4.829986
4.817305
5.785363
5.691377
5.600809
5.511734
5.291906
4.956512
4.900385
4.871389
4.858672
4.853628
5.842274
5.743285
5.647553
5.408048
5.045486
4.984932
4.954519
4.940716
4.935818
5.96766
5.85939
5.59027
5.18245
5.115778
5.081753
5.0671
5.061515
6.149252
5.837665
5.367956
5.290886
5.25241
5.235245
5.229464
6.125529
5.581695
5.492314
5.446757
5.427036
5.419854
5.776316
5.673267
5.621138
5.597573
5.589592
5.811333
5.752568
5.726406
5.71685
5.838859
5.809991
5.800017
5.852854
5.841994
9.995513
9.988896
9.943597
9.83114
9.63773
8.862588
8.413147
8.220967
8.030707
7.841847
9.887058
9.841979
9.73267
9.541638
8.776041
8.331305
8.142778
7.954684
7.769518
7.586118
9.619241
9.513667
9.33042
8.583255
8.151452
7.968425
7.787577
7.608307
7.432376
7.258688
9.161615
8.98792
8.273767
7.861464
7.689743
7.518703
7.3511
7.185507
7.023793
6.864785
8.519494
7.850432
7.46863
7.310709
7.155564
7.002309
6.853051
6.706232
6.563681
6.423477
7.369972
7.023771
6.884463
6.74635
6.61203
6.479961
6.352097
6.226811
6.105221
5.798567
6.636459
6.51229
6.391611
6.272833
6.157931
6.04526
5.936566
5.829827
5.563975
5.161427
6.240955
6.131606
6.026077
5.922395
5.822393
5.724381
5.629582
5.39208
5.032507
4.972861
5.969523
5.870731
5.775522
5.682034
5.591958
5.503328
5.284368
4.950369
4.894588
4.865891
5.799429
5.706777
5.617518
5.529894
5.445185
5.233824
4.912377
4.857684
4.829986
4.817305
5.711985
5.621621
5.534564
5.448878
5.237766
4.915109
4.860704
4.832493
4.820068
4.815092
5.696434
5.604835
5.516278
5.295275
4.959772
4.902984
4.874316
4.861169
4.856422
5.748345
5.65162
5.412299
5.048373
4.988104
4.957128
4.943683
4.938412
5.864577
5.594215
5.186132
5.118711
5.085001
5.069851
5.06466
5.842703
5.371469
5.294642
5.255536
5.238723
5.232495
5.586125
5.495946
5.450706
5.430453
5.423671
5.677716
5.624906
5.601738
5.593314
5.757052
5.730332
5.72122
5.814518
5.804088
5.846541
9.999642
9.953214
9.84161
9.647281
8.872593
8.422089
8.230468
8.039195
7.850755
7.664013
9.852569
9.742089
9.551789
8.785125
8.340913
8.151416
7.963844
7.777669
7.594665
7.413755
9.523888
9.339342
8.592847
8.16006
7.977676
7.795799
7.616997
7.440074
7.266755
7.096012
8.997701
8.281955
7.870454
7.697728
7.527387
7.358656
7.193592
7.030849
6.872223
6.715804
7.859394
7.476135
7.319032
7.162844
7.010227
6.859773
6.713501
6.569926
6.430094
6.076317
7.03182
6.89113
6.753775
6.618365
6.486883
6.357849
6.233103
6.110545
5.803866
5.340509
6.519446
6.397378
6.279314
6.163301
6.051201
5.941439
5.835208
5.568186
5.165229
5.099316
6.137928
6.031093
5.928074
5.826984
5.729541
5.633776
5.396452
5.035598
4.976105
4.945678
5.876401
5.779989
5.687115
5.596002
5.507921
5.287849
4.953707
4.897298
4.868815
4.85584
5.711987
5.621611
5.534563
5.448879
5.237765
4.915108
4.860704
4.832493
4.820068
4.815092
5.626542
5.538444
5.453288
5.241033
4.918289
4.863237
4.83536
4.8225
4.817818
5.609617
5.520078
5.299289
4.962487
4.906004
4.876788
4.864008
4.858886
5.656397
5.415883
5.051775
4.990778
4.960141
4.946216
4.941341
5.598786
5.189266
5.122113
5.087785
5.073002
5.067378
5.375469
5.297878
5.259096
5.241753
5.235929
5.500029
5.454145
5.43428
5.427044
5.629121
5.605391
5.597425
5.734678
5.725096
5.808558
9.963787
9.851003
9.657441
8.881672
8.431732
8.239177
8.048426
7.858987
7.672625
7.488288
9.752428
9.560929
8.794763
8.34966
8.160765
7.972234
7.78654
7.602544
7.421988
7.243868
9.349251
8.601296
8.169275
7.986042
7.804765
7.624949
7.448454
7.27416
7.103742
6.935349
8.291163
7.878289
7.706444
7.53511
7.367028
7.200859
7.038597
6.878968
6.722884
6.327468
7.484647
7.326283
7.170861
7.017219
6.867353
6.719922
6.576844
6.436021
6.08218
5.547016
6.898868
6.760169
6.625466
6.492924
6.36443
6.238562
6.116493
5.808561
5.344697
5.26937
6.404212
6.284811
6.169462
6.056296
5.94706
5.839811
5.57292
5.168574
5.102813
5.069397
6.037104
5.932836
5.832364
5.733883
5.638644
5.400151
5.03909
4.978959
4.94875
4.935113
5.785366
5.691345
5.600805
5.511739
5.291904
4.956509
4.900384
4.871386
4.858672
4.853628
5.626543
5.538434
5.453287
5.241034
4.918289
4.863236
4.83536
4.822499
4.817817
5.543097
5.456951
5.244934
4.92093
4.866185
4.837769
4.825281
4.820218
5.524593
5.302645
4.965718
4.908524
4.879659
4.866408
4.86169
5.420097
5.05464
4.993929
4.962684
4.949141
4.943843
5.192905
5.125007
5.091015
5.075705
5.07049
5.301571
5.262163
5.245206
5.238921
5.458016
5.437614
5.430823
5.609478
5.601033
5.729389
9.861328
9.66656
8.891333
8.440486
8.248568
8.056891
7.867934
7.68059
7.496592
7.314965
9.57096
8.803443
8.358945
8.16928
7.981312
7.794669
7.611114
7.429582
7.251776
7.075818
8.61068
8.177396
7.994999
7.812878
7.633618
7.456124
7.282217
7.110844
6.942732
6.516917
7.887099
7.714044
7.54354
7.374478
7.208909
7.045568
6.886372
6.72931
6.333793
5.733456
7.334507
7.177849
7.024922
6.874051
6.727159
6.582959
6.442583
6.087437
5.551665
5.464063
6.76759
6.631583
6.499697
6.370176
6.244802
6.121659
5.813803
5.348415
5.273216
5.235163
6.291324
6.17469
6.062141
5.951883
5.845117
5.576975
5.172334
5.105899
5.072705
5.057873
5.938541
5.836876
5.738971
5.642744
5.404442
5.042052
4.982185
4.951457
4.938087
4.932883
5.696437
5.604806
5.516274
5.29528
4.959771
4.902981
4.874315
4.861166
4.856422
5.543098
5.456942
5.244933
4.92093
4.866185
4.837768
4.825281
4.820217
5.461344
5.248173
4.92408
4.868637
4.840573
4.82762
4.822963
5.306634
4.968416
4.91152
4.882057
4.869197
4.864061
5.058014
4.996581
4.965678
4.951611
4.946732
5.128371
5.093761
5.07884
5.073159
5.265666
5.24818
5.242331
5.441369
5.434115
5.60507
9.676584
8.900009
8.449803
8.257098
8.066018
7.876145
7.689241
7.504277
7.32295
7.143386
8.812971
8.367307
8.17832
7.989584
7.803465
7.618971
7.437839
7.259074
7.083387
6.638611
8.186415
8.002898
7.821566
7.641466
7.464486
7.289595
7.118567
6.94952
6.523563
5.874504
7.722591
7.550896
7.382612
7.216077
7.053285
6.893037
6.736361
6.339539
5.738518
5.638315
7.185775
7.031639
6.881433
6.733557
6.589848
6.44839
6.093254
5.555843
5.468329
5.423985
6.638681
6.505534
6.376621
6.250254
6.127561
5.818361
5.352564
5.27664
5.238798
5.222009
6.180883
6.067102
5.957417
5.849672
5.581646
5.175561
5.109366
5.075629
5.061075
5.055553
5.842281
5.74324
5.647548
5.408058
5.045485
4.984927
4.954518
4.940712
4.935818
5.60962
5.520051
5.299286
4.96249
4.906004
4.876785
4.864008
4.858884
5.461346
5.248165
4.924079
4.868637
4.840572
4.82762
4.822963
5.252059
4.926693
4.87156
4.842907
4.830344
4.825274
4.971627
4.91402
4.884907
4.871527
4.866815
4.999706
4.968197
4.95452
4.949173
5.096957
5.081505
5.076256
5.25158
5.245267
5.437825
8.909544
8.458174
8.266177
8.074312
7.884995
7.697184
7.51262
7.330343
7.151036
6.6973
8.376488
8.186465
7.998369
7.811483
7.627471
7.445412
7.267005
7.090378
6.645461
5.965505
8.01167
7.829233
7.649874
7.472058
7.297636
7.125642
6.956898
6.529678
5.879875
5.76919
7.559168
7.389715
7.223903
7.060161
6.900412
6.742712
6.345842
5.743124
5.642959
5.591858
7.039258
6.887872
6.74061
6.595941
6.454926
6.098407
5.560461
5.47217
5.428013
5.408396
6.512306
6.382175
6.25637
6.132717
5.823564
5.356179
5.280458
5.24204
5.225527
5.21943
6.072977
5.962115
5.8549
5.585657
5.179274
5.112348
5.078916
5.063911
5.058713
5.748351
5.651578
5.412295
5.04838
4.988103
4.957123
4.943682
4.938409
5.524596
5.302622
4.965716
4.908526
4.879658
4.866406
4.861689
5.252059
4.926687
4.87156
4.842907
4.830343
4.825273
4.92983
4.873984
4.845689
4.832612
4.827964
4.916998
4.887284
4.874296
4.869117
4.971169
4.956965
4.952047
5.084607
5.078888
5.248627
8.467374
8.274337
8.083142
7.893042
7.705745
7.520284
7.338364
7.158125
6.704242
6.009541
8.195407
8.006286
7.819999
7.635222
7.453604
7.274283
7.097969
6.651791
5.971081
5.853213
7.837746
7.657298
7.480172
7.304921
7.133351
6.963659
6.536321
5.88482
5.774122
5.717207
7.3977
7.230744
7.067671
6.906989
6.749737
6.351521
5.748169
5.647193
5.596243
5.573384
6.895176
6.746765
6.602662
6.46071
6.104203
5.564558
5.476414
5.431648
5.412294
5.405274
6.388621
6.261643
6.138507
5.82811
5.360298
5.283791
5.245656
5.228669
5.222901
5.967677
5.859338
5.590263
5.182462
5.115776
5.081747
5.067097
5.061512
5.656403
5.415849
5.051772
4.990785
4.96014
4.946212
4.94134
5.306636
4.9684
4.911518
4.882059
4.869196
4.864058
4.92983
4.873979
4.845688
4.832612
4.827964
4.876895
4.847995
4.835315
4.830205
4.890118
4.876605
4.871853
4.959852
4.954462
5.081953
8.283305
8.091082
7.901611
7.713534
7.528542
7.345736
7.165812
6.710677
6.015213
5.893756
8.014979
7.827679
7.643459
7.461076
7.282153
7.104939
6.65866
5.976237
5.858336
5.797347
7.665542
7.487344
7.312732
7.140338
6.971025
6.542408
5.890188
5.778668
5.721866
5.696093
7.238433
7.07424
6.914173
6.756005
6.357802
5.75272
5.651826
5.600247
5.577627
5.56944
6.753747
6.608528
6.467093
6.109332
5.569159
5.480184
5.43566
5.415815
5.409119
6.267761
6.143498
5.833219
5.363897
5.287585
5.248815
5.232173
5.226003
5.864592
5.594172
5.186127
5.118721
5.084999
5.069845
5.064658
5.420102
5.054616
4.993927
4.962689
4.94914
4.943839
4.971629
4.914006
4.884905
4.871529
4.866814
4.876895
4.847991
4.835315
4.830206
4.850765
4.837556
4.832876
4.879359
4.874134
4.957314
8.099807
7.90932
7.721829
7.53606
7.353679
7.172879
6.717649
6.020475
5.898971
5.835921
7.836109
7.650889
7.469021
7.289335
7.112475
6.664967
5.981825
5.86308
5.802187
5.774317
7.495306
7.319639
7.147833
6.977702
6.54904
5.895106
5.783599
5.726164
5.700601
5.691303
7.081622
6.920461
6.762854
6.363408
5.757748
5.656009
5.604625
5.581505
5.573626
6.615184
6.472666
6.114999
5.573232
5.484412
5.439229
5.419701
5.412595
6.149288
5.837623
5.367949
5.290899
5.252409
5.235238
5.229461
5.598798
5.189236
5.122109
5.087794
5.073001
5.067372
5.058018
4.99656
4.965676
4.951616
4.946732
4.917
4.887272
4.874295
4.869119
4.850766
4.837552
4.832876
4.840248
4.83509
4.876854
7.91779
7.729296
7.544069
7.360914
7.180493
6.724061
6.026166
5.903813
5.840849
5.811905
7.659045
7.47619
7.296976
7.119355
6.671789
5.986958
5.868213
5.806673
5.779002
5.768876
7.327307
7.154467
6.98487
6.555053
5.900463
5.788117
5.730822
5.704763
5.695751
6.927529
6.768854
6.36954
5.76224
5.660627
5.608581
5.585744
5.577455
6.47899
6.119948
5.57774
5.488156
5.443228
5.42316
5.416431
5.842733
5.371439
5.294636
5.255548
5.238721
5.232488
5.192914
5.124982
5.091011
5.075713
5.070489
4.999709
4.968179
4.954518
4.949178
4.890119
4.876594
4.871852
4.840248
4.835086
4.83775
7.737498
7.551282
7.368624
7.187431
6.730971
6.031404
5.909044
5.845429
5.816675
5.806119
7.48406
7.303872
7.126679
6.678016
5.992509
5.872932
5.811523
5.783347
5.773499
7.161831
6.991219
6.561516
5.905321
5.793037
5.735092
5.709273
5.69986
6.775597
6.374915
5.76716
5.664755
5.612945
5.589575
5.581637
6.125567
5.581677
5.492306
5.44677
5.427033
5.419846
5.37549
5.297854
5.259091
5.241764
5.235927
5.128379
5.093739
5.078837
5.073167
4.971172
4.956948
4.952045
4.87936
4.874123
4.83775
7.559204
7.375571
7.19483
6.73727
6.037049
5.913861
5.850371
5.821111
5.810826
7.311443
7.133289
6.684655
5.997577
5.878034
5.815983
5.788041
5.777788
6.998267
6.567246
5.910555
5.7975
5.73974
5.713406
5.70431
6.380958
5.77148
5.669282
5.616849
5.5938
5.58542
5.586151
5.49593
5.4507
5.430464
5.423669
5.301589
5.262141
5.245201
5.238932
5.096964
5.081484
5.076253
4.959855
4.954446
4.876856
7.383201
7.201498
6.743994
6.042199
5.919051
5.854925
5.825894
5.815205
7.140549
6.690648
6.002995
5.882693
5.820804
5.792359
5.78242
6.573608
5.915202
5.802315
5.743957
5.717905
5.708389
5.776337
5.67326
5.621132
5.597582
5.589589
5.500051
5.454132
5.434274
5.427056
5.265682
5.24816
5.242327
5.084614
5.078868
4.957317
7.208822
6.750057
6.047707
5.92379
5.85983
5.830303
5.819925
6.697232
6.007884
5.887681
5.825208
5.797026
5.786682
5.920364
5.806596
5.748513
5.721987
5.712829
5.677733
5.6249
5.601732
5.593322
5.458035
5.437602
5.430818
5.251595
5.245249
5.081959
6.756717
6.052676
5.928863
5.864311
5.835052
5.824277
6.013262
5.892184
5.829928
5.80129
5.791288
5.81135
5.752566
5.7264
5.716857
5.629136
5.605385
5.59742
5.441387
5.434104
5.248641
6.058137
5.933444
5.869113
5.839392
5.828964
5.897136
5.834189
5.805863
5.795496
5.757067
5.730329
5.721214
5.609492
5.601028
5.437842
5.938476
5.87345
5.844044
5.833248
5.838877
5.809992
5.800011
5.734693
5.725094
5.605084
5.878215
5.848248
5.837841
5.814534
5.804088
5.729403
5.852866
5.841993
5.808573
5.846553
)
;

boundaryField
{
    cathodeSides
    {
        type            zeroGradient;
    }
    electrolyteSides
    {
        type            zeroGradient;
    }
    anodeSides
    {
        type            zeroGradient;
    }
    phiI_to_phiI0
    {
        type            zeroGradient;
    }
    procBoundary2to1
    {
        type            processor;
        value           nonuniform List<scalar> 
400
(
9.887276
9.774233
9.892298
9.537902
9.779811
9.858206
9.164338
9.544579
9.747096
9.758291
8.657353
9.172588
9.514659
9.649526
9.576649
8.079497
8.667427
9.146881
9.421913
9.471208
8.814543
7.567288
8.091155
8.64707
9.061583
9.250494
8.718293
8.375779
7.18515
7.579686
8.076355
8.571613
8.90098
8.517259
8.285321
8.194089
6.940679
7.197618
7.569098
8.011814
8.425636
8.200207
8.096701
8.106681
8.01308
6.822974
6.952924
7.189676
7.513841
7.88266
7.771999
7.80016
7.9245
7.928803
7.833668
6.822976
6.835019
6.946406
7.141137
7.399803
7.288088
7.401738
7.638345
7.753231
7.7526
7.656103
6.940683
6.83502
6.829089
6.902057
7.038657
6.863341
6.954908
7.254494
7.477722
7.583794
7.578323
7.48066
7.185155
6.952928
6.82909
6.786714
6.80713
6.549504
6.56603
6.825005
7.108748
7.319158
7.41644
7.406245
7.30763
7.567293
7.197623
6.946409
6.786715
6.695464
6.350055
6.280717
6.452095
6.696832
6.965299
7.162894
7.251437
7.236655
7.136355
8.079501
7.579691
7.189681
6.90206
6.695465
6.254323
6.100204
6.17896
6.339953
6.571068
6.824355
7.00918
7.089062
7.068913
6.690916
8.657357
8.091159
7.569102
7.141142
6.807134
6.254324
6.013752
6.006294
6.078928
6.230152
6.447863
6.686124
6.858268
6.928711
6.632357
6.004317
9.164345
8.667431
8.076359
7.513845
7.038662
6.350058
6.013753
5.923621
5.914009
5.981063
6.122778
6.327357
6.550802
6.709602
6.510934
5.960406
5.888954
9.537912
9.172595
8.647074
8.011818
7.399807
6.549509
6.100207
5.923622
5.835051
5.823726
5.885409
6.017906
6.209669
6.41789
6.321919
5.86966
5.848527
5.831384
9.774241
9.544588
9.146888
8.571616
7.882664
6.863345
6.280721
6.006297
5.835052
5.74839
5.735466
5.791998
5.91559
6.094357
6.071361
5.729005
5.764745
5.792921
5.807513
9.887284
9.77982
9.514669
9.06159
8.42564
7.288091
6.566034
6.178964
5.914012
5.748391
5.663649
5.649239
5.700846
5.815439
5.794296
5.543073
5.634235
5.713011
5.770035
5.801785
9.892306
9.747105
9.421922
8.900986
7.772002
6.954912
6.452099
6.078931
5.823729
5.66365
5.58083
5.565044
5.611606
5.555532
5.337123
5.460456
5.58801
5.692034
5.764651
9.858214
9.649534
9.250503
8.200213
7.401742
6.825009
6.339957
5.981066
5.735468
5.580831
5.499926
5.482564
5.380626
5.158527
5.266277
5.420586
5.569664
5.687299
9.758299
9.471216
8.517268
7.800166
7.254497
6.696836
6.230155
5.885412
5.649241
5.499927
5.420635
5.26953
5.026448
5.09667
5.232254
5.405114
5.565772
9.576657
8.718301
8.096709
7.638351
7.108752
6.571072
6.122781
5.792001
5.565046
5.420635
5.216077
4.941789
4.970547
5.066911
5.219203
5.402039
8.814551
8.285329
7.924508
7.477728
6.965302
6.447867
6.017909
5.700849
5.482566
5.216078
4.900805
4.889404
4.943508
5.055479
5.216667
8.375786
8.106689
7.753239
7.319163
6.824358
6.32736
5.915592
5.611609
5.269531
4.900805
4.850038
4.863926
4.933026
5.053199
8.194096
7.92881
7.583802
7.162899
6.686127
6.209672
5.815442
5.380628
4.94179
4.850038
4.825267
4.853953
4.930833
8.013087
7.752607
7.416447
7.009185
6.550805
6.09436
5.555534
5.026449
4.889405
4.825267
4.815513
4.851775
7.833675
7.57833
7.251443
6.858272
6.417893
5.794299
5.158529
4.970548
4.863927
4.815513
4.813333
7.65611
7.406251
7.089068
6.709606
6.071363
5.337125
5.096671
4.94351
4.853954
4.813333
7.480666
7.236661
6.928717
6.321922
5.543075
5.266278
5.066912
4.933027
4.851776
7.307635
7.068918
6.51094
5.729007
5.460457
5.232255
5.05548
4.930834
7.13636
6.632361
5.869664
5.634237
5.420588
5.219204
5.0532
6.69092
5.960409
5.764748
5.588012
5.405115
5.216668
6.00432
5.84853
5.713014
5.569666
5.40204
5.888957
5.792924
5.692036
5.565773
5.831386
5.770037
5.687301
5.807515
5.764653
5.801787
)
;
    }
    procBoundary2to3
    {
        type            processor;
        value           nonuniform List<scalar> 
400
(
10.00494
9.891783
10.00899
9.654303
9.896392
9.972989
9.278497
9.660015
9.861755
9.870317
8.768401
9.285796
9.628166
9.761399
9.685316
8.185377
8.777558
9.258161
9.532601
9.57967
8.917857
7.667014
8.196188
8.755285
9.17001
9.357705
8.821249
8.475398
7.27917
7.678665
8.179532
8.676925
9.005834
8.618692
8.384469
8.291131
7.030474
7.290998
7.666321
8.112074
8.527233
8.298833
8.194123
8.203185
8.107425
6.910563
7.042171
7.281423
7.608183
7.979074
7.866625
7.894445
8.019172
8.022543
7.92519
6.910577
6.922113
7.034129
7.230076
7.490219
7.376642
7.491524
7.729723
7.845033
7.843451
7.74467
7.030511
6.922127
6.914725
6.987053
7.123656
6.945169
7.038103
7.341159
7.566078
7.672603
7.666153
7.566136
7.279223
7.042208
6.914739
6.869675
6.888215
6.625525
6.642181
6.904916
7.192194
7.404379
7.502131
7.490922
7.389881
7.667072
7.291051
7.034164
6.869688
6.77454
6.422035
6.350984
6.524931
6.773399
7.045437
7.244871
7.333887
7.318049
7.21524
8.185443
7.678722
7.281474
6.987086
6.774552
6.324279
6.166479
6.245981
6.409458
6.644247
6.901109
7.087811
7.168155
7.146887
6.762559
8.768467
8.196253
7.666376
7.230124
6.888245
6.324289
6.078056
6.069414
6.142722
6.296331
6.517626
6.759428
6.933461
7.004325
6.702986
6.062935
9.278549
8.777623
8.179595
7.608235
7.123701
6.422061
6.078065
5.984828
5.974013
6.041669
6.185651
6.393693
6.620608
6.781265
6.579085
6.017968
5.942903
9.654364
9.285848
8.755348
8.112135
7.490268
6.625564
6.166503
5.984836
5.893208
5.880672
5.94288
6.077509
6.272585
6.484153
6.386047
5.924819
5.901476
5.88241
9.891879
9.660075
9.258211
8.676985
7.979131
6.945213
6.351019
6.069436
5.893216
5.803562
5.789422
5.846397
5.971975
6.153864
6.130165
5.780441
5.81546
5.842988
5.856935
10.00501
9.896487
9.628225
9.170057
8.52729
7.376692
6.64222
6.246014
5.974034
5.803569
5.71591
5.700282
5.752251
5.86866
5.846784
5.58983
5.681522
5.760963
5.818521
5.850572
10.00907
9.861848
9.532658
9.005879
7.866676
7.038149
6.524968
6.142752
5.880691
5.715917
5.630263
5.613261
5.66009
5.602392
5.37872
5.50345
5.632731
5.738472
5.812511
9.973064
9.761488
9.357759
8.298874
7.491572
6.90496
6.409493
6.041697
5.789439
5.630269
5.546619
5.528038
5.423361
5.195786
5.304578
5.461263
5.612982
5.733138
9.87039
9.579756
8.618742
7.894484
7.341204
6.77344
6.296363
5.942906
5.700298
5.546625
5.464675
5.309684
5.060638
5.131042
5.268524
5.444522
5.608532
9.685386
8.821328
8.19417
7.72976
7.192236
6.644285
6.185681
5.846421
5.613276
5.46468
5.255011
4.974093
5.002142
5.099498
5.254357
5.44094
8.917921
8.384544
8.019216
7.566112
7.045477
6.517662
6.077536
5.752273
5.528052
5.255015
4.932222
4.919289
4.973489
5.087077
5.251371
8.475459
8.203256
7.845075
7.404412
6.901146
6.393726
5.972
5.66011
5.309696
4.932225
4.87912
4.892301
4.962108
5.084395
8.291189
8.022611
7.672643
7.244902
6.759462
6.272615
5.868682
5.423378
4.974101
4.879122
4.852885
4.881482
4.959544
8.107481
7.843515
7.502169
7.08784
6.62064
6.153892
5.602411
5.06065
4.919296
4.852888
4.84231
4.878953
7.925243
7.666214
7.333923
6.933488
6.484182
5.846807
5.1958
5.002152
4.892307
4.842312
4.839788
7.74472
7.490979
7.168189
6.78129
6.13019
5.378737
5.131053
4.973498
4.881487
4.83979
7.566183
7.318103
7.004357
6.386068
5.589848
5.304592
5.099508
4.962116
4.878959
7.389926
7.146937
6.579112
5.780457
5.503465
5.268536
5.087087
4.959552
7.215281
6.703029
5.924839
5.681536
5.461276
5.254368
5.084404
6.762595
6.018
5.815478
5.632744
5.444534
5.251382
6.062962
5.901503
5.760979
5.612993
5.440953
5.942927
5.843012
5.738488
5.608544
5.882431
5.818543
5.733152
5.856955
5.812532
5.850591
)
;
    }
}
)

// processor3

39618
(dimensions      [0 0 0 0 0 0 0];

internalField   nonuniform List<scalar> 
4000
(
10.00494
9.891783
10.01564
10.00899
9.654303
9.902562
9.896392
10.02487
10.01961
9.972989
9.278497
9.664949
9.660015
9.911886
9.907085
9.861755
10.03545
10.02877
9.983441
9.870317
8.768401
9.289006
9.285796
9.673924
9.670575
9.628166
9.922462
9.916337
9.872277
9.761399
10.04456
10.03927
9.992458
9.880527
9.685316
8.185377
8.7787
8.777558
9.29767
9.296221
9.258161
9.6844
9.67948
9.638555
9.532601
9.931392
9.926831
9.881384
9.771673
9.57967
10.05499
10.04831
10.00279
9.889339
9.69523
8.917857
7.667014
8.195233
8.196188
8.787026
8.787775
8.755285
9.308016
9.304817
9.268414
9.17001
9.693052
9.689873
9.647318
9.542741
9.357705
9.94176
9.935692
9.891712
9.780569
9.589641
8.821249
10.06385
10.05865
10.0117
9.899436
9.703794
8.927289
8.475398
7.27917
7.676349
7.678665
8.203124
8.205969
8.179532
8.797169
8.796037
8.76533
8.676925
9.316357
9.315081
9.276872
9.180008
9.005834
9.703345
9.698458
9.657545
9.551299
9.367537
8.618692
9.950401
9.94598
9.900436
9.790658
9.598281
8.83072
8.384469
10.07461
10.06746
10.02188
9.908139
9.713603
8.935445
8.4845
8.291131
7.030474
7.288098
7.290998
7.683692
7.687934
7.666321
8.212962
8.213801
8.189148
8.112074
8.805143
8.806099
8.773456
8.686711
8.527233
9.326524
9.323357
9.286969
9.188263
9.015516
8.298833
9.711719
9.708671
9.665997
9.561284
9.375844
8.628005
8.194123
9.961028
9.954555
9.910564
9.799183
9.608077
8.838932
8.393596
8.203185
10.0828
10.07813
10.03055
9.918092
9.722062
8.944781
8.492375
8.300007
8.107425
6.910563
7.03913
7.042171
7.294953
7.299869
7.281423
7.693057
7.695225
7.675434
7.608183
8.220554
8.223563
8.196848
8.12143
7.979074
8.81509
8.814012
8.783352
8.694632
8.536689
7.866625
9.334569
9.333445
9.295113
9.198113
9.023518
8.307951
7.894445
9.722264
9.716981
9.676049
9.56954
9.385532
8.635881
8.203076
8.019172
9.969314
9.965101
9.919008
9.80908
9.616362
8.848243
8.401514
8.212077
8.022543
10.09235
10.08626
10.04106
9.926567
9.731736
8.952836
8.501388
8.307691
8.116063
7.92519
6.910577
6.919074
6.922113
7.045643
7.050776
7.034129
7.303828
7.306679
7.290146
7.230076
7.700154
7.704524
7.682602
7.617039
7.490219
8.230189
8.231098
8.206446
8.128926
7.988088
7.376642
8.822709
8.823882
8.791136
8.704276
8.544351
7.875447
7.491524
9.344983
9.341428
9.30504
9.206064
9.033061
8.315498
7.903173
7.729723
9.730434
9.727445
9.68423
9.579358
9.393549
8.645062
8.210655
8.027881
7.845033
9.979894
9.973324
9.929392
9.817335
9.625977
8.856124
8.410491
8.219794
8.031188
7.843451
10.09573
10.04907
9.936845
9.739977
8.96205
8.509166
8.316482
8.123546
7.933578
7.74467
7.030511
6.919088
6.922127
6.925418
6.930578
6.914725
7.054153
7.057252
7.042593
6.987053
7.310458
7.315497
7.296843
7.238545
7.123656
7.70935
7.71157
7.691745
7.624008
7.498725
6.945169
8.23732
8.240662
8.213856
8.138267
7.995317
7.384941
7.038103
8.832847
8.831443
8.800845
8.711867
8.553674
7.882608
7.499908
7.341159
9.352872
9.351762
9.312898
9.215753
9.040772
8.324493
7.910404
7.738192
7.566078
9.741851
9.735552
9.69453
9.587352
9.40308
8.652669
8.219486
8.035261
7.853488
7.672603
9.983829
9.937494
9.827484
9.634002
8.86527
8.418095
8.228544
8.038696
7.851837
7.666153
10.05841
9.944685
9.749969
8.969902
8.518065
8.324072
8.132105
7.94085
7.752796
7.566136
7.279223
7.039162
7.042208
6.925422
6.930591
6.914739
6.933738
6.936886
6.923053
6.869675
7.060439
7.065712
7.048963
6.995266
6.888215
7.319208
7.322083
7.305515
7.245049
7.131769
6.625525
7.716076
7.720702
7.698672
7.632894
7.505426
6.95289
6.642181
8.247035
8.24774
8.223262
8.145482
8.004321
7.391606
7.045914
6.904916
8.840284
8.841504
8.808285
8.721334
8.561021
7.891314
7.50672
7.349262
7.192194
9.364702
9.359589
9.323068
9.223426
9.050165
8.331771
7.919018
7.745216
7.574277
7.404379
9.746887
9.702516
9.597415
9.410846
8.661708
8.226809
8.043856
7.860659
7.680793
7.502131
9.947847
9.835411
9.643866
8.87291
8.426919
8.235961
8.047208
7.859124
7.674269
7.490922
9.953836
9.757607
8.979421
8.525651
8.332755
8.139497
7.949166
7.759847
7.573988
7.389881
7.667072
7.288148
7.291051
7.045653
7.050809
7.034164
6.93374
6.93689
6.923066
6.869688
6.939842
6.945162
6.92926
6.877753
6.77454
7.06886
7.071961
7.057287
7.001449
6.896068
6.422035
7.325536
7.330779
7.311991
7.253472
7.138006
6.632801
6.350984
7.725317
7.72738
7.707654
7.639631
7.513965
6.95898
6.649381
6.524931
8.253908
8.257383
8.230224
8.154642
8.011282
7.399901
7.052194
6.912433
6.773399
8.852119
8.848881
8.818184
8.728592
8.570179
7.898187
7.514998
7.355854
7.200009
7.045437
9.371334
9.330775
9.233354
9.05761
8.340632
7.925996
7.753579
7.581086
7.412298
7.244871
9.713682
9.605225
9.420618
8.669083
8.235509
8.05099
7.869008
7.687745
7.510044
7.333887
9.845545
9.651583
8.882298
8.434295
8.244566
8.054427
7.867387
7.681324
7.498755
7.318049
9.766539
8.98673
8.534846
8.34016
8.147955
7.956349
7.767906
7.580805
7.397447
7.21524
8.185443
7.676416
7.678722
7.29497
7.299918
7.281474
7.054152
7.057261
7.042625
6.987086
6.939831
6.945164
6.929263
6.877766
6.774552
6.948107
6.951232
6.937405
6.883777
6.782258
6.324279
7.074894
7.080334
7.063434
7.009531
6.901986
6.429023
6.166479
7.334357
7.337064
7.320546
7.259763
7.14608
6.638404
6.357722
6.245981
7.731554
7.736558
7.714221
7.648366
7.520444
6.966735
6.655066
6.531831
6.409458
8.265567
8.264198
8.239708
8.161424
8.020118
7.406325
7.060005
6.918481
6.780614
6.644247
8.860628
8.825443
8.738245
8.577208
7.906748
7.521542
7.363862
7.206373
7.052954
6.901109
9.342339
9.240885
9.067239
8.347665
7.934487
7.760361
7.589187
7.418881
7.2525
7.087811
9.616144
9.428214
8.678356
8.242614
8.059463
7.875943
7.695836
7.516766
7.341511
7.168155
9.661456
8.889667
8.443355
8.251764
8.062805
7.874399
7.689326
7.505568
7.325587
7.146887
8.995321
8.541929
8.349136
8.15517
7.964571
7.77487
7.588596
7.40402
7.222505
6.762559
8.768467
8.195315
8.196253
7.683718
7.688001
7.666376
7.303827
7.306695
7.290194
7.230124
7.060394
7.065711
7.048972
6.995297
6.888245
6.948104
6.951221
6.937407
6.883781
6.782271
6.324289
6.953977
6.959453
6.943377
6.891684
6.788019
6.331123
6.078056
7.083348
7.086331
7.071675
7.015498
6.90972
6.434301
6.172925
6.069414
7.340079
7.345831
7.326727
7.268076
7.152114
6.645652
6.362918
6.25242
6.142722
7.742615
7.742745
7.723249
7.654753
7.528845
6.972629
6.662301
6.537284
6.416057
6.296331
8.275767
8.24641
8.170662
8.026667
7.414476
7.066063
6.926001
6.786425
6.651156
6.517626
8.837005
8.745331
8.586552
7.913331
7.52969
7.370197
7.214099
7.059082
6.90832
6.759428
9.252183
9.074552
8.356754
7.941235
7.76861
7.595764
7.426711
7.258849
7.09514
6.933461
9.438832
8.685585
8.251542
8.066387
7.884178
7.702563
7.524588
7.347995
7.175479
7.004325
8.899117
8.450485
8.260603
8.069814
7.882536
7.69612
7.513296
7.332146
7.154117
6.702986
8.550282
8.356066
8.163914
7.971586
7.782844
7.595331
7.41153
7.228822
6.76917
6.062935
9.278549
8.778779
8.777623
8.203157
8.20605
8.179595
7.693065
7.69525
7.6755
7.608235
7.310376
7.315497
7.296859
7.238591
7.123701
7.068846
7.071916
7.057287
7.001458
6.896097
6.422061
6.953973
6.959451
6.943366
6.891685
6.788022
6.331133
6.078065
6.962229
6.965289
6.951471
6.897481
6.79558
6.336241
6.084358
5.984828
7.088731
7.09474
7.077574
7.023503
6.915434
6.441192
6.177799
6.075565
5.974013
7.350602
7.35151
7.335354
7.274082
7.160089
6.651078
6.369634
6.257391
6.148864
6.041669
7.753731
7.729332
7.663538
7.534992
6.980269
6.667807
6.544221
6.421275
6.302627
6.185651
8.257783
8.177191
8.035585
7.420529
7.073745
6.931837
6.793646
6.656725
6.524226
6.393693
8.756613
8.593418
7.922073
7.535962
7.378084
7.220219
7.06652
6.914206
6.766327
6.620608
9.085521
8.363677
7.949948
7.775171
7.60376
7.433074
7.266396
7.101246
6.94048
6.781265
8.695698
8.258519
8.075085
7.890913
7.710549
7.531098
7.355536
7.181714
7.011338
6.579085
8.459641
8.267571
8.078421
7.889349
7.704006
7.519862
7.339589
7.160411
6.709546
6.017968
8.36426
8.170683
7.980086
7.789647
7.603044
7.418023
7.236038
6.774924
6.068362
5.942903
9.654364
9.289082
9.285848
8.78706
8.787853
8.755348
8.21298
8.213833
8.189227
8.112135
7.700053
7.704532
7.682627
7.617103
7.490268
7.319172
7.322003
7.305515
7.245064
7.131814
6.625564
7.074883
7.080321
7.063391
7.009531
6.901994
6.429049
6.166503
6.96223
6.965285
6.951469
6.89747
6.795581
6.336244
6.084367
5.984836
6.967456
6.9735
6.957212
6.905341
6.801126
6.342955
6.089077
5.990836
5.893208
7.098831
7.100085
7.085851
7.029231
6.923101
6.446292
6.18416
6.08022
5.979871
5.880672
7.361971
7.34094
7.282468
7.165853
6.658246
6.374669
6.263813
6.153608
6.047516
5.94288
7.740137
7.669457
7.543447
6.985869
6.674941
6.549503
6.427911
6.30761
6.191646
6.077509
8.188267
8.041891
7.428766
7.079459
6.939239
6.799257
6.663643
6.52955
6.399982
6.272585
8.604349
7.928514
7.544286
7.384161
7.227835
7.072417
6.921346
6.771965
6.62719
6.484153
8.374059
7.9566
7.783639
7.610126
7.440807
7.272536
7.108501
6.946336
6.787966
6.386047
8.268279
8.081892
7.899369
7.717085
7.538824
7.361818
7.188963
7.017313
6.585419
5.924819
8.276529
8.085219
7.897712
7.710611
7.527484
7.345916
7.167555
6.71526
6.023329
5.901476
8.17871
7.986686
7.797892
7.609625
7.425463
7.242277
6.781496
6.073092
5.947908
5.88241
9.891879
9.665045
9.660075
9.297704
9.296297
9.258211
8.797192
8.796069
8.765407
8.676985
8.220458
8.223582
8.196879
8.121507
7.979131
7.709301
7.711471
7.691753
7.624031
7.498787
6.945213
7.325512
7.330744
7.311914
7.253473
7.13802
6.63284
6.351019
7.08335
7.08632
7.071663
7.015457
6.909721
6.434308
6.172948
6.069436
6.967412
6.9735
6.957208
6.905339
6.801115
6.342957
6.089079
5.990846
5.893216
6.9773
6.978691
6.965297
6.910914
6.808647
6.347888
6.095264
5.995341
5.898928
5.803562
7.110133
7.091112
7.037275
6.928587
6.453132
6.188873
6.086294
5.98431
5.886242
5.789422
7.351234
7.2879
7.173904
6.663435
6.381318
6.26863
6.159737
6.052038
5.948436
5.846397
7.679974
7.549148
6.993568
6.680177
6.556349
6.432968
6.313944
6.196395
6.083206
5.971975
8.052589
7.434604
7.08723
6.94475
6.806371
6.669023
6.536162
6.405059
6.278562
6.153864
7.938771
7.550433
7.392222
7.233709
7.079754
6.927014
6.778801
6.632574
6.490412
6.130165
7.966573
7.790114
7.618338
7.44697
7.279996
7.11441
6.95329
6.793562
6.392056
5.780441
8.091416
7.905999
7.725289
7.545151
7.369272
7.195008
7.024259
6.590823
5.929962
5.81546
8.093969
7.90433
7.718717
7.533871
7.353262
7.173632
6.721749
6.028001
5.906415
5.842988
7.994537
7.804312
7.617601
7.431811
7.249431
6.787179
6.078494
5.952276
5.887151
5.856935
10.00501
9.902713
9.896487
9.673964
9.670671
9.628225
9.308032
9.30485
9.268489
9.170057
8.805077
8.806122
8.773487
8.686786
8.52729
8.230145
8.231003
8.206465
8.128955
7.988163
7.376692
7.716055
7.720654
7.698576
7.632904
7.505447
6.952945
6.64222
7.33437
7.337041
7.320514
7.259689
7.146082
6.638415
6.357759
6.246014
7.088656
7.094741
7.077563
7.023492
6.915395
6.441193
6.177805
6.075587
5.974034
6.977223
6.978648
6.965296
6.91091
6.808646
6.347879
6.095265
5.995343
5.898936
5.803569
6.988485
6.970405
6.918771
6.813981
6.354575
6.099814
6.001245
5.903221
5.808998
5.71591
7.101006
7.042389
6.936298
6.458033
6.195192
6.090797
5.990099
5.890468
5.79471
5.700282
7.297914
7.179123
6.670681
6.386135
6.274992
6.164337
6.057875
5.952737
5.851669
5.752251
7.559283
6.998773
6.687373
6.561376
6.439522
6.318775
6.202428
6.087721
5.977377
5.86866
7.44451
7.092748
6.952241
6.811673
6.675844
6.541307
6.411361
6.283392
6.159531
5.846784
7.560217
7.398183
7.241497
7.085418
6.934063
6.784234
6.6391
6.495539
6.135733
5.58983
7.799818
7.624627
7.454914
7.285946
7.121587
6.958959
6.800205
6.397084
5.785277
5.681522
7.915275
7.731732
7.55309
7.375381
7.202179
7.030056
6.597104
5.93436
5.820201
5.760963
7.912861
7.725147
7.541708
7.359421
7.18069
6.727275
6.033315
5.910724
5.847664
5.818521
7.811979
7.623831
7.439505
7.255534
6.793701
6.083165
5.957262
5.891292
5.861531
5.850572
10.01576
10.00907
9.911941
9.907236
9.861848
9.684412
9.679519
9.638649
9.532658
9.316285
9.315097
9.276904
9.180081
9.005879
8.815063
8.813946
8.783375
8.694662
8.536761
7.866676
8.237316
8.240619
8.213762
8.138286
7.995344
7.385008
7.038149
7.725349
7.727359
7.707608
7.639537
7.513975
6.958998
6.649432
6.524968
7.34
7.345844
7.326706
7.268047
7.152044
6.645654
6.362928
6.252455
6.142752
7.098705
7.100009
7.085851
7.029221
6.923091
6.446257
6.184162
6.080226
5.979893
5.880691
6.988412
6.970363
6.918769
6.813977
6.354574
6.099806
6.001247
5.903223
5.809007
5.715917
6.980049
6.923733
6.821507
6.359322
6.105981
6.005591
5.908846
5.813083
5.72107
5.630263
7.052012
6.941203
6.464923
6.199724
6.096835
5.994394
5.895977
5.798727
5.705296
5.613261
7.188755
6.675391
6.392862
6.279604
6.170413
6.06226
5.958288
5.855753
5.757244
5.66009
7.008033
6.692249
6.568286
6.444338
6.325036
6.207033
6.093455
5.981662
5.873771
5.602392
7.102108
6.957567
6.818878
6.680934
6.547832
6.416271
6.289385
6.164112
5.851795
5.37872
7.40767
7.247266
7.092924
6.939511
6.790989
6.644294
6.501751
6.1403
5.594271
5.50345
7.63405
7.461009
7.293612
7.127317
6.965844
6.805629
6.403048
5.789334
5.68598
5.632731
7.740748
7.559337
7.383043
7.208061
7.036933
6.602352
5.93947
5.824262
5.765454
5.738472
7.733447
7.547939
7.366977
7.186608
6.733695
6.037846
5.915627
5.851746
5.823053
5.812511
7.631303
7.445536
7.262931
6.799265
6.088537
5.961574
5.896018
5.86555
5.855112
10.02494
10.01973
9.973064
9.922471
9.916391
9.872425
9.761488
9.692955
9.689885
9.647357
9.542833
9.357759
9.326484
9.323285
9.286985
9.188293
9.015587
8.298874
8.822713
8.823855
8.791071
8.704298
8.544378
7.875514
7.491572
8.247085
8.247735
8.22322
8.145392
8.00434
7.391629
7.045977
6.90496
7.731478
7.73659
7.7142
7.648323
7.520355
6.966745
6.655082
6.53188
6.409493
7.350469
7.35143
7.335366
7.274061
7.160063
6.651015
6.369637
6.2574
6.148897
6.041697
7.110003
7.091033
7.037274
6.928577
6.453124
6.188841
6.086296
5.984315
5.886262
5.789439
6.979981
6.923692
6.821505
6.359319
6.10598
6.005583
5.908847
5.813085
5.721077
5.630269
6.93311
6.826261
6.366024
6.110363
6.011479
5.912988
5.818434
5.724951
5.635153
5.546619
6.950446
6.469316
6.206095
6.101167
6.000153
5.900067
5.803961
5.709108
5.618008
5.528038
6.684093
6.397244
6.286045
6.174819
6.068052
5.96246
5.861022
5.761116
5.664812
5.423361
6.700923
6.572974
6.450958
6.32964
6.213001
6.097835
5.987101
5.877829
5.606904
5.195786
6.966601
6.824008
6.687847
6.552705
6.422497
6.294057
6.169795
5.85585
5.382705
5.304578
7.256444
7.098493
6.946726
6.796215
6.650749
6.506699
6.145831
5.597924
5.507547
5.461263
7.470139
7.299506
7.134694
6.971345
6.812211
6.407925
5.794142
5.689728
5.636956
5.612982
7.568081
7.389085
7.215434
7.042578
6.608579
5.94375
5.828976
5.769306
5.742826
5.733138
7.555998
7.372998
7.193869
6.739083
6.043117
5.919812
5.856393
5.82701
5.816987
7.452801
7.268752
6.80601
6.093117
5.966537
5.900105
5.870133
5.859082
10.03547
10.02884
9.983559
9.87039
9.931247
9.926839
9.881437
9.771817
9.579756
9.703275
9.698362
9.657558
9.551336
9.367627
8.618742
9.334558
9.333406
9.295043
9.19813
9.023546
8.308017
7.894484
8.832898
8.831446
8.80082
8.711803
8.553696
7.882632
7.499971
7.341204
8.253855
8.257432
8.230218
8.154602
8.011195
7.399919
7.052215
6.912493
6.77344
7.742485
7.742669
7.72328
7.654734
7.528805
6.972549
6.662311
6.537299
6.416103
6.296363
7.361836
7.340859
7.28248
7.165833
6.658223
6.374611
6.263816
6.153617
6.047547
5.942906
7.100872
7.042309
6.936297
6.458024
6.195185
6.090767
5.990101
5.890472
5.794729
5.700298
6.933047
6.826222
6.366022
6.11036
6.011478
5.91298
5.818435
5.724953
5.63516
5.546625
6.835261
6.370267
6.11655
6.015665
5.918602
5.822377
5.730034
5.638837
5.551249
5.464675
6.477607
6.210166
6.107259
6.004286
5.905551
5.807849
5.714074
5.621621
5.532526
5.309684
6.405341
6.290247
6.180975
6.072254
5.967972
5.864985
5.766109
5.668476
5.427532
5.060638
6.581316
6.455456
6.335969
6.217393
6.103514
5.991259
5.882977
5.610488
5.199388
5.131042
6.832707
6.692776
6.559323
6.427151
6.299983
6.17423
5.860876
5.385935
5.308263
5.268524
7.107352
6.952089
6.803132
6.655748
6.512849
6.150244
5.602343
5.510924
5.465149
5.444522
7.308329
7.140376
6.978424
6.817477
6.413842
5.798085
5.694165
5.640514
5.617079
5.608532
7.397543
7.221261
7.04965
6.613695
5.948826
5.832932
5.773775
5.746565
5.737438
7.380803
7.199671
6.745691
6.047543
5.924683
5.860362
5.831518
5.820895
7.275799
6.81135
6.098672
5.970768
5.904814
5.874097
5.86361
10.04438
10.03929
9.992522
9.880642
9.685386
9.941641
9.935548
9.891721
9.78062
9.58978
8.821328
9.711684
9.708602
9.665902
9.561297
9.375879
8.628088
8.19417
9.345016
9.341417
9.305002
9.205995
9.033078
8.315524
7.903236
7.72976
8.840247
8.841554
8.808287
8.721309
8.560958
7.891335
7.506742
7.349323
7.192236
8.265467
8.264145
8.239757
8.161418
8.020081
7.406245
7.060022
6.9185
6.780672
6.644285
7.753601
7.729257
7.663567
7.534972
6.980234
6.667733
6.54423
6.421289
6.30267
6.185681
7.351096
7.287819
7.173916
6.663416
6.381297
6.268575
6.15974
6.052045
5.948466
5.846421
7.051876
6.941125
6.464922
6.199715
6.096828
5.994366
5.895979
5.798731
5.705314
5.613276
6.835203
6.370232
6.116548
6.015662
5.918601
5.82237
5.730036
5.638838
5.551255
5.46468
6.378312
6.120475
6.021578
5.922593
5.827721
5.733782
5.643659
5.55474
5.469051
5.255011
6.217851
6.111157
6.010101
5.909487
5.813064
5.717765
5.626326
5.535945
5.313654
4.974093
6.298015
6.184997
6.078126
5.971972
5.870221
5.769866
5.6732
5.430773
5.063986
5.002142
6.463461
6.340276
6.223432
6.107694
5.996651
5.886915
5.615033
5.202252
5.134382
5.099498
6.701134
6.564048
6.43347
6.304419
6.179856
5.864805
5.389935
5.311253
5.272026
5.254357
6.960619
6.808283
6.662361
6.517617
6.155728
5.60588
5.515006
5.468357
5.448293
5.44094
7.148882
6.983888
6.824246
6.418582
5.802866
5.697812
5.644723
5.620535
5.61258
7.229421
7.055252
6.620101
5.953005
5.837623
5.777531
5.750902
5.741132
7.207207
6.750995
6.052971
5.928775
5.864983
5.83537
5.825348
6.81787
6.10312
5.975898
5.908825
5.878667
5.867526
10.0548
10.04813
10.00281
9.889401
9.695342
8.917921
9.950331
9.945862
9.900295
9.790667
9.59833
8.83085
8.384544
9.722283
9.716946
9.675982
9.569448
9.385545
8.635913
8.203156
8.019216
9.352834
9.351794
9.312886
9.215716
9.040705
8.324509
7.910428
7.738253
7.566112
8.852032
8.848843
8.818232
8.728592
8.570156
7.898128
7.515019
7.355875
7.200067
7.045477
8.275667
8.246356
8.170709
8.026659
7.414443
7.065988
6.926017
6.786443
6.651211
6.517662
7.740008
7.669382
7.543475
6.98585
6.67491
6.549433
6.42792
6.307623
6.191687
6.077536
7.297776
7.179042
6.670691
6.386117
6.274973
6.164286
6.057878
5.952744
5.851697
5.752273
6.950312
6.469246
6.206094
6.101158
6.000147
5.90004
5.803963
5.709112
5.618024
5.528052
6.378261
6.120443
6.021576
5.92259
5.82772
5.733775
5.64366
5.554741
5.469057
5.255015
6.12792
6.025332
5.928235
5.831521
5.738862
5.647216
5.559309
5.472355
5.258886
4.932222
6.118519
6.013827
5.915029
5.816808
5.722717
5.629826
5.540397
5.316683
4.977294
4.919289
6.192434
6.081968
5.977563
5.874022
5.774833
5.676756
5.434947
5.066592
5.005252
4.973489
6.347943
6.227547
6.113444
6.000622
5.892024
5.618513
5.205879
5.13704
5.102677
5.087077
6.57206
6.437989
6.310437
6.184071
5.869788
5.393067
5.314953
5.274869
5.257759
5.251371
6.816474
6.667295
6.52392
6.159986
5.610272
5.51828
5.472233
5.45141
5.444667
6.992065
6.829484
6.424671
5.806704
5.702231
5.648187
5.62462
5.615996
7.0631
6.625195
5.958232
5.84149
5.781983
5.754549
5.745417
6.757913
6.057364
5.933791
5.868868
5.839855
5.829154
6.108628
5.980037
5.91369
5.882559
5.872041
10.06372
10.05847
10.01151
9.899459
9.703853
8.927394
8.475459
9.961038
9.954485
9.910449
9.799045
9.608087
8.838976
8.393719
8.203256
9.730392
9.727464
9.684195
9.579293
9.393459
8.645075
8.210685
8.027959
7.845075
9.364617
9.359551
9.323099
9.223413
9.050131
8.331708
7.919034
7.745238
7.574336
7.404412
8.860541
8.825405
8.738291
8.577206
7.906728
7.521486
7.363882
7.206392
7.05301
6.901146
8.257682
8.177137
8.035629
7.420521
7.073715
6.931765
6.793663
6.656742
6.524278
6.393726
7.679845
7.549074
6.993593
6.680158
6.55632
6.432901
6.313953
6.196406
6.083244
5.972
7.188616
6.675318
6.392871
6.279587
6.170395
6.062211
5.958291
5.85576
5.757269
5.66011
6.477485
6.210102
6.107257
6.004277
5.905545
5.807824
5.714076
5.621624
5.532541
5.309696
6.127874
6.025303
5.928233
5.831518
5.738861
5.64721
5.55931
5.472357
5.258891
4.932225
6.032463
5.931821
5.836896
5.742474
5.652038
5.562681
5.476679
5.261816
4.935356
4.87912
6.020868
5.918584
5.822081
5.726272
5.634521
5.543709
5.320625
4.979744
4.922266
4.892301
6.089077
5.981228
5.879338
5.778439
5.681459
5.438093
5.069945
5.007676
4.976453
4.962108
6.234875
6.117368
6.006085
5.895788
5.623029
5.208661
5.140404
5.105209
5.090169
5.084395
6.445652
6.314749
6.189789
5.873528
5.397042
5.317855
5.278387
5.260523
5.254734
6.675141
6.528631
6.165609
5.613692
5.522344
5.475346
5.455174
5.447749
6.83732
6.429399
5.811626
5.705784
5.652384
5.627987
5.620033
6.632339
5.962418
5.846319
5.785656
5.758871
5.749022
6.063132
5.937872
5.873627
5.843627
5.833587
5.985214
5.917636
5.887278
5.875887
10.0746
10.06732
10.0217
9.907962
9.713626
8.935499
8.4846
8.291189
9.969269
9.965111
9.918939
9.808969
9.616228
8.848252
8.401555
8.212196
8.022611
9.741778
9.73551
9.694549
9.587317
9.403018
8.652584
8.219498
8.035289
7.853563
7.672643
9.371248
9.330735
9.233384
9.057596
8.3406
7.925936
7.753595
7.581106
7.412355
7.244902
8.836916
8.74529
8.586595
7.913328
7.52967
7.370143
7.214119
7.059101
6.908373
6.759462
8.188166
8.041836
7.428805
7.07945
6.93921
6.799188
6.663659
6.529566
6.40003
6.272615
7.559155
6.998705
6.687396
6.561358
6.439494
6.318712
6.202436
6.087732
5.977412
5.868682
6.683966
6.397176
6.286053
6.174803
6.068036
5.962415
5.861025
5.761122
5.664835
5.423378
6.217739
6.111095
6.0101
5.909479
5.813059
5.717742
5.626328
5.535948
5.313666
4.974101
6.032419
5.931793
5.836894
5.742471
5.652038
5.562675
5.47668
5.261817
4.93536
4.879122
5.938638
5.840316
5.747588
5.655468
5.567253
5.479871
5.265649
4.937733
4.882035
4.852885
5.925309
5.825469
5.731283
5.637891
5.548155
5.32356
4.982928
4.924549
4.895139
4.881482
5.988012
5.882827
5.783484
5.684874
5.442254
5.072475
5.010794
4.978765
4.964991
4.959544
6.12436
6.00982
5.900968
5.626359
5.212273
5.142987
5.108413
5.092633
5.087452
6.32206
6.193891
5.878599
5.400034
5.32154
5.281148
5.263941
5.257467
6.536125
6.169827
5.6182
5.525514
5.47921
5.458202
5.451469
6.436472
5.815474
5.710334
5.655762
5.632063
5.623361
5.968297
5.850206
5.79024
5.762439
5.753294
5.943254
5.877513
5.848246
5.837314
5.922608
5.891121
5.880549
10.08275
10.07812
10.03042
9.917921
9.721891
8.944803
8.492426
8.300103
8.107481
9.979867
9.973279
9.929401
9.817266
9.625871
8.855998
8.410501
8.219834
8.031303
7.843515
9.746813
9.702473
9.597433
9.410811
8.661651
8.226729
8.043869
7.860685
7.680864
7.502169
9.342251
9.240844
9.067267
8.347651
7.934457
7.760302
7.589203
7.418901
7.252554
7.08784
8.756522
8.593375
7.922112
7.535957
7.378065
7.220167
7.066538
6.914223
6.766377
6.62064
8.052486
7.434551
7.087266
6.94474
6.806344
6.668958
6.536177
6.405073
6.278607
6.153892
7.007914
6.692185
6.568308
6.44432
6.32501
6.206974
6.093463
5.981672
5.873804
5.602411
6.405223
6.290182
6.180983
6.072238
5.967957
5.864943
5.766112
5.668481
5.427552
5.06065
6.118411
6.013768
5.915028
5.816799
5.722712
5.629804
5.540399
5.316686
4.977303
4.919296
5.938596
5.84029
5.747587
5.655465
5.567253
5.479866
5.265649
4.937734
4.882038
4.852888
5.846825
5.750846
5.660327
5.570505
5.484201
5.268481
4.940839
4.884251
4.855666
4.84231
5.831882
5.734506
5.642646
5.551346
5.3275
4.985302
4.927514
4.897318
4.884244
4.878953
5.88929
5.786801
5.689654
5.445276
5.075824
5.013148
4.981738
4.967243
4.962396
6.016478
5.904515
5.630942
5.21494
5.146344
5.110874
5.095749
5.089888
6.200851
5.882247
5.404085
5.324318
5.284656
5.266627
5.260846
6.176536
5.621603
5.529687
5.482227
5.461957
5.454462
5.821227
5.713906
5.660083
5.635347
5.627391
5.855665
5.79394
5.76689
5.756822
5.882656
5.852028
5.841879
5.895986
5.884353
10.09226
10.08621
10.04105
9.926439
9.731572
8.952676
8.501409
8.307739
8.116156
7.925243
9.9838
9.937447
9.827492
9.633934
8.865171
8.417975
8.228554
8.038733
7.851947
7.666214
9.713607
9.605181
9.420635
8.669048
8.235455
8.050912
7.86902
7.68777
7.510112
7.333923
9.252093
9.074509
8.356779
7.94122
7.768581
7.595707
7.426726
7.258867
7.095191
6.933488
8.604255
7.928471
7.544322
7.384155
7.227818
7.072367
6.921364
6.77198
6.627236
6.484182
7.44441
7.092697
6.952274
6.811663
6.675819
6.541246
6.411375
6.283405
6.159572
5.846807
6.70081
6.572911
6.450978
6.329622
6.212978
6.097781
5.987109
5.877838
5.606931
5.1958
6.2979
6.184934
6.078133
5.971956
5.870207
5.769828
5.673203
5.430777
5.064
5.002152
6.020765
5.918528
5.82208
5.726264
5.634516
5.543689
5.320626
4.979746
4.922274
4.892307
5.846786
5.750821
5.660326
5.570503
5.4842
5.268476
4.940839
4.884252
4.855668
4.842312
5.757052
5.663426
5.575117
5.48728
5.272322
4.943137
4.887145
4.857782
4.845016
4.839788
5.740613
5.64571
5.555852
5.330328
4.988489
4.929726
4.900149
4.886366
4.881684
5.792951
5.692802
5.449508
5.078256
5.016266
4.983984
4.970137
4.964623
5.910843
5.63409
5.218612
5.148823
5.114074
5.098144
5.092969
5.888437
5.407016
5.328077
5.287304
5.270039
5.263502
5.627011
5.532848
5.486196
5.464893
5.458176
5.719242
5.663485
5.639544
5.630639
5.799142
5.77049
5.76122
5.857043
5.845621
5.889179
10.09565
10.04902
9.936833
9.739852
8.961898
8.509014
8.316502
8.123592
7.933668
7.74472
9.947816
9.835363
9.643874
8.872846
8.426826
8.235845
8.047218
7.85916
7.674373
7.490979
9.616066
9.428166
8.678371
8.24258
8.059411
7.875868
7.695848
7.51679
7.341576
7.168189
9.085427
8.363632
7.949972
7.775155
7.603733
7.433019
7.266411
7.101263
6.940528
6.78129
7.938678
7.55039
7.392256
7.233703
7.079737
6.926966
6.778818
6.632589
6.490455
6.13019
7.102012
6.957516
6.818909
6.680923
6.547809
6.416214
6.289398
6.164124
5.851829
5.378737
6.581206
6.455395
6.335988
6.217376
6.103492
5.991209
5.882984
5.610496
5.199407
5.131053
6.192324
6.081908
5.97757
5.874007
5.774821
5.676721
5.43495
5.066595
5.005264
4.973498
5.925211
5.825416
5.731281
5.637884
5.548151
5.323543
4.982929
4.92455
4.895146
4.881487
5.757016
5.663403
5.575115
5.487277
5.272321
4.943134
4.887146
4.857783
4.845018
4.83979
5.669336
5.578061
5.49165
5.275053
4.946253
4.889289
4.860546
4.847077
4.842463
5.651519
5.558758
5.334324
4.990777
4.932698
4.902261
4.889122
4.883784
5.698643
5.452304
5.081665
5.01853
4.986962
4.972324
4.967485
5.639708
5.221148
5.152239
5.116439
5.10126
5.095338
5.411985
5.330805
5.290886
5.272617
5.266877
5.537872
5.48921
5.468751
5.46108
5.668566
5.642856
5.634788
5.775553
5.764784
5.850588
10.05832
9.944631
9.749957
8.969784
8.51792
8.323924
8.132125
7.940894
7.752882
7.566183
9.84551
9.651532
8.882304
8.434233
8.244477
8.054316
7.867397
7.681358
7.498853
7.318103
9.43875
8.685537
8.251556
8.066353
7.884129
7.70249
7.5246
7.348017
7.17554
7.004357
8.373966
7.956556
7.783661
7.61011
7.440781
7.272483
7.108515
6.946351
6.788011
6.386068
7.560126
7.398139
7.24153
7.085411
6.934048
6.784189
6.639116
6.495553
6.135769
5.589848
6.966505
6.823957
6.687876
6.552695
6.422475
6.294004
6.169807
5.85586
5.38273
5.304592
6.463354
6.340217
6.223449
6.107678
5.996631
5.886869
5.615039
5.202257
5.134399
5.099508
6.088972
5.98117
5.879344
5.778425
5.681448
5.438063
5.069947
5.007679
4.976463
4.962116
5.831789
5.734457
5.642645
5.551339
5.327496
4.98529
4.927515
4.89732
4.88425
4.878959
5.669303
5.57804
5.491649
5.275051
4.946253
4.889286
4.860547
4.847078
4.842465
5.583683
5.494444
5.278934
4.948469
4.892196
4.862594
4.84977
4.844503
5.564277
5.336909
4.994014
4.934831
4.905102
4.89118
4.88651
5.457494
5.083931
5.021709
4.989123
4.975225
4.969648
5.225673
5.154606
5.1197
5.103562
5.098421
5.335432
5.29349
5.276103
5.269428
5.494001
5.471687
5.464896
5.647799
5.638066
5.769791
9.953749
9.757551
8.979409
8.525538
8.332617
8.139355
7.949185
7.759888
7.574069
7.389926
9.661414
8.889615
8.443361
8.251703
8.062719
7.874292
7.689335
7.505599
7.325679
7.146937
8.695614
8.25847
8.075097
7.890879
7.710502
7.531028
7.355548
7.181734
7.011395
6.579112
7.96648
7.790068
7.618358
7.446953
7.279972
7.11436
6.953303
6.793577
6.392095
5.780457
7.407578
7.247222
7.092954
6.939504
6.790974
6.644251
6.501765
6.140311
5.594297
5.503465
6.832613
6.692727
6.55935
6.427141
6.299963
6.174181
5.860887
5.385942
5.308284
5.268536
6.34784
6.22749
6.11346
6.000606
5.892005
5.618474
5.205884
5.137045
5.102692
5.087087
5.987911
5.882773
5.78349
5.684861
5.442245
5.072454
5.010795
4.978768
4.965001
4.959552
5.740527
5.645664
5.555851
5.330322
4.988487
4.929715
4.90015
4.886367
4.88169
5.583652
5.494425
5.278933
4.948468
4.892196
4.862591
4.84977
4.844503
5.499786
5.281422
4.951623
4.894263
4.865373
4.851764
4.847166
5.34182
4.99612
4.937853
4.907138
4.893949
4.888546
5.088135
5.023827
4.992161
4.97733
4.972519
5.158834
5.121963
5.10674
5.100699
5.29791
5.278641
5.272877
5.476353
5.467803
5.642955
9.766448
8.986673
8.534834
8.340051
8.147823
7.956213
7.767925
7.580844
7.397523
7.215281
8.89907
8.450433
8.260608
8.069755
7.882455
7.696018
7.513305
7.332176
7.154203
6.703029
8.268194
8.081843
7.899381
7.717052
7.538779
7.361752
7.188974
7.017332
6.585468
5.924839
7.799724
7.624581
7.454933
7.285929
7.121564
6.958912
6.800218
6.397096
5.785306
5.681536
7.256352
7.098449
6.946755
6.796207
6.650735
6.50666
6.145843
5.597932
5.50757
5.461276
6.701042
6.564
6.433495
6.304408
6.179838
5.864763
5.389942
5.311259
5.272044
5.254368
6.234777
6.117315
6.0061
5.895773
5.623014
5.208633
5.140408
5.105213
5.090183
5.084404
5.889196
5.786751
5.689659
5.445265
5.075817
5.013129
4.98174
4.967245
4.962405
5.651438
5.558716
5.334323
4.990772
4.932696
4.902252
4.889123
4.883785
5.499758
5.281405
4.951622
4.894262
4.865373
4.851762
4.847166
5.286181
4.953655
4.897211
4.867348
4.854474
4.849139
5.000118
4.939825
4.91003
4.895932
4.891286
5.027764
4.994189
4.980291
4.974602
5.126011
5.108947
5.103843
5.282951
5.275391
5.472419
8.995229
8.541872
8.349124
8.155064
7.964445
7.774741
7.588614
7.404056
7.222576
6.762595
8.459591
8.267518
8.078425
7.889291
7.703928
7.519766
7.339598
7.160439
6.70962
6.018
8.09133
7.905949
7.725299
7.545119
7.36923
7.194945
7.024269
6.59084
5.929999
5.815478
7.633956
7.460963
7.29363
7.1273
6.965822
6.805584
6.403058
5.789343
5.686005
5.632744
7.107261
6.952046
6.803158
6.65574
6.512836
6.150211
5.602352
5.510931
5.465169
5.444534
6.571971
6.437943
6.310461
6.184061
5.869773
5.393038
5.31496
5.274875
5.257776
5.251382
6.124267
6.00977
5.900981
5.626346
5.212262
5.142964
5.108416
5.092637
5.087465
5.792863
5.692755
5.449513
5.078248
5.01626
4.983968
4.970139
4.964625
5.564202
5.336874
4.994013
4.934827
4.9051
4.891171
4.886511
5.286157
4.953643
4.89721
4.867347
4.854474
4.849137
4.957543
4.899114
4.870169
4.856398
4.851821
4.943574
4.911918
4.898753
4.893248
4.997964
4.98227
4.977532
5.1129
5.10603
5.279656
8.55019
8.356007
8.163902
7.971484
7.782725
7.595209
7.411547
7.228856
6.769232
6.062962
8.276476
8.085165
7.897715
7.710555
7.527411
7.345826
7.167563
6.715283
6.023383
5.901503
7.915188
7.731681
7.553099
7.37535
7.202139
7.029998
6.597113
5.934373
5.820232
5.760979
7.470045
7.299459
7.13471
6.971329
6.812191
6.407887
5.79415
5.689736
5.636978
5.612993
6.960531
6.80824
6.662385
6.517609
6.155717
5.605855
5.515014
5.468364
5.448312
5.440953
6.445567
6.314705
6.18981
5.873519
5.397031
5.31783
5.278392
5.260528
5.25475
6.016392
5.904468
5.630954
5.214931
5.146334
5.110853
5.095752
5.089892
5.698562
5.452265
5.081668
5.018523
4.986957
4.972309
4.967487
5.341757
4.996093
4.937853
4.907135
4.893947
4.888537
4.957525
4.899103
4.870168
4.856397
4.85182
4.902764
4.871992
4.85915
4.853724
4.915517
4.900596
4.89604
4.985959
4.979494
5.109944
8.364165
8.170624
7.980075
7.78955
7.602932
7.417908
7.236054
6.774953
6.068408
5.942927
8.093913
7.904276
7.71872
7.533818
7.353194
7.173548
6.721757
6.028019
5.906462
5.843012
7.740661
7.559287
7.383052
7.208031
7.036896
6.602302
5.939477
5.824273
5.765482
5.738488
7.308237
7.140331
6.978439
6.817461
6.413825
5.798056
5.694172
5.640521
5.6171
5.608544
6.816389
6.667254
6.523941
6.159978
5.610264
5.518259
5.472239
5.451417
5.444685
6.32198
6.19385
5.878616
5.400027
5.32153
5.281126
5.263946
5.257472
5.910762
5.634051
5.21862
5.148815
5.114066
5.098125
5.092973
5.457425
5.083902
5.021711
4.989117
4.97522
4.969634
5.000071
4.939802
4.910029
4.895929
4.891284
4.902748
4.871983
4.859149
4.853723
4.875498
4.86093
4.856449
4.904113
4.897867
4.983146
8.178615
7.986627
7.797881
7.609533
7.425358
7.242171
6.78151
6.073114
5.947948
5.882431
7.912803
7.725093
7.541711
7.35937
7.180626
6.727202
6.033321
5.910739
5.847705
5.818543
7.567994
7.389036
7.215442
7.042549
6.608546
5.943712
5.828982
5.769316
5.742853
5.733152
7.148793
6.983844
6.82426
6.418568
5.802852
5.697787
5.644729
5.620542
5.612601
6.67506
6.528593
6.165627
5.613686
5.522336
5.475327
5.45518
5.447755
6.200776
5.882212
5.404097
5.324312
5.284647
5.266606
5.260851
5.63964
5.221119
5.152246
5.116432
5.101252
5.09532
5.088084
5.023802
4.992163
4.977324
4.972514
4.943534
4.911898
4.898752
4.893245
4.875484
4.860921
4.856448
4.864357
4.858213
4.90135
7.994442
7.804254
7.61759
7.431724
7.249333
6.787087
6.078504
5.952295
5.887186
5.856955
7.733389
7.547886
7.366978
7.186561
6.73364
6.037792
5.915632
5.851759
5.823091
5.812532
7.397459
7.221213
7.049657
6.61367
5.948802
5.8329
5.77378
5.746574
5.737463
6.99198
6.829442
6.424682
5.806693
5.702219
5.648165
5.624626
5.616003
6.536048
6.169794
5.618212
5.525508
5.479203
5.458184
5.451475
5.888373
5.40699
5.328087
5.287298
5.270031
5.263482
5.225624
5.154581
5.119706
5.103556
5.098414
5.02772
4.994167
4.980293
4.974596
4.915481
4.900577
4.896039
4.864344
4.858204
4.861607
7.811885
7.623774
7.439494
7.255453
6.793617
6.083097
5.957271
5.891309
5.861564
5.850591
7.555939
7.372947
7.19387
6.739041
6.043076
5.919766
5.856397
5.827023
5.817023
7.22934
7.055206
6.620106
5.952986
5.837602
5.777502
5.750906
5.741141
6.837239
6.429362
5.811634
5.705774
5.652372
5.627966
5.620038
6.17647
5.621577
5.529697
5.482222
5.46195
5.454445
5.411938
5.330782
5.290894
5.272611
5.266869
5.158791
5.121941
5.106745
5.100692
4.997925
4.98225
4.977534
4.904081
4.897849
4.861595
7.631211
7.44548
7.262921
6.799195
6.088475
5.961516
5.896026
5.865565
5.855144
7.380744
7.199622
6.745692
6.047512
5.924648
5.860321
5.831522
5.820908
7.063023
6.625155
5.958236
5.841473
5.781964
5.754522
5.745421
6.436401
5.815446
5.71034
5.655753
5.632052
5.623341
5.626962
5.532826
5.486204
5.464887
5.458169
5.335391
5.29347
5.276111
5.269422
5.125973
5.108927
5.103848
4.985923
4.979474
4.901319
7.452712
7.268699
6.806001
6.093065
5.966485
5.900054
5.87014
5.859097
7.207151
6.750952
6.052972
5.928748
5.864952
5.835332
5.825352
6.632271
5.962388
5.846322
5.78564
5.758853
5.748996
5.821174
5.713881
5.660088
5.635338
5.62738
5.53783
5.48919
5.468759
5.461075
5.297874
5.278623
5.272884
5.112864
5.106011
4.983112
7.275714
6.811303
6.098666
5.970724
5.904768
5.87405
5.863616
6.757862
6.05733
5.933791
5.868844
5.839826
5.829118
5.968245
5.850179
5.790242
5.762425
5.753277
5.719196
5.663463
5.639549
5.63063
5.493963
5.471668
5.464903
5.282917
5.275372
5.10991
6.817795
6.103084
5.975893
5.908787
5.878625
5.867481
6.063091
5.937842
5.873627
5.843604
5.833559
5.85562
5.793915
5.766892
5.756808
5.668525
5.642835
5.634792
5.476317
5.467785
5.279623
6.10857
5.980005
5.913685
5.882523
5.872001
5.943217
5.877486
5.848246
5.837293
5.7991
5.770467
5.761222
5.647761
5.638046
5.472385
5.985163
5.917607
5.887274
5.875853
5.882622
5.852002
5.841879
5.775514
5.764761
5.642918
5.922562
5.891094
5.880545
5.857011
5.845597
5.769754
5.895943
5.884327
5.850557
5.889137
)
;

boundaryField
{
    cathodeSides
    {
        type            zeroGradient;
    }
    electrolyteSides
    {
        type            zeroGradient;
    }
    anodeSides
    {
        type            zeroGradient;
    }
    phiI_to_phiI0
    {
        type            zeroGradient;
    }
    procBoundary3to2
    {
        type            processor;
        value           nonuniform List<scalar> 
400
(
9.995476
9.882315
9.999605
9.645107
9.886998
9.963751
9.269619
9.650892
9.85251
9.861292
8.759894
9.276989
9.619189
9.75237
9.676549
8.177398
8.769118
9.249498
9.523838
9.570904
8.909511
7.659576
8.18827
8.746986
9.161558
9.349203
8.812918
8.467341
7.272202
7.671281
8.171748
8.668837
8.997646
8.610634
8.376437
8.283273
7.023848
7.284077
7.659063
8.104499
8.519415
8.291112
8.186371
8.195358
8.099776
6.904104
7.035587
7.274619
7.60113
7.971773
7.859321
7.887051
8.011627
8.014931
7.91776
6.904107
6.915692
7.027655
7.223472
7.483443
7.369912
7.484579
7.722543
7.837705
7.836064
7.73747
7.023851
6.915695
6.908411
6.980773
7.11733
6.939014
7.031763
7.334441
7.559123
7.665502
7.659002
7.559177
7.27221
7.03559
6.908413
6.863551
6.882209
6.619844
6.636437
6.898814
7.185712
7.397657
7.495268
7.484019
7.383175
7.659604
7.284085
7.027658
6.863553
6.76869
6.416683
6.345719
6.519424
6.767538
7.039199
7.238392
7.327272
7.311405
7.208798
8.177472
7.671309
7.274628
6.980776
6.768692
6.319084
6.161538
6.240948
6.404191
6.638632
6.89512
7.081584
7.161797
7.140513
6.756696
8.759982
8.188343
7.659091
7.22348
6.882213
6.319086
6.073269
6.064698
6.13792
6.291304
6.512261
6.753695
6.927493
6.998235
6.697201
6.058121
9.269679
8.769205
8.17182
7.601157
7.117338
6.416686
6.07327
5.980261
5.96952
6.037097
6.180864
6.388578
6.615135
6.775564
6.573581
6.013239
5.938462
9.64516
9.277049
8.747071
8.104569
7.48347
6.619852
6.161541
5.980263
5.88886
5.876398
5.938534
6.07296
6.267721
6.478946
6.38093
5.920344
5.897117
5.878202
9.882375
9.650944
9.249556
8.66892
7.97184
6.939038
6.345727
6.064702
5.888862
5.799428
5.785363
5.842274
5.96766
6.149252
6.125529
5.776316
5.811333
5.838859
5.852854
9.995513
9.887058
9.619241
9.161615
8.519494
7.369972
6.636459
6.240955
5.969523
5.799429
5.711985
5.696434
5.748345
5.864577
5.842703
5.586125
5.677716
5.757052
5.814518
5.846541
9.999642
9.852569
9.523888
8.997701
7.859394
7.03182
6.519446
6.137928
5.876401
5.711987
5.626542
5.609617
5.656397
5.598786
5.375469
5.500029
5.629121
5.734678
5.808558
9.963787
9.752428
9.349251
8.291163
7.484647
6.898868
6.404212
6.037104
5.785366
5.626543
5.543097
5.524593
5.420097
5.192905
5.301571
5.458016
5.609478
5.729389
9.861328
9.57096
8.61068
7.887099
7.334507
6.76759
6.291324
5.938541
5.696437
5.543098
5.461344
5.306634
5.058014
5.128371
5.265666
5.441369
5.60507
9.676584
8.812971
8.186415
7.722591
7.185775
6.638681
6.180883
5.842281
5.60962
5.461346
5.252059
4.971627
4.999706
5.096957
5.25158
5.437825
8.909544
8.376488
8.01167
7.559168
7.039258
6.512306
6.072977
5.748351
5.524596
5.252059
4.92983
4.916998
4.971169
5.084607
5.248627
8.467374
8.195407
7.837746
7.3977
6.895176
6.388621
5.967677
5.656403
5.306636
4.92983
4.876895
4.890118
4.959852
5.081953
8.283305
8.014979
7.665542
7.238433
6.753747
6.267761
5.864592
5.420102
4.971629
4.876895
4.850765
4.879359
4.957314
8.099807
7.836109
7.495306
7.081622
6.615184
6.149288
5.598798
5.058018
4.917
4.850766
4.840248
4.876854
7.91779
7.659045
7.327307
6.927529
6.47899
5.842733
5.192914
4.999709
4.890119
4.840248
4.83775
7.737498
7.48406
7.161831
6.775597
6.125567
5.37549
5.128379
4.971172
4.87936
4.83775
7.559204
7.311443
6.998267
6.380958
5.586151
5.301589
5.096964
4.959855
4.876856
7.383201
7.140549
6.573608
5.776337
5.500051
5.265682
5.084614
4.957317
7.208822
6.697232
5.920364
5.677733
5.458035
5.251595
5.081959
6.756717
6.013262
5.81135
5.629136
5.441387
5.248641
6.058137
5.897136
5.757067
5.609492
5.437842
5.938476
5.838877
5.734693
5.605084
5.878215
5.814534
5.729403
5.852866
5.808573
5.846553
)
;
    }
}
)

// processor4

369
(dimensions      [0 0 0 0 0 0 0];

internalField   nonuniform List<scalar> 0();

boundaryField
{
    cathodeSides
    {
        type            zeroGradient;
    }
    electrolyteSides
    {
        type            zeroGradient;
    }
    anodeSides
    {
        type            zeroGradient;
    }
    phiI_to_phiI0
    {
        type            zeroGradient;
    }
}
)

// processor5

369
(dimensions      [0 0 0 0 0 0 0];

internalField   nonuniform List<scalar> 0();

boundaryField
{
    cathodeSides
    {
        type            zeroGradient;
    }
    electrolyteSides
    {
        type            zeroGradient;
    }
    anodeSides
    {
        type            zeroGradient;
    }
    phiI_to_phiI0
    {
        type            zeroGradient;
    }
}
)

// processor6

369
(dimensions      [0 0 0 0 0 0 0];

internalField   nonuniform List<scalar> 0();

boundaryField
{
    cathodeSides
    {
        type            zeroGradient;
    }
    electrolyteSides
    {
        type            zeroGradient;
    }
    anodeSides
    {
        type            zeroGradient;
    }
    phiI_to_phiI0
    {
        type            zeroGradient;
    }
}
)

// processor7

369
(dimensions      [0 0 0 0 0 0 0];

internalField   nonuniform List<scalar> 0();

boundaryField
{
    cathodeSides
    {
        type            zeroGradient;
    }
    electrolyteSides
    {
        type            zeroGradient;
    }
    anodeSides
    {
        type            zeroGradient;
    }
    phiI_to_phiI0
    {
        type            zeroGradient;
    }
}
)
