/*--------------------------------*- C++ -*----------------------------------*\
| =========                 |                                                 |
| \\      /  F ield         | OpenFOAM: The Open Source CFD Toolbox           |
|  \\    /   O peration     | Version:  2306                                  |
|   \\  /    A nd           | Website:  www.openfoam.com                      |
|    \\/     M anipulation  |                                                 |
\*---------------------------------------------------------------------------*/
FoamFile
{
    version     2.0;
    format      binary;
    arch        "LSB;label=32;scalar=64";
    class       decomposedBlockData;
    object      T;
    data.format     ascii;
    data.class      volScalarField;
}
// * * * * * * * * * * * * * * * * * * * * * * * * * * * * * * * * * * * * * //


// processor0

39789
(FoamFile
{
    version     2.0;
    format      ascii;
    arch        "LSB;label=32;scalar=64";
    class       volScalarField;
    location    "2.5/phiI";
    object      T;
}
dimensions      [0 0 0 1 0 0 0];

internalField   nonuniform List<scalar> 
4000
(
355.9373
355.9636
355.9919
355.9504
356.0233
356.027
355.9766
356.0272
356.005
355.9613
356.1296
356.1063
356.0362
356.0669
356.0402
355.9875
356.0496
356.0404
356.016
355.9693
356.296
356.2466
356.1423
356.1562
356.1194
356.0469
356.0918
356.0801
356.0511
355.9955
356.0643
356.0629
356.0515
356.0241
355.973
356.5135
356.4649
356.3079
356.3136
356.2594
356.1528
356.1865
356.1693
356.1303
356.0549
356.1079
356.1051
356.0912
356.0593
355.9992
356.0749
356.0776
356.074
356.0597
356.0279
355.9696
356.7196
356.7519
356.5239
356.5585
356.477
356.3177
356.3534
356.3265
356.27
356.1605
356.2058
356.1997
356.1803
356.1384
356.0585
356.1195
356.1212
356.1161
356.0993
356.063
355.9958
356.0824
356.0882
356.0887
356.0822
356.0634
356.0245
355.9674
356.8799
357.0309
356.7289
356.8809
356.7623
356.5324
356.6128
356.5705
356.4869
356.3249
356.3782
356.3663
356.3372
356.2779
356.164
356.2197
356.219
356.2107
356.1884
356.1421
356.0552
356.1277
356.1328
356.1322
356.1243
356.1031
356.0597
355.9936
356.0888
356.0957
356.0993
356.0969
356.086
356.0601
356.0223
355.9651
356.9852
357.2541
356.8885
357.1979
357.0401
356.7365
356.955
356.8912
356.7708
356.5385
356.6461
356.6249
356.5805
356.4943
356.328
356.396
356.3911
356.3771
356.3452
356.2815
356.1607
356.2293
356.2329
356.23
356.2189
356.1922
356.1388
356.053
356.1347
356.141
356.1439
356.1405
356.1281
356.0998
356.0575
355.9913
356.0939
356.1022
356.1068
356.1075
356.1007
356.0827
356.058
356.0201
355.9628
357.0368
357.4045
356.9935
357.4547
357.2626
356.8955
357.2934
357.2069
357.0476
356.7417
356.9998
356.9652
356.8997
356.777
356.5408
356.6699
356.6582
356.6349
356.5879
356.4975
356.3246
356.4081
356.4089
356.4019
356.385
356.3489
356.2783
356.1585
356.2377
356.2425
356.2439
356.2382
356.2227
356.189
356.1367
356.0507
356.1401
356.1481
356.1521
356.1521
356.1443
356.1249
356.0977
356.0553
355.989
356.1009
356.1073
356.1133
356.1151
356.1113
356.0974
356.0805
356.0557
356.0178
355.9605
357.0368
357.4794
357.0449
357.6296
357.4127
357.0002
357.5696
357.4629
357.2696
356.9003
357.351
357.3022
357.2142
357.0529
356.7434
357.0319
357.01
356.9736
356.9058
356.7794
356.537
356.6858
356.682
356.6682
356.6422
356.5911
356.4942
356.3223
356.4187
356.421
356.4197
356.4099
356.3887
356.3457
356.2761
356.1563
356.2438
356.2509
356.2536
356.2521
356.242
356.2195
356.1868
356.1344
356.0485
356.1478
356.1535
356.1592
356.1604
356.156
356.1411
356.1227
356.0955
356.053
355.9867
356.1143
356.1184
356.1216
356.1189
356.1081
356.0953
356.0783
356.0535
356.0155
355.9581
356.9852
357.4794
357.0449
357.7173
357.4874
357.0515
357.7589
357.6375
357.4194
357.0047
357.6386
357.5776
357.4696
357.2744
356.9015
357.3921
357.3597
357.3094
357.2193
357.0547
356.7394
357.053
357.0421
357.0184
356.9796
356.9081
356.7757
356.5346
356.7
356.6979
356.692
356.6756
356.6455
356.5878
356.492
356.32
356.4261
356.4317
356.4318
356.4277
356.4136
356.3856
356.3435
356.2739
356.154
356.2528
356.2571
356.262
356.2618
356.256
356.2388
356.2174
356.1846
356.1322
356.0461
356.1611
356.1646
356.1675
356.1642
356.1528
356.1389
356.1205
356.0932
356.0507
355.9843
356.1254
356.1266
356.1254
356.1157
356.1059
356.0931
356.0761
356.0512
356.0131
355.9556
356.8799
357.4045
356.9935
357.7173
357.4874
357.0515
357.8541
357.7249
357.4939
357.0559
357.8365
357.7665
357.6438
357.424
357.0058
357.6881
357.6466
357.5841
357.4743
357.2759
356.8975
357.4189
357.4008
357.3668
357.3145
357.221
357.0509
356.7369
357.072
357.0631
357.0504
357.0244
356.9819
356.9044
356.7734
356.5322
356.7093
356.7122
356.708
356.6994
356.6788
356.6422
356.5857
356.4898
356.3177
356.4375
356.4391
356.4425
356.4399
356.4314
356.4105
356.3835
356.3414
356.2717
356.1516
356.2661
356.2681
356.2702
356.2656
356.2528
356.2367
356.2152
356.1824
356.1299
356.0437
356.1723
356.1729
356.1713
356.161
356.1506
356.1367
356.1183
356.0909
356.0483
355.9819
356.1337
356.1305
356.1222
356.1135
356.1037
356.0908
356.0738
356.0488
356.0107
355.9532
356.7196
357.2541
356.8885
357.6296
357.4127
357.0002
357.8541
357.7249
357.4939
357.0559
357.9363
357.8615
357.7312
357.4985
357.0569
357.8923
357.844
357.7726
357.6482
357.4253
357.0018
357.7201
357.6959
357.653
357.5886
357.4755
357.272
356.895
357.4432
357.4275
357.4079
357.3718
357.316
357.2171
357.0485
356.7344
357.0838
357.0822
357.0715
357.0564
357.0266
356.9782
356.9021
356.7711
356.5297
356.7244
356.7214
356.7222
356.7153
356.7027
356.6755
356.64
356.5834
356.4875
356.3153
356.4505
356.4499
356.4506
356.4436
356.4283
356.4083
356.3813
356.3391
356.2694
356.1492
356.2772
356.2763
356.274
356.2625
356.2507
356.2345
356.2129
356.1801
356.1275
356.0413
356.1805
356.1767
356.1681
356.1588
356.1484
356.1345
356.116
356.0885
356.0459
355.9794
356.1375
356.1272
356.12
356.1113
356.1015
356.0885
356.0714
356.0464
356.0083
355.9507
356.5135
357.0309
356.7289
357.4547
357.2626
356.8955
357.7589
357.6375
357.4194
357.0047
357.9363
357.8615
357.7312
357.4985
357.0569
357.9954
357.9436
357.8676
357.7355
357.4997
357.0529
357.9282
357.8996
357.8501
357.7769
357.6494
357.4215
356.9992
357.7494
357.7279
357.7023
357.6574
357.5898
357.4717
357.2696
356.8924
357.4578
357.4518
357.4346
357.4128
357.3733
357.3121
357.2147
357.0461
356.7319
357.1038
357.094
357.0905
357.0775
357.0586
357.023
356.9759
356.8997
356.7687
356.5273
356.7365
356.7314
356.7296
356.7186
356.6994
356.6734
356.6378
356.5812
356.4851
356.3129
356.4613
356.4579
356.4543
356.4405
356.4262
356.4062
356.379
356.3368
356.267
356.1468
356.2854
356.2802
356.2709
356.2604
356.2485
356.2323
356.2106
356.1777
356.1251
356.0388
356.1844
356.1735
356.166
356.1566
356.1462
356.1322
356.1136
356.0861
356.0434
355.9769
356.1343
356.1251
356.1178
356.1091
356.0992
356.0862
356.069
356.044
356.0058
355.9481
356.296
356.7519
356.5239
357.1979
357.0401
356.7365
357.5696
357.4629
357.2696
356.9003
357.8365
357.7665
357.6438
357.424
357.0058
357.9954
357.9436
357.8676
357.7355
357.4997
357.0529
358.0334
358.0026
357.9496
357.8717
357.7366
357.4959
357.0503
357.9612
357.9355
357.9056
357.8542
357.7779
357.6455
357.4191
356.9967
357.7665
357.7571
357.7342
357.7066
357.6584
357.5858
357.4693
357.2673
356.8899
357.4832
357.4664
357.4589
357.4394
357.4142
357.3693
357.3097
357.2123
357.0437
356.7294
357.114
357.1023
357.0965
357.0796
357.0549
357.0206
356.9735
356.8974
356.7663
356.5248
356.7465
356.7388
356.7328
356.7153
356.6972
356.6712
356.6355
356.5788
356.4827
356.3104
356.4694
356.4617
356.4512
356.4384
356.424
356.4039
356.3767
356.3344
356.2645
356.1443
356.2892
356.277
356.2688
356.2582
356.2463
356.23
356.2083
356.1753
356.1226
356.0363
356.1812
356.1714
356.1638
356.1544
356.1439
356.1298
356.1112
356.0837
356.0409
355.9743
356.1321
356.1229
356.1156
356.1068
356.0969
356.0838
356.0666
356.0415
356.0032
355.9423
356.1296
356.4649
356.3079
356.8809
356.7623
356.5324
357.2934
357.2069
357.0476
356.7417
357.6387
357.5776
357.4696
357.2744
356.9015
357.8923
357.844
357.7726
357.6482
357.4253
357.0018
358.0334
358.0026
357.9496
357.8717
357.7366
357.4959
357.0503
358.0684
358.0406
358.0084
357.9535
357.8726
357.7327
357.4936
357.0478
357.9802
357.9685
357.9414
357.9096
357.8551
357.7739
357.6431
357.4168
356.9942
357.7969
357.7742
357.7633
357.7384
357.7076
357.6545
357.5834
357.4669
357.2649
356.8874
357.4918
357.4734
357.4637
357.4408
357.4103
357.3669
357.3073
357.2099
357.0413
356.7269
357.1223
357.1082
357.0986
357.076
357.0526
357.0183
356.9711
356.895
356.7639
356.5223
356.7539
356.7421
356.7296
356.7132
356.695
356.6689
356.6332
356.5764
356.4803
356.3079
356.4731
356.4585
356.4491
356.4362
356.4218
356.4016
356.3744
356.332
356.262
356.1417
356.2861
356.2749
356.2666
356.256
356.244
356.2277
356.2059
356.1728
356.1201
356.0337
356.179
356.1692
356.1615
356.1521
356.1416
356.1274
356.1088
356.0812
356.0384
355.9685
356.13
356.1207
356.1133
356.1044
356.0945
356.0813
356.0641
356.0389
355.9974
355.9273
356.0233
356.2466
356.1423
356.5585
356.477
356.3177
356.955
356.8912
356.7708
356.5385
357.351
357.3022
357.2142
357.0529
356.7434
357.6881
357.6466
357.5841
357.4743
357.2759
356.8975
357.9282
357.8996
357.8501
357.7769
357.6494
357.4215
356.9992
358.0684
358.0406
358.0084
357.9536
357.8726
357.7327
357.4936
357.0478
358.0885
358.0755
358.0463
358.0123
357.9544
357.8687
357.7304
357.4912
357.0453
358.0144
357.9875
357.9743
357.9454
357.9105
357.8511
357.7715
357.6408
357.4144
356.9916
357.8046
357.7804
357.7676
357.7394
357.7036
357.652
357.5809
357.4645
357.2625
356.8849
357.4988
357.4783
357.4651
357.4369
357.4078
357.3645
357.3048
357.2075
357.0389
356.7243
357.1282
357.1104
357.0949
357.0736
357.0502
357.0159
356.9687
356.8925
356.7615
356.5197
356.7572
356.7388
356.7274
356.711
356.6927
356.6665
356.6308
356.574
356.4778
356.3053
356.47
356.4564
356.4469
356.434
356.4195
356.3993
356.3719
356.3295
356.2595
356.1391
356.284
356.2728
356.2644
356.2537
356.2417
356.2253
356.2034
356.1703
356.1175
356.0279
356.1769
356.1669
356.1593
356.1498
356.1392
356.125
356.1063
356.0786
356.0326
355.9535
356.1277
356.1184
356.111
356.1021
356.092
356.0789
356.0616
356.0331
355.9824
355.9098
355.9636
356.1063
356.0362
356.3136
356.2594
356.1528
356.6128
356.5705
356.4869
356.3249
356.9998
356.9652
356.8997
356.777
356.5408
357.3921
357.3597
357.3094
357.2193
357.0547
356.7394
357.7201
357.6959
357.653
357.5886
357.4755
357.272
356.895
357.9612
357.9355
357.9056
357.8542
357.7779
357.6455
357.4191
356.9967
358.0885
358.0755
358.0463
358.0123
357.9544
357.8687
357.7304
357.4912
357.0453
358.1247
358.0956
358.0812
358.0502
358.0131
357.9504
357.8663
357.728
357.4889
357.0428
358.0216
357.9933
357.9783
357.9462
357.9065
357.8487
357.7691
357.6384
357.4121
356.9891
357.8108
357.7846
357.7685
357.7354
357.7011
357.6495
357.5785
357.4621
357.2602
356.8823
357.5036
357.4796
357.4611
357.4345
357.4054
357.362
357.3024
357.2051
357.0365
356.7218
357.1304
357.1067
357.0926
357.0713
357.0478
357.0135
356.9663
356.8901
356.759
356.5172
356.7539
356.7367
356.7252
356.7087
356.6904
356.6641
356.6283
356.5715
356.4752
356.3026
356.4679
356.4543
356.4447
356.4317
356.4171
356.3968
356.3694
356.3269
356.2569
356.1332
356.2818
356.2705
356.2621
356.2513
356.2392
356.2228
356.2009
356.1677
356.1116
356.0128
356.1746
356.1647
356.1569
356.1474
356.1367
356.1225
356.1037
356.0728
356.0175
355.936
356.1254
356.116
356.1086
356.0996
356.0896
356.0763
356.0558
356.0181
355.9648
355.891
355.9373
356.027
355.9766
356.1562
356.1194
356.0469
356.3534
356.3265
356.27
356.1605
356.6461
356.6249
356.5805
356.4943
356.328
357.0319
357.01
356.9736
356.9058
356.7794
356.537
357.4189
357.4008
357.3668
357.3145
357.221
357.0509
356.7369
357.7494
357.7279
357.7023
357.6574
357.5898
357.4717
357.2696
356.8924
357.9802
357.9685
357.9414
357.9096
357.8551
357.7739
357.6431
357.4168
356.9942
358.1247
358.0956
358.0812
358.0502
358.0131
357.9504
357.8663
357.728
357.4889
357.0428
358.1317
358.1012
358.085
358.0509
358.0091
357.948
357.8639
357.7257
357.4866
357.0402
358.0274
357.9972
357.979
357.9422
357.904
357.8462
357.7667
357.636
357.4097
356.9865
357.815
357.7856
357.7645
357.7329
357.6987
357.6471
357.5761
357.4597
357.2578
356.8798
357.505
357.4757
357.4587
357.432
357.4029
357.3596
357.3
357.2027
357.0341
356.7192
357.1267
357.1044
357.0902
357.0689
357.0454
357.011
356.9638
356.8876
356.7565
356.5146
356.7518
356.7344
356.7229
356.7063
356.688
356.6617
356.6258
356.5689
356.4726
356.2968
356.4657
356.4521
356.4424
356.4293
356.4147
356.3943
356.3669
356.3243
356.251
356.1183
356.2796
356.2683
356.2598
356.2489
356.2368
356.2203
356.1983
356.1619
356.0966
355.9954
356.1724
356.1623
356.1545
356.145
356.1342
356.12
356.0979
356.0578
356
355.9173
356.1231
356.1137
356.1062
356.0972
356.087
356.0706
356.0408
356.0006
355.9461
355.8716
355.9919
355.9504
356.0669
356.0402
355.9875
356.1865
356.1693
356.1303
356.0549
356.3782
356.3663
356.3372
356.2779
356.164
356.6699
356.6582
356.6349
356.5879
356.4975
356.3246
357.053
357.0421
357.0184
356.9796
356.9081
356.7757
356.5346
357.4432
357.4275
357.4079
357.3718
357.316
357.2171
357.0485
356.7344
357.7665
357.7571
357.7342
357.7066
357.6584
357.5858
357.4693
357.2673
356.8899
358.0144
357.9875
357.9743
357.9454
357.9105
357.8511
357.7715
357.6408
357.4144
356.9916
358.1317
358.1012
358.085
358.0509
358.0091
357.948
357.8639
357.7257
357.4866
357.0402
358.1374
358.105
358.0857
358.0469
358.0067
357.9456
357.8615
357.7233
357.4843
357.0377
358.0313
357.998
357.975
357.9397
357.9016
357.8438
357.7643
357.6337
357.4074
356.984
357.8159
357.7815
357.762
357.7305
357.6962
357.6447
357.5737
357.4573
357.2555
356.8772
357.501
357.4732
357.4562
357.4296
357.4005
357.3572
357.2976
357.2003
357.0317
356.7167
357.1244
357.102
357.0878
357.0664
357.043
357.0085
356.9614
356.8851
356.754
356.5089
356.7495
356.7322
356.7206
356.7039
356.6855
356.6592
356.6232
356.5663
356.4668
356.2822
356.4635
356.4498
356.44
356.4269
356.4122
356.3918
356.3643
356.3184
356.2361
356.101
356.2773
356.2659
356.2574
356.2465
356.2343
356.2177
356.1924
356.1468
356.0791
355.9768
356.17
356.1599
356.1521
356.1425
356.1317
356.1142
356.0829
356.0403
355.9813
355.8979
356.1207
356.1112
356.1037
356.0946
356.0813
356.0556
356.0233
355.9819
355.9267
356.0272
356.005
355.9613
356.0918
356.0801
356.0511
355.9955
356.2058
356.1997
356.1803
356.1384
356.0585
356.396
356.3911
356.3771
356.3452
356.2815
356.1607
356.6858
356.682
356.6682
356.6422
356.5911
356.4942
356.3223
357.072
357.0631
357.0504
357.0244
356.9819
356.9044
356.7734
356.5322
357.4578
357.4518
357.4346
357.4128
357.3733
357.3121
357.2147
357.0461
356.7319
357.7969
357.7742
357.7633
357.7384
357.7076
357.6545
357.5834
357.4669
357.2649
356.8874
358.0216
357.9933
357.9783
357.9462
357.9065
357.8487
357.7691
357.6384
357.4121
356.9891
358.1374
358.105
358.0857
358.0469
358.0067
357.9456
357.8615
357.7233
357.4843
357.0377
358.1411
358.1057
358.0817
358.0445
358.0042
357.9432
357.8592
357.721
357.4819
357.0351
358.032
357.9939
357.9725
357.9373
357.8991
357.8414
357.762
357.6314
357.4051
356.9814
357.8118
357.779
357.7595
357.728
357.6938
357.6423
357.5713
357.455
357.2531
356.8746
357.4986
357.4708
357.4538
357.4271
357.398
357.3547
357.2951
357.1979
357.0293
356.7111
357.122
357.0996
357.0854
357.064
357.0405
357.0061
356.9588
356.8826
356.7485
356.4949
356.7473
356.7298
356.7182
356.7015
356.683
356.6566
356.6206
356.5604
356.4522
356.2652
356.4612
356.4474
356.4376
356.4244
356.4097
356.3891
356.3584
356.3035
356.2187
356.0825
356.275
356.2635
356.2549
356.2439
356.2317
356.2118
356.1774
356.1294
356.0604
355.9574
356.1676
356.1575
356.1496
356.1399
356.1259
356.0991
356.0654
356.0216
355.9618
356.1183
356.1088
356.1012
356.0889
356.0663
356.0381
356.0046
355.9624
356.0496
356.0404
356.016
355.9693
356.1079
356.1051
356.0912
356.0593
355.9992
356.2197
356.219
356.2107
356.1884
356.1421
356.0552
356.4081
356.4089
356.4019
356.3851
356.3489
356.2783
356.1585
356.7
356.6979
356.6921
356.6756
356.6455
356.5878
356.492
356.32
357.0838
357.0822
357.0715
357.0564
357.0266
356.9782
356.9021
356.7711
356.5297
357.4832
357.4664
357.4589
357.4394
357.4142
357.3693
357.3097
357.2123
357.0437
356.7294
357.8046
357.7804
357.7676
357.7394
357.7036
357.652
357.5809
357.4645
357.2625
356.8849
358.0274
357.9972
357.979
357.9422
357.904
357.8462
357.7667
357.636
357.4097
356.9865
358.1411
358.1057
358.0817
358.0445
358.0042
357.9432
357.8592
357.721
357.4819
357.0351
358.1417
358.1016
358.0792
358.042
358.0018
357.9408
357.8568
357.7187
357.4796
357.0325
358.0279
357.9914
357.97
357.9348
357.8967
357.8391
357.7596
357.629
357.4028
356.9789
357.8093
357.7766
357.7571
357.7256
357.6914
357.6399
357.569
357.4526
357.2508
356.8692
357.4961
357.4683
357.4513
357.4247
357.3956
357.3523
357.2927
357.1954
357.0241
356.6976
357.1196
357.0972
357.083
357.0615
357.038
357.0035
356.9563
356.8771
356.7348
356.4787
356.7449
356.7274
356.7157
356.699
356.6804
356.6539
356.6148
356.5458
356.4353
356.2471
356.4589
356.445
356.4351
356.4218
356.407
356.3833
356.3434
356.2861
356.2002
356.0632
356.2726
356.2611
356.2524
356.2414
356.2258
356.1968
356.1599
356.1107
356.041
356.1652
356.155
356.1471
356.1341
356.1109
356.0817
356.0467
356.0021
356.1158
356.1062
356.0954
356.0739
356.0488
356.0194
355.9851
356.0643
356.0629
356.0515
356.0241
355.973
356.1195
356.1212
356.1161
356.0993
356.063
355.9958
356.2293
356.2329
356.23
356.2189
356.1922
356.1388
356.053
356.4187
356.421
356.4197
356.4099
356.3887
356.3457
356.2761
356.1563
356.7093
356.7122
356.708
356.6994
356.6788
356.6422
356.5857
356.4898
356.3177
357.1038
357.094
357.0905
357.0775
357.0586
357.023
356.9759
356.8997
356.7687
356.5273
357.4918
357.4734
357.4637
357.4408
357.4103
357.3669
357.3073
357.2099
357.0413
356.7269
357.8108
357.7846
357.7685
357.7354
357.7011
357.6495
357.5785
357.4621
357.2602
356.8823
358.0313
357.998
357.975
357.9397
357.9016
357.8438
357.7643
357.6337
357.4074
356.984
358.1417
358.1016
358.0792
358.042
358.0018
357.9408
357.8568
357.7187
357.4796
357.0325
358.1377
358.0992
358.0768
358.0396
357.9994
357.9385
357.8545
357.7164
357.4773
357.03
358.0254
357.989
357.9676
357.9324
357.8943
357.8367
357.7573
357.6267
357.4005
356.9734
357.8068
357.7741
357.7547
357.7231
357.689
357.6375
357.5666
357.4503
357.2457
356.8559
357.4936
357.4658
357.4489
357.4222
357.3931
357.3498
357.2903
357.1902
357.0111
356.682
357.1172
357.0948
357.0805
357.059
357.0355
357.001
356.9508
356.8633
356.7189
356.4615
356.7425
356.725
356.7132
356.6964
356.6778
356.6481
356.6002
356.5289
356.4173
356.2283
356.4564
356.4425
356.4325
356.4192
356.4011
356.3683
356.326
356.2675
356.1809
356.2702
356.2585
356.2498
356.2355
356.2108
356.1793
356.1412
356.0912
356.1627
356.1525
356.1413
356.1191
356.0934
356.0629
356.0272
356.1133
356.1005
356.0804
356.0564
356.0301
355.9999
356.0749
356.0776
356.074
356.0597
356.0279
355.9696
356.1277
356.1328
356.1322
356.1243
356.1031
356.0597
355.9936
356.2377
356.2425
356.2439
356.2382
356.2227
356.189
356.1367
356.0507
356.4261
356.4317
356.4318
356.4277
356.4136
356.3856
356.3435
356.2739
356.154
356.7244
356.7214
356.7222
356.7153
356.7027
356.6755
356.64
356.5834
356.4875
356.3153
357.114
357.1023
357.0965
357.0796
357.0549
357.0206
356.9735
356.8974
356.7663
356.5248
357.4988
357.4783
357.4651
357.4369
357.4078
357.3645
357.3048
357.2075
357.0389
356.7243
357.815
357.7856
357.7645
357.7329
357.6987
357.6471
357.5761
357.4597
357.2578
356.8798
358.032
357.9939
357.9725
357.9373
357.8991
357.8414
357.762
357.6314
357.4051
356.9814
358.1377
358.0992
358.0768
358.0396
357.9994
357.9385
357.8545
357.7164
357.4773
357.03
358.1352
358.0967
358.0744
358.0372
357.9971
357.9361
357.8522
357.7141
357.475
357.0245
358.023
357.9865
357.9652
357.93
357.892
357.8343
357.7549
357.6244
357.3955
356.9603
357.8044
357.7717
357.7522
357.7207
357.6866
357.6351
357.5642
357.4453
357.2332
356.8407
357.4912
357.4634
357.4464
357.4198
357.3907
357.3474
357.285
357.1772
356.9961
356.6655
357.1147
357.0923
357.078
357.0565
357.0329
356.9954
356.937
356.8475
356.702
356.4437
356.7401
356.7225
356.7106
356.6937
356.6719
356.6335
356.5832
356.5108
356.3985
356.454
356.4399
356.4299
356.4133
356.3862
356.3509
356.3074
356.2482
356.2676
356.256
356.244
356.2205
356.1933
356.1606
356.1217
356.1602
356.1467
356.1263
356.1017
356.0747
356.0435
356.1076
356.0855
356.063
356.0377
356.0106
356.0824
356.0882
356.0887
356.0822
356.0634
356.0245
355.9674
356.1347
356.141
356.1439
356.1405
356.1281
356.0998
356.0575
355.9913
356.2438
356.2509
356.2536
356.2521
356.242
356.2195
356.1868
356.1344
356.0485
356.4375
356.4391
356.4425
356.4399
356.4315
356.4105
356.3835
356.3414
356.2717
356.1516
356.7365
356.7314
356.7296
356.7186
356.6994
356.6734
356.6378
356.5812
356.4851
356.3129
357.1223
357.1082
357.0986
357.076
357.0526
357.0183
356.9711
356.895
356.7639
356.5223
357.5036
357.4796
357.4611
357.4345
357.4054
357.362
357.3024
357.2051
357.0365
356.7218
357.8159
357.7815
357.762
357.7305
357.6962
357.6447
357.5737
357.4573
357.2555
356.8772
358.0279
357.9914
357.97
357.9348
357.8967
357.8391
357.7596
357.629
357.4028
356.9789
358.1352
358.0967
358.0744
358.0372
357.9971
357.9361
357.8522
357.7141
357.475
357.0245
358.1327
358.0943
358.072
358.0348
357.9947
357.9338
357.8499
357.7118
357.4701
357.0115
358.0205
357.9841
357.9628
357.9276
357.8896
357.832
357.7526
357.6195
357.3833
356.9453
357.8019
357.7692
357.7498
357.7183
357.6842
357.6327
357.5592
357.4328
357.2188
356.8246
357.4887
357.4609
357.444
357.4173
357.3882
357.3421
357.272
357.1624
356.9802
356.6485
357.1122
357.0898
357.0755
357.054
357.0274
356.9817
356.9212
356.8307
356.6846
356.7376
356.7199
356.708
356.6879
356.6573
356.6165
356.5651
356.492
356.4514
356.4373
356.424
356.3983
356.3688
356.3323
356.288
356.265
356.2501
356.229
356.203
356.1746
356.1411
356.1544
356.1317
356.1088
356.083
356.0552
356.0926
356.0681
356.0443
356.0183
356.0888
356.0957
356.0993
356.0969
356.086
356.0601
356.0223
355.9651
356.1401
356.1481
356.1521
356.1521
356.1443
356.1249
356.0977
356.0553
355.989
356.2528
356.257
356.262
356.2618
356.256
356.2388
356.2174
356.1846
356.1322
356.0461
356.4505
356.4499
356.4506
356.4436
356.4283
356.4083
356.3813
356.3391
356.2694
356.1492
356.7465
356.7388
356.7328
356.7153
356.6972
356.6712
356.6355
356.5788
356.4827
356.3104
357.1282
357.1104
357.0949
357.0736
357.0502
357.0159
356.9687
356.8925
356.7615
356.5197
357.505
357.4757
357.4587
357.432
357.4029
357.3596
357.3
357.2027
357.0341
356.7192
357.8118
357.779
357.7595
357.728
357.6938
357.6423
357.5713
357.455
357.2531
356.8746
358.0254
357.989
357.9676
357.9324
357.8943
357.8367
357.7573
357.6267
357.4005
356.9734
358.1327
358.0943
358.072
358.0348
357.9947
357.9338
357.8499
357.7118
357.4701
357.0115
358.1303
358.0919
358.0696
358.0325
357.9924
357.9315
357.8476
357.7069
357.458
356.9966
358.0181
357.9817
357.9604
357.9253
357.8873
357.8297
357.7477
357.6074
357.3692
356.9294
357.7995
357.7668
357.7474
357.7159
357.6818
357.6277
357.5468
357.4186
357.2036
356.808
357.4863
357.4585
357.4415
357.4149
357.383
357.3292
357.2572
357.1466
356.9639
357.1097
357.0873
357.0729
357.0484
357.0136
356.9658
356.9043
356.8132
356.735
356.7172
356.7021
356.6733
356.6404
356.5984
356.5462
356.4488
356.4314
356.4091
356.381
356.3502
356.3129
356.2592
356.2351
356.2115
356.1843
356.1551
356.1394
356.1142
356.0901
356.0635
356.0751
356.0494
356.0248
356.0939
356.1022
356.1068
356.1075
356.1007
356.0827
356.058
356.0201
355.9628
356.1478
356.1535
356.1592
356.1604
356.156
356.1411
356.1227
356.0955
356.053
355.9867
356.2661
356.2681
356.2702
356.2656
356.2528
356.2367
356.2152
356.1824
356.1299
356.0437
356.4613
356.4579
356.4543
356.4405
356.4262
356.4062
356.379
356.3368
356.267
356.1468
356.7539
356.7421
356.7296
356.7132
356.695
356.6689
356.6332
356.5764
356.4803
356.3079
357.1304
357.1067
357.0926
357.0713
357.0478
357.0135
356.9663
356.8901
356.759
356.5172
357.501
357.4732
357.4562
357.4296
357.4005
357.3572
357.2976
357.2003
357.0317
356.7167
357.8093
357.7766
357.7571
357.7256
357.6914
357.6399
357.569
357.4526
357.2508
356.8692
358.023
357.9865
357.9652
357.93
357.892
357.8343
357.7549
357.6244
357.3955
356.9603
358.1303
358.0919
358.0696
358.0325
357.9924
357.9315
357.8476
357.7069
357.458
356.9966
358.1279
358.0895
358.0672
358.0301
357.99
357.9292
357.8427
357.695
357.4441
356.9808
358.0157
357.9793
357.958
357.9229
357.8849
357.8247
357.7356
357.5935
357.3544
356.9131
357.7971
357.7644
357.745
357.7136
357.6767
357.6153
357.5326
357.4035
357.188
357.4838
357.456
357.4391
357.4096
357.37
357.3143
357.2414
357.1304
357.1072
357.0847
357.0674
357.0346
356.9978
356.949
356.8869
356.7323
356.7114
356.6875
356.6563
356.6222
356.5795
356.4429
356.4165
356.3917
356.3623
356.3308
356.2442
356.2177
356.1928
356.1648
356.122
356.0955
356.0706
356.0565
356.0299
356.1009
356.1073
356.1133
356.1151
356.1114
356.0974
356.0805
356.0557
356.0178
355.9605
356.1611
356.1646
356.1675
356.1642
356.1528
356.1389
356.1205
356.0932
356.0507
355.9843
356.2772
356.2763
356.274
356.2625
356.2507
356.2345
356.2129
356.1801
356.1275
356.0413
356.4694
356.4617
356.4512
356.4384
356.424
356.4039
356.3767
356.3344
356.2645
356.1443
356.7572
356.7388
356.7274
356.711
356.6927
356.6665
356.6308
356.574
356.4778
356.3053
357.1267
357.1044
357.0902
357.0689
357.0454
357.011
356.9638
356.8876
356.7565
356.5146
357.4986
357.4708
357.4538
357.4271
357.398
357.3547
357.2951
357.1979
357.0293
356.7111
357.8068
357.7741
357.7547
357.7231
357.689
357.6375
357.5666
357.4503
357.2457
356.8559
358.0205
357.9841
357.9628
357.9276
357.8896
357.832
357.7526
357.6195
357.3833
356.9453
358.1279
358.0895
358.0672
358.0301
357.99
357.9292
357.8427
357.695
357.4441
356.9808
358.1255
358.0871
358.0649
358.0278
357.9877
357.9243
357.8308
357.6813
357.4294
356.9645
358.0133
357.9769
357.9557
357.9206
357.88
357.8127
357.7218
357.5789
357.3392
357.7947
357.762
357.7426
357.7085
357.6643
357.6011
357.5176
357.3881
357.4814
357.4536
357.4338
357.3966
357.3551
357.2986
357.2252
357.1047
357.0791
357.0536
357.0188
356.9809
356.9315
356.7264
356.6967
356.6705
356.6381
356.6033
356.4279
356.3991
356.3731
356.3429
356.2268
356.1989
356.1733
356.1033
356.0761
356.037
356.1143
356.1184
356.1216
356.1189
356.1081
356.0953
356.0783
356.0535
356.0155
355.9581
356.1723
356.1728
356.1713
356.161
356.1506
356.1367
356.1183
356.0909
356.0483
355.9819
356.2854
356.2802
356.2709
356.2604
356.2485
356.2323
356.2106
356.1777
356.1251
356.0388
356.4731
356.4585
356.4491
356.4362
356.4218
356.4016
356.3744
356.332
356.262
356.1417
356.7539
356.7367
356.7252
356.7087
356.6904
356.6641
356.6283
356.5715
356.4752
356.3026
357.1244
357.102
357.0878
357.0664
357.043
357.0085
356.9614
356.8851
356.754
356.5089
357.4961
357.4683
357.4513
357.4247
357.3956
357.3523
357.2927
357.1954
357.0241
356.6976
357.8044
357.7717
357.7522
357.7207
357.6866
357.6351
357.5642
357.4453
357.2332
356.8407
358.0181
357.9817
357.9604
357.9253
357.8873
357.8297
357.7477
357.6074
357.3692
356.9294
358.1255
358.0871
358.0649
358.0278
357.9877
357.9243
357.8308
357.6813
357.4294
356.9645
358.1231
358.0848
358.0625
358.0255
357.9829
357.9124
357.8171
357.6668
357.4144
358.0109
357.9746
357.9534
357.9157
357.8679
357.7989
357.7072
357.5639
357.7923
357.7596
357.7376
357.6961
357.6502
357.5861
357.5022
357.4789
357.4483
357.4209
357.3818
357.3394
357.2824
357.0991
357.0654
357.0377
357.0019
356.9635
356.7118
356.6798
356.6524
356.6192
356.4105
356.3804
356.3536
356.208
356.1795
356.0838
356.1254
356.1266
356.1254
356.1157
356.1059
356.0931
356.0761
356.0512
356.0131
355.9556
356.1805
356.1767
356.1681
356.1588
356.1484
356.1345
356.116
356.0885
356.0459
355.9794
356.2892
356.277
356.2688
356.2582
356.2463
356.23
356.2083
356.1753
356.1226
356.0363
356.47
356.4564
356.4469
356.434
356.4195
356.3993
356.3719
356.3295
356.2595
356.1391
356.7518
356.7344
356.7229
356.7063
356.688
356.6617
356.6258
356.5689
356.4726
356.2968
357.122
357.0996
357.0854
357.064
357.0405
357.0061
356.9588
356.8826
356.7485
356.4949
357.4936
357.4658
357.4489
357.4222
357.3931
357.3498
357.2903
357.1902
357.0111
356.682
357.8019
357.7692
357.7498
357.7183
357.6842
357.6328
357.5592
357.4328
357.2188
356.8246
358.0157
357.9793
357.958
357.9229
357.8849
357.8248
357.7356
357.5935
357.3544
356.9131
358.1231
358.0848
358.0625
358.0255
357.9829
357.9124
357.8171
357.6668
357.4144
358.1208
358.0825
358.0602
358.0206
357.971
357.8988
357.8027
357.652
358.0086
357.9723
357.9484
357.9036
357.8542
357.7843
357.6923
357.7899
357.7546
357.7252
357.6819
357.6352
357.5708
357.4736
357.4354
357.406
357.3661
357.3233
357.0853
357.0495
357.0209
356.9845
356.6949
356.6616
356.6335
356.3919
356.361
356.1885
356.1337
356.1305
356.1222
356.1135
356.1037
356.0908
356.0738
356.0488
356.0107
355.9532
356.1844
356.1735
356.1659
356.1566
356.1462
356.1322
356.1136
356.0861
356.0434
355.9769
356.2861
356.2749
356.2666
356.256
356.244
356.2277
356.2059
356.1728
356.1201
356.0337
356.4679
356.4543
356.4447
356.4317
356.4172
356.3968
356.3694
356.3269
356.2569
356.1332
356.7495
356.7322
356.7206
356.7039
356.6855
356.6592
356.6232
356.5663
356.4668
356.2822
357.1196
357.0972
357.083
357.0615
357.038
357.0035
356.9563
356.8771
356.7348
356.4787
357.4912
357.4634
357.4464
357.4198
357.3907
357.3474
357.285
357.1772
356.9961
356.6655
357.7995
357.7668
357.7474
357.7159
357.6818
357.6277
357.5468
357.4186
357.2036
356.808
358.0133
357.9769
357.9557
357.9206
357.88
357.8127
357.7218
357.5789
357.3392
358.1208
358.0825
358.0602
358.0206
357.971
357.8988
357.8027
357.652
358.1185
358.0801
358.0554
358.0087
357.9574
357.8844
357.788
358.0062
357.9673
357.9364
357.8899
357.8397
357.7695
357.7848
357.7422
357.711
357.667
357.6199
357.4607
357.4205
357.3903
357.3499
357.0695
357.0327
357.0035
356.6767
356.6427
356.3725
356.1375
356.1272
356.12
356.1113
356.1015
356.0885
356.0714
356.0464
356.0083
355.9507
356.1812
356.1714
356.1638
356.1544
356.1439
356.1298
356.1112
356.0837
356.0409
355.9743
356.284
356.2728
356.2644
356.2537
356.2417
356.2253
356.2034
356.1703
356.1175
356.0279
356.4657
356.4521
356.4424
356.4293
356.4147
356.3943
356.3669
356.3243
356.251
356.1183
356.7473
356.7298
356.7182
356.7015
356.683
356.6566
356.6206
356.5604
356.4522
356.2652
357.1172
357.0947
357.0805
357.059
357.0355
357.001
356.9508
356.8633
356.7189
356.4615
357.4887
357.4609
357.444
357.4173
357.3882
357.3421
357.272
357.1624
356.9802
356.6485
357.7971
357.7644
357.745
357.7136
357.6767
357.6153
357.5326
357.4035
357.188
358.0109
357.9746
357.9534
357.9157
357.8679
357.7989
357.7072
357.5639
358.1185
358.0801
358.0554
358.0087
357.9574
357.8844
357.788
358.1161
358.0753
358.0435
357.9952
357.9431
357.8698
358.0013
357.9553
357.9226
357.8754
357.8248
357.7725
357.728
357.6961
357.6517
357.4458
357.4048
357.3742
357.0526
357.0152
356.6578
356.1343
356.1251
356.1178
356.1091
356.0992
356.0862
356.069
356.044
356.0058
355.9481
356.179
356.1692
356.1615
356.1521
356.1416
356.1274
356.1088
356.0812
356.0384
355.9685
356.2818
356.2705
356.2621
356.2513
356.2392
356.2228
356.2009
356.1677
356.1116
356.0128
356.4635
356.4498
356.44
356.4269
356.4122
356.3918
356.3643
356.3184
356.2361
356.101
356.7449
356.7274
356.7157
356.699
356.6804
356.6539
356.6148
356.5458
356.4353
356.2471
357.1147
357.0923
357.078
357.0565
357.0329
356.9954
356.937
356.8475
356.702
356.4437
357.4863
357.4585
357.4415
357.4149
357.383
357.3292
357.2572
357.1466
356.9639
357.7947
357.762
357.7426
357.7085
357.6643
357.6011
357.5176
357.3881
358.0086
357.9723
357.9484
357.9036
357.8542
357.7843
357.6923
358.1161
358.0753
358.0435
357.9952
357.9431
357.8698
358.1113
358.0634
358.0299
357.9809
357.9285
357.9893
357.9415
357.9082
357.8606
357.7583
357.7131
357.6808
357.4301
357.3887
357.0352
356.1321
356.1229
356.1156
356.1068
356.0969
356.0838
356.0666
356.0415
356.0032
355.9423
356.1769
356.1669
356.1593
356.1498
356.1392
356.125
356.1063
356.0786
356.0326
355.9535
356.2796
356.2683
356.2598
356.2489
356.2368
356.2203
356.1983
356.1619
356.0966
355.9954
356.4612
356.4474
356.4376
356.4244
356.4097
356.3892
356.3584
356.3035
356.2187
356.0825
356.7425
356.725
356.7132
356.6964
356.6778
356.6481
356.6002
356.5289
356.4173
356.2283
357.1122
357.0898
357.0755
357.054
357.0274
356.9817
356.9212
356.8307
356.6846
357.4838
357.456
357.4391
357.4096
357.37
357.3143
357.2414
357.1304
357.7923
357.7596
357.7376
357.6961
357.6502
357.5861
357.5022
358.0062
357.9673
357.9364
357.8899
357.8397
357.7695
358.1113
358.0634
358.0299
357.9809
357.9285
358.0994
358.0498
358.0157
357.9663
357.9756
357.9271
357.8934
357.7434
357.6978
357.414
356.13
356.1207
356.1133
356.1044
356.0945
356.0813
356.0641
356.0389
355.9974
355.9273
356.1746
356.1647
356.1569
356.1474
356.1367
356.1225
356.1037
356.0728
356.0175
355.936
356.2773
356.2659
356.2574
356.2465
356.2343
356.2177
356.1924
356.1468
356.0791
355.9768
356.4589
356.445
356.4351
356.4218
356.407
356.3833
356.3434
356.2861
356.2002
356.0632
356.7401
356.7225
356.7106
356.6937
356.6719
356.6335
356.5832
356.5108
356.3985
357.1097
357.0872
357.0729
357.0484
357.0136
356.9658
356.9043
356.8132
357.4814
357.4536
357.4338
357.3966
357.3551
357.2986
357.2252
357.7899
357.7546
357.7252
357.6819
357.6352
357.5708
358.0013
357.9553
357.9226
357.8754
357.8248
358.0994
358.0498
358.0157
357.9663
358.0859
358.0356
358.0011
357.9611
357.9123
357.7281
356.1277
356.1184
356.111
356.1021
356.092
356.0789
356.0616
356.0331
355.9824
355.9098
356.1724
356.1623
356.1545
356.145
356.1342
356.12
356.0979
356.0578
356
355.9173
356.275
356.2635
356.2549
356.2439
356.2317
356.2118
356.1774
356.1294
356.0604
355.9574
356.4564
356.4425
356.4325
356.4192
356.4011
356.3683
356.326
356.2675
356.1809
356.7376
356.7199
356.708
356.6879
356.6573
356.6165
356.5651
356.492
357.1072
357.0847
357.0674
357.0346
356.9978
356.949
356.8869
357.4789
357.4483
357.4209
357.3818
357.3394
357.2824
357.7848
357.7422
357.711
357.667
357.6199
357.9893
357.9415
357.9082
357.8606
358.0859
358.0356
358.0011
358.0716
358.021
357.9463
356.1254
356.116
356.1086
356.0996
356.0896
356.0763
356.0558
356.0181
355.9648
355.891
356.17
356.1599
356.1521
356.1425
356.1317
356.1142
356.0829
356.0403
355.9813
355.8979
356.2726
356.2611
356.2524
356.2414
356.2258
356.1968
356.1599
356.1107
356.041
356.454
356.4399
356.4299
356.4133
356.3862
356.3509
356.3074
356.2482
356.735
356.7172
356.7021
356.6733
356.6404
356.5984
356.5462
357.1047
357.0791
357.0536
357.0188
356.9809
356.9315
357.4736
357.4354
357.406
357.3661
357.3233
357.7725
357.728
357.6961
357.6517
357.9756
357.9271
357.8934
358.0716
358.021
358.0571
356.1231
356.1137
356.1062
356.0972
356.087
356.0706
356.0408
356.0006
355.9461
355.8716
356.1676
356.1575
356.1496
356.1399
356.1259
356.0992
356.0654
356.0216
355.9618
356.2702
356.2585
356.2498
356.2355
356.2108
356.1794
356.1412
356.0912
356.4514
356.4373
356.424
356.3983
356.3688
356.3323
356.288
356.7323
356.7114
356.6875
356.6563
356.6222
356.5795
357.0991
357.0654
357.0377
357.0019
356.9635
357.4607
357.4205
357.3903
357.3499
357.7583
357.7131
357.6808
357.9611
357.9123
358.0571
356.1207
356.1112
356.1037
356.0946
356.0813
356.0556
356.0233
355.9819
355.9267
356.1652
356.155
356.1471
356.1341
356.1109
356.0817
356.0467
356.0021
356.2676
356.256
356.244
356.2205
356.1933
356.1606
356.1217
356.4488
356.4314
356.4091
356.381
356.3502
356.3129
356.7264
356.6967
356.6705
356.6381
356.6033
357.0853
357.0495
357.0209
356.9845
357.4458
357.4048
357.3741
357.7434
357.6978
357.9463
356.1183
356.1088
356.1012
356.0889
356.0663
356.0381
356.0046
355.9624
356.1627
356.1525
356.1413
356.1191
356.0934
356.0629
356.0272
356.265
356.2501
356.229
356.203
356.1746
356.1411
356.4429
356.4165
356.3917
356.3623
356.3308
356.7118
356.6798
356.6524
356.6192
357.0695
357.0327
357.0035
357.4301
357.3887
357.7281
356.1158
356.1062
356.0954
356.0739
356.0488
356.0194
355.9851
356.1602
356.1467
356.1263
356.1017
356.0747
356.0435
356.2592
356.2351
356.2115
356.1843
356.1551
356.4279
356.3991
356.3731
356.3429
356.6949
356.6616
356.6335
357.0526
357.0152
357.414
356.1133
356.1005
356.0804
356.0564
356.0301
355.9999
356.1544
356.1317
356.1088
356.083
356.0552
356.2442
356.2177
356.1928
356.1648
356.4105
356.3804
356.3536
356.6767
356.6427
357.0352
356.1076
356.0855
356.063
356.0377
356.0106
356.1394
356.1142
356.0901
356.0635
356.2268
356.1989
356.1733
356.3919
356.361
356.6578
356.0926
356.0681
356.0443
356.0183
356.122
356.0955
356.0706
356.208
356.1795
356.3725
356.0751
356.0494
356.0248
356.1033
356.0761
356.1885
356.0565
356.0299
356.0838
356.037
)
;

boundaryField
{
    cathodeSides
    {
        type            zeroGradient;
    }
    electrolyteSides
    {
        type            zeroGradient;
    }
    anodeSides
    {
        type            zeroGradient;
    }
    phiI_to_phiI0
    {
        type            zeroGradient;
    }
    procBoundary0to1
    {
        type            processor;
        value           nonuniform List<scalar> 
400
(
356.1121
356.1604
356.1254
356.2687
356.1738
356.1366
356.4591
356.282
356.1849
356.1449
356.7549
356.4721
356.2931
356.1932
356.1487
357.1469
356.767
356.4829
356.3013
356.197
356.1455
357.5403
357.1569
356.7771
356.491
356.3051
356.1938
356.1433
357.867
357.5487
357.1651
356.7844
356.4947
356.302
356.1917
356.1411
358.0945
357.8744
357.5555
357.171
356.7876
356.4916
356.2999
356.1895
356.1389
358.2103
358.1014
357.8804
357.5601
357.1731
356.7844
356.4895
356.2977
356.1873
356.1366
358.2103
358.2169
358.1069
357.8843
357.5613
357.1693
356.7822
356.4873
356.2955
356.185
356.1343
358.0945
358.2169
358.2222
358.1105
357.885
357.5573
357.167
356.78
356.4851
356.2932
356.1827
356.1319
357.867
358.1014
358.2222
358.2257
358.111
357.8808
357.5548
357.1646
356.7777
356.4828
356.2909
356.1803
356.1295
357.5403
357.8744
358.1069
358.2257
358.226
358.1067
357.8783
357.5523
357.1622
356.7754
356.4805
356.2885
356.1779
356.127
357.1469
357.5487
357.8804
358.1105
358.226
358.2218
358.1042
357.8757
357.5498
357.1597
356.773
356.478
356.2861
356.1754
356.1245
356.7549
357.1569
357.5555
357.8843
358.111
358.2218
358.2192
358.1016
357.8732
357.5473
357.1572
356.7705
356.4755
356.2835
356.1728
356.1188
356.4591
356.767
357.1651
357.5601
357.885
358.1067
358.2192
358.2167
358.0991
357.8707
357.5448
357.1547
356.7679
356.473
356.2809
356.1671
356.1038
356.2687
356.4721
356.7771
357.171
357.5613
357.8808
358.1042
358.2167
358.2142
358.0966
357.8682
357.5423
357.1522
356.7653
356.4703
356.2751
356.1521
356.0863
356.1604
356.282
356.4829
356.7844
357.1731
357.5573
357.8783
358.1016
358.2142
358.2117
358.0941
357.8657
357.5398
357.1497
356.7627
356.4644
356.2601
356.1346
356.0676
356.1121
356.1738
356.2931
356.491
356.7876
357.1693
357.5548
357.8757
358.0991
358.2117
358.2092
358.0917
357.8633
357.5373
357.1471
356.7568
356.4494
356.2426
356.1159
356.0482
356.1254
356.1849
356.3013
356.4947
356.7844
357.167
357.5523
357.8732
358.0966
358.2092
358.2068
358.0892
357.8608
357.5348
357.1415
356.7421
356.432
356.2239
356.0964
356.1366
356.1932
356.3051
356.4916
356.7822
357.1646
357.5498
357.8707
358.0941
358.2068
358.2043
358.0868
357.8584
357.5295
357.1277
356.7251
356.4134
356.2044
356.1449
356.197
356.302
356.4895
356.78
357.1622
357.5473
357.8682
358.0917
358.2043
358.2019
358.0844
357.8532
357.5164
357.1118
356.7069
356.3939
356.1487
356.1938
356.2999
356.4873
356.7777
357.1597
357.5448
357.8657
358.0892
358.2019
358.1996
358.0794
357.8408
357.5015
357.0948
356.688
356.1455
356.1917
356.2977
356.4851
356.7754
357.1572
357.5423
357.8633
358.0868
358.1996
358.1946
358.0672
357.8265
357.4858
357.0774
356.1433
356.1895
356.2955
356.4828
356.773
357.1547
357.5398
357.8608
358.0844
358.1946
358.1826
358.0534
357.8116
357.4696
356.1411
356.1873
356.2932
356.4805
356.7705
357.1522
357.5373
357.8584
358.0794
358.1826
358.1689
358.0389
357.7962
356.1389
356.185
356.2909
356.478
356.7679
357.1497
357.5348
357.8532
358.0672
358.1689
358.1546
358.0241
356.1366
356.1827
356.2885
356.4755
356.7653
357.1471
357.5295
357.8408
358.0534
358.1546
358.14
356.1343
356.1803
356.2861
356.473
356.7627
357.1415
357.5164
357.8265
358.0389
358.14
356.1319
356.1779
356.2835
356.4703
356.7568
357.1277
357.5015
357.8116
358.0241
356.1295
356.1754
356.2809
356.4644
356.7421
357.1118
357.4858
357.7962
356.127
356.1728
356.2751
356.4494
356.7251
357.0948
357.4696
356.1245
356.1671
356.2601
356.432
356.7069
357.0774
356.1188
356.1521
356.2426
356.4134
356.688
356.1038
356.1346
356.2239
356.3939
356.0863
356.1159
356.2044
356.0676
356.0964
356.0482
)
;
    }
}
)

// processor1

43350
(dimensions      [0 0 0 1 0 0 0];

internalField   nonuniform List<scalar> 
4000
(
356.1121
356.1604
356.1159
356.1254
356.2687
356.1644
356.1738
356.1176
356.1293
356.1366
356.4591
356.2731
356.282
356.1662
356.1778
356.1849
356.1187
356.131
356.1404
356.1449
356.7549
356.4642
356.4721
356.275
356.2864
356.2931
356.1673
356.1796
356.1889
356.1932
356.1195
356.1321
356.1422
356.1487
356.1487
357.1469
356.761
356.767
356.4663
356.4772
356.4829
356.2762
356.2883
356.2975
356.3013
356.1681
356.1807
356.1907
356.1972
356.197
356.1202
356.1329
356.1433
356.1504
356.1525
356.1455
357.5403
357.1543
357.1569
356.7635
356.7731
356.7771
356.4677
356.4793
356.488
356.491
356.2771
356.2896
356.2994
356.3057
356.3051
356.1688
356.1815
356.1919
356.199
356.201
356.1938
356.1207
356.1335
356.144
356.1515
356.1543
356.1493
356.1433
357.867
357.549
357.5487
357.1571
357.1643
357.1651
356.7651
356.7756
356.7832
356.7844
356.4686
356.4807
356.4902
356.4961
356.4947
356.2779
356.2904
356.3006
356.3076
356.3096
356.302
356.1694
356.1822
356.1927
356.2001
356.2028
356.1978
356.1917
356.1213
356.1341
356.1447
356.1523
356.1553
356.151
356.1471
356.1411
358.0945
357.877
357.8744
357.5523
357.5574
357.5555
357.1589
357.1672
357.1726
357.171
356.7662
356.7772
356.7856
356.7905
356.7876
356.4695
356.4817
356.4915
356.4982
356.4998
356.4916
356.2785
356.2912
356.3015
356.3089
356.3115
356.3064
356.2999
356.17
356.1828
356.1933
356.2009
356.2039
356.1996
356.1957
356.1895
356.1218
356.1347
356.1453
356.153
356.1561
356.1521
356.1489
356.1449
356.1389
358.2103
358.1055
358.1014
357.8806
357.8844
357.8804
357.5544
357.5607
357.5642
357.5601
357.1602
357.169
357.1754
357.1784
357.1731
356.7671
356.7783
356.7872
356.7929
356.7937
356.7844
356.4702
356.4825
356.4925
356.4996
356.5019
356.4967
356.4895
356.2791
356.2918
356.3023
356.3097
356.3127
356.3084
356.3043
356.2977
356.1706
356.1834
356.1939
356.2016
356.2047
356.2008
356.1975
356.1935
356.1873
356.1224
356.1352
356.1458
356.1535
356.1568
356.1529
356.15
356.1467
356.1427
356.1366
358.2103
358.2217
358.2169
358.1093
358.1123
358.1069
357.8829
357.888
357.8904
357.8843
357.5559
357.5628
357.5675
357.5689
357.5613
357.1614
357.1703
357.1772
357.1812
357.1805
357.1693
356.7679
356.7793
356.7883
356.7945
356.7962
356.7905
356.7822
356.4709
356.4832
356.4934
356.5005
356.5033
356.4988
356.4946
356.4873
356.2797
356.2924
356.3029
356.3105
356.3136
356.3096
356.3063
356.3022
356.2955
356.1712
356.1839
356.1945
356.2022
356.2054
356.2016
356.1986
356.1953
356.1913
356.185
356.1358
356.1464
356.1541
356.1573
356.1535
356.1507
356.1478
356.1445
356.1404
356.1343
358.0945
358.2217
358.2169
358.2257
358.2283
358.2222
358.1118
358.1162
358.1178
358.1105
357.8846
357.8903
357.8939
357.8943
357.885
357.5572
357.5643
357.5696
357.5721
357.5701
357.5573
357.1623
357.1714
357.1785
357.183
357.1833
357.1767
357.167
356.7687
356.78
356.7893
356.7956
356.7977
356.7929
356.7883
356.78
356.4715
356.4839
356.494
356.5014
356.5042
356.5002
356.4967
356.4924
356.4851
356.2804
356.293
356.3035
356.3111
356.3143
356.3104
356.3075
356.3041
356.2999
356.2932
356.1846
356.1951
356.2028
356.206
356.2022
356.1994
356.1964
356.1931
356.189
356.1827
356.147
356.1546
356.1579
356.1541
356.1514
356.1485
356.1455
356.1422
356.1381
356.1319
357.867
358.1055
358.1014
358.2257
358.2283
358.2222
358.2283
358.2323
358.2336
358.2257
358.1136
358.1187
358.1217
358.1214
358.111
357.8861
357.892
357.8963
357.8979
357.895
357.8808
357.5582
357.5656
357.5711
357.5742
357.5733
357.566
357.5548
357.1632
357.1724
357.1797
357.1843
357.1851
357.1796
357.1744
357.1646
356.7694
356.7809
356.7901
356.7966
356.7988
356.7945
356.7908
356.7861
356.7777
356.4723
356.4845
356.4948
356.5021
356.5051
356.5011
356.4981
356.4946
356.4902
356.4828
356.2937
356.3041
356.3117
356.3149
356.3112
356.3083
356.3053
356.3019
356.2977
356.2909
356.1957
356.2033
356.2066
356.2028
356.2001
356.1972
356.1942
356.1908
356.1867
356.1803
356.1552
356.1584
356.1547
356.1519
356.1492
356.1463
356.1433
356.1399
356.1357
356.1295
357.5403
357.877
357.8744
358.1093
358.1123
358.1069
358.2283
358.2323
358.2336
358.2257
358.2301
358.2349
358.2376
358.237
358.226
358.1152
358.1205
358.1242
358.1253
358.1218
358.1067
357.8872
357.8935
357.8979
357.9002
357.8986
357.8908
357.8783
357.5593
357.5666
357.5724
357.5757
357.5754
357.5693
357.5635
357.5523
357.164
357.1733
357.1806
357.1855
357.1864
357.1814
357.1772
357.172
357.1622
356.7703
356.7815
356.7909
356.7974
356.7998
356.7956
356.7923
356.7885
356.7838
356.7754
356.4853
356.4954
356.5028
356.5058
356.502
356.499
356.4959
356.4923
356.4879
356.4805
356.3048
356.3123
356.3156
356.3118
356.3091
356.3062
356.3031
356.2996
356.2953
356.2885
356.2039
356.2071
356.2034
356.2007
356.1979
356.195
356.1919
356.1885
356.1843
356.1779
356.159
356.1552
356.1525
356.1498
356.147
356.144
356.1409
356.1375
356.1333
356.127
357.1469
357.549
357.5487
357.8806
357.8844
357.8804
358.1118
358.1162
358.1178
358.1105
358.2301
358.2349
358.2376
358.237
358.226
358.2318
358.2368
358.2402
358.241
358.2374
358.2218
358.1164
358.1221
358.126
358.1277
358.1257
358.1176
358.1042
357.8884
357.8946
357.8994
357.9019
357.9009
357.8944
357.8883
357.8757
357.5601
357.5677
357.5734
357.577
357.5769
357.5714
357.5668
357.561
357.5498
357.165
357.174
357.1815
357.1864
357.1875
357.1827
357.179
357.1748
357.1695
357.1597
356.7824
356.7915
356.7982
356.8006
356.7965
356.7934
356.7901
356.7862
356.7815
356.773
356.4961
356.5034
356.5065
356.5027
356.4999
356.4969
356.4937
356.4901
356.4856
356.478
356.313
356.3161
356.3124
356.3097
356.3069
356.3039
356.3008
356.2973
356.2929
356.2861
356.2077
356.2039
356.2013
356.1985
356.1957
356.1927
356.1896
356.1861
356.1819
356.1754
356.1558
356.153
356.1503
356.1475
356.1447
356.1417
356.1386
356.1351
356.1308
356.1245
356.7549
357.1543
357.1569
357.5523
357.5574
357.5555
357.8829
357.888
357.8904
357.8843
358.1136
358.1187
358.1217
358.1214
358.111
358.2318
358.2368
358.2402
358.241
358.2374
358.2218
358.233
358.2384
358.242
358.2436
358.2414
358.2332
358.2192
358.1176
358.1233
358.1275
358.1295
358.1282
358.1215
358.1151
358.1016
357.8893
357.8958
357.9005
357.9033
357.9026
357.8967
357.8918
357.8857
357.8732
357.5613
357.5685
357.5745
357.5781
357.5782
357.5728
357.5688
357.5643
357.5585
357.5473
357.1751
357.1823
357.1873
357.1885
357.1838
357.1803
357.1766
357.1724
357.1671
357.1572
356.7924
356.7989
356.8014
356.7973
356.7944
356.7912
356.7878
356.7839
356.7791
356.7705
356.5041
356.5071
356.5034
356.5006
356.4977
356.4947
356.4914
356.4877
356.4831
356.4755
356.3168
356.313
356.3103
356.3075
356.3047
356.3017
356.2985
356.2949
356.2905
356.2835
356.2045
356.2018
356.1991
356.1963
356.1934
356.1904
356.1872
356.1837
356.1794
356.1728
356.1536
356.1508
356.1481
356.1452
356.1424
356.1393
356.1361
356.1326
356.1283
356.1188
356.4591
356.761
356.767
357.1571
357.1643
357.1651
357.5544
357.5607
357.5642
357.5601
357.8846
357.8903
357.8939
357.8943
357.885
358.1152
358.1205
358.1242
358.1253
358.1218
358.1067
358.233
358.2384
358.242
358.2436
358.2414
358.2332
358.2192
358.2343
358.2396
358.2437
358.2455
358.2439
358.2371
358.2306
358.2167
358.1186
358.1245
358.1287
358.1311
358.13
358.1239
358.1189
358.1125
358.0991
357.8906
357.8967
357.9017
357.9045
357.904
357.8984
357.8942
357.8893
357.8832
357.8707
357.5697
357.5753
357.5791
357.5792
357.5742
357.5703
357.5663
357.5618
357.556
357.5448
357.1833
357.1881
357.1894
357.1847
357.1814
357.1779
357.1742
357.1699
357.1646
357.1547
356.7998
356.8021
356.7981
356.7952
356.7922
356.7889
356.7855
356.7815
356.7766
356.7679
356.5078
356.504
356.5013
356.4984
356.4955
356.4924
356.489
356.4853
356.4806
356.473
356.3136
356.3109
356.3082
356.3053
356.3024
356.2993
356.2961
356.2924
356.2879
356.2809
356.2024
356.1996
356.1969
356.194
356.1911
356.188
356.1848
356.1812
356.1768
356.1671
356.1514
356.1486
356.1458
356.1429
356.14
356.1369
356.1337
356.1301
356.1226
356.1038
356.2687
356.4642
356.4721
356.7635
356.7731
356.7771
357.1589
357.1672
357.1726
357.171
357.5559
357.5628
357.5675
357.5689
357.5613
357.8861
357.892
357.8963
357.8979
357.895
357.8808
358.1164
358.1221
358.126
358.1277
358.1257
358.1176
358.1042
358.2343
358.2396
358.2437
358.2455
358.2439
358.2371
358.2306
358.2167
358.2352
358.2409
358.2449
358.2471
358.2458
358.2397
358.2346
358.228
358.2142
358.12
358.1255
358.13
358.1323
358.1315
358.1257
358.1214
358.1163
358.11
358.0966
357.898
357.9026
357.9056
357.9051
357.8998
357.8958
357.8916
357.8868
357.8807
357.8682
357.5765
357.58
357.5803
357.5752
357.5716
357.5678
357.5638
357.5593
357.5535
357.5423
357.1891
357.1901
357.1856
357.1823
357.179
357.1755
357.1717
357.1675
357.1621
357.1522
356.8029
356.7988
356.796
356.7929
356.7899
356.7866
356.783
356.779
356.774
356.7653
356.5047
356.5019
356.4991
356.4962
356.4932
356.49
356.4866
356.4828
356.4781
356.4703
356.3115
356.3087
356.3059
356.303
356.3001
356.2969
356.2936
356.2899
356.2854
356.2751
356.2002
356.1974
356.1946
356.1917
356.1887
356.1856
356.1823
356.1786
356.1711
356.1521
356.1492
356.1463
356.1435
356.1405
356.1376
356.1344
356.1311
356.1243
356.1076
356.0863
356.1604
356.2731
356.282
356.4663
356.4772
356.4829
356.7651
356.7756
356.7832
356.7844
357.1602
357.169
357.1754
357.1784
357.1731
357.5572
357.5643
357.5696
357.5721
357.5701
357.5573
357.8872
357.8935
357.8979
357.9002
357.8986
357.8908
357.8783
358.1176
358.1233
358.1275
358.1295
358.1282
358.1215
358.1151
358.1016
358.2352
358.2409
358.2449
358.2471
358.2458
358.2397
358.2346
358.228
358.2142
358.2367
358.2419
358.2462
358.2483
358.2474
358.2415
358.2371
358.232
358.2255
358.2117
358.1269
358.1309
358.1335
358.1327
358.1273
358.1232
358.1188
358.1138
358.1075
358.0941
357.9039
357.9065
357.9063
357.901
357.8973
357.8933
357.8891
357.8843
357.8782
357.8657
357.5812
357.5811
357.5762
357.5727
357.5691
357.5653
357.5613
357.5568
357.551
357.5398
357.1912
357.1864
357.1833
357.1799
357.1766
357.173
357.1693
357.165
357.1596
357.1497
356.7997
356.7966
356.7937
356.7907
356.7875
356.7842
356.7806
356.7765
356.7714
356.7627
356.5026
356.4997
356.4969
356.4939
356.4908
356.4876
356.4841
356.4802
356.4754
356.4644
356.3094
356.3065
356.3037
356.3007
356.2977
356.2945
356.2911
356.2873
356.2795
356.2601
356.198
356.1951
356.1923
356.1893
356.1863
356.1831
356.1798
356.1729
356.1561
356.1346
356.1469
356.144
356.1411
356.1381
356.1351
356.1319
356.1254
356.1093
356.0901
356.0676
356.1121
356.1644
356.1738
356.275
356.2864
356.2931
356.4677
356.4793
356.488
356.491
356.7662
356.7772
356.7856
356.7905
356.7876
357.1614
357.1703
357.1772
357.1812
357.1805
357.1693
357.5582
357.5656
357.5711
357.5742
357.5733
357.566
357.5548
357.8884
357.8946
357.8994
357.9019
357.9009
357.8944
357.8883
357.8757
358.1186
358.1245
358.1287
358.1311
358.13
358.1239
358.1189
358.1125
358.0991
358.2367
358.2419
358.2462
358.2483
358.2474
358.2415
358.2371
358.232
358.2255
358.2117
358.2434
358.2472
358.2496
358.2486
358.2432
358.239
358.2346
358.2295
358.223
358.2092
358.1323
358.1345
358.134
358.1285
358.1247
358.1206
358.1163
358.1113
358.105
358.0917
357.9079
357.9072
357.9021
357.8984
357.8947
357.8908
357.8866
357.8818
357.8757
357.8633
357.5823
357.5771
357.5737
357.5702
357.5666
357.5628
357.5588
357.5543
357.5485
357.5373
357.1874
357.184
357.1809
357.1775
357.1742
357.1706
357.1668
357.1624
357.157
357.1471
356.7975
356.7944
356.7915
356.7883
356.7851
356.7817
356.778
356.7739
356.7688
356.7568
356.5005
356.4975
356.4946
356.4915
356.4884
356.4851
356.4815
356.4776
356.4695
356.4494
356.3072
356.3042
356.3013
356.2983
356.2952
356.2919
356.2885
356.2815
356.2645
356.2426
356.1957
356.1928
356.1899
356.1869
356.1838
356.1806
356.174
356.1579
356.1386
356.1159
356.1446
356.1416
356.1387
356.1356
356.1326
356.1262
356.1104
356.0919
356.0714
356.0482
356.1159
356.1254
356.1662
356.1778
356.1849
356.2762
356.2883
356.2975
356.3013
356.4686
356.4807
356.4902
356.4961
356.4947
356.7671
356.7783
356.7872
356.7929
356.7937
356.7844
357.1623
357.1714
357.1785
357.183
357.1833
357.1767
357.167
357.5593
357.5666
357.5724
357.5757
357.5754
357.5693
357.5635
357.5523
357.8893
357.8958
357.9005
357.9033
357.9026
357.8967
357.8918
357.8857
357.8732
358.12
358.1255
358.13
358.1323
358.1315
358.1257
358.1214
358.1163
358.11
358.0966
358.2434
358.2472
358.2496
358.2486
358.2432
358.239
358.2346
358.2295
358.223
358.2092
358.2486
358.2506
358.2499
358.2444
358.2406
358.2364
358.2321
358.227
358.2206
358.2068
358.1359
358.1349
358.1297
358.1259
358.1222
358.1181
358.1138
358.1088
358.1025
358.0892
357.9085
357.903
357.8996
357.8959
357.8922
357.8882
357.8841
357.8793
357.8732
357.8608
357.5783
357.5746
357.5712
357.5677
357.5641
357.5603
357.5563
357.5518
357.546
357.5348
357.1851
357.1816
357.1785
357.1751
357.1717
357.1681
357.1642
357.1599
357.1545
357.1415
356.7953
356.7921
356.7891
356.7859
356.7826
356.7791
356.7754
356.7712
356.7629
356.7421
356.4982
356.4952
356.4922
356.4891
356.4859
356.4825
356.4789
356.4716
356.4545
356.432
356.3049
356.3019
356.2989
356.2958
356.2927
356.2894
356.2827
356.2665
356.247
356.2239
356.1934
356.1904
356.1874
356.1844
356.1812
356.1748
356.159
356.1404
356.1199
356.0964
356.1422
356.1392
356.1362
356.1331
356.1268
356.1112
356.093
356.0732
356.052
356.1176
356.1293
356.1366
356.1673
356.1796
356.1889
356.1932
356.2771
356.2896
356.2994
356.3057
356.3051
356.4695
356.4817
356.4915
356.4982
356.4998
356.4916
356.7679
356.7793
356.7883
356.7945
356.7962
356.7905
356.7822
357.1632
357.1724
357.1797
357.1843
357.1851
357.1796
357.1744
357.1646
357.5601
357.5677
357.5734
357.577
357.5769
357.5714
357.5668
357.561
357.5498
357.8906
357.8967
357.9017
357.9045
357.904
357.8984
357.8942
357.8893
357.8832
357.8707
358.1269
358.1309
358.1335
358.1327
358.1273
358.1232
358.1188
358.1138
358.1075
358.0941
358.2486
358.2506
358.2499
358.2444
358.2406
358.2364
358.2321
358.227
358.2206
358.2068
358.252
358.2509
358.2457
358.2418
358.2381
358.2339
358.2296
358.2245
358.2181
358.2043
358.1363
358.1307
358.1272
358.1234
358.1197
358.1156
358.1113
358.1064
358.1001
358.0868
357.9043
357.9005
357.897
357.8933
357.8897
357.8857
357.8816
357.8768
357.8708
357.8584
357.5757
357.5721
357.5687
357.5652
357.5616
357.5578
357.5538
357.5493
357.5435
357.5295
357.1827
357.1792
357.176
357.1726
357.1692
357.1655
357.1617
357.1573
357.1488
357.1277
356.793
356.7898
356.7867
356.7834
356.7801
356.7765
356.7728
356.7653
356.7482
356.7251
356.4959
356.4928
356.4898
356.4866
356.4833
356.4799
356.473
356.4567
356.4371
356.4134
356.3025
356.2995
356.2965
356.2933
356.2901
356.2835
356.2677
356.249
356.2283
356.2044
356.191
356.188
356.1849
356.1818
356.1755
356.1598
356.1415
356.1217
356.1004
356.1398
356.1367
356.1337
356.1274
356.1119
356.0937
356.0743
356.0538
356.1187
356.131
356.1404
356.1449
356.1681
356.1807
356.1907
356.1972
356.197
356.2779
356.2904
356.3006
356.3077
356.3096
356.302
356.4702
356.4825
356.4925
356.4996
356.5019
356.4967
356.4895
356.7687
356.78
356.7893
356.7956
356.7977
356.7929
356.7883
356.78
357.164
357.1733
357.1806
357.1855
357.1864
357.1814
357.1772
357.172
357.1622
357.5613
357.5685
357.5745
357.5781
357.5782
357.5728
357.5688
357.5643
357.5585
357.5473
357.898
357.9026
357.9056
357.9051
357.8998
357.8958
357.8916
357.8868
357.8807
357.8682
358.1323
358.1345
358.134
358.1285
358.1247
358.1206
358.1163
358.1113
358.105
358.0917
358.252
358.2509
358.2457
358.2418
358.2381
358.2339
358.2296
358.2245
358.2181
358.2043
358.2523
358.2466
358.2431
358.2393
358.2355
358.2314
358.2271
358.2221
358.2157
358.2019
358.1321
358.1281
358.1246
358.1209
358.1172
358.1131
358.1089
358.1039
358.0977
358.0844
357.9018
357.8979
357.8945
357.8908
357.8872
357.8833
357.8791
357.8744
357.8684
357.8532
357.5732
357.5696
357.5662
357.5627
357.5591
357.5553
357.5514
357.5468
357.5382
357.5164
357.1802
357.1768
357.1735
357.1701
357.1667
357.163
357.1591
357.1517
357.135
357.1118
356.7907
356.7874
356.7842
356.7809
356.7775
356.7739
356.7669
356.7507
356.7312
356.7069
356.4936
356.4904
356.4873
356.484
356.4807
356.474
356.458
356.4393
356.4185
356.3939
356.3001
356.297
356.2939
356.2907
356.2843
356.2685
356.2502
356.2302
356.2088
356.1886
356.1855
356.1824
356.176
356.1605
356.1423
356.1228
356.1022
356.1373
356.1342
356.1279
356.1124
356.0944
356.075
356.0548
356.1195
356.1321
356.1422
356.1487
356.1487
356.1688
356.1815
356.1918
356.199
356.201
356.1938
356.2785
356.2912
356.3015
356.3089
356.3115
356.3064
356.2999
356.4709
356.4832
356.4934
356.5005
356.5033
356.4988
356.4946
356.4873
356.7694
356.7809
356.7901
356.7966
356.7988
356.7945
356.7908
356.7861
356.7777
357.165
357.174
357.1815
357.1864
357.1875
357.1827
357.179
357.1748
357.1695
357.1597
357.5697
357.5753
357.5791
357.5792
357.5742
357.5703
357.5663
357.5618
357.556
357.5448
357.9039
357.9065
357.9063
357.901
357.8973
357.8933
357.8891
357.8843
357.8782
357.8657
358.1359
358.1349
358.1297
358.1259
358.1222
358.1181
358.1138
358.1088
358.1025
358.0892
358.2523
358.2466
358.2431
358.2393
358.2355
358.2314
358.2271
358.2221
358.2157
358.2019
358.2481
358.2441
358.2406
358.2368
358.233
358.229
358.2247
358.2197
358.2133
358.1996
358.1295
358.1256
358.1221
358.1184
358.1147
358.1107
358.1064
358.1015
358.0953
358.0794
357.8992
357.8954
357.892
357.8883
357.8847
357.8808
357.8767
357.8719
357.8632
357.8408
357.5707
357.5671
357.5637
357.5602
357.5567
357.5528
357.5489
357.5414
357.5252
357.5015
357.1778
357.1743
357.171
357.1676
357.1641
357.1604
357.1535
357.1379
357.1191
357.0948
356.7883
356.7849
356.7817
356.7783
356.7748
356.768
356.7522
356.7337
356.713
356.688
356.4911
356.4879
356.4847
356.4814
356.4748
356.459
356.4406
356.4206
356.399
356.2977
356.2945
356.2913
356.2849
356.2693
356.2511
356.2315
356.2107
356.1861
356.1829
356.1766
356.1611
356.143
356.1236
356.1034
356.1348
356.1284
356.113
356.095
356.0757
356.0556
356.1202
356.1329
356.1433
356.1504
356.1525
356.1455
356.1694
356.1822
356.1927
356.2001
356.2028
356.1978
356.1917
356.2791
356.2918
356.3023
356.3097
356.3127
356.3084
356.3043
356.2977
356.4715
356.4839
356.494
356.5014
356.5042
356.5002
356.4967
356.4924
356.4851
356.7703
356.7815
356.7909
356.7974
356.7998
356.7956
356.7923
356.7885
356.7838
356.7754
357.1751
357.1823
357.1873
357.1884
357.1838
357.1803
357.1766
357.1724
357.1671
357.1572
357.5765
357.58
357.5803
357.5752
357.5716
357.5678
357.5638
357.5593
357.5535
357.5423
357.9079
357.9072
357.9021
357.8984
357.8947
357.8907
357.8866
357.8818
357.8757
357.8633
358.1363
358.1307
358.1272
358.1234
358.1197
358.1156
358.1113
358.1064
358.1001
358.0868
358.2481
358.2441
358.2406
358.2368
358.233
358.229
358.2247
358.2197
358.2133
358.1996
358.2455
358.2415
358.2381
358.2343
358.2306
358.2265
358.2222
358.2173
358.2109
358.1946
358.127
358.123
358.1196
358.1159
358.1122
358.1082
358.104
358.0991
358.0902
358.0672
357.8967
357.8929
357.8895
357.8859
357.8823
357.8784
357.8743
357.8668
357.8507
357.8265
357.5682
357.5646
357.5612
357.5577
357.5542
357.5503
357.5435
357.5284
357.5103
357.4858
357.1753
357.1718
357.1685
357.165
357.1615
357.1548
357.1397
357.122
357.1022
357.0774
356.7858
356.7824
356.7791
356.7756
356.7689
356.7533
356.7352
356.7155
356.6941
356.4886
356.4853
356.4821
356.4755
356.4598
356.4416
356.422
356.4011
356.2952
356.2919
356.2855
356.2699
356.2518
356.2323
356.2119
356.1835
356.1772
356.1617
356.1436
356.1243
356.1042
356.129
356.1135
356.0955
356.0763
356.0563
356.1207
356.1335
356.144
356.1515
356.1543
356.1493
356.1433
356.17
356.1828
356.1933
356.2009
356.2039
356.1996
356.1957
356.1895
356.2797
356.2924
356.3029
356.3105
356.3136
356.3096
356.3063
356.3022
356.2955
356.4723
356.4845
356.4948
356.5021
356.5051
356.5011
356.4981
356.4946
356.4902
356.4828
356.7824
356.7915
356.7982
356.8006
356.7965
356.7934
356.7901
356.7862
356.7815
356.773
357.1833
357.1881
357.1894
357.1847
357.1814
357.1779
357.1742
357.1699
357.1646
357.1547
357.5812
357.5811
357.5762
357.5727
357.5691
357.5653
357.5613
357.5568
357.551
357.5398
357.9085
357.903
357.8996
357.8959
357.8922
357.8882
357.8841
357.8793
357.8732
357.8608
358.1321
358.1281
358.1246
358.1209
358.1172
358.1131
358.1089
358.1039
358.0977
358.0844
358.2455
358.2415
358.2381
358.2343
358.2306
358.2265
358.2222
358.2173
358.2109
358.1946
358.243
358.239
358.2356
358.2318
358.2281
358.2241
358.2198
358.2149
358.2059
358.1826
358.1245
358.1205
358.1171
358.1134
358.1098
358.1058
358.1016
358.0941
358.0781
358.0534
357.8942
357.8904
357.887
357.8834
357.8798
357.8759
357.8691
357.8543
357.8365
357.8116
357.5657
357.5621
357.5587
357.5552
357.5517
357.545
357.5305
357.5135
357.4945
357.4696
357.1728
357.1693
357.1659
357.1624
357.1559
357.141
357.1238
357.1051
357.0848
356.7832
356.7798
356.7764
356.7697
356.7543
356.7363
356.717
356.6965
356.4861
356.4827
356.4762
356.4605
356.4424
356.4229
356.4025
356.2926
356.2861
356.2705
356.2524
356.2331
356.2128
356.1778
356.1622
356.1442
356.1249
356.1048
356.1141
356.096
356.0768
356.0568
356.1213
356.1341
356.1447
356.1523
356.1553
356.151
356.1471
356.1411
356.1706
356.1834
356.1939
356.2016
356.2047
356.2008
356.1975
356.1935
356.1873
356.2804
356.293
356.3035
356.3111
356.3143
356.3104
356.3075
356.3041
356.2999
356.2932
356.4853
356.4954
356.5028
356.5058
356.502
356.499
356.4959
356.4923
356.4879
356.4805
356.7924
356.7989
356.8014
356.7973
356.7944
356.7912
356.7878
356.7839
356.7791
356.7705
357.1891
357.1901
357.1856
357.1823
357.179
357.1755
357.1717
357.1675
357.1621
357.1522
357.5823
357.5771
357.5737
357.5702
357.5666
357.5628
357.5588
357.5543
357.5485
357.5373
357.9043
357.9005
357.897
357.8933
357.8897
357.8857
357.8816
357.8768
357.8708
357.8584
358.1295
358.1256
358.1221
358.1184
358.1147
358.1107
358.1064
358.1015
358.0953
358.0794
358.243
358.239
358.2356
358.2318
358.2281
358.2241
358.2198
358.2149
358.2059
358.1826
358.2405
358.2365
358.2331
358.2294
358.2257
358.2217
358.2175
358.2099
358.1939
358.1689
358.122
358.1181
358.1147
358.111
358.1074
358.1034
358.0966
358.082
358.0643
358.0389
357.8917
357.8879
357.8846
357.8809
357.8774
357.8708
357.8566
357.8401
357.8215
357.7962
357.5632
357.5596
357.5562
357.5527
357.5463
357.532
357.5156
357.4977
357.4783
357.1703
357.1667
357.1634
357.1568
357.1421
357.1251
357.1069
357.0876
356.7806
356.7771
356.7705
356.7551
356.7373
356.7181
356.6981
356.4834
356.4768
356.4612
356.4431
356.4238
356.4035
356.2867
356.2711
356.253
356.2337
356.2135
356.1628
356.1447
356.1255
356.1054
356.0966
356.0773
356.0574
356.1218
356.1347
356.1453
356.153
356.1561
356.1521
356.1489
356.1449
356.1389
356.1712
356.1839
356.1945
356.2022
356.2054
356.2015
356.1986
356.1953
356.1913
356.185
356.2937
356.3041
356.3117
356.3149
356.3112
356.3083
356.3053
356.3019
356.2977
356.2909
356.4961
356.5034
356.5065
356.5027
356.4999
356.4969
356.4937
356.4901
356.4856
356.478
356.7998
356.8021
356.7981
356.7952
356.7922
356.7889
356.7855
356.7815
356.7766
356.7679
357.1912
357.1864
357.1833
357.1799
357.1766
357.173
357.1693
357.165
357.1596
357.1497
357.5783
357.5746
357.5712
357.5677
357.5641
357.5603
357.5563
357.5518
357.546
357.5348
357.9018
357.8979
357.8945
357.8908
357.8872
357.8833
357.8791
357.8744
357.8684
357.8532
358.127
358.123
358.1196
358.1159
358.1122
358.1082
358.104
358.0991
358.0902
358.0672
358.2405
358.2365
358.2331
358.2294
358.2257
358.2217
358.2175
358.2099
358.1939
358.1689
358.238
358.234
358.2306
358.2269
358.2233
358.2193
358.2125
358.1979
358.1803
358.1546
358.1195
358.1156
358.1122
358.1086
358.105
358.0984
358.0844
358.0681
358.0498
358.0241
357.8892
357.8854
357.8821
357.8785
357.8722
357.8583
357.8424
357.8251
357.8062
357.5607
357.5571
357.5537
357.5473
357.5333
357.5171
357.4998
357.4816
357.1677
357.1641
357.1577
357.143
357.1262
357.1082
357.0894
356.778
356.7712
356.7559
356.7381
356.7191
356.6992
356.4775
356.4618
356.4438
356.4244
356.4043
356.2717
356.2536
356.2343
356.2141
356.1453
356.126
356.106
356.0779
356.0579
356.1224
356.1352
356.1458
356.1535
356.1568
356.1529
356.15
356.1467
356.1427
356.1366
356.1846
356.1951
356.2028
356.206
356.2022
356.1994
356.1964
356.1931
356.189
356.1827
356.3048
356.3123
356.3156
356.3118
356.3091
356.3062
356.3031
356.2996
356.2953
356.2885
356.5041
356.5071
356.5034
356.5006
356.4977
356.4947
356.4914
356.4877
356.4831
356.4755
356.8029
356.7988
356.796
356.7929
356.7899
356.7866
356.783
356.779
356.774
356.7653
357.1874
357.184
357.1809
357.1775
357.1742
357.1706
357.1668
357.1624
357.157
357.1471
357.5757
357.5721
357.5687
357.5652
357.5616
357.5578
357.5538
357.5493
357.5435
357.5295
357.8992
357.8954
357.892
357.8883
357.8847
357.8808
357.8767
357.8719
357.8632
357.8408
358.1245
358.1205
358.1171
358.1134
358.1098
358.1058
358.1016
358.0941
358.0781
358.0534
358.238
358.234
358.2306
358.2269
358.2233
358.2193
358.2125
358.1979
358.1803
358.1546
358.2355
358.2316
358.2282
358.2245
358.2209
358.2143
358.2005
358.1843
358.166
358.14
358.117
358.1132
358.1098
358.1062
358.0999
358.0862
358.0706
358.0536
358.0349
357.8868
357.883
357.8797
357.8734
357.8598
357.8441
357.8274
357.8098
357.5583
357.5546
357.5484
357.5343
357.5184
357.5013
357.4836
357.1651
357.1585
357.144
357.1271
357.1093
357.0907
356.7721
356.7566
356.7389
356.7199
356.7001
356.4626
356.4444
356.4251
356.405
356.2543
356.2349
356.2148
356.1266
356.1065
356.0585
356.1358
356.1464
356.1541
356.1573
356.1535
356.1507
356.1478
356.1445
356.1404
356.1343
356.1957
356.2033
356.2066
356.2028
356.2001
356.1972
356.1942
356.1908
356.1867
356.1803
356.313
356.3161
356.3124
356.3097
356.3069
356.3039
356.3008
356.2973
356.2929
356.2861
356.5078
356.504
356.5013
356.4984
356.4955
356.4924
356.489
356.4853
356.4806
356.473
356.7997
356.7966
356.7937
356.7907
356.7875
356.7842
356.7806
356.7765
356.7714
356.7627
357.1851
357.1816
357.1785
357.1751
357.1717
357.1681
357.1642
357.1599
357.1545
357.1415
357.5732
357.5696
357.5662
357.5627
357.5591
357.5553
357.5514
357.5468
357.5382
357.5164
357.8967
357.8929
357.8895
357.8859
357.8823
357.8784
357.8743
357.8668
357.8507
357.8265
358.122
358.1181
358.1147
358.111
358.1074
358.1034
358.0966
358.082
358.0643
358.0389
358.2355
358.2316
358.2282
358.2245
358.2209
358.2143
358.2005
358.1843
358.166
358.14
358.2331
358.2292
358.2258
358.2222
358.2159
358.2023
358.1869
358.17
358.1513
358.1146
358.1107
358.1074
358.1011
358.0878
358.0724
358.0561
358.0388
357.8843
357.8806
357.8745
357.8609
357.8455
357.8291
357.8121
357.5558
357.5492
357.5354
357.5194
357.5026
357.4851
357.1595
357.1447
357.128
357.1102
357.0918
356.7574
356.7395
356.7207
356.7009
356.4452
356.4257
356.4057
356.2355
356.2153
356.1071
356.147
356.1546
356.1579
356.1541
356.1514
356.1485
356.1455
356.1422
356.1381
356.1319
356.2039
356.2071
356.2034
356.2007
356.1979
356.195
356.1919
356.1885
356.1843
356.1779
356.3168
356.313
356.3103
356.3075
356.3047
356.3017
356.2985
356.2949
356.2905
356.2835
356.5047
356.5019
356.4991
356.4962
356.4932
356.49
356.4866
356.4828
356.4781
356.4703
356.7975
356.7944
356.7915
356.7883
356.7851
356.7817
356.778
356.7739
356.7688
356.7568
357.1827
357.1792
357.176
357.1726
357.1692
357.1655
357.1617
357.1573
357.1488
357.1277
357.5707
357.5671
357.5637
357.5602
357.5567
357.5528
357.5489
357.5414
357.5252
357.5015
357.8942
357.8904
357.887
357.8834
357.8798
357.8759
357.8691
357.8543
357.8365
357.8116
358.1195
358.1156
358.1122
358.1086
358.105
358.0984
358.0844
358.0681
358.0498
358.0241
358.2331
358.2292
358.2258
358.2222
358.2159
358.2023
358.1869
358.17
358.1513
358.2307
358.2268
358.2234
358.2172
358.204
358.1887
358.1725
358.1553
358.1122
358.1083
358.1024
358.089
358.074
358.0579
358.0413
357.8819
357.8754
357.8621
357.8467
357.8306
357.8138
357.5504
357.5362
357.5205
357.5037
357.4865
357.1457
357.1288
357.1111
357.0927
356.7404
356.7213
356.7017
356.4265
356.4063
356.216
356.1552
356.1584
356.1547
356.1519
356.1492
356.1463
356.1433
356.1399
356.1357
356.1295
356.2078
356.2039
356.2013
356.1985
356.1957
356.1927
356.1896
356.1861
356.1819
356.1754
356.3136
356.3109
356.3082
356.3053
356.3024
356.2993
356.2961
356.2924
356.2879
356.2809
356.5026
356.4997
356.4969
356.4939
356.4908
356.4876
356.4841
356.4802
356.4754
356.4644
356.7953
356.7921
356.7891
356.7859
356.7826
356.7791
356.7754
356.7712
356.7629
356.7421
357.1802
357.1768
357.1735
357.1701
357.1667
357.163
357.1591
357.1517
357.135
357.1118
357.5682
357.5646
357.5612
357.5577
357.5542
357.5503
357.5435
357.5284
357.5103
357.4858
357.8917
357.8879
357.8846
357.8809
357.8774
357.8708
357.8566
357.8401
357.8215
357.7962
358.117
358.1132
358.1098
358.1062
358.0999
358.0862
358.0706
358.0536
358.0349
358.2307
358.2268
358.2234
358.2172
358.204
358.1887
358.1725
358.1553
358.2283
358.2244
358.2185
358.2052
358.1903
358.1744
358.1579
358.1098
358.1033
358.0903
358.0752
358.0595
358.0431
357.8767
357.863
357.8478
357.8317
357.8152
357.5374
357.5213
357.5047
357.4875
357.1298
357.1119
357.0937
356.7222
356.7024
356.407
356.159
356.1552
356.1525
356.1498
356.147
356.144
356.1409
356.1375
356.1333
356.127
356.2045
356.2018
356.1991
356.1963
356.1934
356.1904
356.1872
356.1837
356.1794
356.1728
356.3115
356.3087
356.3059
356.303
356.3001
356.2969
356.2936
356.2899
356.2854
356.2751
356.5005
356.4975
356.4946
356.4915
356.4884
356.4851
356.4815
356.4776
356.4695
356.4494
356.793
356.7898
356.7867
356.7834
356.7801
356.7765
356.7728
356.7653
356.7482
356.7251
357.1778
357.1743
357.171
357.1676
357.1641
357.1604
357.1535
357.1379
357.1191
357.0948
357.5657
357.5621
357.5587
357.5552
357.5517
357.545
357.5305
357.5135
357.4945
357.4696
357.8892
357.8854
357.8821
357.8785
357.8722
357.8583
357.8424
357.8251
357.8062
358.1146
358.1107
358.1074
358.1011
358.0878
358.0724
358.0561
358.0388
358.2283
358.2244
358.2185
358.2052
358.1903
358.1744
358.1579
358.2259
358.2194
358.2065
358.1916
358.176
358.1598
358.1047
358.0912
358.0764
358.0607
358.0446
357.8643
357.8487
357.8329
357.8164
357.5225
357.5056
357.4885
357.1129
357.0944
356.7032
356.1558
356.153
356.1503
356.1475
356.1447
356.1417
356.1386
356.1351
356.1308
356.1245
356.2024
356.1996
356.1969
356.194
356.1911
356.188
356.1848
356.1812
356.1768
356.1671
356.3094
356.3065
356.3037
356.3007
356.2977
356.2945
356.2911
356.2873
356.2795
356.2601
356.4982
356.4952
356.4922
356.4891
356.4859
356.4825
356.4789
356.4716
356.4545
356.432
356.7907
356.7874
356.7842
356.7809
356.7775
356.7739
356.7669
356.7507
356.7312
356.7069
357.1753
357.1718
357.1685
357.165
357.1615
357.1548
357.1397
357.122
357.1022
357.0774
357.5632
357.5596
357.5562
357.5527
357.5463
357.532
357.5156
357.4977
357.4783
357.8868
357.883
357.8797
357.8734
357.8598
357.8441
357.8274
357.8098
358.1122
358.1083
358.1024
358.089
358.074
358.0579
358.0413
358.2259
358.2194
358.2065
358.1916
358.176
358.1598
358.2209
358.2075
358.1929
358.1773
358.1614
358.0926
358.0774
358.0619
358.0458
357.8501
357.8338
357.8175
357.5068
357.4894
357.0954
356.1536
356.1508
356.1481
356.1452
356.1424
356.1393
356.1361
356.1326
356.1283
356.1188
356.2002
356.1974
356.1946
356.1917
356.1887
356.1856
356.1823
356.1786
356.1711
356.1521
356.3072
356.3042
356.3013
356.2983
356.2952
356.2919
356.2885
356.2815
356.2645
356.2426
356.4959
356.4928
356.4898
356.4866
356.4833
356.4799
356.473
356.4567
356.4371
356.4134
356.7883
356.7849
356.7817
356.7783
356.7748
356.768
356.7522
356.7337
356.713
356.688
357.1728
357.1693
357.1659
357.1624
357.1559
357.141
357.1238
357.1051
357.0847
357.5607
357.5571
357.5537
357.5473
357.5333
357.5171
357.4998
357.4816
357.8843
357.8806
357.8745
357.8609
357.8455
357.8291
357.8121
358.1098
358.1033
358.0903
358.0752
358.0595
358.0431
358.2209
358.2075
358.1929
358.1773
358.1614
358.2089
358.1938
358.1786
358.1627
358.0788
358.0629
358.0471
357.8351
357.8184
357.4906
356.1514
356.1486
356.1458
356.1429
356.14
356.1369
356.1337
356.1301
356.1226
356.1038
356.198
356.1951
356.1923
356.1893
356.1863
356.1831
356.1798
356.1729
356.1561
356.1346
356.3049
356.3019
356.2989
356.2958
356.2927
356.2894
356.2827
356.2665
356.247
356.2239
356.4936
356.4904
356.4873
356.484
356.4807
356.474
356.458
356.4393
356.4185
356.3939
356.7858
356.7824
356.7791
356.7756
356.7689
356.7533
356.7352
356.7155
356.6941
357.1703
357.1667
357.1634
357.1568
357.1421
357.1251
357.1069
357.0876
357.5583
357.5546
357.5484
357.5343
357.5184
357.5013
357.4836
357.8819
357.8754
357.8621
357.8467
357.8306
357.8138
358.1047
358.0912
358.0764
358.0607
358.0446
358.2089
358.1938
358.1786
358.1627
358.1953
358.1795
358.164
358.0643
358.048
357.8198
356.1492
356.1463
356.1435
356.1405
356.1376
356.1344
356.1311
356.1243
356.1076
356.0863
356.1957
356.1928
356.1899
356.1869
356.1838
356.1806
356.174
356.1579
356.1386
356.1159
356.3025
356.2995
356.2965
356.2933
356.2901
356.2835
356.2677
356.249
356.2283
356.2044
356.4911
356.4879
356.4847
356.4814
356.4748
356.459
356.4406
356.4206
356.399
356.7832
356.7798
356.7764
356.7697
356.7543
356.7363
356.717
356.6965
357.1677
357.1641
357.1577
357.143
357.1262
357.1082
357.0894
357.5558
357.5492
357.5354
357.5194
357.5026
357.4851
357.8767
357.863
357.8478
357.8317
357.8152
358.0926
358.0774
358.0619
358.0458
358.1953
358.1795
358.164
358.181
358.1649
358.0495
356.1469
356.144
356.1411
356.1381
356.1351
356.1319
356.1254
356.1093
356.0901
356.0676
356.1934
356.1904
356.1874
356.1844
356.1812
356.1748
356.159
356.1404
356.1199
356.0964
356.3001
356.297
356.2939
356.2907
356.2843
356.2685
356.2502
356.2302
356.2088
356.4886
356.4853
356.4821
356.4755
356.4598
356.4416
356.422
356.4011
356.7806
356.7771
356.7705
356.7551
356.7373
356.7181
356.6981
357.1651
357.1585
357.144
357.1271
357.1093
357.0907
357.5504
357.5362
357.5205
357.5037
357.4865
357.8643
357.8487
357.8329
357.8164
358.0788
358.0629
358.0471
358.181
358.1649
358.1664
356.1446
356.1416
356.1387
356.1356
356.1326
356.1262
356.1104
356.0919
356.0714
356.0482
356.191
356.188
356.1849
356.1818
356.1755
356.1598
356.1415
356.1217
356.1004
356.2977
356.2945
356.2913
356.2849
356.2693
356.2511
356.2315
356.2107
356.4861
356.4827
356.4762
356.4605
356.4424
356.4229
356.4025
356.778
356.7712
356.7559
356.7381
356.7191
356.6992
357.1595
357.1447
357.128
357.1102
357.0918
357.5374
357.5213
357.5047
357.4875
357.8501
357.8338
357.8175
358.0643
358.048
358.1664
356.1422
356.1392
356.1362
356.1331
356.1268
356.1112
356.093
356.0732
356.052
356.1886
356.1855
356.1824
356.176
356.1605
356.1423
356.1228
356.1022
356.2952
356.2919
356.2855
356.2699
356.2518
356.2323
356.2119
356.4834
356.4768
356.4612
356.4431
356.4238
356.4035
356.7721
356.7566
356.7389
356.7199
356.7001
357.1457
357.1288
357.1111
357.0927
357.5225
357.5056
357.4885
357.8351
357.8184
358.0495
356.1398
356.1367
356.1337
356.1274
356.1119
356.0937
356.0743
356.0538
356.1861
356.1829
356.1766
356.1611
356.143
356.1236
356.1034
356.2926
356.2861
356.2705
356.2524
356.2331
356.2128
356.4775
356.4618
356.4438
356.4244
356.4043
356.7574
356.7395
356.7207
356.7009
357.1298
357.1119
357.0937
357.5068
357.4894
357.8198
356.1373
356.1342
356.1279
356.1124
356.0944
356.075
356.0548
356.1835
356.1772
356.1617
356.1436
356.1243
356.1042
356.2867
356.2711
356.253
356.2337
356.2135
356.4626
356.4444
356.4251
356.405
356.7404
356.7213
356.7017
357.1129
357.0944
357.4906
356.1348
356.1284
356.113
356.095
356.0757
356.0556
356.1778
356.1622
356.1442
356.1249
356.1048
356.2717
356.2536
356.2343
356.2141
356.4452
356.4257
356.4057
356.7222
356.7024
357.0954
356.129
356.1135
356.0955
356.0763
356.0563
356.1628
356.1447
356.1255
356.1054
356.2543
356.2349
356.2148
356.4265
356.4063
356.7033
356.1141
356.096
356.0768
356.0568
356.1453
356.126
356.106
356.2355
356.2153
356.407
356.0966
356.0773
356.0574
356.1266
356.1065
356.216
356.0779
356.0579
356.1071
356.0585
)
;

boundaryField
{
    cathodeSides
    {
        type            zeroGradient;
    }
    electrolyteSides
    {
        type            zeroGradient;
    }
    anodeSides
    {
        type            zeroGradient;
    }
    phiI_to_phiI0
    {
        type            zeroGradient;
    }
    procBoundary1to0
    {
        type            processor;
        value           nonuniform List<scalar> 
400
(
356.1009
356.1478
356.1143
356.2528
356.1611
356.1254
356.4375
356.2661
356.1723
356.1337
356.7244
356.4505
356.2772
356.1805
356.1375
357.1038
356.7365
356.4613
356.2854
356.1844
356.1343
357.4832
357.114
356.7465
356.4694
356.2892
356.1812
356.1321
357.7969
357.4918
357.1223
356.7539
356.4731
356.2861
356.179
356.13
358.0144
357.8046
357.4988
357.1282
356.7572
356.47
356.284
356.1769
356.1277
358.1247
358.0216
357.8108
357.5036
357.1304
356.7539
356.4679
356.2818
356.1746
356.1254
358.1247
358.1317
358.0274
357.815
357.505
357.1267
356.7518
356.4657
356.2796
356.1724
356.1231
358.0144
358.1317
358.1374
358.0313
357.8159
357.501
357.1244
356.7495
356.4635
356.2773
356.17
356.1207
357.7969
358.0216
358.1374
358.1411
358.032
357.8118
357.4986
357.122
356.7473
356.4612
356.275
356.1676
356.1183
357.4832
357.8046
358.0274
358.1411
358.1417
358.0279
357.8093
357.4961
357.1196
356.7449
356.4589
356.2726
356.1652
356.1158
357.1038
357.4918
357.8108
358.0313
358.1417
358.1377
358.0254
357.8068
357.4936
357.1172
356.7425
356.4564
356.2702
356.1627
356.1133
356.7244
357.114
357.4988
357.815
358.032
358.1377
358.1352
358.023
357.8044
357.4912
357.1147
356.7401
356.454
356.2676
356.1602
356.1076
356.4375
356.7365
357.1223
357.5036
357.8159
358.0279
358.1352
358.1327
358.0205
357.8019
357.4887
357.1122
356.7376
356.4514
356.265
356.1544
356.0926
356.2528
356.4505
356.7465
357.1282
357.505
357.8118
358.0254
358.1327
358.1303
358.0181
357.7995
357.4863
357.1097
356.735
356.4488
356.2592
356.1394
356.0751
356.1478
356.2661
356.4613
356.7539
357.1304
357.501
357.8093
358.023
358.1303
358.1279
358.0157
357.7971
357.4838
357.1072
356.7323
356.4429
356.2442
356.122
356.0565
356.1009
356.1611
356.2772
356.4694
356.7572
357.1267
357.4986
357.8068
358.0205
358.1279
358.1255
358.0133
357.7947
357.4814
357.1047
356.7264
356.4279
356.2268
356.1033
356.037
356.1143
356.1723
356.2854
356.4731
356.7539
357.1244
357.4961
357.8044
358.0181
358.1255
358.1231
358.0109
357.7923
357.4789
357.0991
356.7118
356.4105
356.208
356.0838
356.1254
356.1805
356.2892
356.47
356.7518
357.122
357.4936
357.8019
358.0157
358.1231
358.1208
358.0086
357.7899
357.4736
357.0853
356.6949
356.3919
356.1885
356.1337
356.1844
356.2861
356.4679
356.7495
357.1196
357.4912
357.7995
358.0133
358.1208
358.1185
358.0062
357.7848
357.4607
357.0695
356.6767
356.3725
356.1375
356.1812
356.284
356.4657
356.7473
357.1172
357.4887
357.7971
358.0109
358.1185
358.1161
358.0013
357.7725
357.4458
357.0526
356.6578
356.1343
356.179
356.2818
356.4635
356.7449
357.1147
357.4863
357.7947
358.0086
358.1161
358.1113
357.9893
357.7583
357.4301
357.0352
356.1321
356.1769
356.2796
356.4612
356.7425
357.1122
357.4838
357.7923
358.0062
358.1113
358.0994
357.9756
357.7434
357.414
356.13
356.1746
356.2773
356.4589
356.7401
357.1097
357.4814
357.7899
358.0013
358.0994
358.0859
357.9611
357.7281
356.1277
356.1724
356.275
356.4564
356.7376
357.1072
357.4789
357.7848
357.9893
358.0859
358.0716
357.9463
356.1254
356.17
356.2726
356.454
356.735
357.1047
357.4736
357.7725
357.9756
358.0716
358.0571
356.1231
356.1676
356.2702
356.4514
356.7323
357.0991
357.4607
357.7583
357.9611
358.0571
356.1207
356.1652
356.2676
356.4488
356.7264
357.0853
357.4458
357.7434
357.9463
356.1183
356.1627
356.265
356.4429
356.7118
357.0695
357.4301
357.7281
356.1158
356.1602
356.2592
356.4279
356.6949
357.0526
357.414
356.1133
356.1544
356.2442
356.4105
356.6767
357.0352
356.1076
356.1394
356.2268
356.3919
356.6578
356.0926
356.122
356.208
356.3725
356.0751
356.1033
356.1885
356.0565
356.0838
356.037
)
;
    }
    procBoundary1to2
    {
        type            processor;
        value           nonuniform List<scalar> 
400
(
356.1232
356.172
356.1365
356.2813
356.1853
356.1477
356.4734
356.2946
356.1965
356.1559
356.7717
356.4864
356.3057
356.2047
356.1597
357.1669
356.7838
356.4972
356.3139
356.2085
356.1565
357.5636
357.1769
356.7938
356.5052
356.3177
356.2053
356.1543
357.8933
357.572
357.1851
356.8012
356.5089
356.3145
356.2032
356.1521
358.123
357.9007
357.5788
357.1909
356.8043
356.5058
356.3124
356.201
356.1499
358.2399
358.1299
357.9066
357.5834
357.193
356.8011
356.5037
356.3103
356.1988
356.1476
358.2399
358.2465
358.1353
357.9105
357.5846
357.1892
356.7989
356.5016
356.3081
356.1965
356.1453
358.123
358.2465
358.2518
358.1389
357.9112
357.5805
357.1869
356.7967
356.4993
356.3058
356.1942
356.1429
357.8933
358.1299
358.2518
358.2552
358.1393
357.907
357.578
357.1845
356.7944
356.497
356.3034
356.1918
356.1405
357.5636
357.9007
358.1353
358.2552
358.2555
358.135
357.9044
357.5755
357.182
356.7921
356.4947
356.301
356.1893
356.138
357.1669
357.572
357.9066
358.1389
358.2555
358.2512
358.1325
357.9019
357.573
357.1796
356.7896
356.4922
356.2986
356.1869
356.1355
356.7717
357.1769
357.5788
357.9105
358.1393
358.2512
358.2486
358.1299
357.8994
357.5705
357.1771
356.7872
356.4897
356.296
356.1843
356.1297
356.4734
356.7838
357.1851
357.5834
357.9112
358.135
358.2486
358.2461
358.1274
357.8968
357.568
357.1746
356.7846
356.4872
356.2934
356.1785
356.1148
356.2813
356.4864
356.7938
357.1909
357.5846
357.907
358.1325
358.2461
358.2436
358.1249
357.8943
357.5655
357.1721
356.782
356.4845
356.2876
356.1636
356.0973
356.172
356.2946
356.4972
356.8012
357.193
357.5805
357.9044
358.1299
358.2436
358.2411
358.1224
357.8919
357.563
357.1695
356.7794
356.4786
356.2726
356.1461
356.0786
356.1232
356.1853
356.3057
356.5052
356.8043
357.1892
357.578
357.9019
358.1274
358.2411
358.2386
358.12
357.8894
357.5605
357.1669
356.7735
356.4637
356.2551
356.1274
356.0592
356.1365
356.1965
356.3139
356.5089
356.8011
357.1869
357.5755
357.8994
358.1249
358.2386
358.2362
358.1175
357.887
357.558
357.1613
356.7588
356.4462
356.2364
356.1079
356.1477
356.2047
356.3177
356.5058
356.7989
357.1845
357.573
357.8968
358.1224
358.2362
358.2337
358.1151
357.8845
357.5526
357.1475
356.7418
356.4276
356.2169
356.1559
356.2085
356.3145
356.5037
356.7967
357.182
357.5705
357.8943
358.12
358.2337
358.2313
358.1127
357.8794
357.5396
357.1316
356.7236
356.4081
356.1597
356.2053
356.3124
356.5016
356.7944
357.1796
357.568
357.8919
358.1175
358.2313
358.229
358.1077
357.8669
357.5247
357.1147
356.7046
356.1565
356.2032
356.3103
356.4993
356.7921
357.1771
357.5655
357.8894
358.1151
358.229
358.224
358.0955
357.8527
357.509
357.0972
356.1543
356.201
356.3081
356.497
356.7896
357.1746
357.563
357.887
358.1127
358.224
358.212
358.0817
357.8377
357.4928
356.1521
356.1988
356.3058
356.4947
356.7872
357.1721
357.5605
357.8845
358.1077
358.212
358.1984
358.0672
357.8224
356.1499
356.1965
356.3034
356.4922
356.7846
357.1695
357.558
357.8794
358.0955
358.1984
358.1841
358.0524
356.1476
356.1942
356.301
356.4897
356.782
357.1669
357.5526
357.8669
358.0817
358.1841
358.1695
356.1453
356.1918
356.2986
356.4872
356.7794
357.1613
357.5396
357.8527
358.0672
358.1695
356.1429
356.1893
356.296
356.4845
356.7735
357.1475
357.5247
357.8377
358.0524
356.1405
356.1869
356.2934
356.4786
356.7588
357.1316
357.509
357.8224
356.138
356.1843
356.2876
356.4637
356.7418
357.1147
357.4928
356.1355
356.1785
356.2726
356.4462
356.7236
357.0972
356.1297
356.1636
356.2551
356.4276
356.7046
356.1148
356.1461
356.2364
356.4081
356.0973
356.1274
356.2169
356.0786
356.1079
356.0592
)
;
    }
}
)

// processor2

43247
(dimensions      [0 0 0 1 0 0 0];

internalField   nonuniform List<scalar> 
4000
(
356.1232
356.172
356.1237
356.1365
356.2813
356.1725
356.1853
356.1241
356.1371
356.1477
356.4734
356.2818
356.2946
356.1729
356.1859
356.1965
356.1246
356.1375
356.1482
356.1559
356.7717
356.474
356.4864
356.2823
356.2952
356.3057
356.1734
356.1863
356.197
356.2047
356.125
356.1379
356.1486
356.1564
356.1597
357.1669
356.7724
356.7838
356.4745
356.487
356.4972
356.2828
356.2956
356.3062
356.3139
356.1738
356.1868
356.1974
356.2052
356.2085
356.1254
356.1384
356.1491
356.1569
356.1602
356.1565
357.5636
357.1676
357.1769
356.7729
356.7845
356.7938
356.475
356.4875
356.4978
356.5052
356.2832
356.2961
356.3067
356.3144
356.3177
356.1743
356.1872
356.1979
356.2057
356.209
356.2053
356.1259
356.1388
356.1495
356.1573
356.1607
356.157
356.1543
357.8933
357.5644
357.572
357.1682
357.1777
357.1851
356.7735
356.785
356.7945
356.8012
356.4754
356.488
356.4983
356.5058
356.5089
356.2837
356.2965
356.3072
356.3149
356.3182
356.3145
356.1747
356.1877
356.1983
356.2061
356.2095
356.2058
356.2032
356.1263
356.1392
356.15
356.1577
356.1611
356.1574
356.1548
356.1521
358.123
357.8942
357.9007
357.565
357.5728
357.5788
357.1688
357.1782
357.1859
357.1909
356.774
356.7856
356.795
356.8018
356.8043
356.4759
356.4885
356.4988
356.5063
356.5095
356.5058
356.2841
356.297
356.3076
356.3154
356.3187
356.3151
356.3124
356.1752
356.1881
356.1988
356.2066
356.2099
356.2063
356.2037
356.201
356.1267
356.1397
356.1504
356.1582
356.1615
356.1579
356.1553
356.1527
356.1499
358.2399
358.1239
358.1299
357.8948
357.9016
357.9066
357.5657
357.5734
357.5796
357.5834
357.1693
357.1788
357.1864
357.1917
357.193
356.7745
356.7861
356.7956
356.8023
356.805
356.8011
356.4764
356.489
356.4993
356.5068
356.51
356.5064
356.5037
356.2846
356.2975
356.3081
356.3158
356.3192
356.3155
356.313
356.3103
356.1756
356.1886
356.1992
356.207
356.2104
356.2067
356.2041
356.2015
356.1988
356.1272
356.1401
356.1508
356.1586
356.162
356.1583
356.1557
356.1531
356.1504
356.1476
358.2399
358.2408
358.2465
358.1246
358.1308
358.1353
357.8955
357.9022
357.9075
357.9105
357.5662
357.5741
357.5802
357.5842
357.5846
357.1699
357.1794
357.187
357.1923
357.1937
357.1892
356.775
356.7866
356.7961
356.8029
356.8055
356.8017
356.7989
356.4769
356.4895
356.4998
356.5073
356.5105
356.5069
356.5043
356.5016
356.2851
356.2979
356.3085
356.3163
356.3196
356.316
356.3134
356.3108
356.3081
356.1761
356.189
356.1997
356.2075
356.2108
356.2071
356.2046
356.202
356.1993
356.1965
356.1406
356.1513
356.1591
356.1624
356.1587
356.1561
356.1535
356.1508
356.1481
356.1453
358.123
358.2408
358.2465
358.2415
358.2474
358.2518
358.1253
358.1314
358.1362
358.1389
357.8961
357.9029
357.9081
357.9114
357.9112
357.5668
357.5746
357.5808
357.5848
357.5854
357.5805
357.1704
357.1799
357.1876
357.1928
357.1943
357.19
357.1869
356.7756
356.7871
356.7966
356.8034
356.8061
356.8023
356.7996
356.7967
356.4774
356.49
356.5003
356.5078
356.511
356.5074
356.5048
356.5022
356.4993
356.2856
356.2984
356.309
356.3167
356.3201
356.3164
356.3139
356.3113
356.3086
356.3058
356.1895
356.2001
356.2079
356.2112
356.2076
356.205
356.2024
356.1997
356.197
356.1942
356.1517
356.1595
356.1628
356.1591
356.1566
356.1539
356.1513
356.1486
356.1458
356.1429
357.8933
358.1239
358.1299
358.2415
358.2474
358.2518
358.2422
358.2481
358.2527
358.2552
358.1259
358.1321
358.1369
358.1398
358.1393
357.8967
357.9035
357.9088
357.912
357.912
357.907
357.5674
357.5753
357.5814
357.5855
357.586
357.5813
357.578
357.171
357.1805
357.1882
357.1934
357.1949
357.1905
357.1876
357.1845
356.7761
356.7877
356.7971
356.8039
356.8066
356.8028
356.8001
356.7974
356.7944
356.4779
356.4904
356.5008
356.5083
356.5115
356.5078
356.5053
356.5026
356.4999
356.497
356.2989
356.3095
356.3172
356.3205
356.3169
356.3143
356.3117
356.309
356.3063
356.3034
356.2006
356.2083
356.2117
356.208
356.2055
356.2028
356.2002
356.1974
356.1947
356.1918
356.1599
356.1632
356.1596
356.157
356.1544
356.1517
356.149
356.1462
356.1434
356.1405
357.5636
357.8942
357.9007
358.1246
358.1308
358.1353
358.2422
358.2481
358.2527
358.2552
358.2428
358.2488
358.2534
358.2561
358.2555
358.1265
358.1327
358.1376
358.1404
358.1402
358.135
357.8973
357.9041
357.9094
357.9127
357.9127
357.9078
357.9044
357.568
357.5758
357.582
357.586
357.5866
357.5819
357.5788
357.5755
357.1716
357.1811
357.1887
357.194
357.1954
357.1911
357.1882
357.1852
357.182
356.7766
356.7882
356.7977
356.8044
356.8071
356.8033
356.8006
356.7979
356.7951
356.7921
356.491
356.5013
356.5088
356.5119
356.5083
356.5057
356.5031
356.5004
356.4976
356.4947
356.31
356.3176
356.321
356.3174
356.3148
356.3122
356.3095
356.3068
356.304
356.301
356.2088
356.2121
356.2085
356.2059
356.2033
356.2006
356.1979
356.1951
356.1923
356.1893
356.1637
356.16
356.1574
356.1548
356.1521
356.1494
356.1467
356.1438
356.141
356.138
357.1669
357.5644
357.572
357.8948
357.9016
357.9066
358.1253
358.1314
358.1362
358.1389
358.2428
358.2488
358.2534
358.2561
358.2555
358.2434
358.2494
358.254
358.2567
358.2564
358.2512
358.1271
358.1334
358.1382
358.1411
358.1408
358.1359
358.1325
357.8979
357.9047
357.91
357.9133
357.9133
357.9085
357.9053
357.9019
357.5686
357.5765
357.5826
357.5866
357.5872
357.5825
357.5794
357.5763
357.573
357.1722
357.1816
357.1893
357.1945
357.196
357.1916
357.1887
357.1858
357.1828
357.1796
356.7887
356.7982
356.805
356.8076
356.8038
356.8011
356.7984
356.7956
356.7927
356.7896
356.5018
356.5092
356.5124
356.5088
356.5062
356.5036
356.5009
356.4981
356.4953
356.4922
356.3181
356.3214
356.3178
356.3153
356.3126
356.31
356.3072
356.3044
356.3016
356.2986
356.2126
356.2089
356.2063
356.2037
356.2011
356.1983
356.1956
356.1927
356.1899
356.1869
356.1604
356.1578
356.1552
356.1526
356.1498
356.1471
356.1443
356.1414
356.1385
356.1355
356.7717
357.1676
357.1769
357.565
357.5728
357.5788
357.8955
357.9022
357.9075
357.9105
358.1258
358.1321
358.1369
358.1398
358.1393
358.2434
358.2494
358.254
358.2567
358.2564
358.2512
358.244
358.2501
358.2546
358.2574
358.257
358.2521
358.2486
358.1278
358.134
358.1388
358.1417
358.1415
358.1366
358.1334
358.1299
357.8985
357.9053
357.9106
357.9139
357.9139
357.9091
357.9059
357.9027
357.8994
357.5693
357.577
357.5832
357.5872
357.5878
357.5831
357.58
357.5769
357.5738
357.5705
357.1822
357.1898
357.1951
357.1965
357.1922
357.1893
357.1863
357.1833
357.1803
357.1771
356.7987
356.8055
356.8081
356.8043
356.8017
356.7989
356.7961
356.7932
356.7903
356.7872
356.5098
356.5129
356.5093
356.5067
356.5041
356.5014
356.4986
356.4957
356.4928
356.4897
356.3219
356.3183
356.3157
356.3131
356.3104
356.3077
356.3049
356.302
356.2991
356.296
356.2094
356.2068
356.2042
356.2015
356.1988
356.196
356.1932
356.1903
356.1874
356.1843
356.1583
356.1556
356.153
356.1503
356.1475
356.1447
356.1419
356.1389
356.136
356.1297
356.4734
356.7724
356.7838
357.1682
357.1777
357.1851
357.5657
357.5734
357.5796
357.5834
357.896
357.9029
357.9081
357.9114
357.9112
358.1265
358.1327
358.1376
358.1404
358.1402
358.135
358.244
358.2501
358.2546
358.2574
358.257
358.2521
358.2486
358.2447
358.2507
358.2553
358.258
358.2577
358.2528
358.2496
358.2461
358.1284
358.1346
358.1394
358.1424
358.1421
358.1373
358.134
358.1308
358.1274
357.8993
357.9059
357.9113
357.9145
357.9146
357.9097
357.9066
357.9034
357.9002
357.8968
357.5777
357.5838
357.5878
357.5883
357.5837
357.5806
357.5775
357.5744
357.5713
357.568
357.1905
357.1956
357.1971
357.1928
357.1898
357.1869
357.1839
357.1809
357.1779
357.1746
356.806
356.8086
356.8049
356.8021
356.7994
356.7966
356.7938
356.7908
356.7878
356.7846
356.5134
356.5098
356.5072
356.5045
356.5019
356.4991
356.4962
356.4933
356.4903
356.4872
356.3187
356.3162
356.3136
356.3109
356.3081
356.3053
356.3025
356.2996
356.2966
356.2934
356.2072
356.2046
356.2019
356.1992
356.1964
356.1936
356.1907
356.1878
356.1848
356.1785
356.1561
356.1534
356.1507
356.1479
356.1451
356.1423
356.1394
356.1364
356.1302
356.1148
356.2813
356.474
356.4864
356.7729
356.7845
356.7938
357.1688
357.1782
357.1859
357.1909
357.5662
357.5741
357.5802
357.5842
357.5846
357.8967
357.9035
357.9088
357.912
357.912
357.907
358.1271
358.1334
358.1382
358.1411
358.1408
358.1359
358.1325
358.2447
358.2507
358.2553
358.258
358.2577
358.2528
358.2496
358.2461
358.2453
358.2513
358.2559
358.2587
358.2583
358.2535
358.2502
358.247
358.2436
358.1292
358.1353
358.1401
358.143
358.1427
358.1379
358.1347
358.1315
358.1283
358.1249
357.9067
357.9119
357.9152
357.9151
357.9104
357.9072
357.904
357.9008
357.8977
357.8943
357.5845
357.5884
357.589
357.5843
357.5812
357.5781
357.575
357.5719
357.5688
357.5655
357.1962
357.1976
357.1933
357.1904
357.1874
357.1844
357.1815
357.1784
357.1753
357.1721
356.8092
356.8053
356.8027
356.7999
356.7971
356.7943
356.7914
356.7883
356.7853
356.782
356.5103
356.5077
356.505
356.5023
356.4996
356.4967
356.4938
356.4908
356.4878
356.4845
356.3166
356.314
356.3113
356.3086
356.3058
356.3029
356.3
356.297
356.294
356.2876
356.205
356.2023
356.1996
356.1969
356.194
356.1912
356.1882
356.1852
356.179
356.1636
356.1539
356.1511
356.1484
356.1455
356.1427
356.1398
356.1368
356.1307
356.1153
356.0973
356.172
356.2818
356.2946
356.4745
356.487
356.4972
356.7735
356.785
356.7945
356.8012
357.1693
357.1788
357.1864
357.1917
357.193
357.5668
357.5746
357.5808
357.5848
357.5854
357.5805
357.8973
357.9041
357.9094
357.9127
357.9127
357.9078
357.9044
358.1278
358.134
358.1388
358.1417
358.1415
358.1366
358.1334
358.1299
358.2453
358.2513
358.2559
358.2587
358.2583
358.2535
358.2502
358.247
358.2436
358.2461
358.252
358.2566
358.2593
358.259
358.2541
358.2509
358.2477
358.2445
358.2411
358.136
358.1407
358.1436
358.1433
358.1385
358.1353
358.1321
358.1289
358.1258
358.1224
357.9126
357.9158
357.9158
357.9109
357.9078
357.9046
357.9015
357.8983
357.8952
357.8919
357.5891
357.5895
357.5849
357.5818
357.5787
357.5756
357.5725
357.5694
357.5663
357.563
357.1983
357.1939
357.191
357.188
357.185
357.182
357.179
357.1759
357.1728
357.1695
356.8059
356.8032
356.8005
356.7976
356.7948
356.7918
356.7889
356.7858
356.7827
356.7794
356.5082
356.5055
356.5028
356.5
356.4972
356.4943
356.4913
356.4882
356.4851
356.4786
356.3145
356.3118
356.309
356.3062
356.3034
356.3005
356.2975
356.2944
356.2882
356.2726
356.2028
356.2001
356.1973
356.1945
356.1916
356.1887
356.1857
356.1795
356.1641
356.1461
356.1516
356.1488
356.146
356.1431
356.1402
356.1373
356.1311
356.1157
356.0978
356.0786
356.1232
356.1725
356.1853
356.2823
356.2952
356.3057
356.475
356.4875
356.4978
356.5052
356.774
356.7856
356.795
356.8018
356.8043
357.1699
357.1794
357.187
357.1922
357.1937
357.1892
357.5674
357.5753
357.5814
357.5855
357.586
357.5813
357.578
357.8979
357.9047
357.91
357.9133
357.9133
357.9085
357.9053
357.9019
358.1284
358.1346
358.1394
358.1424
358.1421
358.1373
358.134
358.1308
358.1274
358.2461
358.252
358.2566
358.2593
358.259
358.2541
358.2509
358.2477
358.2445
358.2411
358.2527
358.2572
358.26
358.2596
358.2547
358.2515
358.2484
358.2452
358.242
358.2386
358.1415
358.1442
358.144
358.1391
358.1359
358.1327
358.1296
358.1264
358.1233
358.12
357.9165
357.9164
357.9116
357.9084
357.9052
357.9021
357.899
357.8958
357.8927
357.8894
357.5902
357.5855
357.5824
357.5793
357.5762
357.5731
357.57
357.5669
357.5638
357.5605
357.1945
357.1915
357.1886
357.1856
357.1826
357.1795
357.1765
357.1734
357.1703
357.1669
356.8037
356.801
356.7982
356.7953
356.7924
356.7894
356.7863
356.7832
356.78
356.7735
356.506
356.5033
356.5005
356.4977
356.4948
356.4918
356.4887
356.4856
356.4792
356.4637
356.3122
356.3095
356.3067
356.3038
356.3009
356.2979
356.2949
356.2886
356.2732
356.2551
356.2005
356.1977
356.1949
356.192
356.1891
356.1861
356.1799
356.1645
356.1466
356.1274
356.1492
356.1464
356.1436
356.1406
356.1377
356.1315
356.1162
356.0983
356.0791
356.0592
356.1237
356.1365
356.1729
356.1859
356.1965
356.2828
356.2956
356.3062
356.3139
356.4754
356.488
356.4983
356.5058
356.5089
356.7745
356.7861
356.7956
356.8023
356.805
356.8011
357.1704
357.1799
357.1876
357.1928
357.1943
357.19
357.1869
357.568
357.5758
357.582
357.586
357.5866
357.5819
357.5788
357.5755
357.8985
357.9053
357.9106
357.9139
357.9139
357.9091
357.9059
357.9027
357.8994
358.1292
358.1353
358.1401
358.143
358.1427
358.1379
358.1347
358.1315
358.1283
358.1249
358.2527
358.2572
358.26
358.2596
358.2547
358.2515
358.2484
358.2452
358.242
358.2386
358.258
358.2606
358.2603
358.2553
358.2522
358.249
358.2458
358.2427
358.2395
358.2362
358.145
358.1446
358.1398
358.1365
358.1334
358.1302
358.1271
358.124
358.1209
358.1175
357.9171
357.9122
357.909
357.9058
357.9027
357.8996
357.8965
357.8934
357.8903
357.887
357.5861
357.583
357.5799
357.5767
357.5737
357.5706
357.5675
357.5644
357.5613
357.558
357.1921
357.1891
357.1861
357.1831
357.1801
357.177
357.174
357.1708
357.1677
357.1613
356.8015
356.7987
356.7958
356.7929
356.7899
356.7868
356.7837
356.7805
356.7741
356.7588
356.5038
356.501
356.4982
356.4952
356.4922
356.4892
356.4861
356.4797
356.4643
356.4462
356.31
356.3071
356.3043
356.3014
356.2984
356.2953
356.2891
356.2736
356.2557
356.2364
356.1982
356.1953
356.1925
356.1895
356.1866
356.1803
356.165
356.147
356.1279
356.1079
356.1468
356.144
356.1411
356.1381
356.132
356.1166
356.0987
356.0796
356.0597
356.1241
356.1371
356.1477
356.1734
356.1863
356.197
356.2047
356.2832
356.2961
356.3067
356.3144
356.3177
356.4759
356.4885
356.4988
356.5063
356.5095
356.5058
356.775
356.7866
356.7961
356.8029
356.8055
356.8017
356.7989
357.171
357.1805
357.1882
357.1934
357.1949
357.1905
357.1876
357.1845
357.5686
357.5765
357.5826
357.5866
357.5872
357.5825
357.5794
357.5763
357.573
357.8993
357.9059
357.9113
357.9145
357.9146
357.9097
357.9066
357.9034
357.9002
357.8968
358.136
358.1407
358.1436
358.1433
358.1385
358.1353
358.1321
358.1289
358.1258
358.1224
358.258
358.2606
358.2603
358.2553
358.2522
358.249
358.2458
358.2427
358.2395
358.2362
358.2614
358.2609
358.256
358.2528
358.2496
358.2464
358.2433
358.2402
358.2371
358.2337
358.1454
358.1404
358.1372
358.134
358.1309
358.1277
358.1246
358.1215
358.1184
358.1151
357.9129
357.9096
357.9065
357.9033
357.9002
357.8971
357.894
357.8909
357.8878
357.8845
357.5836
357.5804
357.5774
357.5742
357.5712
357.5681
357.565
357.5619
357.5588
357.5526
357.1897
357.1867
357.1837
357.1806
357.1776
357.1745
357.1714
357.1682
357.1621
357.1475
356.7992
356.7963
356.7934
356.7904
356.7874
356.7842
356.7811
356.7746
356.7595
356.7418
356.5015
356.4986
356.4957
356.4927
356.4897
356.4865
356.4802
356.4647
356.4468
356.4276
356.3076
356.3047
356.3018
356.2988
356.2958
356.2895
356.2741
356.2561
356.237
356.2169
356.1958
356.1929
356.19
356.187
356.1808
356.1654
356.1475
356.1283
356.1084
356.1444
356.1415
356.1385
356.1324
356.117
356.0991
356.08
356.0601
356.1245
356.1375
356.1482
356.1559
356.1738
356.1868
356.1974
356.2052
356.2085
356.2837
356.2965
356.3072
356.3149
356.3182
356.3145
356.4764
356.489
356.4993
356.5068
356.51
356.5064
356.5037
356.7756
356.7871
356.7966
356.8034
356.8061
356.8023
356.7996
356.7967
357.1716
357.1811
357.1887
357.194
357.1954
357.1911
357.1882
357.1852
357.182
357.5693
357.577
357.5832
357.5872
357.5878
357.5831
357.58
357.5769
357.5738
357.5705
357.9067
357.9119
357.9152
357.9151
357.9104
357.9072
357.904
357.9008
357.8977
357.8943
358.1415
358.1442
358.144
358.1391
358.1359
358.1327
358.1296
358.1264
358.1233
358.12
358.2614
358.2609
358.256
358.2528
358.2496
358.2464
358.2433
358.2402
358.2371
358.2337
358.2616
358.2566
358.2534
358.2502
358.2471
358.2439
358.2409
358.2377
358.2347
358.2313
358.1411
358.1378
358.1347
358.1315
358.1284
358.1252
358.1222
358.1191
358.116
358.1127
357.9103
357.9071
357.904
357.9008
357.8977
357.8946
357.8916
357.8884
357.8854
357.8794
357.5811
357.5779
357.5749
357.5717
357.5687
357.5656
357.5625
357.5594
357.5535
357.5396
357.1873
357.1842
357.1812
357.1781
357.1751
357.1719
357.1688
357.1626
357.1483
357.1316
356.7969
356.7939
356.7909
356.7879
356.7848
356.7815
356.7752
356.76
356.7425
356.7236
356.4991
356.4962
356.4932
356.4901
356.487
356.4806
356.4652
356.4473
356.4282
356.4081
356.3052
356.3023
356.2993
356.2962
356.29
356.2745
356.2566
356.2374
356.2174
356.1934
356.1904
356.1874
356.1812
356.1658
356.1479
356.1288
356.1088
356.1419
356.139
356.1328
356.1174
356.0995
356.0804
356.0605
356.125
356.1379
356.1486
356.1564
356.1597
356.1743
356.1872
356.1979
356.2057
356.209
356.2053
356.2841
356.297
356.3076
356.3154
356.3187
356.3151
356.3124
356.4769
356.4895
356.4998
356.5073
356.5105
356.5069
356.5043
356.5016
356.776
356.7877
356.7971
356.8039
356.8066
356.8028
356.8001
356.7973
356.7944
357.1722
357.1816
357.1893
357.1945
357.196
357.1916
357.1887
357.1858
357.1828
357.1796
357.5777
357.5838
357.5878
357.5883
357.5837
357.5806
357.5775
357.5744
357.5713
357.568
357.9126
357.9158
357.9158
357.9109
357.9078
357.9046
357.9015
357.8983
357.8952
357.8919
358.145
358.1446
358.1398
358.1365
358.1334
358.1302
358.1271
358.124
358.1209
358.1175
358.2616
358.2566
358.2534
358.2502
358.2471
358.2439
358.2409
358.2377
358.2347
358.2313
358.2574
358.254
358.2509
358.2477
358.2446
358.2415
358.2384
358.2353
358.2323
358.229
358.1386
358.1353
358.1321
358.129
358.1259
358.1228
358.1197
358.1166
358.1136
358.1077
357.9078
357.9045
357.9014
357.8983
357.8952
357.8921
357.8891
357.886
357.8802
357.8669
357.5786
357.5754
357.5724
357.5692
357.5662
357.5631
357.56
357.5541
357.5404
357.5247
357.1848
357.1817
357.1787
357.1756
357.1725
357.1693
357.1632
357.1488
357.1324
357.1147
356.7945
356.7914
356.7884
356.7852
356.7821
356.7757
356.7605
356.743
356.7243
356.7046
356.4967
356.4937
356.4906
356.4875
356.4811
356.4657
356.4478
356.4286
356.4087
356.3027
356.2997
356.2967
356.2904
356.275
356.257
356.2379
356.2179
356.1909
356.1878
356.1817
356.1662
356.1484
356.1292
356.1093
356.1394
356.1332
356.1179
356.1
356.0808
356.0609
356.1254
356.1384
356.1491
356.1569
356.1602
356.1565
356.1747
356.1877
356.1983
356.2061
356.2095
356.2058
356.2032
356.2846
356.2975
356.3081
356.3158
356.3192
356.3155
356.313
356.3103
356.4774
356.49
356.5003
356.5078
356.511
356.5074
356.5048
356.5022
356.4993
356.7766
356.7882
356.7977
356.8044
356.8071
356.8033
356.8006
356.7979
356.7951
356.7921
357.1823
357.1898
357.1951
357.1965
357.1922
357.1893
357.1863
357.1833
357.1803
357.1771
357.5845
357.5884
357.589
357.5843
357.5812
357.5781
357.575
357.5719
357.5688
357.5655
357.9165
357.9164
357.9116
357.9084
357.9052
357.9021
357.899
357.8958
357.8927
357.8894
358.1454
358.1404
358.1372
358.134
358.1309
358.1277
358.1246
358.1215
358.1184
358.1151
358.2574
358.254
358.2509
358.2477
358.2446
358.2415
358.2384
358.2353
358.2323
358.229
358.2548
358.2515
358.2484
358.2452
358.2421
358.239
358.236
358.2329
358.2299
358.224
358.136
358.1327
358.1296
358.1265
358.1234
358.1203
358.1173
358.1142
358.1086
358.0955
357.9053
357.902
357.8989
357.8958
357.8928
357.8897
357.8867
357.8809
357.8678
357.8527
357.5761
357.5729
357.5699
357.5667
357.5637
357.5606
357.5547
357.541
357.5255
357.509
357.1824
357.1792
357.1762
357.173
357.1699
357.1637
357.1494
357.1329
357.1154
357.0972
356.792
356.7889
356.7858
356.7826
356.7762
356.761
356.7435
356.7248
356.7053
356.4942
356.4911
356.488
356.4816
356.4662
356.4483
356.4291
356.4092
356.3002
356.2971
356.2909
356.2754
356.2575
356.2383
356.2183
356.1883
356.1821
356.1667
356.1488
356.1296
356.1097
356.1337
356.1183
356.1004
356.0813
356.0614
356.1259
356.1388
356.1495
356.1573
356.1607
356.157
356.1543
356.1752
356.1881
356.1988
356.2066
356.2099
356.2063
356.2037
356.201
356.2851
356.2979
356.3085
356.3163
356.3196
356.316
356.3134
356.3108
356.3081
356.4779
356.4904
356.5008
356.5083
356.5115
356.5078
356.5053
356.5026
356.4999
356.497
356.7887
356.7982
356.805
356.8076
356.8038
356.8011
356.7984
356.7956
356.7927
356.7896
357.1905
357.1956
357.1971
357.1928
357.1898
357.1869
357.1839
357.1809
357.1778
357.1746
357.5891
357.5895
357.5849
357.5818
357.5787
357.5756
357.5725
357.5694
357.5663
357.563
357.9171
357.9122
357.909
357.9058
357.9027
357.8996
357.8965
357.8934
357.8903
357.887
358.1411
358.1378
358.1347
358.1315
358.1284
358.1252
358.1222
358.1191
358.116
358.1127
358.2548
358.2515
358.2484
358.2452
358.2421
358.239
358.236
358.2329
358.2299
358.224
358.2523
358.249
358.2459
358.2427
358.2397
358.2366
358.2336
358.2305
358.2249
358.212
358.1335
358.1302
358.1271
358.124
358.121
358.1179
358.1149
358.1092
358.0964
358.0817
357.9028
357.8995
357.8965
357.8934
357.8903
357.8872
357.8815
357.8684
357.8536
357.8377
357.5736
357.5704
357.5674
357.5642
357.5612
357.5552
357.5417
357.5261
357.5098
357.4928
357.1799
357.1767
357.1736
357.1704
357.1643
357.1499
357.1335
357.116
357.098
356.7894
356.7863
356.7831
356.7767
356.7615
356.744
356.7253
356.7058
356.4916
356.4884
356.4821
356.4666
356.4488
356.4296
356.4096
356.2976
356.2913
356.2759
356.2579
356.2388
356.2188
356.1825
356.1671
356.1492
356.1301
356.1101
356.1187
356.1008
356.0817
356.0618
356.1263
356.1393
356.15
356.1577
356.1611
356.1574
356.1548
356.1521
356.1756
356.1886
356.1992
356.207
356.2104
356.2067
356.2041
356.2015
356.1988
356.2856
356.2984
356.309
356.3167
356.3201
356.3164
356.3139
356.3113
356.3086
356.3058
356.491
356.5012
356.5088
356.5119
356.5083
356.5057
356.5031
356.5004
356.4976
356.4947
356.7987
356.8055
356.8081
356.8043
356.8017
356.7989
356.7961
356.7932
356.7903
356.7872
357.1963
357.1976
357.1933
357.1904
357.1874
357.1844
357.1815
357.1784
357.1753
357.1721
357.5902
357.5855
357.5824
357.5793
357.5762
357.5731
357.57
357.5669
357.5638
357.5605
357.9129
357.9096
357.9065
357.9033
357.9002
357.8971
357.894
357.8909
357.8878
357.8845
358.1386
358.1353
358.1321
358.129
358.1259
358.1228
358.1197
358.1166
358.1136
358.1077
358.2523
358.249
358.2459
358.2427
358.2397
358.2366
358.2336
358.2305
358.2249
358.212
358.2498
358.2465
358.2434
358.2403
358.2373
358.2342
358.2312
358.2256
358.2129
358.1984
358.131
358.1277
358.1247
358.1216
358.1186
358.1155
358.1099
358.0971
358.0826
358.0672
357.9003
357.8971
357.894
357.8909
357.8879
357.8821
357.8691
357.8542
357.8386
357.8224
357.5711
357.5679
357.5649
357.5617
357.5558
357.5422
357.5268
357.5104
357.4936
357.1773
357.1741
357.171
357.1648
357.1505
357.134
357.1166
357.0985
356.7868
356.7836
356.7772
356.762
356.7445
356.7258
356.7063
356.489
356.4825
356.4671
356.4492
356.4301
356.4101
356.2918
356.2763
356.2584
356.2392
356.2192
356.1676
356.1496
356.1305
356.1106
356.1013
356.0821
356.0622
356.1267
356.1397
356.1504
356.1582
356.1615
356.1578
356.1553
356.1527
356.1499
356.1761
356.189
356.1997
356.2075
356.2108
356.2071
356.2046
356.202
356.1993
356.1965
356.2989
356.3095
356.3172
356.3205
356.3169
356.3143
356.3117
356.309
356.3063
356.3034
356.5018
356.5092
356.5124
356.5088
356.5062
356.5036
356.5009
356.4981
356.4953
356.4922
356.806
356.8086
356.8049
356.8022
356.7994
356.7966
356.7938
356.7908
356.7878
356.7846
357.1983
357.1939
357.191
357.188
357.185
357.182
357.179
357.1759
357.1728
357.1695
357.5862
357.5829
357.5799
357.5768
357.5737
357.5706
357.5675
357.5644
357.5613
357.558
357.9103
357.9071
357.904
357.9008
357.8977
357.8946
357.8916
357.8884
357.8854
357.8794
358.136
358.1327
358.1296
358.1265
358.1234
358.1203
358.1173
358.1142
358.1086
358.0955
358.2498
358.2465
358.2434
358.2403
358.2373
358.2342
358.2312
358.2256
358.2129
358.1984
358.2473
358.244
358.241
358.2379
358.2349
358.2318
358.2262
358.2136
358.1993
358.1841
358.1285
358.1253
358.1222
358.1192
358.1162
358.1105
358.0978
358.0833
358.0681
358.0524
357.8978
357.8946
357.8916
357.8885
357.8827
357.8696
357.8548
357.8392
357.8232
357.5686
357.5654
357.5624
357.5564
357.5428
357.5273
357.511
357.4942
357.1748
357.1716
357.1654
357.151
357.1346
357.1171
357.0991
356.7842
356.7777
356.7626
356.745
356.7263
356.7068
356.483
356.4676
356.4497
356.4305
356.4106
356.2768
356.2588
356.2397
356.2197
356.1501
356.1309
356.111
356.0825
356.0626
356.1272
356.1401
356.1508
356.1586
356.162
356.1583
356.1557
356.1531
356.1504
356.1476
356.1895
356.2001
356.2079
356.2112
356.2076
356.205
356.2024
356.1997
356.197
356.1942
356.31
356.3176
356.321
356.3174
356.3148
356.3122
356.3095
356.3068
356.304
356.301
356.5098
356.5129
356.5093
356.5067
356.5041
356.5014
356.4986
356.4957
356.4928
356.4897
356.8092
356.8053
356.8027
356.7999
356.7971
356.7943
356.7914
356.7883
356.7853
356.782
357.1945
357.1915
357.1886
357.1856
357.1826
357.1795
357.1765
357.1734
357.1703
357.1669
357.5836
357.5804
357.5774
357.5742
357.5712
357.5681
357.565
357.5619
357.5588
357.5526
357.9078
357.9045
357.9014
357.8983
357.8952
357.8921
357.8891
357.886
357.8802
357.8669
358.1335
358.1302
358.1271
358.124
358.121
358.1179
358.1149
358.1092
358.0964
358.0817
358.2473
358.244
358.241
358.2379
358.2349
358.2318
358.2262
358.2136
358.1993
358.1841
358.2448
358.2416
358.2385
358.2355
358.2325
358.2268
358.2143
358.2
358.185
358.1695
358.126
358.1228
358.1198
358.1168
358.1111
358.0984
358.084
358.0688
358.0533
357.8953
357.8921
357.8891
357.8833
357.8703
357.8554
357.8399
357.8239
357.5661
357.5629
357.557
357.5434
357.5279
357.5116
357.4948
357.1722
357.1659
357.1516
357.1351
357.1177
357.0996
356.7783
356.7631
356.7456
356.7268
356.7073
356.4681
356.4502
356.431
356.411
356.2593
356.2401
356.2201
356.1314
356.1114
356.0631
356.1406
356.1513
356.1591
356.1624
356.1587
356.1561
356.1535
356.1508
356.1481
356.1453
356.2006
356.2083
356.2117
356.208
356.2055
356.2028
356.2002
356.1974
356.1947
356.1918
356.3181
356.3214
356.3178
356.3153
356.3126
356.3099
356.3072
356.3044
356.3016
356.2986
356.5134
356.5098
356.5072
356.5045
356.5019
356.4991
356.4962
356.4933
356.4903
356.4872
356.8059
356.8032
356.8005
356.7976
356.7948
356.7918
356.7889
356.7858
356.7827
356.7794
357.1921
357.1891
357.1861
357.1831
357.1801
357.177
357.174
357.1708
357.1677
357.1613
357.5811
357.5779
357.5749
357.5717
357.5687
357.5656
357.5625
357.5594
357.5535
357.5396
357.9053
357.902
357.8989
357.8958
357.8928
357.8897
357.8867
357.8809
357.8678
357.8527
358.131
358.1277
358.1247
358.1216
358.1186
358.1155
358.1099
358.0971
358.0826
358.0672
358.2448
358.2416
358.2385
358.2355
358.2325
358.2268
358.2143
358.2
358.185
358.1695
358.2423
358.2391
358.2361
358.2331
358.2275
358.2149
358.2007
358.1857
358.1704
358.1236
358.1204
358.1174
358.1117
358.099
358.0845
358.0694
358.0539
357.8929
357.8897
357.884
357.8709
357.8561
357.8404
357.8245
357.5636
357.5576
357.544
357.5285
357.5122
357.4954
357.1666
357.1522
357.1357
357.1182
357.1002
356.7636
356.7461
356.7273
356.7078
356.4507
356.4315
356.4115
356.2406
356.2205
356.1119
356.1517
356.1595
356.1628
356.1591
356.1566
356.1539
356.1513
356.1486
356.1458
356.1429
356.2088
356.2121
356.2085
356.2059
356.2033
356.2006
356.1979
356.1951
356.1923
356.1893
356.3219
356.3183
356.3157
356.3131
356.3104
356.3077
356.3049
356.302
356.2991
356.296
356.5103
356.5077
356.505
356.5023
356.4996
356.4967
356.4938
356.4908
356.4878
356.4845
356.8038
356.801
356.7982
356.7953
356.7924
356.7894
356.7863
356.7832
356.78
356.7735
357.1897
357.1867
357.1837
357.1806
357.1776
357.1745
357.1714
357.1682
357.1621
357.1475
357.5786
357.5754
357.5724
357.5692
357.5662
357.5631
357.56
357.5541
357.5404
357.5247
357.9028
357.8995
357.8965
357.8934
357.8903
357.8872
357.8815
357.8684
357.8536
357.8377
358.1285
358.1253
358.1222
358.1192
358.1162
358.1105
358.0978
358.0833
358.0681
358.0524
358.2423
358.2391
358.2361
358.2331
358.2275
358.2149
358.2007
358.1857
358.1704
358.2399
358.2367
358.2338
358.2281
358.2155
358.2013
358.1863
358.171
358.1212
358.118
358.1124
358.0996
358.0852
358.07
358.0546
357.8904
357.8846
357.8715
357.8566
357.8411
357.8251
357.5583
357.5446
357.5291
357.5127
357.496
357.1528
357.1362
357.1188
357.1007
356.7466
356.7278
356.7084
356.432
356.412
356.221
356.1599
356.1632
356.1596
356.157
356.1544
356.1517
356.149
356.1462
356.1434
356.1405
356.2126
356.2089
356.2063
356.2037
356.201
356.1983
356.1956
356.1927
356.1899
356.1869
356.3188
356.3162
356.3136
356.3109
356.3081
356.3053
356.3025
356.2996
356.2966
356.2934
356.5082
356.5055
356.5028
356.5
356.4972
356.4943
356.4913
356.4882
356.4851
356.4786
356.8015
356.7987
356.7958
356.7929
356.7899
356.7868
356.7837
356.7805
356.7741
356.7588
357.1873
357.1842
357.1812
357.1781
357.1751
357.1719
357.1688
357.1626
357.1483
357.1316
357.5761
357.5729
357.5699
357.5667
357.5637
357.5606
357.5547
357.541
357.5255
357.509
357.9003
357.8971
357.894
357.8909
357.8879
357.8821
357.8691
357.8542
357.8386
357.8224
358.126
358.1228
358.1198
358.1168
358.1111
358.0984
358.084
358.0688
358.0533
358.2399
358.2367
358.2338
358.2281
358.2155
358.2013
358.1863
358.171
358.2375
358.2344
358.2288
358.2161
358.2019
358.1869
358.1717
358.1188
358.113
358.1003
358.0858
358.0707
358.0552
357.8853
357.8721
357.8573
357.8417
357.8258
357.5453
357.5297
357.5134
357.4965
357.1369
357.1193
357.1013
356.7284
356.7089
356.4125
356.1637
356.16
356.1574
356.1548
356.1521
356.1494
356.1467
356.1438
356.141
356.138
356.2094
356.2068
356.2042
356.2015
356.1988
356.196
356.1932
356.1903
356.1874
356.1843
356.3166
356.314
356.3113
356.3086
356.3058
356.3029
356.3
356.297
356.294
356.2876
356.506
356.5033
356.5005
356.4977
356.4948
356.4918
356.4887
356.4856
356.4792
356.4637
356.7992
356.7963
356.7934
356.7904
356.7874
356.7842
356.7811
356.7746
356.7595
356.7418
357.1849
357.1817
357.1787
357.1756
357.1725
357.1693
357.1632
357.1488
357.1324
357.1147
357.5736
357.5704
357.5674
357.5642
357.5612
357.5552
357.5417
357.5261
357.5098
357.4928
357.8978
357.8946
357.8916
357.8885
357.8827
357.8696
357.8548
357.8392
357.8232
358.1236
358.1204
358.1174
358.1117
358.099
358.0845
358.0694
358.0539
358.2375
358.2344
358.2288
358.2161
358.2019
358.1869
358.1717
358.2351
358.2294
358.2168
358.2025
358.1876
358.1723
358.1138
358.1009
358.0865
358.0713
358.0559
357.8728
357.8579
357.8423
357.8263
357.5304
357.5139
357.4972
357.12
357.1018
356.7094
356.1604
356.1578
356.1552
356.1526
356.1498
356.1471
356.1443
356.1414
356.1385
356.1355
356.2072
356.2046
356.2019
356.1992
356.1964
356.1936
356.1907
356.1878
356.1848
356.1785
356.3145
356.3118
356.309
356.3062
356.3034
356.3005
356.2975
356.2944
356.2882
356.2726
356.5038
356.501
356.4981
356.4952
356.4922
356.4892
356.4861
356.4797
356.4643
356.4462
356.7969
356.7939
356.7909
356.7879
356.7848
356.7815
356.7752
356.76
356.7425
356.7236
357.1824
357.1792
357.1762
357.173
357.1699
357.1637
357.1494
357.1329
357.1154
357.0972
357.5711
357.5679
357.5649
357.5617
357.5558
357.5422
357.5268
357.5104
357.4936
357.8953
357.8921
357.8891
357.8833
357.8703
357.8554
357.8399
357.8239
358.1212
358.118
358.1124
358.0996
358.0852
358.07
358.0546
358.2351
358.2294
358.2168
358.2025
358.1876
358.1723
358.2302
358.2174
358.2032
358.1882
358.173
358.1016
358.0871
358.072
358.0564
357.8586
357.8429
357.827
357.5146
357.4977
357.1025
356.1583
356.1556
356.153
356.1503
356.1475
356.1447
356.1418
356.1389
356.136
356.1297
356.205
356.2023
356.1996
356.1969
356.194
356.1912
356.1882
356.1852
356.179
356.1636
356.3123
356.3095
356.3067
356.3038
356.3009
356.2979
356.2949
356.2886
356.2732
356.2551
356.5015
356.4986
356.4957
356.4927
356.4897
356.4865
356.4802
356.4647
356.4468
356.4276
356.7945
356.7914
356.7884
356.7852
356.7821
356.7757
356.7605
356.743
356.7243
356.7046
357.1799
357.1767
357.1736
357.1704
357.1643
357.1499
357.1335
357.116
357.098
357.5686
357.5654
357.5624
357.5564
357.5428
357.5273
357.511
357.4942
357.8929
357.8897
357.884
357.8709
357.8561
357.8404
357.8245
358.1188
358.113
358.1003
358.0858
358.0707
358.0552
358.2302
358.2174
358.2032
358.1882
358.173
358.2182
358.2038
358.1889
358.1736
358.0878
358.0726
358.0571
357.8436
357.8276
357.4984
356.1561
356.1534
356.1507
356.1479
356.1451
356.1423
356.1394
356.1364
356.1302
356.1148
356.2028
356.2001
356.1973
356.1945
356.1916
356.1887
356.1857
356.1795
356.1641
356.1461
356.31
356.3071
356.3043
356.3014
356.2984
356.2953
356.2891
356.2736
356.2557
356.2364
356.4991
356.4962
356.4932
356.4901
356.487
356.4806
356.4652
356.4473
356.4282
356.4081
356.792
356.7889
356.7858
356.7826
356.7762
356.761
356.7435
356.7248
356.7053
357.1773
357.1741
357.171
357.1648
357.1505
357.134
357.1166
357.0985
357.5661
357.5629
357.557
357.5434
357.5279
357.5116
357.4948
357.8904
357.8846
357.8715
357.8566
357.8411
357.8251
358.1138
358.1009
358.0865
358.0713
358.0559
358.2182
358.2038
358.1889
358.1736
358.2046
358.1895
358.1743
358.0733
358.0577
357.8283
356.1539
356.1511
356.1484
356.1456
356.1427
356.1398
356.1368
356.1307
356.1153
356.0973
356.2005
356.1977
356.1949
356.192
356.1891
356.1861
356.1799
356.1645
356.1466
356.1274
356.3076
356.3047
356.3018
356.2988
356.2958
356.2895
356.2741
356.2561
356.2369
356.2169
356.4967
356.4937
356.4906
356.4875
356.4811
356.4657
356.4478
356.4286
356.4087
356.7895
356.7863
356.7831
356.7767
356.7615
356.744
356.7253
356.7058
357.1748
357.1716
357.1654
357.151
357.1346
357.1171
357.0991
357.5636
357.5576
357.544
357.5285
357.5122
357.4954
357.8853
357.8721
357.8573
357.8417
357.8258
358.1016
358.0871
358.072
358.0564
358.2046
358.1895
358.1743
358.1903
358.1749
358.0585
356.1516
356.1488
356.146
356.1431
356.1402
356.1373
356.1311
356.1157
356.0978
356.0786
356.1982
356.1953
356.1925
356.1895
356.1866
356.1803
356.165
356.147
356.1279
356.1079
356.3052
356.3023
356.2993
356.2962
356.29
356.2745
356.2566
356.2374
356.2174
356.4942
356.4911
356.488
356.4816
356.4662
356.4483
356.4291
356.4092
356.7868
356.7836
356.7772
356.762
356.7445
356.7258
356.7063
357.1722
357.1659
357.1516
357.1351
357.1177
357.0996
357.5583
357.5446
357.5291
357.5127
357.496
357.8728
357.8579
357.8423
357.8263
358.0878
358.0726
358.0571
358.1903
358.1749
358.1757
356.1492
356.1464
356.1436
356.1406
356.1377
356.1315
356.1161
356.0983
356.0791
356.0592
356.1958
356.1929
356.19
356.187
356.1808
356.1654
356.1475
356.1283
356.1084
356.3028
356.2997
356.2967
356.2904
356.275
356.257
356.2379
356.2179
356.4916
356.4884
356.4821
356.4666
356.4488
356.4296
356.4096
356.7842
356.7777
356.7626
356.745
356.7263
356.7068
357.1666
357.1521
357.1357
357.1182
357.1002
357.5453
357.5297
357.5134
357.4965
357.8586
357.8429
357.827
358.0733
358.0577
358.1757
356.1469
356.144
356.1411
356.1381
356.132
356.1166
356.0987
356.0796
356.0597
356.1934
356.1904
356.1874
356.1812
356.1658
356.1479
356.1288
356.1088
356.3002
356.2971
356.2909
356.2754
356.2575
356.2383
356.2183
356.489
356.4825
356.4671
356.4492
356.4301
356.4101
356.7783
356.7631
356.7456
356.7268
356.7073
357.1528
357.1362
357.1188
357.1007
357.5304
357.5139
357.4972
357.8436
357.8276
358.0585
356.1444
356.1415
356.1385
356.1324
356.117
356.0991
356.08
356.0601
356.1909
356.1878
356.1817
356.1663
356.1484
356.1292
356.1093
356.2976
356.2913
356.2759
356.2579
356.2388
356.2188
356.4831
356.4676
356.4497
356.4305
356.4106
356.7636
356.7461
356.7273
356.7078
357.1369
357.1193
357.1013
357.5146
357.4977
357.8283
356.1419
356.139
356.1328
356.1174
356.0995
356.0804
356.0605
356.1883
356.1821
356.1667
356.1488
356.1296
356.1097
356.2918
356.2763
356.2584
356.2392
356.2192
356.4681
356.4502
356.431
356.411
356.7466
356.7278
356.7084
357.12
357.1018
357.4984
356.1394
356.1332
356.1179
356.1
356.0808
356.0609
356.1825
356.1671
356.1492
356.1301
356.1101
356.2768
356.2588
356.2397
356.2197
356.4507
356.4315
356.4115
356.7284
356.7088
357.1025
356.1337
356.1183
356.1004
356.0813
356.0614
356.1676
356.1496
356.1305
356.1106
356.2593
356.2401
356.2201
356.432
356.412
356.7094
356.1187
356.1008
356.0817
356.0618
356.1501
356.1309
356.111
356.2406
356.2205
356.4125
356.1013
356.0821
356.0622
356.1314
356.1114
356.221
356.0826
356.0626
356.1119
356.0631
)
;

boundaryField
{
    cathodeSides
    {
        type            zeroGradient;
    }
    electrolyteSides
    {
        type            zeroGradient;
    }
    anodeSides
    {
        type            zeroGradient;
    }
    phiI_to_phiI0
    {
        type            zeroGradient;
    }
    procBoundary2to1
    {
        type            processor;
        value           nonuniform List<scalar> 
400
(
356.1224
356.1712
356.1358
356.2804
356.1846
356.147
356.4723
356.2937
356.1957
356.1552
356.7703
356.4853
356.3048
356.2039
356.159
357.165
356.7824
356.4961
356.313
356.2077
356.1558
357.5613
357.1751
356.7924
356.5041
356.3168
356.2045
356.1536
357.8906
357.5697
357.1833
356.7998
356.5078
356.3136
356.2024
356.1514
358.12
357.898
357.5765
357.1891
356.8029
356.5047
356.3115
356.2002
356.1492
358.2367
358.1269
357.9039
357.5812
357.1912
356.7997
356.5026
356.3094
356.198
356.1469
358.2367
358.2434
358.1323
357.9079
357.5823
357.1874
356.7975
356.5005
356.3072
356.1957
356.1446
358.12
358.2434
358.2486
358.1359
357.9085
357.5783
357.1851
356.7953
356.4982
356.3049
356.1934
356.1422
357.8906
358.1269
358.2486
358.252
358.1363
357.9043
357.5757
357.1827
356.793
356.4959
356.3025
356.191
356.1398
357.5613
357.898
358.1323
358.252
358.2523
358.1321
357.9018
357.5732
357.1802
356.7907
356.4936
356.3001
356.1886
356.1373
357.165
357.5697
357.9039
358.1359
358.2523
358.2481
358.1295
357.8992
357.5707
357.1778
356.7883
356.4911
356.2977
356.1861
356.1348
356.7703
357.1751
357.5765
357.9079
358.1363
358.2481
358.2455
358.127
357.8967
357.5682
357.1753
356.7858
356.4886
356.2952
356.1835
356.129
356.4723
356.7824
357.1833
357.5812
357.9085
358.1321
358.2455
358.243
358.1245
357.8942
357.5657
357.1728
356.7832
356.4861
356.2926
356.1778
356.1141
356.2804
356.4853
356.7924
357.1891
357.5823
357.9043
358.1295
358.243
358.2405
358.122
357.8917
357.5632
357.1703
356.7806
356.4834
356.2867
356.1628
356.0966
356.1712
356.2937
356.4961
356.7998
357.1912
357.5783
357.9018
358.127
358.2405
358.238
358.1195
357.8892
357.5607
357.1677
356.778
356.4775
356.2717
356.1453
356.0779
356.1224
356.1846
356.3048
356.5041
356.8029
357.1874
357.5757
357.8992
358.1245
358.238
358.2355
358.117
357.8868
357.5583
357.1651
356.7721
356.4626
356.2543
356.1266
356.0585
356.1358
356.1957
356.313
356.5078
356.7997
357.1851
357.5732
357.8967
358.122
358.2355
358.2331
358.1146
357.8843
357.5558
357.1595
356.7574
356.4452
356.2355
356.1071
356.147
356.2039
356.3168
356.5047
356.7975
357.1827
357.5707
357.8942
358.1195
358.2331
358.2307
358.1122
357.8819
357.5504
357.1457
356.7404
356.4265
356.216
356.1552
356.2078
356.3136
356.5026
356.7953
357.1802
357.5682
357.8917
358.117
358.2307
358.2283
358.1098
357.8767
357.5374
357.1298
356.7222
356.407
356.159
356.2045
356.3115
356.5005
356.793
357.1778
357.5657
357.8892
358.1146
358.2283
358.2259
358.1047
357.8643
357.5225
357.1129
356.7032
356.1558
356.2024
356.3094
356.4982
356.7907
357.1753
357.5632
357.8868
358.1122
358.2259
358.2209
358.0926
357.8501
357.5068
357.0954
356.1536
356.2002
356.3072
356.4959
356.7883
357.1728
357.5607
357.8843
358.1098
358.2209
358.2089
358.0788
357.8351
357.4906
356.1514
356.198
356.3049
356.4936
356.7858
357.1703
357.5583
357.8819
358.1047
358.2089
358.1953
358.0643
357.8198
356.1492
356.1957
356.3025
356.4911
356.7832
357.1677
357.5558
357.8767
358.0926
358.1953
358.181
358.0495
356.1469
356.1934
356.3001
356.4886
356.7806
357.1651
357.5504
357.8643
358.0788
358.181
358.1664
356.1446
356.191
356.2977
356.4861
356.778
357.1595
357.5374
357.8501
358.0643
358.1664
356.1422
356.1886
356.2952
356.4834
356.7721
357.1457
357.5225
357.8351
358.0495
356.1398
356.1861
356.2926
356.4775
356.7574
357.1298
357.5068
357.8198
356.1373
356.1835
356.2867
356.4626
356.7404
357.1129
357.4906
356.1348
356.1778
356.2717
356.4452
356.7222
357.0954
356.129
356.1628
356.2543
356.4265
356.7033
356.1141
356.1453
356.2355
356.407
356.0966
356.1266
356.216
356.0779
356.1071
356.0585
)
;
    }
    procBoundary2to3
    {
        type            processor;
        value           nonuniform List<scalar> 
400
(
356.1276
356.1765
356.141
356.286
356.1899
356.1521
356.4784
356.2993
356.201
356.1604
356.7772
356.4914
356.3104
356.2092
356.1641
357.1728
356.7893
356.5023
356.3186
356.213
356.1609
357.57
357.1829
356.7993
356.5102
356.3224
356.2098
356.1587
357.9
357.5784
357.1911
356.8066
356.5139
356.3192
356.2077
356.1565
358.1299
357.9074
357.5852
357.1969
356.8097
356.5108
356.3171
356.2055
356.1543
358.2469
358.1368
357.9133
357.5898
357.1989
356.8065
356.5087
356.3149
356.2032
356.152
358.2469
358.2535
358.1422
357.9172
357.5909
357.1951
356.8043
356.5065
356.3127
356.201
356.1497
358.1299
358.2535
358.2588
358.1458
357.9178
357.5868
357.1927
356.8021
356.5043
356.3104
356.1986
356.1473
357.9
358.1368
358.2588
358.2621
358.1461
357.9136
357.5843
357.1903
356.7998
356.502
356.3081
356.1962
356.1448
357.57
357.9074
358.1422
358.2621
358.2624
358.1419
357.9111
357.5818
357.1879
356.7974
356.4996
356.3057
356.1938
356.1424
357.1728
357.5784
357.9133
358.1458
358.2624
358.2582
358.1393
357.9085
357.5793
357.1855
356.795
356.4972
356.3032
356.1913
356.1398
356.7772
357.1829
357.5852
357.9172
358.1461
358.2582
358.2556
358.1368
357.906
357.5768
357.183
356.7925
356.4947
356.3007
356.1887
356.1341
356.4784
356.7893
357.1911
357.5898
357.9178
358.1419
358.2556
358.2531
358.1342
357.9035
357.5743
357.1805
356.79
356.4921
356.2981
356.183
356.1191
356.286
356.4915
356.7993
357.1969
357.5909
357.9136
358.1393
358.2531
358.2505
358.1317
357.901
357.5718
357.1779
356.7874
356.4894
356.2922
356.168
356.1017
356.1765
356.2993
356.5023
356.8066
357.1989
357.5868
357.9111
358.1368
358.2505
358.248
358.1293
357.8985
357.5693
357.1754
356.7847
356.4835
356.2773
356.1505
356.083
356.1276
356.1899
356.3104
356.5103
356.8097
357.1951
357.5843
357.9085
358.1342
358.248
358.2456
358.1268
357.896
357.5668
357.1728
356.7788
356.4686
356.2598
356.1318
356.0635
356.141
356.201
356.3186
356.5139
356.8065
357.1927
357.5818
357.906
358.1317
358.2456
358.2431
358.1244
357.8936
357.5643
357.1672
356.7642
356.4512
356.241
356.1123
356.1522
356.2092
356.3224
356.5108
356.8043
357.1903
357.5793
357.9035
358.1293
358.2431
358.2407
358.1219
357.8912
357.559
357.1534
356.7472
356.4325
356.2215
356.1604
356.213
356.3192
356.5087
356.8021
357.1879
357.5768
357.901
358.1268
358.2407
358.2383
358.1196
357.886
357.546
357.1375
356.7289
356.413
356.1641
356.2098
356.3171
356.5065
356.7998
357.1855
357.5743
357.8985
358.1244
358.2383
358.2359
358.1145
357.8736
357.531
357.1206
356.7099
356.1609
356.2077
356.3149
356.5043
356.7974
357.183
357.5718
357.896
358.122
358.2359
358.2309
358.1024
357.8593
357.5153
357.1031
356.1587
356.2055
356.3127
356.502
356.795
357.1805
357.5693
357.8936
358.1196
358.2309
358.219
358.0886
357.8444
357.4991
356.1565
356.2032
356.3104
356.4996
356.7925
357.1779
357.5668
357.8912
358.1145
358.219
358.2054
358.0741
357.829
356.1543
356.201
356.3081
356.4972
356.79
357.1754
357.5643
357.886
358.1024
358.2054
358.1911
358.0592
356.152
356.1986
356.3057
356.4947
356.7874
357.1728
357.559
357.8736
358.0886
358.1911
358.1764
356.1497
356.1962
356.3032
356.4921
356.7847
357.1672
357.546
357.8593
358.0741
358.1764
356.1473
356.1938
356.3007
356.4894
356.7788
357.1534
357.531
357.8444
358.0592
356.1448
356.1913
356.2981
356.4835
356.7642
357.1375
357.5153
357.829
356.1424
356.1887
356.2922
356.4686
356.7472
357.1206
357.4991
356.1398
356.183
356.2773
356.4512
356.7289
357.1031
356.1341
356.168
356.2598
356.4325
356.71
356.1191
356.1505
356.241
356.413
356.1017
356.1318
356.2215
356.083
356.1123
356.0635
)
;
    }
}
)

// processor3

39634
(dimensions      [0 0 0 1 0 0 0];

internalField   nonuniform List<scalar> 
4000
(
356.1276
356.1765
356.1281
356.141
356.286
356.177
356.1899
356.1285
356.1415
356.1521
356.4784
356.2865
356.2993
356.1774
356.1904
356.201
356.1289
356.1419
356.1526
356.1604
356.7772
356.4789
356.4914
356.2869
356.2998
356.3104
356.1778
356.1908
356.2015
356.2092
356.1293
356.1423
356.153
356.1608
356.1641
357.1728
356.7777
356.7893
356.4793
356.4919
356.5023
356.2874
356.3002
356.3109
356.3186
356.1782
356.1912
356.2019
356.2097
356.213
356.1298
356.1427
356.1534
356.1612
356.1646
356.1609
357.57
357.1734
357.1829
356.7782
356.7898
356.7993
356.4798
356.4924
356.5028
356.5102
356.2878
356.3007
356.3113
356.3191
356.3224
356.1787
356.1916
356.2023
356.2101
356.2135
356.2098
356.1301
356.1432
356.1538
356.1617
356.165
356.1613
356.1587
357.9
357.5706
357.5784
357.1739
357.1834
357.1911
356.7787
356.7903
356.7998
356.8066
356.4802
356.4929
356.5032
356.5107
356.5139
356.2882
356.3011
356.3118
356.3195
356.3228
356.3192
356.1791
356.1921
356.2027
356.2106
356.2139
356.2102
356.2077
356.1306
356.1435
356.1543
356.1621
356.1654
356.1617
356.1592
356.1565
358.1299
357.9006
357.9074
357.5711
357.579
357.5852
357.1744
357.1839
357.1916
357.1969
356.7791
356.7908
356.8003
356.8071
356.8097
356.4807
356.4933
356.5037
356.5112
356.5144
356.5108
356.2886
356.3016
356.3122
356.3199
356.3232
356.3197
356.3171
356.1795
356.1925
356.2032
356.211
356.2143
356.2106
356.2081
356.2055
356.1309
356.144
356.1547
356.1625
356.1658
356.1621
356.1595
356.157
356.1543
358.2469
358.1306
358.1368
357.9012
357.908
357.9133
357.5717
357.5795
357.5858
357.5898
357.1749
357.1845
357.1921
357.1974
357.1989
356.7797
356.7913
356.8008
356.8076
356.8103
356.8065
356.4812
356.4938
356.5041
356.5117
356.5148
356.5113
356.5087
356.2891
356.302
356.3126
356.3204
356.3237
356.3201
356.3176
356.3149
356.1799
356.1929
356.2036
356.2114
356.2147
356.2111
356.2085
356.2059
356.2032
356.1313
356.1443
356.1551
356.1629
356.1662
356.1625
356.16
356.1574
356.1547
356.152
358.2469
358.2475
358.2535
358.1311
358.1374
358.1422
357.9018
357.9086
357.9139
357.9172
357.5722
357.5801
357.5863
357.5904
357.5909
357.1755
357.185
357.1927
357.1979
357.1994
357.1951
356.7801
356.7918
356.8013
356.8081
356.8107
356.807
356.8043
356.4817
356.4942
356.5046
356.5121
356.5153
356.5117
356.5092
356.5065
356.2895
356.3025
356.313
356.3208
356.3241
356.3205
356.318
356.3154
356.3127
356.1802
356.1933
356.2041
356.2118
356.2152
356.2115
356.209
356.2063
356.2037
356.201
356.1447
356.1555
356.1633
356.1666
356.163
356.1604
356.1578
356.1551
356.1524
356.1497
358.1299
358.2475
358.2535
358.2481
358.2542
358.2588
358.1318
358.138
358.1429
358.1458
357.9023
357.9092
357.9145
357.9178
357.9178
357.5729
357.5806
357.5869
357.5909
357.5915
357.5868
357.176
357.1856
357.1932
357.1985
357.1999
357.1957
357.1927
356.7807
356.7922
356.8018
356.8085
356.8112
356.8074
356.8048
356.8021
356.4821
356.4947
356.505
356.5126
356.5157
356.5122
356.5096
356.507
356.5043
356.2899
356.3028
356.3135
356.3212
356.3246
356.3209
356.3184
356.3158
356.3132
356.3104
356.1936
356.2044
356.2123
356.2155
356.2119
356.2094
356.2068
356.2041
356.2014
356.1986
356.1558
356.1637
356.1671
356.1634
356.1608
356.1582
356.1556
356.1528
356.1501
356.1473
357.9
358.1306
358.1368
358.2481
358.2542
358.2588
358.2487
358.2547
358.2594
358.2621
358.1323
358.1386
358.1434
358.1464
358.1461
357.903
357.9097
357.9151
357.9184
357.9185
357.9136
357.5734
357.5813
357.5874
357.5915
357.592
357.5874
357.5843
357.1766
357.186
357.1938
357.199
357.2005
357.1961
357.1933
357.1903
356.7811
356.7928
356.8022
356.8091
356.8117
356.808
356.8053
356.8026
356.7998
356.4826
356.4951
356.5055
356.513
356.5162
356.5126
356.5101
356.5074
356.5048
356.502
356.3033
356.3139
356.3217
356.325
356.3214
356.3188
356.3163
356.3136
356.3109
356.3081
356.2048
356.2126
356.216
356.2123
356.2098
356.2072
356.2045
356.2018
356.1991
356.1962
356.164
356.1674
356.1638
356.1612
356.1586
356.1559
356.1533
356.1505
356.1477
356.1448
357.57
357.9006
357.9074
358.1311
358.1374
358.1422
358.2487
358.2547
358.2594
358.2621
358.2493
358.2554
358.26
358.2628
358.2624
358.133
358.1392
358.1441
358.1469
358.1468
358.1419
357.9035
357.9104
357.9157
357.919
357.919
357.9142
357.9111
357.574
357.5818
357.588
357.592
357.5926
357.5879
357.5849
357.5818
357.1771
357.1866
357.1942
357.1996
357.201
357.1967
357.1938
357.1909
357.1879
356.7818
356.7932
356.8028
356.8095
356.8122
356.8084
356.8058
356.803
356.8003
356.7974
356.4956
356.5059
356.5135
356.5166
356.5131
356.5105
356.5079
356.5052
356.5025
356.4996
356.3143
356.322
356.3254
356.3218
356.3193
356.3167
356.314
356.3113
356.3085
356.3057
356.213
356.2163
356.2128
356.2102
356.2076
356.2049
356.2023
356.1995
356.1967
356.1938
356.1677
356.1641
356.1616
356.159
356.1564
356.1536
356.1509
356.1481
356.1453
356.1424
357.1728
357.5706
357.5784
357.9012
357.908
357.9133
358.1318
358.138
358.1429
358.1458
358.2493
358.2554
358.26
358.2628
358.2624
358.25
358.2559
358.2606
358.2633
358.263
358.2582
358.1335
358.1398
358.1446
358.1476
358.1473
358.1425
358.1393
357.9042
357.9109
357.9163
357.9195
357.9196
357.9148
357.9117
357.9085
357.5746
357.5824
357.5886
357.5926
357.5931
357.5885
357.5854
357.5824
357.5793
357.1779
357.1871
357.1949
357.2
357.2015
357.1972
357.1943
357.1914
357.1885
357.1855
356.7939
356.8032
356.8101
356.8127
356.8089
356.8062
356.8036
356.8007
356.7979
356.795
356.5065
356.5139
356.5171
356.5135
356.511
356.5083
356.5057
356.5029
356.5001
356.4972
356.3225
356.3258
356.3223
356.3197
356.3171
356.3144
356.3118
356.3089
356.3061
356.3032
356.2167
356.2131
356.2106
356.208
356.2054
356.2026
356.1999
356.1971
356.1942
356.1913
356.1645
356.162
356.1594
356.1568
356.1541
356.1513
356.1485
356.1457
356.1428
356.1398
356.7772
357.1734
357.1829
357.5711
357.579
357.5852
357.9018
357.9086
357.9139
357.9172
358.1323
358.1386
358.1434
358.1464
358.1461
358.25
358.2559
358.2606
358.2633
358.263
358.2582
358.2505
358.2566
358.2612
358.264
358.2636
358.2588
358.2556
358.1342
358.1404
358.1453
358.1481
358.1479
358.1431
358.14
358.1368
357.9048
357.9116
357.9168
357.9202
357.9201
357.9154
357.9122
357.9091
357.906
357.5755
357.583
357.5892
357.5931
357.5937
357.589
357.586
357.5829
357.5799
357.5768
357.1879
357.1953
357.2006
357.202
357.1978
357.1948
357.1919
357.1889
357.186
357.183
356.8039
356.8105
356.8132
356.8094
356.8068
356.804
356.8013
356.7984
356.7955
356.7925
356.5144
356.5175
356.514
356.5114
356.5088
356.5061
356.5034
356.5005
356.4977
356.4947
356.3262
356.3226
356.3202
356.3175
356.3149
356.3122
356.3094
356.3065
356.3037
356.3007
356.2135
356.211
356.2085
356.2058
356.2031
356.2003
356.1975
356.1946
356.1917
356.1887
356.1623
356.1598
356.1572
356.1545
356.1517
356.1489
356.1461
356.1432
356.1403
356.1341
356.4784
356.7777
356.7893
357.1739
357.1834
357.1911
357.5717
357.5795
357.5858
357.5898
357.9023
357.9092
357.9145
357.9178
357.9178
358.133
358.1392
358.1441
358.1469
358.1468
358.1419
358.2505
358.2566
358.2612
358.264
358.2636
358.2588
358.2556
358.2513
358.2572
358.2619
358.2645
358.2642
358.2593
358.2562
358.2531
358.1349
358.1411
358.1458
358.1488
358.1485
358.1437
358.1405
358.1374
358.1342
357.9059
357.9122
357.9175
357.9207
357.9208
357.9159
357.9128
357.9097
357.9066
357.9035
357.5839
357.5897
357.5938
357.5942
357.5897
357.5865
357.5835
357.5804
357.5774
357.5743
357.1962
357.2011
357.2026
357.1983
357.1954
357.1924
357.1895
357.1865
357.1835
357.1805
356.8112
356.8136
356.8099
356.8072
356.8045
356.8017
356.7989
356.796
356.7931
356.79
356.5181
356.5144
356.5119
356.5092
356.5066
356.5038
356.501
356.4981
356.4952
356.4921
356.3231
356.3205
356.318
356.3153
356.3126
356.3098
356.307
356.3041
356.3011
356.2981
356.2113
356.2088
356.2062
356.2035
356.2007
356.1979
356.1951
356.1921
356.1892
356.183
356.1601
356.1575
356.1549
356.1521
356.1494
356.1465
356.1436
356.1407
356.1345
356.1191
356.286
356.4789
356.4915
356.7782
356.7898
356.7993
357.1744
357.1839
357.1916
357.1969
357.5722
357.5801
357.5863
357.5904
357.5909
357.903
357.9097
357.9151
357.9184
357.9185
357.9136
358.1335
358.1398
358.1446
358.1476
358.1473
358.1425
358.1393
358.2513
358.2572
358.2619
358.2645
358.2642
358.2593
358.2562
358.2531
358.2519
358.2579
358.2624
358.2652
358.2648
358.26
358.2568
358.2537
358.2505
358.136
358.1417
358.1465
358.1494
358.1492
358.1442
358.1411
358.1379
358.1349
358.1317
357.9133
357.9181
357.9214
357.9213
357.9166
357.9134
357.9103
357.9071
357.9041
357.901
357.5907
357.5943
357.5949
357.5902
357.5871
357.584
357.581
357.5779
357.5749
357.5718
357.2019
357.2031
357.1988
357.1959
357.193
357.19
357.1871
357.184
357.181
357.1779
356.8143
356.8103
356.8077
356.805
356.8022
356.7994
356.7965
356.7935
356.7905
356.7874
356.5149
356.5123
356.5097
356.507
356.5043
356.5014
356.4986
356.4956
356.4926
356.4894
356.321
356.3183
356.3158
356.313
356.3103
356.3074
356.3045
356.3015
356.2985
356.2922
356.2092
356.2065
356.2039
356.2011
356.1984
356.1955
356.1926
356.1896
356.1834
356.168
356.1579
356.1552
356.1526
356.1497
356.1469
356.144
356.1411
356.1349
356.1196
356.1017
356.1765
356.2865
356.2993
356.4793
356.492
356.5023
356.7787
356.7903
356.7998
356.8066
357.1749
357.1845
357.1921
357.1974
357.1989
357.5728
357.5806
357.5869
357.5909
357.5915
357.5868
357.9035
357.9104
357.9156
357.919
357.919
357.9143
357.9111
358.1342
358.1404
358.1453
358.1481
358.1479
358.1431
358.14
358.1368
358.2519
358.2579
358.2624
358.2652
358.2648
358.26
358.2568
358.2537
358.2505
358.2531
358.2585
358.2631
358.2658
358.2655
358.2605
358.2574
358.2542
358.2512
358.248
358.1429
358.1472
358.1501
358.1497
358.1449
358.1417
358.1386
358.1354
358.1324
358.1293
357.9192
357.922
357.922
357.9171
357.914
357.9108
357.9078
357.9046
357.9016
357.8985
357.5953
357.5954
357.5908
357.5877
357.5846
357.5815
357.5785
357.5754
357.5724
357.5693
357.2039
357.1993
357.1965
357.1935
357.1906
357.1875
357.1846
357.1815
357.1785
357.1754
356.811
356.8082
356.8055
356.8027
356.7999
356.7969
356.794
356.791
356.7879
356.7847
356.5128
356.5101
356.5075
356.5047
356.5019
356.499
356.4961
356.493
356.4899
356.4835
356.3188
356.3161
356.3135
356.3107
356.3079
356.3049
356.302
356.2989
356.2927
356.2773
356.2069
356.2043
356.2016
356.1987
356.1959
356.193
356.19
356.1838
356.1685
356.1505
356.1556
356.1529
356.1502
356.1473
356.1444
356.1415
356.1354
356.12
356.1021
356.083
356.1276
356.177
356.1899
356.2869
356.2998
356.3104
356.4798
356.4924
356.5028
356.5103
356.7791
356.7908
356.8003
356.8071
356.8097
357.1755
357.185
357.1927
357.1979
357.1994
357.1951
357.5734
357.5813
357.5874
357.5915
357.592
357.5874
357.5843
357.9042
357.9109
357.9163
357.9195
357.9196
357.9148
357.9117
357.9085
358.1348
358.1411
358.1458
358.1488
358.1485
358.1437
358.1405
358.1374
358.1342
358.2531
358.2585
358.2631
358.2658
358.2655
358.2605
358.2574
358.2542
358.2512
358.248
358.2597
358.2638
358.2665
358.266
358.2612
358.258
358.2549
358.2517
358.2487
358.2456
358.1483
358.1507
358.1504
358.1455
358.1423
358.1391
358.1361
358.1329
358.1299
358.1268
357.9231
357.9226
357.9178
357.9146
357.9115
357.9083
357.9053
357.9021
357.8991
357.896
357.5964
357.5914
357.5883
357.5851
357.5821
357.579
357.576
357.5729
357.5699
357.5668
357.2001
357.197
357.1941
357.191
357.1881
357.1851
357.1821
357.179
357.1759
357.1728
356.8088
356.8059
356.8032
356.8003
356.7975
356.7945
356.7915
356.7883
356.7852
356.7788
356.5106
356.5079
356.5052
356.5023
356.4995
356.4965
356.4935
356.4904
356.484
356.4686
356.3166
356.3138
356.3111
356.3082
356.3054
356.3024
356.2994
356.2931
356.2777
356.2598
356.2046
356.2019
356.1992
356.1963
356.1934
356.1904
356.1843
356.1688
356.151
356.1318
356.1532
356.1505
356.1478
356.1448
356.1419
356.1357
356.1204
356.1025
356.0834
356.0635
356.1281
356.141
356.1774
356.1904
356.201
356.2874
356.3002
356.3109
356.3186
356.4802
356.4929
356.5032
356.5108
356.5139
356.7797
356.7913
356.8008
356.8076
356.8103
356.8065
357.176
357.1856
357.1932
357.1985
357.1999
357.1957
357.1927
357.574
357.5818
357.588
357.592
357.5926
357.5879
357.5849
357.5818
357.9048
357.9116
357.9168
357.9202
357.9201
357.9154
357.9122
357.9091
357.906
358.136
358.1417
358.1465
358.1494
358.1492
358.1442
358.1411
358.1379
358.1349
358.1317
358.2597
358.2638
358.2665
358.266
358.2612
358.258
358.2549
358.2517
358.2487
358.2456
358.265
358.2671
358.2667
358.2618
358.2587
358.2554
358.2524
358.2492
358.2462
358.2431
358.1518
358.151
358.1462
358.1429
358.1398
358.1366
358.1336
358.1304
358.1274
358.1244
357.9237
357.9184
357.9152
357.912
357.9089
357.9058
357.9028
357.8996
357.8967
357.8936
357.5923
357.5888
357.5858
357.5826
357.5796
357.5765
357.5735
357.5704
357.5674
357.5643
357.1978
357.1946
357.1916
357.1886
357.1856
357.1826
357.1795
357.1764
357.1733
357.1672
356.8066
356.8037
356.8009
356.7979
356.795
356.7919
356.7889
356.7857
356.7793
356.7642
356.5084
356.5056
356.5028
356.4999
356.497
356.4939
356.4908
356.4844
356.4691
356.4512
356.3143
356.3115
356.3087
356.3058
356.3029
356.2998
356.2936
356.2781
356.2602
356.241
356.2023
356.1995
356.1967
356.1938
356.1909
356.1846
356.1693
356.1514
356.1323
356.1123
356.1508
356.1481
356.1453
356.1423
356.1362
356.1208
356.1029
356.0838
356.0639
356.1285
356.1415
356.1522
356.1778
356.1908
356.2015
356.2092
356.2878
356.3007
356.3113
356.3191
356.3224
356.4807
356.4933
356.5037
356.5112
356.5144
356.5108
356.7801
356.7918
356.8013
356.8081
356.8107
356.807
356.8043
357.1766
357.186
357.1938
357.199
357.2005
357.1961
357.1933
357.1903
357.5746
357.5824
357.5885
357.5926
357.5931
357.5885
357.5854
357.5824
357.5793
357.9059
357.9122
357.9175
357.9207
357.9208
357.9159
357.9128
357.9097
357.9066
357.9035
358.1429
358.1472
358.1501
358.1497
358.1449
358.1417
358.1386
358.1354
358.1324
358.1293
358.265
358.2671
358.2667
358.2618
358.2587
358.2554
358.2524
358.2492
358.2462
358.2431
358.2683
358.2674
358.2625
358.2592
358.2561
358.2529
358.2499
358.2467
358.2438
358.2407
358.1522
358.1468
358.1436
358.1403
358.1373
358.1341
358.1311
358.128
358.125
358.1219
357.9195
357.9158
357.9127
357.9095
357.9064
357.9033
357.9003
357.8972
357.8942
357.8912
357.5898
357.5863
357.5833
357.5801
357.5771
357.574
357.571
357.5679
357.5649
357.559
357.1954
357.1921
357.1892
357.1861
357.1831
357.18
357.177
357.1738
357.1677
357.1534
356.8043
356.8013
356.7985
356.7954
356.7925
356.7893
356.7862
356.7798
356.7647
356.7472
356.5061
356.5032
356.5004
356.4974
356.4944
356.4913
356.4849
356.4695
356.4517
356.4325
356.3119
356.3091
356.3063
356.3032
356.3003
356.294
356.2786
356.2606
356.2415
356.2215
356.1999
356.1971
356.1942
356.1912
356.1851
356.1697
356.1518
356.1326
356.1127
356.1484
356.1456
356.1427
356.1365
356.1212
356.1033
356.0842
356.0643
356.1289
356.1419
356.1526
356.1604
356.1782
356.1912
356.2019
356.2097
356.213
356.2882
356.3011
356.3118
356.3195
356.3228
356.3192
356.4812
356.4938
356.5041
356.5117
356.5148
356.5113
356.5087
356.7807
356.7922
356.8018
356.8085
356.8112
356.8074
356.8048
356.8021
357.1771
357.1867
357.1942
357.1995
357.2009
357.1967
357.1938
357.1909
357.1879
357.5755
357.583
357.5892
357.5931
357.5937
357.589
357.586
357.5829
357.5799
357.5768
357.9133
357.9181
357.9214
357.9213
357.9166
357.9134
357.9103
357.9071
357.9041
357.901
358.1483
358.1507
358.1504
358.1455
358.1423
358.1391
358.1361
358.1329
358.1299
358.1268
358.2683
358.2674
358.2625
358.2592
358.2561
358.2529
358.2499
358.2467
358.2438
358.2407
358.2686
358.2631
358.2599
358.2567
358.2536
358.2504
358.2474
358.2443
358.2413
358.2383
358.1479
358.1442
358.141
358.1378
358.1348
358.1316
358.1286
358.1255
358.1226
358.1196
357.9169
357.9133
357.9102
357.907
357.9039
357.9008
357.8978
357.8947
357.8918
357.886
357.5873
357.5838
357.5808
357.5776
357.5746
357.5715
357.5685
357.5654
357.5595
357.546
357.1929
357.1897
357.1867
357.1836
357.1806
357.1775
357.1744
357.1682
357.1539
357.1375
356.8019
356.7989
356.796
356.7929
356.7898
356.7866
356.7803
356.7651
356.7477
356.7289
356.5037
356.5008
356.4979
356.4948
356.4917
356.4853
356.47
356.4521
356.433
356.413
356.3095
356.3066
356.3037
356.3007
356.2944
356.279
356.2611
356.2419
356.2219
356.1974
356.1946
356.1917
356.1855
356.1701
356.1522
356.1331
356.1131
356.1459
356.1431
356.137
356.1216
356.1038
356.0846
356.0648
356.1293
356.1423
356.153
356.1608
356.1641
356.1787
356.1916
356.2024
356.2101
356.2135
356.2098
356.2886
356.3016
356.3122
356.3199
356.3232
356.3197
356.3171
356.4817
356.4942
356.5046
356.5121
356.5153
356.5117
356.5092
356.5065
356.7811
356.7928
356.8022
356.8091
356.8117
356.808
356.8053
356.8026
356.7998
357.1779
357.1871
357.1949
357.2
357.2015
357.1972
357.1943
357.1914
357.1885
357.1855
357.5839
357.5897
357.5938
357.5942
357.5897
357.5865
357.5835
357.5804
357.5774
357.5743
357.9192
357.922
357.922
357.9171
357.914
357.9108
357.9078
357.9046
357.9016
357.8985
358.1518
358.151
358.1462
358.1429
358.1398
358.1366
358.1336
358.1304
358.1274
358.1244
358.2686
358.2631
358.2599
358.2567
358.2536
358.2504
358.2474
358.2443
358.2413
358.2383
358.2643
358.2605
358.2574
358.2541
358.2511
358.2479
358.245
358.2419
358.2389
358.2359
358.1454
358.1417
358.1385
358.1353
358.1323
358.1292
358.1262
358.1231
358.1202
358.1145
357.9144
357.9107
357.9077
357.9045
357.9015
357.8984
357.8954
357.8923
357.8866
357.8736
357.5848
357.5813
357.5783
357.5751
357.5721
357.569
357.566
357.56
357.5465
357.531
357.1905
357.1872
357.1842
357.1811
357.178
357.1749
357.1688
357.1544
357.138
357.1206
356.7995
356.7964
356.7934
356.7903
356.7872
356.7807
356.7657
356.7481
356.7295
356.7099
356.5013
356.4983
356.4953
356.4921
356.4858
356.4704
356.4526
356.4334
356.4135
356.307
356.3041
356.3011
356.2948
356.2794
356.2615
356.2423
356.2223
356.1949
356.192
356.1859
356.1705
356.1527
356.1335
356.1136
356.1434
356.1373
356.1221
356.1041
356.0851
356.0651
356.1297
356.1427
356.1534
356.1612
356.1646
356.1609
356.1791
356.1921
356.2027
356.2106
356.2139
356.2103
356.2077
356.2891
356.302
356.3126
356.3203
356.3237
356.3201
356.3176
356.3149
356.4821
356.4947
356.505
356.5126
356.5157
356.5122
356.5096
356.507
356.5043
356.7817
356.7932
356.8028
356.8095
356.8122
356.8084
356.8058
356.803
356.8003
356.7974
357.1879
357.1953
357.2006
357.202
357.1978
357.1948
357.1919
357.1889
357.186
357.183
357.5907
357.5943
357.5949
357.5902
357.5871
357.584
357.581
357.5779
357.5749
357.5718
357.9231
357.9226
357.9178
357.9146
357.9115
357.9083
357.9053
357.9021
357.8991
357.896
358.1522
358.1468
358.1436
358.1403
358.1373
358.1341
358.1311
358.128
358.125
358.122
358.2643
358.2605
358.2574
358.2541
358.2511
358.2479
358.245
358.2419
358.2389
358.2359
358.2617
358.258
358.2549
358.2517
358.2486
358.2455
358.2425
358.2395
358.2366
358.2309
358.1428
358.1391
358.136
358.1328
358.1298
358.1267
358.1238
358.1207
358.1151
358.1024
357.9118
357.9082
357.9052
357.902
357.899
357.8959
357.8929
357.8871
357.8742
357.8593
357.5823
357.5788
357.5758
357.5726
357.5696
357.5665
357.5607
357.547
357.5316
357.5153
357.188
357.1847
357.1817
357.1785
357.1754
357.1693
357.155
357.1385
357.1211
357.1031
356.7971
356.7939
356.7908
356.7876
356.7813
356.7661
356.7486
356.7299
356.7105
356.4988
356.4957
356.4927
356.4862
356.4709
356.453
356.4339
356.4139
356.3045
356.3015
356.2953
356.2798
356.262
356.2427
356.2228
356.1924
356.1862
356.171
356.153
356.1339
356.114
356.1376
356.1224
356.1046
356.0854
356.0656
356.1301
356.1431
356.1538
356.1617
356.165
356.1613
356.1587
356.1795
356.1925
356.2032
356.2109
356.2143
356.2106
356.2081
356.2055
356.2895
356.3025
356.313
356.3208
356.3241
356.3205
356.318
356.3154
356.3127
356.4826
356.4951
356.5055
356.513
356.5162
356.5126
356.5101
356.5074
356.5048
356.502
356.7939
356.8032
356.8101
356.8127
356.8089
356.8062
356.8036
356.8007
356.798
356.795
357.1961
357.2011
357.2026
357.1982
357.1954
357.1924
357.1895
357.1865
357.1835
357.1805
357.5953
357.5954
357.5908
357.5877
357.5846
357.5815
357.5785
357.5754
357.5724
357.5693
357.9237
357.9184
357.9152
357.912
357.9089
357.9058
357.9028
357.8996
357.8967
357.8936
358.1479
358.1442
358.141
358.1378
358.1348
358.1316
358.1286
358.1255
358.1226
358.1196
358.2617
358.258
358.2549
358.2517
358.2486
358.2455
358.2425
358.2395
358.2366
358.2309
358.2592
358.2555
358.2524
358.2492
358.2462
358.2431
358.2401
358.2371
358.2316
358.219
358.1403
358.1366
358.1335
358.1304
358.1274
358.1243
358.1214
358.1157
358.103
358.0886
357.9093
357.9057
357.9027
357.8995
357.8965
357.8935
357.8878
357.8747
357.86
357.8444
357.5798
357.5763
357.5733
357.5701
357.5671
357.5612
357.5477
357.5321
357.5159
357.4991
357.1855
357.1822
357.1791
357.1759
357.1698
357.1555
357.1391
357.1216
357.1036
356.7945
356.7912
356.7881
356.7817
356.7666
356.7491
356.7304
356.7109
356.4962
356.493
356.4867
356.4713
356.4535
356.4343
356.4144
356.3019
356.2956
356.2803
356.2623
356.2432
356.2232
356.1866
356.1713
356.1535
356.1343
356.1144
356.1227
356.1049
356.0859
356.066
356.1306
356.1435
356.1543
356.162
356.1654
356.1617
356.1592
356.1565
356.1799
356.1929
356.2036
356.2114
356.2147
356.2111
356.2085
356.2059
356.2032
356.2899
356.3028
356.3135
356.3212
356.3246
356.3209
356.3184
356.3158
356.3132
356.3104
356.4956
356.5059
356.5135
356.5166
356.5131
356.5105
356.5079
356.5052
356.5025
356.4996
356.8039
356.8105
356.8132
356.8094
356.8068
356.804
356.8013
356.7984
356.7955
356.7925
357.2019
357.2031
357.1989
357.1959
357.193
357.19
357.1871
357.184
357.181
357.1779
357.5964
357.5913
357.5883
357.5851
357.5821
357.579
357.576
357.5729
357.5699
357.5668
357.9194
357.9158
357.9127
357.9095
357.9064
357.9033
357.9003
357.8972
357.8942
357.8912
358.1454
358.1417
358.1385
358.1353
358.1323
358.1292
358.1262
358.1231
358.1202
358.1145
358.2592
358.2555
358.2524
358.2492
358.2462
358.2431
358.2401
358.2371
358.2316
358.219
358.2567
358.253
358.2499
358.2467
358.2438
358.2407
358.2377
358.2321
358.2196
358.2054
358.1378
358.1341
358.1311
358.1279
358.125
358.1219
358.1163
358.1036
358.0892
358.0741
357.9068
357.9033
357.9002
357.8971
357.8941
357.8883
357.8753
357.8605
357.845
357.829
357.5773
357.5738
357.5708
357.5676
357.5618
357.5482
357.5328
357.5164
357.4997
357.183
357.1796
357.1765
357.1703
357.156
357.1396
357.1222
357.1041
356.7919
356.7886
356.7823
356.7671
356.7496
356.7309
356.7114
356.4936
356.4871
356.4718
356.4539
356.4348
356.4148
356.2961
356.2807
356.2628
356.2436
356.2236
356.1717
356.1538
356.1347
356.1148
356.1052
356.0862
356.0664
356.1309
356.144
356.1547
356.1625
356.1658
356.1621
356.1596
356.157
356.1543
356.1802
356.1933
356.2041
356.2118
356.2152
356.2115
356.209
356.2063
356.2037
356.201
356.3032
356.3139
356.3217
356.325
356.3214
356.3188
356.3163
356.3136
356.3109
356.3081
356.5065
356.5139
356.5171
356.5135
356.511
356.5083
356.5057
356.5029
356.5001
356.4972
356.8111
356.8136
356.8099
356.8072
356.8045
356.8017
356.7989
356.796
356.7931
356.79
357.2039
357.1993
357.1965
357.1935
357.1906
357.1875
357.1846
357.1815
357.1785
357.1754
357.5923
357.5888
357.5858
357.5826
357.5796
357.5765
357.5735
357.5704
357.5674
357.5643
357.9169
357.9133
357.9102
357.907
357.9039
357.9008
357.8978
357.8947
357.8918
357.886
358.1428
358.1391
358.136
358.1328
358.1298
358.1267
358.1238
358.1207
358.1152
358.1024
358.2567
358.253
358.2499
358.2467
358.2438
358.2407
358.2377
358.2321
358.2196
358.2054
358.2542
358.2505
358.2474
358.2443
358.2414
358.2383
358.2328
358.2202
358.206
358.1911
358.1353
358.1317
358.1286
358.1255
358.1226
358.1169
358.1042
358.0898
358.0747
358.0592
357.9043
357.9008
357.8978
357.8946
357.889
357.8759
357.8611
357.8455
357.8296
357.5748
357.5713
357.5683
357.5623
357.5488
357.5333
357.517
357.5002
357.1804
357.177
357.1709
357.1565
357.1401
357.1226
357.1047
356.7892
356.7827
356.7676
356.7501
356.7314
356.7119
356.4876
356.4722
356.4544
356.4352
356.4153
356.2811
356.2632
356.2441
356.224
356.1542
356.1351
356.1152
356.0865
356.0667
356.1312
356.1443
356.1551
356.1629
356.1662
356.1625
356.16
356.1574
356.1547
356.152
356.1936
356.2044
356.2123
356.2155
356.2119
356.2093
356.2068
356.2041
356.2014
356.1986
356.3143
356.322
356.3254
356.3218
356.3193
356.3167
356.314
356.3113
356.3085
356.3057
356.5144
356.5175
356.514
356.5114
356.5088
356.5061
356.5034
356.5005
356.4977
356.4947
356.8143
356.8103
356.8077
356.805
356.8022
356.7994
356.7965
356.7935
356.7905
356.7874
357.2001
357.1969
357.1941
357.191
357.1881
357.1851
357.1821
357.179
357.1759
357.1728
357.5898
357.5863
357.5833
357.5801
357.5771
357.574
357.571
357.5679
357.5649
357.559
357.9143
357.9107
357.9077
357.9045
357.9015
357.8983
357.8954
357.8923
357.8866
357.8736
358.1403
358.1366
358.1335
358.1304
358.1274
358.1243
358.1214
358.1157
358.103
358.0886
358.2542
358.2505
358.2474
358.2443
358.2413
358.2383
358.2328
358.2202
358.206
358.1911
358.2517
358.2481
358.245
358.2419
358.239
358.2333
358.2208
358.2065
358.1917
358.1764
358.1329
358.1292
358.1262
358.1231
358.1175
358.1048
358.0904
358.0752
358.0599
357.9019
357.8983
357.8953
357.8895
357.8765
357.8617
357.8461
357.8302
357.5723
357.5688
357.5629
357.5493
357.5339
357.5175
357.5008
357.1778
357.1714
357.1571
357.1406
357.1232
357.1051
356.7833
356.768
356.7506
356.7318
356.7124
356.4727
356.4548
356.4357
356.4157
356.2636
356.2444
356.2245
356.1354
356.1156
356.067
356.1446
356.1554
356.1633
356.1666
356.163
356.1604
356.1578
356.1551
356.1524
356.1497
356.2048
356.2126
356.216
356.2123
356.2098
356.2072
356.2045
356.2018
356.1991
356.1962
356.3225
356.3258
356.3223
356.3197
356.3171
356.3144
356.3118
356.3089
356.3061
356.3032
356.518
356.5144
356.5119
356.5092
356.5066
356.5038
356.501
356.4981
356.4952
356.4921
356.811
356.8082
356.8055
356.8027
356.7999
356.7969
356.794
356.791
356.7879
356.7847
357.1977
357.1945
357.1916
357.1886
357.1856
357.1826
357.1795
357.1764
357.1734
357.1672
357.5873
357.5838
357.5808
357.5776
357.5746
357.5715
357.5685
357.5654
357.5596
357.546
357.9118
357.9082
357.9052
357.902
357.899
357.8959
357.8929
357.8871
357.8742
357.8593
358.1378
358.1341
358.1311
358.1279
358.125
358.1219
358.1163
358.1036
358.0892
358.0741
358.2517
358.2481
358.245
358.2419
358.239
358.2333
358.2208
358.2065
358.1917
358.1764
358.2493
358.2456
358.2426
358.2395
358.234
358.2214
358.2072
358.1922
358.1771
358.1304
358.1268
358.1238
358.1181
358.1054
358.091
358.0759
358.0604
357.8994
357.8959
357.8902
357.8771
357.8623
357.8467
357.8308
357.5698
357.5635
357.5499
357.5344
357.5181
357.5013
357.1722
357.1576
357.1412
357.1237
357.1057
356.7687
356.751
356.7324
356.7128
356.4553
356.4361
356.4162
356.2448
356.2248
356.1159
356.1558
356.1636
356.1671
356.1633
356.1608
356.1582
356.1556
356.1528
356.1501
356.1473
356.213
356.2163
356.2128
356.2102
356.2076
356.2049
356.2023
356.1995
356.1967
356.1938
356.3262
356.3226
356.3202
356.3175
356.3149
356.3121
356.3094
356.3065
356.3037
356.3007
356.5149
356.5123
356.5097
356.507
356.5043
356.5014
356.4986
356.4956
356.4926
356.4894
356.8088
356.8059
356.8032
356.8003
356.7975
356.7945
356.7915
356.7883
356.7852
356.7788
357.1953
357.1921
357.1892
357.1861
357.1831
357.18
357.177
357.1738
357.1677
357.1534
357.5848
357.5813
357.5783
357.5751
357.5721
357.569
357.566
357.5601
357.5466
357.531
357.9093
357.9057
357.9027
357.8995
357.8965
357.8935
357.8878
357.8747
357.86
357.8444
358.1353
358.1317
358.1286
358.1255
358.1226
358.1169
358.1042
358.0898
358.0747
358.0592
358.2493
358.2456
358.2426
358.2395
358.234
358.2214
358.2072
358.1922
358.1771
358.2468
358.2432
358.2402
358.2345
358.222
358.2077
358.1929
358.1776
358.128
358.1244
358.1188
358.106
358.0916
358.0764
358.0611
357.897
357.8908
357.8777
357.8628
357.8473
357.8313
357.5644
357.5505
357.535
357.5186
357.5019
357.1584
357.1417
357.1243
357.1062
356.7517
356.7328
356.7134
356.4366
356.4165
356.2253
356.164
356.1674
356.1638
356.1612
356.1586
356.1559
356.1533
356.1505
356.1477
356.1448
356.2167
356.2131
356.2106
356.208
356.2054
356.2026
356.1999
356.1971
356.1942
356.1913
356.3231
356.3205
356.318
356.3153
356.3126
356.3098
356.307
356.3041
356.3011
356.2981
356.5128
356.5101
356.5075
356.5047
356.5019
356.499
356.4961
356.493
356.4899
356.4835
356.8066
356.8036
356.8009
356.7979
356.795
356.7919
356.7889
356.7857
356.7793
356.7642
357.1929
357.1897
357.1867
357.1836
357.1806
357.1775
357.1744
357.1682
357.154
357.1375
357.5823
357.5788
357.5758
357.5726
357.5696
357.5665
357.5607
357.547
357.5316
357.5153
357.9068
357.9032
357.9002
357.8971
357.8941
357.8883
357.8753
357.8605
357.845
357.829
358.1328
358.1292
358.1262
358.1231
358.1175
358.1048
358.0904
358.0752
358.0599
358.2468
358.2432
358.2402
358.2345
358.222
358.2077
358.1929
358.1776
358.2444
358.2409
358.2353
358.2226
358.2084
358.1934
358.1783
358.1256
358.1194
358.1067
358.0922
358.0771
358.0616
357.8918
357.8783
357.8635
357.8479
357.832
357.5514
357.5356
357.5193
357.5024
357.1425
357.1248
357.1068
356.7334
356.7138
356.4171
356.1677
356.1641
356.1616
356.159
356.1564
356.1536
356.1509
356.1481
356.1453
356.1424
356.2135
356.211
356.2085
356.2057
356.2031
356.2003
356.1975
356.1946
356.1918
356.1887
356.3209
356.3183
356.3158
356.313
356.3103
356.3074
356.3045
356.3015
356.2985
356.2922
356.5106
356.5079
356.5052
356.5023
356.4995
356.4965
356.4935
356.4904
356.484
356.4686
356.8043
356.8013
356.7985
356.7954
356.7924
356.7893
356.7862
356.7798
356.7647
356.7472
357.1905
357.1872
357.1842
357.1811
357.178
357.1749
357.1688
357.1544
357.138
357.1206
357.5798
357.5763
357.5733
357.5701
357.5671
357.5612
357.5477
357.5321
357.5159
357.4991
357.9043
357.9008
357.8978
357.8946
357.889
357.8759
357.8611
357.8455
357.8297
358.1304
358.1268
358.1238
358.1181
358.1054
358.091
358.0759
358.0604
358.2444
358.2409
358.2353
358.2226
358.2084
358.1934
358.1783
358.2421
358.2359
358.2233
358.209
358.1941
358.1788
358.1206
358.1073
358.0929
358.0777
358.0623
357.8794
357.8641
357.8485
357.8325
357.5365
357.5198
357.5031
357.1256
357.1072
356.7144
356.1644
356.162
356.1594
356.1567
356.1541
356.1513
356.1485
356.1457
356.1428
356.1398
356.2113
356.2088
356.2062
356.2035
356.2007
356.1979
356.1951
356.1921
356.1892
356.183
356.3188
356.3161
356.3135
356.3106
356.3079
356.3049
356.302
356.2989
356.2927
356.2773
356.5084
356.5056
356.5028
356.4999
356.497
356.4939
356.4908
356.4844
356.4691
356.4512
356.8019
356.7989
356.796
356.7929
356.7898
356.7866
356.7803
356.7651
356.7477
356.7289
357.188
357.1847
357.1817
357.1785
357.1754
357.1693
357.155
357.1385
357.1211
357.1031
357.5773
357.5738
357.5708
357.5676
357.5618
357.5482
357.5328
357.5164
357.4997
357.9019
357.8983
357.8953
357.8895
357.8765
357.8616
357.8461
357.8302
358.128
358.1244
358.1188
358.106
358.0916
358.0764
358.0611
358.2421
358.2359
358.2233
358.209
358.1941
358.1788
358.2371
358.2239
358.2097
358.1947
358.1795
358.1085
358.0935
358.0784
358.0628
357.8652
357.8491
357.8332
357.5208
357.5036
357.1081
356.1623
356.1598
356.1572
356.1545
356.1517
356.1489
356.1461
356.1432
356.1403
356.1341
356.2091
356.2065
356.2039
356.2011
356.1983
356.1955
356.1926
356.1896
356.1834
356.168
356.3165
356.3138
356.3111
356.3082
356.3054
356.3024
356.2994
356.2931
356.2777
356.2598
356.5061
356.5032
356.5004
356.4974
356.4944
356.4912
356.4849
356.4695
356.4517
356.4325
356.7995
356.7964
356.7934
356.7903
356.7872
356.7807
356.7657
356.7481
356.7295
356.71
357.1855
357.1821
357.1791
357.1759
357.1698
357.1555
357.1391
357.1216
357.1036
357.5748
357.5713
357.5683
357.5623
357.5488
357.5333
357.517
357.5002
357.8994
357.8959
357.8902
357.8771
357.8623
357.8467
357.8308
358.1256
358.1194
358.1067
358.0922
358.0771
358.0616
358.2371
358.2239
358.2097
358.1947
358.1795
358.2251
358.2103
358.1954
358.1801
358.0947
358.079
358.0635
357.8502
357.8338
357.5046
356.1601
356.1575
356.1549
356.1521
356.1494
356.1465
356.1436
356.1407
356.1345
356.1191
356.2069
356.2042
356.2016
356.1987
356.1959
356.193
356.19
356.1838
356.1685
356.1505
356.3143
356.3115
356.3087
356.3058
356.3029
356.2998
356.2936
356.2781
356.2602
356.241
356.5037
356.5008
356.4979
356.4948
356.4917
356.4853
356.47
356.4521
356.433
356.413
356.797
356.7938
356.7908
356.7876
356.7813
356.7661
356.7487
356.7299
356.7105
357.1829
357.1796
357.1765
357.1703
357.156
357.1396
357.1222
357.1041
357.5723
357.5688
357.5629
357.5493
357.5339
357.5175
357.5008
357.897
357.8908
357.8777
357.8628
357.8473
357.8313
358.1206
358.1073
358.0929
358.0777
358.0623
358.2251
358.2103
358.1954
358.1801
358.2115
358.196
358.1808
358.0801
358.0641
357.8349
356.1578
356.1552
356.1526
356.1497
356.1469
356.144
356.1411
356.1349
356.1196
356.1017
356.2046
356.2019
356.1992
356.1963
356.1934
356.1904
356.1843
356.1689
356.151
356.1318
356.3119
356.3091
356.3063
356.3032
356.3003
356.294
356.2786
356.2606
356.2415
356.2215
356.5013
356.4983
356.4953
356.4921
356.4858
356.4704
356.4526
356.4334
356.4135
356.7945
356.7912
356.7881
356.7817
356.7666
356.7491
356.7304
356.7109
357.1804
357.177
357.1709
357.1565
357.1401
357.1226
357.1047
357.5698
357.5635
357.5499
357.5344
357.5181
357.5013
357.8918
357.8783
357.8635
357.8479
357.832
358.1085
358.0935
358.0784
358.0628
358.2115
358.196
358.1808
358.1972
358.1814
358.0653
356.1555
356.1529
356.1502
356.1473
356.1444
356.1415
356.1354
356.12
356.1021
356.083
356.2023
356.1995
356.1967
356.1938
356.1909
356.1846
356.1693
356.1514
356.1323
356.1123
356.3095
356.3066
356.3037
356.3006
356.2944
356.279
356.2611
356.2419
356.2219
356.4988
356.4957
356.4927
356.4862
356.4709
356.453
356.4339
356.4139
356.7919
356.7886
356.7823
356.7671
356.7496
356.7309
356.7114
357.1778
357.1714
357.1571
357.1406
357.1232
357.1051
357.5644
357.5505
357.535
357.5186
357.5019
357.8794
357.8641
357.8485
357.8325
358.0947
358.079
358.0635
358.1972
358.1814
358.1826
356.1532
356.1505
356.1478
356.1448
356.1419
356.1357
356.1204
356.1025
356.0834
356.0635
356.1999
356.1971
356.1942
356.1912
356.1851
356.1697
356.1518
356.1326
356.1128
356.307
356.3041
356.3011
356.2948
356.2794
356.2615
356.2423
356.2223
356.4962
356.493
356.4867
356.4713
356.4535
356.4343
356.4144
356.7892
356.7827
356.7676
356.75
356.7314
356.7119
357.1722
357.1576
357.1412
357.1237
357.1057
357.5514
357.5356
357.5193
357.5024
357.8652
357.8491
357.8332
358.0801
358.0641
358.1826
356.1508
356.1481
356.1453
356.1423
356.1362
356.1208
356.1029
356.0838
356.064
356.1974
356.1946
356.1917
356.1855
356.1701
356.1522
356.1331
356.1131
356.3045
356.3015
356.2953
356.2798
356.262
356.2427
356.2228
356.4935
356.4871
356.4718
356.4539
356.4348
356.4148
356.7833
356.768
356.7506
356.7318
356.7124
357.1584
357.1417
357.1243
357.1062
357.5365
357.5198
357.5031
357.8502
357.8338
358.0653
356.1484
356.1456
356.1427
356.1365
356.1212
356.1033
356.0842
356.0643
356.1949
356.192
356.1859
356.1705
356.1526
356.1335
356.1136
356.3019
356.2956
356.2803
356.2623
356.2432
356.2232
356.4876
356.4722
356.4544
356.4352
356.4153
356.7687
356.751
356.7324
356.7128
357.1425
357.1248
357.1068
357.5208
357.5036
357.8349
356.1459
356.143
356.137
356.1216
356.1038
356.0846
356.0648
356.1924
356.1862
356.171
356.153
356.1339
356.114
356.2961
356.2806
356.2628
356.2436
356.2236
356.4727
356.4547
356.4357
356.4157
356.7517
356.7328
356.7134
357.1256
357.1072
357.5045
356.1434
356.1373
356.1221
356.1041
356.085
356.0651
356.1866
356.1713
356.1535
356.1343
356.1144
356.2811
356.2632
356.2441
356.224
356.4553
356.436
356.4162
356.7334
356.7138
357.108
356.1376
356.1224
356.1046
356.0854
356.0656
356.1716
356.1538
356.1347
356.1148
356.2636
356.2444
356.2245
356.4366
356.4165
356.7144
356.1227
356.1049
356.0859
356.0659
356.1542
356.1351
356.1152
356.2448
356.2248
356.4171
356.1052
356.0862
356.0664
356.1354
356.1156
356.2253
356.0865
356.0667
356.1159
356.067
)
;

boundaryField
{
    cathodeSides
    {
        type            zeroGradient;
    }
    electrolyteSides
    {
        type            zeroGradient;
    }
    anodeSides
    {
        type            zeroGradient;
    }
    phiI_to_phiI0
    {
        type            zeroGradient;
    }
    procBoundary3to2
    {
        type            processor;
        value           nonuniform List<scalar> 
400
(
356.1272
356.1761
356.1406
356.2856
356.1895
356.1517
356.4779
356.2989
356.2006
356.1599
356.7766
356.491
356.31
356.2088
356.1637
357.1722
356.7887
356.5018
356.3181
356.2126
356.1604
357.5693
357.1822
356.7987
356.5098
356.3219
356.2094
356.1583
357.8993
357.5777
357.1905
356.806
356.5134
356.3187
356.2072
356.1561
358.1292
357.9067
357.5845
357.1962
356.8092
356.5103
356.3166
356.205
356.1539
358.2461
358.136
357.9126
357.5891
357.1983
356.8059
356.5082
356.3145
356.2028
356.1516
358.2461
358.2527
358.1415
357.9165
357.5902
357.1945
356.8037
356.506
356.3122
356.2005
356.1492
358.1292
358.2527
358.258
358.145
357.9171
357.5861
357.1921
356.8015
356.5038
356.31
356.1982
356.1468
357.8993
358.136
358.258
358.2614
358.1454
357.9129
357.5836
357.1897
356.7992
356.5015
356.3076
356.1958
356.1444
357.5693
357.9067
358.1415
358.2614
358.2616
358.1411
357.9103
357.5811
357.1873
356.7969
356.4991
356.3052
356.1934
356.1419
357.1722
357.5777
357.9126
358.145
358.2616
358.2574
358.1386
357.9078
357.5786
357.1848
356.7945
356.4967
356.3027
356.1909
356.1394
356.7766
357.1823
357.5845
357.9165
358.1454
358.2574
358.2548
358.136
357.9053
357.5761
357.1824
356.792
356.4942
356.3002
356.1883
356.1337
356.4779
356.7887
357.1905
357.5891
357.9171
358.1411
358.2548
358.2523
358.1335
357.9028
357.5736
357.1799
356.7894
356.4916
356.2976
356.1825
356.1187
356.2856
356.491
356.7987
357.1963
357.5902
357.9129
358.1386
358.2523
358.2498
358.131
357.9003
357.5711
357.1773
356.7868
356.489
356.2918
356.1676
356.1013
356.1761
356.2989
356.5018
356.806
357.1983
357.5862
357.9103
358.136
358.2498
358.2473
358.1285
357.8978
357.5686
357.1748
356.7842
356.483
356.2768
356.1501
356.0825
356.1272
356.1895
356.31
356.5098
356.8092
357.1945
357.5836
357.9078
358.1335
358.2473
358.2448
358.126
357.8953
357.5661
357.1722
356.7783
356.4681
356.2593
356.1314
356.0631
356.1406
356.2006
356.3181
356.5134
356.8059
357.1921
357.5811
357.9053
358.131
358.2448
358.2423
358.1236
357.8929
357.5636
357.1666
356.7636
356.4507
356.2406
356.1119
356.1517
356.2088
356.3219
356.5103
356.8038
357.1897
357.5786
357.9028
358.1285
358.2423
358.2399
358.1212
357.8904
357.5583
357.1528
356.7466
356.432
356.221
356.1599
356.2126
356.3188
356.5082
356.8015
357.1873
357.5761
357.9003
358.126
358.2399
358.2375
358.1188
357.8853
357.5453
357.1369
356.7284
356.4125
356.1637
356.2094
356.3166
356.506
356.7992
357.1849
357.5736
357.8978
358.1236
358.2375
358.2351
358.1138
357.8728
357.5304
357.12
356.7094
356.1604
356.2072
356.3145
356.5038
356.7969
357.1824
357.5711
357.8953
358.1212
358.2351
358.2302
358.1016
357.8586
357.5146
357.1025
356.1583
356.205
356.3123
356.5015
356.7945
357.1799
357.5686
357.8929
358.1188
358.2302
358.2182
358.0878
357.8436
357.4984
356.1561
356.2028
356.31
356.4991
356.792
357.1773
357.5661
357.8904
358.1138
358.2182
358.2046
358.0733
357.8283
356.1539
356.2005
356.3076
356.4967
356.7895
357.1748
357.5636
357.8853
358.1016
358.2046
358.1903
358.0585
356.1516
356.1982
356.3052
356.4942
356.7868
357.1722
357.5583
357.8728
358.0878
358.1903
358.1757
356.1492
356.1958
356.3028
356.4916
356.7842
357.1666
357.5453
357.8586
358.0733
358.1757
356.1469
356.1934
356.3002
356.489
356.7783
357.1528
357.5304
357.8436
358.0585
356.1444
356.1909
356.2976
356.4831
356.7636
357.1369
357.5146
357.8283
356.1419
356.1883
356.2918
356.4681
356.7466
357.12
357.4984
356.1394
356.1825
356.2768
356.4507
356.7284
357.1025
356.1337
356.1676
356.2593
356.432
356.7094
356.1187
356.1501
356.2406
356.4125
356.1013
356.1314
356.221
356.0826
356.1119
356.0631
)
;
    }
}
)

// processor4

369
(dimensions      [0 0 0 1 0 0 0];

internalField   nonuniform List<scalar> 0();

boundaryField
{
    cathodeSides
    {
        type            zeroGradient;
    }
    electrolyteSides
    {
        type            zeroGradient;
    }
    anodeSides
    {
        type            zeroGradient;
    }
    phiI_to_phiI0
    {
        type            zeroGradient;
    }
}
)

// processor5

369
(dimensions      [0 0 0 1 0 0 0];

internalField   nonuniform List<scalar> 0();

boundaryField
{
    cathodeSides
    {
        type            zeroGradient;
    }
    electrolyteSides
    {
        type            zeroGradient;
    }
    anodeSides
    {
        type            zeroGradient;
    }
    phiI_to_phiI0
    {
        type            zeroGradient;
    }
}
)

// processor6

369
(dimensions      [0 0 0 1 0 0 0];

internalField   nonuniform List<scalar> 0();

boundaryField
{
    cathodeSides
    {
        type            zeroGradient;
    }
    electrolyteSides
    {
        type            zeroGradient;
    }
    anodeSides
    {
        type            zeroGradient;
    }
    phiI_to_phiI0
    {
        type            zeroGradient;
    }
}
)

// processor7

369
(dimensions      [0 0 0 1 0 0 0];

internalField   nonuniform List<scalar> 0();

boundaryField
{
    cathodeSides
    {
        type            zeroGradient;
    }
    electrolyteSides
    {
        type            zeroGradient;
    }
    anodeSides
    {
        type            zeroGradient;
    }
    phiI_to_phiI0
    {
        type            zeroGradient;
    }
}
)
