/*--------------------------------*- C++ -*----------------------------------*\
| =========                 |                                                 |
| \\      /  F ield         | OpenFOAM: The Open Source CFD Toolbox           |
|  \\    /   O peration     | Version:  2306                                  |
|   \\  /    A nd           | Website:  www.openfoam.com                      |
|    \\/     M anipulation  |                                                 |
\*---------------------------------------------------------------------------*/
FoamFile
{
    version     2.0;
    format      binary;
    arch        "LSB;label=32;scalar=64";
    class       decomposedBlockData;
    object      phi;
    data.format     ascii;
    data.class      surfaceScalarField;
}
// * * * * * * * * * * * * * * * * * * * * * * * * * * * * * * * * * * * * * //


// processor0

153219
(FoamFile
{
    version     2.0;
    format      ascii;
    arch        "LSB;label=32;scalar=64";
    class       surfaceScalarField;
    location    "2/air";
    object      phi;
}
dimensions      [0 3 -1 0 0 0 0];

oriented        oriented;

internalField   nonuniform List<scalar> 
11150
(
1.347536e-08
3.084134e-08
1.389526e-08
1.21623e-08
4.298573e-08
1.653468e-08
5.620998e-09
1.957885e-08
5.644825e-09
1.602476e-08
4.29906e-08
1.309248e-08
8.086218e-09
4.480451e-08
1.747782e-08
5.902522e-09
3.28373e-08
9.871086e-09
1.511067e-08
5.937543e-08
1.627836e-08
2.43381e-09
1.505512e-08
2.091186e-09
9.598925e-09
3.286044e-08
6.181732e-09
1.697516e-08
4.480693e-08
9.524122e-09
4.01809e-09
4.50603e-08
1.721366e-08
4.680948e-09
3.685634e-08
9.173753e-09
1.070268e-08
6.303223e-08
1.705695e-08
2.655089e-09
2.747549e-08
5.142748e-09
1.076529e-08
5.672867e-08
1.13579e-08
1.578555e-08
6.304864e-08
1.262405e-08
1.206551e-09
1.291284e-08
9.36478e-10
5.310542e-09
2.7488e-08
2.155673e-09
8.959078e-09
3.688059e-08
5.155514e-09
1.672852e-08
4.505807e-08
5.952596e-09
-4.837907e-19
4.510368e-08
1.712007e-08
2.244151e-09
3.784451e-08
9.656371e-09
5.424921e-09
6.377043e-08
1.692388e-08
1.81974e-09
3.194168e-08
5.752394e-09
7.591825e-09
6.350666e-08
1.187838e-08
1.112827e-08
6.682279e-08
1.309419e-08
1.637037e-09
2.447854e-08
2.567917e-09
6.747945e-09
5.365468e-08
6.784244e-09
1.095474e-08
6.353778e-08
8.880117e-09
1.572366e-08
6.37961e-08
8.03768e-09
6.89953e-10
1.169718e-08
5.262668e-10
2.825937e-09
2.447353e-08
1.126558e-09
5.760818e-09
3.19687e-08
1.309888e-09
9.315993e-09
3.787667e-08
3.027809e-09
1.66549e-08
4.508492e-08
2.429195e-09
-4.01809e-09
4.510368e-08
1.712007e-08
6.593314e-18
3.810586e-08
9.245687e-09
5.631581e-17
6.391097e-08
1.68368e-08
9.418771e-10
3.35177e-08
5.207015e-09
4.007154e-09
6.541582e-08
1.160063e-08
5.642248e-09
6.760908e-08
1.300303e-08
9.53053e-10
2.920766e-08
3.419654e-09
5.483322e-09
6.270106e-08
7.827588e-09
8.35778e-09
7.127398e-08
1.002967e-08
1.108101e-08
6.761793e-08
8.321513e-09
1.171283e-09
2.264738e-08
1.35093e-09
4.357789e-09
5.066969e-08
4.024672e-09
7.557286e-09
6.273036e-08
5.801128e-09
1.05611e-08
6.547541e-08
5.962917e-09
1.566615e-08
6.392663e-08
3.304916e-09
4.21805e-10
1.09317e-08
3.441313e-10
1.576704e-09
2.263552e-08
7.887416e-10
3.519981e-09
2.921655e-08
3.606434e-10
5.19827e-09
3.355175e-08
4.400077e-10
8.836154e-09
3.814098e-08
1.143038e-09
1.666676e-08
4.506828e-08
-1.087922e-09
-9.165049e-12
5.787677e-12
3.386552e-12
-8.086218e-09
4.50603e-08
1.721366e-08
-2.244152e-09
3.810586e-08
9.245687e-09
-5.424921e-09
6.391097e-08
1.68368e-08
-3.109025e-17
3.398032e-08
5.069721e-09
-1.941937e-17
6.58929e-08
1.127566e-08
-7.802049e-18
6.774648e-08
1.293467e-08
4.22943e-10
3.102861e-08
3.02088e-09
2.84061e-09
6.568854e-08
7.581612e-09
4.379989e-09
7.332129e-08
9.870891e-09
5.61997e-09
6.84033e-08
8.262797e-09
9.428322e-10
2.752186e-08
1.915549e-09
3.751226e-09
6.151935e-08
5.212021e-09
6.187596e-09
7.355736e-08
6.919596e-09
8.105638e-09
7.335506e-08
6.753435e-09
1.103604e-08
6.77447e-08
3.409532e-09
8.620753e-10
2.143356e-08
7.744571e-10
2.811393e-09
4.837533e-08
2.413431e-09
5.271179e-09
6.154035e-08
3.468204e-09
7.231956e-09
6.575131e-08
3.497977e-09
1.019133e-08
6.597377e-08
2.568266e-09
1.56739e-08
6.39205e-08
-1.417224e-09
2.866304e-10
1.040112e-08
2.443723e-10
9.248036e-10
2.142182e-08
6.34008e-10
2.05588e-09
2.752007e-08
4.308579e-10
3.068215e-09
3.105308e-08
-2.066469e-10
5.025691e-09
3.403768e-08
-4.784897e-10
8.696095e-09
3.817082e-08
-6.472124e-10
1.67296e-08
4.502381e-08
-4.621129e-09
-1.846062e-11
5.817766e-12
3.495742e-12
-4.677534e-12
7.190427e-12
3.285187e-12
-9.094987e-12
5.800432e-12
6.695715e-12
-1.21623e-08
4.480451e-08
1.747782e-08
-4.680948e-09
3.784451e-08
9.656371e-09
-1.070268e-08
6.377043e-08
1.692388e-08
-9.418772e-10
3.398032e-08
5.069721e-09
-4.007154e-09
6.58929e-08
1.127566e-08
-5.642248e-09
6.774648e-08
1.293467e-08
-3.832079e-17
3.163589e-08
2.769036e-09
-5.056652e-18
6.654456e-08
7.263039e-09
-2.003284e-17
7.379995e-08
9.606558e-09
3.746161e-17
6.853393e-08
8.222606e-09
4.758865e-10
2.950304e-08
1.993865e-09
2.037781e-09
6.532725e-08
5.099559e-09
3.34054e-09
7.690832e-08
6.84662e-09
4.273022e-09
7.539135e-08
6.719942e-09
5.595973e-09
6.852291e-08
3.381937e-09
8.087397e-10
2.638984e-08
1.186461e-09
2.577331e-09
6.017362e-08
3.498776e-09
4.624574e-09
7.461993e-08
4.801218e-09
5.967234e-09
7.69508e-08
4.594515e-09
7.81658e-09
7.385358e-08
3.024897e-09
1.103851e-08
6.773327e-08
-1.485578e-09
6.566209e-10
2.056187e-08
5.025051e-10
1.916011e-09
4.656524e-08
1.595714e-09
3.663858e-09
6.018984e-08
2.159885e-09
5.0415e-09
6.538695e-08
1.86472e-09
6.825586e-09
6.665614e-08
1.022928e-09
1.009324e-08
6.602505e-08
-9.2456e-10
1.573097e-08
6.381822e-08
-6.029893e-09
2.030747e-10
1.001383e-08
1.845944e-10
6.091189e-10
2.055269e-08
5.052932e-10
1.280749e-09
2.63877e-08
4.869616e-10
2.077235e-09
2.952346e-08
-1.1487e-10
2.731944e-09
3.169265e-08
-5.907461e-10
4.941074e-09
3.406618e-08
-1.309889e-09
8.866894e-09
3.797299e-08
-2.452539e-09
1.682915e-08
4.479495e-08
-8.018994e-09
-2.822659e-11
5.870325e-12
3.931842e-12
-9.294912e-12
7.212656e-12
3.237182e-12
-1.819038e-11
5.830214e-12
6.783718e-12
-2.995403e-12
6.882766e-12
3.312822e-12
-4.673479e-12
7.210974e-12
6.564061e-12
-8.983548e-12
5.793597e-12
9.923687e-12
-1.347536e-08
4.298573e-08
1.653468e-08
-5.902522e-09
3.685634e-08
9.173753e-09
-1.511067e-08
6.303223e-08
1.705695e-08
-1.81974e-09
3.35177e-08
5.207015e-09
-7.591825e-09
6.541582e-08
1.160063e-08
-1.112827e-08
6.760908e-08
1.300303e-08
-4.229431e-10
3.163589e-08
2.769036e-09
-2.84061e-09
6.654456e-08
7.263039e-09
-4.379989e-09
7.379995e-08
9.606558e-09
-5.61997e-09
6.853393e-08
8.222606e-09
-2.012392e-17
3.019125e-08
1.921872e-09
-5.880801e-17
6.655642e-08
4.798734e-09
-1.880931e-17
7.780438e-08
6.603738e-09
-2.318311e-17
7.58459e-08
6.571779e-09
-1.620741e-18
6.864946e-08
3.370937e-09
4.441947e-10
2.851863e-08
1.35012e-09
1.424747e-09
6.48367e-08
3.640437e-09
2.577862e-09
7.918298e-08
4.876303e-09
3.240845e-09
8.031725e-08
4.652057e-09
4.123529e-09
7.5863e-08
3.077506e-09
5.596117e-09
6.850944e-08
-1.482983e-09
6.585045e-10
2.556782e-08
8.211211e-10
1.908956e-09
5.899163e-08
2.37851e-09
3.403517e-09
7.501977e-08
3.363938e-09
4.496916e-09
7.922845e-08
3.073808e-09
5.648247e-09
7.789565e-08
1.736359e-09
7.754689e-09
7.389564e-08
-7.922999e-10
1.106879e-08
6.763621e-08
-6.255415e-09
5.083433e-10
1.990908e-08
3.482718e-10
1.397417e-09
4.513951e-08
1.142062e-09
2.544384e-09
5.900862e-08
1.516761e-09
3.655628e-09
6.489062e-08
1.082714e-09
4.64676e-09
6.668503e-08
-7.236211e-11
6.677293e-09
6.675307e-08
-1.431711e-09
1.034241e-08
6.570798e-08
-4.276733e-09
1.57447e-08
6.330257e-08
-1.003381e-08
1.61825e-10
9.708791e-09
1.436089e-10
4.177937e-10
1.99028e-08
4.175451e-10
8.905292e-10
2.556833e-08
4.35434e-10
1.383019e-09
2.854385e-08
8.532005e-11
1.987103e-09
3.025652e-08
-6.632186e-10
2.989258e-09
3.176389e-08
-1.273624e-09
5.141157e-09
3.378287e-08
-2.252956e-09
9.276389e-09
3.724198e-08
-4.158777e-09
1.60219e-08
4.350702e-08
-9.299772e-09
-3.945648e-11
5.951059e-12
5.343949e-12
-1.387041e-11
7.245118e-12
3.224024e-12
-2.735465e-11
5.881829e-12
7.253264e-12
-5.887678e-12
6.894774e-12
3.222578e-12
-9.23671e-12
7.232981e-12
6.417479e-12
-1.782943e-11
5.822917e-12
9.851671e-12
-2.695835e-12
6.223299e-12
3.363953e-12
-3.006807e-12
6.905291e-12
6.640694e-12
-4.667708e-12
7.202664e-12
9.862474e-12
-8.929391e-12
5.785434e-12
1.319042e-11
3.084134e-08
1.389526e-08
-5.620998e-09
3.28373e-08
9.871086e-09
-1.602476e-08
5.937543e-08
1.627836e-08
-2.655089e-09
3.194168e-08
5.752394e-09
-1.076529e-08
6.350666e-08
1.187838e-08
-1.578555e-08
6.682279e-08
1.309419e-08
-9.530531e-10
3.102861e-08
3.02088e-09
-5.483322e-09
6.568854e-08
7.581612e-09
-8.35778e-09
7.332129e-08
9.870891e-09
-1.108101e-08
6.84033e-08
8.262797e-09
-4.758865e-10
3.019125e-08
1.921872e-09
-2.037781e-09
6.655642e-08
4.798734e-09
-3.34054e-09
7.780438e-08
6.603738e-09
-4.273023e-09
7.58459e-08
6.571779e-09
-5.595973e-09
6.864946e-08
3.370937e-09
3.532519e-17
2.928395e-08
1.35267e-09
-5.836455e-17
6.635376e-08
3.552618e-09
-8.195065e-17
8.052164e-08
4.663667e-09
-1.308073e-17
8.117395e-08
4.521012e-09
-2.832029e-17
7.630219e-08
3.046796e-09
1.421563e-17
6.863517e-08
-1.466161e-09
3.766563e-10
2.782022e-08
9.812985e-10
1.103482e-09
6.422284e-08
2.772573e-09
1.934366e-09
8.066466e-08
3.632381e-09
2.531078e-09
8.389293e-08
3.271379e-09
3.073868e-09
8.121788e-08
1.87696e-09
4.090199e-09
7.589769e-08
-6.406711e-10
5.60923e-09
6.842033e-08
-6.24023e-09
5.417156e-10
2.49445e-08
5.908689e-10
1.449419e-09
5.795261e-08
1.810863e-09
2.507241e-09
7.506118e-08
2.378586e-09
3.450768e-09
8.071516e-08
2.087673e-09
4.175624e-09
8.064101e-08
8.063073e-10
5.524664e-09
7.800188e-08
-1.208236e-09
7.953767e-09
7.359777e-08
-4.354223e-09
1.106486e-08
6.712262e-08
-1.048666e-08
4.116713e-10
1.939375e-08
2.662398e-10
1.043324e-09
4.400588e-08
8.583655e-10
1.958906e-09
5.797199e-08
1.113572e-09
2.786559e-09
6.429001e-08
7.184243e-10
3.449846e-09
6.649505e-08
-1.833545e-10
4.495062e-09
6.684703e-08
-1.662322e-09
6.825208e-09
6.619363e-08
-3.584884e-09
1.08534e-08
6.434627e-08
-6.871081e-09
1.519474e-08
6.055232e-08
-1.151262e-08
1.188649e-10
9.425879e-11
3.181421e-10
1.938924e-08
3.399058e-10
6.397124e-10
2.494811e-08
3.993129e-10
9.990146e-10
2.785126e-08
1.307932e-10
1.332709e-09
2.936247e-08
-3.507624e-10
1.629814e-09
3.037936e-08
-9.043075e-10
2.645993e-09
3.136178e-08
-1.491314e-09
4.746449e-09
3.263148e-08
-2.374263e-09
9.330855e-09
3.416383e-08
-4.113795e-09
1.451217e-08
3.436401e-08
1.865085e-10
-5.46761e-11
6.067524e-12
9.220227e-12
-1.86759e-11
7.294487e-12
3.497828e-12
-3.687456e-11
5.960158e-12
8.964882e-12
-8.615993e-12
6.905875e-12
3.085187e-12
-1.360417e-11
7.264713e-12
6.235809e-12
-2.634845e-11
5.873317e-12
9.957059e-12
-5.286621e-12
6.229823e-12
3.266739e-12
-5.880738e-12
6.917146e-12
6.430075e-12
-9.17169e-12
7.224334e-12
9.562629e-12
-1.762498e-11
5.814414e-12
1.285952e-11
-2.819338e-12
5.635639e-12
3.414881e-12
-2.708981e-12
6.244988e-12
6.747588e-12
-3.032276e-12
6.897385e-12
1.001802e-11
-4.702388e-12
7.192643e-12
1.328404e-11
-8.913563e-12
5.754536e-12
1.700995e-11
1.957885e-08
5.644825e-09
4.29906e-08
1.309248e-08
-2.43381e-09
2.747549e-08
5.142748e-09
-9.598925e-09
5.672867e-08
1.13579e-08
-1.697516e-08
6.304864e-08
1.262405e-08
-1.637037e-09
2.920766e-08
3.419654e-09
-6.747945e-09
6.270106e-08
7.827588e-09
-1.095474e-08
7.127398e-08
1.002967e-08
-1.572366e-08
6.761793e-08
8.321513e-09
-9.428323e-10
2.950304e-08
1.993865e-09
-3.751226e-09
6.532725e-08
5.099559e-09
-6.187596e-09
7.690832e-08
6.84662e-09
-8.105638e-09
7.539135e-08
6.719942e-09
-1.103604e-08
6.852291e-08
3.381937e-09
-4.441947e-10
2.928395e-08
1.35267e-09
-1.424747e-09
6.635376e-08
3.552618e-09
-2.577862e-09
8.052164e-08
4.663666e-09
-3.240845e-09
8.117395e-08
4.521012e-09
-4.123529e-09
7.630219e-08
3.046796e-09
-5.596117e-09
6.863517e-08
-1.466161e-09
1.002382e-16
2.865609e-08
1.005576e-09
-6.992254e-17
6.603839e-08
2.774586e-09
-6.215563e-17
8.243498e-08
3.57784e-09
-1.001831e-16
8.519963e-08
3.173491e-09
-1.100495e-17
8.204422e-08
1.857793e-09
-9.501152e-18
7.633353e-08
-5.560947e-10
-1.851672e-17
6.854921e-08
-6.202785e-09
3.253512e-10
2.729834e-08
7.392371e-10
8.743289e-10
6.366847e-08
2.113637e-09
1.48814e-09
8.164936e-08
2.811314e-09
1.98978e-09
8.658716e-08
2.404285e-09
2.362492e-09
8.526732e-08
1.040828e-09
3.007926e-09
8.13115e-08
-1.012437e-09
4.191559e-09
7.562255e-08
-4.070807e-09
5.613182e-09
6.792378e-08
-1.050152e-08
4.638242e-10
2.444705e-08
4.462267e-10
1.137631e-09
5.707026e-08
1.381521e-09
2.028098e-09
7.492905e-08
1.877937e-09
2.724398e-09
8.170815e-08
1.45333e-09
3.279068e-09
8.258301e-08
3.239464e-10
4.042919e-09
8.080909e-08
-1.538534e-09
5.638571e-09
7.744081e-08
-3.847896e-09
8.303855e-09
7.222381e-08
-6.879648e-09
1.085743e-08
6.447427e-08
-1.237805e-08
3.171097e-10
1.734355e-10
8.152725e-10
4.309653e-08
6.804957e-10
1.502595e-09
5.709206e-08
8.786016e-10
2.133204e-09
6.374765e-08
5.263529e-10
2.685554e-09
6.621298e-08
-3.456161e-10
3.340924e-09
6.669049e-08
-1.727022e-09
4.587029e-09
6.600907e-08
-3.401009e-09
6.813394e-09
6.397433e-08
-5.247486e-09
1.050908e-08
5.903223e-08
-6.469992e-09
1.352285e-08
4.775694e-08
1.182413e-10
2.3265e-10
2.326089e-10
4.826875e-10
2.445289e-08
3.537793e-10
7.452482e-10
2.733451e-08
1.726315e-10
9.87486e-10
2.874285e-08
-2.344451e-10
1.293911e-09
2.946445e-08
-7.256961e-10
1.988959e-09
2.985869e-08
-1.383421e-09
3.240787e-09
2.994063e-08
-2.029378e-09
5.185045e-09
2.903623e-08
-2.408965e-09
6.636038e-09
2.360641e-08
6.279965e-11
-8.477902e-12
2.331933e-11
1.175124e-10
-2.455968e-11
7.36787e-12
4.612135e-12
-4.763924e-11
6.065866e-12
1.399246e-11
-1.12609e-11
6.922455e-12
3.041603e-12
-1.778047e-11
7.312279e-12
6.358162e-12
-3.42172e-11
5.94886e-12
1.095997e-11
-7.706291e-12
6.230549e-12
3.110562e-12
-8.497949e-12
6.92772e-12
6.06141e-12
-1.332864e-11
7.25521e-12
9.058177e-12
-2.57363e-11
5.863947e-12
1.233989e-11
-5.540164e-12
5.640008e-12
3.320961e-12
-5.285306e-12
6.25139e-12
6.525216e-12
-5.90429e-12
6.909029e-12
9.658436e-12
-9.202401e-12
7.214126e-12
1.27889e-11
-1.754322e-11
5.783416e-12
1.636116e-11
-3.010912e-12
5.193291e-12
3.460668e-12
-2.830422e-12
5.655736e-12
6.84821e-12
-2.739604e-12
6.237838e-12
1.018599e-11
-3.09322e-12
6.887772e-12
1.354433e-11
-4.764376e-12
7.150467e-12
1.732438e-11
-8.678561e-14
5.136382e-14
1.717858e-11
1.505512e-08
2.091186e-09
3.286044e-08
6.181732e-09
4.480693e-08
9.524122e-09
-1.206551e-09
2.447854e-08
2.567917e-09
-5.310542e-09
5.365468e-08
6.784244e-09
-8.959078e-09
6.353778e-08
8.880117e-09
-1.672852e-08
6.37961e-08
8.03768e-09
-1.171283e-09
2.752186e-08
1.915549e-09
-4.357789e-09
6.151935e-08
5.212021e-09
-7.557286e-09
7.355736e-08
6.919596e-09
-1.05611e-08
7.335506e-08
6.753435e-09
-1.566615e-08
6.77447e-08
3.409532e-09
-8.087397e-10
2.851863e-08
1.35012e-09
-2.577331e-09
6.48367e-08
3.640437e-09
-4.624574e-09
7.918298e-08
4.876303e-09
-5.967234e-09
8.031725e-08
4.652057e-09
-7.81658e-09
7.5863e-08
3.077506e-09
-1.103851e-08
6.850944e-08
-1.482983e-09
-3.766561e-10
2.865609e-08
1.005576e-09
-1.103482e-09
6.603839e-08
2.774586e-09
-1.934366e-09
8.243498e-08
3.57784e-09
-2.531079e-09
8.519963e-08
3.173491e-09
-3.073868e-09
8.204422e-08
1.857793e-09
-4.090199e-09
7.633353e-08
-5.560947e-10
-5.60923e-09
6.854921e-08
-6.202785e-09
2.594064e-17
2.819535e-08
7.871018e-10
1.309057e-16
6.572602e-08
2.195141e-09
-9.799212e-17
8.383286e-08
2.868997e-09
-7.26825e-17
8.836079e-08
2.411166e-09
-9.622667e-17
8.653487e-08
1.050533e-09
-5.571094e-17
8.213074e-08
-9.243781e-10
1.705111e-18
7.606832e-08
-3.874118e-09
-1.455693e-17
6.806069e-08
-1.043963e-08
2.888242e-10
2.68839e-08
5.904388e-10
7.072059e-10
6.31687e-08
1.672245e-09
1.216757e-09
8.231457e-08
2.263992e-09
1.608825e-09
8.867761e-08
1.841833e-09
1.901417e-09
8.845195e-08
6.041671e-10
2.287091e-09
8.542128e-08
-1.303999e-09
3.063448e-09
8.078445e-08
-3.583544e-09
4.354667e-09
7.429057e-08
-6.462791e-09
5.515804e-09
6.527288e-08
-1.218704e-08
3.75666e-10
3.034568e-10
9.312364e-10
5.632803e-08
1.075175e-09
1.624293e-09
7.470974e-08
1.483354e-09
2.218945e-09
8.23832e-08
1.12286e-09
2.658508e-09
8.401151e-08
5.991864e-11
3.175443e-09
8.280781e-08
-1.496546e-09
4.094644e-09
7.994053e-08
-3.525598e-09
5.660825e-09
7.509792e-08
-5.532699e-09
7.912607e-09
6.662893e-08
-6.371783e-09
9.201289e-09
5.027e-08
8.136405e-11
6.246393e-10
4.779077e-10
1.16529e-09
5.635165e-08
7.416784e-10
1.684589e-09
6.325955e-08
4.321315e-10
2.127143e-09
6.592733e-08
-3.205981e-10
2.564693e-09
6.645681e-08
-1.371554e-09
3.336161e-09
6.567271e-08
-2.719084e-09
4.68718e-09
6.322479e-08
-4.066454e-09
6.325625e-09
5.722602e-08
-4.527728e-09
6.986678e-09
4.100193e-08
3.636545e-11
6.2188e-12
2.950882e-11
7.436376e-11
3.494465e-10
2.44665e-10
5.893631e-10
2.692424e-08
1.766101e-10
7.633647e-10
2.829055e-08
-1.357535e-10
9.602068e-10
2.885011e-08
-5.763041e-10
1.253117e-09
2.890471e-08
-1.018623e-09
1.755421e-09
2.830087e-08
-1.489362e-09
2.408199e-09
2.611177e-08
-1.49806e-09
2.341477e-09
1.884935e-08
2.908086e-11
-6.526623e-12
2.373981e-11
4.452978e-11
-1.74015e-11
6.301916e-12
8.119343e-11
-1.424824e-11
6.949951e-12
3.423163e-12
-2.202026e-11
7.374739e-12
7.579545e-12
-4.077067e-11
6.048648e-12
1.458539e-11
-1.001594e-11
6.231319e-12
3.022366e-12
-1.077449e-11
6.943078e-12
5.714047e-12
-1.691295e-11
7.300919e-12
8.642818e-12
-3.260208e-11
5.937531e-12
1.203334e-11
-8.107364e-12
5.63737e-12
3.175451e-12
-7.603988e-12
6.251692e-12
6.125347e-12
-8.442813e-12
6.919107e-12
8.978719e-12
-1.325361e-11
7.244539e-12
1.185532e-11
-2.546504e-11
5.832831e-12
1.506213e-11
-5.929386e-12
5.197021e-12
3.37146e-12
-5.53178e-12
5.659996e-12
6.629484e-12
-5.322998e-12
6.244095e-12
9.813747e-12
-6.006255e-12
6.899347e-12
1.301233e-11
-9.304129e-12
7.172039e-12
1.660084e-11
-1.707697e-13
5.158608e-14
1.652524e-11
-3.172727e-12
4.872105e-12
3.501023e-12
-3.019608e-12
5.211887e-12
6.937373e-12
-2.858928e-12
5.649242e-12
1.033469e-11
-2.805246e-12
6.22909e-12
1.377894e-11
-3.179506e-12
6.844948e-12
1.77079e-11
-4.981927e-14
6.440921e-14
1.749504e-11
-8.426668e-14
4.95949e-14
1.7491e-11
1.291284e-08
9.364779e-10
2.7488e-08
2.155673e-09
3.688059e-08
5.155514e-09
4.505807e-08
5.952596e-09
-6.89953e-10
2.264738e-08
1.35093e-09
-2.825937e-09
5.066969e-08
4.024672e-09
-5.760818e-09
6.273036e-08
5.801128e-09
-9.315993e-09
6.547541e-08
5.962917e-09
-1.66549e-08
6.392663e-08
3.304916e-09
-8.620752e-10
2.638984e-08
1.186461e-09
-2.811393e-09
6.017362e-08
3.498776e-09
-5.271179e-09
7.461993e-08
4.801218e-09
-7.231956e-09
7.69508e-08
4.594515e-09
-1.019133e-08
7.385358e-08
3.024897e-09
-1.56739e-08
6.773327e-08
-1.485578e-09
-6.585043e-10
2.782022e-08
9.812985e-10
-1.908956e-09
6.422284e-08
2.772573e-09
-3.403517e-09
8.066466e-08
3.632381e-09
-4.496916e-09
8.389293e-08
3.271379e-09
-5.648247e-09
8.121788e-08
1.87696e-09
-7.754689e-09
7.589769e-08
-6.406711e-10
-1.106879e-08
6.842033e-08
-6.24023e-09
-3.253512e-10
2.819535e-08
7.871018e-10
-8.743287e-10
6.572602e-08
2.195141e-09
-1.488141e-09
8.383286e-08
2.868997e-09
-1.98978e-09
8.836079e-08
2.411166e-09
-2.362492e-09
8.653487e-08
1.050533e-09
-3.007926e-09
8.213074e-08
-9.243781e-10
-4.191559e-09
7.606832e-08
-3.874118e-09
-5.613183e-09
6.806069e-08
-1.043963e-08
1.93809e-17
2.783597e-08
6.492185e-10
5.225476e-17
6.544256e-08
1.780618e-09
1.179731e-16
8.488438e-08
2.364479e-09
-1.059136e-16
9.091762e-08
1.926053e-09
-9.432881e-17
9.018947e-08
6.642581e-10
-1.138222e-16
8.667888e-08
-1.202065e-09
-5.792597e-17
8.162163e-08
-3.39905e-09
1.957818e-17
7.475891e-08
-6.192263e-09
-3.512388e-18
6.541497e-08
-1.209284e-08
2.409136e-10
4.285227e-10
5.913905e-10
6.273829e-08
1.363616e-09
1.000706e-09
8.27683e-08
1.846582e-09
1.342588e-09
9.033362e-08
1.490002e-09
1.575828e-09
9.103296e-08
3.512287e-10
1.847335e-09
8.866421e-08
-1.298443e-09
2.313394e-09
8.458273e-08
-3.301585e-09
3.060127e-09
7.847549e-08
-5.130524e-09
4.118508e-09
6.866256e-08
-5.989866e-09
4.589934e-09
5.077326e-08
6.40902e-11
7.413349e-10
7.803419e-10
1.313003e-09
7.444073e-08
1.200987e-09
1.82091e-09
8.284741e-08
8.890657e-10
2.200725e-09
8.50944e-08
-2.477089e-11
2.571205e-09
8.428459e-08
-1.409441e-09
3.167446e-09
8.160969e-08
-2.97313e-09
4.089309e-09
7.661575e-08
-4.40606e-09
4.787879e-09
6.693588e-08
-4.234944e-09
4.936743e-09
4.60364e-08
2.586721e-11
7.729591e-12
3.1056e-11
4.903531e-11
8.89135e-10
5.327143e-10
1.364032e-09
6.283846e-08
3.932823e-10
1.714958e-09
6.56694e-08
-2.540903e-10
2.073486e-09
6.61835e-08
-1.149139e-09
2.551827e-09
6.514568e-08
-2.125023e-09
3.219477e-09
6.205202e-08
-2.981388e-09
3.943202e-09
5.457482e-08
-2.907509e-09
2.838052e-09
3.601651e-08
1.418719e-11
-1.005447e-12
3.359636e-11
2.688962e-11
-4.929432e-12
6.317269e-12
5.569347e-11
4.377062e-10
9.976078e-11
6.197439e-10
2.793944e-08
-8.922138e-11
7.477243e-10
2.839906e-08
-4.284914e-10
9.358048e-10
2.821835e-08
-8.199832e-10
1.169105e-09
2.717661e-08
-1.05521e-09
1.336584e-09
2.424763e-08
-9.508925e-10
9.954999e-10
1.634314e-08
2.445547e-11
-4.825551e-12
2.058978e-11
2.289768e-11
-1.052594e-11
7.524772e-12
3.189892e-11
-1.86357e-11
6.217055e-12
5.301008e-11
-1.260757e-11
6.236442e-12
3.31946e-12
-1.274477e-11
6.961488e-12
5.831657e-12
-1.959391e-11
7.359944e-12
9.002858e-12
-3.683215e-11
6.03321e-12
1.29318e-11
-1.060532e-11
5.633063e-12
3.117541e-12
-9.570993e-12
6.251536e-12
5.704793e-12
-1.044875e-11
6.933492e-12
8.130826e-12
-1.649822e-11
7.289198e-12
1.066187e-11
-3.186376e-11
5.906063e-12
1.311171e-11
-8.711329e-12
5.193959e-12
3.240422e-12
-7.983612e-12
5.656979e-12
6.241574e-12
-7.583329e-12
6.244082e-12
9.101866e-12
-8.533024e-12
6.909283e-12
1.196346e-11
-1.33428e-11
7.202809e-12
1.515331e-11
-2.47659e-13
5.202034e-14
1.521386e-11
-6.257304e-12
4.87572e-12
3.415712e-12
-5.912861e-12
5.215512e-12
6.724693e-12
-5.563247e-12
5.653385e-12
9.964487e-12
-5.437014e-12
6.23533e-12
1.323607e-11
-6.167124e-12
6.856711e-12
1.698063e-11
-9.740159e-14
6.455823e-14
1.676733e-11
-1.658847e-13
4.981083e-14
1.683453e-11
-3.293581e-12
4.63555e-12
3.537056e-12
-3.179503e-12
4.889503e-12
7.015921e-12
-3.044934e-12
5.205878e-12
1.046456e-11
-2.923128e-12
5.641264e-12
1.39754e-11
-2.896492e-12
6.189146e-12
1.801293e-11
-3.555116e-14
6.201407e-14
1.788038e-11
-4.906646e-14
6.186877e-14
1.780897e-11
-8.422254e-14
4.898178e-14
1.819222e-11
1.169718e-08
5.262668e-10
2.447353e-08
1.126558e-09
3.19687e-08
1.309888e-09
3.787667e-08
3.027809e-09
4.508492e-08
2.429195e-09
-4.21805e-10
2.143356e-08
7.744571e-10
-1.576704e-09
4.837533e-08
2.413431e-09
-3.519981e-09
6.154035e-08
3.468204e-09
-5.19827e-09
6.575131e-08
3.497977e-09
-8.836154e-09
6.597377e-08
2.568266e-09
-1.666676e-08
6.39205e-08
-1.417224e-09
-6.566208e-10
2.556782e-08
8.211212e-10
-1.916011e-09
5.899163e-08
2.37851e-09
-3.663858e-09
7.501977e-08
3.363938e-09
-5.0415e-09
7.922845e-08
3.073808e-09
-6.825586e-09
7.789565e-08
1.736359e-09
-1.009324e-08
7.389564e-08
-7.923e-10
-1.573097e-08
6.763621e-08
-6.255415e-09
-5.417156e-10
2.729834e-08
7.392371e-10
-1.449419e-09
6.366847e-08
2.113638e-09
-2.507241e-09
8.164936e-08
2.811314e-09
-3.450768e-09
8.658716e-08
2.404285e-09
-4.175624e-09
8.526732e-08
1.040827e-09
-5.524665e-09
8.13115e-08
-1.012437e-09
-7.953767e-09
7.562255e-08
-4.070807e-09
-1.106486e-08
6.792378e-08
-1.050152e-08
-2.888242e-10
2.783597e-08
6.492185e-10
-7.072059e-10
6.544256e-08
1.780618e-09
-1.216757e-09
8.488438e-08
2.364479e-09
-1.608825e-09
9.091762e-08
1.926053e-09
-1.901417e-09
9.018947e-08
6.642581e-10
-2.287091e-09
8.667888e-08
-1.202065e-09
-3.063449e-09
8.162163e-08
-3.39905e-09
-4.354667e-09
7.475891e-08
-6.192263e-09
-5.515804e-09
6.541497e-08
-1.209284e-08
6.024396e-17
4.868886e-10
5.792378e-17
6.520199e-08
1.484145e-09
1.021624e-17
8.569238e-08
1.977767e-09
1.096165e-16
9.302686e-08
1.603203e-09
-1.103889e-16
9.32504e-08
4.482115e-10
-1.72689e-16
9.039098e-08
-1.188977e-09
-1.403121e-16
8.586407e-08
-3.112407e-09
-7.55018e-17
7.934832e-08
-4.891125e-09
1.981744e-17
6.914456e-08
-5.73392e-09
7.280154e-18
5.085545e-08
5.707642e-11
4.817123e-10
1.033228e-09
8.291759e-10
8.308539e-08
1.535251e-09
1.125454e-09
9.166465e-08
1.217482e-09
1.334018e-09
9.316692e-08
2.314977e-10
1.529323e-09
9.130026e-08
-1.229124e-09
1.841697e-09
8.747674e-08
-2.842258e-09
2.299814e-09
8.123297e-08
-4.22852e-09
2.592745e-09
7.014473e-08
-4.347534e-09
2.462726e-09
4.735425e-08
2.175713e-11
4.599509e-12
3.142753e-11
3.598732e-11
1.036728e-09
8.888502e-10
1.512093e-09
8.317388e-08
7.334811e-10
1.842247e-09
8.593379e-08
-6.769204e-11
2.135049e-09
8.54067e-08
-1.19331e-09
2.534985e-09
8.27496e-08
-2.507987e-09
3.026629e-09
7.734682e-08
-3.471956e-09
3.43328e-09
6.633538e-08
-3.238717e-09
2.408813e-09
4.228875e-08
8.32504e-12
2.689253e-13
3.657395e-11
1.919236e-11
-5.795656e-13
6.297751e-12
3.846374e-11
1.059313e-09
2.570935e-10
1.414838e-09
6.545186e-08
-1.762586e-10
1.67467e-09
6.594216e-08
-9.2804e-10
2.011929e-09
6.466061e-08
-1.722596e-09
2.356688e-09
6.09851e-08
-2.220149e-09
2.528485e-09
5.239516e-08
-1.960339e-09
1.553039e-09
3.257021e-08
1.172149e-11
-1.530863e-12
3.15598e-11
1.299816e-11
-5.899903e-12
7.54983e-12
2.108209e-11
-7.42658e-12
6.23756e-12
3.835195e-11
4.633204e-10
-1.205692e-10
6.078946e-10
2.805215e-08
-3.462033e-10
7.093096e-10
2.770848e-08
-6.225293e-10
7.795551e-10
2.636675e-08
-7.824799e-10
8.066481e-10
2.299011e-08
-5.957735e-10
5.306557e-10
1.484233e-08
2.693762e-11
-4.876944e-12
1.790082e-11
1.948216e-11
-6.567754e-12
7.02332e-12
1.726883e-11
-1.112149e-11
7.455517e-12
2.226842e-11
-1.938706e-11
6.175483e-12
2.956893e-11
-1.349545e-11
5.63078e-12
3.508654e-12
-1.117816e-11
6.249065e-12
5.660504e-12
-1.167799e-11
6.950577e-12
7.51095e-12
-1.83237e-11
7.346301e-12
9.636224e-12
-3.505792e-11
6.000662e-12
1.063425e-11
-1.146726e-11
5.189043e-12
3.221702e-12
-1.009751e-11
5.651868e-12
5.854576e-12
-9.329709e-12
6.243381e-12
8.182141e-12
-1.040342e-11
6.923381e-12
1.048543e-11
-1.645654e-11
7.247987e-12
1.300444e-11
-3.084555e-13
5.266639e-14
1.323732e-11
-9.217806e-12
4.873094e-12
3.296538e-12
-8.563094e-12
5.212091e-12
6.355095e-12
-7.94709e-12
5.650123e-12
9.260409e-12
-7.700494e-12
6.235317e-12
1.216087e-11
-8.740279e-12
6.867266e-12
1.550203e-11
-1.398123e-13
6.48391e-14
1.530947e-11
-2.407662e-13
5.023644e-14
1.551264e-11
-6.501862e-12
4.63918e-12
3.454557e-12
-6.234231e-12
4.893015e-12
6.808312e-12
-5.935191e-12
5.209397e-12
1.009897e-11
-5.673003e-12
5.645407e-12
1.343161e-11
-5.609176e-12
6.195607e-12
1.72782e-11
-6.933007e-14
6.207448e-14
1.714932e-11
-9.598731e-14
6.201257e-14
1.707814e-11
-1.658466e-13
4.919627e-14
1.753791e-11
-3.381659e-12
4.455302e-12
3.568707e-12
-3.298986e-12
4.652036e-12
7.086386e-12
-3.202202e-12
4.883844e-12
1.057909e-11
-3.10672e-12
5.198476e-12
1.414464e-11
-3.013439e-12
5.604587e-12
1.825774e-11
-3.305828e-14
5.623812e-14
1.818664e-11
-3.54481e-14
5.937559e-14
1.81946e-11
-4.960013e-14
6.109338e-14
1.85069e-11
-8.344073e-14
4.795023e-14
1.958021e-11
1.09317e-08
3.441313e-10
2.263552e-08
7.887415e-10
2.921655e-08
3.606433e-10
3.355175e-08
4.400076e-10
3.814098e-08
1.143038e-09
4.506828e-08
-1.087922e-09
-2.866304e-10
2.056187e-08
5.025052e-10
-9.248036e-10
4.656524e-08
1.595714e-09
-2.05588e-09
6.018984e-08
2.159885e-09
-3.068215e-09
6.538695e-08
1.86472e-09
-5.025691e-09
6.665614e-08
1.022928e-09
-8.696095e-09
6.602505e-08
-9.2456e-10
-1.67296e-08
6.381822e-08
-6.029893e-09
-5.083433e-10
2.49445e-08
5.908689e-10
-1.397417e-09
5.795261e-08
1.810863e-09
-2.544384e-09
7.506118e-08
2.378586e-09
-3.655628e-09
8.071516e-08
2.087673e-09
-4.64676e-09
8.064101e-08
8.063071e-10
-6.677293e-09
7.800188e-08
-1.208236e-09
-1.034241e-08
7.359777e-08
-4.354223e-09
-1.57447e-08
6.712262e-08
-1.048666e-08
-4.638242e-10
2.68839e-08
5.904388e-10
-1.137631e-09
6.31687e-08
1.672245e-09
-2.028098e-09
8.231457e-08
2.263992e-09
-2.724399e-09
8.867761e-08
1.841833e-09
-3.279068e-09
8.845195e-08
6.04167e-10
-4.042919e-09
8.542128e-08
-1.304e-09
-5.638571e-09
8.078445e-08
-3.583544e-09
-8.303855e-09
7.429057e-08
-6.462791e-09
-1.085743e-08
6.527288e-08
-1.218704e-08
-2.409136e-10
4.868886e-10
-5.913904e-10
6.520199e-08
1.484145e-09
-1.000706e-09
8.569238e-08
1.977767e-09
-1.342588e-09
9.302686e-08
1.603203e-09
-1.575828e-09
9.32504e-08
4.482115e-10
-1.847336e-09
9.039098e-08
-1.188977e-09
-2.313394e-09
8.586407e-08
-3.112407e-09
-3.060127e-09
7.934832e-08
-4.891125e-09
-4.118507e-09
6.914456e-08
-5.73392e-09
-4.589934e-09
5.085545e-08
5.707643e-11
-1.245429e-17
1.151509e-09
1.254731e-16
8.633133e-08
1.679313e-09
2.299574e-17
9.478843e-08
1.347983e-09
8.571549e-17
9.585984e-08
3.361066e-10
-1.168232e-16
9.350851e-08
-1.126644e-09
-2.360279e-16
8.922808e-08
-2.687205e-09
-1.716609e-16
8.255266e-08
-3.975756e-09
-7.117195e-17
7.101066e-08
-4.093321e-09
-7.594872e-18
4.768425e-08
2.028125e-11
7.033152e-19
3.150505e-11
3.034739e-11
6.697612e-10
1.181333e-09
9.512619e-10
9.274961e-08
1.018705e-09
1.138889e-09
9.495305e-08
1.450688e-10
1.294731e-09
9.3485e-08
-1.097133e-09
1.502315e-09
8.974531e-08
-2.438931e-09
1.756067e-09
8.309556e-08
-3.391557e-09
1.866491e-09
7.053351e-08
-2.988747e-09
1.196443e-09
4.428381e-08
5.099517e-12
2.895012e-13
3.742858e-11
1.584662e-11
3.619146e-13
6.275451e-12
2.882706e-11
1.212324e-09
5.184346e-10
1.558631e-09
8.660203e-08
-6.730345e-11
1.796397e-09
8.628003e-08
-1.046296e-09
2.050381e-09
8.354275e-08
-1.999958e-09
2.356338e-09
7.761713e-08
-2.74153e-09
2.380528e-09
6.543994e-08
-2.381408e-09
1.23949e-09
3.939867e-08
5.273835e-12
-3.314108e-13
3.55001e-11
8.263886e-12
-3.438726e-12
7.554224e-12
1.551429e-11
-2.444725e-12
6.227885e-12
2.732441e-11
1.105898e-09
-2.041343e-10
1.38482e-09
6.574013e-08
-7.390456e-10
1.580162e-09
6.421858e-08
-1.340037e-09
1.695031e-09
6.00212e-08
-1.651339e-09
1.719335e-09
5.057379e-08
-1.285196e-09
9.794356e-10
3.01669e-08
1.395597e-11
-1.767974e-12
2.878537e-11
1.143723e-11
-3.833058e-12
7.041707e-12
1.080046e-11
-6.752995e-12
7.471063e-12
1.553524e-11
-9.020191e-12
6.20546e-12
2.191132e-11
4.465572e-10
-3.261207e-10
5.624304e-10
2.73077e-08
-5.026046e-10
5.901795e-10
2.57417e-08
-5.812383e-10
5.19687e-10
2.20805e-08
-3.854365e-10
3.577058e-10
1.38643e-08
3.031953e-11
-5.555898e-12
1.60469e-11
2.091917e-11
-5.911206e-12
6.268104e-12
1.500837e-11
-7.050874e-12
6.97652e-12
1.31708e-11
-1.158218e-11
7.428931e-12
1.439848e-11
-1.98187e-11
6.131968e-12
8.616511e-12
-1.473364e-11
5.185643e-12
3.723536e-12
-1.18682e-11
5.642903e-12
5.906039e-12
-1.032671e-11
6.240542e-12
7.404486e-12
-1.123451e-11
6.940255e-12
8.857323e-12
-1.790638e-11
7.305701e-12
1.026419e-11
-3.346221e-13
5.350346e-14
1.070991e-11
-1.218512e-11
4.868867e-12
3.30972e-12
-1.088857e-11
5.206423e-12
6.016304e-12
-9.81723e-12
5.644626e-12
8.364151e-12
-9.343718e-12
6.234659e-12
1.06303e-11
-1.05866e-11
6.882419e-12
1.326319e-11
-1.720192e-13
6.525196e-14
1.314064e-11
-3.002093e-13
5.087271e-14
1.3511e-11
-9.594471e-12
4.637089e-12
3.343881e-12
-9.049879e-12
4.890043e-12
6.453878e-12
-8.503627e-12
5.205755e-12
9.409213e-12
-8.05372e-12
5.642188e-12
1.235583e-11
-7.928874e-12
6.196283e-12
1.578387e-11
-9.892531e-14
6.217835e-14
1.566116e-11
-1.379081e-13
6.22886e-14
1.561149e-11
-2.408064e-13
4.962187e-14
1.621423e-11
-6.680125e-12
4.458915e-12
3.488414e-12
-6.47409e-12
4.655566e-12
6.882432e-12
-6.249053e-12
4.887253e-12
1.021749e-11
-6.038209e-12
5.201998e-12
1.360212e-11
-5.842697e-12
5.608949e-12
1.751877e-11
-6.443129e-14
5.625331e-14
1.74482e-11
-6.921718e-14
5.943327e-14
1.746077e-11
-9.708265e-14
6.123832e-14
1.777797e-11
-1.643555e-13
4.815792e-14
1.894016e-11
-3.461212e-12
3.595695e-12
-3.386005e-12
4.471102e-12
7.148455e-12
-3.31981e-12
4.646629e-12
1.068244e-11
-3.261968e-12
4.876859e-12
1.429406e-11
-3.195051e-12
5.164504e-12
1.846674e-11
-3.416216e-14
5.098425e-14
1.84324e-11
-3.308023e-14
5.375767e-14
1.850058e-11
-3.617869e-14
5.862329e-14
1.888761e-11
-4.969306e-14
5.980929e-14
1.988077e-11
-8.040024e-14
4.59423e-14
2.188057e-11
1.040112e-08
2.443724e-10
2.142182e-08
6.340081e-10
2.752007e-08
4.308578e-10
3.105308e-08
-2.066471e-10
3.403768e-08
-4.784898e-10
3.817082e-08
-6.472124e-10
4.502381e-08
-4.621129e-09
-2.030747e-10
1.990908e-08
3.482718e-10
-6.091189e-10
4.513951e-08
1.142062e-09
-1.280749e-09
5.900862e-08
1.516761e-09
-2.077235e-09
6.489062e-08
1.082714e-09
-2.731944e-09
6.668503e-08
-7.236231e-11
-4.941074e-09
6.675307e-08
-1.431711e-09
-8.866894e-09
6.570798e-08
-4.276733e-09
-1.682915e-08
6.330257e-08
-1.003381e-08
-4.116714e-10
2.444705e-08
4.462267e-10
-1.043324e-09
5.707026e-08
1.381521e-09
-1.958905e-09
7.492905e-08
1.877937e-09
-2.786559e-09
8.170815e-08
1.45333e-09
-3.449846e-09
8.258301e-08
3.239462e-10
-4.495062e-09
8.080909e-08
-1.538535e-09
-6.825208e-09
7.744081e-08
-3.847896e-09
-1.08534e-08
7.222381e-08
-6.879648e-09
-1.519474e-08
6.447427e-08
-1.237805e-08
-3.756659e-10
4.285227e-10
-9.312364e-10
6.273829e-08
1.363616e-09
-1.624293e-09
8.27683e-08
1.846582e-09
-2.218945e-09
9.033362e-08
1.490002e-09
-2.658509e-09
9.103296e-08
3.512285e-10
-3.175443e-09
8.866421e-08
-1.298443e-09
-4.094645e-09
8.458273e-08
-3.301585e-09
-5.660825e-09
7.847549e-08
-5.130524e-09
-7.912607e-09
6.866256e-08
-5.989866e-09
-9.201289e-09
5.077326e-08
6.409021e-11
-4.817124e-10
1.151509e-09
-8.291757e-10
8.633133e-08
1.679313e-09
-1.125454e-09
9.478843e-08
1.347983e-09
-1.334018e-09
9.585984e-08
3.361066e-10
-1.529323e-09
9.350851e-08
-1.126644e-09
-1.841697e-09
8.922808e-08
-2.687205e-09
-2.299814e-09
8.255266e-08
-3.975756e-09
-2.592746e-09
7.101066e-08
-4.093321e-09
-2.462726e-09
4.768425e-08
2.028124e-11
-4.599508e-12
3.150505e-11
3.034739e-11
-7.476733e-17
1.320334e-09
1.074423e-16
9.62748e-08
1.151807e-09
8.497565e-17
9.810582e-08
2.510504e-10
4.908e-17
9.617246e-08
-1.017637e-09
-1.334291e-16
9.197275e-08
-2.342908e-09
-3.33182e-16
8.486762e-08
-3.202582e-09
-2.461455e-16
7.179943e-08
-2.83452e-09
-1.158752e-16
4.48546e-08
4.091875e-12
-4.499588e-19
3.765429e-11
1.453028e-11
1.233793e-18
6.261837e-12
2.449624e-11
7.776106e-10
7.594353e-10
9.787193e-10
9.646247e-08
1.015971e-10
1.111128e-09
9.53171e-08
-9.837837e-10
1.244626e-09
9.155807e-08
-2.076631e-09
1.384321e-09
8.438269e-08
-2.713102e-09
1.227585e-09
7.039318e-08
-2.044491e-09
6.40419e-10
4.193601e-08
2.351329e-12
-6.449765e-14
3.679206e-11
5.529584e-12
-1.624945e-12
7.553834e-12
1.278958e-11
-5.664032e-13
6.21251e-12
2.078941e-11
1.257578e-09
-1.334932e-10
1.525637e-09
8.697826e-08
-8.885228e-10
1.708015e-09
8.410457e-08
-1.710988e-09
1.779637e-09
7.763554e-08
-2.068777e-09
1.756499e-09
6.433392e-08
-1.634006e-09
7.584937e-10
3.725832e-08
6.841622e-12
-6.433095e-13
3.325271e-11
6.4411e-12
-2.190184e-12
7.048145e-12
7.150144e-12
-4.009202e-12
7.474971e-12
1.156569e-11
-3.676192e-12
6.204124e-12
1.587734e-11
1.071571e-09
-6.505347e-10
1.289233e-09
6.383866e-08
-1.069265e-09
1.375979e-09
5.917672e-08
-1.261095e-09
1.227666e-09
4.909959e-08
-8.633345e-10
7.471486e-10
2.849003e-08
1.667717e-11
-2.203907e-12
2.650822e-11
1.292665e-11
-3.291198e-12
6.281658e-12
9.600874e-12
-4.434177e-12
6.976154e-12
8.713274e-12
-7.372834e-12
7.450558e-12
1.018044e-11
-9.874881e-12
6.167383e-12
6.110967e-12
3.954045e-10
-4.328791e-10
4.559485e-10
2.524798e-08
-4.588418e-10
3.744088e-10
2.139015e-08
-2.591617e-10
2.642922e-10
1.318628e-08
3.300721e-11
-6.18913e-12
1.480594e-11
2.308614e-11
-6.335114e-12
5.647181e-12
1.60448e-11
-6.35284e-12
6.234416e-12
1.181937e-11
-7.484952e-12
6.963714e-12
9.989842e-12
-1.195574e-11
7.384135e-12
7.578244e-12
-2.006674e-13
5.46493e-14
8.512979e-12
-1.575428e-11
4.866212e-12
3.900067e-12
-1.289498e-11
5.196873e-12
6.196256e-12
-1.092509e-11
5.635597e-12
7.655239e-12
-1.001539e-11
6.232328e-12
8.88995e-12
-1.125117e-11
6.900963e-12
1.039808e-11
-1.84792e-13
6.578246e-14
1.036574e-11
-3.263307e-13
5.170202e-14
1.093185e-11
-1.271668e-11
4.633687e-12
3.379962e-12
-1.154946e-11
4.885088e-12
6.154621e-12
-1.055187e-11
5.199743e-12
8.550584e-12
-9.80629e-12
5.636829e-12
1.083076e-11
-9.566255e-12
6.196839e-12
1.351979e-11
-1.201632e-13
6.232944e-14
1.340387e-11
-1.698547e-13
6.269762e-14
1.342284e-11
-3.003362e-13
5.026421e-14
1.419725e-11
-9.869137e-12
4.45717e-12
3.384284e-12
-9.41235e-12
4.653138e-12
6.538786e-12
-8.971629e-12
4.884068e-12
9.539814e-12
-8.594227e-12
5.198403e-12
1.253096e-11
-8.276363e-12
5.606407e-12
1.601494e-11
-9.184716e-14
5.626795e-14
1.594446e-11
-9.893988e-14
5.953803e-14
1.59644e-11
-1.395735e-13
6.151938e-14
1.631148e-11
-2.387224e-13
4.857329e-14
1.76374e-11
-6.841143e-12
3.517243e-12
-6.648769e-12
4.474616e-12
6.947441e-12
-6.483572e-12
4.650058e-12
1.032375e-11
-6.346473e-12
4.880269e-12
1.375289e-11
-6.203088e-12
5.168231e-12
1.772507e-11
-6.664043e-14
5.098363e-14
1.768973e-11
-6.456512e-14
5.37719e-14
1.775946e-11
-7.072332e-14
5.868357e-14
1.815575e-11
-9.731712e-14
5.994979e-14
1.916648e-11
-1.584134e-13
4.613497e-14
2.12731e-11
-3.46458e-12
7.201347e-12
-3.405405e-12
4.465879e-12
1.077377e-11
-3.378134e-12
4.639943e-12
1.442957e-11
-3.34859e-12
4.844934e-12
1.865132e-11
-3.583785e-14
4.699113e-14
1.864218e-11
-3.414463e-14
4.87052e-14
1.874627e-11
-3.385601e-14
5.307225e-14
1.918874e-11
-3.65849e-14
5.739319e-14
2.024551e-11
-4.842106e-14
5.711986e-14
2.215122e-11
-1.696386e-14
9.24627e-15
2.064092e-11
1.001383e-08
1.845943e-10
2.055269e-08
5.052934e-10
2.63877e-08
4.869616e-10
2.952346e-08
-1.148701e-10
3.169265e-08
-5.907463e-10
3.406618e-08
-1.309889e-09
3.797299e-08
-2.452539e-09
4.479495e-08
-8.018994e-09
-1.61825e-10
1.939375e-08
2.662398e-10
-4.177937e-10
4.400588e-08
8.583655e-10
-8.905292e-10
5.797199e-08
1.113572e-09
-1.383019e-09
6.429001e-08
7.184241e-10
-1.987104e-09
6.649505e-08
-1.833548e-10
-2.989258e-09
6.684703e-08
-1.662323e-09
-5.141157e-09
6.619363e-08
-3.584884e-09
-9.276389e-09
6.434627e-08
-6.871081e-09
-1.60219e-08
6.055232e-08
-1.151262e-08
-3.171097e-10
3.034567e-10
-8.152725e-10
5.632803e-08
1.075175e-09
-1.502595e-09
7.470974e-08
1.483353e-09
-2.133204e-09
8.23832e-08
1.12286e-09
-2.685554e-09
8.401151e-08
5.991837e-11
-3.340924e-09
8.280781e-08
-1.496546e-09
-4.587029e-09
7.994053e-08
-3.525598e-09
-6.813394e-09
7.509792e-08
-5.532699e-09
-1.050908e-08
6.662893e-08
-6.371783e-09
-1.352285e-08
5.027e-08
8.136406e-11
-7.413349e-10
1.033228e-09
-1.313002e-09
8.308539e-08
1.535251e-09
-1.82091e-09
9.166465e-08
1.217482e-09
-2.200724e-09
9.316692e-08
2.314978e-10
-2.571205e-09
9.130026e-08
-1.229124e-09
-3.167446e-09
8.747674e-08
-2.842258e-09
-4.089309e-09
8.123297e-08
-4.22852e-09
-4.787879e-09
7.014473e-08
-4.347534e-09
-4.936743e-09
4.735425e-08
2.175712e-11
-7.729589e-12
3.142753e-11
3.598733e-11
-6.697613e-10
1.320334e-09
-9.512616e-10
9.62748e-08
1.151807e-09
-1.138889e-09
9.810582e-08
2.510504e-10
-1.294731e-09
9.617246e-08
-1.017637e-09
-1.502316e-09
9.197275e-08
-2.342908e-09
-1.756067e-09
8.486762e-08
-3.202582e-09
-1.866492e-09
7.179943e-08
-2.83452e-09
-1.196443e-09
4.48546e-08
4.09188e-12
-2.895022e-13
3.765429e-11
1.453028e-11
-3.619122e-13
6.261837e-12
2.449625e-11
-8.666166e-17
8.8192e-10
8.859253e-17
1.000502e-07
1.986815e-10
1.825176e-16
9.846949e-08
-9.167966e-10
4.341533e-17
9.425348e-08
-2.025811e-09
-2.070201e-16
8.659511e-08
-2.644038e-09
-4.495261e-16
7.204789e-08
-2.168267e-09
-3.015992e-16
4.270488e-08
1.255812e-12
8.990051e-19
3.716779e-11
4.573031e-12
-8.126313e-19
7.552469e-12
1.164819e-11
1.762372e-18
6.202319e-12
1.777377e-11
8.044657e-10
-3.044098e-12
9.579003e-10
9.686744e-08
-8.606547e-10
1.056479e-09
9.302492e-08
-1.770407e-09
1.098812e-09
8.528418e-08
-2.25796e-09
1.131995e-09
7.012358e-08
-1.774288e-09
5.371873e-10
4.014024e-08
3.685076e-12
-2.310578e-13
3.489775e-11
3.874699e-12
-1.050961e-12
7.049231e-12
4.915133e-12
-1.892318e-12
7.475435e-12
9.445833e-12
-1.191806e-12
6.193942e-12
1.219569e-11
1.221142e-09
-7.876618e-10
1.431129e-09
8.45137e-08
-1.413963e-09
1.482428e-09
7.753415e-08
-1.684897e-09
1.327309e-09
6.333883e-08
-1.140269e-09
6.913021e-10
3.569111e-08
8.996244e-12
-8.862817e-13
3.123988e-11
7.575187e-12
-1.86656e-12
6.285954e-12
5.796566e-12
-2.624627e-12
6.975732e-12
5.866052e-12
-4.436475e-12
7.458386e-12
7.457733e-12
-4.346262e-12
6.170777e-12
4.416895e-12
9.716261e-10
-8.857715e-10
1.092413e-09
5.846635e-08
-9.762287e-10
9.371543e-10
4.790249e-08
-6.084953e-10
6.019373e-10
2.728182e-08
1.879411e-11
-2.525505e-12
2.483032e-11
1.473613e-11
-3.456747e-12
5.659224e-12
1.069399e-11
-3.890895e-12
6.225643e-12
7.918463e-12
-4.919114e-12
6.966664e-12
6.714057e-12
-7.795539e-12
7.410115e-12
5.061764e-12
-1.060713e-13
5.497949e-14
6.029148e-12
2.962014e-10
-3.649545e-10
2.817157e-10
2.084788e-08
-1.927163e-10
2.071443e-10
1.26891e-08
3.491415e-11
-6.684008e-12
1.395429e-11
2.486179e-11
-6.889491e-12
5.198248e-12
1.756894e-11
-6.752818e-12
5.619707e-12
1.252981e-11
-6.77129e-12
6.228159e-12
9.408495e-12
-7.885334e-12
6.925308e-12
7.445342e-12
-1.300474e-13
6.649403e-14
7.593266e-12
-1.960454e-13
5.283649e-14
8.550989e-12
-1.650484e-11
4.632025e-12
4.033317e-12
-1.374783e-11
4.87661e-12
6.438943e-12
-1.181559e-11
5.190173e-12
7.942132e-12
-1.055856e-11
5.628499e-12
9.116864e-12
-1.01056e-11
6.196525e-12
1.060332e-11
-1.266725e-13
6.251782e-14
1.050816e-11
-1.826523e-13
6.32293e-14
1.060955e-11
-3.263405e-13
5.111128e-14
1.157223e-11
-1.310467e-11
4.454306e-12
3.437758e-12
-1.203983e-11
4.649025e-12
6.267722e-12
-1.116667e-11
4.878773e-12
8.712331e-12
-1.050383e-11
5.192537e-12
1.102124e-11
-1.001627e-11
5.602249e-12
1.373494e-11
-1.113971e-13
5.628731e-14
1.366219e-11
-1.203804e-13
5.969365e-14
1.368872e-11
-1.720011e-13
6.1943e-14
1.411232e-11
-2.977938e-13
4.920677e-14
1.563728e-11
-1.011736e-11
3.418807e-12
-9.676275e-12
4.472541e-12
6.61223e-12
-9.320775e-12
4.647418e-12
9.65462e-12
-9.049014e-12
4.877124e-12
1.268602e-11
-8.806821e-12
5.165276e-12
1.621482e-11
-9.514119e-14
5.096798e-14
1.617648e-11
-9.222202e-14
5.379087e-14
1.62477e-11
-1.012363e-13
5.879615e-14
1.665977e-11
-1.399986e-13
6.022536e-14
1.772455e-11
-2.302287e-13
4.652272e-14
2.002833e-11
-6.806419e-12
7.002601e-12
-6.654244e-12
4.469294e-12
1.041759e-11
-6.577038e-12
4.64337e-12
1.388951e-11
-6.507247e-12
4.848538e-12
1.79079e-11
-6.996966e-14
4.698759e-14
1.789683e-11
-6.669729e-14
4.870446e-14
1.800097e-11
-6.616178e-14
5.308948e-14
1.844973e-11
-7.16e-14
5.745185e-14
1.952767e-11
-9.486461e-14
5.724596e-14
2.147211e-11
-3.343632e-14
9.2824e-15
2.012266e-11
-3.482771e-12
1.085158e-11
-3.462594e-12
4.45941e-12
1.454958e-11
-3.463494e-12
4.609538e-12
1.88191e-11
-3.724958e-14
4.407817e-14
1.882734e-11
-3.575283e-14
4.4885e-14
1.895605e-11
-3.491549e-14
4.808271e-14
1.943109e-11
-3.432929e-14
5.196082e-14
2.053262e-11
-3.597481e-14
5.470365e-14
2.248374e-11
-1.054572e-14
1.155464e-14
2.085858e-11
-1.709249e-14
8.913714e-15
1.959728e-11
9.708791e-09
1.436089e-10
1.99028e-08
4.175451e-10
2.556833e-08
4.354342e-10
2.854385e-08
8.532009e-11
3.025652e-08
-6.632188e-10
3.176389e-08
-1.273624e-09
3.378287e-08
-2.252956e-09
3.724198e-08
-4.158777e-09
4.350702e-08
-9.299772e-09
-1.188649e-10
1.734355e-10
-3.181421e-10
4.309653e-08
6.804958e-10
-6.397123e-10
5.709206e-08
8.786017e-10
-9.990145e-10
6.374765e-08
5.263532e-10
-1.332709e-09
6.621298e-08
-3.456163e-10
-1.629814e-09
6.669049e-08
-1.727022e-09
-2.645993e-09
6.600907e-08
-3.401009e-09
-4.746449e-09
6.397433e-08
-5.247486e-09
-9.330855e-09
5.903223e-08
-6.469992e-09
-1.451217e-08
4.775694e-08
1.182413e-10
-6.246394e-10
7.803418e-10
-1.16529e-09
7.444073e-08
1.200988e-09
-1.684589e-09
8.284741e-08
8.890656e-10
-2.127143e-09
8.50944e-08
-2.47707e-11
-2.564693e-09
8.428459e-08
-1.409441e-09
-3.336161e-09
8.160969e-08
-2.97313e-09
-4.68718e-09
7.661575e-08
-4.40606e-09
-6.325625e-09
6.693588e-08
-4.234944e-09
-6.986678e-09
4.60364e-08
2.58672e-11
-6.218797e-12
3.1056e-11
4.903532e-11
-1.036728e-09
1.181332e-09
-1.512093e-09
9.274961e-08
1.018705e-09
-1.842247e-09
9.495305e-08
1.450687e-10
-2.135049e-09
9.3485e-08
-1.097133e-09
-2.534985e-09
8.974531e-08
-2.438931e-09
-3.02663e-09
8.309556e-08
-3.391557e-09
-3.43328e-09
7.053351e-08
-2.988747e-09
-2.408813e-09
4.428381e-08
5.099533e-12
-2.689264e-13
3.742858e-11
1.584662e-11
5.795684e-13
6.275451e-12
2.882706e-11
-7.776108e-10
8.819199e-10
-9.787191e-10
1.000502e-07
1.986816e-10
-1.111128e-09
9.846949e-08
-9.167966e-10
-1.244625e-09
9.425348e-08
-2.025811e-09
-1.384321e-09
8.659511e-08
-2.644039e-09
-1.227586e-09
7.204789e-08
-2.168267e-09
-6.404196e-10
4.270488e-08
1.25579e-12
6.449917e-14
3.716779e-11
4.573037e-12
1.624943e-12
7.552469e-12
1.164818e-11
5.664066e-13
6.202319e-12
1.777377e-11
-2.366174e-17
7.872493e-11
3.258952e-17
1.0046e-07
-8.128728e-10
2.600868e-16
9.616886e-08
-1.745909e-09
1.012562e-16
8.791694e-08
-2.207715e-09
-8.351763e-17
7.204533e-08
-1.46223e-09
-4.296032e-16
4.110352e-08
1.956125e-12
-6.159785e-18
3.541265e-11
2.819815e-12
2.022036e-18
7.049502e-12
4.044265e-12
-1.156521e-18
7.474805e-12
8.517146e-12
2.294978e-18
6.186213e-12
1.047369e-11
7.816818e-10
-7.853508e-10
8.999328e-10
9.422587e-08
-1.500188e-09
9.134208e-10
8.592288e-08
-1.803173e-09
7.904546e-10
6.968058e-08
-1.239165e-09
2.686592e-10
3.880628e-08
4.929571e-12
-2.556401e-13
3.314484e-11
4.842336e-12
-8.719351e-13
6.286582e-12
3.658111e-12
-1.254491e-12
6.974792e-12
4.067305e-12
-2.097562e-12
7.460832e-12
5.913248e-12
-1.536342e-12
6.163543e-12
3.422232e-12
1.118904e-09
-1.163752e-09
1.219597e-09
7.736437e-08
-1.341295e-09
1.029753e-09
6.244255e-08
-8.533481e-10
6.348316e-10
3.452325e-08
1.080032e-11
-1.005925e-12
2.96862e-11
9.066567e-12
-1.90326e-12
5.663096e-12
6.661828e-12
-2.292721e-12
6.220427e-12
4.974487e-12
-2.974441e-12
6.967658e-12
4.480263e-12
-4.727285e-12
7.420787e-12
3.357792e-12
-4.988719e-14
5.502143e-14
4.360684e-12
7.786026e-10
-7.60134e-10
7.344159e-10
4.693893e-08
-4.487791e-10
4.906394e-10
2.637919e-08
2.023904e-11
-2.785005e-12
2.361423e-11
1.615601e-11
-3.716416e-12
5.21021e-12
1.203606e-11
-4.078456e-12
5.608777e-12
8.665093e-12
-4.380469e-12
6.221336e-12
6.350557e-12
-5.301483e-12
6.931463e-12
4.871592e-12
-8.674337e-14
6.674709e-14
5.069778e-12
-1.040967e-13
5.318417e-14
6.074782e-12
1.706443e-10
-1.384384e-10
1.601395e-10
1.23036e-08
3.626859e-11
-7.049621e-12
1.334429e-11
2.614408e-11
-7.348642e-12
4.878728e-12
1.882298e-11
-7.295782e-12
5.173517e-12
1.353928e-11
-7.156424e-12
5.615828e-12
9.837384e-12
-7.175198e-12
6.195294e-12
7.565773e-12
-9.384716e-14
6.276224e-14
7.496009e-12
-1.289674e-13
6.394299e-14
7.741329e-12
-1.974325e-13
5.227454e-14
9.005027e-12
-1.705263e-11
4.453278e-12
4.137385e-12
-1.437699e-11
4.641762e-12
6.625464e-12
-1.255705e-11
4.870245e-12
8.186462e-12
-1.136665e-11
5.183655e-12
9.355916e-12
-1.062291e-11
5.59594e-12
1.079592e-11
-1.169876e-13
5.630588e-14
1.071552e-11
-1.270464e-13
5.989371e-14
1.075819e-11
-1.849019e-13
6.250627e-14
1.126502e-11
-3.23453e-13
5.005191e-14
1.300395e-11
-1.345589e-11
3.487981e-12
-1.239679e-11
4.468977e-12
6.362745e-12
-1.162444e-11
4.642964e-12
8.849318e-12
-1.108817e-11
4.871959e-12
1.118946e-11
-1.069321e-11
5.160546e-12
1.392278e-11
-1.15663e-13
5.094285e-14
1.387812e-11
-1.120729e-13
5.381958e-14
1.394734e-11
-1.233257e-13
5.896991e-14
1.437521e-11
-1.7262e-13
6.064877e-14
1.554787e-11
-2.874242e-13
4.711769e-14
1.810288e-11
-9.914275e-12
6.674297e-12
-9.574844e-12
4.467007e-12
9.755506e-12
-9.388819e-12
4.640764e-12
1.282597e-11
-9.253147e-12
4.845993e-12
1.63932e-11
-1.000454e-13
4.696722e-14
1.637712e-11
-9.540618e-14
4.869443e-14
1.647976e-11
-9.465477e-14
5.311686e-14
1.693854e-11
-1.026337e-13
5.756409e-14
1.805582e-11
-1.365809e-13
5.749561e-14
2.009546e-11
-4.861306e-14
9.356322e-15
1.905462e-11
-6.808427e-12
1.049705e-11
-6.744652e-12
4.462821e-12
1.401082e-11
-6.734819e-12
4.613147e-12
1.807471e-11
-7.276995e-14
4.407578e-14
1.808027e-11
-6.989484e-14
4.48816e-14
1.820812e-11
-6.828557e-14
4.808491e-14
1.868799e-11
-6.717264e-14
5.197769e-14
1.980772e-11
-7.047386e-14
5.475257e-14
2.179945e-11
-2.068018e-14
1.157713e-14
2.027508e-11
-3.37473e-14
8.947571e-15
1.91817e-11
-3.539061e-12
1.46519e-11
-3.546916e-12
4.430141e-12
1.896775e-11
-3.830386e-14
4.192868e-14
1.899555e-11
-3.710682e-14
4.210498e-14
1.914107e-11
-3.650902e-14
4.431146e-14
1.963821e-11
-3.537728e-14
4.707811e-14
2.076473e-11
-3.384703e-14
4.94788e-14
2.274383e-11
-8.036864e-15
1.110233e-14
2.113534e-11
-1.104923e-14
1.110063e-14
1.97529e-11
-1.753712e-14
8.790491e-15
1.770596e-11
9.425875e-11
1.938924e-08
3.399058e-10
2.494811e-08
3.993129e-10
2.785126e-08
1.307936e-10
2.936247e-08
-3.507625e-10
3.037936e-08
-9.043078e-10
3.136178e-08
-1.491314e-09
3.263148e-08
-2.374263e-09
3.416383e-08
-4.113795e-09
3.436401e-08
1.865086e-10
-2.326501e-10
4.779076e-10
-4.826875e-10
5.635165e-08
7.416786e-10
-7.452482e-10
6.325955e-08
4.321316e-10
-9.874859e-10
6.592733e-08
-3.205978e-10
-1.293911e-09
6.645681e-08
-1.371554e-09
-1.988959e-09
6.567271e-08
-2.719084e-09
-3.240787e-09
6.322479e-08
-4.066454e-09
-5.185045e-09
5.722602e-08
-4.527729e-09
-6.636038e-09
4.100193e-08
3.636544e-11
8.477908e-12
2.950882e-11
7.436377e-11
-8.891351e-10
8.888499e-10
-1.364032e-09
8.317388e-08
7.334815e-10
-1.714958e-09
8.593379e-08
-6.769206e-11
-2.073486e-09
8.54067e-08
-1.19331e-09
-2.551827e-09
8.27496e-08
-2.507988e-09
-3.219477e-09
7.734681e-08
-3.471957e-09
-3.943202e-09
6.633538e-08
-3.238717e-09
-2.838052e-09
4.228875e-08
8.325059e-12
1.005446e-12
3.657395e-11
1.919235e-11
4.929435e-12
6.297751e-12
3.846375e-11
-1.212324e-09
7.59435e-10
-1.558631e-09
9.646247e-08
1.015974e-10
-1.796396e-09
9.53171e-08
-9.837837e-10
-2.050381e-09
9.155807e-08
-2.076631e-09
-2.356339e-09
8.438269e-08
-2.713102e-09
-2.380528e-09
7.039318e-08
-2.044492e-09
-1.23949e-09
4.193601e-08
2.351261e-12
3.314117e-13
3.679206e-11
5.5296e-12
3.438725e-12
7.553834e-12
1.278958e-11
2.444728e-12
6.21251e-12
2.078941e-11
-8.044658e-10
7.872481e-11
-9.579003e-10
1.0046e-07
-8.128727e-10
-1.056479e-09
9.616886e-08
-1.745909e-09
-1.098812e-09
8.791694e-08
-2.207715e-09
-1.131995e-09
7.204533e-08
-1.46223e-09
-5.371882e-10
4.110352e-08
1.956074e-12
2.310447e-13
3.541265e-11
2.819793e-12
1.050965e-12
7.049502e-12
4.044272e-12
1.892315e-12
7.474805e-12
8.517144e-12
1.19181e-12
6.186213e-12
1.04737e-11
7.364249e-17
-7.543915e-10
1.109121e-17
9.778872e-08
-1.500946e-09
3.691123e-16
8.894681e-08
-1.82323e-09
2.329874e-16
7.194605e-08
-1.276554e-09
-3.42329e-17
3.993058e-08
3.627348e-12
-1.344397e-17
3.378289e-11
3.362891e-12
-1.048553e-17
6.286921e-12
2.724884e-12
3.202778e-18
6.974437e-12
3.310165e-12
-1.50993e-18
7.461108e-12
5.214231e-12
2.821574e-18
6.157197e-12
2.964609e-12
7.192704e-10
-1.261652e-09
7.681125e-10
8.638429e-08
-1.473666e-09
6.401175e-10
6.925606e-08
-9.556541e-10
3.827241e-10
3.783125e-08
6.443295e-12
-4.146859e-13
3.177561e-11
5.739095e-12
-8.173311e-13
5.6643e-12
4.393315e-12
-1.078555e-12
6.217424e-12
3.217816e-12
-1.422304e-12
6.967451e-12
3.068211e-12
-2.238915e-12
7.424695e-12
2.346273e-12
-1.889782e-14
5.496388e-14
3.383686e-12
9.198241e-10
-1.038372e-09
8.360927e-10
6.167691e-08
-6.517049e-10
5.308371e-10
3.363104e-08
1.196689e-11
-1.074172e-12
2.852373e-11
1.028751e-11
-1.973816e-12
5.214458e-12
7.790284e-12
-2.356896e-12
5.602013e-12
5.578714e-12
-2.640817e-12
6.216779e-12
4.048518e-12
-3.241829e-12
6.934136e-12
3.103869e-12
-5.290102e-14
6.685346e-14
3.361613e-12
-4.926964e-14
5.324618e-14
4.417875e-12
5.073027e-10
-3.246238e-10
3.939693e-10
2.568398e-08
2.12669e-11
-3.007522e-12
2.271753e-11
1.713827e-11
-3.952903e-12
4.890974e-12
1.310426e-11
-4.367164e-12
5.162966e-12
9.582618e-12
-4.582613e-12
5.60628e-12
6.783375e-12
-4.77281e-12
6.191005e-12
4.944934e-12
-6.456216e-14
6.283986e-14
4.906475e-12
-8.621804e-14
6.422184e-14
5.19478e-12
-1.055953e-13
5.267068e-14
6.518934e-12
9.661592e-11
3.745664e-11
-7.32511e-12
1.288986e-11
2.707229e-11
-7.691302e-12
4.645211e-12
1.973374e-11
-7.747441e-12
4.855297e-12
1.437697e-11
-7.690233e-12
5.170256e-12
1.040692e-11
-7.554306e-12
5.586698e-12
7.735963e-12
-8.785632e-14
5.632247e-14
7.622601e-12
-9.455785e-14
6.015541e-14
7.675814e-12
-1.314015e-13
6.326944e-14
8.294322e-12
-1.96988e-13
5.122144e-14
1.028535e-11
-1.755085e-11
4.230535e-12
-1.483444e-11
4.462514e-12
6.774441e-12
-1.310725e-11
4.635613e-12
8.380449e-12
-1.204063e-11
4.864058e-12
9.565335e-12
-1.139008e-11
5.153581e-12
1.09707e-11
-1.218703e-13
5.090491e-14
1.090839e-11
-1.178548e-13
5.385554e-14
1.096634e-11
-1.301938e-13
5.920543e-14
1.141401e-11
-1.855244e-13
6.122507e-14
1.270392e-11
-3.125595e-13
4.791499e-14
1.554029e-11
-1.271822e-11
6.443444e-12
-1.195766e-11
4.463099e-12
8.967936e-12
-1.152459e-11
4.636423e-12
1.133853e-11
-1.126034e-11
4.841896e-12
1.409223e-11
-1.218956e-13
4.693538e-14
1.406652e-11
-1.162052e-13
4.868026e-14
1.416328e-11
-1.152037e-13
5.316392e-14
1.462959e-11
-1.251843e-13
5.774435e-14
1.579599e-11
-1.685708e-13
5.788447e-14
1.80021e-11
-6.064094e-14
9.470125e-15
1.739361e-11
-9.804176e-12
9.840137e-12
-9.635824e-12
4.46056e-12
1.295086e-11
-9.587007e-12
4.61111e-12
1.655733e-11
-1.041572e-13
4.405858e-14
1.65561e-11
-1.00122e-13
4.486698e-14
1.66805e-11
-9.782967e-14
4.808299e-14
1.716751e-11
-9.625316e-14
5.200701e-14
1.832071e-11
-1.011779e-13
5.48475e-14
2.039194e-11
-2.982016e-14
1.162332e-14
1.908964e-11
-4.918692e-14
9.016936e-15
1.832006e-11
-6.896328e-12
1.411345e-11
-6.900001e-12
4.433723e-12
1.822328e-11
-7.486223e-14
4.192808e-14
1.824753e-11
-7.258259e-14
4.210275e-14
1.839149e-11
-7.145558e-14
4.431082e-14
1.889257e-11
-6.927475e-14
4.708042e-14
2.003583e-11
-6.630002e-14
4.948894e-14
2.205246e-11
-1.577908e-14
1.110964e-14
2.054625e-11
-2.171802e-14
1.11209e-14
1.928228e-11
-3.467072e-14
8.823384e-15
1.740591e-11
-3.622618e-12
1.909454e-11
-3.906284e-14
4.02915e-14
1.914453e-11
-3.811761e-14
4.005506e-14
1.930903e-11
-3.784992e-14
4.156779e-14
1.982069e-11
-3.694499e-14
4.338819e-14
2.096351e-11
-3.485728e-14
4.481617e-14
2.295563e-11
-7.615346e-15
1.00595e-14
2.13479e-11
-8.671428e-15
1.064268e-14
1.996237e-11
-1.165741e-14
1.094861e-14
1.779667e-11
-1.790113e-14
8.716358e-15
1.305164e-11
2.326088e-10
2.445289e-08
3.537794e-10
2.733451e-08
1.726317e-10
2.874285e-08
-2.344447e-10
2.946445e-08
-7.256962e-10
2.985868e-08
-1.383422e-09
2.994063e-08
-2.029379e-09
2.903623e-08
-2.408965e-09
2.360641e-08
6.279964e-11
5.467612e-11
2.331933e-11
1.175124e-10
-3.494466e-10
5.32714e-10
-5.893631e-10
6.283846e-08
3.932827e-10
-7.633646e-10
6.56694e-08
-2.540902e-10
-9.602068e-10
6.61835e-08
-1.149139e-09
-1.253117e-09
6.514568e-08
-2.125023e-09
-1.755421e-09
6.205202e-08
-2.981389e-09
-2.408199e-09
5.457482e-08
-2.907509e-09
-2.341477e-09
3.601651e-08
1.41872e-11
6.52662e-12
3.359636e-11
2.688961e-11
1.740151e-11
6.317269e-12
5.569348e-11
-1.059314e-09
5.184342e-10
-1.414838e-09
8.660203e-08
-6.7303e-11
-1.67467e-09
8.628003e-08
-1.046296e-09
-2.011929e-09
8.354275e-08
-1.999958e-09
-2.356688e-09
7.761713e-08
-2.741531e-09
-2.528486e-09
6.543994e-08
-2.381408e-09
-1.55304e-09
3.939867e-08
5.273717e-12
1.530863e-12
3.55001e-11
8.263906e-12
5.899901e-12
7.554224e-12
1.551428e-11
7.426585e-12
6.227885e-12
2.732442e-11
-1.257578e-09
-3.044403e-12
-1.525637e-09
9.686744e-08
-8.606544e-10
-1.708014e-09
9.302492e-08
-1.770407e-09
-1.779637e-09
8.528418e-08
-2.25796e-09
-1.756499e-09
7.012358e-08
-1.774288e-09
-7.584945e-10
4.014024e-08
3.684921e-12
6.432931e-13
3.489775e-11
3.874635e-12
2.190186e-12
7.049231e-12
4.915151e-12
4.0092e-12
7.475435e-12
9.445828e-12
3.676196e-12
6.193942e-12
1.21957e-11
-7.816817e-10
-7.543916e-10
-8.999328e-10
9.778872e-08
-1.500946e-09
-9.134201e-10
8.894681e-08
-1.82323e-09
-7.904541e-10
7.194605e-08
-1.276554e-09
-2.686592e-10
3.993058e-08
3.627289e-12
2.556113e-13
3.378289e-11
3.362842e-12
8.719135e-13
6.286921e-12
2.724862e-12
1.254497e-12
6.974437e-12
3.310174e-12
2.097559e-12
7.461108e-12
5.21423e-12
1.536347e-12
6.157197e-12
2.964613e-12
1.657309e-16
-1.275681e-09
8.416722e-17
8.976282e-08
-1.509798e-09
5.013369e-16
7.178662e-08
-9.880112e-10
5.55377e-16
3.90517e-08
4.530173e-12
-1.513594e-17
3.251844e-11
4.507119e-12
-2.348904e-17
5.663751e-12
3.182002e-12
-1.478721e-17
6.216408e-12
2.419182e-12
4.569929e-18
6.96732e-12
2.437894e-12
-1.853237e-18
7.425601e-12
1.876843e-12
5.257824e-20
5.491043e-14
2.934906e-12
5.965907e-10
-1.171076e-09
5.352485e-10
6.886191e-08
-7.475437e-10
3.304075e-10
3.708384e-08
7.478877e-12
-3.477783e-13
3.075075e-11
6.772248e-12
-9.078007e-13
5.215702e-12
5.136174e-12
-1.05709e-12
5.598574e-12
3.727927e-12
-1.249907e-12
6.213988e-12
2.634519e-12
-1.552383e-12
6.934771e-12
2.033178e-12
-2.505488e-14
6.689235e-14
2.347981e-12
-1.879009e-14
5.320394e-14
3.448358e-12
6.177826e-10
-4.720463e-10
4.366916e-10
3.293587e-08
1.282889e-11
-1.216932e-12
2.764729e-11
1.108742e-11
-2.053766e-12
4.895828e-12
8.725238e-12
-2.470699e-12
5.156158e-12
6.360087e-12
-2.72382e-12
5.599961e-12
4.39862e-12
-2.913202e-12
6.187723e-12
3.12424e-12
-3.980637e-14
6.287596e-14
3.129183e-12
-5.262158e-14
6.435369e-14
3.466655e-12
-5.037002e-14
5.277866e-14
4.852006e-12
2.697624e-10
2.214851e-11
-3.187138e-12
2.204089e-11
1.785055e-11
-4.146673e-12
4.657708e-12
1.385206e-11
-4.621579e-12
4.84573e-12
1.032589e-11
-4.889234e-12
5.160878e-12
7.304711e-12
-4.983741e-12
5.579334e-12
5.080423e-12
-6.019991e-14
5.630463e-14
4.983473e-12
-6.520942e-14
6.026266e-14
5.053506e-12
-8.812972e-14
6.36146e-14
5.702498e-12
-1.060964e-13
5.165171e-14
7.804277e-12
-7.585112e-12
2.790001e-11
-7.944701e-12
4.466808e-12
2.040359e-11
-8.088165e-12
4.622532e-12
1.499376e-11
-8.135171e-12
4.852086e-12
1.088942e-11
-8.082636e-12
5.143519e-12
7.904446e-12
-9.157952e-14
5.084675e-14
7.791022e-12
-8.894471e-14
5.389733e-14
7.807187e-12
-9.753673e-14
5.952187e-14
8.253005e-12
-1.326616e-13
6.201759e-14
9.662978e-12
-1.906272e-13
4.902593e-14
1.27634e-11
-1.524489e-11
6.90311e-12
-1.35078e-11
4.45652e-12
8.54154e-12
-1.254338e-11
4.629642e-12
9.741018e-12
-1.203015e-11
4.835797e-12
1.113223e-11
-1.288848e-13
4.688943e-14
1.108318e-11
-1.22601e-13
4.866138e-14
1.115891e-11
-1.21217e-13
5.323434e-14
1.16187e-11
-1.322148e-13
5.800121e-14
1.284161e-11
-1.813102e-13
5.842099e-14
1.524286e-11
-6.568979e-14
9.622747e-15
1.516876e-11
-1.225804e-11
9.066938e-12
-1.184212e-11
4.456749e-12
1.147226e-11
-1.168487e-11
4.607781e-12
1.425028e-11
-1.270919e-13
4.403161e-14
1.423645e-11
-1.222057e-13
4.484607e-14
1.435172e-11
-1.193289e-13
4.808613e-14
1.484257e-11
-1.173296e-13
5.206334e-14
1.603645e-11
-1.236082e-13
5.500524e-14
1.821891e-11
-3.683045e-14
1.169597e-14
1.727992e-11
-6.150151e-14
9.123871e-15
1.697187e-11
-9.859166e-12
1.3055e-11
-9.829306e-12
4.432004e-12
1.670543e-11
-1.072357e-13
4.191515e-14
1.672072e-11
-1.04073e-13
4.209101e-14
1.68595e-11
-1.025084e-13
4.430376e-14
1.736585e-11
-9.939888e-14
4.708111e-14
1.85397e-11
-9.517019e-14
4.950676e-14
2.06296e-11
-2.273245e-14
1.112535e-14
1.933226e-11
-3.14307e-14
1.116278e-14
1.832287e-11
-5.062385e-14
8.89064e-15
1.677968e-11
-7.049821e-12
1.834878e-11
-7.636666e-14
4.029192e-14
1.839646e-11
-7.459035e-14
4.005458e-14
1.855854e-11
-7.411868e-14
4.156814e-14
1.90735e-11
-7.239481e-14
4.338778e-14
2.023215e-11
-6.832786e-14
4.481331e-14
2.226028e-11
-1.495443e-14
1.005926e-14
2.075261e-11
-1.70896e-14
1.064842e-14
1.948595e-11
-2.295444e-14
1.096789e-14
1.745548e-11
-3.541638e-14
8.748694e-15
1.288548e-11
-3.976241e-14
1.927159e-11
-3.884386e-14
3.849271e-14
1.945774e-11
-3.885085e-14
3.954489e-14
1.998612e-11
-3.826351e-14
4.070427e-14
2.113841e-11
-3.635935e-14
4.130481e-14
2.313763e-11
-7.826956e-15
9.118503e-15
2.152164e-11
-8.280714e-15
9.632399e-15
2.011947e-11
-9.334546e-15
1.049782e-14
1.793136e-11
-1.21274e-14
1.085751e-14
1.308181e-11
-1.793153e-14
8.611908e-15
3.945649e-11
6.067523e-12
9.220231e-12
2.446648e-10
2.692424e-08
1.766102e-10
2.829055e-08
-1.357534e-10
2.885011e-08
-5.763037e-10
2.890471e-08
-1.018623e-09
2.830087e-08
-1.489363e-09
2.611177e-08
-1.49806e-09
1.884935e-08
2.908088e-11
2.455968e-11
2.373981e-11
4.452977e-11
4.763925e-11
6.301915e-12
8.119345e-11
-4.377062e-10
2.570932e-10
-6.197438e-10
6.545186e-08
-1.762582e-10
-7.477242e-10
6.594216e-08
-9.280398e-10
-9.358048e-10
6.466061e-08
-1.722595e-09
-1.169106e-09
6.09851e-08
-2.220149e-09
-1.336584e-09
5.239516e-08
-1.960339e-09
-9.955e-10
3.25702e-08
1.172132e-11
4.825554e-12
3.15598e-11
1.299817e-11
1.052594e-11
7.549829e-12
2.108208e-11
1.86357e-11
6.23756e-12
3.835196e-11
-1.105898e-09
-1.334935e-10
-1.38482e-09
8.697826e-08
-8.885224e-10
-1.580162e-09
8.410457e-08
-1.710988e-09
-1.695031e-09
7.763554e-08
-2.068777e-09
-1.719336e-09
6.433392e-08
-1.634006e-09
-9.794361e-10
3.725832e-08
6.841353e-12
1.767948e-12
3.325271e-11
6.440992e-12
3.833058e-12
7.048145e-12
7.150166e-12
6.752993e-12
7.47497e-12
1.156569e-11
9.020196e-12
6.204123e-12
1.587735e-11
-1.221142e-09
-7.85351e-10
-1.431129e-09
9.422587e-08
-1.500188e-09
-1.482427e-09
8.592288e-08
-1.803173e-09
-1.327308e-09
6.968058e-08
-1.239165e-09
-6.913022e-10
3.880628e-08
4.929389e-12
8.862452e-13
3.314484e-11
4.842188e-12
1.866535e-12
6.286582e-12
3.658049e-12
2.624629e-12
6.974792e-12
4.067326e-12
4.436472e-12
7.460832e-12
5.913243e-12
4.346267e-12
6.163543e-12
3.42224e-12
-7.192702e-10
-1.275681e-09
-7.681123e-10
8.976282e-08
-1.509798e-09
-6.401166e-10
7.178662e-08
-9.880111e-10
-3.827231e-10
3.90517e-08
4.530181e-12
4.146531e-13
3.251844e-11
4.507062e-12
8.172823e-13
5.663751e-12
3.181955e-12
1.078525e-12
6.216408e-12
2.419162e-12
1.422311e-12
6.96732e-12
2.437904e-12
2.238912e-12
7.425601e-12
1.876842e-12
1.88979e-14
5.491043e-14
2.93491e-12
1.864165e-16
-1.208691e-09
1.893459e-16
7.162406e-08
-7.784614e-10
5.476152e-16
3.840471e-08
5.500548e-12
2.833171e-18
3.157449e-11
5.154465e-12
-2.717703e-17
5.216218e-12
4.060251e-12
-3.323862e-17
5.596591e-12
2.758327e-12
-1.888376e-17
6.212925e-12
1.974206e-12
6.247904e-18
6.934934e-12
1.532976e-12
-3.314963e-20
6.690152e-14
1.877852e-12
5.595002e-20
5.315849e-14
3.003254e-12
4.064474e-10
-5.547265e-10
2.745785e-10
3.650419e-08
8.251505e-12
-4.169682e-13
2.998059e-11
7.478505e-12
-8.814946e-13
4.897204e-12
5.933373e-12
-1.147658e-12
5.152442e-12
4.27475e-12
-1.249935e-12
5.596488e-12
2.924509e-12
-1.384583e-12
6.185502e-12
2.014085e-12
-1.903584e-14
6.288711e-14
2.05424e-12
-2.492575e-14
6.441102e-14
2.439386e-12
-1.93537e-14
5.277017e-14
3.872108e-12
3.18931e-10
1.358065e-11
-1.337682e-12
2.697603e-11
1.168539e-11
-2.161552e-12
4.663089e-12
9.353533e-12
-2.577053e-12
4.839349e-12
7.018566e-12
-2.865213e-12
5.154498e-12
4.843651e-12
-3.007302e-12
5.574134e-12
3.223201e-12
-3.715062e-14
5.628723e-14
3.152952e-12
-4.024109e-14
6.032509e-14
3.249804e-12
-5.385272e-14
6.380768e-14
3.926878e-12
-5.099443e-14
5.17994e-14
6.127372e-12
-3.366355e-12
1.848028e-11
-4.295875e-12
4.479382e-12
1.440562e-11
-4.829483e-12
4.613888e-12
1.085604e-11
-5.154453e-12
4.84361e-12
7.741061e-12
-5.29922e-12
5.136144e-12
5.222129e-12
-6.242661e-14
5.079902e-14
5.116627e-12
-6.113355e-14
5.390983e-14
5.132681e-12
-6.747249e-14
5.96958e-14
5.573661e-12
-8.926162e-14
6.241596e-14
7.037834e-12
-1.030006e-13
4.943258e-14
1.036151e-11
-8.172034e-12
2.099485e-11
-8.339518e-12
4.444688e-12
1.546028e-11
-8.473377e-12
4.619259e-12
1.125724e-11
-8.522977e-12
4.826934e-12
8.064329e-12
-9.657819e-14
4.682121e-14
7.956638e-12
-9.257867e-14
4.863059e-14
7.973533e-12
-9.208001e-14
5.332882e-14
8.384958e-12
-9.967648e-14
5.835793e-14
9.633062e-12
-1.299869e-13
5.91687e-14
1.222546e-11
-4.099486e-14
9.83674e-15
1.273024e-11
-1.386769e-11
8.676596e-12
-1.29095e-11
4.450698e-12
9.895706e-12
-1.250933e-11
4.602706e-12
1.12811e-11
-1.347056e-13
4.3992e-14
1.124482e-11
-1.293748e-13
4.481881e-14
1.133341e-11
-1.25961e-13
4.80994e-14
1.180827e-11
-1.235449e-13
5.215736e-14
1.303325e-11
-1.307001e-13
5.523832e-14
1.535375e-11
-3.951878e-14
1.179713e-14
1.488401e-11
-6.671127e-14
9.267505e-15
1.515267e-11
-1.212891e-11
1.158207e-11
-1.199341e-11
4.429158e-12
1.439714e-11
-1.310059e-13
4.189467e-14
1.439494e-11
-1.272029e-13
4.207438e-14
1.45217e-11
-1.252844e-13
4.429889e-14
1.502878e-11
-1.214219e-13
4.709392e-14
1.623958e-11
-1.162308e-13
4.954907e-14
1.843159e-11
-2.785308e-14
1.115247e-14
1.745223e-11
-3.895887e-14
1.122896e-14
1.685096e-11
-6.339082e-14
8.994241e-15
1.579236e-11
-1.00489e-11
1.68281e-11
-1.094464e-13
4.028149e-14
1.686921e-11
-1.070318e-13
4.004673e-14
1.7024e-11
-1.064256e-13
4.156345e-14
1.754265e-11
-1.04007e-13
4.338335e-14
1.872997e-11
-9.820871e-14
4.480546e-14
2.082832e-11
-2.155134e-14
1.005988e-14
1.952508e-11
-2.476141e-14
1.066109e-14
1.850178e-11
-3.331066e-14
1.100777e-14
1.675654e-11
-5.178659e-14
8.814521e-15
1.253593e-11
-7.775261e-14
1.852225e-11
-7.603088e-14
3.849316e-14
1.870725e-11
-7.610806e-14
3.954683e-14
1.923812e-11
-7.501454e-14
4.070483e-14
2.040563e-11
-7.131883e-14
4.129996e-14
2.243985e-11
-1.537985e-14
9.115847e-15
2.09229e-11
-1.63277e-14
9.631065e-15
1.963793e-11
-1.844452e-14
1.050281e-14
1.758506e-11
-2.39034e-14
1.087606e-14
1.289238e-11
-3.551672e-14
8.643828e-15
-3.951576e-14
1.958453e-11
-3.956902e-14
3.800313e-14
2.013258e-11
-3.924801e-14
3.872565e-14
2.129672e-11
-3.762208e-14
3.875534e-14
2.329763e-11
-8.136524e-15
8.406256e-15
2.167117e-11
-8.490691e-15
8.728017e-15
2.02484e-11
-8.959815e-15
9.501784e-15
1.802887e-11
-9.842082e-15
1.041135e-14
1.313901e-11
-1.227268e-14
1.07118e-14
2.82266e-11
5.951059e-12
5.343952e-12
1.867589e-11
7.36787e-12
4.612132e-12
3.687457e-11
6.065866e-12
1.399246e-11
9.976046e-11
2.793944e-08
-8.922123e-11
2.839906e-08
-4.284911e-10
2.821835e-08
-8.199827e-10
2.717661e-08
-1.05521e-09
2.424763e-08
-9.50893e-10
1.634314e-08
2.445519e-11
1.424825e-11
2.058978e-11
2.28977e-11
2.202026e-11
7.524771e-12
3.189891e-11
4.077068e-11
6.217055e-12
5.30101e-11
-4.633204e-10
-2.041346e-10
-6.078946e-10
6.574013e-08
-7.390452e-10
-7.093095e-10
6.421858e-08
-1.340037e-09
-7.79555e-10
6.00212e-08
-1.651339e-09
-8.066483e-10
5.057379e-08
-1.285196e-09
-5.30656e-10
3.01669e-08
1.395556e-11
4.876893e-12
2.878537e-11
1.143708e-11
6.567756e-12
7.041707e-12
1.080048e-11
1.112149e-11
7.471063e-12
1.553523e-11
1.938707e-11
6.20546e-12
2.191133e-11
-1.071571e-09
-7.876621e-10
-1.289233e-09
8.45137e-08
-1.413962e-09
-1.375979e-09
7.753415e-08
-1.684897e-09
-1.227666e-09
6.333883e-08
-1.140268e-09
-7.471487e-10
3.569111e-08
8.995925e-12
2.203849e-12
3.123988e-11
7.574939e-12
3.291165e-12
6.285954e-12
5.796467e-12
4.434176e-12
6.975732e-12
5.866077e-12
7.372831e-12
7.458386e-12
7.457725e-12
9.874886e-12
6.170777e-12
4.416905e-12
-1.118903e-09
-1.261652e-09
-1.219597e-09
8.638429e-08
-1.473665e-09
-1.029753e-09
6.925606e-08
-9.55654e-10
-6.348308e-10
3.783125e-08
6.443319e-12
1.005883e-12
3.177561e-11
5.738923e-12
1.903204e-12
5.6643e-12
4.393174e-12
2.292689e-12
6.217424e-12
3.217756e-12
2.974444e-12
6.96745e-12
3.068237e-12
4.727281e-12
7.424695e-12
2.346268e-12
4.988725e-14
5.496388e-14
3.383693e-12
-5.965904e-10
-1.208691e-09
-5.352482e-10
7.162406e-08
-7.784614e-10
-3.304065e-10
3.840471e-08
5.500592e-12
3.477844e-13
3.157449e-11
5.154472e-12
9.077436e-13
5.216218e-12
4.060196e-12
1.057022e-12
5.596591e-12
2.758281e-12
1.24987e-12
6.212924e-12
1.974185e-12
1.552394e-12
6.934934e-12
1.532989e-12
2.505482e-14
6.690152e-14
1.87785e-12
1.879018e-14
5.315849e-14
3.003258e-12
8.767526e-17
-5.824375e-10
4.424885e-17
3.790945e-08
6.238807e-12
1.131226e-17
3.087171e-11
5.813374e-12
4.068938e-18
4.897471e-12
4.605138e-12
-3.851441e-17
5.151027e-12
3.371806e-12
-4.255777e-17
5.594574e-12
2.175848e-12
-2.282923e-17
6.184593e-12
1.490888e-12
1.536492e-19
6.289032e-14
1.552237e-12
-3.535723e-20
6.442957e-14
1.962707e-12
6.030826e-20
5.274212e-14
3.420969e-12
2.060573e-10
8.924385e-12
-4.793155e-13
2.939224e-11
8.010911e-12
-9.291055e-13
4.664871e-12
6.493513e-12
-1.151634e-12
4.835543e-12
4.840771e-12
-1.341663e-12
5.150833e-12
3.249693e-12
-1.396073e-12
5.571092e-12
2.084953e-12
-1.769965e-14
5.627316e-14
2.037961e-12
-1.924357e-14
6.03547e-14
2.158041e-12
-2.551779e-14
6.390994e-14
2.86263e-12
-1.973567e-14
5.182303e-14
5.131544e-12
-1.460647e-12
1.221752e-11
-2.246342e-12
4.485138e-12
9.832629e-12
-2.696921e-12
4.607998e-12
7.473746e-12
-2.988603e-12
4.837658e-12
5.232337e-12
-3.162601e-12
5.13083e-12
3.338205e-12
-3.825784e-14
5.076359e-14
3.24972e-12
-3.777688e-14
5.391813e-14
3.275157e-12
-4.169504e-14
5.981906e-14
3.713165e-12
-5.461499e-14
6.266388e-14
5.211533e-12
-4.973421e-14
4.957316e-14
8.723455e-12
-4.430499e-12
1.488895e-11
-4.987429e-12
4.43666e-12
1.126206e-11
-5.370912e-12
4.61168e-12
8.064844e-12
-5.569426e-12
4.820349e-12
5.363714e-12
-6.552675e-14
4.677187e-14
5.255404e-12
-6.33245e-14
4.86121e-14
5.263332e-12
-6.352329e-14
5.340288e-14
5.650579e-12
-6.917079e-14
5.858926e-14
6.907202e-12
-8.759634e-14
5.954918e-14
9.645884e-12
-2.267414e-14
9.911958e-15
1.062482e-11
-8.565543e-12
1.586461e-11
-8.722321e-12
4.441368e-12
1.155239e-11
-8.859225e-12
4.595229e-12
8.207651e-12
-1.007085e-13
4.393262e-14
8.11435e-12
-9.741085e-14
4.477733e-14
8.136298e-12
-9.573481e-14
4.81175e-14
8.546942e-12
-9.443967e-14
5.229394e-14
9.755932e-12
-9.887679e-14
5.557188e-14
1.219228e-11
-2.889404e-14
1.194017e-14
1.224716e-11
-4.240486e-14
9.470111e-15
1.313377e-11
-1.323919e-11
1.002074e-11
-1.2858e-11
4.424736e-12
1.142347e-11
-1.390984e-13
4.186348e-14
1.139389e-11
-1.349886e-13
4.205239e-14
1.149494e-11
-1.326894e-13
4.43015e-14
1.198046e-11
-1.282571e-13
4.713041e-14
1.321293e-11
-1.225567e-13
4.962987e-14
1.551846e-11
-2.945869e-14
1.119399e-14
1.496239e-11
-4.186725e-14
1.132194e-14
1.489183e-11
-6.876323e-14
9.133408e-15
1.444737e-11
-1.227281e-11
1.451538e-11
-1.33828e-13
4.026483e-14
1.45422e-11
-1.309718e-13
4.003594e-14
1.468016e-11
-1.30239e-13
4.156177e-14
1.519687e-11
-1.272898e-13
4.338768e-14
1.641803e-11
-1.201905e-13
4.480839e-14
1.861438e-11
-2.641643e-14
1.006442e-14
1.762276e-11
-3.05159e-14
1.068374e-14
1.697181e-11
-4.139432e-14
1.107091e-14
1.567726e-11
-6.493e-14
8.915586e-15
1.197897e-11
-1.114813e-13
1.699216e-11
-1.091514e-13
3.848748e-14
1.717236e-11
-1.093603e-13
3.954563e-14
1.770488e-11
-1.078626e-13
4.070262e-14
1.88996e-11
-1.026303e-13
4.128831e-14
2.100192e-11
-2.219001e-14
9.11158e-15
1.968747e-11
-2.367647e-14
9.629583e-15
1.86425e-11
-2.683088e-14
1.051398e-14
1.686723e-11
-3.476225e-14
1.091434e-14
1.250184e-11
-5.200431e-14
8.708521e-15
-7.736288e-14
1.883279e-11
-7.753312e-14
3.800588e-14
1.938465e-11
-7.697234e-14
3.872779e-14
2.056318e-11
-7.382891e-14
3.875184e-14
2.259849e-11
-1.59968e-14
8.403362e-15
2.107033e-11
-1.675111e-14
8.724523e-15
1.976404e-11
-1.771607e-14
9.499868e-15
1.767883e-11
-1.947324e-14
1.041569e-14
1.294652e-11
-2.422891e-14
1.072979e-14
-4.023558e-14
2.025734e-11
-3.995367e-14
3.721771e-14
2.143689e-11
-3.85655e-14
3.687705e-14
2.344218e-11
-8.396009e-15
7.887929e-15
2.180262e-11
-8.79199e-15
8.046066e-15
2.035956e-11
-9.172884e-15
8.610082e-15
1.810916e-11
-9.478441e-15
9.423908e-15
1.317741e-11
-1.003145e-14
1.02622e-14
1.846063e-11
5.870324e-12
3.931845e-12
1.38704e-11
7.294486e-12
3.497827e-12
2.735466e-11
5.960157e-12
8.964887e-12
1.126091e-11
6.949949e-12
3.423167e-12
1.778047e-11
7.374739e-12
7.579541e-12
3.42172e-11
6.048648e-12
1.45854e-11
-1.205696e-10
2.805215e-08
-3.462031e-10
2.770848e-08
-6.22529e-10
2.636675e-08
-7.824795e-10
2.299011e-08
-5.957738e-10
1.484233e-08
2.6937e-11
1.260746e-11
1.790082e-11
1.948195e-11
1.274478e-11
7.023319e-12
1.726884e-11
1.959391e-11
7.455517e-12
2.226841e-11
3.683216e-11
6.175482e-12
2.956895e-11
-4.465572e-10
-6.505351e-10
-5.624304e-10
6.383866e-08
-1.069264e-09
-5.901793e-10
5.917672e-08
-1.261095e-09
-5.196869e-10
4.909959e-08
-8.633343e-10
-3.577061e-10
2.849003e-08
1.667668e-11
5.555785e-12
2.650822e-11
1.29263e-11
5.911153e-12
6.281657e-12
9.60074e-12
7.050876e-12
6.976153e-12
8.713282e-12
1.158218e-11
7.450558e-12
1.018043e-11
1.981871e-11
6.167382e-12
6.110976e-12
-9.71626e-10
-1.163752e-09
-1.092413e-09
7.736437e-08
-1.341295e-09
-9.371537e-10
6.244255e-08
-8.533478e-10
-6.019368e-10
3.452325e-08
1.080036e-11
2.525437e-12
2.96862e-11
9.066273e-12
3.456673e-12
5.663096e-12
6.661598e-12
3.890856e-12
6.220426e-12
4.974394e-12
4.919112e-12
6.967658e-12
4.480294e-12
7.795536e-12
7.420786e-12
3.357783e-12
1.060714e-13
5.502143e-14
4.360694e-12
-9.198239e-10
-1.171076e-09
-8.360924e-10
6.886191e-08
-7.475435e-10
-5.308363e-10
3.708384e-08
7.479009e-12
1.074179e-12
3.075075e-11
6.77227e-12
1.97375e-12
5.215703e-12
5.13601e-12
2.356822e-12
5.598574e-12
3.727791e-12
2.640779e-12
6.213988e-12
2.63446e-12
3.241833e-12
6.93477e-12
2.033212e-12
5.290096e-14
6.689235e-14
2.347976e-12
4.92697e-14
5.320394e-14
3.448366e-12
-4.064473e-10
-5.824375e-10
-2.745783e-10
3.790945e-08
6.238851e-12
4.169918e-13
3.087171e-11
5.813418e-12
8.815033e-13
4.897471e-12
4.605144e-12
1.147579e-12
5.151028e-12
3.371754e-12
1.249849e-12
5.594574e-12
2.175802e-12
1.384538e-12
6.184592e-12
1.490865e-12
1.903608e-14
6.289032e-14
1.55225e-12
2.492568e-14
6.442957e-14
1.962705e-12
1.93538e-14
5.274212e-14
3.420973e-12
-1.564078e-16
6.872743e-12
1.142523e-17
3.034165e-11
6.316566e-12
1.980931e-17
4.665261e-12
5.130085e-12
5.501278e-18
4.833831e-12
3.784474e-12
-4.926477e-17
5.149331e-12
2.524419e-12
-5.144418e-17
5.569377e-12
1.544048e-12
-3.902522e-19
5.626708e-14
1.512866e-12
1.680464e-19
6.036709e-14
1.647781e-12
-3.804589e-20
6.395181e-14
2.366472e-12
6.400839e-20
5.18123e-14
4.670185e-12
-5.425666e-13
8.479136e-12
-9.679701e-13
4.487315e-12
6.925518e-12
-1.205884e-12
4.604389e-12
5.249844e-12
-1.364948e-12
4.833978e-12
3.587226e-12
-1.48918e-12
5.127618e-12
2.176618e-12
-1.796063e-14
5.074189e-14
2.106736e-12
-1.800548e-14
5.392173e-14
2.14236e-12
-1.994308e-14
5.989349e-14
2.578253e-12
-2.589029e-14
6.280896e-14
4.101459e-12
-1.934201e-14
4.959583e-14
7.74037e-12
-2.321321e-12
1.025144e-11
-2.789726e-12
4.431139e-12
7.833572e-12
-3.116394e-12
4.606239e-12
5.513972e-12
-3.294526e-12
4.815428e-12
3.462329e-12
-3.987361e-14
4.673484e-14
3.362014e-12
-3.888142e-14
4.860106e-14
3.369505e-12
-3.931911e-14
5.346709e-14
3.734965e-12
-4.281051e-14
5.876905e-14
4.984764e-12
-5.3622e-14
5.978924e-14
7.826789e-12
-1.122389e-14
9.935966e-15
9.177182e-12
-5.129999e-12
1.160864e-11
-5.533953e-12
4.434384e-12
8.33088e-12
-5.789939e-12
4.589474e-12
5.489587e-12
-6.813301e-14
4.388937e-14
5.394921e-12
-6.633181e-14
4.475552e-14
5.399411e-12
-6.574985e-14
4.815514e-14
5.776756e-12
-6.539579e-14
5.242297e-14
6.971827e-12
-6.873535e-14
5.57955e-14
9.50103e-12
-1.966668e-14
1.201072e-14
9.98023e-12
-2.396867e-14
9.540849e-15
1.138699e-11
-8.946801e-12
1.179844e-11
-9.106134e-12
4.418159e-12
8.349076e-12
-1.03893e-13
4.181549e-14
8.256271e-12
-1.013951e-13
4.201822e-14
8.291967e-12
-1.005578e-13
4.430531e-14
8.705305e-12
-9.809264e-14
4.718899e-14
9.906719e-12
-9.402982e-14
4.975679e-14
1.229214e-11
-2.271174e-14
1.125564e-14
1.219914e-11
-3.114792e-14
1.145539e-14
1.271911e-11
-4.447332e-14
9.330295e-15
1.293186e-11
-1.317288e-11
1.153224e-11
-1.422683e-13
4.023867e-14
1.153651e-11
-1.392309e-13
4.002128e-14
1.164395e-11
-1.382589e-13
4.156771e-14
1.214024e-11
-1.348924e-13
4.341233e-14
1.337726e-11
-1.271286e-13
4.483693e-14
1.567741e-11
-2.788687e-14
1.007617e-14
1.509074e-11
-3.239867e-14
1.071968e-14
1.493477e-11
-4.452356e-14
1.116017e-14
1.423e-11
-7.045785e-14
9.050909e-15
1.121002e-11
-1.364275e-13
1.466065e-11
-1.336841e-13
3.847991e-14
1.48274e-11
-1.339807e-13
3.954896e-14
1.535333e-11
-1.321666e-13
4.070956e-14
1.657944e-11
-1.258259e-13
4.128451e-14
1.877633e-11
-2.724981e-14
9.108595e-15
1.777122e-11
-2.921119e-14
9.631074e-15
1.709384e-11
-3.320148e-14
1.053447e-14
1.574537e-11
-4.329087e-14
1.097486e-14
1.189337e-11
-6.530089e-14
8.807505e-15
-1.111096e-13
1.729508e-11
-1.114587e-13
3.800653e-14
1.785121e-11
-1.107535e-13
3.872892e-14
1.905491e-11
-1.063275e-13
3.874301e-14
2.115691e-11
-2.310291e-14
8.398548e-15
1.982976e-11
-2.431491e-14
8.718657e-15
1.876213e-11
-2.57993e-14
9.497258e-15
1.695275e-11
-2.840951e-14
1.042553e-14
1.254544e-11
-3.53048e-14
1.076677e-14
-7.885517e-14
1.950819e-11
-7.837304e-14
3.722065e-14
2.070347e-11
-7.57061e-14
3.687532e-14
2.274226e-11
-1.651301e-14
7.885435e-15
2.120064e-11
-1.735281e-14
8.042455e-15
1.987347e-11
-1.814669e-14
8.606104e-15
1.775707e-11
-1.876817e-14
9.421468e-15
1.298291e-11
-1.988723e-14
1.026608e-14
-4.061089e-14
2.155606e-11
-3.924127e-14
3.544512e-14
2.357027e-11
-8.589966e-15
7.505774e-15
2.192125e-11
-9.0434e-15
7.550712e-15
2.045741e-11
-9.473972e-15
7.937683e-15
1.817847e-11
-9.694165e-15
8.539824e-15
1.3209e-11
-9.677473e-15
9.284446e-15
9.165052e-12
5.817765e-12
3.495745e-12
9.29491e-12
7.245117e-12
3.224023e-12
1.819039e-11
5.881828e-12
7.25327e-12
8.61599e-12
6.922453e-12
3.04161e-12
1.360417e-11
7.312278e-12
6.35816e-12
2.634845e-11
5.94886e-12
1.095997e-11
1.001586e-11
6.23644e-12
3.319425e-12
1.07745e-11
6.961486e-12
5.831666e-12
1.691294e-11
7.359943e-12
9.002854e-12
3.260209e-11
6.03321e-12
1.293181e-11
-3.26121e-10
2.73077e-08
-5.026044e-10
2.57417e-08
-5.812379e-10
2.20805e-08
-3.854363e-10
1.38643e-08
3.031878e-11
1.349519e-11
1.60469e-11
2.091869e-11
1.117806e-11
6.268103e-12
1.500821e-11
1.167799e-11
6.976519e-12
1.317082e-11
1.83237e-11
7.428931e-12
1.439847e-11
3.505793e-11
6.131968e-12
8.616522e-12
-3.954045e-10
-8.857718e-10
-4.559484e-10
5.846635e-08
-9.762282e-10
-3.744086e-10
4.790249e-08
-6.084949e-10
-2.642921e-10
2.728182e-08
1.879418e-11
6.188994e-12
2.483032e-11
1.473571e-11
6.334996e-12
5.659224e-12
1.069368e-11
6.352785e-12
6.225642e-12
7.918346e-12
7.484954e-12
6.966663e-12
6.714062e-12
1.195574e-11
7.410115e-12
5.061749e-12
2.006674e-13
5.497949e-14
6.029157e-12
-7.786025e-10
-1.038372e-09
-7.344157e-10
6.167691e-08
-6.517047e-10
-4.906389e-10
3.363104e-08
1.19671e-11
2.785017e-12
2.852373e-11
1.028755e-11
3.716327e-12
5.214459e-12
7.790012e-12
4.078368e-12
5.602013e-12
5.578498e-12
4.380425e-12
6.216778e-12
4.04843e-12
5.301479e-12
6.934135e-12
3.103909e-12
8.674332e-14
6.685346e-14
3.361604e-12
1.040968e-13
5.324618e-14
4.417885e-12
-6.177825e-10
-5.547265e-10
-4.366914e-10
3.650419e-08
8.251641e-12
1.21696e-12
2.998059e-11
7.478633e-12
2.053777e-12
4.897205e-12
5.933394e-12
2.470612e-12
5.152442e-12
4.274593e-12
2.72373e-12
5.596488e-12
2.924376e-12
2.913158e-12
6.185501e-12
2.014024e-12
3.980643e-14
6.28871e-14
2.054275e-12
5.262151e-14
6.441102e-14
2.43938e-12
5.037008e-14
5.277017e-14
3.872115e-12
-2.060575e-10
6.872733e-12
4.793403e-13
3.034165e-11
6.316608e-12
9.291454e-13
4.665261e-12
5.130128e-12
1.151646e-12
4.833831e-12
3.78448e-12
1.341563e-12
5.149331e-12
2.524368e-12
1.39597e-12
5.569377e-12
1.544002e-12
1.769892e-14
5.626708e-14
1.512843e-12
1.924384e-14
6.036708e-14
1.647794e-12
2.551771e-14
6.395181e-14
2.36647e-12
1.973576e-14
5.18123e-14
4.670189e-12
-2.277361e-18
6.751807e-12
2.038099e-17
4.487917e-12
5.539839e-12
2.837911e-17
4.60269e-12
4.169353e-12
6.808133e-18
4.832272e-12
2.785775e-12
-5.937525e-17
5.126236e-12
1.626975e-12
-8.731164e-19
5.072893e-14
1.564423e-12
-4.128882e-19
5.392434e-14
1.608647e-12
1.841892e-19
5.992927e-14
2.04486e-12
-4.04e-20
6.287382e-14
3.579468e-12
6.545266e-20
4.958524e-14
7.282154e-12
-1.001205e-12
7.298368e-12
-1.249035e-12
4.427738e-12
5.578006e-12
-1.423661e-12
4.602789e-12
3.841977e-12
-1.52201e-12
4.812223e-12
2.287269e-12
-1.889348e-14
4.671165e-14
2.196348e-12
-1.82762e-14
4.859598e-14
2.208643e-12
-1.875184e-14
5.351196e-14
2.557106e-12
-2.048421e-14
5.888705e-14
3.795864e-12
-2.542135e-14
5.992954e-14
6.708498e-12
-4.466827e-15
9.937895e-15
8.301977e-12
-2.872422e-12
8.13912e-12
-3.21439e-12
4.429318e-12
5.754681e-12
-3.42629e-12
4.585046e-12
3.572121e-12
-4.12011e-14
4.385543e-14
3.484163e-12
-4.045558e-14
4.474142e-14
3.479375e-12
-4.045773e-14
4.819505e-14
3.824994e-12
-4.055315e-14
5.254036e-14
4.992357e-12
-4.257215e-14
5.597183e-14
7.578039e-12
-1.208838e-14
1.205431e-14
8.369828e-12
-1.215533e-14
9.563347e-15
1.017036e-11
-5.681344e-12
8.547057e-12
-5.955135e-12
4.412943e-12
5.621721e-12
-7.02724e-14
4.177921e-14
5.519546e-12
-6.88526e-14
4.200079e-14
5.537254e-12
-6.876886e-14
4.433523e-14
5.909075e-12
-6.764522e-14
4.727769e-14
7.086761e-12
-6.525805e-14
4.988481e-14
9.539577e-12
-1.594381e-14
1.129611e-14
9.831273e-12
-2.141273e-14
1.15217e-14
1.083489e-11
-2.561302e-14
9.399069e-15
1.161005e-11
-9.329509e-12
8.451303e-12
-1.06203e-13
4.019771e-14
8.396822e-12
-1.044721e-13
3.999696e-14
8.432548e-12
-1.045272e-13
4.157586e-14
8.857789e-12
-1.028718e-13
4.345424e-14
1.005522e-11
-9.758743e-14
4.489217e-14
1.242042e-11
-2.179665e-14
1.009728e-14
1.227045e-11
-2.541515e-14
1.077532e-14
1.265829e-11
-3.361697e-14
1.128958e-14
1.260778e-11
-4.615326e-14
9.242374e-15
1.032621e-11
-1.451773e-13
1.164527e-11
-1.422861e-13
3.84693e-14
1.178661e-11
-1.424739e-13
3.956068e-14
1.228755e-11
-1.403782e-13
4.073628e-14
1.353055e-11
-1.335157e-13
4.130346e-14
1.582471e-11
-2.884911e-14
9.11038e-15
1.521818e-11
-3.098035e-14
9.639117e-15
1.502204e-11
-3.534659e-14
1.056786e-14
1.424081e-11
-4.66176e-14
1.106049e-14
1.10684e-11
-7.09593e-14
8.939509e-15
-1.361925e-13
1.494562e-11
-1.366696e-13
3.801246e-14
1.549878e-11
-1.358556e-13
3.874042e-14
1.672931e-11
-1.305049e-13
3.874255e-14
1.892352e-11
-2.841256e-14
8.394502e-15
1.790348e-11
-3.004825e-14
8.713359e-15
1.720198e-11
-3.197371e-14
9.497153e-15
1.581708e-11
-3.526688e-14
1.044391e-14
1.191358e-11
-4.406061e-14
1.082507e-14
-1.134041e-13
1.797199e-11
-1.128175e-13
3.722353e-14
1.919513e-11
-1.091026e-13
3.687019e-14
2.129844e-11
-2.386382e-14
7.881364e-15
1.9957e-11
-2.520786e-14
8.036279e-15
1.886736e-11
-2.645063e-14
8.599304e-15
1.702629e-11
-2.741551e-14
9.417781e-15
1.25774e-11
-2.908442e-14
1.027492e-14
-7.967715e-14
2.082145e-11
-7.704794e-14
3.544433e-14
2.287045e-11
-1.689937e-14
7.50374e-15
2.13186e-11
-1.785392e-14
7.547557e-15
1.997039e-11
-1.874885e-14
7.93364e-15
1.782512e-11
-1.920488e-14
8.535396e-15
1.301342e-11
-1.920203e-14
9.281676e-15
-3.987296e-14
2.36788e-11
-8.728303e-15
7.214577e-15
2.202644e-11
-9.231297e-15
7.185686e-15
2.054561e-11
-9.724199e-15
7.449275e-15
1.823973e-11
-9.995661e-15
7.873153e-15
1.323625e-11
-9.892334e-15
8.411938e-15
5.787677e-12
3.386555e-12
4.677533e-12
7.212655e-12
3.237182e-12
9.094989e-12
5.830213e-12
6.783724e-12
5.887675e-12
6.905872e-12
3.08519e-12
9.236708e-12
7.264713e-12
6.235807e-12
1.782943e-11
5.873316e-12
9.957067e-12
7.706236e-12
6.231317e-12
3.022342e-12
8.497946e-12
6.943076e-12
5.714061e-12
1.332863e-11
7.300918e-12
8.642816e-12
2.573631e-11
5.93753e-12
1.203335e-11
1.060515e-11
5.63078e-12
3.50857e-12
9.57092e-12
6.249063e-12
5.660447e-12
1.044876e-11
6.950575e-12
7.510963e-12
1.649822e-11
7.3463e-12
9.636221e-12
3.186377e-11
6.000661e-12
1.063426e-11
-4.328794e-10
2.524798e-08
-4.588416e-10
2.139015e-08
-2.591613e-10
1.318628e-08
3.300732e-11
1.473334e-11
1.480594e-11
2.308557e-11
1.186798e-11
5.647181e-12
1.604441e-11
1.032663e-11
6.234415e-12
1.181924e-11
1.123451e-11
6.963713e-12
9.989853e-12
1.790638e-11
7.384135e-12
7.578234e-12
3.346221e-13
5.46493e-14
8.51299e-12
-2.962013e-10
-7.601341e-10
-2.817156e-10
4.693893e-08
-4.487787e-10
-2.07144e-10
2.637919e-08
2.023935e-11
6.68403e-12
2.361423e-11
1.615607e-11
6.889347e-12
5.210211e-12
1.20357e-11
6.752696e-12
5.608777e-12
8.664813e-12
6.771234e-12
6.221335e-12
6.350453e-12
7.885336e-12
6.931462e-12
4.871591e-12
1.300474e-13
6.674709e-14
5.069762e-12
1.960455e-13
5.318417e-14
6.07479e-12
-5.073026e-10
-4.720464e-10
-3.939691e-10
3.293587e-08
1.282913e-11
3.007565e-12
2.764729e-11
1.108762e-11
3.952917e-12
4.895828e-12
8.725276e-12
4.367059e-12
5.156159e-12
6.359831e-12
4.582514e-12
5.599961e-12
4.398413e-12
4.772763e-12
6.187722e-12
3.124154e-12
6.456195e-14
6.287594e-14
3.129224e-12
8.621798e-14
6.435369e-14
3.466646e-12
1.055954e-13
5.277866e-14
4.852015e-12
-3.189313e-10
8.924358e-12
1.337714e-12
2.939224e-11
8.011041e-12
2.161595e-12
4.664871e-12
6.493638e-12
2.577066e-12
4.835544e-12
4.84079e-12
2.865107e-12
5.150834e-12
3.249539e-12
3.007199e-12
5.571092e-12
2.084818e-12
3.715e-14
5.627315e-14
2.037901e-12
4.024114e-14
6.035469e-14
2.158076e-12
5.385264e-14
6.390994e-14
2.862624e-12
5.09945e-14
5.182303e-14
5.131551e-12
5.425622e-13
6.751798e-12
9.680127e-13
4.487917e-12
5.53988e-12
1.20594e-12
4.60269e-12
4.169398e-12
1.364962e-12
4.832272e-12
2.785781e-12
1.48906e-12
5.126237e-12
1.626925e-12
1.795893e-14
5.072893e-14
1.564376e-12
1.800471e-14
5.392434e-14
1.608625e-12
1.994337e-14
5.992927e-14
2.044873e-12
2.589021e-14
6.287382e-14
3.579465e-12
1.93421e-14
4.958524e-14
7.282157e-12
-4.031115e-18
5.888246e-12
2.885334e-17
4.426126e-12
4.481681e-12
3.693169e-17
4.60113e-12
3.026358e-12
7.960044e-18
4.81068e-12
1.72799e-12
-9.933114e-19
4.670145e-14
1.644976e-12
-9.224628e-19
4.859128e-14
1.658053e-12
-4.420048e-19
5.353619e-14
1.999204e-12
1.987217e-19
5.894617e-14
3.231577e-12
-4.178651e-20
5.999141e-14
6.179502e-12
1.563713e-20
9.934481e-15
7.892453e-12
-1.286681e-12
5.85238e-12
-1.469735e-12
4.426083e-12
4.064097e-12
-1.583035e-12
4.582076e-12
2.38666e-12
-1.92794e-14
4.38323e-14
2.305226e-12
-1.918872e-14
4.473391e-14
2.296412e-12
-1.904482e-14
4.822762e-14
2.618829e-12
-1.935522e-14
5.262587e-14
3.757974e-12
-2.037232e-14
5.608607e-14
6.377112e-12
-5.738639e-15
1.207904e-14
7.374798e-12
-4.945983e-15
9.565202e-15
9.426427e-12
-3.302175e-12
5.94716e-12
-3.526818e-12
4.408868e-12
3.695575e-12
-4.249567e-14
4.174956e-14
3.592804e-12
-4.17439e-14
4.198845e-14
3.600095e-12
-4.205011e-14
4.436812e-14
3.931721e-12
-4.172054e-14
4.736664e-14
5.071364e-12
-4.051251e-14
5.000252e-14
7.558341e-12
-9.926823e-15
1.132785e-14
8.128036e-12
-1.322097e-14
1.156369e-14
9.48191e-12
-1.324576e-14
9.420969e-15
1.067183e-11
-6.104879e-12
5.711315e-12
-7.185042e-14
4.016558e-14
5.650949e-12
-7.092479e-14
3.998508e-14
5.660949e-12
-7.129144e-14
4.160676e-14
6.04469e-12
-7.065454e-14
4.353168e-14
7.210075e-12
-6.746611e-14
4.498308e-14
9.631606e-12
-1.530132e-14
1.011954e-14
9.847526e-12
-1.80143e-14
1.081291e-14
1.068973e-11
-2.330917e-14
1.135429e-14
1.118229e-11
-2.695476e-14
9.30808e-15
9.542052e-12
-1.083287e-13
8.497938e-12
-1.066977e-13
3.845069e-14
8.572307e-12
-1.075976e-13
3.957636e-14
8.995906e-12
-1.067974e-13
4.078029e-14
1.019995e-11
-1.021942e-13
4.134452e-14
1.254935e-11
-2.255848e-14
9.117668e-15
1.237053e-11
-2.463385e-14
9.65662e-15
1.269869e-11
-2.810824e-14
1.062114e-14
1.254312e-11
-3.557766e-14
1.118538e-14
1.012939e-11
-4.680807e-14
9.126042e-15
-1.451004e-13
1.189503e-11
-1.455044e-13
3.802701e-14
1.242878e-11
-1.445372e-13
3.877183e-14
1.367169e-11
-1.387901e-13
3.876444e-14
1.596358e-11
-3.016531e-14
8.394767e-15
1.53375e-11
-3.195208e-14
8.712404e-15
1.511276e-11
-3.402232e-14
9.5034e-15
1.428721e-11
-3.763869e-14
1.047442e-14
1.105731e-11
-4.75355e-14
1.090741e-14
-1.391658e-13
1.561512e-11
-1.385036e-13
3.723733e-14
1.686886e-11
-1.340511e-13
3.687471e-14
1.905975e-11
-2.937425e-14
7.87823e-15
1.802415e-11
-3.118788e-14
8.030267e-15
1.729903e-11
-3.283027e-14
8.592696e-15
1.588227e-11
-3.409327e-14
9.41599e-15
1.193811e-11
-3.620517e-14
1.02916e-14
-1.147381e-13
1.931037e-11
-1.110816e-13
3.54412e-14
2.142651e-11
-2.443593e-14
7.500553e-15
2.007303e-11
-2.594849e-14
7.542232e-15
1.896182e-11
-2.734605e-14
7.926634e-15
1.709129e-11
-2.80775e-14
8.527676e-15
1.26054e-11
-2.812082e-14
9.27727e-15
-7.830202e-14
2.297775e-11
-1.717424e-14
7.212803e-15
2.142388e-11
-1.822907e-14
7.183017e-15
2.005803e-11
-1.924828e-14
7.445715e-15
1.788572e-11
-1.98085e-14
7.868706e-15
1.303998e-11
-1.963754e-14
8.407256e-15
-8.859103e-15
2.211522e-11
-9.364367e-15
6.907374e-15
2.062393e-11
-9.911241e-15
7.089342e-15
1.829489e-11
-1.024544e-14
7.388903e-15
1.326066e-11
-1.019092e-14
7.755043e-15
7.190426e-12
3.285186e-12
5.800432e-12
6.695721e-12
2.995401e-12
6.894771e-12
3.222579e-12
4.673478e-12
7.232981e-12
6.417477e-12
8.983551e-12
5.822916e-12
9.851679e-12
5.286586e-12
6.230546e-12
3.110542e-12
5.880734e-12
6.927718e-12
6.061416e-12
9.171688e-12
7.25521e-12
9.058173e-12
1.762498e-11
5.863946e-12
1.23399e-11
8.107247e-12
5.633063e-12
3.117482e-12
7.603935e-12
6.251534e-12
5.704749e-12
8.442809e-12
6.93349e-12
8.130848e-12
1.325361e-11
7.289198e-12
1.066187e-11
2.546505e-11
5.906062e-12
1.311172e-11
1.146705e-11
5.185648e-12
3.723433e-12
1.009735e-11
5.642903e-12
5.905896e-12
9.32964e-12
6.24054e-12
7.404413e-12
1.040343e-11
6.940252e-12
8.857341e-12
1.645654e-11
7.3057e-12
1.026419e-11
3.084555e-13
5.350345e-14
1.070992e-11
-3.649547e-10
2.084788e-08
-1.92716e-10
1.26891e-08
3.491462e-11
1.575433e-11
1.395429e-11
2.486187e-11
1.289472e-11
5.19825e-12
1.756848e-11
1.09249e-11
5.619707e-12
1.252949e-11
1.001531e-11
6.228158e-12
9.408379e-12
1.125117e-11
6.925307e-12
7.445351e-12
1.84792e-13
6.649403e-14
7.593256e-12
3.263308e-13
5.283648e-14
8.551e-12
-1.706443e-10
-3.246239e-10
-1.601392e-10
2.568398e-08
2.126726e-11
7.049706e-12
2.271753e-11
1.713854e-11
7.348665e-12
4.890975e-12
1.310431e-11
7.295632e-12
5.162968e-12
9.582293e-12
7.156299e-12
5.60628e-12
6.783119e-12
7.17514e-12
6.191004e-12
4.944841e-12
9.384721e-14
6.283984e-14
4.906473e-12
1.289674e-13
6.422183e-14
5.194765e-12
1.974326e-13
5.267068e-14
6.518942e-12
-2.697625e-10
1.358061e-11
3.187189e-12
2.697603e-11
1.16856e-11
4.146727e-12
4.663089e-12
9.353726e-12
4.621596e-12
4.83935e-12
7.018601e-12
4.889116e-12
5.1545e-12
4.843405e-12
4.983633e-12
5.574134e-12
3.222997e-12
6.019939e-14
5.628721e-14
3.152866e-12
6.520917e-14
6.032508e-14
3.249845e-12
8.812965e-14
6.380768e-14
3.926868e-12
1.060965e-13
5.17994e-14
6.127381e-12
1.460643e-12
8.479109e-12
2.246392e-12
4.487315e-12
6.925642e-12
2.696976e-12
4.604389e-12
5.249971e-12
2.988619e-12
4.833978e-12
3.587243e-12
3.162478e-12
5.127619e-12
2.176464e-12
3.825631e-14
5.074189e-14
2.106601e-12
3.777623e-14
5.392172e-14
2.142299e-12
4.16951e-14
5.989348e-14
2.578288e-12
5.461491e-14
6.280896e-14
4.101454e-12
4.973428e-14
4.959583e-14
7.740376e-12
1.001197e-12
5.888236e-12
1.249094e-12
4.426125e-12
4.481721e-12
1.423733e-12
4.60113e-12
3.026405e-12
1.522027e-12
4.81068e-12
1.727994e-12
1.88915e-14
4.670146e-14
1.644926e-12
1.827441e-14
4.859128e-14
1.658006e-12
1.875102e-14
5.353619e-14
1.999181e-12
2.048452e-14
5.894617e-14
3.231589e-12
2.542126e-14
5.999141e-14
6.1795e-12
4.46685e-15
9.934481e-15
7.892455e-12
-5.941651e-18
4.739031e-12
3.694248e-17
4.424518e-12
3.238419e-12
4.55754e-17
4.580591e-12
1.822577e-12
1.194512e-19
4.382082e-14
1.74472e-12
-1.047777e-18
4.473146e-14
1.73639e-12
-9.870771e-19
4.824274e-14
2.044175e-12
-4.673194e-19
5.267185e-14
3.167657e-12
2.069041e-19
5.614192e-14
5.803793e-12
-1.030683e-20
1.208956e-14
6.903232e-12
1.756622e-20
9.562088e-15
9.075936e-12
-1.51039e-12
4.237778e-12
-1.630663e-12
4.406106e-12
2.50234e-12
-1.988211e-14
4.172841e-14
2.403506e-12
-1.956476e-14
4.198018e-14
2.404103e-12
-1.99661e-14
4.43954e-14
2.704146e-12
-1.967016e-14
4.743654e-14
3.808431e-12
-1.934504e-14
5.008608e-14
6.310801e-12
-4.757532e-15
1.134779e-14
7.06048e-12
-6.286641e-15
1.158828e-14
8.638635e-12
-5.481904e-15
9.422863e-15
1.00888e-11
-3.617309e-12
3.775308e-12
-4.347663e-14
4.013868e-14
3.71563e-12
-4.299985e-14
3.997591e-14
3.708056e-12
-4.334693e-14
4.163837e-14
4.050988e-12
-4.332031e-14
4.36101e-14
5.169954e-12
-4.167294e-14
4.507438e-14
7.614703e-12
-9.557077e-15
1.014031e-14
8.092285e-12
-1.127406e-14
1.084368e-14
9.259919e-12
-1.445402e-14
1.139584e-14
1.014272e-11
-1.414322e-14
9.327915e-15
8.970199e-12
-7.330121e-14
5.739499e-12
-7.244831e-14
3.844174e-14
5.791998e-12
-7.336739e-14
3.961024e-14
6.166909e-12
-7.316075e-14
4.085587e-14
7.339183e-12
-7.037683e-14
4.142552e-14
9.735711e-12
-1.578858e-14
9.133093e-15
9.915288e-12
-1.74843e-14
9.677055e-15
1.068428e-11
-2.008212e-14
1.065782e-14
1.105571e-11
-2.483487e-14
1.124672e-14
9.288125e-12
-2.757814e-14
9.188785e-15
-1.087544e-13
8.672169e-12
-1.09813e-13
3.80466e-14
9.13393e-12
-1.098398e-13
3.882156e-14
1.033138e-11
-1.059709e-13
3.880841e-14
1.267784e-11
-2.352134e-14
8.399632e-15
1.24733e-11
-2.541691e-14
8.717243e-15
1.276661e-11
-2.741301e-14
9.51949e-15
1.255554e-11
-3.022476e-14
1.052433e-14
1.007774e-11
-3.651091e-14
1.102783e-14
-1.483065e-13
1.25354e-11
-1.475234e-13
3.727074e-14
1.380751e-11
-1.427968e-13
3.690165e-14
1.609122e-11
-3.124764e-14
7.879386e-15
1.545091e-11
-3.324717e-14
8.028235e-15
1.5199e-11
-3.501949e-14
8.590309e-15
1.433968e-11
-3.638084e-14
9.419959e-15
1.106826e-11
-3.874131e-14
1.031958e-14
-1.409724e-13
1.697965e-11
-1.365948e-13
3.544835e-14
1.918709e-11
-3.010585e-14
7.498627e-15
1.813563e-11
-3.212493e-14
7.537291e-15
1.738824e-11
-3.397447e-14
7.919463e-15
1.594133e-11
-3.496569e-14
8.519628e-15
1.196164e-11
-3.507223e-14
9.274236e-15
-1.129306e-13
2.153099e-11
-2.484177e-14
7.210112e-15
2.017822e-11
-2.650603e-14
7.178629e-15
1.904785e-11
-2.808553e-14
7.439615e-15
1.715012e-11
-2.897638e-14
7.860874e-15
1.263031e-11
-2.878196e-14
8.398978e-15
-1.743418e-14
2.15116e-11
-1.84939e-14
6.904967e-15
2.013642e-11
-1.962233e-14
7.086285e-15
1.794045e-11
-2.030753e-14
7.384965e-15
1.306403e-11
-2.023584e-14
7.750378e-15
-9.492261e-15
2.068958e-11
-1.004291e-14
6.814864e-15
1.834399e-11
-1.043222e-14
7.032019e-15
1.328261e-11
-1.043782e-14
7.278259e-15
6.882763e-12
3.312823e-12
7.210973e-12
6.564059e-12
5.793597e-12
9.923696e-12
2.695818e-12
6.22982e-12
3.266721e-12
3.006805e-12
6.917143e-12
6.430078e-12
4.667708e-12
7.224333e-12
9.562627e-12
8.929394e-12
5.814413e-12
1.285954e-11
5.540091e-12
5.63737e-12
3.175404e-12
5.285272e-12
6.251689e-12
6.125309e-12
5.904286e-12
6.919104e-12
8.978727e-12
9.2024e-12
7.244538e-12
1.185532e-11
1.754322e-11
5.832831e-12
1.506214e-11
8.711193e-12
5.189049e-12
3.221622e-12
7.983501e-12
5.651868e-12
5.854467e-12
7.583278e-12
6.243379e-12
8.182079e-12
8.533019e-12
6.923378e-12
1.048547e-11
1.334279e-11
7.247987e-12
1.300444e-11
2.47659e-13
5.266639e-14
1.323733e-11
1.218516e-11
4.866215e-12
3.900079e-12
1.088838e-11
5.196877e-12
6.19608e-12
9.817084e-12
5.635598e-12
7.655051e-12
9.343653e-12
6.232326e-12
8.889865e-12
1.058661e-11
6.90096e-12
1.03981e-11
1.720192e-13
6.578246e-14
1.036573e-11
3.002094e-13
5.170201e-14
1.093186e-11
-1.384385e-10
1.23036e-08
3.626914e-11
1.650504e-11
1.334429e-11
2.614444e-11
1.374788e-11
4.878729e-12
1.882305e-11
1.181536e-11
5.17352e-12
1.353889e-11
1.055839e-11
5.615828e-12
9.83711e-12
1.010552e-11
6.195293e-12
7.565678e-12
1.266727e-13
6.276222e-14
7.496018e-12
1.826523e-13
6.394299e-14
7.741319e-12
3.263406e-13
5.227454e-14
9.005037e-12
-9.661596e-11
2.214846e-11
7.325213e-12
2.204089e-11
1.785086e-11
7.691391e-12
4.657709e-12
1.38523e-11
7.747466e-12
4.845731e-12
1.032593e-11
7.690079e-12
5.160881e-12
7.30442e-12
7.554178e-12
5.579334e-12
5.080187e-12
8.785577e-14
5.630461e-14
4.98338e-12
9.45579e-14
6.026264e-14
5.053504e-12
1.314015e-13
6.36146e-14
5.702482e-12
1.96988e-13
5.16517e-14
7.804284e-12
3.36635e-12
1.221748e-11
4.295942e-12
4.485138e-12
9.832832e-12
4.829545e-12
4.607998e-12
7.473934e-12
5.154472e-12
4.837659e-12
5.23237e-12
5.299092e-12
5.130832e-12
3.337961e-12
6.242531e-14
5.076359e-14
3.249515e-12
6.113303e-14
5.391811e-14
3.275071e-12
6.747222e-14
5.981904e-14
3.713206e-12
8.926155e-14
6.266388e-14
5.211524e-12
1.030007e-13
4.957316e-14
8.723462e-12
2.321315e-12
7.298339e-12
2.78979e-12
4.427737e-12
5.578125e-12
3.116461e-12
4.602789e-12
3.842109e-12
3.294545e-12
4.812224e-12
2.287285e-12
3.987178e-14
4.671167e-14
2.196194e-12
3.887983e-14
4.859598e-14
2.208507e-12
3.931843e-14
5.351194e-14
2.557046e-12
4.281057e-14
5.888703e-14
3.795898e-12
5.362192e-14
5.992954e-14
6.708492e-12
1.122391e-14
9.937895e-15
8.301981e-12
1.286669e-12
4.73902e-12
1.46981e-12
4.424518e-12
3.238458e-12
1.583122e-12
4.580591e-12
1.822629e-12
1.927966e-14
4.382083e-14
1.744725e-12
1.918664e-14
4.473146e-14
1.736339e-12
1.904292e-14
4.824274e-14
2.044128e-12
1.935436e-14
5.267185e-14
3.167636e-12
2.037265e-14
5.614191e-14
5.803804e-12
5.738619e-15
1.208956e-14
6.90323e-12
4.946008e-15
9.562088e-15
9.075938e-12
-8.011344e-18
3.401554e-12
4.461138e-17
4.404715e-12
1.933376e-12
8.39223e-19
4.17174e-14
1.838235e-12
1.241855e-19
4.197609e-14
1.835422e-12
-1.119739e-18
4.441123e-14
2.119717e-12
-1.042635e-18
4.74717e-14
3.201433e-12
-4.755981e-19
5.012944e-14
5.71114e-12
5.112991e-20
1.135722e-14
6.550422e-12
-1.219093e-20
1.159914e-14
8.237008e-12
1.90808e-20
9.419929e-15
9.811332e-12
-1.67298e-12
2.574254e-12
-2.035531e-14
4.01192e-14
2.518592e-12
-2.014979e-14
3.996892e-14
2.501806e-12
-2.035045e-14
4.166269e-14
2.810994e-12
-2.059394e-14
4.367202e-14
3.886505e-12
-1.966891e-14
4.514354e-14
6.338776e-12
-4.575987e-15
1.015459e-14
6.983581e-12
-5.412005e-15
1.086381e-14
8.357381e-12
-6.885635e-15
1.14206e-14
9.486296e-12
-5.925861e-15
9.328581e-15
8.606804e-12
-4.43699e-14
3.794377e-12
-4.395034e-14
3.84344e-14
3.830869e-12
-4.460819e-14
3.964271e-14
4.158231e-12
-4.461657e-14
4.093025e-14
5.283857e-12
-4.322748e-14
4.150732e-14
7.694649e-12
-9.823473e-15
9.149072e-15
8.128365e-12
-1.098583e-14
9.697383e-15
9.211454e-12
-1.262643e-14
1.068856e-14
9.960096e-12
-1.545869e-14
1.128575e-14
8.66118e-12
-1.460965e-14
9.206543e-15
-7.385422e-14
5.879487e-12
-7.4889e-14
3.808145e-14
6.297274e-12
-7.522595e-14
3.889793e-14
7.45602e-12
-7.279408e-14
3.888812e-14
9.849202e-12
-1.640717e-14
8.413509e-15
9.99601e-12
-1.800045e-14
8.731383e-15
1.072543e-11
-1.962772e-14
9.539433e-15
1.103468e-11
-2.172872e-14
1.055817e-14
9.203478e-12
-2.560727e-14
1.10857e-14
-1.118689e-13
9.231326e-12
-1.120302e-13
3.7323e-14
1.046388e-11
-1.089041e-13
3.695163e-14
1.279484e-11
-2.430576e-14
7.885165e-15
1.25774e-11
-2.637499e-14
8.031132e-15
1.283889e-11
-2.822821e-14
8.59413e-15
1.259136e-11
-2.959136e-14
9.433472e-15
1.00706e-11
-3.130007e-14
1.036611e-14
-1.502965e-13
1.390872e-11
-1.456709e-13
3.54775e-14
1.6215e-11
-3.207347e-14
7.501035e-15
1.555498e-11
-3.430538e-14
7.536329e-15
1.528219e-11
-3.632196e-14
7.916171e-15
1.43908e-11
-3.739826e-14
8.515304e-15
1.1085e-11
-3.752998e-14
9.276312e-15
-1.38977e-13
1.928689e-11
-3.062827e-14
7.208855e-15
1.824021e-11
-3.284047e-14
7.174981e-15
1.747054e-11
-3.491062e-14
7.433595e-15
1.599642e-11
-3.61154e-14
7.852412e-15
1.198336e-11
-3.594475e-14
8.389944e-15
-2.522557e-14
2.026346e-11
-2.689814e-14
6.901073e-15
1.912614e-11
-2.864284e-14
7.081154e-15
1.720365e-11
-2.971619e-14
7.378094e-15
1.265342e-11
-2.967381e-14
7.742068e-15
-1.874859e-14
2.020118e-11
-1.98847e-14
6.812066e-15
1.798959e-11
-2.068149e-14
7.028601e-15
1.308574e-11
-2.07295e-14
7.274121e-15
-1.017118e-14
1.838461e-11
-1.05631e-14
6.759826e-15
1.330228e-11
-1.062251e-14
6.926964e-15
6.223296e-12
3.363936e-12
6.905288e-12
6.640695e-12
7.202663e-12
9.862472e-12
5.785433e-12
1.319043e-11
2.819303e-12
5.640008e-12
3.32092e-12
2.708965e-12
6.251387e-12
6.525181e-12
3.032274e-12
6.909026e-12
9.658439e-12
4.702387e-12
7.214125e-12
1.27889e-11
8.913566e-12
5.783415e-12
1.636117e-11
5.929304e-12
5.193966e-12
3.240362e-12
5.531709e-12
5.656979e-12
6.241484e-12
5.322964e-12
6.244079e-12
9.10181e-12
6.00625e-12
6.90928e-12
1.196347e-11
9.304128e-12
7.202809e-12
1.51533e-11
1.707697e-13
5.202033e-14
1.521387e-11
9.217831e-12
4.86887e-12
3.309737e-12
8.562965e-12
5.20643e-12
6.016154e-12
7.946985e-12
5.644626e-12
8.363998e-12
7.700445e-12
6.234656e-12
1.063022e-11
8.740271e-12
6.882416e-12
1.326323e-11
1.398123e-13
6.525195e-14
1.314064e-11
2.407662e-13
5.087271e-14
1.351101e-11
1.271682e-11
4.632026e-12
4.033376e-12
1.15495e-11
4.876613e-12
6.438963e-12
1.055169e-11
5.190178e-12
7.941901e-12
9.806153e-12
5.628499e-12
9.116637e-12
9.566192e-12
6.196522e-12
1.060323e-11
1.201633e-13
6.251779e-14
1.050819e-11
1.698547e-13
6.322929e-14
1.060954e-11
3.003362e-13
5.111128e-14
1.157225e-11
3.745657e-11
1.705287e-11
1.288986e-11
2.707271e-11
1.437715e-11
4.645211e-12
1.973402e-11
1.255709e-11
4.855298e-12
1.437702e-11
1.136644e-11
5.17026e-12
1.04066e-11
1.062274e-11
5.586698e-12
7.735735e-12
1.16987e-13
5.632244e-14
7.622507e-12
1.270466e-13
6.015538e-14
7.675823e-12
1.849019e-13
6.326943e-14
8.294312e-12
3.234531e-13
5.122143e-14
1.028536e-11
7.585104e-12
1.848024e-11
7.944809e-12
4.479381e-12
1.440589e-11
8.088255e-12
4.613888e-12
1.085625e-11
8.135196e-12
4.843611e-12
7.741097e-12
8.082477e-12
5.136147e-12
5.221867e-12
9.157829e-14
5.079902e-14
5.116391e-12
8.894417e-14
5.390981e-14
5.13259e-12
9.753678e-14
5.969578e-14
5.573658e-12
1.326617e-13
6.241596e-14
7.037818e-12
1.906273e-13
4.943258e-14
1.036152e-11
4.430493e-12
1.02514e-11
4.987507e-12
4.431138e-12
7.833763e-12
5.37098e-12
4.60624e-12
5.514161e-12
5.569445e-12
4.815429e-12
3.462363e-12
6.552526e-14
4.673487e-14
3.361769e-12
6.332319e-14
4.860106e-14
3.3693e-12
6.352276e-14
5.346707e-14
3.73488e-12
6.917049e-14
5.876903e-14
4.984802e-12
8.759626e-14
5.978924e-14
7.82678e-12
2.267415e-14
9.935966e-15
9.177188e-12
2.872413e-12
5.852348e-12
3.214468e-12
4.426083e-12
4.064214e-12
3.426367e-12
4.582076e-12
2.386804e-12
4.120139e-14
4.383231e-14
2.305242e-12
4.045367e-14
4.473394e-14
2.296257e-12
4.045605e-14
4.822762e-14
2.618695e-12
4.055244e-14
5.262585e-14
3.757918e-12
4.257221e-14
5.608605e-14
6.37714e-12
1.208836e-14
1.207904e-14
7.374793e-12
1.215535e-14
9.565202e-15
9.42643e-12
1.510375e-12
3.401542e-12
1.630753e-12
4.404715e-12
1.933415e-12
1.988365e-14
4.17174e-14
1.838287e-12
1.956503e-14
4.19761e-14
1.835426e-12
1.996387e-14
4.441124e-14
2.119667e-12
1.966815e-14
4.74717e-14
3.201388e-12
1.934417e-14
5.012943e-14
5.711122e-12
4.757612e-15
1.135722e-14
6.550431e-12
6.286618e-15
1.159914e-14
8.237007e-12
5.481931e-15
9.419929e-15
9.811333e-12
-1.030093e-17
2.00056e-12
7.538835e-19
4.010896e-14
1.948439e-12
8.948536e-19
3.996496e-14
1.928404e-12
1.316048e-19
4.167577e-14
2.218535e-12
-1.181579e-18
4.370637e-14
3.269495e-12
-1.059438e-18
4.517684e-14
5.722928e-12
-1.129305e-19
1.016174e-14
6.450568e-12
5.935419e-20
1.08737e-14
7.924478e-12
-1.364291e-20
1.143172e-14
9.171118e-12
1.999301e-20
9.325099e-15
8.431407e-12
-2.078066e-14
2.58956e-12
-2.060992e-14
3.842846e-14
2.617044e-12
-2.093859e-14
3.966658e-14
2.908425e-12
-2.098417e-14
4.098715e-14
3.988907e-12
-2.056837e-14
4.156938e-14
6.399053e-12
-4.659675e-15
9.160827e-15
6.994589e-12
-5.273924e-15
9.712087e-15
8.275206e-12
-6.071875e-15
1.070913e-14
9.260708e-12
-7.377968e-15
1.130889e-14
8.258132e-12
-6.171811e-15
9.205922e-15
-4.481842e-14
3.9087e-12
-4.556114e-14
3.811396e-14
4.281341e-12
-4.587439e-14
3.897109e-14
5.386852e-12
-4.44822e-14
3.896642e-14
7.793535e-12
-1.01616e-14
8.427957e-15
8.187589e-12
-1.127933e-14
8.747199e-15
9.226565e-12
-1.239434e-14
9.55998e-15
9.907827e-12
-1.371576e-14
1.05867e-14
8.546922e-12
-1.598972e-14
1.112204e-14
-7.629869e-14
6.382735e-12
-7.673519e-14
3.739874e-14
7.582188e-12
-7.47894e-14
3.703245e-14
9.952394e-12
-1.691539e-14
7.8991e-15
1.008683e-11
-1.862613e-14
8.043975e-15
1.077946e-11
-2.017734e-14
8.607956e-15
1.10511e-11
-2.132874e-14
9.451058e-15
9.17866e-12
-2.260253e-14
1.039693e-14
-1.14073e-13
1.055526e-11
-1.11012e-13
3.553019e-14
1.291469e-11
-2.491796e-14
7.508297e-15
1.267209e-11
-2.714829e-14
7.540301e-15
1.291422e-11
-2.920224e-14
7.918205e-15
1.263217e-11
-3.043101e-14
8.516967e-15
1.00785e-11
-3.0707e-14
9.287328e-15
-1.483519e-13
1.630522e-11
-3.266291e-14
7.211845e-15
1.565657e-11
-3.511625e-14
7.175359e-15
1.535839e-11
-3.738059e-14
7.431445e-15
1.444149e-11
-3.870842e-14
7.84738e-15
1.110244e-11
-3.854887e-14
8.384088e-15
-3.112389e-14
1.832128e-11
-3.334761e-14
6.898088e-15
1.754829e-11
-3.562747e-14
7.076475e-15
1.604723e-11
-3.705252e-14
7.370872e-15
1.200447e-11
-3.708645e-14
7.732752e-15
-2.727545e-14
1.918883e-11
-2.903204e-14
6.807422e-15
1.725272e-11
-3.027433e-14
7.022736e-15
1.267446e-11
-3.040634e-14
7.266807e-15
-2.014056e-14
1.802956e-11
-2.094252e-14
6.75667e-15
1.310544e-11
-2.109963e-14
6.923354e-15
-1.06919e-14
1.331797e-11
-1.075155e-14
6.658964e-15
5.63564e-12
3.414843e-12
6.244985e-12
6.747555e-12
6.897382e-12
1.001802e-11
7.192642e-12
1.328404e-11
5.754535e-12
1.700997e-11
3.010873e-12
5.197028e-12
3.37141e-12
2.830388e-12
5.659996e-12
6.629404e-12
2.739588e-12
6.244092e-12
9.813696e-12
3.093217e-12
6.899343e-12
1.301234e-11
4.764375e-12
7.172039e-12
1.660083e-11
8.678565e-14
5.158607e-14
1.652525e-11
6.257319e-12
4.873098e-12
3.296551e-12
5.912781e-12
5.212098e-12
6.354979e-12
5.56318e-12
5.650123e-12
9.260279e-12
5.436982e-12
6.235314e-12
1.21608e-11
6.167117e-12
6.867263e-12
1.550204e-11
9.74016e-14
6.483909e-14
1.530947e-11
1.658847e-13
5.023644e-14
1.551265e-11
9.594559e-12
4.633688e-12
3.380016e-12
9.049902e-12
4.885091e-12
6.154654e-12
8.503506e-12
5.199749e-12
8.550368e-12
8.053621e-12
5.636829e-12
1.083056e-11
7.928827e-12
6.196836e-12
1.351971e-11
9.89251e-14
6.232941e-14
1.340392e-11
1.379081e-13
6.269761e-14
1.342284e-11
2.408065e-13
5.026421e-14
1.419726e-11
1.310483e-11
4.453276e-12
4.137457e-12
1.203996e-11
4.641763e-12
6.625562e-12
1.116671e-11
4.870248e-12
8.186487e-12
1.050365e-11
5.18366e-12
9.355637e-12
1.001614e-11
5.59594e-12
1.079566e-11
1.113966e-13
5.630584e-14
1.071543e-11
1.203806e-13
5.989368e-14
1.075821e-11
1.720011e-13
6.250627e-14
1.126502e-11
2.977939e-13
5.00519e-14
1.300396e-11
1.755084e-11
2.789995e-11
1.483464e-11
4.466807e-12
2.040393e-11
1.31074e-11
4.622532e-12
1.499399e-11
1.204067e-11
4.852088e-12
1.088946e-11
1.138987e-11
5.143523e-12
7.90417e-12
1.218687e-13
5.084675e-14
7.790796e-12
1.178542e-13
5.38973e-14
7.807095e-12
1.30194e-13
5.952184e-14
8.253014e-12
1.855245e-13
6.201758e-14
9.662969e-12
3.125596e-13
4.902593e-14
1.276341e-11
8.172026e-12
1.488891e-11
8.33963e-12
4.436659e-12
1.12623e-11
8.473467e-12
4.61168e-12
8.065033e-12
8.523002e-12
4.820351e-12
5.363745e-12
9.657653e-14
4.677191e-14
5.255143e-12
9.257747e-14
4.86121e-14
5.263098e-12
9.207947e-14
5.340285e-14
5.650491e-12
9.967655e-14
5.858923e-14
6.907198e-12
1.299869e-13
5.954917e-14
9.645871e-12
4.099487e-14
9.911957e-15
1.062483e-11
5.129993e-12
8.139074e-12
5.53404e-12
4.429317e-12
5.754865e-12
5.790009e-12
4.585046e-12
3.572319e-12
6.81332e-14
4.385545e-14
3.484197e-12
6.633031e-14
4.474146e-14
3.479131e-12
6.574849e-14
4.819505e-14
3.824794e-12
6.539525e-14
5.254033e-14
4.99228e-12
6.873503e-14
5.59718e-14
7.578072e-12
1.966666e-14
1.205431e-14
8.369821e-12
2.396868e-14
9.563346e-15
1.017037e-11
3.302164e-12
4.237742e-12
3.526908e-12
4.406105e-12
2.502459e-12
4.24968e-14
4.172841e-14
2.403652e-12
4.17442e-14
4.19802e-14
2.404119e-12
4.204809e-14
4.439542e-14
2.703993e-12
4.171878e-14
4.743654e-14
3.808305e-12
4.05118e-14
5.008605e-14
6.310754e-12
9.926837e-15
1.134778e-14
7.060502e-12
1.322095e-14
1.158828e-14
8.638632e-12
1.324578e-14
9.422862e-15
1.008881e-11
1.672961e-12
2.000546e-12
2.035679e-14
4.010895e-14
1.948478e-12
2.015142e-14
3.996496e-14
1.928456e-12
2.035073e-14
4.167577e-14
2.21854e-12
2.05916e-14
4.370638e-14
3.269447e-12
1.966688e-14
4.517683e-14
5.722891e-12
4.575781e-15
1.016174e-14
6.450554e-12
5.412097e-15
1.087369e-14
7.924484e-12
6.885609e-15
1.143172e-14
9.171117e-12
5.925889e-15
9.325098e-15
8.431408e-12
-2.116989e-19
2.014691e-12
7.962014e-19
3.8425e-14
2.038803e-12
9.635528e-19
3.967888e-14
2.311465e-12
1.378141e-19
4.101766e-14
3.364695e-12
-1.19967e-18
4.160232e-14
5.77298e-12
-2.50976e-19
9.166172e-15
6.447427e-12
-1.258928e-19
9.719776e-15
7.823664e-12
6.535023e-20
1.071942e-14
8.922877e-12
-1.457133e-20
1.131925e-14
8.062401e-12
2.025269e-20
9.20184e-15
-2.102459e-14
2.687165e-12
-2.140145e-14
3.813755e-14
3.024666e-12
-2.157139e-14
3.902591e-14
4.082802e-12
-2.09486e-14
3.902415e-14
6.486875e-12
-4.853194e-15
8.43859e-15
7.036394e-12
-5.374735e-15
8.75947e-15
8.269843e-12
-5.964066e-15
9.575256e-15
9.184073e-12
-6.607538e-15
1.060583e-14
8.121246e-12
-7.644998e-15
1.114337e-14
-4.643453e-14
4.357506e-12
-4.682314e-14
3.74704e-14
5.507112e-12
-4.569907e-14
3.710993e-14
7.883563e-12
-1.043012e-14
7.91312e-15
8.26535e-12
-1.162876e-14
8.058377e-15
9.262866e-12
-1.271534e-14
8.624074e-15
9.905492e-12
-1.352405e-14
9.469746e-15
8.505745e-12
-1.431262e-14
1.042296e-14
-7.814044e-14
7.662065e-12
-7.624397e-14
3.561063e-14
1.006653e-11
-1.733615e-14
7.522723e-15
1.016939e-11
-1.91333e-14
7.55329e-15
1.084381e-11
-2.082226e-14
7.930806e-15
1.107867e-11
-2.19031e-14
8.528747e-15
9.176388e-12
-2.223559e-14
9.302402e-15
-1.129887e-13
1.299416e-11
-2.535458e-14
7.219823e-15
1.277022e-11
-2.775472e-14
7.180881e-15
1.298261e-11
-2.998265e-14
7.434594e-15
1.267709e-11
-3.141805e-14
7.847482e-15
1.009042e-11
-3.155102e-14
8.383738e-15
-3.321994e-14
1.572926e-11
-3.569036e-14
6.899025e-15
1.543374e-11
-3.819444e-14
7.075712e-15
1.448785e-11
-3.976906e-14
7.367092e-15
1.112121e-11
-3.98514e-14
7.726376e-15
-3.383764e-14
1.760746e-11
-3.613231e-14
6.80339e-15
1.60959e-11
-3.777157e-14
7.016915e-15
1.202401e-11
-3.801497e-14
7.258795e-15
-2.941197e-14
1.729115e-11
-3.066207e-14
6.751294e-15
1.269412e-11
-3.09594e-14
6.917065e-15
-2.119976e-14
1.312077e-11
-2.135719e-14
6.655615e-15
-1.087931e-14
5.193299e-12
3.460621e-12
5.655737e-12
6.848134e-12
6.237834e-12
1.018594e-11
6.887769e-12
1.354433e-11
7.150466e-12
1.732438e-11
5.136382e-14
1.717859e-11
3.172733e-12
4.875724e-12
3.415722e-12
3.01957e-12
5.215519e-12
6.724594e-12
2.858895e-12
5.653385e-12
9.964369e-12
2.80523e-12
6.235327e-12
1.3236e-11
3.179503e-12
6.856708e-12
1.698064e-11
4.981928e-14
6.455822e-14
1.676732e-11
8.426672e-14
4.981083e-14
1.683454e-11
6.501915e-12
4.637089e-12
3.343919e-12
6.234245e-12
4.890048e-12
6.453902e-12
5.935116e-12
5.205762e-12
9.409045e-12
5.672939e-12
5.642188e-12
1.235566e-11
5.609145e-12
6.19628e-12
1.57838e-11
6.932993e-14
6.217831e-14
1.566117e-11
9.598731e-14
6.22886e-14
1.561148e-11
1.658467e-13
4.962186e-14
1.621424e-11
9.86924e-12
4.454302e-12
3.437823e-12
9.412433e-12
4.649025e-12
6.267825e-12
8.971651e-12
4.878777e-12
8.712382e-12
8.594114e-12
5.192544e-12
1.102096e-11
8.276269e-12
5.602249e-12
1.373472e-11
9.184679e-14
5.628728e-14
1.36621e-11
9.893964e-14
5.969361e-14
1.368877e-11
1.395734e-13
6.194299e-14
1.411232e-11
2.387225e-13
4.920676e-14
1.563729e-11
1.345589e-11
4.230522e-12
1.239694e-11
4.462511e-12
6.774562e-12
1.162456e-11
4.635613e-12
8.380573e-12
1.108821e-11
4.864061e-12
9.565361e-12
1.069304e-11
5.153586e-12
1.097038e-11
1.15662e-13
5.090491e-14
1.090814e-11
1.120724e-13
5.38555e-14
1.096626e-11
1.233259e-13
5.92054e-14
1.141404e-11
1.7262e-13
6.122506e-14
1.270392e-11
2.874243e-13
4.791499e-14
1.55403e-11
1.524488e-11
2.09948e-11
1.350797e-11
4.444686e-12
1.546055e-11
1.254352e-11
4.61926e-12
1.125743e-11
1.203018e-11
4.826937e-12
8.064354e-12
1.288826e-13
4.682126e-14
7.956364e-12
1.225994e-13
4.863059e-14
7.973312e-12
1.212164e-13
5.332879e-14
8.384872e-12
1.32215e-13
5.83579e-14
9.633069e-12
1.813102e-13
5.916869e-14
1.222545e-11
6.568981e-14
9.836739e-15
1.273024e-11
8.565535e-12
1.160859e-11
8.722435e-12
4.434383e-12
8.33109e-12
8.859314e-12
4.589474e-12
5.489756e-12
1.007087e-13
4.38894e-14
5.394952e-12
9.740921e-14
4.475556e-14
5.399153e-12
9.57336e-14
4.815513e-14
5.776532e-12
9.443913e-14
5.242293e-14
6.971748e-12
9.887685e-14
5.579547e-14
9.501025e-12
2.889404e-14
1.201072e-14
9.980219e-12
4.240488e-14
9.540848e-15
1.138699e-11
5.681337e-12
5.947108e-12
5.955228e-12
4.408866e-12
3.695758e-12
7.027299e-14
4.174956e-14
3.593003e-12
6.885278e-14
4.198848e-14
3.600129e-12
6.876731e-14
4.436816e-14
3.931481e-12
6.764382e-14
4.736663e-14
5.07118e-12
6.525752e-14
5.000248e-14
7.558277e-12
1.594373e-14
1.132785e-14
8.128061e-12
2.141271e-14
1.156369e-14
9.481904e-12
2.561303e-14
9.420968e-15
1.067183e-11
3.617295e-12
2.574212e-12
4.347796e-14
4.011919e-14
2.518711e-12
4.300102e-14
3.996892e-14
2.501952e-12
4.334725e-14
4.166271e-14
2.81101e-12
4.331819e-14
4.367204e-14
3.886361e-12
4.167117e-14
4.514353e-14
6.338673e-12
9.556915e-15
1.015458e-14
6.983545e-12
1.127407e-14
1.08638e-14
8.357397e-12
1.445399e-14
1.14206e-14
9.486294e-12
1.414324e-14
9.32858e-15
8.606805e-12
2.078027e-14
2.014677e-12
2.061148e-14
3.842499e-14
2.038842e-12
2.094034e-14
3.967887e-14
2.311517e-12
2.098447e-14
4.101767e-14
3.364699e-12
2.056599e-14
4.160233e-14
5.77294e-12
4.659197e-15
9.166171e-15
6.447399e-12
5.273697e-15
9.719774e-15
7.823654e-12
6.071976e-15
1.071942e-14
8.922881e-12
7.37794e-15
1.131925e-14
8.0624e-12
6.171839e-15
9.201839e-15
-2.28229e-19
2.104219e-12
8.515381e-19
3.814965e-14
2.423203e-12
1.023729e-18
3.905474e-14
3.454442e-12
1.389434e-19
3.905375e-14
5.854186e-12
-2.842919e-19
8.444019e-15
6.480123e-12
-2.784577e-19
8.765382e-15
7.806838e-12
-1.358806e-19
9.583404e-15
8.832823e-12
6.903767e-20
1.061543e-14
7.913586e-12
-1.491201e-20
1.115284e-14
-2.181999e-14
3.093354e-12
-2.20337e-14
3.752372e-14
4.197341e-12
-2.151692e-14
3.716604e-14
6.568018e-12
-4.938794e-15
7.923116e-15
7.104138e-12
-5.574558e-15
8.069555e-15
8.291893e-12
-6.080842e-15
8.636939e-15
9.167053e-12
-6.521458e-15
9.483805e-15
8.067344e-12
-6.906846e-15
1.044035e-14
-4.769687e-14
5.578026e-12
-4.661594e-14
3.568696e-14
7.992341e-12
-1.068829e-14
7.536815e-15
8.336215e-12
-1.190136e-14
7.567282e-15
9.316455e-12
-1.308182e-14
7.945531e-15
9.920285e-12
-1.386504e-14
8.543244e-15
8.493724e-12
-1.414422e-14
9.31892e-15
-7.760594e-14
1.013445e-11
-1.76397e-14
7.234334e-15
1.026245e-11
-1.955457e-14
7.194408e-15
1.090221e-11
-2.133952e-14
7.44735e-15
1.111571e-11
-2.256265e-14
7.858237e-15
9.181322e-12
-2.281628e-14
8.393342e-15
-2.577026e-14
1.283326e-11
-2.818222e-14
6.905203e-15
1.305506e-11
-3.059692e-14
7.080431e-15
1.271772e-11
-3.220461e-14
7.368427e-15
1.010613e-11
-3.253478e-14
7.72471e-15
-3.624282e-14
1.548598e-11
-3.876677e-14
6.803149e-15
1.453483e-11
-4.058641e-14
7.014599e-15
1.113833e-11
-4.090345e-14
7.253761e-15
-3.662748e-14
1.61317e-11
-3.827547e-14
6.746125e-15
1.204347e-11
-3.87283e-14
6.91049e-15
-3.104471e-14
1.270862e-11
-3.134234e-14
6.649814e-15
-2.16126e-14
4.87211e-12
3.501032e-12
5.211894e-12
6.93728e-12
5.649242e-12
1.033458e-11
6.229086e-12
1.377888e-11
6.844945e-12
1.770791e-11
6.44092e-14
1.749503e-11
4.95949e-14
1.749101e-11
3.293606e-12
4.639181e-12
3.454588e-12
3.17951e-12
4.893019e-12
6.808332e-12
3.044897e-12
5.209404e-12
1.009882e-11
2.923096e-12
5.645407e-12
1.343146e-11
2.896476e-12
6.195603e-12
1.727813e-11
3.55511e-14
6.207445e-14
1.714933e-11
4.906647e-14
6.201256e-14
1.707813e-11
8.422258e-14
4.919627e-14
1.753792e-11
6.680188e-12
4.457166e-12
3.38433e-12
6.474141e-12
4.653139e-12
6.53886e-12
6.249066e-12
4.884072e-12
9.539849e-12
6.038139e-12
5.198411e-12
1.253075e-11
5.842636e-12
5.606407e-12
1.601476e-11
6.443107e-14
5.626791e-14
1.594439e-11
6.921703e-14
5.953799e-14
1.596441e-11
9.708265e-14
6.151937e-14
1.631148e-11
1.643555e-13
4.857329e-14
1.763741e-11
1.011735e-11
3.487972e-12
9.676373e-12
4.468974e-12
6.362868e-12
9.320852e-12
4.642965e-12
8.84947e-12
9.049035e-12
4.871963e-12
1.118954e-11
8.806718e-12
5.160553e-12
1.392244e-11
9.514058e-14
5.094284e-14
1.387791e-11
9.222168e-14
5.381954e-14
1.394726e-11
1.01236e-13
5.896986e-14
1.437526e-11
1.399986e-13
6.064876e-14
1.554787e-11
2.302287e-13
4.711769e-14
1.810289e-11
1.271821e-11
6.903087e-12
1.19578e-11
4.456517e-12
8.541696e-12
1.152471e-11
4.629643e-12
9.741159e-12
1.126038e-11
4.8358e-12
1.113225e-11
1.218941e-13
4.688949e-14
1.108287e-11
1.162043e-13
4.866137e-14
1.115866e-11
1.152032e-13
5.323429e-14
1.161862e-11
1.251845e-13
5.800117e-14
1.284163e-11
1.685708e-13
5.842098e-14
1.524286e-11
6.064096e-14
9.622746e-15
1.516877e-11
1.386768e-11
1.586457e-11
1.290966e-11
4.441366e-12
1.155262e-11
1.250946e-11
4.595229e-12
8.207787e-12
1.34706e-13
4.393266e-14
8.114374e-12
1.293727e-13
4.477738e-14
8.136029e-12
1.259593e-13
4.811748e-14
8.546733e-12
1.235443e-13
5.229389e-14
9.755856e-12
1.307003e-13
5.557184e-14
1.219229e-11
3.951879e-14
1.194016e-14
1.224716e-11
6.671129e-14
9.47011e-15
1.313378e-11
8.946793e-12
8.547014e-12
9.106251e-12
4.412942e-12
5.621909e-12
1.038937e-13
4.177922e-14
5.519714e-12
1.013953e-13
4.200082e-14
5.537284e-12
1.005562e-13
4.433527e-14
5.908827e-12
9.809142e-14
4.727767e-14
7.086559e-12
9.402929e-14
4.988476e-14
9.539513e-12
2.271175e-14
1.129611e-14
9.831268e-12
3.114793e-14
1.15217e-14
1.083488e-11
4.447334e-14
9.399067e-15
1.161005e-11
6.104873e-12
3.775247e-12
7.185143e-14
4.013866e-14
3.715814e-12
7.092533e-14
3.997591e-14
3.708255e-12
7.129163e-14
4.16384e-14
4.051022e-12
7.065296e-14
4.361014e-14
5.169732e-12
6.746472e-14
4.507435e-14
7.614552e-12
1.53012e-14
1.01403e-14
8.092236e-12
1.80142e-14
1.084367e-14
9.259937e-12
2.330915e-14
1.139584e-14
1.014271e-11
2.695477e-14
9.327914e-15
8.970201e-12
4.436964e-14
2.589518e-12
4.395172e-14
3.842845e-14
2.617164e-12
4.460942e-14
3.966658e-14
2.90857e-12
4.46169e-14
4.098717e-14
3.988922e-12
4.322534e-14
4.15694e-14
6.398933e-12
9.823066e-15
9.160822e-15
6.994511e-12
1.098565e-14
9.71208e-15
8.27518e-12
1.262644e-14
1.070913e-14
9.260718e-12
1.545866e-14
1.130889e-14
8.25813e-12
1.460967e-14
9.205921e-15
2.102416e-14
2.104205e-12
2.140312e-14
3.814964e-14
2.423243e-12
2.157325e-14
3.905474e-14
3.454491e-12
2.094891e-14
3.905376e-14
5.85419e-12
4.852634e-15
8.44402e-15
6.480093e-12
5.374208e-15
8.765381e-15
7.806819e-12
5.963822e-15
9.583402e-15
8.832817e-12
6.607645e-15
1.061543e-14
7.913588e-12
7.64497e-15
1.115284e-14
-2.475644e-19
2.487282e-12
8.992716e-19
3.755167e-14
3.565141e-12
1.047608e-18
3.719432e-14
5.931159e-12
3.273862e-20
7.92802e-15
6.541929e-12
-3.156625e-19
8.075523e-15
7.821419e-12
-2.996299e-19
8.643323e-15
8.807611e-12
-1.419558e-19
9.491365e-15
7.852685e-12
7.019643e-20
1.044907e-14
-2.245378e-14
4.261044e-12
-2.196492e-14
3.574193e-14
6.671608e-12
-5.059696e-15
7.546673e-15
7.166874e-12
-5.664732e-15
7.577805e-15
8.337197e-12
-6.289632e-15
7.957299e-15
9.171622e-12
-6.649732e-15
8.555044e-15
8.047722e-12
-6.832962e-15
9.331443e-15
-4.7465e-14
8.051058e-12
-1.088114e-14
7.248351e-15
8.424348e-12
-1.216179e-14
7.208477e-15
9.365195e-12
-1.336391e-14
7.461644e-15
9.949615e-12
-1.424411e-14
7.871502e-15
8.491975e-12
-1.449133e-14
8.405925e-15
-1.792845e-14
1.031502e-11
-1.985399e-14
6.918747e-15
1.097046e-11
-2.177019e-14
7.093729e-15
1.114911e-11
-2.308768e-14
7.379453e-15
9.192929e-12
-2.347603e-14
7.733499e-15
-2.85982e-14
1.309918e-11
-3.102594e-14
6.808454e-15
1.276263e-11
-3.282542e-14
7.017589e-15
1.012015e-11
-3.331631e-14
7.253446e-15
-3.932583e-14
1.456557e-11
-4.115824e-14
6.744335e-15
1.115692e-11
-4.171529e-14
6.906977e-15
-3.87753e-14
1.205654e-11
-3.922661e-14
6.64389e-15
-3.17227e-14
4.635551e-12
3.537085e-12
4.889507e-12
7.015939e-12
5.205886e-12
1.046442e-11
5.641264e-12
1.397526e-11
6.189142e-12
1.801287e-11
6.201403e-14
1.788038e-11
6.186876e-14
1.780896e-11
4.898177e-14
1.819223e-11
3.381689e-12
4.458911e-12
3.488452e-12
3.29901e-12
4.655567e-12
6.882494e-12
3.202209e-12
4.887258e-12
1.021752e-11
3.106686e-12
5.202005e-12
1.360194e-11
3.013409e-12
5.608948e-12
1.75186e-11
3.305817e-14
5.625327e-14
1.744813e-11
3.544804e-14
5.943324e-14
1.746077e-11
4.960015e-14
6.123831e-14
1.777797e-11
8.344077e-14
4.815791e-14
1.894017e-11
6.841142e-12
3.418801e-12
6.648829e-12
4.472537e-12
6.612319e-12
6.48362e-12
4.647419e-12
9.654727e-12
6.346485e-12
4.877128e-12
1.268607e-11
6.203023e-12
5.165284e-12
1.621457e-11
6.664005e-14
5.096797e-14
1.61763e-11
6.456491e-14
5.379082e-14
1.624763e-11
7.072315e-14
5.879611e-14
1.665978e-11
9.731713e-14
6.022536e-14
1.772454e-11
1.584134e-13
4.652272e-14
2.002834e-11
9.914273e-12
6.443426e-12
9.574936e-12
4.463095e-12
8.968117e-12
9.388891e-12
4.636423e-12
1.133873e-11
9.253166e-12
4.841901e-12
1.409233e-11
1.000449e-13
4.693546e-14
1.406618e-11
9.540564e-14
4.868025e-14
1.416307e-11
9.465443e-14
5.316387e-14
1.462951e-11
1.026334e-13
5.77443e-14
1.579604e-11
1.365809e-13
5.788447e-14
1.80021e-11
4.861307e-14
9.470124e-15
1.739362e-11
1.225803e-11
8.676564e-12
1.184227e-11
4.450695e-12
9.895889e-12
1.168499e-11
4.602707e-12
1.128124e-11
1.270926e-13
4.399204e-14
1.124484e-11
1.222042e-13
4.481887e-14
1.13331e-11
1.19328e-13
4.809938e-14
1.180804e-11
1.173292e-13
5.215729e-14
1.303318e-11
1.236084e-13
5.523827e-14
1.535377e-11
3.683045e-14
1.179713e-14
1.488401e-11
6.150152e-14
9.267505e-15
1.515268e-11
1.323918e-11
1.17984e-11
1.285816e-11
4.418157e-12
8.349253e-12
1.390997e-13
4.181549e-14
8.256405e-12
1.34989e-13
4.201826e-14
8.291991e-12
1.326872e-13
4.430536e-14
8.705051e-12
1.282555e-13
4.718896e-14
9.906537e-12
1.225561e-13
4.975674e-14
1.229208e-11
2.945875e-14
1.125563e-14
1.219914e-11
4.186727e-14
1.145539e-14
1.27191e-11
6.876325e-14
9.330294e-15
1.293186e-11
9.329501e-12
5.711273e-12
1.062041e-13
4.016555e-14
5.651136e-12
1.044727e-13
3.998508e-14
5.661114e-12
1.045274e-13
4.16068e-14
6.044719e-12
1.028701e-13
4.353172e-14
7.209853e-12
9.758624e-14
4.498305e-14
9.631442e-12
2.179655e-14
1.011953e-14
9.847477e-12
2.541517e-14
1.081291e-14
1.068972e-11
3.361698e-14
1.135429e-14
1.118229e-11
4.615328e-14
9.308078e-15
9.542053e-12
7.33012e-14
3.794316e-12
7.244931e-14
3.843438e-14
3.831053e-12
7.336792e-14
3.964271e-14
4.158426e-12
7.316094e-14
4.093029e-14
5.283889e-12
7.037527e-14
4.150735e-14
7.694466e-12
1.578828e-14
9.149064e-15
8.128251e-12
1.748419e-14
9.697373e-15
9.211419e-12
2.008201e-14
1.068855e-14
9.960108e-12
2.483485e-14
1.128575e-14
8.661178e-12
2.757815e-14
9.206542e-15
4.481815e-14
2.687123e-12
4.55626e-14
3.813754e-14
3.024785e-12
4.587568e-14
3.902591e-14
4.082939e-12
4.448253e-14
3.902417e-14
6.486889e-12
1.016111e-14
8.438594e-15
7.036303e-12
1.127889e-14
8.759465e-15
8.269787e-12
1.239416e-14
9.57525e-15
9.184056e-12
1.371577e-14
1.060582e-14
8.121251e-12
1.598969e-14
1.114337e-14
2.181953e-14
2.487268e-12
2.203546e-14
3.755166e-14
3.565178e-12
2.151881e-14
3.719433e-14
5.931201e-12
4.938865e-15
7.928022e-15
6.541932e-12
5.573939e-15
8.075525e-15
7.821398e-12
6.080277e-15
8.643322e-15
8.807598e-12
6.521204e-15
9.491363e-15
7.852682e-12
6.906955e-15
1.044907e-14
-2.648818e-19
3.62439e-12
9.141571e-19
3.576955e-14
6.031264e-12
2.510699e-19
7.551411e-15
6.600723e-12
3.630855e-20
7.583228e-15
7.861862e-12
-3.401095e-19
7.963716e-15
8.80681e-12
-3.12266e-19
8.560922e-15
7.828833e-12
-1.435087e-19
9.338214e-15
-2.237429e-14
6.722957e-12
-5.154571e-15
7.258092e-15
7.250247e-12
-5.787183e-15
7.218823e-15
8.379124e-12
-6.385983e-15
7.472726e-15
9.195027e-12
-6.865116e-15
7.882314e-15
8.04066e-12
-6.965217e-15
8.416351e-15
-1.106266e-14
8.468322e-12
-1.235401e-14
6.932661e-15
9.429304e-12
-1.363191e-14
7.108083e-15
9.976049e-12
-1.453321e-14
7.39238e-15
8.499604e-12
-1.487217e-14
7.745022e-15
-2.014546e-14
1.100571e-11
-2.207274e-14
6.821686e-15
1.119106e-11
-2.352564e-14
7.029243e-15
9.203113e-12
-2.399911e-14
7.262626e-15
-3.14509e-14
1.278737e-11
-3.325599e-14
6.747906e-15
1.01377e-11
-3.393419e-14
6.908389e-15
-4.172314e-14
1.116725e-11
-4.228139e-14
6.640912e-15
-3.972424e-14
4.455298e-12
3.568742e-12
4.652037e-12
7.086443e-12
4.883849e-12
1.057912e-11
5.198484e-12
1.414447e-11
5.604587e-12
1.825759e-11
5.623808e-14
1.818657e-11
5.937555e-14
1.819461e-11
6.109337e-14
1.85069e-11
4.795022e-14
1.958022e-11
3.461213e-12
3.517239e-12
3.386034e-12
4.474612e-12
6.947515e-12
3.319834e-12
4.650059e-12
1.032384e-11
3.261974e-12
4.880274e-12
1.375293e-11
3.195019e-12
5.168239e-12
1.772486e-11
3.416197e-14
5.098363e-14
1.768957e-11
3.308013e-14
5.377186e-14
1.775939e-11
3.617862e-14
5.868353e-14
1.815575e-11
4.969308e-14
5.994978e-14
1.916647e-11
8.040028e-14
4.613496e-14
2.12731e-11
6.806419e-12
6.674285e-12
6.6543e-12
4.467003e-12
9.755635e-12
6.577083e-12
4.640765e-12
1.282611e-11
6.507257e-12
4.845998e-12
1.639325e-11
6.99694e-14
4.69673e-14
1.637688e-11
6.669695e-14
4.869442e-14
1.647959e-11
6.616158e-14
5.311681e-14
1.693848e-11
7.159982e-14
5.756405e-14
1.805584e-11
9.486462e-14
5.74956e-14
2.009546e-11
3.343633e-14
9.356321e-15
1.905462e-11
9.804175e-12
9.066912e-12
9.635909e-12
4.456745e-12
1.147251e-11
9.587072e-12
4.607782e-12
1.425054e-11
1.041572e-13
4.403166e-14
1.423655e-11
1.001217e-13
4.484616e-14
1.435139e-11
9.782917e-14
4.80861e-14
1.484237e-11
9.625283e-14
5.206328e-14
1.603639e-11
1.011776e-13
5.50052e-14
1.821895e-11
2.982014e-14
1.169597e-14
1.727992e-11
4.918694e-14
9.12387e-15
1.697187e-11
1.21289e-11
1.00207e-11
1.199355e-11
4.424733e-12
1.142367e-11
1.310075e-13
4.186349e-14
1.139403e-11
1.272036e-13
4.205244e-14
1.149496e-11
1.252829e-13
4.430156e-14
1.198017e-11
1.21421e-13
4.713037e-14
1.321273e-11
1.162303e-13
4.96298e-14
1.551841e-11
2.785313e-14
1.119398e-14
1.49624e-11
3.895887e-14
1.132194e-14
1.489182e-11
6.339083e-14
9.133407e-15
1.444737e-11
1.317287e-11
8.451258e-12
1.4227e-13
4.019768e-14
8.396997e-12
1.392322e-13
3.999697e-14
8.432677e-12
1.382593e-13
4.157589e-14
8.857811e-12
1.348902e-13
4.345429e-14
1.0055e-11
1.27127e-13
4.489213e-14
1.242028e-11
2.788675e-14
1.009727e-14
1.22704e-11
3.239873e-14
1.077531e-14
1.265829e-11
4.452357e-14
1.128958e-14
1.260778e-11
7.045787e-14
9.242373e-15
1.032621e-11
1.083287e-13
5.739456e-12
1.066988e-13
3.844172e-14
5.792182e-12
1.075982e-13
3.961025e-14
6.167066e-12
1.067976e-13
4.085591e-14
7.33921e-12
1.021925e-13
4.142555e-14
9.735532e-12
2.255825e-14
9.133084e-15
9.915165e-12
2.463375e-14
9.677042e-15
1.068424e-11
2.810826e-14
1.065781e-14
1.105571e-11
3.557767e-14
1.124672e-14
9.288122e-12
4.680809e-14
9.188784e-15
7.385421e-14
3.908639e-12
7.489003e-14
3.811393e-14
4.281521e-12
7.522647e-14
3.89711e-14
5.387032e-12
7.279426e-14
3.896646e-14
7.793563e-12
1.640684e-14
8.427963e-15
8.18745e-12
1.800014e-14
8.747192e-15
9.226484e-12
1.962761e-14
9.55997e-15
9.907804e-12
2.17286e-14
1.058669e-14
8.546928e-12
2.560725e-14
1.112204e-14
4.643423e-14
3.093311e-12
4.682467e-14
3.752371e-14
4.197452e-12
4.570037e-14
3.716606e-14
6.568132e-12
1.04302e-14
7.923123e-15
7.104148e-12
1.162823e-14
8.069559e-15
8.291828e-12
1.271488e-14
8.636935e-15
9.167017e-12
1.352387e-14
9.483798e-15
8.067335e-12
1.431263e-14
1.044035e-14
2.245329e-14
3.624376e-12
2.196671e-14
3.576954e-14
6.031295e-12
5.060146e-15
7.551412e-15
6.600755e-12
5.664811e-15
7.58323e-15
7.861864e-12
6.288968e-15
7.963718e-15
8.806796e-12
6.649145e-15
8.560921e-15
7.828826e-12
6.832706e-15
9.338212e-15
-2.730774e-19
6.078135e-12
2.16961e-19
7.262761e-15
6.680938e-12
2.823991e-19
7.224042e-15
7.900424e-12
3.930869e-20
7.478579e-15
8.82676e-12
-3.548482e-19
7.888271e-15
7.818985e-12
-3.150422e-19
8.421526e-15
-5.242756e-15
7.287341e-12
-5.882667e-15
6.942809e-15
8.439307e-12
-6.512492e-15
7.118952e-15
9.216514e-12
-6.96593e-15
7.402571e-15
8.045252e-12
-7.181586e-15
7.75458e-15
-1.253916e-14
9.457155e-12
-1.382769e-14
6.8358e-15
1.001508e-11
-1.480699e-14
7.042302e-15
8.506119e-12
-1.516126e-14
7.273917e-15
-2.237292e-14
1.120924e-11
-2.383065e-14
6.759493e-15
9.219185e-12
-2.443608e-14
6.918284e-15
-3.368832e-14
1.014477e-11
-3.436082e-14
6.642917e-15
-4.284444e-14
3.595691e-12
4.471097e-12
7.148524e-12
4.64663e-12
1.068253e-11
4.876863e-12
1.429409e-11
5.164512e-12
1.846655e-11
5.098425e-14
1.843225e-11
5.375762e-14
1.850052e-11
5.862324e-14
1.888761e-11
5.980928e-14
1.988076e-11
4.594229e-14
2.188057e-11
3.46458e-12
7.002592e-12
3.405433e-12
4.469289e-12
1.041769e-11
3.378156e-12
4.643371e-12
1.388962e-11
3.348596e-12
4.848543e-12
1.790795e-11
3.58377e-14
4.698767e-14
1.789662e-11
3.414446e-14
4.870445e-14
1.800082e-11
3.385592e-14
5.308942e-14
1.844967e-11
3.658483e-14
5.74518e-14
1.952767e-11
4.842107e-14
5.724595e-14
2.147211e-11
1.696387e-14
9.282399e-15
2.012266e-11
6.808427e-12
9.840119e-12
6.744704e-12
4.460555e-12
1.295102e-11
6.734859e-12
4.611111e-12
1.655748e-11
7.276996e-14
4.405863e-14
1.655616e-11
6.989465e-14
4.486706e-14
1.668027e-11
6.828525e-14
4.808297e-14
1.716735e-11
6.717245e-14
5.200695e-14
1.832066e-11
7.047368e-14
5.484745e-14
2.039195e-11
2.068018e-14
1.162332e-14
1.908964e-11
3.374731e-14
9.016935e-15
1.832006e-11
9.859167e-12
1.158203e-11
9.829383e-12
4.429154e-12
1.439744e-11
1.072359e-13
4.189468e-14
1.439519e-11
1.040731e-13
4.207444e-14
1.45218e-11
1.025081e-13
4.429897e-14
1.502848e-11
9.939839e-14
4.709388e-14
1.623942e-11
9.516988e-14
4.954899e-14
1.843155e-11
2.273239e-14
1.115246e-14
1.745226e-11
3.143068e-14
1.122896e-14
1.685096e-11
5.062387e-14
8.99424e-15
1.579236e-11
1.227281e-11
1.153219e-11
1.338297e-13
4.023863e-14
1.153671e-11
1.309733e-13
4.002129e-14
1.164409e-11
1.302398e-13
4.156776e-14
1.214026e-11
1.272882e-13
4.341239e-14
1.3377e-11
1.201897e-13
4.483687e-14
1.567724e-11
2.641634e-14
1.007615e-14
1.50907e-11
3.051596e-14
1.071967e-14
1.493478e-11
4.139432e-14
1.116017e-14
1.423e-11
6.493001e-14
9.050908e-15
1.121002e-11
1.451772e-13
8.497893e-12
1.422878e-13
3.845066e-14
8.572478e-12
1.424752e-13
3.957638e-14
8.996026e-12
1.403786e-13
4.078033e-14
1.019997e-11
1.335134e-13
4.134455e-14
1.254918e-11
2.884878e-14
9.117658e-15
1.237042e-11
3.098025e-14
9.656607e-15
1.269865e-11
3.534666e-14
1.062113e-14
1.254312e-11
4.661762e-14
1.118538e-14
1.012938e-11
7.095932e-14
9.126041e-15
1.087543e-13
5.879445e-12
1.098141e-13
3.808142e-14
6.297451e-12
1.098404e-13
3.889795e-14
7.456161e-12
1.059711e-13
3.888816e-14
9.849225e-12
2.352099e-14
8.413515e-15
9.995874e-12
2.541669e-14
8.731375e-15
1.072535e-11
2.741292e-14
9.539421e-15
1.103465e-11
3.022478e-14
1.055816e-14
9.203476e-12
3.651092e-14
1.10857e-14
7.629869e-14
4.357446e-12
7.673624e-14
3.747038e-14
5.507278e-12
7.478988e-14
3.710994e-14
7.883712e-12
1.691542e-14
7.913129e-15
8.265371e-12
1.86258e-14
8.058384e-15
9.262767e-12
2.017704e-14
8.624068e-15
9.905439e-12
2.132863e-14
9.469736e-15
8.505733e-12
2.26024e-14
1.042295e-14
4.769656e-14
4.261003e-12
4.661748e-14
3.574191e-14
6.671701e-12
1.068858e-14
7.546676e-15
7.16696e-12
1.190144e-14
7.577812e-15
8.337205e-12
1.308126e-14
7.957305e-15
9.171579e-12
1.386457e-14
8.555041e-15
8.047703e-12
1.414403e-14
9.331436e-15
2.237377e-14
6.078123e-12
5.154994e-15
7.26276e-15
6.680961e-12
5.787685e-15
7.224042e-15
7.900447e-12
6.386069e-15
7.478581e-15
8.826761e-12
6.864424e-15
7.888273e-15
7.818978e-12
6.964625e-15
8.421525e-15
-6.675404e-20
6.713912e-12
2.415934e-19
6.947908e-15
7.958047e-12
3.060089e-19
7.124573e-15
8.845781e-12
4.124848e-20
7.407998e-15
7.821812e-12
-3.582997e-19
7.759888e-15
-5.973491e-15
8.461268e-12
-6.610388e-15
6.846399e-15
9.252808e-12
-7.095526e-15
7.052323e-15
8.049173e-12
-7.283099e-15
7.282931e-15
-1.401996e-14
1.002774e-11
-1.500535e-14
6.772306e-15
8.520753e-12
-1.543492e-14
6.929785e-15
-2.41378e-14
9.222726e-12
-2.473874e-14
6.652766e-15
-3.479279e-14
7.20134e-12
4.465875e-12
1.077387e-11
4.639943e-12
1.442968e-11
4.844939e-12
1.865136e-11
4.699122e-14
1.864199e-11
4.870519e-14
1.874613e-11
5.30722e-14
1.918869e-11
5.739314e-14
2.024551e-11
5.711985e-14
2.215122e-11
9.246269e-15
2.064093e-11
3.482772e-12
1.049703e-11
3.462619e-12
4.462816e-12
1.401096e-11
3.463514e-12
4.613148e-12
1.807483e-11
3.72496e-14
4.407583e-14
1.808032e-11
3.575272e-14
4.488168e-14
1.820792e-11
3.491533e-14
4.808489e-14
1.868785e-11
3.43292e-14
5.197762e-14
1.980767e-11
3.597474e-14
5.475252e-14
2.179946e-11
1.054572e-14
1.157712e-14
2.027507e-11
1.70925e-14
8.94757e-15
1.91817e-11
6.89633e-12
1.305497e-11
6.900048e-12
4.431999e-12
1.670562e-11
7.486233e-14
4.191516e-14
1.672087e-11
7.258258e-14
4.209107e-14
1.685956e-11
7.145542e-14
4.430383e-14
1.736564e-11
6.927445e-14
4.708108e-14
1.853956e-11
6.629983e-14
4.950669e-14
2.062956e-11
1.577904e-14
1.112534e-14
1.933227e-11
2.171803e-14
1.116277e-14
1.832287e-11
3.467073e-14
8.890638e-15
1.677968e-11
1.004891e-11
1.451533e-11
1.094466e-13
4.026478e-14
1.45425e-11
1.070319e-13
4.003595e-14
1.468041e-11
1.064256e-13
4.156183e-14
1.519696e-11
1.040068e-13
4.338775e-14
1.641776e-11
9.820826e-14
4.480833e-14
1.861426e-11
2.155128e-14
1.00644e-14
1.762272e-11
2.476133e-14
1.068373e-14
1.697184e-11
3.331063e-14
1.107091e-14
1.567726e-11
5.178661e-14
8.915585e-15
1.197897e-11
1.364275e-13
1.164522e-11
1.336858e-13
3.846927e-14
1.17868e-11
1.339824e-13
3.95607e-14
1.228768e-11
1.321674e-13
4.073633e-14
1.353057e-11
1.258243e-13
4.130351e-14
1.582451e-11
2.724966e-14
9.110367e-15
1.521805e-11
2.921112e-14
9.6391e-15
1.502201e-11
3.320155e-14
1.056785e-14
1.424082e-11
4.329087e-14
1.106048e-14
1.10684e-11
6.53009e-14
8.939508e-15
1.451002e-13
8.672125e-12
1.455061e-13
3.804657e-14
9.134091e-12
1.445385e-13
3.882157e-14
1.033149e-11
1.387905e-13
3.880846e-14
1.267786e-11
3.016484e-14
8.39964e-15
1.247317e-11
3.195177e-14
8.717233e-15
1.276654e-11
3.402222e-14
9.519477e-15
1.255551e-11
3.763876e-14
1.052432e-14
1.007774e-11
4.753552e-14
1.102783e-14
1.118688e-13
6.382695e-12
1.120313e-13
3.739871e-14
7.582347e-12
1.089047e-13
3.703248e-14
9.952506e-12
2.43058e-14
7.89911e-15
1.008684e-11
2.637465e-14
8.043983e-15
1.077936e-11
2.822801e-14
8.607949e-15
1.105104e-11
2.959127e-14
9.451046e-15
9.178647e-12
3.130009e-14
1.039692e-14
7.814045e-14
5.577969e-12
7.6245e-14
3.568694e-14
7.992479e-12
1.733624e-14
7.53682e-15
8.336329e-12
1.913333e-14
7.567292e-15
9.31647e-12
2.082193e-14
7.94554e-15
9.920219e-12
2.190279e-14
8.543238e-15
8.493696e-12
2.223548e-14
9.31891e-15
4.746468e-14
6.722922e-12
1.08815e-14
7.258089e-15
7.250318e-12
1.21621e-14
7.218826e-15
8.379186e-12
1.3364e-14
7.472733e-15
9.195032e-12
1.424353e-14
7.88232e-15
8.040637e-12
1.449085e-14
8.416348e-15
5.242631e-15
6.713903e-12
5.883135e-15
6.947907e-15
7.958063e-12
6.513033e-15
7.124573e-15
8.845796e-12
6.966019e-15
7.408001e-15
7.821813e-12
7.180888e-15
7.75989e-15
-7.676257e-20
7.976538e-12
2.60777e-19
6.851861e-15
8.880304e-12
3.201721e-19
7.057537e-15
7.824441e-12
4.17715e-20
7.287752e-15
-6.705341e-15
9.261087e-12
-7.195108e-15
6.782053e-15
8.062453e-12
-7.412782e-15
6.938686e-15
-1.520316e-14
8.52131e-12
-1.563214e-14
6.664046e-15
-2.504639e-14
1.085157e-11
4.459406e-12
1.454971e-11
4.609539e-12
1.881922e-11
4.407823e-14
1.882738e-11
4.488508e-14
1.895587e-11
4.808269e-14
1.943096e-11
5.196075e-14
2.053258e-11
5.47036e-14
2.248375e-11
1.155464e-14
2.085858e-11
8.913713e-15
1.959729e-11
3.539063e-12
1.411343e-11
3.546939e-12
4.433719e-12
1.822343e-11
3.830395e-14
4.192809e-14
1.824765e-11
3.710682e-14
4.210281e-14
1.839153e-11
3.650892e-14
4.431089e-14
1.889239e-11
3.537713e-14
4.708039e-14
2.003572e-11
3.384695e-14
4.948887e-14
2.205243e-11
8.036848e-15
1.110963e-14
2.054625e-11
1.104924e-14
1.11209e-14
1.928228e-11
1.753713e-14
8.823382e-15
1.740591e-11
7.049824e-12
1.682807e-11
7.636676e-14
4.028145e-14
1.68694e-11
7.459039e-14
4.004674e-14
1.702415e-11
7.411865e-14
4.156351e-14
1.75427e-11
7.239468e-14
4.338342e-14
1.872979e-11
6.832758e-14
4.480541e-14
2.082822e-11
1.49544e-14
1.005986e-14
1.952505e-11
1.708956e-14
1.066108e-14
1.850179e-11
2.295445e-14
1.100777e-14
1.675654e-11
3.541638e-14
8.81452e-15
1.253593e-11
1.114814e-13
1.46606e-11
1.091514e-13
3.847986e-14
1.48277e-11
1.093604e-13
3.954899e-14
1.535356e-11
1.078626e-13
4.070963e-14
1.657953e-11
1.026301e-13
4.128458e-14
1.877612e-11
2.218994e-14
9.108582e-15
1.777113e-11
2.367642e-14
9.631057e-15
1.709381e-11
2.68308e-14
1.053446e-14
1.574539e-11
3.476223e-14
1.097486e-14
1.189337e-11
5.200432e-14
8.807504e-15
1.361925e-13
1.189497e-11
1.366715e-13
3.802698e-14
1.242896e-11
1.358573e-13
3.877186e-14
1.36718e-11
1.305057e-13
3.876449e-14
1.596359e-11
2.841224e-14
8.394776e-15
1.533735e-11
3.004814e-14
8.712392e-15
1.511267e-11
3.197364e-14
9.503384e-15
1.428719e-11
3.526695e-14
1.047441e-14
1.105732e-11
4.406061e-14
1.090741e-14
1.483064e-13
9.231283e-12
1.475252e-13
3.732298e-14
1.046402e-11
1.427981e-13
3.695165e-14
1.279492e-11
3.124773e-14
7.885175e-15
1.257741e-11
3.324671e-14
8.031141e-15
1.28388e-11
3.501918e-14
8.594122e-15
1.25913e-11
3.638075e-14
9.43346e-15
1.007059e-11
3.874138e-14
1.03661e-14
1.140729e-13
7.662028e-12
1.110131e-13
3.561061e-14
1.006666e-11
2.491805e-14
7.522729e-15
1.016948e-11
2.714832e-14
7.5533e-15
1.084383e-11
2.920191e-14
7.930816e-15
1.107861e-11
3.043082e-14
8.52874e-15
9.176357e-12
3.070692e-14
9.302391e-15
7.760596e-14
8.051009e-12
1.763991e-14
7.248346e-15
8.424454e-12
1.955463e-14
7.208481e-15
9.365276e-12
2.133955e-14
7.461655e-15
9.949625e-12
2.256232e-14
7.871511e-15
8.491939e-12
2.281598e-14
8.40592e-15
1.106258e-14
7.287313e-12
1.235439e-14
6.942805e-15
8.439358e-12
1.363224e-14
7.118954e-15
9.216555e-12
1.453331e-14
7.402578e-15
8.045255e-12
1.487159e-14
7.754586e-15
5.973348e-15
7.976532e-12
6.610892e-15
6.85186e-15
8.880315e-12
7.096091e-15
7.057538e-15
7.824448e-12
7.28319e-15
7.287754e-15
-8.438031e-20
8.886028e-12
2.724254e-19
6.787106e-15
7.836841e-12
3.236158e-19
6.943321e-15
-7.293215e-15
8.060647e-12
-7.511973e-15
6.672689e-15
-1.583079e-14
1.465189e-11
4.430137e-12
1.896789e-11
4.192869e-14
1.899566e-11
4.210504e-14
1.914112e-11
4.431153e-14
1.963804e-11
4.707808e-14
2.076463e-11
4.947873e-14
2.27438e-11
1.110232e-14
2.113535e-11
1.110062e-14
1.97529e-11
8.79049e-15
1.770597e-11
3.62262e-12
1.834876e-11
3.906293e-14
4.029187e-14
1.839661e-11
3.811767e-14
4.005459e-14
1.855866e-11
3.784993e-14
4.15682e-14
1.907355e-11
3.69449e-14
4.338784e-14
2.0232e-11
3.485714e-14
4.481327e-14
2.22602e-11
7.615332e-15
1.005925e-14
2.075258e-11
8.671411e-15
1.064841e-14
1.948596e-11
1.165742e-14
1.096789e-14
1.745548e-11
1.790114e-14
8.748692e-15
1.288548e-11
7.77527e-14
1.699213e-11
7.603091e-14
3.848743e-14
1.717254e-11
7.610807e-14
3.954565e-14
1.770501e-11
7.501451e-14
4.070269e-14
1.889965e-11
7.131873e-14
4.128838e-14
2.100178e-11
1.53798e-14
9.111568e-15
1.968739e-11
1.632768e-14
9.629567e-15
1.864248e-11
1.844447e-14
1.051397e-14
1.686724e-11
2.39034e-14
1.091434e-14
1.250184e-11
3.551672e-14
8.70852e-15
1.111097e-13
1.494558e-11
1.114588e-13
3.801241e-14
1.549906e-11
1.107535e-13
3.874046e-14
1.672951e-11
1.063275e-13
3.874263e-14
1.892359e-11
2.31029e-14
8.394516e-15
1.790331e-11
2.431487e-14
8.713345e-15
1.720192e-11
2.579926e-14
9.497137e-15
1.581706e-11
2.840942e-14
1.04439e-14
1.191359e-11
3.530477e-14
1.082507e-14
1.391659e-13
1.253535e-11
1.385056e-13
3.72707e-14
1.380766e-11
1.340529e-13
3.690169e-14
1.60913e-11
2.937445e-14
7.879398e-15
1.545092e-11
3.118758e-14
8.028245e-15
1.519889e-11
3.283019e-14
8.590298e-15
1.433962e-11
3.409321e-14
9.419943e-15
1.106824e-11
3.620524e-14
1.031957e-14
1.502964e-13
1.055522e-11
1.456726e-13
3.553017e-14
1.29148e-11
3.207374e-14
7.508302e-15
1.267214e-11
3.430547e-14
7.54031e-15
1.291423e-11
3.632151e-14
7.918214e-15
1.263211e-11
3.739796e-14
8.51696e-15
1.007847e-11
3.752989e-14
9.287316e-15
1.129886e-13
1.013442e-11
2.535479e-14
7.234329e-15
1.026255e-11
2.775478e-14
7.194413e-15
1.090227e-11
2.998268e-14
7.44736e-15
1.111572e-11
3.141772e-14
7.858247e-15
9.181287e-12
3.155083e-14
8.393336e-15
1.792846e-14
8.468283e-12
1.98542e-14
6.932655e-15
9.42938e-12
2.177023e-14
7.108087e-15
9.976102e-12
2.308771e-14
7.392391e-15
8.49961e-12
2.34757e-14
7.745032e-15
1.253908e-14
8.461248e-12
1.38281e-14
6.846395e-15
9.252842e-12
1.480734e-14
7.052325e-15
8.049194e-12
1.516135e-14
7.282939e-15
6.705183e-15
8.886024e-12
7.195633e-15
6.787105e-15
7.836847e-12
7.413352e-15
6.943322e-15
-8.912569e-20
7.833659e-12
2.752396e-19
6.677172e-15
-7.610699e-15
1.909451e-11
4.029146e-14
1.914467e-11
4.005507e-14
1.930914e-11
4.156785e-14
1.982073e-11
4.338826e-14
2.096337e-11
4.481613e-14
2.295555e-11
1.005949e-14
2.134788e-11
1.064267e-14
1.996238e-11
1.094861e-14
1.779667e-11
8.716357e-15
1.305164e-11
3.976245e-14
1.852222e-11
3.884393e-14
3.849312e-14
1.87074e-11
3.88509e-14
3.954685e-14
1.923823e-11
3.826351e-14
4.07049e-14
2.040567e-11
3.635927e-14
4.130002e-14
2.243974e-11
7.826934e-15
9.115837e-15
2.092284e-11
8.280704e-15
9.63105e-15
1.963791e-11
9.334528e-15
1.05028e-14
1.758506e-11
1.212741e-14
1.087606e-14
1.289238e-11
1.793154e-14
8.643826e-15
7.736298e-14
1.729505e-11
7.753311e-14
3.800648e-14
1.785137e-11
7.697233e-14
3.872895e-14
1.905502e-11
7.382887e-14
3.874308e-14
2.115695e-11
1.59968e-14
8.39856e-15
1.982966e-11
1.675109e-14
8.718646e-15
1.876208e-11
1.771606e-14
9.497243e-15
1.695274e-11
1.947319e-14
1.042552e-14
1.254544e-11
2.422891e-14
1.076677e-14
1.134042e-13
1.561507e-11
1.128174e-13
3.723729e-14
1.686911e-11
1.091026e-13
3.687476e-14
1.905992e-11
2.386381e-14
7.878248e-15
1.802421e-11
2.520791e-14
8.030282e-15
1.729891e-11
2.645061e-14
8.592684e-15
1.588222e-11
2.741548e-14
9.415974e-15
1.19381e-11
2.908433e-14
1.029159e-14
1.409725e-13
1.390868e-11
1.365967e-13
3.547747e-14
1.621511e-11
3.010624e-14
7.501042e-15
1.555504e-11
3.212516e-14
7.53634e-15
1.528219e-11
3.397418e-14
7.916183e-15
1.439073e-11
3.496562e-14
8.515294e-15
1.108497e-11
3.507217e-14
9.276297e-15
1.483518e-13
1.299413e-11
3.266328e-14
7.219818e-15
1.27703e-11
3.511651e-14
7.180886e-15
1.298265e-11
3.738068e-14
7.434604e-15
1.26771e-11
3.870797e-14
7.847492e-15
1.009038e-11
3.854858e-14
8.383731e-15
2.577024e-14
1.031499e-11
2.818242e-14
6.918742e-15
1.097053e-11
3.059696e-14
7.093734e-15
1.114915e-11
3.220463e-14
7.379464e-15
9.192933e-12
3.253447e-14
7.733509e-15
2.014548e-14
9.457126e-12
2.207294e-14
6.835793e-15
1.001513e-11
2.352567e-14
7.042305e-15
8.506147e-12
2.399914e-14
7.273928e-15
1.401986e-14
9.261073e-12
1.500576e-14
6.782049e-15
8.062471e-12
1.543526e-14
6.938688e-15
7.293049e-15
7.833657e-12
7.512503e-15
6.677171e-15
-9.06291e-20
1.927157e-11
3.849266e-14
1.945788e-11
3.954491e-14
1.998622e-11
4.070433e-14
2.113845e-11
4.130487e-14
2.313753e-11
9.118493e-15
2.152159e-11
9.632384e-15
2.011946e-11
1.049782e-14
1.793136e-11
1.085751e-14
1.308181e-11
8.611907e-15
3.95158e-14
1.883276e-11
3.956907e-14
3.800584e-14
1.938478e-11
3.924805e-14
3.872782e-14
2.056326e-11
3.762207e-14
3.87519e-14
2.259852e-11
8.136519e-15
8.403375e-15
2.107025e-11
8.490679e-15
8.724513e-15
1.976399e-11
8.959808e-15
9.499853e-15
1.767882e-11
9.842063e-15
1.041568e-14
1.294652e-11
1.227269e-14
1.072979e-14
7.885527e-14
1.797196e-11
7.837301e-14
3.72235e-14
1.919527e-11
7.570607e-14
3.687023e-14
2.129852e-11
1.6513e-14
7.881379e-15
1.995704e-11
1.735284e-14
8.036292e-15
1.886728e-11
1.814668e-14
8.599294e-15
1.702626e-11
1.876816e-14
9.417766e-15
1.257739e-11
1.988718e-14
1.027491e-14
1.147382e-13
1.697961e-11
1.110815e-13
3.544832e-14
1.918729e-11
2.44359e-14
7.49864e-15
1.813576e-11
2.594847e-14
7.53731e-15
1.738829e-11
2.734614e-14
7.919479e-15
1.594125e-11
2.80775e-14
8.519616e-15
1.196162e-11
2.812079e-14
9.27422e-15
1.38977e-13
1.630518e-11
3.06287e-14
7.211839e-15
1.565666e-11
3.284088e-14
7.175366e-15
1.535843e-11
3.491086e-14
7.431457e-15
1.444149e-11
3.611512e-14
7.847392e-15
1.11024e-11
3.59447e-14
8.384078e-15
3.321991e-14
1.283324e-11
3.569071e-14
6.905197e-15
1.305512e-11
3.819469e-14
7.080436e-15
1.271774e-11
3.976916e-14
7.368437e-15
1.010613e-11
3.985096e-14
7.724721e-15
2.859818e-14
1.100569e-11
3.102612e-14
6.82168e-15
1.11911e-11
3.282545e-14
7.029248e-15
9.203134e-12
3.331634e-14
7.262636e-15
2.237294e-14
1.002772e-11
2.383085e-14
6.772299e-15
8.52078e-12
2.443611e-14
6.929789e-15
1.520306e-14
8.06064e-12
1.563256e-14
6.672684e-15
7.61053e-15
1.958451e-11
3.800309e-14
2.013271e-11
3.872568e-14
2.12968e-11
3.875541e-14
2.329766e-11
8.406268e-15
2.167109e-11
8.728007e-15
2.024837e-11
9.50177e-15
1.802886e-11
1.041134e-14
1.313901e-11
1.07118e-14
4.023563e-14
1.950817e-11
3.995371e-14
3.722061e-14
2.070358e-11
3.856554e-14
3.687536e-14
2.274232e-11
8.396006e-15
7.885449e-15
2.120067e-11
8.791999e-15
8.042468e-15
1.987341e-11
9.172879e-15
8.606094e-15
1.775705e-11
9.478436e-15
9.421454e-15
1.298291e-11
1.003143e-14
1.026607e-14
7.967726e-14
1.931035e-11
7.704788e-14
3.544117e-14
2.142662e-11
1.689935e-14
7.500562e-15
2.007309e-11
1.78539e-14
7.542246e-15
1.896185e-11
1.874891e-14
7.926648e-15
1.709124e-11
1.920488e-14
8.527667e-15
1.260538e-11
1.920201e-14
9.277256e-15
1.129307e-13
1.928686e-11
2.484172e-14
7.208848e-15
1.824036e-11
2.650595e-14
7.174993e-15
1.747064e-11
2.80855e-14
7.433613e-15
1.599645e-11
2.897649e-14
7.852429e-15
1.198332e-11
2.878197e-14
8.389933e-15
3.11239e-14
1.572922e-11
3.334806e-14
6.899018e-15
1.54338e-11
3.56279e-14
7.075718e-15
1.448788e-11
3.705277e-14
7.367104e-15
1.112121e-11
3.708618e-14
7.726388e-15
3.624279e-14
1.309916e-11
3.876713e-14
6.808448e-15
1.276267e-11
4.058666e-14
7.017594e-15
1.012016e-11
4.090354e-14
7.253455e-15
3.145089e-14
1.120923e-11
3.325616e-14
6.759486e-15
9.219211e-12
3.393421e-14
6.918288e-15
2.413782e-14
8.5213e-12
2.473893e-14
6.664039e-15
1.583069e-14
2.025732e-11
3.721768e-14
2.143699e-11
3.687709e-14
2.344223e-11
7.887942e-15
2.180265e-11
8.046079e-15
2.03595e-11
8.610073e-15
1.810914e-11
9.423894e-15
1.31774e-11
1.026219e-14
4.061094e-14
2.082143e-11
3.92413e-14
3.54443e-14
2.287053e-11
8.589966e-15
7.503749e-15
2.131864e-11
9.043394e-15
7.54757e-15
1.997041e-11
9.473991e-15
7.933653e-15
1.782508e-11
9.694165e-15
8.535387e-15
1.30134e-11
9.677469e-15
9.281662e-15
7.830213e-14
2.153097e-11
1.717421e-14
7.210106e-15
2.01783e-11
1.822901e-14
7.178638e-15
1.904789e-11
1.924826e-14
7.439629e-15
1.715014e-11
1.980857e-14
7.860888e-15
1.263028e-11
1.963755e-14
8.398969e-15
2.52256e-14
1.832125e-11
2.689804e-14
6.898081e-15
1.754841e-11
2.864273e-14
7.076487e-15
1.604729e-11
2.971616e-14
7.370891e-15
1.200448e-11
2.967393e-14
7.73277e-15
3.383765e-14
1.548596e-11
3.613278e-14
6.803141e-15
1.453487e-11
3.7772e-14
7.014606e-15
1.113834e-11
3.801522e-14
7.253772e-15
3.93258e-14
1.278736e-11
4.115859e-14
6.7479e-15
1.013772e-11
4.171553e-14
6.908394e-15
3.36883e-14
9.22272e-12
3.436099e-14
6.65276e-15
2.504642e-14
2.155604e-11
3.544509e-14
2.357035e-11
7.505782e-15
2.192129e-11
7.550726e-15
2.045742e-11
7.937697e-15
1.817844e-11
8.539815e-15
1.320899e-11
9.284432e-15
3.987301e-14
2.297773e-11
8.728301e-15
7.212797e-15
2.142394e-11
9.231288e-15
7.183025e-15
2.005806e-11
9.724192e-15
7.445728e-15
1.788573e-11
9.995687e-15
7.868719e-15
1.303996e-11
9.892337e-15
8.407247e-15
1.74342e-14
2.026344e-11
1.849383e-14
6.901066e-15
1.91262e-11
1.962227e-14
7.081162e-15
1.720368e-11
2.03075e-14
7.378108e-15
1.265343e-11
2.023592e-14
7.742082e-15
2.727549e-14
1.760744e-11
2.90319e-14
6.803382e-15
1.609598e-11
3.02742e-14
7.016926e-15
1.202404e-11
3.040631e-14
7.258813e-15
3.662749e-14
1.456556e-11
3.827594e-14
6.744327e-15
1.115695e-11
3.872873e-14
6.906983e-15
4.172311e-14
1.014476e-11
4.228174e-14
6.64291e-15
3.479278e-14
2.367878e-11
7.214571e-15
2.202649e-11
7.185693e-15
2.054564e-11
7.449288e-15
1.823974e-11
7.873167e-15
1.323623e-11
8.411929e-15
8.859114e-15
2.151158e-11
9.364354e-15
6.90496e-15
2.013646e-11
9.911225e-15
7.086293e-15
1.794047e-11
1.024543e-14
7.384978e-15
1.306404e-11
1.019095e-14
7.750392e-15
1.874862e-14
1.918881e-11
1.988461e-14
6.807415e-15
1.725276e-11
2.068141e-14
7.022744e-15
1.267448e-11
2.072947e-14
7.266821e-15
2.941201e-14
1.613168e-11
3.066192e-14
6.746116e-15
1.204352e-11
3.095926e-14
6.9105e-15
3.877531e-14
1.116724e-11
3.922708e-14
6.640904e-15
4.284441e-14
2.211521e-11
6.907368e-15
2.062397e-11
7.089349e-15
1.829491e-11
7.388916e-15
1.326066e-11
7.755056e-15
9.492273e-15
2.020117e-11
1.004289e-14
6.81206e-15
1.798962e-11
1.04322e-14
7.028609e-15
1.308576e-11
1.043781e-14
7.274134e-15
2.014059e-14
1.729114e-11
2.094242e-14
6.751287e-15
1.269414e-11
2.109955e-14
6.917073e-15
3.104476e-14
1.205653e-11
3.134217e-14
6.643881e-15
3.972426e-14
2.068957e-11
6.814857e-15
1.834402e-11
7.032026e-15
1.328262e-11
7.278272e-15
1.017119e-14
1.802955e-11
1.056307e-14
6.756663e-15
1.310545e-11
1.062249e-14
6.923361e-15
2.119979e-14
1.270862e-11
2.135708e-14
6.649806e-15
3.172275e-14
1.838461e-11
6.759819e-15
1.330229e-11
6.926971e-15
1.069191e-14
1.312077e-11
1.075152e-14
6.655608e-15
2.161264e-14
1.331797e-11
6.658957e-15
1.087932e-14
)
;

boundaryField
{
    airInlet
    {
        type            calculated;
        value           nonuniform List<scalar> 
100
(
-5.82e-08
-5.82e-08
-5.82e-08
-5.82e-08
-5.82e-08
-5.82e-08
-5.82e-08
-5.82e-08
-5.82e-08
-5.82e-08
-5.82e-08
-5.82e-08
-5.82e-08
-5.82e-08
-5.82e-08
-5.82e-08
-5.82e-08
-5.82e-08
-5.82e-08
-5.82e-08
-5.82e-08
-5.82e-08
-5.82e-08
-5.82e-08
-5.82e-08
-5.82e-08
-5.82e-08
-5.82e-08
-5.82e-08
-5.82e-08
-5.82e-08
-5.82e-08
-5.82e-08
-5.82e-08
-5.82e-08
-5.82e-08
-5.82e-08
-5.82e-08
-5.82e-08
-5.82e-08
-5.82e-08
-5.82e-08
-5.82e-08
-5.82e-08
-5.82e-08
-5.82e-08
-5.82e-08
-5.82e-08
-5.82e-08
-5.82e-08
-5.82e-08
-5.82e-08
-5.82e-08
-5.82e-08
-5.82e-08
-5.82e-08
-5.82e-08
-5.82e-08
-5.82e-08
-5.82e-08
-5.82e-08
-5.82e-08
-5.82e-08
-5.82e-08
-5.82e-08
-5.82e-08
-5.82e-08
-5.82e-08
-5.82e-08
-5.82e-08
-5.82e-08
-5.82e-08
-5.82e-08
-5.82e-08
-5.82e-08
-5.82e-08
-5.82e-08
-5.82e-08
-5.82e-08
-5.82e-08
-5.82e-08
-5.82e-08
-5.82e-08
-5.82e-08
-5.82e-08
-5.82e-08
-5.82e-08
-5.82e-08
-5.82e-08
-5.82e-08
-5.82e-08
-5.82e-08
-5.82e-08
-5.82e-08
-5.82e-08
-5.82e-08
-5.82e-08
-5.82e-08
-5.82e-08
-5.82e-08
)
;
    }
    airOutlet
    {
        type            calculated;
        value           nonuniform List<scalar> 0();
    }
    cathodeSides
    {
        type            calculated;
        value           uniform 0;
    }
    air_to_interconnect
    {
        type            calculated;
        value           uniform 0;
    }
    air_to_electrolyte
    {
        type            calculated;
        value           uniform 0;
    }
    procBoundary0to1
    {
        type            processor;
        value           nonuniform List<scalar> 
400
(
9.496214e-09
1.90237e-08
1.902005e-08
2.408767e-08
4.240801e-08
2.409475e-08
2.659349e-08
5.57492e-08
5.577402e-08
2.663662e-08
2.759372e-08
6.241314e-08
7.421725e-08
6.251981e-08
2.770365e-08
2.759372e-08
6.504168e-08
8.334898e-08
8.344497e-08
6.530913e-08
2.78203e-08
4.327554e-12
2.659349e-08
6.504168e-08
8.68832e-08
9.368023e-08
8.717878e-08
6.561054e-08
2.702949e-08
4.331279e-12
4.342825e-12
2.408767e-08
6.241314e-08
8.68832e-08
9.757525e-08
9.778392e-08
8.758046e-08
6.355238e-08
2.489407e-08
4.330047e-12
4.34645e-12
4.337721e-12
1.90237e-08
5.57492e-08
8.334898e-08
9.757525e-08
1.017788e-07
9.822486e-08
8.485159e-08
5.790891e-08
2.045872e-08
4.327978e-12
4.344885e-12
4.341243e-12
4.33139e-12
9.496214e-09
4.240801e-08
7.421725e-08
9.368023e-08
1.017788e-07
1.022301e-07
9.525392e-08
7.719759e-08
4.620152e-08
1.203537e-08
4.327974e-12
4.342107e-12
4.339458e-12
4.334904e-12
4.302935e-12
1.902005e-08
5.577402e-08
8.344497e-08
9.778392e-08
1.022301e-07
9.92038e-08
8.675601e-08
6.106578e-08
2.517744e-08
1.255944e-11
4.336749e-12
4.336317e-12
4.333132e-12
4.30661e-12
3.912576e-14
2.409475e-08
6.251981e-08
8.717878e-08
9.822486e-08
9.92038e-08
9.04521e-08
6.854696e-08
3.242325e-08
2.15376e-11
4.342525e-12
4.330791e-12
4.330063e-12
4.305356e-12
3.912786e-14
3.738237e-14
2.663662e-08
6.530913e-08
8.758046e-08
9.525392e-08
9.04521e-08
7.150719e-08
3.608208e-08
2.64718e-11
4.355396e-12
4.320603e-12
4.325011e-12
4.303211e-12
3.912117e-14
3.738443e-14
3.690759e-14
2.770365e-08
6.561054e-08
8.485159e-08
8.675601e-08
7.150719e-08
3.755823e-08
2.895375e-11
4.361644e-12
4.313336e-12
4.317094e-12
4.29972e-12
3.911008e-14
3.738219e-14
3.691188e-14
3.614648e-14
2.78203e-08
6.355238e-08
7.719759e-08
6.854696e-08
3.755823e-08
2.99527e-11
4.364287e-12
4.30833e-12
4.310873e-12
4.294402e-12
3.909128e-14
3.737971e-14
3.691577e-14
3.615096e-14
3.442959e-14
2.702949e-08
5.790891e-08
6.106578e-08
3.608208e-08
2.99527e-11
4.365156e-12
4.305249e-12
4.30633e-12
4.289916e-12
3.906031e-14
3.737571e-14
3.692641e-14
3.615706e-14
3.443044e-14
7.007709e-15
2.489407e-08
4.620152e-08
3.242325e-08
2.895375e-11
4.365156e-12
4.303795e-12
4.303424e-12
4.286348e-12
3.903386e-14
3.736605e-14
3.694682e-14
3.617547e-14
3.44307e-14
7.00631e-15
6.709923e-15
2.045872e-08
2.517744e-08
2.64718e-11
4.364287e-12
4.303795e-12
4.30202e-12
4.283909e-12
3.901088e-14
3.736194e-14
3.697424e-14
3.621427e-14
3.444272e-14
7.004359e-15
6.707873e-15
6.62011e-15
1.203537e-08
2.15376e-11
4.361644e-12
4.305249e-12
4.30202e-12
4.28268e-12
3.899388e-14
3.735786e-14
3.701278e-14
3.627359e-14
3.447741e-14
7.004164e-15
6.704676e-15
6.617654e-15
6.566676e-15
1.255944e-11
4.355396e-12
4.30833e-12
4.303424e-12
4.28268e-12
3.898498e-14
3.735398e-14
3.704754e-14
3.635221e-14
3.453727e-14
7.008344e-15
6.702684e-15
6.613669e-15
6.563852e-15
6.468893e-15
4.327974e-12
4.342524e-12
4.313336e-12
4.30633e-12
4.283909e-12
3.898498e-14
3.735167e-14
3.707248e-14
3.642536e-14
3.462085e-14
7.017853e-15
6.704707e-15
6.610565e-15
6.559114e-15
6.465867e-15
4.327978e-12
4.336748e-12
4.320603e-12
4.310873e-12
4.286348e-12
3.899388e-14
3.735167e-14
3.708539e-14
3.647943e-14
3.469892e-14
7.033078e-15
6.712269e-15
6.611316e-15
6.554832e-15
6.460685e-15
4.330047e-12
4.342107e-12
4.330791e-12
4.317094e-12
4.289916e-12
3.901088e-14
3.735398e-14
3.708539e-14
3.650792e-14
3.475478e-14
7.047503e-15
6.7264e-15
6.617872e-15
6.553981e-15
6.455622e-15
4.331279e-12
4.344885e-12
4.336317e-12
4.325011e-12
4.294402e-12
3.903385e-14
3.735786e-14
3.707248e-14
3.650792e-14
3.478306e-14
7.057445e-15
6.740605e-15
6.631563e-15
6.558729e-15
6.453549e-15
4.327553e-12
4.34645e-12
4.339458e-12
4.330062e-12
4.29972e-12
3.906031e-14
3.736194e-14
3.704754e-14
3.647944e-14
3.478306e-14
7.062268e-15
6.750863e-15
6.645853e-15
6.570705e-15
6.456687e-15
4.342824e-12
4.341243e-12
4.333132e-12
4.30321e-12
3.909127e-14
3.736605e-14
3.701278e-14
3.642536e-14
3.475478e-14
7.062268e-15
6.756077e-15
6.656479e-15
6.583631e-15
6.466892e-15
4.33772e-12
4.334903e-12
4.305356e-12
3.911007e-14
3.737571e-14
3.697424e-14
3.63522e-14
3.469892e-14
7.057445e-15
6.756078e-15
6.662019e-15
6.593357e-15
6.478254e-15
4.33139e-12
4.30661e-12
3.912116e-14
3.73797e-14
3.694681e-14
3.627359e-14
3.462085e-14
7.047503e-15
6.750864e-15
6.662019e-15
6.598465e-15
6.486855e-15
4.302934e-12
3.912786e-14
3.738219e-14
3.692641e-14
3.621426e-14
3.453727e-14
7.033077e-15
6.740606e-15
6.65648e-15
6.598466e-15
6.491383e-15
3.912576e-14
3.738443e-14
3.691577e-14
3.617547e-14
3.44774e-14
7.017853e-15
6.7264e-15
6.645853e-15
6.593357e-15
6.491383e-15
3.738237e-14
3.691188e-14
3.615707e-14
3.444272e-14
7.008343e-15
6.712269e-15
6.631563e-15
6.583631e-15
6.486855e-15
3.690759e-14
3.615096e-14
3.44307e-14
7.004164e-15
6.704706e-15
6.617872e-15
6.570704e-15
6.478255e-15
3.614649e-14
3.443045e-14
7.004359e-15
6.702684e-15
6.611315e-15
6.558729e-15
6.466891e-15
3.44296e-14
7.006312e-15
6.704677e-15
6.610565e-15
6.553981e-15
6.456686e-15
7.007711e-15
6.707874e-15
6.61367e-15
6.554832e-15
6.453548e-15
6.709925e-15
6.617655e-15
6.559114e-15
6.455621e-15
6.620111e-15
6.563853e-15
6.460686e-15
6.566677e-15
6.465869e-15
6.468894e-15
)
;
    }
}
)

// processor1

157639
(dimensions      [0 3 -1 0 0 0 0];

oriented        oriented;

internalField   nonuniform List<scalar> 
11150
(
8.362463e-11
9.330217e-09
8.292255e-11
2.481399e-10
1.872925e-08
1.315635e-10
8.024365e-11
9.157677e-09
9.267565e-11
1.66005e-10
1.872723e-08
2.115314e-10
3.129301e-10
2.379696e-08
2.285579e-10
2.238637e-10
1.843872e-08
1.476298e-10
4.854815e-10
4.184885e-08
3.790936e-10
7.002796e-11
9.014717e-09
7.330899e-11
1.523948e-10
1.843863e-08
2.297265e-10
2.623813e-10
2.380579e-08
2.414602e-10
2.079151e-10
2.635806e-08
3.438126e-10
2.867407e-10
2.350617e-08
2.287821e-10
6.0207e-10
5.526385e-08
6.119323e-10
1.898833e-10
1.819543e-08
1.241586e-10
4.258334e-10
4.133528e-08
3.895361e-10
7.053513e-10
5.529019e-08
4.365726e-10
5.889919e-11
8.897402e-09
5.879076e-11
1.290514e-10
1.819645e-08
1.872651e-10
2.383646e-10
2.351751e-08
2.809147e-10
3.534088e-10
2.640268e-08
1.271067e-10
-5.422716e-17
2.739894e-08
4.064464e-10
1.943292e-10
2.61141e-08
3.373113e-10
4.007489e-10
6.2135e-08
8.430934e-10
2.465242e-10
2.326121e-08
1.891917e-10
5.331344e-10
5.480661e-08
5.809644e-10
8.498384e-10
7.400477e-08
7.1217e-10
1.599585e-10
1.799297e-08
1.021182e-10
3.583606e-10
4.089668e-08
3.352778e-10
6.199023e-10
5.483499e-08
4.660064e-10
8.754166e-10
6.224667e-08
2.144183e-10
4.983238e-11
8.798673e-09
4.928157e-11
1.077697e-10
1.799458e-08
1.537229e-10
1.960287e-10
2.327459e-08
2.354269e-10
3.341894e-10
2.61609e-08
1.903029e-10
3.937711e-10
2.751067e-08
-6.667798e-11
-2.079153e-10
2.739894e-08
4.064464e-10
1.835878e-16
2.719103e-08
4.031947e-10
2.308597e-17
6.490557e-08
9.658144e-10
1.697964e-10
2.591005e-08
2.817119e-10
3.592573e-10
6.185418e-08
7.9447e-10
5.594772e-10
8.354929e-08
9.77527e-10
2.106622e-10
2.305547e-08
1.559113e-10
4.54874e-10
5.440928e-08
4.923233e-10
7.515526e-10
7.376832e-08
6.893022e-10
1.023911e-09
8.365191e-08
4.094595e-10
1.359094e-10
1.782188e-08
8.576166e-11
3.012752e-10
4.052472e-08
2.823851e-10
5.164137e-10
5.443967e-08
4.130933e-10
7.962577e-10
6.197102e-08
2.836094e-10
9.428002e-10
6.518482e-08
-1.731316e-10
4.248548e-11
8.714537e-09
4.20383e-11
9.054203e-11
1.782387e-08
1.302952e-10
1.621908e-10
2.307017e-08
1.972097e-10
2.773488e-10
2.595939e-08
1.613759e-10
3.901415e-10
2.730492e-08
8.359311e-12
3.859654e-10
2.762787e-08
-2.514966e-10
-3.505244e-12
4.226901e-12
3.612555e-12
-3.129302e-10
2.635806e-08
3.438127e-10
-1.943289e-10
2.719103e-08
4.031948e-10
-4.007488e-10
6.490557e-08
9.658144e-10
8.770342e-17
2.70198e-08
3.419942e-10
1.742146e-16
6.475058e-08
9.199851e-10
7.278074e-17
8.73406e-08
1.118543e-09
1.47167e-10
2.573878e-08
2.356987e-10
3.104594e-10
6.160758e-08
6.752347e-10
4.993405e-10
8.366805e-08
9.317423e-10
6.661876e-10
9.446597e-08
6.224829e-10
1.810457e-10
2.288055e-08
1.306862e-10
3.874286e-10
5.40663e-08
4.150378e-10
6.365914e-10
7.354713e-08
5.970072e-10
9.310404e-10
8.377716e-08
4.342457e-10
1.087472e-09
8.765715e-08
-1.396111e-10
1.162093e-10
1.767586e-08
7.304088e-11
2.549347e-10
4.020782e-08
2.401376e-10
4.330607e-10
5.40985e-08
3.555768e-10
6.70935e-10
6.172942e-08
2.652204e-10
8.896308e-10
6.504068e-08
-6.62304e-11
9.215339e-10
6.549432e-08
-5.463727e-10
3.641105e-11
8.642364e-09
3.616213e-11
7.670886e-11
1.767815e-08
1.118958e-10
1.356464e-10
2.289624e-08
1.698532e-10
2.327363e-10
2.57899e-08
1.357346e-10
3.28074e-10
2.713749e-08
3.142688e-12
3.94191e-10
2.742231e-08
-1.771134e-10
3.342965e-10
2.679571e-08
-3.423175e-10
-6.928917e-12
4.230672e-12
3.533908e-12
-3.530435e-12
4.127752e-12
3.636155e-12
-3.508456e-12
4.241765e-12
7.234826e-12
-2.4814e-10
2.379696e-08
2.285579e-10
-2.867406e-10
2.61141e-08
3.373114e-10
-6.0207e-10
6.2135e-08
8.430935e-10
-1.697962e-10
2.70198e-08
3.419942e-10
-3.59257e-10
6.475058e-08
9.199851e-10
-5.59477e-10
8.73406e-08
1.118543e-09
-5.92524e-17
2.68774e-08
2.90524e-10
1.953418e-16
6.461598e-08
7.896421e-10
1.182352e-16
8.769013e-08
1.073697e-09
9.00281e-17
9.870131e-08
7.420809e-10
1.279208e-10
2.559309e-08
1.997759e-10
2.673987e-10
6.139241e-08
5.734198e-10
4.283067e-10
8.375181e-08
8.037287e-10
6.090174e-10
9.510141e-08
6.235498e-10
7.033902e-10
9.892916e-08
-3.581848e-11
1.562009e-10
2.273061e-08
1.108553e-10
3.313456e-10
5.377019e-08
3.527683e-10
5.413921e-10
7.334499e-08
5.125532e-10
7.967421e-10
8.38668e-08
3.867414e-10
1.019198e-09
8.802633e-08
-5.774655e-11
1.062101e-09
8.80792e-08
-6.866779e-10
9.97626e-11
1.755052e-08
6.276404e-11
2.171134e-10
3.993642e-08
2.058994e-10
3.661343e-10
5.380397e-08
3.071394e-10
5.692568e-10
6.151853e-08
2.34072e-10
7.595614e-10
6.491699e-08
-3.698269e-11
8.890511e-10
6.535706e-08
-4.166025e-10
8.2097e-10
6.329742e-08
-7.280449e-10
3.134322e-11
8.580177e-09
3.124892e-11
6.538421e-11
1.755306e-08
9.674678e-11
1.145251e-10
2.274711e-08
1.477786e-10
1.974751e-10
2.564564e-08
1.184092e-10
2.792997e-10
2.6998e-08
-1.712961e-12
3.309396e-10
2.725665e-08
-1.590629e-10
3.454795e-10
2.655316e-08
-2.762554e-10
2.381259e-10
2.459881e-08
-2.759209e-10
-1.024901e-11
4.229749e-12
3.435856e-12
-6.979702e-12
4.131397e-12
3.558094e-12
-6.893334e-12
4.245437e-12
7.035123e-12
-3.570024e-12
4.044864e-12
3.659428e-12
-3.533394e-12
4.142276e-12
7.281738e-12
-3.526509e-12
4.236781e-12
1.090168e-11
-8.362461e-11
1.872925e-08
1.315635e-10
-2.238636e-10
2.350617e-08
2.287821e-10
-4.854815e-10
5.526385e-08
6.119325e-10
-2.465242e-10
2.591005e-08
2.817119e-10
-5.331343e-10
6.185418e-08
7.944699e-10
-8.498381e-10
8.354929e-08
9.775273e-10
-1.47167e-10
2.68774e-08
2.90524e-10
-3.10459e-10
6.461598e-08
7.896421e-10
-4.993404e-10
8.769013e-08
1.073697e-09
-6.661875e-10
9.870131e-08
7.42081e-10
2.58945e-16
2.675705e-08
2.492527e-10
-1.37948e-16
6.449952e-08
6.769642e-10
2.483566e-16
8.798004e-08
9.320821e-10
8.06574e-17
9.964875e-08
7.404902e-10
2.052632e-17
1.033056e-07
3.650038e-11
1.113785e-10
2.546805e-08
1.70836e-10
2.308145e-10
6.120498e-08
4.903361e-10
3.682084e-10
8.381128e-08
6.911321e-10
5.270872e-10
9.563672e-08
5.435455e-10
6.605962e-10
9.989479e-08
2.341407e-11
6.867598e-10
9.940164e-08
-7.084086e-10
1.350521e-10
2.260147e-08
9.479621e-11
2.845777e-10
5.351408e-08
3.018917e-10
4.629356e-10
7.316293e-08
4.418513e-10
6.845908e-10
8.393137e-08
3.378986e-10
8.825246e-10
8.833443e-08
-3.733965e-11
1.013429e-09
8.846629e-08
-5.603196e-10
9.581714e-10
8.510915e-08
-9.812433e-10
8.61398e-11
1.744239e-08
5.412583e-11
1.858018e-10
3.970302e-08
1.776809e-10
3.116825e-10
5.354923e-08
2.664453e-10
4.865038e-10
6.133488e-08
2.059545e-10
6.522776e-10
6.480998e-08
-2.632138e-11
7.606038e-10
6.524082e-08
-3.431948e-10
7.956374e-10
6.303644e-08
-5.96976e-10
6.355443e-10
5.742918e-08
-6.007269e-10
2.737434e-11
8.525757e-09
2.746544e-11
5.592275e-11
1.744512e-08
8.414221e-11
9.734804e-11
2.261865e-08
1.291642e-10
1.688928e-10
2.552184e-08
1.044552e-10
2.403424e-10
2.688011e-08
-1.69508e-12
2.815577e-10
2.711889e-08
-1.425253e-10
2.845325e-10
2.635507e-08
-2.418679e-10
2.51565e-10
2.430378e-08
-2.287054e-10
1.392474e-10
2.014135e-08
-9.064002e-11
-1.363453e-11
4.228143e-12
3.508439e-12
-1.032673e-11
4.130412e-12
3.461771e-12
-1.004264e-11
4.244186e-12
6.705817e-12
-7.06001e-12
4.048438e-12
3.582469e-12
-6.943261e-12
4.145824e-12
7.08285e-12
-6.894604e-12
4.240352e-12
1.054495e-11
-3.607987e-12
3.976365e-12
3.682962e-12
-3.572458e-12
4.059093e-12
7.327747e-12
-3.551036e-12
4.137407e-12
1.097164e-11
-3.583003e-12
4.230597e-12
1.471918e-11
9.330217e-09
8.292253e-11
-8.024363e-11
1.843872e-08
1.476298e-10
-1.66005e-10
4.184885e-08
3.790937e-10
-1.898832e-10
2.326121e-08
1.891918e-10
-4.258335e-10
5.480661e-08
5.809642e-10
-7.053512e-10
7.400477e-08
7.121703e-10
-2.106623e-10
2.573878e-08
2.356987e-10
-4.548737e-10
6.160758e-08
6.752349e-10
-7.515527e-10
8.366805e-08
9.31742e-10
-1.023911e-09
9.446597e-08
6.224833e-10
-1.279203e-10
2.675705e-08
2.492528e-10
-2.67399e-10
6.449952e-08
6.769641e-10
-4.283063e-10
8.798004e-08
9.320823e-10
-6.090174e-10
9.964875e-08
7.4049e-10
-7.033902e-10
1.033056e-07
3.650054e-11
-4.658817e-16
2.665419e-08
2.152232e-10
4.267929e-16
6.43989e-08
5.8335e-10
-2.095826e-16
8.822277e-08
8.065216e-10
2.078441e-16
1.00467e-07
6.464045e-10
1.025486e-16
1.046256e-07
8.777105e-11
-8.46748e-17
1.037946e-07
-6.933083e-10
9.701484e-11
2.536019e-08
1.469038e-10
1.99739e-10
6.104163e-08
4.2163e-10
3.177053e-10
8.385418e-08
5.968237e-10
4.572929e-10
9.60905e-08
4.70221e-10
5.778892e-10
1.007297e-07
2.046664e-11
6.554082e-10
1.003957e-07
-6.035924e-10
6.230552e-10
9.612178e-08
-1.100658e-09
1.173301e-10
2.248976e-08
8.148359e-11
2.451887e-10
5.329216e-08
2.598117e-10
3.97689e-10
7.300038e-08
3.822838e-10
5.909131e-10
8.397877e-08
2.954696e-10
7.665319e-10
8.859318e-08
-2.80252e-11
8.797846e-10
8.879088e-08
-4.720655e-10
9.166146e-10
8.52775e-08
-8.386175e-10
7.652829e-10
7.702456e-08
-8.48989e-10
7.467038e-11
1.73482e-08
4.770909e-11
1.597233e-10
3.950126e-08
1.540187e-10
2.667296e-10
5.332849e-08
2.320775e-10
4.181763e-10
6.117491e-08
1.813218e-10
5.635261e-10
6.47177e-08
-1.932923e-11
6.540848e-10
6.514062e-08
-2.915275e-10
6.734984e-10
6.281096e-08
-4.980613e-10
6.181277e-10
5.697641e-08
-5.012022e-10
4.165416e-10
4.559267e-08
-2.388842e-10
2.281219e-11
2.309435e-11
4.878773e-11
1.73511e-08
7.360376e-11
8.318622e-11
2.250751e-08
1.134018e-10
1.451713e-10
2.541509e-08
9.252175e-11
2.081741e-10
2.677942e-08
-7.213768e-13
2.423949e-10
2.700259e-08
-1.248708e-10
2.377253e-10
2.618887e-08
-2.105814e-10
2.015288e-10
2.405999e-08
-1.957565e-10
1.611454e-10
1.983134e-08
-7.606454e-11
8.959364e-11
1.182092e-08
3.805535e-11
-1.779069e-11
4.228682e-12
4.264574e-12
-1.374324e-11
4.128707e-12
3.539011e-12
-1.288627e-11
4.241876e-12
6.476832e-12
-1.045094e-11
4.047478e-12
3.4893e-12
-1.011781e-11
4.144519e-12
6.755902e-12
-9.929879e-12
4.238884e-12
9.884281e-12
-7.137116e-12
3.979909e-12
3.607167e-12
-7.021813e-12
4.062573e-12
7.130356e-12
-6.943363e-12
4.140858e-12
1.061561e-11
-6.982619e-12
4.23416e-12
1.417696e-11
-3.640259e-12
3.919096e-12
3.703973e-12
-3.609891e-12
3.990343e-12
7.374278e-12
-3.589433e-12
4.05432e-12
1.103989e-11
-3.607193e-12
4.131358e-12
1.481226e-11
-3.666981e-12
4.202829e-12
1.918008e-11
9.157677e-09
9.267569e-11
1.872723e-08
2.115314e-10
-7.002796e-11
1.819543e-08
1.241586e-10
-1.523948e-10
4.133528e-08
3.895359e-10
-2.623812e-10
5.529019e-08
4.365729e-10
-1.599585e-10
2.305547e-08
1.559113e-10
-3.583604e-10
5.440928e-08
4.923235e-10
-6.199024e-10
7.376832e-08
6.893018e-10
-8.754165e-10
8.365191e-08
4.094599e-10
-1.810454e-10
2.559309e-08
1.99776e-10
-3.874289e-10
6.139241e-08
5.734196e-10
-6.36591e-10
8.375181e-08
8.03729e-10
-9.310405e-10
9.510141e-08
6.235492e-10
-1.087472e-09
9.892916e-08
-3.581808e-11
-1.113794e-10
2.665419e-08
2.152231e-10
-2.308138e-10
6.43989e-08
5.833501e-10
-3.682088e-10
8.822277e-08
8.065214e-10
-5.270868e-10
1.00467e-07
6.464047e-10
-6.605961e-10
1.046256e-07
8.777083e-11
-6.8676e-10
1.037946e-07
-6.933082e-10
1.653366e-16
2.656574e-08
1.864958e-10
-6.577889e-16
6.431176e-08
5.04783e-10
4.649199e-16
8.842818e-08
6.998957e-10
-1.957643e-16
1.01176e-07
5.603502e-10
1.10017e-16
1.057851e-07
7.186871e-11
2.117231e-16
1.05149e-07
-6.025565e-10
-1.772574e-16
1.004301e-07
-1.134901e-09
8.48023e-11
2.526677e-08
1.269708e-10
1.731631e-10
6.089918e-08
3.640903e-10
2.74988e-10
8.388554e-08
5.171674e-10
3.979421e-10
9.647794e-08
4.081623e-10
5.063632e-10
1.014537e-07
1.383242e-11
5.748315e-10
1.01256e-07
-5.255675e-10
5.958316e-10
9.682911e-08
-9.788132e-10
5.0424e-10
8.703837e-08
-9.974298e-10
1.01976e-10
2.239242e-08
7.104059e-11
2.120139e-10
5.309926e-08
2.245714e-10
3.428868e-10
7.285611e-08
3.31907e-10
5.119726e-10
8.401413e-08
2.585856e-10
6.680303e-10
8.881276e-08
-2.136681e-11
7.656847e-10
8.906422e-08
-4.038731e-10
7.894792e-10
8.540607e-08
-7.056055e-10
7.323995e-10
7.681977e-08
-7.357843e-10
5.188173e-10
6.054198e-08
-3.703221e-10
6.290793e-11
4.008065e-11
1.384633e-10
3.932654e-08
1.347841e-10
2.293258e-10
5.313662e-08
2.027797e-10
3.60922e-10
6.103551e-08
1.599905e-10
4.890498e-10
6.463797e-08
-1.425616e-11
5.657595e-10
6.505444e-08
-2.494541e-10
5.729286e-10
6.261445e-08
-4.218251e-10
5.158752e-10
5.658677e-08
-4.135652e-10
4.238513e-10
4.503949e-08
-2.020127e-10
2.465804e-10
2.477068e-08
2.256852e-11
4.053117e-11
6.268151e-11
7.204451e-11
2.241067e-08
9.973894e-11
1.254124e-10
2.532268e-08
8.217858e-11
1.809298e-10
2.669295e-08
3.770177e-13
2.100878e-10
2.690334e-08
-1.087026e-10
2.016042e-10
2.604761e-08
-1.818574e-10
1.637942e-10
2.3855e-08
-1.657403e-10
1.267949e-10
1.957582e-08
-6.351493e-11
1.041999e-10
1.160477e-08
3.846485e-11
-7.684163e-12
1.229606e-11
2.82894e-11
-1.794149e-11
4.129049e-12
4.30669e-12
-1.545138e-11
4.237147e-12
6.948665e-12
-1.391963e-11
4.045812e-12
3.574763e-12
-1.298779e-11
4.14213e-12
6.533216e-12
-1.241812e-11
4.236212e-12
9.10796e-12
-1.057047e-11
3.979031e-12
3.517278e-12
-1.023677e-11
4.061299e-12
6.807449e-12
-1.000214e-11
4.139343e-12
9.956934e-12
-9.984074e-12
4.232708e-12
1.311109e-11
-7.202576e-12
3.922615e-12
3.629114e-12
-7.097177e-12
3.993794e-12
7.178532e-12
-7.020067e-12
4.057704e-12
1.068524e-11
-7.030451e-12
4.134803e-12
1.427037e-11
-7.136858e-12
4.206554e-12
1.84289e-11
-3.669749e-12
3.870263e-12
3.725005e-12
-3.641734e-12
3.932865e-12
7.415864e-12
-3.626168e-12
3.985644e-12
1.110889e-11
-3.64504e-12
4.048382e-12
1.490266e-11
-3.690861e-12
4.104206e-12
1.929674e-11
-4.021693e-14
3.821029e-14
1.935742e-11
9.014717e-09
7.330899e-11
1.843863e-08
2.297264e-10
2.380579e-08
2.414604e-10
-5.889914e-11
1.799297e-08
1.021181e-10
-1.290513e-10
4.089668e-08
3.35278e-10
-2.383647e-10
5.483499e-08
4.66006e-10
-3.534088e-10
6.224667e-08
2.144187e-10
-1.359093e-10
2.288055e-08
1.306863e-10
-3.012753e-10
5.40663e-08
4.150376e-10
-5.164134e-10
7.354713e-08
5.970077e-10
-7.962579e-10
8.377716e-08
4.342451e-10
-9.428002e-10
8.765715e-08
-1.396106e-10
-1.562013e-10
2.546805e-08
1.708358e-10
-3.313451e-10
6.120498e-08
4.903364e-10
-5.413925e-10
8.381128e-08
6.911318e-10
-7.967417e-10
9.563672e-08
5.43546e-10
-1.019198e-09
9.989479e-08
2.341355e-11
-1.062101e-09
9.940164e-08
-7.084082e-10
-9.701453e-11
2.656574e-08
1.864958e-10
-1.997401e-10
6.431176e-08
5.047829e-10
-3.177045e-10
8.842818e-08
6.998958e-10
-4.572933e-10
1.01176e-07
5.6035e-10
-5.77889e-10
1.057851e-07
7.18689e-11
-6.554079e-10
1.05149e-07
-6.025566e-10
-6.230556e-10
1.004301e-07
-1.134901e-09
-2.285559e-16
2.64893e-08
1.622753e-10
3.102484e-16
6.423613e-08
4.380807e-10
-6.52391e-16
8.860333e-08
6.089021e-10
3.820665e-16
1.017929e-07
4.868027e-10
-4.530773e-17
1.068048e-07
5.439331e-11
-6.147432e-17
1.063392e-07
-5.344039e-10
3.370661e-16
1.014667e-07
-1.032215e-09
-2.01265e-16
9.101902e-08
-1.05415e-09
7.403765e-11
2.518536e-08
1.104314e-10
1.505149e-10
6.077473e-08
3.156364e-10
2.385979e-10
8.390886e-08
4.49429e-10
3.471486e-10
9.681064e-08
3.551777e-10
4.445744e-10
1.020838e-07
9.131131e-12
5.047397e-10
1.020021e-07
-4.619101e-10
5.190355e-10
9.74271e-08
-8.416425e-10
4.821688e-10
8.722536e-08
-9.025318e-10
3.465157e-10
6.826362e-08
-4.631953e-10
8.668288e-11
5.942633e-11
1.842383e-10
5.293182e-08
1.953534e-10
2.966261e-10
7.27284e-08
2.889423e-10
4.448071e-10
8.404104e-08
2.267228e-10
5.83742e-10
8.900051e-08
-1.657423e-11
6.68381e-10
8.929667e-08
-3.472589e-10
6.815231e-10
8.550427e-08
-5.997825e-10
6.243201e-10
7.66269e-08
-6.091682e-10
5.154087e-10
6.005401e-08
-3.279705e-10
2.983309e-10
3.200654e-08
1.388083e-11
1.169188e-10
1.149508e-10
1.983525e-10
5.297008e-08
1.781868e-10
3.127457e-10
6.091382e-08
1.413703e-10
4.256635e-10
6.456901e-08
-1.018341e-11
4.914349e-10
6.498014e-08
-2.143558e-10
4.907337e-10
6.244343e-08
-3.593689e-10
4.320299e-10
5.625022e-08
-3.447015e-10
3.520018e-10
4.457158e-08
-1.626475e-10
2.630966e-10
2.439222e-08
2.287374e-11
-3.409805e-12
2.113572e-11
1.874026e-11
5.984071e-11
8.592309e-11
1.09019e-10
2.524219e-08
7.30133e-11
1.578702e-10
2.661834e-08
1.203089e-12
1.827047e-10
2.681813e-08
-9.430781e-11
1.724856e-10
2.592644e-08
-1.567722e-10
1.35825e-10
2.368057e-08
-1.397685e-10
1.010406e-10
1.936259e-08
-5.026779e-11
7.56939e-11
1.142888e-08
3.904109e-11
-7.740043e-12
1.205427e-11
2.858188e-11
-8.275798e-12
4.24355e-12
2.125538e-11
-1.819262e-11
4.046162e-12
4.364556e-12
-1.558212e-11
4.137314e-12
7.020038e-12
-1.405241e-11
4.231304e-12
8.720048e-12
-1.408999e-11
3.977492e-12
3.611124e-12
-1.314897e-11
4.058962e-12
6.594711e-12
-1.251266e-11
4.136604e-12
9.186189e-12
-1.228535e-11
4.230109e-12
1.162784e-11
-1.067172e-11
3.921804e-12
3.541887e-12
-1.035118e-11
3.992607e-12
6.860007e-12
-1.011662e-11
4.056226e-12
1.003004e-11
-1.005417e-11
4.133307e-12
1.320546e-11
-1.01746e-11
4.205613e-12
1.68967e-11
-7.262479e-12
3.873766e-12
3.651077e-12
-7.161216e-12
3.936292e-12
7.221423e-12
-7.093519e-12
3.989e-12
1.075585e-11
-7.105722e-12
4.051761e-12
1.436172e-11
-7.183934e-12
4.107809e-12
1.854548e-11
-7.865051e-14
3.821384e-14
1.860264e-11
-3.695293e-12
3.828602e-12
3.743359e-12
-3.670813e-12
3.883852e-12
7.45752e-12
-3.65744e-12
3.928229e-12
1.117062e-11
-3.681175e-12
3.979788e-12
1.499396e-11
-3.728191e-12
4.021746e-12
1.940964e-11
-4.043388e-14
3.731487e-14
1.947439e-11
-3.996199e-14
3.65112e-14
1.967024e-11
8.897402e-09
5.879081e-11
1.819645e-08
1.872652e-10
2.351751e-08
2.809146e-10
2.640268e-08
1.27107e-10
-4.983236e-11
1.782188e-08
8.576173e-11
-1.077697e-10
4.052472e-08
2.82385e-10
-1.960285e-10
5.443967e-08
4.130936e-10
-3.341895e-10
6.197102e-08
2.836089e-10
-3.93771e-10
6.518482e-08
-1.731312e-10
-1.162094e-10
2.273061e-08
1.108552e-10
-2.549344e-10
5.377019e-08
3.527686e-10
-4.330609e-10
7.334499e-08
5.125529e-10
-6.709348e-10
8.38668e-08
3.86742e-10
-8.896308e-10
8.802633e-08
-5.774716e-11
-9.215339e-10
8.80792e-08
-6.866775e-10
-1.350519e-10
2.536019e-08
1.469039e-10
-2.845783e-10
6.104163e-08
4.216297e-10
-4.62935e-10
8.385418e-08
5.968241e-10
-6.845911e-10
9.60905e-08
4.702206e-10
-8.825244e-10
1.007297e-07
2.046718e-11
-1.013428e-09
1.003957e-07
-6.035928e-10
-9.581717e-10
9.612178e-08
-1.100657e-09
-8.48027e-11
2.64893e-08
1.622753e-10
-1.731625e-10
6.423613e-08
4.380809e-10
-2.749891e-10
8.860333e-08
6.08902e-10
-3.979414e-10
1.017929e-07
4.868029e-10
-5.063633e-10
1.068048e-07
5.439313e-11
-5.748316e-10
1.063392e-07
-5.344037e-10
-5.95831e-10
1.014667e-07
-1.032216e-09
-5.042404e-10
9.101902e-08
-1.05415e-09
1.219261e-16
2.642287e-08
1.415791e-10
-3.835181e-16
6.41703e-08
3.814104e-10
3.584727e-16
8.875371e-08
5.307728e-10
-4.993959e-16
1.023312e-07
4.237108e-10
2.240525e-16
1.07703e-07
4.07572e-11
1.865845e-16
1.073857e-07
-4.780126e-10
-1.881964e-16
1.023623e-07
-8.997243e-10
3.805542e-16
9.146085e-08
-9.788883e-10
-1.926524e-16
7.139282e-08
-5.032525e-10
6.335268e-11
9.290518e-11
1.312731e-10
6.066662e-08
2.744266e-10
2.075009e-10
8.392644e-08
3.915355e-10
3.033795e-10
9.709783e-08
3.097911e-10
3.909252e-10
1.02634e-07
5.681975e-12
4.439218e-10
1.026517e-07
-4.063073e-10
4.52556e-10
9.793449e-08
-7.288302e-10
4.163785e-10
8.736597e-08
-7.614677e-10
3.43251e-10
6.797784e-08
-4.32194e-10
1.958991e-10
3.573705e-08
9.12089e-12
1.569783e-10
1.661791e-10
2.575238e-10
7.261632e-08
2.524913e-10
3.87459e-10
8.406188e-08
1.989891e-10
5.110012e-10
8.916213e-08
-1.281953e-11
5.847723e-10
8.949572e-08
-2.998103e-10
5.90447e-10
8.558071e-08
-5.125988e-10
5.326911e-10
7.644783e-08
-5.097128e-10
4.392271e-10
5.963328e-08
-2.648143e-10
3.150304e-10
3.161931e-08
1.41243e-11
-1.475334e-12
2.606553e-11
1.238753e-11
1.677349e-10
1.535725e-10
2.717582e-10
6.080823e-08
1.254127e-10
3.716123e-10
6.450923e-08
-7.056638e-12
4.280524e-10
6.491597e-08
-1.84462e-10
4.224917e-10
6.229444e-08
-3.074041e-10
3.649904e-10
5.595932e-08
-2.891604e-10
2.921245e-10
4.417431e-08
-1.3079e-10
2.102216e-10
2.40766e-08
2.329549e-11
-3.42853e-12
2.077898e-11
1.896057e-11
-4.47931e-12
4.256418e-12
1.506807e-11
9.157332e-11
6.376586e-11
1.381363e-10
2.655358e-08
1.930945e-12
1.59467e-10
2.674464e-08
-8.201557e-11
1.483267e-10
2.582199e-08
-1.350173e-10
1.140217e-10
2.353093e-08
-1.178227e-10
8.274885e-11
1.918211e-08
-3.892003e-11
5.764744e-11
1.128352e-08
3.963216e-11
-7.874207e-12
1.184968e-11
2.900458e-11
-8.342336e-12
4.143319e-12
2.148478e-11
-8.67412e-12
4.221991e-12
1.602287e-11
-1.843591e-11
3.977986e-12
4.422636e-12
-1.578891e-11
4.05424e-12
7.106772e-12
-1.41662e-11
4.131624e-12
8.81081e-12
-1.341285e-11
4.225667e-12
1.005468e-11
-1.423382e-11
3.920368e-12
3.642618e-12
-1.330463e-11
3.990406e-12
6.657817e-12
-1.266307e-11
4.053547e-12
9.267326e-12
-1.237519e-11
4.130645e-12
1.172543e-11
-1.24293e-11
4.203929e-12
1.456548e-11
-1.076459e-11
3.873023e-12
3.566441e-12
-1.044823e-11
3.935175e-12
6.906425e-12
-1.022644e-11
3.98761e-12
1.010468e-11
-1.016541e-11
4.050302e-12
1.329881e-11
-1.024319e-11
4.106816e-12
1.701309e-11
-1.127922e-13
3.821032e-14
1.706096e-11
-7.314351e-12
3.832085e-12
3.670237e-12
-7.219774e-12
3.887264e-12
7.264417e-12
-7.155983e-12
3.931563e-12
1.081882e-11
-7.177634e-12
3.98314e-12
1.445427e-11
-7.25805e-12
4.025281e-12
1.865894e-11
-7.907706e-14
3.731814e-14
1.871954e-11
-7.824602e-14
3.651471e-14
1.891304e-11
-3.719208e-12
3.792594e-12
3.761604e-12
-3.696006e-12
3.842038e-12
7.493879e-12
-3.685963e-12
3.879265e-12
1.123249e-11
-3.711965e-12
3.922444e-12
1.507576e-11
-3.763748e-12
3.953568e-12
1.952342e-11
-4.076961e-14
3.656483e-14
1.95876e-11
-4.016952e-14
3.565498e-14
1.978709e-11
-4.068642e-14
3.604845e-14
2.034162e-11
8.798673e-09
4.928157e-11
1.799458e-08
1.53723e-10
2.327459e-08
2.35427e-10
2.61609e-08
1.903026e-10
2.751067e-08
-6.667773e-11
-4.248552e-11
1.767586e-08
7.304081e-11
-9.054196e-11
4.020782e-08
2.401378e-10
-1.621908e-10
5.40985e-08
3.555766e-10
-2.773486e-10
6.172942e-08
2.652208e-10
-3.901415e-10
6.504068e-08
-6.623093e-11
-3.859655e-10
6.549432e-08
-5.463724e-10
-9.976256e-11
2.260147e-08
9.479635e-11
-2.171136e-10
5.351408e-08
3.018916e-10
-3.66134e-10
7.316293e-08
4.418518e-10
-5.69257e-10
8.393137e-08
3.378981e-10
-7.595612e-10
8.833443e-08
-3.733902e-11
-8.89051e-10
8.846629e-08
-5.603202e-10
-8.209702e-10
8.510915e-08
-9.812429e-10
-1.173303e-10
2.526677e-08
1.269707e-10
-2.451884e-10
6.089918e-08
3.640906e-10
-3.976896e-10
8.388554e-08
5.171672e-10
-5.909126e-10
9.647794e-08
4.081628e-10
-7.66532e-10
1.014537e-07
1.383196e-11
-8.797847e-10
1.01256e-07
-5.25567e-10
-9.166141e-10
9.682911e-08
-9.788135e-10
-7.652831e-10
8.703837e-08
-9.974296e-10
-7.403751e-11
2.642287e-08
1.415791e-10
-1.505155e-10
6.41703e-08
3.814103e-10
-2.385972e-10
8.875371e-08
5.30773e-10
-3.471495e-10
1.023312e-07
4.237107e-10
-4.44574e-10
1.07703e-07
4.075744e-11
-5.047394e-10
1.073857e-07
-4.780128e-10
-5.190359e-10
1.023623e-07
-8.997241e-10
-4.821681e-10
9.146085e-08
-9.788884e-10
-3.465161e-10
7.139282e-08
-5.032525e-10
5.381041e-18
1.199002e-10
1.864182e-16
6.411374e-08
3.324279e-10
-3.688725e-16
8.88835e-08
4.635947e-10
2.976535e-16
1.028022e-07
3.694163e-10
-2.430838e-16
1.084954e-07
3.013176e-11
4.805126e-17
1.083074e-07
-4.274031e-10
3.873264e-16
1.031375e-07
-7.892375e-10
-2.359681e-16
9.182716e-08
-8.36763e-10
3.200199e-16
7.125438e-08
-4.845684e-10
-1.238828e-16
3.727165e-08
7.006029e-12
1.125125e-10
2.338735e-10
1.808847e-10
8.394059e-08
3.416261e-10
2.655604e-10
9.734673e-08
2.706532e-10
3.44072e-10
1.031154e-07
3.281501e-12
3.908813e-10
1.032188e-07
-3.577132e-10
3.954187e-10
9.836786e-08
-6.330732e-10
3.594125e-10
8.747145e-08
-6.484357e-10
2.968354e-10
6.77269e-08
-3.56276e-10
2.077583e-10
3.541024e-08
9.315624e-12
-5.444488e-13
2.859985e-11
8.574788e-12
2.198725e-10
2.170133e-10
3.379549e-10
8.407899e-08
1.75091e-10
4.480949e-10
8.930198e-08
-9.972169e-12
5.12411e-10
8.966723e-08
-2.59482e-10
5.12976e-10
8.564106e-08
-4.400053e-10
4.566639e-10
7.628459e-08
-4.296784e-10
3.728881e-10
5.926935e-08
-2.162469e-10
2.620793e-10
3.129438e-08
1.449299e-11
-1.477831e-12
2.570288e-11
1.25666e-11
-2.338398e-12
4.262802e-12
1.036432e-11
2.313144e-10
1.094027e-10
3.247548e-10
6.445818e-08
-4.498868e-12
3.738696e-10
6.486039e-08
-1.591166e-10
3.651105e-10
6.216454e-08
-2.635346e-10
3.104476e-10
5.570735e-08
-2.437198e-10
2.453009e-10
4.383543e-08
-1.054965e-10
1.721266e-10
2.381211e-08
2.372061e-11
-3.524661e-12
2.047736e-11
1.928915e-11
-4.513606e-12
4.155886e-12
1.525729e-11
-5.18912e-12
4.215112e-12
1.171245e-11
1.172018e-10
2.693108e-12
1.395542e-10
2.668085e-08
-7.109517e-11
1.280947e-10
2.573158e-08
-1.166126e-10
9.645872e-11
2.340197e-08
-9.928585e-11
6.878599e-11
1.902797e-08
-2.949781e-11
4.55917e-11
1.116094e-08
4.013012e-11
-7.991923e-12
1.167977e-11
2.943611e-11
-8.460925e-12
4.060171e-12
2.180254e-11
-8.74083e-12
4.122242e-12
1.620622e-11
-9.059688e-12
4.218532e-12
1.186965e-11
-1.864039e-11
3.920977e-12
4.472037e-12
-1.598961e-11
3.985894e-12
7.195182e-12
-1.434736e-11
4.048667e-12
8.911805e-12
-1.351638e-11
4.126133e-12
1.015933e-11
-1.334366e-11
4.201031e-12
1.155353e-11
-1.436618e-11
3.871695e-12
3.673742e-12
-1.343638e-11
3.933086e-12
6.712885e-12
-1.280785e-11
3.985072e-12
9.35108e-12
-1.251842e-11
4.047702e-12
1.182242e-11
-1.251632e-11
4.105053e-12
1.468268e-11
-1.380839e-13
3.820397e-14
1.471082e-11
-1.084493e-11
3.831388e-12
3.587807e-12
-1.053716e-11
3.886219e-12
6.95294e-12
-1.031968e-11
3.930246e-12
1.017083e-11
-1.027184e-11
3.981769e-12
1.339415e-11
-1.035228e-11
4.024315e-12
1.712709e-11
-1.13409e-13
3.731427e-14
1.717771e-11
-1.124029e-13
3.651553e-14
1.736369e-11
-7.362947e-12
3.796062e-12
3.689258e-12
-7.270504e-12
3.845432e-12
7.301945e-12
-7.213025e-12
3.882585e-12
1.088204e-11
-7.238843e-12
3.925773e-12
1.453698e-11
-7.328669e-12
3.957073e-12
1.877364e-11
-7.974737e-14
3.65681e-14
1.883335e-11
-7.865392e-14
3.565821e-14
1.902988e-11
-7.974892e-14
3.605417e-14
1.958701e-11
-3.740389e-12
3.761454e-12
3.777904e-12
-3.719577e-12
3.805899e-12
7.530034e-12
-3.71068e-12
3.837496e-12
1.128652e-11
-3.74e-12
3.873532e-12
1.515777e-11
-3.794075e-12
3.896574e-12
1.962558e-11
-4.108525e-14
3.594349e-14
1.970166e-11
-4.048987e-14
3.493841e-14
1.990019e-11
-4.089176e-14
3.520353e-14
2.04569e-11
-4.106392e-14
3.530688e-14
2.163624e-11
8.714537e-09
4.203833e-11
1.782387e-08
1.302952e-10
2.307017e-08
1.972096e-10
2.595939e-08
1.613761e-10
2.730492e-08
8.359014e-12
2.762787e-08
-2.514964e-10
-3.641106e-11
1.755052e-08
6.276411e-11
-7.670886e-11
3.993642e-08
2.058993e-10
-1.356463e-10
5.380397e-08
3.071397e-10
-2.327364e-10
6.151853e-08
2.340718e-10
-3.28074e-10
6.491699e-08
-3.698217e-11
-3.941909e-10
6.535706e-08
-4.166029e-10
-3.342966e-10
6.329742e-08
-7.280447e-10
-8.613989e-11
2.248976e-08
8.148351e-11
-1.858016e-10
5.329216e-08
2.598119e-10
-3.116828e-10
7.300038e-08
3.822837e-10
-4.865035e-10
8.397877e-08
2.954702e-10
-6.522776e-10
8.859318e-08
-2.802572e-11
-7.606039e-10
8.879088e-08
-4.72065e-10
-7.956371e-10
8.52775e-08
-8.386179e-10
-6.355445e-10
7.702456e-08
-8.489888e-10
-1.019759e-10
2.518536e-08
1.104315e-10
-2.120143e-10
6.077473e-08
3.156363e-10
-3.428864e-10
8.390886e-08
4.494293e-10
-5.119731e-10
9.681064e-08
3.551775e-10
-6.6803e-10
1.020838e-07
9.13171e-12
-7.656844e-10
1.020021e-07
-4.619105e-10
-7.894794e-10
9.74271e-08
-8.416421e-10
-7.32399e-10
8.722536e-08
-9.02532e-10
-5.188175e-10
6.826362e-08
-4.631953e-10
-6.335269e-11
1.199001e-10
-1.312729e-10
6.411374e-08
3.32428e-10
-2.075015e-10
8.88835e-08
4.635946e-10
-3.03379e-10
1.028022e-07
3.694165e-10
-3.909256e-10
1.084954e-07
3.013164e-11
-4.439218e-10
1.083074e-07
-4.274029e-10
-4.525553e-10
1.031375e-07
-7.892376e-10
-4.16379e-10
9.182716e-08
-8.367629e-10
-3.432504e-10
7.125438e-08
-4.845684e-10
-1.958994e-10
3.727165e-08
7.006031e-12
-1.070617e-16
2.842713e-10
2.080744e-16
8.899665e-08
4.050319e-10
-2.817062e-16
1.03215e-07
3.225674e-10
1.356544e-16
1.09195e-07
2.197974e-11
2.03926e-17
1.091202e-07
-3.819303e-10
-1.043614e-16
1.038109e-07
-6.93803e-10
4.903635e-16
9.213166e-08
-7.216219e-10
-2.193116e-16
7.113183e-08
-4.052643e-10
1.838546e-16
3.69953e-08
7.169637e-12
4.906484e-19
2.964038e-11
6.803166e-12
1.553924e-10
2.936482e-10
2.325727e-10
9.75636e-08
2.367206e-10
3.030875e-10
1.035376e-07
1.527641e-12
3.444164e-10
1.037151e-07
-3.150226e-10
3.460295e-10
9.873989e-08
-5.512591e-10
3.111552e-10
8.75518e-08
-5.555219e-10
2.553514e-10
6.75053e-08
-2.979572e-10
1.764713e-10
3.513673e-08
9.672628e-12
-5.419611e-13
2.827992e-11
8.724517e-12
-1.004207e-12
4.26559e-12
7.35499e-12
2.901539e-10
1.518949e-10
3.92939e-10
8.942417e-08
-7.620893e-12
4.496443e-10
8.98157e-08
-2.251231e-10
4.466656e-10
8.568943e-08
-3.788696e-10
3.93031e-10
7.613731e-08
-3.643017e-10
3.186393e-10
5.895443e-08
-1.782468e-10
2.215365e-10
3.101969e-08
1.484334e-11
-1.548883e-12
2.53951e-11
1.285511e-11
-2.354041e-12
4.162181e-12
1.052592e-11
-2.899208e-12
4.210303e-12
8.194211e-12
2.782221e-10
-2.310464e-12
3.2684e-10
6.481298e-08
-1.375689e-10
3.165636e-10
6.205104e-08
-2.264973e-10
2.654821e-10
5.548869e-08
-2.060153e-10
2.077081e-10
4.354493e-08
-8.516153e-11
1.44141e-10
2.358822e-08
2.40743e-11
-3.597694e-12
2.022488e-11
1.962062e-11
-4.589199e-12
4.072677e-12
1.552572e-11
-5.227083e-12
4.11533e-12
1.187414e-11
-5.748292e-12
4.212728e-12
8.578934e-12
1.185026e-10
-6.009856e-11
1.112633e-10
2.565278e-08
-1.005336e-10
8.19556e-11
2.329034e-08
-8.382504e-11
5.763142e-11
1.889559e-08
-2.168831e-11
3.632434e-11
1.105649e-08
4.059369e-11
-8.088939e-12
1.153712e-11
2.979999e-11
-8.568916e-12
3.992008e-12
2.212675e-11
-8.857782e-12
4.03945e-12
1.644325e-11
-9.126206e-12
4.118919e-12
1.201701e-11
-9.446722e-12
4.196438e-12
8.441827e-12
-1.882923e-11
3.872429e-12
4.519944e-12
-1.61591e-11
3.928745e-12
7.271178e-12
-1.452215e-11
3.980398e-12
9.015785e-12
-1.368195e-11
4.043283e-12
1.026641e-11
-1.344192e-11
4.10206e-12
1.167125e-11
-1.469824e-13
3.819143e-14
1.166631e-11
-1.448043e-11
3.830131e-12
3.700629e-12
-1.35575e-11
3.884243e-12
6.767802e-12
-1.293053e-11
3.927823e-12
9.424619e-12
-1.265594e-11
3.979306e-12
1.192309e-11
-1.265534e-11
4.022597e-12
1.479574e-11
-1.388684e-13
3.730723e-14
1.482841e-11
-1.378342e-13
3.651761e-14
1.499542e-11
-1.092037e-11
3.795408e-12
3.609017e-12
-1.061416e-11
3.844435e-12
6.993464e-12
-1.0405e-11
3.881341e-12
1.023735e-11
-1.036228e-11
3.924475e-12
1.347891e-11
-1.045637e-11
3.956185e-12
1.724334e-11
-1.14403e-13
3.656445e-14
1.729213e-11
-1.129922e-13
3.565856e-14
1.748045e-11
-1.147164e-13
3.606107e-14
1.803907e-11
-7.405814e-12
3.7649e-12
3.706084e-12
-7.317979e-12
3.809278e-12
7.339218e-12
-7.262468e-12
3.840798e-12
1.093727e-11
-7.294642e-12
3.876847e-12
1.462008e-11
-7.388836e-12
3.900053e-12
1.887639e-11
-8.037655e-14
3.594697e-14
1.894837e-11
-7.929455e-14
3.494164e-14
1.914364e-11
-8.015231e-14
3.520891e-14
1.970236e-11
-8.057683e-14
3.531284e-14
2.089617e-11
-3.762262e-12
3.795195e-12
-3.740494e-12
3.774648e-12
7.562375e-12
-3.733784e-12
3.801393e-12
1.134026e-11
-3.764298e-12
3.831811e-12
1.522947e-11
-3.821631e-12
3.847947e-12
1.972801e-11
-4.135615e-14
3.542409e-14
1.98041e-11
-4.079016e-14
3.434502e-14
2.001412e-11
-4.120783e-14
3.449641e-14
2.05685e-11
-4.126637e-14
3.448064e-14
2.174693e-11
-4.031694e-14
3.363446e-14
2.37511e-11
8.642364e-09
3.616206e-11
1.767815e-08
1.118958e-10
2.289624e-08
1.698534e-10
2.57899e-08
1.357346e-10
2.713749e-08
3.142956e-12
2.742231e-08
-1.771137e-10
2.679571e-08
-3.423174e-10
-3.134324e-11
1.744239e-08
5.412576e-11
-6.538425e-11
3.970302e-08
1.77681e-10
-1.145251e-10
5.354923e-08
2.664453e-10
-1.97475e-10
6.133488e-08
2.05955e-10
-2.792998e-10
6.480998e-08
-2.632171e-11
-3.309397e-10
6.524082e-08
-3.431943e-10
-3.454794e-10
6.303644e-08
-5.969763e-10
-2.381259e-10
5.742918e-08
-6.007268e-10
-7.467038e-11
2.239242e-08
7.10406e-11
-1.597235e-10
5.309926e-08
2.245713e-10
-2.667294e-10
7.285611e-08
3.319074e-10
-4.181765e-10
8.401413e-08
2.585853e-10
-5.635259e-10
8.881276e-08
-2.136607e-11
-6.540846e-10
8.906422e-08
-4.038736e-10
-6.734986e-10
8.540607e-08
-7.056051e-10
-6.181274e-10
7.681977e-08
-7.357845e-10
-4.165418e-10
6.054198e-08
-3.70322e-10
-8.668281e-11
9.290516e-11
-1.842382e-10
6.066662e-08
2.744267e-10
-2.966265e-10
8.392644e-08
3.915353e-10
-4.448068e-10
9.709783e-08
3.097916e-10
-5.837423e-10
1.02634e-07
5.681646e-12
-6.683809e-10
1.026517e-07
-4.063067e-10
-6.815226e-10
9.793449e-08
-7.288305e-10
-6.243204e-10
8.736597e-08
-7.614674e-10
-5.154082e-10
6.797784e-08
-4.321941e-10
-2.98331e-10
3.573705e-08
9.120896e-12
-1.125126e-10
2.842712e-10
-1.808844e-10
8.899665e-08
4.05032e-10
-2.655608e-10
1.03215e-07
3.225673e-10
-3.440717e-10
1.09195e-07
2.197994e-11
-3.908813e-10
1.091202e-07
-3.819305e-10
-3.954189e-10
1.038109e-07
-6.938027e-10
-3.594115e-10
9.213166e-08
-7.21622e-10
-2.968358e-10
7.113183e-08
-4.052643e-10
-2.077579e-10
3.69953e-08
7.169647e-12
5.4445e-13
2.964039e-11
6.803168e-12
-1.409069e-16
3.488115e-10
1.607549e-16
1.035777e-07
2.817084e-10
-1.27611e-16
1.098131e-07
1.571496e-11
-3.115267e-17
1.098376e-07
-3.409423e-10
2.273081e-16
1.043975e-07
-6.108222e-10
-8.602515e-17
9.238722e-08
-6.256294e-10
5.541433e-16
7.102141e-08
-3.442508e-10
-6.748154e-17
3.6766e-08
7.523756e-12
2.652457e-18
2.935575e-11
6.93473e-12
8.923765e-19
4.266541e-12
5.911896e-12
2.008552e-10
2.04554e-10
2.668152e-10
1.039086e-07
3.443606e-13
3.036397e-10
1.041502e-07
-2.775682e-10
3.03191e-10
9.906075e-08
-4.80853e-10
2.700474e-10
8.761372e-08
-4.780671e-10
2.206048e-10
6.73104e-08
-2.516939e-10
1.517808e-10
3.490492e-08
9.991359e-12
-5.805365e-13
2.800802e-11
9.000691e-12
-1.009484e-12
4.164963e-12
7.495566e-12
-1.295441e-12
4.207292e-12
5.865857e-12
3.392338e-10
-5.54202e-12
3.945281e-10
8.994537e-08
-1.95682e-10
3.896549e-10
8.572865e-08
-3.271155e-10
3.394368e-10
7.600541e-08
-3.101856e-10
2.736829e-10
5.86814e-08
-1.478359e-10
1.901772e-10
3.078576e-08
1.512965e-11
-1.598164e-12
2.513612e-11
1.313289e-11
-2.401907e-12
4.079101e-12
1.076929e-11
-2.918438e-12
4.110451e-12
8.338386e-12
-3.336241e-12
4.208421e-12
5.943672e-12
2.802129e-10
-1.168192e-10
2.751593e-10
6.195243e-08
-1.95324e-10
2.279295e-10
5.529836e-08
-1.745353e-10
1.769136e-10
4.329489e-08
-6.855863e-11
1.217557e-10
2.339722e-08
2.440338e-11
-3.656621e-12
2.001185e-11
1.989695e-11
-4.650839e-12
4.004526e-12
1.579598e-11
-5.305107e-12
4.03269e-12
1.208675e-11
-5.78849e-12
4.113071e-12
8.715566e-12
-6.177693e-12
4.192376e-12
5.67144e-12
9.354805e-11
-8.450106e-11
7.054133e-11
2.3193e-08
-7.068982e-11
4.83318e-11
1.878134e-08
-1.517028e-11
2.877129e-11
1.096692e-08
4.09905e-11
-8.177089e-12
1.141595e-11
3.014195e-11
-8.659698e-12
3.934999e-12
2.240112e-11
-8.964895e-12
3.971521e-12
1.668538e-11
-9.241494e-12
4.036202e-12
1.218741e-11
-9.512917e-12
4.097358e-12
8.559549e-12
-1.096537e-13
3.81679e-14
8.487445e-12
-1.899176e-11
3.830945e-12
4.561086e-12
-1.631551e-11
3.880074e-12
7.345923e-12
-1.466999e-11
3.923318e-12
9.105996e-12
-1.384109e-11
3.975084e-12
1.037779e-11
-1.359938e-11
4.019671e-12
1.178316e-11
-1.47872e-13
3.729391e-14
1.178442e-11
-1.468951e-13
3.651959e-14
1.191535e-11
-1.458822e-11
3.794222e-12
3.727403e-12
-1.366217e-11
3.842537e-12
6.815308e-12
-1.304311e-11
3.879033e-12
9.498562e-12
-1.27726e-11
3.922126e-12
1.201197e-11
-1.278859e-11
3.954588e-12
1.491349e-11
-1.401322e-13
3.655779e-14
1.494195e-11
-1.385855e-13
3.565972e-14
1.511314e-11
-1.408381e-13
3.607616e-14
1.566317e-11
-1.098645e-11
3.764262e-12
3.627428e-12
-1.068634e-11
3.808326e-12
7.033749e-12
-1.047894e-11
3.839605e-12
1.02954e-11
-1.044489e-11
3.875622e-12
1.356441e-11
-1.05449e-11
3.899231e-12
1.734701e-11
-1.153364e-13
3.594391e-14
1.740875e-11
-1.139445e-13
3.494209e-14
1.759494e-11
-1.152986e-13
3.521517e-14
1.815451e-11
-1.16063e-13
3.532203e-14
1.937329e-11
-7.450221e-12
3.724031e-12
-7.359945e-12
3.778004e-12
7.372238e-12
-7.308665e-12
3.80468e-12
1.099213e-11
-7.343033e-12
3.835108e-12
1.469281e-11
-7.44357e-12
3.851409e-12
1.897968e-11
-8.091567e-14
3.542776e-14
1.905142e-11
-7.989386e-14
3.434842e-14
1.925857e-11
-8.078504e-14
3.450172e-14
1.981469e-11
-8.097433e-14
3.448625e-14
2.100702e-11
-7.918533e-14
3.363691e-14
2.304463e-11
-3.762072e-12
7.596676e-12
-3.754355e-12
3.770177e-12
1.138843e-11
-3.786984e-12
3.795745e-12
1.530084e-11
-3.845509e-12
3.80647e-12
1.981793e-11
-4.15994e-14
3.498063e-14
1.990682e-11
-4.104825e-14
3.384908e-14
2.011647e-11
-4.150339e-14
3.391077e-14
2.06809e-11
-4.157649e-14
3.378918e-14
2.185414e-11
-4.051214e-14
3.284899e-14
2.385276e-11
-8.956492e-15
6.845976e-15
2.217365e-11
8.580177e-09
3.124887e-11
1.755306e-08
9.674679e-11
2.274711e-08
1.477786e-10
2.564564e-08
1.184094e-10
2.6998e-08
-1.712998e-12
2.725665e-08
-1.590626e-10
2.655316e-08
-2.762556e-10
2.459881e-08
-2.759209e-10
-2.737436e-11
1.73482e-08
4.770909e-11
-5.59228e-11
3.950126e-08
1.540186e-10
-9.734799e-11
5.332849e-08
2.320778e-10
-1.688929e-10
6.117491e-08
1.813216e-10
-2.403424e-10
6.47177e-08
-1.932858e-11
-2.815576e-10
6.514062e-08
-2.915277e-10
-2.845325e-10
6.281096e-08
-4.98061e-10
-2.515649e-10
5.697641e-08
-5.012024e-10
-1.392474e-10
4.559267e-08
-2.388842e-10
-6.290793e-11
5.94263e-11
-1.384632e-10
5.293182e-08
1.953535e-10
-2.29326e-10
7.27284e-08
2.88942e-10
-3.609218e-10
8.404104e-08
2.267233e-10
-4.890499e-10
8.900051e-08
-1.657459e-11
-5.657594e-10
8.929667e-08
-3.472582e-10
-5.729283e-10
8.550427e-08
-5.997828e-10
-5.158754e-10
7.66269e-08
-6.091679e-10
-4.238511e-10
6.005401e-08
-3.279706e-10
-2.465805e-10
3.200654e-08
1.388084e-11
-1.569784e-10
2.338734e-10
-2.575235e-10
8.394059e-08
3.416263e-10
-3.874593e-10
9.734673e-08
2.706529e-10
-5.11001e-10
1.031154e-07
3.281966e-12
-5.847722e-10
1.032188e-07
-3.577135e-10
-5.904472e-10
9.836786e-08
-6.330727e-10
-5.326904e-10
8.747145e-08
-6.484359e-10
-4.392274e-10
6.772691e-08
-3.562759e-10
-3.150301e-10
3.541024e-08
9.315653e-12
1.475336e-12
2.859985e-11
8.574793e-12
-1.553926e-10
3.488114e-10
-2.325724e-10
1.035777e-07
2.817085e-10
-3.030877e-10
1.098131e-07
1.571482e-11
-3.444165e-10
1.098376e-07
-3.409421e-10
-3.460291e-10
1.043975e-07
-6.108223e-10
-3.111554e-10
9.238722e-08
-6.256292e-10
-2.553504e-10
7.102141e-08
-3.442508e-10
-1.764714e-10
3.6766e-08
7.523751e-12
5.419667e-13
2.935575e-11
6.93474e-12
1.004209e-12
4.266541e-12
5.911898e-12
-8.892927e-17
2.432876e-10
5.876757e-17
1.103594e-07
1.093837e-11
2.961365e-17
1.104712e-07
-3.040802e-10
-1.914565e-16
1.049097e-07
-5.381994e-10
3.332648e-16
9.260323e-08
-5.444049e-10
-4.458645e-18
7.092293e-08
-2.953533e-10
4.986973e-16
3.657228e-08
7.828309e-12
-1.414832e-18
2.911445e-11
7.206615e-12
4.531729e-18
4.165919e-12
6.039393e-12
1.199308e-18
4.205849e-12
4.72899e-12
2.316334e-10
-1.317879e-13
2.674946e-10
1.045324e-07
-2.444816e-10
2.659043e-10
9.933847e-08
-4.200983e-10
2.349159e-10
8.766207e-08
-4.127361e-10
1.912625e-10
6.713914e-08
-2.139095e-10
1.321737e-10
3.470703e-08
1.024927e-11
-6.062115e-13
2.777915e-11
9.25274e-12
-1.033059e-12
4.082068e-12
7.729836e-12
-1.302918e-12
4.10735e-12
5.996027e-12
-1.523393e-12
4.205622e-12
4.204717e-12
3.408961e-10
-1.677103e-10
3.402845e-10
8.576141e-08
-2.832196e-10
2.939112e-10
7.588772e-08
-2.649922e-10
2.359885e-10
5.844428e-08
-1.230737e-10
1.64198e-10
3.058529e-08
1.539557e-11
-1.637837e-12
2.491657e-11
1.336056e-11
-2.436738e-12
4.011078e-12
1.100536e-11
-2.968054e-12
4.027943e-12
8.536175e-12
-3.357818e-12
4.108699e-12
6.070611e-12
-3.656591e-12
4.189065e-12
3.710883e-12
2.345169e-10
-1.652417e-10
1.967978e-10
5.513283e-08
-1.485978e-10
1.512149e-10
4.307864e-08
-5.474208e-11
1.031958e-10
2.323338e-08
2.468328e-11
-3.708762e-12
1.983057e-11
2.015845e-11
-4.702623e-12
3.947517e-12
1.602236e-11
-5.370657e-12
3.964961e-12
1.230086e-11
-5.867722e-12
4.030486e-12
8.875499e-12
-6.218935e-12
4.093229e-12
5.785607e-12
-7.418303e-14
3.814614e-14
5.698471e-12
5.824943e-11
-5.753655e-11
4.140123e-11
1.868182e-08
-9.912972e-12
2.241455e-11
1.088977e-08
4.137072e-11
-8.252756e-12
1.131229e-11
3.043494e-11
-8.742881e-12
3.886503e-12
2.266162e-11
-9.055365e-12
3.914716e-12
1.689167e-11
-9.347524e-12
3.968287e-12
1.236222e-11
-9.626727e-12
4.015061e-12
8.672556e-12
-1.10279e-13
3.726954e-14
8.605244e-12
-1.100813e-13
3.651691e-14
8.660036e-12
-1.914602e-11
3.79512e-12
4.601802e-12
-1.645035e-11
3.838489e-12
7.410195e-12
-1.480605e-11
3.874698e-12
9.195981e-12
-1.39759e-11
3.918065e-12
1.047538e-11
-1.375052e-11
3.951833e-12
1.190078e-11
-1.492899e-13
3.654491e-14
1.189682e-11
-1.477516e-13
3.566053e-14
1.20337e-11
-1.501387e-13
3.610223e-14
1.255355e-11
-1.468188e-11
3.763101e-12
3.750267e-12
-1.376071e-11
3.806503e-12
6.862854e-12
-1.31405e-11
3.837378e-12
9.562625e-12
-1.287942e-11
3.873387e-12
1.210202e-11
-1.290172e-11
3.897735e-12
1.501802e-11
-1.413373e-13
3.593818e-14
1.506016e-11
-1.397979e-13
3.49434e-14
1.522692e-11
-1.415812e-13
3.522899e-14
1.577978e-11
-1.426675e-13
3.534497e-14
1.702328e-11
-1.105521e-11
3.64719e-12
-1.07497e-11
3.777071e-12
7.068754e-12
-1.054808e-11
3.803533e-12
1.035315e-11
-1.051655e-11
3.833933e-12
1.363919e-11
-1.062559e-11
3.850653e-12
1.745177e-11
-1.161338e-13
3.542523e-14
1.751278e-11
-1.148357e-13
3.434935e-14
1.771158e-11
-1.162406e-13
3.450792e-14
1.826776e-11
-1.166362e-13
3.449477e-14
1.948441e-11
-1.142354e-13
3.364049e-14
2.158608e-11
-7.403379e-12
7.407468e-12
-7.349638e-12
3.773442e-12
1.104083e-11
-7.388157e-12
3.799027e-12
1.476506e-11
-7.491056e-12
3.809912e-12
1.907046e-11
-8.140053e-14
3.49845e-14
1.915501e-11
-8.040802e-14
3.385266e-14
1.936157e-11
-8.137535e-14
3.391619e-14
1.992815e-11
-8.15957e-14
3.379471e-14
2.111502e-11
-7.956851e-14
3.285122e-14
2.314648e-11
-1.762873e-14
6.844977e-15
2.15653e-11
-3.775538e-12
1.143948e-11
-3.80728e-12
3.764565e-12
1.536499e-11
-3.867782e-12
3.770606e-12
1.990762e-11
-4.180989e-14
3.460262e-14
1.999704e-11
-4.127935e-14
3.342544e-14
2.021909e-11
-4.175769e-14
3.342134e-14
2.078192e-11
-4.186586e-14
3.321648e-14
2.196211e-11
-4.080901e-14
3.219218e-14
2.395135e-11
-8.996621e-15
6.68675e-15
2.225728e-11
-9.594735e-15
6.555989e-15
2.073174e-11
8.525757e-09
2.746542e-11
1.744512e-08
8.414218e-11
2.261865e-08
1.291642e-10
2.552184e-08
1.044552e-10
2.688011e-08
-1.694868e-12
2.711889e-08
-1.425253e-10
2.635507e-08
-2.418677e-10
2.430378e-08
-2.287055e-10
2.014135e-08
-9.063997e-11
-2.281214e-11
4.008065e-11
-4.878776e-11
3.932654e-08
1.347841e-10
-8.318628e-11
5.313662e-08
2.027795e-10
-1.451712e-10
6.103551e-08
1.599909e-10
-2.081742e-10
6.463797e-08
-1.425645e-11
-2.423949e-10
6.505444e-08
-2.494534e-10
-2.377252e-10
6.261445e-08
-4.218252e-10
-2.015289e-10
5.658677e-08
-4.13565e-10
-1.611453e-10
4.503949e-08
-2.020127e-10
-8.959363e-11
2.477068e-08
2.256854e-11
-1.169188e-10
1.66179e-10
-1.983524e-10
7.261632e-08
2.524915e-10
-3.127458e-10
8.406188e-08
1.989888e-10
-4.256634e-10
8.916213e-08
-1.281894e-11
-4.914349e-10
8.949572e-08
-2.998107e-10
-4.907338e-10
8.558071e-08
-5.125981e-10
-4.320295e-10
7.644783e-08
-5.097129e-10
-3.52002e-10
5.963328e-08
-2.648143e-10
-2.630965e-10
3.161931e-08
1.412435e-11
3.409809e-12
2.606553e-11
1.238754e-11
-2.198726e-10
2.93648e-10
-3.379547e-10
9.75636e-08
2.367208e-10
-4.48095e-10
1.035376e-07
1.527319e-12
-5.12411e-10
1.037151e-07
-3.150221e-10
-5.129757e-10
9.873989e-08
-5.512593e-10
-4.56664e-10
8.75518e-08
-5.555215e-10
-3.728874e-10
6.75053e-08
-2.979572e-10
-2.620793e-10
3.513673e-08
9.67261e-12
1.477839e-12
2.827992e-11
8.724545e-12
2.3384e-12
4.26559e-12
7.354995e-12
-2.008553e-10
2.432875e-10
-2.668151e-10
1.103594e-07
1.093851e-11
-3.036396e-10
1.104712e-07
-3.040803e-10
-3.031913e-10
1.049097e-07
-5.381993e-10
-2.700468e-10
9.260323e-08
-5.44405e-10
-2.206048e-10
7.092293e-08
-2.953532e-10
-1.517799e-10
3.657228e-08
7.828341e-12
5.805334e-13
2.911445e-11
7.206609e-12
1.009493e-12
4.165919e-12
6.039403e-12
1.295443e-12
4.205849e-12
4.728992e-12
-1.618867e-17
7.767958e-12
-5.45352e-17
1.110309e-07
-2.706984e-10
1.566429e-16
1.053577e-07
-4.745235e-10
-2.467802e-16
9.278703e-08
-4.748428e-10
2.887389e-16
7.083538e-08
-2.547952e-10
3.397184e-17
3.640727e-08
8.074339e-12
8.500986e-18
2.891202e-11
7.446538e-12
-2.625157e-18
4.083147e-12
6.269981e-12
6.37552e-18
4.105842e-12
4.850366e-12
1.454569e-18
4.204252e-12
3.353169e-12
2.324442e-10
-2.121828e-10
2.332684e-10
9.957991e-08
-3.673212e-10
2.046926e-10
8.770017e-08
-3.573151e-10
1.662773e-10
6.698875e-08
-1.824762e-10
1.155693e-10
3.453703e-08
1.048921e-11
-6.270015e-13
2.758489e-11
9.457149e-12
-1.048866e-12
4.014205e-12
7.947974e-12
-1.32731e-12
4.024934e-12
6.187686e-12
-1.532351e-12
4.105823e-12
4.323703e-12
-1.688858e-12
4.186756e-12
2.491591e-12
2.9272e-10
-2.415899e-10
2.553279e-10
7.578358e-08
-2.273451e-10
2.040457e-10
5.823777e-08
-1.025989e-10
1.420828e-10
3.041269e-08
1.562028e-11
-1.672591e-12
2.472902e-11
1.357713e-11
-2.466169e-12
3.954168e-12
1.119971e-11
-3.006133e-12
3.960351e-12
8.730093e-12
-3.408482e-12
4.026235e-12
6.222932e-12
-3.679354e-12
4.089847e-12
3.821718e-12
-4.488709e-14
3.812622e-14
3.728727e-12
1.66279e-10
-1.233268e-10
1.303214e-10
4.289119e-08
-4.383199e-11
8.766768e-11
2.309208e-08
2.495215e-11
-3.753343e-12
1.967534e-11
2.038138e-11
-4.749655e-12
3.899034e-12
1.623934e-11
-5.426254e-12
3.908318e-12
1.248157e-11
-5.935395e-12
3.962757e-12
9.036951e-12
-6.298353e-12
4.011035e-12
5.896868e-12
-7.458637e-14
3.724732e-14
5.81278e-12
-7.474558e-14
3.65171e-14
5.8364e-12
3.338071e-11
-4.329986e-12
1.755128e-11
1.082236e-08
4.169613e-11
-8.323767e-12
1.122303e-11
3.071797e-11
-8.814604e-12
3.845015e-12
2.288478e-11
-9.138045e-12
3.866374e-12
1.709071e-11
-9.437454e-12
3.9115e-12
1.251305e-11
-9.731726e-12
3.947458e-12
8.789677e-12
-1.113244e-13
3.652104e-14
8.718283e-12
-1.106841e-13
3.565645e-14
8.777984e-12
-1.132368e-13
3.613606e-14
9.215832e-12
-1.927905e-11
3.76402e-12
4.636397e-12
-1.657807e-11
3.802573e-12
7.474434e-12
-1.492352e-11
3.833163e-12
9.273465e-12
-1.409963e-11
3.869487e-12
1.05742e-11
-1.387872e-11
3.89512e-12
1.200494e-11
-1.506589e-13
3.59266e-14
1.201493e-11
-1.491144e-13
3.494427e-14
1.214652e-11
-1.509877e-13
3.525325e-14
1.26711e-11
-1.521589e-13
3.538937e-14
1.392206e-11
-1.477963e-11
3.774658e-12
-1.384654e-11
3.775278e-12
6.903451e-12
-1.323195e-11
3.801382e-12
9.627036e-12
-1.297196e-11
3.831779e-12
1.218016e-11
-1.300511e-11
3.849259e-12
1.51245e-11
-1.423634e-13
3.542031e-14
1.51651e-11
-1.409527e-13
3.435137e-14
1.534531e-11
-1.427806e-13
3.452153e-14
1.589267e-11
-1.433999e-13
3.451626e-14
1.713572e-11
-1.406538e-13
3.365744e-14
1.932255e-11
-1.081559e-11
7.106387e-12
-1.060895e-11
3.772316e-12
1.040339e-11
-1.058335e-11
3.797897e-12
1.37136e-11
-1.069568e-11
3.8092e-12
1.754384e-11
-1.168527e-13
3.498249e-14
1.761789e-11
-1.155976e-13
3.3854e-14
1.781565e-11
-1.171196e-13
3.39227e-14
1.838309e-11
-1.175624e-13
3.380309e-14
1.959351e-11
-1.147877e-13
3.285431e-14
2.168826e-11
-2.551462e-14
6.843825e-15
2.030684e-11
-7.391993e-12
1.10928e-11
-7.428366e-12
3.767825e-12
1.482939e-11
-7.535237e-12
3.774031e-12
1.916079e-11
-8.182234e-14
3.460658e-14
1.924613e-11
-8.086919e-14
3.342919e-14
1.946512e-11
-8.188228e-14
3.342687e-14
2.002989e-11
-8.217398e-14
3.32221e-14
2.12241e-11
-8.016385e-14
3.219441e-14
2.324586e-11
-1.770748e-14
6.685759e-15
2.164913e-11
-1.895448e-14
6.554381e-15
2.023946e-11
-3.828127e-12
1.543285e-11
-3.887836e-12
3.739607e-12
1.998852e-11
-4.200594e-14
3.427564e-14
2.008707e-11
-4.147924e-14
3.306435e-14
2.030934e-11
-4.19849e-14
3.300313e-14
2.088324e-11
-4.211513e-14
3.273794e-14
2.205925e-11
-4.108552e-14
3.164841e-14
2.405068e-11
-9.056962e-15
6.553503e-15
2.233851e-11
-9.633205e-15
6.403773e-15
2.07941e-11
-1.027978e-14
6.468576e-15
1.840939e-11
2.309437e-11
1.73511e-08
7.360375e-11
2.250751e-08
1.134017e-10
2.541509e-08
9.25218e-11
2.677942e-08
-7.214857e-13
2.700259e-08
-1.248706e-10
2.618887e-08
-2.105813e-10
2.405999e-08
-1.957564e-10
1.983134e-08
-7.606448e-11
1.182092e-08
3.805537e-11
-4.053116e-11
1.149507e-10
-7.20445e-11
5.297008e-08
1.781869e-10
-1.254125e-10
6.091382e-08
1.4137e-10
-1.809298e-10
6.456902e-08
-1.0183e-11
-2.100878e-10
6.498014e-08
-2.143561e-10
-2.016042e-10
6.244343e-08
-3.593683e-10
-1.63794e-10
5.625022e-08
-3.447014e-10
-1.26795e-10
4.457158e-08
-1.626475e-10
-1.041998e-10
2.439222e-08
2.287382e-11
7.684171e-12
2.113572e-11
1.874027e-11
-1.67735e-10
2.170131e-10
-2.717582e-10
8.407899e-08
1.750913e-10
-3.716124e-10
8.930198e-08
-9.972591e-12
-4.280525e-10
8.966723e-08
-2.594815e-10
-4.224915e-10
8.564106e-08
-4.400056e-10
-3.649904e-10
7.628459e-08
-4.296778e-10
-2.921241e-10
5.926935e-08
-2.162468e-10
-2.102216e-10
3.129438e-08
1.449296e-11
3.428542e-12
2.570288e-11
1.256664e-11
4.479314e-12
4.262802e-12
1.036432e-11
-2.901541e-10
2.045537e-10
-3.929389e-10
1.039086e-07
3.44701e-13
-4.496442e-10
1.041502e-07
-2.775685e-10
-4.466658e-10
9.906076e-08
-4.808526e-10
-3.930306e-10
8.761372e-08
-4.780672e-10
-3.186392e-10
6.73104e-08
-2.516936e-10
-2.215358e-10
3.490492e-08
9.991458e-12
1.548879e-12
2.800803e-11
9.000674e-12
2.354051e-12
4.164963e-12
7.495592e-12
2.899211e-12
4.207292e-12
5.865861e-12
-2.316334e-10
7.767821e-12
-2.674947e-10
1.110309e-07
-2.706983e-10
-2.65904e-10
1.053577e-07
-4.745236e-10
-2.349164e-10
9.278703e-08
-4.748427e-10
-1.91262e-10
7.083538e-08
-2.547953e-10
-1.321737e-10
3.640727e-08
8.074383e-12
6.06229e-13
2.891202e-11
7.446571e-12
1.033053e-12
4.083147e-12
6.269975e-12
1.302931e-12
4.105842e-12
4.850376e-12
1.523396e-12
4.204252e-12
3.353171e-12
7.239425e-17
-2.3714e-10
-1.816237e-16
1.057504e-07
-4.182067e-10
2.18297e-16
9.294423e-08
-4.150096e-10
-2.638491e-16
7.075777e-08
-2.204618e-10
3.937824e-17
3.626569e-08
8.303834e-12
1.071817e-17
2.874058e-11
7.640744e-12
1.485138e-17
4.015388e-12
6.479204e-12
-3.801321e-18
4.023474e-12
5.039068e-12
8.160196e-18
4.104398e-12
3.467031e-12
1.72496e-18
4.185573e-12
1.910197e-12
2.019265e-10
-3.16562e-10
1.787484e-10
8.7731e-08
-3.09991e-10
1.448406e-10
6.685655e-08
-1.561052e-10
1.011616e-10
3.439031e-08
1.069215e-11
-6.452996e-13
2.74187e-11
9.652548e-12
-1.06228e-12
3.957424e-12
8.125407e-12
-1.344844e-12
3.957428e-12
6.370571e-12
-1.557303e-12
4.023447e-12
4.472529e-12
-1.698609e-12
4.087467e-12
2.599493e-12
-2.100204e-14
3.811098e-14
2.505654e-12
2.183227e-10
-1.914184e-10
1.772802e-10
5.8058e-08
-8.603108e-11
1.232653e-10
3.026343e-08
1.583571e-11
-1.702464e-12
2.456796e-11
1.376071e-11
-2.492939e-12
3.905772e-12
1.138763e-11
-3.038645e-12
3.903822e-12
8.890505e-12
-3.448473e-12
3.958636e-12
6.374804e-12
-3.730294e-12
4.007758e-12
3.930599e-12
-4.511919e-14
3.722694e-14
3.839747e-12
-4.534697e-14
3.651577e-14
3.840574e-12
1.092377e-10
-3.264295e-11
7.474602e-11
2.296941e-08
2.518016e-11
-3.794067e-12
1.954173e-11
2.059851e-11
-4.790194e-12
3.85754e-12
1.642426e-11
-5.476676e-12
3.860128e-12
1.26581e-11
-5.993297e-12
3.906123e-12
9.175042e-12
-6.366631e-12
3.943595e-12
6.009814e-12
-7.532741e-14
3.649945e-14
5.924159e-12
-7.513588e-14
3.565563e-14
5.95117e-12
-7.72268e-14
3.617822e-14
6.335271e-12
1.186932e-11
4.203646e-11
-8.384816e-12
1.114578e-11
3.095985e-11
-8.882205e-12
3.809223e-12
2.310223e-11
-9.209475e-12
3.825034e-12
1.726118e-11
-9.519399e-12
3.863155e-12
1.266236e-11
-9.821106e-12
3.890938e-12
8.893461e-12
-1.123014e-13
3.590455e-14
8.835448e-12
-1.116867e-13
3.494015e-14
8.891235e-12
-1.138373e-13
3.528471e-14
9.333234e-12
-1.154778e-13
3.545482e-14
1.053362e-11
-1.941825e-11
4.673014e-12
-1.668851e-11
3.771401e-12
7.528939e-12
-1.503443e-11
3.797283e-12
9.351714e-12
-1.420663e-11
3.827994e-12
1.065943e-11
-1.399609e-11
3.846786e-12
1.211187e-11
-1.518238e-13
3.540982e-14
1.211952e-11
-1.504322e-13
3.435317e-14
1.226502e-11
-1.523355e-13
3.454518e-14
1.278351e-11
-1.529976e-13
3.455845e-14
1.403572e-11
-1.502012e-13
3.369816e-14
1.631055e-11
-1.393601e-11
6.946819e-12
-1.331178e-11
3.770196e-12
9.681999e-12
-1.305857e-11
3.795816e-12
1.225905e-11
-1.309479e-11
3.807878e-12
1.521728e-11
-1.432932e-13
3.497833e-14
1.527201e-11
-1.419367e-13
3.385664e-14
1.545045e-11
-1.439222e-13
3.393668e-14
1.601004e-11
-1.445793e-13
3.382415e-14
1.724493e-11
-1.413611e-13
3.287007e-14
1.942596e-11
-3.149774e-14
6.844831e-15
1.834756e-11
-1.067223e-11
1.045751e-11
-1.064239e-11
3.766717e-12
1.377843e-11
-1.076077e-11
3.773358e-12
1.763554e-11
-1.174826e-13
3.46049e-14
1.771033e-11
-1.16283e-13
3.343096e-14
1.79208e-11
-1.178717e-13
3.343367e-14
1.848604e-11
-1.184247e-13
3.32307e-14
1.970458e-11
-1.156767e-13
3.21975e-14
2.178881e-11
-2.562799e-14
6.684593e-15
2.039102e-11
-2.758384e-14
6.552071e-15
1.921862e-11
-7.469863e-12
1.489798e-11
-7.574853e-12
3.743009e-12
1.924154e-11
-8.221073e-14
3.427966e-14
1.933681e-11
-8.127061e-14
3.306818e-14
1.955627e-11
-8.233599e-14
3.30088e-14
2.013219e-11
-8.26711e-14
3.274366e-14
2.132201e-11
-8.071672e-14
3.165078e-14
2.334627e-11
-1.782874e-14
6.55255e-15
2.173106e-11
-1.903003e-14
6.4022e-15
2.0302e-11
-2.035966e-14
6.466596e-15
1.805151e-11
-3.908357e-12
2.007369e-11
-4.218927e-14
3.399341e-14
2.01683e-11
-4.166528e-14
3.275188e-14
2.039945e-11
-4.218131e-14
3.264666e-14
2.097248e-11
-4.233743e-14
3.232895e-14
2.215671e-11
-4.132402e-14
3.119424e-14
2.414017e-11
-9.112804e-15
6.443112e-15
2.242038e-11
-9.690387e-15
6.276472e-15
2.085487e-11
-1.031768e-14
6.318618e-15
1.844849e-11
-1.080525e-14
6.416598e-15
1.33261e-11
6.268157e-11
2.241067e-08
9.973892e-11
2.532268e-08
8.21784e-11
2.669295e-08
3.771222e-13
2.690334e-08
-1.087027e-10
2.604761e-08
-1.818572e-10
2.3855e-08
-1.657401e-10
1.957582e-08
-6.351491e-11
1.160477e-08
3.846497e-11
1.779071e-11
1.229606e-11
2.828942e-11
-5.984073e-11
1.535724e-10
-1.09019e-10
6.080823e-08
1.254128e-10
-1.578703e-10
6.450923e-08
-7.057005e-12
-1.827047e-10
6.491597e-08
-1.844616e-10
-1.724855e-10
6.229444e-08
-3.074042e-10
-1.35825e-10
5.595932e-08
-2.891599e-10
-1.010405e-10
4.417431e-08
-1.307897e-10
-7.569391e-11
2.40766e-08
2.329544e-11
7.740067e-12
2.077898e-11
1.896063e-11
8.275807e-12
4.256418e-12
1.506808e-11
-2.313145e-10
1.518946e-10
-3.247548e-10
8.942417e-08
-7.620561e-12
-3.738696e-10
8.98157e-08
-2.251236e-10
-3.651106e-10
8.568943e-08
-3.788691e-10
-3.104474e-10
7.613731e-08
-3.643019e-10
-2.453008e-10
5.895443e-08
-1.782464e-10
-1.721262e-10
3.101969e-08
1.48435e-11
3.524656e-12
2.53951e-11
1.285508e-11
4.513621e-12
4.162181e-12
1.052596e-11
5.189124e-12
4.210303e-12
8.194216e-12
-3.392339e-10
-1.320942e-13
-3.945282e-10
1.045324e-07
-2.444813e-10
-3.896547e-10
9.933847e-08
-4.200985e-10
-3.394371e-10
8.766207e-08
-4.127358e-10
-2.736826e-10
6.713914e-08
-2.139094e-10
-1.901771e-10
3.470703e-08
1.02494e-11
1.598183e-12
2.777915e-11
9.252837e-12
2.4019e-12
4.082069e-12
7.72982e-12
2.918452e-12
4.10735e-12
5.996053e-12
3.336243e-12
4.205622e-12
4.204721e-12
-2.324441e-10
-2.371401e-10
-2.332688e-10
1.057504e-07
-4.182066e-10
-2.046923e-10
9.294423e-08
-4.150096e-10
-1.662777e-10
7.075777e-08
-2.204618e-10
-1.155693e-10
3.626569e-08
8.303852e-12
6.27024e-13
2.874058e-11
7.640787e-12
1.048896e-12
4.015388e-12
6.479236e-12
1.327302e-12
4.023474e-12
5.039063e-12
1.532367e-12
4.104398e-12
3.467041e-12
1.688861e-12
4.185573e-12
1.910199e-12
1.309839e-16
-3.631103e-10
-2.775594e-16
9.307977e-08
-3.630082e-10
1.494115e-16
7.068901e-08
-1.912376e-10
-2.320196e-16
3.614363e-08
8.498747e-12
4.697151e-18
2.859415e-11
7.826937e-12
1.942236e-17
3.958692e-12
6.649046e-12
2.137584e-17
3.95601e-12
5.216019e-12
-4.950334e-18
4.022068e-12
3.613551e-12
9.90346e-18
4.086234e-12
2.016242e-12
2.95349e-20
3.810273e-14
1.923127e-12
1.539593e-10
-2.644215e-10
1.265992e-10
6.674082e-08
-1.339812e-10
8.87134e-11
3.426319e-08
1.088634e-11
-6.611853e-13
2.727576e-11
9.81827e-12
-1.074636e-12
3.909141e-12
8.29801e-12
-1.359818e-12
3.900968e-12
6.5196e-12
-1.575917e-12
3.95593e-12
4.619641e-12
-1.723799e-12
4.005462e-12
2.70619e-12
-2.110592e-14
3.721125e-14
2.613755e-12
-2.125215e-14
3.651347e-14
2.600453e-12
1.510251e-10
-6.960932e-11
1.070292e-10
3.013371e-08
1.601736e-11
-1.729203e-12
2.4429e-11
1.394008e-11
-2.516108e-12
3.864343e-12
1.154698e-11
-3.068197e-12
3.855735e-12
9.049307e-12
-3.482968e-12
3.902113e-12
6.50119e-12
-3.770859e-12
3.940436e-12
4.042549e-12
-4.560071e-14
3.647993e-14
3.948765e-12
-4.557284e-14
3.565337e-14
3.952319e-12
-4.699075e-14
3.62151e-14
4.283781e-12
6.135318e-11
2.541974e-11
-3.829246e-12
1.942624e-11
2.078269e-11
-4.828021e-12
3.821754e-12
1.660604e-11
-5.520217e-12
3.818901e-12
1.280841e-11
-6.045667e-12
3.857923e-12
9.314028e-12
-6.42558e-12
3.887211e-12
6.109139e-12
-7.5961e-14
3.588417e-14
6.037248e-12
-7.584774e-14
3.493939e-14
6.0631e-12
-7.761735e-14
3.532472e-14
6.450321e-12
-7.91038e-14
3.553665e-14
7.606956e-12
-8.448863e-12
3.121409e-11
-8.940696e-12
3.778065e-12
2.328777e-11
-9.27663e-12
3.789353e-12
1.742955e-11
-9.59033e-12
3.821826e-12
1.279021e-11
-9.90227e-12
3.842801e-12
9.000911e-12
-1.131455e-13
3.538929e-14
8.939316e-12
-1.12626e-13
3.435035e-14
9.008631e-12
-1.148306e-13
3.457562e-14
9.446294e-12
-1.16074e-13
3.462083e-14
1.064749e-11
-1.14394e-13
3.376461e-14
1.296357e-11
-1.680378e-11
7.586638e-12
-1.513053e-11
3.766149e-12
9.417952e-12
-1.430732e-11
3.792141e-12
1.074648e-11
-1.409775e-11
3.805507e-12
1.220448e-11
-1.528805e-13
3.496895e-14
1.22269e-11
-1.515542e-13
3.385922e-14
1.236998e-11
-1.536402e-13
3.396067e-14
1.290148e-11
-1.543224e-13
3.386524e-14
1.414505e-11
-1.510144e-13
3.290887e-14
1.641504e-11
-3.36335e-14
6.850502e-15
1.572886e-11
-1.339496e-11
9.740823e-12
-1.313436e-11
3.764667e-12
1.232629e-11
-1.31784e-11
3.7721e-12
1.531136e-11
-1.441053e-13
3.460134e-14
1.53652e-11
-1.428264e-13
3.343418e-14
1.555753e-11
-1.448952e-13
3.344799e-14
1.611431e-11
-1.457012e-13
3.325193e-14
1.735832e-11
-1.424938e-13
3.221298e-14
1.952693e-11
-3.164324e-14
6.685478e-15
1.843281e-11
-3.42404e-14
6.551421e-15
1.762309e-11
-1.070376e-11
1.38484e-11
-1.081856e-11
3.742353e-12
1.771569e-11
-1.180549e-13
3.427818e-14
1.780242e-11
-1.168845e-13
3.307019e-14
1.801335e-11
-1.185468e-13
3.301589e-14
1.859007e-11
-1.191629e-13
3.275247e-14
1.980383e-11
-1.165022e-13
3.165419e-14
2.189116e-11
-2.580959e-14
6.551441e-15
2.047403e-11
-2.769254e-14
6.399932e-15
1.928146e-11
-2.974194e-14
6.46357e-15
1.730689e-11
-7.615646e-12
1.93273e-11
-8.25727e-14
3.399746e-14
1.941791e-11
-8.163921e-14
3.275574e-14
1.964708e-11
-8.273101e-14
3.265236e-14
2.022238e-11
-8.311522e-14
3.233479e-14
2.142048e-11
-8.119258e-14
3.119676e-14
2.343652e-11
-1.794055e-14
6.442217e-15
2.181387e-11
-1.914536e-14
6.274956e-15
2.036334e-11
-2.043414e-14
6.316695e-15
1.809074e-11
-2.142907e-14
6.414278e-15
1.312737e-11
-4.237184e-14
2.025374e-11
-4.184079e-14
3.248223e-14
2.048075e-11
-4.236393e-14
3.233812e-14
2.106172e-11
-4.252949e-14
3.198034e-14
2.224277e-11
-4.153644e-14
3.080597e-14
2.423001e-11
-9.161147e-15
6.350942e-15
2.249418e-11
-9.742825e-15
6.171006e-15
2.091618e-11
-1.037352e-14
6.193201e-15
1.848685e-11
-1.084276e-14
6.268007e-15
1.334167e-11
-1.099416e-14
6.321339e-15
1.363455e-11
4.228682e-12
4.264572e-12
8.592304e-11
2.524219e-08
7.301334e-11
2.661834e-08
1.20292e-12
2.681813e-08
-9.430772e-11
2.592644e-08
-1.567722e-10
2.368057e-08
-1.397683e-10
1.936259e-08
-5.026751e-11
1.142888e-08
3.904103e-11
1.794154e-11
1.205427e-11
2.858198e-11
1.545139e-11
4.24355e-12
2.125539e-11
-9.157339e-11
1.094025e-10
-1.381363e-10
6.445818e-08
-4.498666e-12
-1.594669e-10
6.486039e-08
-1.59117e-10
-1.483267e-10
6.216454e-08
-2.635343e-10
-1.140216e-10
5.570735e-08
-2.437199e-10
-8.274876e-11
4.383543e-08
-1.054961e-10
-5.764731e-11
2.381211e-08
2.372084e-11
7.874197e-12
2.047736e-11
1.928911e-11
8.342362e-12
4.155886e-12
1.525734e-11
8.674129e-12
4.215112e-12
1.171246e-11
-2.782221e-10
-5.542389e-12
-3.268401e-10
8.994537e-08
-1.956817e-10
-3.165635e-10
8.572865e-08
-3.271158e-10
-2.654823e-10
7.600541e-08
-3.101853e-10
-2.077079e-10
5.86814e-08
-1.478358e-10
-1.441409e-10
3.078576e-08
1.512986e-11
3.597722e-12
2.513612e-11
1.313305e-11
4.589194e-12
4.079102e-12
1.076926e-11
5.227101e-12
4.110451e-12
8.338423e-12
5.748296e-12
4.208421e-12
5.943675e-12
-3.408961e-10
-2.121832e-10
-3.402848e-10
9.957991e-08
-3.67321e-10
-2.939109e-10
8.770017e-08
-3.573153e-10
-2.359888e-10
6.698875e-08
-1.824761e-10
-1.64198e-10
3.453703e-08
1.048926e-11
1.637864e-12
2.758489e-11
9.457277e-12
2.436768e-12
4.014205e-12
7.948072e-12
2.968045e-12
4.024934e-12
6.18767e-12
3.357834e-12
4.105823e-12
4.323729e-12
3.656593e-12
4.186756e-12
2.491595e-12
-2.019263e-10
-3.631105e-10
-1.787489e-10
9.307977e-08
-3.630082e-10
-1.448404e-10
7.068901e-08
-1.912376e-10
-1.01162e-10
3.614363e-08
8.498758e-12
6.453097e-13
2.859415e-11
7.826954e-12
1.062319e-12
3.958692e-12
6.649089e-12
1.344887e-12
3.95601e-12
5.216052e-12
1.557292e-12
4.022068e-12
3.613546e-12
1.698628e-12
4.086234e-12
2.016253e-12
2.100208e-14
3.810273e-14
1.92313e-12
1.120276e-16
-3.122479e-10
-3.223985e-16
7.062873e-08
-1.661462e-10
-8.451152e-18
3.603794e-08
8.685476e-12
2.687189e-18
2.846833e-11
7.985352e-12
8.329157e-18
3.910484e-12
6.814518e-12
2.788571e-17
3.899581e-12
5.360017e-12
2.7944e-17
3.954593e-12
3.75744e-12
-6.066647e-18
4.004274e-12
2.121053e-12
1.75335e-19
3.720263e-14
2.029375e-12
3.136879e-20
3.651171e-14
2.009733e-12
1.087907e-10
-1.120235e-10
7.775785e-11
3.415259e-08
1.105051e-11
-6.753349e-13
2.715229e-11
9.980403e-12
-1.085414e-12
3.867804e-12
8.444501e-12
-1.373614e-12
3.852944e-12
6.668182e-12
-1.591908e-12
3.899475e-12
4.73953e-12
-1.742832e-12
3.938217e-12
2.818162e-12
-2.13482e-14
3.646503e-14
2.72056e-12
-2.135388e-14
3.565032e-14
2.709436e-12
-2.20611e-14
3.624116e-14
2.999865e-12
9.061261e-11
1.62088e-11
-1.75267e-12
2.430872e-11
1.409142e-11
-2.537542e-12
3.828614e-12
1.170437e-11
-3.09374e-12
3.814586e-12
9.183906e-12
-3.514279e-12
3.854013e-12
6.630944e-12
-3.806239e-12
3.884154e-12
4.136668e-12
-4.597477e-14
3.586541e-14
4.060927e-12
-4.603672e-14
3.493754e-14
4.062141e-12
-4.721808e-14
3.535959e-14
4.396636e-12
-4.828074e-14
3.56115e-14
5.494752e-12
-3.865707e-12
2.097828e-11
-4.860977e-12
3.790573e-12
1.676021e-11
-5.560857e-12
3.783328e-12
1.295825e-11
-6.090959e-12
3.816701e-12
9.432162e-12
-6.478673e-12
3.839203e-12
6.214309e-12
-7.653641e-14
3.537003e-14
6.136759e-12
-7.645464e-14
3.435029e-14
6.176798e-12
-7.832439e-14
3.461456e-14
6.562918e-12
-7.949324e-14
3.46996e-14
7.719506e-12
-7.857836e-14
3.385196e-14
1.00693e-11
-9.001599e-12
2.3483e-11
-9.334861e-12
3.758314e-12
1.757289e-11
-9.656862e-12
3.786139e-12
1.291922e-11
-9.972656e-12
3.80166e-12
9.093084e-12
-1.13898e-13
3.494995e-14
9.046877e-12
-1.1344e-13
3.385748e-14
9.112734e-12
-1.157628e-13
3.399153e-14
9.56352e-12
-1.170518e-13
3.392578e-14
1.075789e-11
-1.149733e-13
3.297255e-14
1.306811e-11
-2.609333e-14
6.861653e-15
1.280094e-11
-1.52307e-11
9.488114e-12
-1.439473e-11
3.76104e-12
1.081993e-11
-1.419311e-11
3.769824e-12
1.230016e-11
-1.538029e-13
3.45928e-14
1.231993e-11
-1.525699e-13
3.343757e-14
1.247771e-11
-1.547515e-13
3.347225e-14
1.300599e-11
-1.556063e-13
3.329289e-14
1.425967e-11
-1.522884e-13
3.225083e-14
1.651651e-11
-3.380118e-14
6.690915e-15
1.581504e-11
-3.669157e-14
6.555139e-15
1.547961e-11
-1.321337e-11
1.23984e-11
-1.325176e-11
3.741118e-12
1.539167e-11
-1.448485e-13
3.427501e-14
1.545971e-11
-1.436047e-13
3.307388e-14
1.565095e-11
-1.457736e-13
3.303056e-14
1.622053e-11
-1.466579e-13
3.277386e-14
1.745916e-11
-1.435707e-13
3.166995e-14
1.963165e-11
-3.18746e-14
6.552349e-15
1.851638e-11
-3.43807e-14
6.399238e-15
1.768677e-11
-3.706096e-14
6.461921e-15
1.613704e-11
-1.087868e-11
1.780214e-11
-1.185777e-13
3.399613e-14
1.788296e-11
-1.174282e-13
3.275787e-14
1.810562e-11
-1.191401e-13
3.26596e-14
1.868175e-11
-1.198245e-13
3.234384e-14
1.990414e-11
-1.172098e-13
3.120046e-14
2.198277e-11
-2.597704e-14
6.44121e-15
2.055857e-11
-2.786627e-14
6.272779e-15
1.93437e-11
-2.984914e-14
6.313752e-15
1.734635e-11
-3.139135e-14
6.410557e-15
1.271185e-11
-8.293897e-14
1.950398e-11
-8.198577e-14
3.248611e-14
1.97283e-11
-8.309277e-14
3.234381e-14
2.031236e-11
-8.350201e-14
3.198619e-14
2.150749e-11
-8.161716e-14
3.080866e-14
2.352734e-11
-1.803712e-14
6.350102e-15
2.188835e-11
-1.925064e-14
6.169556e-15
2.04254e-11
-2.054706e-14
6.191344e-15
1.812952e-11
-2.15029e-14
6.265761e-15
1.314301e-11
-2.184539e-14
6.31883e-15
-4.201451e-14
2.056619e-11
-4.253742e-14
3.207195e-14
2.114222e-11
-4.270789e-14
3.167856e-14
2.232902e-11
-4.171992e-14
3.04751e-14
2.430961e-11
-9.203957e-15
6.272146e-15
2.256828e-11
-9.788432e-15
6.08301e-15
2.097148e-11
-1.042437e-14
6.089263e-15
1.852561e-11
-1.08977e-14
6.143726e-15
1.335723e-11
-1.103103e-14
6.174998e-15
1.024903e-11
4.228143e-12
3.508439e-12
1.374328e-11
4.129048e-12
4.306708e-12
1.288629e-11
4.237147e-12
6.94866e-12
6.376583e-11
2.655358e-08
1.930935e-12
2.674464e-08
-8.201572e-11
2.582199e-08
-1.350172e-10
2.353093e-08
-1.178227e-10
1.918211e-08
-3.891976e-11
1.128352e-08
3.963247e-11
1.81926e-11
1.184968e-11
2.900454e-11
1.558217e-11
4.143319e-12
2.148485e-11
1.405243e-11
4.221992e-12
1.602287e-11
-1.172018e-10
-2.310791e-12
-1.395543e-10
6.481298e-08
-1.375687e-10
-1.280947e-10
6.205104e-08
-2.264975e-10
-9.645877e-11
5.548869e-08
-2.060151e-10
-6.878591e-11
4.354493e-08
-8.516143e-11
-4.559145e-11
2.358822e-08
2.407461e-11
7.991977e-12
2.022488e-11
1.962083e-11
8.460916e-12
4.072678e-12
1.552568e-11
8.740857e-12
4.11533e-12
1.187419e-11
9.059696e-12
4.212728e-12
8.578931e-12
-2.802129e-10
-1.677107e-10
-2.751595e-10
8.576141e-08
-2.832194e-10
-2.279293e-10
7.588772e-08
-2.649924e-10
-1.769138e-10
5.844428e-08
-1.230735e-10
-1.217557e-10
3.058529e-08
1.539567e-11
3.656663e-12
2.491657e-11
1.336076e-11
4.650875e-12
4.011078e-12
1.100552e-11
5.3051e-12
4.027943e-12
8.536135e-12
5.788509e-12
4.108699e-12
6.070645e-12
6.177696e-12
4.189065e-12
3.710886e-12
-2.927199e-10
-3.165623e-10
-2.553283e-10
8.7731e-08
-3.099909e-10
-2.040455e-10
6.685655e-08
-1.561052e-10
-1.42083e-10
3.439031e-08
1.069218e-11
1.672604e-12
2.74187e-11
9.652601e-12
2.46621e-12
3.957424e-12
8.125533e-12
3.006173e-12
3.957429e-12
6.37067e-12
3.408469e-12
4.023447e-12
4.472515e-12
3.679372e-12
4.087467e-12
2.599521e-12
4.488709e-14
3.811098e-14
2.505659e-12
-1.539591e-10
-3.12248e-10
-1.265998e-10
7.062873e-08
-1.661462e-10
-8.871346e-11
3.603794e-08
8.685481e-12
6.611914e-13
2.846833e-11
7.985362e-12
1.074654e-12
3.910484e-12
6.814534e-12
1.359874e-12
3.899581e-12
5.360059e-12
1.575972e-12
3.954593e-12
3.757473e-12
1.723786e-12
4.004274e-12
2.121049e-12
2.110623e-14
3.720263e-14
2.029387e-12
2.12522e-14
3.651172e-14
2.009735e-12
5.617261e-17
-1.409576e-10
-2.741076e-16
3.594608e-08
8.844255e-12
1.390009e-18
2.835974e-11
8.140699e-12
4.967869e-18
3.869211e-12
6.955326e-12
1.180652e-17
3.851586e-12
5.503439e-12
3.625828e-17
3.898168e-12
3.874797e-12
3.461474e-17
3.937068e-12
2.232234e-12
-1.023933e-19
3.645684e-14
2.134264e-12
1.863429e-19
3.564805e-14
2.116924e-12
3.370935e-20
3.625437e-14
2.385355e-12
6.668689e-11
1.122353e-11
-6.879414e-13
2.70453e-11
1.011728e-11
-1.095362e-12
3.832154e-12
8.589557e-12
-1.385581e-12
3.811844e-12
6.794326e-12
-1.606673e-12
3.851439e-12
4.863552e-12
-1.759269e-12
3.882001e-12
2.909121e-12
-2.152633e-14
3.585101e-14
2.832765e-12
-2.158826e-14
3.493497e-14
2.817188e-12
-2.216409e-14
3.538405e-14
3.110622e-12
-2.270884e-14
3.566636e-14
4.156133e-12
-1.776583e-12
1.425335e-11
-2.5565e-12
3.79747e-12
1.183723e-11
-3.117425e-12
3.779084e-12
9.318856e-12
-3.541314e-12
3.812867e-12
6.74073e-12
-3.838293e-12
3.836241e-12
4.239327e-12
-4.632325e-14
3.535217e-14
4.15526e-12
-4.639407e-14
3.434876e-14
4.175213e-12
-4.768007e-14
3.464882e-14
4.507987e-12
-4.850866e-14
3.477152e-14
5.606232e-12
-4.806038e-14
3.393222e-14
7.956456e-12
-4.894938e-12
1.69241e-11
-5.596299e-12
3.752353e-12
1.308526e-11
-6.13321e-12
3.781117e-12
9.552499e-12
-6.524648e-12
3.798156e-12
6.303509e-12
-7.704084e-14
3.493167e-14
6.242152e-12
-7.701189e-14
3.385811e-14
6.2769e-12
-7.892576e-14
3.403018e-14
6.677438e-12
-8.019078e-14
3.400253e-14
7.83052e-12
-7.895793e-14
3.305716e-14
1.017288e-11
-1.815817e-14
6.877931e-15
1.025166e-11
-9.39527e-12
1.772386e-11
-9.714637e-12
3.755115e-12
1.302873e-11
-1.003853e-11
3.766119e-12
9.189591e-12
-1.145575e-13
3.457492e-14
9.139181e-12
-1.141625e-13
3.343697e-14
9.220553e-12
-1.165726e-13
3.350343e-14
9.667478e-12
-1.179709e-13
3.335309e-14
1.087244e-11
-1.159118e-13
3.231279e-14
1.317063e-11
-2.621444e-14
6.701693e-15
1.288714e-11
-2.895828e-14
6.564566e-15
1.306623e-11
-1.448575e-11
1.089775e-11
-1.427596e-11
3.738879e-12
1.238085e-11
-1.546575e-13
3.426713e-14
1.241607e-11
-1.53458e-13
3.307788e-14
1.257111e-11
-1.557558e-13
3.305519e-14
1.311326e-11
-1.567005e-13
3.28147e-14
1.436125e-11
-1.535246e-13
3.170774e-14
1.662277e-11
-3.406074e-14
6.557688e-15
1.589928e-11
-3.685472e-14
6.402822e-15
1.554397e-11
-3.981099e-14
6.46453e-15
1.455477e-11
-1.332831e-11
1.547772e-11
-1.45509e-13
3.399303e-14
1.554045e-11
-1.443139e-13
3.276179e-14
1.574574e-11
-1.465428e-13
3.267453e-14
1.631328e-11
-1.475204e-13
3.23654e-14
1.756188e-11
-1.444897e-13
3.121648e-14
1.972491e-11
-3.209388e-14
6.442228e-15
1.860305e-11
-3.460259e-14
6.272159e-15
1.774957e-11
-3.719986e-14
6.312114e-15
1.617709e-11
-3.923235e-14
6.407825e-15
1.20541e-11
-1.19124e-13
1.796976e-11
-1.179279e-13
3.248831e-14
1.818637e-11
-1.19674e-13
3.235103e-14
1.87733e-11
-1.204066e-13
3.199533e-14
1.99927e-11
-1.178431e-13
3.081268e-14
2.20754e-11
-2.612097e-14
6.349189e-15
2.063426e-11
-2.802475e-14
6.167497e-15
1.940715e-11
-3.001991e-14
6.188514e-15
1.738579e-11
-3.149767e-14
6.262158e-15
1.272761e-11
-3.207538e-14
6.314693e-15
-8.233513e-14
1.981439e-11
-8.343528e-14
3.207762e-14
2.039286e-11
-8.38553e-14
3.168436e-14
2.159453e-11
-8.198713e-14
3.047785e-14
2.360783e-11
-1.812281e-14
6.271359e-15
2.196331e-11
-1.934197e-14
6.081622e-15
2.048125e-11
-2.064934e-14
6.087477e-15
1.816881e-11
-2.161418e-14
6.141556e-15
1.31588e-11
-2.191804e-14
6.172573e-15
-4.270838e-14
2.122667e-11
-4.287846e-14
3.141836e-14
2.24068e-11
-4.18903e-14
3.018865e-14
2.438963e-11
-9.241011e-15
6.205042e-15
2.2634e-11
-9.828457e-15
6.007736e-15
2.1027e-11
-1.046874e-14
6.002576e-15
1.856058e-11
-1.094749e-14
6.040712e-15
1.337302e-11
-1.108484e-14
6.052629e-15
6.928931e-12
4.229749e-12
3.43586e-12
1.032675e-11
4.128707e-12
3.539028e-12
1.004266e-11
4.241876e-12
6.476831e-12
1.391961e-11
4.046164e-12
4.364546e-12
1.298782e-11
4.137313e-12
7.020071e-12
1.241814e-11
4.231305e-12
8.720038e-12
2.692995e-12
2.668085e-08
-7.109518e-11
2.573158e-08
-1.166127e-10
2.340197e-08
-9.92858e-11
1.902797e-08
-2.949765e-11
1.116094e-08
4.013059e-11
1.843603e-11
1.167977e-11
2.943636e-11
1.578889e-11
4.060172e-12
2.180251e-11
1.416625e-11
4.122242e-12
1.620628e-11
1.341287e-11
4.218532e-12
1.186965e-11
-1.185026e-10
-1.168196e-10
-1.112634e-10
6.195243e-08
-1.953239e-10
-8.195553e-11
5.529836e-08
-1.745354e-10
-5.763143e-11
4.329489e-08
-6.85585e-11
-3.632425e-11
2.339723e-08
2.440352e-11
8.089022e-12
2.001185e-11
1.989723e-11
8.56897e-12
4.004526e-12
1.579617e-11
8.857774e-12
4.032691e-12
1.208671e-11
9.126235e-12
4.113071e-12
8.7156e-12
9.44673e-12
4.192376e-12
5.671435e-12
-2.345168e-10
-2.415903e-10
-1.96798e-10
7.578358e-08
-2.273449e-10
-1.512149e-10
5.823778e-08
-1.02599e-10
-1.031959e-10
3.041269e-08
1.562034e-11
3.708783e-12
2.472902e-11
1.357722e-11
4.702677e-12
3.954168e-12
1.11999e-11
5.370698e-12
3.960352e-12
8.730245e-12
5.867715e-12
4.026235e-12
6.222886e-12
6.218955e-12
4.089847e-12
3.821751e-12
7.4183e-14
3.812622e-14
3.728731e-12
-2.183226e-10
-2.644218e-10
-1.772806e-10
6.674082e-08
-1.339812e-10
-1.232654e-10
3.426319e-08
1.088635e-11
1.702472e-12
2.727576e-11
9.818301e-12
2.492959e-12
3.909141e-12
8.29806e-12
3.0387e-12
3.900968e-12
6.519727e-12
3.448524e-12
3.955931e-12
4.619746e-12
3.730278e-12
4.005463e-12
2.706178e-12
4.511941e-14
3.721125e-14
2.613783e-12
4.534697e-14
3.651347e-14
2.600458e-12
-1.087907e-10
-1.409576e-10
-7.775833e-11
3.594608e-08
8.844252e-12
6.753382e-13
2.835974e-11
8.140703e-12
1.085424e-12
3.869211e-12
6.955335e-12
1.373638e-12
3.851586e-12
5.503455e-12
1.591979e-12
3.898168e-12
3.874842e-12
1.7429e-12
3.937068e-12
2.23227e-12
2.134796e-14
3.645685e-14
2.13426e-12
2.13542e-14
3.564805e-14
2.116936e-12
2.206115e-14
3.625437e-14
2.385358e-12
4.216059e-17
9.011751e-12
-8.769084e-19
2.826572e-11
8.272348e-12
2.274558e-18
3.833616e-12
7.095145e-12
6.89484e-18
3.810509e-12
5.625512e-12
1.509348e-17
3.850161e-12
3.995449e-12
4.468072e-17
3.880881e-12
2.323154e-12
6.380606e-19
3.584319e-14
2.245673e-12
-1.081139e-19
3.493299e-14
2.2228e-12
2.002647e-19
3.539628e-14
2.494683e-12
3.628583e-20
3.569498e-14
3.509798e-12
-7.006909e-13
1.026401e-11
-1.10429e-12
3.801073e-12
8.711928e-12
-1.396644e-12
3.776385e-12
6.921264e-12
-1.619432e-12
3.810341e-12
4.968855e-12
-1.774524e-12
3.83415e-12
3.009016e-12
-2.168305e-14
3.533831e-14
2.923927e-12
-2.175897e-14
3.434639e-14
2.930495e-12
-2.239835e-14
3.467298e-14
3.220607e-12
-2.281268e-14
3.482401e-14
4.266532e-12
-2.263607e-14
3.398922e-14
6.605751e-12
-2.575826e-12
1.197972e-11
-3.138316e-12
3.748155e-12
9.432751e-12
-3.566392e-12
3.777353e-12
6.853256e-12
-3.865924e-12
3.795265e-12
4.325957e-12
-4.663687e-14
3.491458e-14
4.258199e-12
-4.673185e-14
3.385712e-14
4.270378e-12
-4.803361e-14
3.406382e-14
4.622769e-12
-4.89655e-14
3.407293e-14
5.717215e-12
-4.828351e-14
3.313487e-14
8.059299e-12
-1.120733e-14
6.893045e-15
8.378473e-12
-5.632691e-12
1.322052e-11
-6.170094e-12
3.75015e-12
9.654399e-12
-6.567484e-12
3.762708e-12
6.397635e-12
-7.748055e-14
3.455739e-14
6.331565e-12
-7.749739e-14
3.343819e-14
6.38291e-12
-7.948287e-14
3.354193e-14
6.778302e-12
-8.078265e-14
3.342865e-14
7.943746e-12
-7.962793e-14
3.239553e-14
1.027642e-11
-1.823824e-14
6.717606e-15
1.033693e-11
-2.040845e-14
6.57996e-15
1.094666e-11
-9.774366e-12
1.314405e-11
-1.009577e-11
3.735232e-12
9.27133e-12
-1.151696e-13
3.425038e-14
9.235858e-12
-1.147973e-13
3.307806e-14
9.313129e-12
-1.172889e-13
3.308683e-14
9.775149e-12
-1.187715e-13
3.287458e-14
1.097402e-11
-1.167958e-13
3.176938e-14
1.327717e-11
-2.640653e-14
6.568221e-15
1.297242e-11
-2.907709e-14
6.411979e-15
1.313054e-11
-3.184806e-14
6.473128e-15
1.275692e-11
-1.436222e-11
1.246612e-11
-1.554008e-13
3.39853e-14
1.249719e-11
-1.542786e-13
3.276625e-14
1.266765e-11
-1.56635e-13
3.269941e-14
1.320635e-11
-1.576878e-13
3.240626e-14
1.446553e-11
-1.545789e-13
3.125422e-14
1.671705e-11
-3.431287e-14
6.447619e-15
1.598748e-11
-3.710418e-14
6.275706e-15
1.560745e-11
-3.997336e-14
6.314661e-15
1.459531e-11
-4.22363e-14
6.40897e-15
1.115601e-11
-1.462047e-13
1.56269e-11
-1.449459e-13
3.249219e-14
1.58268e-11
-1.47241e-13
3.2366e-14
1.640751e-11
-1.482764e-13
3.201706e-14
1.765174e-11
-1.453178e-13
3.082894e-14
1.981995e-11
-3.228144e-14
6.35031e-15
1.868027e-11
-3.481181e-14
6.167013e-15
1.781476e-11
-3.741834e-14
6.186986e-15
1.621701e-11
-3.937048e-14
6.259491e-15
1.20702e-11
-4.019034e-14
6.311228e-15
-1.184509e-13
1.827329e-11
-1.20167e-13
3.208482e-14
1.88535e-11
-1.209282e-13
3.16934e-14
2.008139e-11
-1.184012e-13
3.048202e-14
2.215737e-11
-2.624913e-14
6.270537e-15
2.071081e-11
-2.816147e-14
6.079673e-15
1.946399e-11
-3.017444e-14
6.084774e-15
1.742607e-11
-3.166642e-14
6.138089e-15
1.274376e-11
-3.218008e-14
6.168574e-15
-8.377965e-14
2.047803e-11
-8.419194e-14
3.142412e-14
2.167241e-11
-8.232445e-14
3.019136e-14
2.368863e-11
-1.819774e-14
6.204283e-15
2.20298e-11
-1.942229e-14
6.006406e-15
2.053746e-11
-2.073836e-14
6.000857e-15
1.820418e-11
-2.171448e-14
6.038619e-15
1.317486e-11
-2.202719e-14
6.050284e-15
-4.304591e-14
2.248819e-11
-4.205413e-14
2.994183e-14
2.446176e-11
-9.27532e-15
6.146945e-15
2.270013e-11
-9.863209e-15
5.943691e-15
2.107628e-11
-1.05074e-14
5.9284e-15
1.859569e-11
-1.099103e-14
5.954816e-15
1.338725e-11
-1.11335e-14
5.951209e-15
3.505251e-12
4.230672e-12
3.533914e-12
6.979713e-12
4.130412e-12
3.461781e-12
6.893349e-12
4.244186e-12
6.705826e-12
1.045093e-11
4.045814e-12
3.574754e-12
1.011782e-11
4.14213e-12
6.533249e-12
9.9299e-12
4.236213e-12
9.107958e-12
1.409007e-11
3.977987e-12
4.422676e-12
1.314896e-11
4.054242e-12
7.106754e-12
1.251269e-11
4.131624e-12
8.810854e-12
1.228537e-11
4.225667e-12
1.005466e-11
-6.009872e-11
2.565278e-08
-1.005337e-10
2.329034e-08
-8.382507e-11
1.889559e-08
-2.168823e-11
1.105649e-08
4.059391e-11
1.864058e-11
1.153712e-11
2.980035e-11
1.598971e-11
3.992009e-12
2.212695e-11
1.434734e-11
4.039451e-12
1.644322e-11
1.351642e-11
4.118919e-12
1.201706e-11
1.334367e-11
4.196439e-12
8.441816e-12
-9.354806e-11
-1.65242e-10
-7.054138e-11
5.513283e-08
-1.485977e-10
-4.833171e-11
4.307864e-08
-5.474203e-11
-2.877123e-11
2.323338e-08
2.468337e-11
8.177131e-12
1.983057e-11
2.015857e-11
8.659785e-12
3.947517e-12
1.60226e-11
8.964947e-12
3.964961e-12
1.230104e-11
9.241486e-12
4.030488e-12
8.875463e-12
9.512948e-12
4.093229e-12
5.785632e-12
1.096537e-13
3.814614e-14
5.698466e-12
-1.66279e-10
-1.914188e-10
-1.303216e-10
5.8058e-08
-8.603103e-11
-8.766773e-11
3.026343e-08
1.583574e-11
3.753359e-12
2.456796e-11
1.376076e-11
4.749682e-12
3.905772e-12
1.138771e-11
5.426316e-12
3.903822e-12
8.890687e-12
5.93544e-12
3.958636e-12
6.37496e-12
6.298347e-12
4.007759e-12
3.930542e-12
7.458656e-14
3.722694e-14
3.83978e-12
7.474554e-14
3.651577e-14
3.840579e-12
-1.510251e-10
-1.120236e-10
-1.070296e-10
3.415259e-08
1.10505e-11
1.729209e-12
2.715229e-11
9.980415e-12
2.516121e-12
3.867804e-12
8.444528e-12
3.068223e-12
3.852944e-12
6.668231e-12
3.483034e-12
3.899475e-12
4.739663e-12
3.770918e-12
3.938217e-12
2.818277e-12
4.560035e-14
3.646504e-14
2.720548e-12
4.557307e-14
3.565032e-14
2.709464e-12
4.699075e-14
3.624116e-14
2.999871e-12
-6.668681e-11
9.011733e-12
6.879399e-13
2.826572e-11
8.272344e-12
1.095367e-12
3.833616e-12
7.095148e-12
1.385596e-12
3.810509e-12
5.62552e-12
1.606703e-12
3.850161e-12
3.995465e-12
1.759355e-12
3.880881e-12
2.323202e-12
2.152758e-14
3.58432e-14
2.245709e-12
2.158801e-14
3.493299e-14
2.222797e-12
2.216443e-14
3.539628e-14
2.494695e-12
2.270889e-14
3.569498e-14
3.509801e-12
-4.084412e-18
8.413638e-12
-1.335768e-18
3.80258e-12
7.213398e-12
3.00008e-18
3.775071e-12
5.748773e-12
8.62435e-18
3.809087e-12
4.098193e-12
1.823934e-17
3.833059e-12
2.421222e-12
8.149973e-19
3.533065e-14
2.336817e-12
6.806048e-19
3.434465e-14
2.335382e-12
-1.153604e-19
3.468507e-14
2.603164e-12
2.123883e-19
3.485119e-14
3.619394e-12
3.813541e-20
3.401787e-14
5.95049e-12
-1.113345e-12
8.843578e-12
-1.406495e-12
3.745487e-12
7.028166e-12
-1.631222e-12
3.774871e-12
5.077236e-12
-1.78766e-12
3.793222e-12
3.093852e-12
-2.18359e-14
3.490128e-14
3.024097e-12
-2.190977e-14
3.385503e-14
3.022619e-12
-2.256775e-14
3.408746e-14
3.336349e-12
-2.304511e-14
3.412439e-14
4.377262e-12
-2.273821e-14
3.31899e-14
6.707786e-12
-5.307852e-15
6.903391e-15
7.177395e-12
-3.159599e-12
9.555456e-12
-3.588502e-12
3.746432e-12
6.948143e-12
-3.89153e-12
3.759883e-12
4.417772e-12
-4.690472e-14
3.454087e-14
4.345082e-12
-4.703531e-14
3.343765e-14
4.374217e-12
-4.837175e-14
3.357533e-14
4.71952e-12
-4.931282e-14
3.349758e-14
5.831899e-12
-4.872289e-14
3.247201e-14
8.163271e-12
-1.125487e-14
6.732381e-15
8.462836e-12
-1.270915e-14
6.59502e-15
9.375749e-12
-6.207805e-12
9.763245e-12
-6.604921e-12
3.731871e-12
6.477403e-12
-7.788822e-14
3.42336e-14
6.42594e-12
-7.792118e-14
3.30797e-14
6.472887e-12
-7.996573e-14
3.312518e-14
6.885043e-12
-8.133572e-14
3.294924e-14
8.04351e-12
-8.019512e-14
3.1851e-14
1.038252e-11
-1.837578e-14
6.583865e-15
1.042309e-11
-2.048773e-14
6.427087e-15
1.101014e-11
-2.266831e-14
6.488244e-15
1.115931e-11
-1.015474e-11
9.357111e-12
-1.157018e-13
3.39689e-14
9.317785e-12
-1.153852e-13
3.276728e-14
9.410124e-12
-1.179193e-13
3.273129e-14
9.867687e-12
-1.194773e-13
3.246603e-14
1.107923e-11
-1.175675e-13
3.131556e-14
1.337168e-11
-2.658807e-14
6.45816e-15
1.306116e-11
-2.926133e-14
6.284666e-15
1.319492e-11
-3.19674e-14
6.323059e-15
1.279745e-11
-3.411402e-14
6.415917e-15
1.012276e-11
-1.56176e-13
1.258288e-11
-1.549921e-13
3.249659e-14
1.274921e-11
-1.574452e-13
3.239101e-14
1.330262e-11
-1.585532e-13
3.20579e-14
1.455617e-11
-1.555296e-13
3.086674e-14
1.681387e-11
-3.452839e-14
6.355747e-15
1.606577e-11
-3.734667e-14
6.170641e-15
1.567396e-11
-4.021918e-14
6.189532e-15
1.46358e-11
-4.239831e-14
6.260648e-15
1.11724e-11
-4.336889e-14
6.311224e-15
-1.45613e-13
1.591351e-11
-1.478645e-13
3.209954e-14
1.648824e-11
-1.489603e-13
3.171504e-14
1.774321e-11
-1.460443e-13
3.049854e-14
1.990328e-11
-3.244973e-14
6.271745e-15
1.875898e-11
-3.499126e-14
6.079315e-15
1.787287e-11
-3.762346e-14
6.083395e-15
1.625853e-11
-3.958667e-14
6.135566e-15
1.208662e-11
-4.032659e-14
6.165205e-15
-1.206836e-13
1.893963e-11
-1.214119e-13
3.143307e-14
2.015919e-11
-1.188995e-13
3.019546e-14
2.223977e-11
-2.636267e-14
6.203516e-15
2.077861e-11
-2.82822e-14
6.004555e-15
1.952149e-11
-3.030813e-14
5.998273e-15
1.746217e-11
-3.181833e-14
6.035289e-15
1.276034e-11
-3.234588e-14
6.046433e-15
-8.45297e-14
2.175456e-11
-8.264775e-14
2.994452e-14
2.376094e-11
-1.826565e-14
6.146191e-15
2.209663e-11
-1.949288e-14
5.942394e-15
2.058735e-11
-2.08161e-14
5.926742e-15
1.823977e-11
-2.180194e-14
5.952795e-15
1.318931e-11
-2.212536e-14
5.948945e-15
-4.221435e-14
2.4537e-11
-9.308821e-15
6.09695e-15
2.275972e-11
-9.895263e-15
5.888212e-15
2.112587e-11
-1.054108e-14
5.865333e-15
1.862682e-11
-1.102878e-14
5.881308e-15
1.340153e-11
-1.117608e-14
5.866656e-15
4.226901e-12
3.612562e-12
3.53044e-12
4.131396e-12
3.5581e-12
3.508464e-12
4.245437e-12
7.035136e-12
7.060006e-12
4.047481e-12
3.489293e-12
6.943271e-12
4.144519e-12
6.755921e-12
6.89462e-12
4.238884e-12
9.884296e-12
1.057052e-11
3.977493e-12
3.611155e-12
1.023676e-11
4.058964e-12
6.594693e-12
1.000216e-11
4.136604e-12
9.186239e-12
9.984098e-12
4.230109e-12
1.162783e-11
1.423395e-11
3.920976e-12
4.472099e-12
1.330471e-11
3.985895e-12
7.195249e-12
1.266305e-11
4.048669e-12
8.91178e-12
1.237522e-11
4.126132e-12
1.015939e-11
1.242932e-11
4.201031e-12
1.15535e-11
-8.45012e-11
2.3193e-08
-7.068989e-11
1.878134e-08
-1.517023e-11
1.096692e-08
4.099066e-11
1.882933e-11
1.141595e-11
3.014212e-11
1.615926e-11
3.934998e-12
2.24014e-11
1.452223e-11
3.971522e-12
1.668554e-11
1.368193e-11
4.036203e-12
1.218739e-11
1.344196e-11
4.097358e-12
8.559587e-12
1.469824e-13
3.816791e-14
8.487435e-12
-5.824942e-11
-1.23327e-10
-4.140129e-11
4.289119e-08
-4.383198e-11
-2.241455e-11
2.309208e-08
2.49522e-11
8.252788e-12
1.967534e-11
2.038146e-11
8.742924e-12
3.899034e-12
1.623945e-11
9.055453e-12
3.908318e-12
1.248179e-11
9.347574e-12
3.962757e-12
9.037123e-12
9.62672e-12
4.011036e-12
5.89683e-12
1.102794e-13
3.724732e-14
5.812804e-12
1.100813e-13
3.65171e-14
5.836395e-12
-1.092377e-10
-6.960951e-11
-7.474613e-11
3.013371e-08
1.601735e-11
3.794078e-12
2.4429e-11
1.39401e-11
4.790214e-12
3.864343e-12
1.154703e-11
5.476707e-12
3.855735e-12
9.049383e-12
5.993366e-12
3.902112e-12
6.50137e-12
6.366679e-12
3.940436e-12
4.042719e-12
7.53274e-14
3.647995e-14
3.948708e-12
7.513606e-14
3.565337e-14
3.952353e-12
7.722675e-14
3.62151e-14
4.283787e-12
-9.061259e-11
1.122347e-11
1.752669e-12
2.70453e-11
1.011727e-11
2.53755e-12
3.832154e-12
8.589567e-12
3.093757e-12
3.811844e-12
6.794351e-12
3.514311e-12
3.851439e-12
4.8636e-12
3.806314e-12
3.882001e-12
2.909267e-12
4.597573e-14
3.585102e-14
2.83288e-12
4.603632e-14
3.493498e-14
2.817177e-12
4.721831e-14
3.538405e-14
3.11065e-12
4.828073e-14
3.566636e-14
4.156139e-12
7.006826e-13
8.41362e-12
1.104288e-12
3.80258e-12
7.213393e-12
1.396651e-12
3.775071e-12
5.748776e-12
1.61945e-12
3.809087e-12
4.098201e-12
1.77456e-12
3.833059e-12
2.421238e-12
2.16846e-14
3.533065e-14
2.336865e-12
2.17603e-14
3.434465e-14
2.335418e-12
2.239809e-14
3.468507e-14
2.60316e-12
2.281304e-14
3.485119e-14
3.619405e-12
2.263612e-14
3.401787e-14
5.950493e-12
-7.729731e-18
7.340834e-12
-2.105805e-18
3.744187e-12
5.852751e-12
3.522754e-18
3.773637e-12
4.20439e-12
1.013044e-17
3.792155e-12
2.504847e-12
3.090947e-19
3.489389e-14
2.43515e-12
8.680661e-19
3.385333e-14
2.427576e-12
7.327618e-19
3.409942e-14
2.718579e-12
-1.211708e-19
3.415101e-14
3.729304e-12
2.175231e-19
3.321738e-14
6.051887e-12
9.704996e-21
6.908379e-15
6.594631e-12
-1.416488e-12
7.143815e-12
-1.641682e-12
3.743979e-12
5.168229e-12
-1.799775e-12
3.757881e-12
3.184095e-12
-2.19652e-14
3.452799e-14
3.109185e-12
-2.205842e-14
3.343592e-14
3.123844e-12
-2.27178e-14
3.359864e-14
3.430665e-12
-2.321199e-14
3.354785e-14
4.493937e-12
-2.296241e-14
3.252638e-14
6.8119e-12
-5.329831e-15
6.742482e-15
7.260737e-12
-6.051435e-15
6.605798e-15
8.363014e-12
-3.610972e-12
7.051152e-12
-3.914149e-12
3.729088e-12
4.495208e-12
-4.71516e-14
3.421763e-14
4.437185e-12
-4.729397e-14
3.307947e-14
4.461888e-12
-4.867504e-14
3.315834e-14
4.824939e-12
-4.964877e-14
3.301719e-14
5.92886e-12
-4.905475e-14
3.192616e-14
8.271199e-12
-1.134523e-14
6.598521e-15
8.549249e-12
-1.27569e-14
6.441847e-15
9.438369e-12
-1.421397e-14
6.503518e-15
9.960966e-12
-6.64299e-12
6.562872e-12
-7.82464e-14
3.395252e-14
6.505951e-12
-7.831352e-14
3.276938e-14
6.567876e-12
-8.038764e-14
3.276941e-14
6.975722e-12
-8.181284e-14
3.25399e-14
8.148952e-12
-8.072966e-14
3.139636e-14
1.04761e-11
-1.849158e-14
6.473657e-15
1.051166e-11
-2.062001e-14
6.29952e-15
1.107522e-11
-2.274867e-14
6.337938e-15
1.11993e-11
-2.445818e-14
6.42947e-15
9.189954e-12
-1.162392e-13
9.403734e-12
-1.158963e-13
3.24977e-14
9.492385e-12
-1.185021e-13
3.242324e-14
9.964677e-12
-1.200995e-13
3.211742e-14
1.116981e-11
-1.182463e-13
3.092798e-14
1.346962e-11
-2.674762e-14
6.366296e-15
1.313988e-11
-2.943592e-14
6.179631e-15
1.326201e-11
-3.214918e-14
6.197756e-15
1.283868e-11
-3.423382e-14
6.267481e-15
1.01392e-11
-3.523068e-14
6.316653e-15
-1.557368e-13
1.283531e-11
-1.581496e-13
3.212417e-14
1.338412e-11
-1.59349e-13
3.175577e-14
1.464999e-11
-1.563638e-13
3.053639e-14
1.689821e-11
-3.472191e-14
6.277241e-15
1.614618e-11
-3.755443e-14
6.083016e-15
1.573302e-11
-4.045804e-14
6.086037e-15
1.467832e-11
-4.264172e-14
6.136768e-15
1.118916e-11
-4.352905e-14
6.165261e-15
-1.485237e-13
1.657444e-11
-1.495718e-13
3.14543e-14
1.78218e-11
-1.466998e-13
3.021195e-14
1.998834e-11
-3.259803e-14
6.204814e-15
1.882805e-11
-3.515122e-14
6.004295e-15
1.793212e-11
-3.779977e-14
5.997033e-15
1.629557e-11
-3.978904e-14
6.032936e-15
1.210385e-11
-4.053922e-14
6.04323e-15
-1.219196e-13
2.024245e-11
-1.193634e-13
2.994855e-14
2.23122e-11
-2.646309e-14
6.145422e-15
2.084686e-11
-2.838999e-14
5.940606e-15
1.957244e-11
-3.042541e-14
5.92426e-15
1.749868e-11
-3.194997e-14
5.949596e-15
1.277519e-11
-3.249478e-14
5.945239e-15
-8.297137e-14
2.383693e-11
-1.833177e-14
6.096207e-15
2.215643e-11
-1.955636e-14
5.886922e-15
2.063752e-11
-2.088473e-14
5.86371e-15
1.827135e-11
-2.187797e-14
5.87935e-15
1.320384e-11
-2.2211e-14
5.864467e-15
-9.341224e-15
2.28218e-11
-9.927202e-15
5.840525e-15
2.117056e-11
-1.057202e-14
5.810685e-15
1.865812e-11
-1.106173e-14
5.818836e-15
1.341411e-11
-1.121292e-14
5.794289e-15
4.127752e-12
3.636161e-12
4.241766e-12
7.23484e-12
3.570022e-12
4.048441e-12
3.582463e-12
3.533398e-12
4.145823e-12
7.082863e-12
3.526517e-12
4.240352e-12
1.054497e-11
7.13715e-12
3.979032e-12
3.5173e-12
7.021809e-12
4.061302e-12
6.807435e-12
6.943371e-12
4.139342e-12
9.956961e-12
6.982636e-12
4.232708e-12
1.311111e-11
1.06718e-11
3.920367e-12
3.642667e-12
1.035123e-11
3.990407e-12
6.657874e-12
1.011661e-11
4.05355e-12
9.2673e-12
1.005419e-11
4.130645e-12
1.17255e-11
1.017463e-11
4.203929e-12
1.456547e-11
1.436624e-11
3.872428e-12
4.519971e-12
1.34365e-11
3.928744e-12
7.271282e-12
1.280792e-11
3.980399e-12
9.01587e-12
1.251841e-11
4.043285e-12
1.026638e-11
1.251635e-11
4.10206e-12
1.167131e-11
1.380843e-13
3.819143e-14
1.166629e-11
-5.753673e-11
1.868182e-08
-9.913038e-12
1.088977e-08
4.137082e-11
1.899183e-11
1.131229e-11
3.043506e-11
1.631559e-11
3.886503e-12
2.266176e-11
1.467013e-11
3.914715e-12
1.68919e-11
1.384116e-11
3.968287e-12
1.236236e-11
1.359936e-11
4.015062e-12
8.672539e-12
1.478725e-13
3.726954e-14
8.605281e-12
1.468952e-13
3.651691e-14
8.660027e-12
-3.338076e-11
-3.264318e-11
-1.755129e-11
2.296941e-08
2.518015e-11
8.32379e-12
1.954173e-11
2.059855e-11
8.814638e-12
3.85754e-12
1.642432e-11
9.138089e-12
3.860128e-12
1.26582e-11
9.437543e-12
3.906123e-12
9.175239e-12
9.731772e-12
3.943595e-12
6.009989e-12
1.113244e-13
3.649947e-14
5.924121e-12
1.106845e-13
3.565563e-14
5.951194e-12
1.132368e-13
3.617822e-14
6.335268e-12
-6.135321e-11
1.620872e-11
3.829248e-12
2.430872e-11
1.409141e-11
4.828034e-12
3.828614e-12
1.170439e-11
5.520241e-12
3.814586e-12
9.183946e-12
6.045702e-12
3.854012e-12
6.631016e-12
6.425654e-12
3.884154e-12
4.136852e-12
7.596149e-14
3.586542e-14
4.061097e-12
7.584774e-14
3.493756e-14
4.062084e-12
7.761754e-14
3.535959e-14
4.396669e-12
7.910373e-14
3.561151e-14
5.494758e-12
1.776574e-12
1.026395e-11
2.556499e-12
3.801073e-12
8.711916e-12
3.117435e-12
3.776385e-12
6.921271e-12
3.541334e-12
3.810341e-12
4.968877e-12
3.838329e-12
3.83415e-12
3.009065e-12
4.632432e-14
3.53383e-14
2.924074e-12
4.639508e-14
3.43464e-14
2.930611e-12
4.767964e-14
3.467299e-14
3.220597e-12
4.85089e-14
3.482401e-14
4.266559e-12
4.806037e-14
3.398922e-14
6.605757e-12
1.11333e-12
7.340815e-12
1.406492e-12
3.744187e-12
5.852746e-12
1.63123e-12
3.773637e-12
4.204392e-12
1.787681e-12
3.792155e-12
2.504855e-12
2.18365e-14
3.489389e-14
2.435167e-12
2.191141e-14
3.385332e-14
2.427624e-12
2.256919e-14
3.409942e-14
2.718614e-12
2.304483e-14
3.415101e-14
3.729301e-12
2.273858e-14
3.321738e-14
6.051897e-12
5.307865e-15
6.90838e-15
6.594633e-12
-1.134147e-17
5.965482e-12
-3.033652e-18
3.74276e-12
4.293658e-12
3.836686e-18
3.756835e-12
2.594269e-12
1.569499e-19
3.452081e-14
2.51902e-12
3.265807e-19
3.343437e-14
2.527026e-12
9.339716e-19
3.361028e-14
2.813317e-12
7.782914e-19
3.357396e-14
3.846316e-12
-1.218883e-19
3.255351e-14
6.155467e-12
5.20385e-20
6.747315e-15
6.6772e-12
1.195141e-20
6.611226e-15
7.870345e-12
-1.652275e-12
5.267493e-12
-1.810491e-12
3.727116e-12
3.259916e-12
-2.208277e-14
3.420511e-14
3.199715e-12
-2.21837e-14
3.307796e-14
3.209851e-12
-2.286698e-14
3.318147e-14
3.534139e-12
-2.336009e-14
3.306652e-14
4.589483e-12
-2.312229e-14
3.19796e-14
6.921959e-12
-5.376185e-15
6.608613e-15
7.34706e-12
-6.073865e-15
6.45239e-15
8.424681e-12
-6.795479e-15
6.514758e-15
9.181609e-12
-3.937063e-12
4.580245e-12
-4.737149e-14
3.393695e-14
4.514886e-12
-4.753197e-14
3.276946e-14
4.554836e-12
-4.893309e-14
3.280228e-14
4.914006e-12
-4.994977e-14
3.260698e-14
6.034196e-12
-4.937929e-14
3.147068e-14
8.362899e-12
-1.14124e-14
6.488126e-15
8.639227e-12
-1.284423e-14
6.314156e-15
9.503592e-12
-1.426295e-14
6.352936e-15
1.00004e-11
-1.54157e-14
6.443506e-15
8.479152e-12
-7.859757e-14
6.591659e-12
-7.865867e-14
3.249997e-14
6.648447e-12
-8.07777e-14
3.246128e-14
7.071465e-12
-8.223013e-14
3.219051e-14
8.238682e-12
-8.118904e-14
3.100807e-14
1.057488e-11
-1.860317e-14
6.381712e-15
1.058981e-11
-2.073018e-14
6.194345e-15
1.11423e-11
-2.28796e-14
6.212381e-15
1.124112e-11
-2.453932e-14
6.280877e-15
9.206208e-12
-2.537793e-14
6.32853e-15
-1.164102e-13
9.578661e-12
-1.190087e-13
3.215606e-14
1.004704e-11
-1.206738e-13
3.181525e-14
1.126478e-11
-1.188457e-13
3.059743e-14
1.355412e-11
-2.688678e-14
6.287822e-15
1.322145e-11
-2.959054e-14
6.092035e-15
1.332155e-11
-3.232161e-14
6.094299e-15
1.288174e-11
-3.441394e-14
6.143475e-15
1.015645e-11
-3.534923e-14
6.170635e-15
-1.588849e-13
1.347009e-11
-1.600406e-13
3.149441e-14
1.472967e-11
-1.5713e-13
3.024976e-14
1.698563e-11
-3.489249e-14
6.21037e-15
1.621628e-11
-3.77398e-14
6.008069e-15
1.57937e-11
-4.066307e-14
5.999762e-15
1.471611e-11
-4.287812e-14
6.03426e-15
1.120693e-11
-4.376868e-14
6.043362e-15
-1.502197e-13
1.790548e-11
-1.472868e-13
2.996467e-14
2.006169e-11
-3.273081e-14
6.146739e-15
1.889861e-11
-3.529303e-14
5.940453e-15
1.798413e-11
-3.795611e-14
5.923123e-15
1.633333e-11
-3.996323e-14
5.947399e-15
1.211921e-11
-4.073803e-14
5.942218e-15
-1.19851e-13
2.238935e-11
-2.65577e-14
6.09544e-15
2.090687e-11
-2.848405e-14
5.885135e-15
1.962375e-11
-3.053074e-14
5.861296e-15
1.753101e-11
-3.206495e-14
5.876259e-15
1.279019e-11
-3.262387e-14
5.860897e-15
-1.839745e-14
2.221917e-11
-1.961948e-14
5.839251e-15
2.06824e-11
-2.094604e-14
5.80907e-15
1.830305e-11
-2.194527e-14
5.816916e-15
1.321666e-11
-2.22853e-14
5.792165e-15
-9.957581e-15
2.121706e-11
-1.060331e-14
5.76375e-15
1.868632e-11
-1.109194e-14
5.764695e-15
1.342666e-11
-1.124509e-14
5.732798e-15
4.044867e-12
3.659422e-12
4.142275e-12
7.281749e-12
4.236782e-12
1.09017e-11
3.608003e-12
3.979911e-12
3.607186e-12
3.572456e-12
4.062575e-12
7.130344e-12
3.55104e-12
4.140857e-12
1.061562e-11
3.583011e-12
4.23416e-12
1.417699e-11
7.202628e-12
3.921802e-12
3.541922e-12
7.097209e-12
3.992608e-12
6.86005e-12
7.020064e-12
4.056228e-12
1.003002e-11
7.030457e-12
4.133307e-12
1.320549e-11
7.136877e-12
4.205613e-12
1.689673e-11
1.076463e-11
3.871694e-12
3.673763e-12
1.044831e-11
3.933085e-12
6.712976e-12
1.022649e-11
3.985073e-12
9.351161e-12
1.01654e-11
4.047704e-12
1.182239e-11
1.02432e-11
4.105052e-12
1.468277e-11
1.127927e-13
3.820398e-14
1.47108e-11
1.448049e-11
3.830945e-12
4.561102e-12
1.355756e-11
3.880073e-12
7.345968e-12
1.293065e-11
3.923317e-12
9.106131e-12
1.265601e-11
3.975085e-12
1.037789e-11
1.265533e-11
4.019673e-12
1.178312e-11
1.388688e-13
3.729391e-14
1.178449e-11
1.378345e-13
3.65196e-14
1.191532e-11
-4.330102e-12
1.082236e-08
4.169614e-11
1.914607e-11
1.122303e-11
3.071804e-11
1.645041e-11
3.845014e-12
2.288487e-11
1.480612e-11
3.866374e-12
1.709082e-11
1.397603e-11
3.911499e-12
1.251325e-11
1.37506e-11
3.947459e-12
8.789786e-12
1.492897e-13
3.652106e-14
8.718267e-12
1.477522e-13
3.565645e-14
8.778021e-12
1.501388e-13
3.613607e-14
9.215824e-12
-1.186938e-11
2.541963e-11
8.38482e-12
1.942624e-11
2.078268e-11
8.88223e-12
3.821753e-12
1.660607e-11
9.20951e-12
3.818901e-12
1.280847e-11
9.519444e-12
3.857922e-12
9.314115e-12
9.821195e-12
3.88721e-12
6.109321e-12
1.123015e-13
3.588418e-14
6.037423e-12
1.116868e-13
3.493941e-14
6.063062e-12
1.138377e-13
3.532472e-14
6.450344e-12
1.154778e-13
3.553665e-14
7.606955e-12
3.865694e-12
1.425327e-11
4.86098e-12
3.79747e-12
1.183721e-11
5.560873e-12
3.779084e-12
9.318868e-12
6.090985e-12
3.812867e-12
6.740765e-12
6.478711e-12
3.83624e-12
4.239397e-12
7.653715e-14
3.535216e-14
4.155445e-12
7.645513e-14
3.434877e-14
4.175383e-12
7.83244e-14
3.464884e-14
4.50793e-12
7.949342e-14
3.477151e-14
5.606263e-12
7.857829e-14
3.393223e-14
7.956462e-12
2.575812e-12
8.843524e-12
3.138315e-12
3.745487e-12
7.028151e-12
3.566403e-12
3.77487e-12
5.07724e-12
3.865947e-12
3.793222e-12
3.093872e-12
4.663738e-14
3.490127e-14
3.024146e-12
4.673296e-14
3.385502e-14
3.022767e-12
4.803469e-14
3.408747e-14
3.336464e-12
4.896503e-14
3.412441e-14
4.377254e-12
4.828375e-14
3.31899e-14
6.707808e-12
1.120733e-14
6.903393e-15
7.1774e-12
1.416467e-12
5.965462e-12
1.641677e-12
3.74276e-12
4.293652e-12
1.799783e-12
3.756835e-12
2.594271e-12
2.196549e-14
3.452081e-14
2.519028e-12
2.205905e-14
3.343437e-14
2.527042e-12
2.271956e-14
3.361028e-14
2.813365e-12
2.321352e-14
3.357396e-14
3.846349e-12
2.296213e-14
3.255352e-14
6.155465e-12
5.329917e-15
6.747315e-15
6.677207e-12
6.051451e-15
6.611226e-15
7.870347e-12
-1.514098e-17
4.391293e-12
-4.170907e-18
3.726085e-12
2.669099e-12
4.169594e-20
3.419811e-14
2.608727e-12
1.641997e-19
3.307655e-14
2.611867e-12
3.493546e-19
3.319298e-14
2.915375e-12
9.916271e-19
3.309199e-14
3.942824e-12
7.952912e-19
3.200646e-14
6.26602e-12
-2.84336e-20
6.613449e-15
6.762928e-12
5.851911e-20
6.457653e-15
7.931317e-12
1.371605e-20
6.520551e-15
8.800457e-12
-1.821297e-12
3.343922e-12
-2.218845e-14
3.39247e-14
3.275791e-12
-2.229722e-14
3.276814e-14
3.301366e-12
-2.299232e-14
3.282517e-14
3.62209e-12
-2.35087e-14
3.265561e-14
4.693964e-12
-2.326418e-14
3.152337e-14
7.012823e-12
-5.408628e-15
6.498112e-15
7.438526e-12
-6.11913e-15
6.324669e-15
8.489767e-12
-6.818765e-15
6.363949e-15
9.220408e-12
-7.392862e-15
6.453937e-15
8.01136e-12
-4.758792e-14
4.600202e-12
-4.774442e-14
3.250025e-14
4.633281e-12
-4.917015e-14
3.249394e-14
5.008431e-12
-5.02054e-14
3.225674e-14
6.123326e-12
-4.967007e-14
3.108166e-14
8.462181e-12
-1.148013e-14
6.396096e-15
8.715915e-12
-1.290747e-14
6.208762e-15
9.571713e-12
-1.434973e-14
6.227243e-15
1.004242e-11
-1.546553e-14
6.294703e-15
8.495201e-12
-1.605188e-14
6.341083e-15
-7.899423e-14
6.734726e-12
-8.112117e-14
3.21938e-14
7.152736e-12
-8.261546e-14
3.188777e-14
8.333446e-12
-8.159121e-14
3.067682e-14
1.065917e-11
-1.869784e-14
6.303158e-15
1.067223e-11
-2.083937e-14
6.106679e-15
1.120153e-11
-2.298783e-14
6.108777e-15
1.128431e-11
-2.466928e-14
6.156659e-15
9.223871e-12
-2.545832e-14
6.182418e-15
-1.19516e-13
1.013343e-11
-1.211729e-13
3.15532e-14
1.134561e-11
-1.193987e-13
3.03108e-14
1.364281e-11
-2.70104e-14
6.220965e-15
1.329191e-11
-2.972372e-14
6.017127e-15
1.338326e-11
-3.247512e-14
6.008059e-15
1.291998e-11
-3.458484e-14
6.041038e-15
1.017453e-11
-3.552628e-14
6.048651e-15
-1.607626e-13
1.481364e-11
-1.577955e-13
3.00019e-14
1.706018e-11
-3.504834e-14
6.15232e-15
1.628898e-11
-3.79042e-14
5.944308e-15
1.584664e-11
-4.08451e-14
5.925929e-15
1.475493e-11
-4.308128e-14
5.948834e-15
1.122272e-11
-4.400146e-14
5.942496e-15
-1.479097e-13
2.013953e-11
-3.285047e-14
6.096703e-15
1.895956e-11
-3.541861e-14
5.885006e-15
1.80373e-11
-3.809535e-14
5.860274e-15
1.636646e-11
-4.011712e-14
5.874175e-15
1.213487e-11
-4.090919e-14
5.858044e-15
-2.665716e-14
2.097067e-11
-2.857413e-14
5.83748e-15
1.966888e-11
-3.062175e-14
5.806658e-15
1.756353e-11
-3.216861e-14
5.8139e-15
1.280343e-11
-3.273641e-14
5.788708e-15
-1.968141e-14
2.072944e-11
-2.100795e-14
5.762156e-15
1.833141e-11
-2.200516e-14
5.762786e-15
1.322942e-11
-2.235112e-14
5.730714e-15
-1.063271e-14
1.871566e-11
-1.112275e-14
5.718218e-15
1.343799e-11
-1.127457e-14
5.679503e-15
3.976366e-12
3.682979e-12
4.059096e-12
7.327736e-12
4.137407e-12
1.097166e-11
4.230597e-12
1.47192e-11
3.640283e-12
3.922614e-12
3.629144e-12
3.609907e-12
3.993796e-12
7.178568e-12
3.589431e-12
4.057707e-12
1.068522e-11
3.607196e-12
4.134802e-12
1.427039e-11
3.66699e-12
4.206554e-12
1.842894e-11
7.262508e-12
3.873022e-12
3.566457e-12
7.161265e-12
3.935174e-12
6.906494e-12
7.09355e-12
3.987612e-12
1.010474e-11
7.105719e-12
4.050305e-12
1.329878e-11
7.183939e-12
4.106816e-12
1.701312e-11
7.865078e-14
3.821033e-14
1.706099e-11
1.084498e-11
3.830131e-12
3.700642e-12
1.05372e-11
3.884242e-12
6.767841e-12
1.031976e-11
3.927821e-12
9.42475e-12
1.027188e-11
3.979307e-12
1.192319e-11
1.035228e-11
4.022599e-12
1.479569e-11
1.134089e-13
3.730723e-14
1.48285e-11
1.124034e-13
3.651762e-14
1.499541e-11
1.458826e-11
3.795119e-12
4.601812e-12
1.366222e-11
3.838489e-12
7.41022e-12
1.304316e-11
3.874698e-12
9.196039e-12
1.27727e-11
3.918064e-12
1.047554e-11
1.278865e-11
3.951834e-12
1.190088e-11
1.401321e-13
3.654494e-14
1.189678e-11
1.385859e-13
3.566052e-14
1.203377e-11
1.408385e-13
3.610224e-14
1.255353e-11
4.20363e-11
1.927905e-11
1.114578e-11
3.095985e-11
1.657812e-11
3.809222e-12
2.310228e-11
1.492358e-11
3.825033e-12
1.726125e-11
1.40997e-11
3.863154e-12
1.266244e-11
1.387885e-11
3.890937e-12
8.893618e-12
1.506595e-13
3.590456e-14
8.835556e-12
1.491141e-13
3.494017e-14
8.891219e-12
1.509883e-13
3.528471e-14
9.333268e-12
1.52159e-13
3.545482e-14
1.053362e-11
8.448835e-12
2.097818e-11
8.940701e-12
3.790573e-12
1.67602e-11
9.276656e-12
3.783327e-12
1.295827e-11
9.590366e-12
3.816701e-12
9.432206e-12
9.902315e-12
3.839202e-12
6.214388e-12
1.131463e-13
3.537002e-14
6.136941e-12
1.126261e-13
3.43503e-14
6.176971e-12
1.148306e-13
3.461459e-14
6.562882e-12
1.160744e-13
3.46996e-14
7.719525e-12
1.143939e-13
3.385196e-14
1.00693e-11
4.894922e-12
1.197964e-11
5.596302e-12
3.748155e-12
9.432731e-12
6.133227e-12
3.777353e-12
6.853262e-12
6.524675e-12
3.795265e-12
4.325988e-12
7.704127e-14
3.491457e-14
4.258269e-12
7.701262e-14
3.385711e-14
4.270563e-12
7.892625e-14
3.406383e-14
4.622935e-12
8.019079e-14
3.407296e-14
5.717162e-12
7.89581e-14
3.313487e-14
8.059324e-12
1.815815e-14
6.893047e-15
8.378479e-12
3.15958e-12
7.143757e-12
3.5885e-12
3.743979e-12
5.168211e-12
3.891541e-12
3.757881e-12
3.184096e-12
4.690502e-14
3.452798e-14
3.109205e-12
4.703585e-14
3.343591e-14
3.123893e-12
4.837292e-14
3.359863e-14
3.430812e-12
4.931396e-14
3.354786e-14
4.494044e-12
4.87224e-14
3.25264e-14
6.811895e-12
1.125493e-14
6.742483e-15
7.260754e-12
1.270915e-14
6.605799e-15
8.363018e-12
1.652246e-12
4.391271e-12
1.810483e-12
3.726085e-12
2.669091e-12
2.208284e-14
3.41981e-14
2.608728e-12
2.218401e-14
3.307655e-14
2.611875e-12
2.286766e-14
3.319298e-14
2.915391e-12
2.336196e-14
3.309198e-14
3.942869e-12
2.312385e-14
3.200646e-14
6.266048e-12
5.376117e-15
6.61345e-15
6.762927e-12
6.073959e-15
6.457653e-15
7.931322e-12
6.795498e-15
6.520552e-15
8.800458e-12
-1.920605e-17
2.751985e-12
-9.993195e-20
3.391783e-14
2.683807e-12
4.106689e-20
3.276683e-14
2.70262e-12
1.742972e-19
3.283656e-14
3.002453e-12
3.68839e-19
3.268064e-14
4.046536e-12
1.013918e-18
3.154976e-14
6.357923e-12
1.902443e-19
6.502958e-15
6.854612e-12
-3.053077e-20
6.329915e-15
7.995911e-12
6.325598e-20
6.369576e-15
8.838793e-12
1.490507e-20
6.459342e-15
7.780908e-12
-2.229402e-14
3.36007e-12
-2.239963e-14
3.249908e-14
3.378294e-12
-2.310552e-14
3.251661e-14
3.715646e-12
-2.363318e-14
3.23047e-14
4.782836e-12
-2.340819e-14
3.113384e-14
7.111818e-12
-5.437668e-15
6.406007e-15
7.514462e-12
-6.149949e-15
6.219123e-15
8.558913e-12
-6.864072e-15
6.238205e-15
9.262416e-12
-7.416716e-15
6.304953e-15
8.027153e-12
-7.714842e-15
6.350448e-15
-4.795216e-14
4.719367e-12
-4.93821e-14
3.222622e-14
5.088166e-12
-5.043989e-14
3.195331e-14
6.217821e-12
-4.991655e-14
3.074971e-14
8.546412e-12
-1.154049e-14
6.31747e-15
8.798771e-12
-1.297376e-14
6.121004e-15
9.629913e-12
-1.441152e-14
6.123388e-15
1.008641e-11
-1.555185e-14
6.17038e-15
8.513084e-12
-1.610136e-14
6.194817e-15
-8.14528e-14
7.239711e-12
-8.295509e-14
3.162502e-14
8.413983e-12
-8.196249e-14
3.03897e-14
1.074825e-11
-1.878111e-14
6.236222e-15
1.074268e-11
-2.093027e-14
6.031688e-15
1.126398e-11
-2.309708e-14
6.022465e-15
1.132248e-11
-2.477616e-14
6.054103e-15
9.242105e-12
-2.558605e-14
6.060263e-15
-1.216709e-13
1.14304e-11
-1.198792e-13
3.00623e-14
1.37185e-11
-2.712399e-14
6.162962e-15
1.336587e-11
-2.984302e-14
5.953394e-15
1.343661e-11
-3.260614e-14
5.934262e-15
1.295961e-11
-3.473749e-14
5.955674e-15
1.019062e-11
-3.569438e-14
5.947884e-15
-1.584906e-13
1.713866e-11
-3.5184e-14
6.102193e-15
1.635109e-11
-3.805329e-14
5.888891e-15
1.590154e-11
-4.100727e-14
5.863169e-15
1.478879e-11
-4.326104e-14
5.875705e-15
1.123894e-11
-4.420153e-14
5.858451e-15
-3.297766e-14
1.902411e-11
-3.553283e-14
5.837308e-15
1.808325e-11
-3.821767e-14
5.805661e-15
1.640029e-11
-4.025461e-14
5.811943e-15
1.214855e-11
-4.10602e-14
5.785976e-15
-2.866876e-14
1.97168e-11
-3.070998e-14
5.759767e-15
1.759212e-11
-3.225763e-14
5.759776e-15
1.281662e-11
-3.283801e-14
5.727337e-15
-2.106814e-14
1.836113e-11
-2.206619e-14
5.716333e-15
1.324084e-11
-2.240963e-14
5.677431e-15
-1.115149e-14
1.34498e-11
-1.130474e-14
5.633759e-15
3.919095e-12
3.704001e-12
3.990344e-12
7.374312e-12
4.054323e-12
1.103988e-11
4.131358e-12
1.481228e-11
4.202829e-12
1.918012e-11
3.669763e-12
3.873765e-12
3.651091e-12
3.641758e-12
3.93629e-12
7.221481e-12
3.626183e-12
3.989002e-12
1.07559e-11
3.645039e-12
4.051764e-12
1.43617e-11
3.690864e-12
4.107809e-12
1.85455e-11
4.021704e-14
3.821384e-14
1.860267e-11
7.314382e-12
3.831387e-12
3.58782e-12
7.219802e-12
3.886218e-12
6.952971e-12
7.15603e-12
3.930244e-12
1.017092e-11
7.177662e-12
3.98177e-12
1.339423e-11
7.258048e-12
4.024318e-12
1.712706e-11
7.907696e-14
3.731426e-14
1.717775e-11
7.82463e-14
3.651554e-14
1.736372e-11
1.09204e-11
3.794221e-12
3.727413e-12
1.061421e-11
3.842537e-12
6.815331e-12
1.040504e-11
3.879032e-12
9.498618e-12
1.036235e-11
3.922125e-12
1.201214e-11
1.045641e-11
3.954589e-12
1.491361e-11
1.14403e-13
3.655782e-14
1.494191e-11
1.12992e-13
3.565971e-14
1.511323e-11
1.14717e-13
3.607617e-14
1.566316e-11
1.468188e-11
3.764019e-12
4.636401e-12
1.376075e-11
3.802572e-12
7.47445e-12
1.314055e-11
3.833162e-12
9.273496e-12
1.287948e-11
3.869486e-12
1.057427e-11
1.290183e-11
3.895118e-12
1.200512e-11
1.413379e-13
3.592662e-14
1.201502e-11
1.397977e-13
3.49443e-14
1.214649e-11
1.415816e-13
3.525324e-14
1.267116e-11
1.426679e-13
3.538938e-14
1.392204e-11
1.941818e-11
3.121397e-11
1.668852e-11
3.778065e-12
2.328777e-11
1.503447e-11
3.789352e-12
1.742958e-11
1.420669e-11
3.821826e-12
1.279026e-11
1.399615e-11
3.842801e-12
9.000977e-12
1.51825e-13
3.538928e-14
8.939471e-12
1.504327e-13
3.435036e-14
9.008735e-12
1.523352e-13
3.457564e-14
9.44628e-12
1.529982e-13
3.462083e-14
1.064752e-11
1.502013e-13
3.376462e-14
1.296356e-11
9.001571e-12
1.692402e-11
9.334868e-12
3.752352e-12
1.308524e-11
9.656889e-12
3.781116e-12
9.552508e-12
9.972692e-12
3.798156e-12
6.303544e-12
1.138983e-13
3.493166e-14
6.242231e-12
1.134407e-13
3.385809e-14
6.27708e-12
1.157628e-13
3.403019e-14
6.677605e-12
1.170518e-13
3.400256e-14
7.830487e-12
1.149737e-13
3.305716e-14
1.01729e-11
2.609332e-14
6.877932e-15
1.025166e-11
5.632674e-12
9.555375e-12
6.170098e-12
3.746431e-12
6.948117e-12
6.567502e-12
3.759882e-12
4.417772e-12
7.748084e-14
3.454086e-14
4.345113e-12
7.749781e-14
3.343764e-14
4.374287e-12
7.948361e-14
3.357532e-14
4.719701e-12
8.078315e-14
3.349759e-14
5.832053e-12
7.962796e-14
3.247204e-14
8.163226e-12
1.823827e-14
6.732381e-15
8.462855e-12
2.040843e-14
6.595021e-15
9.375754e-12
3.610949e-12
5.267428e-12
3.914145e-12
3.727115e-12
3.259895e-12
4.715171e-14
3.42051e-14
3.199715e-12
4.729427e-14
3.307796e-14
3.209872e-12
4.86756e-14
3.318146e-14
3.534187e-12
4.964999e-14
3.306652e-14
4.589621e-12
4.905591e-14
3.197961e-14
6.922048e-12
1.134511e-14
6.608618e-15
7.347056e-12
1.275695e-14
6.45239e-15
8.424693e-12
1.421397e-14
6.514759e-15
9.181612e-12
1.821261e-12
2.75196e-12
2.218827e-14
3.391783e-14
2.6838e-12
2.229729e-14
3.276682e-14
2.702622e-12
2.299265e-14
3.283656e-14
3.002461e-12
2.350941e-14
3.268064e-14
4.046551e-12
2.326609e-14
3.154975e-14
6.357961e-12
5.409e-15
6.502959e-15
6.854633e-12
6.119057e-15
6.329917e-15
7.99591e-12
6.818867e-15
6.369576e-15
8.838796e-12
7.392883e-15
6.459343e-15
7.780909e-12
-3.850037e-19
2.766956e-12
-1.090414e-19
3.249782e-14
2.7786e-12
4.197325e-20
3.252787e-14
3.095557e-12
1.83092e-19
3.232935e-14
4.135047e-12
3.746837e-19
3.115992e-14
6.456489e-12
2.426921e-19
6.410801e-15
6.931249e-12
2.132786e-19
6.224355e-15
8.065158e-12
-3.218596e-20
6.243803e-15
8.880515e-12
6.596234e-20
6.310214e-15
7.796502e-12
1.54526e-20
6.355303e-15
-2.250168e-14
3.463463e-12
-2.320795e-14
3.224866e-14
3.794331e-12
-2.374524e-14
3.200066e-14
4.877345e-12
-2.352846e-14
3.080139e-14
7.19618e-12
-5.467742e-15
6.327348e-15
7.597013e-12
-6.177693e-15
6.131263e-15
8.616549e-12
-6.894382e-15
6.134163e-15
9.307169e-12
-7.461977e-15
6.180602e-15
8.045122e-12
-7.738591e-15
6.204042e-15
-4.958826e-14
5.17554e-12
-5.064989e-14
3.168994e-14
6.297696e-12
-5.014255e-14
3.046202e-14
8.635773e-12
-1.159155e-14
6.250461e-15
8.869192e-12
-1.303233e-14
6.045924e-15
9.69272e-12
-1.447795e-14
6.036972e-15
1.012402e-11
-1.561263e-14
6.067589e-15
8.531829e-12
-1.618624e-14
6.072594e-15
-8.32809e-14
8.500096e-12
-8.229005e-14
3.014062e-14
1.082409e-11
-1.885774e-14
6.178176e-15
1.081714e-11
-2.101076e-14
5.96788e-15
1.131742e-11
-2.318687e-14
5.948574e-15
1.136275e-11
-2.488531e-14
5.968696e-15
9.258247e-12
-2.56908e-14
5.959411e-15
-1.20357e-13
1.379793e-11
-2.722294e-14
6.112747e-15
1.342909e-11
-2.995193e-14
5.898028e-15
1.349261e-11
-3.272425e-14
5.871535e-15
1.299388e-11
-3.486702e-14
5.8826e-15
1.02073e-11
-3.584472e-14
5.863927e-15
-3.532557e-14
1.641643e-11
-3.818347e-14
5.841113e-15
1.59485e-11
-4.115351e-14
5.808585e-15
1.482388e-11
-4.342168e-14
5.813579e-15
1.125305e-11
-4.437834e-14
5.786493e-15
-3.565438e-14
1.813186e-11
-3.832971e-14
5.758733e-15
1.642951e-11
-4.037478e-14
5.757849e-15
1.216244e-11
-4.119524e-14
5.72474e-15
-3.080252e-14
1.762247e-11
-3.234458e-14
5.713355e-15
1.282816e-11
-3.292505e-14
5.674064e-15
-2.21252e-14
1.325285e-11
-2.246948e-14
5.631714e-15
-1.13328e-14
3.870262e-12
3.725019e-12
3.932863e-12
7.415919e-12
3.985645e-12
1.110894e-11
4.048385e-12
1.490264e-11
4.104205e-12
1.929676e-11
3.821029e-14
1.935746e-11
3.695309e-12
3.832084e-12
3.670253e-12
3.670827e-12
3.887263e-12
7.264445e-12
3.657463e-12
3.931561e-12
1.081891e-11
3.681189e-12
3.983141e-12
1.445434e-11
3.72819e-12
4.025284e-12
1.865891e-11
4.043386e-14
3.731813e-14
1.871956e-11
3.99621e-14
3.651472e-14
1.891308e-11
7.362967e-12
3.795407e-12
3.609028e-12
7.270535e-12
3.844434e-12
6.993489e-12
7.213052e-12
3.88134e-12
1.02374e-11
7.238887e-12
3.924473e-12
1.347904e-11
7.328695e-12
3.956187e-12
1.724342e-11
7.97474e-14
3.656448e-14
1.72921e-11
7.865379e-14
3.565855e-14
1.748049e-11
7.974921e-14
3.606108e-14
1.80391e-11
1.098644e-11
3.7631e-12
3.750271e-12
1.068637e-11
3.806502e-12
6.862874e-12
1.047898e-11
3.837377e-12
9.562656e-12
1.044493e-11
3.873386e-12
1.210209e-11
1.054496e-11
3.897733e-12
1.501822e-11
1.153366e-13
3.59382e-14
1.506028e-11
1.139445e-13
3.494344e-14
1.522688e-11
1.152984e-13
3.522898e-14
1.577986e-11
1.160636e-13
3.534498e-14
1.702327e-11
1.477959e-11
4.672997e-12
1.384654e-11
3.7714e-12
7.528948e-12
1.323199e-11
3.797282e-12
9.351734e-12
1.297201e-11
3.827994e-12
1.065946e-11
1.300517e-11
3.846785e-12
1.211194e-11
1.423645e-13
3.540981e-14
1.21197e-11
1.409533e-13
3.435318e-14
1.226511e-11
1.427804e-13
3.454521e-14
1.278347e-11
1.434004e-13
3.455844e-14
1.403577e-11
1.406542e-13
3.369817e-14
1.631053e-11
1.680373e-11
2.348291e-11
1.513053e-11
3.758314e-12
1.75729e-11
1.430737e-11
3.786139e-12
1.291924e-11
1.40978e-11
3.80166e-12
9.093117e-12
1.528811e-13
3.494994e-14
9.046943e-12
1.515554e-13
3.385747e-14
9.112886e-12
1.536407e-13
3.399154e-14
9.563617e-12
1.543222e-13
3.392581e-14
1.075788e-11
1.510151e-13
3.297255e-14
1.306814e-11
3.36335e-14
6.861655e-15
1.280094e-11
9.395243e-12
1.322045e-11
9.714647e-12
3.75015e-12
9.654375e-12
1.003856e-11
3.762707e-12
6.397634e-12
1.145578e-13
3.455738e-14
6.3316e-12
1.141629e-13
3.343818e-14
6.382988e-12
1.165733e-13
3.354192e-14
6.778475e-12
1.179709e-13
3.342867e-14
7.943897e-12
1.159119e-13
3.239557e-14
1.027639e-11
2.621453e-14
6.717606e-15
1.033694e-11
2.895826e-14
6.579961e-15
1.094666e-11
6.207787e-12
7.051065e-12
6.604925e-12
3.729088e-12
4.495174e-12
7.788839e-14
3.421762e-14
4.437185e-12
7.792147e-14
3.307946e-14
4.461919e-12
7.996617e-14
3.315833e-14
4.825006e-12
8.133646e-14
3.301718e-14
5.929027e-12
8.019562e-14
3.192618e-14
8.271326e-12
1.837579e-14
6.598529e-15
8.549214e-12
2.048775e-14
6.441846e-15
9.438382e-12
2.266829e-14
6.503519e-15
9.960969e-12
3.937037e-12
3.343846e-12
4.737139e-14
3.392469e-14
3.27577e-12
4.753207e-14
3.276814e-14
3.301367e-12
4.893341e-14
3.282516e-14
3.62211e-12
4.995035e-14
3.26556e-14
4.694008e-12
4.938052e-14
3.152337e-14
7.012938e-12
1.141267e-14
6.498117e-15
7.438594e-12
1.284409e-14
6.324674e-15
8.489765e-12
1.426301e-14
6.363949e-15
9.220416e-12
1.54157e-14
6.453938e-15
8.011362e-12
2.229332e-14
2.766931e-12
2.239943e-14
3.249782e-14
2.778593e-12
2.310559e-14
3.252787e-14
3.095558e-12
2.363352e-14
3.232935e-14
4.135055e-12
2.340891e-14
3.115992e-14
6.456502e-12
5.438123e-15
6.410801e-15
6.931278e-12
6.150366e-15
6.224357e-15
8.065173e-12
6.863994e-15
6.243804e-15
8.880514e-12
7.416821e-15
6.310214e-15
7.796504e-12
7.714863e-15
6.355303e-15
-4.140203e-19
2.86269e-12
-1.191097e-19
3.225978e-14
3.173549e-12
4.227809e-20
3.202495e-14
4.229619e-12
1.857658e-19
3.082723e-14
6.540719e-12
8.833488e-20
6.332124e-15
7.013371e-12
2.729542e-19
6.136415e-15
8.123271e-12
2.307067e-19
6.139729e-15
8.925375e-12
-3.302135e-20
6.185846e-15
7.814373e-12
6.644859e-20
6.208773e-15
-2.330984e-14
3.881281e-12
-2.384693e-14
3.173674e-14
4.95691e-12
-2.363648e-14
3.051327e-14
7.285939e-12
-5.492723e-15
6.260307e-15
7.667464e-12
-6.207191e-15
6.056128e-15
8.679125e-12
-6.921794e-15
6.047624e-15
9.344486e-12
-7.491906e-15
6.077631e-15
8.064342e-12
-7.783195e-15
6.081818e-15
-5.085319e-14
6.384999e-12
-5.034526e-14
3.021248e-14
8.71145e-12
-1.163818e-14
6.192362e-15
8.943923e-12
-1.308175e-14
5.98203e-15
9.746174e-12
-1.453626e-14
5.962972e-15
1.016463e-11
-1.567903e-14
5.9821e-15
8.547769e-12
-1.624559e-14
5.971531e-15
-8.260247e-14
1.090511e-11
-1.892566e-14
6.127901e-15
1.08806e-11
-2.108439e-14
5.912469e-15
1.13739e-11
-2.326676e-14
5.885765e-15
1.13972e-11
-2.497425e-14
5.895544e-15
9.275324e-12
-2.579842e-14
5.875439e-15
-2.732042e-14
1.349542e-11
-3.004721e-14
5.850166e-15
1.354051e-11
-3.283152e-14
5.816997e-15
1.302982e-11
-3.498424e-14
5.820525e-15
1.022168e-11
-3.597193e-14
5.792043e-15
-3.831912e-14
1.599785e-11
-4.12816e-14
5.76158e-15
1.485388e-11
-4.356602e-14
5.759524e-15
1.126761e-11
-4.453649e-14
5.725376e-15
-3.844897e-14
1.646039e-11
-4.048535e-14
5.711401e-15
1.217435e-11
-4.131303e-14
5.671503e-15
-3.243569e-14
1.28405e-11
-3.301032e-14
5.628383e-15
-2.252721e-14
3.828601e-12
3.743375e-12
3.883851e-12
7.457547e-12
3.928227e-12
1.11707e-11
3.979789e-12
1.499402e-11
4.021749e-12
1.940961e-11
3.731487e-14
1.947441e-11
3.65112e-14
1.967028e-11
3.719218e-12
3.796061e-12
3.689269e-12
3.696022e-12
3.84543e-12
7.301976e-12
3.685976e-12
3.882584e-12
1.088208e-11
3.711986e-12
3.925771e-12
1.453709e-11
3.763761e-12
3.957074e-12
1.877372e-11
4.076964e-14
3.656813e-14
1.883333e-11
4.016949e-14
3.565821e-14
1.90299e-11
4.068653e-14
3.605417e-14
1.958704e-11
7.40581e-12
3.76426e-12
3.627429e-12
7.318e-12
3.808325e-12
7.03377e-12
7.262499e-12
3.839604e-12
1.029544e-11
7.294668e-12
3.875621e-12
1.356446e-11
7.388876e-12
3.899229e-12
1.734715e-11
8.037667e-14
3.594393e-14
1.740884e-11
7.929459e-14
3.494212e-14
1.75949e-11
8.015217e-14
3.521517e-14
1.815455e-11
8.057713e-14
3.532204e-14
1.937332e-11
1.105517e-11
3.774642e-12
1.07497e-11
3.775277e-12
6.90346e-12
1.054811e-11
3.801381e-12
9.627065e-12
1.051659e-11
3.831778e-12
1.218019e-11
1.062563e-11
3.849258e-12
1.512458e-11
1.16134e-13
3.542029e-14
1.516531e-11
1.148358e-13
3.435139e-14
1.534543e-11
1.162406e-13
3.452156e-14
1.589263e-11
1.166359e-13
3.451626e-14
1.71358e-11
1.14236e-13
3.365745e-14
1.932255e-11
1.393596e-11
7.586612e-12
1.331178e-11
3.766149e-12
9.417967e-12
1.305861e-11
3.79214e-12
1.07465e-11
1.309484e-11
3.805507e-12
1.220451e-11
1.432937e-13
3.496894e-14
1.222697e-11
1.419377e-13
3.38592e-14
1.237015e-11
1.439228e-13
3.396069e-14
1.290156e-11
1.445791e-13
3.386528e-14
1.414502e-11
1.413616e-13
3.290887e-14
1.641508e-11
3.149782e-14
6.850505e-15
1.572884e-11
1.523066e-11
1.772379e-11
1.439474e-11
3.755115e-12
1.302873e-11
1.419315e-11
3.766118e-12
9.189593e-12
1.538034e-13
3.457491e-14
9.139214e-12
1.525705e-13
3.343696e-14
9.220617e-12
1.547527e-13
3.350342e-14
9.667621e-12
1.556068e-13
3.335311e-14
1.087252e-11
1.522881e-13
3.231282e-14
1.317062e-11
3.380133e-14
6.701693e-15
1.288715e-11
3.669156e-14
6.564567e-15
1.306623e-11
9.774341e-12
9.763177e-12
1.009578e-11
3.73187e-12
6.47737e-12
1.151699e-13
3.423359e-14
6.425939e-12
1.147976e-13
3.307969e-14
6.472922e-12
1.172893e-13
3.312517e-14
6.885117e-12
1.187722e-13
3.294924e-14
8.043666e-12
1.167958e-13
3.185102e-14
1.038265e-11
2.640656e-14
6.583873e-15
1.042307e-11
2.907718e-14
6.427087e-15
1.101015e-11
3.184804e-14
6.488245e-15
1.115931e-11
6.642974e-12
4.580148e-12
7.824648e-14
3.393694e-14
4.514852e-12
7.831368e-14
3.276945e-14
4.554836e-12
8.038794e-14
3.280227e-14
4.914037e-12
8.181329e-14
3.260697e-14
6.034258e-12
8.073038e-14
3.147068e-14
8.363038e-12
1.849169e-14
6.488132e-15
8.639324e-12
2.062003e-14
6.314165e-15
9.503567e-12
2.274869e-14
6.352936e-15
1.000041e-11
2.445816e-14
6.443507e-15
8.479154e-12
4.758753e-14
3.359993e-12
4.774431e-14
3.249907e-14
3.378273e-12
4.917024e-14
3.25166e-14
3.715646e-12
5.020572e-14
3.230469e-14
4.782855e-12
4.967066e-14
3.113384e-14
7.111854e-12
1.148041e-14
6.406007e-15
7.514551e-12
1.290776e-14
6.219127e-15
8.558961e-12
1.434958e-14
6.238211e-15
9.262415e-12
1.546558e-14
6.304953e-15
8.027157e-12
1.605188e-14
6.35045e-15
2.250092e-14
2.862665e-12
2.320774e-14
3.225978e-14
3.173542e-12
2.374531e-14
3.202495e-14
4.22962e-12
2.35288e-14
3.082722e-14
6.540726e-12
5.46791e-15
6.332124e-15
7.01338e-12
6.178202e-15
6.136415e-15
8.123292e-12
6.894831e-15
6.13973e-15
8.925385e-12
7.461896e-15
6.185848e-15
7.814372e-12
7.738696e-15
6.208774e-15
-4.482478e-19
3.259693e-12
-1.277726e-19
3.176069e-14
4.308928e-12
4.10657e-20
3.053886e-14
6.630732e-12
4.385977e-20
6.265074e-15
7.083633e-12
9.749602e-20
6.061241e-15
8.185513e-12
2.961055e-19
6.053088e-15
8.963048e-12
2.410418e-19
6.082849e-15
7.833693e-12
-3.286231e-20
6.086547e-15
-2.394796e-14
5.044539e-12
-2.373479e-14
3.026335e-14
7.361659e-12
-5.514968e-15
6.202178e-15
7.742448e-12
-6.231539e-15
5.992181e-15
8.732592e-12
-6.951386e-15
5.97355e-15
9.385032e-12
-7.519054e-15
5.99203e-15
8.080209e-12
-7.812474e-15
5.980594e-15
-5.054079e-14
8.7939e-12
-1.168026e-14
6.142059e-15
9.007289e-12
-1.312658e-14
5.926552e-15
9.802898e-12
-1.458542e-14
5.900062e-15
1.01992e-11
-1.573706e-14
5.908853e-15
8.565103e-12
-1.631101e-14
5.887504e-15
-1.89894e-14
1.094834e-11
-2.115012e-14
5.864549e-15
1.142208e-11
-2.333952e-14
5.831172e-15
1.143359e-11
-2.505364e-14
5.833407e-15
9.289886e-12
-2.588574e-14
5.803499e-15
-3.013981e-14
1.359074e-11
-3.29257e-14
5.769904e-15
1.306057e-11
-3.509036e-14
5.766529e-15
1.023673e-11
-3.608722e-14
5.730996e-15
-4.141486e-14
1.488535e-11
-4.369269e-14
5.71301e-15
1.127998e-11
-4.467842e-14
5.672188e-15
-4.060306e-14
1.218695e-11
-4.142159e-14
5.625802e-15
-3.30997e-14
3.792593e-12
3.761615e-12
3.842037e-12
7.493911e-12
3.879264e-12
1.123253e-11
3.922442e-12
1.507586e-11
3.95357e-12
1.952349e-11
3.656486e-14
1.958757e-11
3.565497e-14
1.978711e-11
3.604845e-14
2.034165e-11
3.740387e-12
3.764898e-12
3.706083e-12
3.719588e-12
3.809276e-12
7.33924e-12
3.710697e-12
3.840797e-12
1.093731e-11
3.740013e-12
3.876846e-12
1.462013e-11
3.794095e-12
3.900051e-12
1.887651e-11
4.108532e-14
3.594699e-14
1.894844e-11
4.04899e-14
3.494167e-14
1.914361e-11
4.089172e-14
3.52089e-14
1.970238e-11
4.106403e-14
3.531284e-14
2.08962e-11
7.450199e-12
3.647173e-12
7.359941e-12
3.77707e-12
7.068756e-12
7.308686e-12
3.803532e-12
1.035318e-11
7.343066e-12
3.833932e-12
1.363923e-11
7.443595e-12
3.850652e-12
1.745182e-11
8.091584e-14
3.542522e-14
1.751292e-11
7.989395e-14
3.434937e-14
1.771166e-11
8.078509e-14
3.450796e-14
1.826773e-11
8.097417e-14
3.449476e-14
1.948444e-11
7.918564e-14
3.36405e-14
2.15861e-11
1.081555e-11
6.94679e-12
1.060894e-11
3.770195e-12
9.682014e-12
1.058338e-11
3.795814e-12
1.225908e-11
1.069573e-11
3.807877e-12
1.521732e-11
1.16853e-13
3.497832e-14
1.527209e-11
1.155978e-13
3.385662e-14
1.545065e-11
1.171198e-13
3.393671e-14
1.601015e-11
1.175625e-13
3.382419e-14
1.724489e-11
1.147875e-13
3.287006e-14
1.942602e-11
2.551475e-14
6.844835e-15
1.834755e-11
1.339492e-11
9.488083e-12
1.313437e-11
3.761039e-12
1.081995e-11
1.317844e-11
3.769823e-12
1.230018e-11
1.441058e-13
3.459279e-14
1.231996e-11
1.42827e-13
3.343756e-14
1.247778e-11
1.448962e-13
3.347224e-14
1.300615e-11
1.457018e-13
3.329292e-14
1.425974e-11
1.424936e-13
3.225086e-14
1.651648e-11
3.164334e-14
6.690915e-15
1.581507e-11
3.424048e-14
6.555141e-15
1.54796e-11
1.448571e-11
1.3144e-11
1.427597e-11
3.735232e-12
9.271333e-12
1.546581e-13
3.425037e-14
9.23586e-12
1.534585e-13
3.307806e-14
9.313162e-12
1.557563e-13
3.308682e-14
9.775208e-12
1.567017e-13
3.287457e-14
1.097414e-11
1.535251e-13
3.17694e-14
1.327723e-11
3.406067e-14
6.568228e-15
1.297242e-11
3.685488e-14
6.411979e-15
1.313055e-11
3.981098e-14
6.47313e-15
1.275692e-11
1.015471e-11
6.562809e-12
1.157021e-13
3.395251e-14
6.505918e-12
1.153856e-13
3.276937e-14
6.567874e-12
1.179196e-13
3.276941e-14
6.975756e-12
1.194776e-13
3.253989e-14
8.149018e-12
1.175682e-13
3.139636e-14
1.047622e-11
2.658802e-14
6.473663e-15
1.051176e-11
2.926137e-14
6.299529e-15
1.10752e-11
3.19675e-14
6.337938e-15
1.119931e-11
3.4114e-14
6.429471e-15
9.189955e-12
7.859758e-14
4.600104e-12
7.865875e-14
3.250025e-14
4.633247e-12
8.077786e-14
3.249393e-14
5.00843e-12
8.223043e-14
3.225674e-14
6.123354e-12
8.118949e-14
3.108166e-14
8.462231e-12
1.860331e-14
6.396097e-15
8.716022e-12
2.073028e-14
6.208768e-15
9.571782e-12
2.287963e-14
6.227252e-15
1.00424e-11
2.453934e-14
6.294702e-15
8.495205e-12
2.53779e-14
6.341085e-15
4.795175e-14
3.463386e-12
4.938197e-14
3.224866e-14
3.794311e-12
5.043998e-14
3.200065e-14
4.877344e-12
4.991688e-14
3.080139e-14
7.196197e-12
1.154062e-14
6.327348e-15
7.597041e-12
1.297406e-14
6.131262e-15
8.616612e-12
1.441183e-14
6.134167e-15
9.307201e-12
1.555169e-14
6.180608e-15
8.045121e-12
1.610141e-14
6.204043e-15
2.330902e-14
3.259667e-12
2.38467e-14
3.176069e-14
4.308922e-12
2.363655e-14
3.053886e-14
6.630733e-12
5.492803e-15
6.265074e-15
7.083638e-12
6.207375e-15
6.061241e-15
8.18552e-12
6.922345e-15
6.053088e-15
8.963062e-12
7.492375e-15
6.082851e-15
7.833698e-12
7.783114e-15
6.086549e-15
-4.786082e-19
4.396222e-12
-1.316495e-19
3.02887e-14
6.706393e-12
8.497922e-21
6.20693e-15
7.158735e-12
4.896757e-20
5.99727e-15
8.238821e-12
1.044338e-19
5.978962e-15
9.003416e-12
3.102064e-19
5.99715e-15
7.849789e-12
2.432822e-19
5.985308e-15
-2.383247e-14
7.444722e-12
-5.535407e-15
6.151857e-15
7.805801e-12
-6.252943e-15
5.936652e-15
8.789497e-12
-6.975726e-15
5.910569e-15
9.419689e-12
-7.548635e-15
5.91872e-15
8.097574e-12
-7.839039e-15
5.896472e-15
-1.172033e-14
9.076183e-12
-1.316739e-14
5.878597e-15
9.851048e-12
-1.462978e-14
5.845385e-15
1.023586e-11
-1.578596e-14
5.846628e-15
8.57981e-12
-1.636807e-14
5.815489e-15
-2.121042e-14
1.147343e-11
-2.34048e-14
5.784014e-15
1.146464e-11
-2.512574e-14
5.779369e-15
9.305223e-12
-2.596377e-14
5.74241e-15
-3.301639e-14
1.309274e-11
-3.518374e-14
5.719939e-15
1.024956e-11
-3.619148e-14
5.677882e-15
-4.382436e-14
1.12929e-11
-4.480299e-14
5.626432e-15
-4.153725e-14
3.761453e-12
3.777902e-12
3.805898e-12
7.530056e-12
3.837495e-12
1.128656e-11
3.873531e-12
1.515782e-11
3.896573e-12
1.962569e-11
3.594351e-14
1.970173e-11
3.493845e-14
1.990017e-11
3.520353e-14
2.045692e-11
3.530688e-14
2.163627e-11
3.762251e-12
3.724017e-12
3.740492e-12
3.778002e-12
7.372234e-12
3.733794e-12
3.804679e-12
1.099216e-11
3.764315e-12
3.835106e-12
1.469287e-11
3.821644e-12
3.851408e-12
1.897973e-11
4.135625e-14
3.542775e-14
1.905154e-11
4.079022e-14
3.434844e-14
1.925863e-11
4.120786e-14
3.450175e-14
1.981467e-11
4.126632e-14
3.448625e-14
2.100703e-11
4.031705e-14
3.363692e-14
2.304465e-11
7.403358e-12
7.106353e-12
7.349633e-12
3.772314e-12
1.040339e-11
7.388178e-12
3.797895e-12
1.371364e-11
7.491092e-12
3.809199e-12
1.754389e-11
8.140069e-14
3.498248e-14
1.761795e-11
8.040814e-14
3.385399e-14
1.781578e-11
8.137543e-14
3.392272e-14
1.838316e-11
8.159575e-14
3.380313e-14
1.959348e-11
7.956834e-14
3.28543e-14
2.168829e-11
1.762879e-14
6.843827e-15
2.030686e-11
1.067219e-11
9.740784e-12
1.064238e-11
3.764666e-12
1.232631e-11
1.07608e-11
3.772098e-12
1.53114e-11
1.174831e-13
3.460133e-14
1.536524e-11
1.162832e-13
3.343417e-14
1.555761e-11
1.178719e-13
3.344798e-14
1.61145e-11
1.184248e-13
3.325196e-14
1.735842e-11
1.156767e-13
3.221302e-14
1.95269e-11
2.562792e-14
6.685477e-15
1.843286e-11
2.758398e-14
6.551425e-15
1.762308e-11
1.321332e-11
1.089771e-11
1.325176e-11
3.738878e-12
1.238088e-11
1.44849e-13
3.426713e-14
1.241609e-11
1.436052e-13
3.307787e-14
1.257115e-11
1.457741e-13
3.305518e-14
1.311332e-11
1.466589e-13
3.28147e-14
1.436139e-11
1.435714e-13
3.170777e-14
1.662283e-11
3.187455e-14
6.557696e-15
1.589926e-11
3.43808e-14
6.402821e-15
1.554399e-11
3.706104e-14
6.464533e-15
1.455477e-11
1.436218e-11
9.357072e-12
1.554011e-13
3.396889e-14
9.317788e-12
1.542791e-13
3.276727e-14
9.410125e-12
1.566354e-13
3.273128e-14
9.867718e-12
1.576884e-13
3.246603e-14
1.107928e-11
1.545802e-13
3.131556e-14
1.337178e-11
3.431296e-14
6.458166e-15
1.306121e-11
3.710411e-14
6.284672e-15
1.319492e-11
3.997352e-14
6.323059e-15
1.279746e-11
4.223628e-14
6.415919e-15
1.012276e-11
1.162391e-13
6.591596e-12
1.158967e-13
3.249997e-14
6.648415e-12
1.185024e-13
3.246128e-14
7.071463e-12
1.200998e-13
3.21905e-14
8.238713e-12
1.182467e-13
3.100807e-14
1.057493e-11
2.674774e-14
6.381712e-15
1.05899e-11
2.943584e-14
6.194351e-15
1.114237e-11
3.214923e-14
6.212391e-15
1.124111e-11
3.423392e-14
6.280877e-15
9.20621e-12
3.523066e-14
6.328531e-15
7.899427e-14
4.719269e-12
8.112126e-14
3.222621e-14
5.088134e-12
8.261563e-14
3.19533e-14
6.217819e-12
8.15915e-14
3.07497e-14
8.546437e-12
1.869794e-14
6.317469e-15
8.798809e-12
2.08395e-14
6.121004e-15
9.62999e-12
2.298792e-14
6.123393e-15
1.008646e-11
2.466931e-14
6.170389e-15
8.513076e-12
2.545834e-14
6.194816e-15
4.958783e-14
3.881204e-12
5.064975e-14
3.173673e-14
4.956892e-12
5.014264e-14
3.051327e-14
7.285938e-12
1.159163e-14
6.260306e-15
7.667477e-12
1.303247e-14
6.056127e-15
8.679144e-12
1.447827e-14
6.047622e-15
9.344529e-12
1.561295e-14
6.077635e-15
8.064358e-12
1.618608e-14
6.081824e-15
2.394709e-14
4.396198e-12
2.373455e-14
3.02887e-14
6.706388e-12
5.51498e-15
6.20693e-15
7.158736e-12
6.231626e-15
5.997269e-15
8.238825e-12
6.951582e-15
5.978961e-15
9.003421e-12
7.51963e-15
5.997149e-15
7.849796e-12
7.812948e-15
5.985309e-15
-4.925203e-19
6.789342e-12
-3.163889e-20
6.156593e-15
7.22198e-12
7.944038e-21
5.941709e-15
8.295793e-12
5.308774e-20
5.915945e-15
9.038008e-12
1.084115e-19
5.923792e-15
7.867099e-12
3.140105e-19
5.901095e-15
-5.555622e-15
7.875123e-12
-6.27286e-15
5.888664e-15
8.837639e-12
-6.996938e-15
5.855822e-15
9.456544e-12
-7.572913e-15
5.856433e-15
8.112395e-12
-7.868185e-15
5.82441e-15
-1.320557e-14
9.90328e-12
-1.467041e-14
5.798181e-15
1.026699e-11
-1.582993e-14
5.792516e-15
8.595359e-12
-1.641609e-14
5.75433e-15
-2.346378e-14
1.149766e-11
-2.519063e-14
5.732726e-15
9.318294e-12
-2.603455e-14
5.689271e-15
-3.527316e-14
1.026287e-11
-3.628325e-14
5.632063e-15
-4.493254e-14
3.795182e-12
3.774646e-12
7.562369e-12
3.801392e-12
1.134029e-11
3.83181e-12
1.522954e-11
3.847946e-12
1.972806e-11
3.542408e-14
1.980421e-11
3.434504e-14
2.001418e-11
3.449645e-14
2.056848e-11
3.448063e-14
2.174695e-11
3.363446e-14
2.375112e-11
3.762062e-12
7.40744e-12
3.754352e-12
3.773441e-12
1.104083e-11
3.786995e-12
3.799025e-12
1.476511e-11
3.845527e-12
3.809911e-12
1.907053e-11
4.159949e-14
3.498449e-14
1.915506e-11
4.104833e-14
3.385264e-14
1.936168e-11
4.150345e-14
3.391621e-14
1.992821e-11
4.157652e-14
3.379475e-14
2.1115e-11
4.05121e-14
3.285121e-14
2.31465e-11
8.956517e-15
6.844978e-15
2.156532e-11
7.391972e-12
1.045746e-11
7.42836e-12
3.766715e-12
1.377843e-11
7.535258e-12
3.773356e-12
1.763559e-11
8.182279e-14
3.460489e-14
1.771038e-11
8.086934e-14
3.343095e-14
1.792085e-11
8.188238e-14
3.343366e-14
1.848616e-11
8.217406e-14
3.323073e-14
1.970464e-11
8.01639e-14
3.219754e-14
2.178879e-11
1.770744e-14
6.684592e-15
2.039104e-11
1.895455e-14
6.552073e-15
1.921863e-11
1.070372e-11
1.239835e-11
1.081855e-11
3.741117e-12
1.53917e-11
1.180553e-13
3.427499e-14
1.545976e-11
1.168849e-13
3.307387e-14
1.565099e-11
1.18547e-13
3.303055e-14
1.62206e-11
1.19163e-13
3.277386e-14
1.745932e-11
1.165023e-13
3.166999e-14
1.963173e-11
2.58096e-14
6.552358e-15
1.851636e-11
2.769245e-14
6.399236e-15
1.76868e-11
2.974209e-14
6.461925e-15
1.613704e-11
1.332827e-11
1.246609e-11
1.455091e-13
3.398529e-14
1.249722e-11
1.443145e-13
3.276625e-14
1.266767e-11
1.465433e-13
3.269941e-14
1.320638e-11
1.475209e-13
3.240626e-14
1.446558e-11
1.444908e-13
3.125422e-14
1.671716e-11
3.209401e-14
6.447626e-15
1.598753e-11
3.460254e-14
6.275714e-15
1.560743e-11
3.719996e-14
6.31466e-15
1.459533e-11
3.923243e-14
6.408973e-15
1.1156e-11
1.561757e-13
9.403695e-12
1.549925e-13
3.24977e-14
9.492388e-12
1.574458e-13
3.242324e-14
9.964678e-12
1.585537e-13
3.211742e-14
1.116983e-11
1.555302e-13
3.092798e-14
1.346966e-11
3.452865e-14
6.366297e-15
1.313995e-11
3.734673e-14
6.179637e-15
1.326205e-11
4.021911e-14
6.197763e-15
1.283868e-11
4.239848e-14
6.267481e-15
1.013921e-11
4.336887e-14
6.316655e-15
1.164102e-13
6.734664e-12
1.190091e-13
3.219379e-14
7.152705e-12
1.206741e-13
3.188776e-14
8.333443e-12
1.18846e-13
3.067681e-14
1.065919e-11
2.688684e-14
6.303157e-15
1.067227e-11
2.959063e-14
6.106679e-15
1.12016e-11
3.232149e-14
6.108782e-15
1.128436e-11
3.441399e-14
6.156668e-15
9.223866e-12
3.534933e-14
6.182418e-15
8.145287e-14
5.175443e-12
8.295518e-14
3.168993e-14
6.297668e-12
8.196264e-14
3.046201e-14
8.635771e-12
1.878118e-14
6.25046e-15
8.869211e-12
2.093036e-14
6.045923e-15
9.692747e-12
2.309721e-14
6.036971e-15
1.012407e-11
2.477625e-14
6.067594e-15
8.531853e-12
2.558608e-14
6.072603e-15
5.085274e-14
5.044468e-12
5.034511e-14
3.026334e-14
7.361644e-12
1.16382e-14
6.202176e-15
7.742447e-12
1.308183e-14
5.99218e-15
8.732601e-12
1.453641e-14
5.973548e-15
9.385044e-12
1.567935e-14
5.992029e-15
8.080232e-12
1.624592e-14
5.980597e-15
2.383157e-14
6.789321e-12
5.535349e-15
6.156593e-15
7.221977e-12
6.252952e-15
5.941709e-15
8.295794e-12
6.97582e-15
5.915944e-15
9.038011e-12
7.548839e-15
5.923791e-15
7.867101e-12
7.839622e-15
5.901095e-15
-1.192419e-19
7.291147e-12
-3.54368e-20
5.89369e-15
8.343846e-12
7.422083e-21
5.861154e-15
9.074946e-12
5.575867e-20
5.861472e-15
7.881924e-12
1.089634e-19
5.828993e-15
-6.292446e-15
8.890175e-12
-7.016844e-15
5.808571e-15
9.487745e-12
-7.593952e-15
5.802257e-15
8.128108e-12
-7.892056e-15
5.763201e-15
-1.470798e-14
1.030068e-11
-1.587036e-14
5.745838e-15
8.608553e-12
-1.645921e-14
5.701132e-15
-2.524872e-14
9.332112e-12
-2.609832e-14
5.643414e-15
-3.637094e-14
7.59665e-12
3.770175e-12
1.138842e-11
3.795743e-12
1.530088e-11
3.806469e-12
1.981801e-11
3.498063e-14
1.990687e-11
3.384907e-14
2.011657e-11
3.391079e-14
2.068096e-11
3.378922e-14
2.185412e-11
3.284899e-14
2.385277e-11
6.845977e-15
2.217367e-11
3.775528e-12
1.109276e-11
3.807277e-12
3.767824e-12
1.482938e-11
3.867793e-12
3.774029e-12
1.916084e-11
4.18101e-14
3.460657e-14
1.92462e-11
4.127944e-14
3.342919e-14
1.946516e-11
4.175777e-14
3.342686e-14
2.002999e-11
4.186592e-14
3.322213e-14
2.122415e-11
4.080904e-14
3.219445e-14
2.324584e-11
8.996609e-15
6.685758e-15
2.164914e-11
9.59476e-15
6.554382e-15
2.023948e-11
7.469843e-12
1.384833e-11
7.574845e-12
3.742351e-12
1.771569e-11
8.221093e-14
3.427817e-14
1.780247e-11
8.127107e-14
3.307018e-14
1.80134e-11
8.233613e-14
3.301589e-14
1.859012e-11
8.267119e-14
3.275247e-14
1.980393e-11
8.071679e-14
3.165423e-14
2.189121e-11
1.782875e-14
6.55145e-15
2.047402e-11
1.902998e-14
6.399931e-15
1.928147e-11
2.035973e-14
6.463572e-15
1.73069e-11
1.087864e-11
1.547766e-11
1.185774e-13
3.399302e-14
1.554048e-11
1.174286e-13
3.276178e-14
1.574579e-11
1.191406e-13
3.267453e-14
1.631331e-11
1.198246e-13
3.23654e-14
1.756194e-11
1.172099e-13
3.121649e-14
1.972504e-11
2.597705e-14
6.442238e-15
1.860311e-11
2.786629e-14
6.272169e-15
1.774956e-11
2.984904e-14
6.312113e-15
1.617712e-11
3.13915e-14
6.407829e-15
1.20541e-11
1.462041e-13
1.258286e-11
1.44946e-13
3.249658e-14
1.274924e-11
1.472416e-13
3.239101e-14
1.330264e-11
1.482769e-13
3.205789e-14
1.45562e-11
1.453183e-13
3.086674e-14
1.681391e-11
3.228167e-14
6.355748e-15
1.606585e-11
3.481194e-14
6.170648e-15
1.567399e-11
3.741829e-14
6.18954e-15
1.463579e-11
3.937059e-14
6.260647e-15
1.11724e-11
4.019043e-14
6.311227e-15
1.557365e-13
9.578623e-12
1.5815e-13
3.215606e-14
1.004705e-11
1.593496e-13
3.181524e-14
1.126478e-11
1.563643e-13
3.059742e-14
1.355414e-11
3.472203e-14
6.287822e-15
1.322148e-11
3.755467e-14
6.092035e-15
1.332161e-11
4.045809e-14
6.094305e-15
1.288176e-11
4.264165e-14
6.143482e-15
1.015645e-11
4.352921e-14
6.170635e-15
1.19516e-13
7.23965e-12
1.211734e-13
3.162501e-14
8.413955e-12
1.19399e-13
3.038969e-14
1.074824e-11
2.701046e-14
6.236221e-15
1.07427e-11
2.972376e-14
6.031687e-15
1.126401e-11
3.24752e-14
6.022464e-15
1.132253e-11
3.458471e-14
6.054109e-15
9.242129e-12
3.552633e-14
6.060272e-15
8.3281e-14
6.384909e-12
8.229014e-14
3.021247e-14
8.711427e-12
1.885777e-14
6.192359e-15
8.943921e-12
2.101082e-14
5.982029e-15
9.746188e-12
2.318696e-14
5.96297e-15
1.016465e-11
2.488543e-14
5.982098e-15
8.547796e-12
2.569088e-14
5.971536e-15
5.054033e-14
7.444661e-12
1.168023e-14
6.151855e-15
7.80579e-12
1.312659e-14
5.936651e-15
8.789496e-12
1.458551e-14
5.910568e-15
9.419695e-12
1.573721e-14
5.918719e-15
8.097581e-12
1.631134e-14
5.896471e-15
5.555406e-15
7.291131e-12
6.272796e-15
5.89369e-15
8.343843e-12
6.996946e-15
5.861154e-15
9.074946e-12
7.573011e-15
5.861472e-15
7.881926e-12
7.86839e-15
5.828993e-15
-1.360726e-19
8.396253e-12
-3.810488e-20
5.813861e-15
9.106127e-12
6.850243e-21
5.807255e-15
7.897713e-12
5.667705e-20
5.76776e-15
-7.036336e-15
9.5217e-12
-7.613798e-15
5.755536e-15
8.141401e-12
-7.912681e-15
5.70995e-15
-1.590747e-14
8.622784e-12
-1.649892e-14
5.655254e-15
-2.615515e-14
1.143944e-11
3.764564e-12
1.536498e-11
3.770605e-12
1.990766e-11
3.460261e-14
1.999712e-11
3.342543e-14
2.021914e-11
3.342133e-14
2.078202e-11
3.321651e-14
2.196216e-11
3.219222e-14
2.395133e-11
6.68675e-15
2.225728e-11
6.55599e-15
2.073176e-11
3.828117e-12
1.489793e-11
3.887832e-12
3.743007e-12
1.924153e-11
4.200603e-14
3.427964e-14
1.933686e-11
4.147945e-14
3.306817e-14
1.955634e-11
4.198499e-14
3.30088e-14
2.013223e-11
4.211521e-14
3.274366e-14
2.132209e-11
4.108557e-14
3.165082e-14
2.33463e-11
9.05697e-15
6.552558e-15
2.173105e-11
9.63319e-15
6.4022e-15
2.0302e-11
1.027981e-14
6.466598e-15
1.805152e-11
7.615627e-12
1.780206e-11
8.257251e-14
3.399611e-14
1.788296e-11
8.163941e-14
3.275785e-14
1.810567e-11
8.273149e-14
3.265959e-14
1.868179e-11
8.311536e-14
3.234384e-14
1.990418e-11
8.119265e-14
3.120047e-14
2.198285e-11
1.794056e-14
6.441218e-15
2.05586e-11
1.914538e-14
6.272787e-15
1.934369e-11
2.043408e-14
6.313751e-15
1.734636e-11
2.142915e-14
6.410559e-15
1.271185e-11
1.191235e-13
1.562685e-11
1.179277e-13
3.249217e-14
1.582684e-11
1.196744e-13
3.236599e-14
1.640755e-11
1.204072e-13
3.201705e-14
1.765177e-11
1.178433e-13
3.082894e-14
1.982e-11
2.612097e-14
6.350311e-15
1.868037e-11
2.802473e-14
6.167022e-15
1.78148e-11
3.001993e-14
6.186996e-15
1.621699e-11
3.149756e-14
6.25949e-15
1.207021e-11
3.207554e-14
6.311231e-15
1.456124e-13
1.283529e-11
1.478645e-13
3.212416e-14
1.338415e-11
1.489609e-13
3.175576e-14
1.465001e-11
1.460448e-13
3.053639e-14
1.689823e-11
3.244984e-14
6.277241e-15
1.61462e-11
3.499149e-14
6.083016e-15
1.573308e-11
3.762359e-14
6.086044e-15
1.467834e-11
3.958662e-14
6.136776e-15
1.118916e-11
4.03267e-14
6.16526e-15
1.588847e-13
1.013339e-11
1.60041e-13
3.155319e-14
1.134562e-11
1.571305e-13
3.031079e-14
1.364281e-11
3.489259e-14
6.220964e-15
1.329193e-11
3.773992e-14
6.017127e-15
1.338328e-11
4.066331e-14
6.008058e-15
1.292001e-11
4.287816e-14
6.041043e-15
1.017454e-11
4.376861e-14
6.048657e-15
1.21671e-13
8.500041e-12
1.198796e-13
3.014061e-14
1.082407e-11
2.712405e-14
6.178174e-15
1.081713e-11
2.984308e-14
5.967878e-15
1.131744e-11
3.260618e-14
5.948572e-15
1.136277e-11
3.473756e-14
5.968695e-15
9.258273e-12
3.569424e-14
5.959416e-15
8.260258e-14
8.793824e-12
1.892568e-14
6.142056e-15
9.007272e-12
2.108442e-14
5.92655e-15
9.802895e-12
2.326682e-14
5.90006e-15
1.019921e-11
2.497434e-14
5.908851e-15
8.565111e-12
2.579854e-14
5.887502e-15
1.172023e-14
7.875075e-12
1.316735e-14
5.888662e-15
8.837632e-12
1.462979e-14
5.855821e-15
9.456543e-12
1.578605e-14
5.856431e-15
8.112399e-12
1.636822e-14
5.824408e-15
6.292201e-15
8.396242e-12
7.016775e-15
5.81386e-15
9.106125e-12
7.593958e-15
5.807254e-15
7.897713e-12
7.892155e-15
5.767759e-15
-1.488984e-19
9.140033e-12
-3.948936e-20
5.760496e-15
7.91103e-12
6.288585e-21
5.714473e-15
-7.633186e-15
8.155822e-12
-7.93218e-15
5.664039e-15
-1.653526e-14
1.54328e-11
3.739605e-12
1.998851e-11
3.427562e-14
2.008712e-11
3.306434e-14
2.030941e-11
3.300313e-14
2.088328e-11
3.273794e-14
2.205933e-11
3.164844e-14
2.405071e-11
6.553511e-15
2.233849e-11
6.403772e-15
2.07941e-11
6.468577e-15
1.84094e-11
3.908349e-12
1.932724e-11
4.218919e-14
3.399745e-14
1.94179e-11
4.166538e-14
3.275572e-14
1.964712e-11
4.218153e-14
3.265236e-14
2.022244e-11
4.233752e-14
3.233479e-14
2.142051e-11
4.132409e-14
3.119676e-14
2.343658e-11
9.112812e-15
6.442225e-15
2.18139e-11
9.690397e-15
6.274964e-15
2.036333e-11
1.031766e-14
6.316694e-15
1.809074e-11
1.080527e-14
6.414279e-15
1.312738e-11
8.293888e-14
1.796968e-11
8.198556e-14
3.24883e-14
1.818637e-11
8.309297e-14
3.235101e-14
1.877334e-11
8.350251e-14
3.199533e-14
1.999274e-11
8.161729e-14
3.081268e-14
2.207542e-11
1.803712e-14
6.34919e-15
2.063432e-11
1.925063e-14
6.167505e-15
1.940717e-11
2.054708e-14
6.188522e-15
1.738579e-11
2.150283e-14
6.262157e-15
1.272762e-11
2.184546e-14
6.314695e-15
1.184504e-13
1.591346e-11
1.201667e-13
3.209952e-14
1.648827e-11
1.209286e-13
3.171503e-14
1.774324e-11
1.184017e-13
3.049854e-14
1.990331e-11
2.624915e-14
6.271745e-15
1.875901e-11
2.816143e-14
6.079316e-15
1.787295e-11
3.017441e-14
6.083405e-15
1.625856e-11
3.166644e-14
6.135576e-15
1.208662e-11
3.217997e-14
6.165203e-15
1.48523e-13
1.347007e-11
1.495719e-13
3.14944e-14
1.47297e-11
1.467004e-13
3.024976e-14
1.698564e-11
3.259814e-14
6.210369e-15
1.62163e-11
3.515133e-14
6.008069e-15
1.579372e-11
3.779999e-14
5.999761e-15
1.471615e-11
3.978917e-14
6.034267e-15
1.120694e-11
4.053917e-14
6.04337e-15
1.607624e-13
1.143037e-11
1.577959e-13
3.006229e-14
1.371851e-11
3.504847e-14
6.162961e-15
1.336587e-11
3.790429e-14
5.953393e-15
1.343663e-11
4.08452e-14
5.934262e-15
1.295963e-11
4.308151e-14
5.955673e-15
1.019064e-11
4.40015e-14
5.947889e-15
1.203571e-13
1.090507e-11
2.722305e-14
6.127899e-15
1.088059e-11
2.9952e-14
5.912467e-15
1.137389e-11
3.27243e-14
5.885763e-15
1.139721e-11
3.486706e-14
5.895543e-15
9.275333e-12
3.584478e-14
5.875437e-15
1.898943e-14
9.076124e-12
2.115014e-14
5.878594e-15
9.851036e-12
2.333954e-14
5.845383e-15
1.023586e-11
2.505371e-14
5.846626e-15
8.579816e-12
2.588583e-14
5.815487e-15
1.320545e-14
8.890141e-12
1.467037e-14
5.808568e-15
9.487741e-12
1.582994e-14
5.802255e-15
8.128107e-12
1.641618e-14
5.7632e-15
7.036068e-15
9.140025e-12
7.613726e-15
5.760495e-15
7.91103e-12
7.912686e-15
5.714473e-15
-1.569081e-19
7.925456e-12
-3.953601e-20
5.668529e-15
-7.95123e-15
2.007363e-11
3.399339e-14
2.016828e-11
3.275186e-14
2.039949e-11
3.264666e-14
2.097254e-11
3.232895e-14
2.215674e-11
3.119424e-14
2.414023e-11
6.44312e-15
2.24204e-11
6.276481e-15
2.085487e-11
6.318618e-15
1.844849e-11
6.4166e-15
1.33261e-11
4.237181e-14
1.950392e-11
4.18407e-14
3.24861e-14
1.972829e-11
4.236403e-14
3.234379e-14
2.03124e-11
4.252972e-14
3.198619e-14
2.150754e-11
4.153652e-14
3.080866e-14
2.352736e-11
9.161155e-15
6.350103e-15
2.18884e-11
9.742827e-15
6.169564e-15
2.042542e-11
1.037353e-14
6.191352e-15
1.812951e-11
1.084274e-14
6.26576e-15
1.314301e-11
1.099418e-14
6.318831e-15
8.233506e-14
1.827321e-11
8.343505e-14
3.20848e-14
1.88535e-11
8.385551e-14
3.169339e-14
2.008143e-11
8.198763e-14
3.048202e-14
2.215739e-11
1.812283e-14
6.270538e-15
2.071083e-11
1.934194e-14
6.079673e-15
1.946404e-11
2.064932e-14
6.084782e-15
1.742608e-11
2.16142e-14
6.138097e-15
1.274376e-11
2.191798e-14
6.168573e-15
1.206831e-13
1.657439e-11
1.214116e-13
3.145428e-14
1.782183e-11
1.188999e-13
3.021195e-14
1.998836e-11
2.636278e-14
6.204814e-15
1.882806e-11
2.828221e-14
6.004295e-15
1.793214e-11
3.030807e-14
5.997034e-15
1.629562e-11
3.181829e-14
6.032945e-15
1.210387e-11
3.23459e-14
6.043239e-15
1.502191e-13
1.481363e-11
1.472868e-13
3.000189e-14
1.70602e-11
3.273095e-14
6.15232e-15
1.628899e-11
3.529313e-14
5.944307e-15
1.584665e-11
3.795621e-14
5.925928e-15
1.475494e-11
3.996344e-14
5.948833e-15
1.122274e-11
4.073815e-14
5.942503e-15
1.584904e-13
1.379791e-11
3.51841e-14
6.112745e-15
1.342909e-11
3.805342e-14
5.898027e-15
1.34926e-11
4.100736e-14
5.871533e-15
1.299389e-11
4.326114e-14
5.882599e-15
1.020731e-11
4.420176e-14
5.863926e-15
2.732045e-14
1.09483e-11
3.004733e-14
5.864547e-15
1.142207e-11
3.283158e-14
5.83117e-15
1.143358e-11
3.498429e-14
5.833405e-15
9.289892e-12
3.597196e-14
5.803498e-15
2.121047e-14
9.903236e-12
2.340483e-14
5.798179e-15
1.026699e-11
2.512576e-14
5.792514e-15
8.595358e-12
2.596383e-14
5.754328e-15
1.470785e-14
9.521677e-12
1.587032e-14
5.755534e-15
8.141399e-12
1.645922e-14
5.709949e-15
7.632903e-15
7.925452e-12
7.932108e-15
5.668528e-15
-1.594558e-19
2.025369e-11
3.248221e-14
2.048074e-11
3.233811e-14
2.106176e-11
3.198033e-14
2.224282e-11
3.080598e-14
2.423003e-11
6.350944e-15
2.249423e-11
6.171014e-15
2.09162e-11
6.193209e-15
1.848684e-11
6.268006e-15
1.334167e-11
6.32134e-15
4.201449e-14
1.981434e-11
4.253732e-14
3.20776e-14
2.039285e-11
4.270799e-14
3.168434e-14
2.159456e-11
4.172015e-14
3.047785e-14
2.360787e-11
9.203972e-15
6.271361e-15
2.196333e-11
9.788432e-15
6.081623e-15
2.048128e-11
1.042436e-14
6.087485e-15
1.816882e-11
1.089771e-14
6.141564e-15
1.31588e-11
1.103101e-14
6.172572e-15
8.377959e-14
1.893955e-11
8.41917e-14
3.143304e-14
2.015919e-11
8.232465e-14
3.019545e-14
2.22398e-11
1.819784e-14
6.203516e-15
2.077863e-11
1.94223e-14
6.004556e-15
1.95215e-11
2.073832e-14
5.998273e-15
1.74622e-11
2.171446e-14
6.035297e-15
1.276035e-11
2.202721e-14
6.046441e-15
1.21919e-13
1.790544e-11
1.193631e-13
2.996466e-14
2.006172e-11
2.646318e-14
6.146738e-15
1.889863e-11
2.83901e-14
5.940454e-15
1.798415e-11
3.04254e-14
5.923122e-15
1.633334e-11
3.194989e-14
5.947399e-15
1.211924e-11
3.249474e-14
5.942227e-15
1.47909e-13
1.713865e-11
3.285048e-14
6.102192e-15
1.635111e-11
3.541875e-14
5.888891e-15
1.590154e-11
3.809544e-14
5.863169e-15
1.47888e-11
4.011722e-14
5.875704e-15
1.123895e-11
4.09094e-14
5.85845e-15
3.532553e-14
1.34954e-11
3.818359e-14
5.850164e-15
1.354051e-11
4.115365e-14
5.816996e-15
1.302982e-11
4.342176e-14
5.820524e-15
1.022169e-11
4.437844e-14
5.792042e-15
3.013986e-14
1.147341e-11
3.292583e-14
5.784013e-15
1.146463e-11
3.509043e-14
5.779367e-15
9.305222e-12
3.608727e-14
5.742408e-15
2.346384e-14
1.030065e-11
2.519066e-14
5.745835e-15
8.608549e-12
2.603458e-14
5.70113e-15
1.590734e-14
8.15581e-12
1.649888e-14
5.664037e-15
7.950943e-15
2.056614e-11
3.207194e-14
2.114221e-11
3.167854e-14
2.232905e-11
3.04751e-14
2.430965e-11
6.272148e-15
2.25683e-11
6.083011e-15
2.097151e-11
6.089271e-15
1.852562e-11
6.143734e-15
1.335723e-11
6.174998e-15
4.270836e-14
2.047797e-11
4.287836e-14
3.14241e-14
2.16724e-11
4.189039e-14
3.019134e-14
2.368865e-11
9.241059e-15
6.204283e-15
2.202983e-11
9.828468e-15
6.006408e-15
2.053747e-11
1.046873e-14
6.000857e-15
1.82042e-11
1.094748e-14
6.038626e-15
1.317487e-11
1.108485e-14
6.050292e-15
8.452964e-14
2.024238e-11
8.26475e-14
2.994853e-14
2.23122e-11
1.826569e-14
6.14542e-15
2.084688e-11
1.949299e-14
5.940607e-15
1.957245e-11
2.081611e-14
5.92426e-15
1.749868e-11
2.18019e-14
5.949596e-15
1.27752e-11
2.212533e-14
5.945246e-15
1.198504e-13
2.013949e-11
2.655762e-14
6.0967e-15
1.895958e-11
2.848413e-14
5.885005e-15
1.803731e-11
3.053084e-14
5.860274e-15
1.636647e-11
3.206494e-14
5.874175e-15
1.213488e-11
3.262378e-14
5.858043e-15
3.297751e-14
1.641642e-11
3.553283e-14
5.841111e-15
1.594852e-11
3.821781e-14
5.808585e-15
1.482388e-11
4.02547e-14
5.813578e-15
1.125305e-11
4.10603e-14
5.786492e-15
3.83191e-14
1.359073e-11
4.128172e-14
5.769902e-15
1.306057e-11
4.356615e-14
5.766528e-15
1.023672e-11
4.453657e-14
5.730994e-15
3.301644e-14
1.149764e-11
3.518389e-14
5.732724e-15
9.318291e-12
3.619155e-14
5.689269e-15
2.524879e-14
8.622768e-12
2.609835e-14
5.655251e-15
1.653513e-14
2.122662e-11
3.141834e-14
2.240679e-11
3.018863e-14
2.438966e-11
6.205042e-15
2.263404e-11
6.007738e-15
2.102701e-11
6.002576e-15
1.85606e-11
6.040719e-15
1.337302e-11
6.052636e-15
4.30459e-14
2.175451e-11
4.205403e-14
2.99445e-14
2.376094e-11
9.275339e-15
6.146188e-15
2.209665e-11
9.863256e-15
5.942394e-15
2.058738e-11
1.050741e-14
5.926743e-15
1.823978e-11
1.099102e-14
5.952795e-15
1.318933e-11
1.11335e-14
5.948952e-15
8.297133e-14
2.238929e-11
1.833171e-14
6.095435e-15
2.090687e-11
1.955639e-14
5.885133e-15
1.962376e-11
2.088484e-14
5.861296e-15
1.753102e-11
2.187797e-14
5.87626e-15
1.279019e-11
2.221095e-14
5.860896e-15
2.665703e-14
1.902409e-11
2.857405e-14
5.837304e-15
1.808327e-11
3.062183e-14
5.805659e-15
1.64003e-11
3.216871e-14
5.811943e-15
1.214856e-11
3.27364e-14
5.785976e-15
3.565423e-14
1.599784e-11
3.832972e-14
5.761579e-15
1.485389e-11
4.037492e-14
5.759523e-15
1.126761e-11
4.119533e-14
5.725375e-15
4.141484e-14
1.309272e-11
4.369281e-14
5.719937e-15
1.024956e-11
4.467855e-14
5.677881e-15
3.527323e-14
9.332102e-12
3.62834e-14
5.643412e-15
2.615522e-14
2.248815e-11
2.994181e-14
2.446176e-11
6.146942e-15
2.270015e-11
5.943691e-15
2.10763e-11
5.928402e-15
1.859569e-11
5.954817e-15
1.338727e-11
5.951216e-15
4.221434e-14
2.383689e-11
9.308798e-15
6.096203e-15
2.215642e-11
9.89528e-15
5.886919e-15
2.063753e-11
1.054112e-14
5.863709e-15
1.827136e-11
1.102879e-14
5.879351e-15
1.320384e-11
1.117607e-14
5.864467e-15
1.839744e-14
2.097063e-11
1.961942e-14
5.837475e-15
1.966889e-11
2.094608e-14
5.806656e-15
1.756354e-11
2.194538e-14
5.8139e-15
1.280343e-11
2.22853e-14
5.788709e-15
2.866862e-14
1.813184e-11
3.070988e-14
5.758729e-15
1.642952e-11
3.225771e-14
5.757848e-15
1.216244e-11
3.283811e-14
5.724739e-15
3.844882e-14
1.488534e-11
4.048536e-14
5.713008e-15
1.127999e-11
4.131318e-14
5.672188e-15
4.382434e-14
1.026286e-11
4.480312e-14
5.632061e-15
3.637101e-14
2.453697e-11
6.096946e-15
2.275972e-11
5.888209e-15
2.112589e-11
5.865333e-15
1.862684e-11
5.881309e-15
1.340153e-11
5.866656e-15
9.341227e-15
2.221914e-11
9.927177e-15
5.839247e-15
2.06824e-11
1.057204e-14
5.809067e-15
1.830305e-11
1.106178e-14
5.816916e-15
1.321667e-11
1.121293e-14
5.792166e-15
1.968142e-14
1.971677e-11
2.100788e-14
5.759762e-15
1.759212e-11
2.200519e-14
5.759773e-15
1.281662e-11
2.235123e-14
5.727336e-15
3.080238e-14
1.646038e-11
3.234449e-14
5.711397e-15
1.217435e-11
3.292513e-14
5.671502e-15
4.06029e-14
1.129289e-11
4.14216e-14
5.62643e-15
4.493253e-14
2.282177e-11
5.840521e-15
2.117056e-11
5.810682e-15
1.865812e-11
5.818836e-15
1.341412e-11
5.79429e-15
9.957588e-15
2.072942e-11
1.060328e-14
5.762152e-15
1.833141e-11
1.109195e-14
5.762783e-15
1.322943e-11
1.124513e-14
5.730714e-15
2.106815e-14
1.762244e-11
2.206612e-14
5.71335e-15
1.282817e-11
2.240966e-14
5.674061e-15
3.243555e-14
1.218695e-11
3.301022e-14
5.625799e-15
4.15371e-14
2.121704e-11
5.763747e-15
1.868632e-11
5.764691e-15
1.342666e-11
5.732798e-15
1.063272e-14
1.836112e-11
1.112272e-14
5.716329e-15
1.324084e-11
1.127458e-14
5.677428e-15
2.212522e-14
1.284049e-11
2.246941e-14
5.628377e-15
3.309956e-14
1.871565e-11
5.718214e-15
1.343799e-11
5.6795e-15
1.115151e-14
1.325285e-11
1.130471e-14
5.63171e-15
2.252723e-14
1.34498e-11
5.633755e-15
1.133281e-14
)
;

boundaryField
{
    airInlet
    {
        type            calculated;
        value           nonuniform List<scalar> 0();
    }
    airOutlet
    {
        type            calculated;
        value           nonuniform List<scalar> 0();
    }
    cathodeSides
    {
        type            calculated;
        value           uniform 0;
    }
    air_to_interconnect
    {
        type            calculated;
        value           uniform 0;
    }
    air_to_electrolyte
    {
        type            calculated;
        value           uniform 0;
    }
    procBoundary1to0
    {
        type            processor;
        value           nonuniform List<scalar> 
400
(
-9.496214e-09
-1.90237e-08
-1.902005e-08
-2.408767e-08
-4.240801e-08
-2.409475e-08
-2.659349e-08
-5.57492e-08
-5.577402e-08
-2.663662e-08
-2.759372e-08
-6.241314e-08
-7.421725e-08
-6.251981e-08
-2.770365e-08
-2.759372e-08
-6.504168e-08
-8.334898e-08
-8.344497e-08
-6.530913e-08
-2.78203e-08
-4.327554e-12
-2.659349e-08
-6.504168e-08
-8.68832e-08
-9.368023e-08
-8.717878e-08
-6.561054e-08
-2.702949e-08
-4.331279e-12
-4.342825e-12
-2.408767e-08
-6.241314e-08
-8.68832e-08
-9.757525e-08
-9.778392e-08
-8.758046e-08
-6.355238e-08
-2.489407e-08
-4.330047e-12
-4.34645e-12
-4.337721e-12
-1.90237e-08
-5.57492e-08
-8.334898e-08
-9.757525e-08
-1.017788e-07
-9.822486e-08
-8.485159e-08
-5.790891e-08
-2.045872e-08
-4.327978e-12
-4.344885e-12
-4.341243e-12
-4.33139e-12
-9.496214e-09
-4.240801e-08
-7.421725e-08
-9.368023e-08
-1.017788e-07
-1.022301e-07
-9.525392e-08
-7.719759e-08
-4.620152e-08
-1.203537e-08
-4.327974e-12
-4.342107e-12
-4.339458e-12
-4.334904e-12
-4.302935e-12
-1.902005e-08
-5.577402e-08
-8.344497e-08
-9.778392e-08
-1.022301e-07
-9.92038e-08
-8.675601e-08
-6.106578e-08
-2.517744e-08
-1.255944e-11
-4.336749e-12
-4.336317e-12
-4.333132e-12
-4.30661e-12
-3.912576e-14
-2.409475e-08
-6.251981e-08
-8.717878e-08
-9.822486e-08
-9.92038e-08
-9.04521e-08
-6.854696e-08
-3.242325e-08
-2.15376e-11
-4.342525e-12
-4.330791e-12
-4.330063e-12
-4.305356e-12
-3.912786e-14
-3.738237e-14
-2.663662e-08
-6.530913e-08
-8.758046e-08
-9.525392e-08
-9.04521e-08
-7.150719e-08
-3.608208e-08
-2.64718e-11
-4.355396e-12
-4.320603e-12
-4.325011e-12
-4.303211e-12
-3.912117e-14
-3.738443e-14
-3.690759e-14
-2.770365e-08
-6.561054e-08
-8.485159e-08
-8.675601e-08
-7.150719e-08
-3.755823e-08
-2.895375e-11
-4.361644e-12
-4.313336e-12
-4.317094e-12
-4.29972e-12
-3.911008e-14
-3.738219e-14
-3.691188e-14
-3.614648e-14
-2.78203e-08
-6.355238e-08
-7.719759e-08
-6.854696e-08
-3.755823e-08
-2.99527e-11
-4.364287e-12
-4.30833e-12
-4.310873e-12
-4.294402e-12
-3.909128e-14
-3.737971e-14
-3.691577e-14
-3.615096e-14
-3.442959e-14
-2.702949e-08
-5.790891e-08
-6.106578e-08
-3.608208e-08
-2.99527e-11
-4.365156e-12
-4.305249e-12
-4.30633e-12
-4.289916e-12
-3.906031e-14
-3.737571e-14
-3.692641e-14
-3.615706e-14
-3.443044e-14
-7.007709e-15
-2.489407e-08
-4.620152e-08
-3.242325e-08
-2.895375e-11
-4.365156e-12
-4.303795e-12
-4.303424e-12
-4.286348e-12
-3.903386e-14
-3.736605e-14
-3.694682e-14
-3.617547e-14
-3.44307e-14
-7.00631e-15
-6.709923e-15
-2.045872e-08
-2.517744e-08
-2.64718e-11
-4.364287e-12
-4.303795e-12
-4.30202e-12
-4.283909e-12
-3.901088e-14
-3.736194e-14
-3.697424e-14
-3.621427e-14
-3.444272e-14
-7.004359e-15
-6.707873e-15
-6.62011e-15
-1.203537e-08
-2.15376e-11
-4.361644e-12
-4.305249e-12
-4.30202e-12
-4.28268e-12
-3.899388e-14
-3.735786e-14
-3.701278e-14
-3.627359e-14
-3.447741e-14
-7.004164e-15
-6.704676e-15
-6.617654e-15
-6.566676e-15
-1.255944e-11
-4.355396e-12
-4.30833e-12
-4.303424e-12
-4.28268e-12
-3.898498e-14
-3.735398e-14
-3.704754e-14
-3.635221e-14
-3.453727e-14
-7.008344e-15
-6.702684e-15
-6.613669e-15
-6.563852e-15
-6.468893e-15
-4.327974e-12
-4.342524e-12
-4.313336e-12
-4.30633e-12
-4.283909e-12
-3.898498e-14
-3.735167e-14
-3.707248e-14
-3.642536e-14
-3.462085e-14
-7.017853e-15
-6.704707e-15
-6.610565e-15
-6.559114e-15
-6.465867e-15
-4.327978e-12
-4.336748e-12
-4.320603e-12
-4.310873e-12
-4.286348e-12
-3.899388e-14
-3.735167e-14
-3.708539e-14
-3.647943e-14
-3.469892e-14
-7.033078e-15
-6.712269e-15
-6.611316e-15
-6.554832e-15
-6.460685e-15
-4.330047e-12
-4.342107e-12
-4.330791e-12
-4.317094e-12
-4.289916e-12
-3.901088e-14
-3.735398e-14
-3.708539e-14
-3.650792e-14
-3.475478e-14
-7.047503e-15
-6.7264e-15
-6.617872e-15
-6.553981e-15
-6.455622e-15
-4.331279e-12
-4.344885e-12
-4.336317e-12
-4.325011e-12
-4.294402e-12
-3.903385e-14
-3.735786e-14
-3.707248e-14
-3.650792e-14
-3.478306e-14
-7.057445e-15
-6.740605e-15
-6.631563e-15
-6.558729e-15
-6.453549e-15
-4.327553e-12
-4.34645e-12
-4.339458e-12
-4.330062e-12
-4.29972e-12
-3.906031e-14
-3.736194e-14
-3.704754e-14
-3.647944e-14
-3.478306e-14
-7.062268e-15
-6.750863e-15
-6.645853e-15
-6.570705e-15
-6.456687e-15
-4.342824e-12
-4.341243e-12
-4.333132e-12
-4.30321e-12
-3.909127e-14
-3.736605e-14
-3.701278e-14
-3.642536e-14
-3.475478e-14
-7.062268e-15
-6.756077e-15
-6.656479e-15
-6.583631e-15
-6.466892e-15
-4.33772e-12
-4.334903e-12
-4.305356e-12
-3.911007e-14
-3.737571e-14
-3.697424e-14
-3.63522e-14
-3.469892e-14
-7.057445e-15
-6.756078e-15
-6.662019e-15
-6.593357e-15
-6.478254e-15
-4.33139e-12
-4.30661e-12
-3.912116e-14
-3.73797e-14
-3.694681e-14
-3.627359e-14
-3.462085e-14
-7.047503e-15
-6.750864e-15
-6.662019e-15
-6.598465e-15
-6.486855e-15
-4.302934e-12
-3.912786e-14
-3.738219e-14
-3.692641e-14
-3.621426e-14
-3.453727e-14
-7.033077e-15
-6.740606e-15
-6.65648e-15
-6.598466e-15
-6.491383e-15
-3.912576e-14
-3.738443e-14
-3.691577e-14
-3.617547e-14
-3.44774e-14
-7.017853e-15
-6.7264e-15
-6.645853e-15
-6.593357e-15
-6.491383e-15
-3.738237e-14
-3.691188e-14
-3.615707e-14
-3.444272e-14
-7.008343e-15
-6.712269e-15
-6.631563e-15
-6.583631e-15
-6.486855e-15
-3.690759e-14
-3.615096e-14
-3.44307e-14
-7.004164e-15
-6.704706e-15
-6.617872e-15
-6.570704e-15
-6.478255e-15
-3.614649e-14
-3.443045e-14
-7.004359e-15
-6.702684e-15
-6.611315e-15
-6.558729e-15
-6.466891e-15
-3.44296e-14
-7.006312e-15
-6.704677e-15
-6.610565e-15
-6.553981e-15
-6.456686e-15
-7.007711e-15
-6.707874e-15
-6.61367e-15
-6.554832e-15
-6.453548e-15
-6.709925e-15
-6.617655e-15
-6.559114e-15
-6.455621e-15
-6.620111e-15
-6.563853e-15
-6.460686e-15
-6.566677e-15
-6.465869e-15
-6.468894e-15
)
;
    }
    procBoundary1to2
    {
        type            processor;
        value           nonuniform List<scalar> 
400
(
8.480291e-09
1.726895e-08
1.7272e-08
2.231043e-08
3.917795e-08
2.232913e-08
2.511716e-08
5.278901e-08
5.282808e-08
2.517485e-08
2.636777e-08
6.057506e-08
7.252058e-08
6.071901e-08
2.650004e-08
2.636777e-08
6.40673e-08
8.395452e-08
8.409563e-08
6.441678e-08
2.662814e-08
3.734885e-12
2.511716e-08
6.40673e-08
8.909777e-08
9.775531e-08
8.953344e-08
6.477473e-08
2.558685e-08
3.738325e-12
3.747979e-12
2.231043e-08
6.057506e-08
8.909777e-08
1.038989e-07
1.042373e-07
9.006109e-08
6.18691e-08
2.311092e-08
3.737734e-12
3.751331e-12
3.743532e-12
1.726895e-08
5.278901e-08
8.395452e-08
1.038989e-07
1.108447e-07
1.048707e-07
8.579136e-08
5.49914e-08
1.85979e-08
3.736646e-12
3.750446e-12
3.746794e-12
3.737943e-12
8.480291e-09
3.917795e-08
7.252058e-08
9.775531e-08
1.108447e-07
1.115278e-07
9.979259e-08
7.569413e-08
4.273133e-08
1.076584e-08
3.737654e-12
3.748728e-12
3.745715e-12
3.7412e-12
3.713127e-12
1.7272e-08
5.282808e-08
8.409563e-08
1.042373e-07
1.115278e-07
1.060972e-07
8.775857e-08
5.790401e-08
2.286543e-08
1.107989e-11
3.744963e-12
3.743671e-12
3.740138e-12
3.716524e-12
3.375166e-14
2.232913e-08
6.071901e-08
8.953344e-08
1.048707e-07
1.060972e-07
9.319931e-08
6.664195e-08
3.002343e-08
1.932737e-11
3.751762e-12
3.739733e-12
3.738162e-12
3.715911e-12
3.375583e-14
3.225122e-14
2.517485e-08
6.441678e-08
9.006109e-08
9.979259e-08
9.319931e-08
7.057824e-08
3.405874e-08
2.420558e-11
3.764284e-12
3.732079e-12
3.734638e-12
3.714742e-12
3.375483e-14
3.22552e-14
3.184386e-14
2.650004e-08
6.477473e-08
8.579136e-08
8.775857e-08
7.057824e-08
3.586855e-08
2.695363e-11
3.771233e-12
3.726208e-12
3.728863e-12
3.712594e-12
3.375222e-14
3.225767e-14
3.184959e-14
3.119535e-14
2.662814e-08
6.18691e-08
7.569413e-08
6.664195e-08
3.586855e-08
2.818535e-11
3.774906e-12
3.722073e-12
3.723984e-12
3.709074e-12
3.37451e-14
3.226191e-14
3.185696e-14
3.120116e-14
2.973034e-14
2.558685e-08
5.49914e-08
5.790401e-08
3.405874e-08
2.818535e-11
3.776461e-12
3.719447e-12
3.720326e-12
3.705789e-12
3.372955e-14
3.226673e-14
3.187186e-14
3.121021e-14
2.97331e-14
6.054084e-15
2.311092e-08
4.273133e-08
3.002343e-08
2.695363e-11
3.776461e-12
3.718169e-12
3.717915e-12
3.703064e-12
3.371361e-14
3.226843e-14
3.18966e-14
3.123148e-14
2.973727e-14
6.053363e-15
5.799606e-15
1.85979e-08
2.286543e-08
2.420558e-11
3.774906e-12
3.718169e-12
3.716718e-12
3.701134e-12
3.369845e-14
3.22709e-14
3.192865e-14
3.127142e-14
2.975342e-14
6.052636e-15
5.798357e-15
5.723451e-15
1.076584e-08
1.932737e-11
3.771234e-12
3.719447e-12
3.716718e-12
3.700125e-12
3.368659e-14
3.227141e-14
3.196615e-14
3.132999e-14
2.979046e-14
6.053919e-15
5.796627e-15
5.72188e-15
5.678298e-15
1.107989e-11
3.764285e-12
3.722073e-12
3.717915e-12
3.700125e-12
3.367995e-14
3.22705e-14
3.199841e-14
3.14012e-14
2.985062e-14
6.059386e-15
5.79648e-15
5.719534e-15
5.676438e-15
5.594468e-15
3.737655e-12
3.751763e-12
3.726208e-12
3.720326e-12
3.701134e-12
3.367996e-14
3.226942e-14
3.202083e-14
3.146563e-14
2.992838e-14
6.069908e-15
5.800262e-15
5.718525e-15
5.673505e-15
5.592448e-15
3.736647e-12
3.744964e-12
3.73208e-12
3.723984e-12
3.703065e-12
3.36866e-14
3.226942e-14
3.203196e-14
3.151214e-14
2.999989e-14
6.084977e-15
5.809273e-15
5.721347e-15
5.671582e-15
5.589165e-15
3.737735e-12
3.748729e-12
3.739734e-12
3.728864e-12
3.70579e-12
3.369846e-14
3.227051e-14
3.203197e-14
3.153595e-14
3.005064e-14
6.099108e-15
5.823551e-15
5.729616e-15
5.673171e-15
5.58662e-15
3.738327e-12
3.750447e-12
3.743672e-12
3.734638e-12
3.709075e-12
3.371362e-14
3.227142e-14
3.202084e-14
3.153595e-14
3.007596e-14
6.108937e-15
5.837549e-15
5.743599e-15
5.680049e-15
5.587237e-15
3.734886e-12
3.751332e-12
3.745717e-12
3.738163e-12
3.712595e-12
3.372956e-14
3.227091e-14
3.199842e-14
3.151215e-14
3.007596e-14
6.113697e-15
5.847628e-15
5.757693e-15
5.692709e-15
5.592825e-15
3.74798e-12
3.746796e-12
3.74014e-12
3.714743e-12
3.374511e-14
3.226844e-14
3.196616e-14
3.146564e-14
3.005065e-14
6.113697e-15
5.852666e-15
5.768076e-15
5.705747e-15
5.604058e-15
3.743534e-12
3.741201e-12
3.715912e-12
3.375223e-14
3.226674e-14
3.192866e-14
3.140121e-14
2.99999e-14
6.108938e-15
5.852667e-15
5.773369e-15
5.715441e-15
5.615832e-15
3.737945e-12
3.716525e-12
3.375484e-14
3.226192e-14
3.189661e-14
3.133e-14
2.992839e-14
6.09911e-15
5.84763e-15
5.77337e-15
5.720404e-15
5.62462e-15
3.713129e-12
3.375585e-14
3.225768e-14
3.187187e-14
3.127143e-14
2.985063e-14
6.084979e-15
5.837552e-15
5.768078e-15
5.720405e-15
5.629117e-15
3.375168e-14
3.225522e-14
3.185697e-14
3.123149e-14
2.979047e-14
6.06991e-15
5.823553e-15
5.757696e-15
5.715443e-15
5.629118e-15
3.225123e-14
3.184961e-14
3.121022e-14
2.975343e-14
6.059388e-15
5.809275e-15
5.743602e-15
5.70575e-15
5.624622e-15
3.184387e-14
3.120117e-14
2.973727e-14
6.053921e-15
5.800265e-15
5.729619e-15
5.692712e-15
5.615835e-15
3.119536e-14
2.973311e-14
6.052637e-15
5.796482e-15
5.72135e-15
5.680052e-15
5.604061e-15
2.973035e-14
6.053365e-15
5.796628e-15
5.718527e-15
5.673174e-15
5.592828e-15
6.054087e-15
5.798359e-15
5.719535e-15
5.671584e-15
5.58724e-15
5.799609e-15
5.721883e-15
5.673506e-15
5.586622e-15
5.723454e-15
5.676441e-15
5.589166e-15
5.6783e-15
5.592451e-15
5.59447e-15
)
;
    }
}
)

// processor2

157580
(dimensions      [0 3 -1 0 0 0 0];

oriented        oriented;

internalField   nonuniform List<scalar> 
11150
(
1.974436e-11
8.440889e-09
2.011069e-11
5.484929e-11
1.72001e-08
3.468858e-11
1.843463e-11
8.404136e-09
1.876037e-11
3.463332e-11
1.720327e-08
5.523004e-11
7.588389e-11
2.223895e-08
5.16741e-11
4.995991e-11
1.713692e-08
3.251846e-11
1.008991e-10
3.904861e-08
1.004104e-10
1.606871e-11
8.37211e-09
1.641132e-11
3.225327e-11
1.714019e-08
5.052983e-11
5.157352e-11
2.225805e-08
7.627687e-11
5.564684e-11
2.50574e-08
8.13863e-11
6.8572e-11
2.217337e-08
4.801245e-11
1.361101e-10
5.266428e-08
1.451234e-10
4.353198e-11
1.708172e-08
2.862271e-11
9.132983e-11
3.89325e-08
9.160037e-11
1.453663e-10
5.270409e-08
1.350283e-10
1.399009e-11
8.344204e-09
1.437557e-11
2.814972e-11
1.708508e-08
4.433743e-11
4.767697e-11
2.219283e-08
6.942739e-11
8.003949e-11
2.511589e-08
5.724427e-11
1.343236e-16
2.63193e-08
1.055736e-10
5.020109e-11
2.500205e-08
7.484826e-11
9.78856e-11
6.049459e-08
2.04889e-10
5.987188e-11
2.211613e-08
4.200071e-11
1.222237e-10
5.255234e-08
1.31652e-10
1.912543e-10
7.243644e-08
1.903476e-10
3.798049e-11
1.703349e-08
2.51351e-11
7.989355e-11
3.883065e-08
8.08303e-11
1.311961e-10
5.259281e-08
1.224279e-10
2.022331e-10
6.064072e-08
9.726506e-11
1.222668e-11
8.319785e-09
1.266433e-11
2.451051e-11
1.703693e-08
3.898728e-11
4.14592e-11
2.213589e-08
6.119008e-11
7.359128e-11
2.50613e-08
5.221164e-11
1.033396e-10
2.645305e-08
3.439977e-12
-5.564661e-11
2.63193e-08
1.055737e-10
-6.285459e-17
2.627387e-08
9.678444e-11
2.463473e-16
6.402621e-08
2.498e-10
4.394034e-11
2.495387e-08
6.529381e-11
8.772761e-11
6.042145e-08
1.853034e-10
1.355894e-10
8.396612e-08
2.577982e-10
5.235414e-11
2.206605e-08
3.68099e-11
1.070987e-10
5.245412e-08
1.157017e-10
1.714393e-10
7.236018e-08
1.716299e-10
2.542506e-10
8.410973e-08
1.341554e-10
3.31952e-11
1.699127e-08
2.218159e-11
6.981604e-11
3.874142e-08
7.118577e-11
1.146487e-10
5.24952e-08
1.083928e-10
1.827562e-10
6.05696e-08
8.852238e-11
2.448014e-10
6.438038e-08
-1.589991e-13
1.075135e-11
8.298322e-09
1.118994e-11
2.134675e-11
1.699477e-08
3.446774e-11
3.612801e-11
2.208611e-08
5.403198e-11
6.414981e-11
2.501381e-08
4.632411e-11
9.490289e-11
2.6409e-08
3.565515e-12
1.044909e-10
2.658189e-08
-5.18592e-11
-3.780714e-12
3.711997e-12
3.809956e-12
-7.588376e-11
2.50574e-08
8.138639e-11
-5.020117e-11
2.627387e-08
9.678437e-11
-9.788518e-11
6.402621e-08
2.498001e-10
2.720947e-16
2.62345e-08
8.452261e-11
-1.07387e-16
6.398775e-08
2.25859e-10
2.671564e-16
8.918622e-08
3.067495e-10
3.850904e-11
2.491171e-08
5.719724e-11
7.700843e-11
6.03573e-08
1.624655e-10
1.213579e-10
8.397398e-08
2.318482e-10
1.764709e-10
9.792365e-08
1.799533e-10
4.581621e-11
2.202219e-08
3.238892e-11
9.3796e-11
5.236795e-08
1.017272e-10
1.501816e-10
7.229311e-08
1.513291e-10
2.285305e-10
8.411988e-08
1.211286e-10
2.989542e-10
8.96293e-08
-3.561358e-12
2.916117e-11
1.695418e-08
1.961764e-11
6.097097e-11
3.866323e-08
6.293534e-11
1.00304e-10
5.240959e-08
9.57894e-11
1.600637e-10
6.050734e-08
7.894312e-11
2.216481e-10
6.434623e-08
1.180566e-12
2.466164e-10
6.474108e-08
-1.00005e-10
9.433619e-12
8.279479e-09
9.897614e-12
1.872343e-11
1.695775e-08
3.04983e-11
3.150416e-11
2.204251e-08
4.7969e-11
5.611528e-11
2.49723e-08
4.121508e-11
8.303505e-11
2.63709e-08
3.599137e-12
9.580844e-11
2.65385e-08
-4.626405e-11
8.171732e-11
2.552914e-08
-7.272511e-11
-7.487563e-12
3.715429e-12
3.739246e-12
-3.798024e-12
3.690702e-12
3.825664e-12
-3.780306e-12
3.725007e-12
7.62599e-12
-5.48492e-11
2.223895e-08
5.167414e-11
-6.857193e-11
2.500205e-08
7.484816e-11
-1.361098e-10
6.049459e-08
2.048892e-10
-4.393994e-11
2.62345e-08
8.452273e-11
-8.772772e-11
6.398775e-08
2.258588e-10
-1.355889e-10
8.918622e-08
3.067497e-10
-2.699922e-16
2.620009e-08
7.414815e-11
4.660277e-16
6.395421e-08
1.980876e-10
-1.427293e-16
8.926203e-08
2.758181e-10
2.344339e-16
1.041825e-07
2.137958e-10
3.375401e-11
2.487479e-08
5.023009e-11
6.756666e-11
6.030099e-08
1.427343e-10
1.065317e-10
8.398076e-08
2.03817e-10
1.584565e-10
9.807003e-08
1.614816e-10
2.046238e-10
1.045275e-07
-3.025574e-13
4.028175e-11
2.198367e-08
2.857633e-11
8.206609e-11
5.229239e-08
8.968176e-11
1.316959e-10
7.223414e-08
1.334467e-10
2.006895e-10
8.412877e-08
1.073501e-10
2.694488e-10
8.971182e-08
-2.192584e-12
3.005537e-10
9.016258e-08
-1.453118e-10
2.553878e-11
1.692163e-08
1.741227e-11
5.350549e-11
3.859461e-08
5.567093e-11
8.77357e-11
5.233455e-08
8.49888e-11
1.404249e-10
6.045277e-08
7.026491e-11
1.947007e-10
6.431665e-08
2.136765e-12
2.230961e-10
6.470934e-08
-8.811413e-11
2.051189e-10
6.179593e-08
-1.413434e-10
8.339492e-12
8.262887e-09
8.748434e-12
1.635627e-11
1.692525e-08
2.706612e-11
2.762629e-11
2.200423e-08
4.257572e-11
4.915979e-11
2.493599e-08
3.693136e-11
7.288472e-11
2.633767e-08
3.752406e-12
8.376653e-11
2.650096e-08
-4.006359e-11
7.472876e-11
2.547565e-08
-6.468377e-11
4.993908e-11
2.303936e-08
-4.805735e-11
-1.111272e-11
3.714866e-12
3.663728e-12
-7.52271e-12
3.694124e-12
3.755491e-12
-7.439979e-12
3.72835e-12
7.437382e-12
-3.81417e-12
3.672164e-12
3.839047e-12
-3.797383e-12
3.703635e-12
7.657191e-12
-3.793484e-12
3.720585e-12
1.148317e-11
-1.974436e-11
1.72001e-08
3.468862e-11
-4.995985e-11
2.217337e-08
4.801237e-11
-1.008989e-10
5.266428e-08
1.451236e-10
-5.987167e-11
2.495387e-08
6.529406e-11
-1.222237e-10
6.042145e-08
1.853032e-10
-1.91254e-10
8.396612e-08
2.577985e-10
-3.85094e-11
2.620009e-08
7.414802e-11
-7.700767e-11
6.395421e-08
1.980878e-10
-1.213581e-10
8.926203e-08
2.75818e-10
-1.764705e-10
1.041825e-07
2.137959e-10
4.5348e-16
2.616998e-08
6.514375e-11
-4.432183e-16
6.392485e-08
1.741585e-10
5.15145e-16
8.932887e-08
2.423871e-10
-9.803053e-17
1.044314e-07
1.914006e-10
1.867504e-16
1.112751e-07
5.34541e-12
2.971401e-11
2.484236e-08
4.427429e-11
5.920961e-11
6.025161e-08
1.255771e-10
9.359646e-11
8.398668e-08
1.794747e-10
1.394662e-10
9.8199e-08
1.421824e-10
1.84295e-10
1.047824e-07
-5.165763e-13
2.054566e-10
1.051694e-07
-1.867204e-10
3.529137e-11
2.194985e-08
2.526786e-11
7.209912e-11
5.222606e-08
7.917252e-11
1.154235e-10
7.218241e-08
1.179753e-10
1.764604e-10
8.413663e-08
9.514113e-11
2.373243e-10
8.978473e-08
-1.099875e-12
2.707517e-10
9.024999e-08
-1.287834e-10
2.567957e-10
8.581694e-08
-2.088125e-10
2.254293e-11
1.689299e-08
1.541913e-11
4.680222e-11
3.85344e-08
4.945091e-11
7.702804e-11
5.22687e-08
7.538204e-11
1.232462e-10
6.040502e-08
6.292004e-11
1.71253e-10
6.429093e-08
2.888178e-12
1.959168e-10
6.468185e-08
-7.628116e-11
1.848347e-10
6.172926e-08
-1.246905e-10
1.440037e-10
5.486782e-08
-1.036216e-10
7.331366e-12
8.248258e-09
7.803413e-12
1.441684e-11
1.689666e-08
2.396512e-11
2.41544e-11
2.197064e-08
3.794394e-11
4.322216e-11
2.490412e-08
3.303291e-11
6.407547e-11
2.630866e-08
4.062682e-12
7.346239e-11
2.646822e-08
-3.443064e-11
6.4904e-11
2.542909e-08
-5.563803e-11
4.566588e-11
2.297375e-08
-4.194964e-11
2.776228e-11
1.8525e-08
-3.308481e-13
-1.486076e-11
3.713821e-12
3.794708e-12
-1.116716e-11
3.693584e-12
3.68146e-12
-1.087086e-11
3.727496e-12
7.137967e-12
-7.555412e-12
3.675573e-12
3.769299e-12
-7.474366e-12
3.706968e-12
7.469362e-12
-7.427782e-12
3.723839e-12
1.113701e-11
-3.830382e-12
3.655741e-12
3.853138e-12
-3.813332e-12
3.685029e-12
7.68377e-12
-3.810242e-12
3.699231e-12
1.152968e-11
-3.845845e-12
3.71502e-12
1.549107e-11
8.440889e-09
2.011071e-11
-1.843462e-11
1.713692e-08
3.251846e-11
-3.463327e-11
3.904861e-08
1.004106e-10
-4.353196e-11
2.211613e-08
4.200085e-11
-9.132973e-11
5.255234e-08
1.316519e-10
-1.453662e-10
7.243644e-08
1.903478e-10
-5.235426e-11
2.491171e-08
5.7197e-11
-1.070982e-10
6.03573e-08
1.62466e-10
-1.714394e-10
8.397398e-08
2.318479e-10
-2.542503e-10
9.792365e-08
1.799536e-10
-3.375334e-11
2.616998e-08
6.514401e-11
-6.756736e-11
6.392485e-08
1.741581e-10
-1.065308e-10
8.932887e-08
2.423875e-10
-1.584567e-10
1.044314e-07
1.914004e-10
-2.046235e-10
1.112751e-07
5.345563e-12
-9.148889e-16
2.614354e-08
5.746064e-11
9.719792e-16
6.389921e-08
1.532032e-10
-5.242917e-16
8.938784e-08
2.134774e-10
4.782228e-16
1.046515e-07
1.680996e-10
2.079524e-17
1.116553e-07
3.425594e-12
6.602557e-17
1.119683e-07
-2.10886e-10
2.605954e-11
2.48139e-08
3.900784e-11
5.20784e-11
6.020829e-08
1.107743e-10
8.216735e-11
8.399203e-08
1.581993e-10
1.228703e-10
9.83128e-08
1.254667e-10
1.627025e-10
1.050078e-07
-6.689334e-13
1.849847e-10
1.054316e-07
-1.674676e-10
1.776917e-10
9.997902e-08
-2.771025e-10
3.11595e-11
2.19201e-08
2.235331e-11
6.314352e-11
5.216787e-08
7.006684e-11
1.014741e-10
7.213706e-08
1.043855e-10
1.551506e-10
8.414378e-08
8.462015e-11
2.091966e-10
8.98492e-08
-1.736364e-13
2.384811e-10
9.032713e-08
-1.123069e-10
2.304492e-10
8.583698e-08
-1.850122e-10
1.901662e-10
7.561524e-08
-1.637753e-10
1.974053e-11
1.686778e-08
1.380102e-11
4.123464e-11
3.848148e-08
4.382086e-11
6.748104e-11
5.221096e-08
6.719691e-11
1.084363e-10
6.036322e-08
5.625059e-11
1.507187e-10
6.426864e-08
3.852481e-12
1.722304e-10
6.465791e-08
-6.577285e-11
1.6164e-10
6.167078e-08
-1.077545e-10
1.292628e-10
5.47569e-08
-9.062342e-11
9.370097e-11
4.259225e-08
-2.402767e-11
6.38382e-12
6.876691e-12
1.264218e-11
1.68715e-08
2.138137e-11
2.126335e-11
2.19411e-08
3.369173e-11
3.794586e-11
2.487619e-08
2.975527e-11
5.645966e-11
2.628324e-08
4.178827e-12
6.454093e-11
2.643962e-08
-2.936079e-11
5.654574e-11
2.538837e-08
-4.752823e-11
3.917676e-11
2.291645e-08
-3.476713e-11
2.533153e-11
1.845831e-08
1.826458e-12
7.996039e-12
1.071687e-08
4.231199e-11
-1.953243e-11
3.714877e-12
4.70241e-12
-1.493816e-11
3.692576e-12
3.816126e-12
-1.401061e-11
3.725825e-12
6.98262e-12
-1.121758e-11
3.675045e-12
3.696464e-12
-1.092308e-11
3.706138e-12
7.171982e-12
-1.072549e-11
3.722792e-12
1.050306e-11
-7.588387e-12
3.659147e-12
3.783939e-12
-7.506406e-12
3.688351e-12
7.496523e-12
-7.4613e-12
3.702476e-12
1.11843e-11
-7.505044e-12
3.718269e-12
1.495648e-11
-3.844394e-12
3.641608e-12
3.864855e-12
-3.829311e-12
3.668546e-12
7.711736e-12
-3.825927e-12
3.680645e-12
1.156931e-11
-3.862319e-12
3.693682e-12
1.555299e-11
-3.925864e-12
3.690333e-12
2.014709e-11
8.404136e-09
1.876042e-11
1.720327e-08
5.523012e-11
-1.606869e-11
1.708172e-08
2.86228e-11
-3.225322e-11
3.89325e-08
9.16004e-11
-5.157344e-11
5.270409e-08
1.350285e-10
-3.798047e-11
2.206605e-08
3.680977e-11
-7.989333e-11
5.245412e-08
1.157021e-10
-1.31196e-10
7.236018e-08
1.716297e-10
-2.022329e-10
8.410973e-08
1.341557e-10
-4.581599e-11
2.487479e-08
5.023056e-11
-9.379636e-11
6.030099e-08
1.427337e-10
-1.501809e-10
8.398076e-08
2.038177e-10
-2.285305e-10
9.807003e-08
1.614811e-10
-2.98954e-10
1.045275e-07
-3.022086e-13
-2.971545e-11
2.614354e-08
5.746024e-11
-5.9208e-11
6.389921e-08
1.532038e-10
-9.359734e-11
8.938784e-08
2.134768e-10
-1.394654e-10
1.046515e-07
1.681e-10
-1.842949e-10
1.116553e-07
3.425336e-12
-2.054564e-10
1.119683e-07
-2.108858e-10
9.556337e-16
2.612036e-08
5.059327e-11
-1.562364e-15
6.387682e-08
1.352016e-10
1.149615e-15
8.944007e-08
1.880189e-10
-4.226353e-16
1.048461e-07
1.481028e-10
2.868743e-16
1.119924e-07
1.869725e-12
2.016893e-16
1.123573e-07
-1.907714e-10
-2.660503e-17
1.064029e-07
-3.204754e-10
2.30253e-11
2.478887e-08
3.449735e-11
4.566162e-11
6.017033e-08
9.771496e-11
7.232931e-11
8.399695e-08
1.397866e-10
1.082115e-10
9.841347e-08
1.108199e-10
1.437078e-10
1.052072e-07
-4.819013e-13
1.633473e-10
1.056633e-07
-1.476694e-10
1.593984e-10
1.00141e-07
-2.476807e-10
1.346595e-10
8.778172e-08
-2.298551e-10
2.727157e-11
2.189395e-08
1.987678e-11
5.566325e-11
5.211677e-08
6.202052e-11
8.902458e-11
7.209737e-08
9.262073e-11
1.36685e-10
8.415036e-08
7.530261e-11
1.844299e-10
8.990642e-08
8.545553e-13
2.101632e-10
9.039525e-08
-9.778214e-11
2.023257e-10
8.585432e-08
-1.609786e-10
1.700022e-10
7.554339e-08
-1.44596e-10
1.310028e-10
5.776957e-08
-5.73712e-11
1.724574e-11
1.215596e-11
3.612235e-11
3.843502e-08
3.91235e-11
5.942039e-11
5.216027e-08
5.971139e-11
9.530251e-11
6.032669e-08
5.070845e-11
1.328424e-10
6.424933e-08
4.449565e-12
1.515394e-10
6.463716e-08
-5.624711e-11
1.414868e-10
6.161942e-08
-9.268569e-11
1.123803e-10
5.465945e-08
-7.688291e-11
8.395115e-11
4.246774e-08
-1.91233e-11
5.207037e-11
2.277516e-08
2.561054e-11
1.097194e-11
1.89307e-11
1.864353e-11
2.191515e-08
3.016794e-11
3.34463e-11
2.485166e-08
2.660652e-11
4.97089e-11
2.626101e-08
4.470181e-12
5.679778e-11
2.641455e-08
-2.506097e-11
4.937627e-11
2.535271e-08
-4.038371e-11
3.365835e-11
2.286628e-08
-2.83399e-11
2.11421e-11
1.840002e-08
4.749983e-12
6.166984e-12
1.067154e-08
4.258191e-11
-8.500624e-12
1.10226e-11
3.141893e-11
-1.964232e-11
3.693673e-12
4.733234e-12
-1.689903e-11
3.722129e-12
7.633095e-12
-1.500948e-11
3.674056e-12
3.834355e-12
-1.408164e-11
3.704507e-12
7.021313e-12
-1.346468e-11
3.720797e-12
9.78962e-12
-1.126883e-11
3.658647e-12
3.712618e-12
-1.097151e-11
3.687535e-12
7.200669e-12
-1.077565e-11
3.701454e-12
1.05523e-11
-1.075563e-11
3.71724e-12
1.390752e-11
-7.616728e-12
3.645004e-12
3.795992e-12
-7.538629e-12
3.671865e-12
7.525301e-12
-7.492608e-12
3.683879e-12
1.122447e-11
-7.537846e-12
3.696921e-12
1.501907e-11
-7.650358e-12
3.69372e-12
1.94008e-11
-3.858884e-12
3.628944e-12
3.877871e-12
-3.843155e-12
3.654361e-12
7.735012e-12
-3.841585e-12
3.664174e-12
1.161097e-11
-3.877785e-12
3.675112e-12
1.56059e-11
-3.942053e-12
3.669098e-12
2.022508e-11
-4.253099e-14
3.354377e-14
2.032742e-11
8.37211e-09
1.641131e-11
1.714019e-08
5.052987e-11
2.225805e-08
7.627699e-11
-1.399006e-11
1.703349e-08
2.513509e-11
-2.814967e-11
3.883065e-08
8.08305e-11
-4.767697e-11
5.259281e-08
1.224279e-10
-8.00394e-11
6.064072e-08
9.726528e-11
-3.319531e-11
2.202219e-08
3.238919e-11
-6.981617e-11
5.236795e-08
1.017268e-10
-1.146483e-10
7.229311e-08
1.513298e-10
-1.827561e-10
8.411988e-08
1.211282e-10
-2.448013e-10
8.96293e-08
-3.561051e-12
-4.028246e-11
2.484236e-08
4.427352e-11
-8.206519e-11
6.025161e-08
1.255783e-10
-1.316965e-10
8.398668e-08
1.794735e-10
-2.006889e-10
9.8199e-08
1.421834e-10
-2.694487e-10
1.047824e-07
-5.170812e-13
-3.005536e-10
1.051694e-07
-1.867201e-10
-2.605812e-11
2.612036e-08
5.059374e-11
-5.208104e-11
6.387682e-08
1.352007e-10
-8.216536e-11
8.944007e-08
1.880199e-10
-1.22871e-10
1.048461e-07
1.481021e-10
-1.62702e-10
1.119924e-07
1.870252e-12
-1.849843e-10
1.123573e-07
-1.907717e-10
-1.776918e-10
1.064029e-07
-3.204753e-10
-1.079332e-15
2.61e-08
4.477103e-11
1.776104e-15
6.385731e-08
1.191496e-10
-1.703616e-15
8.948642e-08
1.661381e-10
9.221636e-16
1.050185e-07
1.304049e-10
-2.373489e-17
1.122913e-07
1.14586e-12
3.783969e-17
1.12702e-07
-1.695387e-10
3.646246e-16
1.066709e-07
-2.882369e-10
-8.330862e-17
9.330343e-08
-2.738953e-10
2.016524e-11
2.47669e-08
3.045718e-11
4.028053e-11
6.013708e-08
8.646288e-11
6.353477e-11
8.400158e-08
1.235045e-10
9.546102e-11
9.850269e-08
9.822758e-11
1.269119e-10
1.053838e-07
-2.544617e-13
1.442639e-10
1.058682e-07
-1.299061e-10
1.40355e-10
1.002833e-07
-2.173704e-10
1.203577e-10
8.779933e-08
-2.050073e-10
9.492883e-11
6.655516e-08
-9.603343e-11
2.38964e-11
1.744769e-11
4.87777e-11
5.207198e-08
5.50784e-11
7.845659e-11
7.206265e-08
8.217248e-11
1.20283e-10
8.415652e-08
6.73105e-11
1.627658e-10
8.995731e-08
1.669972e-12
1.852917e-10
9.045562e-08
-8.481737e-11
1.776977e-10
8.58694e-08
-1.398452e-10
1.486752e-10
7.547986e-08
-1.245805e-10
1.171286e-10
5.764921e-08
-4.976645e-11
7.890201e-11
2.992749e-08
1.635704e-11
3.15568e-11
3.460486e-11
5.211125e-11
5.211588e-08
5.347168e-11
8.401225e-11
6.029474e-08
4.544033e-11
1.170316e-10
6.423266e-08
5.342177e-12
1.33452e-10
6.461917e-08
-4.81301e-11
1.240167e-10
6.157439e-08
-7.925735e-11
9.769277e-11
5.457383e-08
-6.462652e-11
7.237599e-11
4.235844e-08
-1.332167e-11
4.61483e-11
2.269343e-08
2.579704e-11
-3.893931e-12
1.92414e-11
2.113269e-11
1.618037e-11
2.686874e-11
2.940695e-11
2.483015e-08
2.412126e-11
4.385647e-11
2.624152e-08
4.42155e-12
4.9967e-11
2.639262e-08
-2.108504e-11
4.317262e-11
2.532139e-08
-3.426609e-11
2.897121e-11
2.282231e-08
-2.274798e-11
1.752462e-11
1.834903e-08
7.424165e-12
3.015095e-12
1.0632e-08
4.282325e-11
-8.549167e-12
1.09708e-11
3.162229e-11
-9.051784e-12
3.728982e-12
2.363942e-11
-1.974294e-11
3.675168e-12
4.75982e-12
-1.699059e-11
3.700873e-12
7.682869e-12
-1.531405e-11
3.716927e-12
9.544764e-12
-1.508265e-11
3.657703e-12
3.854162e-12
-1.41472e-11
3.685925e-12
7.054001e-12
-1.353081e-11
3.699499e-12
9.842884e-12
-1.327997e-11
3.715313e-12
1.245856e-11
-1.131246e-11
3.644511e-12
3.725665e-12
-1.102059e-11
3.671076e-12
7.231575e-12
-1.082228e-11
3.682872e-12
1.059372e-11
-1.080426e-11
3.695917e-12
1.397157e-11
-1.09297e-11
3.693137e-12
1.78756e-11
-7.646129e-12
3.632337e-12
3.809428e-12
-7.566396e-12
3.65767e-12
7.549008e-12
-7.523965e-12
3.667405e-12
1.126699e-11
-7.568585e-12
3.678341e-12
1.507233e-11
-7.682539e-12
3.672475e-12
1.947937e-11
-8.32567e-14
3.354805e-14
1.957777e-11
-3.87139e-12
3.6181e-12
3.888551e-12
-3.857452e-12
3.641649e-12
7.760868e-12
-3.855207e-12
3.650005e-12
1.164572e-11
-3.893145e-12
3.658648e-12
1.566143e-11
-3.957307e-12
3.650622e-12
2.029219e-11
-4.267351e-14
3.33501e-14
2.04057e-11
-4.216667e-14
3.205272e-14
2.063992e-11
8.344204e-09
1.437554e-11
1.708508e-08
4.433753e-11
2.219283e-08
6.942746e-11
2.511589e-08
5.724438e-11
-1.222682e-11
1.699127e-08
2.218161e-11
-2.451056e-11
3.874142e-08
7.118564e-11
-4.145906e-11
5.24952e-08
1.083932e-10
-7.359127e-11
6.05696e-08
8.85223e-11
-1.033396e-10
6.438038e-08
-1.587834e-13
-2.91614e-11
2.198367e-08
2.85758e-11
-6.097064e-11
5.229239e-08
8.968264e-11
-1.003043e-10
7.223414e-08
1.334459e-10
-1.600634e-10
8.412877e-08
1.07351e-10
-2.21648e-10
8.971182e-08
-2.192941e-12
-2.466164e-10
9.016258e-08
-1.453116e-10
-3.529079e-11
2.48139e-08
3.900871e-11
-7.210071e-11
6.020829e-08
1.107725e-10
-1.154222e-10
8.399203e-08
1.582012e-10
-1.764608e-10
9.83128e-08
1.254653e-10
-2.373239e-10
1.050078e-07
-6.678226e-13
-2.707514e-10
1.054316e-07
-1.67468e-10
-2.567957e-10
9.997902e-08
-2.771023e-10
-2.302691e-11
2.61e-08
4.47705e-11
-4.565871e-11
6.385731e-08
1.191507e-10
-7.233223e-11
8.948642e-08
1.661368e-10
-1.082099e-10
1.050185e-07
1.304061e-10
-1.437078e-10
1.122913e-07
1.14507e-12
-1.633472e-10
1.12702e-07
-1.695382e-10
-1.593977e-10
1.066709e-07
-2.882371e-10
-1.346596e-10
9.330343e-08
-2.738952e-10
1.099663e-15
2.608215e-08
3.943781e-11
-2.185002e-15
6.384034e-08
1.054724e-10
2.000253e-15
8.952768e-08
1.465464e-10
-1.294252e-15
1.051714e-07
1.154162e-10
3.138693e-16
1.125565e-07
4.604281e-13
4.847727e-16
1.130075e-07
-1.501425e-10
-1.403207e-16
1.069074e-07
-2.54461e-10
4.615141e-16
9.339252e-08
-2.458164e-10
-5.695949e-17
7.053368e-08
-1.227172e-10
1.770085e-11
2.67391e-11
3.532395e-11
6.010805e-08
7.636559e-11
5.604114e-11
8.400599e-08
1.094774e-10
8.411062e-11
9.858192e-08
8.701542e-11
1.121635e-10
1.055405e-07
2.752542e-13
1.274329e-10
1.060497e-07
-1.142124e-10
1.235873e-10
1.004086e-07
-1.905138e-10
1.056495e-10
8.781421e-08
-1.787053e-10
8.493156e-11
6.647648e-08
-8.539589e-11
5.863071e-11
3.397692e-08
1.135393e-11
4.275437e-11
4.85984e-11
6.885434e-11
7.20324e-08
7.314496e-11
1.061257e-10
8.416232e-08
6.012849e-11
1.435755e-10
9.000269e-08
2.615071e-12
1.634363e-10
9.050923e-08
-7.352248e-11
1.562243e-10
8.588272e-08
-1.211811e-10
1.299712e-10
7.542374e-08
-1.070225e-10
1.02115e-10
5.75434e-08
-4.100874e-11
7.066189e-11
2.984086e-08
1.650177e-11
-1.794303e-12
2.41158e-11
1.437769e-11
4.554199e-11
4.755321e-11
7.387011e-11
6.026693e-08
4.121119e-11
1.032546e-10
6.421829e-08
5.689733e-12
1.175358e-10
6.460364e-08
-4.063214e-11
1.087494e-10
6.153491e-08
-6.772363e-11
8.505819e-11
5.449866e-08
-5.379113e-11
6.219032e-11
4.226256e-08
-8.063042e-12
3.849219e-11
2.262176e-08
2.59623e-11
-3.919333e-12
1.916448e-11
2.128704e-11
-4.922376e-12
3.741499e-12
1.705234e-11
2.56232e-11
2.180037e-11
3.86421e-11
2.622446e-08
4.719624e-12
4.399228e-11
2.637339e-08
-1.78856e-11
3.775345e-11
2.529393e-08
-2.874641e-11
2.49247e-11
2.278367e-08
-1.796809e-11
1.4459e-11
1.830437e-08
9.721647e-12
3.694413e-13
1.059749e-08
4.307985e-11
-8.595076e-12
1.092517e-11
3.180312e-11
-9.099742e-12
3.707786e-12
2.379775e-11
-9.445521e-12
3.709383e-12
1.78439e-11
-1.984741e-11
3.658872e-12
4.788828e-12
-1.707456e-11
3.682326e-12
7.725193e-12
-1.53938e-11
3.695691e-12
9.606755e-12
-1.456209e-11
3.711856e-12
1.096082e-11
-1.514438e-11
3.64358e-12
3.870089e-12
-1.421421e-11
3.669514e-12
7.089614e-12
-1.359204e-11
3.680941e-12
9.887633e-12
-1.334285e-11
3.694031e-12
1.25248e-11
-1.339326e-11
3.692015e-12
1.555016e-11
-1.135795e-11
3.631868e-12
3.74028e-12
-1.106248e-11
3.656891e-12
7.256504e-12
-1.086934e-11
3.666426e-12
1.063837e-11
-1.084958e-11
3.677354e-12
1.402542e-11
-1.097728e-11
3.671914e-12
1.795526e-11
-1.195971e-13
3.354732e-14
1.804356e-11
-7.671296e-12
3.621484e-12
3.820281e-12
-7.595156e-12
3.644956e-12
7.575449e-12
-7.551098e-12
3.653226e-12
1.130207e-11
-7.599202e-12
3.661874e-12
1.512861e-11
-7.712818e-12
3.653988e-12
1.954669e-11
-8.35417e-14
3.335443e-14
1.965665e-11
-8.263947e-14
3.20568e-14
1.988827e-11
-3.884842e-12
3.608271e-12
3.900985e-12
-3.869834e-12
3.630767e-12
7.782114e-12
-3.869243e-12
3.637302e-12
1.168431e-11
-3.906589e-12
3.64449e-12
1.570798e-11
-3.972358e-12
3.634227e-12
2.036262e-11
-4.281115e-14
3.318172e-14
2.047315e-11
-4.23019e-14
3.18674e-14
2.071826e-11
-4.285869e-14
3.164791e-14
2.129963e-11
8.319785e-09
1.266421e-11
1.703693e-08
3.898724e-11
2.213589e-08
6.119029e-11
2.50613e-08
5.221174e-11
2.645305e-08
3.440173e-12
-1.075136e-11
1.695418e-08
1.961742e-11
-2.134672e-11
3.866323e-08
6.293567e-11
-3.612812e-11
5.240959e-08
9.578905e-11
-6.414965e-11
6.050734e-08
7.894375e-11
-9.490283e-11
6.434623e-08
1.180469e-12
-1.044909e-10
6.474108e-08
-1.000048e-10
-2.553874e-11
2.194985e-08
2.526843e-11
-5.350625e-11
5.222606e-08
7.917111e-11
-8.773505e-11
7.218241e-08
1.179769e-10
-1.404251e-10
8.413663e-08
9.514001e-11
-1.947005e-10
8.978473e-08
-1.098877e-12
-2.230959e-10
9.024999e-08
-1.287837e-10
-2.051189e-10
8.581694e-08
-2.088123e-10
-3.116008e-11
2.478887e-08
3.449639e-11
-6.314189e-11
6.017033e-08
9.771709e-11
-1.01476e-10
8.399695e-08
1.397839e-10
-1.551495e-10
9.841347e-08
1.108223e-10
-2.091966e-10
1.052072e-07
-4.834719e-13
-2.384809e-10
1.056633e-07
-1.476684e-10
-2.304487e-10
1.00141e-07
-2.47681e-10
-1.901663e-10
8.778172e-08
-2.29855e-10
-2.016364e-11
2.608215e-08
3.943834e-11
-4.028414e-11
6.384034e-08
1.054712e-10
-6.353138e-11
8.952768e-08
1.46548e-10
-9.546325e-11
1.051714e-07
1.154146e-10
-1.269113e-10
1.125565e-07
4.617173e-13
-1.44263e-10
1.130075e-07
-1.501432e-10
-1.403552e-10
1.069074e-07
-2.544606e-10
-1.203569e-10
9.339252e-08
-2.458165e-10
-9.49289e-11
7.053368e-08
-1.227172e-10
-1.25378e-15
3.465994e-11
2.249141e-15
6.382571e-08
9.295856e-11
-2.344026e-15
8.956448e-08
1.299145e-10
1.41165e-15
1.05307e-07
1.018012e-10
-3.754049e-16
1.12792e-07
5.544933e-13
-4.167897e-16
1.132785e-07
-1.330567e-10
9.078414e-16
1.071161e-07
-2.242301e-10
-1.219954e-16
9.347047e-08
-2.157152e-10
5.167704e-16
7.049214e-08
-1.101708e-10
1.114466e-16
3.58009e-08
9.136173e-12
3.101524e-11
6.736555e-11
4.922558e-11
8.401029e-08
9.682487e-11
7.42832e-11
9.865238e-08
7.750632e-11
9.906844e-11
1.056796e-07
6.250273e-13
1.12582e-10
1.062105e-07
-1.000872e-10
1.089069e-10
1.005192e-07
-1.669247e-10
9.267643e-11
8.782689e-08
-1.555613e-10
7.444923e-11
6.640715e-08
-7.312885e-11
5.273004e-11
3.390265e-08
1.148098e-11
-7.099443e-13
2.687373e-11
1.037411e-11
6.037708e-11
6.489066e-11
9.338356e-11
8.416792e-08
5.398929e-11
1.267925e-10
9.004322e-08
3.287729e-12
1.441773e-10
9.055696e-08
-6.3363e-11
1.373428e-10
8.589458e-08
-1.049394e-10
1.137818e-10
7.53743e-08
-9.161194e-11
8.880026e-11
5.745038e-08
-3.330534e-11
6.093993e-11
2.976482e-08
1.662944e-11
-1.809711e-12
2.40355e-11
1.450286e-11
-2.590937e-12
3.748478e-12
1.208832e-11
6.467091e-11
3.715483e-11
9.097536e-11
6.420603e-08
6.434008e-12
1.035504e-10
6.459025e-08
-3.446595e-11
9.544107e-11
6.150034e-08
-5.73117e-11
7.40021e-11
5.443261e-08
-4.45061e-11
5.346061e-11
4.217845e-08
-3.438689e-12
3.19177e-11
2.2559e-08
2.614048e-11
-3.944823e-12
1.909674e-11
2.142282e-11
-4.948556e-12
3.720298e-12
1.718341e-11
-5.662522e-12
3.703572e-12
1.332501e-11
3.377099e-11
4.967913e-12
3.87316e-11
2.635655e-08
-1.472125e-11
3.298467e-11
2.52698e-08
-2.414934e-11
2.142982e-11
2.274974e-08
-1.370135e-11
1.17986e-11
1.826512e-08
1.168754e-11
-1.869727e-12
1.056727e-08
4.329106e-11
-8.641884e-12
1.088519e-11
3.199669e-11
-9.144444e-12
3.689245e-12
2.393684e-11
-9.493469e-12
3.688249e-12
1.796912e-11
-9.824548e-12
3.706175e-12
1.323476e-11
-1.993464e-11
3.644761e-12
4.812125e-12
-1.716131e-11
3.665985e-12
7.771747e-12
-1.54673e-11
3.677169e-12
9.658824e-12
-1.463477e-11
3.690632e-12
1.103137e-11
-1.443517e-11
3.689927e-12
1.253584e-11
-1.520914e-11
3.630974e-12
3.887879e-12
-1.427091e-11
3.655344e-12
7.118179e-12
-1.365429e-11
3.664543e-12
9.936472e-12
-1.340128e-11
3.675493e-12
1.258021e-11
-1.345425e-11
3.670828e-12
1.563032e-11
-1.468138e-13
3.354513e-14
1.569972e-11
-1.139643e-11
3.621016e-12
3.751833e-12
-1.110607e-11
3.644201e-12
7.284489e-12
-1.090962e-11
3.652258e-12
1.067435e-11
-1.08951e-11
3.660914e-12
1.408347e-11
-1.102176e-11
3.653443e-12
1.802251e-11
-1.200254e-13
3.335383e-14
1.812357e-11
-1.189057e-13
3.205949e-14
1.834724e-11
-7.698543e-12
3.611654e-12
3.833053e-12
-7.619863e-12
3.634064e-12
7.596826e-12
-7.579137e-12
3.640521e-12
1.134121e-11
-7.625846e-12
3.647707e-12
1.517526e-11
-7.742763e-12
3.637589e-12
1.961777e-11
-8.381718e-14
3.318609e-14
1.972433e-11
-8.291034e-14
3.187151e-14
1.996725e-11
-8.408065e-14
3.165371e-14
2.055119e-11
-3.896452e-12
3.599879e-12
3.911154e-12
-3.88312e-12
3.620901e-12
7.806834e-12
-3.881475e-12
3.626433e-12
1.17161e-11
-3.920401e-12
3.63179e-12
1.575959e-11
-3.985638e-12
3.620134e-12
2.04223e-11
-4.294223e-14
3.303193e-14
2.054395e-11
-4.243321e-14
3.170641e-14
2.078588e-11
-4.29914e-14
3.146481e-14
2.137721e-11
-4.319368e-14
3.100384e-14
2.255863e-11
8.298322e-09
1.11899e-11
1.699477e-08
3.446769e-11
2.208611e-08
5.403182e-11
2.501381e-08
4.632448e-11
2.6409e-08
3.565588e-12
2.658189e-08
-5.185905e-11
-9.433662e-12
1.692163e-08
1.741242e-11
-1.872372e-11
3.859461e-08
5.567012e-11
-3.150394e-11
5.233455e-08
8.498962e-11
-5.611538e-11
6.045277e-08
7.026439e-11
-8.303494e-11
6.431665e-08
2.137547e-12
-9.580835e-11
6.470934e-08
-8.81142e-11
-8.171734e-11
6.179593e-08
-1.413433e-10
-2.254288e-11
2.19201e-08
2.235265e-11
-4.680157e-11
5.216787e-08
7.006841e-11
-7.702911e-11
7.213706e-08
1.043831e-10
-1.232456e-10
8.414378e-08
8.462225e-11
-1.71253e-10
8.98492e-08
-1.748104e-13
-1.959167e-10
9.032713e-08
-1.123059e-10
-1.848344e-10
8.583698e-08
-1.850124e-10
-1.440037e-10
7.561524e-08
-1.637753e-10
-2.727089e-11
2.47669e-08
3.045814e-11
-5.566535e-11
6.013708e-08
8.646047e-11
-8.902247e-11
8.400158e-08
1.235078e-10
-1.366865e-10
9.850269e-08
9.82242e-11
-1.844295e-10
1.053838e-07
-2.518053e-13
-2.101625e-10
1.058682e-07
-1.299075e-10
-2.023257e-10
1.002833e-07
-2.173695e-10
-1.700016e-10
8.779933e-08
-2.050075e-10
-1.310028e-10
6.655516e-08
-9.603338e-11
-1.770288e-11
3.465946e-11
-3.532022e-11
6.382571e-08
9.295985e-11
-5.604514e-11
8.956448e-08
1.299126e-10
-8.410819e-11
1.05307e-07
1.018033e-10
-1.121642e-10
1.12792e-07
5.527289e-13
-1.274336e-10
1.132785e-07
-1.330555e-10
-1.235857e-10
1.071161e-07
-2.242306e-10
-1.056496e-10
9.347047e-08
-2.157149e-10
-8.493064e-11
7.049214e-08
-1.101709e-10
-5.863052e-11
3.58009e-08
9.136169e-12
-2.203783e-15
8.204365e-11
2.336014e-15
8.959745e-08
1.145748e-10
-1.579006e-15
1.054276e-07
9.058048e-11
1.883059e-16
1.130012e-07
2.446285e-13
6.63448e-16
1.13519e-07
-1.173054e-10
-9.138227e-16
1.073007e-07
-1.976882e-10
1.121651e-15
9.353881e-08
-1.890201e-10
1.040451e-16
7.045549e-08
-9.561057e-11
4.876521e-16
3.573909e-08
9.257475e-12
-7.180848e-19
2.811532e-11
8.518412e-12
4.324334e-11
8.586878e-11
6.542423e-11
9.871517e-08
6.87543e-11
8.75827e-11
1.058032e-07
1.359109e-12
9.946417e-11
1.063532e-07
-8.773982e-11
9.593854e-11
1.006169e-07
-1.459985e-10
8.139794e-11
8.783791e-08
-1.353453e-10
6.509881e-11
6.634604e-08
-6.237342e-11
4.598242e-11
3.383745e-08
1.159372e-11
-7.178705e-13
2.680202e-11
1.048534e-11
-1.120241e-12
3.752198e-12
8.942058e-12
8.198678e-11
4.849204e-11
1.118124e-10
9.007958e-08
4.079312e-12
1.271887e-10
9.059953e-08
-5.458239e-11
1.208593e-10
8.590528e-08
-9.050101e-11
9.951385e-11
7.53308e-08
-7.826158e-11
7.731841e-11
5.736866e-08
-2.657938e-11
5.245731e-11
2.969814e-08
1.676809e-11
-1.826021e-12
2.396477e-11
1.461184e-11
-2.605379e-12
3.727301e-12
1.220023e-11
-3.176573e-12
3.699476e-12
9.647831e-12
7.976403e-11
6.931611e-12
9.122052e-11
6.457882e-08
-2.862422e-11
8.36735e-11
6.147007e-08
-4.853982e-11
6.446987e-11
5.437463e-08
-3.61923e-11
4.577618e-11
4.210459e-08
5.038249e-13
2.633104e-11
2.250402e-08
2.62858e-11
-3.969741e-12
1.903735e-11
2.15709e-11
-4.973658e-12
3.701747e-12
1.729705e-11
-5.691018e-12
3.682492e-12
1.343524e-11
-6.239074e-12
3.701352e-12
9.845632e-12
3.381926e-11
-1.184737e-11
2.887742e-11
2.524859e-08
-1.982201e-11
1.831269e-11
2.271991e-08
-1.012001e-11
9.507885e-12
1.823067e-08
1.342486e-11
-3.824954e-12
1.054072e-08
4.351784e-11
-8.681067e-12
1.085023e-11
3.215518e-11
-9.190094e-12
3.672995e-12
2.408718e-11
-9.538329e-12
3.669783e-12
1.807717e-11
-9.872355e-12
3.685036e-12
1.333392e-11
-1.02048e-11
3.686487e-12
9.423643e-12
-2.002686e-11
3.632203e-12
4.837962e-12
-1.723403e-11
3.651841e-12
7.808907e-12
-1.554271e-11
3.660839e-12
9.716516e-12
-1.47021e-11
3.672129e-12
1.108995e-11
-1.450431e-11
3.668792e-12
1.26153e-11
-1.568598e-13
3.353854e-14
1.2653e-11
-1.526322e-11
3.620123e-12
3.901773e-12
-1.433023e-11
3.642691e-12
7.150226e-12
-1.370716e-11
3.650391e-12
9.975579e-12
-1.346033e-11
3.6591e-12
1.264074e-11
-1.351111e-11
3.652379e-12
1.569756e-11
-1.473705e-13
3.335191e-14
1.578029e-11
-1.462009e-13
3.206406e-14
1.598659e-11
-1.14385e-11
3.611206e-12
3.765626e-12
-1.11431e-11
3.633311e-12
7.306605e-12
-1.095145e-11
3.639576e-12
1.071481e-11
-1.09342e-11
3.646758e-12
1.413028e-11
-1.106617e-11
3.637069e-12
1.809503e-11
-1.204319e-13
3.318565e-14
1.81912e-11
-1.193146e-13
3.187428e-14
1.842743e-11
-1.211346e-13
3.166123e-14
1.901297e-11
-7.721856e-12
3.603255e-12
3.843332e-12
-7.646544e-12
3.624198e-12
7.621989e-12
-7.603359e-12
3.629642e-12
1.137291e-11
-7.653301e-12
3.635003e-12
1.522726e-11
-7.769022e-12
3.623487e-12
1.967733e-11
-8.407891e-14
3.303634e-14
1.979579e-11
-8.317373e-14
3.171055e-14
2.003512e-11
-8.434678e-14
3.147061e-14
2.062944e-11
-8.482591e-14
3.10097e-14
2.182525e-11
-3.909001e-12
3.922975e-12
-3.894631e-12
3.612479e-12
7.827082e-12
-3.89454e-12
3.616572e-12
1.175303e-11
-3.932538e-12
3.620929e-12
1.580235e-11
-3.999229e-12
3.607479e-12
2.048823e-11
-4.306408e-14
3.290347e-14
2.060403e-11
-4.255719e-14
3.156302e-14
2.085689e-11
-4.312078e-14
3.130573e-14
2.144433e-11
-4.332336e-14
3.082472e-14
2.26336e-11
-4.235629e-14
2.954892e-14
2.460226e-11
8.279479e-09
9.897542e-12
1.695775e-08
3.049802e-11
2.204251e-08
4.796918e-11
2.49723e-08
4.121476e-11
2.63709e-08
3.599643e-12
2.65385e-08
-4.62639e-11
2.552914e-08
-7.272497e-11
-8.339325e-12
1.689299e-08
1.5419e-11
-1.63561e-11
3.85344e-08
4.94516e-11
-2.762673e-11
5.22687e-08
7.538055e-11
-4.915954e-11
6.040502e-08
6.292133e-11
-7.288472e-11
6.429093e-08
2.887623e-12
-8.376649e-11
6.468185e-08
-7.628037e-11
-7.47286e-11
6.172926e-08
-1.246904e-10
-4.993909e-11
5.486782e-08
-1.036215e-10
-1.97405e-11
2.189395e-08
1.987745e-11
-4.123546e-11
5.211677e-08
6.201867e-11
-6.747994e-11
7.209737e-08
9.262342e-11
-1.084372e-10
8.415036e-08
7.529963e-11
-1.507184e-10
8.990642e-08
8.569085e-13
-1.7223e-10
9.039525e-08
-9.778316e-11
-1.6164e-10
8.585432e-08
-1.609777e-10
-1.292625e-10
7.554339e-08
-1.44596e-10
-9.370093e-11
5.776957e-08
-5.737118e-11
-2.389763e-11
2.673823e-11
-4.877542e-11
6.010805e-08
7.636806e-11
-7.845915e-11
8.400599e-08
1.094737e-10
-1.202815e-10
9.858192e-08
8.701952e-11
-1.627662e-10
1.055405e-07
2.71676e-13
-1.852922e-10
1.060497e-07
-1.142099e-10
-1.776966e-10
1.004086e-07
-1.905149e-10
-1.486752e-10
8.781421e-08
-1.787047e-10
-1.17128e-10
6.647649e-08
-8.539593e-11
-7.890183e-11
3.397692e-08
1.135392e-11
-3.101905e-11
8.204247e-11
-4.922154e-11
8.959745e-08
1.145768e-10
-7.428587e-11
1.054276e-07
9.057817e-11
-9.906818e-11
1.130012e-07
2.467874e-13
-1.125809e-10
1.13519e-07
-1.17307e-10
-1.089085e-10
1.073007e-07
-1.976872e-10
-9.267448e-11
9.353881e-08
-1.890204e-10
-7.444891e-11
7.045549e-08
-9.56104e-11
-5.272915e-11
3.573909e-08
9.257495e-12
7.099428e-13
2.811532e-11
8.518408e-12
-2.158418e-15
1.016372e-10
1.554759e-15
1.055348e-07
7.986397e-11
-1.367988e-16
1.131872e-07
8.770471e-13
-1.161979e-15
1.137326e-07
-1.037512e-10
1.370551e-15
1.074641e-07
-1.738073e-10
-1.031514e-15
9.359899e-08
-1.656986e-10
1.097043e-15
7.042316e-08
-8.276602e-11
3.064158e-16
3.568488e-08
9.365965e-12
5.69182e-18
2.805224e-11
8.62465e-12
-1.499899e-18
3.753788e-12
7.435314e-12
5.754015e-11
6.168674e-11
7.731311e-11
1.059132e-07
1.627572e-12
8.785797e-11
1.064799e-07
-7.644633e-11
8.458894e-11
1.007035e-07
-1.276833e-10
7.140909e-11
8.784761e-08
-1.175479e-10
5.699751e-11
6.62923e-08
-5.303688e-11
4.003054e-11
3.378023e-08
1.171545e-11
-7.264924e-13
2.673879e-11
1.058194e-11
-1.126836e-12
3.731059e-12
9.043918e-12
-1.424276e-12
3.696874e-12
7.229736e-12
9.827514e-11
4.94653e-12
1.121946e-10
9.063764e-08
-4.666319e-11
1.062227e-10
8.591499e-08
-7.797579e-11
8.719047e-11
7.529262e-08
-6.645136e-11
6.713242e-11
5.729684e-08
-2.07892e-11
4.520519e-11
2.963966e-08
1.688017e-11
-1.841295e-12
2.390271e-11
1.473222e-11
-2.619685e-12
3.708772e-12
1.229583e-11
-3.192841e-12
3.678428e-12
9.74608e-12
-3.629102e-12
3.697732e-12
7.127182e-12
7.990862e-11
-2.347777e-11
7.347782e-11
6.144366e-08
-4.050194e-11
5.594881e-11
5.432367e-08
-2.916419e-11
3.919193e-11
4.203974e-08
4.024507e-12
2.139077e-11
2.245573e-08
2.644338e-11
-3.990687e-12
1.898532e-11
2.169074e-11
-4.998778e-12
3.685512e-12
1.742236e-11
-5.718342e-12
3.664066e-12
1.352888e-11
-6.268978e-12
3.680263e-12
9.93677e-12
-6.674864e-12
3.683254e-12
6.625572e-12
2.501809e-11
-1.588591e-11
1.572762e-11
2.269364e-08
-6.804367e-12
7.419378e-12
1.820036e-08
1.490567e-11
-5.530877e-12
1.051741e-08
4.369876e-11
-8.721999e-12
1.081948e-11
3.232671e-11
-9.228459e-12
3.658859e-12
2.420937e-11
-9.583849e-12
3.653571e-12
1.819562e-11
-9.917272e-12
3.666582e-12
1.341727e-11
-1.025243e-11
3.665424e-12
9.502165e-12
-1.167219e-13
3.352367e-14
9.470438e-12
-2.010252e-11
3.621347e-12
4.857822e-12
-1.731061e-11
3.639247e-12
7.850467e-12
-1.56062e-11
3.646714e-12
9.76228e-12
-1.477068e-11
3.655804e-12
1.11553e-11
-1.456862e-11
3.650376e-12
1.268094e-11
-1.574938e-13
3.33457e-14
1.273289e-11
-1.563993e-13
3.206926e-14
1.290581e-11
-1.53229e-11
3.610343e-12
3.918343e-12
-1.438007e-11
3.631805e-12
7.175221e-12
-1.376229e-11
3.637747e-12
1.001961e-11
-1.351068e-11
3.644961e-12
1.268918e-11
-1.356823e-11
3.63605e-12
1.577095e-11
-1.478979e-13
3.318394e-14
1.584795e-11
-1.467351e-13
3.187904e-14
1.606745e-11
-1.491079e-13
3.167632e-14
1.664713e-11
-1.147418e-11
3.602808e-12
3.776608e-12
-1.118347e-11
3.623464e-12
7.333077e-12
-1.098718e-11
3.6287e-12
1.074682e-11
-1.097469e-11
3.634077e-12
1.418299e-11
-1.110447e-11
3.622976e-12
1.815393e-11
-1.208272e-13
3.303601e-14
1.826413e-11
-1.197039e-13
3.171344e-14
1.849531e-11
-1.215376e-13
3.147814e-14
1.909254e-11
-1.223643e-13
3.101888e-14
2.031344e-11
-7.74733e-12
3.855523e-12
-7.669469e-12
3.615768e-12
7.642266e-12
-7.62941e-12
3.619781e-12
1.14102e-11
-7.677187e-12
3.624133e-12
1.526956e-11
-7.795985e-12
3.610827e-12
1.97435e-11
-8.432051e-14
3.290788e-14
1.985576e-11
-8.342159e-14
3.156719e-14
2.010682e-11
-8.460667e-14
3.131154e-14
2.069686e-11
-8.508618e-14
3.083057e-14
2.190093e-11
-8.325617e-14
2.955175e-14
2.390245e-11
-3.907014e-12
7.850578e-12
-3.905928e-12
3.608159e-12
1.178336e-11
-3.945421e-12
3.611067e-12
1.585181e-11
-4.011304e-12
3.596663e-12
2.054348e-11
-4.318584e-14
3.278773e-14
2.067037e-11
-4.26738e-14
3.144019e-14
2.091728e-11
-4.324204e-14
3.116389e-14
2.15149e-11
-4.345019e-14
3.066909e-14
2.26987e-11
-4.248024e-14
2.937892e-14
2.467182e-11
-9.370326e-15
6.017355e-15
2.287565e-11
8.262887e-09
8.748632e-12
1.692525e-08
2.706622e-11
2.200423e-08
4.257499e-11
2.493599e-08
3.693182e-11
2.633767e-08
3.752066e-12
2.650096e-08
-4.006308e-11
2.547565e-08
-6.468357e-11
2.303936e-08
-4.805729e-11
-7.331554e-12
1.686778e-08
1.380124e-11
-1.441699e-11
3.848148e-08
4.382006e-11
-2.415402e-11
5.221096e-08
6.719829e-11
-4.322256e-11
6.036322e-08
5.624854e-11
-6.407534e-11
6.426864e-08
3.85402e-12
-7.34622e-11
6.465791e-08
-6.577322e-11
-6.490401e-11
6.167078e-08
-1.077538e-10
-4.566575e-11
5.47569e-08
-9.062324e-11
-2.776229e-11
4.259225e-08
-2.402769e-11
-1.724632e-11
1.7447e-11
-3.612134e-11
5.207198e-08
5.508035e-11
-5.942166e-11
7.206265e-08
8.216942e-11
-9.530169e-11
8.415652e-08
6.731392e-11
-1.328426e-10
8.995731e-08
1.666865e-12
-1.515397e-10
9.045562e-08
-8.481517e-11
-1.414861e-10
8.58694e-08
-1.398459e-10
-1.123803e-10
7.547986e-08
-1.245799e-10
-8.395082e-11
5.764921e-08
-4.97664e-11
-5.207025e-11
2.992749e-08
1.635703e-11
-4.275697e-11
6.736338e-11
-6.885165e-11
8.401029e-08
9.682869e-11
-1.061274e-10
9.865238e-08
7.750173e-11
-1.435754e-10
1.056796e-07
6.293117e-13
-1.634354e-10
1.062105e-07
-1.000904e-10
-1.562253e-10
1.005192e-07
-1.669227e-10
-1.299699e-10
8.782689e-08
-1.555617e-10
-1.021146e-10
6.640715e-08
-7.312849e-11
-7.066128e-11
3.390265e-08
1.148104e-11
1.794301e-12
2.687373e-11
1.03741e-11
-4.324712e-11
1.016354e-10
-6.542153e-11
1.055348e-07
7.986638e-11
-8.758286e-11
1.131872e-07
8.746247e-13
-9.946629e-11
1.137326e-07
-1.037492e-10
-9.593615e-11
1.074641e-07
-1.738086e-10
-8.139959e-11
9.359899e-08
-1.656979e-10
-6.509688e-11
7.042316e-08
-8.276611e-11
-4.598177e-11
3.568488e-08
9.366027e-12
7.178824e-13
2.805224e-11
8.624669e-12
1.120238e-12
3.753788e-12
7.43531e-12
-1.442584e-15
7.163052e-11
2.024072e-16
1.133525e-07
5.972198e-13
1.323289e-15
1.139223e-07
-9.08998e-11
-2.078971e-15
1.07609e-07
-1.530591e-10
1.503886e-15
9.365212e-08
-1.449254e-10
-8.111487e-16
7.039475e-08
-7.161135e-11
6.979051e-16
3.563732e-08
9.482214e-12
1.483121e-17
2.79966e-11
8.717081e-12
9.474659e-18
3.732677e-12
7.533426e-12
-2.218383e-18
3.695607e-12
6.048799e-12
6.806967e-11
2.928544e-12
7.759664e-11
1.065926e-07
-6.683673e-11
7.447961e-11
1.007803e-07
-1.112557e-10
6.275946e-11
8.785631e-08
-1.019958e-10
4.977148e-11
6.624504e-08
-4.486008e-11
3.491323e-11
3.373003e-08
1.181351e-11
-7.343902e-13
2.66833e-11
1.068857e-11
-1.133534e-12
3.712567e-12
9.130325e-12
-1.431727e-12
3.675843e-12
7.321329e-12
-1.660623e-12
3.695344e-12
5.340402e-12
9.853973e-11
-3.935102e-11
9.351993e-11
8.592392e-08
-6.682446e-11
7.613509e-11
7.525912e-08
-5.623003e-11
5.839754e-11
5.723377e-08
-1.567272e-11
3.873052e-11
2.958829e-08
1.700281e-11
-1.854193e-12
2.384831e-11
1.482866e-11
-2.633715e-12
3.692569e-12
1.240286e-11
-3.208844e-12
3.66003e-12
9.827845e-12
-3.646529e-12
3.676674e-12
7.211732e-12
-3.955649e-12
3.680564e-12
4.641172e-12
6.405525e-11
-3.334098e-11
4.874531e-11
5.427895e-08
-2.279743e-11
3.320749e-11
4.198272e-08
7.003851e-12
1.714076e-11
2.241333e-08
2.656685e-11
-4.011965e-12
1.893961e-11
2.182247e-11
-5.019914e-12
3.671368e-12
1.752298e-11
-5.745657e-12
3.647914e-12
1.363389e-11
-6.297751e-12
3.661847e-12
1.001195e-11
-6.705392e-12
3.662235e-12
6.7003e-12
-7.890462e-14
3.350808e-14
6.654562e-12
1.324045e-11
-3.770845e-12
5.754502e-12
1.817366e-08
1.625149e-11
-7.083724e-12
1.049689e-08
4.390498e-11
-8.755782e-12
1.079252e-11
3.246226e-11
-9.26855e-12
3.646348e-12
2.434291e-11
-9.622253e-12
3.639491e-12
1.829085e-11
-9.962553e-12
3.650356e-12
1.351056e-11
-1.029738e-11
3.64705e-12
9.565812e-12
-1.171794e-13
3.333138e-14
9.549208e-12
-1.168775e-13
3.207145e-14
9.645688e-12
-2.018709e-11
3.611607e-12
4.881523e-12
-1.737393e-11
3.628368e-12
7.882121e-12
-1.567272e-11
3.634125e-12
9.813867e-12
-1.482867e-11
3.641691e-12
1.120682e-11
-1.463368e-11
3.634108e-12
1.275447e-11
-1.580934e-13
3.317804e-14
1.279896e-11
-1.570107e-13
3.188447e-14
1.298614e-11
-1.59544e-13
3.170119e-14
1.354055e-11
-1.537266e-11
3.601945e-12
3.931085e-12
-1.443485e-11
3.621989e-12
7.205173e-12
-1.380896e-11
3.626875e-12
1.005398e-11
-1.3563e-11
3.632318e-12
1.274387e-11
-1.361712e-11
3.621973e-12
1.583016e-11
-1.484128e-13
3.303465e-14
1.592177e-11
-1.472427e-13
3.171834e-14
1.613546e-11
-1.496359e-13
3.149328e-14
1.672758e-11
-1.507971e-13
3.104022e-14
1.797609e-11
-1.151372e-11
3.789925e-12
-1.121795e-11
3.615038e-12
7.354228e-12
-1.102599e-11
3.61886e-12
1.078519e-11
-1.10095e-11
3.623212e-12
1.422479e-11
-1.114404e-11
3.610337e-12
1.822017e-11
-1.211756e-13
3.290763e-14
1.832346e-11
-1.200802e-13
3.157015e-14
1.856852e-11
-1.21922e-13
3.131915e-14
1.916008e-11
-1.227595e-13
3.08397e-14
2.039054e-11
-1.202796e-13
2.955608e-14
2.245523e-11
-7.694396e-12
7.666287e-12
-7.651919e-12
3.611362e-12
1.144031e-11
-7.702741e-12
3.614271e-12
1.531917e-11
-7.819652e-12
3.600003e-12
1.979789e-11
-8.456342e-14
3.279215e-14
1.992235e-11
-8.365301e-14
3.144436e-14
2.016713e-11
-8.484928e-14
3.11697e-14
2.076815e-11
-8.534126e-14
3.067495e-14
2.196638e-11
-8.35051e-14
2.938176e-14
2.397272e-11
-1.8456e-14
6.01666e-15
2.227327e-11
-3.918082e-12
1.181844e-11
-3.956739e-12
3.602659e-12
1.589264e-11
-4.024015e-12
3.58683e-12
2.060674e-11
-4.330159e-14
3.268917e-14
2.072604e-11
-4.278969e-14
3.132933e-14
2.09839e-11
-4.335708e-14
3.104242e-14
2.157512e-11
-4.356823e-14
3.053018e-14
2.276729e-11
-4.26018e-14
2.923134e-14
2.473253e-11
-9.395289e-15
5.982941e-15
2.293311e-11
-9.985411e-15
5.764637e-15
2.125739e-11
8.248258e-09
7.803242e-12
1.689666e-08
2.396519e-11
2.197064e-08
3.794446e-11
2.490412e-08
3.303173e-11
2.630866e-08
4.063273e-12
2.646822e-08
-3.443078e-11
2.542909e-08
-5.563755e-11
2.297375e-08
-4.194937e-11
1.8525e-08
-3.308177e-13
-6.383999e-12
1.215549e-11
-1.264202e-11
3.843502e-08
3.912448e-11
-2.126372e-11
5.216027e-08
5.970976e-11
-3.794554e-11
6.032669e-08
5.071037e-11
-5.64598e-11
6.424933e-08
4.447409e-12
-6.454102e-11
6.463716e-08
-5.624566e-11
-5.654537e-11
6.161942e-08
-9.268574e-11
-3.917675e-11
5.465945e-08
-7.688235e-11
-2.533144e-11
4.246774e-08
-1.912308e-11
-7.996025e-12
2.277516e-08
2.561051e-11
-3.155831e-11
4.859657e-11
-5.210982e-11
7.20324e-08
7.314819e-11
-8.401313e-11
8.416232e-08
6.01246e-11
-1.170317e-10
9.000269e-08
2.618601e-12
-1.334516e-10
9.050923e-08
-7.352516e-11
-1.240172e-10
8.588272e-08
-1.211793e-10
-9.769174e-11
7.542374e-08
-1.070224e-10
-7.237569e-11
5.75434e-08
-4.100833e-11
-4.614795e-11
2.984086e-08
1.650187e-11
3.893928e-12
2.41158e-11
1.437768e-11
-6.037984e-11
8.586543e-11
-9.338174e-11
9.871517e-08
6.875898e-11
-1.267925e-10
1.058032e-07
1.354362e-12
-1.441789e-10
1.063532e-07
-8.773601e-11
-1.373411e-10
1.006169e-07
-1.460009e-10
-1.137827e-10
8.783791e-08
-1.353439e-10
-8.879893e-11
6.634604e-08
-6.237348e-11
-6.093925e-11
3.383745e-08
1.15939e-11
1.809726e-12
2.680202e-11
1.04854e-11
2.590934e-12
3.752198e-12
8.942047e-12
-5.75427e-11
7.162837e-11
-7.731282e-11
1.133525e-07
5.997355e-13
-8.785555e-11
1.139223e-07
-9.090198e-11
-8.459261e-11
1.07609e-07
-1.530576e-10
-7.140646e-11
9.365212e-08
-1.449263e-10
-5.699873e-11
7.039475e-08
-7.161096e-11
-4.002933e-11
3.563732e-08
9.482269e-12
7.265224e-13
2.79966e-11
8.717143e-12
1.126855e-12
3.732677e-12
7.533445e-12
1.424272e-12
3.695607e-12
6.048795e-12
-3.040331e-16
2.109407e-12
-1.080103e-15
1.14091e-07
-8.03255e-11
2.185591e-15
1.077375e-07
-1.340606e-10
-2.475365e-15
9.369921e-08
-1.268668e-10
1.021839e-15
7.036983e-08
-6.172125e-11
-5.973717e-16
3.559562e-08
9.575864e-12
1.581334e-17
2.794779e-11
8.818619e-12
2.675714e-17
3.714212e-12
7.616557e-12
1.335128e-17
3.674584e-12
6.137993e-12
-3.028961e-18
3.694159e-12
4.463025e-12
6.828137e-11
-5.713153e-11
6.568937e-11
1.008487e-07
-9.709397e-11
5.497765e-11
8.786416e-08
-8.81585e-11
4.356074e-11
6.620356e-08
-3.772276e-11
3.031191e-11
3.368593e-08
1.192109e-11
-7.41092e-13
2.663464e-11
1.077364e-11
-1.140026e-12
3.696403e-12
9.227153e-12
-1.439202e-12
3.657463e-12
7.396665e-12
-1.668616e-12
3.674303e-12
5.4213e-12
-1.829829e-12
3.678656e-12
3.404674e-12
8.18431e-11
-5.665691e-11
6.67491e-11
7.522984e-08
-4.718625e-11
5.043997e-11
5.717833e-08
-1.12595e-11
3.317722e-11
2.954318e-08
1.709732e-11
-1.866871e-12
2.38005e-11
1.493616e-11
-2.645509e-12
3.678442e-12
1.248795e-11
-3.224691e-12
3.643918e-12
9.921259e-12
-3.663678e-12
3.658286e-12
7.279523e-12
-3.973586e-12
3.659573e-12
4.71349e-12
-4.776326e-14
3.349314e-14
4.661344e-12
4.197571e-11
-1.70936e-11
2.827254e-11
4.193261e-08
9.678669e-12
1.325222e-11
2.237604e-08
2.67087e-11
-4.029689e-12
1.889949e-11
2.192439e-11
-5.04175e-12
3.658869e-12
1.763488e-11
-5.768694e-12
3.633864e-12
1.371723e-11
-6.326428e-12
3.64568e-12
1.009847e-11
-6.734952e-12
3.643897e-12
6.759538e-12
-7.92028e-14
3.331611e-14
6.729579e-12
-7.929043e-14
3.207406e-14
6.79812e-12
4.093939e-12
1.752217e-11
-8.334157e-12
1.04788e-08
4.406444e-11
-8.793174e-12
1.076874e-11
3.261835e-11
-9.301857e-12
3.63545e-12
2.444699e-11
-9.662152e-12
3.627001e-12
1.839641e-11
-1.000089e-11
3.636281e-12
1.358438e-11
-1.034238e-11
3.630871e-12
9.639214e-12
-1.176206e-13
3.316411e-14
9.613092e-12
-1.173197e-13
3.188701e-14
9.72488e-12
-1.199821e-13
3.173336e-14
1.020065e-11
-2.025566e-11
3.603202e-12
4.898997e-12
-1.744438e-11
3.618599e-12
7.920378e-12
-1.572821e-11
3.623262e-12
9.852802e-12
-1.48891e-11
3.629101e-12
1.126533e-11
-1.468889e-11
3.620055e-12
1.281254e-11
-1.586837e-13
3.302921e-14
1.287293e-11
-1.575906e-13
3.172397e-14
1.305267e-11
-1.601495e-13
3.151813e-14
1.362083e-11
-1.614145e-13
3.108007e-14
1.488251e-11
-1.542892e-11
3.947046e-12
-1.448102e-11
3.613564e-12
7.228265e-12
-1.386001e-11
3.617065e-12
1.009529e-11
-1.360768e-11
3.621458e-12
1.278667e-11
-1.366775e-11
3.609369e-12
1.5897e-11
-1.488632e-13
3.290639e-14
1.598145e-11
-1.477352e-13
3.157532e-14
1.620964e-11
-1.501388e-13
3.133432e-14
1.679544e-11
-1.513162e-13
3.086099e-14
1.805432e-11
-1.484677e-13
2.957233e-14
2.020522e-11
-1.12559e-11
7.379846e-12
-1.105944e-11
3.610444e-12
1.081602e-11
-1.104717e-11
3.613371e-12
1.427491e-11
-1.117828e-11
3.599518e-12
1.827323e-11
-1.215314e-13
3.279201e-14
1.839015e-11
-1.204134e-13
3.144735e-14
1.862823e-11
-1.222918e-13
3.11773e-14
1.923296e-11
-1.231371e-13
3.068413e-14
2.045624e-11
-1.206588e-13
2.938606e-14
2.25269e-11
-2.674573e-14
6.015984e-15
2.102514e-11
-7.676213e-12
1.14759e-11
-7.724957e-12
3.605858e-12
1.535936e-11
-7.8448e-12
3.590168e-12
1.986111e-11
-8.478746e-14
3.269361e-14
1.997718e-11
-8.388457e-14
3.133348e-14
2.023404e-11
-8.507771e-14
3.10482e-14
2.082834e-11
-8.557758e-14
3.053601e-14
2.203571e-11
-8.374986e-14
2.92342e-14
2.403378e-11
-1.850626e-14
5.982256e-15
2.233136e-11
-1.973765e-14
5.763419e-15
2.076998e-11
-3.968684e-12
1.593958e-11
-4.035288e-12
3.578451e-12
2.065949e-11
-4.341715e-14
3.259914e-14
2.07897e-11
-4.290147e-14
3.123508e-14
2.103993e-11
-4.347092e-14
3.093266e-14
2.164146e-11
-4.368109e-14
3.041126e-14
2.282609e-11
-4.271428e-14
2.909947e-14
2.479664e-11
-9.420093e-15
5.953091e-15
2.298332e-11
-1.000864e-14
5.731784e-15
2.130045e-11
-1.066008e-14
5.689067e-15
1.874104e-11
6.87653e-12
1.68715e-08
2.138145e-11
2.19411e-08
3.36914e-11
2.487619e-08
2.975613e-11
2.628324e-08
4.177503e-12
2.643962e-08
-2.936026e-11
2.538837e-08
-4.752816e-11
2.291645e-08
-3.476678e-11
1.845832e-08
1.826725e-12
1.071687e-08
4.231195e-11
-1.097249e-11
3.460353e-11
-1.864304e-11
5.211588e-08
5.34737e-11
-3.34466e-11
6.029474e-08
4.543808e-11
-4.970894e-11
6.423266e-08
5.344031e-12
-5.679764e-11
6.461917e-08
-4.813191e-11
-4.937646e-11
6.157439e-08
-7.925615e-11
-3.365793e-11
5.457383e-08
-6.462608e-11
-2.114199e-11
4.235844e-08
-1.332117e-11
-6.166885e-12
2.269343e-08
2.57972e-11
8.500616e-12
1.92414e-11
2.113266e-11
-4.554375e-11
6.488772e-11
-7.38691e-11
8.416792e-08
5.399336e-11
-1.032545e-10
9.004322e-08
3.283753e-12
-1.175369e-10
9.055696e-08
-6.336007e-11
-1.087486e-10
8.589458e-08
-1.049412e-10
-8.50586e-11
7.53743e-08
-9.16107e-11
-6.218948e-11
5.745038e-08
-3.330508e-11
-3.849165e-11
2.976482e-08
1.662972e-11
3.919355e-12
2.40355e-11
1.450296e-11
4.922372e-12
3.748479e-12
1.20883e-11
-8.198875e-11
6.168267e-11
-1.118122e-10
1.059132e-07
1.632428e-12
-1.271869e-10
1.064799e-07
-7.645056e-11
-1.208619e-10
1.007035e-07
-1.276805e-10
-9.95121e-11
8.784761e-08
-1.175497e-10
-7.731895e-11
6.62923e-08
-5.303608e-11
-5.245651e-11
3.378023e-08
1.171562e-11
1.826053e-12
2.673879e-11
1.058211e-11
2.605401e-12
3.731059e-12
9.043975e-12
3.176569e-12
3.696874e-12
7.229724e-12
-6.807026e-11
2.107163e-12
-7.759862e-11
1.14091e-07
-8.032321e-11
-7.447577e-11
1.077375e-07
-1.340623e-10
-6.276378e-11
9.369921e-08
-1.268659e-10
-4.976985e-11
7.036983e-08
-6.172167e-11
-3.491411e-11
3.559562e-08
9.575937e-12
7.344254e-13
2.794779e-11
8.818671e-12
1.133586e-12
3.714212e-12
7.61662e-12
1.431754e-12
3.674584e-12
6.138012e-12
1.660618e-12
3.69416e-12
4.46302e-12
6.784254e-16
-6.905895e-11
-1.639285e-15
1.078516e-07
-1.179631e-10
2.359769e-15
9.374103e-08
-1.105257e-10
-2.651872e-15
7.034806e-08
-5.312738e-11
-1.791621e-17
3.5559e-08
9.678569e-12
1.834644e-17
2.790501e-11
8.899563e-12
2.676415e-17
3.698076e-12
7.709335e-12
3.877643e-17
3.656213e-12
6.211076e-12
1.714813e-17
3.673125e-12
4.542946e-12
-3.914643e-18
3.67766e-12
2.812377e-12
5.762982e-11
-8.352613e-11
4.83518e-11
8.787141e-08
-7.622854e-11
3.788891e-11
6.616715e-08
-3.139237e-11
2.636153e-11
3.36472e-08
1.2003e-11
-7.475494e-13
2.659187e-11
1.086913e-11
-1.145487e-12
3.682304e-12
9.303887e-12
-1.446579e-12
3.641376e-12
7.482853e-12
-1.676614e-12
3.655932e-12
5.485095e-12
-1.837995e-12
3.657682e-12
3.475852e-12
-2.237497e-14
3.348143e-14
3.421039e-12
5.796988e-11
-3.896698e-11
4.382818e-11
5.712965e-08
-7.379227e-12
2.806512e-11
2.950351e-08
1.720623e-11
-1.877551e-12
2.375853e-11
1.501784e-11
-2.657531e-12
3.665968e-12
1.258404e-11
-3.238003e-12
3.629891e-12
9.994677e-12
-3.680747e-12
3.642159e-12
7.359389e-12
-3.991334e-12
3.641263e-12
4.768576e-12
-4.793798e-14
3.330131e-14
4.733969e-12
-4.812032e-14
3.207463e-14
4.78112e-12
2.351017e-11
1.211554e-11
1.006438e-11
2.234322e-08
2.681399e-11
-4.04881e-12
1.886418e-11
2.204326e-11
-5.059962e-12
3.647957e-12
1.772021e-11
-5.792405e-12
3.621423e-12
1.381149e-11
-6.350654e-12
3.631636e-12
1.01659e-11
-6.764275e-12
3.627775e-12
6.830322e-12
-7.950408e-14
3.314919e-14
6.789082e-12
-7.957872e-14
3.188975e-14
6.873785e-12
-8.174787e-14
3.177061e-14
7.303789e-12
-9.58774e-12
4.425712e-11
-8.823804e-12
1.074787e-11
3.273723e-11
-9.338801e-12
3.625752e-12
2.456849e-11
-9.695552e-12
3.616152e-12
1.847698e-11
-1.004048e-11
3.623773e-12
1.366789e-11
-1.03806e-11
3.616853e-12
9.696195e-12
-1.18048e-13
3.301599e-14
9.686744e-12
-1.177482e-13
3.172674e-14
9.789181e-12
-1.204223e-13
3.15503e-14
1.028013e-11
-1.22133e-13
3.113843e-14
1.149654e-11
-2.033541e-11
4.92156e-12
-1.750235e-11
3.610177e-12
7.948341e-12
-1.578961e-11
3.613496e-12
9.900476e-12
-1.493999e-11
3.618249e-12
1.13091e-11
-1.474614e-11
3.6075e-12
1.287875e-11
-1.591929e-13
3.290111e-14
1.293145e-11
-1.581584e-13
3.158128e-14
1.312711e-11
-1.607252e-13
3.135916e-14
1.368749e-11
-1.620106e-13
3.090061e-14
1.496103e-11
-1.591222e-13
2.960928e-14
1.720304e-11
-1.453276e-11
7.25726e-12
-1.390358e-11
3.608654e-12
1.01273e-11
-1.365627e-11
3.611646e-12
1.283818e-11
-1.371138e-11
3.598553e-12
1.595008e-11
-1.493233e-13
3.279103e-14
1.604877e-11
-1.481679e-13
3.145258e-14
1.626978e-11
-1.506242e-13
3.119264e-14
1.686944e-11
-1.518115e-13
3.070537e-14
1.812056e-11
-1.489673e-13
2.940229e-14
2.027815e-11
-3.309354e-14
6.01731e-15
1.907855e-11
-1.109592e-11
1.085324e-11
-1.107996e-11
3.604962e-12
1.431553e-11
-1.121518e-11
3.589703e-12
1.833645e-11
-1.218494e-13
3.269355e-14
1.844366e-11
-1.207526e-13
3.133653e-14
1.869529e-11
-1.2262e-13
3.105577e-14
1.929265e-11
-1.234986e-13
3.054514e-14
2.052719e-11
-1.210214e-13
2.923858e-14
2.25883e-11
-2.682285e-14
5.981585e-15
2.108448e-11
-2.875456e-14
5.761751e-15
1.975766e-11
-7.748705e-12
1.540666e-11
-7.866792e-12
3.581785e-12
1.991271e-11
-8.501586e-14
3.260359e-14
2.004081e-11
-8.410037e-14
3.123924e-14
2.028925e-11
-8.53054e-14
3.093839e-14
2.089502e-11
-8.580175e-14
3.041704e-14
2.209454e-11
-8.397517e-14
2.910232e-14
2.40986e-11
-1.855635e-14
5.95242e-15
2.238191e-11
-1.978461e-14
5.730576e-15
2.081356e-11
-2.112363e-14
5.687531e-15
1.838667e-11
-4.047014e-12
2.07195e-11
-4.352565e-14
3.252271e-14
2.084284e-11
-4.30118e-14
3.114878e-14
2.110387e-11
-4.358194e-14
3.08394e-14
2.169743e-11
-4.379232e-14
3.030368e-14
2.289073e-11
-4.282262e-14
2.898674e-14
2.485191e-11
-9.442672e-15
5.926394e-15
2.30364e-11
-1.00322e-14
5.703365e-15
2.133813e-11
-1.068243e-14
5.656731e-15
1.876819e-11
-1.117856e-14
5.644274e-15
1.345992e-11
1.893e-11
2.191515e-08
3.016847e-11
2.485166e-08
2.660596e-11
2.626101e-08
4.470993e-12
2.641455e-08
-2.506213e-11
2.535271e-08
-4.038334e-11
2.286628e-08
-2.833949e-11
1.840002e-08
4.750397e-12
1.067154e-08
4.258215e-11
1.953241e-11
1.10226e-11
3.14189e-11
-1.618111e-11
4.755091e-11
-2.940659e-11
6.026693e-08
4.121394e-11
-4.385637e-11
6.421829e-08
5.687521e-12
-4.996741e-11
6.460364e-08
-4.063088e-11
-4.317235e-11
6.153491e-08
-6.772487e-11
-2.897131e-11
5.449866e-08
-5.379027e-11
-1.75243e-11
4.226256e-08
-8.062438e-12
-3.014818e-12
2.262176e-08
2.596267e-11
8.54921e-12
1.916448e-11
2.128718e-11
9.051776e-12
3.7415e-12
1.705232e-11
-6.467227e-11
4.848844e-11
-9.097532e-11
9.007958e-08
4.083532e-12
-1.035492e-10
9.059953e-08
-5.458575e-11
-9.544267e-11
8.590528e-08
-9.049921e-11
-7.400153e-11
7.53308e-08
-7.826305e-11
-5.346065e-11
5.736866e-08
-2.657857e-11
-3.191718e-11
2.969814e-08
1.676841e-11
3.94487e-12
2.396477e-11
1.461211e-11
4.948584e-12
3.727302e-12
1.220032e-11
5.662518e-12
3.699477e-12
9.647816e-12
-9.827571e-11
2.924344e-12
-1.121961e-10
1.065926e-07
-6.68323e-11
-1.062199e-10
1.007803e-07
-1.112589e-10
-8.719352e-11
8.785631e-08
-1.019943e-10
-6.713162e-11
6.624504e-08
-4.486084e-11
-4.520547e-11
3.373003e-08
1.181373e-11
1.841344e-12
2.66833e-11
1.068873e-11
2.619735e-12
3.712567e-12
9.130506e-12
3.192869e-12
3.675843e-12
7.321385e-12
3.629097e-12
3.695345e-12
5.340388e-12
-6.828025e-11
-6.906094e-11
-6.569223e-11
1.078516e-07
-1.179613e-10
-5.497357e-11
9.374103e-08
-1.105268e-10
-4.356536e-11
7.034806e-08
-5.312707e-11
-3.031217e-11
3.5559e-08
9.678597e-12
7.411322e-13
2.790501e-11
8.899632e-12
1.140084e-12
3.698076e-12
7.709382e-12
1.439276e-12
3.656213e-12
6.211144e-12
1.66865e-12
3.673126e-12
4.542965e-12
1.829822e-12
3.677661e-12
2.812371e-12
9.646867e-16
-1.020879e-10
-1.385197e-15
9.377834e-08
-9.661961e-11
2.443288e-15
7.032905e-08
-4.537617e-11
-1.874219e-15
3.552688e-08
9.756198e-12
4.351339e-18
2.786742e-11
8.990652e-12
3.326646e-17
3.683999e-12
7.782806e-12
3.649859e-17
3.640138e-12
6.294311e-12
5.156895e-17
3.654762e-12
4.605604e-12
2.081014e-17
3.656694e-12
2.883363e-12
-8.257557e-20
3.347491e-14
2.827561e-12
4.216885e-11
-6.497086e-11
3.315693e-11
6.613527e-08
-2.596468e-11
2.270857e-11
3.361317e-08
1.209709e-11
-7.530548e-13
2.655432e-11
1.094068e-11
-1.150998e-12
3.669861e-12
9.391261e-12
-1.45277e-12
3.627363e-12
7.550546e-12
-1.684605e-12
3.639832e-12
5.560227e-12
-1.846207e-12
3.639388e-12
3.528912e-12
-2.245316e-14
3.328967e-14
3.492514e-12
-2.257935e-14
3.207376e-14
3.525118e-12
3.747578e-11
-3.823264e-12
2.385632e-11
2.946863e-08
1.728307e-11
-1.888661e-12
2.372159e-11
1.511375e-11
-2.667638e-12
3.655063e-12
1.265611e-11
-3.251584e-12
3.61748e-12
1.007919e-11
-3.695057e-12
3.628138e-12
7.421094e-12
-4.009056e-12
3.625182e-12
4.836467e-12
-4.811898e-14
3.313466e-14
4.789312e-12
-4.828894e-14
3.18903e-14
4.854554e-12
-4.975509e-14
3.180258e-14
5.238369e-12
6.928787e-12
2.69441e-11
-4.064699e-12
1.883316e-11
2.212962e-11
-5.080068e-12
3.638268e-12
1.782109e-11
-5.812287e-12
3.610587e-12
1.388185e-11
-6.375462e-12
3.619175e-12
1.024414e-11
-6.78907e-12
3.613786e-12
6.884223e-12
-7.979464e-14
3.300155e-14
6.860157e-12
-7.987275e-14
3.172968e-14
6.933882e-12
-8.203523e-14
3.158728e-14
7.38038e-12
-8.3573e-14
3.120901e-14
8.563812e-12
-8.859158e-12
3.288322e-11
-9.369641e-12
3.617301e-12
2.465914e-11
-9.7325e-12
3.606466e-12
1.857306e-11
-1.007384e-11
3.612934e-12
1.372964e-11
-1.041981e-11
3.60437e-12
9.76256e-12
-1.184171e-13
3.288819e-14
9.743978e-12
-1.181602e-13
3.158462e-14
9.86326e-12
-1.208503e-13
3.139127e-14
1.034482e-11
-1.225683e-13
3.095865e-14
1.157483e-11
-1.208043e-13
2.966923e-14
1.386003e-11
-1.756908e-11
7.98505e-12
-1.584098e-11
3.60509e-12
9.935035e-12
-1.499599e-11
3.608479e-12
1.136341e-11
-1.479478e-11
3.596693e-12
1.292844e-11
-1.597104e-13
3.278602e-14
1.299813e-11
-1.586499e-13
3.145861e-14
1.318614e-11
-1.612861e-13
3.121763e-14
1.376202e-11
-1.625787e-13
3.074481e-14
1.502651e-11
-1.596978e-13
2.943898e-14
1.727659e-11
-3.545691e-14
6.022785e-15
1.646996e-11
-1.395188e-11
1.016749e-11
-1.369836e-11
3.603245e-12
1.28784e-11
-1.375855e-11
3.588766e-12
1.601341e-11
-1.497403e-13
3.269256e-14
1.610236e-11
-1.486085e-13
3.134195e-14
1.633757e-11
-1.510518e-13
3.107108e-14
1.69297e-11
-1.522872e-13
3.056649e-14
1.819279e-11
-1.494445e-13
2.92548e-14
2.034021e-11
-3.319579e-14
5.982922e-15
1.913908e-11
-3.576769e-14
5.761663e-15
1.817276e-11
-1.111534e-11
1.436427e-11
-1.124768e-11
3.581326e-12
1.838844e-11
-1.221855e-13
3.260375e-14
1.850732e-11
-1.210578e-13
3.124235e-14
1.874927e-11
-1.229534e-13
3.094593e-14
1.935959e-11
-1.2382e-13
3.042607e-14
2.058567e-11
-1.213674e-13
2.910665e-14
2.265465e-11
-2.689721e-14
5.951779e-15
2.11354e-11
-2.882747e-14
5.728915e-15
1.980225e-11
-3.088768e-14
5.685254e-15
1.764825e-11
-7.890033e-12
1.997289e-11
-8.521974e-14
3.252722e-14
2.009281e-11
-8.431843e-14
3.115294e-14
2.035319e-11
-8.551917e-14
3.08451e-14
2.095024e-11
-8.60244e-14
3.030937e-14
2.215958e-11
-8.419043e-14
2.898954e-14
2.415396e-11
-1.860166e-14
5.925723e-15
2.243561e-11
-1.983243e-14
5.702175e-15
2.085152e-11
-2.116896e-14
5.655206e-15
1.841418e-11
-2.21802e-14
5.642453e-15
1.326306e-11
-4.362927e-14
2.090324e-11
-4.311666e-14
3.107567e-14
2.115734e-11
-4.369057e-14
3.07539e-14
2.176111e-11
-4.390187e-14
3.021236e-14
2.294554e-11
-4.292901e-14
2.888462e-14
2.491254e-11
-9.464938e-15
5.903613e-15
2.308224e-11
-1.005317e-14
5.677901e-15
2.137797e-11
-1.070547e-14
5.628807e-15
1.879192e-11
-1.120032e-14
5.612257e-15
1.347077e-11
-1.135936e-14
5.561e-15
1.486075e-11
3.714879e-12
4.702407e-12
2.686738e-11
2.483015e-08
2.412212e-11
2.624152e-08
4.421127e-12
2.639262e-08
-2.108466e-11
2.532139e-08
-3.426689e-11
2.282231e-08
-2.274767e-11
1.834903e-08
7.424796e-12
1.0632e-08
4.28238e-11
1.964241e-11
1.09708e-11
3.162248e-11
1.689902e-11
3.728984e-12
2.36394e-11
-2.562378e-11
3.715195e-11
-3.864215e-11
6.420603e-08
6.43687e-12
-4.399179e-11
6.459025e-08
-3.446754e-11
-3.775408e-11
6.150034e-08
-5.731142e-11
-2.492445e-11
5.443261e-08
-4.450682e-11
-1.445885e-11
4.217845e-08
-3.437926e-12
-3.690856e-13
2.2559e-08
2.6141e-11
8.595171e-12
1.909674e-11
2.142316e-11
9.099786e-12
3.720299e-12
1.718353e-11
9.445513e-12
3.703573e-12
1.332499e-11
-7.976453e-11
4.942879e-12
-9.122142e-11
9.063764e-08
-4.665944e-11
-8.367192e-11
8.591499e-08
-7.797815e-11
-6.447156e-11
7.529262e-08
-6.645069e-11
-4.577595e-11
5.729684e-08
-2.078974e-11
-2.633075e-11
2.963966e-08
1.688057e-11
3.969825e-12
2.390271e-11
1.47325e-11
4.973717e-12
3.708772e-12
1.229609e-11
5.691051e-12
3.678428e-12
9.746166e-12
6.239069e-12
3.697733e-12
7.127166e-12
-9.853912e-11
-5.713524e-11
-9.352191e-11
1.008487e-07
-9.70904e-11
-7.613244e-11
8.786416e-08
-8.816053e-11
-5.840065e-11
6.620356e-08
-3.772239e-11
-3.87312e-11
3.368593e-08
1.192112e-11
1.854249e-12
2.663464e-11
1.077385e-11
2.633789e-12
3.696403e-12
9.227295e-12
3.20891e-12
3.657463e-12
7.396859e-12
3.646563e-12
3.674304e-12
5.421355e-12
3.955644e-12
3.678657e-12
3.404659e-12
-5.762835e-11
-1.020894e-10
-4.835411e-11
9.377834e-08
-9.66182e-11
-3.788474e-11
7.032905e-08
-4.537664e-11
-2.636464e-11
3.552688e-08
9.756093e-12
7.475559e-13
2.786742e-11
8.990682e-12
1.145557e-12
3.683999e-12
7.782872e-12
1.446657e-12
3.640138e-12
6.294357e-12
1.676711e-12
3.654762e-12
4.60568e-12
1.838036e-12
3.656694e-12
2.883383e-12
2.237483e-14
3.347491e-14
2.827554e-12
5.226159e-16
-8.321123e-11
-8.218254e-16
7.031256e-08
-3.880662e-11
2.539824e-15
3.549868e-08
9.845192e-12
-3.905212e-17
2.783443e-11
9.058238e-12
8.285482e-18
3.671575e-12
7.866804e-12
4.621431e-17
3.626132e-12
6.35971e-12
4.619396e-17
3.638675e-12
4.678872e-12
6.524886e-17
3.638408e-12
2.935803e-12
3.590303e-19
3.328318e-14
2.898844e-12
-8.916674e-20
3.207274e-14
2.924016e-12
2.861884e-11
-2.081999e-11
1.969114e-11
3.358326e-08
1.216049e-11
-7.585953e-13
2.652128e-11
1.102471e-11
-1.15571e-12
3.658971e-12
9.4559e-12
-1.459041e-12
3.61497e-12
7.629298e-12
-1.691283e-12
3.625825e-12
5.618492e-12
-1.854497e-12
3.623335e-12
3.593931e-12
-2.253562e-14
3.312312e-14
3.545814e-12
-2.265446e-14
3.18894e-14
3.597489e-12
-2.338696e-14
3.182477e-14
3.944316e-12
1.971008e-11
1.737996e-11
-1.898016e-12
2.368914e-11
1.517961e-11
-2.678665e-12
3.64539e-12
1.274175e-11
-3.263074e-12
3.606651e-12
1.014155e-11
-3.709603e-12
3.615708e-12
7.494085e-12
-4.023858e-12
3.611217e-12
4.887755e-12
-4.830266e-14
3.298741e-14
4.857508e-12
-4.846547e-14
3.173038e-14
4.910601e-12
-4.992299e-14
3.161888e-14
5.313271e-12
-5.101765e-14
3.127284e-14
6.44803e-12
-4.082744e-12
2.223875e-11
-5.097165e-12
3.6298e-12
1.789255e-11
-5.834309e-12
3.600934e-12
1.39668e-11
-6.396302e-12
3.608346e-12
1.030068e-11
-6.814303e-12
3.60135e-12
6.949053e-12
-8.004168e-14
3.287407e-14
6.914321e-12
-8.015455e-14
3.15879e-14
7.005589e-12
-8.233053e-14
3.142813e-14
7.441396e-12
-8.385747e-14
3.102858e-14
8.640191e-12
-8.288456e-14
2.974638e-14
1.096533e-11
-9.405077e-12
2.477298e-11
-9.763908e-12
3.59806e-12
1.864268e-11
-1.011064e-11
3.603228e-12
1.380575e-11
-1.045303e-11
3.593573e-12
9.809602e-12
-1.187838e-13
3.27736e-14
9.810625e-12
-1.185174e-13
3.146213e-14
9.92094e-12
-1.212596e-13
3.125004e-14
1.041923e-11
-1.22993e-13
3.080253e-14
1.163881e-11
-1.212253e-13
2.949858e-14
1.393373e-11
-2.741431e-14
6.033298e-15
1.354726e-11
-1.589944e-11
9.981207e-12
-1.504364e-11
3.600086e-12
1.140248e-11
-1.484802e-11
3.586942e-12
1.29904e-11
-1.6017e-13
3.268763e-14
1.304829e-11
-1.59147e-13
3.134814e-14
1.325338e-11
-1.617727e-13
3.109597e-14
1.382139e-11
-1.631296e-13
3.060591e-14
1.509961e-11
-1.602469e-13
2.929133e-14
1.733825e-11
-3.557507e-14
5.988362e-15
1.653123e-11
-3.844848e-14
5.765473e-15
1.603815e-11
-1.37444e-11
1.292877e-11
-1.380007e-11
3.580397e-12
1.606376e-11
-1.50176e-13
3.26029e-14
1.616618e-11
-1.49012e-13
3.12477e-14
1.639173e-11
-1.514861e-13
3.096133e-14
1.699757e-11
-1.527072e-13
3.044734e-14
1.825202e-11
-1.499013e-13
2.912301e-14
2.040789e-11
-3.32943e-14
5.953136e-15
1.919069e-11
-3.586547e-14
5.728845e-15
1.821836e-11
-3.856213e-14
5.684315e-15
1.648625e-11
-1.128228e-11
1.845e-11
-1.224986e-13
3.252748e-14
1.855976e-11
-1.213792e-13
3.115623e-14
1.88133e-11
-1.232548e-13
3.085265e-14
1.941374e-11
-1.241459e-13
3.03183e-14
2.065112e-11
-1.216753e-13
2.899378e-14
2.270981e-11
-2.696735e-14
5.925074e-15
2.119045e-11
-2.889871e-14
5.700552e-15
1.984056e-11
-3.095865e-14
5.652935e-15
1.767649e-11
-3.252043e-14
5.639595e-15
1.285085e-11
-8.542283e-14
2.015337e-11
-8.451388e-14
3.107988e-14
2.040553e-11
-8.573381e-14
3.075955e-14
2.101398e-11
-8.623471e-14
3.021798e-14
2.221374e-11
-8.440357e-14
2.888731e-14
2.421501e-11
-1.864596e-14
5.902938e-15
2.248156e-11
-1.987463e-14
5.676711e-15
2.089186e-11
-2.121589e-14
5.627301e-15
1.843813e-11
-2.222444e-14
5.610448e-15
1.32741e-11
-2.25813e-14
5.559021e-15
-4.321494e-14
2.121802e-11
-4.379481e-14
3.06815e-14
2.18145e-11
-4.400825e-14
3.012853e-14
2.30076e-11
-4.303474e-14
2.879813e-14
2.496426e-11
-9.486525e-15
5.882955e-15
2.313248e-11
-1.007457e-14
5.656259e-15
2.141241e-11
-1.072563e-14
5.60376e-15
1.881698e-11
-1.122299e-14
5.58464e-15
1.348018e-11
-1.138055e-14
5.529486e-15
1.11127e-11
3.713824e-12
3.794702e-12
1.493823e-11
3.693675e-12
4.733265e-12
1.401059e-11
3.722131e-12
7.63309e-12
2.17984e-11
2.622446e-08
4.720556e-12
2.637339e-08
-1.788549e-11
2.529393e-08
-2.874668e-11
2.278367e-08
-1.796862e-11
1.830437e-08
9.722056e-12
1.059749e-08
4.30807e-11
1.974316e-11
1.092517e-11
3.180354e-11
1.699067e-11
3.707787e-12
2.37979e-11
1.531404e-11
3.709384e-12
1.784388e-11
-3.377128e-11
6.928652e-12
-3.873198e-11
6.457882e-08
-2.862173e-11
-3.298406e-11
6.147007e-08
-4.854049e-11
-2.143049e-11
5.437463e-08
-3.619288e-11
-1.17985e-11
4.210459e-08
5.036066e-13
1.870118e-12
2.250402e-08
2.628644e-11
8.642051e-12
1.903735e-11
2.157134e-11
9.144541e-12
3.701747e-12
1.729734e-11
9.493514e-12
3.682493e-12
1.343535e-11
9.82454e-12
3.701353e-12
9.845619e-12
-7.990839e-11
-3.935418e-11
-7.347893e-11
8.592392e-08
-6.682152e-11
-5.594744e-11
7.525912e-08
-5.623126e-11
-3.919359e-11
5.723377e-08
-1.567311e-11
-2.139132e-11
2.958829e-08
1.700288e-11
3.990777e-12
2.384831e-11
1.482902e-11
4.998886e-12
3.692569e-12
1.240311e-11
5.718407e-12
3.66003e-12
9.828112e-12
6.269015e-12
3.676675e-12
7.211814e-12
6.674859e-12
3.680565e-12
4.641154e-12
-8.184238e-11
-8.352895e-11
-6.675056e-11
8.787141e-08
-7.622584e-11
-5.043742e-11
6.616715e-08
-3.13932e-11
-3.317918e-11
3.36472e-08
1.200246e-11
1.866885e-12
2.659187e-11
1.086915e-11
2.645596e-12
3.682304e-12
9.304072e-12
3.224786e-12
3.641376e-12
7.482992e-12
3.663758e-12
3.655932e-12
5.48531e-12
3.973625e-12
3.657682e-12
3.475909e-12
4.77632e-14
3.348144e-14
3.421023e-12
-4.216844e-11
-8.321209e-11
-3.315824e-11
7.031256e-08
-3.880563e-11
-2.270437e-11
3.549868e-08
9.845416e-12
7.529581e-13
2.783443e-11
9.05815e-12
1.151008e-12
3.671575e-12
7.86684e-12
1.452865e-12
3.626132e-12
6.359774e-12
1.684702e-12
3.638675e-12
4.678918e-12
1.846328e-12
3.638408e-12
2.93589e-12
2.245383e-14
3.328319e-14
2.898864e-12
2.257921e-14
3.207275e-14
2.924009e-12
-1.591328e-16
-3.246357e-11
-5.710465e-16
3.547393e-08
9.903348e-12
2.931293e-17
2.780541e-11
9.137664e-12
-6.852599e-17
3.660698e-12
7.928234e-12
1.213527e-17
3.613745e-12
6.436335e-12
6.000713e-17
3.624675e-12
4.735809e-12
5.529268e-17
3.622369e-12
2.999292e-12
1.295928e-18
3.311666e-14
2.95152e-12
3.799086e-19
3.188837e-14
2.996245e-12
-9.668855e-20
3.183583e-14
3.322575e-12
1.671562e-11
1.224049e-11
-7.633108e-13
2.649226e-11
1.107947e-11
-1.160709e-12
3.649316e-12
9.532684e-12
-1.464471e-12
3.604144e-12
7.687014e-12
-1.698016e-12
3.613413e-12
5.688231e-12
-1.861381e-12
3.609387e-12
3.643594e-12
-2.262386e-14
3.297618e-14
3.611116e-12
-2.273459e-14
3.17295e-14
3.651548e-12
-2.346146e-14
3.164079e-14
4.018546e-12
-2.402405e-14
3.131888e-14
5.108198e-12
-1.908486e-12
1.526501e-11
-2.688245e-12
3.636922e-12
1.279892e-11
-3.275741e-12
3.597016e-12
1.021722e-11
-3.721892e-12
3.604884e-12
7.546678e-12
-4.038817e-12
3.598814e-12
4.95071e-12
-4.845245e-14
3.286019e-14
4.909056e-12
-4.864512e-14
3.158887e-14
4.979581e-12
-5.010025e-14
3.145957e-14
5.370685e-12
-5.118361e-14
3.109168e-14
6.523562e-12
-5.069884e-14
2.981737e-14
8.853681e-12
-5.116873e-12
1.798502e-11
-5.853408e-12
3.592532e-12
1.402499e-11
-6.419388e-12
3.598671e-12
1.037112e-11
-6.835486e-12
3.590562e-12
6.993925e-12
-8.028536e-14
3.275984e-14
6.979455e-12
-8.03944e-14
3.146561e-14
7.060327e-12
-8.26121e-14
3.128694e-14
7.514e-12
-8.415173e-14
3.087202e-14
8.701351e-12
-8.315942e-14
2.957507e-14
1.103791e-11
-1.904851e-14
6.048277e-15
1.099874e-11
-9.799729e-12
1.873319e-11
-1.014242e-11
3.594836e-12
1.385853e-11
-1.04896e-11
3.583879e-12
9.870421e-12
-1.191028e-13
3.267529e-14
9.857952e-12
-1.188696e-13
3.135202e-14
9.988078e-12
-1.216152e-13
3.112834e-14
1.04774e-11
-1.233969e-13
3.066368e-14
1.171224e-11
-1.216367e-13
2.935062e-14
1.39943e-11
-2.750195e-14
5.998827e-15
1.360894e-11
-3.023259e-14
5.774495e-15
1.362986e-11
-1.509723e-11
1.145566e-11
-1.48941e-11
3.578585e-12
1.303519e-11
-1.606606e-13
3.259814e-14
1.311075e-11
-1.595924e-13
3.125389e-14
1.330416e-11
-1.622628e-13
3.098619e-14
1.388896e-11
-1.636082e-13
3.04865e-14
1.515825e-11
-1.607778e-13
2.915952e-14
1.7407e-11
-3.568876e-14
5.958566e-15
1.658271e-11
-3.856255e-14
5.732626e-15
1.608446e-11
-4.15446e-14
5.687178e-15
1.491087e-11
-1.38448e-11
1.612581e-11
-1.505915e-13
3.252677e-14
1.621701e-11
-1.494306e-13
3.116166e-14
1.645603e-11
-1.518868e-13
3.086788e-14
1.705209e-11
-1.531328e-13
3.03396e-14
1.831861e-11
-1.503054e-13
2.901011e-14
2.046387e-11
-3.338741e-14
5.926477e-15
1.924696e-11
-3.596095e-14
5.700513e-15
1.825729e-11
-3.865808e-14
5.652017e-15
1.651522e-11
-4.071612e-14
5.637754e-15
1.219736e-11
-1.228097e-13
1.862174e-11
-1.21682e-13
3.108326e-14
1.886616e-11
-1.235712e-13
3.076724e-14
1.947768e-11
-1.244413e-13
3.022687e-14
2.070445e-11
-1.219873e-13
2.889144e-14
2.277137e-11
-2.70305e-14
5.902276e-15
2.123632e-11
-2.896488e-14
5.675076e-15
1.988198e-11
-3.102874e-14
5.625073e-15
1.770071e-11
-3.259007e-14
5.607599e-15
1.286227e-11
-3.318323e-14
5.555817e-15
-8.470604e-14
2.046639e-11
-8.592664e-14
3.068718e-14
2.106629e-11
-8.644479e-14
3.013405e-14
2.227596e-11
-8.460595e-14
2.880074e-14
2.426622e-11
-1.868931e-14
5.882255e-15
2.253219e-11
-1.991731e-14
5.655067e-15
2.092642e-11
-2.125655e-14
5.602254e-15
1.846355e-11
-2.227073e-14
5.582852e-15
1.328363e-11
-2.262447e-14
5.52752e-15
-4.389105e-14
2.187497e-11
-4.41112e-14
3.005762e-14
2.305984e-11
-4.31367e-14
2.871861e-14
2.502249e-11
-9.508574e-15
5.865507e-15
2.31754e-11
-1.009491e-14
5.636572e-15
2.145014e-11
-1.074673e-14
5.582528e-15
1.883863e-11
-1.124262e-14
5.559856e-15
1.349007e-11
-1.140274e-14
5.50232e-15
7.487557e-12
3.714869e-12
3.66372e-12
1.11672e-11
3.692579e-12
3.816145e-12
1.087085e-11
3.725827e-12
6.982609e-12
1.500963e-11
3.67517e-12
4.759888e-12
1.40817e-11
3.700875e-12
7.682923e-12
1.346467e-11
3.71693e-12
9.544758e-12
4.965817e-12
2.635655e-08
-1.472065e-11
2.52698e-08
-2.414864e-11
2.274974e-08
-1.370211e-11
1.826512e-08
1.168745e-11
1.056727e-08
4.329204e-11
1.984779e-11
1.088519e-11
3.199733e-11
1.707475e-11
3.689246e-12
2.393717e-11
1.539387e-11
3.688251e-12
1.796925e-11
1.456207e-11
3.706176e-12
1.323475e-11
-3.381923e-11
-2.34803e-11
-2.887785e-11
6.144366e-08
-4.050009e-11
-1.831231e-11
5.432367e-08
-2.916408e-11
-9.508529e-12
4.203974e-08
4.02328e-12
3.824957e-12
2.245573e-08
2.644355e-11
8.681241e-12
1.898532e-11
2.16913e-11
9.190273e-12
3.685512e-12
1.742273e-11
9.538425e-12
3.664066e-12
1.352914e-11
9.872402e-12
3.680265e-12
9.936866e-12
1.02048e-11
3.683255e-12
6.625562e-12
-6.405496e-11
-5.665925e-11
-4.874592e-11
7.522984e-08
-4.718389e-11
-3.320639e-11
5.717833e-08
-1.125984e-11
-1.714181e-11
2.954318e-08
1.709635e-11
4.011998e-12
2.38005e-11
1.493621e-11
5.020034e-12
3.678441e-12
1.248829e-11
5.745785e-12
3.643918e-12
9.921489e-12
6.297819e-12
3.658286e-12
7.279805e-12
6.705432e-12
3.659575e-12
4.713571e-12
7.890462e-14
3.349316e-14
4.661327e-12
-5.79702e-11
-6.497258e-11
-4.38288e-11
6.613527e-08
-2.596288e-11
-2.80626e-11
3.361317e-08
1.209727e-11
1.877442e-12
2.655432e-11
1.094015e-11
2.657552e-12
3.66986e-12
9.391272e-12
3.238118e-12
3.627362e-12
7.550747e-12
3.68086e-12
3.639832e-12
5.56036e-12
3.991426e-12
3.639388e-12
3.52916e-12
4.793855e-14
3.328968e-14
3.492571e-12
4.812025e-14
3.207377e-14
3.525103e-12
-2.862008e-11
-3.246366e-11
-1.969225e-11
3.547393e-08
9.904359e-12
7.586208e-13
2.780542e-11
9.137919e-12
1.155537e-12
3.6607e-12
7.928183e-12
1.459047e-12
3.613746e-12
6.436355e-12
1.691406e-12
3.624675e-12
4.735874e-12
1.854611e-12
3.622369e-12
2.999336e-12
2.253794e-14
3.311666e-14
2.951608e-12
2.265518e-14
3.188838e-14
2.996265e-12
2.338681e-14
3.183583e-14
3.322569e-12
-8.232865e-16
9.975856e-12
1.191238e-16
2.777993e-11
9.18746e-12
5.318632e-17
3.651052e-12
8.001302e-12
-9.06602e-17
3.602919e-12
6.492109e-12
1.563567e-17
3.61227e-12
4.804631e-12
7.379839e-17
3.608429e-12
3.047902e-12
8.885918e-19
3.296986e-14
3.015278e-12
1.392431e-18
3.172845e-14
3.049709e-12
4.067005e-19
3.16517e-14
3.396888e-12
-1.03084e-19
3.134249e-14
4.460002e-12
-7.685982e-13
1.115072e-11
-1.165213e-12
3.640852e-12
9.581154e-12
-1.470306e-12
3.594514e-12
7.757289e-12
-1.703843e-12
3.602591e-12
5.738519e-12
-1.868257e-12
3.597004e-12
3.705235e-12
-2.269513e-14
3.284914e-14
3.661023e-12
-2.282131e-14
3.158823e-14
3.717706e-12
-2.35417e-14
3.148126e-14
4.074272e-12
-2.409737e-14
3.113718e-14
5.183693e-12
-2.390565e-14
2.98678e-14
7.505152e-12
-2.69958e-12
1.287495e-11
-3.28698e-12
3.588614e-12
1.026629e-11
-3.73544e-12
3.595226e-12
7.612238e-12
-4.051398e-12
3.588033e-12
4.994789e-12
-4.859949e-14
3.274631e-14
4.972315e-12
-4.87909e-14
3.146676e-14
5.031796e-12
-5.028105e-14
3.13184e-14
5.441083e-12
-5.136013e-14
3.093465e-14
6.581916e-12
-5.085881e-14
2.964535e-14
8.925965e-12
-1.175307e-14
6.062344e-15
9.126171e-12
-5.87533e-12
1.410317e-11
-6.439671e-12
3.590281e-12
1.041694e-11
-6.858974e-12
3.580897e-12
7.052387e-12
-8.048781e-14
3.266157e-14
7.024602e-12
-8.062933e-14
3.135576e-14
7.126105e-12
-8.285188e-14
3.116519e-14
7.569634e-12
-8.443109e-14
3.073292e-14
8.77379e-12
-8.344522e-14
2.942666e-14
1.109643e-11
-1.910591e-14
6.013695e-15
1.105974e-11
-2.126853e-14
5.788687e-15
1.151149e-11
-1.017841e-11
1.39309e-11
-1.052167e-11
3.575525e-12
9.910266e-12
-1.194515e-13
3.258612e-14
9.919082e-12
-1.191777e-13
3.125774e-14
1.003594e-11
-1.219636e-13
3.101868e-14
1.054504e-11
-1.237484e-13
3.054404e-14
1.176999e-11
-1.220263e-13
2.921885e-14
1.40636e-11
-2.758851e-14
5.968999e-15
1.365975e-11
-3.031792e-14
5.741604e-15
1.367663e-11
-3.310995e-14
5.69547e-15
1.311752e-11
-1.494532e-11
1.309641e-11
-1.611169e-13
3.252227e-14
1.3156e-11
-1.600654e-13
3.116789e-14
1.336721e-11
-1.627048e-13
3.089258e-14
1.394035e-11
-1.640887e-13
3.037854e-14
1.522491e-11
-1.612397e-13
2.904636e-14
1.746261e-11
-3.579739e-14
5.931911e-15
1.664007e-11
-3.867374e-14
5.704298e-15
1.612342e-11
-4.16572e-14
5.654854e-15
1.49404e-11
-4.395438e-14
5.639399e-15
1.130315e-11
-1.510042e-13
1.627951e-11
-1.498364e-13
3.108878e-14
1.65074e-11
-1.523003e-13
3.078244e-14
1.711652e-11
-1.53528e-13
3.024794e-14
1.837254e-11
-1.507142e-13
2.890784e-14
2.052666e-11
-3.347084e-14
5.903693e-15
1.929366e-11
-3.604966e-14
5.675087e-15
1.829973e-11
-3.875276e-14
5.624193e-15
1.653994e-11
-4.081079e-14
5.605785e-15
1.220916e-11
-4.164901e-14
5.553361e-15
-1.219786e-13
1.892848e-11
-1.23872e-13
3.069494e-14
1.953064e-11
-1.24751e-13
3.014307e-14
2.076699e-11
-1.222707e-13
2.880481e-14
2.2822e-11
-2.709394e-14
5.88157e-15
2.128747e-11
-2.902542e-14
5.653425e-15
1.991654e-11
-3.109309e-14
5.60001e-15
1.77269e-11
-3.265937e-14
5.580052e-15
1.287196e-11
-3.325142e-14
5.524327e-15
-8.611434e-14
2.112697e-11
-8.663378e-14
3.006313e-14
2.232723e-11
-8.480721e-14
2.872108e-14
2.432467e-11
-1.873129e-14
5.864791e-15
2.257474e-11
-1.995835e-14
5.635352e-15
2.096448e-11
-2.129874e-14
5.581021e-15
1.84853e-11
-2.23104e-14
5.558068e-15
1.329371e-11
-2.266986e-14
5.500377e-15
-4.420498e-14
2.311886e-11
-4.323619e-14
2.865151e-14
2.507176e-11
-9.529362e-15
5.849439e-15
2.322365e-11
-1.011652e-14
5.620035e-15
2.148241e-11
-1.07665e-14
5.56318e-15
1.886236e-11
-1.126351e-14
5.538879e-15
1.349852e-11
-1.142187e-14
5.477936e-15
3.780712e-12
3.715432e-12
3.739241e-12
7.522737e-12
3.693587e-12
3.681474e-12
7.439973e-12
3.727499e-12
7.13795e-12
1.121769e-11
3.674059e-12
3.8344e-12
1.092312e-11
3.70451e-12
7.021349e-12
1.072548e-11
3.720799e-12
9.789604e-12
1.508294e-11
3.658872e-12
4.788926e-12
1.414734e-11
3.682328e-12
7.725305e-12
1.353086e-11
3.695693e-12
9.606824e-12
1.327995e-11
3.711859e-12
1.096082e-11
-1.184926e-11
2.524859e-08
-1.982171e-11
2.271991e-08
-1.011895e-11
1.823067e-08
1.342369e-11
1.054072e-08
4.351816e-11
1.993503e-11
1.085023e-11
3.215594e-11
1.716163e-11
3.672995e-12
2.408767e-11
1.546746e-11
3.669785e-12
1.807744e-11
1.463484e-11
3.685037e-12
1.333403e-11
1.443516e-11
3.686489e-12
9.423639e-12
-2.5018e-11
-3.334297e-11
-1.572772e-11
5.427895e-08
-2.279591e-11
-7.419208e-12
4.198273e-08
7.004391e-12
5.530224e-12
2.241333e-08
2.656552e-11
8.722066e-12
1.89396e-11
2.18226e-11
9.228644e-12
3.671366e-12
1.752348e-11
9.584036e-12
3.647914e-12
1.363421e-11
9.917366e-12
3.661848e-12
1.001219e-11
1.025248e-11
3.662236e-12
6.700386e-12
1.167219e-13
3.35081e-14
6.654551e-12
-4.197618e-11
-3.896855e-11
-2.827262e-11
5.712965e-08
-7.377534e-12
-1.325117e-11
2.950351e-08
1.720642e-11
4.029552e-12
2.375853e-11
1.501689e-11
5.041794e-12
3.665966e-12
1.258407e-11
5.76884e-12
3.629889e-12
9.995014e-12
6.326571e-12
3.642159e-12
7.3596e-12
6.735018e-12
3.641263e-12
4.768887e-12
7.920326e-14
3.330133e-14
4.73405e-12
7.929043e-14
3.207465e-14
4.781103e-12
-3.747774e-11
-2.082058e-11
-2.385688e-11
3.358326e-08
1.21616e-11
1.888692e-12
2.652129e-11
1.102488e-11
2.667456e-12
3.658973e-12
9.455375e-12
3.251608e-12
3.614968e-12
7.629363e-12
3.695198e-12
3.625824e-12
5.618702e-12
4.009184e-12
3.623335e-12
3.594058e-12
4.812032e-14
3.312312e-14
3.546064e-12
4.828953e-14
3.188942e-14
3.597545e-12
4.975502e-14
3.182478e-14
3.944301e-12
-1.671866e-11
9.976827e-12
7.634065e-13
2.777994e-11
9.18863e-12
1.160742e-12
3.651057e-12
8.001638e-12
1.464206e-12
3.602922e-12
6.491969e-12
1.698032e-12
3.612271e-12
4.804654e-12
1.861532e-12
3.608429e-12
3.047967e-12
2.262562e-14
3.296986e-14
3.015323e-12
2.273708e-14
3.172845e-14
3.049797e-12
2.346222e-14
3.165171e-14
3.396907e-12
2.402389e-14
3.13425e-14
4.459997e-12
7.001774e-17
9.251486e-12
2.868639e-16
3.642589e-12
8.046636e-12
1.035718e-16
3.593288e-12
6.560609e-12
-1.248058e-16
3.601449e-12
4.853992e-12
2.061999e-17
3.596056e-12
3.109071e-12
1.295914e-18
3.284294e-14
3.064115e-12
9.323579e-19
3.158728e-14
3.114355e-12
1.506634e-18
3.149202e-14
3.452183e-12
4.293303e-19
3.116051e-14
4.535938e-12
-1.05533e-19
2.989302e-14
6.849937e-12
-1.170803e-12
9.646975e-12
-1.475552e-12
3.586103e-12
7.801224e-12
-1.710047e-12
3.592936e-12
5.801433e-12
-1.874198e-12
3.586227e-12
3.748793e-12
-2.276277e-14
3.27355e-14
3.722953e-12
-2.289096e-14
3.146624e-14
3.768329e-12
-2.362933e-14
3.134012e-14
4.142233e-12
-2.417701e-14
3.097967e-14
5.240909e-12
-2.397596e-14
2.969532e-14
7.577704e-12
-5.570754e-15
6.07215e-15
7.925507e-12
-3.300166e-12
1.033406e-11
-3.747531e-12
3.586831e-12
7.652728e-12
-4.065246e-12
3.578385e-12
5.051616e-12
-4.872036e-14
3.264806e-14
5.016662e-12
-4.893304e-14
3.135718e-14
5.095816e-12
-5.042715e-14
3.11966e-14
5.494561e-12
-5.154068e-14
3.079528e-14
6.652983e-12
-5.102994e-14
2.949649e-14
8.982405e-12
-1.17863e-14
6.027642e-15
9.187036e-12
-1.323728e-14
5.802611e-15
9.940998e-12
-6.462887e-12
1.048197e-11
-6.879844e-12
3.572544e-12
7.087922e-12
-8.071514e-14
3.257254e-14
7.083389e-12
-8.082401e-14
3.126143e-14
7.17186e-12
-8.308533e-14
3.105558e-14
7.636369e-12
-8.4669e-14
3.061302e-14
8.82966e-12
-8.37157e-14
2.929465e-14
1.116535e-11
-1.916671e-14
5.98381e-15
1.11091e-11
-2.132437e-14
5.755684e-15
1.155792e-11
-2.352235e-14
5.709366e-15
1.152179e-11
-1.055777e-11
9.96905e-12
-1.197784e-13
3.251036e-14
9.959235e-12
-1.195139e-13
3.117194e-14
1.009761e-11
-1.222694e-13
3.092485e-14
1.059367e-11
-1.24091e-13
3.043597e-14
1.183706e-11
-1.223661e-13
2.910546e-14
1.411855e-11
-2.766937e-14
5.94237e-15
1.37178e-11
-3.040352e-14
5.713259e-15
1.371523e-11
-3.319486e-14
5.663101e-15
1.314748e-11
-3.536728e-14
5.646319e-15
1.027279e-11
-1.615987e-13
1.321768e-11
-1.605114e-13
3.109523e-14
1.341309e-11
-1.631724e-13
3.080697e-14
1.400381e-11
-1.645241e-13
3.028654e-14
1.527616e-11
-1.61702e-13
2.89438e-14
1.752575e-11
-3.589289e-14
5.909086e-15
1.668662e-11
-3.877828e-14
5.678874e-15
1.616681e-11
-4.176806e-14
5.627041e-15
1.496522e-11
-4.406593e-14
5.607413e-15
1.131525e-11
-4.506135e-14
5.554047e-15
-1.502327e-13
1.657032e-11
-1.527061e-13
3.071017e-14
1.716824e-11
-1.539339e-13
3.016401e-14
1.843585e-11
-1.51096e-13
2.882103e-14
2.057801e-11
-3.355452e-14
5.88302e-15
1.9346e-11
-3.613067e-14
5.653463e-15
1.833502e-11
-3.883962e-14
5.599181e-15
1.656687e-11
-4.090488e-14
5.578282e-15
1.221914e-11
-4.1742e-14
5.521904e-15
-1.241636e-13
1.959285e-11
-1.250479e-13
3.007223e-14
2.081904e-11
-1.225675e-13
2.872532e-14
2.288087e-11
-2.715248e-14
5.864104e-15
2.132967e-11
-2.90855e-14
5.633687e-15
1.995506e-11
-3.115277e-14
5.578773e-15
1.774869e-11
-3.272252e-14
5.555251e-15
1.288244e-11
-3.331946e-14
5.497235e-15
-8.68162e-14
2.238648e-11
-8.498822e-14
2.865395e-14
2.437313e-11
-1.877235e-14
5.84869e-15
2.262322e-11
-1.99992e-14
5.618802e-15
2.099648e-11
-2.133875e-14
5.561643e-15
1.850927e-11
-2.235224e-14
5.537093e-15
1.330222e-11
-2.270859e-14
5.475993e-15
-4.332574e-14
2.512724e-11
-9.550162e-15
5.835928e-15
2.326452e-11
-1.013623e-14
5.604735e-15
2.151864e-11
-1.07881e-14
5.546984e-15
1.888262e-11
-1.128289e-14
5.519747e-15
1.350783e-11
-1.144236e-14
5.457315e-15
3.712001e-12
3.809952e-12
3.798038e-12
3.694128e-12
3.755505e-12
3.780304e-12
3.728353e-12
7.437371e-12
7.555484e-12
3.675049e-12
3.6965e-12
7.474393e-12
3.706142e-12
7.172009e-12
7.427777e-12
3.722795e-12
1.050303e-11
1.126904e-11
3.657702e-12
3.854241e-12
1.097162e-11
3.685928e-12
7.054082e-12
1.077569e-11
3.699502e-12
9.842933e-12
1.075562e-11
3.715316e-12
1.245854e-11
1.514464e-11
3.644756e-12
4.812257e-12
1.421447e-11
3.665985e-12
7.771907e-12
1.359217e-11
3.677171e-12
9.658966e-12
1.334289e-11
3.690634e-12
1.103145e-11
1.339324e-11
3.68993e-12
1.253584e-11
-1.588761e-11
2.269364e-08
-6.804143e-12
1.820036e-08
1.490665e-11
1.051741e-08
4.369702e-11
2.002701e-11
1.081947e-11
3.232695e-11
1.723435e-11
3.658856e-12
2.420999e-11
1.554301e-11
3.653571e-12
1.8196e-11
1.470224e-11
3.666583e-12
1.34175e-11
1.450437e-11
3.665426e-12
9.502259e-12
1.568596e-13
3.352369e-14
9.470434e-12
-1.324064e-11
-1.709518e-11
-5.754325e-12
4.193261e-08
9.680004e-12
7.08389e-12
2.237604e-08
2.670909e-11
8.755545e-12
1.889949e-11
2.192316e-11
9.268626e-12
3.658867e-12
1.763498e-11
9.622447e-12
3.633862e-12
1.371769e-11
9.962746e-12
3.64568e-12
1.009874e-11
1.029747e-11
3.643897e-12
6.759753e-12
1.171799e-13
3.331613e-14
6.729665e-12
1.168775e-13
3.207408e-14
6.79811e-12
-2.351181e-11
-3.824175e-12
-1.00644e-11
2.946863e-08
1.728424e-11
4.048885e-12
2.372159e-11
1.511389e-11
5.059778e-12
3.655065e-12
1.265516e-11
5.792463e-12
3.617477e-12
1.007927e-11
6.350821e-12
3.628135e-12
7.421436e-12
6.764428e-12
3.625182e-12
4.836662e-12
7.950431e-14
3.313466e-14
4.789625e-12
7.957918e-14
3.189032e-14
4.854633e-12
8.174788e-14
3.18026e-14
5.238353e-12
-1.971355e-11
1.224102e-11
1.898063e-12
2.649227e-11
1.108064e-11
2.678701e-12
3.649319e-12
9.532857e-12
3.262811e-12
3.604147e-12
7.686583e-12
3.709633e-12
3.613411e-12
5.688333e-12
4.024023e-12
3.609385e-12
3.643811e-12
4.830441e-14
3.297618e-14
3.611244e-12
4.846686e-14
3.172949e-14
3.651798e-12
4.992361e-14
3.164081e-14
4.0186e-12
5.101758e-14
3.13189e-14
5.108185e-12
7.685489e-13
9.252679e-12
1.165364e-12
3.642593e-12
8.047372e-12
1.470323e-12
3.593294e-12
6.560644e-12
1.70352e-12
3.601452e-12
4.853855e-12
1.868286e-12
3.596056e-12
3.109108e-12
2.26978e-14
3.284294e-14
3.064181e-12
2.282315e-14
3.158728e-14
3.114399e-12
2.354438e-14
3.149202e-14
3.452269e-12
2.409818e-14
3.116052e-14
4.535956e-12
2.390548e-14
2.989303e-14
6.849933e-12
2.282989e-16
8.108188e-12
3.979087e-16
3.584866e-12
6.60351e-12
1.03066e-16
3.591793e-12
4.916568e-12
-1.549019e-16
3.585285e-12
3.151771e-12
5.263562e-19
3.272939e-14
3.125563e-12
1.374701e-18
3.146538e-14
3.163923e-12
9.931791e-19
3.135087e-14
3.518838e-12
1.607112e-18
3.100271e-14
4.593011e-12
4.359333e-19
2.972034e-14
6.923032e-12
-2.484615e-20
6.076923e-15
7.341572e-12
-1.482014e-12
7.86289e-12
-1.715572e-12
3.584532e-12
5.839439e-12
-1.880419e-12
3.576588e-12
3.804889e-12
-2.282268e-14
3.263732e-14
3.766761e-12
-2.295631e-14
3.135685e-14
3.831084e-12
-2.369939e-14
3.121828e-14
4.194385e-12
-2.426482e-14
3.084013e-14
5.310247e-12
-2.405283e-14
2.954602e-14
7.633402e-12
-5.585156e-15
6.037383e-15
7.98657e-12
-6.307126e-15
5.81265e-15
8.928118e-12
-3.761736e-12
7.711797e-12
-4.077633e-12
3.57003e-12
5.084537e-12
-4.885385e-14
3.255914e-14
5.073817e-12
-4.904931e-14
3.126281e-14
5.140826e-12
-5.056878e-14
3.108707e-14
5.559964e-12
-5.168592e-14
3.067511e-14
6.70731e-12
-5.120569e-14
2.936424e-14
9.050557e-12
-1.182263e-14
5.9977e-15
9.23484e-12
-1.326938e-14
5.769475e-15
9.987395e-12
-1.473973e-14
5.723374e-15
1.032463e-11
-6.903683e-12
7.142284e-12
-8.092855e-14
3.249678e-14
7.119235e-12
-8.10432e-14
3.117567e-14
7.231329e-12
-8.327821e-14
3.096149e-14
7.683174e-12
-8.489938e-14
3.050479e-14
8.896469e-12
-8.394604e-14
2.918104e-14
1.121896e-11
-1.922355e-14
5.957158e-15
1.116704e-11
-2.138512e-14
5.727293e-15
1.159556e-11
-2.357799e-14
5.676882e-15
1.155164e-11
-2.530763e-14
5.658907e-15
9.341746e-12
-1.201373e-13
1.001833e-11
-1.198333e-13
3.10993e-14
1.013836e-11
-1.226029e-13
3.08392e-14
1.065599e-11
-1.243922e-13
3.034355e-14
1.188593e-11
-1.226958e-13
2.900276e-14
1.418226e-11
-2.774064e-14
5.919526e-15
1.376399e-11
-3.048193e-14
5.687859e-15
1.375929e-11
-3.328104e-14
5.635279e-15
1.317218e-11
-3.545181e-14
5.614299e-15
1.028514e-11
-3.646421e-14
5.559691e-15
-1.609779e-13
1.34753e-11
-1.63618e-13
3.073476e-14
1.405039e-11
-1.649834e-13
3.020222e-14
1.533894e-11
-1.621229e-13
2.885661e-14
1.757493e-11
-3.598751e-14
5.888346e-15
1.673945e-11
-3.887164e-14
5.657215e-15
1.620209e-11
-4.187107e-14
5.602027e-15
1.499287e-11
-4.417652e-14
5.579934e-15
1.132533e-11
-4.517123e-14
5.52258e-15
-1.530977e-13
1.723119e-11
-1.543367e-13
3.009313e-14
1.848699e-11
-1.514866e-13
2.87414e-14
2.063782e-11
-3.363445e-14
5.865538e-15
1.938896e-11
-3.621089e-14
5.633766e-15
1.837454e-11
-3.892013e-14
5.577979e-15
1.658922e-11
-4.099051e-14
5.553536e-15
1.223001e-11
-4.183467e-14
5.494861e-15
-1.253328e-13
2.087986e-11
-1.228539e-13
2.865832e-14
2.293015e-11
-2.721309e-14
5.84805e-15
2.137857e-11
-2.914213e-14
5.617146e-15
1.998688e-11
-3.121139e-14
5.559374e-15
1.7773e-11
-3.278162e-14
5.534276e-15
1.289099e-11
-3.33813e-14
5.472836e-15
-8.516182e-14
2.442886e-11
-1.880965e-14
5.835169e-15
2.266345e-11
-2.003821e-14
5.603463e-15
2.103293e-11
-2.13794e-14
5.545435e-15
1.852937e-11
-2.239156e-14
5.517929e-15
1.331165e-11
-2.274971e-14
5.455375e-15
-9.568271e-15
2.33105e-11
-1.015669e-14
5.591959e-15
2.154936e-11
-1.080734e-14
5.531959e-15
1.89054e-11
-1.130444e-14
5.503765e-15
1.351569e-11
-1.146131e-14
5.438497e-15
3.690707e-12
3.825677e-12
3.72501e-12
7.625981e-12
3.814206e-12
3.675577e-12
3.769335e-12
3.797397e-12
3.706973e-12
7.469388e-12
3.793483e-12
3.723842e-12
1.113699e-11
7.588521e-12
3.658646e-12
3.712696e-12
7.506477e-12
3.687539e-12
7.200737e-12
7.461326e-12
3.701458e-12
1.055233e-11
7.50504e-12
3.717244e-12
1.390748e-11
1.131263e-11
3.643575e-12
3.87018e-12
1.10208e-11
3.669513e-12
7.089761e-12
1.082238e-11
3.680944e-12
9.887743e-12
1.080429e-11
3.694034e-12
1.252485e-11
1.092969e-11
3.692018e-12
1.555013e-11
1.520925e-11
3.632196e-12
4.838006e-12
1.427115e-11
3.651836e-12
7.809131e-12
1.365455e-11
3.660839e-12
9.716716e-12
1.34014e-11
3.672132e-12
1.109011e-11
1.34543e-11
3.668794e-12
1.261539e-11
1.468134e-13
3.353857e-14
1.2653e-11
-3.772359e-12
1.817366e-08
1.62521e-11
1.049689e-08
4.390574e-11
2.010199e-11
1.079253e-11
3.246081e-11
1.731074e-11
3.646344e-12
2.43431e-11
1.560648e-11
3.639487e-12
1.829139e-11
1.477096e-11
3.650356e-12
1.351087e-11
1.456875e-11
3.647052e-12
9.565992e-12
1.574943e-13
3.333141e-14
9.549301e-12
1.563991e-13
3.207147e-14
9.645685e-12
-4.094535e-12
1.211419e-11
8.334606e-12
2.234322e-08
2.681527e-11
8.793327e-12
1.886418e-11
2.204358e-11
9.301621e-12
3.64796e-12
1.771902e-11
9.662239e-12
3.621418e-12
1.38116e-11
1.000109e-11
3.631633e-12
1.016635e-11
1.034258e-11
3.627775e-12
6.83055e-12
1.176211e-13
3.31492e-14
6.789296e-12
1.173202e-13
3.188977e-14
6.87387e-12
1.199821e-13
3.177063e-14
7.30378e-12
-6.931363e-12
1.73795e-11
4.064747e-12
2.368914e-11
1.518079e-11
5.080166e-12
3.645391e-12
1.274183e-11
5.812066e-12
3.606654e-12
1.014072e-11
6.375524e-12
3.615704e-12
7.494203e-12
6.789254e-12
3.611214e-12
4.888107e-12
7.979638e-14
3.298741e-14
4.857704e-12
7.987289e-14
3.173038e-14
4.910913e-12
8.20357e-14
3.161891e-14
5.313348e-12
8.357302e-14
3.127286e-14
6.448017e-12
1.908312e-12
1.115139e-11
2.688311e-12
3.640852e-12
9.582423e-12
3.275759e-12
3.594519e-12
7.757473e-12
3.721564e-12
3.602594e-12
5.73816e-12
4.038851e-12
3.597002e-12
3.705368e-12
4.84551e-14
3.284912e-14
3.661242e-12
4.864691e-14
3.158823e-14
3.717833e-12
5.010172e-14
3.148126e-14
4.074519e-12
5.118426e-14
3.113721e-14
5.183742e-12
5.069877e-14
2.986782e-14
7.505143e-12
1.170719e-12
8.108791e-12
1.475825e-12
3.584872e-12
6.603738e-12
1.710094e-12
3.5918e-12
4.916521e-12
1.873824e-12
3.585287e-12
3.151694e-12
2.276372e-14
3.272938e-14
3.125601e-12
2.289379e-14
3.146538e-14
3.163989e-12
2.363127e-14
3.135087e-14
3.518882e-12
2.417987e-14
3.100271e-14
4.593092e-12
2.397677e-14
2.972035e-14
6.923046e-12
5.570715e-15
6.076924e-15
7.341569e-12
2.897541e-16
6.662838e-12
4.37569e-16
3.583379e-12
4.955117e-12
9.783828e-17
3.575652e-12
3.207628e-12
-2.347857e-18
3.263131e-14
3.168484e-12
5.80203e-19
3.135607e-14
3.226228e-12
1.475343e-18
3.122903e-14
3.570076e-12
1.04428e-18
3.086303e-14
4.661442e-12
1.6516e-18
2.95708e-14
6.97873e-12
1.023497e-19
6.042138e-15
7.403022e-12
-2.715e-20
5.817691e-15
8.434183e-12
-1.722523e-12
5.895413e-12
-1.885853e-12
3.56823e-12
3.8369e-12
-2.288187e-14
3.254849e-14
3.823165e-12
-2.301453e-14
3.12625e-14
3.875578e-12
-2.376448e-14
3.11088e-14
4.258845e-12
-2.433471e-14
3.071973e-14
5.363723e-12
-2.413851e-14
2.941363e-14
7.700382e-12
-5.601335e-15
6.007378e-15
8.033802e-12
-6.320803e-15
5.77943e-15
8.97468e-12
-7.05106e-15
5.733702e-15
9.545812e-12
-4.09225e-12
5.136184e-12
-4.897653e-14
3.248337e-14
5.107045e-12
-4.917781e-14
3.117709e-14
5.198759e-12
-5.06841e-14
3.099278e-14
5.606256e-12
-5.182598e-14
3.056679e-14
6.773457e-12
-5.13464e-14
2.925041e-14
9.103099e-12
-1.186004e-14
5.97103e-15
9.292288e-12
-1.330556e-14
5.741027e-15
1.002397e-11
-1.477161e-14
5.690742e-15
1.035456e-11
-1.593928e-14
5.671868e-15
8.632375e-12
-8.116941e-14
7.173948e-12
-8.125134e-14
3.110295e-14
7.267857e-12
-8.349589e-14
3.087569e-14
7.743717e-12
-8.508896e-14
3.041193e-14
8.943987e-12
-8.416826e-14
2.90782e-14
1.128281e-11
-1.927227e-14
5.934301e-15
1.121231e-11
-2.144087e-14
5.701866e-15
1.163967e-11
-2.363963e-14
5.649018e-15
1.157581e-11
-2.536305e-14
5.626782e-15
9.354091e-12
-2.621345e-14
5.570866e-15
-1.201823e-13
1.019798e-11
-1.229227e-13
3.076682e-14
1.069768e-11
-1.247206e-13
3.025893e-14
1.1948e-11
-1.22986e-13
2.891512e-14
1.422948e-11
-2.780879e-14
5.898762e-15
1.381751e-11
-3.055221e-14
5.666187e-15
1.379442e-11
-3.335888e-14
5.610283e-15
1.320038e-11
-3.553826e-14
5.586824e-15
1.029522e-11
-3.654752e-14
5.528201e-15
-1.640809e-13
1.41129e-11
-1.65425e-13
3.013125e-14
1.538559e-11
-1.625659e-13
2.877647e-14
1.763458e-11
-3.607541e-14
5.870792e-15
1.678081e-11
-3.89628e-14
5.637442e-15
1.624211e-11
-4.196421e-14
5.580792e-15
1.501531e-11
-4.427849e-14
5.555188e-15
1.133659e-11
-4.528042e-14
5.495569e-15
-1.547212e-13
1.854872e-11
-1.518778e-13
2.867439e-14
2.068651e-11
-3.371484e-14
5.849464e-15
1.943884e-11
-3.628999e-14
5.617223e-15
1.840705e-11
-3.899906e-14
5.558624e-15
1.661427e-11
-4.107067e-14
5.532604e-15
1.22389e-11
-4.191876e-14
5.470519e-15
-1.231266e-13
2.298736e-11
-2.7273e-14
5.83458e-15
2.141959e-11
-2.919979e-14
5.601864e-15
2.00237e-11
-3.126759e-14
5.543182e-15
1.779303e-11
-3.283928e-14
5.515094e-15
1.29006e-11
-3.343939e-14
5.452221e-15
-1.884455e-14
2.270966e-11
-2.007403e-14
5.590679e-15
2.106318e-11
-2.141755e-14
5.530369e-15
1.855231e-11
-2.243204e-14
5.501939e-15
1.331943e-11
-2.278825e-14
5.436527e-15
-1.01737e-14
2.158389e-11
-1.082784e-14
5.519467e-15
1.892469e-11
-1.132335e-14
5.488916e-15
1.352461e-11
-1.148255e-14
5.422796e-15
3.672168e-12
3.839084e-12
3.703639e-12
7.657217e-12
3.720589e-12
1.148316e-11
3.830448e-12
3.659146e-12
3.784013e-12
3.813368e-12
3.688355e-12
7.496594e-12
3.810255e-12
3.70248e-12
1.118434e-11
3.845844e-12
3.718273e-12
1.495646e-11
7.616836e-12
3.644505e-12
3.725739e-12
7.538762e-12
3.671076e-12
7.231726e-12
7.492678e-12
3.682876e-12
1.059382e-11
7.537872e-12
3.695921e-12
1.397162e-11
7.650355e-12
3.693141e-12
1.787555e-11
1.135802e-11
3.630965e-12
3.887915e-12
1.106264e-11
3.655338e-12
7.118347e-12
1.086954e-11
3.664542e-12
9.936677e-12
1.084968e-11
3.675496e-12
1.258034e-11
1.097731e-11
3.670831e-12
1.563038e-11
1.195968e-13
3.354516e-14
1.56997e-11
1.526296e-11
3.621355e-12
4.857539e-12
1.433033e-11
3.63924e-12
7.850543e-12
1.370738e-11
3.646708e-12
9.762573e-12
1.346058e-11
3.655803e-12
1.115553e-11
1.351123e-11
3.650378e-12
1.268111e-11
1.473707e-13
3.334574e-14
1.273299e-11
1.462005e-13
3.206929e-14
1.290582e-11
1.752061e-11
1.04788e-08
4.406577e-11
2.018742e-11
1.076874e-11
3.261893e-11
1.737352e-11
3.635455e-12
2.44457e-11
1.567284e-11
3.626996e-12
1.839657e-11
1.482892e-11
3.636277e-12
1.358487e-11
1.463395e-11
3.630871e-12
9.639443e-12
1.580944e-13
3.316413e-14
9.61327e-12
1.570112e-13
3.188703e-14
9.72497e-12
1.595439e-13
3.173339e-14
1.020065e-11
9.586504e-12
2.694293e-11
8.823881e-12
1.883315e-11
2.213089e-11
9.338975e-12
3.638269e-12
1.782133e-11
9.695325e-12
3.610591e-12
1.388075e-11
1.004057e-11
3.619169e-12
1.024426e-11
1.03808e-11
3.613782e-12
6.884667e-12
1.180499e-13
3.300155e-14
6.860385e-12
1.177486e-13
3.17297e-14
6.934094e-12
1.204227e-13
3.158731e-14
7.380461e-12
1.221329e-13
3.120904e-14
8.563805e-12
4.082517e-12
1.526461e-11
5.097216e-12
3.636917e-12
1.280012e-11
5.834427e-12
3.597018e-12
1.021741e-11
6.396033e-12
3.604888e-12
7.545917e-12
6.814366e-12
3.598809e-12
4.950867e-12
8.004411e-14
3.286015e-14
4.90941e-12
8.015628e-14
3.158888e-14
4.979775e-12
8.23306e-14
3.145958e-14
5.37099e-12
8.385797e-14
3.109172e-14
6.523631e-12
8.288458e-14
2.981739e-14
8.85367e-12
2.699235e-12
9.647315e-12
3.287045e-12
3.586103e-12
7.802334e-12
3.735475e-12
3.592941e-12
5.801647e-12
4.051003e-12
3.586231e-12
3.748504e-12
4.860011e-14
3.273547e-14
3.723089e-12
4.879367e-14
3.146622e-14
3.768547e-12
5.028294e-14
3.134012e-14
4.142357e-12
5.136167e-14
3.097968e-14
5.24114e-12
5.085947e-14
2.969535e-14
7.577744e-12
1.175305e-14
6.072155e-15
7.9255e-12
1.481903e-12
6.662738e-12
1.715988e-12
3.583384e-12
4.955198e-12
1.880503e-12
3.575655e-12
3.207672e-12
2.281703e-14
3.263133e-14
3.168411e-12
2.295736e-14
3.135606e-14
3.226268e-12
2.370243e-14
3.122902e-14
3.570142e-12
2.426686e-14
3.086303e-14
4.661483e-12
2.405577e-14
2.95708e-14
6.978798e-12
5.585346e-15
6.042141e-15
7.403033e-12
6.307084e-15
5.817693e-15
8.434181e-12
2.526024e-16
5.010199e-12
4.635242e-16
3.567288e-12
3.240103e-12
1.481346e-18
3.25426e-14
3.224615e-12
-2.435432e-18
3.12618e-14
3.26983e-12
6.401771e-19
3.111953e-14
3.634265e-12
1.562165e-18
3.074253e-14
4.714281e-12
1.056259e-18
2.943832e-14
7.0451e-12
3.980053e-19
6.012099e-15
7.450236e-12
1.125404e-19
5.784439e-15
8.481025e-12
-2.861656e-20
5.738991e-15
9.164146e-12
-1.892945e-12
3.887204e-12
-2.293092e-14
3.247272e-14
3.855443e-12
-2.307132e-14
3.117686e-14
3.932799e-12
-2.382277e-14
3.10144e-14
4.304803e-12
-2.439903e-14
3.061131e-14
5.429471e-12
-2.420641e-14
2.929965e-14
7.752389e-12
-5.619684e-15
5.980709e-15
8.090356e-12
-6.336741e-15
5.750908e-15
9.010868e-12
-7.064508e-15
5.700972e-15
9.575926e-12
-7.647955e-15
5.681509e-15
8.165544e-12
-4.912358e-14
5.159074e-12
-4.929667e-14
3.110432e-14
5.232704e-12
-5.081161e-14
3.090686e-14
5.665625e-12
-5.193943e-14
3.047356e-14
6.820829e-12
-5.148166e-14
2.914755e-14
9.166724e-12
-1.188989e-14
5.948163e-15
9.336773e-12
-1.334286e-14
5.715576e-15
1.006779e-11
-1.480829e-14
5.662821e-15
1.037812e-11
-1.597096e-14
5.639601e-15
8.644826e-12
-1.656662e-14
5.582575e-15
-8.148573e-14
7.32327e-12
-8.370429e-14
3.080304e-14
7.781518e-12
-8.530355e-14
3.032693e-14
9.004943e-12
-8.435026e-14
2.899014e-14
1.132906e-11
-1.931862e-14
5.913529e-15
1.126611e-11
-2.148922e-14
5.680188e-15
1.16742e-11
-2.369549e-14
5.62399e-15
1.160416e-11
-2.542516e-14
5.599281e-15
9.36397e-12
-2.626798e-14
5.539284e-15
-1.232713e-13
1.075791e-11
-1.250379e-13
3.018757e-14
1.199037e-11
-1.233026e-13
2.88346e-14
1.428877e-11
-2.786971e-14
5.881131e-15
1.385747e-11
-3.061801e-14
5.646378e-15
1.383509e-11
-3.342956e-14
5.589038e-15
1.322282e-11
-3.561567e-14
5.562102e-15
1.030679e-11
-3.663299e-14
5.501206e-15
-1.658813e-13
1.544727e-11
-1.629945e-13
2.87093e-14
1.767961e-11
-3.616673e-14
5.8546e-15
1.683079e-11
-3.904996e-14
5.620837e-15
1.627353e-11
-4.205416e-14
5.561353e-15
1.504077e-11
-4.437146e-14
5.534231e-15
1.134557e-11
-4.538084e-14
5.471232e-15
-1.522477e-13
2.07447e-11
-3.379786e-14
5.836005e-15
1.947955e-11
-3.63676e-14
5.601924e-15
1.844473e-11
-3.907872e-14
5.542438e-15
1.663483e-11
-4.114875e-14
5.513469e-15
1.224889e-11
-4.199778e-14
5.449951e-15
-2.732856e-14
2.146712e-11
-2.925867e-14
5.589143e-15
2.005462e-11
-3.132403e-14
5.528178e-15
1.781624e-11
-3.289521e-14
5.499125e-15
1.290836e-11
-3.349594e-14
5.433356e-15
-2.010649e-14
2.109791e-11
-2.145294e-14
5.517871e-15
1.85713e-11
-2.24696e-14
5.487048e-15
1.332844e-11
-2.282814e-14
5.42082e-15
-1.084433e-14
1.894638e-11
-1.134383e-14
5.476607e-15
1.35321e-11
-1.150106e-14
5.408197e-15
3.65574e-12
3.853209e-12
3.685033e-12
7.683843e-12
3.699236e-12
1.152971e-11
3.715024e-12
1.549106e-11
3.844445e-12
3.644997e-12
3.796055e-12
3.829376e-12
3.671863e-12
7.525447e-12
3.825963e-12
3.683883e-12
1.122458e-11
3.862332e-12
3.696926e-12
1.501912e-11
3.925864e-12
3.693724e-12
1.940078e-11
7.646176e-12
3.631858e-12
3.74031e-12
7.5665e-12
3.656885e-12
7.256646e-12
7.524096e-12
3.666425e-12
1.063859e-11
7.568655e-12
3.677357e-12
1.402554e-11
7.682564e-12
3.671919e-12
1.79553e-11
8.325679e-14
3.354735e-14
1.80435e-11
1.13963e-11
3.620132e-12
3.90162e-12
1.110614e-11
3.642683e-12
7.150294e-12
1.090978e-11
3.650385e-12
9.975812e-12
1.08953e-11
3.659099e-12
1.2641e-11
1.102185e-11
3.652383e-12
1.56977e-11
1.200256e-13
3.335195e-14
1.578035e-11
1.189054e-13
3.206409e-14
1.598657e-11
1.532312e-11
3.611606e-12
4.881644e-12
1.437986e-11
3.628376e-12
7.881626e-12
1.376239e-11
3.634117e-12
9.813972e-12
1.351089e-11
3.641685e-12
1.120717e-11
1.356848e-11
3.634108e-12
1.275469e-11
1.478987e-13
3.317807e-14
1.279913e-11
1.467352e-13
3.18845e-14
1.298623e-11
1.491076e-13
3.170122e-14
1.354055e-11
4.425513e-11
2.025586e-11
1.074787e-11
3.273845e-11
1.744467e-11
3.625752e-12
2.456897e-11
1.57279e-11
3.616158e-12
1.847579e-11
1.488922e-11
3.623767e-12
1.366805e-11
1.468913e-11
3.616848e-12
9.696656e-12
1.586862e-13
3.3016e-14
9.68697e-12
1.575916e-13
3.172677e-14
9.789356e-12
1.6015e-13
3.155033e-14
1.028021e-11
1.614144e-13
3.113846e-14
1.149654e-11
8.858799e-12
2.223771e-11
9.369681e-12
3.629794e-12
1.789383e-11
9.7327e-12
3.600936e-12
1.396711e-11
1.007361e-11
3.608351e-12
1.029961e-11
1.04199e-11
3.601343e-12
6.949208e-12
1.184192e-13
3.287401e-14
6.914767e-12
1.181621e-13
3.158791e-14
7.005814e-12
1.208507e-13
3.142815e-14
7.441599e-12
1.225688e-13
3.102862e-14
8.640262e-12
1.208043e-13
2.974641e-14
1.096533e-11
5.116524e-12
1.287456e-11
5.85346e-12
3.588607e-12
1.026773e-11
6.419524e-12
3.595228e-12
7.612518e-12
6.835164e-12
3.588037e-12
4.994078e-12
8.028603e-14
3.274623e-14
4.972478e-12
8.039689e-14
3.146671e-14
5.03215e-12
8.261388e-14
3.13184e-14
5.44127e-12
8.415175e-14
3.093466e-14
6.582198e-12
8.31599e-14
2.96454e-14
8.92602e-12
1.904852e-14
6.06235e-15
9.126164e-12
3.299702e-12
7.862808e-12
3.747681e-12
3.584531e-12
5.840599e-12
4.065303e-12
3.576594e-12
3.805174e-12
4.871364e-14
3.263739e-14
3.766477e-12
4.89337e-14
3.135682e-14
3.831221e-12
5.043011e-14
3.121826e-14
4.194599e-12
5.154264e-14
3.084014e-14
5.31036e-12
5.10315e-14
2.954603e-14
7.633596e-12
1.178645e-14
6.037392e-15
7.9866e-12
1.323727e-14
5.812655e-15
8.928114e-12
1.722394e-12
5.009777e-12
1.886433e-12
3.56729e-12
3.240459e-12
2.288434e-14
3.254263e-14
3.224665e-12
2.300865e-14
3.126182e-14
3.269762e-12
2.376566e-14
3.111952e-14
3.634307e-12
2.433793e-14
3.074253e-14
4.714343e-12
2.414057e-14
2.943832e-14
7.045134e-12
5.602038e-15
6.0121e-15
7.450289e-12
6.32101e-15
5.784443e-15
8.481033e-12
7.051016e-15
5.738992e-15
9.164145e-12
1.808811e-16
3.289763e-12
7.781375e-18
3.246679e-14
3.257301e-12
1.569224e-18
3.117626e-14
3.326775e-12
-2.567443e-18
3.102514e-14
3.679429e-12
6.945529e-19
3.063399e-14
4.780067e-12
1.589221e-18
2.932428e-14
7.096663e-12
2.472222e-19
5.985428e-15
7.506304e-12
4.515913e-19
5.755872e-15
8.517207e-12
1.202117e-19
5.706218e-15
9.194484e-12
-2.925147e-20
5.686471e-15
7.935202e-12
-2.300295e-14
3.906087e-12
-2.311788e-14
3.110406e-14
3.96576e-12
-2.387901e-14
3.092844e-14
4.36371e-12
-2.44569e-14
3.051785e-14
5.476825e-12
-2.426842e-14
2.919676e-14
7.815926e-12
-5.634169e-15
5.957844e-15
8.134426e-12
-6.355183e-15
5.725451e-15
9.054078e-12
-7.080574e-15
5.672967e-15
9.599304e-12
-7.661219e-15
5.649146e-15
8.178143e-12
-7.965793e-15
5.591317e-15
-4.943969e-14
5.285544e-12
-5.093008e-14
3.083402e-14
5.701044e-12
-5.206497e-14
3.038828e-14
6.881192e-12
-5.159058e-14
2.905918e-14
9.212993e-12
-1.191817e-14
5.927418e-15
9.390484e-12
-1.337255e-14
5.693887e-15
1.010181e-11
-1.484607e-14
5.637762e-15
1.040638e-11
-1.600789e-14
5.612053e-15
8.654462e-12
-1.65977e-14
5.55086e-15
-8.393876e-14
7.838039e-12
-8.551021e-14
3.025509e-14
9.044033e-12
-8.455706e-14
2.89092e-14
1.138775e-11
-1.935671e-14
5.895833e-15
1.130541e-11
-2.153429e-14
5.660363e-15
1.17152e-11
-2.374438e-14
5.602739e-15
1.16263e-11
-2.5481e-14
5.574533e-15
9.375669e-12
-2.632946e-14
5.512276e-15
-1.253835e-13
1.205033e-11
-1.236101e-13
2.876698e-14
1.433027e-11
-2.793568e-14
5.864853e-15
1.390739e-11
-3.067826e-14
5.629706e-15
1.386558e-11
-3.349476e-14
5.569552e-15
1.324881e-11
-3.568655e-14
5.541143e-15
1.031584e-11
-3.670924e-14
5.476901e-15
-1.634359e-13
1.773806e-11
-3.625753e-14
5.841122e-15
1.686872e-11
-3.913876e-14
5.605411e-15
1.631141e-11
-4.214202e-14
5.545114e-15
1.506068e-11
-4.446061e-14
5.515013e-15
1.135579e-11
-4.547267e-14
5.450645e-15
-3.3874e-14
1.952802e-11
-3.645106e-14
5.589227e-15
1.847553e-11
-3.915545e-14
5.527418e-15
1.665869e-11
-4.122872e-14
5.497514e-15
1.225697e-11
-4.207461e-14
5.431136e-15
-2.931136e-14
2.00904e-11
-3.138306e-14
5.515752e-15
1.783573e-11
-3.295085e-14
5.484301e-15
1.29175e-11
-3.355103e-14
5.417674e-15
-2.148421e-14
1.859313e-11
-2.250472e-14
5.474735e-15
1.333577e-11
-2.286499e-14
5.406179e-15
-1.135998e-14
1.354055e-11
-1.152126e-14
5.396112e-15
3.641601e-12
3.864913e-12
3.668544e-12
7.711877e-12
3.68065e-12
1.156942e-11
3.693686e-12
1.555304e-11
3.690337e-12
2.014708e-11
3.858907e-12
3.632327e-12
3.809456e-12
3.843205e-12
3.657663e-12
7.549131e-12
3.841649e-12
3.667404e-12
1.12672e-11
3.877821e-12
3.678345e-12
1.507246e-11
3.942065e-12
3.67248e-12
1.947942e-11
4.253104e-14
3.354809e-14
1.957775e-11
7.671235e-12
3.621025e-12
3.751742e-12
7.595203e-12
3.644191e-12
7.284547e-12
7.551197e-12
3.652251e-12
1.067455e-11
7.599332e-12
3.660913e-12
1.408376e-11
7.712889e-12
3.653447e-12
1.802263e-11
8.354193e-14
3.335387e-14
1.812361e-11
8.263958e-14
3.205953e-14
1.834719e-11
1.143864e-11
3.61034e-12
3.918432e-12
1.114299e-11
3.631814e-12
7.174945e-12
1.095152e-11
3.637738e-12
1.001971e-11
1.093435e-11
3.644955e-12
1.268947e-11
1.106637e-11
3.636049e-12
1.577123e-11
1.204326e-13
3.318398e-14
1.584809e-11
1.193147e-13
3.187908e-14
1.606751e-11
1.211342e-13
3.167636e-14
1.664711e-11
1.537264e-11
3.603189e-12
4.899222e-12
1.443506e-11
3.618597e-12
7.920594e-12
1.38088e-11
3.623271e-12
9.852138e-12
1.35631e-11
3.629092e-12
1.126547e-11
1.361731e-11
3.62005e-12
1.281293e-11
1.484155e-13
3.302921e-14
1.287315e-11
1.472434e-13
3.1724e-14
1.305284e-11
1.496361e-13
3.151817e-14
1.362091e-11
1.507967e-13
3.10801e-14
1.488251e-11
2.033468e-11
3.288159e-11
1.750243e-11
3.617293e-12
2.466033e-11
1.578988e-11
3.606466e-12
1.857353e-11
1.493974e-11
3.612941e-12
1.372848e-11
1.474625e-11
3.604362e-12
9.762732e-12
1.591947e-13
3.288813e-14
9.744437e-12
1.581609e-13
3.158463e-14
9.863481e-12
1.607262e-13
3.13913e-14
1.034498e-11
1.620111e-13
3.095868e-14
1.15749e-11
1.591221e-13
2.966926e-14
1.386003e-11
9.404662e-12
1.798404e-11
9.763916e-12
3.592523e-12
1.40265e-11
1.011085e-11
3.598673e-12
1.037149e-11
1.045278e-11
3.590568e-12
6.992892e-12
1.187848e-13
3.275973e-14
6.979616e-12
1.185194e-13
3.146555e-14
7.06077e-12
1.212614e-13
3.128695e-14
7.514214e-12
1.229934e-13
3.087204e-14
8.701535e-12
1.212258e-13
2.957511e-14
1.103797e-11
2.741431e-14
6.048284e-15
1.099873e-11
5.874876e-12
1.033375e-11
6.439735e-12
3.586823e-12
7.65443e-12
6.859125e-12
3.578389e-12
5.052002e-12
8.048243e-14
3.264816e-14
5.015962e-12
8.062999e-14
3.13571e-14
5.095982e-12
8.28545e-14
3.119656e-14
5.494905e-12
8.443291e-14
3.07953e-14
6.653151e-12
8.344518e-14
2.949651e-14
8.982641e-12
1.910601e-14
6.027654e-15
9.187077e-12
2.126855e-14
5.802618e-15
9.940994e-12
3.761242e-12
5.895197e-12
4.07789e-12
3.568226e-12
3.838306e-12
4.885547e-14
3.254858e-14
3.823456e-12
4.904221e-14
3.126258e-14
3.875297e-12
5.056949e-14
3.110877e-14
4.258977e-12
5.168904e-14
3.071972e-14
5.36392e-12
5.120765e-14
2.941365e-14
7.700474e-12
1.182299e-14
6.007382e-15
8.033952e-12
1.326954e-14
5.779439e-15
8.974701e-12
1.473971e-14
5.733707e-15
9.54581e-12
1.892814e-12
3.289501e-12
2.294419e-14
3.246674e-14
3.25767e-12
2.307405e-14
3.117628e-14
3.326833e-12
2.381656e-14
3.102516e-14
3.679367e-12
2.440031e-14
3.063398e-14
4.780106e-12
2.42097e-14
2.932428e-14
7.096714e-12
5.620161e-15
5.98543e-15
7.506329e-12
6.337535e-15
5.755873e-15
8.517244e-12
7.064728e-15
5.706222e-15
9.194489e-12
7.647911e-15
5.686473e-15
7.935201e-12
2.768545e-19
3.307215e-12
8.277436e-18
3.110339e-14
3.360096e-12
1.683268e-18
3.093922e-14
3.738184e-12
-2.671401e-18
3.054047e-14
4.826841e-12
7.22628e-19
2.922132e-14
7.160373e-12
3.784906e-19
5.962572e-15
7.550008e-12
2.712192e-19
5.730406e-15
8.560077e-12
4.920652e-19
5.67816e-15
9.217895e-12
1.245596e-19
5.654065e-15
7.947949e-12
-2.906051e-20
5.595817e-15
-2.318819e-14
4.017216e-12
-2.392466e-14
3.085548e-14
4.398219e-12
-2.451214e-14
3.04324e-14
5.537156e-12
-2.432447e-14
2.910824e-14
7.862309e-12
-5.64707e-15
5.937125e-15
8.188078e-12
-6.369713e-15
5.703758e-15
9.087815e-12
-7.099361e-15
5.647896e-15
9.62723e-12
-7.677328e-15
5.621518e-15
8.18774e-12
-7.97873e-15
5.559513e-15
-5.10732e-14
5.75536e-12
-5.218194e-14
3.031609e-14
6.918317e-12
-5.171136e-14
2.897797e-14
9.271469e-12
-1.194094e-14
5.909687e-15
9.429843e-12
-1.340012e-14
5.674083e-15
1.014281e-11
-1.487617e-14
5.616497e-15
1.042827e-11
-1.60459e-14
5.58728e-15
8.666171e-12
-1.663418e-14
5.523817e-15
-8.574287e-14
9.101103e-12
-8.475695e-14
2.884107e-14
1.142664e-11
-1.939994e-14
5.879477e-15
1.135504e-11
-2.157162e-14
5.643626e-15
1.174528e-11
-2.378929e-14
5.583228e-15
1.165261e-11
-2.553017e-14
5.553578e-15
9.384644e-12
-2.638452e-14
5.487953e-15
-1.239451e-13
1.438751e-11
-2.800145e-14
5.851298e-15
1.39427e-11
-3.074264e-14
5.614184e-15
1.390357e-11
-3.355555e-14
5.553251e-15
1.326819e-11
-3.575132e-14
5.52188e-15
1.032637e-11
-3.677928e-14
5.45632e-15
-3.634916e-14
1.69176e-11
-3.923028e-14
5.592717e-15
1.634025e-11
-4.223022e-14
5.529962e-15
1.508474e-11
-4.45489e-14
5.499016e-15
1.136357e-11
-4.556053e-14
5.431752e-15
-3.652447e-14
1.85121e-11
-3.924035e-14
5.515025e-15
1.667816e-11
-4.130486e-14
5.482677e-15
1.226645e-11
-4.215378e-14
5.415471e-15
-3.143455e-14
1.785831e-11
-3.300995e-14
5.472064e-15
1.292512e-11
-3.360567e-14
5.403101e-15
-2.253525e-14
1.33443e-11
-2.289951e-14
5.394091e-15
-1.153705e-14
3.628933e-12
3.877898e-12
3.654354e-12
7.735126e-12
3.664173e-12
1.161118e-11
3.675117e-12
1.560604e-11
3.669103e-12
2.022513e-11
3.354381e-14
2.032741e-11
3.871377e-12
3.621494e-12
3.820213e-12
3.857474e-12
3.644946e-12
7.575504e-12
3.855255e-12
3.653219e-12
1.130225e-11
3.893209e-12
3.661873e-12
1.512889e-11
3.957344e-12
3.653993e-12
1.954684e-11
4.267362e-14
3.335448e-14
1.96567e-11
4.216673e-14
3.205684e-14
1.988825e-11
7.698625e-12
3.611201e-12
3.765697e-12
7.619813e-12
3.633321e-12
7.306436e-12
7.579183e-12
3.639566e-12
1.07149e-11
7.62594e-12
3.646751e-12
1.413054e-11
7.742893e-12
3.637068e-12
1.809536e-11
8.381793e-14
3.31857e-14
1.819132e-11
8.291056e-14
3.187433e-14
1.842746e-11
8.408078e-14
3.166127e-14
1.901293e-11
1.14741e-11
3.60193e-12
3.931161e-12
1.11836e-11
3.621986e-12
7.205343e-12
1.09871e-11
3.626885e-12
1.00536e-11
1.097476e-11
3.632309e-12
1.2744e-11
1.110461e-11
3.621967e-12
1.583048e-11
1.208294e-13
3.303465e-14
1.592205e-11
1.197045e-13
3.171839e-14
1.613559e-11
1.215377e-13
3.149333e-14
1.672764e-11
1.223639e-13
3.104026e-14
1.797608e-11
1.542852e-11
4.921226e-12
1.448095e-11
3.610163e-12
7.948725e-12
1.38602e-11
3.613494e-12
9.90079e-12
1.360757e-11
3.618259e-12
1.130827e-11
1.366784e-11
3.60749e-12
1.287893e-11
1.488644e-13
3.290104e-14
1.293183e-11
1.477379e-13
3.158129e-14
1.312732e-11
1.501395e-13
3.13592e-14
1.368765e-11
1.513163e-13
3.090065e-14
1.496111e-11
1.484673e-13
2.960931e-14
1.720305e-11
1.756848e-11
2.477153e-11
1.584096e-11
3.598049e-12
1.864399e-11
1.499624e-11
3.603228e-12
1.380623e-11
1.479457e-11
3.593581e-12
9.808476e-12
1.597114e-13
3.277348e-14
9.810801e-12
1.586516e-13
3.146206e-14
9.921392e-12
1.612886e-13
3.125006e-14
1.041944e-11
1.625796e-13
3.080257e-14
1.163896e-11
1.596983e-13
2.949863e-14
1.393379e-11
3.545689e-14
6.033305e-15
1.354726e-11
9.799266e-12
1.410234e-11
1.014239e-11
3.590268e-12
1.041873e-11
1.048983e-11
3.5809e-12
7.052891e-12
1.190999e-13
3.26617e-14
7.023582e-12
1.188706e-13
3.135565e-14
7.12627e-12
1.216172e-13
3.116514e-14
7.570061e-12
1.233987e-13
3.073295e-14
8.77398e-12
1.21637e-13
2.94267e-14
1.109658e-11
2.750205e-14
6.013705e-15
1.105978e-11
3.02326e-14
5.788693e-15
1.151149e-11
6.462358e-12
7.711559e-12
6.879927e-12
3.57002e-12
5.086598e-12
8.071744e-14
3.255924e-14
5.07422e-12
8.081833e-14
3.126292e-14
5.140137e-12
8.308602e-14
3.108699e-14
5.560126e-12
8.467173e-14
3.067508e-14
6.707625e-12
8.371749e-14
2.936427e-14
9.050694e-12
1.916667e-14
5.997707e-15
9.235023e-12
2.132447e-14
5.769487e-15
9.987424e-12
2.352237e-14
5.723381e-15
1.032462e-11
4.091746e-12
3.887065e-12
4.89842e-14
3.247261e-14
3.856855e-12
4.917961e-14
3.117695e-14
3.933091e-12
5.067652e-14
3.101448e-14
4.304527e-12
5.182675e-14
3.061128e-14
5.429591e-12
5.134957e-14
2.929964e-14
7.752553e-12
1.186048e-14
5.980715e-15
8.090426e-12
1.330595e-14
5.750911e-15
9.010976e-12
1.477177e-14
5.700982e-15
9.575939e-12
1.593927e-14
5.681515e-15
8.165543e-12
2.300155e-14
3.306968e-12
2.313229e-14
3.110334e-14
3.360486e-12
2.388202e-14
3.093925e-14
3.738251e-12
2.44504e-14
3.054049e-14
4.826788e-12
2.426975e-14
2.922131e-14
7.160407e-12
5.634948e-15
5.962572e-15
7.550048e-12
6.355701e-15
5.730408e-15
8.560095e-12
7.081436e-15
5.67816e-15
9.21792e-12
7.661446e-15
5.654069e-15
7.947951e-12
7.965749e-15
5.595819e-15
5.787796e-20
3.410767e-12
8.883602e-18
3.086614e-14
3.773068e-12
1.787246e-18
3.0455e-14
4.887261e-12
-2.666409e-18
2.913277e-14
7.20633e-12
1.789796e-19
5.941853e-15
7.60378e-12
4.222723e-19
5.708718e-15
8.593555e-12
2.899878e-19
5.653075e-15
9.245639e-12
5.167602e-19
5.626386e-15
7.957596e-12
1.250971e-19
5.563975e-15
-2.39953e-14
4.451348e-12
-2.455646e-14
3.035996e-14
5.573591e-12
-2.437749e-14
2.902691e-14
7.920966e-12
-5.658991e-15
5.919389e-15
8.227521e-12
-6.382215e-15
5.683971e-15
9.128798e-12
-7.114173e-15
5.626622e-15
9.648997e-12
-7.696285e-15
5.596741e-15
8.199324e-12
-7.994587e-15
5.532398e-15
-5.232398e-14
6.973807e-12
-5.182394e-14
2.890949e-14
9.308815e-12
-1.196609e-14
5.893288e-15
9.479387e-12
-1.342241e-14
5.657302e-15
1.017298e-11
-1.490372e-14
5.596998e-15
1.045467e-11
-1.60762e-14
5.566321e-15
8.675087e-12
-1.667176e-14
5.499478e-15
-8.498231e-14
1.14818e-11
-1.944282e-14
5.865829e-15
1.138843e-11
-2.161382e-14
5.628016e-15
1.178317e-11
-2.382684e-14
5.56686e-15
1.167182e-11
-2.557494e-14
5.534293e-15
9.39539e-12
-2.643312e-14
5.467387e-15
-2.807218e-14
1.399086e-11
-3.080921e-14
5.601431e-15
1.393058e-11
-3.361982e-14
5.537995e-15
1.329242e-11
-3.581246e-14
5.50583e-15
1.033395e-11
-3.684305e-14
5.437386e-15
-3.932008e-14
1.637725e-11
-4.232349e-14
5.517587e-15
1.510297e-11
-4.46367e-14
5.484048e-15
1.137316e-11
-4.564802e-14
5.416052e-15
-3.931288e-14
1.670131e-11
-4.139061e-14
5.47048e-15
1.227409e-11
-4.222882e-14
5.400888e-15
-3.306065e-14
1.293404e-11
-3.366405e-14
5.391091e-15
-2.292934e-14
3.61811e-12
3.888518e-12
3.641639e-12
7.760921e-12
3.649998e-12
1.164589e-11
3.658647e-12
1.56617e-11
3.650626e-12
2.029234e-11
3.335016e-14
2.040575e-11
3.205276e-14
2.06399e-11
3.884881e-12
3.611649e-12
3.833111e-12
3.869827e-12
3.634074e-12
7.596695e-12
3.869266e-12
3.640511e-12
1.134129e-11
3.906635e-12
3.647699e-12
1.517549e-11
3.972421e-12
3.637588e-12
1.961808e-11
4.281156e-14
3.318614e-14
1.972447e-11
4.230201e-14
3.187156e-14
1.99673e-11
4.285875e-14
3.165375e-14
2.055117e-11
7.72178e-12
3.602792e-12
3.776619e-12
7.646623e-12
3.62346e-12
7.333215e-12
7.603323e-12
3.62871e-12
1.074658e-11
7.653345e-12
3.634067e-12
1.41831e-11
7.76911e-12
3.622969e-12
1.815422e-11
8.408007e-14
3.303601e-14
1.826445e-11
8.317447e-14
3.17135e-14
1.849541e-11
8.4347e-14
3.147819e-14
1.909258e-11
8.482605e-14
3.101892e-14
2.03134e-11
1.151349e-11
3.946863e-12
1.121785e-11
3.613549e-12
7.228388e-12
1.102612e-11
3.617062e-12
1.009553e-11
1.100945e-11
3.621468e-12
1.278622e-11
1.11441e-11
3.609359e-12
1.589716e-11
1.211766e-13
3.290632e-14
1.598176e-11
1.200824e-13
3.157532e-14
1.620991e-11
1.219227e-13
3.133437e-14
1.679556e-11
1.227596e-13
3.086105e-14
1.805436e-11
1.202792e-13
2.957237e-14
2.020522e-11
1.453242e-11
7.984449e-12
1.390346e-11
3.605075e-12
9.935561e-12
1.365644e-11
3.608477e-12
1.136382e-11
1.371133e-11
3.596703e-12
1.292749e-11
1.49324e-13
3.278589e-14
1.299831e-11
1.48169e-13
3.145854e-14
1.318652e-11
1.506269e-13
3.121765e-14
1.376222e-11
1.518121e-13
3.074486e-14
1.502665e-11
1.489674e-13
2.943904e-14
1.727665e-11
3.309345e-14
6.022793e-15
1.646997e-11
1.589892e-11
1.873188e-11
1.504351e-11
3.594821e-12
1.386002e-11
1.484827e-11
3.58388e-12
9.870998e-12
1.601695e-13
3.267544e-14
9.856837e-12
1.59148e-13
3.135189e-14
9.988256e-12
1.617743e-13
3.112827e-14
1.047783e-11
1.631321e-13
3.066371e-14
1.171242e-11
1.602478e-13
2.935067e-14
1.399442e-11
3.557517e-14
5.998837e-15
1.360898e-11
3.844846e-14
5.774502e-15
1.362986e-11
1.01779e-11
1.048128e-11
1.052157e-11
3.572529e-12
7.090171e-12
1.194541e-13
3.257263e-14
7.083911e-12
1.191747e-13
3.126157e-14
7.170861e-12
1.219646e-13
3.105546e-14
7.63653e-12
1.237505e-13
3.061297e-14
8.830045e-12
1.220282e-13
2.929469e-14
1.11655e-11
2.758855e-14
5.98382e-15
1.110921e-11
3.031802e-14
5.755695e-15
1.155795e-11
3.310997e-14
5.709373e-15
1.152179e-11
6.903085e-12
5.136068e-12
8.093063e-14
3.248318e-14
5.109126e-12
8.104563e-14
3.117721e-14
5.199169e-12
8.327213e-14
3.099291e-14
5.605588e-12
8.490009e-14
3.056671e-14
6.773604e-12
8.394879e-14
2.925039e-14
9.10336e-12
1.922393e-14
5.971038e-15
9.292392e-12
2.138503e-14
5.741033e-15
1.00241e-11
2.357809e-14
5.690755e-15
1.035458e-11
2.530765e-14
5.671875e-15
8.632374e-12
4.911833e-14
3.905938e-12
4.930517e-14
3.110393e-14
3.967176e-12
5.081363e-14
3.092854e-14
4.363991e-12
5.193144e-14
3.051794e-14
5.476565e-12
5.148246e-14
2.919673e-14
7.816024e-12
1.189063e-14
5.957843e-15
8.134552e-12
1.334333e-14
5.725456e-15
9.054127e-12
1.48087e-14
5.672969e-15
9.599375e-12
1.597113e-14
5.649156e-15
8.17815e-12
1.656661e-14
5.591323e-15
2.318678e-14
3.410547e-12
2.394038e-14
3.086607e-14
3.773477e-12
2.451541e-14
3.045503e-14
4.887331e-12
2.431792e-14
2.91328e-14
7.206289e-12
5.647398e-15
5.941851e-15
7.603806e-12
6.370579e-15
5.708718e-15
8.593584e-12
7.09991e-15
5.653076e-15
9.24565e-12
7.678232e-15
5.626386e-15
7.957609e-12
7.978958e-15
5.563978e-15
-1.33953e-19
3.825487e-12
9.425531e-18
3.038236e-14
4.924146e-12
1.828081e-18
2.905148e-14
7.265172e-12
-6.149283e-19
5.924132e-15
7.64287e-12
2.066243e-19
5.688922e-15
8.634632e-12
4.567015e-19
5.631803e-15
9.267269e-12
3.009932e-19
5.601597e-15
7.969113e-12
5.238622e-19
5.53681e-15
-2.462686e-14
5.628307e-12
-2.441939e-14
2.895821e-14
7.95779e-12
-5.669957e-15
5.902984e-15
8.277214e-12
-6.394161e-15
5.667177e-15
9.159046e-12
-7.126631e-15
5.607132e-15
9.675452e-12
-7.711241e-15
5.575777e-15
8.208233e-12
-8.013347e-15
5.508061e-15
-5.196143e-14
9.362913e-12
-1.199007e-14
5.879589e-15
9.511623e-12
-1.344683e-14
5.641636e-15
1.021087e-11
-1.492615e-14
5.580578e-15
1.047402e-11
-1.610369e-14
5.547051e-15
8.685938e-12
-1.670169e-14
5.478915e-15
-1.949065e-14
1.143514e-11
-2.165725e-14
5.615177e-15
1.180887e-11
-2.386903e-14
5.551507e-15
1.169608e-11
-2.56126e-14
5.518183e-15
9.402963e-12
-2.647719e-14
5.448436e-15
-3.087941e-14
1.39672e-11
-3.368802e-14
5.525575e-15
1.330953e-11
-3.587662e-14
5.490761e-15
1.034365e-11
-3.690353e-14
5.421642e-15
-4.241314e-14
1.512648e-11
-4.473104e-14
5.471884e-15
1.138019e-11
-4.573474e-14
5.401343e-15
-4.146255e-14
1.22833e-11
-4.231395e-14
5.388922e-15
-3.371382e-14
3.608266e-12
3.901039e-12
3.630777e-12
7.782054e-12
3.637292e-12
1.168438e-11
3.644483e-12
1.570819e-11
3.634226e-12
2.036291e-11
3.318178e-14
2.04733e-11
3.186746e-14
2.071831e-11
3.164795e-14
2.129962e-11
3.896413e-12
3.603238e-12
3.843306e-12
3.883158e-12
3.624192e-12
7.622104e-12
3.881478e-12
3.629652e-12
1.137272e-11
3.920423e-12
3.634993e-12
1.522736e-11
3.98568e-12
3.623479e-12
1.967758e-11
4.294272e-14
3.303633e-14
1.979609e-11
4.243362e-14
3.171061e-14
2.003525e-11
4.299151e-14
3.147067e-14
2.062948e-11
4.319375e-14
3.100974e-14
2.182524e-11
7.74721e-12
3.789813e-12
7.669381e-12
3.615021e-12
7.354237e-12
7.629484e-12
3.618855e-12
1.078539e-11
7.677169e-12
3.623222e-12
1.42245e-11
7.796029e-12
3.610327e-12
1.82203e-11
8.432098e-14
3.290755e-14
1.832374e-11
8.342271e-14
3.157015e-14
1.856883e-11
8.460743e-14
3.131921e-14
1.916018e-11
8.508641e-14
3.083977e-14
2.039057e-11
8.325632e-14
2.955612e-14
2.245519e-11
1.12557e-11
7.256924e-12
1.10593e-11
3.608638e-12
1.012744e-11
1.104728e-11
3.611643e-12
1.28385e-11
1.117827e-11
3.598564e-12
1.594961e-11
1.215318e-13
3.279091e-14
1.604893e-11
1.204142e-13
3.145251e-14
1.627008e-11
1.222941e-13
3.119266e-14
1.686968e-11
1.231377e-13
3.070544e-14
1.812066e-11
1.206589e-13
2.940235e-14
2.027818e-11
2.674564e-14
6.017319e-15
1.907855e-11
1.39516e-11
9.980405e-12
1.369815e-11
3.600069e-12
1.140312e-11
1.375871e-11
3.586941e-12
1.299091e-11
1.497428e-13
3.268778e-14
1.304735e-11
1.486092e-13
3.1348e-14
1.325356e-11
1.510528e-13
3.10959e-14
1.382174e-11
1.5229e-13
3.060594e-14
1.509978e-11
1.494452e-13
2.929139e-14
1.733836e-11
3.31958e-14
5.988374e-15
1.653128e-11
3.576759e-14
5.765481e-15
1.603816e-11
1.509676e-11
1.392963e-11
1.489385e-11
3.575506e-12
9.912094e-12
1.606624e-13
3.258617e-14
9.919669e-12
1.595921e-13
3.12579e-14
1.003485e-11
1.622638e-13
3.101854e-14
1.054522e-11
1.636099e-13
3.054398e-14
1.177037e-11
1.607802e-13
2.921889e-14
1.406374e-11
3.568894e-14
5.96901e-15
1.365984e-11
3.856264e-14
5.741615e-15
1.367667e-11
4.154459e-14
5.695477e-15
1.311752e-11
1.055718e-11
7.141844e-12
1.197742e-13
3.249652e-14
7.121513e-12
1.195165e-13
3.117578e-14
7.231861e-12
1.222663e-13
3.096165e-14
7.682219e-12
1.24092e-13
3.050466e-14
8.896616e-12
1.223682e-13
2.9181e-14
1.121927e-11
2.766974e-14
5.957169e-15
1.116716e-11
3.040352e-14
5.727303e-15
1.159564e-11
3.319495e-14
5.676892e-15
1.155166e-11
3.53673e-14
5.658914e-15
9.341747e-12
8.116122e-14
5.158962e-12
8.125366e-14
3.110412e-14
5.234786e-12
8.349851e-14
3.090701e-14
5.666022e-12
8.508252e-14
3.04737e-14
6.820216e-12
8.416898e-14
2.914745e-14
9.166844e-12
1.927289e-14
5.948158e-15
9.336974e-12
2.144126e-14
5.715584e-15
1.006787e-11
2.363951e-14
5.662826e-15
1.037821e-11
2.536315e-14
5.639614e-15
8.644836e-12
2.621347e-14
5.582582e-15
4.94345e-14
4.017067e-12
5.093952e-14
3.085534e-14
4.399612e-12
5.20672e-14
3.043254e-14
5.537407e-12
5.158245e-14
2.910834e-14
7.862089e-12
1.191836e-14
5.937117e-15
8.188152e-12
1.337336e-14
5.703757e-15
9.087906e-12
1.484656e-14
5.647901e-15
9.627262e-12
1.600831e-14
5.62152e-15
8.187778e-12
1.659787e-14
5.559523e-15
2.399384e-14
3.825308e-12
2.457332e-14
3.03823e-14
4.924549e-12
2.438087e-14
2.905153e-14
7.265234e-12
5.657468e-15
5.924139e-15
7.64284e-12
6.382591e-15
5.68892e-15
8.634651e-12
7.115106e-15
5.631803e-15
9.267288e-12
7.696853e-15
5.601598e-15
7.969119e-12
7.995503e-15
5.53681e-15
-2.908863e-19
4.97838e-12
9.652371e-18
2.898261e-14
7.302421e-12
4.366931e-19
5.90775e-15
7.69269e-12
-6.62266e-19
5.672139e-15
8.664629e-12
2.26669e-19
5.612297e-15
9.293823e-12
4.777719e-19
5.580638e-15
7.977981e-12
3.028884e-19
5.512465e-15
-2.448772e-14
8.011413e-12
-5.678585e-15
5.889258e-15
8.309044e-12
-6.404725e-15
5.651491e-15
9.197068e-12
-7.138815e-15
5.59069e-15
9.694916e-12
-7.723641e-15
5.556519e-15
8.21916e-12
-8.028131e-15
5.4875e-15
-1.201927e-14
9.557594e-12
-1.34709e-14
5.628743e-15
1.023578e-11
-1.495051e-14
5.565157e-15
1.049837e-11
-1.612617e-14
5.530892e-15
8.693658e-12
-1.672873e-14
5.459987e-15
-2.170482e-14
1.184454e-11
-2.391361e-14
5.539004e-15
1.171242e-11
-2.565476e-14
5.503017e-15
9.41273e-12
-2.651432e-14
5.43264e-15
-3.375886e-14
1.333287e-11
-3.594584e-14
5.478566e-15
1.035015e-11
-3.696687e-14
5.406837e-15
-4.482057e-14
1.138959e-11
-4.582853e-14
5.38942e-15
-4.238485e-14
3.599863e-12
3.911126e-12
3.620895e-12
7.806941e-12
3.626443e-12
1.171603e-11
3.631779e-12
1.575969e-11
3.620127e-12
2.042253e-11
3.303192e-14
2.054423e-11
3.170647e-14
2.078601e-11
3.146487e-14
2.137725e-11
3.100388e-14
2.255862e-11
3.908961e-12
3.855436e-12
3.894588e-12
3.615752e-12
7.642207e-12
3.894575e-12
3.619775e-12
1.141037e-11
3.932557e-12
3.624144e-12
1.526931e-11
3.99925e-12
3.610816e-12
1.974362e-11
4.306429e-14
3.290781e-14
1.9856e-11
4.255765e-14
3.156719e-14
2.010711e-11
4.31212e-14
3.131161e-14
2.069698e-11
4.332348e-14
3.083064e-14
2.190097e-11
4.235636e-14
2.95518e-14
2.390244e-11
7.694287e-12
7.379635e-12
7.651815e-12
3.610427e-12
1.081601e-11
7.702809e-12
3.613366e-12
1.427517e-11
7.819654e-12
3.599528e-12
1.827293e-11
8.456372e-14
3.27919e-14
1.839027e-11
8.365341e-14
3.144728e-14
1.86285e-11
8.485041e-14
3.117731e-14
1.923324e-11
8.534203e-14
3.068421e-14
2.045632e-11
8.350533e-14
2.938612e-14
2.252691e-11
1.845604e-14
6.015993e-15
2.102512e-11
1.109576e-11
1.016703e-11
1.107978e-11
3.603228e-12
1.287853e-11
1.121529e-11
3.588762e-12
1.601377e-11
1.218511e-13
3.269267e-14
1.61019e-11
1.207529e-13
3.134183e-14
1.633773e-11
1.226208e-13
3.107102e-14
1.692998e-11
1.235009e-13
3.056652e-14
1.8193e-11
1.21022e-13
2.925488e-14
2.034029e-11
2.682286e-14
5.982935e-15
1.91391e-11
2.875446e-14
5.761671e-15
1.817276e-11
1.374417e-11
1.145464e-11
1.379977e-11
3.578565e-12
1.303594e-11
1.501765e-13
3.259812e-14
1.311126e-11
1.49015e-13
3.125404e-14
1.330324e-11
1.514868e-13
3.098603e-14
1.388912e-11
1.527082e-13
3.048645e-14
1.515856e-11
1.49904e-13
2.915957e-14
1.740712e-11
3.329441e-14
5.958579e-15
1.65828e-11
3.586546e-14
5.732638e-15
1.608449e-11
3.856202e-14
5.687186e-15
1.491087e-11
1.494487e-11
9.967873e-12
1.611074e-13
3.251006e-14
9.961081e-12
1.600671e-13
3.1172e-14
1.00982e-11
1.627046e-13
3.092502e-14
1.059264e-11
1.640897e-13
3.043581e-14
1.183722e-11
1.612412e-13
2.910542e-14
1.411886e-11
3.579789e-14
5.942382e-15
1.371791e-11
3.867388e-14
5.71327e-15
1.37153e-11
4.165728e-14
5.663111e-15
1.31475e-11
4.395437e-14
5.646327e-15
1.027279e-11
1.201279e-13
7.173538e-12
1.198286e-13
3.110268e-14
7.270137e-12
1.226056e-13
3.087584e-14
7.744234e-12
1.243889e-13
3.04121e-14
8.943127e-12
1.226968e-13
2.907806e-14
1.128293e-11
2.774107e-14
5.934293e-15
1.121255e-11
3.048228e-14
5.701877e-15
1.163975e-11
3.328101e-14
5.649027e-15
1.157587e-11
3.54519e-14
5.626793e-15
9.354101e-12
3.646422e-14
5.570874e-15
8.147733e-14
5.285437e-12
8.370696e-14
3.083382e-14
5.703073e-12
8.530634e-14
3.038847e-14
6.881545e-12
8.434368e-14
2.905933e-14
9.212481e-12
1.931878e-14
5.927397e-15
9.390575e-12
2.148987e-14
5.69388e-15
1.010196e-11
2.369588e-14
5.637769e-15
1.040643e-11
2.542502e-14
5.612057e-15
8.654509e-12
2.626808e-14
5.550873e-15
5.106797e-14
4.451207e-12
5.219225e-14
3.035984e-14
5.574885e-12
5.171367e-14
2.902708e-14
7.921165e-12
1.193905e-14
5.919413e-15
8.227347e-12
1.340033e-14
5.683962e-15
9.12885e-12
1.487703e-14
5.62662e-15
9.649057e-12
1.60464e-14
5.596745e-15
8.199341e-12
1.66346e-14
5.532399e-15
2.462534e-14
4.978246e-12
2.443679e-14
2.898256e-14
7.302773e-12
5.670774e-15
5.907763e-15
7.69274e-12
6.39249e-15
5.672147e-15
8.664608e-12
7.12704e-15
5.612295e-15
9.293835e-12
7.712216e-15
5.580637e-15
7.977992e-12
8.013918e-15
5.512466e-15
-3.828324e-19
7.355731e-12
2.311279e-18
5.893999e-15
7.724841e-12
4.883539e-19
5.65647e-15
8.702749e-12
-7.036307e-19
5.595863e-15
9.313153e-12
2.383637e-19
5.561363e-15
7.988987e-12
4.829949e-19
5.491912e-15
-5.693215e-15
8.354657e-12
-6.41302e-15
5.638563e-15
9.221705e-12
-7.149312e-15
5.575238e-15
9.719415e-12
-7.735954e-15
5.540341e-15
8.226991e-12
-8.040296e-15
5.468587e-15
-1.349997e-14
1.027098e-11
-1.497512e-14
5.552599e-15
1.051427e-11
-1.615046e-14
5.515659e-15
8.703526e-12
-1.675085e-14
5.444147e-15
-2.396179e-14
1.173522e-11
-2.570006e-14
5.49075e-15
9.418905e-12
-2.655588e-14
5.417743e-15
-3.601706e-14
1.035948e-11
-3.703569e-14
5.394892e-15
-4.591711e-14
3.922927e-12
3.612462e-12
7.827023e-12
3.616566e-12
1.175319e-11
3.620939e-12
1.580228e-11
3.607468e-12
2.048834e-11
3.29034e-14
2.060425e-11
3.156302e-14
2.085716e-11
3.13058e-14
2.144445e-11
3.082479e-14
2.263363e-11
2.954896e-14
2.460226e-11
3.90698e-12
7.666117e-12
3.905881e-12
3.611345e-12
1.144021e-11
3.945454e-12
3.614265e-12
1.531938e-11
4.011346e-12
3.600014e-12
1.979758e-11
4.318598e-14
3.279204e-14
1.992247e-11
4.267398e-14
3.144429e-14
2.016736e-11
4.324249e-14
3.116971e-14
2.076842e-11
4.345063e-14
3.067503e-14
2.196648e-11
4.248035e-14
2.938183e-14
2.397274e-11
9.370345e-15
6.01667e-15
2.227327e-11
7.67612e-12
1.085295e-11
7.724831e-12
3.604945e-12
1.431548e-11
7.84486e-12
3.589698e-12
1.833674e-11
8.47882e-14
3.269366e-14
1.844337e-11
8.388484e-14
3.133642e-14
1.869542e-11
8.507808e-14
3.105571e-14
1.92929e-11
8.557873e-14
3.054516e-14
2.052743e-11
8.375063e-14
2.923867e-14
2.258836e-11
1.85063e-14
5.981598e-15
2.108449e-11
1.97377e-14
5.76176e-15
1.975764e-11
1.111521e-11
1.292822e-11
1.124746e-11
3.580379e-12
1.606384e-11
1.221858e-13
3.260285e-14
1.616653e-11
1.210598e-13
3.124782e-14
1.639128e-11
1.229537e-13
3.09612e-14
1.699772e-11
1.238208e-13
3.044729e-14
1.825226e-11
1.213696e-13
2.912305e-14
2.040805e-11
2.689732e-14
5.953153e-15
1.919075e-11
2.882746e-14
5.728858e-15
1.821837e-11
3.088757e-14
5.684323e-15
1.648625e-11
1.384464e-11
1.309526e-11
1.505833e-13
3.252201e-14
1.315675e-11
1.49431e-13
3.116789e-14
1.336771e-11
1.518901e-13
3.089273e-14
1.393949e-11
1.531335e-13
3.037837e-14
1.522506e-11
1.503064e-13
2.904631e-14
1.746285e-11
3.338799e-14
5.931921e-15
1.664016e-11
3.596102e-14
5.704311e-15
1.612348e-11
3.865804e-14
5.654865e-15
1.494042e-11
4.071601e-14
5.639408e-15
1.130316e-11
1.615946e-13
1.001718e-11
1.605009e-13
3.109898e-14
1.01402e-11
1.631741e-13
3.083929e-14
1.065655e-11
1.645239e-13
3.034373e-14
1.188501e-11
1.617031e-13
2.900259e-14
1.418239e-11
3.589317e-14
5.919517e-15
1.376423e-11
3.877875e-14
5.687871e-15
1.375937e-11
4.176819e-14
5.635289e-15
1.317222e-11
4.406601e-14
5.614309e-15
1.028515e-11
4.506135e-14
5.559699e-15
1.201724e-13
7.322889e-12
1.229176e-13
3.080277e-14
7.783727e-12
1.247234e-13
3.032713e-14
9.005407e-12
1.229826e-13
2.899032e-14
1.132835e-11
2.7809e-14
5.913497e-15
1.12662e-11
3.055261e-14
5.680178e-15
1.167438e-11
3.335922e-14
5.624e-15
1.160421e-11
3.553822e-14
5.599289e-15
9.364002e-12
3.654761e-14
5.539295e-15
8.393001e-14
5.755257e-12
8.551329e-14
3.03159e-14
6.920172e-12
8.455993e-14
2.897822e-14
9.271749e-12
1.935519e-14
5.909721e-15
9.429444e-12
2.153445e-14
5.674059e-15
1.014287e-11
2.374505e-14
5.616489e-15
1.042836e-11
2.548139e-14
5.587287e-15
8.666196e-12
2.63293e-14
5.523821e-15
5.231875e-14
5.628186e-12
5.183472e-14
2.89581e-14
7.958873e-12
1.196667e-14
5.903026e-15
8.277359e-12
1.342033e-14
5.667202e-15
9.15892e-12
1.490396e-14
5.607122e-15
9.675485e-12
1.60771e-14
5.575774e-15
8.208265e-12
1.667227e-14
5.508065e-15
2.448622e-14
7.355642e-12
5.68279e-15
5.893988e-15
7.72512e-12
6.405637e-15
5.656484e-15
8.702785e-12
7.137023e-15
5.595871e-15
9.313139e-12
7.72407e-15
5.561361e-15
7.988993e-12
8.029115e-15
5.491912e-15
-1.42196e-19
7.770201e-12
2.613535e-18
5.643508e-15
8.727627e-12
5.273413e-19
5.580422e-15
9.337751e-12
-7.283315e-19
5.545195e-15
7.996778e-12
2.411414e-19
5.472985e-15
-6.427714e-15
9.256675e-12
-7.157595e-15
5.562639e-15
9.735182e-12
-7.746387e-15
5.525076e-15
8.236982e-12
-8.052464e-15
5.452732e-15
-1.500461e-14
1.053683e-11
-1.617541e-14
5.503344e-15
8.709543e-12
-1.677473e-14
5.429187e-15
-2.574858e-14
9.427985e-12
-2.660087e-14
5.405735e-15
-3.710627e-14
7.850489e-12
3.608142e-12
1.178327e-11
3.611061e-12
1.585202e-11
3.596674e-12
2.054342e-11
3.278763e-14
2.067048e-11
3.144013e-14
2.091749e-11
3.11639e-14
2.151515e-11
3.066917e-14
2.269881e-11
2.937899e-14
2.467184e-11
6.017364e-15
2.287565e-11
3.91806e-12
1.147565e-11
3.956687e-12
3.60584e-12
1.53592e-11
4.024045e-12
3.590162e-12
1.986135e-11
4.330331e-14
3.269371e-14
1.997687e-11
4.278981e-14
3.133337e-14
2.023415e-11
4.335724e-14
3.104814e-14
2.082855e-11
4.356868e-14
3.053604e-14
2.203593e-11
4.260223e-14
2.923429e-14
2.403385e-11
9.395311e-15
5.982271e-15
2.233137e-11
9.985434e-15
5.763428e-15
2.076997e-11
7.748631e-12
1.436392e-11
7.866642e-12
3.581308e-12
1.838834e-11
8.501597e-14
3.260368e-14
1.850761e-11
8.410121e-14
3.124246e-14
1.874899e-11
8.530566e-14
3.094581e-14
1.935971e-11
8.580209e-14
3.042602e-14
2.058588e-11
8.397629e-14
2.910669e-14
2.265484e-11
1.855651e-14
5.951799e-15
2.113544e-11
1.978466e-14
5.728928e-15
1.980226e-11
2.112368e-14
5.685262e-15
1.764824e-11
1.128219e-11
1.612526e-11
1.22494e-13
3.252657e-14
1.621709e-11
1.213793e-13
3.116161e-14
1.645637e-11
1.232569e-13
3.0868e-14
1.705169e-11
1.241462e-13
3.033946e-14
1.831874e-11
1.216761e-13
2.901007e-14
2.046405e-11
2.696783e-14
5.926487e-15
1.924708e-11
2.889879e-14
5.700529e-15
1.825733e-11
3.095863e-14
5.65203e-15
1.651523e-11
3.252032e-14
5.637762e-15
1.219736e-11
1.510059e-13
1.321655e-11
1.498274e-13
3.109496e-14
1.341383e-11
1.523005e-13
3.080698e-14
1.400429e-11
1.535315e-13
3.02867e-14
1.52754e-11
1.507149e-13
2.894362e-14
1.752587e-11
3.3471e-14
5.909077e-15
1.668681e-11
3.605022e-14
5.678884e-15
1.616687e-11
3.87528e-14
5.627053e-15
1.496527e-11
4.081075e-14
5.607425e-15
1.131526e-11
4.16489e-14
5.554055e-15
1.609739e-13
1.019687e-11
1.636066e-13
3.07665e-14
1.069945e-11
1.649851e-13
3.025907e-14
1.19485e-11
1.621228e-13
2.891531e-14
1.422874e-11
3.598772e-14
5.898724e-15
1.381761e-11
3.887185e-14
5.666176e-15
1.379459e-11
4.187152e-14
5.610295e-15
1.320043e-11
4.417663e-14
5.586834e-15
1.029524e-11
4.517131e-14
5.528211e-15
1.232608e-13
7.837689e-12
1.250327e-13
3.025484e-14
9.046038e-12
1.233054e-13
2.890946e-14
1.138812e-11
2.786896e-14
5.895875e-15
1.130486e-11
3.061822e-14
5.660329e-15
1.171526e-11
3.342995e-14
5.602728e-15
1.162642e-11
3.5616e-14
5.574543e-15
9.375697e-12
3.663293e-14
5.512284e-15
8.573386e-14
6.973711e-12
8.476033e-14
2.890933e-14
9.310352e-12
1.940061e-14
5.893348e-15
9.479593e-12
2.156999e-14
5.65734e-15
1.017269e-11
2.378946e-14
5.596973e-15
1.045471e-11
2.553086e-14
5.566312e-15
8.675139e-12
2.638491e-14
5.499485e-15
5.195634e-14
8.011319e-12
1.19927e-14
5.889233e-15
8.309878e-12
1.344747e-14
5.651535e-15
9.197168e-12
1.492391e-14
5.590717e-15
9.694833e-12
1.610393e-14
5.556508e-15
8.219177e-12
1.670259e-14
5.487497e-15
5.692859e-15
7.770147e-12
6.417787e-15
5.643496e-15
8.727831e-12
7.150293e-15
5.580437e-15
9.337774e-12
7.734089e-15
5.545204e-15
7.996771e-12
8.040728e-15
5.472983e-15
-1.845338e-19
8.762423e-12
2.844286e-18
5.567783e-15
9.353707e-12
5.506065e-19
5.529944e-15
8.006847e-12
-7.305935e-19
5.457144e-15
-7.172593e-15
9.757651e-12
-7.754655e-15
5.512723e-15
8.242987e-12
-8.062688e-15
5.437744e-15
-1.620513e-14
8.718547e-12
-1.679944e-14
5.417137e-15
-2.664893e-14
1.181832e-11
3.602642e-12
1.589251e-11
3.586823e-12
2.060698e-11
3.268927e-14
2.072598e-11
3.132923e-14
2.098401e-11
3.104237e-14
2.157531e-11
3.053021e-14
2.27675e-11
2.923143e-14
2.47326e-11
5.982957e-15
2.293312e-11
5.764646e-15
2.125738e-11
3.96868e-12
1.540634e-11
4.035233e-12
3.581767e-12
1.991248e-11
4.341728e-14
3.260351e-14
2.004105e-11
4.290339e-14
3.123935e-14
2.028894e-11
4.347103e-14
3.093827e-14
2.089512e-11
4.368124e-14
3.041699e-14
2.209471e-11
4.271472e-14
2.910235e-14
2.409876e-11
9.420183e-15
5.95244e-15
2.238196e-11
1.000866e-14
5.730591e-15
2.081357e-11
1.066011e-14
5.68754e-15
1.838667e-11
7.889981e-12
1.844966e-11
8.52171e-14
3.25273e-14
1.855966e-11
8.431846e-14
3.115617e-14
1.881357e-11
8.552006e-14
3.085276e-14
1.941349e-11
8.602466e-14
3.031818e-14
2.065122e-11
8.419075e-14
2.899374e-14
2.270997e-11
1.860188e-14
5.925084e-15
2.119059e-11
1.983259e-14
5.700572e-15
1.984059e-11
2.1169e-14
5.652948e-15
1.767649e-11
2.218026e-14
5.639603e-15
1.285084e-11
1.228109e-13
1.627898e-11
1.216771e-13
3.108858e-14
1.650748e-11
1.235712e-13
3.07824e-14
1.711684e-11
1.244435e-13
3.024806e-14
1.837221e-11
1.219875e-13
2.89077e-14
2.052677e-11
2.703063e-14
5.903686e-15
1.92938e-11
2.896534e-14
5.675096e-15
1.829981e-11
3.10288e-14
5.624209e-15
1.653997e-11
3.259005e-14
5.605798e-15
1.220916e-11
3.318311e-14
5.553369e-15
1.50235e-13
1.34742e-11
1.526964e-13
3.073447e-14
1.405108e-11
1.539341e-13
3.020225e-14
1.533935e-11
1.510997e-13
2.885676e-14
1.757432e-11
3.355464e-14
5.888308e-15
1.673955e-11
3.613075e-14
5.657205e-15
1.620222e-11
3.884016e-14
5.602037e-15
1.499292e-11
4.090491e-14
5.579945e-15
1.132536e-11
4.174196e-14
5.522591e-15
1.640768e-13
1.075686e-11
1.654128e-13
3.018725e-14
1.199196e-11
1.625676e-13
2.883478e-14
1.428918e-11
3.607548e-14
5.881172e-15
1.385689e-11
3.896299e-14
5.646338e-15
1.383517e-11
4.196438e-14
5.589026e-15
1.322293e-11
4.427892e-14
5.562113e-15
1.030682e-11
4.528053e-14
5.501216e-15
1.253724e-13
9.100795e-12
1.236049e-13
2.884084e-14
1.142829e-11
2.793627e-14
5.87954e-15
1.135532e-11
3.067752e-14
5.643673e-15
1.174489e-11
3.349496e-14
5.583192e-15
1.165265e-11
3.568693e-14
5.553566e-15
9.384708e-12
3.670955e-14
5.487963e-15
8.497334e-14
9.36283e-12
1.944363e-14
5.879554e-15
9.512806e-12
2.161455e-14
5.641699e-15
1.021101e-11
2.382511e-14
5.580618e-15
1.047383e-11
2.557511e-14
5.547025e-15
8.685959e-12
2.64338e-14
5.478906e-15
1.201819e-14
8.354589e-12
1.347389e-14
5.638532e-15
9.222305e-12
1.49512e-14
5.575283e-15
9.71948e-12
1.612385e-14
5.540368e-15
8.226946e-12
1.672898e-14
5.468576e-15
6.427325e-15
8.762392e-12
7.162781e-15
5.567769e-15
9.353844e-12
7.747407e-15
5.529959e-15
8.006859e-12
8.050586e-15
5.457152e-15
-2.119775e-19
9.376091e-12
2.985162e-18
5.517549e-15
8.012981e-12
5.55708e-19
5.44217e-15
-7.769823e-15
8.251979e-12
-8.070774e-15
5.425659e-15
-1.682885e-14
1.593947e-11
3.578434e-12
2.065932e-11
3.259906e-14
2.078993e-11
3.123518e-14
2.103988e-11
3.093256e-14
2.164156e-11
3.041121e-14
2.282624e-11
2.90995e-14
2.479678e-11
5.953111e-15
2.298338e-11
5.731799e-15
2.130046e-11
5.689076e-15
1.874104e-11
4.047035e-12
1.997254e-11
4.352514e-14
3.252705e-14
2.009257e-11
4.30119e-14
3.115286e-14
2.035342e-11
4.358406e-14
3.084521e-14
2.094994e-11
4.379244e-14
3.030925e-14
2.215967e-11
4.282276e-14
2.89895e-14
2.415408e-11
9.442755e-15
5.925732e-15
2.243573e-11
1.003229e-14
5.702194e-15
2.085156e-11
1.068245e-14
5.65522e-15
1.841419e-11
1.117859e-14
5.642461e-15
1.326306e-11
8.542316e-14
1.862141e-11
8.451108e-14
3.108309e-14
1.886606e-11
8.573379e-14
3.076718e-14
1.947793e-11
8.623559e-14
3.022698e-14
2.070425e-11
8.440382e-14
2.889132e-14
2.277144e-11
1.8646e-14
5.902268e-15
2.123644e-11
1.987483e-14
5.675085e-15
1.988208e-11
2.121604e-14
5.625093e-15
1.770073e-11
2.222447e-14
5.607612e-15
1.286227e-11
2.258136e-14
5.555825e-15
1.219802e-13
1.656983e-11
1.238667e-13
3.070995e-14
1.716831e-11
1.247511e-13
3.016397e-14
1.843612e-11
1.222729e-13
2.882115e-14
2.057778e-11
2.709398e-14
5.882992e-15
1.934609e-11
2.902551e-14
5.653456e-15
1.833512e-11
3.109355e-14
5.59919e-15
1.656692e-11
3.265942e-14
5.578297e-15
1.221916e-11
3.325138e-14
5.521916e-15
1.531003e-13
1.411188e-11
1.543264e-13
3.013094e-14
1.53862e-11
1.514866e-13
2.877652e-14
1.763492e-11
3.363541e-14
5.870826e-15
1.678035e-11
3.621099e-14
5.637402e-15
1.624218e-11
3.892016e-14
5.580781e-15
1.50154e-11
4.099105e-14
5.555198e-15
1.133661e-11
4.183469e-14
5.49558e-15
1.65877e-13
1.204939e-11
1.629821e-13
2.876667e-14
1.433158e-11
3.616702e-14
5.864898e-15
1.39077e-11
3.905018e-14
5.629752e-15
1.386516e-11
4.205434e-14
5.569511e-15
1.324885e-11
4.437159e-14
5.54113e-15
1.031591e-11
4.538126e-14
5.476912e-15
1.239337e-13
1.148155e-11
2.800014e-14
5.86578e-15
1.138971e-11
3.074323e-14
5.628083e-15
1.178336e-11
3.355482e-14
5.566911e-15
1.167156e-11
3.575152e-14
5.534256e-15
9.395413e-12
3.677965e-14
5.467374e-15
1.948865e-14
9.557525e-12
2.165813e-14
5.628698e-15
1.023663e-11
2.38698e-14
5.565221e-15
1.049846e-11
2.561083e-14
5.530934e-15
8.693556e-12
2.647736e-14
5.45996e-15
1.349887e-14
9.256629e-12
1.497838e-14
5.562603e-15
9.735579e-12
1.615119e-14
5.525122e-15
8.237015e-12
1.674851e-14
5.45276e-15
7.17217e-15
9.376074e-12
7.760095e-15
5.517534e-15
8.013054e-12
8.063716e-15
5.442185e-15
-2.26917e-19
8.021951e-12
3.023086e-18
5.430045e-15
-8.085799e-15
2.071944e-11
3.252255e-14
2.084267e-11
3.114871e-14
2.110409e-11
3.08395e-14
2.169739e-11
3.030359e-14
2.289081e-11
2.89867e-14
2.485202e-11
5.926403e-15
2.303651e-11
5.703384e-15
2.133817e-11
5.656746e-15
1.876819e-11
5.644283e-15
1.345992e-11
4.363098e-14
2.015302e-11
4.311618e-14
3.10797e-14
2.040529e-11
4.369067e-14
3.075947e-14
2.101419e-11
4.390415e-14
3.021809e-14
2.221347e-11
4.292912e-14
2.888719e-14
2.421507e-11
9.464954e-15
5.90293e-15
2.248165e-11
1.005324e-14
5.676719e-15
2.089194e-11
1.070556e-14
5.62732e-15
1.843815e-11
1.120033e-14
5.610462e-15
1.32741e-11
1.135939e-14
5.55903e-15
8.47065e-14
1.892818e-11
8.592365e-14
3.069475e-14
1.953055e-11
8.644475e-14
3.014301e-14
2.07672e-11
8.460675e-14
2.880492e-14
2.282187e-11
1.868935e-14
5.881546e-15
2.128753e-11
1.991732e-14
5.653417e-15
1.991662e-11
2.125673e-14
5.600019e-15
1.772697e-11
2.227088e-14
5.580071e-15
1.287197e-11
2.26245e-14
5.52434e-15
1.241653e-13
1.723075e-11
1.250423e-13
3.00929e-14
1.848705e-11
1.225675e-13
2.874137e-14
2.063803e-11
2.715303e-14
5.865564e-15
1.93888e-11
2.908551e-14
5.633739e-15
1.83746e-11
3.115282e-14
5.577972e-15
1.658929e-11
3.272297e-14
5.553545e-15
1.223004e-11
3.33195e-14
5.494876e-15
1.547241e-13
1.544637e-11
1.518672e-13
2.870899e-14
1.768011e-11
3.371478e-14
5.854612e-15
1.683105e-11
3.629121e-14
5.620874e-15
1.627319e-11
3.899914e-14
5.561312e-15
1.504081e-11
4.107067e-14
5.534219e-15
1.134562e-11
4.191929e-14
5.471242e-15
1.634315e-13
1.438675e-11
3.625449e-14
5.851227e-15
1.394371e-11
3.913898e-14
5.614232e-15
1.390379e-11
4.214235e-14
5.553301e-15
1.326792e-11
4.446079e-14
5.521838e-15
1.032639e-11
4.547278e-14
5.456307e-15
2.806959e-14
1.143494e-11
3.080762e-14
5.615118e-15
1.180979e-11
3.362041e-14
5.551575e-15
1.169621e-11
3.581174e-14
5.518236e-15
9.402822e-12
3.684325e-14
5.4484e-15
2.170272e-14
1.027093e-11
2.391454e-14
5.552547e-15
1.051482e-11
2.565555e-14
5.515725e-15
8.703573e-12
2.651254e-14
5.44419e-15
1.500348e-14
9.757622e-12
1.617882e-14
5.512683e-15
8.243197e-12
1.677546e-14
5.43779e-15
7.769379e-15
8.021943e-12
8.076281e-15
5.43003e-15
-2.303083e-19
2.090318e-11
3.107551e-14
2.115718e-11
3.075382e-14
2.176131e-11
3.021246e-14
2.294551e-11
2.888453e-14
2.49126e-11
5.903607e-15
2.308232e-11
5.677909e-15
2.137805e-11
5.628825e-15
1.879194e-11
5.612272e-15
1.347077e-11
5.561009e-15
4.321689e-14
2.046605e-11
4.379433e-14
3.068699e-14
2.106606e-11
4.400834e-14
3.013397e-14
2.227613e-11
4.303712e-14
2.880085e-14
2.426599e-11
9.486543e-15
5.882229e-15
2.253224e-11
1.007456e-14
5.655059e-15
2.092648e-11
1.072569e-14
5.602261e-15
1.846361e-11
1.122307e-14
5.58287e-15
1.328365e-11
1.138057e-14
5.527534e-15
8.611487e-14
1.959259e-11
8.663064e-14
3.007203e-14
2.081896e-11
8.480715e-14
2.872526e-14
2.288104e-11
1.873146e-14
5.864127e-15
2.132957e-11
1.995838e-14
5.633664e-15
1.99551e-11
2.129872e-14
5.578765e-15
1.774875e-11
2.231057e-14
5.555259e-15
1.288248e-11
2.267e-14
5.497253e-15
1.253347e-13
1.854836e-11
1.228483e-13
2.867416e-14
2.068656e-11
2.721304e-14
5.849458e-15
1.9439e-11
2.914277e-14
5.617249e-15
1.840695e-11
3.121137e-14
5.558597e-15
1.661431e-11
3.278165e-14
5.532596e-15
1.223894e-11
3.338174e-14
5.470527e-15
1.522508e-13
1.773733e-11
3.379534e-14
5.841054e-15
1.686911e-11
3.636744e-14
5.605423e-15
1.63116e-11
3.908013e-14
5.545154e-15
1.506045e-11
4.114882e-14
5.514972e-15
1.135581e-11
4.199776e-14
5.450633e-15
3.634827e-14
1.399026e-11
3.922672e-14
5.601352e-15
1.393132e-11
4.223038e-14
5.538043e-15
1.329257e-11
4.454931e-14
5.505882e-15
1.03338e-11
4.556069e-14
5.437344e-15
3.08766e-14
1.184439e-11
3.368622e-14
5.538938e-15
1.171303e-11
3.587722e-14
5.503086e-15
9.412797e-12
3.690282e-14
5.432694e-15
2.395959e-14
1.05368e-11
2.5701e-14
5.503287e-15
8.709839e-12
2.655667e-14
5.429253e-15
1.620399e-14
8.251965e-12
1.680289e-14
5.425619e-15
8.085351e-15
2.121798e-11
3.068134e-14
2.181434e-11
3.012846e-14
2.300777e-11
2.879824e-14
2.496425e-11
5.882938e-15
2.313252e-11
5.656253e-15
2.141247e-11
5.603768e-15
1.881703e-11
5.584658e-15
1.34802e-11
5.529501e-15
4.389322e-14
2.112665e-11
4.411073e-14
3.006293e-14
2.232702e-11
4.31368e-14
2.8721e-14
2.43248e-11
9.509146e-15
5.864811e-15
2.257454e-11
1.009492e-14
5.635325e-15
2.096451e-11
1.074672e-14
5.581012e-15
1.848534e-11
1.124267e-14
5.558074e-15
1.329374e-11
1.140282e-14
5.500395e-15
8.681673e-14
2.087965e-11
8.498504e-14
2.865812e-14
2.293008e-11
1.877231e-14
5.848038e-15
2.137869e-11
1.999933e-14
5.617169e-15
1.998682e-11
2.133877e-14
5.559351e-15
1.777302e-11
2.23522e-14
5.534268e-15
1.289103e-11
2.270874e-14
5.472843e-15
1.231286e-13
2.074445e-11
2.727168e-14
5.835959e-15
1.947959e-11
2.919968e-14
5.601918e-15
1.844484e-11
3.12683e-14
5.542466e-15
1.663477e-11
3.283926e-14
5.513443e-15
1.224891e-11
3.34394e-14
5.449942e-15
3.387487e-14
1.691704e-11
3.644821e-14
5.592645e-15
1.634053e-11
3.915522e-14
5.529973e-15
1.508486e-11
4.123024e-14
5.499057e-15
1.136345e-11
4.207467e-14
5.431711e-15
3.931926e-14
1.396676e-11
4.231954e-14
5.525489e-15
1.331002e-11
4.463683e-14
5.490808e-15
1.034373e-11
4.564847e-14
5.421695e-15
3.375588e-14
1.173512e-11
3.594391e-14
5.49068e-15
9.41923e-12
3.696746e-14
5.417812e-15
2.574633e-14
8.718526e-12
2.660182e-14
5.417078e-15
1.68277e-14
2.187494e-11
3.005745e-14
2.305971e-11
2.871854e-14
2.502262e-11
5.865528e-15
2.31754e-11
5.636555e-15
2.145017e-11
5.582521e-15
1.883867e-11
5.559863e-15
1.34901e-11
5.502338e-15
4.420733e-14
2.23862e-11
4.323576e-14
2.865374e-14
2.437295e-11
9.529374e-15
5.848671e-15
2.262332e-11
1.011719e-14
5.618822e-15
2.099634e-11
1.076651e-14
5.561614e-15
1.850929e-11
1.126348e-14
5.537083e-15
1.330225e-11
1.142191e-14
5.475999e-15
8.516231e-14
2.298722e-11
1.88089e-14
5.834539e-15
2.141954e-11
2.003814e-14
5.601852e-15
2.002378e-11
2.137951e-14
5.543205e-15
1.779299e-11
2.239156e-14
5.515071e-15
1.290061e-11
2.274966e-14
5.452213e-15
2.732907e-14
1.952784e-11
2.925722e-14
5.589182e-15
1.847556e-11
3.132387e-14
5.527412e-15
1.665876e-11
3.289596e-14
5.497543e-15
1.225693e-11
3.349591e-14
5.43111e-15
3.652562e-14
1.637685e-11
3.923725e-14
5.517513e-15
1.510316e-11
4.130459e-14
5.484059e-15
1.137323e-11
4.215534e-14
5.416094e-15
4.241237e-14
1.333258e-11
4.472687e-14
5.478476e-15
1.035042e-11
4.573485e-14
5.406884e-15
3.601399e-14
9.427929e-12
3.703371e-14
5.405663e-15
2.664667e-14
2.311885e-11
2.865134e-14
2.507165e-11
5.849424e-15
2.322375e-11
5.620056e-15
2.148241e-11
5.563163e-15
1.886238e-11
5.538872e-15
1.349855e-11
5.477942e-15
4.33282e-14
2.442864e-11
9.550074e-15
5.835123e-15
2.26633e-11
1.013623e-14
5.603443e-15
2.1033e-11
1.078884e-14
5.545455e-15
1.852927e-11
1.128289e-14
5.517901e-15
1.331166e-11
1.144234e-14
5.455365e-15
1.884467e-14
2.146702e-11
2.007322e-14
5.589104e-15
2.005459e-11
2.141745e-14
5.528165e-15
1.78163e-11
2.243214e-14
5.499149e-15
1.290833e-11
2.278825e-14
5.433334e-15
2.931198e-14
1.851197e-11
3.138151e-14
5.514981e-15
1.667818e-11
3.295067e-14
5.48267e-15
1.226649e-11
3.35518e-14
5.415499e-15
3.931424e-14
1.512621e-11
4.138735e-14
5.471809e-15
1.138029e-11
4.222853e-14
5.401354e-15
4.481985e-14
1.035932e-11
4.582428e-14
5.394802e-15
3.710318e-14
2.512725e-11
5.835893e-15
2.326443e-11
5.60472e-15
2.151871e-11
5.547004e-15
1.888262e-11
5.51973e-15
1.350784e-11
5.457308e-15
9.568868e-15
2.270949e-11
1.015662e-14
5.590633e-15
2.106307e-11
1.080733e-14
5.530348e-15
1.855235e-11
1.130521e-14
5.501958e-15
1.331937e-11
1.146131e-14
5.436498e-15
2.01066e-14
2.009033e-11
2.145206e-14
5.515714e-15
1.783571e-11
2.246949e-14
5.484288e-15
1.291753e-11
2.282824e-14
5.417697e-15
3.143524e-14
1.670123e-11
3.300833e-14
5.470437e-15
1.22741e-11
3.360547e-14
5.400881e-15
4.146404e-14
1.138944e-11
4.231066e-14
5.389344e-15
4.591642e-14
2.331052e-11
5.591926e-15
2.15493e-11
5.531943e-15
1.890545e-11
5.503785e-15
1.351568e-11
5.438481e-15
1.01744e-14
2.109778e-11
1.082777e-14
5.517826e-15
1.857123e-11
1.132334e-14
5.487027e-15
1.332846e-11
1.148333e-14
5.420839e-15
2.148433e-14
1.785826e-11
2.250381e-14
5.472027e-15
1.292511e-11
2.286487e-14
5.403088e-15
3.306141e-14
1.228325e-11
3.366243e-14
5.388879e-15
4.238638e-14
2.158391e-11
5.519436e-15
1.892465e-11
5.488901e-15
1.352464e-11
5.422816e-15
1.08451e-14
1.859304e-11
1.134377e-14
5.47469e-15
1.333573e-11
1.150105e-14
5.406158e-15
2.253538e-14
1.2934e-11
2.28986e-14
5.391055e-15
3.371459e-14
1.894639e-11
5.476577e-15
1.353208e-11
5.408181e-15
1.136079e-14
1.334424e-11
1.15212e-14
5.394047e-15
2.292947e-14
1.354055e-11
5.396082e-15
1.153787e-14
)
;

boundaryField
{
    airInlet
    {
        type            calculated;
        value           nonuniform List<scalar> 0();
    }
    airOutlet
    {
        type            calculated;
        value           nonuniform List<scalar> 0();
    }
    cathodeSides
    {
        type            calculated;
        value           uniform 0;
    }
    air_to_interconnect
    {
        type            calculated;
        value           uniform 0;
    }
    air_to_electrolyte
    {
        type            calculated;
        value           uniform 0;
    }
    procBoundary2to1
    {
        type            processor;
        value           nonuniform List<scalar> 
400
(
-8.480291e-09
-1.726895e-08
-1.7272e-08
-2.231043e-08
-3.917795e-08
-2.232913e-08
-2.511716e-08
-5.278901e-08
-5.282808e-08
-2.517485e-08
-2.636777e-08
-6.057506e-08
-7.252058e-08
-6.071901e-08
-2.650004e-08
-2.636777e-08
-6.40673e-08
-8.395452e-08
-8.409563e-08
-6.441678e-08
-2.662814e-08
-3.734885e-12
-2.511716e-08
-6.40673e-08
-8.909777e-08
-9.775531e-08
-8.953344e-08
-6.477473e-08
-2.558685e-08
-3.738325e-12
-3.747979e-12
-2.231043e-08
-6.057506e-08
-8.909777e-08
-1.038989e-07
-1.042373e-07
-9.006109e-08
-6.18691e-08
-2.311092e-08
-3.737734e-12
-3.751331e-12
-3.743532e-12
-1.726895e-08
-5.278901e-08
-8.395452e-08
-1.038989e-07
-1.108447e-07
-1.048707e-07
-8.579136e-08
-5.49914e-08
-1.85979e-08
-3.736646e-12
-3.750446e-12
-3.746794e-12
-3.737943e-12
-8.480291e-09
-3.917795e-08
-7.252058e-08
-9.775531e-08
-1.108447e-07
-1.115278e-07
-9.979259e-08
-7.569413e-08
-4.273133e-08
-1.076584e-08
-3.737654e-12
-3.748728e-12
-3.745715e-12
-3.7412e-12
-3.713127e-12
-1.7272e-08
-5.282808e-08
-8.409563e-08
-1.042373e-07
-1.115278e-07
-1.060972e-07
-8.775857e-08
-5.790401e-08
-2.286543e-08
-1.107989e-11
-3.744963e-12
-3.743671e-12
-3.740138e-12
-3.716524e-12
-3.375166e-14
-2.232913e-08
-6.071901e-08
-8.953344e-08
-1.048707e-07
-1.060972e-07
-9.319931e-08
-6.664195e-08
-3.002343e-08
-1.932737e-11
-3.751762e-12
-3.739733e-12
-3.738162e-12
-3.715911e-12
-3.375583e-14
-3.225122e-14
-2.517485e-08
-6.441678e-08
-9.006109e-08
-9.979259e-08
-9.319931e-08
-7.057824e-08
-3.405874e-08
-2.420558e-11
-3.764284e-12
-3.732079e-12
-3.734638e-12
-3.714742e-12
-3.375483e-14
-3.22552e-14
-3.184386e-14
-2.650004e-08
-6.477473e-08
-8.579136e-08
-8.775857e-08
-7.057824e-08
-3.586855e-08
-2.695363e-11
-3.771233e-12
-3.726208e-12
-3.728863e-12
-3.712594e-12
-3.375222e-14
-3.225767e-14
-3.184959e-14
-3.119535e-14
-2.662814e-08
-6.18691e-08
-7.569413e-08
-6.664195e-08
-3.586855e-08
-2.818535e-11
-3.774906e-12
-3.722073e-12
-3.723984e-12
-3.709074e-12
-3.37451e-14
-3.226191e-14
-3.185696e-14
-3.120116e-14
-2.973034e-14
-2.558685e-08
-5.49914e-08
-5.790401e-08
-3.405874e-08
-2.818535e-11
-3.776461e-12
-3.719447e-12
-3.720326e-12
-3.705789e-12
-3.372955e-14
-3.226673e-14
-3.187186e-14
-3.121021e-14
-2.97331e-14
-6.054084e-15
-2.311092e-08
-4.273133e-08
-3.002343e-08
-2.695363e-11
-3.776461e-12
-3.718169e-12
-3.717915e-12
-3.703064e-12
-3.371361e-14
-3.226843e-14
-3.18966e-14
-3.123148e-14
-2.973727e-14
-6.053363e-15
-5.799606e-15
-1.85979e-08
-2.286543e-08
-2.420558e-11
-3.774906e-12
-3.718169e-12
-3.716718e-12
-3.701134e-12
-3.369845e-14
-3.22709e-14
-3.192865e-14
-3.127142e-14
-2.975342e-14
-6.052636e-15
-5.798357e-15
-5.723451e-15
-1.076584e-08
-1.932737e-11
-3.771234e-12
-3.719447e-12
-3.716718e-12
-3.700125e-12
-3.368659e-14
-3.227141e-14
-3.196615e-14
-3.132999e-14
-2.979046e-14
-6.053919e-15
-5.796627e-15
-5.72188e-15
-5.678298e-15
-1.107989e-11
-3.764285e-12
-3.722073e-12
-3.717915e-12
-3.700125e-12
-3.367995e-14
-3.22705e-14
-3.199841e-14
-3.14012e-14
-2.985062e-14
-6.059386e-15
-5.79648e-15
-5.719534e-15
-5.676438e-15
-5.594468e-15
-3.737655e-12
-3.751763e-12
-3.726208e-12
-3.720326e-12
-3.701134e-12
-3.367996e-14
-3.226942e-14
-3.202083e-14
-3.146563e-14
-2.992838e-14
-6.069908e-15
-5.800262e-15
-5.718525e-15
-5.673505e-15
-5.592448e-15
-3.736647e-12
-3.744964e-12
-3.73208e-12
-3.723984e-12
-3.703065e-12
-3.36866e-14
-3.226942e-14
-3.203196e-14
-3.151214e-14
-2.999989e-14
-6.084977e-15
-5.809273e-15
-5.721347e-15
-5.671582e-15
-5.589165e-15
-3.737735e-12
-3.748729e-12
-3.739734e-12
-3.728864e-12
-3.70579e-12
-3.369846e-14
-3.227051e-14
-3.203197e-14
-3.153595e-14
-3.005064e-14
-6.099108e-15
-5.823551e-15
-5.729616e-15
-5.673171e-15
-5.58662e-15
-3.738327e-12
-3.750447e-12
-3.743672e-12
-3.734638e-12
-3.709075e-12
-3.371362e-14
-3.227142e-14
-3.202084e-14
-3.153595e-14
-3.007596e-14
-6.108937e-15
-5.837549e-15
-5.743599e-15
-5.680049e-15
-5.587237e-15
-3.734886e-12
-3.751332e-12
-3.745717e-12
-3.738163e-12
-3.712595e-12
-3.372956e-14
-3.227091e-14
-3.199842e-14
-3.151215e-14
-3.007596e-14
-6.113697e-15
-5.847628e-15
-5.757693e-15
-5.692709e-15
-5.592825e-15
-3.74798e-12
-3.746796e-12
-3.74014e-12
-3.714743e-12
-3.374511e-14
-3.226844e-14
-3.196616e-14
-3.146564e-14
-3.005065e-14
-6.113697e-15
-5.852666e-15
-5.768076e-15
-5.705747e-15
-5.604058e-15
-3.743534e-12
-3.741201e-12
-3.715912e-12
-3.375223e-14
-3.226674e-14
-3.192866e-14
-3.140121e-14
-2.99999e-14
-6.108938e-15
-5.852667e-15
-5.773369e-15
-5.715441e-15
-5.615832e-15
-3.737945e-12
-3.716525e-12
-3.375484e-14
-3.226192e-14
-3.189661e-14
-3.133e-14
-2.992839e-14
-6.09911e-15
-5.84763e-15
-5.77337e-15
-5.720404e-15
-5.62462e-15
-3.713129e-12
-3.375585e-14
-3.225768e-14
-3.187187e-14
-3.127143e-14
-2.985063e-14
-6.084979e-15
-5.837552e-15
-5.768078e-15
-5.720405e-15
-5.629117e-15
-3.375168e-14
-3.225522e-14
-3.185697e-14
-3.123149e-14
-2.979047e-14
-6.06991e-15
-5.823553e-15
-5.757696e-15
-5.715443e-15
-5.629118e-15
-3.225123e-14
-3.184961e-14
-3.121022e-14
-2.975343e-14
-6.059388e-15
-5.809275e-15
-5.743602e-15
-5.70575e-15
-5.624622e-15
-3.184387e-14
-3.120117e-14
-2.973727e-14
-6.053921e-15
-5.800265e-15
-5.729619e-15
-5.692712e-15
-5.615835e-15
-3.119536e-14
-2.973311e-14
-6.052637e-15
-5.796482e-15
-5.72135e-15
-5.680052e-15
-5.604061e-15
-2.973035e-14
-6.053365e-15
-5.796628e-15
-5.718527e-15
-5.673174e-15
-5.592828e-15
-6.054087e-15
-5.798359e-15
-5.719535e-15
-5.671584e-15
-5.58724e-15
-5.799609e-15
-5.721883e-15
-5.673506e-15
-5.586622e-15
-5.723454e-15
-5.676441e-15
-5.589166e-15
-5.6783e-15
-5.592451e-15
-5.59447e-15
)
;
    }
    procBoundary2to3
    {
        type            processor;
        value           nonuniform List<scalar> 
400
(
8.235512e-09
1.684579e-08
1.684956e-08
2.187116e-08
3.839444e-08
2.189254e-08
2.474779e-08
5.203291e-08
5.207717e-08
2.481147e-08
2.606669e-08
6.008289e-08
7.200624e-08
6.024291e-08
2.620973e-08
2.606669e-08
6.381327e-08
8.401467e-08
8.417349e-08
6.419577e-08
2.6342e-08
3.592211e-12
2.474779e-08
6.381327e-08
8.962719e-08
9.877137e-08
9.01124e-08
6.456927e-08
2.523016e-08
3.59559e-12
3.60478e-12
2.187116e-08
6.008289e-08
8.962719e-08
1.056304e-07
1.060113e-07
9.067198e-08
6.142082e-08
2.267073e-08
3.595166e-12
3.608073e-12
3.600464e-12
1.684579e-08
5.203291e-08
8.401467e-08
1.056304e-07
1.134998e-07
1.066931e-07
8.593238e-08
5.423992e-08
1.815034e-08
3.59434e-12
3.607366e-12
3.603669e-12
3.594958e-12
8.235512e-09
3.839444e-08
7.200624e-08
9.877137e-08
1.134998e-07
1.142412e-07
1.009097e-07
7.520448e-08
4.18888e-08
1.046301e-08
3.595645e-12
3.60593e-12
3.602775e-12
3.59816e-12
3.570764e-12
1.684956e-08
5.207717e-08
8.417349e-08
1.060113e-07
1.142412e-07
1.079533e-07
8.787833e-08
5.708714e-08
2.231454e-08
1.07295e-11
3.602596e-12
3.601022e-12
3.597289e-12
3.5741e-12
3.245211e-14
2.189254e-08
6.024291e-08
9.01124e-08
1.066931e-07
1.079533e-07
9.381186e-08
6.61076e-08
2.943815e-08
1.88059e-11
3.609799e-12
3.597511e-12
3.595609e-12
3.573665e-12
3.245666e-14
3.100795e-14
2.481147e-08
6.419577e-08
9.067198e-08
1.009097e-07
9.381186e-08
7.029849e-08
3.355718e-08
2.366065e-11
3.622313e-12
3.590565e-12
3.592501e-12
3.572773e-12
3.245712e-14
3.101217e-14
3.061431e-14
2.620973e-08
6.456927e-08
8.593238e-08
8.787833e-08
7.029849e-08
3.54524e-08
2.646679e-11
3.629451e-12
3.585074e-12
3.587325e-12
3.571011e-12
3.245671e-14
3.101573e-14
3.061997e-14
2.999168e-14
2.6342e-08
6.142082e-08
7.520448e-08
6.61076e-08
3.54524e-08
2.775758e-11
3.633391e-12
3.581173e-12
3.582807e-12
3.56802e-12
3.245263e-14
3.10215e-14
3.062789e-14
2.999712e-14
2.858898e-14
2.523016e-08
5.423992e-08
5.708714e-08
3.355718e-08
2.775759e-11
3.635135e-12
3.578664e-12
3.579373e-12
3.565078e-12
3.244137e-14
3.102829e-14
3.064329e-14
3.000639e-14
2.859131e-14
5.823301e-15
2.267073e-08
4.18888e-08
2.943815e-08
2.64668e-11
3.635138e-12
3.577424e-12
3.577076e-12
3.562585e-12
3.242818e-14
3.103291e-14
3.066809e-14
3.002742e-14
2.859591e-14
5.822509e-15
5.579947e-15
1.815034e-08
2.231454e-08
2.366065e-11
3.63339e-12
3.577429e-12
3.575922e-12
3.560796e-12
3.241498e-14
3.103689e-14
3.070052e-14
3.00656e-14
2.861211e-14
5.821986e-15
5.578627e-15
5.507682e-15
1.046301e-08
1.88059e-11
3.629447e-12
3.578663e-12
3.575927e-12
3.559861e-12
3.24045e-14
3.103843e-14
3.07369e-14
3.012211e-14
2.864703e-14
5.823447e-15
5.577165e-15
5.506041e-15
5.464969e-15
1.07295e-11
3.622309e-12
3.581167e-12
3.577076e-12
3.559862e-12
3.239866e-14
3.103831e-14
3.076792e-14
3.018958e-14
2.870485e-14
5.828564e-15
5.577284e-15
5.503998e-15
5.46305e-15
5.384674e-15
3.59564e-12
3.609795e-12
3.585068e-12
3.579366e-12
3.560793e-12
3.239862e-14
3.103773e-14
3.078942e-14
3.025046e-14
2.877885e-14
5.838776e-15
5.580769e-15
5.503304e-15
5.460458e-15
5.382608e-15
3.594333e-12
3.602591e-12
3.59056e-12
3.582798e-12
3.562577e-12
3.240441e-14
3.103767e-14
3.080009e-14
3.029425e-14
2.884716e-14
5.853305e-15
5.58952e-15
5.505859e-15
5.458908e-15
5.379687e-15
3.595158e-12
3.605923e-12
3.597505e-12
3.587318e-12
3.565068e-12
3.241484e-14
3.103821e-14
3.080002e-14
3.031658e-14
2.889581e-14
5.867056e-15
5.603266e-15
5.513884e-15
5.460305e-15
5.377552e-15
3.595581e-12
3.607358e-12
3.601015e-12
3.592494e-12
3.568011e-12
3.242802e-14
3.103828e-14
3.078929e-14
3.03165e-14
2.892015e-14
5.876726e-15
5.616817e-15
5.527313e-15
5.46703e-15
5.378047e-15
3.592202e-12
3.608064e-12
3.602768e-12
3.595602e-12
3.571003e-12
3.244125e-14
3.103672e-14
3.076775e-14
3.029411e-14
2.892007e-14
5.881464e-15
5.626631e-15
5.540888e-15
5.479223e-15
5.383568e-15
3.604771e-12
3.60366e-12
3.597281e-12
3.572765e-12
3.245255e-14
3.103279e-14
3.073672e-14
3.025027e-14
2.889565e-14
5.881447e-15
5.631566e-15
5.550916e-15
5.491799e-15
5.394425e-15
3.600454e-12
3.598151e-12
3.573656e-12
3.245663e-14
3.10282e-14
3.070038e-14
3.018939e-14
2.884695e-14
5.876688e-15
5.631549e-15
5.556044e-15
5.501167e-15
5.405815e-15
3.594949e-12
3.57409e-12
3.245703e-14
3.102142e-14
3.066798e-14
3.012194e-14
2.877864e-14
5.867005e-15
5.626589e-15
5.556028e-15
5.505979e-15
5.41433e-15
3.570754e-12
3.245655e-14
3.101564e-14
3.064319e-14
3.006546e-14
2.870465e-14
5.853256e-15
5.616762e-15
5.550872e-15
5.505962e-15
5.418703e-15
3.2452e-14
3.101205e-14
3.062778e-14
3.00273e-14
2.864687e-14
5.838732e-15
5.603214e-15
5.54083e-15
5.501123e-15
5.418686e-15
3.100783e-14
3.061983e-14
3.000626e-14
2.861198e-14
5.828528e-15
5.589478e-15
5.527261e-15
5.49174e-15
5.414285e-15
3.061418e-14
2.999696e-14
2.859577e-14
5.823421e-15
5.580736e-15
5.513843e-15
5.479169e-15
5.405756e-15
2.999153e-14
2.859111e-14
5.821958e-15
5.577262e-15
5.505829e-15
5.46699e-15
5.394372e-15
2.858882e-14
5.822465e-15
5.57714e-15
5.503285e-15
5.460278e-15
5.383529e-15
5.823267e-15
5.578583e-15
5.503976e-15
5.45889e-15
5.378021e-15
5.579915e-15
5.505997e-15
5.460437e-15
5.377536e-15
5.507651e-15
5.463007e-15
5.379666e-15
5.464938e-15
5.382566e-15
5.384645e-15
)
;
    }
}
)

// processor3

153641
(dimensions      [0 3 -1 0 0 0 0];

oriented        oriented;

internalField   nonuniform List<scalar> 
11150
(
5.652884e-12
8.224321e-09
6.060584e-12
1.51496e-11
1.682648e-08
1.086315e-11
5.181534e-12
8.214248e-09
5.419428e-12
9.578173e-12
1.683028e-08
1.68587e-11
2.094108e-11
2.185113e-08
1.556263e-11
1.377331e-11
1.68092e-08
9.732464e-12
2.753102e-11
3.835879e-08
3.104708e-11
4.518139e-12
8.205424e-09
4.84068e-12
8.798811e-12
1.681303e-08
1.496441e-11
1.413901e-11
2.187267e-08
2.410289e-11
1.551254e-11
2.4731e-08
2.36877e-11
1.894139e-11
2.183324e-08
1.404171e-11
3.731569e-11
5.199862e-08
4.338701e-11
1.192961e-11
1.679406e-08
8.797924e-12
2.49437e-11
3.832718e-08
2.76358e-11
3.982108e-11
5.204323e-08
4.294451e-11
4.044892e-12
8.197667e-09
4.253934e-12
7.617415e-12
1.679792e-08
1.345482e-11
1.288992e-11
2.185493e-08
2.132256e-11
2.25132e-11
2.479508e-08
1.986558e-11
2.681128e-16
2.60531e-08
3.063042e-11
1.398976e-11
2.471599e-08
2.142537e-11
2.709451e-11
6.006088e-08
5.970721e-11
1.640503e-11
2.181759e-08
1.252741e-11
3.362495e-11
5.196831e-08
3.886846e-11
5.28381e-11
7.198346e-08
5.815082e-11
1.075163e-11
1.678075e-08
7.685079e-12
2.163227e-11
3.829944e-08
2.499754e-11
3.588286e-11
5.201322e-08
3.814451e-11
5.680661e-11
6.022196e-08
3.424109e-11
3.511052e-12
8.190913e-09
3.792724e-12
6.859183e-12
1.678463e-08
1.180204e-11
1.117634e-11
2.183941e-08
1.932854e-11
2.03237e-11
2.478043e-08
1.750601e-11
2.975529e-11
2.619683e-08
5.213871e-12
-1.551235e-11
2.60531e-08
3.063075e-11
-8.562789e-16
2.604091e-08
2.768793e-11
8.671043e-16
6.380248e-08
7.250164e-11
1.21435e-11
2.47029e-08
1.884405e-11
2.434986e-11
6.004146e-08
5.370098e-11
3.7881e-11
8.401891e-08
7.620549e-11
1.475308e-11
2.180385e-08
1.111036e-11
2.921455e-11
5.194178e-08
3.472949e-11
4.74072e-11
7.196347e-08
5.201626e-11
7.205798e-11
8.417884e-08
4.404602e-11
9.177181e-12
1.676914e-08
7.044484e-12
1.949029e-11
3.827509e-08
2.190932e-11
3.122113e-11
5.198698e-08
3.474263e-11
5.09255e-11
6.020351e-08
3.041571e-11
7.026962e-11
6.418701e-08
7.988258e-12
3.423428e-12
8.185062e-09
2.983787e-12
5.80634e-12
1.677304e-08
1.072497e-11
1.002143e-11
2.182579e-08
1.693509e-11
1.773314e-11
2.476767e-08
1.623665e-11
2.667455e-11
2.618529e-08
4.540723e-12
2.976575e-11
2.632927e-08
-9.386585e-12
-3.919502e-12
3.585653e-12
3.932364e-12
-2.09413e-11
2.4731e-08
2.368818e-11
-1.399116e-11
2.604091e-08
2.768761e-11
-2.709322e-11
6.380248e-08
7.250245e-11
-5.259631e-16
2.603034e-08
2.426314e-11
-1.461637e-15
6.3793e-08
6.525636e-11
9.180058e-16
8.965388e-08
8.981685e-11
1.087932e-11
2.469142e-08
1.686158e-11
2.120006e-11
6.00246e-08
4.737849e-11
3.392069e-11
8.40229e-08
6.849422e-11
5.06125e-11
9.882162e-08
5.498092e-11
1.264744e-11
2.179186e-08
9.908397e-12
2.625003e-11
5.191857e-08
3.087325e-11
4.133274e-11
7.194617e-08
4.667369e-11
6.442136e-11
8.418383e-08
3.954626e-11
8.663229e-11
9.014191e-08
5.932974e-12
8.761945e-12
1.67591e-08
5.813128e-12
1.655111e-11
3.825378e-08
2.015363e-11
2.800354e-11
5.196402e-08
3.046345e-11
4.453216e-11
6.018754e-08
2.838421e-11
6.270462e-11
6.417938e-08
7.26076e-12
7.041572e-11
6.456115e-08
-1.843917e-11
3.290489e-12
8.180451e-09
1.878757e-12
5.647067e-12
1.676298e-08
8.546984e-12
8.52334e-12
2.18139e-08
1.564455e-11
1.579343e-11
2.47565e-08
1.418539e-11
2.336955e-11
2.617527e-08
5.053592e-12
2.64852e-11
2.631789e-08
-8.166977e-12
2.184813e-11
2.521403e-08
-1.256896e-11
-7.768457e-12
3.589029e-12
3.865051e-12
-3.930823e-12
3.579256e-12
3.943519e-12
-3.917408e-12
3.598197e-12
7.869259e-12
-1.514996e-11
2.185113e-08
1.556282e-11
-1.894238e-11
2.471599e-08
2.142482e-11
-3.731518e-11
6.006088e-08
5.970847e-11
-1.214454e-11
2.603034e-08
2.426323e-11
-2.435238e-11
6.3793e-08
6.525563e-11
-3.787957e-11
8.965388e-08
8.981806e-11
-8.169905e-16
2.602109e-08
2.170472e-11
-6.331657e-16
6.378495e-08
5.733437e-11
-1.441484e-15
8.967778e-08
8.082415e-11
3.76422e-16
1.057156e-07
6.326756e-11
9.396619e-12
2.468146e-08
1.476019e-11
1.899368e-11
6.000996e-08
4.248247e-11
2.962844e-11
8.402686e-08
6.051335e-11
4.519708e-11
9.886648e-08
4.973422e-11
6.00519e-11
1.060987e-07
3.203476e-12
1.176608e-11
2.178154e-08
8.732943e-12
2.247303e-11
5.189827e-08
2.763118e-11
3.700769e-11
7.193121e-08
4.163022e-11
5.641998e-11
8.418871e-08
3.599491e-11
7.717721e-11
9.016836e-08
5.871976e-12
8.69392e-11
9.070285e-08
-3.281281e-11
7.715162e-12
1.675117e-08
4.623788e-12
1.557346e-11
3.823536e-08
1.687565e-11
2.395785e-11
5.194397e-08
2.838639e-11
3.971172e-11
6.017371e-08
2.485491e-11
5.504204e-11
6.4173e-08
8.359748e-12
6.245489e-11
6.455409e-08
-1.578938e-11
5.626187e-11
6.140095e-08
-2.66895e-11
3.439051e-12
8.17719e-09
4.043956e-13
5.13663e-12
1.675491e-08
5.962043e-12
8.031377e-12
2.180359e-08
1.239647e-11
1.364187e-11
2.474678e-08
1.361758e-11
2.069811e-11
2.616655e-08
4.376813e-12
2.321628e-11
2.630801e-08
-5.887026e-12
1.916937e-11
2.519963e-08
-1.044927e-11
1.119902e-11
2.265066e-08
-1.265312e-12
-1.154624e-11
3.588613e-12
3.800252e-12
-7.791361e-12
3.582645e-12
3.876458e-12
-7.715122e-12
3.601487e-12
7.685059e-12
-3.93991e-12
3.573167e-12
3.952298e-12
-3.928585e-12
3.591773e-12
7.891448e-12
-3.928338e-12
3.593888e-12
1.18464e-11
-5.653085e-12
1.682648e-08
1.086302e-11
-1.377385e-11
2.183324e-08
1.404122e-11
-2.753105e-11
5.199862e-08
4.338762e-11
-1.64059e-11
2.47029e-08
1.884397e-11
-3.362676e-11
6.004146e-08
5.36997e-11
-5.283742e-11
8.401891e-08
7.62074e-11
-1.088081e-11
2.602109e-08
2.170453e-11
-2.12014e-11
6.378495e-08
5.733455e-11
-3.392318e-11
8.967778e-08
8.082312e-11
-5.061203e-11
1.057156e-07
6.326901e-11
-8.796477e-16
2.601311e-08
1.898471e-11
-1.288362e-15
6.37781e-08
5.144064e-11
-6.760365e-16
8.969939e-08
7.100134e-11
-1.14333e-15
1.057915e-07
5.733237e-11
-5.745231e-16
1.13631e-07
1.800236e-12
8.586853e-12
2.467293e-08
1.327713e-11
1.637089e-11
5.999728e-08
3.73193e-11
2.647983e-11
8.403077e-08
5.45646e-11
3.963745e-11
9.890672e-08
4.401676e-11
5.347091e-11
1.061767e-07
3.887351e-12
6.030129e-11
1.067827e-07
-4.958781e-11
1.026174e-11
2.177342e-08
6.994426e-12
2.071207e-11
5.188088e-08
2.439619e-11
3.188138e-11
7.191831e-08
3.748209e-11
5.029674e-11
8.419347e-08
3.241194e-11
6.784174e-11
9.019226e-08
6.571793e-12
7.705395e-11
9.073048e-08
-2.816437e-11
7.209678e-11
8.594029e-08
-4.766288e-11
8.187421e-12
1.674555e-08
2.038614e-12
1.324748e-11
3.82205e-08
1.395434e-11
2.212428e-11
5.192668e-08
2.372084e-11
3.437586e-11
6.016177e-08
2.410546e-11
4.881261e-11
6.416769e-08
7.3098e-12
5.492081e-11
6.45482e-08
-1.159223e-11
4.938162e-11
6.138346e-08
-2.242708e-11
3.647576e-11
5.420574e-08
-1.188535e-11
-4.09395e-13
8.174639e-09
3.607018e-12
6.137601e-12
1.674919e-08
1.193533e-12
6.977802e-12
2.179526e-08
8.879068e-12
1.242877e-11
2.473837e-08
1.027416e-11
1.804738e-11
2.615897e-08
5.326643e-12
2.037884e-11
2.629939e-08
-5.012372e-12
1.671006e-11
2.518705e-08
-7.543262e-12
9.399935e-12
2.263276e-08
4.300362e-13
2.693756e-12
1.81299e-08
1.853435e-11
-1.54747e-11
3.587798e-12
3.959294e-12
-1.158178e-11
3.58227e-12
3.812695e-12
-1.128722e-11
3.600789e-12
7.39971e-12
-7.809533e-12
3.576579e-12
3.885231e-12
-7.737526e-12
3.595075e-12
7.707538e-12
-7.696486e-12
3.597091e-12
1.150372e-11
-3.948833e-12
3.565219e-12
3.963075e-12
-3.937595e-12
3.585651e-12
7.908947e-12
-3.939323e-12
3.587465e-12
1.187956e-11
-3.978841e-12
3.588385e-12
1.597721e-11
8.224321e-09
6.060397e-12
-5.181698e-12
1.68092e-08
9.732072e-12
-9.578293e-12
3.835879e-08
3.104701e-11
-1.193018e-11
2.181759e-08
1.252712e-11
-2.49448e-11
5.196831e-08
3.886727e-11
-3.982091e-11
7.198346e-08
5.815189e-11
-1.47542e-11
2.469142e-08
1.68612e-11
-2.921574e-11
6.00246e-08
4.737843e-11
-4.740905e-11
8.40229e-08
6.849237e-11
-7.205792e-11
9.882162e-08
5.498318e-11
-9.39835e-12
2.601311e-08
1.898464e-11
-1.899606e-11
6.37781e-08
5.144021e-11
-2.962983e-11
8.969939e-08
7.100163e-11
-4.51991e-11
1.057915e-07
5.733113e-11
-6.005311e-11
1.13631e-07
1.801682e-12
-1.029763e-15
2.600633e-08
1.700293e-11
-1.406252e-15
6.377236e-08
4.506196e-11
-1.270755e-15
8.971895e-08
6.410358e-11
-9.208151e-16
1.058594e-07
5.01566e-11
-7.737601e-16
1.137478e-07
2.833226e-12
-1.520112e-15
1.14375e-07
-6.091215e-11
7.55918e-12
2.46664e-08
1.08157e-11
1.490586e-11
5.998667e-08
3.355103e-11
2.293081e-11
8.403463e-08
4.795997e-11
3.531471e-11
9.894288e-08
4.041258e-11
4.705513e-11
1.062463e-07
3.625308e-12
5.344979e-11
1.068624e-07
-4.271498e-11
5.084699e-11
1.009642e-07
-7.243928e-11
1.018172e-11
2.176777e-08
5.139469e-12
1.764145e-11
5.186701e-08
1.989661e-11
2.904354e-11
7.190748e-08
3.324455e-11
4.370843e-11
8.41981e-08
2.969745e-11
6.020865e-11
9.021392e-08
6.650613e-12
6.788767e-11
9.075541e-08
-2.313591e-11
6.336074e-11
8.594752e-08
-4.082073e-11
5.080862e-11
7.518246e-08
-3.17029e-11
3.238138e-12
1.674005e-08
3.156412e-12
1.449025e-11
3.820967e-08
7.215915e-12
1.851962e-11
5.191268e-08
2.007518e-11
3.113836e-11
6.015166e-08
1.966735e-11
4.263565e-11
6.416328e-08
9.209353e-12
4.830366e-11
6.45433e-08
-9.902647e-12
4.338785e-11
6.13683e-08
-1.703553e-11
3.133246e-11
5.417556e-08
-8.436856e-12
1.967253e-11
4.185037e-08
1.432974e-11
4.003709e-13
8.570809e-12
1.187249e-12
1.674435e-08
8.598644e-12
8.155552e-12
2.178947e-08
4.522482e-13
1.062009e-11
2.473161e-08
6.911466e-12
1.612174e-11
2.615243e-08
2.856615e-12
1.788049e-11
2.629188e-08
-2.671772e-12
1.434601e-11
2.517603e-08
-5.892555e-12
7.922781e-12
2.261706e-08
2.598017e-12
1.442882e-12
1.811166e-08
1.923994e-11
-1.069203e-11
1.044918e-08
4.440821e-11
-2.039939e-11
3.589114e-12
4.938728e-12
-1.552536e-11
3.581517e-12
3.974168e-12
-1.457507e-11
3.599365e-12
7.279471e-12
-1.160978e-11
3.576266e-12
3.822199e-12
-1.132132e-11
3.594418e-12
7.423668e-12
-1.112616e-11
3.596207e-12
1.088213e-11
-7.827699e-12
3.568721e-12
3.896266e-12
-7.755366e-12
3.588978e-12
7.724844e-12
-7.71831e-12
3.59068e-12
1.153702e-11
-7.768609e-12
3.591585e-12
1.544374e-11
-3.951171e-12
3.551652e-12
3.97103e-12
-3.946398e-12
3.577646e-12
7.930426e-12
-3.948243e-12
3.581351e-12
1.190581e-11
-3.989665e-12
3.581956e-12
1.602171e-11
-4.057092e-12
3.56421e-12
2.076826e-11
8.214248e-09
5.419274e-12
1.683028e-08
1.685837e-11
-4.51832e-12
1.679406e-08
8.797552e-12
-8.799218e-12
3.832718e-08
2.763479e-11
-1.413903e-11
5.204323e-08
4.294461e-11
-1.075227e-11
2.180385e-08
1.11099e-11
-2.163313e-11
5.194178e-08
3.472893e-11
-3.588401e-11
7.196347e-08
5.201449e-11
-5.680677e-11
8.417884e-08
4.404721e-11
-1.264883e-11
2.468146e-08
1.475992e-11
-2.625188e-11
6.000996e-08
4.248162e-11
-4.133397e-11
8.402686e-08
6.05133e-11
-6.44229e-11
9.886648e-08
4.973205e-11
-8.663346e-11
1.060987e-07
3.205617e-12
-8.588826e-12
2.600633e-08
1.700282e-11
-1.637361e-11
6.377236e-08
4.506185e-11
-2.648218e-11
8.971895e-08
6.410299e-11
-3.963921e-11
1.058594e-07
5.015693e-11
-5.347233e-11
1.137478e-07
2.831989e-12
-6.030418e-11
1.14375e-07
-6.091086e-11
-1.329315e-15
2.600134e-08
1.419419e-11
-1.76819e-15
6.376791e-08
4.040307e-11
-1.579037e-15
8.973672e-08
5.606018e-11
-1.184713e-15
1.0592e-07
4.61886e-11
-1.344894e-15
1.138519e-07
1.962821e-12
-5.499502e-16
1.144941e-07
-5.264367e-11
-2.012727e-15
1.080439e-07
-8.960222e-11
7.106543e-12
2.466213e-08
8.999848e-12
1.282541e-11
5.997877e-08
2.740192e-11
2.072506e-11
8.403866e-08
4.347415e-11
3.07851e-11
9.897543e-08
3.543456e-11
4.177781e-11
1.063085e-07
5.032476e-12
4.71441e-11
1.069336e-07
-3.727968e-11
4.473688e-11
1.010128e-07
-6.263573e-11
3.708879e-11
8.788488e-08
-5.561449e-11
6.526928e-12
2.176203e-08
4.109421e-12
1.774309e-11
5.185719e-08
1.529585e-11
2.44964e-11
7.189924e-08
2.710503e-11
3.933225e-11
8.420274e-08
2.663621e-11
5.269564e-11
9.023358e-08
7.29386e-12
5.983142e-11
9.077795e-08
-1.927048e-11
5.586975e-11
8.595434e-08
-3.390523e-11
4.401469e-11
7.516314e-08
-2.615492e-11
3.239977e-11
5.704992e-08
-6.707831e-13
1.664377e-12
1.096681e-11
8.65143e-12
3.819967e-08
8.690516e-12
1.947388e-11
5.190276e-08
9.625967e-12
2.610505e-11
6.014368e-08
1.710543e-11
3.807211e-11
6.41598e-08
6.467122e-12
4.25095e-11
6.453925e-08
-5.549533e-12
3.75468e-11
6.135515e-08
-1.395922e-11
2.729928e-11
5.414911e-08
-4.254051e-12
1.592502e-11
4.181635e-08
1.574164e-11
4.385006e-12
2.228938e-08
2.704451e-11
8.452956e-13
1.719031e-11
3.895702e-12
2.178526e-08
1.072527e-11
1.145281e-11
2.472727e-08
-4.708684e-12
1.380604e-11
2.614741e-08
2.824636e-13
1.562968e-11
2.628538e-08
-3.921304e-12
1.264649e-11
2.516638e-08
-3.225814e-12
6.26339e-12
2.260326e-08
3.970981e-12
5.040207e-13
1.809563e-08
2.012037e-11
-1.161532e-11
1.043677e-08
4.458343e-11
-8.887719e-12
1.071335e-11
3.299694e-11
-2.047138e-11
3.582916e-12
4.95966e-12
-1.762295e-11
3.59605e-12
8.012785e-12
-1.556472e-11
3.575606e-12
3.985211e-12
-1.462159e-11
3.593056e-12
7.306548e-12
-1.399159e-11
3.594467e-12
1.019826e-11
-1.163813e-11
3.568613e-12
3.834043e-12
-1.134833e-11
3.588383e-12
7.442036e-12
-1.115891e-11
3.589837e-12
1.091696e-11
-1.114479e-11
3.590724e-12
1.440223e-11
-7.832597e-12
3.555374e-12
3.904313e-12
-7.773133e-12
3.581062e-12
7.746678e-12
-7.735769e-12
3.584591e-12
1.156269e-11
-7.789933e-12
3.585168e-12
1.548803e-11
-7.90961e-12
3.567544e-12
2.002055e-11
-3.941714e-12
3.518429e-12
3.98122e-12
-3.948709e-12
3.563957e-12
7.946384e-12
-3.956883e-12
3.573347e-12
1.193796e-11
-3.998543e-12
3.575844e-12
1.605717e-11
-4.067765e-12
3.557788e-12
2.082545e-11
-4.372521e-14
3.239218e-14
2.095239e-11
8.205424e-09
4.840495e-12
1.681303e-08
1.496393e-11
2.187267e-08
2.410257e-11
-4.045104e-12
1.678075e-08
7.684629e-12
-7.61774e-12
3.829944e-08
2.499675e-11
-1.289036e-11
5.201322e-08
3.814291e-11
-2.251332e-11
6.022196e-08
3.424114e-11
-9.178133e-12
2.179186e-08
9.907855e-12
-1.949145e-11
5.191857e-08
3.087222e-11
-3.122197e-11
7.194616e-08
4.667291e-11
-5.092647e-11
8.418383e-08
3.954419e-11
-7.027048e-11
9.014191e-08
5.933921e-12
-1.176761e-11
2.467293e-08
1.32766e-11
-2.247533e-11
5.999728e-08
3.731867e-11
-3.700954e-11
8.403077e-08
5.456346e-11
-5.642145e-11
9.890672e-08
4.401669e-11
-7.717831e-11
1.061767e-07
3.885142e-12
-8.694154e-11
1.067827e-07
-4.958607e-11
-7.56175e-12
2.600134e-08
1.419403e-11
-1.490928e-11
6.376791e-08
4.040287e-11
-2.293395e-11
8.973672e-08
5.606013e-11
-3.5317e-11
1.0592e-07
4.618797e-11
-4.705755e-11
1.138519e-07
1.963205e-12
-5.345092e-11
1.144941e-07
-5.264474e-11
-5.085071e-11
1.080439e-07
-8.960118e-11
5.300291e-15
2.599841e-08
1.176884e-11
-2.418232e-15
6.376547e-08
3.353044e-11
-1.76054e-15
8.975306e-08
5.072139e-11
-1.693609e-15
1.059743e-07
4.002083e-11
-1.282278e-15
1.139449e-07
3.935676e-12
-1.77214e-15
1.146002e-07
-4.686888e-11
-8.147281e-16
1.081245e-07
-7.78228e-11
-2.114938e-15
9.384199e-08
-7.237657e-11
5.296065e-12
2.465773e-08
7.483177e-12
1.21828e-11
5.997416e-08
2.324645e-11
1.763e-11
8.404354e-08
3.503508e-11
2.759333e-11
9.90048e-08
3.302896e-11
3.662496e-11
1.063643e-07
4.20315e-12
4.161157e-11
1.069973e-07
-3.088869e-11
3.950993e-11
1.010563e-07
-5.441105e-11
3.225931e-11
8.789088e-08
-4.74744e-11
2.498092e-11
6.60835e-08
-1.653012e-11
3.160127e-12
1.102372e-11
1.377295e-11
5.184803e-08
1.213566e-11
2.418253e-11
7.189459e-08
2.041419e-11
3.329092e-11
8.420781e-08
2.107992e-11
4.695425e-11
9.025152e-08
7.158894e-12
5.271838e-11
9.079842e-08
-1.523739e-11
4.861765e-11
8.596076e-08
-2.833187e-11
3.872103e-11
7.514639e-08
-2.059196e-11
2.734348e-11
5.701706e-08
1.651261e-12
1.644221e-11
2.941143e-08
1.745272e-11
4.731068e-12
2.271749e-11
1.433226e-11
5.189488e-08
1.036655e-11
2.574826e-11
6.0139e-08
4.716857e-12
3.190478e-11
6.415786e-08
6.20069e-12
3.726104e-11
6.453606e-08
-6.188754e-12
3.331554e-11
6.13438e-08
-8.887317e-12
2.278393e-11
5.412592e-08
-1.677655e-12
1.324497e-11
4.178644e-08
1.752222e-11
1.919109e-12
2.2267e-08
2.716312e-11
-4.097452e-12
1.878189e-11
2.232216e-11
2.029106e-12
2.218264e-11
8.094341e-12
2.472522e-08
6.847989e-12
1.225167e-11
2.614452e-08
-1.185322e-11
1.321638e-11
2.628032e-08
-5.528158e-12
1.051392e-11
2.515794e-08
-3.578188e-12
5.40673e-12
2.259111e-08
5.836851e-12
-6.91132e-13
1.808152e-08
2.073471e-11
-1.237478e-11
1.042587e-08
4.471088e-11
-8.919495e-12
1.069871e-11
3.313059e-11
-9.433927e-12
3.603258e-12
2.486085e-11
-2.052618e-11
3.577126e-12
4.974691e-12
-1.768306e-11
3.589827e-12
8.046978e-12
-1.594694e-11
3.590975e-12
1.001584e-11
-1.560539e-11
3.568265e-12
3.998968e-12
-1.465806e-11
3.587115e-12
7.32674e-12
-1.403494e-11
3.588158e-12
1.023584e-11
-1.378246e-11
3.58906e-12
1.296736e-11
-1.164603e-11
3.555766e-12
3.842247e-12
-1.137553e-11
3.580672e-12
7.465012e-12
-1.118504e-11
3.58381e-12
1.094381e-11
-1.11765e-11
3.584348e-12
1.444789e-11
-1.131124e-11
3.56712e-12
1.849851e-11
-7.813944e-12
3.522736e-12
3.914387e-12
-7.777948e-12
3.567594e-12
7.762796e-12
-7.75308e-12
3.576677e-12
1.159516e-11
-7.807076e-12
3.579082e-12
1.552227e-11
-7.93047e-12
3.561134e-12
2.007705e-11
-8.559902e-14
3.239676e-14
2.020142e-11
-3.889332e-12
3.426836e-12
3.987191e-12
-3.939317e-12
3.530424e-12
7.967036e-12
-3.959157e-12
3.559673e-12
1.196199e-11
-4.007036e-12
3.567836e-12
1.610033e-11
-4.076639e-12
3.5517e-12
2.087163e-11
-4.382332e-14
3.233278e-14
2.100998e-11
-4.330744e-14
3.095066e-14
2.126753e-11
8.197667e-09
4.253735e-12
1.679792e-08
1.345433e-11
2.185493e-08
2.132168e-11
2.479508e-08
1.986513e-11
-3.511347e-12
1.676914e-08
7.043882e-12
-6.859615e-12
3.827509e-08
2.190828e-11
-1.117667e-11
5.198698e-08
3.474144e-11
-2.032404e-11
6.020351e-08
3.041373e-11
-2.975565e-11
6.418701e-08
7.987918e-12
-8.762747e-12
2.178154e-08
8.732161e-12
-1.655266e-11
5.189827e-08
2.763e-11
-2.800471e-11
7.193121e-08
4.162877e-11
-4.453313e-11
8.418871e-08
3.59939e-11
-6.270534e-11
9.016836e-08
5.869808e-12
-7.041729e-11
9.070285e-08
-3.281247e-11
-1.026314e-11
2.46664e-08
1.081458e-11
-2.071479e-11
5.998667e-08
3.354974e-11
-3.188402e-11
8.403463e-08
4.79591e-11
-5.029856e-11
9.894288e-08
4.041128e-11
-6.784368e-11
1.062463e-07
3.6251e-12
-7.70549e-11
1.068624e-07
-4.271695e-11
-7.209974e-11
1.009642e-07
-7.243813e-11
-7.094432e-12
2.599841e-08
1.176755e-11
-1.283009e-11
6.376547e-08
3.353008e-11
-2.072865e-11
8.975306e-08
5.072121e-11
-3.078881e-11
1.059743e-07
4.002129e-11
-4.178043e-11
1.139449e-07
3.935069e-12
-4.714737e-11
1.146002e-07
-4.686863e-11
-4.473862e-11
1.081245e-07
-7.782362e-11
-3.709269e-11
9.384199e-08
-7.237566e-11
1.94572e-14
2.59953e-08
1.031782e-11
1.211663e-15
6.376518e-08
2.852132e-11
-3.256905e-15
8.97688e-08
4.137686e-11
-1.887201e-15
1.06023e-07
3.728096e-11
-1.181925e-15
1.140281e-07
2.51602e-12
-1.601943e-15
1.14695e-07
-3.904128e-11
-2.226372e-15
1.081965e-07
-6.86205e-11
-1.722663e-15
9.386888e-08
-6.241739e-11
-2.361764e-15
7.028643e-08
-2.730783e-11
2.851764e-12
1.224129e-11
1.092067e-11
5.996992e-08
1.909881e-11
1.689133e-11
8.405062e-08
2.94033e-11
2.350722e-11
9.903165e-08
2.514889e-11
3.259997e-11
1.064142e-07
6.033454e-12
3.668841e-11
1.070544e-07
-2.731857e-11
3.450225e-11
1.010953e-07
-4.586864e-11
2.847493e-11
8.789659e-08
-4.051592e-11
2.135172e-11
6.606228e-08
-1.287479e-11
1.437908e-11
3.353435e-08
1.229803e-11
8.093829e-12
2.359078e-11
2.020886e-11
7.189154e-08
1.505459e-11
3.174123e-11
8.421491e-08
1.380854e-11
3.9781e-11
9.026793e-08
4.097565e-12
4.631893e-11
9.081702e-08
-1.237474e-11
4.318796e-11
8.596693e-08
-2.286984e-11
3.292006e-11
7.513187e-08
-1.608869e-11
2.373045e-11
5.698824e-08
4.059792e-12
1.312925e-11
2.93877e-08
1.754019e-11
-1.917119e-12
2.363554e-11
1.532835e-11
8.824775e-12
2.823447e-11
2.164377e-11
6.013735e-08
3.681042e-12
3.05011e-11
6.415819e-08
-8.43313e-12
3.141967e-11
6.453413e-08
-4.328157e-12
2.816631e-11
6.133405e-08
-8.180451e-12
2.03027e-11
5.410563e-08
2.107668e-12
9.844629e-12
4.176014e-08
1.861522e-11
1.510302e-13
2.22473e-08
2.724619e-11
-4.113646e-12
1.876025e-11
2.242289e-11
-5.133151e-12
3.615769e-12
1.805497e-11
4.402802e-12
2.171065e-11
1.165823e-11
2.614423e-08
-2.06256e-12
1.085686e-11
2.627753e-08
-1.752965e-11
8.560302e-12
2.515096e-08
-4.718284e-12
3.709892e-12
2.25804e-08
5.697901e-12
-1.15079e-12
1.806904e-08
2.141219e-11
-1.321751e-11
1.041626e-08
4.485003e-11
-8.944054e-12
1.068514e-11
3.322697e-11
-9.465836e-12
3.597176e-12
2.496593e-11
-9.829094e-12
3.584054e-12
1.88022e-11
-2.058435e-11
3.570201e-12
4.993248e-12
-1.772942e-11
3.58401e-12
8.071528e-12
-1.599942e-11
3.584748e-12
1.005899e-11
-1.5141e-11
3.585972e-12
1.149525e-11
-1.561699e-11
3.556172e-12
4.007429e-12
-1.469543e-11
3.579712e-12
7.352143e-12
-1.406928e-11
3.582224e-12
1.026401e-11
-1.382368e-11
3.582744e-12
1.301449e-11
-1.388199e-11
3.566244e-12
1.617387e-11
-1.161856e-11
3.524451e-12
3.851847e-12
-1.138319e-11
3.567702e-12
7.481335e-12
-1.121118e-11
3.576098e-12
1.097743e-11
-1.120201e-11
3.578324e-12
1.448337e-11
-1.134222e-11
3.560749e-12
1.855641e-11
-1.230781e-13
3.239734e-14
1.867068e-11
-7.70873e-12
3.432491e-12
3.919104e-12
-7.759545e-12
3.534644e-12
7.783339e-12
-7.757822e-12
3.563221e-12
1.161942e-11
-7.823995e-12
3.571162e-12
1.556563e-11
-7.947315e-12
3.555073e-12
2.012111e-11
-8.578135e-14
3.233748e-14
2.025831e-11
-8.487379e-14
3.09549e-14
2.051479e-11
-3.716585e-12
3.156813e-12
3.992822e-12
-3.887511e-12
3.438059e-12
7.98003e-12
-3.949877e-12
3.526166e-12
1.199333e-11
-4.009268e-12
3.554177e-12
1.613284e-11
-4.084977e-12
3.54373e-12
2.092705e-11
-4.391241e-14
3.227608e-14
2.105658e-11
-4.34013e-14
3.08938e-14
2.132545e-11
-4.39828e-14
3.055752e-14
2.192448e-11
8.190913e-09
3.792384e-12
1.678463e-08
1.180145e-11
2.183941e-08
1.932775e-11
2.478043e-08
1.750485e-11
2.619683e-08
5.213123e-12
-3.423673e-12
1.67591e-08
5.812464e-12
-5.806982e-12
3.825378e-08
2.015217e-11
-1.002185e-11
5.196402e-08
3.046199e-11
-1.773348e-11
6.018754e-08
2.838267e-11
-2.667477e-11
6.417938e-08
7.258666e-12
-2.976636e-11
6.456115e-08
-1.844017e-11
-7.715514e-12
2.177342e-08
6.993245e-12
-1.55751e-11
5.188088e-08
2.439439e-11
-2.395962e-11
7.191831e-08
3.748032e-11
-3.97128e-11
8.419347e-08
3.241025e-11
-5.504325e-11
9.019226e-08
6.570457e-12
-6.245548e-11
9.073047e-08
-2.81664e-11
-5.626371e-11
8.594029e-08
-4.766315e-11
-1.017033e-11
2.466213e-08
9.000734e-12
-1.764468e-11
5.997877e-08
2.739951e-11
-2.904622e-11
8.403866e-08
4.34722e-11
-4.371152e-11
9.897543e-08
3.543344e-11
-6.021069e-11
1.063085e-07
5.031013e-12
-6.789019e-11
1.069336e-07
-3.728017e-11
-6.336226e-11
1.010128e-07
-6.263736e-11
-5.08117e-11
8.788488e-08
-5.561372e-11
-5.26169e-12
2.59953e-08
1.032254e-11
-1.217759e-11
6.376518e-08
2.851725e-11
-1.763565e-11
8.97688e-08
4.137563e-11
-2.759709e-11
1.06023e-07
3.728239e-11
-3.662988e-11
1.140281e-07
2.514747e-12
-4.161502e-11
1.14695e-07
-3.904203e-11
-3.9514e-11
1.081965e-07
-6.862041e-11
-3.226276e-11
9.386888e-08
-6.241787e-11
-2.49856e-11
7.028643e-08
-2.730697e-11
1.560104e-14
1.417289e-11
2.059994e-14
6.376528e-08
2.588654e-11
-4.675248e-19
8.978548e-08
3.500757e-11
-6.413916e-15
1.060668e-07
2.866275e-11
-6.372528e-16
1.141022e-07
4.875085e-12
-2.271038e-15
1.147797e-07
-3.53794e-11
-2.401864e-15
1.082608e-07
-5.82324e-11
-2.737045e-15
9.389312e-08
-5.439209e-11
-2.673745e-15
7.027588e-08
-2.265184e-11
-2.220889e-15
3.54336e-08
1.002653e-11
6.530187e-12
2.681203e-11
1.449738e-11
8.405857e-08
2.3451e-11
2.210313e-11
9.905838e-08
1.982216e-11
2.778025e-11
1.064587e-07
1.140895e-12
3.230225e-11
1.071054e-07
-2.13944e-11
3.064127e-11
1.011305e-07
-4.00784e-11
2.442086e-11
8.7902e-08
-3.356643e-11
1.872605e-11
6.60438e-08
-9.691186e-12
1.199224e-11
3.351409e-08
1.236841e-11
-7.730977e-13
2.644433e-11
1.120105e-11
1.342618e-11
2.935048e-11
2.824557e-11
8.422431e-08
6.235546e-12
3.707658e-11
9.028484e-08
-2.110892e-12
3.945102e-11
9.083371e-08
-1.256477e-11
3.696804e-11
8.597276e-08
-1.866869e-11
2.944873e-11
7.511944e-08
-1.175785e-11
1.927639e-11
5.696294e-08
5.979089e-12
1.081988e-11
2.936685e-08
1.759749e-11
-1.926617e-12
2.361288e-11
1.540667e-11
-2.709219e-12
3.622908e-12
1.293072e-11
1.465377e-11
2.41186e-11
2.676891e-11
6.416122e-08
-8.472155e-12
2.795433e-11
6.453415e-08
-1.965066e-11
2.418271e-11
6.132569e-08
-5.71484e-12
1.592052e-11
5.408792e-08
2.831626e-12
8.440479e-12
4.173698e-08
2.017781e-11
-2.086264e-12
2.222995e-08
2.733777e-11
-4.126403e-12
1.874007e-11
2.249278e-11
-5.151187e-12
3.609717e-12
1.814137e-11
-5.893552e-12
3.578576e-12
1.416176e-11
6.984556e-12
1.588461e-11
1.132983e-11
2.627764e-08
-1.086087e-11
5.975642e-12
2.514651e-08
-1.663337e-11
2.233925e-12
2.257137e-08
4.350833e-12
-2.501979e-12
1.805799e-08
2.117002e-11
-1.365541e-11
1.040773e-08
4.487956e-11
-8.970307e-12
1.067057e-11
3.33353e-11
-9.490918e-12
3.591549e-12
2.504069e-11
-9.861255e-12
3.577958e-12
1.88868e-11
-1.020803e-11
3.580819e-12
1.398511e-11
-2.060098e-11
3.559117e-12
5.002444e-12
-1.777805e-11
3.577023e-12
8.10251e-12
-1.604051e-11
3.578934e-12
1.009005e-11
-1.518887e-11
3.579736e-12
1.154502e-11
-1.498733e-11
3.564504e-12
1.314206e-11
-1.558056e-11
3.526869e-12
4.015602e-12
-1.470626e-11
3.567489e-12
7.368625e-12
-1.410417e-11
3.574814e-12
1.029972e-11
-1.385671e-11
3.576813e-12
1.305022e-11
-1.392193e-11
3.559932e-12
1.623216e-11
-1.513582e-13
3.239711e-14
1.632802e-11
-1.145845e-11
3.437293e-12
3.852648e-12
-1.13565e-11
3.536069e-12
7.50129e-12
-1.12187e-11
3.563135e-12
1.100191e-11
-1.122736e-11
3.570605e-12
1.452773e-11
-1.136734e-11
3.554749e-12
1.860214e-11
-1.233559e-13
3.233844e-14
1.872901e-11
-1.222361e-13
3.095856e-14
1.897784e-11
-7.360407e-12
3.165099e-12
3.920473e-12
-7.656287e-12
3.443621e-12
7.794635e-12
-7.739766e-12
3.530291e-12
1.165078e-11
-7.828675e-12
3.55772e-12
1.559847e-11
-7.963859e-12
3.54719e-12
2.017661e-11
-8.593061e-14
3.228121e-14
2.030276e-11
-8.504618e-14
3.089813e-14
2.057203e-11
-8.627889e-14
3.056316e-14
2.117542e-11
-3.180825e-12
2.358894e-12
3.984791e-12
-3.716709e-12
3.166173e-12
7.994346e-12
-3.898941e-12
3.433901e-12
1.201425e-11
-4.000052e-12
3.5207e-12
1.617536e-11
-4.087144e-12
3.530201e-12
2.096931e-11
-4.398615e-14
3.219963e-14
2.111238e-11
-4.348811e-14
3.084012e-14
2.137241e-11
-4.40753e-14
3.050106e-14
2.198229e-11
-4.429543e-14
2.993602e-14
2.316742e-11
8.185062e-09
2.983454e-12
1.677304e-08
1.072403e-11
2.182579e-08
1.693419e-11
2.476767e-08
1.623556e-11
2.618529e-08
4.539431e-12
2.632927e-08
-9.387778e-12
-3.290108e-12
1.675117e-08
4.622839e-12
-5.647768e-12
3.823536e-08
1.687395e-11
-8.524107e-12
5.194396e-08
2.838405e-11
-1.57938e-11
6.017371e-08
2.485311e-11
-2.336997e-11
6.4173e-08
8.357784e-12
-2.648539e-11
6.455409e-08
-1.579148e-11
-2.18488e-11
6.140095e-08
-2.669108e-11
-8.178539e-12
2.176777e-08
5.142143e-12
-1.324921e-11
5.186701e-08
1.989395e-11
-2.21259e-11
7.190748e-08
3.324187e-11
-3.437787e-11
8.41981e-08
2.969509e-11
-4.881384e-11
9.021392e-08
6.648665e-12
-5.492231e-11
9.075541e-08
-2.313759e-11
-4.938258e-11
8.594752e-08
-4.082259e-11
-3.647757e-11
7.518246e-08
-3.170352e-11
-6.500476e-12
2.465773e-08
7.491865e-12
-1.773688e-11
5.997416e-08
2.324653e-11
-2.45001e-11
8.404354e-08
3.503107e-11
-3.933489e-11
9.90048e-08
3.302639e-11
-5.269925e-11
1.063643e-07
4.201263e-12
-5.983416e-11
1.069973e-07
-3.089034e-11
-5.587285e-11
1.010563e-07
-5.441186e-11
-4.401763e-11
8.789088e-08
-4.747567e-11
-3.240349e-11
6.60835e-08
-1.652966e-11
-2.828213e-12
1.418067e-11
-1.088696e-11
6.376528e-08
2.589911e-11
-1.688694e-11
8.978548e-08
3.499791e-11
-2.351255e-11
1.060668e-07
2.866173e-11
-3.26059e-11
1.141022e-07
4.872392e-12
-3.669332e-11
1.147797e-07
-3.538012e-11
-3.450701e-11
1.082608e-07
-5.823309e-11
-2.84799e-11
9.389312e-08
-5.439212e-11
-2.135699e-11
7.027588e-08
-2.265194e-11
-1.43838e-11
3.54336e-08
1.00275e-11
2.35449e-14
2.906855e-11
2.195591e-14
8.980269e-08
3.011695e-11
-2.868217e-15
1.061088e-07
2.303242e-11
-7.652371e-15
1.14168e-07
-3.13274e-13
-3.951254e-15
1.148552e-07
-2.810227e-11
-3.033273e-15
1.083184e-07
-5.186214e-11
-3.520512e-15
9.391498e-08
-4.582425e-11
-3.468007e-15
7.026685e-08
-1.883087e-11
-2.639306e-15
3.541691e-08
1.00891e-11
1.012804e-16
2.773786e-11
9.296718e-12
1.053032e-11
3.306178e-11
1.995754e-11
9.908645e-08
1.19857e-11
2.569542e-11
1.06501e-07
-2.259604e-12
2.761977e-11
1.071504e-07
-2.262433e-11
2.643007e-11
1.01162e-07
-3.255239e-11
2.183475e-11
8.790736e-08
-2.86453e-11
1.559135e-11
6.602768e-08
-6.547521e-12
1.031449e-11
3.349632e-08
1.241036e-11
-7.780866e-13
2.642398e-11
1.126527e-11
-1.175447e-12
3.626849e-12
9.69455e-12
1.987154e-11
2.414624e-11
3.397706e-11
9.030458e-08
-1.235109e-11
3.524971e-11
9.085013e-08
-1.752425e-11
3.193351e-11
8.597794e-08
-1.725376e-11
2.413731e-11
7.510871e-08
-8.436279e-12
1.717343e-11
5.694084e-08
7.791368e-12
7.873791e-12
2.934849e-08
1.766167e-11
-1.934317e-12
2.359155e-11
1.545756e-11
-2.719859e-12
3.616872e-12
1.300181e-11
-3.311266e-12
3.574677e-12
1.038372e-11
1.910516e-11
1.287833e-11
2.602936e-11
6.45375e-08
-2.002789e-11
1.757006e-11
6.131965e-08
-1.922626e-11
1.346224e-11
5.407222e-08
4.224909e-12
4.894609e-12
4.171663e-08
2.021402e-11
-2.976372e-12
2.221459e-08
2.734874e-11
-4.140349e-12
1.871811e-11
2.257388e-11
-5.165781e-12
3.604125e-12
1.820035e-11
-5.91359e-12
3.57253e-12
1.423638e-11
-6.482232e-12
3.576314e-12
1.052997e-11
6.689583e-12
8.642853e-12
5.91145e-12
2.514555e-08
-1.312009e-11
-1.891911e-12
2.256449e-08
-5.588919e-12
-3.938561e-12
1.804849e-08
1.96942e-11
-1.465884e-11
1.040008e-08
4.474138e-11
-8.979679e-12
1.064864e-11
3.336502e-11
-9.51727e-12
3.58526e-12
2.512745e-11
-9.886874e-12
3.57232e-12
1.894606e-11
-1.024015e-11
3.574693e-12
1.405396e-11
-1.058754e-11
3.561537e-12
1.00123e-11
-2.055348e-11
3.532528e-12
5.006794e-12
-1.779231e-11
3.565803e-12
8.11939e-12
-1.608319e-11
3.571922e-12
1.013015e-11
-1.522693e-11
3.573924e-12
1.158099e-11
-1.503279e-11
3.55827e-12
1.319947e-11
-1.619991e-13
3.239329e-14
1.326375e-11
-1.535808e-11
3.444419e-12
4.00611e-12
-1.46721e-11
3.537843e-12
7.386702e-12
-1.411465e-11
3.562583e-12
1.032407e-11
-1.388994e-11
3.569391e-12
1.309582e-11
-1.395432e-11
3.554024e-12
1.627717e-11
-1.517232e-13
3.233871e-14
1.638677e-11
-1.505749e-13
3.096447e-14
1.66193e-11
-1.092512e-11
3.176152e-12
3.841117e-12
-1.120219e-11
3.448116e-12
7.507243e-12
-1.119292e-11
3.531503e-12
1.103291e-11
-1.123482e-11
3.55765e-12
1.456081e-11
-1.13921e-11
3.547062e-12
1.865865e-11
-1.235912e-13
3.228271e-14
1.877518e-11
-1.225006e-13
3.090213e-14
1.903658e-11
-1.244176e-13
3.057117e-14
1.964234e-11
-6.274201e-12
2.369791e-12
3.897329e-12
-7.314533e-12
3.174348e-12
7.803133e-12
-7.638981e-12
3.439354e-12
1.167031e-11
-7.810846e-12
3.524813e-12
1.564125e-11
-7.968462e-12
3.533874e-12
2.021948e-11
-8.607501e-14
3.220573e-14
2.035866e-11
-8.518765e-14
3.084486e-14
2.061683e-11
-8.644701e-14
3.050673e-14
2.123259e-11
-8.697662e-14
2.994139e-14
2.243408e-11
-1.594011e-12
3.958437e-12
-3.187651e-12
2.364391e-12
7.987015e-12
-3.731044e-12
3.16229e-12
1.204008e-11
-3.949815e-12
3.428571e-12
1.620525e-11
-4.077964e-12
3.497059e-12
2.102411e-11
-4.400285e-14
3.206763e-14
2.1155e-11
-4.355795e-14
3.07684e-14
2.142851e-11
-4.416211e-14
3.044789e-14
2.202931e-11
-4.438609e-14
2.988057e-14
2.322396e-11
-4.34131e-14
2.853641e-14
2.517317e-11
8.180451e-09
1.878919e-12
1.676298e-08
8.545902e-12
2.18139e-08
1.564299e-11
2.47565e-08
1.418428e-11
2.617527e-08
5.052228e-12
2.631789e-08
-8.1683e-12
2.521403e-08
-1.257053e-11
-3.434315e-12
1.674555e-08
2.043105e-12
-5.136855e-12
3.82205e-08
1.395166e-11
-8.03209e-12
5.192668e-08
2.371835e-11
-1.364265e-11
6.016177e-08
2.410236e-11
-2.069848e-11
6.416769e-08
7.307769e-12
-2.321678e-11
6.45482e-08
-1.15946e-11
-1.916969e-11
6.138346e-08
-2.242911e-11
-1.119967e-11
5.420574e-08
-1.188724e-11
-3.221235e-12
2.176203e-08
4.119853e-12
-1.448419e-11
5.185719e-08
1.529888e-11
-1.852173e-11
7.189924e-08
2.710101e-11
-3.113986e-11
8.420274e-08
2.663294e-11
-4.263777e-11
9.023358e-08
7.290841e-12
-4.830525e-11
9.077795e-08
-1.927267e-11
-4.338962e-11
8.595433e-08
-3.390724e-11
-3.133431e-11
7.516314e-08
-2.615668e-11
-1.967473e-11
5.704992e-08
-6.715627e-13
-3.145276e-12
1.225045e-11
-1.375046e-11
5.996992e-08
1.911931e-11
-2.417817e-11
8.405062e-08
2.940308e-11
-3.329412e-11
9.903165e-08
2.514329e-11
-4.695782e-11
1.064142e-07
6.030815e-12
-5.272214e-11
1.070544e-07
-2.732071e-11
-4.862139e-11
1.010953e-07
-4.587034e-11
-3.872469e-11
8.789659e-08
-4.051693e-11
-2.734776e-11
6.606228e-08
-1.287571e-11
-1.644595e-11
3.353435e-08
1.229812e-11
-6.495955e-12
2.909016e-11
-1.447254e-11
8.980269e-08
3.014585e-11
-2.209694e-11
1.061088e-07
2.301441e-11
-2.778655e-11
1.14168e-07
-3.132391e-13
-3.230871e-11
1.148552e-07
-2.810393e-11
-3.064703e-11
1.083184e-07
-5.186267e-11
-2.442755e-11
9.391498e-08
-4.582473e-11
-1.873231e-11
7.026685e-08
-1.883086e-11
-1.199723e-11
3.541691e-08
1.008958e-11
7.729483e-13
2.773787e-11
9.297423e-12
3.239229e-14
3.640036e-11
5.836568e-14
1.061516e-07
1.606587e-11
-1.853291e-14
1.142296e-07
-3.519984e-12
-8.005808e-15
1.149217e-07
-2.91187e-11
-5.287282e-15
1.083699e-07
-4.260295e-11
-3.873072e-15
9.393498e-08
-4.021784e-11
-4.262391e-15
7.025911e-08
-1.482191e-11
-3.244438e-15
3.540231e-08
1.012447e-11
2.596369e-17
2.77199e-11
9.355591e-12
1.742467e-16
3.628591e-12
8.152127e-12
1.447996e-11
2.579634e-11
2.373901e-11
1.065451e-07
-1.210765e-11
2.477858e-11
1.071924e-07
-2.404527e-11
2.28303e-11
1.011895e-07
-3.134009e-11
1.825582e-11
8.791242e-08
-2.266648e-11
1.395502e-11
6.601381e-08
-4.377004e-12
8.232143e-12
3.34807e-08
1.245812e-11
-7.819244e-13
2.640451e-11
1.130503e-11
-1.180592e-12
3.620817e-12
9.756337e-12
-1.48742e-12
3.572158e-12
7.907755e-12
2.459763e-11
9.620093e-12
3.312452e-11
9.087e-08
-3.017107e-11
2.575658e-11
8.59829e-08
-2.221333e-11
2.086823e-11
7.509885e-08
-7.164357e-12
1.287142e-11
5.692149e-08
9.00861e-12
6.616105e-12
2.933231e-08
1.765783e-11
-1.943028e-12
2.356761e-11
1.551902e-11
-2.728579e-12
3.611294e-12
1.304843e-11
-3.323523e-12
3.568652e-12
1.044889e-11
-3.773667e-12
3.57288e-12
7.75468e-12
1.896869e-11
-2.156563e-13
1.982155e-11
6.131827e-08
-2.595558e-11
5.566185e-12
5.405797e-08
-6.889837e-12
2.994894e-12
4.169825e-08
2.006707e-11
-5.539116e-12
2.220089e-08
2.723413e-11
-4.146722e-12
1.868359e-11
2.25944e-11
-5.181309e-12
3.597987e-12
1.827117e-11
-5.929878e-12
3.566957e-12
1.428639e-11
-6.503381e-12
3.570237e-12
1.059391e-11
-6.92356e-12
3.558611e-12
7.181847e-12
4.781733e-12
2.116188e-12
1.958755e-13
2.256164e-08
-7.937481e-12
-9.068883e-12
1.804047e-08
1.3394e-11
-1.619694e-11
1.039334e-08
4.388599e-11
-8.965603e-12
1.059616e-11
3.329041e-11
-9.526712e-12
3.575725e-12
2.515564e-11
-9.913583e-12
3.565913e-12
1.901809e-11
-1.026606e-11
3.569035e-12
1.410103e-11
-1.06195e-11
3.555403e-12
1.006975e-11
-1.204351e-13
3.238234e-14
1.006187e-11
-2.024552e-11
3.456421e-12
4.970832e-12
-1.775113e-11
3.538844e-12
8.132393e-12
-1.609646e-11
3.560654e-12
1.01542e-11
-1.526608e-11
3.566886e-12
1.162845e-11
-1.506949e-11
3.55248e-12
1.32417e-11
-1.62412e-13
3.233555e-14
1.332161e-11
-1.613665e-13
3.097145e-14
1.352188e-11
-1.461118e-11
3.192891e-12
3.960691e-12
-1.446611e-11
3.454535e-12
7.37901e-12
-1.408277e-11
3.532892e-12
1.035356e-11
-1.390028e-11
3.557156e-12
1.312837e-11
-1.39866e-11
3.546627e-12
1.633411e-11
-1.520376e-13
3.22839e-14
1.643224e-11
-1.509246e-13
3.090846e-14
1.667854e-11
-1.534373e-13
3.058665e-14
1.728042e-11
-9.246531e-12
2.388214e-12
3.773993e-12
-1.068836e-11
3.185049e-12
7.498331e-12
-1.104469e-11
3.443595e-12
1.10477e-11
-1.120967e-11
3.526024e-12
1.46037e-11
-1.139955e-11
3.534225e-12
1.870202e-11
-1.238137e-13
3.220904e-14
1.883213e-11
-1.227266e-13
3.084933e-14
1.90832e-11
-1.246771e-13
3.051506e-14
1.970112e-11
-1.255821e-13
2.995076e-14
2.092855e-11
-3.0418e-12
3.824357e-12
-6.25053e-12
2.37516e-12
7.774403e-12
-7.305448e-12
3.170325e-12
1.169121e-11
-7.712001e-12
3.433998e-12
1.567062e-11
-7.950776e-12
3.501293e-12
2.027498e-11
-8.611593e-14
3.207596e-14
2.040193e-11
-8.5324e-14
3.077405e-14
2.067307e-11
-8.658508e-14
3.045394e-14
2.127751e-11
-8.713963e-14
2.988589e-14
2.249007e-11
-8.531492e-14
2.85386e-14
2.447397e-11
-1.622039e-12
7.957151e-12
-3.21192e-12
2.361469e-12
1.204279e-11
-3.784251e-12
3.157328e-12
1.624508e-11
-4.028369e-12
3.405897e-12
2.10643e-11
-4.391495e-14
3.174249e-14
2.121017e-11
-4.357296e-14
3.064677e-14
2.147148e-11
-4.423029e-14
3.037689e-14
2.208529e-11
-4.447232e-14
2.982846e-14
2.327013e-11
-4.350023e-14
2.848391e-14
2.522646e-11
-9.586514e-15
5.812726e-15
2.334862e-11
8.17719e-09
4.09238e-13
1.675491e-08
5.961706e-12
2.180359e-08
1.239466e-11
2.474677e-08
1.361541e-11
2.616655e-08
4.375559e-12
2.6308e-08
-5.888631e-12
2.519963e-08
-1.045064e-11
2.265066e-08
-1.267008e-12
4.166256e-13
1.674005e-08
3.167044e-12
-6.133425e-12
3.820967e-08
7.222365e-12
-6.978104e-12
5.191268e-08
2.007064e-11
-1.242941e-11
6.015166e-08
1.966428e-11
-1.804813e-11
6.416327e-08
9.205595e-12
-2.037933e-11
6.45433e-08
-9.905004e-12
-1.671062e-11
6.13683e-08
-1.70382e-11
-9.400644e-12
5.417556e-08
-8.439036e-12
-2.694525e-12
4.185037e-08
1.432785e-11
-1.65618e-12
1.103094e-11
-8.63646e-12
5.184803e-08
1.215471e-11
-1.946968e-11
7.189459e-08
2.041702e-11
-2.610691e-11
8.42078e-08
2.107507e-11
-3.807413e-11
9.025152e-08
7.15499e-12
-4.251155e-11
9.079842e-08
-1.524082e-11
-3.7549e-11
8.596075e-08
-2.833438e-11
-2.730129e-11
7.514639e-08
-2.059414e-11
-1.592773e-11
5.701705e-08
1.649507e-12
-4.387255e-12
2.941143e-08
1.74517e-11
-8.072309e-12
2.683469e-11
-2.019776e-11
8.405857e-08
2.348596e-11
-3.173667e-11
9.905838e-08
1.981995e-11
-3.97836e-11
1.064587e-07
1.140104e-12
-4.632369e-11
1.071053e-07
-2.139729e-11
-4.319222e-11
1.011305e-07
-4.008063e-11
-3.292533e-11
8.7902e-08
-3.35682e-11
-2.373489e-11
6.60438e-08
-9.692352e-12
-1.313311e-11
3.351409e-08
1.236768e-11
1.916902e-12
2.644433e-11
1.120122e-11
-1.049677e-11
3.645062e-11
-1.994712e-11
1.061516e-07
1.616603e-11
-2.567994e-11
1.142295e-07
-3.504057e-12
-2.762715e-11
1.149217e-07
-2.911925e-11
-2.643984e-11
1.083699e-07
-4.260448e-11
-2.184197e-11
9.393498e-08
-4.021812e-11
-1.55997e-11
7.025911e-08
-1.482208e-11
-1.03204e-11
3.540231e-08
1.012472e-11
7.778678e-13
2.771991e-11
9.355811e-12
1.175248e-12
3.628594e-12
8.152354e-12
7.33127e-14
2.759815e-11
1.433275e-13
1.142919e-07
-1.222692e-11
-1.018773e-15
1.149831e-07
-2.978365e-11
-6.713596e-15
1.084148e-07
-4.081424e-11
-7.719777e-15
9.395307e-08
-3.273451e-11
-4.708759e-15
7.025273e-08
-1.222908e-11
-3.261303e-15
3.538952e-08
1.016479e-11
-3.461886e-17
2.770246e-11
9.390141e-12
1.183992e-17
3.622558e-12
8.20992e-12
1.844692e-16
3.570908e-12
6.705609e-12
1.738589e-11
7.008385e-12
2.331176e-11
1.072369e-07
-3.602727e-11
1.910713e-11
1.012145e-07
-3.248138e-11
1.582432e-11
8.791616e-08
-2.107279e-11
1.105973e-11
6.600185e-08
-1.835314e-12
7.240422e-12
3.346699e-08
1.24423e-11
-7.863637e-13
2.638163e-11
1.135489e-11
-1.184787e-12
3.615232e-12
9.795305e-12
-1.493403e-12
3.56613e-12
7.967135e-12
-1.728345e-12
3.570575e-12
5.935983e-12
2.43124e-11
-6.863593e-12
2.520426e-11
8.599194e-08
-3.528051e-11
1.350302e-11
7.508926e-08
-1.277864e-11
1.056879e-11
5.690362e-08
9.154179e-12
3.537413e-12
2.93179e-08
1.754914e-11
-1.948032e-12
2.352764e-11
1.552988e-11
-2.738071e-12
3.60522e-12
1.310684e-11
-3.333644e-12
3.563102e-12
1.049156e-11
-3.786869e-12
3.566824e-12
7.813288e-12
-4.104496e-12
3.556123e-12
5.173211e-12
1.28291e-11
-7.551888e-12
7.412329e-12
5.404913e-08
-1.821368e-11
-6.073418e-12
4.168007e-08
1.271162e-11
-7.660177e-12
2.218828e-08
2.657376e-11
-4.145816e-12
1.859723e-11
2.254451e-11
-5.18843e-12
3.588794e-12
1.829259e-11
-5.947051e-12
3.560769e-12
1.434937e-11
-6.520597e-12
3.564644e-12
1.063557e-11
-6.945183e-12
3.552528e-12
7.237775e-12
-8.137168e-14
3.236941e-14
7.213837e-12
7.702045e-13
-1.848598e-12
-6.587037e-12
1.803584e-08
5.391136e-12
-1.995919e-11
1.0387e-08
4.09222e-11
-8.85407e-12
1.043013e-11
3.274351e-11
-9.509497e-12
3.553366e-12
2.511764e-11
-9.923689e-12
3.55611e-12
1.904706e-11
-1.029287e-11
3.562523e-12
1.4162e-11
-1.064556e-11
3.549757e-12
1.010812e-11
-1.207381e-13
3.232537e-14
1.011965e-11
-1.204724e-13
3.097632e-14
1.0242e-11
-1.920358e-11
3.217916e-12
4.838065e-12
-1.748998e-11
3.461847e-12
8.091202e-12
-1.60608e-11
3.533535e-12
1.017938e-11
-1.527895e-11
3.555583e-12
1.165952e-11
-1.510692e-11
3.545457e-12
1.329788e-11
-1.627713e-13
3.228196e-14
1.336429e-11
-1.617632e-13
3.091601e-14
1.358029e-11
-1.644672e-13
3.061154e-14
1.415993e-11
-1.222905e-11
2.416355e-12
3.779309e-12
-1.377493e-11
3.200938e-12
7.325837e-12
-1.38914e-11
3.449526e-12
1.035637e-11
-1.386992e-11
3.52743e-12
1.317059e-11
-1.399705e-11
3.534496e-12
1.637671e-11
-1.523365e-13
3.221293e-14
1.648965e-11
-1.512295e-13
3.085649e-14
1.672452e-11
-1.537817e-13
3.05309e-14
1.733985e-11
-1.550562e-13
2.997183e-14
1.859731e-11
-4.20916e-12
3.564606e-12
-9.075024e-12
2.393197e-12
7.409347e-12
-1.055115e-11
3.180683e-12
1.105351e-11
-1.106593e-11
3.438199e-12
1.463026e-11
-1.137482e-11
3.502902e-12
1.87584e-11
-1.238902e-13
3.208376e-14
1.887594e-11
-1.229384e-13
3.078019e-14
1.914055e-11
-1.249003e-13
3.046272e-14
1.974794e-11
-1.258351e-13
2.989561e-14
2.098622e-11
-1.233662e-13
2.85434e-14
2.303352e-11
-3.088161e-12
7.678919e-12
-6.269191e-12
2.372076e-12
1.167415e-11
-7.384822e-12
3.165302e-12
1.570813e-11
-7.853543e-12
3.411426e-12
2.031601e-11
-8.594961e-14
3.17565e-14
2.045782e-11
-8.536235e-14
3.065452e-14
2.071674e-11
-8.671779e-14
3.038383e-14
2.133369e-11
-8.727347e-14
2.983411e-14
2.25343e-11
-8.546975e-14
2.848598e-14
2.452684e-11
-1.887585e-14
5.811899e-15
2.274713e-11
-1.677355e-12
1.203854e-11
-3.27336e-12
2.357772e-12
1.626558e-11
-3.864946e-12
3.137148e-12
2.111967e-11
-4.346215e-14
3.085922e-14
2.125075e-11
-4.348758e-14
3.034763e-14
2.152692e-11
-4.424403e-14
3.025706e-14
2.212834e-11
-4.45385e-14
2.975881e-14
2.332488e-11
-4.358419e-14
2.843501e-14
2.527022e-11
-9.60437e-15
5.802101e-15
2.339282e-11
-1.019166e-14
5.569995e-15
2.161254e-11
8.174639e-09
3.614882e-12
1.674919e-08
1.202539e-12
2.179526e-08
8.87804e-12
2.473837e-08
1.027171e-11
2.615897e-08
5.324001e-12
2.629939e-08
-5.013836e-12
2.518705e-08
-7.545073e-12
2.263276e-08
4.284071e-13
1.81299e-08
1.853252e-11
-3.976776e-13
1.097265e-11
-1.179597e-12
3.819967e-08
8.709508e-12
-8.152647e-12
5.190276e-08
9.633505e-12
-1.062021e-11
6.014368e-08
1.709923e-11
-1.612248e-11
6.41598e-08
6.463423e-12
-1.788112e-11
6.453925e-08
-5.55366e-12
-1.43467e-11
6.135514e-08
-1.396193e-11
-7.923386e-12
5.414911e-08
-4.256794e-12
-1.443952e-12
4.181635e-08
1.573919e-11
1.069087e-11
2.228938e-08
2.704281e-11
-4.718389e-12
2.360779e-11
-1.432579e-11
7.189154e-08
1.507923e-11
-2.574373e-11
8.421491e-08
1.381024e-11
-3.190641e-11
9.026792e-08
4.092513e-12
-3.726367e-11
9.081702e-08
-1.237924e-11
-3.331763e-11
8.596692e-08
-2.287353e-11
-2.278686e-11
7.513186e-08
-1.609156e-11
-1.324726e-11
5.698824e-08
4.057618e-12
-1.921608e-12
2.93877e-08
1.753819e-11
4.097208e-12
2.363553e-11
1.532736e-11
-1.340948e-11
3.310219e-11
-2.825269e-11
9.908645e-08
1.203242e-11
-3.706722e-11
1.06501e-07
-2.255409e-12
-3.945492e-11
1.071504e-07
-2.262743e-11
-3.697508e-11
1.01162e-07
-3.255599e-11
-2.945405e-11
8.790736e-08
-2.864733e-11
-1.928297e-11
6.602767e-08
-6.549335e-12
-1.082381e-11
3.349631e-08
1.240883e-11
1.926343e-12
2.642397e-11
1.126448e-11
2.708822e-12
3.626846e-12
9.694372e-12
-1.445574e-11
2.772204e-11
-2.379496e-11
1.142924e-07
-1.229946e-11
-2.47716e-11
1.149831e-07
-2.977729e-11
-2.284065e-11
1.084148e-07
-4.081707e-11
-1.826949e-11
9.395306e-08
-3.27362e-11
-1.396412e-11
7.025272e-08
-1.22289e-11
-8.23924e-12
3.538952e-08
1.016502e-11
7.816107e-13
2.770247e-11
9.390212e-12
1.180208e-12
3.622562e-12
8.209801e-12
1.487149e-12
3.570912e-12
6.705245e-12
2.403858e-13
5.911121e-12
6.09356e-14
1.150465e-07
-4.082938e-11
2.161763e-15
1.084555e-07
-4.072031e-11
-8.82694e-15
9.396813e-08
-3.046727e-11
-1.090007e-14
7.024748e-08
-8.893632e-12
-4.319316e-15
3.537833e-08
1.014249e-11
-9.82934e-17
2.768105e-11
9.434173e-12
-8.621131e-17
3.616959e-12
8.245239e-12
-3.6202e-17
3.564871e-12
6.762395e-12
1.103838e-16
3.569413e-12
5.049892e-12
1.736653e-11
-1.414922e-11
1.817502e-11
1.012426e-07
-4.608642e-11
1.141626e-11
8.791833e-08
-2.340371e-11
9.368719e-12
6.599019e-08
-1.216089e-12
5.182989e-12
3.345484e-08
1.233204e-11
-7.892514e-13
2.634037e-11
1.135902e-11
-1.189465e-12
3.609166e-12
9.845797e-12
-1.498334e-12
3.560567e-12
8.005673e-12
-1.734825e-12
3.564522e-12
5.991268e-12
-1.89889e-12
3.554337e-12
3.923257e-12
1.85593e-11
-1.854648e-11
1.315402e-11
7.508323e-08
-2.63979e-11
1.976954e-12
5.688438e-08
4.499612e-12
1.254635e-12
2.930436e-08
1.69719e-11
-1.9515e-12
2.342257e-11
1.549283e-11
-2.743491e-12
3.596163e-12
1.312195e-11
-3.344564e-12
3.557013e-12
1.054755e-11
-3.79769e-12
3.561257e-12
7.851209e-12
-4.118103e-12
3.550072e-12
5.226387e-12
-4.924616e-14
3.235633e-14
5.196435e-12
5.284133e-12
-1.105483e-11
-5.04741e-12
4.166565e-08
-4.271903e-13
-1.509338e-11
2.217429e-08
2.425516e-11
-4.108557e-12
1.83156e-11
2.215272e-11
-5.183218e-12
3.567335e-12
1.826796e-11
-5.955155e-12
3.551487e-12
1.437328e-11
-6.538582e-12
3.558357e-12
1.069161e-11
-6.962747e-12
3.54695e-12
7.273185e-12
-8.158861e-14
3.231288e-14
7.270163e-12
-8.168295e-14
3.098051e-14
7.36376e-12
-3.164177e-12
-3.526377e-12
-1.657874e-11
1.037944e-08
3.087825e-11
-8.477285e-12
9.846018e-12
3.08575e-11
-9.386489e-12
3.487191e-12
2.475202e-11
-9.906407e-12
3.532974e-12
1.904124e-11
-1.030348e-11
3.552498e-12
1.419268e-11
-1.067234e-11
3.543218e-12
1.016187e-11
-1.209988e-13
3.227318e-14
1.015835e-11
-1.20764e-13
3.092151e-14
1.030031e-11
-1.235613e-13
3.064409e-14
1.080254e-11
-1.582106e-11
2.456491e-12
4.360442e-12
-1.660567e-11
3.22128e-12
7.92841e-12
-1.583479e-11
3.456213e-12
1.015394e-11
-1.524671e-11
3.528336e-12
1.169896e-11
-1.511989e-11
3.534233e-12
1.333796e-11
-1.631249e-13
3.221445e-14
1.342094e-11
-1.621135e-13
3.086511e-14
1.362354e-11
-1.648579e-13
3.055621e-14
1.421875e-11
-1.662625e-13
3.000999e-14
1.549398e-11
-4.995667e-12
3.214347e-12
-1.157844e-11
2.420373e-12
7.08611e-12
-1.324937e-11
3.195855e-12
1.032449e-11
-1.368849e-11
3.444054e-12
1.318974e-11
-1.396765e-11
3.505031e-12
1.643374e-11
-1.52454e-13
3.209432e-14
1.653271e-11
-1.515164e-13
3.078982e-14
1.678241e-11
-1.54085e-13
3.047932e-14
1.738618e-11
-1.553934e-13
2.991699e-14
1.865582e-11
-1.525715e-13
2.855965e-14
2.079087e-11
-4.242949e-12
7.12754e-12
-9.005956e-12
2.389694e-12
1.09826e-11
-1.058712e-11
3.175525e-12
1.465944e-11
-1.123431e-11
3.415975e-12
1.879941e-11
-1.23663e-13
3.177579e-14
1.893275e-11
-1.230127e-13
3.066484e-14
1.918481e-11
-1.251077e-13
3.039422e-14
1.980533e-11
-1.260541e-13
2.98443e-14
2.10324e-11
-1.236081e-13
2.849121e-14
2.308802e-11
-2.737823e-14
5.811442e-15
2.150556e-11
-3.194093e-12
1.161038e-11
-6.3704e-12
2.368284e-12
1.571583e-11
-7.531532e-12
3.145182e-12
2.037277e-11
-8.507141e-14
3.088628e-14
2.049931e-11
-8.520131e-14
3.036078e-14
2.077294e-11
-8.675448e-14
3.026605e-14
2.137751e-11
-8.740198e-14
2.976533e-14
2.258933e-11
-8.559672e-14
2.843737e-14
2.456892e-11
-1.890689e-14
5.801234e-15
2.279101e-11
-2.013628e-14
5.568636e-15
2.112608e-11
-1.764171e-12
1.630983e-11
-3.361715e-12
2.343933e-12
2.116247e-11
-4.197299e-14
2.830415e-14
2.130654e-11
-4.305353e-14
2.953262e-14
2.156783e-11
-4.415845e-14
2.996244e-14
2.218361e-11
-4.455095e-14
2.964163e-14
2.336725e-11
-4.364725e-14
2.836984e-14
2.532185e-11
-9.622183e-15
5.792168e-15
2.342915e-11
-1.020877e-14
5.55992e-15
2.164574e-11
-1.086233e-14
5.497981e-15
1.896434e-11
8.573796e-12
1.674435e-08
8.614965e-12
2.178947e-08
4.639507e-13
2.473161e-08
6.909988e-12
2.615243e-08
2.85347e-12
2.629188e-08
-2.674693e-12
2.517603e-08
-5.894298e-12
2.261706e-08
2.596116e-12
1.811166e-08
1.923781e-11
1.044918e-08
4.440582e-11
-8.404819e-13
2.273201e-11
-3.892304e-12
5.189488e-08
1.038939e-11
-1.145071e-11
6.0139e-08
4.725998e-12
-1.380619e-11
6.415786e-08
6.193033e-12
-1.563053e-11
6.453606e-08
-6.193237e-12
-1.2647e-11
6.134379e-08
-8.891501e-12
-6.264349e-12
5.412592e-08
-1.680847e-12
-5.047463e-13
4.178644e-08
1.751948e-11
1.161384e-11
2.2267e-08
2.716061e-11
8.887333e-12
1.878189e-11
2.23206e-11
-8.815294e-12
2.937593e-11
-2.164765e-11
8.422431e-08
6.257418e-12
-3.049537e-11
9.028484e-08
-2.108776e-12
-3.142109e-11
9.08337e-08
-1.257104e-11
-2.817004e-11
8.597275e-08
-1.867424e-11
-2.030512e-11
7.511943e-08
-1.176171e-11
-9.848015e-12
5.696294e-08
5.975788e-12
-1.530363e-13
2.936685e-08
1.759465e-11
4.113374e-12
2.361287e-11
1.540466e-11
5.1328e-12
3.622902e-12
1.292969e-11
-1.987139e-11
2.585589e-11
-3.399892e-11
1.065451e-07
-1.213557e-11
-3.524605e-11
1.071924e-07
-2.404374e-11
-3.193897e-11
1.011895e-07
-3.134619e-11
-2.41466e-11
8.791242e-08
-2.267111e-11
-1.718037e-11
6.60138e-08
-4.378738e-12
-7.879838e-12
3.34807e-08
1.245569e-11
1.934087e-12
2.640449e-11
1.130361e-11
2.719385e-12
3.620813e-12
9.755513e-12
3.310732e-12
3.572155e-12
7.907129e-12
-1.746443e-11
5.73454e-12
-2.329421e-11
1.150465e-07
-4.084313e-11
-1.910128e-11
1.084555e-07
-4.071835e-11
-1.583767e-11
9.396813e-08
-3.047264e-11
-1.10771e-11
7.024748e-08
-8.895756e-12
-7.249274e-12
3.537833e-08
1.014239e-11
7.858912e-13
2.768107e-11
9.434419e-12
1.184221e-12
3.616964e-12
8.245058e-12
1.492882e-12
3.564876e-12
6.761933e-12
1.728003e-12
3.569417e-12
5.049239e-12
9.800366e-14
-1.85989e-11
3.106042e-14
1.084987e-07
-5.414623e-11
3.538478e-15
9.397994e-08
-3.132282e-11
-1.363137e-14
7.024159e-08
-7.74145e-12
-1.258918e-14
3.536848e-08
1.002847e-11
-2.12888e-16
2.764002e-11
9.434191e-12
-1.547483e-16
3.610875e-12
8.29177e-12
-1.558747e-16
3.559288e-12
6.798905e-12
-1.194207e-16
3.563357e-12
5.10378e-12
1.971473e-18
3.553402e-12
3.3253e-12
1.381685e-11
-2.754775e-11
1.058489e-11
8.792357e-08
-3.866482e-11
4.231413e-12
6.59757e-08
-4.066129e-12
3.614809e-12
3.344312e-08
1.178648e-11
-7.92381e-13
2.622593e-11
1.132702e-11
-1.19258e-12
3.60013e-12
9.856324e-12
-1.503778e-12
3.554498e-12
8.057566e-12
-1.740129e-12
3.558951e-12
6.027648e-12
-1.905558e-12
3.548303e-12
3.974123e-12
-2.306256e-14
3.234589e-14
3.942416e-12
9.57009e-12
-2.105057e-11
2.100019e-12
5.686758e-08
-9.992179e-12
-6.053736e-12
2.928808e-08
1.494022e-11
-1.941812e-12
2.307232e-11
1.519189e-11
-2.743666e-12
3.575067e-12
1.31059e-11
-3.350818e-12
3.54798e-12
1.056768e-11
-3.809278e-12
3.555085e-12
7.903912e-12
-4.12908e-12
3.544529e-12
5.260338e-12
-4.938753e-14
3.230021e-14
5.250005e-12
-4.955891e-14
3.098212e-14
5.323564e-12
-1.646184e-12
-1.144615e-11
-1.289768e-11
2.215668e-08
1.619851e-11
-3.980569e-12
1.730872e-11
2.080481e-11
-5.127376e-12
3.50309e-12
1.798746e-11
-5.948869e-12
3.529751e-12
1.437381e-11
-6.547225e-12
3.548885e-12
1.071822e-11
-6.980974e-12
3.540644e-12
7.32455e-12
-8.176249e-14
3.226138e-14
7.305936e-12
-8.189385e-14
3.092606e-14
7.420784e-12
-8.413642e-14
3.068055e-14
7.879475e-12
-6.986115e-12
-1.847546e-12
-7.278242e-12
7.731064e-12
2.450992e-11
-8.967438e-12
3.268979e-12
2.348084e-11
-9.78276e-12
3.465114e-12
1.882288e-11
-1.028631e-11
3.528705e-12
1.421614e-11
-1.068339e-11
3.533175e-12
1.019663e-11
-1.212587e-13
3.221011e-14
1.021246e-11
-1.210177e-13
3.087183e-14
1.033954e-11
-1.2385e-13
3.058923e-14
1.086143e-11
-1.256712e-13
3.006649e-14
1.209499e-11
-5.414146e-12
2.881352e-12
-1.375236e-11
2.456508e-12
7.316806e-12
-1.506956e-11
3.214983e-12
1.003149e-11
-1.504223e-11
3.450787e-12
1.170095e-11
-1.508955e-11
3.50717e-12
1.33947e-11
-1.632793e-13
3.210441e-14
1.34615e-11
-1.624557e-13
3.080161e-14
1.368077e-11
-1.652072e-13
3.050559e-14
1.426257e-11
-1.666451e-13
2.995542e-14
1.555221e-11
-1.63805e-13
2.859452e-14
1.778268e-11
-4.928268e-12
6.336146e-12
-1.121804e-11
2.415935e-12
1.012304e-11
-1.307936e-11
3.190405e-12
1.319772e-11
-1.379239e-11
3.422462e-12
1.647347e-11
-1.521934e-13
3.180329e-14
1.659023e-11
-1.516328e-13
3.068069e-14
1.682598e-11
-1.543677e-13
3.04132e-14
1.744426e-11
-1.556929e-13
2.986638e-14
1.870168e-11
-1.528955e-13
2.850776e-14
2.084629e-11
-3.394186e-14
5.812929e-15
1.956657e-11
-4.389572e-12
1.075468e-11
-9.091944e-12
2.385663e-12
1.463438e-11
-1.076571e-11
3.155635e-12
1.885694e-11
-1.224052e-13
3.093217e-14
1.897427e-11
-1.227935e-13
3.038192e-14
1.924199e-11
-1.251812e-13
3.028054e-14
1.984982e-11
-1.262562e-13
2.97771e-14
2.108871e-11
-1.238188e-13
2.84431e-14
2.313192e-11
-2.742743e-14
5.800893e-15
2.15509e-11
-2.93597e-14
5.567254e-15
2.011938e-11
-3.363159e-12
1.572354e-11
-6.534992e-12
2.354454e-12
2.041227e-11
-8.214899e-14
2.83562e-14
2.055655e-11
-8.436111e-14
2.955831e-14
2.081485e-11
-8.65935e-14
2.997673e-14
2.143361e-11
-8.7437e-14
2.965017e-14
2.263253e-11
-8.571884e-14
2.837304e-14
2.462089e-11
-1.893262e-14
5.791363e-15
2.282596e-11
-2.016499e-14
5.558511e-15
2.115906e-11
-2.15135e-14
5.4963e-15
1.861078e-11
-1.875308e-12
2.126852e-11
-3.743604e-14
2.096585e-14
2.134983e-11
-4.16275e-14
2.715031e-14
2.16239e-11
-4.372869e-14
2.915998e-14
2.222462e-11
-4.446604e-14
2.935346e-14
2.342124e-11
-4.365849e-14
2.826147e-14
2.536215e-11
-9.63485e-15
5.77867e-15
2.347194e-11
-1.02267e-14
5.550648e-15
2.167305e-11
-1.087914e-14
5.488104e-15
1.898518e-11
-1.137799e-14
5.455429e-15
1.354746e-11
1.719849e-11
2.178525e-08
1.07458e-11
2.472727e-08
-4.695464e-12
2.614741e-08
2.804544e-13
2.628538e-08
-3.924999e-12
2.516638e-08
-3.228658e-12
2.260325e-08
3.968859e-12
1.809563e-08
2.01183e-11
1.043677e-08
4.458018e-11
2.039855e-11
1.071334e-11
3.2995e-11
-2.025402e-12
2.825559e-11
-8.09575e-12
6.013735e-08
3.701741e-12
-1.224982e-11
6.415819e-08
-8.421721e-12
-1.321662e-11
6.453413e-08
-4.337e-12
-1.05149e-11
6.133405e-08
-8.186033e-12
-5.407189e-12
5.410562e-08
2.10362e-12
6.900759e-13
4.176013e-08
1.861154e-11
1.237387e-11
2.22473e-08
2.724352e-11
8.919018e-12
1.876024e-11
2.242058e-11
9.433521e-12
3.615765e-12
1.805346e-11
-1.46539e-11
2.417321e-11
-2.677792e-11
9.030458e-08
-1.234586e-11
-2.795278e-11
9.085012e-08
-1.752346e-11
-2.418447e-11
8.597793e-08
-1.726205e-11
-1.592501e-11
7.51087e-08
-8.443174e-12
-8.443318e-12
5.694083e-08
7.787043e-12
2.083774e-12
2.934849e-08
1.765738e-11
4.126282e-12
2.359153e-11
1.545458e-11
5.150863e-12
3.616864e-12
1.300016e-11
5.893114e-12
3.574669e-12
1.038273e-11
-2.463335e-11
6.972675e-12
-3.312614e-11
1.072369e-07
-3.604395e-11
-2.57537e-11
1.012145e-07
-3.248094e-11
-2.087481e-11
8.791615e-08
-2.108276e-11
-1.288168e-11
6.600184e-08
-1.841192e-12
-6.623329e-12
3.346699e-08
1.24387e-11
1.942761e-12
2.638159e-11
1.135294e-11
2.728097e-12
3.615224e-12
9.79414e-12
3.322901e-12
3.566123e-12
7.966326e-12
3.773083e-12
3.570571e-12
5.935126e-12
-1.73496e-11
-1.865086e-11
-1.813399e-11
1.084987e-07
-5.414503e-11
-1.140992e-11
9.397994e-08
-3.132258e-11
-9.386742e-12
7.024158e-08
-7.750993e-12
-5.200019e-12
3.536847e-08
1.002678e-11
7.885622e-13
2.764005e-11
9.43432e-12
1.188615e-12
3.610882e-12
8.291806e-12
1.497578e-12
3.559296e-12
6.7985e-12
1.734219e-12
3.563361e-12
5.103203e-12
1.898475e-12
3.553402e-12
3.324749e-12
4.728016e-14
-3.356587e-11
3.682856e-14
9.399435e-08
-4.720371e-11
1.246579e-14
7.023178e-08
-9.724105e-12
-1.755391e-14
3.535873e-08
9.491609e-12
-4.545341e-16
2.752186e-11
9.40264e-12
-2.975631e-16
3.601814e-12
8.299743e-12
-2.143072e-16
3.553207e-12
6.848825e-12
-2.285329e-16
3.557773e-12
5.139609e-12
-2.104192e-16
3.547377e-12
3.375173e-12
-3.637674e-18
3.234011e-14
3.342952e-12
8.367817e-12
-2.944869e-11
4.007788e-12
6.596252e-08
-1.953334e-11
-8.003083e-13
3.342759e-08
9.871803e-12
-7.912451e-13
2.583684e-11
1.107333e-11
-1.194126e-12
3.579119e-12
9.844552e-12
-1.507355e-12
3.545548e-12
8.075489e-12
-1.745932e-12
3.552815e-12
6.079264e-12
-1.910892e-12
3.542776e-12
4.007685e-12
-2.313178e-14
3.229013e-14
3.993585e-12
-2.324628e-14
3.098202e-14
4.054169e-12
1.79633e-12
-1.945386e-11
-4.902982e-12
2.926593e-08
7.735364e-12
-1.904509e-12
2.181053e-11
1.416628e-11
-2.720507e-12
3.511565e-12
1.288508e-11
-3.350182e-12
3.526942e-12
1.057384e-11
-3.815894e-12
3.545901e-12
7.928155e-12
-4.140714e-12
3.53835e-12
5.310977e-12
-4.949268e-14
3.224917e-14
5.284309e-12
-4.969742e-14
3.092805e-14
5.377912e-12
-5.119256e-14
3.071151e-14
5.79456e-12
-6.183977e-12
-1.089291e-11
-3.573221e-12
1.361971e-11
1.621281e-11
-4.932924e-12
3.288337e-12
1.701601e-11
-5.885371e-12
3.465183e-12
1.419835e-11
-6.540188e-12
3.526587e-12
1.074346e-11
-6.989909e-12
3.53117e-12
7.355581e-12
-8.193574e-14
3.220049e-14
7.357735e-12
-8.206245e-14
3.087698e-14
7.45719e-12
-8.434726e-14
3.062592e-14
7.937481e-12
-8.593936e-14
3.013392e-14
9.143131e-12
-3.736473e-12
4.205423e-12
-7.630586e-12
2.530172e-12
1.916283e-11
-9.360262e-12
3.243695e-12
1.804684e-11
-1.016324e-11
3.459351e-12
1.412507e-11
-1.066648e-11
3.50929e-12
1.025034e-11
-1.213894e-13
3.211115e-14
1.024767e-11
-1.212689e-13
3.081238e-14
1.039424e-11
-1.241033e-13
3.053966e-14
1.09014e-11
-1.259551e-13
3.001221e-14
1.215358e-11
-1.242241e-13
2.865231e-14
1.443044e-11
-4.986727e-12
5.409442e-12
-1.261747e-11
2.450207e-12
9.520651e-12
-1.43492e-11
3.209073e-12
1.165838e-11
-1.489657e-11
3.430256e-12
1.343137e-11
-1.63025e-13
3.183529e-14
1.351881e-11
-1.626106e-13
3.070046e-14
1.372192e-11
-1.655461e-13
3.044247e-14
1.432025e-11
-1.669909e-13
2.990564e-14
1.559595e-11
-1.641732e-13
2.854282e-14
1.78381e-11
-3.642656e-14
5.818042e-15
1.695502e-11
-5.0927e-12
9.494408e-12
-1.11594e-11
2.411363e-12
1.30956e-11
-1.320282e-11
3.170924e-12
1.65311e-11
-1.506406e-13
3.099909e-14
1.663056e-11
-1.513827e-13
3.041372e-14
1.688396e-11
-1.544848e-13
3.030559e-14
1.74882e-11
-1.559701e-13
2.980146e-14
1.875887e-11
-1.531856e-13
2.846033e-14
2.089002e-11
-3.40084e-14
5.802449e-15
1.961282e-11
-3.659167e-14
5.567408e-15
1.854123e-11
-4.632301e-12
1.454648e-11
-9.305453e-12
2.371902e-12
1.889211e-11
-1.181665e-13
2.845348e-14
1.903243e-11
-1.215914e-13
2.96048e-14
1.928401e-11
-1.249627e-13
3.000183e-14
1.990698e-11
-1.263287e-13
2.966597e-14
2.113264e-11
-1.240121e-13
2.838032e-14
2.318514e-11
-2.747126e-14
5.791153e-15
2.158749e-11
-2.940627e-14
5.557256e-15
2.015354e-11
-3.148274e-14
5.494346e-15
1.787655e-11
-3.581507e-12
2.05123e-11
-7.316602e-14
2.104613e-14
2.059663e-11
-8.156371e-14
2.720026e-14
2.087247e-11
-8.576316e-14
2.918661e-14
2.14757e-11
-8.727776e-14
2.93672e-14
2.268739e-11
-8.575217e-14
2.826663e-14
2.466199e-11
-1.895709e-14
5.778057e-15
2.286909e-11
-2.018909e-14
5.549306e-15
2.118534e-11
-2.154105e-14
5.486368e-15
1.863148e-11
-2.256424e-14
5.453471e-15
1.335105e-11
-2.39961e-14
2.145606e-11
-3.729515e-14
2.021381e-14
2.166753e-11
-4.231869e-14
2.68115e-14
2.228051e-11
-4.404387e-14
2.856874e-14
2.346162e-11
-4.357692e-14
2.799459e-14
2.5413e-11
-9.636914e-15
5.755899e-15
2.350537e-11
-1.023841e-14
5.538001e-15
2.170519e-11
-1.089736e-14
5.479071e-15
1.900229e-11
-1.139457e-14
5.445683e-15
1.355554e-11
-1.155481e-14
5.375323e-15
1.547419e-11
3.589111e-12
4.938402e-12
2.219502e-11
2.472522e-08
6.867667e-12
2.614452e-08
-1.183877e-11
2.628032e-08
-5.53109e-12
2.515793e-08
-3.582648e-12
2.25911e-08
5.834256e-12
1.808151e-08
2.073217e-11
1.042586e-08
4.47082e-11
2.047028e-11
1.069871e-11
3.312796e-11
1.762228e-11
3.603255e-12
2.485917e-11
-4.402959e-12
2.414068e-11
-1.166222e-11
6.416122e-08
-8.456687e-12
-1.085555e-11
6.453415e-08
-1.964155e-11
-8.560662e-12
6.132568e-08
-5.724503e-12
-3.710896e-12
5.408791e-08
2.824818e-12
1.150313e-12
4.173698e-08
2.01738e-11
1.32166e-11
2.222994e-08
2.733387e-11
8.943838e-12
1.874006e-11
2.24902e-11
9.465379e-12
3.609713e-12
1.813918e-11
9.828685e-12
3.57857e-12
1.416041e-11
-1.911961e-11
9.623615e-12
-2.603177e-11
9.087e-08
-3.016749e-11
-1.75708e-11
8.598289e-08
-2.221336e-11
-1.346414e-11
7.509884e-08
-7.174856e-12
-4.89878e-12
5.692148e-08
9.000373e-12
2.974191e-12
2.93323e-08
1.765166e-11
4.140272e-12
2.356757e-11
1.551447e-11
5.165717e-12
3.61128e-12
1.304622e-11
5.913167e-12
3.568639e-12
1.044766e-11
6.48174e-12
3.57287e-12
7.753605e-12
-2.43135e-11
-1.417205e-11
-2.518583e-11
1.012426e-07
-4.60862e-11
-1.350039e-11
8.791832e-08
-2.340453e-11
-1.057534e-11
6.599017e-08
-1.231133e-12
-3.544926e-12
3.345483e-08
1.232492e-11
1.947641e-12
2.634033e-11
1.135638e-11
2.737377e-12
3.609152e-12
9.844439e-12
3.33298e-12
3.560556e-12
8.00494e-12
3.786179e-12
3.564516e-12
5.990511e-12
4.103873e-12
3.554332e-12
3.922309e-12
-1.376702e-11
-3.357769e-11
-1.052706e-11
9.399436e-08
-4.719404e-11
-4.216232e-12
7.023177e-08
-9.720165e-12
-3.628959e-12
3.535869e-08
9.490973e-12
7.912918e-13
2.752202e-11
9.40076e-12
1.191442e-12
3.601824e-12
8.299846e-12
1.502671e-12
3.553215e-12
6.848592e-12
1.739303e-12
3.557779e-12
5.139194e-12
1.904884e-12
3.547377e-12
3.37473e-12
2.305475e-14
3.234009e-14
3.342414e-12
4.705812e-14
-3.574541e-11
6.029397e-14
7.022274e-08
-2.583628e-11
3.884781e-14
3.534442e-08
7.615834e-12
-9.227834e-17
2.711523e-11
9.167969e-12
-8.758115e-16
3.580787e-12
8.288973e-12
-3.539581e-16
3.544263e-12
6.865741e-12
-2.689652e-16
3.551636e-12
5.191179e-12
-2.904555e-16
3.541854e-12
3.40868e-12
-4.749108e-18
3.228454e-14
3.393055e-12
-4.189035e-18
3.098148e-14
3.447068e-12
2.931877e-12
-2.64481e-11
-2.767807e-13
3.340452e-08
3.002528e-12
-7.830156e-13
2.442745e-11
1.021813e-11
-1.186456e-12
3.515788e-12
9.65857e-12
-1.508624e-12
3.524799e-12
8.085152e-12
-1.749678e-12
3.543753e-12
6.103097e-12
-1.916626e-12
3.536658e-12
4.058671e-12
-2.31811e-14
3.223941e-14
4.027404e-12
-2.331417e-14
3.092829e-14
4.106082e-12
-2.405363e-14
3.073292e-14
4.489587e-12
-2.52715e-12
-1.706059e-11
-1.780878e-12
1.717108e-11
1.061877e-11
-2.635094e-12
3.298023e-12
1.212541e-11
-3.320643e-12
3.464025e-12
1.043455e-11
-3.814601e-12
3.524404e-12
7.956017e-12
-4.147335e-12
3.529193e-12
5.340347e-12
-4.959768e-14
3.218953e-14
5.335423e-12
-4.979884e-14
3.087939e-14
5.412872e-12
-5.133207e-14
3.065715e-14
5.850244e-12
-5.24425e-14
3.019458e-14
7.014034e-12
-2.470046e-12
1.454656e-12
-4.31511e-12
2.551286e-12
1.36642e-11
-5.663589e-12
3.250585e-12
1.357938e-11
-6.472212e-12
3.460769e-12
1.066842e-11
-6.98254e-12
3.508815e-12
7.40731e-12
-8.203274e-14
3.210701e-14
7.389253e-12
-8.222883e-14
3.081952e-14
7.50973e-12
-8.451534e-14
3.057683e-14
7.974891e-12
-8.614859e-14
3.007972e-14
9.201396e-12
-8.517294e-14
2.872629e-14
1.152263e-11
-3.615419e-12
5.374401e-12
-8.017008e-12
2.503827e-12
1.535023e-11
-9.741194e-12
3.234676e-12
1.377471e-11
-1.054479e-11
3.439917e-12
1.027919e-11
-1.21251e-13
3.187078e-14
1.030214e-11
-1.213995e-13
3.07215e-14
1.04301e-11
-1.243525e-13
3.048034e-14
1.095682e-11
-1.26206e-13
2.996328e-14
1.219389e-11
-1.244976e-13
2.860081e-14
1.448636e-11
-2.813156e-14
5.828271e-15
1.402705e-11
-5.131431e-12
7.931356e-12
-1.214057e-11
2.444551e-12
1.137985e-11
-1.424091e-11
3.190244e-12
1.348759e-11
-1.613421e-13
3.108218e-14
1.355629e-11
-1.623683e-13
3.045405e-14
1.377987e-11
-1.657034e-13
3.034262e-14
1.436199e-11
-1.673244e-13
2.984354e-14
1.565311e-11
-1.64509e-13
2.849613e-14
1.788012e-11
-3.650209e-14
5.807602e-15
1.700145e-11
-3.939709e-14
5.570895e-15
1.640561e-11
-5.385588e-12
1.277998e-11
-1.134935e-11
2.397692e-12
1.655821e-11
-1.453361e-13
2.859695e-14
1.668908e-11
-1.498989e-13
2.967414e-14
1.692491e-11
-1.542365e-13
3.00425e-14
1.75463e-11
-1.560872e-13
2.969624e-14
1.880241e-11
-1.534524e-13
2.83997e-14
2.094421e-11
-3.406962e-14
5.792868e-15
1.96494e-11
-3.665574e-14
5.557474e-15
1.857618e-11
-3.938063e-14
5.493693e-15
1.671971e-11
-4.952174e-12
1.898735e-11
-1.050348e-13
2.120254e-14
1.906851e-11
-1.175331e-13
2.729621e-14
1.934269e-11
-1.23776e-13
2.923664e-14
1.994928e-11
-1.261132e-13
2.939338e-14
2.118863e-11
-1.240831e-13
2.827775e-14
2.322696e-11
-2.751063e-14
5.778184e-15
2.163177e-11
-2.944908e-14
5.548186e-15
2.018115e-11
-3.152819e-14
5.484549e-15
1.789809e-11
-3.310876e-14
5.450974e-15
1.294113e-11
-4.645113e-14
2.069694e-11
-7.298144e-14
2.029195e-14
2.091299e-11
-8.299851e-14
2.686191e-14
2.153326e-11
-8.646379e-14
2.859461e-14
2.272893e-11
-8.559982e-14
2.800476e-14
2.471371e-11
-1.896402e-14
5.755715e-15
2.290329e-11
-2.021163e-14
5.536857e-15
2.121777e-11
-2.15645e-14
5.47741e-15
1.864791e-11
-2.259108e-14
5.443668e-15
1.335905e-11
-2.295781e-14
5.373219e-15
-2.445554e-14
2.177363e-11
-3.804531e-14
1.996737e-14
2.232399e-11
-4.26606e-14
2.627023e-14
2.351622e-11
-4.317343e-14
2.726563e-14
2.545143e-11
-9.619926e-15
5.699468e-15
2.354748e-11
-1.023989e-14
5.516982e-15
2.173029e-11
-1.090858e-14
5.466647e-15
1.902245e-11
-1.141292e-14
5.436805e-15
1.356211e-11
-1.157109e-14
5.365759e-15
1.154589e-11
3.587795e-12
3.959123e-12
1.552466e-11
3.58292e-12
4.959252e-12
1.457462e-11
3.596046e-12
8.012232e-12
2.172355e-11
2.614423e-08
-2.046526e-12
2.627753e-08
-1.751489e-11
2.515096e-08
-4.722002e-12
2.25804e-08
5.692866e-12
1.806904e-08
2.140983e-11
1.041626e-08
4.484681e-11
2.052558e-11
1.068514e-11
3.322467e-11
1.76822e-11
3.597176e-12
2.496368e-11
1.594639e-11
3.584049e-12
1.880077e-11
-6.990224e-12
1.289204e-11
-1.133208e-11
6.45375e-08
-2.001374e-11
-5.976582e-12
6.131965e-08
-1.922095e-11
-2.234304e-12
5.407221e-08
4.214666e-12
2.501299e-12
4.171662e-08
2.020648e-11
1.365546e-11
2.221458e-08
2.734439e-11
8.970229e-12
1.87181e-11
2.256996e-11
9.490807e-12
3.604117e-12
1.81978e-11
9.860827e-12
3.572523e-12
1.423461e-11
1.020762e-11
3.576305e-12
1.052873e-11
-1.897001e-11
-6.859636e-12
-1.981394e-11
8.599194e-08
-3.527245e-11
-5.568421e-12
7.508926e-08
-1.278096e-11
-2.996161e-12
5.69036e-08
9.14127e-12
5.536782e-12
2.931789e-08
1.753904e-11
4.147117e-12
2.352759e-11
1.552481e-11
5.181312e-12
3.605199e-12
1.310369e-11
5.929727e-12
3.56308e-12
1.049036e-11
6.502876e-12
3.56681e-12
7.812252e-12
6.923039e-12
3.556114e-12
5.172064e-12
-1.853812e-11
-2.754474e-11
-1.312145e-11
8.792358e-08
-3.865372e-11
-1.972285e-12
6.597569e-08
-4.065423e-12
-1.253343e-12
3.344308e-08
1.178053e-11
1.950912e-12
2.622598e-11
1.132055e-11
2.7427e-12
3.60011e-12
9.854844e-12
3.343579e-12
3.554479e-12
8.056955e-12
3.796962e-12
3.558939e-12
6.027282e-12
4.117354e-12
3.548298e-12
3.973487e-12
4.923854e-14
3.234586e-14
3.941456e-12
-8.301493e-12
-3.57355e-11
-3.917697e-12
7.022275e-08
-2.581449e-11
8.385688e-13
3.534441e-08
7.627809e-12
7.903383e-13
2.711569e-11
9.165162e-12
1.192204e-12
3.580832e-12
8.287256e-12
1.505944e-12
3.54427e-12
6.86576e-12
1.744756e-12
3.551642e-12
5.19088e-12
1.910042e-12
3.541856e-12
3.408496e-12
2.31229e-14
3.228454e-14
3.392632e-12
2.32379e-14
3.098145e-14
3.446559e-12
5.856275e-14
-3.09552e-11
8.545121e-14
3.532173e-08
8.440841e-13
1.980476e-15
2.563781e-11
8.384208e-12
-7.047653e-16
3.517426e-12
8.118387e-12
-1.219369e-15
3.523597e-12
6.876518e-12
-3.601808e-16
3.5426e-12
5.215404e-12
-3.086063e-16
3.535756e-12
3.460194e-12
-3.57051e-18
3.223402e-14
3.426725e-12
-5.082077e-18
3.092794e-14
3.497868e-12
-4.752736e-18
3.074356e-14
3.863114e-12
-9.873855e-14
-2.094846e-11
-7.530077e-13
1.923565e-11
7.22467e-12
-1.154383e-12
3.302462e-12
9.021911e-12
-1.497736e-12
3.462601e-12
7.969018e-12
-1.750686e-12
3.52263e-12
6.133286e-12
-1.92025e-12
3.527655e-12
4.088155e-12
-2.322989e-14
3.21805e-14
4.078783e-12
-2.336149e-14
3.087995e-14
4.140471e-12
-2.412211e-14
3.067882e-14
4.543035e-12
-2.468495e-14
3.023814e-14
5.667838e-12
-1.505751e-12
-8.495005e-13
-2.362979e-12
2.56101e-12
9.453517e-12
-3.212739e-12
3.252875e-12
9.944282e-12
-3.780992e-12
3.460483e-12
7.897642e-12
-4.145614e-12
3.507692e-12
5.391349e-12
-4.966003e-14
3.209915e-14
5.365309e-12
-4.989876e-14
3.082309e-14
5.464816e-12
-5.14329e-14
3.06084e-14
5.886367e-12
-5.258192e-14
3.014053e-14
7.070598e-12
-5.207617e-14
2.879439e-14
9.40234e-12
-2.510805e-12
2.919321e-12
-4.959727e-12
2.519319e-12
1.138201e-11
-6.234368e-12
3.243379e-12
1.038563e-11
-6.912919e-12
3.443058e-12
7.431614e-12
-8.197227e-14
3.188072e-14
7.441784e-12
-8.23245e-14
3.073374e-14
7.541986e-12
-8.467972e-14
3.051935e-14
8.028524e-12
-8.631477e-14
3.003115e-14
9.23958e-12
-8.537594e-14
2.867487e-14
1.157859e-11
-1.953145e-14
5.842823e-15
1.146978e-11
-3.9909e-12
6.765214e-12
-8.403633e-12
2.491408e-12
1.246352e-11
-1.012565e-11
3.215486e-12
1.032191e-11
-1.201832e-13
3.118505e-14
1.033258e-11
-1.212695e-13
3.050206e-14
1.04855e-11
-1.24485e-13
3.039046e-14
1.099355e-11
-1.264514e-13
2.990468e-14
1.224928e-11
-1.247406e-13
2.855481e-14
1.452547e-11
-2.818841e-14
5.817863e-15
1.407408e-11
-3.09391e-14
5.579673e-15
1.399474e-11
-5.430106e-12
1.052768e-11
-1.215863e-11
2.430928e-12
1.350004e-11
-1.555101e-13
2.878008e-14
1.361392e-11
-1.607582e-13
2.976309e-14
1.38182e-11
-1.654643e-13
3.009961e-14
1.442035e-11
-1.67483e-13
2.974582e-14
1.569481e-11
-1.64832e-13
2.84381e-14
1.793457e-11
-3.657326e-14
5.79819e-15
1.703679e-11
-3.947006e-14
5.560992e-15
1.64408e-11
-4.249099e-14
5.496255e-15
1.514443e-11
-5.781605e-12
1.664752e-11
-1.287521e-13
2.143472e-14
1.671789e-11
-1.448157e-13
2.743912e-14
1.698425e-11
-1.527729e-13
2.931416e-14
1.758772e-11
-1.558433e-13
2.943886e-14
1.885951e-11
-1.535683e-13
2.830272e-14
2.098577e-11
-3.412469e-14
5.780353e-15
1.969461e-11
-3.671683e-14
5.548563e-15
1.860384e-11
-3.944388e-14
5.483957e-15
1.674182e-11
-4.153063e-14
5.449469e-15
1.229051e-11
-6.572033e-14
1.9165e-11
-1.049806e-13
2.044593e-14
1.937958e-11
-1.197655e-13
2.696038e-14
2.000808e-11
-1.249514e-13
2.864519e-14
2.123046e-11
-1.238777e-13
2.802577e-14
2.327978e-11
-2.752619e-14
5.75666e-15
2.166665e-11
-2.948625e-14
5.53606e-15
2.021451e-11
-3.157098e-14
5.47573e-15
1.791547e-11
-3.315349e-14
5.441308e-15
1.294957e-11
-3.376128e-14
5.370393e-15
-4.744406e-14
2.101323e-11
-7.453045e-14
2.004535e-14
2.157382e-11
-8.375316e-14
2.631931e-14
2.278527e-11
-8.482377e-14
2.728751e-14
2.475325e-11
-1.893262e-14
5.700349e-15
2.294619e-11
-2.021812e-14
5.516259e-15
2.124351e-11
-2.158605e-14
5.465189e-15
1.866828e-11
-2.261416e-14
5.434871e-15
1.336526e-11
-2.298401e-14
5.363599e-15
-2.537478e-14
2.24283e-11
-3.84781e-14
1.956825e-14
2.355851e-11
-4.185251e-14
2.511267e-14
2.550288e-11
-9.537524e-15
5.546011e-15
2.357934e-11
-1.022286e-14
5.46457e-15
2.176189e-11
-1.090972e-14
5.446032e-15
1.903811e-11
-1.142382e-14
5.424525e-15
1.356989e-11
-1.158925e-14
5.357087e-15
7.768229e-12
3.588609e-12
3.800131e-12
1.158129e-11
3.581524e-12
3.973946e-12
1.12869e-11
3.599361e-12
7.279172e-12
1.556445e-11
3.577129e-12
4.974362e-12
1.462098e-11
3.589831e-12
8.046312e-12
1.399121e-11
3.59097e-12
1.001517e-11
1.589221e-11
2.627764e-08
-1.084698e-11
2.514651e-08
-1.662082e-11
2.257136e-08
4.346281e-12
1.805799e-08
2.116494e-11
1.040773e-08
4.48778e-11
2.058396e-11
1.067057e-11
3.333239e-11
1.772906e-11
3.591547e-12
2.503863e-11
1.599875e-11
3.577955e-12
1.888499e-11
1.514055e-11
3.580813e-12
1.398384e-11
-6.690694e-12
-2.031945e-13
-5.911574e-12
6.131827e-08
-2.593895e-11
1.888829e-12
5.405797e-08
-6.888529e-12
3.938257e-12
4.169824e-08
2.005679e-11
1.465875e-11
2.220089e-08
2.722645e-11
8.980232e-12
1.868357e-11
2.258985e-11
9.517426e-12
3.597977e-12
1.826765e-11
9.886867e-12
3.566943e-12
1.428467e-11
1.023973e-11
3.570226e-12
1.059243e-11
1.058714e-11
3.5586e-12
7.180791e-12
-1.282049e-11
-1.853278e-11
-7.400782e-12
7.508323e-08
-2.638429e-11
6.071224e-12
5.688437e-08
4.494716e-12
7.662088e-12
2.930435e-08
1.696211e-11
4.146215e-12
2.342254e-11
1.548396e-11
5.188847e-12
3.596135e-12
1.311881e-11
5.946935e-12
3.556981e-12
1.054616e-11
6.520366e-12
3.561232e-12
7.850572e-12
6.944613e-12
3.550059e-12
5.225582e-12
8.136697e-14
3.235626e-14
5.195291e-12
-9.537635e-12
-2.942538e-11
-2.056651e-12
6.596254e-08
-1.950582e-11
6.066826e-12
3.342757e-08
9.882135e-12
1.940965e-12
2.583716e-11
1.106574e-11
2.742625e-12
3.579134e-12
9.839773e-12
3.349748e-12
3.545516e-12
8.075395e-12
3.808198e-12
3.552795e-12
6.079286e-12
4.128297e-12
3.542768e-12
4.007673e-12
4.937877e-14
3.229012e-14
3.992958e-12
4.955117e-14
3.098199e-14
4.05321e-12
-2.844599e-12
-3.092876e-11
3.799674e-13
3.532174e-08
8.984117e-13
7.83568e-13
2.563866e-11
8.391278e-12
1.184604e-12
3.517597e-12
8.114937e-12
1.506109e-12
3.523636e-12
6.875249e-12
1.748274e-12
3.542602e-12
5.215495e-12
1.915472e-12
3.535758e-12
3.46009e-12
2.317364e-14
3.223402e-14
3.426569e-12
2.330508e-14
3.092793e-14
3.497473e-12
2.404457e-14
3.074352e-14
3.86265e-12
5.335241e-14
-2.285446e-11
6.887813e-15
2.019069e-11
5.608712e-12
2.614178e-15
3.303985e-12
7.536514e-12
-1.310739e-15
3.461627e-12
6.771213e-12
-1.404583e-15
3.521606e-12
5.246468e-12
-3.202178e-16
3.526807e-12
3.490334e-12
-2.620595e-18
3.217545e-14
3.478496e-12
-3.530956e-18
3.087979e-14
3.532014e-12
-5.474615e-18
3.06896e-14
3.915535e-12
-5.234651e-18
3.026036e-14
5.017448e-12
-7.134076e-13
-2.478721e-12
-1.053502e-12
2.564964e-12
6.744322e-12
-1.454007e-12
3.252994e-12
7.559285e-12
-1.737675e-12
3.459609e-12
6.086781e-12
-1.92105e-12
3.506586e-12
4.139281e-12
-2.325897e-14
3.209176e-14
4.108709e-12
-2.340747e-14
3.082434e-14
4.192614e-12
-2.416902e-14
3.063032e-14
4.578621e-12
-2.475346e-14
3.018423e-14
5.722652e-12
-2.454408e-14
2.884281e-14
8.050333e-12
-1.591775e-12
8.438228e-13
-2.86971e-12
2.526067e-12
8.155002e-12
-3.658893e-12
3.247014e-12
7.676833e-12
-4.110145e-12
3.443946e-12
5.414089e-12
-4.964471e-14
3.188086e-14
5.417089e-12
-4.995888e-14
3.074021e-14
5.495472e-12
-5.153101e-14
3.055198e-14
5.939668e-12
-5.268139e-14
3.00922e-14
7.1078e-12
-5.221219e-14
2.874311e-14
9.457126e-12
-1.204379e-14
5.85655e-15
9.591164e-12
-2.887891e-12
4.367135e-12
-5.481049e-12
2.50919e-12
9.286102e-12
-6.6686e-12
3.226009e-12
7.476257e-12
-8.135271e-14
3.12282e-14
7.467498e-12
-8.226811e-14
3.052749e-14
7.595565e-12
-8.477582e-14
3.043435e-14
8.061901e-12
-8.647597e-14
2.997419e-14
9.293761e-12
-8.553646e-14
2.862918e-14
1.1616e-11
-1.95745e-14
5.832443e-15
1.151699e-11
-2.1746e-14
5.593451e-15
1.1871e-11
-4.400301e-12
8.319244e-12
-8.8002e-12
2.475388e-12
1.028135e-11
-1.163776e-13
2.901685e-14
1.037918e-11
-1.202555e-13
2.987502e-14
1.051764e-11
-1.243569e-13
3.017374e-14
1.104987e-11
-1.265845e-13
2.981653e-14
1.228653e-11
-1.249777e-13
2.849994e-14
1.457863e-11
-2.824024e-14
5.808603e-15
1.410719e-11
-3.099437e-14
5.569778e-15
1.403049e-11
-3.381972e-14
5.504314e-15
1.335035e-11
-5.847297e-12
1.357134e-11
-1.370779e-13
2.173496e-14
1.362967e-11
-1.551573e-13
2.762402e-14
1.387722e-11
-1.638776e-13
2.941888e-14
1.445951e-11
-1.672496e-13
2.950793e-14
1.575251e-11
-1.649897e-13
2.834819e-14
1.797466e-11
-3.664056e-14
5.78622e-15
1.708242e-11
-3.954186e-14
5.55225e-15
1.646764e-11
-4.256317e-14
5.486545e-15
1.516676e-11
-4.489895e-14
5.450883e-15
1.139661e-11
-7.871549e-14
1.681084e-11
-1.289463e-13
2.067563e-14
1.701467e-11
-1.477493e-13
2.710978e-14
1.76475e-11
-1.544116e-13
2.872666e-14
1.890066e-11
-1.53337e-13
2.806517e-14
2.103974e-11
-3.415061e-14
5.760007e-15
1.972937e-11
-3.676998e-14
5.536862e-15
1.8638e-11
-3.950579e-14
5.475301e-15
1.67593e-11
-4.159335e-14
5.439866e-15
1.229925e-11
-4.245226e-14
5.368307e-15
-6.737079e-14
1.947698e-11
-1.073785e-13
2.020029e-14
2.004543e-11
-1.210199e-13
2.641714e-14
2.128818e-11
-1.227714e-13
2.733195e-14
2.331964e-11
-2.748432e-14
5.703341e-15
2.171054e-11
-2.950214e-14
5.516247e-15
2.024083e-11
-3.160718e-14
5.46383e-15
1.79365e-11
-3.319627e-14
5.432652e-15
1.295631e-11
-3.380519e-14
5.360909e-15
-4.931924e-14
2.16724e-11
-7.546301e-14
1.964433e-14
2.282494e-11
-8.223706e-14
2.515704e-14
2.480639e-11
-1.877511e-14
5.549339e-15
2.297908e-11
-2.018704e-14
5.464879e-15
2.127576e-11
-2.15924e-14
5.445001e-15
1.868441e-11
-2.26351e-14
5.422798e-15
1.337315e-11
-2.300661e-14
5.355009e-15
-2.607144e-14
2.365792e-11
-3.786783e-14
1.877201e-14
2.554239e-11
-9.267908e-15
5.097031e-15
2.362192e-11
-1.014325e-14
5.32163e-15
2.178579e-11
-1.089236e-14
5.394365e-15
1.905793e-11
-1.142479e-14
5.404161e-15
1.357578e-11
-1.159987e-14
5.345106e-15
3.919403e-12
3.589024e-12
3.864919e-12
7.791029e-12
3.582279e-12
3.812524e-12
7.714901e-12
3.600785e-12
7.399486e-12
1.160962e-11
3.575614e-12
3.985092e-12
1.132086e-11
3.593063e-12
7.306165e-12
1.112587e-11
3.594463e-12
1.019788e-11
1.560542e-11
3.570209e-12
4.992823e-12
1.465788e-11
3.584013e-12
8.071014e-12
1.403442e-11
3.584751e-12
1.005822e-11
1.378214e-11
3.585967e-12
1.149447e-11
8.649532e-12
2.514555e-08
-1.310737e-11
2.256449e-08
-5.581127e-12
1.804849e-08
1.968901e-11
1.040008e-08
4.473688e-11
2.060165e-11
1.064863e-11
3.336314e-11
1.777799e-11
3.58526e-12
2.512474e-11
1.604037e-11
3.572314e-12
1.89446e-11
1.518831e-11
3.574689e-12
1.405245e-11
1.498694e-11
3.561528e-12
1.00113e-11
-4.778668e-12
-7.534055e-12
-1.94659e-13
5.404914e-08
-1.819621e-11
9.064588e-12
4.168007e-08
1.270807e-11
1.619682e-11
2.218828e-08
2.656528e-11
8.966065e-12
1.859721e-11
2.253668e-11
9.527699e-12
3.588778e-12
1.828936e-11
9.913879e-12
3.560751e-12
1.434725e-11
1.026608e-11
3.564624e-12
1.06344e-11
1.061907e-11
3.552516e-12
7.236734e-12
1.204323e-13
3.236931e-14
7.212813e-12
-5.267909e-12
-2.102467e-11
5.061061e-12
5.686759e-08
-9.974087e-12
1.509564e-11
2.928807e-08
1.494098e-11
4.108593e-12
2.307236e-11
1.518234e-11
5.183723e-12
3.575056e-12
1.309959e-11
5.955515e-12
3.547933e-12
1.056715e-11
6.538357e-12
3.555048e-12
7.90359e-12
6.962433e-12
3.544509e-12
5.26032e-12
8.158177e-14
3.230017e-14
5.249231e-12
8.167848e-14
3.098206e-14
5.322429e-12
-1.751452e-12
-2.640609e-11
4.948569e-12
3.340451e-08
3.050022e-12
1.902954e-12
2.44281e-11
1.022295e-11
2.719274e-12
3.515923e-12
9.651779e-12
3.348815e-12
3.524796e-12
8.082835e-12
3.814796e-12
3.543716e-12
6.104124e-12
4.139564e-12
3.536646e-12
4.059163e-12
4.948509e-14
3.223942e-14
4.027418e-12
4.968863e-14
3.092831e-14
4.105464e-12
5.118455e-14
3.073288e-14
4.488657e-12
1.754016e-13
-2.276176e-11
7.557732e-13
2.019153e-11
5.662358e-12
1.154778e-12
3.304411e-12
7.539346e-12
1.495148e-12
3.46181e-12
6.768211e-12
1.74799e-12
3.521634e-12
5.245795e-12
1.918996e-12
3.526802e-12
3.490636e-12
2.322257e-14
3.217545e-14
3.47841e-12
2.335441e-14
3.087979e-14
3.531894e-12
2.411262e-14
3.068959e-14
3.915177e-12
2.467527e-14
3.026031e-14
5.017053e-12
1.11518e-14
-3.343336e-12
1.349487e-14
2.566115e-12
5.421161e-12
2.742316e-15
3.252495e-12
6.398785e-12
-1.725948e-15
3.458898e-12
5.20582e-12
-1.476614e-15
3.505905e-12
3.541314e-12
1.032286e-18
3.208734e-14
3.508959e-12
-2.370384e-18
3.08245e-14
3.584423e-12
-3.569216e-18
3.064124e-14
3.950868e-12
-5.79078e-18
3.020651e-14
5.07149e-12
-5.479399e-18
2.886704e-14
7.394307e-12
-7.731477e-13
-6.141924e-13
-1.317558e-12
2.528317e-12
6.024374e-12
-1.686383e-12
3.248021e-12
5.90755e-12
-1.907025e-12
3.443847e-12
4.161926e-12
-2.326663e-14
3.187769e-14
4.160498e-12
-2.343468e-14
3.074301e-14
4.223208e-12
-2.421389e-14
3.057451e-14
4.632208e-12
-2.479962e-14
3.013606e-14
5.759491e-12
-2.461094e-14
2.879168e-14
8.103824e-12
-5.705313e-15
5.866186e-15
8.387822e-12
-1.874291e-12
2.417448e-12
-3.271672e-12
2.517806e-12
6.770562e-12
-3.981536e-12
3.230992e-12
5.460931e-12
-4.932258e-14
3.124701e-14
5.440988e-12
-4.994478e-14
3.054145e-14
5.54833e-12
-5.159042e-14
3.046974e-14
5.971571e-12
-5.277706e-14
3.003618e-14
7.16205e-12
-5.230802e-14
2.86977e-14
9.49378e-12
-1.207304e-14
5.846221e-15
9.637549e-12
-1.352462e-14
5.606977e-15
1.029669e-11
-3.256557e-12
5.813034e-12
-5.896277e-12
2.494947e-12
7.440245e-12
-7.91025e-14
2.912469e-14
7.515428e-12
-8.168106e-14
2.993197e-14
7.622865e-12
-8.471989e-14
3.023036e-14
8.116766e-12
-8.657163e-14
2.989065e-14
9.328124e-12
-8.569139e-14
2.85758e-14
1.166842e-11
-1.960867e-14
5.823265e-15
1.154884e-11
-2.178878e-14
5.583572e-15
1.190699e-11
-2.400395e-14
5.517782e-15
1.175206e-11
-4.835135e-12
1.021168e-11
-1.043756e-13
2.2131e-14
1.034993e-11
-1.166147e-13
2.786411e-14
1.05681e-11
-1.233585e-13
2.95555e-14
1.108381e-11
-1.264597e-13
2.960407e-14
1.234289e-11
-1.251093e-13
2.841894e-14
1.461499e-11
-2.828997e-14
5.797279e-15
1.415201e-11
-3.104666e-14
5.561178e-15
1.405575e-11
-3.387476e-14
5.494598e-15
1.337314e-11
-3.607865e-14
5.457651e-15
1.036632e-11
-8.102232e-14
1.370991e-11
-1.374741e-13
2.097452e-14
1.389617e-11
-1.58343e-13
2.730791e-14
1.451963e-11
-1.656986e-13
2.884209e-14
1.579183e-11
-1.647701e-13
2.812908e-14
1.802947e-11
-3.667617e-14
5.767359e-15
1.711613e-11
-3.960809e-14
5.541057e-15
1.650224e-11
-4.26364e-14
5.478066e-15
1.518376e-11
-4.497065e-14
5.441307e-15
1.140547e-11
-4.599484e-14
5.368822e-15
-8.102165e-14
1.711083e-11
-1.320869e-13
2.043359e-14
1.767928e-11
-1.494869e-13
2.656852e-14
1.895969e-11
-1.519741e-13
2.740581e-14
2.10791e-11
-3.410417e-14
5.709664e-15
1.977434e-11
-3.679727e-14
5.518177e-15
1.86643e-11
-3.955833e-14
5.463819e-15
1.678091e-11
-4.165575e-14
5.431377e-15
1.230608e-11
-4.251407e-14
5.358885e-15
-7.023793e-14
2.014224e-11
-1.088925e-13
1.979719e-14
2.132515e-11
-1.190198e-13
2.524717e-14
2.337418e-11
-2.726075e-14
5.55715e-15
2.174378e-11
-2.946113e-14
5.46682e-15
2.027388e-11
-3.162355e-14
5.444423e-15
1.795305e-11
-3.323185e-14
5.420899e-15
1.296455e-11
-3.384741e-14
5.352458e-15
-5.076743e-14
2.291899e-11
-7.433629e-14
1.884329e-14
2.484371e-11
-1.824825e-14
5.104962e-15
2.302319e-11
-2.003615e-14
5.32432e-15
2.13005e-11
-2.1561e-14
5.394362e-15
1.870468e-11
-2.264138e-14
5.402863e-15
1.33793e-11
-2.302704e-14
5.343233e-15
-2.604258e-14
2.56329e-11
-8.458564e-15
3.793038e-15
2.36544e-11
-9.883326e-15
4.899119e-15
2.181773e-11
-1.081342e-14
5.253486e-15
1.90728e-11
-1.140722e-14
5.352943e-15
1.358344e-11
-1.160073e-14
5.325341e-15
3.585648e-12
3.93226e-12
3.930679e-12
3.582656e-12
3.876254e-12
3.917313e-12
3.601483e-12
7.684796e-12
7.809432e-12
3.576277e-12
3.822144e-12
7.737201e-12
3.594428e-12
7.423349e-12
7.69627e-12
3.596203e-12
1.088183e-11
1.163825e-11
3.568278e-12
3.99887e-12
1.134821e-11
3.587122e-12
7.326562e-12
1.115848e-11
3.588166e-12
1.023535e-11
1.114452e-11
3.589056e-12
1.296693e-11
1.561793e-11
3.55911e-12
5.002198e-12
1.469559e-11
3.57703e-12
8.101857e-12
1.406921e-11
3.578936e-12
1.008957e-11
1.382323e-11
3.579739e-12
1.154419e-11
1.388172e-11
3.564498e-12
1.314133e-11
2.125536e-12
2.256165e-08
-7.926261e-12
1.804047e-08
1.339526e-11
1.039334e-08
4.38801e-11
2.055368e-11
1.059615e-11
3.328617e-11
1.77933e-11
3.575717e-12
2.515374e-11
1.608344e-11
3.565909e-12
1.901627e-11
1.522689e-11
3.569026e-12
1.409995e-11
1.503231e-11
3.555397e-12
1.006869e-11
1.619976e-13
3.238226e-14
1.006091e-11
-7.660958e-13
-1.103076e-11
6.58881e-12
4.166566e-08
-4.137381e-13
1.995567e-11
2.217429e-08
2.425096e-11
8.85424e-12
1.83156e-11
2.214398e-11
9.510616e-12
3.567327e-12
1.826209e-11
9.924839e-12
3.551457e-12
1.437206e-11
1.029318e-11
3.55833e-12
1.069032e-11
1.064558e-11
3.546928e-12
7.272921e-12
1.207342e-13
3.231282e-14
7.269177e-12
1.204698e-13
3.098041e-14
7.362775e-12
1.662186e-12
-1.94175e-11
1.291242e-11
2.926593e-08
7.760857e-12
3.979307e-12
2.181068e-11
1.416485e-11
5.127528e-12
3.51161e-12
1.287767e-11
5.949401e-12
3.526912e-12
1.05712e-11
6.547482e-12
3.545845e-12
7.929273e-12
6.980589e-12
3.538324e-12
5.311711e-12
8.175817e-14
3.22491e-14
5.284366e-12
8.188699e-14
3.092804e-14
5.377166e-12
8.413203e-14
3.071145e-14
5.793462e-12
2.563765e-12
-2.086232e-11
1.778161e-12
1.92363e-11
7.265685e-12
2.632752e-12
3.302802e-12
9.022727e-12
3.319191e-12
3.462738e-12
7.964752e-12
3.813185e-12
3.522618e-12
6.133091e-12
4.146231e-12
3.527628e-12
4.089922e-12
4.958824e-14
3.218051e-14
4.079284e-12
4.979156e-14
3.087998e-14
4.140497e-12
5.132307e-14
3.067884e-14
4.542434e-12
5.243428e-14
3.023809e-14
5.666991e-12
7.181858e-13
-3.244527e-12
1.057203e-12
2.566667e-12
5.45849e-12
1.454145e-12
3.253009e-12
6.39883e-12
1.734781e-12
3.45907e-12
5.203762e-12
1.918408e-12
3.50592e-12
3.541597e-12
2.3258e-14
3.208727e-14
3.509261e-12
2.340113e-14
3.082451e-14
3.58437e-12
2.41621e-14
3.064124e-14
3.950784e-12
2.474364e-14
3.02065e-14
5.071181e-12
2.453415e-14
2.886699e-14
7.394001e-12
2.431253e-14
-1.374687e-12
1.765965e-14
2.528682e-12
4.976218e-12
2.558979e-15
3.247926e-12
5.045964e-12
-1.999403e-15
3.443552e-12
3.564383e-12
-1.017863e-17
3.1875e-14
3.560525e-12
1.906364e-18
3.074376e-14
3.615424e-12
-2.234941e-18
3.058571e-14
4.004712e-12
-3.552634e-18
3.015842e-14
5.108168e-12
-5.887148e-18
2.881598e-14
7.447246e-12
-1.369609e-18
5.87091e-15
7.803084e-12
-9.208285e-13
1.091514e-12
-1.526765e-12
2.521329e-12
5.128751e-12
-1.852209e-12
3.232944e-12
4.212458e-12
-2.313656e-14
3.125351e-14
4.184018e-12
-2.34425e-14
3.054823e-14
4.275981e-12
-2.424019e-14
3.049373e-14
4.664003e-12
-2.484316e-14
3.008057e-14
5.814249e-12
-2.465531e-14
2.874647e-14
8.140222e-12
-5.719717e-15
5.855905e-15
8.433223e-12
-6.439954e-15
5.616747e-15
9.2821e-12
-2.13756e-12
3.903864e-12
-3.574397e-12
2.504995e-12
5.432231e-12
-4.811704e-14
2.917962e-14
5.490437e-12
-4.963957e-14
2.996362e-14
5.573582e-12
-5.157605e-14
3.027294e-14
6.02594e-12
-5.283534e-14
2.995523e-14
7.19519e-12
-5.239948e-14
2.864522e-14
9.546467e-12
-1.209333e-14
5.837126e-15
9.668833e-12
-1.35542e-14
5.597145e-15
1.033215e-11
-1.502983e-14
5.53133e-15
1.055324e-11
-3.612675e-12
7.403975e-12
-7.200267e-14
2.231512e-14
7.488809e-12
-7.953189e-14
2.798268e-14
7.674177e-12
-8.414107e-14
2.964269e-14
8.145969e-12
-8.651688e-14
2.969034e-14
9.383559e-12
-8.578499e-14
2.849912e-14
1.17024e-11
-1.964092e-14
5.812257e-15
1.159322e-11
-2.182309e-14
5.575049e-15
1.193138e-11
-2.40472e-14
5.508073e-15
1.177509e-11
-2.579135e-14
5.469892e-15
9.434563e-12
-6.830698e-14
1.031569e-11
-1.051423e-13
2.136906e-14
1.054991e-11
-1.197545e-13
2.756902e-14
1.113803e-11
-1.254849e-13
2.899888e-14
1.237814e-11
-1.249936e-13
2.82238e-14
1.466904e-11
-2.831959e-14
5.780279e-15
1.418283e-11
-3.109561e-14
5.550575e-15
1.408986e-11
-3.392825e-14
5.486262e-15
1.338916e-11
-3.613355e-14
5.448065e-15
1.037544e-11
-3.716742e-14
5.374392e-15
-8.364586e-14
1.398469e-11
-1.408896e-13
2.074088e-14
1.454172e-11
-1.602735e-13
2.67744e-14
1.585188e-11
-1.632927e-13
2.751405e-14
1.80674e-11
-3.663325e-14
5.720811e-15
1.716198e-11
-3.964634e-14
5.523794e-15
1.652782e-11
-4.270271e-14
5.467081e-15
1.520572e-11
-4.504477e-14
5.433002e-15
1.14121e-11
-4.606559e-14
5.359429e-15
-8.475026e-14
1.777712e-11
-1.341516e-13
2.002973e-14
1.899206e-11
-1.472725e-13
2.538853e-14
2.113512e-11
-3.382997e-14
5.570545e-15
1.980725e-11
-3.675244e-14
5.47158e-15
1.869825e-11
-3.958697e-14
5.445534e-15
1.679751e-11
-4.17079e-14
5.420038e-15
1.231462e-11
-4.257593e-14
5.350601e-15
-7.250289e-14
2.14186e-11
-1.074591e-13
1.898809e-14
2.340935e-11
-2.649785e-14
5.12202e-15
2.178916e-11
-2.924793e-14
5.330926e-15
2.029894e-11
-3.158242e-14
5.395714e-15
1.79739e-11
-3.324853e-14
5.401745e-15
1.297095e-11
-3.388231e-14
5.340995e-15
-5.078602e-14
2.492964e-11
-1.664357e-14
3.806538e-15
2.305389e-11
-1.952945e-14
4.906263e-15
2.133368e-11
-2.141222e-14
5.255855e-15
1.872016e-11
-2.260976e-14
5.352671e-15
1.338719e-11
-2.303316e-14
5.32389e-15
-6.0535e-15
2.372911e-11
-9.109524e-15
3.65952e-15
2.184187e-11
-1.055587e-14
4.836445e-15
1.909281e-11
-1.13287e-14
5.213292e-15
1.358898e-11
-1.158324e-14
5.27555e-15
3.579268e-12
3.943358e-12
3.598193e-12
7.869056e-12
3.939858e-12
3.576592e-12
3.88518e-12
3.928446e-12
3.595087e-12
7.70713e-12
3.92825e-12
3.597086e-12
1.150333e-11
7.827792e-12
3.568632e-12
3.834057e-12
7.755274e-12
3.588394e-12
7.441951e-12
7.717987e-12
3.589847e-12
1.091653e-11
7.768394e-12
3.59072e-12
1.440188e-11
1.164688e-11
3.556165e-12
4.007537e-12
1.13757e-11
3.579726e-12
7.35203e-12
1.118496e-11
3.582232e-12
1.026383e-11
1.11761e-11
3.582752e-12
1.301395e-11
1.131099e-11
3.566239e-12
1.617354e-11
1.558137e-11
3.532523e-12
5.006177e-12
1.470733e-11
3.565794e-12
8.11907e-12
1.41045e-11
3.571928e-12
1.012961e-11
1.38567e-11
3.573925e-12
1.158056e-11
1.392153e-11
3.558273e-12
1.319875e-11
1.513583e-13
3.239324e-14
1.326305e-11
-1.836565e-12
1.803584e-08
5.399368e-12
1.0387e-08
4.09177e-11
2.024528e-11
1.043013e-11
3.273801e-11
1.775191e-11
3.553362e-12
2.511369e-11
1.609772e-11
3.556095e-12
1.904619e-11
1.526645e-11
3.562513e-12
1.416073e-11
1.506954e-11
3.549744e-12
1.010781e-11
1.624097e-13
3.232535e-14
1.011864e-11
1.613655e-13
3.097624e-14
1.024109e-11
3.168226e-12
-1.142085e-11
1.658126e-11
2.215669e-08
1.620833e-11
8.476656e-12
1.730874e-11
2.079992e-11
9.387307e-12
3.503104e-12
1.798079e-11
9.907819e-12
3.52973e-12
1.437078e-11
1.030462e-11
3.548841e-12
1.071825e-11
1.067263e-11
3.540615e-12
7.324836e-12
1.209988e-13
3.226124e-14
7.305791e-12
1.207602e-13
3.092601e-14
7.419854e-12
1.235588e-13
3.068045e-14
7.87855e-12
6.193353e-12
-1.70145e-11
3.570224e-12
1.717125e-11
1.064019e-11
4.931111e-12
3.298152e-12
1.212286e-11
5.885637e-12
3.464067e-12
1.043082e-11
6.540652e-12
3.524367e-12
7.955889e-12
6.989977e-12
3.529149e-12
5.343085e-12
8.192968e-14
3.218946e-14
5.336267e-12
8.205814e-14
3.087937e-14
5.412977e-12
8.434023e-14
3.065716e-14
5.849526e-12
8.593504e-14
3.019451e-14
7.01303e-12
1.50143e-12
-2.395219e-12
2.35763e-12
2.565423e-12
6.770873e-12
3.209964e-12
3.253385e-12
7.557715e-12
3.779585e-12
3.459731e-12
6.085195e-12
4.144173e-12
3.506581e-12
4.140905e-12
4.965637e-14
3.20916e-14
4.110472e-12
4.989008e-14
3.082438e-14
4.193109e-12
5.142577e-14
3.063036e-14
4.578645e-12
5.257278e-14
3.018425e-14
5.722097e-12
5.206797e-14
2.884273e-14
8.049639e-12
7.809881e-13
-1.307506e-12
1.321688e-12
2.529339e-12
4.993135e-12
1.686251e-12
3.248442e-12
5.045135e-12
1.904109e-12
3.443682e-12
3.564364e-12
2.325183e-14
3.187506e-14
3.560915e-12
2.343595e-14
3.074369e-14
3.615737e-12
2.420824e-14
3.058572e-14
4.004701e-12
2.47929e-14
3.015842e-14
5.108116e-12
2.460113e-14
2.881597e-14
7.447002e-12
5.702924e-15
5.8709e-15
7.802865e-12
3.182889e-14
4.123986e-13
1.922356e-14
2.522237e-12
4.332256e-12
2.340869e-15
3.233405e-12
3.616706e-12
-1.72418e-17
3.125466e-14
3.584361e-12
-8.915614e-18
3.055061e-14
3.667915e-12
2.626059e-18
3.050545e-14
4.036842e-12
-2.056829e-18
3.010314e-14
5.163295e-12
-3.414726e-18
2.877087e-14
7.48354e-12
-1.383783e-18
5.860656e-15
7.848055e-12
-1.575666e-18
5.621664e-15
8.787644e-12
-1.056912e-12
2.661487e-12
-1.680559e-12
2.509559e-12
4.190971e-12
-2.261961e-14
2.920456e-14
4.236718e-12
-2.33191e-14
2.997959e-14
4.300555e-12
-2.424785e-14
3.030069e-14
4.718359e-12
-2.486841e-14
3.000095e-14
5.847325e-12
-2.469674e-14
2.869452e-14
8.193456e-12
-5.729048e-15
5.846875e-15
8.464296e-12
-6.454559e-15
5.606961e-15
9.316871e-12
-7.185162e-15
5.541309e-15
9.773916e-12
-2.378943e-12
5.426161e-12
-4.432708e-14
2.241275e-14
5.469529e-12
-4.848754e-14
2.804851e-14
5.625796e-12
-5.127441e-14
2.970224e-14
6.053008e-12
-5.282101e-14
2.976169e-14
7.250514e-12
-5.245572e-14
2.857099e-14
9.579438e-12
-1.211212e-14
5.826316e-15
9.713488e-12
-1.357445e-14
5.5887e-15
1.035615e-11
-1.506008e-14
5.521664e-15
1.057599e-11
-1.62307e-14
5.482449e-15
8.724962e-12
-5.092027e-14
7.482764e-12
-7.275529e-14
2.155999e-14
7.656788e-12
-8.201032e-14
2.771508e-14
8.200824e-12
-8.595095e-14
2.91145e-14
9.414464e-12
-8.573488e-14
2.831536e-14
1.175594e-11
-1.966161e-14
5.796166e-15
1.162224e-11
-2.185443e-14
5.564731e-15
1.196527e-11
-2.408225e-14
5.499814e-15
1.179061e-11
-2.583487e-14
5.460314e-15
9.443844e-12
-2.669139e-14
5.385306e-15
-7.063705e-14
1.054974e-11
-1.08409e-13
2.114902e-14
1.113098e-11
-1.219472e-13
2.705129e-14
1.243497e-11
-1.240709e-13
2.766654e-14
1.470405e-11
-2.82974e-14
5.73865e-15
1.422829e-11
-3.112724e-14
5.535084e-15
1.411338e-11
-3.39774e-14
5.475851e-15
1.341088e-11
-3.618779e-14
5.439911e-15
1.038162e-11
-3.722159e-14
5.36499e-15
-8.772429e-14
1.463696e-11
-1.431833e-13
2.034002e-14
1.587653e-11
-1.581061e-13
2.558385e-14
1.81249e-11
-3.633784e-14
5.590774e-15
1.719385e-11
-3.960604e-14
5.480803e-15
1.656255e-11
-4.274329e-14
5.450213e-15
1.522192e-11
-4.511112e-14
5.422158e-15
1.142082e-11
-4.613928e-14
5.351331e-15
-8.776484e-14
1.90886e-11
-1.326447e-13
1.920986e-14
2.11667e-11
-3.287591e-14
5.149048e-15
1.985401e-11
-3.649175e-14
5.342531e-15
1.872312e-11
-3.954244e-14
5.399614e-15
1.681899e-11
-4.173736e-14
5.402006e-15
1.232109e-11
-4.262735e-14
5.339544e-15
-7.274118e-14
2.349582e-11
-2.415224e-14
3.834693e-15
2.181815e-11
-2.851478e-14
4.92184e-15
2.033316e-11
-3.137292e-14
5.26184e-15
1.798964e-11
-3.320728e-14
5.353469e-15
1.297914e-11
-3.389885e-14
5.32242e-15
-1.185194e-14
2.312454e-11
-1.799423e-14
3.672248e-15
2.13565e-11
-2.091102e-14
4.843207e-15
1.874104e-11
-2.246226e-14
5.215388e-15
1.339308e-11
-2.300177e-14
5.275109e-15
-6.805952e-15
2.189813e-11
-9.793517e-15
3.613267e-15
1.910772e-11
-1.107255e-14
4.799475e-15
1.359668e-11
-1.150576e-14
5.139572e-15
3.573181e-12
3.952243e-12
3.591785e-12
7.89113e-12
3.593883e-12
1.184611e-11
3.948875e-12
3.568743e-12
3.896306e-12
3.937545e-12
3.588992e-12
7.72475e-12
3.939194e-12
3.590692e-12
1.15364e-11
3.978763e-12
3.59158e-12
1.544323e-11
7.833215e-12
3.555761e-12
3.842501e-12
7.773243e-12
3.580691e-12
7.465074e-12
7.735688e-12
3.583821e-12
1.094371e-11
7.789602e-12
3.584358e-12
1.444737e-11
7.909389e-12
3.567115e-12
1.849822e-11
1.16194e-11
3.526862e-12
4.015567e-12
1.138409e-11
3.567483e-12
7.368919e-12
1.121142e-11
3.574828e-12
1.029968e-11
1.120196e-11
3.576821e-12
1.305007e-11
1.134182e-11
3.55994e-12
1.62317e-11
1.230764e-13
3.239706e-14
1.632771e-11
1.535862e-11
3.456428e-12
4.970035e-12
1.467315e-11
3.538838e-12
8.131497e-12
1.411589e-11
3.560643e-12
1.01543e-11
1.389036e-11
3.566891e-12
1.162802e-11
1.395438e-11
3.552479e-12
1.324157e-11
1.517212e-13
3.23356e-14
1.332092e-11
1.505755e-13
3.09714e-14
1.352121e-11
-3.513194e-12
1.037944e-08
3.088355e-11
1.920286e-11
9.846034e-12
3.085305e-11
1.749046e-11
3.487198e-12
2.474719e-11
1.606206e-11
3.532963e-12
1.903883e-11
1.52803e-11
3.552471e-12
1.419255e-11
1.510741e-11
3.543203e-12
1.016189e-11
1.627728e-13
3.227309e-14
1.015813e-11
1.617613e-13
3.09215e-14
1.029935e-11
1.644663e-13
3.064399e-14
1.08017e-11
6.989193e-12
-1.087201e-11
7.277064e-12
1.361973e-11
1.622087e-11
8.966864e-12
3.28838e-12
1.701158e-11
9.783915e-12
3.465191e-12
1.419472e-11
1.028777e-11
3.526553e-12
1.074229e-11
1.068446e-11
3.531124e-12
7.358013e-12
1.212596e-13
3.220035e-14
7.358237e-12
1.210177e-13
3.087689e-14
7.457146e-12
1.238462e-13
3.06259e-14
7.936617e-12
1.256688e-13
3.01338e-14
9.142311e-12
2.465476e-12
-8.075567e-13
4.309628e-12
2.561167e-12
9.467703e-12
5.661507e-12
3.253028e-12
9.941573e-12
6.472514e-12
3.460519e-12
7.896644e-12
6.982821e-12
3.507667e-12
5.393741e-12
8.203211e-14
3.209886e-14
5.368198e-12
8.222277e-14
3.08231e-14
5.46572e-12
8.4511e-14
3.060843e-14
5.886483e-12
8.614144e-14
3.014055e-14
7.06994e-12
8.516886e-14
2.879428e-14
9.401509e-12
1.581699e-12
-5.618718e-13
2.862858e-12
2.528845e-12
6.035825e-12
3.655987e-12
3.248382e-12
5.905105e-12
4.108776e-12
3.443947e-12
4.163286e-12
4.96366e-14
3.187767e-14
4.162215e-12
4.995698e-14
3.074288e-14
4.224937e-12
5.152292e-14
3.057459e-14
4.632675e-12
5.267447e-14
3.013613e-14
5.759506e-12
5.22032e-14
2.879169e-14
8.103362e-12
1.204197e-14
5.866167e-15
8.387296e-12
9.302457e-13
4.480685e-13
1.530858e-12
2.522925e-12
4.331271e-12
1.851705e-12
3.233781e-12
3.615507e-12
2.311838e-14
3.125552e-14
3.584656e-12
2.34303e-14
3.055065e-14
3.66838e-12
2.424337e-14
3.050539e-14
4.037176e-12
2.483819e-14
3.010315e-14
5.163324e-12
2.464895e-14
2.877088e-14
7.483512e-12
5.71748e-15
5.860657e-15
7.847876e-12
6.437259e-15
5.621655e-15
8.787495e-12
3.546693e-14
2.055965e-12
1.831928e-14
2.511107e-12
3.598516e-12
1.397645e-17
2.921286e-14
3.638786e-12
-1.59248e-17
2.998561e-14
3.692695e-12
-8.005322e-18
3.031393e-14
4.090981e-12
3.317639e-18
3.002394e-14
5.196711e-12
-1.804244e-18
2.871914e-14
7.537152e-12
-7.01344e-19
5.851661e-15
7.879034e-12
-1.527562e-18
5.611901e-15
8.822117e-12
-1.723725e-18
5.546416e-15
9.392246e-12
-1.176217e-12
4.206123e-12
-2.101129e-14
2.245968e-14
4.22193e-12
-2.282551e-14
2.808183e-14
4.35552e-12
-2.412538e-14
2.973874e-14
4.744564e-12
-2.487591e-14
2.98109e-14
5.902877e-12
-2.472063e-14
2.862156e-14
8.226348e-12
-5.737436e-15
5.83619e-15
8.509363e-12
-6.463809e-15
5.598574e-15
9.340732e-12
-7.200135e-15
5.531687e-15
9.796275e-12
-7.782589e-15
5.49177e-15
8.258364e-12
-3.317663e-14
5.488674e-12
-4.487214e-14
2.166534e-14
5.612503e-12
-5.012926e-14
2.780669e-14
6.108393e-12
-5.252546e-14
2.920193e-14
7.279417e-12
-5.244321e-14
2.839359e-14
9.633072e-12
-1.212418e-14
5.810752e-15
9.741728e-12
-1.359243e-14
5.578557e-15
1.039029e-11
-1.508071e-14
5.513481e-15
1.059132e-11
-1.626134e-14
5.472918e-15
8.734138e-12
-1.685419e-14
5.396682e-15
-5.26224e-14
7.679861e-12
-7.529675e-14
2.136036e-14
8.193047e-12
-8.385642e-14
2.72226e-14
9.471952e-12
-8.520042e-14
2.778599e-14
1.178716e-11
-1.965214e-14
5.756857e-15
1.166746e-11
-2.187615e-14
5.550108e-15
1.198752e-11
-2.411353e-14
5.489676e-15
1.181226e-11
-2.587038e-14
5.452242e-15
9.449834e-12
-2.673449e-14
5.375913e-15
-7.425905e-14
1.116309e-11
-1.108191e-13
2.07561e-14
1.243872e-11
-1.207001e-13
2.585147e-14
1.476079e-11
-2.811342e-14
5.620391e-15
1.425794e-11
-3.110703e-14
5.496757e-15
1.414795e-11
-3.401093e-14
5.460744e-15
1.342576e-11
-3.623707e-14
5.429636e-15
1.039022e-11
-3.727548e-14
5.357043e-15
-9.108543e-14
1.597514e-11
-1.417765e-13
1.950802e-14
1.815075e-11
-3.528959e-14
5.186819e-15
1.724203e-11
-3.932589e-14
5.360536e-15
1.658671e-11
-4.270411e-14
5.407845e-15
1.524398e-11
-4.515315e-14
5.405543e-15
1.142713e-11
-4.620501e-14
5.34076e-15
-8.835486e-14
2.125784e-11
-2.991381e-14
3.878007e-15
1.988014e-11
-3.557503e-14
4.946663e-15
1.875847e-11
-3.928702e-14
5.272536e-15
1.683466e-11
-4.1693e-14
5.356498e-15
1.232961e-11
-4.265675e-14
5.322073e-15
-1.70927e-14
2.188946e-11
-2.627069e-14
3.699009e-15
2.035471e-11
-3.064833e-14
4.858052e-15
1.801125e-11
-3.300003e-14
5.220808e-15
1.29852e-11
-3.385796e-14
5.275523e-15
-1.339839e-14
2.140954e-11
-1.939816e-14
3.625613e-15
1.875507e-11
-2.196427e-14
4.805934e-15
1.340124e-11
-2.285639e-14
5.141473e-15
-7.520638e-15
1.914393e-11
-1.031697e-14
3.58605e-15
1.360221e-11
-1.125301e-14
4.734936e-15
3.565243e-12
3.963107e-12
3.585666e-12
7.908838e-12
3.587477e-12
1.18791e-11
3.58838e-12
1.597686e-11
3.951496e-12
3.55537e-12
3.904632e-12
3.946445e-12
3.581085e-12
7.746774e-12
3.948194e-12
3.584605e-12
1.156256e-11
3.989548e-12
3.58518e-12
1.54872e-11
4.057027e-12
3.567538e-12
2.001995e-11
7.814589e-12
3.524443e-12
3.852049e-12
7.778592e-12
3.567697e-12
7.481876e-12
7.753213e-12
3.576118e-12
1.097757e-11
7.806998e-12
3.578336e-12
1.448329e-11
7.930118e-12
3.56076e-12
1.855591e-11
8.559602e-14
3.239728e-14
1.86704e-11
1.145912e-11
3.444422e-12
4.005972e-12
1.135744e-11
3.537836e-12
7.386774e-12
1.121969e-11
3.562576e-12
1.032468e-11
1.122765e-11
3.569406e-12
1.309589e-11
1.136731e-11
3.554032e-12
1.627716e-11
1.23352e-13
3.23388e-14
1.638633e-11
1.222345e-13
3.096441e-14
1.661902e-11
1.461119e-11
3.217951e-12
4.837298e-12
1.446695e-11
3.461854e-12
8.090032e-12
1.40841e-11
3.533526e-12
1.017903e-11
1.390161e-11
3.555569e-12
1.165991e-11
1.398713e-11
3.54546e-12
1.329796e-11
1.52039e-13
3.228197e-14
1.336419e-11
1.50923e-13
3.091606e-14
1.357964e-11
1.534382e-13
3.061146e-14
1.415932e-11
-1.835045e-12
1.582152e-11
7.731076e-12
2.451357e-11
1.66054e-11
3.269007e-12
2.347688e-11
1.583582e-11
3.46512e-12
1.881972e-11
1.52482e-11
3.528682e-12
1.421488e-11
1.512132e-11
3.53314e-12
1.019851e-11
1.631297e-13
3.221003e-14
1.021266e-11
1.621151e-13
3.087177e-14
1.033941e-11
1.648563e-13
3.058923e-14
1.086055e-11
1.662619e-13
3.006637e-14
1.209426e-11
3.734652e-12
1.472745e-12
7.628074e-12
2.551323e-12
1.366956e-11
9.35975e-12
3.250636e-12
1.357598e-11
1.016445e-11
3.460769e-12
1.066665e-11
1.06679e-11
3.508779e-12
7.409272e-12
1.213954e-13
3.210659e-14
7.392003e-12
1.212696e-13
3.081946e-14
7.510403e-12
1.241032e-13
3.057679e-14
7.974911e-12
1.259513e-13
3.007972e-14
9.200629e-12
1.242219e-13
2.872615e-14
1.152197e-11
2.501196e-12
8.711671e-13
4.952751e-12
2.526244e-12
8.161538e-12
6.232241e-12
3.247162e-12
7.674437e-12
6.913102e-12
3.443984e-12
5.416184e-12
8.197269e-14
3.18807e-14
5.419703e-12
8.23241e-14
3.073999e-14
5.498428e-12
8.467371e-14
3.055208e-14
5.940551e-12
8.631048e-14
3.009228e-14
7.107898e-12
8.536889e-14
2.874313e-14
9.456575e-12
1.953069e-14
5.856524e-15
9.590523e-12
1.861174e-12
1.110064e-12
3.264335e-12
2.521781e-12
5.130135e-12
3.978546e-12
3.233219e-12
4.210883e-12
4.931491e-14
3.125407e-14
4.185614e-12
4.993838e-14
3.054822e-14
4.277705e-12
5.15902e-14
3.049365e-14
4.665656e-12
5.276965e-14
3.008069e-14
5.814664e-12
5.230147e-14
2.874654e-14
8.140229e-12
1.207109e-14
5.855909e-15
8.432867e-12
1.352272e-14
5.616731e-15
9.281728e-12
1.065196e-12
2.056536e-12
1.685122e-12
2.511566e-12
3.59566e-12
2.26097e-14
2.921525e-14
3.637543e-12
2.330355e-14
2.998636e-14
3.693249e-12
2.423754e-14
3.0314e-14
4.091474e-12
2.48734e-14
3.00239e-14
5.197056e-12
2.469248e-14
2.871917e-14
7.537204e-12
5.727784e-15
5.851666e-15
7.87902e-12
6.452147e-15
5.611904e-15
8.821992e-12
7.182236e-15
5.54641e-15
9.392153e-12
3.385801e-14
3.620909e-12
1.485166e-16
2.247722e-14
3.626826e-12
1.250362e-17
2.809451e-14
3.749252e-12
-1.488734e-17
2.975539e-14
4.117354e-12
-7.046939e-18
2.983528e-14
5.252235e-12
3.858796e-18
2.86466e-14
7.570339e-12
-2.781684e-19
5.841034e-15
7.924376e-12
-6.747938e-19
5.603547e-15
8.845913e-12
-1.638362e-18
5.536818e-15
9.414439e-12
-1.810677e-18
5.496562e-15
8.028302e-12
-1.628899e-14
4.259354e-12
-2.12937e-14
2.171848e-14
4.347114e-12
-2.363422e-14
2.785913e-14
4.802318e-12
-2.475535e-14
2.925932e-14
5.930932e-12
-2.472847e-14
2.844745e-14
8.280298e-12
-5.742302e-15
5.820904e-15
8.537497e-12
-6.471707e-15
5.588537e-15
9.375183e-12
-7.209522e-15
5.523559e-15
9.811549e-12
-7.797769e-15
5.482288e-15
8.267372e-12
-8.098456e-15
5.405154e-15
-3.423441e-14
5.655976e-12
-4.654161e-14
2.148532e-14
6.103118e-12
-5.139694e-14
2.733965e-14
7.337315e-12
-5.216429e-14
2.787947e-14
9.662508e-12
-1.212191e-14
5.772744e-15
9.787083e-12
-1.360475e-14
5.564431e-15
1.041199e-11
-1.509851e-14
5.503505e-15
1.06132e-11
-1.62822e-14
5.464927e-15
8.740092e-12
-1.68846e-14
5.38734e-15
-5.533967e-14
8.243911e-12
-7.726076e-14
2.098527e-14
9.473782e-12
-8.320844e-14
2.602403e-14
1.184444e-11
-1.954545e-14
5.644286e-15
1.169413e-11
-2.18677e-14
5.513968e-15
1.2022e-11
-2.413638e-14
5.475431e-15
1.182637e-11
-2.590163e-14
5.442238e-15
9.458435e-12
-2.676969e-14
5.368052e-15
-7.729643e-14
1.24992e-11
-1.101006e-13
1.991129e-14
1.477398e-11
-2.742868e-14
5.239507e-15
1.430583e-11
-3.093521e-14
5.387836e-15
1.417053e-11
-3.399164e-14
5.422964e-15
1.344779e-11
-3.627181e-14
5.414782e-15
1.039591e-11
-3.732425e-14
5.34703e-15
-9.194771e-14
1.824771e-11
-3.199494e-14
3.936506e-15
1.726363e-11
-3.831834e-14
4.981661e-15
1.662328e-11
-4.243051e-14
5.289482e-15
1.525924e-11
-4.511464e-14
5.363561e-15
1.143595e-11
-4.624717e-14
5.324684e-15
-2.092377e-14
1.995567e-11
-3.274063e-14
3.740271e-15
1.877791e-11
-3.838165e-14
4.881796e-15
1.685709e-11
-4.144079e-14
5.230616e-15
1.233567e-11
-4.26129e-14
5.277897e-15
-1.949506e-14
2.04084e-11
-2.843769e-14
3.651687e-15
1.802447e-11
-3.228046e-14
4.820161e-15
1.299374e-11
-3.365385e-14
5.146457e-15
-1.486015e-14
1.878905e-11
-2.046478e-14
3.59812e-15
1.340633e-11
-2.236519e-14
4.741158e-15
-8.061807e-15
1.361802e-11
-1.050872e-14
3.543202e-15
3.551648e-12
3.971382e-12
3.57767e-12
7.930492e-12
3.581366e-12
1.190566e-11
3.581968e-12
1.602114e-11
3.564204e-12
2.076792e-11
3.942067e-12
3.522728e-12
3.914684e-12
3.949045e-12
3.56759e-12
7.763451e-12
3.956932e-12
3.5767e-12
1.159533e-11
3.998492e-12
3.579096e-12
1.552212e-11
4.067667e-12
3.561147e-12
2.007603e-11
4.372555e-14
3.239669e-14
2.020083e-11
7.709265e-12
3.437293e-12
3.852777e-12
7.760233e-12
3.536061e-12
7.501753e-12
7.758503e-12
3.56313e-12
1.100277e-11
7.824143e-12
3.570627e-12
1.452795e-11
7.947235e-12
3.554762e-12
1.860212e-11
8.577612e-14
3.233856e-14
1.872853e-11
8.487067e-14
3.09585e-14
1.897759e-11
1.092534e-11
3.192923e-12
3.960451e-12
1.120297e-11
3.454539e-12
7.378906e-12
1.1194e-11
3.532884e-12
1.035397e-11
1.123586e-11
3.557149e-12
1.312928e-11
1.139243e-11
3.546644e-12
1.633436e-11
1.235909e-13
3.228401e-14
1.643224e-11
1.224968e-13
3.090855e-14
1.667813e-11
1.244161e-13
3.058657e-14
1.728019e-11
1.222929e-11
2.456517e-12
4.360676e-12
1.377514e-11
3.221316e-12
7.927128e-12
1.389255e-11
3.456219e-12
1.015324e-11
1.38714e-11
3.528324e-12
1.169892e-11
1.399849e-11
3.534215e-12
1.333918e-11
1.523423e-13
3.221452e-14
1.342109e-11
1.51231e-13
3.086513e-14
1.362348e-11
1.537802e-13
3.055626e-14
1.421817e-11
1.550572e-13
3.000988e-14
1.549347e-11
5.415216e-12
4.215052e-12
1.375211e-11
2.530192e-12
1.916518e-11
1.506962e-11
3.243727e-12
1.804369e-11
1.504354e-11
3.459347e-12
1.412322e-11
1.509122e-11
3.509259e-12
1.025171e-11
1.632885e-13
3.211079e-14
1.024981e-11
1.624603e-13
3.081236e-14
1.039459e-11
1.652088e-13
3.053963e-14
1.090134e-11
1.666436e-13
3.001221e-14
1.215282e-11
1.638045e-13
2.865217e-14
1.442986e-11
3.61087e-12
2.932108e-12
8.01367e-12
2.519364e-12
1.138459e-11
9.740726e-12
3.243429e-12
1.038279e-11
1.054601e-11
3.443053e-12
7.43313e-12
1.212603e-13
3.188037e-14
7.444125e-12
1.214048e-13
3.073341e-14
7.544968e-12
1.243529e-13
3.05194e-14
8.029273e-12
1.262058e-13
3.003118e-14
9.23963e-12
1.244939e-13
2.867486e-14
1.157797e-11
2.81312e-14
5.84279e-15
1.146927e-11
2.87562e-12
2.430345e-12
5.473611e-12
2.517967e-12
6.772277e-12
6.66641e-12
3.231128e-12
5.460304e-12
8.135163e-14
3.124721e-14
5.443348e-12
8.226859e-14
3.054136e-14
5.551046e-12
8.477597e-14
3.046963e-14
5.974441e-12
8.647017e-14
3.003638e-14
7.162825e-12
8.553235e-14
2.869781e-14
9.493849e-12
1.9573e-14
5.846226e-15
9.637116e-12
2.174537e-14
5.606954e-15
1.029623e-11
2.123997e-12
2.662531e-12
3.5673e-12
2.509874e-12
4.185827e-12
4.809328e-14
2.920611e-14
4.235377e-12
4.963345e-14
2.998005e-14
4.302283e-12
5.157114e-14
3.030073e-14
4.719992e-12
5.283683e-14
3.000091e-14
5.84883e-12
5.239282e-14
2.869467e-14
8.193793e-12
1.209205e-14
5.846894e-15
8.464296e-12
1.35522e-14
5.606969e-15
9.316614e-12
1.502785e-14
5.541295e-15
9.773675e-12
1.185242e-12
3.619167e-12
2.103654e-14
2.247989e-14
3.623189e-12
2.281524e-14
2.809662e-14
3.748121e-12
2.411166e-14
2.975609e-14
4.11805e-12
2.486747e-14
2.983539e-14
5.252703e-12
2.472702e-14
2.864658e-14
7.570659e-12
5.736825e-15
5.841044e-15
7.924432e-12
6.462614e-15
5.603554e-15
8.845908e-12
7.197574e-15
5.536822e-15
9.414358e-12
7.779524e-15
5.496556e-15
8.028255e-12
2.895047e-16
3.670509e-12
1.410392e-16
2.173916e-14
3.743104e-12
1.14627e-17
2.788163e-14
4.1766e-12
-1.364939e-17
2.928684e-14
5.280499e-12
-6.037364e-18
2.847384e-14
7.624357e-12
1.169758e-18
5.825846e-15
7.952723e-12
-1.53864e-19
5.593559e-15
8.880567e-12
-6.650029e-19
5.528719e-15
9.429694e-12
-1.704862e-18
5.487105e-15
8.037244e-12
-1.832973e-18
5.409509e-15
-1.679424e-14
4.405953e-12
-2.211345e-14
2.155317e-14
4.800665e-12
-2.427073e-14
2.741133e-14
5.990964e-12
-2.461438e-14
2.794112e-14
8.308957e-12
-5.744014e-15
5.783575e-15
8.583103e-12
-6.4764e-15
5.574669e-15
9.396798e-12
-7.217257e-15
5.513677e-15
9.833678e-12
-7.807235e-15
5.474355e-15
8.273345e-12
-8.113526e-15
5.395864e-15
-3.598273e-14
6.169931e-12
-4.786683e-14
2.112908e-14
7.340143e-12
-5.109085e-14
2.614555e-14
9.719993e-12
-1.206606e-14
5.663274e-15
9.812348e-12
-1.360284e-14
5.529514e-15
1.044662e-11
-1.511128e-14
5.489749e-15
1.0627e-11
-1.629987e-14
5.455083e-15
8.748852e-12
-1.690523e-14
5.379563e-15
-5.764201e-14
9.548816e-12
-7.693569e-14
2.013916e-14
1.185475e-11
-1.913948e-14
5.273989e-15
1.174265e-11
-2.176862e-14
5.410562e-15
1.204242e-11
-2.412842e-14
5.439794e-15
1.184841e-11
-2.592519e-14
5.42825e-15
9.463782e-12
-2.68005e-14
5.358306e-15
-7.81398e-14
1.485653e-11
-2.527723e-14
4.016176e-15
1.431744e-11
-3.027953e-14
5.03123e-15
1.420706e-11
-3.382519e-14
5.315827e-15
1.346207e-11
-3.625308e-14
5.377351e-15
1.040471e-11
-3.735907e-14
5.332688e-15
-2.19197e-14
1.734457e-11
-3.516242e-14
3.796177e-15
1.663936e-11
-4.143664e-14
4.915495e-15
1.528257e-11
-4.484512e-14
5.246368e-15
1.144186e-11
-4.620934e-14
5.283975e-15
-2.410714e-14
1.883502e-11
-3.55911e-14
3.691942e-15
1.686893e-11
-4.05422e-14
4.842937e-15
1.234464e-11
-4.236465e-14
5.155533e-15
-2.174673e-14
1.805892e-11
-3.009e-14
3.623656e-15
1.299844e-11
-3.294414e-14
4.754868e-15
-1.596056e-14
1.342088e-11
-2.088801e-14
3.555053e-15
-8.285968e-15
3.51842e-12
3.981579e-12
3.563954e-12
7.947101e-12
3.573373e-12
1.193806e-11
3.575859e-12
1.605697e-11
3.557801e-12
2.082486e-11
3.23921e-14
2.095207e-11
3.889633e-12
3.432489e-12
3.919331e-12
3.939688e-12
3.534635e-12
7.783958e-12
3.959509e-12
3.563217e-12
1.162043e-11
4.007083e-12
3.571187e-12
1.556586e-11
4.076583e-12
3.555089e-12
2.012097e-11
4.382384e-14
3.233764e-14
2.025731e-11
4.330795e-14
3.095482e-14
2.051422e-11
7.360613e-12
3.176183e-12
3.841104e-12
7.656869e-12
3.448117e-12
7.507571e-12
7.740512e-12
3.531495e-12
1.10337e-11
7.829389e-12
3.557646e-12
1.456195e-11
7.964019e-12
3.547086e-12
1.865894e-11
8.592924e-14
3.228287e-14
1.877516e-11
8.50407e-14
3.090224e-14
1.903613e-11
8.627556e-14
3.057108e-14
1.964213e-11
9.246678e-12
2.416378e-12
3.779409e-12
1.068866e-11
3.200971e-12
7.325469e-12
1.104563e-11
3.449529e-12
1.03566e-11
1.121084e-11
3.527423e-12
1.317133e-11
1.140067e-11
3.53449e-12
1.63779e-11
1.238172e-13
3.221313e-14
1.64899e-11
1.227264e-13
3.08566e-14
1.672453e-11
1.246731e-13
3.053098e-14
1.73395e-11
1.255805e-13
2.997173e-14
1.859715e-11
4.995798e-12
2.882316e-12
1.157845e-11
2.456534e-12
7.316787e-12
1.32498e-11
3.215019e-12
1.003034e-11
1.368982e-11
3.450789e-12
1.170059e-11
1.396931e-11
3.507153e-12
1.33957e-11
1.524664e-13
3.210424e-14
1.346281e-11
1.515221e-13
3.080171e-14
1.368098e-11
1.540864e-13
3.050563e-14
1.426255e-11
1.55392e-13
2.995546e-14
1.555173e-11
1.525728e-13
2.859439e-14
1.778229e-11
4.986133e-12
5.38148e-12
1.261672e-11
2.503852e-12
1.535128e-11
1.434949e-11
3.234707e-12
1.377205e-11
1.489809e-11
3.439904e-12
1.028005e-11
1.630381e-13
3.187043e-14
1.030383e-11
1.626186e-13
3.072121e-14
1.043244e-11
1.655506e-13
3.048042e-14
1.095725e-11
1.669925e-13
2.99633e-14
1.219388e-11
1.641718e-13
2.860081e-14
1.448576e-11
3.642662e-14
5.828239e-15
1.402661e-11
3.984779e-12
4.374222e-12
8.399984e-12
2.509237e-12
9.286083e-12
1.012525e-11
3.226054e-12
7.475751e-12
1.201906e-13
3.122804e-14
7.4694e-12
1.212779e-13
3.052721e-14
7.598186e-12
1.244899e-13
3.043415e-14
8.06492e-12
1.264517e-13
2.997437e-14
9.294475e-12
1.247405e-13
2.862926e-14
1.161605e-11
2.818767e-14
5.832446e-15
1.15165e-11
3.093889e-14
5.593421e-15
1.187063e-11
3.243688e-12
3.907418e-12
5.888659e-12
2.505133e-12
5.430141e-12
7.908408e-14
2.918058e-14
5.490112e-12
8.167989e-14
2.996382e-14
5.576084e-12
8.472078e-14
3.027293e-14
6.02857e-12
8.657255e-14
2.995523e-14
7.197771e-12
8.568594e-14
2.864549e-14
9.547074e-12
1.960784e-14
5.837154e-15
9.668873e-12
2.17873e-14
5.597155e-15
1.033183e-11
2.40034e-14
5.53131e-15
1.055294e-11
2.366125e-12
4.196736e-12
4.427564e-14
2.246124e-14
4.216588e-12
4.846532e-14
2.808309e-14
4.354504e-12
5.126951e-14
2.973917e-14
4.746281e-12
5.281764e-14
2.981099e-14
5.904325e-12
5.245862e-14
2.862156e-14
8.227603e-12
1.211099e-14
5.83623e-15
8.509614e-12
1.357326e-14
5.598596e-15
9.340729e-12
1.505801e-14
5.531698e-15
9.796105e-12
1.622867e-14
5.491758e-15
8.258238e-12
1.633106e-14
3.667045e-12
2.131351e-14
2.174163e-14
3.739139e-12
2.362388e-14
2.788364e-14
4.175712e-12
2.474346e-14
2.928753e-14
5.281199e-12
2.472184e-14
2.847396e-14
7.62475e-12
5.744481e-15
5.825848e-15
7.95299e-12
6.471371e-15
5.593573e-15
8.880615e-12
7.208352e-15
5.528728e-15
9.429692e-12
7.795117e-15
5.487111e-15
8.037202e-12
8.095356e-15
5.409503e-15
2.779081e-16
3.808039e-12
1.362602e-16
2.158126e-14
4.176913e-12
1.062494e-17
2.744386e-14
5.341984e-12
-1.221745e-17
2.797054e-14
7.653218e-12
-8.052992e-19
5.788805e-15
7.998383e-12
1.566417e-18
5.57978e-15
8.902337e-12
-7.379999e-20
5.518882e-15
9.451984e-12
-6.577922e-19
5.479204e-15
8.043233e-12
-1.721121e-18
5.400247e-15
-1.76449e-14
4.879965e-12
-2.277347e-14
2.121149e-14
5.996203e-12
-2.415355e-14
2.62207e-14
8.368161e-12
-5.720865e-15
5.675704e-15
8.607761e-12
-6.478203e-15
5.540387e-15
9.431627e-12
-7.221959e-15
5.500171e-15
9.84746e-12
-7.814862e-15
5.464605e-15
8.282268e-12
-8.122865e-15
5.388148e-15
-3.747337e-14
7.426946e-12
-4.773608e-14
2.028539e-14
9.729833e-12
-1.184601e-14
5.298533e-15
9.861103e-12
-1.355101e-14
5.429112e-15
1.046602e-11
-1.510955e-14
5.455304e-15
1.06492e-11
-1.631293e-14
5.441587e-15
8.754097e-12
-1.692258e-14
5.369976e-15
-5.826414e-14
1.194725e-11
-1.786092e-14
4.061577e-15
1.175188e-11
-2.138078e-14
5.06419e-15
1.207953e-11
-2.403267e-14
5.338135e-15
1.186131e-11
-2.591754e-14
5.392945e-15
9.47262e-12
-2.682403e-14
5.344822e-15
-1.877256e-14
1.4388e-11
-2.822527e-14
3.872707e-15
1.421575e-11
-3.317825e-14
4.96374e-15
1.348547e-11
-3.608998e-14
5.271331e-15
1.041018e-11
-3.734081e-14
5.296454e-15
-2.547691e-14
1.670093e-11
-3.833198e-14
3.746609e-15
1.529223e-11
-4.385959e-14
4.875333e-15
1.145131e-11
-4.594414e-14
5.170207e-15
-2.706821e-14
1.690579e-11
-3.777843e-14
3.663072e-15
1.234869e-11
-4.147832e-14
4.776798e-15
-2.344914e-14
1.301317e-11
-3.078627e-14
3.580124e-15
-1.644773e-14
3.426833e-12
3.987487e-12
3.530415e-12
7.967774e-12
3.55967e-12
1.196309e-11
3.567863e-12
1.610046e-11
3.551717e-12
2.087142e-11
3.233291e-14
2.100942e-11
3.095058e-14
2.126723e-11
3.716705e-12
3.165128e-12
3.920529e-12
3.887832e-12
3.443619e-12
7.795118e-12
3.950276e-12
3.530282e-12
1.165174e-11
4.009636e-12
3.557717e-12
1.55998e-11
4.085017e-12
3.547217e-12
2.01769e-11
4.39114e-14
3.22814e-14
2.030262e-11
4.340208e-14
3.089829e-14
2.057104e-11
4.398344e-14
3.056305e-14
2.117489e-11
6.274279e-12
2.388234e-12
3.774071e-12
7.314771e-12
3.18508e-12
7.498358e-12
7.639627e-12
3.443596e-12
1.104832e-11
7.81164e-12
3.526017e-12
1.460479e-11
7.969216e-12
3.534223e-12
1.870329e-11
8.607642e-14
3.220932e-14
1.883241e-11
8.518617e-14
3.084949e-14
1.908319e-11
8.644113e-14
3.051516e-14
1.970072e-11
8.697308e-14
2.995065e-14
2.09284e-11
4.209003e-12
3.214657e-12
9.075099e-12
2.420397e-12
7.086154e-12
1.055158e-11
3.195888e-12
1.032428e-11
1.106697e-11
3.444057e-12
1.319029e-11
1.137609e-11
3.505024e-12
1.643483e-11
1.23901e-13
3.209428e-14
1.653389e-11
1.229418e-13
3.079004e-14
1.678266e-11
1.248999e-13
3.047943e-14
1.738621e-11
1.25831e-13
2.991705e-14
1.865555e-11
1.233647e-13
2.855954e-14
2.079078e-11
4.927821e-12
5.410282e-12
1.121793e-11
2.450233e-12
9.520477e-12
1.307997e-11
3.209106e-12
1.165729e-11
1.379392e-11
3.430252e-12
1.343213e-11
1.52209e-13
3.18351e-14
1.351993e-11
1.516444e-13
3.070031e-14
1.372329e-11
1.543734e-13
3.044261e-14
1.43205e-11
1.556944e-13
2.99057e-14
1.559597e-11
1.528943e-13
2.854285e-14
1.783775e-11
3.39423e-14
5.818016e-15
1.695473e-11
5.129689e-12
6.769529e-12
1.213958e-11
2.491434e-12
1.246287e-11
1.424145e-11
3.215509e-12
1.032137e-11
1.613553e-13
3.118482e-14
1.033375e-11
1.623803e-13
3.050176e-14
1.048744e-11
1.657106e-13
3.039027e-14
1.099594e-11
1.673287e-13
2.990486e-14
1.224973e-11
1.645106e-13
2.855487e-14
1.452549e-11
3.650196e-14
5.817867e-15
1.407361e-11
3.939736e-14
5.579644e-15
1.399442e-11
4.393631e-12
5.814636e-12
8.796447e-12
2.494987e-12
7.43964e-12
1.163751e-13
2.912501e-14
7.515329e-12
1.20262e-13
2.993185e-14
7.625055e-12
1.243648e-13
3.02302e-14
8.119455e-12
1.265892e-13
2.989061e-14
9.330911e-12
1.24978e-13
2.85761e-14
1.166901e-11
2.824019e-14
5.82329e-15
1.154888e-11
3.099373e-14
5.583581e-15
1.190663e-11
3.381962e-14
5.517754e-15
1.175182e-11
3.599755e-12
5.421753e-12
7.194349e-14
2.241361e-14
5.467336e-12
7.951464e-14
2.804936e-14
5.625743e-12
8.414003e-14
2.970247e-14
6.05546e-12
8.651837e-14
2.976179e-14
7.25285e-12
8.578656e-14
2.857108e-14
9.581538e-12
1.963985e-14
5.826387e-15
9.713922e-12
2.182231e-14
5.588731e-15
1.035617e-11
2.404571e-14
5.521678e-15
1.057578e-11
2.579085e-14
5.482431e-15
8.7248e-12
3.307846e-14
4.249433e-12
4.482402e-14
2.171964e-14
4.342057e-12
5.010813e-14
2.78602e-14
4.801658e-12
5.252178e-14
2.925975e-14
5.93249e-12
5.244125e-14
2.844757e-14
8.281474e-12
1.212552e-14
5.820911e-15
8.538465e-12
1.359155e-14
5.588581e-15
9.375358e-12
1.507956e-14
5.523583e-15
9.811544e-12
1.625923e-14
5.482301e-15
8.267281e-12
1.685215e-14
5.405142e-15
1.682438e-14
3.802809e-12
2.21308e-14
2.158372e-14
4.172843e-12
2.426066e-14
2.744576e-14
5.34136e-12
2.460442e-14
2.79712e-14
7.653805e-12
5.743454e-15
5.788833e-15
7.998683e-12
6.479424e-15
5.579782e-15
8.902539e-12
7.217083e-15
5.518897e-15
9.452018e-12
7.806079e-15
5.479214e-15
8.043231e-12
8.110856e-15
5.400253e-15
2.703596e-16
4.262744e-12
1.305126e-16
2.124726e-14
5.349124e-12
9.948811e-18
2.625493e-14
7.713665e-12
-1.945198e-18
5.681573e-15
8.023221e-12
-3.456553e-19
5.545773e-15
8.937216e-12
1.849941e-18
5.505462e-15
9.465889e-12
-2.429042e-20
5.469498e-15
8.052257e-12
-6.485437e-19
5.392564e-15
-1.837136e-14
6.092535e-12
-2.273222e-14
2.03701e-14
8.37913e-12
-5.626041e-15
5.31364e-15
8.65789e-12
-6.45644e-15
5.44154e-15
9.450605e-12
-7.223827e-15
5.466343e-15
9.869842e-12
-7.819571e-15
5.451359e-15
8.287544e-12
-8.130314e-15
5.378654e-15
-3.785425e-14
9.829696e-12
-1.115961e-14
4.090895e-15
9.869771e-12
-1.334016e-14
5.088094e-15
1.050337e-11
-1.505944e-14
5.356622e-15
1.066147e-11
-1.631131e-14
5.407465e-15
8.763052e-12
-1.693554e-14
5.35698e-15
-1.404552e-14
1.183086e-11
-2.016172e-14
3.916727e-15
1.208644e-11
-2.364996e-14
4.996101e-15
1.18852e-11
-2.58239e-14
5.292405e-15
9.47743e-12
-2.681659e-14
5.310682e-15
-2.198959e-14
1.427016e-11
-3.115601e-14
3.821703e-15
1.34903e-11
-3.544842e-14
4.922018e-15
1.041971e-11
-3.718103e-14
5.193729e-15
-2.877875e-14
1.533227e-11
-4.078669e-14
3.716606e-15
1.145433e-11
-4.497176e-14
4.807973e-15
-2.932193e-14
1.236462e-11
-3.875535e-14
3.618789e-15
-2.423876e-14
3.15684e-12
3.992911e-12
3.438056e-12
7.98064e-12
3.526157e-12
1.199447e-11
3.554175e-12
1.613432e-11
3.543759e-12
2.092718e-11
3.227627e-14
2.105637e-11
3.089392e-14
2.132491e-11
3.055742e-14
2.192423e-11
3.180859e-12
2.369809e-12
3.897383e-12
3.71684e-12
3.174377e-12
7.803265e-12
3.89929e-12
3.439352e-12
1.167108e-11
4.000479e-12
3.524805e-12
1.564255e-11
4.087534e-12
3.533872e-12
2.022104e-11
4.398579e-14
3.220606e-14
2.035895e-11
4.348703e-14
3.084505e-14
2.061671e-11
4.407629e-14
3.050687e-14
2.123167e-11
4.429618e-14
2.994123e-14
2.243362e-11
3.041608e-12
3.564661e-12
6.250584e-12
2.393218e-12
7.409456e-12
7.305735e-12
3.180713e-12
1.105366e-11
7.712694e-12
3.4382e-12
1.463115e-11
7.951624e-12
3.502896e-12
1.875965e-11
8.612469e-14
3.208378e-14
1.887717e-11
8.532531e-14
3.078048e-14
1.914081e-11
8.658347e-14
3.046288e-14
1.974795e-11
8.713337e-14
2.98957e-14
2.098592e-11
8.531124e-14
2.854327e-14
2.303344e-11
4.242589e-12
6.336392e-12
9.006005e-12
2.415958e-12
1.012307e-11
1.058763e-11
3.190438e-12
1.319767e-11
1.123546e-11
3.422463e-12
1.647442e-11
1.23676e-13
3.180322e-14
1.659131e-11
1.230232e-13
3.068067e-14
1.682712e-11
1.25111e-13
3.041344e-14
1.744451e-11
1.260537e-13
2.98665e-14
1.870175e-11
1.236041e-13
2.850781e-14
2.084613e-11
2.737795e-14
5.812907e-15
1.956652e-11
5.09186e-12
7.931779e-12
1.115923e-11
2.444576e-12
1.137929e-11
1.320365e-11
3.190273e-12
1.348743e-11
1.506558e-13
3.108208e-14
1.355717e-11
1.513976e-13
3.045388e-14
1.378107e-11
1.54496e-13
3.034253e-14
1.436333e-11
1.559755e-13
2.984374e-14
1.565336e-11
1.53187e-13
2.84962e-14
1.788018e-11
3.400826e-14
5.80761e-15
1.700119e-11
3.659234e-14
5.570873e-15
1.640541e-11
5.427732e-12
8.319994e-12
1.215768e-11
2.475408e-12
1.028103e-11
1.555184e-13
2.901699e-14
1.037897e-11
1.607706e-13
2.987482e-14
1.051906e-11
1.654757e-13
3.017353e-14
1.105191e-11
1.674895e-13
2.981647e-14
1.228876e-11
1.64836e-13
2.850022e-14
1.457903e-11
3.657359e-14
5.808623e-15
1.410722e-11
3.947017e-14
5.569788e-15
1.403015e-11
4.249141e-14
5.504287e-15
1.335014e-11
4.828376e-12
7.402323e-12
1.043459e-13
2.231537e-14
7.488564e-12
1.166126e-13
2.798303e-14
7.67442e-12
1.233645e-13
2.964265e-14
8.148248e-12
1.264674e-13
2.969032e-14
9.386047e-12
1.251138e-13
2.849921e-14
1.17047e-11
2.82899e-14
5.812336e-15
1.159366e-11
3.104663e-14
5.575079e-15
1.19314e-11
3.38742e-14
5.508087e-15
1.177485e-11
3.607862e-14
5.469866e-15
9.434432e-12
5.082079e-14
5.48399e-12
7.270061e-14
2.166604e-14
5.610392e-12
8.199386e-14
2.780748e-14
6.108525e-12
8.595022e-14
2.920221e-14
7.281612e-12
8.57369e-14
2.839376e-14
9.634946e-12
1.966219e-14
5.810779e-15
9.743309e-12
2.185342e-14
5.578631e-15
1.039058e-11
2.40815e-14
5.513515e-15
1.059132e-11
2.583338e-14
5.472934e-15
8.734021e-12
2.669092e-14
5.396664e-15
3.414122e-14
4.396393e-12
4.649619e-14
2.155405e-14
4.796339e-12
5.137701e-14
2.741233e-14
5.990598e-12
5.216178e-14
2.794156e-14
8.310232e-12
1.212214e-14
5.783603e-15
8.583986e-12
1.360676e-14
5.574674e-15
9.397494e-12
1.509775e-14
5.513724e-15
9.833789e-12
1.628107e-14
5.474381e-15
8.27334e-12
1.688249e-14
5.395878e-15
1.766915e-14
4.255686e-12
2.27891e-14
2.124951e-14
5.345161e-12
2.414404e-14
2.625662e-14
7.713259e-12
5.719582e-15
5.681695e-15
8.023657e-12
6.478478e-15
5.545796e-15
8.937427e-12
7.225562e-15
5.505462e-15
9.466026e-12
7.814782e-15
5.469514e-15
8.052275e-12
8.121726e-15
5.392574e-15
2.594136e-16
5.451922e-12
1.22818e-16
2.04073e-14
7.726179e-12
1.770357e-18
5.320492e-15
8.074356e-12
-1.355186e-18
5.447554e-15
8.956344e-12
-5.220432e-20
5.471902e-15
9.48833e-12
2.024546e-18
5.456339e-15
8.057621e-12
-3.090203e-21
5.383116e-15
-1.854937e-14
8.485098e-12
-5.33431e-15
4.107838e-15
8.667272e-12
-6.365373e-15
5.103088e-15
9.488995e-12
-7.202561e-15
5.369205e-15
9.881875e-12
-7.821472e-15
5.41785e-15
8.296621e-12
-8.134922e-15
5.365909e-15
-9.133711e-15
9.954903e-12
-1.268564e-14
3.945481e-15
1.050977e-11
-1.485071e-14
5.019826e-15
1.068559e-11
-1.626228e-14
5.309908e-15
8.767591e-12
-1.693397e-14
5.324008e-15
-1.651027e-14
1.214743e-11
-2.244903e-14
3.865135e-15
1.188888e-11
-2.544438e-14
4.953095e-15
9.487243e-12
-2.672503e-14
5.213399e-15
-2.499857e-14
1.352588e-11
-3.344624e-14
3.790249e-15
1.04204e-11
-3.654907e-14
4.853021e-15
-3.131436e-14
1.147193e-11
-4.194279e-14
3.671253e-15
-3.041589e-14
2.358911e-12
3.984835e-12
3.1662e-12
7.994534e-12
3.433898e-12
1.201521e-11
3.52069e-12
1.617693e-11
3.530199e-12
2.097111e-11
3.219999e-14
2.11125e-11
3.084032e-14
2.137221e-11
3.050117e-14
2.198181e-11
2.993589e-14
2.316722e-11
1.593927e-12
3.824266e-12
3.187678e-12
2.375178e-12
7.774494e-12
3.731193e-12
3.170353e-12
1.169144e-11
3.950194e-12
3.433996e-12
1.567167e-11
4.078428e-12
3.501285e-12
2.027651e-11
4.400796e-14
3.207598e-14
2.040346e-11
4.355744e-14
3.077439e-14
2.067335e-11
4.416094e-14
3.045414e-14
2.127741e-11
4.438724e-14
2.9886e-14
2.248926e-11
4.341396e-14
2.853841e-14
2.447362e-11
3.087896e-12
7.12752e-12
6.269235e-12
2.389714e-12
1.098272e-11
7.385143e-12
3.175555e-12
1.465972e-11
7.854286e-12
3.415976e-12
1.880052e-11
8.595965e-14
3.177573e-14
1.893397e-11
8.537117e-14
3.066487e-14
1.918598e-11
8.671908e-14
3.039454e-14
1.980557e-11
8.727175e-14
2.984446e-14
2.103243e-11
8.546327e-14
2.849128e-14
2.308782e-11
1.887501e-14
5.811415e-15
2.150552e-11
4.389063e-12
9.494335e-12
9.091986e-12
2.411385e-12
1.309559e-11
1.076633e-11
3.170955e-12
1.653141e-11
1.224172e-13
3.099906e-14
1.663151e-11
1.228062e-13
3.041365e-14
1.688502e-11
1.251917e-13
3.03056e-14
1.748925e-11
1.262595e-13
2.980174e-14
1.875911e-11
1.238183e-13
2.846045e-14
2.089011e-11
2.742659e-14
5.802462e-15
1.961272e-11
2.935947e-14
5.567389e-15
1.854121e-11
5.384486e-12
1.05272e-11
1.134928e-11
2.43095e-12
1.349996e-11
1.453473e-13
2.87803e-14
1.361391e-11
1.499136e-13
2.976299e-14
1.381919e-11
1.542511e-13
3.009949e-14
1.442156e-11
1.56098e-13
2.974581e-14
1.569601e-11
1.534576e-13
2.843835e-14
1.79348e-11
3.406992e-14
5.798208e-15
1.703685e-11
3.665578e-14
5.561004e-15
1.644062e-11
3.938146e-14
5.496236e-15
1.514429e-11
5.844831e-12
1.021058e-11
1.370723e-13
2.21311e-14
1.034996e-11
1.551657e-13
2.786429e-14
1.056818e-11
1.638895e-13
2.955537e-14
1.108536e-11
1.672604e-13
2.960398e-14
1.234481e-11
1.649954e-13
2.8419e-14
1.461685e-11
3.664123e-14
5.797353e-15
1.415232e-11
3.954223e-14
5.561204e-15
1.405577e-11
4.256345e-14
5.494612e-15
1.337291e-11
4.489947e-14
5.457626e-15
1.036621e-11
6.825355e-14
7.481408e-12
1.051151e-13
2.156025e-14
7.656854e-12
1.197527e-13
2.77155e-14
8.201274e-12
1.254905e-13
2.911456e-14
9.41659e-12
1.250008e-13
2.831545e-14
1.175799e-11
2.832022e-14
5.7962e-15
1.162401e-11
3.109543e-14
5.564817e-15
1.196557e-11
3.392824e-14
5.499847e-15
1.179062e-11
3.613304e-14
5.46033e-15
9.44371e-12
3.716743e-14
5.385281e-15
5.253041e-14
5.65135e-12
7.524526e-14
2.148589e-14
6.101293e-12
8.384089e-14
2.734041e-14
7.337522e-12
8.52e-14
2.787977e-14
9.664283e-12
1.965276e-14
5.772781e-15
9.788468e-12
2.187693e-14
5.564451e-15
1.04131e-11
2.411255e-14
5.50358e-15
1.061337e-11
2.586965e-14
5.464962e-15
8.740089e-12
2.673301e-14
5.387358e-15
3.589364e-14
4.87162e-12
4.782434e-14
2.121225e-14
5.992806e-12
5.107233e-14
2.622168e-14
8.367985e-12
1.206601e-14
5.67579e-15
8.608716e-12
1.360368e-14
5.540409e-15
9.432246e-12
1.511373e-14
5.500174e-15
9.847915e-12
1.629919e-14
5.464652e-15
8.282321e-12
1.690412e-14
5.388174e-15
1.839187e-14
5.4439e-12
2.274578e-14
2.040911e-14
7.722781e-12
5.624242e-15
5.320786e-15
8.074087e-12
6.455992e-15
5.447656e-15
8.956641e-12
7.224635e-15
5.471922e-15
9.488463e-12
7.823522e-15
5.45634e-15
8.057693e-12
8.130273e-15
5.383131e-15
2.437384e-16
7.837187e-12
2.260319e-17
4.115303e-15
8.085069e-12
1.574618e-18
5.110054e-15
8.995493e-12
-9.921977e-19
5.375387e-15
9.500486e-12
1.227507e-19
5.4231e-15
8.066742e-12
2.083388e-18
5.370456e-15
-4.474319e-15
8.757232e-12
-6.087047e-15
3.962321e-15
9.495821e-12
-7.112182e-15
5.034898e-15
9.906725e-12
-7.800524e-15
5.321847e-15
8.301078e-12
-8.136814e-15
5.333545e-15
-1.074809e-14
1.057554e-11
-1.420511e-14
3.893691e-15
1.068894e-11
-1.60549e-14
4.975823e-15
8.777553e-12
-1.688604e-14
5.2297e-15
-1.884087e-14
1.192905e-11
-2.425499e-14
3.832619e-15
9.487427e-12
-2.635159e-14
4.882655e-15
-2.733704e-14
1.043589e-11
-3.457867e-14
3.743428e-15
-3.259696e-14
3.95837e-12
2.364407e-12
7.987093e-12
3.162317e-12
1.204039e-11
3.428567e-12
1.62066e-11
3.497049e-12
2.10261e-11
3.206766e-14
2.115679e-11
3.076878e-14
2.142863e-11
3.044809e-14
2.202913e-11
2.988065e-14
2.322357e-11
2.853626e-14
2.517304e-11
1.621938e-12
7.67868e-12
3.211942e-12
2.372093e-12
1.167426e-11
3.784416e-12
3.16533e-12
1.570848e-11
4.028786e-12
3.411422e-12
2.031732e-11
4.39218e-14
3.175642e-14
2.045933e-11
4.357823e-14
3.065455e-14
2.071822e-11
4.422966e-14
3.038421e-14
2.133396e-11
4.447105e-14
2.983431e-14
2.253424e-11
4.350155e-14
2.848607e-14
2.45262e-11
9.586753e-15
5.811854e-15
2.274685e-11
3.193763e-12
1.075446e-11
6.370441e-12
2.385683e-12
1.463451e-11
7.531891e-12
3.155665e-12
1.885741e-11
8.508017e-14
3.093214e-14
1.897536e-11
8.521144e-14
3.038187e-14
1.924315e-11
8.676367e-14
3.028061e-14
1.985088e-11
8.740324e-14
2.977745e-14
2.108893e-11
8.559493e-14
2.844325e-14
2.313198e-11
1.890541e-14
5.800908e-15
2.155077e-11
2.013536e-14
5.56723e-15
2.011936e-11
4.631698e-12
1.277958e-11
9.305544e-12
2.397712e-12
1.655836e-11
1.181741e-13
2.85972e-14
1.668941e-11
1.216031e-13
2.967411e-14
1.692586e-11
1.249755e-13
3.004246e-14
1.754729e-11
1.263392e-13
2.96963e-14
1.880331e-11
1.240152e-13
2.839999e-14
2.094442e-11
2.747115e-14
5.792894e-15
1.964948e-11
2.940545e-14
5.557489e-15
1.857612e-11
3.148256e-14
5.493676e-15
1.67197e-11
5.780508e-12
1.357056e-11
1.287537e-13
2.173509e-14
1.362975e-11
1.448269e-13
2.762425e-14
1.387735e-11
1.527874e-13
2.941881e-14
1.446053e-11
1.558575e-13
2.950787e-14
1.575363e-11
1.535784e-13
2.834823e-14
1.797565e-11
3.412569e-14
5.786277e-15
1.708261e-11
3.671715e-14
5.552271e-15
1.646769e-11
3.944406e-14
5.486561e-15
1.516664e-11
4.153157e-14
5.450866e-15
1.139654e-11
8.100395e-14
1.031484e-11
1.374695e-13
2.136917e-14
1.055023e-11
1.583515e-13
2.756926e-14
1.113831e-11
1.657101e-13
2.899883e-14
1.237963e-11
1.6478e-13
2.822381e-14
1.467066e-11
3.667678e-14
5.780306e-15
1.418428e-11
3.960861e-14
5.550656e-15
1.409008e-11
4.26368e-14
5.486291e-15
1.338917e-11
4.497104e-14
5.448082e-15
1.037531e-11
4.599541e-14
5.374369e-15
7.058784e-14
7.678732e-12
1.083832e-13
2.136067e-14
8.193288e-12
1.219456e-13
2.722311e-14
9.472453e-12
1.24076e-13
2.778612e-14
1.178894e-11
2.829861e-14
5.756884e-15
1.166901e-11
3.112751e-14
5.550137e-15
1.198877e-11
3.397716e-14
5.489764e-15
1.181244e-11
3.61878e-14
5.452278e-15
9.449832e-12
3.722111e-14
5.375931e-15
5.525267e-14
6.165736e-12
7.721274e-14
2.112958e-14
7.338701e-12
8.319405e-14
2.614631e-14
9.720189e-12
1.954543e-14
5.663329e-15
9.813667e-12
2.186849e-14
5.52954e-15
1.044758e-11
2.413728e-14
5.489763e-15
1.062772e-11
2.590067e-14
5.455159e-15
8.748932e-12
2.676897e-14
5.379599e-15
3.738899e-14
6.085817e-12
4.769678e-14
2.037086e-14
8.376654e-12
1.184259e-14
5.313833e-15
8.657803e-12
1.355145e-14
5.441611e-15
9.451271e-12
1.511077e-14
5.46636e-15
9.870235e-12
1.631565e-14
5.451361e-15
8.287777e-12
1.692193e-14
5.378702e-15
1.8566e-14
7.829881e-12
5.337058e-15
4.115581e-15
8.082423e-12
6.363764e-15
5.1103e-15
8.995322e-12
7.202637e-15
5.375479e-15
9.500667e-12
7.822597e-15
5.423118e-15
8.066806e-12
8.13899e-15
5.370456e-15
4.453125e-17
8.179065e-12
1.984138e-17
3.969897e-15
9.003267e-12
1.451671e-18
5.042005e-15
9.525865e-12
-7.781611e-19
5.327726e-15
8.071283e-12
1.908879e-19
5.338362e-15
-5.264341e-15
9.565159e-12
-6.837244e-15
3.910563e-15
9.910337e-12
-7.710591e-15
4.990251e-15
8.311445e-12
-8.116267e-15
5.240792e-15
-1.228905e-14
1.073243e-11
-1.541512e-14
3.860371e-15
8.777624e-12
-1.668192e-14
4.90419e-15
-2.067392e-14
9.505323e-12
-2.518222e-14
3.784628e-15
-2.856002e-14
7.956999e-12
2.361486e-12
1.20429e-11
3.157354e-12
1.624555e-11
3.405891e-12
2.106609e-11
3.174239e-14
2.121215e-11
3.064682e-14
2.147322e-11
3.037731e-14
2.20854e-11
2.982866e-14
2.327e-11
2.848398e-14
2.522619e-11
5.812693e-15
2.334854e-11
1.677244e-12
1.160992e-11
3.273381e-12
2.3683e-12
1.571598e-11
3.865132e-12
3.145208e-12
2.037329e-11
4.346863e-14
3.088621e-14
2.05006e-11
4.349474e-14
3.036072e-14
2.07744e-11
4.424961e-14
3.026613e-14
2.137888e-11
4.453777e-14
2.976574e-14
2.258958e-11
4.358287e-14
2.843756e-14
2.45689e-11
9.604739e-15
5.801249e-15
2.279049e-11
1.019198e-14
5.56859e-15
2.112588e-11
3.362785e-12
1.454607e-11
6.535049e-12
2.371919e-12
1.889233e-11
8.215328e-14
2.845371e-14
1.90329e-11
8.436993e-14
2.960477e-14
1.928506e-11
8.660403e-14
3.000182e-14
1.990804e-11
8.74465e-14
2.966608e-14
2.113353e-11
8.572003e-14
2.838068e-14
2.318534e-11
1.893221e-14
5.791186e-15
2.158756e-11
2.016335e-14
5.557273e-15
2.015346e-11
2.151252e-14
5.494325e-15
1.787654e-11
4.951571e-12
1.664702e-11
1.050367e-13
2.143485e-14
1.671808e-11
1.175407e-13
2.743937e-14
1.698461e-11
1.237878e-13
2.931414e-14
1.758863e-11
1.26126e-13
2.943885e-14
1.886038e-11
1.240932e-13
2.830281e-14
2.098648e-11
2.751123e-14
5.780416e-15
1.969478e-11
2.944896e-14
5.54859e-15
1.860392e-11
3.152738e-14
5.483975e-15
1.674178e-11
3.310861e-14
5.449455e-15
1.22905e-11
7.870793e-14
1.370925e-11
1.289482e-13
2.097464e-14
1.389637e-11
1.477607e-13
2.730816e-14
1.451986e-11
1.544258e-13
2.884206e-14
1.579281e-11
1.533504e-13
2.812907e-14
1.80304e-11
3.415237e-14
5.767376e-15
1.711689e-11
3.677089e-14
5.541116e-15
1.650237e-11
3.950613e-14
5.478089e-15
1.518379e-11
4.159362e-14
5.441324e-15
1.14054e-11
4.245324e-14
5.368807e-15
8.362945e-14
1.05491e-11
1.408854e-13
2.114918e-14
1.113146e-11
1.602821e-13
2.705161e-14
1.243534e-11
1.633034e-13
2.766656e-14
1.470533e-11
3.663481e-14
5.738661e-15
1.422955e-11
3.964623e-14
5.53511e-15
1.411443e-11
4.270315e-14
5.475935e-15
1.341101e-11
4.50452e-14
5.439942e-15
1.038162e-11
4.606603e-14
5.365008e-15
7.421206e-14
8.242877e-12
1.107949e-13
2.098563e-14
9.474031e-12
1.206988e-13
2.602458e-14
1.184488e-11
2.811416e-14
5.644311e-15
1.169548e-11
3.110789e-14
5.513988e-15
1.202309e-11
3.401095e-14
5.475454e-15
1.182718e-11
3.623679e-14
5.442329e-15
9.458516e-12
3.727549e-14
5.368088e-15
5.756028e-14
7.423392e-12
7.689159e-14
2.028587e-14
9.728755e-12
1.91368e-14
5.298679e-15
9.861243e-12
2.176865e-14
5.429148e-15
1.046694e-11
2.412933e-14
5.455321e-15
1.06498e-11
2.592617e-14
5.441598e-15
8.75446e-12
2.679955e-14
5.370052e-15
3.777526e-14
8.480057e-12
1.115279e-14
4.107989e-15
8.665558e-12
1.333711e-14
5.103265e-15
9.48895e-12
1.506018e-14
5.369265e-15
9.882294e-12
1.631276e-14
5.417865e-15
8.296811e-12
1.693835e-14
5.365909e-15
4.47769e-15
8.173296e-12
6.089536e-15
3.970115e-15
9.001459e-12
7.110678e-15
5.042227e-15
9.525766e-12
7.800916e-15
5.327812e-15
8.071368e-12
8.13806e-15
5.338379e-15
3.864847e-17
9.075484e-12
1.821556e-17
3.918245e-15
9.530061e-12
1.380707e-18
4.99706e-15
8.081936e-12
-6.881253e-19
5.246242e-15
-6.022874e-15
9.956245e-12
-7.437921e-15
3.87673e-15
8.311672e-12
-8.027719e-15
4.917792e-15
-1.351275e-14
8.797263e-12
-1.605323e-14
3.811444e-15
-2.165777e-14
1.203829e-11
2.357787e-12
1.626576e-11
3.137173e-12
2.112038e-11
3.08591e-14
2.125255e-11
3.034755e-14
2.152887e-11
3.025717e-14
2.212999e-11
2.975927e-14
2.332498e-11
2.84352e-14
2.527013e-11
5.802113e-15
2.339262e-11
5.569963e-15
2.161248e-11
1.764068e-12
1.572285e-11
3.361742e-12
2.354468e-12
2.041253e-11
4.197578e-14
2.835639e-14
2.055708e-11
4.306034e-14
2.955823e-14
2.081611e-11
4.41661e-14
2.997671e-14
2.143497e-11
4.455684e-14
2.965032e-14
2.263372e-11
4.364642e-14
2.837348e-14
2.462111e-11
9.621871e-15
5.791404e-15
2.282596e-11
1.020928e-14
5.558528e-15
2.115868e-11
1.086272e-14
5.496254e-15
1.861064e-11
3.581117e-12
1.898689e-11
7.316702e-14
2.120265e-14
1.906874e-11
8.1568e-14
2.729643e-14
1.934316e-11
8.577229e-14
2.923662e-14
1.995027e-11
8.728862e-14
2.93934e-14
2.118954e-11
8.576169e-14
2.827789e-14
2.322765e-11
1.895733e-14
5.778261e-15
2.163193e-11
2.018864e-14
5.54822e-15
2.018121e-11
2.15393e-14
5.484568e-15
1.789803e-11
2.256323e-14
5.450954e-15
1.294112e-11
6.571534e-14
1.681039e-11
1.049825e-13
2.067575e-14
1.701488e-11
1.197732e-13
2.711003e-14
1.764789e-11
1.249632e-13
2.872665e-14
1.89015e-11
1.238901e-13
2.806519e-14
2.104045e-11
2.75282e-14
5.760029e-15
1.972991e-11
2.94868e-14
5.536924e-15
1.863813e-11
3.157086e-14
5.47533e-15
1.675935e-11
3.31527e-14
5.439885e-15
1.229922e-11
3.376114e-14
5.368293e-15
8.101502e-14
1.398414e-11
1.32089e-13
2.074103e-14
1.4542e-11
1.494982e-13
2.677468e-14
1.585217e-11
1.519876e-13
2.751405e-14
1.806826e-11
3.410666e-14
5.720817e-15
1.71627e-11
3.679859e-14
5.52381e-15
1.652837e-11
3.955919e-14
5.467141e-15
1.520581e-11
4.165611e-14
5.433027e-15
1.141212e-11
4.251438e-14
5.359448e-15
8.770868e-14
1.116256e-11
1.431795e-13
2.075631e-14
1.243919e-11
1.581145e-13
2.585184e-14
1.476115e-11
3.63397e-14
5.620397e-15
1.425894e-11
3.9607e-14
5.496765e-15
1.414885e-11
4.27427e-14
5.460766e-15
1.342645e-11
4.511152e-14
5.429721e-15
1.039028e-11
4.613972e-14
5.357075e-15
7.725193e-14
9.547771e-12
1.100784e-13
2.013954e-14
1.185489e-11
2.742844e-14
5.274099e-15
1.174297e-11
3.093559e-14
5.410574e-15
1.204337e-11
3.399229e-14
5.439805e-15
1.184911e-11
3.627167e-14
5.42827e-15
9.464195e-12
3.732396e-14
5.358397e-15
5.818858e-14
9.826841e-12
1.785308e-14
4.090988e-15
9.869008e-12
2.137842e-14
5.088227e-15
1.050346e-11
2.403275e-14
5.356646e-15
1.066205e-11
2.591851e-14
5.407478e-15
8.763343e-12
2.682503e-14
5.356989e-15
9.119518e-15
8.75365e-12
1.267994e-14
3.962465e-15
9.494696e-12
1.484784e-14
5.035064e-15
9.906699e-12
1.62632e-14
5.321901e-15
8.301278e-12
1.69355e-14
5.333559e-15
5.267156e-15
9.071524e-12
6.839684e-15
3.918437e-15
9.528994e-12
7.709142e-15
4.997269e-15
8.081892e-12
8.116789e-15
5.246324e-15
3.515952e-17
9.577823e-12
1.729779e-17
3.884176e-15
8.082449e-12
1.344443e-18
4.924187e-15
-6.62899e-15
8.332558e-12
-7.759872e-15
3.827164e-15
-1.418216e-14
1.630953e-11
2.343947e-12
2.116277e-11
2.830432e-14
2.130726e-11
2.95325e-14
2.156962e-11
2.996241e-14
2.218547e-11
2.964182e-14
2.336872e-11
2.837035e-14
2.532194e-11
5.792209e-15
2.342908e-11
5.559932e-15
2.16456e-11
5.49795e-15
1.89643e-11
1.875238e-12
2.051139e-11
3.743664e-14
2.104619e-14
2.059689e-11
4.16304e-14
2.720045e-14
2.0873e-11
4.373599e-14
2.918655e-14
2.14769e-11
4.447415e-14
2.936724e-14
2.268858e-11
4.366452e-14
2.826683e-14
2.466295e-11
9.634624e-15
5.778154e-15
2.286928e-11
1.022634e-14
5.549349e-15
2.118535e-11
1.087975e-14
5.486387e-15
1.863122e-11
1.137841e-14
5.453427e-15
1.335097e-11
4.644642e-14
1.916456e-11
7.29825e-14
2.044603e-14
1.937982e-11
8.300292e-14
2.696061e-14
2.000854e-11
8.647317e-14
2.864518e-14
2.123134e-11
8.561064e-14
2.802583e-14
2.328051e-11
1.89661e-14
5.756693e-15
2.166717e-11
2.021184e-14
5.536134e-15
2.021463e-11
2.156403e-14
5.475764e-15
1.791551e-11
2.258928e-14
5.441329e-15
1.294953e-11
2.29568e-14
5.370374e-15
6.736614e-14
1.711042e-11
1.073805e-13
2.043371e-14
1.767951e-11
1.210276e-13
2.656877e-14
1.896008e-11
1.227828e-13
2.740582e-14
2.107982e-11
2.748682e-14
5.709672e-15
1.977489e-11
2.950396e-14
5.518197e-15
1.866469e-11
3.160769e-14
5.463881e-15
1.678099e-11
3.319616e-14
5.431406e-15
1.230611e-11
3.380442e-14
5.358905e-15
8.474398e-14
1.46365e-11
1.341537e-13
2.034018e-14
1.587681e-11
1.472835e-13
2.558415e-14
1.812521e-11
3.383256e-14
5.590776e-15
1.719453e-11
3.675454e-14
5.480808e-15
1.656307e-11
3.958799e-14
5.450227e-15
1.522228e-11
4.170873e-14
5.422219e-15
1.142086e-11
4.25763e-14
5.351355e-15
9.107073e-14
1.249869e-11
1.417733e-13
1.991153e-14
1.477434e-11
3.529127e-14
5.239584e-15
1.430612e-11
3.932731e-14
5.387835e-15
1.417125e-11
4.270468e-14
5.422967e-15
1.344837e-11
4.515227e-14
5.414802e-15
1.039626e-11
4.620538e-14
5.347115e-15
7.80987e-14
1.194618e-11
2.527313e-14
4.061646e-15
1.175193e-11
3.027937e-14
5.064287e-15
1.207974e-11
3.382536e-14
5.338136e-15
1.186191e-11
3.62536e-14
5.392952e-15
9.472961e-12
3.735887e-14
5.34484e-15
1.403186e-14
9.952757e-12
2.015508e-14
3.945564e-15
1.050925e-11
2.364777e-14
5.019949e-15
1.068563e-11
2.5824e-14
5.309925e-15
8.767867e-12
2.681759e-14
5.32402e-15
1.073564e-14
9.562746e-12
1.420007e-14
3.910699e-15
9.909675e-12
1.605213e-14
4.990408e-15
8.311428e-12
1.688703e-14
5.240842e-15
6.025496e-15
9.575458e-12
7.440296e-15
3.884356e-15
8.081981e-12
8.026286e-15
4.924389e-15
3.316319e-17
8.104262e-12
1.684825e-17
3.834292e-15
-6.964524e-15
2.126828e-11
2.096594e-14
2.135015e-11
2.715048e-14
2.162463e-11
2.915988e-14
2.222635e-11
2.93535e-14
2.342293e-11
2.826174e-14
2.536336e-11
5.778784e-15
2.347201e-11
5.550689e-15
2.167301e-11
5.488117e-15
1.898508e-11
5.455399e-15
1.354743e-11
2.399815e-14
2.069604e-11
3.729581e-14
2.0292e-14
2.091325e-11
4.232177e-14
2.68621e-14
2.153379e-11
4.405162e-14
2.859458e-14
2.272999e-11
4.358527e-14
2.800484e-14
2.471467e-11
9.638296e-15
5.755765e-15
2.290403e-11
1.023811e-14
5.536954e-15
2.121791e-11
1.089697e-14
5.477454e-15
1.864792e-11
1.139523e-14
5.44369e-15
1.33589e-11
1.155525e-14
5.373176e-15
4.74393e-14
1.947656e-11
7.453157e-14
2.020039e-14
2.004567e-11
8.375763e-14
2.641737e-14
2.128863e-11
8.483309e-14
2.733196e-14
2.332038e-11
1.893498e-14
5.703356e-15
2.17111e-11
2.022027e-14
5.516277e-15
2.02412e-11
2.158626e-14
5.463903e-15
1.793657e-11
2.261368e-14
5.432686e-15
1.295633e-11
2.298222e-14
5.36093e-15
7.023333e-14
1.777676e-11
1.088945e-13
2.002987e-14
1.899229e-11
1.190272e-13
2.538878e-14
2.11355e-11
2.726307e-14
5.570549e-15
1.980784e-11
2.946347e-14
5.471587e-15
1.869865e-11
3.162526e-14
5.445552e-15
1.679776e-11
3.323235e-14
5.4201e-15
1.231466e-11
3.38473e-14
5.35063e-15
8.775895e-14
1.597473e-11
1.326469e-13
1.95082e-14
1.815099e-11
3.287818e-14
5.186882e-15
1.72423e-11
3.649406e-14
5.360536e-15
1.658722e-11
3.954431e-14
5.407847e-15
1.524432e-11
4.173821e-14
5.405556e-15
1.142732e-11
4.262817e-14
5.34082e-15
9.193443e-14
1.485599e-11
3.19943e-14
4.01622e-15
1.431768e-11
3.831998e-14
5.031301e-15
1.420726e-11
4.243168e-14
5.31582e-15
1.346253e-11
4.511498e-14
5.37735e-15
1.0405e-11
4.624617e-14
5.332706e-15
1.876496e-14
1.182991e-11
2.822176e-14
3.916781e-15
1.208643e-11
3.317814e-14
4.99619e-15
1.18853e-11
3.609003e-14
5.2924e-15
9.477721e-12
3.734127e-14
5.310687e-15
1.64985e-14
1.057401e-11
2.244304e-14
3.893765e-15
1.068862e-11
2.544229e-14
4.975939e-15
8.777554e-12
2.672514e-14
5.229713e-15
1.227759e-14
9.954781e-12
1.541042e-14
3.876856e-15
8.311387e-12
1.667919e-14
4.917943e-15
6.631396e-15
8.103195e-12
7.762136e-15
3.834467e-15
3.217594e-17
2.145583e-11
2.021389e-14
2.166786e-11
2.681168e-14
2.228123e-11
2.856869e-14
2.346322e-11
2.799471e-14
2.541441e-11
5.755971e-15
2.350635e-11
5.538119e-15
2.170524e-11
5.479113e-15
1.900227e-11
5.445697e-15
1.355548e-11
5.375294e-15
2.44581e-14
2.101234e-11
3.804604e-14
2.004539e-14
2.157408e-11
4.266383e-14
2.631951e-14
2.278576e-11
4.318144e-14
2.728751e-14
2.475414e-11
9.621865e-15
5.700372e-15
2.294694e-11
1.024141e-14
5.516307e-15
2.124405e-11
1.090823e-14
5.465286e-15
1.866837e-11
1.141252e-14
5.434916e-15
1.336526e-11
1.157177e-14
5.363621e-15
4.931428e-14
2.014185e-11
7.54642e-14
1.97973e-14
2.132537e-11
8.224143e-14
2.524741e-14
2.33746e-11
1.877714e-14
5.557153e-15
2.174437e-11
2.018947e-14
5.466833e-15
2.027429e-11
2.15946e-14
5.444451e-15
1.79533e-11
2.26353e-14
5.420971e-15
1.296459e-11
2.300613e-14
5.352492e-15
7.249836e-14
1.908827e-11
1.074612e-13
1.920999e-14
2.11669e-11
2.649939e-14
5.149101e-15
1.985434e-11
2.925012e-14
5.342532e-15
1.872355e-11
3.158467e-14
5.39962e-15
1.681925e-11
3.325017e-14
5.402023e-15
1.232123e-11
3.38828e-14
5.339605e-15
8.834957e-14
1.824732e-11
2.991423e-14
3.93654e-15
1.726381e-11
3.557727e-14
4.981721e-15
1.662349e-11
3.928917e-14
5.289479e-15
1.525957e-11
4.169472e-14
5.363562e-15
1.143612e-11
4.265752e-14
5.324695e-15
2.191725e-14
1.43875e-11
3.51619e-14
3.872742e-15
1.42159e-11
4.143829e-14
4.963807e-15
1.348559e-11
4.484613e-14
5.27132e-15
1.041041e-11
4.620957e-14
5.296452e-15
2.198312e-14
1.214666e-11
3.115282e-14
3.865178e-15
1.188884e-11
3.544835e-14
4.953178e-15
9.487271e-12
3.718103e-14
5.213391e-15
1.883014e-14
1.073144e-11
2.424937e-14
3.860437e-15
8.777481e-12
2.634955e-14
4.904302e-15
1.350178e-14
8.331894e-12
1.604866e-14
3.827285e-15
6.966675e-15
2.177342e-11
1.996745e-14
2.232431e-11
2.627042e-14
2.351691e-11
2.726562e-14
2.54528e-11
5.699509e-15
2.354863e-11
5.517058e-15
2.173102e-11
5.466767e-15
1.902248e-11
5.436847e-15
1.356209e-11
5.365773e-15
2.537778e-14
2.167153e-11
3.84789e-14
1.964437e-14
2.282517e-11
4.18558e-14
2.515725e-14
2.480683e-11
9.5394e-15
5.549341e-15
2.297978e-11
1.022502e-14
5.4649e-15
2.12763e-11
1.091134e-14
5.445046e-15
1.868477e-11
1.142344e-14
5.422894e-15
1.33732e-11
1.158885e-14
5.355054e-15
5.076231e-14
2.141823e-11
7.433749e-14
1.89882e-14
2.340954e-11
1.824919e-14
5.122068e-15
2.178951e-11
2.003822e-14
5.330927e-15
2.029938e-11
2.156349e-14
5.395724e-15
1.797416e-11
2.26436e-14
5.401771e-15
1.297109e-11
2.302723e-14
5.341066e-15
7.273687e-14
2.125754e-11
2.415265e-14
3.878033e-15
1.98803e-11
2.85163e-14
4.946713e-15
1.875873e-11
3.137506e-14
5.272536e-15
1.683495e-11
3.320947e-14
5.356504e-15
1.232974e-11
3.390043e-14
5.322089e-15
2.092278e-14
1.734423e-11
3.274104e-14
3.796206e-15
1.663949e-11
3.83839e-14
4.915553e-15
1.52827e-11
4.144284e-14
5.246363e-15
1.144202e-11
4.261455e-14
5.283975e-15
2.547498e-14
1.426974e-11
3.833153e-14
3.82173e-15
1.349038e-11
4.386126e-14
4.922082e-15
1.041975e-11
4.594508e-14
5.193716e-15
2.499275e-14
1.192849e-11
3.344324e-14
3.832654e-15
9.487407e-12
3.654902e-14
4.882735e-15
2.066375e-14
8.796783e-12
2.517677e-14
3.811505e-15
1.417137e-14
2.242809e-11
1.956834e-14
2.35588e-11
2.511288e-14
2.550349e-11
5.546018e-15
2.358047e-11
5.464615e-15
2.176276e-11
5.446109e-15
1.90386e-11
5.424646e-15
1.35699e-11
5.357129e-15
2.607484e-14
2.291815e-11
3.786866e-14
1.884331e-14
2.48439e-11
9.268662e-15
5.105002e-15
2.302355e-11
1.014537e-14
5.324318e-15
2.130103e-11
1.089469e-14
5.394381e-15
1.870504e-11
1.142645e-14
5.402907e-15
1.33795e-11
1.159949e-14
5.343328e-15
5.078082e-14
2.349548e-11
1.664383e-14
3.834712e-15
2.18183e-11
1.953038e-14
4.921884e-15
2.033343e-11
2.141433e-14
5.26184e-15
1.798993e-11
2.261226e-14
5.353479e-15
1.297929e-11
2.303536e-14
5.322445e-15
1.709179e-14
1.995541e-11
2.627107e-14
3.740292e-15
1.877803e-11
3.064983e-14
4.881844e-15
1.685726e-11
3.300212e-14
5.230615e-15
1.233582e-11
3.386011e-14
5.277902e-15
2.410636e-14
1.670066e-11
3.559151e-14
3.746633e-15
1.529231e-11
4.054447e-14
4.875389e-15
1.145135e-11
4.236665e-14
5.170201e-15
2.877714e-14
1.352556e-11
4.07863e-14
3.790271e-15
1.042043e-11
4.497343e-14
4.853083e-15
2.733161e-14
9.505027e-12
3.457578e-14
3.78466e-15
2.164789e-14
2.365771e-11
1.877211e-14
2.554263e-11
5.097075e-15
2.362243e-11
5.321635e-15
2.178665e-11
5.39441e-15
1.905851e-11
5.404238e-15
1.357605e-11
5.345226e-15
2.604628e-14
2.492888e-11
8.458756e-15
3.806538e-15
2.305404e-11
9.884148e-15
4.906299e-15
2.133396e-11
1.081571e-14
5.255851e-15
1.872052e-11
1.140962e-14
5.352688e-15
1.338739e-11
1.160238e-14
5.323932e-15
1.185075e-14
2.188917e-11
1.799448e-14
3.699023e-15
2.035483e-11
2.091196e-14
4.858093e-15
1.801143e-11
2.246438e-14
5.220806e-15
1.298535e-11
2.300424e-14
5.275532e-15
1.949417e-14
1.883481e-11
2.843805e-14
3.69196e-15
1.686901e-11
3.228197e-14
4.842983e-15
1.234471e-11
3.365589e-14
5.155531e-15
2.706756e-14
1.533207e-11
3.777885e-14
3.716626e-15
1.145437e-11
4.148058e-14
4.808027e-15
3.131295e-14
1.043571e-11
4.194244e-14
3.743446e-15
2.855481e-14
2.563268e-11
3.793057e-15
2.365459e-11
4.899159e-15
2.181812e-11
5.25349e-15
1.907339e-11
5.352988e-15
1.358375e-11
5.325417e-15
6.054423e-15
2.312389e-11
9.109732e-15
3.672239e-15
2.135661e-11
1.055675e-14
4.843239e-15
1.874123e-11
1.133108e-14
5.215382e-15
1.339327e-11
1.158564e-14
5.275125e-15
1.339706e-14
2.040817e-11
1.93984e-14
3.651698e-15
1.802455e-11
2.196521e-14
4.8202e-15
1.299382e-11
2.285849e-14
5.146453e-15
2.174585e-14
1.690564e-11
3.009036e-14
3.663087e-15
1.234873e-11
3.294564e-14
4.776843e-15
2.932138e-14
1.147182e-11
3.875577e-14
3.67127e-15
3.259568e-14
2.372891e-11
3.659535e-15
2.184202e-11
4.836482e-15
1.909308e-11
5.213294e-15
1.358929e-11
5.275593e-15
6.807074e-15
2.140904e-11
9.793737e-15
3.625599e-15
1.875515e-11
1.107345e-14
4.805964e-15
1.340133e-11
1.150813e-14
5.141466e-15
1.485873e-14
1.805876e-11
2.046501e-14
3.623663e-15
1.299848e-11
2.236612e-14
4.754905e-15
2.344828e-14
1.236454e-11
3.078662e-14
3.618802e-15
3.04154e-14
2.189796e-11
3.613278e-15
1.910782e-11
4.79951e-15
1.359681e-11
5.139573e-15
7.521888e-15
1.87887e-11
1.03172e-14
3.598102e-15
1.340637e-11
1.125391e-14
4.741186e-15
1.59591e-14
1.301308e-11
2.088825e-14
3.580129e-15
2.423793e-14
1.914381e-11
3.586057e-15
1.360227e-11
4.734969e-15
8.063126e-15
1.34207e-11
1.050895e-14
3.555033e-15
1.644626e-14
1.361796e-11
3.543207e-15
8.287309e-15
)
;

boundaryField
{
    airInlet
    {
        type            calculated;
        value           nonuniform List<scalar> 0();
    }
    airOutlet
    {
        type            calculated;
        value           nonuniform List<scalar> 
100
(
8.166154e-09
1.673589e-08
2.177958e-08
2.472291e-08
2.614489e-08
2.628013e-08
2.514926e-08
2.256669e-08
1.804221e-08
1.038563e-08
1.672879e-08
3.818629e-08
5.188573e-08
6.013508e-08
6.416476e-08
6.454309e-08
6.132237e-08
5.405257e-08
4.166807e-08
2.215722e-08
2.175076e-08
5.18351e-08
7.188548e-08
8.422964e-08
9.031978e-08
9.088784e-08
8.600466e-08
7.508767e-08
5.68674e-08
2.92624e-08
2.464719e-08
5.996033e-08
8.406016e-08
9.91053e-08
1.065783e-07
1.072729e-07
1.012687e-07
8.793398e-08
6.596405e-08
3.339948e-08
2.598542e-08
6.376048e-08
8.981108e-08
1.061814e-07
1.143385e-07
1.150967e-07
1.08536e-07
9.401266e-08
7.022686e-08
3.531654e-08
2.598542e-08
6.376048e-08
8.981108e-08
1.061814e-07
1.143397e-07
1.150968e-07
1.08536e-07
9.401267e-08
7.022688e-08
3.531651e-08
2.464719e-08
5.996033e-08
8.406015e-08
9.910531e-08
1.065784e-07
1.072729e-07
1.012687e-07
8.7934e-08
6.596409e-08
3.339947e-08
2.175076e-08
5.183509e-08
7.188548e-08
8.422963e-08
9.031979e-08
9.088784e-08
8.600467e-08
7.508768e-08
5.686743e-08
2.926241e-08
1.672879e-08
3.818629e-08
5.188573e-08
6.013508e-08
6.416476e-08
6.454309e-08
6.132237e-08
5.405258e-08
4.166808e-08
2.215723e-08
8.166153e-09
1.673589e-08
2.177958e-08
2.472291e-08
2.614489e-08
2.628013e-08
2.514926e-08
2.256669e-08
1.804221e-08
1.038563e-08
)
;
    }
    cathodeSides
    {
        type            calculated;
        value           uniform 0;
    }
    air_to_interconnect
    {
        type            calculated;
        value           uniform 0;
    }
    air_to_electrolyte
    {
        type            calculated;
        value           uniform 0;
    }
    procBoundary3to2
    {
        type            processor;
        value           nonuniform List<scalar> 
400
(
-8.235512e-09
-1.684579e-08
-1.684956e-08
-2.187116e-08
-3.839444e-08
-2.189254e-08
-2.474779e-08
-5.203291e-08
-5.207717e-08
-2.481147e-08
-2.606669e-08
-6.008289e-08
-7.200624e-08
-6.024291e-08
-2.620973e-08
-2.606669e-08
-6.381327e-08
-8.401467e-08
-8.417349e-08
-6.419577e-08
-2.6342e-08
-3.592211e-12
-2.474779e-08
-6.381327e-08
-8.962719e-08
-9.877137e-08
-9.01124e-08
-6.456927e-08
-2.523016e-08
-3.59559e-12
-3.60478e-12
-2.187116e-08
-6.008289e-08
-8.962719e-08
-1.056304e-07
-1.060113e-07
-9.067198e-08
-6.142082e-08
-2.267073e-08
-3.595166e-12
-3.608073e-12
-3.600464e-12
-1.684579e-08
-5.203291e-08
-8.401467e-08
-1.056304e-07
-1.134998e-07
-1.066931e-07
-8.593238e-08
-5.423992e-08
-1.815034e-08
-3.59434e-12
-3.607366e-12
-3.603669e-12
-3.594958e-12
-8.235512e-09
-3.839444e-08
-7.200624e-08
-9.877137e-08
-1.134998e-07
-1.142412e-07
-1.009097e-07
-7.520448e-08
-4.18888e-08
-1.046301e-08
-3.595645e-12
-3.60593e-12
-3.602775e-12
-3.59816e-12
-3.570764e-12
-1.684956e-08
-5.207717e-08
-8.417349e-08
-1.060113e-07
-1.142412e-07
-1.079533e-07
-8.787833e-08
-5.708714e-08
-2.231454e-08
-1.07295e-11
-3.602596e-12
-3.601022e-12
-3.597289e-12
-3.5741e-12
-3.245211e-14
-2.189254e-08
-6.024291e-08
-9.01124e-08
-1.066931e-07
-1.079533e-07
-9.381186e-08
-6.61076e-08
-2.943815e-08
-1.88059e-11
-3.609799e-12
-3.597511e-12
-3.595609e-12
-3.573665e-12
-3.245666e-14
-3.100795e-14
-2.481147e-08
-6.419577e-08
-9.067198e-08
-1.009097e-07
-9.381186e-08
-7.029849e-08
-3.355718e-08
-2.366065e-11
-3.622313e-12
-3.590565e-12
-3.592501e-12
-3.572773e-12
-3.245712e-14
-3.101217e-14
-3.061431e-14
-2.620973e-08
-6.456927e-08
-8.593238e-08
-8.787833e-08
-7.029849e-08
-3.54524e-08
-2.646679e-11
-3.629451e-12
-3.585074e-12
-3.587325e-12
-3.571011e-12
-3.245671e-14
-3.101573e-14
-3.061997e-14
-2.999168e-14
-2.6342e-08
-6.142082e-08
-7.520448e-08
-6.61076e-08
-3.54524e-08
-2.775758e-11
-3.633391e-12
-3.581173e-12
-3.582807e-12
-3.56802e-12
-3.245263e-14
-3.10215e-14
-3.062789e-14
-2.999712e-14
-2.858898e-14
-2.523016e-08
-5.423992e-08
-5.708714e-08
-3.355718e-08
-2.775759e-11
-3.635135e-12
-3.578664e-12
-3.579373e-12
-3.565078e-12
-3.244137e-14
-3.102829e-14
-3.064329e-14
-3.000639e-14
-2.859131e-14
-5.823301e-15
-2.267073e-08
-4.18888e-08
-2.943815e-08
-2.64668e-11
-3.635138e-12
-3.577424e-12
-3.577076e-12
-3.562585e-12
-3.242818e-14
-3.103291e-14
-3.066809e-14
-3.002742e-14
-2.859591e-14
-5.822509e-15
-5.579947e-15
-1.815034e-08
-2.231454e-08
-2.366065e-11
-3.63339e-12
-3.577429e-12
-3.575922e-12
-3.560796e-12
-3.241498e-14
-3.103689e-14
-3.070052e-14
-3.00656e-14
-2.861211e-14
-5.821986e-15
-5.578627e-15
-5.507682e-15
-1.046301e-08
-1.88059e-11
-3.629447e-12
-3.578663e-12
-3.575927e-12
-3.559861e-12
-3.24045e-14
-3.103843e-14
-3.07369e-14
-3.012211e-14
-2.864703e-14
-5.823447e-15
-5.577165e-15
-5.506041e-15
-5.464969e-15
-1.07295e-11
-3.622309e-12
-3.581167e-12
-3.577076e-12
-3.559862e-12
-3.239866e-14
-3.103831e-14
-3.076792e-14
-3.018958e-14
-2.870485e-14
-5.828564e-15
-5.577284e-15
-5.503998e-15
-5.46305e-15
-5.384674e-15
-3.59564e-12
-3.609795e-12
-3.585068e-12
-3.579366e-12
-3.560793e-12
-3.239862e-14
-3.103773e-14
-3.078942e-14
-3.025046e-14
-2.877885e-14
-5.838776e-15
-5.580769e-15
-5.503304e-15
-5.460458e-15
-5.382608e-15
-3.594333e-12
-3.602591e-12
-3.59056e-12
-3.582798e-12
-3.562577e-12
-3.240441e-14
-3.103767e-14
-3.080009e-14
-3.029425e-14
-2.884716e-14
-5.853305e-15
-5.58952e-15
-5.505859e-15
-5.458908e-15
-5.379687e-15
-3.595158e-12
-3.605923e-12
-3.597505e-12
-3.587318e-12
-3.565068e-12
-3.241484e-14
-3.103821e-14
-3.080002e-14
-3.031658e-14
-2.889581e-14
-5.867056e-15
-5.603266e-15
-5.513884e-15
-5.460305e-15
-5.377552e-15
-3.595581e-12
-3.607358e-12
-3.601015e-12
-3.592494e-12
-3.568011e-12
-3.242802e-14
-3.103828e-14
-3.078929e-14
-3.03165e-14
-2.892015e-14
-5.876726e-15
-5.616817e-15
-5.527313e-15
-5.46703e-15
-5.378047e-15
-3.592202e-12
-3.608064e-12
-3.602768e-12
-3.595602e-12
-3.571003e-12
-3.244125e-14
-3.103672e-14
-3.076775e-14
-3.029411e-14
-2.892007e-14
-5.881464e-15
-5.626631e-15
-5.540888e-15
-5.479223e-15
-5.383568e-15
-3.604771e-12
-3.60366e-12
-3.597281e-12
-3.572765e-12
-3.245255e-14
-3.103279e-14
-3.073672e-14
-3.025027e-14
-2.889565e-14
-5.881447e-15
-5.631566e-15
-5.550916e-15
-5.491799e-15
-5.394425e-15
-3.600454e-12
-3.598151e-12
-3.573656e-12
-3.245663e-14
-3.10282e-14
-3.070038e-14
-3.018939e-14
-2.884695e-14
-5.876688e-15
-5.631549e-15
-5.556044e-15
-5.501167e-15
-5.405815e-15
-3.594949e-12
-3.57409e-12
-3.245703e-14
-3.102142e-14
-3.066798e-14
-3.012194e-14
-2.877864e-14
-5.867005e-15
-5.626589e-15
-5.556028e-15
-5.505979e-15
-5.41433e-15
-3.570754e-12
-3.245655e-14
-3.101564e-14
-3.064319e-14
-3.006546e-14
-2.870465e-14
-5.853256e-15
-5.616762e-15
-5.550872e-15
-5.505962e-15
-5.418703e-15
-3.2452e-14
-3.101205e-14
-3.062778e-14
-3.00273e-14
-2.864687e-14
-5.838732e-15
-5.603214e-15
-5.54083e-15
-5.501123e-15
-5.418686e-15
-3.100783e-14
-3.061983e-14
-3.000626e-14
-2.861198e-14
-5.828528e-15
-5.589478e-15
-5.527261e-15
-5.49174e-15
-5.414285e-15
-3.061418e-14
-2.999696e-14
-2.859577e-14
-5.823421e-15
-5.580736e-15
-5.513843e-15
-5.479169e-15
-5.405756e-15
-2.999153e-14
-2.859111e-14
-5.821958e-15
-5.577262e-15
-5.505829e-15
-5.46699e-15
-5.394372e-15
-2.858882e-14
-5.822465e-15
-5.57714e-15
-5.503285e-15
-5.460278e-15
-5.383529e-15
-5.823267e-15
-5.578583e-15
-5.503976e-15
-5.45889e-15
-5.378021e-15
-5.579915e-15
-5.505997e-15
-5.460437e-15
-5.377536e-15
-5.507651e-15
-5.463007e-15
-5.379666e-15
-5.464938e-15
-5.382566e-15
-5.384645e-15
)
;
    }
}
)

// processor4

722
(dimensions      [0 3 -1 0 0 0 0];

oriented        oriented;

internalField   nonuniform List<scalar> 0();

boundaryField
{
    airInlet
    {
        type            calculated;
        value           nonuniform List<scalar> 0();
    }
    airOutlet
    {
        type            calculated;
        value           nonuniform List<scalar> 0();
    }
    cathodeSides
    {
        type            calculated;
        value           nonuniform List<scalar> 0();
    }
    air_to_interconnect
    {
        type            calculated;
        value           nonuniform List<scalar> 0();
    }
    air_to_electrolyte
    {
        type            calculated;
        value           nonuniform List<scalar> 0();
    }
}
)

// processor5

722
(dimensions      [0 3 -1 0 0 0 0];

oriented        oriented;

internalField   nonuniform List<scalar> 0();

boundaryField
{
    airInlet
    {
        type            calculated;
        value           nonuniform List<scalar> 0();
    }
    airOutlet
    {
        type            calculated;
        value           nonuniform List<scalar> 0();
    }
    cathodeSides
    {
        type            calculated;
        value           nonuniform List<scalar> 0();
    }
    air_to_interconnect
    {
        type            calculated;
        value           nonuniform List<scalar> 0();
    }
    air_to_electrolyte
    {
        type            calculated;
        value           nonuniform List<scalar> 0();
    }
}
)

// processor6

722
(dimensions      [0 3 -1 0 0 0 0];

oriented        oriented;

internalField   nonuniform List<scalar> 0();

boundaryField
{
    airInlet
    {
        type            calculated;
        value           nonuniform List<scalar> 0();
    }
    airOutlet
    {
        type            calculated;
        value           nonuniform List<scalar> 0();
    }
    cathodeSides
    {
        type            calculated;
        value           nonuniform List<scalar> 0();
    }
    air_to_interconnect
    {
        type            calculated;
        value           nonuniform List<scalar> 0();
    }
    air_to_electrolyte
    {
        type            calculated;
        value           nonuniform List<scalar> 0();
    }
}
)

// processor7

722
(dimensions      [0 3 -1 0 0 0 0];

oriented        oriented;

internalField   nonuniform List<scalar> 0();

boundaryField
{
    airInlet
    {
        type            calculated;
        value           nonuniform List<scalar> 0();
    }
    airOutlet
    {
        type            calculated;
        value           nonuniform List<scalar> 0();
    }
    cathodeSides
    {
        type            calculated;
        value           nonuniform List<scalar> 0();
    }
    air_to_interconnect
    {
        type            calculated;
        value           nonuniform List<scalar> 0();
    }
    air_to_electrolyte
    {
        type            calculated;
        value           nonuniform List<scalar> 0();
    }
}
)
