/*--------------------------------*- C++ -*----------------------------------*\
| =========                 |                                                 |
| \\      /  F ield         | OpenFOAM: The Open Source CFD Toolbox           |
|  \\    /   O peration     | Version:  2306                                  |
|   \\  /    A nd           | Website:  www.openfoam.com                      |
|    \\/     M anipulation  |                                                 |
\*---------------------------------------------------------------------------*/
FoamFile
{
    version     2.0;
    format      binary;
    arch        "LSB;label=32;scalar=64";
    class       decomposedBlockData;
    object      neighbour;
    data.format     ascii;
    data.class      labelList;
}
// * * * * * * * * * * * * * * * * * * * * * * * * * * * * * * * * * * * * * //


// processor0

66493
(FoamFile
{
    version     2.0;
    format      ascii;
    arch        "LSB;label=32;scalar=64";
    note        "nPoints:6270  nCells:5000  nFaces:16200  nInternalFaces:13800";
    class       labelList;
    location    "1/phiEA/polyMesh";
    object      neighbour;
}

13800
(
1
2
3
4
5
6
5
7
8
6
8
9
10
11
12
11
13
14
12
14
15
13
16
17
14
17
18
15
18
19
20
21
22
21
23
24
22
24
25
23
26
27
24
27
28
25
28
29
26
30
31
27
31
32
28
32
33
29
33
34
35
36
37
36
38
39
37
39
40
38
41
42
39
42
43
40
43
44
41
45
46
42
46
47
43
47
48
44
48
49
45
50
51
46
51
52
47
52
53
48
53
54
49
54
55
56
57
58
57
59
60
58
60
61
59
62
63
60
63
64
61
64
65
62
66
67
63
67
68
64
68
69
65
69
70
66
71
72
67
72
73
68
73
74
69
74
75
70
75
76
71
77
78
72
78
79
73
79
80
74
80
81
75
81
82
76
82
83
84
85
86
85
87
88
86
88
89
87
90
91
88
91
92
89
92
93
90
94
95
91
95
96
92
96
97
93
97
98
94
99
100
95
100
101
96
101
102
97
102
103
98
103
104
99
105
106
100
106
107
101
107
108
102
108
109
103
109
110
104
110
111
105
112
113
106
113
114
107
114
115
108
115
116
109
116
117
110
117
118
111
118
119
120
121
122
121
123
124
122
124
125
123
126
127
124
127
128
125
128
129
126
130
131
127
131
132
128
132
133
129
133
134
130
135
136
131
136
137
132
137
138
133
138
139
134
139
140
135
141
142
136
142
143
137
143
144
138
144
145
139
145
146
140
146
147
141
148
149
142
149
150
143
150
151
144
151
152
145
152
153
146
153
154
147
154
155
148
156
157
149
157
158
150
158
159
151
159
160
152
160
161
153
161
162
154
162
163
155
163
164
165
166
167
166
168
169
167
169
170
168
171
172
169
172
173
170
173
174
171
175
176
172
176
177
173
177
178
174
178
179
175
180
181
176
181
182
177
182
183
178
183
184
179
184
185
180
186
187
181
187
188
182
188
189
183
189
190
184
190
191
185
191
192
186
193
194
187
194
195
188
195
196
189
196
197
190
197
198
191
198
199
192
199
200
193
201
202
194
202
203
195
203
204
196
204
205
197
205
206
198
206
207
199
207
208
200
208
209
201
210
211
202
211
212
203
212
213
204
213
214
205
214
215
206
215
216
207
216
217
208
217
218
209
218
219
220
221
222
221
223
224
222
224
225
223
226
227
224
227
228
225
228
229
226
230
231
227
231
232
228
232
233
229
233
234
230
235
236
231
236
237
232
237
238
233
238
239
234
239
240
235
241
242
236
242
243
237
243
244
238
244
245
239
245
246
240
246
247
241
248
249
242
249
250
243
250
251
244
251
252
245
252
253
246
253
254
247
254
255
248
256
257
249
257
258
250
258
259
251
259
260
252
260
261
253
261
262
254
262
263
255
263
264
256
265
266
257
266
267
258
267
268
259
268
269
260
269
270
261
270
271
262
271
272
263
272
273
264
273
274
265
275
266
275
276
267
276
277
268
277
278
269
278
279
270
279
280
271
280
281
272
281
282
273
282
283
274
283
284
285
286
287
286
288
289
287
289
290
288
291
292
289
292
293
290
293
294
291
295
296
292
296
297
293
297
298
294
298
299
295
300
301
296
301
302
297
302
303
298
303
304
299
304
305
300
306
307
301
307
308
302
308
309
303
309
310
304
310
311
305
311
312
306
313
314
307
314
315
308
315
316
309
316
317
310
317
318
311
318
319
312
319
320
313
321
322
314
322
323
315
323
324
316
324
325
317
325
326
318
326
327
319
327
328
320
328
329
321
330
331
322
331
332
323
332
333
324
333
334
325
334
335
326
335
336
327
336
337
328
337
338
329
338
339
330
340
331
340
341
332
341
342
333
342
343
334
343
344
335
344
345
336
345
346
337
346
347
338
347
348
339
348
349
340
350
341
350
351
342
351
352
343
352
353
344
353
354
345
354
355
346
355
356
347
356
357
348
357
358
349
358
359
360
361
362
361
363
364
362
364
365
363
366
367
364
367
368
365
368
369
366
370
371
367
371
372
368
372
373
369
373
374
370
375
376
371
376
377
372
377
378
373
378
379
374
379
380
375
381
382
376
382
383
377
383
384
378
384
385
379
385
386
380
386
387
381
388
389
382
389
390
383
390
391
384
391
392
385
392
393
386
393
394
387
394
395
388
396
397
389
397
398
390
398
399
391
399
400
392
400
401
393
401
402
394
402
403
395
403
404
396
405
406
397
406
407
398
407
408
399
408
409
400
409
410
401
410
411
402
411
412
403
412
413
404
413
414
405
415
406
415
416
407
416
417
408
417
418
409
418
419
410
419
420
411
420
421
412
421
422
413
422
423
414
423
424
415
425
416
425
426
417
426
427
418
427
428
419
428
429
420
429
430
421
430
431
422
431
432
423
432
433
424
433
434
425
435
426
435
436
427
436
437
428
437
438
429
438
439
430
439
440
431
440
441
432
441
442
433
442
443
434
443
444
445
446
447
446
448
449
447
449
450
448
451
452
449
452
453
450
453
454
451
455
456
452
456
457
453
457
458
454
458
459
455
460
461
456
461
462
457
462
463
458
463
464
459
464
465
460
466
467
461
467
468
462
468
469
463
469
470
464
470
471
465
471
472
466
473
474
467
474
475
468
475
476
469
476
477
470
477
478
471
478
479
472
479
480
473
481
482
474
482
483
475
483
484
476
484
485
477
485
486
478
486
487
479
487
488
480
488
489
481
490
491
482
491
492
483
492
493
484
493
494
485
494
495
486
495
496
487
496
497
488
497
498
489
498
499
490
500
491
500
501
492
501
502
493
502
503
494
503
504
495
504
505
496
505
506
497
506
507
498
507
508
499
508
509
500
510
501
510
511
502
511
512
503
512
513
504
513
514
505
514
515
506
515
516
507
516
517
508
517
518
509
518
519
510
520
511
520
521
512
521
522
513
522
523
514
523
524
515
524
525
516
525
526
517
526
527
518
527
528
519
528
529
520
530
521
530
531
522
531
532
523
532
533
524
533
534
525
534
535
526
535
536
527
536
537
528
537
538
529
538
539
540
541
542
541
543
544
542
544
545
543
546
547
544
547
548
545
548
549
546
550
551
547
551
552
548
552
553
549
553
554
550
555
556
551
556
557
552
557
558
553
558
559
554
559
560
555
561
562
556
562
563
557
563
564
558
564
565
559
565
566
560
566
567
561
568
569
562
569
570
563
570
571
564
571
572
565
572
573
566
573
574
567
574
575
568
576
577
569
577
578
570
578
579
571
579
580
572
580
581
573
581
582
574
582
583
575
583
584
576
585
586
577
586
587
578
587
588
579
588
589
580
589
590
581
590
591
582
591
592
583
592
593
584
593
594
585
595
586
595
596
587
596
597
588
597
598
589
598
599
590
599
600
591
600
601
592
601
602
593
602
603
594
603
604
595
605
596
605
606
597
606
607
598
607
608
599
608
609
600
609
610
601
610
611
602
611
612
603
612
613
604
613
614
605
615
606
615
616
607
616
617
608
617
618
609
618
619
610
619
620
611
620
621
612
621
622
613
622
623
614
623
624
615
625
616
625
626
617
626
627
618
627
628
619
628
629
620
629
630
621
630
631
622
631
632
623
632
633
624
633
634
625
635
626
635
636
627
636
637
628
637
638
629
638
639
630
639
640
631
640
641
632
641
642
633
642
643
634
643
644
645
646
647
646
648
649
647
649
650
648
651
652
649
652
653
650
653
654
651
655
656
652
656
657
653
657
658
654
658
659
655
660
661
656
661
662
657
662
663
658
663
664
659
664
665
660
666
667
661
667
668
662
668
669
663
669
670
664
670
671
665
671
672
666
673
674
667
674
675
668
675
676
669
676
677
670
677
678
671
678
679
672
679
680
673
681
682
674
682
683
675
683
684
676
684
685
677
685
686
678
686
687
679
687
688
680
688
689
681
690
691
682
691
692
683
692
693
684
693
694
685
694
695
686
695
696
687
696
697
688
697
698
689
698
699
690
700
691
700
701
692
701
702
693
702
703
694
703
704
695
704
705
696
705
706
697
706
707
698
707
708
699
708
709
700
710
701
710
711
702
711
712
703
712
713
704
713
714
705
714
715
706
715
716
707
716
717
708
717
718
709
718
719
710
720
711
720
721
712
721
722
713
722
723
714
723
724
715
724
725
716
725
726
717
726
727
718
727
728
719
728
729
720
730
721
730
731
722
731
732
723
732
733
724
733
734
725
734
735
726
735
736
727
736
737
728
737
738
729
738
739
730
740
731
740
741
732
741
742
733
742
743
734
743
744
735
744
745
736
745
746
737
746
747
738
747
748
739
748
749
740
750
741
750
751
742
751
752
743
752
753
744
753
754
745
754
755
746
755
756
747
756
757
748
757
758
749
758
759
760
761
762
761
763
764
762
764
765
763
766
767
764
767
768
765
768
769
766
770
771
767
771
772
768
772
773
769
773
774
770
775
776
771
776
777
772
777
778
773
778
779
774
779
780
775
781
782
776
782
783
777
783
784
778
784
785
779
785
786
780
786
787
781
788
789
782
789
790
783
790
791
784
791
792
785
792
793
786
793
794
787
794
795
788
796
797
789
797
798
790
798
799
791
799
800
792
800
801
793
801
802
794
802
803
795
803
804
796
805
806
797
806
807
798
807
808
799
808
809
800
809
810
801
810
811
802
811
812
803
812
813
804
813
814
805
815
806
815
816
807
816
817
808
817
818
809
818
819
810
819
820
811
820
821
812
821
822
813
822
823
814
823
824
815
825
816
825
826
817
826
827
818
827
828
819
828
829
820
829
830
821
830
831
822
831
832
823
832
833
824
833
834
825
835
826
835
836
827
836
837
828
837
838
829
838
839
830
839
840
831
840
841
832
841
842
833
842
843
834
843
844
835
845
836
845
846
837
846
847
838
847
848
839
848
849
840
849
850
841
850
851
842
851
852
843
852
853
844
853
854
845
855
846
855
856
847
856
857
848
857
858
849
858
859
850
859
860
851
860
861
852
861
862
853
862
863
854
863
864
855
865
856
865
866
857
866
867
858
867
868
859
868
869
860
869
870
861
870
871
862
871
872
863
872
873
864
873
874
865
875
866
875
876
867
876
877
868
877
878
869
878
879
870
879
880
871
880
881
872
881
882
873
882
883
874
883
884
885
886
887
886
888
889
887
889
890
888
891
892
889
892
893
890
893
894
891
895
896
892
896
897
893
897
898
894
898
899
895
900
901
896
901
902
897
902
903
898
903
904
899
904
905
900
906
907
901
907
908
902
908
909
903
909
910
904
910
911
905
911
912
906
913
914
907
914
915
908
915
916
909
916
917
910
917
918
911
918
919
912
919
920
913
921
922
914
922
923
915
923
924
916
924
925
917
925
926
918
926
927
919
927
928
920
928
929
921
930
931
922
931
932
923
932
933
924
933
934
925
934
935
926
935
936
927
936
937
928
937
938
929
938
939
930
940
931
940
941
932
941
942
933
942
943
934
943
944
935
944
945
936
945
946
937
946
947
938
947
948
939
948
949
940
950
941
950
951
942
951
952
943
952
953
944
953
954
945
954
955
946
955
956
947
956
957
948
957
958
949
958
959
950
960
951
960
961
952
961
962
953
962
963
954
963
964
955
964
965
956
965
966
957
966
967
958
967
968
959
968
969
960
970
961
970
971
962
971
972
963
972
973
964
973
974
965
974
975
966
975
976
967
976
977
968
977
978
969
978
979
970
980
971
980
981
972
981
982
973
982
983
974
983
984
975
984
985
976
985
986
977
986
987
978
987
988
979
988
989
980
990
981
990
991
982
991
992
983
992
993
984
993
994
985
994
995
986
995
996
987
996
997
988
997
998
989
998
999
990
1000
991
1000
1001
992
1001
1002
993
1002
1003
994
1003
1004
995
1004
1005
996
1005
1006
997
1006
1007
998
1007
1008
999
1008
1009
1000
1010
1001
1010
1011
1002
1011
1012
1003
1012
1013
1004
1013
1014
1005
1014
1015
1006
1015
1016
1007
1016
1017
1008
1017
1018
1009
1018
1019
1020
1021
1022
1021
1023
1024
1022
1024
1025
1023
1026
1027
1024
1027
1028
1025
1028
1029
1026
1030
1031
1027
1031
1032
1028
1032
1033
1029
1033
1034
1030
1035
1036
1031
1036
1037
1032
1037
1038
1033
1038
1039
1034
1039
1040
1035
1041
1042
1036
1042
1043
1037
1043
1044
1038
1044
1045
1039
1045
1046
1040
1046
1047
1041
1048
1049
1042
1049
1050
1043
1050
1051
1044
1051
1052
1045
1052
1053
1046
1053
1054
1047
1054
1055
1048
1056
1057
1049
1057
1058
1050
1058
1059
1051
1059
1060
1052
1060
1061
1053
1061
1062
1054
1062
1063
1055
1063
1064
1056
1065
1066
1057
1066
1067
1058
1067
1068
1059
1068
1069
1060
1069
1070
1061
1070
1071
1062
1071
1072
1063
1072
1073
1064
1073
1074
1065
1075
1066
1075
1076
1067
1076
1077
1068
1077
1078
1069
1078
1079
1070
1079
1080
1071
1080
1081
1072
1081
1082
1073
1082
1083
1074
1083
1084
1075
1085
1076
1085
1086
1077
1086
1087
1078
1087
1088
1079
1088
1089
1080
1089
1090
1081
1090
1091
1082
1091
1092
1083
1092
1093
1084
1093
1094
1085
1095
1086
1095
1096
1087
1096
1097
1088
1097
1098
1089
1098
1099
1090
1099
1100
1091
1100
1101
1092
1101
1102
1093
1102
1103
1094
1103
1104
1095
1105
1096
1105
1106
1097
1106
1107
1098
1107
1108
1099
1108
1109
1100
1109
1110
1101
1110
1111
1102
1111
1112
1103
1112
1113
1104
1113
1114
1105
1115
1106
1115
1116
1107
1116
1117
1108
1117
1118
1109
1118
1119
1110
1119
1120
1111
1120
1121
1112
1121
1122
1113
1122
1123
1114
1123
1124
1115
1125
1116
1125
1126
1117
1126
1127
1118
1127
1128
1119
1128
1129
1120
1129
1130
1121
1130
1131
1122
1131
1132
1123
1132
1133
1124
1133
1134
1125
1135
1126
1135
1136
1127
1136
1137
1128
1137
1138
1129
1138
1139
1130
1139
1140
1131
1140
1141
1132
1141
1142
1133
1142
1143
1134
1143
1144
1135
1145
1136
1145
1146
1137
1146
1147
1138
1147
1148
1139
1148
1149
1140
1149
1150
1141
1150
1151
1142
1151
1152
1143
1152
1153
1144
1153
1154
1145
1155
1146
1155
1156
1147
1156
1157
1148
1157
1158
1149
1158
1159
1150
1159
1160
1151
1160
1161
1152
1161
1162
1153
1162
1163
1154
1163
1164
1165
1166
1167
1166
1168
1169
1167
1169
1170
1168
1171
1172
1169
1172
1173
1170
1173
1174
1171
1175
1176
1172
1176
1177
1173
1177
1178
1174
1178
1179
1175
1180
1181
1176
1181
1182
1177
1182
1183
1178
1183
1184
1179
1184
1185
1180
1186
1187
1181
1187
1188
1182
1188
1189
1183
1189
1190
1184
1190
1191
1185
1191
1192
1186
1193
1194
1187
1194
1195
1188
1195
1196
1189
1196
1197
1190
1197
1198
1191
1198
1199
1192
1199
1200
1193
1201
1202
1194
1202
1203
1195
1203
1204
1196
1204
1205
1197
1205
1206
1198
1206
1207
1199
1207
1208
1200
1208
1209
1201
1210
1211
1202
1211
1212
1203
1212
1213
1204
1213
1214
1205
1214
1215
1206
1215
1216
1207
1216
1217
1208
1217
1218
1209
1218
1219
1210
1220
1211
1220
1221
1212
1221
1222
1213
1222
1223
1214
1223
1224
1215
1224
1225
1216
1225
1226
1217
1226
1227
1218
1227
1228
1219
1228
1229
1220
1230
1221
1230
1231
1222
1231
1232
1223
1232
1233
1224
1233
1234
1225
1234
1235
1226
1235
1236
1227
1236
1237
1228
1237
1238
1229
1238
1239
1230
1240
1231
1240
1241
1232
1241
1242
1233
1242
1243
1234
1243
1244
1235
1244
1245
1236
1245
1246
1237
1246
1247
1238
1247
1248
1239
1248
1249
1240
1250
1241
1250
1251
1242
1251
1252
1243
1252
1253
1244
1253
1254
1245
1254
1255
1246
1255
1256
1247
1256
1257
1248
1257
1258
1249
1258
1259
1250
1260
1251
1260
1261
1252
1261
1262
1253
1262
1263
1254
1263
1264
1255
1264
1265
1256
1265
1266
1257
1266
1267
1258
1267
1268
1259
1268
1269
1260
1270
1261
1270
1271
1262
1271
1272
1263
1272
1273
1264
1273
1274
1265
1274
1275
1266
1275
1276
1267
1276
1277
1268
1277
1278
1269
1278
1279
1270
1280
1271
1280
1281
1272
1281
1282
1273
1282
1283
1274
1283
1284
1275
1284
1285
1276
1285
1286
1277
1286
1287
1278
1287
1288
1279
1288
1289
1280
1290
1281
1290
1291
1282
1291
1292
1283
1292
1293
1284
1293
1294
1285
1294
1295
1286
1295
1296
1287
1296
1297
1288
1297
1298
1289
1298
1299
1290
1300
1291
1300
1301
1292
1301
1302
1293
1302
1303
1294
1303
1304
1295
1304
1305
1296
1305
1306
1297
1306
1307
1298
1307
1308
1299
1308
1309
1300
1310
1301
1310
1311
1302
1311
1312
1303
1312
1313
1304
1313
1314
1305
1314
1315
1306
1315
1316
1307
1316
1317
1308
1317
1318
1309
1318
1319
1320
1321
1320
1322
1323
1321
1323
1324
1322
1325
1326
1323
1326
1327
1324
1327
1328
1325
1329
1330
1326
1330
1331
1327
1331
1332
1328
1332
1333
1329
1334
1335
1330
1335
1336
1331
1336
1337
1332
1337
1338
1333
1338
1339
1334
1340
1341
1335
1341
1342
1336
1342
1343
1337
1343
1344
1338
1344
1345
1339
1345
1346
1340
1347
1348
1341
1348
1349
1342
1349
1350
1343
1350
1351
1344
1351
1352
1345
1352
1353
1346
1353
1354
1347
1355
1356
1348
1356
1357
1349
1357
1358
1350
1358
1359
1351
1359
1360
1352
1360
1361
1353
1361
1362
1354
1362
1363
1355
1364
1365
1356
1365
1366
1357
1366
1367
1358
1367
1368
1359
1368
1369
1360
1369
1370
1361
1370
1371
1362
1371
1372
1363
1372
1373
1364
1374
1365
1374
1375
1366
1375
1376
1367
1376
1377
1368
1377
1378
1369
1378
1379
1370
1379
1380
1371
1380
1381
1372
1381
1382
1373
1382
1383
1374
1384
1375
1384
1385
1376
1385
1386
1377
1386
1387
1378
1387
1388
1379
1388
1389
1380
1389
1390
1381
1390
1391
1382
1391
1392
1383
1392
1393
1384
1394
1385
1394
1395
1386
1395
1396
1387
1396
1397
1388
1397
1398
1389
1398
1399
1390
1399
1400
1391
1400
1401
1392
1401
1402
1393
1402
1403
1394
1404
1395
1404
1405
1396
1405
1406
1397
1406
1407
1398
1407
1408
1399
1408
1409
1400
1409
1410
1401
1410
1411
1402
1411
1412
1403
1412
1413
1404
1414
1405
1414
1415
1406
1415
1416
1407
1416
1417
1408
1417
1418
1409
1418
1419
1410
1419
1420
1411
1420
1421
1412
1421
1422
1413
1422
1423
1414
1424
1415
1424
1425
1416
1425
1426
1417
1426
1427
1418
1427
1428
1419
1428
1429
1420
1429
1430
1421
1430
1431
1422
1431
1432
1423
1432
1424
1433
1425
1433
1434
1426
1434
1435
1427
1435
1436
1428
1436
1437
1429
1437
1438
1430
1438
1439
1431
1439
1440
1432
1440
1441
1441
1442
1433
1443
1434
1443
1444
1435
1444
1445
1436
1445
1446
1437
1446
1447
1438
1447
1448
1439
1448
1449
1440
1449
1450
1441
1450
1451
1442
1451
1452
1443
1453
1444
1453
1454
1445
1454
1455
1446
1455
1456
1447
1456
1457
1448
1457
1458
1449
1458
1459
1450
1459
1460
1451
1460
1461
1452
1461
1462
1453
1463
1454
1463
1464
1455
1464
1465
1456
1465
1466
1457
1466
1467
1458
1467
1468
1459
1468
1469
1460
1469
1470
1461
1470
1471
1462
1471
1472
1463
1473
1464
1473
1474
1465
1474
1475
1466
1475
1476
1467
1476
1477
1468
1477
1478
1469
1478
1479
1470
1479
1480
1471
1480
1481
1472
1481
1482
1483
1484
1484
1485
1483
1486
1487
1484
1487
1488
1485
1488
1489
1486
1490
1491
1487
1491
1492
1488
1492
1493
1489
1493
1494
1490
1495
1496
1491
1496
1497
1492
1497
1498
1493
1498
1499
1494
1499
1500
1495
1501
1502
1496
1502
1503
1497
1503
1504
1498
1504
1505
1499
1505
1506
1500
1506
1507
1501
1508
1509
1502
1509
1510
1503
1510
1511
1504
1511
1512
1505
1512
1513
1506
1513
1514
1507
1514
1515
1508
1516
1517
1509
1517
1518
1510
1518
1519
1511
1519
1520
1512
1520
1521
1513
1521
1522
1514
1522
1523
1515
1523
1524
1516
1525
1526
1517
1526
1527
1518
1527
1528
1519
1528
1529
1520
1529
1530
1521
1530
1531
1522
1531
1532
1523
1532
1533
1524
1533
1534
1525
1535
1526
1535
1536
1527
1536
1537
1528
1537
1538
1529
1538
1539
1530
1539
1540
1531
1540
1541
1532
1541
1542
1533
1542
1543
1534
1543
1544
1535
1545
1536
1545
1546
1537
1546
1547
1538
1547
1548
1539
1548
1549
1540
1549
1550
1541
1550
1551
1542
1551
1552
1543
1552
1553
1544
1553
1554
1545
1555
1546
1555
1556
1547
1556
1557
1548
1557
1558
1549
1558
1559
1550
1559
1560
1551
1560
1561
1552
1561
1562
1553
1562
1563
1554
1563
1564
1555
1565
1556
1565
1566
1557
1566
1567
1558
1567
1568
1559
1568
1569
1560
1569
1570
1561
1570
1571
1562
1571
1572
1563
1572
1573
1564
1573
1574
1565
1575
1566
1575
1576
1567
1576
1577
1568
1577
1578
1569
1578
1579
1570
1579
1580
1571
1580
1581
1572
1581
1582
1573
1582
1583
1574
1583
1584
1575
1585
1576
1585
1586
1577
1586
1587
1578
1587
1588
1579
1588
1589
1580
1589
1590
1581
1590
1591
1582
1591
1592
1583
1592
1593
1584
1593
1585
1594
1586
1594
1595
1587
1595
1596
1588
1596
1597
1589
1597
1598
1590
1598
1599
1591
1599
1600
1592
1600
1601
1593
1601
1594
1602
1595
1602
1603
1596
1603
1604
1597
1604
1605
1598
1605
1606
1599
1606
1607
1600
1607
1608
1601
1608
1609
1609
1610
1610
1611
1602
1612
1603
1612
1613
1604
1613
1614
1605
1614
1615
1606
1615
1616
1607
1616
1617
1608
1617
1618
1609
1618
1619
1610
1619
1620
1611
1620
1621
1612
1622
1613
1622
1623
1614
1623
1624
1615
1624
1625
1616
1625
1626
1617
1626
1627
1618
1627
1628
1619
1628
1629
1620
1629
1630
1621
1630
1631
1622
1632
1623
1632
1633
1624
1633
1634
1625
1634
1635
1626
1635
1636
1627
1636
1637
1628
1637
1638
1629
1638
1639
1630
1639
1640
1631
1640
1641
1632
1642
1633
1642
1643
1634
1643
1644
1635
1644
1645
1636
1645
1646
1637
1646
1647
1638
1647
1648
1639
1648
1649
1640
1649
1650
1641
1650
1651
1652
1653
1653
1654
1654
1655
1652
1656
1657
1653
1657
1658
1654
1658
1659
1655
1659
1660
1656
1661
1662
1657
1662
1663
1658
1663
1664
1659
1664
1665
1660
1665
1666
1661
1667
1668
1662
1668
1669
1663
1669
1670
1664
1670
1671
1665
1671
1672
1666
1672
1673
1667
1674
1675
1668
1675
1676
1669
1676
1677
1670
1677
1678
1671
1678
1679
1672
1679
1680
1673
1680
1681
1674
1682
1683
1675
1683
1684
1676
1684
1685
1677
1685
1686
1678
1686
1687
1679
1687
1688
1680
1688
1689
1681
1689
1690
1682
1691
1692
1683
1692
1693
1684
1693
1694
1685
1694
1695
1686
1695
1696
1687
1696
1697
1688
1697
1698
1689
1698
1699
1690
1699
1700
1691
1701
1692
1701
1702
1693
1702
1703
1694
1703
1704
1695
1704
1705
1696
1705
1706
1697
1706
1707
1698
1707
1708
1699
1708
1709
1700
1709
1710
1701
1711
1702
1711
1712
1703
1712
1713
1704
1713
1714
1705
1714
1715
1706
1715
1716
1707
1716
1717
1708
1717
1718
1709
1718
1719
1710
1719
1720
1711
1721
1712
1721
1722
1713
1722
1723
1714
1723
1724
1715
1724
1725
1716
1725
1726
1717
1726
1727
1718
1727
1728
1719
1728
1729
1720
1729
1730
1721
1731
1722
1731
1732
1723
1732
1733
1724
1733
1734
1725
1734
1735
1726
1735
1736
1727
1736
1737
1728
1737
1738
1729
1738
1739
1730
1739
1740
1731
1741
1732
1741
1742
1733
1742
1743
1734
1743
1744
1735
1744
1745
1736
1745
1746
1737
1746
1747
1738
1747
1748
1739
1748
1749
1740
1749
1750
1741
1751
1742
1751
1752
1743
1752
1753
1744
1753
1754
1745
1754
1755
1746
1755
1756
1747
1756
1757
1748
1757
1758
1749
1758
1759
1750
1759
1751
1760
1752
1760
1761
1753
1761
1762
1754
1762
1763
1755
1763
1764
1756
1764
1765
1757
1765
1766
1758
1766
1767
1759
1767
1760
1768
1761
1768
1769
1762
1769
1770
1763
1770
1771
1764
1771
1772
1765
1772
1773
1766
1773
1774
1767
1774
1768
1775
1769
1775
1776
1770
1776
1777
1771
1777
1778
1772
1778
1779
1773
1779
1780
1774
1780
1781
1781
1782
1782
1783
1783
1784
1775
1785
1776
1785
1786
1777
1786
1787
1778
1787
1788
1779
1788
1789
1780
1789
1790
1781
1790
1791
1782
1791
1792
1783
1792
1793
1784
1793
1794
1785
1795
1786
1795
1796
1787
1796
1797
1788
1797
1798
1789
1798
1799
1790
1799
1800
1791
1800
1801
1792
1801
1802
1793
1802
1803
1794
1803
1804
1795
1805
1796
1805
1806
1797
1806
1807
1798
1807
1808
1799
1808
1809
1800
1809
1810
1801
1810
1811
1802
1811
1812
1803
1812
1813
1804
1813
1814
1805
1815
1806
1815
1816
1807
1816
1817
1808
1817
1818
1809
1818
1819
1810
1819
1820
1811
1820
1821
1812
1821
1822
1813
1822
1823
1814
1823
1824
1825
1826
1826
1827
1827
1828
1828
1829
1825
1830
1831
1826
1831
1832
1827
1832
1833
1828
1833
1834
1829
1834
1835
1830
1836
1837
1831
1837
1838
1832
1838
1839
1833
1839
1840
1834
1840
1841
1835
1841
1842
1836
1843
1844
1837
1844
1845
1838
1845
1846
1839
1846
1847
1840
1847
1848
1841
1848
1849
1842
1849
1850
1843
1851
1852
1844
1852
1853
1845
1853
1854
1846
1854
1855
1847
1855
1856
1848
1856
1857
1849
1857
1858
1850
1858
1859
1851
1860
1861
1852
1861
1862
1853
1862
1863
1854
1863
1864
1855
1864
1865
1856
1865
1866
1857
1866
1867
1858
1867
1868
1859
1868
1869
1860
1870
1861
1870
1871
1862
1871
1872
1863
1872
1873
1864
1873
1874
1865
1874
1875
1866
1875
1876
1867
1876
1877
1868
1877
1878
1869
1878
1879
1870
1880
1871
1880
1881
1872
1881
1882
1873
1882
1883
1874
1883
1884
1875
1884
1885
1876
1885
1886
1877
1886
1887
1878
1887
1888
1879
1888
1889
1880
1890
1881
1890
1891
1882
1891
1892
1883
1892
1893
1884
1893
1894
1885
1894
1895
1886
1895
1896
1887
1896
1897
1888
1897
1898
1889
1898
1899
1890
1900
1891
1900
1901
1892
1901
1902
1893
1902
1903
1894
1903
1904
1895
1904
1905
1896
1905
1906
1897
1906
1907
1898
1907
1908
1899
1908
1909
1900
1910
1901
1910
1911
1902
1911
1912
1903
1912
1913
1904
1913
1914
1905
1914
1915
1906
1915
1916
1907
1916
1917
1908
1917
1918
1909
1918
1919
1910
1920
1911
1920
1921
1912
1921
1922
1913
1922
1923
1914
1923
1924
1915
1924
1925
1916
1925
1926
1917
1926
1927
1918
1927
1928
1919
1928
1920
1929
1921
1929
1930
1922
1930
1931
1923
1931
1932
1924
1932
1933
1925
1933
1934
1926
1934
1935
1927
1935
1936
1928
1936
1929
1937
1930
1937
1938
1931
1938
1939
1932
1939
1940
1933
1940
1941
1934
1941
1942
1935
1942
1943
1936
1943
1937
1944
1938
1944
1945
1939
1945
1946
1940
1946
1947
1941
1947
1948
1942
1948
1949
1943
1949
1944
1950
1945
1950
1951
1946
1951
1952
1947
1952
1953
1948
1953
1954
1949
1954
1955
1955
1956
1956
1957
1957
1958
1958
1959
1950
1960
1951
1960
1961
1952
1961
1962
1953
1962
1963
1954
1963
1964
1955
1964
1965
1956
1965
1966
1957
1966
1967
1958
1967
1968
1959
1968
1969
1960
1970
1961
1970
1971
1962
1971
1972
1963
1972
1973
1964
1973
1974
1965
1974
1975
1966
1975
1976
1967
1976
1977
1968
1977
1978
1969
1978
1979
1970
1980
1971
1980
1981
1972
1981
1982
1973
1982
1983
1974
1983
1984
1975
1984
1985
1976
1985
1986
1977
1986
1987
1978
1987
1988
1979
1988
1989
1980
1990
1981
1990
1991
1982
1991
1992
1983
1992
1993
1984
1993
1994
1985
1994
1995
1986
1995
1996
1987
1996
1997
1988
1997
1998
1989
1998
1999
2000
2001
2001
2002
2002
2003
2003
2004
2004
2005
2000
2006
2007
2001
2007
2008
2002
2008
2009
2003
2009
2010
2004
2010
2011
2005
2011
2012
2006
2013
2014
2007
2014
2015
2008
2015
2016
2009
2016
2017
2010
2017
2018
2011
2018
2019
2012
2019
2020
2013
2021
2022
2014
2022
2023
2015
2023
2024
2016
2024
2025
2017
2025
2026
2018
2026
2027
2019
2027
2028
2020
2028
2029
2021
2030
2031
2022
2031
2032
2023
2032
2033
2024
2033
2034
2025
2034
2035
2026
2035
2036
2027
2036
2037
2028
2037
2038
2029
2038
2039
2030
2040
2031
2040
2041
2032
2041
2042
2033
2042
2043
2034
2043
2044
2035
2044
2045
2036
2045
2046
2037
2046
2047
2038
2047
2048
2039
2048
2049
2040
2050
2041
2050
2051
2042
2051
2052
2043
2052
2053
2044
2053
2054
2045
2054
2055
2046
2055
2056
2047
2056
2057
2048
2057
2058
2049
2058
2059
2050
2060
2051
2060
2061
2052
2061
2062
2053
2062
2063
2054
2063
2064
2055
2064
2065
2056
2065
2066
2057
2066
2067
2058
2067
2068
2059
2068
2069
2060
2070
2061
2070
2071
2062
2071
2072
2063
2072
2073
2064
2073
2074
2065
2074
2075
2066
2075
2076
2067
2076
2077
2068
2077
2078
2069
2078
2079
2070
2080
2071
2080
2081
2072
2081
2082
2073
2082
2083
2074
2083
2084
2075
2084
2085
2076
2085
2086
2077
2086
2087
2078
2087
2088
2079
2088
2089
2080
2090
2081
2090
2091
2082
2091
2092
2083
2092
2093
2084
2093
2094
2085
2094
2095
2086
2095
2096
2087
2096
2097
2088
2097
2098
2089
2098
2090
2099
2091
2099
2100
2092
2100
2101
2093
2101
2102
2094
2102
2103
2095
2103
2104
2096
2104
2105
2097
2105
2106
2098
2106
2099
2107
2100
2107
2108
2101
2108
2109
2102
2109
2110
2103
2110
2111
2104
2111
2112
2105
2112
2113
2106
2113
2107
2114
2108
2114
2115
2109
2115
2116
2110
2116
2117
2111
2117
2118
2112
2118
2119
2113
2119
2114
2120
2115
2120
2121
2116
2121
2122
2117
2122
2123
2118
2123
2124
2119
2124
2120
2125
2121
2125
2126
2122
2126
2127
2123
2127
2128
2124
2128
2129
2129
2130
2130
2131
2131
2132
2132
2133
2133
2134
2125
2135
2126
2135
2136
2127
2136
2137
2128
2137
2138
2129
2138
2139
2130
2139
2140
2131
2140
2141
2132
2141
2142
2133
2142
2143
2134
2143
2144
2135
2145
2136
2145
2146
2137
2146
2147
2138
2147
2148
2139
2148
2149
2140
2149
2150
2141
2150
2151
2142
2151
2152
2143
2152
2153
2144
2153
2154
2145
2155
2146
2155
2156
2147
2156
2157
2148
2157
2158
2149
2158
2159
2150
2159
2160
2151
2160
2161
2152
2161
2162
2153
2162
2163
2154
2163
2164
2155
2165
2156
2165
2166
2157
2166
2167
2158
2167
2168
2159
2168
2169
2160
2169
2170
2161
2170
2171
2162
2171
2172
2163
2172
2173
2164
2173
2174
2175
2176
2176
2177
2177
2178
2178
2179
2179
2180
2180
2181
2175
2182
2183
2176
2183
2184
2177
2184
2185
2178
2185
2186
2179
2186
2187
2180
2187
2188
2181
2188
2189
2182
2190
2191
2183
2191
2192
2184
2192
2193
2185
2193
2194
2186
2194
2195
2187
2195
2196
2188
2196
2197
2189
2197
2198
2190
2199
2200
2191
2200
2201
2192
2201
2202
2193
2202
2203
2194
2203
2204
2195
2204
2205
2196
2205
2206
2197
2206
2207
2198
2207
2208
2199
2209
2200
2209
2210
2201
2210
2211
2202
2211
2212
2203
2212
2213
2204
2213
2214
2205
2214
2215
2206
2215
2216
2207
2216
2217
2208
2217
2218
2209
2219
2210
2219
2220
2211
2220
2221
2212
2221
2222
2213
2222
2223
2214
2223
2224
2215
2224
2225
2216
2225
2226
2217
2226
2227
2218
2227
2228
2219
2229
2220
2229
2230
2221
2230
2231
2222
2231
2232
2223
2232
2233
2224
2233
2234
2225
2234
2235
2226
2235
2236
2227
2236
2237
2228
2237
2238
2229
2239
2230
2239
2240
2231
2240
2241
2232
2241
2242
2233
2242
2243
2234
2243
2244
2235
2244
2245
2236
2245
2246
2237
2246
2247
2238
2247
2248
2239
2249
2240
2249
2250
2241
2250
2251
2242
2251
2252
2243
2252
2253
2244
2253
2254
2245
2254
2255
2246
2255
2256
2247
2256
2257
2248
2257
2258
2249
2259
2250
2259
2260
2251
2260
2261
2252
2261
2262
2253
2262
2263
2254
2263
2264
2255
2264
2265
2256
2265
2266
2257
2266
2267
2258
2267
2259
2268
2260
2268
2269
2261
2269
2270
2262
2270
2271
2263
2271
2272
2264
2272
2273
2265
2273
2274
2266
2274
2275
2267
2275
2268
2276
2269
2276
2277
2270
2277
2278
2271
2278
2279
2272
2279
2280
2273
2280
2281
2274
2281
2282
2275
2282
2276
2283
2277
2283
2284
2278
2284
2285
2279
2285
2286
2280
2286
2287
2281
2287
2288
2282
2288
2283
2289
2284
2289
2290
2285
2290
2291
2286
2291
2292
2287
2292
2293
2288
2293
2289
2294
2290
2294
2295
2291
2295
2296
2292
2296
2297
2293
2297
2294
2298
2295
2298
2299
2296
2299
2300
2297
2300
2301
2301
2302
2302
2303
2303
2304
2304
2305
2305
2306
2306
2307
2298
2308
2299
2308
2309
2300
2309
2310
2301
2310
2311
2302
2311
2312
2303
2312
2313
2304
2313
2314
2305
2314
2315
2306
2315
2316
2307
2316
2317
2308
2318
2309
2318
2319
2310
2319
2320
2311
2320
2321
2312
2321
2322
2313
2322
2323
2314
2323
2324
2315
2324
2325
2316
2325
2326
2317
2326
2327
2318
2328
2319
2328
2329
2320
2329
2330
2321
2330
2331
2322
2331
2332
2323
2332
2333
2324
2333
2334
2325
2334
2335
2326
2335
2336
2327
2336
2337
2328
2338
2329
2338
2339
2330
2339
2340
2331
2340
2341
2332
2341
2342
2333
2342
2343
2334
2343
2344
2335
2344
2345
2336
2345
2346
2337
2346
2347
2348
2349
2349
2350
2350
2351
2351
2352
2352
2353
2353
2354
2354
2355
2348
2356
2357
2349
2357
2358
2350
2358
2359
2351
2359
2360
2352
2360
2361
2353
2361
2362
2354
2362
2363
2355
2363
2364
2356
2365
2366
2357
2366
2367
2358
2367
2368
2359
2368
2369
2360
2369
2370
2361
2370
2371
2362
2371
2372
2363
2372
2373
2364
2373
2374
2365
2375
2366
2375
2376
2367
2376
2377
2368
2377
2378
2369
2378
2379
2370
2379
2380
2371
2380
2381
2372
2381
2382
2373
2382
2383
2374
2383
2384
2375
2385
2376
2385
2386
2377
2386
2387
2378
2387
2388
2379
2388
2389
2380
2389
2390
2381
2390
2391
2382
2391
2392
2383
2392
2393
2384
2393
2394
2385
2395
2386
2395
2396
2387
2396
2397
2388
2397
2398
2389
2398
2399
2390
2399
2400
2391
2400
2401
2392
2401
2402
2393
2402
2403
2394
2403
2404
2395
2405
2396
2405
2406
2397
2406
2407
2398
2407
2408
2399
2408
2409
2400
2409
2410
2401
2410
2411
2402
2411
2412
2403
2412
2413
2404
2413
2414
2405
2415
2406
2415
2416
2407
2416
2417
2408
2417
2418
2409
2418
2419
2410
2419
2420
2411
2420
2421
2412
2421
2422
2413
2422
2423
2414
2423
2424
2415
2425
2416
2425
2426
2417
2426
2427
2418
2427
2428
2419
2428
2429
2420
2429
2430
2421
2430
2431
2422
2431
2432
2423
2432
2433
2424
2433
2425
2434
2426
2434
2435
2427
2435
2436
2428
2436
2437
2429
2437
2438
2430
2438
2439
2431
2439
2440
2432
2440
2441
2433
2441
2434
2442
2435
2442
2443
2436
2443
2444
2437
2444
2445
2438
2445
2446
2439
2446
2447
2440
2447
2448
2441
2448
2442
2449
2443
2449
2450
2444
2450
2451
2445
2451
2452
2446
2452
2453
2447
2453
2454
2448
2454
2449
2455
2450
2455
2456
2451
2456
2457
2452
2457
2458
2453
2458
2459
2454
2459
2455
2460
2456
2460
2461
2457
2461
2462
2458
2462
2463
2459
2463
2460
2464
2461
2464
2465
2462
2465
2466
2463
2466
2464
2467
2465
2467
2468
2466
2468
2469
2469
2470
2470
2471
2471
2472
2472
2473
2473
2474
2474
2475
2475
2476
2467
2477
2468
2477
2478
2469
2478
2479
2470
2479
2480
2471
2480
2481
2472
2481
2482
2473
2482
2483
2474
2483
2484
2475
2484
2485
2476
2485
2486
2477
2487
2478
2487
2488
2479
2488
2489
2480
2489
2490
2481
2490
2491
2482
2491
2492
2483
2492
2493
2484
2493
2494
2485
2494
2495
2486
2495
2496
2487
2497
2488
2497
2498
2489
2498
2499
2490
2499
2500
2491
2500
2501
2492
2501
2502
2493
2502
2503
2494
2503
2504
2495
2504
2505
2496
2505
2506
2497
2507
2498
2507
2508
2499
2508
2509
2500
2509
2510
2501
2510
2511
2502
2511
2512
2503
2512
2513
2504
2513
2514
2505
2514
2515
2506
2515
2516
2517
2518
2518
2519
2519
2520
2520
2521
2521
2522
2522
2523
2523
2524
2524
2525
2517
2526
2527
2518
2527
2528
2519
2528
2529
2520
2529
2530
2521
2530
2531
2522
2531
2532
2523
2532
2533
2524
2533
2534
2525
2534
2535
2526
2536
2527
2536
2537
2528
2537
2538
2529
2538
2539
2530
2539
2540
2531
2540
2541
2532
2541
2542
2533
2542
2543
2534
2543
2544
2535
2544
2545
2536
2546
2537
2546
2547
2538
2547
2548
2539
2548
2549
2540
2549
2550
2541
2550
2551
2542
2551
2552
2543
2552
2553
2544
2553
2554
2545
2554
2555
2546
2556
2547
2556
2557
2548
2557
2558
2549
2558
2559
2550
2559
2560
2551
2560
2561
2552
2561
2562
2553
2562
2563
2554
2563
2564
2555
2564
2565
2556
2566
2557
2566
2567
2558
2567
2568
2559
2568
2569
2560
2569
2570
2561
2570
2571
2562
2571
2572
2563
2572
2573
2564
2573
2574
2565
2574
2575
2566
2576
2567
2576
2577
2568
2577
2578
2569
2578
2579
2570
2579
2580
2571
2580
2581
2572
2581
2582
2573
2582
2583
2574
2583
2584
2575
2584
2585
2576
2586
2577
2586
2587
2578
2587
2588
2579
2588
2589
2580
2589
2590
2581
2590
2591
2582
2591
2592
2583
2592
2593
2584
2593
2594
2585
2594
2586
2595
2587
2595
2596
2588
2596
2597
2589
2597
2598
2590
2598
2599
2591
2599
2600
2592
2600
2601
2593
2601
2602
2594
2602
2595
2603
2596
2603
2604
2597
2604
2605
2598
2605
2606
2599
2606
2607
2600
2607
2608
2601
2608
2609
2602
2609
2603
2610
2604
2610
2611
2605
2611
2612
2606
2612
2613
2607
2613
2614
2608
2614
2615
2609
2615
2610
2616
2611
2616
2617
2612
2617
2618
2613
2618
2619
2614
2619
2620
2615
2620
2616
2621
2617
2621
2622
2618
2622
2623
2619
2623
2624
2620
2624
2621
2625
2622
2625
2626
2623
2626
2627
2624
2627
2625
2628
2626
2628
2629
2627
2629
2628
2630
2629
2630
2631
2631
2632
2632
2633
2633
2634
2634
2635
2635
2636
2636
2637
2637
2638
2638
2639
2630
2640
2631
2640
2641
2632
2641
2642
2633
2642
2643
2634
2643
2644
2635
2644
2645
2636
2645
2646
2637
2646
2647
2638
2647
2648
2639
2648
2649
2640
2650
2641
2650
2651
2642
2651
2652
2643
2652
2653
2644
2653
2654
2645
2654
2655
2646
2655
2656
2647
2656
2657
2648
2657
2658
2649
2658
2659
2650
2660
2651
2660
2661
2652
2661
2662
2653
2662
2663
2654
2663
2664
2655
2664
2665
2656
2665
2666
2657
2666
2667
2658
2667
2668
2659
2668
2669
2660
2670
2661
2670
2671
2662
2671
2672
2663
2672
2673
2664
2673
2674
2665
2674
2675
2666
2675
2676
2667
2676
2677
2668
2677
2678
2669
2678
2679
2680
2681
2681
2682
2682
2683
2683
2684
2684
2685
2685
2686
2686
2687
2687
2688
2688
2689
2680
2690
2681
2690
2691
2682
2691
2692
2683
2692
2693
2684
2693
2694
2685
2694
2695
2686
2695
2696
2687
2696
2697
2688
2697
2698
2689
2698
2699
2690
2700
2691
2700
2701
2692
2701
2702
2693
2702
2703
2694
2703
2704
2695
2704
2705
2696
2705
2706
2697
2706
2707
2698
2707
2708
2699
2708
2709
2700
2710
2701
2710
2711
2702
2711
2712
2703
2712
2713
2704
2713
2714
2705
2714
2715
2706
2715
2716
2707
2716
2717
2708
2717
2718
2709
2718
2719
2710
2720
2711
2720
2721
2712
2721
2722
2713
2722
2723
2714
2723
2724
2715
2724
2725
2716
2725
2726
2717
2726
2727
2718
2727
2728
2719
2728
2729
2720
2730
2721
2730
2731
2722
2731
2732
2723
2732
2733
2724
2733
2734
2725
2734
2735
2726
2735
2736
2727
2736
2737
2728
2737
2738
2729
2738
2739
2730
2740
2731
2740
2741
2732
2741
2742
2733
2742
2743
2734
2743
2744
2735
2744
2745
2736
2745
2746
2737
2746
2747
2738
2747
2748
2739
2748
2740
2749
2741
2749
2750
2742
2750
2751
2743
2751
2752
2744
2752
2753
2745
2753
2754
2746
2754
2755
2747
2755
2756
2748
2756
2749
2757
2750
2757
2758
2751
2758
2759
2752
2759
2760
2753
2760
2761
2754
2761
2762
2755
2762
2763
2756
2763
2757
2764
2758
2764
2765
2759
2765
2766
2760
2766
2767
2761
2767
2768
2762
2768
2769
2763
2769
2764
2770
2765
2770
2771
2766
2771
2772
2767
2772
2773
2768
2773
2774
2769
2774
2770
2775
2771
2775
2776
2772
2776
2777
2773
2777
2778
2774
2778
2775
2779
2776
2779
2780
2777
2780
2781
2778
2781
2779
2782
2780
2782
2783
2781
2783
2782
2784
2783
2784
2784
2785
2785
2786
2786
2787
2787
2788
2788
2789
2789
2790
2790
2791
2791
2792
2792
2793
2793
2794
2785
2795
2786
2795
2796
2787
2796
2797
2788
2797
2798
2789
2798
2799
2790
2799
2800
2791
2800
2801
2792
2801
2802
2793
2802
2803
2794
2803
2804
2795
2805
2796
2805
2806
2797
2806
2807
2798
2807
2808
2799
2808
2809
2800
2809
2810
2801
2810
2811
2802
2811
2812
2803
2812
2813
2804
2813
2814
2805
2815
2806
2815
2816
2807
2816
2817
2808
2817
2818
2809
2818
2819
2810
2819
2820
2811
2820
2821
2812
2821
2822
2813
2822
2823
2814
2823
2824
2815
2825
2816
2825
2826
2817
2826
2827
2818
2827
2828
2819
2828
2829
2820
2829
2830
2821
2830
2831
2822
2831
2832
2823
2832
2833
2824
2833
2834
2835
2835
2836
2836
2837
2837
2838
2838
2839
2839
2840
2840
2841
2841
2842
2842
2843
2843
2844
2835
2845
2836
2845
2846
2837
2846
2847
2838
2847
2848
2839
2848
2849
2840
2849
2850
2841
2850
2851
2842
2851
2852
2843
2852
2853
2844
2853
2854
2845
2855
2846
2855
2856
2847
2856
2857
2848
2857
2858
2849
2858
2859
2850
2859
2860
2851
2860
2861
2852
2861
2862
2853
2862
2863
2854
2863
2864
2855
2865
2856
2865
2866
2857
2866
2867
2858
2867
2868
2859
2868
2869
2860
2869
2870
2861
2870
2871
2862
2871
2872
2863
2872
2873
2864
2873
2874
2865
2875
2866
2875
2876
2867
2876
2877
2868
2877
2878
2869
2878
2879
2870
2879
2880
2871
2880
2881
2872
2881
2882
2873
2882
2883
2874
2883
2884
2875
2885
2876
2885
2886
2877
2886
2887
2878
2887
2888
2879
2888
2889
2880
2889
2890
2881
2890
2891
2882
2891
2892
2883
2892
2893
2884
2893
2885
2894
2886
2894
2895
2887
2895
2896
2888
2896
2897
2889
2897
2898
2890
2898
2899
2891
2899
2900
2892
2900
2901
2893
2901
2894
2902
2895
2902
2903
2896
2903
2904
2897
2904
2905
2898
2905
2906
2899
2906
2907
2900
2907
2908
2901
2908
2902
2909
2903
2909
2910
2904
2910
2911
2905
2911
2912
2906
2912
2913
2907
2913
2914
2908
2914
2909
2915
2910
2915
2916
2911
2916
2917
2912
2917
2918
2913
2918
2919
2914
2919
2915
2920
2916
2920
2921
2917
2921
2922
2918
2922
2923
2919
2923
2920
2924
2921
2924
2925
2922
2925
2926
2923
2926
2924
2927
2925
2927
2928
2926
2928
2927
2929
2928
2929
2929
2930
2930
2931
2931
2932
2932
2933
2933
2934
2934
2935
2935
2936
2936
2937
2937
2938
2938
2939
2930
2940
2931
2940
2941
2932
2941
2942
2933
2942
2943
2934
2943
2944
2935
2944
2945
2936
2945
2946
2937
2946
2947
2938
2947
2948
2939
2948
2949
2940
2950
2941
2950
2951
2942
2951
2952
2943
2952
2953
2944
2953
2954
2945
2954
2955
2946
2955
2956
2947
2956
2957
2948
2957
2958
2949
2958
2959
2950
2960
2951
2960
2961
2952
2961
2962
2953
2962
2963
2954
2963
2964
2955
2964
2965
2956
2965
2966
2957
2966
2967
2958
2967
2968
2959
2968
2969
2960
2970
2961
2970
2971
2962
2971
2972
2963
2972
2973
2964
2973
2974
2965
2974
2975
2966
2975
2976
2967
2976
2977
2968
2977
2978
2969
2978
2979
2980
2980
2981
2981
2982
2982
2983
2983
2984
2984
2985
2985
2986
2986
2987
2987
2988
2988
2989
2980
2990
2981
2990
2991
2982
2991
2992
2983
2992
2993
2984
2993
2994
2985
2994
2995
2986
2995
2996
2987
2996
2997
2988
2997
2998
2989
2998
2999
2990
3000
2991
3000
3001
2992
3001
3002
2993
3002
3003
2994
3003
3004
2995
3004
3005
2996
3005
3006
2997
3006
3007
2998
3007
3008
2999
3008
3009
3000
3010
3001
3010
3011
3002
3011
3012
3003
3012
3013
3004
3013
3014
3005
3014
3015
3006
3015
3016
3007
3016
3017
3008
3017
3018
3009
3018
3019
3010
3020
3011
3020
3021
3012
3021
3022
3013
3022
3023
3014
3023
3024
3015
3024
3025
3016
3025
3026
3017
3026
3027
3018
3027
3028
3019
3028
3029
3020
3030
3021
3030
3031
3022
3031
3032
3023
3032
3033
3024
3033
3034
3025
3034
3035
3026
3035
3036
3027
3036
3037
3028
3037
3030
3038
3031
3038
3039
3032
3039
3040
3033
3040
3041
3034
3041
3042
3035
3042
3043
3036
3043
3044
3037
3044
3038
3045
3039
3045
3046
3040
3046
3047
3041
3047
3048
3042
3048
3049
3043
3049
3050
3044
3050
3045
3051
3046
3051
3052
3047
3052
3053
3048
3053
3054
3049
3054
3055
3050
3055
3051
3056
3052
3056
3057
3053
3057
3058
3054
3058
3059
3055
3059
3056
3060
3057
3060
3061
3058
3061
3062
3059
3062
3060
3063
3061
3063
3064
3062
3064
3063
3065
3064
3065
3065
3067
3067
3068
3068
3069
3069
3070
3070
3071
3071
3072
3072
3073
3073
3074
3074
3075
3066
3075
3076
3067
3077
3068
3077
3078
3069
3078
3079
3070
3079
3080
3071
3080
3081
3072
3081
3082
3073
3082
3083
3074
3083
3084
3075
3084
3085
3076
3085
3086
3077
3087
3078
3087
3088
3079
3088
3089
3080
3089
3090
3081
3090
3091
3082
3091
3092
3083
3092
3093
3084
3093
3094
3085
3094
3095
3086
3095
3096
3087
3097
3088
3097
3098
3089
3098
3099
3090
3099
3100
3091
3100
3101
3092
3101
3102
3093
3102
3103
3094
3103
3104
3095
3104
3105
3096
3105
3106
3097
3107
3098
3107
3108
3099
3108
3109
3100
3109
3110
3101
3110
3111
3102
3111
3112
3103
3112
3113
3104
3113
3114
3105
3114
3115
3106
3115
3116
3116
3117
3117
3118
3118
3119
3119
3120
3120
3121
3121
3122
3122
3123
3123
3124
3124
3125
3116
3126
3117
3126
3127
3118
3127
3128
3119
3128
3129
3120
3129
3130
3121
3130
3131
3122
3131
3132
3123
3132
3133
3124
3133
3134
3125
3134
3135
3126
3136
3127
3136
3137
3128
3137
3138
3129
3138
3139
3130
3139
3140
3131
3140
3141
3132
3141
3142
3133
3142
3143
3134
3143
3144
3135
3144
3145
3136
3146
3137
3146
3147
3138
3147
3148
3139
3148
3149
3140
3149
3150
3141
3150
3151
3142
3151
3152
3143
3152
3153
3144
3153
3154
3145
3154
3155
3146
3156
3147
3156
3157
3148
3157
3158
3149
3158
3159
3150
3159
3160
3151
3160
3161
3152
3161
3162
3153
3162
3163
3154
3163
3164
3155
3164
3165
3156
3166
3157
3166
3167
3158
3167
3168
3159
3168
3169
3160
3169
3170
3161
3170
3171
3162
3171
3172
3163
3172
3166
3173
3167
3173
3174
3168
3174
3175
3169
3175
3176
3170
3176
3177
3171
3177
3178
3172
3178
3173
3179
3174
3179
3180
3175
3180
3181
3176
3181
3182
3177
3182
3183
3178
3183
3179
3184
3180
3184
3185
3181
3185
3186
3182
3186
3187
3183
3187
3184
3188
3185
3188
3189
3186
3189
3190
3187
3190
3188
3191
3189
3191
3192
3190
3192
3191
3193
3192
3193
3193
3194
3195
3196
3197
3197
3198
3198
3199
3199
3200
3200
3201
3201
3202
3202
3203
3203
3204
3195
3204
3205
3196
3205
3206
3197
3207
3198
3207
3208
3199
3208
3209
3200
3209
3210
3201
3210
3211
3202
3211
3212
3203
3212
3213
3204
3213
3214
3205
3214
3215
3206
3215
3216
3207
3217
3208
3217
3218
3209
3218
3219
3210
3219
3220
3211
3220
3221
3212
3221
3222
3213
3222
3223
3214
3223
3224
3215
3224
3225
3216
3225
3226
3217
3227
3218
3227
3228
3219
3228
3229
3220
3229
3230
3221
3230
3231
3222
3231
3232
3223
3232
3233
3224
3233
3234
3225
3234
3235
3226
3235
3227
3236
3228
3236
3237
3229
3237
3238
3230
3238
3239
3231
3239
3240
3232
3240
3241
3233
3241
3242
3234
3242
3243
3235
3243
3244
3244
3245
3245
3246
3246
3247
3247
3248
3248
3249
3249
3250
3250
3251
3251
3252
3252
3253
3244
3254
3245
3254
3255
3246
3255
3256
3247
3256
3257
3248
3257
3258
3249
3258
3259
3250
3259
3260
3251
3260
3261
3252
3261
3262
3253
3262
3263
3254
3264
3255
3264
3265
3256
3265
3266
3257
3266
3267
3258
3267
3268
3259
3268
3269
3260
3269
3270
3261
3270
3271
3262
3271
3272
3263
3272
3273
3264
3274
3265
3274
3275
3266
3275
3276
3267
3276
3277
3268
3277
3278
3269
3278
3279
3270
3279
3280
3271
3280
3281
3272
3281
3282
3273
3282
3283
3274
3284
3275
3284
3285
3276
3285
3286
3277
3286
3287
3278
3287
3288
3279
3288
3289
3280
3289
3290
3281
3290
3291
3282
3291
3292
3283
3292
3293
3284
3294
3285
3294
3295
3286
3295
3296
3287
3296
3297
3288
3297
3298
3289
3298
3299
3290
3299
3294
3300
3295
3300
3301
3296
3301
3302
3297
3302
3303
3298
3303
3304
3299
3304
3300
3305
3301
3305
3306
3302
3306
3307
3303
3307
3308
3304
3308
3305
3309
3306
3309
3310
3307
3310
3311
3308
3311
3309
3312
3310
3312
3313
3311
3313
3312
3314
3313
3314
3314
3315
3316
3317
3316
3318
3319
3317
3319
3320
3321
3321
3322
3322
3323
3323
3324
3324
3325
3325
3326
3326
3327
3318
3327
3328
3319
3328
3329
3320
3329
3330
3321
3331
3322
3331
3332
3323
3332
3333
3324
3333
3334
3325
3334
3335
3326
3335
3336
3327
3336
3337
3328
3337
3338
3329
3338
3339
3330
3339
3340
3331
3341
3332
3341
3342
3333
3342
3343
3334
3343
3344
3335
3344
3345
3336
3345
3346
3337
3346
3347
3338
3347
3348
3339
3348
3349
3340
3349
3341
3350
3342
3350
3351
3343
3351
3352
3344
3352
3353
3345
3353
3354
3346
3354
3355
3347
3355
3356
3348
3356
3357
3349
3357
3350
3358
3351
3358
3359
3352
3359
3360
3353
3360
3361
3354
3361
3362
3355
3362
3363
3356
3363
3364
3357
3364
3365
3365
3366
3366
3367
3367
3368
3368
3369
3369
3370
3370
3371
3371
3372
3372
3373
3373
3374
3365
3375
3366
3375
3376
3367
3376
3377
3368
3377
3378
3369
3378
3379
3370
3379
3380
3371
3380
3381
3372
3381
3382
3373
3382
3383
3374
3383
3384
3375
3385
3376
3385
3386
3377
3386
3387
3378
3387
3388
3379
3388
3389
3380
3389
3390
3381
3390
3391
3382
3391
3392
3383
3392
3393
3384
3393
3394
3385
3395
3386
3395
3396
3387
3396
3397
3388
3397
3398
3389
3398
3399
3390
3399
3400
3391
3400
3401
3392
3401
3402
3393
3402
3403
3394
3403
3404
3395
3405
3396
3405
3406
3397
3406
3407
3398
3407
3408
3399
3408
3409
3400
3409
3410
3401
3410
3411
3402
3411
3412
3403
3412
3413
3404
3413
3414
3405
3415
3406
3415
3416
3407
3416
3417
3408
3417
3418
3409
3418
3419
3410
3419
3415
3420
3416
3420
3421
3417
3421
3422
3418
3422
3423
3419
3423
3420
3424
3421
3424
3425
3422
3425
3426
3423
3426
3424
3427
3425
3427
3428
3426
3428
3427
3429
3428
3429
3429
3430
3431
3432
3431
3433
3434
3432
3434
3435
3433
3436
3437
3434
3437
3438
3435
3438
3439
3440
3440
3441
3441
3442
3442
3443
3443
3444
3444
3445
3436
3445
3446
3437
3446
3447
3438
3447
3448
3439
3448
3449
3440
3450
3441
3450
3451
3442
3451
3452
3443
3452
3453
3444
3453
3454
3445
3454
3455
3446
3455
3456
3447
3456
3457
3448
3457
3458
3449
3458
3450
3459
3451
3459
3460
3452
3460
3461
3453
3461
3462
3454
3462
3463
3455
3463
3464
3456
3464
3465
3457
3465
3466
3458
3466
3459
3467
3460
3467
3468
3461
3468
3469
3462
3469
3470
3463
3470
3471
3464
3471
3472
3465
3472
3473
3466
3473
3467
3474
3468
3474
3475
3469
3475
3476
3470
3476
3477
3471
3477
3478
3472
3478
3479
3473
3479
3480
3480
3481
3481
3482
3482
3483
3483
3484
3484
3485
3485
3486
3486
3487
3487
3488
3488
3489
3480
3490
3481
3490
3491
3482
3491
3492
3483
3492
3493
3484
3493
3494
3485
3494
3495
3486
3495
3496
3487
3496
3497
3488
3497
3498
3489
3498
3499
3490
3500
3491
3500
3501
3492
3501
3502
3493
3502
3503
3494
3503
3504
3495
3504
3505
3496
3505
3506
3497
3506
3507
3498
3507
3508
3499
3508
3509
3500
3510
3501
3510
3511
3502
3511
3512
3503
3512
3513
3504
3513
3514
3505
3514
3515
3506
3515
3516
3507
3516
3517
3508
3517
3518
3509
3518
3519
3510
3520
3511
3520
3521
3512
3521
3522
3513
3522
3523
3514
3523
3524
3515
3524
3525
3516
3525
3526
3517
3526
3527
3518
3527
3528
3519
3528
3529
3520
3530
3521
3530
3531
3522
3531
3532
3523
3532
3533
3524
3533
3530
3534
3531
3534
3535
3532
3535
3536
3533
3536
3534
3537
3535
3537
3538
3536
3538
3537
3539
3538
3539
3539
3540
3541
3542
3541
3543
3544
3542
3544
3545
3543
3546
3547
3544
3547
3548
3545
3548
3549
3546
3550
3551
3547
3551
3552
3548
3552
3553
3549
3553
3554
3555
3555
3556
3556
3557
3557
3558
3558
3559
3550
3559
3560
3551
3560
3561
3552
3561
3562
3553
3562
3563
3554
3563
3555
3564
3556
3564
3565
3557
3565
3566
3558
3566
3567
3559
3567
3568
3560
3568
3569
3561
3569
3570
3562
3570
3571
3563
3571
3564
3572
3565
3572
3573
3566
3573
3574
3567
3574
3575
3568
3575
3576
3569
3576
3577
3570
3577
3578
3571
3578
3572
3579
3573
3579
3580
3574
3580
3581
3575
3581
3582
3576
3582
3583
3577
3583
3584
3578
3584
3579
3585
3580
3585
3586
3581
3586
3587
3582
3587
3588
3583
3588
3589
3584
3589
3590
3590
3591
3591
3592
3592
3593
3593
3594
3594
3595
3595
3596
3596
3597
3597
3598
3598
3599
3590
3600
3591
3600
3601
3592
3601
3602
3593
3602
3603
3594
3603
3604
3595
3604
3605
3596
3605
3606
3597
3606
3607
3598
3607
3608
3599
3608
3609
3600
3610
3601
3610
3611
3602
3611
3612
3603
3612
3613
3604
3613
3614
3605
3614
3615
3606
3615
3616
3607
3616
3617
3608
3617
3618
3609
3618
3619
3610
3620
3611
3620
3621
3612
3621
3622
3613
3622
3623
3614
3623
3624
3615
3624
3625
3616
3625
3626
3617
3626
3627
3618
3627
3628
3619
3628
3629
3620
3630
3621
3630
3631
3622
3631
3632
3623
3632
3633
3624
3633
3634
3625
3634
3635
3626
3635
3636
3627
3636
3637
3628
3637
3638
3629
3638
3639
3630
3640
3631
3640
3641
3632
3641
3642
3633
3642
3640
3643
3641
3643
3644
3642
3644
3643
3645
3644
3645
3645
3646
3647
3648
3647
3649
3650
3648
3650
3651
3649
3652
3653
3650
3653
3654
3651
3654
3655
3652
3656
3657
3653
3657
3658
3654
3658
3659
3655
3659
3660
3656
3661
3662
3657
3662
3663
3658
3663
3664
3659
3664
3665
3660
3665
3666
3666
3667
3667
3668
3668
3669
3661
3669
3670
3662
3670
3671
3663
3671
3672
3664
3672
3673
3665
3673
3666
3674
3667
3674
3675
3668
3675
3676
3669
3676
3677
3670
3677
3678
3671
3678
3679
3672
3679
3680
3673
3680
3674
3681
3675
3681
3682
3676
3682
3683
3677
3683
3684
3678
3684
3685
3679
3685
3686
3680
3686
3681
3687
3682
3687
3688
3683
3688
3689
3684
3689
3690
3685
3690
3691
3686
3691
3687
3692
3688
3692
3693
3689
3693
3694
3690
3694
3695
3691
3695
3696
3696
3697
3697
3698
3698
3699
3699
3700
3700
3701
3701
3702
3702
3703
3703
3704
3704
3705
3696
3706
3697
3706
3707
3698
3707
3708
3699
3708
3709
3700
3709
3710
3701
3710
3711
3702
3711
3712
3703
3712
3713
3704
3713
3714
3705
3714
3715
3706
3716
3707
3716
3717
3708
3717
3718
3709
3718
3719
3710
3719
3720
3711
3720
3721
3712
3721
3722
3713
3722
3723
3714
3723
3724
3715
3724
3725
3716
3726
3717
3726
3727
3718
3727
3728
3719
3728
3729
3720
3729
3730
3721
3730
3731
3722
3731
3732
3723
3732
3733
3724
3733
3734
3725
3734
3735
3726
3736
3727
3736
3737
3728
3737
3738
3729
3738
3739
3730
3739
3740
3731
3740
3741
3732
3741
3742
3733
3742
3743
3734
3743
3744
3735
3744
3745
3736
3746
3737
3746
3747
3738
3747
3746
3748
3747
3748
3748
3749
3750
3751
3750
3752
3753
3751
3753
3754
3752
3755
3756
3753
3756
3757
3754
3757
3758
3755
3759
3760
3756
3760
3761
3757
3761
3762
3758
3762
3763
3759
3764
3765
3760
3765
3766
3761
3766
3767
3762
3767
3768
3763
3768
3764
3769
3770
3765
3770
3771
3766
3771
3772
3767
3772
3773
3768
3773
3774
3774
3775
3775
3776
3769
3776
3777
3770
3777
3778
3771
3778
3779
3772
3779
3780
3773
3780
3774
3781
3775
3781
3782
3776
3782
3783
3777
3783
3784
3778
3784
3785
3779
3785
3786
3780
3786
3781
3787
3782
3787
3788
3783
3788
3789
3784
3789
3790
3785
3790
3791
3786
3791
3787
3792
3788
3792
3793
3789
3793
3794
3790
3794
3795
3791
3795
3792
3796
3793
3796
3797
3794
3797
3798
3795
3798
3799
3799
3800
3800
3801
3801
3802
3802
3803
3803
3804
3804
3805
3805
3806
3806
3807
3807
3808
3799
3809
3800
3809
3810
3801
3810
3811
3802
3811
3812
3803
3812
3813
3804
3813
3814
3805
3814
3815
3806
3815
3816
3807
3816
3817
3808
3817
3818
3809
3819
3810
3819
3820
3811
3820
3821
3812
3821
3822
3813
3822
3823
3814
3823
3824
3815
3824
3825
3816
3825
3826
3817
3826
3827
3818
3827
3828
3819
3829
3820
3829
3830
3821
3830
3831
3822
3831
3832
3823
3832
3833
3824
3833
3834
3825
3834
3835
3826
3835
3836
3827
3836
3837
3828
3837
3838
3829
3839
3830
3839
3840
3831
3840
3841
3832
3841
3842
3833
3842
3843
3834
3843
3844
3835
3844
3845
3836
3845
3846
3837
3846
3847
3838
3847
3848
3839
3849
3840
3849
3849
3850
3851
3852
3851
3853
3854
3852
3854
3855
3853
3856
3857
3854
3857
3858
3855
3858
3859
3856
3860
3861
3857
3861
3862
3858
3862
3863
3859
3863
3864
3860
3865
3866
3861
3866
3867
3862
3867
3868
3863
3868
3869
3864
3869
3865
3870
3871
3866
3871
3872
3867
3872
3873
3868
3873
3874
3869
3874
3870
3875
3876
3871
3876
3877
3872
3877
3878
3873
3878
3879
3874
3879
3880
3880
3881
3875
3881
3882
3876
3882
3883
3877
3883
3884
3878
3884
3885
3879
3885
3880
3886
3881
3886
3887
3882
3887
3888
3883
3888
3889
3884
3889
3890
3885
3890
3886
3891
3887
3891
3892
3888
3892
3893
3889
3893
3894
3890
3894
3891
3895
3892
3895
3896
3893
3896
3897
3894
3897
3895
3898
3896
3898
3899
3897
3899
3900
3900
3901
3901
3902
3902
3903
3903
3904
3904
3905
3905
3906
3906
3907
3907
3908
3908
3909
3900
3910
3901
3910
3911
3902
3911
3912
3903
3912
3913
3904
3913
3914
3905
3914
3915
3906
3915
3916
3907
3916
3917
3908
3917
3918
3909
3918
3919
3910
3920
3911
3920
3921
3912
3921
3922
3913
3922
3923
3914
3923
3924
3915
3924
3925
3916
3925
3926
3917
3926
3927
3918
3927
3928
3919
3928
3929
3920
3930
3921
3930
3931
3922
3931
3932
3923
3932
3933
3924
3933
3934
3925
3934
3935
3926
3935
3936
3927
3936
3937
3928
3937
3938
3929
3938
3939
3930
3940
3931
3940
3941
3932
3941
3942
3933
3942
3943
3934
3943
3944
3935
3944
3945
3936
3945
3946
3937
3946
3947
3938
3947
3948
3939
3948
3949
3940
3950
3951
3952
3951
3953
3954
3952
3954
3955
3953
3956
3957
3954
3957
3958
3955
3958
3959
3956
3960
3961
3957
3961
3962
3958
3962
3963
3959
3963
3964
3960
3965
3966
3961
3966
3967
3962
3967
3968
3963
3968
3969
3964
3969
3965
3970
3971
3966
3971
3972
3967
3972
3973
3968
3973
3974
3969
3974
3970
3975
3976
3971
3976
3977
3972
3977
3978
3973
3978
3979
3974
3979
3975
3980
3981
3976
3981
3982
3977
3982
3983
3978
3983
3984
3979
3984
3985
3980
3985
3986
3981
3986
3987
3982
3987
3988
3983
3988
3989
3984
3989
3985
3990
3986
3990
3991
3987
3991
3992
3988
3992
3993
3989
3993
3990
3994
3991
3994
3995
3992
3995
3996
3993
3996
3994
3997
3995
3997
3998
3996
3998
3997
3999
3998
3999
4000
4000
4001
4001
4002
4002
4003
4003
4004
4004
4005
4005
4006
4006
4007
4007
4008
4008
4009
4000
4010
4001
4010
4011
4002
4011
4012
4003
4012
4013
4004
4013
4014
4005
4014
4015
4006
4015
4016
4007
4016
4017
4008
4017
4018
4009
4018
4019
4010
4020
4011
4020
4021
4012
4021
4022
4013
4022
4023
4014
4023
4024
4015
4024
4025
4016
4025
4026
4017
4026
4027
4018
4027
4028
4019
4028
4029
4020
4030
4021
4030
4031
4022
4031
4032
4023
4032
4033
4024
4033
4034
4025
4034
4035
4026
4035
4036
4027
4036
4037
4028
4037
4038
4029
4038
4039
4030
4040
4031
4040
4041
4032
4041
4042
4033
4042
4043
4034
4043
4044
4035
4044
4045
4036
4045
4046
4037
4046
4047
4038
4047
4048
4039
4048
4049
4050
4051
4052
4051
4053
4054
4052
4054
4055
4053
4056
4057
4054
4057
4058
4055
4058
4059
4056
4060
4061
4057
4061
4062
4058
4062
4063
4059
4063
4064
4060
4065
4066
4061
4066
4067
4062
4067
4068
4063
4068
4069
4064
4069
4065
4070
4071
4066
4071
4072
4067
4072
4073
4068
4073
4074
4069
4074
4070
4075
4076
4071
4076
4077
4072
4077
4078
4073
4078
4079
4074
4079
4075
4080
4081
4076
4081
4082
4077
4082
4083
4078
4083
4084
4079
4084
4080
4085
4086
4081
4086
4087
4082
4087
4088
4083
4088
4089
4084
4089
4085
4090
4086
4090
4091
4087
4091
4092
4088
4092
4093
4089
4093
4090
4094
4091
4094
4095
4092
4095
4096
4093
4096
4094
4097
4095
4097
4098
4096
4098
4097
4099
4098
4099
4099
4100
4100
4101
4101
4102
4102
4103
4103
4104
4104
4105
4105
4106
4106
4107
4107
4108
4108
4109
4100
4110
4101
4110
4111
4102
4111
4112
4103
4112
4113
4104
4113
4114
4105
4114
4115
4106
4115
4116
4107
4116
4117
4108
4117
4118
4109
4118
4119
4110
4120
4111
4120
4121
4112
4121
4122
4113
4122
4123
4114
4123
4124
4115
4124
4125
4116
4125
4126
4117
4126
4127
4118
4127
4128
4119
4128
4129
4120
4130
4121
4130
4131
4122
4131
4132
4123
4132
4133
4124
4133
4134
4125
4134
4135
4126
4135
4136
4127
4136
4137
4128
4137
4138
4129
4138
4139
4130
4140
4131
4140
4141
4132
4141
4142
4133
4142
4143
4134
4143
4144
4135
4144
4145
4136
4145
4146
4137
4146
4147
4138
4147
4148
4139
4148
4149
4149
4150
4151
4150
4152
4153
4151
4153
4154
4152
4155
4156
4153
4156
4157
4154
4157
4158
4155
4159
4160
4156
4160
4161
4157
4161
4162
4158
4162
4163
4159
4164
4165
4160
4165
4166
4161
4166
4167
4162
4167
4168
4163
4168
4164
4169
4170
4165
4170
4171
4166
4171
4172
4167
4172
4173
4168
4173
4169
4174
4175
4170
4175
4176
4171
4176
4177
4172
4177
4178
4173
4178
4174
4179
4180
4175
4180
4181
4176
4181
4182
4177
4182
4183
4178
4183
4179
4184
4185
4180
4185
4186
4181
4186
4187
4182
4187
4188
4183
4188
4184
4189
4185
4189
4190
4186
4190
4191
4187
4191
4192
4188
4192
4189
4193
4190
4193
4194
4191
4194
4195
4192
4195
4193
4196
4194
4196
4197
4195
4197
4196
4198
4197
4198
4198
4199
4199
4200
4200
4201
4201
4202
4202
4203
4203
4204
4204
4205
4205
4206
4206
4207
4207
4208
4199
4209
4200
4209
4210
4201
4210
4211
4202
4211
4212
4203
4212
4213
4204
4213
4214
4205
4214
4215
4206
4215
4216
4207
4216
4217
4208
4217
4218
4209
4219
4210
4219
4220
4211
4220
4221
4212
4221
4222
4213
4222
4223
4214
4223
4224
4215
4224
4225
4216
4225
4226
4217
4226
4227
4218
4227
4228
4219
4229
4220
4229
4230
4221
4230
4231
4222
4231
4232
4223
4232
4233
4224
4233
4234
4225
4234
4235
4226
4235
4236
4227
4236
4237
4228
4237
4238
4229
4239
4230
4239
4240
4231
4240
4241
4232
4241
4242
4233
4242
4243
4234
4243
4244
4235
4244
4245
4236
4245
4246
4237
4246
4247
4238
4247
4248
4247
4249
4250
4248
4250
4251
4249
4252
4253
4250
4253
4254
4251
4254
4255
4252
4256
4257
4253
4257
4258
4254
4258
4259
4255
4259
4260
4256
4261
4262
4257
4262
4263
4258
4263
4264
4259
4264
4265
4260
4265
4261
4266
4267
4262
4267
4268
4263
4268
4269
4264
4269
4270
4265
4270
4266
4271
4272
4267
4272
4273
4268
4273
4274
4269
4274
4275
4270
4275
4271
4276
4277
4272
4277
4278
4273
4278
4279
4274
4279
4280
4275
4280
4276
4281
4282
4277
4282
4283
4278
4283
4284
4279
4284
4285
4280
4285
4281
4286
4282
4286
4287
4283
4287
4288
4284
4288
4289
4285
4289
4286
4290
4287
4290
4291
4288
4291
4292
4289
4292
4290
4293
4291
4293
4294
4292
4294
4293
4295
4294
4295
4295
4296
4296
4297
4297
4298
4298
4299
4299
4300
4300
4301
4301
4302
4302
4303
4303
4304
4304
4305
4296
4306
4297
4306
4307
4298
4307
4308
4299
4308
4309
4300
4309
4310
4301
4310
4311
4302
4311
4312
4303
4312
4313
4304
4313
4314
4305
4314
4315
4306
4316
4307
4316
4317
4308
4317
4318
4309
4318
4319
4310
4319
4320
4311
4320
4321
4312
4321
4322
4313
4322
4323
4314
4323
4324
4315
4324
4325
4316
4326
4317
4326
4327
4318
4327
4328
4319
4328
4329
4320
4329
4330
4321
4330
4331
4322
4331
4332
4323
4332
4333
4324
4333
4334
4325
4334
4335
4326
4336
4327
4336
4337
4328
4337
4338
4329
4338
4339
4330
4339
4340
4331
4340
4341
4332
4341
4342
4333
4342
4343
4334
4343
4344
4335
4344
4345
4343
4346
4347
4344
4347
4348
4345
4348
4349
4346
4350
4351
4347
4351
4352
4348
4352
4353
4349
4353
4354
4350
4355
4356
4351
4356
4357
4352
4357
4358
4353
4358
4359
4354
4359
4355
4360
4361
4356
4361
4362
4357
4362
4363
4358
4363
4364
4359
4364
4360
4365
4366
4361
4366
4367
4362
4367
4368
4363
4368
4369
4364
4369
4365
4370
4371
4366
4371
4372
4367
4372
4373
4368
4373
4374
4369
4374
4370
4375
4376
4371
4376
4377
4372
4377
4378
4373
4378
4379
4374
4379
4375
4380
4376
4380
4381
4377
4381
4382
4378
4382
4383
4379
4383
4380
4384
4381
4384
4385
4382
4385
4386
4383
4386
4384
4387
4385
4387
4388
4386
4388
4387
4389
4388
4389
4389
4390
4390
4391
4391
4392
4392
4393
4393
4394
4394
4395
4395
4396
4396
4397
4397
4398
4398
4399
4390
4400
4391
4400
4401
4392
4401
4402
4393
4402
4403
4394
4403
4404
4395
4404
4405
4396
4405
4406
4397
4406
4407
4398
4407
4408
4399
4408
4409
4400
4410
4401
4410
4411
4402
4411
4412
4403
4412
4413
4404
4413
4414
4405
4414
4415
4406
4415
4416
4407
4416
4417
4408
4417
4418
4409
4418
4419
4410
4420
4411
4420
4421
4412
4421
4422
4413
4422
4423
4414
4423
4424
4415
4424
4425
4416
4425
4426
4417
4426
4427
4418
4427
4428
4419
4428
4429
4420
4430
4421
4430
4431
4422
4431
4432
4423
4432
4433
4424
4433
4434
4425
4434
4435
4426
4435
4436
4427
4436
4437
4428
4437
4438
4429
4438
4439
4436
4440
4441
4437
4441
4442
4438
4442
4443
4439
4443
4444
4440
4445
4446
4441
4446
4447
4442
4447
4448
4443
4448
4449
4444
4449
4445
4450
4451
4446
4451
4452
4447
4452
4453
4448
4453
4454
4449
4454
4450
4455
4456
4451
4456
4457
4452
4457
4458
4453
4458
4459
4454
4459
4455
4460
4461
4456
4461
4462
4457
4462
4463
4458
4463
4464
4459
4464
4460
4465
4466
4461
4466
4467
4462
4467
4468
4463
4468
4469
4464
4469
4465
4470
4466
4470
4471
4467
4471
4472
4468
4472
4473
4469
4473
4470
4474
4471
4474
4475
4472
4475
4476
4473
4476
4474
4477
4475
4477
4478
4476
4478
4477
4479
4478
4479
4479
4480
4480
4481
4481
4482
4482
4483
4483
4484
4484
4485
4485
4486
4486
4487
4487
4488
4488
4489
4480
4490
4481
4490
4491
4482
4491
4492
4483
4492
4493
4484
4493
4494
4485
4494
4495
4486
4495
4496
4487
4496
4497
4488
4497
4498
4489
4498
4499
4490
4500
4491
4500
4501
4492
4501
4502
4493
4502
4503
4494
4503
4504
4495
4504
4505
4496
4505
4506
4497
4506
4507
4498
4507
4508
4499
4508
4509
4500
4510
4501
4510
4511
4502
4511
4512
4503
4512
4513
4504
4513
4514
4505
4514
4515
4506
4515
4516
4507
4516
4517
4508
4517
4518
4509
4518
4519
4510
4520
4511
4520
4521
4512
4521
4522
4513
4522
4523
4514
4523
4524
4515
4524
4525
4516
4525
4526
4517
4526
4527
4518
4527
4528
4519
4528
4529
4525
4530
4531
4526
4531
4532
4527
4532
4533
4528
4533
4534
4529
4534
4530
4535
4536
4531
4536
4537
4532
4537
4538
4533
4538
4539
4534
4539
4535
4540
4541
4536
4541
4542
4537
4542
4543
4538
4543
4544
4539
4544
4540
4545
4546
4541
4546
4547
4542
4547
4548
4543
4548
4549
4544
4549
4545
4550
4551
4546
4551
4552
4547
4552
4553
4548
4553
4554
4549
4554
4550
4555
4551
4555
4556
4552
4556
4557
4553
4557
4558
4554
4558
4555
4559
4556
4559
4560
4557
4560
4561
4558
4561
4559
4562
4560
4562
4563
4561
4563
4562
4564
4563
4564
4564
4565
4565
4566
4566
4567
4567
4568
4568
4569
4569
4570
4570
4571
4571
4572
4572
4573
4573
4574
4565
4575
4566
4575
4576
4567
4576
4577
4568
4577
4578
4569
4578
4579
4570
4579
4580
4571
4580
4581
4572
4581
4582
4573
4582
4583
4574
4583
4584
4575
4585
4576
4585
4586
4577
4586
4587
4578
4587
4588
4579
4588
4589
4580
4589
4590
4581
4590
4591
4582
4591
4592
4583
4592
4593
4584
4593
4594
4585
4595
4586
4595
4596
4587
4596
4597
4588
4597
4598
4589
4598
4599
4590
4599
4600
4591
4600
4601
4592
4601
4602
4593
4602
4603
4594
4603
4604
4595
4605
4596
4605
4606
4597
4606
4607
4598
4607
4608
4599
4608
4609
4600
4609
4610
4601
4610
4611
4602
4611
4612
4603
4612
4613
4604
4613
4609
4614
4615
4610
4615
4616
4611
4616
4617
4612
4617
4618
4613
4618
4614
4619
4620
4615
4620
4621
4616
4621
4622
4617
4622
4623
4618
4623
4619
4624
4625
4620
4625
4626
4621
4626
4627
4622
4627
4628
4623
4628
4624
4629
4630
4625
4630
4631
4626
4631
4632
4627
4632
4633
4628
4633
4629
4634
4630
4634
4635
4631
4635
4636
4632
4636
4637
4633
4637
4634
4638
4635
4638
4639
4636
4639
4640
4637
4640
4638
4641
4639
4641
4642
4640
4642
4641
4643
4642
4643
4643
4644
4644
4645
4645
4646
4646
4647
4647
4648
4648
4649
4649
4650
4650
4651
4651
4652
4652
4653
4644
4654
4645
4654
4655
4646
4655
4656
4647
4656
4657
4648
4657
4658
4649
4658
4659
4650
4659
4660
4651
4660
4661
4652
4661
4662
4653
4662
4663
4654
4664
4655
4664
4665
4656
4665
4666
4657
4666
4667
4658
4667
4668
4659
4668
4669
4660
4669
4670
4661
4670
4671
4662
4671
4672
4663
4672
4673
4664
4674
4665
4674
4675
4666
4675
4676
4667
4676
4677
4668
4677
4678
4669
4678
4679
4670
4679
4680
4671
4680
4681
4672
4681
4682
4673
4682
4674
4683
4675
4683
4684
4676
4684
4685
4677
4685
4686
4678
4686
4687
4679
4687
4688
4680
4688
4689
4681
4689
4690
4682
4690
4686
4691
4692
4687
4692
4693
4688
4693
4694
4689
4694
4695
4690
4695
4691
4696
4697
4692
4697
4698
4693
4698
4699
4694
4699
4700
4695
4700
4696
4701
4702
4697
4702
4703
4698
4703
4704
4699
4704
4705
4700
4705
4701
4706
4702
4706
4707
4703
4707
4708
4704
4708
4709
4705
4709
4706
4710
4707
4710
4711
4708
4711
4712
4709
4712
4710
4713
4711
4713
4714
4712
4714
4713
4715
4714
4715
4715
4716
4716
4717
4717
4718
4718
4719
4719
4720
4720
4721
4721
4722
4722
4723
4723
4724
4724
4725
4716
4726
4717
4726
4727
4718
4727
4728
4719
4728
4729
4720
4729
4730
4721
4730
4731
4722
4731
4732
4723
4732
4733
4724
4733
4734
4725
4734
4735
4726
4736
4727
4736
4737
4728
4737
4738
4729
4738
4739
4730
4739
4740
4731
4740
4741
4732
4741
4742
4733
4742
4743
4734
4743
4744
4735
4744
4736
4745
4737
4745
4746
4738
4746
4747
4739
4747
4748
4740
4748
4749
4741
4749
4750
4742
4750
4751
4743
4751
4752
4744
4752
4745
4753
4746
4753
4754
4747
4754
4755
4748
4755
4756
4749
4756
4757
4750
4757
4758
4751
4758
4759
4752
4759
4755
4760
4761
4756
4761
4762
4757
4762
4763
4758
4763
4764
4759
4764
4760
4765
4766
4761
4766
4767
4762
4767
4768
4763
4768
4769
4764
4769
4765
4770
4766
4770
4771
4767
4771
4772
4768
4772
4773
4769
4773
4770
4774
4771
4774
4775
4772
4775
4776
4773
4776
4774
4777
4775
4777
4778
4776
4778
4777
4779
4778
4779
4779
4780
4780
4781
4781
4782
4782
4783
4783
4784
4784
4785
4785
4786
4786
4787
4787
4788
4788
4789
4780
4790
4781
4790
4791
4782
4791
4792
4783
4792
4793
4784
4793
4794
4785
4794
4795
4786
4795
4796
4787
4796
4797
4788
4797
4798
4789
4798
4790
4799
4791
4799
4800
4792
4800
4801
4793
4801
4802
4794
4802
4803
4795
4803
4804
4796
4804
4805
4797
4805
4806
4798
4806
4799
4807
4800
4807
4808
4801
4808
4809
4802
4809
4810
4803
4810
4811
4804
4811
4812
4805
4812
4813
4806
4813
4807
4814
4808
4814
4815
4809
4815
4816
4810
4816
4817
4811
4817
4818
4812
4818
4819
4813
4819
4815
4820
4821
4816
4821
4822
4817
4822
4823
4818
4823
4824
4819
4824
4820
4825
4821
4825
4826
4822
4826
4827
4823
4827
4828
4824
4828
4825
4829
4826
4829
4830
4827
4830
4831
4828
4831
4829
4832
4830
4832
4833
4831
4833
4832
4834
4833
4834
4834
4835
4835
4836
4836
4837
4837
4838
4838
4839
4839
4840
4840
4841
4841
4842
4842
4843
4843
4835
4844
4836
4844
4845
4837
4845
4846
4838
4846
4847
4839
4847
4848
4840
4848
4849
4841
4849
4850
4842
4850
4851
4843
4851
4844
4852
4845
4852
4853
4846
4853
4854
4847
4854
4855
4848
4855
4856
4849
4856
4857
4850
4857
4858
4851
4858
4852
4859
4853
4859
4860
4854
4860
4861
4855
4861
4862
4856
4862
4863
4857
4863
4864
4858
4864
4859
4865
4860
4865
4866
4861
4866
4867
4862
4867
4868
4863
4868
4869
4864
4869
4865
4870
4866
4870
4871
4867
4871
4872
4868
4872
4873
4869
4873
4870
4874
4871
4874
4875
4872
4875
4876
4873
4876
4874
4877
4875
4877
4878
4876
4878
4877
4879
4878
4879
4879
4880
4880
4881
4881
4882
4882
4883
4883
4884
4884
4885
4885
4886
4886
4887
4887
4880
4888
4881
4888
4889
4882
4889
4890
4883
4890
4891
4884
4891
4892
4885
4892
4893
4886
4893
4894
4887
4894
4888
4895
4889
4895
4896
4890
4896
4897
4891
4897
4898
4892
4898
4899
4893
4899
4900
4894
4900
4895
4901
4896
4901
4902
4897
4902
4903
4898
4903
4904
4899
4904
4905
4900
4905
4901
4906
4902
4906
4907
4903
4907
4908
4904
4908
4909
4905
4909
4906
4910
4907
4910
4911
4908
4911
4912
4909
4912
4910
4913
4911
4913
4914
4912
4914
4913
4915
4914
4915
4915
4916
4916
4917
4917
4918
4918
4919
4919
4920
4920
4921
4921
4922
4922
4916
4923
4917
4923
4924
4918
4924
4925
4919
4925
4926
4920
4926
4927
4921
4927
4928
4922
4928
4923
4929
4924
4929
4930
4925
4930
4931
4926
4931
4932
4927
4932
4933
4928
4933
4929
4934
4930
4934
4935
4931
4935
4936
4932
4936
4937
4933
4937
4934
4938
4935
4938
4939
4936
4939
4940
4937
4940
4938
4941
4939
4941
4942
4940
4942
4941
4943
4942
4943
4943
4944
4944
4945
4945
4946
4946
4947
4947
4948
4948
4949
4949
4944
4950
4945
4950
4951
4946
4951
4952
4947
4952
4953
4948
4953
4954
4949
4954
4950
4955
4951
4955
4956
4952
4956
4957
4953
4957
4958
4954
4958
4955
4959
4956
4959
4960
4957
4960
4961
4958
4961
4959
4962
4960
4962
4963
4961
4963
4962
4964
4963
4964
4964
4965
4965
4966
4966
4967
4967
4968
4968
4969
4969
4965
4970
4966
4970
4971
4967
4971
4972
4968
4972
4973
4969
4973
4970
4974
4971
4974
4975
4972
4975
4976
4973
4976
4974
4977
4975
4977
4978
4976
4978
4977
4979
4978
4979
4979
4980
4980
4981
4981
4982
4982
4983
4983
4980
4984
4981
4984
4985
4982
4985
4986
4983
4986
4984
4987
4985
4987
4988
4986
4988
4987
4989
4988
4989
4989
4990
4990
4991
4991
4992
4992
4990
4993
4991
4993
4994
4992
4994
4993
4995
4994
4995
4995
4996
4996
4997
4997
4996
4998
4997
4998
4998
4999
4999
4999
)
)

// processor1

66223
(
13800
(
1
2
3
4
5
6
5
7
8
6
8
9
10
11
12
11
13
14
12
14
15
13
16
17
14
17
18
15
18
19
20
21
22
21
23
24
22
24
25
23
26
27
24
27
28
25
28
29
26
30
31
27
31
32
28
32
33
29
33
34
35
36
37
36
38
39
37
39
40
38
41
42
39
42
43
40
43
44
41
45
46
42
46
47
43
47
48
44
48
49
45
50
51
46
51
52
47
52
53
48
53
54
49
54
55
56
57
58
57
59
60
58
60
61
59
62
63
60
63
64
61
64
65
62
66
67
63
67
68
64
68
69
65
69
70
66
71
72
67
72
73
68
73
74
69
74
75
70
75
76
71
77
78
72
78
79
73
79
80
74
80
81
75
81
82
76
82
83
84
85
86
85
87
88
86
88
89
87
90
91
88
91
92
89
92
93
90
94
95
91
95
96
92
96
97
93
97
98
94
99
100
95
100
101
96
101
102
97
102
103
98
103
104
99
105
106
100
106
107
101
107
108
102
108
109
103
109
110
104
110
111
105
112
113
106
113
114
107
114
115
108
115
116
109
116
117
110
117
118
111
118
119
120
121
122
121
123
124
122
124
125
123
126
127
124
127
128
125
128
129
126
130
131
127
131
132
128
132
133
129
133
134
130
135
136
131
136
137
132
137
138
133
138
139
134
139
140
135
141
142
136
142
143
137
143
144
138
144
145
139
145
146
140
146
147
141
148
149
142
149
150
143
150
151
144
151
152
145
152
153
146
153
154
147
154
155
148
156
157
149
157
158
150
158
159
151
159
160
152
160
161
153
161
162
154
162
163
155
163
164
165
166
167
166
168
169
167
169
170
168
171
172
169
172
173
170
173
174
171
175
176
172
176
177
173
177
178
174
178
179
175
180
181
176
181
182
177
182
183
178
183
184
179
184
185
180
186
187
181
187
188
182
188
189
183
189
190
184
190
191
185
191
192
186
193
194
187
194
195
188
195
196
189
196
197
190
197
198
191
198
199
192
199
200
193
201
202
194
202
203
195
203
204
196
204
205
197
205
206
198
206
207
199
207
208
200
208
209
201
210
211
202
211
212
203
212
213
204
213
214
205
214
215
206
215
216
207
216
217
208
217
218
209
218
219
220
221
222
221
223
224
222
224
225
223
226
227
224
227
228
225
228
229
226
230
231
227
231
232
228
232
233
229
233
234
230
235
236
231
236
237
232
237
238
233
238
239
234
239
240
235
241
242
236
242
243
237
243
244
238
244
245
239
245
246
240
246
247
241
248
249
242
249
250
243
250
251
244
251
252
245
252
253
246
253
254
247
254
255
248
256
257
249
257
258
250
258
259
251
259
260
252
260
261
253
261
262
254
262
263
255
263
264
256
265
266
257
266
267
258
267
268
259
268
269
260
269
270
261
270
271
262
271
272
263
272
273
264
273
274
265
275
266
275
276
267
276
277
268
277
278
269
278
279
270
279
280
271
280
281
272
281
282
273
282
283
274
283
284
285
286
287
286
288
289
287
289
290
288
291
292
289
292
293
290
293
294
291
295
296
292
296
297
293
297
298
294
298
299
295
300
301
296
301
302
297
302
303
298
303
304
299
304
305
300
306
307
301
307
308
302
308
309
303
309
310
304
310
311
305
311
312
306
313
314
307
314
315
308
315
316
309
316
317
310
317
318
311
318
319
312
319
320
313
321
322
314
322
323
315
323
324
316
324
325
317
325
326
318
326
327
319
327
328
320
328
329
321
330
331
322
331
332
323
332
333
324
333
334
325
334
335
326
335
336
327
336
337
328
337
338
329
338
339
330
340
331
340
341
332
341
342
333
342
343
334
343
344
335
344
345
336
345
346
337
346
347
338
347
348
339
348
349
340
350
341
350
351
342
351
352
343
352
353
344
353
354
345
354
355
346
355
356
347
356
357
348
357
358
349
358
359
360
361
362
361
363
364
362
364
365
363
366
367
364
367
368
365
368
369
366
370
371
367
371
372
368
372
373
369
373
374
370
375
376
371
376
377
372
377
378
373
378
379
374
379
380
375
381
382
376
382
383
377
383
384
378
384
385
379
385
386
380
386
387
381
388
389
382
389
390
383
390
391
384
391
392
385
392
393
386
393
394
387
394
395
388
396
397
389
397
398
390
398
399
391
399
400
392
400
401
393
401
402
394
402
403
395
403
404
396
405
406
397
406
407
398
407
408
399
408
409
400
409
410
401
410
411
402
411
412
403
412
413
404
413
414
405
415
406
415
416
407
416
417
408
417
418
409
418
419
410
419
420
411
420
421
412
421
422
413
422
423
414
423
424
415
425
416
425
426
417
426
427
418
427
428
419
428
429
420
429
430
421
430
431
422
431
432
423
432
433
424
433
434
425
435
426
435
436
427
436
437
428
437
438
429
438
439
430
439
440
431
440
441
432
441
442
433
442
443
434
443
444
445
446
447
446
448
449
447
449
450
448
451
452
449
452
453
450
453
454
451
455
456
452
456
457
453
457
458
454
458
459
455
460
461
456
461
462
457
462
463
458
463
464
459
464
465
460
466
467
461
467
468
462
468
469
463
469
470
464
470
471
465
471
472
466
473
474
467
474
475
468
475
476
469
476
477
470
477
478
471
478
479
472
479
480
473
481
482
474
482
483
475
483
484
476
484
485
477
485
486
478
486
487
479
487
488
480
488
489
481
490
491
482
491
492
483
492
493
484
493
494
485
494
495
486
495
496
487
496
497
488
497
498
489
498
499
490
500
491
500
501
492
501
502
493
502
503
494
503
504
495
504
505
496
505
506
497
506
507
498
507
508
499
508
509
500
510
501
510
511
502
511
512
503
512
513
504
513
514
505
514
515
506
515
516
507
516
517
508
517
518
509
518
519
510
520
511
520
521
512
521
522
513
522
523
514
523
524
515
524
525
516
525
526
517
526
527
518
527
528
519
528
529
520
530
521
530
531
522
531
532
523
532
533
524
533
534
525
534
535
526
535
536
527
536
537
528
537
538
529
538
539
540
541
542
541
543
544
542
544
545
543
546
547
544
547
548
545
548
549
546
550
551
547
551
552
548
552
553
549
553
554
550
555
556
551
556
557
552
557
558
553
558
559
554
559
560
555
561
562
556
562
563
557
563
564
558
564
565
559
565
566
560
566
567
561
568
569
562
569
570
563
570
571
564
571
572
565
572
573
566
573
574
567
574
575
568
576
577
569
577
578
570
578
579
571
579
580
572
580
581
573
581
582
574
582
583
575
583
584
576
585
586
577
586
587
578
587
588
579
588
589
580
589
590
581
590
591
582
591
592
583
592
593
584
593
594
585
595
586
595
596
587
596
597
588
597
598
589
598
599
590
599
600
591
600
601
592
601
602
593
602
603
594
603
604
595
605
596
605
606
597
606
607
598
607
608
599
608
609
600
609
610
601
610
611
602
611
612
603
612
613
604
613
614
605
615
606
615
616
607
616
617
608
617
618
609
618
619
610
619
620
611
620
621
612
621
622
613
622
623
614
623
624
615
625
616
625
626
617
626
627
618
627
628
619
628
629
620
629
630
621
630
631
622
631
632
623
632
633
624
633
634
625
635
626
635
636
627
636
637
628
637
638
629
638
639
630
639
640
631
640
641
632
641
642
633
642
643
634
643
644
645
646
647
646
648
649
647
649
650
648
651
652
649
652
653
650
653
654
651
655
656
652
656
657
653
657
658
654
658
659
655
660
661
656
661
662
657
662
663
658
663
664
659
664
665
660
666
667
661
667
668
662
668
669
663
669
670
664
670
671
665
671
672
666
673
674
667
674
675
668
675
676
669
676
677
670
677
678
671
678
679
672
679
680
673
681
682
674
682
683
675
683
684
676
684
685
677
685
686
678
686
687
679
687
688
680
688
689
681
690
691
682
691
692
683
692
693
684
693
694
685
694
695
686
695
696
687
696
697
688
697
698
689
698
699
690
700
691
700
701
692
701
702
693
702
703
694
703
704
695
704
705
696
705
706
697
706
707
698
707
708
699
708
709
700
710
701
710
711
702
711
712
703
712
713
704
713
714
705
714
715
706
715
716
707
716
717
708
717
718
709
718
719
710
720
711
720
721
712
721
722
713
722
723
714
723
724
715
724
725
716
725
726
717
726
727
718
727
728
719
728
729
720
730
721
730
731
722
731
732
723
732
733
724
733
734
725
734
735
726
735
736
727
736
737
728
737
738
729
738
739
730
740
731
740
741
732
741
742
733
742
743
734
743
744
735
744
745
736
745
746
737
746
747
738
747
748
739
748
749
740
750
741
750
751
742
751
752
743
752
753
744
753
754
745
754
755
746
755
756
747
756
757
748
757
758
749
758
759
760
761
762
761
763
764
762
764
765
763
766
767
764
767
768
765
768
769
766
770
771
767
771
772
768
772
773
769
773
774
770
775
776
771
776
777
772
777
778
773
778
779
774
779
780
775
781
782
776
782
783
777
783
784
778
784
785
779
785
786
780
786
787
781
788
789
782
789
790
783
790
791
784
791
792
785
792
793
786
793
794
787
794
795
788
796
797
789
797
798
790
798
799
791
799
800
792
800
801
793
801
802
794
802
803
795
803
804
796
805
806
797
806
807
798
807
808
799
808
809
800
809
810
801
810
811
802
811
812
803
812
813
804
813
814
805
815
806
815
816
807
816
817
808
817
818
809
818
819
810
819
820
811
820
821
812
821
822
813
822
823
814
823
824
815
825
816
825
826
817
826
827
818
827
828
819
828
829
820
829
830
821
830
831
822
831
832
823
832
833
824
833
834
825
835
826
835
836
827
836
837
828
837
838
829
838
839
830
839
840
831
840
841
832
841
842
833
842
843
834
843
844
835
845
836
845
846
837
846
847
838
847
848
839
848
849
840
849
850
841
850
851
842
851
852
843
852
853
844
853
854
845
855
846
855
856
847
856
857
848
857
858
849
858
859
850
859
860
851
860
861
852
861
862
853
862
863
854
863
864
855
865
856
865
866
857
866
867
858
867
868
859
868
869
860
869
870
861
870
871
862
871
872
863
872
873
864
873
874
865
875
866
875
876
867
876
877
868
877
878
869
878
879
870
879
880
871
880
881
872
881
882
873
882
883
874
883
884
885
886
887
886
888
889
887
889
890
888
891
892
889
892
893
890
893
894
891
895
896
892
896
897
893
897
898
894
898
899
895
900
901
896
901
902
897
902
903
898
903
904
899
904
905
900
906
907
901
907
908
902
908
909
903
909
910
904
910
911
905
911
912
906
913
914
907
914
915
908
915
916
909
916
917
910
917
918
911
918
919
912
919
920
913
921
922
914
922
923
915
923
924
916
924
925
917
925
926
918
926
927
919
927
928
920
928
929
921
930
931
922
931
932
923
932
933
924
933
934
925
934
935
926
935
936
927
936
937
928
937
938
929
938
939
930
940
931
940
941
932
941
942
933
942
943
934
943
944
935
944
945
936
945
946
937
946
947
938
947
948
939
948
949
940
950
941
950
951
942
951
952
943
952
953
944
953
954
945
954
955
946
955
956
947
956
957
948
957
958
949
958
959
950
960
951
960
961
952
961
962
953
962
963
954
963
964
955
964
965
956
965
966
957
966
967
958
967
968
959
968
969
960
970
961
970
971
962
971
972
963
972
973
964
973
974
965
974
975
966
975
976
967
976
977
968
977
978
969
978
979
970
980
971
980
981
972
981
982
973
982
983
974
983
984
975
984
985
976
985
986
977
986
987
978
987
988
979
988
989
980
990
981
990
991
982
991
992
983
992
993
984
993
994
985
994
995
986
995
996
987
996
997
988
997
998
989
998
999
990
1000
991
1000
1001
992
1001
1002
993
1002
1003
994
1003
1004
995
1004
1005
996
1005
1006
997
1006
1007
998
1007
1008
999
1008
1009
1000
1010
1001
1010
1011
1002
1011
1012
1003
1012
1013
1004
1013
1014
1005
1014
1015
1006
1015
1016
1007
1016
1017
1008
1017
1018
1009
1018
1019
1020
1021
1022
1021
1023
1024
1022
1024
1025
1023
1026
1027
1024
1027
1028
1025
1028
1029
1026
1030
1031
1027
1031
1032
1028
1032
1033
1029
1033
1034
1030
1035
1036
1031
1036
1037
1032
1037
1038
1033
1038
1039
1034
1039
1040
1035
1041
1042
1036
1042
1043
1037
1043
1044
1038
1044
1045
1039
1045
1046
1040
1046
1047
1041
1048
1049
1042
1049
1050
1043
1050
1051
1044
1051
1052
1045
1052
1053
1046
1053
1054
1047
1054
1055
1048
1056
1057
1049
1057
1058
1050
1058
1059
1051
1059
1060
1052
1060
1061
1053
1061
1062
1054
1062
1063
1055
1063
1064
1056
1065
1066
1057
1066
1067
1058
1067
1068
1059
1068
1069
1060
1069
1070
1061
1070
1071
1062
1071
1072
1063
1072
1073
1064
1073
1074
1065
1075
1066
1075
1076
1067
1076
1077
1068
1077
1078
1069
1078
1079
1070
1079
1080
1071
1080
1081
1072
1081
1082
1073
1082
1083
1074
1083
1084
1075
1085
1076
1085
1086
1077
1086
1087
1078
1087
1088
1079
1088
1089
1080
1089
1090
1081
1090
1091
1082
1091
1092
1083
1092
1093
1084
1093
1094
1085
1095
1086
1095
1096
1087
1096
1097
1088
1097
1098
1089
1098
1099
1090
1099
1100
1091
1100
1101
1092
1101
1102
1093
1102
1103
1094
1103
1104
1095
1105
1096
1105
1106
1097
1106
1107
1098
1107
1108
1099
1108
1109
1100
1109
1110
1101
1110
1111
1102
1111
1112
1103
1112
1113
1104
1113
1114
1105
1115
1106
1115
1116
1107
1116
1117
1108
1117
1118
1109
1118
1119
1110
1119
1120
1111
1120
1121
1112
1121
1122
1113
1122
1123
1114
1123
1124
1115
1125
1116
1125
1126
1117
1126
1127
1118
1127
1128
1119
1128
1129
1120
1129
1130
1121
1130
1131
1122
1131
1132
1123
1132
1133
1124
1133
1134
1125
1135
1126
1135
1136
1127
1136
1137
1128
1137
1138
1129
1138
1139
1130
1139
1140
1131
1140
1141
1132
1141
1142
1133
1142
1143
1134
1143
1144
1135
1145
1136
1145
1146
1137
1146
1147
1138
1147
1148
1139
1148
1149
1140
1149
1150
1141
1150
1151
1142
1151
1152
1143
1152
1153
1144
1153
1154
1145
1155
1146
1155
1156
1147
1156
1157
1148
1157
1158
1149
1158
1159
1150
1159
1160
1151
1160
1161
1152
1161
1162
1153
1162
1163
1154
1163
1164
1165
1166
1167
1166
1168
1169
1167
1169
1170
1168
1171
1172
1169
1172
1173
1170
1173
1174
1171
1175
1176
1172
1176
1177
1173
1177
1178
1174
1178
1179
1175
1180
1181
1176
1181
1182
1177
1182
1183
1178
1183
1184
1179
1184
1185
1180
1186
1187
1181
1187
1188
1182
1188
1189
1183
1189
1190
1184
1190
1191
1185
1191
1192
1186
1193
1194
1187
1194
1195
1188
1195
1196
1189
1196
1197
1190
1197
1198
1191
1198
1199
1192
1199
1200
1193
1201
1202
1194
1202
1203
1195
1203
1204
1196
1204
1205
1197
1205
1206
1198
1206
1207
1199
1207
1208
1200
1208
1209
1201
1210
1211
1202
1211
1212
1203
1212
1213
1204
1213
1214
1205
1214
1215
1206
1215
1216
1207
1216
1217
1208
1217
1218
1209
1218
1219
1210
1220
1211
1220
1221
1212
1221
1222
1213
1222
1223
1214
1223
1224
1215
1224
1225
1216
1225
1226
1217
1226
1227
1218
1227
1228
1219
1228
1229
1220
1230
1221
1230
1231
1222
1231
1232
1223
1232
1233
1224
1233
1234
1225
1234
1235
1226
1235
1236
1227
1236
1237
1228
1237
1238
1229
1238
1239
1230
1240
1231
1240
1241
1232
1241
1242
1233
1242
1243
1234
1243
1244
1235
1244
1245
1236
1245
1246
1237
1246
1247
1238
1247
1248
1239
1248
1249
1240
1250
1241
1250
1251
1242
1251
1252
1243
1252
1253
1244
1253
1254
1245
1254
1255
1246
1255
1256
1247
1256
1257
1248
1257
1258
1249
1258
1259
1250
1260
1251
1260
1261
1252
1261
1262
1253
1262
1263
1254
1263
1264
1255
1264
1265
1256
1265
1266
1257
1266
1267
1258
1267
1268
1259
1268
1269
1260
1270
1261
1270
1271
1262
1271
1272
1263
1272
1273
1264
1273
1274
1265
1274
1275
1266
1275
1276
1267
1276
1277
1268
1277
1278
1269
1278
1279
1270
1280
1271
1280
1281
1272
1281
1282
1273
1282
1283
1274
1283
1284
1275
1284
1285
1276
1285
1286
1277
1286
1287
1278
1287
1288
1279
1288
1289
1280
1290
1281
1290
1291
1282
1291
1292
1283
1292
1293
1284
1293
1294
1285
1294
1295
1286
1295
1296
1287
1296
1297
1288
1297
1298
1289
1298
1299
1290
1300
1291
1300
1301
1292
1301
1302
1293
1302
1303
1294
1303
1304
1295
1304
1305
1296
1305
1306
1297
1306
1307
1298
1307
1308
1299
1308
1309
1300
1310
1301
1310
1311
1302
1311
1312
1303
1312
1313
1304
1313
1314
1305
1314
1315
1306
1315
1316
1307
1316
1317
1308
1317
1318
1309
1318
1319
1320
1321
1320
1322
1323
1321
1323
1324
1322
1325
1326
1323
1326
1327
1324
1327
1328
1325
1329
1330
1326
1330
1331
1327
1331
1332
1328
1332
1333
1329
1334
1335
1330
1335
1336
1331
1336
1337
1332
1337
1338
1333
1338
1339
1334
1340
1341
1335
1341
1342
1336
1342
1343
1337
1343
1344
1338
1344
1345
1339
1345
1346
1340
1347
1348
1341
1348
1349
1342
1349
1350
1343
1350
1351
1344
1351
1352
1345
1352
1353
1346
1353
1354
1347
1355
1356
1348
1356
1357
1349
1357
1358
1350
1358
1359
1351
1359
1360
1352
1360
1361
1353
1361
1362
1354
1362
1363
1355
1364
1365
1356
1365
1366
1357
1366
1367
1358
1367
1368
1359
1368
1369
1360
1369
1370
1361
1370
1371
1362
1371
1372
1363
1372
1373
1364
1374
1365
1374
1375
1366
1375
1376
1367
1376
1377
1368
1377
1378
1369
1378
1379
1370
1379
1380
1371
1380
1381
1372
1381
1382
1373
1382
1383
1374
1384
1375
1384
1385
1376
1385
1386
1377
1386
1387
1378
1387
1388
1379
1388
1389
1380
1389
1390
1381
1390
1391
1382
1391
1392
1383
1392
1393
1384
1394
1385
1394
1395
1386
1395
1396
1387
1396
1397
1388
1397
1398
1389
1398
1399
1390
1399
1400
1391
1400
1401
1392
1401
1402
1393
1402
1403
1394
1404
1395
1404
1405
1396
1405
1406
1397
1406
1407
1398
1407
1408
1399
1408
1409
1400
1409
1410
1401
1410
1411
1402
1411
1412
1403
1412
1413
1404
1414
1405
1414
1415
1406
1415
1416
1407
1416
1417
1408
1417
1418
1409
1418
1419
1410
1419
1420
1411
1420
1421
1412
1421
1422
1413
1422
1423
1414
1424
1415
1424
1425
1416
1425
1426
1417
1426
1427
1418
1427
1428
1419
1428
1429
1420
1429
1430
1421
1430
1431
1422
1431
1432
1423
1432
1424
1433
1425
1433
1434
1426
1434
1435
1427
1435
1436
1428
1436
1437
1429
1437
1438
1430
1438
1439
1431
1439
1440
1432
1440
1441
1441
1442
1433
1443
1434
1443
1444
1435
1444
1445
1436
1445
1446
1437
1446
1447
1438
1447
1448
1439
1448
1449
1440
1449
1450
1441
1450
1451
1442
1451
1452
1443
1453
1444
1453
1454
1445
1454
1455
1446
1455
1456
1447
1456
1457
1448
1457
1458
1449
1458
1459
1450
1459
1460
1451
1460
1461
1452
1461
1462
1453
1463
1454
1463
1464
1455
1464
1465
1456
1465
1466
1457
1466
1467
1458
1467
1468
1459
1468
1469
1460
1469
1470
1461
1470
1471
1462
1471
1472
1463
1473
1464
1473
1474
1465
1474
1475
1466
1475
1476
1467
1476
1477
1468
1477
1478
1469
1478
1479
1470
1479
1480
1471
1480
1481
1472
1481
1482
1483
1484
1484
1485
1483
1486
1487
1484
1487
1488
1485
1488
1489
1486
1490
1491
1487
1491
1492
1488
1492
1493
1489
1493
1494
1490
1495
1496
1491
1496
1497
1492
1497
1498
1493
1498
1499
1494
1499
1500
1495
1501
1502
1496
1502
1503
1497
1503
1504
1498
1504
1505
1499
1505
1506
1500
1506
1507
1501
1508
1509
1502
1509
1510
1503
1510
1511
1504
1511
1512
1505
1512
1513
1506
1513
1514
1507
1514
1515
1508
1516
1517
1509
1517
1518
1510
1518
1519
1511
1519
1520
1512
1520
1521
1513
1521
1522
1514
1522
1523
1515
1523
1524
1516
1525
1526
1517
1526
1527
1518
1527
1528
1519
1528
1529
1520
1529
1530
1521
1530
1531
1522
1531
1532
1523
1532
1533
1524
1533
1534
1525
1535
1526
1535
1536
1527
1536
1537
1528
1537
1538
1529
1538
1539
1530
1539
1540
1531
1540
1541
1532
1541
1542
1533
1542
1543
1534
1543
1544
1535
1545
1536
1545
1546
1537
1546
1547
1538
1547
1548
1539
1548
1549
1540
1549
1550
1541
1550
1551
1542
1551
1552
1543
1552
1553
1544
1553
1554
1545
1555
1546
1555
1556
1547
1556
1557
1548
1557
1558
1549
1558
1559
1550
1559
1560
1551
1560
1561
1552
1561
1562
1553
1562
1563
1554
1563
1564
1555
1565
1556
1565
1566
1557
1566
1567
1558
1567
1568
1559
1568
1569
1560
1569
1570
1561
1570
1571
1562
1571
1572
1563
1572
1573
1564
1573
1574
1565
1575
1566
1575
1576
1567
1576
1577
1568
1577
1578
1569
1578
1579
1570
1579
1580
1571
1580
1581
1572
1581
1582
1573
1582
1583
1574
1583
1584
1575
1585
1576
1585
1586
1577
1586
1587
1578
1587
1588
1579
1588
1589
1580
1589
1590
1581
1590
1591
1582
1591
1592
1583
1592
1593
1584
1593
1585
1594
1586
1594
1595
1587
1595
1596
1588
1596
1597
1589
1597
1598
1590
1598
1599
1591
1599
1600
1592
1600
1601
1593
1601
1594
1602
1595
1602
1603
1596
1603
1604
1597
1604
1605
1598
1605
1606
1599
1606
1607
1600
1607
1608
1601
1608
1609
1609
1610
1610
1611
1602
1612
1603
1612
1613
1604
1613
1614
1605
1614
1615
1606
1615
1616
1607
1616
1617
1608
1617
1618
1609
1618
1619
1610
1619
1620
1611
1620
1621
1612
1622
1613
1622
1623
1614
1623
1624
1615
1624
1625
1616
1625
1626
1617
1626
1627
1618
1627
1628
1619
1628
1629
1620
1629
1630
1621
1630
1631
1622
1632
1623
1632
1633
1624
1633
1634
1625
1634
1635
1626
1635
1636
1627
1636
1637
1628
1637
1638
1629
1638
1639
1630
1639
1640
1631
1640
1641
1632
1642
1633
1642
1643
1634
1643
1644
1635
1644
1645
1636
1645
1646
1637
1646
1647
1638
1647
1648
1639
1648
1649
1640
1649
1650
1641
1650
1651
1652
1653
1653
1654
1654
1655
1652
1656
1657
1653
1657
1658
1654
1658
1659
1655
1659
1660
1656
1661
1662
1657
1662
1663
1658
1663
1664
1659
1664
1665
1660
1665
1666
1661
1667
1668
1662
1668
1669
1663
1669
1670
1664
1670
1671
1665
1671
1672
1666
1672
1673
1667
1674
1675
1668
1675
1676
1669
1676
1677
1670
1677
1678
1671
1678
1679
1672
1679
1680
1673
1680
1681
1674
1682
1683
1675
1683
1684
1676
1684
1685
1677
1685
1686
1678
1686
1687
1679
1687
1688
1680
1688
1689
1681
1689
1690
1682
1691
1692
1683
1692
1693
1684
1693
1694
1685
1694
1695
1686
1695
1696
1687
1696
1697
1688
1697
1698
1689
1698
1699
1690
1699
1700
1691
1701
1692
1701
1702
1693
1702
1703
1694
1703
1704
1695
1704
1705
1696
1705
1706
1697
1706
1707
1698
1707
1708
1699
1708
1709
1700
1709
1710
1701
1711
1702
1711
1712
1703
1712
1713
1704
1713
1714
1705
1714
1715
1706
1715
1716
1707
1716
1717
1708
1717
1718
1709
1718
1719
1710
1719
1720
1711
1721
1712
1721
1722
1713
1722
1723
1714
1723
1724
1715
1724
1725
1716
1725
1726
1717
1726
1727
1718
1727
1728
1719
1728
1729
1720
1729
1730
1721
1731
1722
1731
1732
1723
1732
1733
1724
1733
1734
1725
1734
1735
1726
1735
1736
1727
1736
1737
1728
1737
1738
1729
1738
1739
1730
1739
1740
1731
1741
1732
1741
1742
1733
1742
1743
1734
1743
1744
1735
1744
1745
1736
1745
1746
1737
1746
1747
1738
1747
1748
1739
1748
1749
1740
1749
1750
1741
1751
1742
1751
1752
1743
1752
1753
1744
1753
1754
1745
1754
1755
1746
1755
1756
1747
1756
1757
1748
1757
1758
1749
1758
1759
1750
1759
1751
1760
1752
1760
1761
1753
1761
1762
1754
1762
1763
1755
1763
1764
1756
1764
1765
1757
1765
1766
1758
1766
1767
1759
1767
1760
1768
1761
1768
1769
1762
1769
1770
1763
1770
1771
1764
1771
1772
1765
1772
1773
1766
1773
1774
1767
1774
1768
1775
1769
1775
1776
1770
1776
1777
1771
1777
1778
1772
1778
1779
1773
1779
1780
1774
1780
1781
1781
1782
1782
1783
1783
1784
1775
1785
1776
1785
1786
1777
1786
1787
1778
1787
1788
1779
1788
1789
1780
1789
1790
1781
1790
1791
1782
1791
1792
1783
1792
1793
1784
1793
1794
1785
1795
1786
1795
1796
1787
1796
1797
1788
1797
1798
1789
1798
1799
1790
1799
1800
1791
1800
1801
1792
1801
1802
1793
1802
1803
1794
1803
1804
1795
1805
1796
1805
1806
1797
1806
1807
1798
1807
1808
1799
1808
1809
1800
1809
1810
1801
1810
1811
1802
1811
1812
1803
1812
1813
1804
1813
1814
1805
1815
1806
1815
1816
1807
1816
1817
1808
1817
1818
1809
1818
1819
1810
1819
1820
1811
1820
1821
1812
1821
1822
1813
1822
1823
1814
1823
1824
1825
1826
1826
1827
1827
1828
1828
1829
1825
1830
1831
1826
1831
1832
1827
1832
1833
1828
1833
1834
1829
1834
1835
1830
1836
1837
1831
1837
1838
1832
1838
1839
1833
1839
1840
1834
1840
1841
1835
1841
1842
1836
1843
1844
1837
1844
1845
1838
1845
1846
1839
1846
1847
1840
1847
1848
1841
1848
1849
1842
1849
1850
1843
1851
1852
1844
1852
1853
1845
1853
1854
1846
1854
1855
1847
1855
1856
1848
1856
1857
1849
1857
1858
1850
1858
1859
1851
1860
1861
1852
1861
1862
1853
1862
1863
1854
1863
1864
1855
1864
1865
1856
1865
1866
1857
1866
1867
1858
1867
1868
1859
1868
1869
1860
1870
1861
1870
1871
1862
1871
1872
1863
1872
1873
1864
1873
1874
1865
1874
1875
1866
1875
1876
1867
1876
1877
1868
1877
1878
1869
1878
1879
1870
1880
1871
1880
1881
1872
1881
1882
1873
1882
1883
1874
1883
1884
1875
1884
1885
1876
1885
1886
1877
1886
1887
1878
1887
1888
1879
1888
1889
1880
1890
1881
1890
1891
1882
1891
1892
1883
1892
1893
1884
1893
1894
1885
1894
1895
1886
1895
1896
1887
1896
1897
1888
1897
1898
1889
1898
1899
1890
1900
1891
1900
1901
1892
1901
1902
1893
1902
1903
1894
1903
1904
1895
1904
1905
1896
1905
1906
1897
1906
1907
1898
1907
1908
1899
1908
1909
1900
1910
1901
1910
1911
1902
1911
1912
1903
1912
1913
1904
1913
1914
1905
1914
1915
1906
1915
1916
1907
1916
1917
1908
1917
1918
1909
1918
1919
1910
1920
1911
1920
1921
1912
1921
1922
1913
1922
1923
1914
1923
1924
1915
1924
1925
1916
1925
1926
1917
1926
1927
1918
1927
1928
1919
1928
1920
1929
1921
1929
1930
1922
1930
1931
1923
1931
1932
1924
1932
1933
1925
1933
1934
1926
1934
1935
1927
1935
1936
1928
1936
1929
1937
1930
1937
1938
1931
1938
1939
1932
1939
1940
1933
1940
1941
1934
1941
1942
1935
1942
1943
1936
1943
1937
1944
1938
1944
1945
1939
1945
1946
1940
1946
1947
1941
1947
1948
1942
1948
1949
1943
1949
1944
1950
1945
1950
1951
1946
1951
1952
1947
1952
1953
1948
1953
1954
1949
1954
1955
1955
1956
1956
1957
1957
1958
1958
1959
1950
1960
1951
1960
1961
1952
1961
1962
1953
1962
1963
1954
1963
1964
1955
1964
1965
1956
1965
1966
1957
1966
1967
1958
1967
1968
1959
1968
1969
1960
1970
1961
1970
1971
1962
1971
1972
1963
1972
1973
1964
1973
1974
1965
1974
1975
1966
1975
1976
1967
1976
1977
1968
1977
1978
1969
1978
1979
1970
1980
1971
1980
1981
1972
1981
1982
1973
1982
1983
1974
1983
1984
1975
1984
1985
1976
1985
1986
1977
1986
1987
1978
1987
1988
1979
1988
1989
1980
1990
1981
1990
1991
1982
1991
1992
1983
1992
1993
1984
1993
1994
1985
1994
1995
1986
1995
1996
1987
1996
1997
1988
1997
1998
1989
1998
1999
2000
2001
2001
2002
2002
2003
2003
2004
2004
2005
2000
2006
2007
2001
2007
2008
2002
2008
2009
2003
2009
2010
2004
2010
2011
2005
2011
2012
2006
2013
2014
2007
2014
2015
2008
2015
2016
2009
2016
2017
2010
2017
2018
2011
2018
2019
2012
2019
2020
2013
2021
2022
2014
2022
2023
2015
2023
2024
2016
2024
2025
2017
2025
2026
2018
2026
2027
2019
2027
2028
2020
2028
2029
2021
2030
2031
2022
2031
2032
2023
2032
2033
2024
2033
2034
2025
2034
2035
2026
2035
2036
2027
2036
2037
2028
2037
2038
2029
2038
2039
2030
2040
2031
2040
2041
2032
2041
2042
2033
2042
2043
2034
2043
2044
2035
2044
2045
2036
2045
2046
2037
2046
2047
2038
2047
2048
2039
2048
2049
2040
2050
2041
2050
2051
2042
2051
2052
2043
2052
2053
2044
2053
2054
2045
2054
2055
2046
2055
2056
2047
2056
2057
2048
2057
2058
2049
2058
2059
2050
2060
2051
2060
2061
2052
2061
2062
2053
2062
2063
2054
2063
2064
2055
2064
2065
2056
2065
2066
2057
2066
2067
2058
2067
2068
2059
2068
2069
2060
2070
2061
2070
2071
2062
2071
2072
2063
2072
2073
2064
2073
2074
2065
2074
2075
2066
2075
2076
2067
2076
2077
2068
2077
2078
2069
2078
2079
2070
2080
2071
2080
2081
2072
2081
2082
2073
2082
2083
2074
2083
2084
2075
2084
2085
2076
2085
2086
2077
2086
2087
2078
2087
2088
2079
2088
2089
2080
2090
2081
2090
2091
2082
2091
2092
2083
2092
2093
2084
2093
2094
2085
2094
2095
2086
2095
2096
2087
2096
2097
2088
2097
2098
2089
2098
2090
2099
2091
2099
2100
2092
2100
2101
2093
2101
2102
2094
2102
2103
2095
2103
2104
2096
2104
2105
2097
2105
2106
2098
2106
2099
2107
2100
2107
2108
2101
2108
2109
2102
2109
2110
2103
2110
2111
2104
2111
2112
2105
2112
2113
2106
2113
2107
2114
2108
2114
2115
2109
2115
2116
2110
2116
2117
2111
2117
2118
2112
2118
2119
2113
2119
2114
2120
2115
2120
2121
2116
2121
2122
2117
2122
2123
2118
2123
2124
2119
2124
2120
2125
2121
2125
2126
2122
2126
2127
2123
2127
2128
2124
2128
2129
2129
2130
2130
2131
2131
2132
2132
2133
2133
2134
2125
2135
2126
2135
2136
2127
2136
2137
2128
2137
2138
2129
2138
2139
2130
2139
2140
2131
2140
2141
2132
2141
2142
2133
2142
2143
2134
2143
2144
2135
2145
2136
2145
2146
2137
2146
2147
2138
2147
2148
2139
2148
2149
2140
2149
2150
2141
2150
2151
2142
2151
2152
2143
2152
2153
2144
2153
2154
2145
2155
2146
2155
2156
2147
2156
2157
2148
2157
2158
2149
2158
2159
2150
2159
2160
2151
2160
2161
2152
2161
2162
2153
2162
2163
2154
2163
2164
2155
2165
2156
2165
2166
2157
2166
2167
2158
2167
2168
2159
2168
2169
2160
2169
2170
2161
2170
2171
2162
2171
2172
2163
2172
2173
2164
2173
2174
2175
2176
2176
2177
2177
2178
2178
2179
2179
2180
2180
2181
2175
2182
2183
2176
2183
2184
2177
2184
2185
2178
2185
2186
2179
2186
2187
2180
2187
2188
2181
2188
2189
2182
2190
2191
2183
2191
2192
2184
2192
2193
2185
2193
2194
2186
2194
2195
2187
2195
2196
2188
2196
2197
2189
2197
2198
2190
2199
2200
2191
2200
2201
2192
2201
2202
2193
2202
2203
2194
2203
2204
2195
2204
2205
2196
2205
2206
2197
2206
2207
2198
2207
2208
2199
2209
2200
2209
2210
2201
2210
2211
2202
2211
2212
2203
2212
2213
2204
2213
2214
2205
2214
2215
2206
2215
2216
2207
2216
2217
2208
2217
2218
2209
2219
2210
2219
2220
2211
2220
2221
2212
2221
2222
2213
2222
2223
2214
2223
2224
2215
2224
2225
2216
2225
2226
2217
2226
2227
2218
2227
2228
2219
2229
2220
2229
2230
2221
2230
2231
2222
2231
2232
2223
2232
2233
2224
2233
2234
2225
2234
2235
2226
2235
2236
2227
2236
2237
2228
2237
2238
2229
2239
2230
2239
2240
2231
2240
2241
2232
2241
2242
2233
2242
2243
2234
2243
2244
2235
2244
2245
2236
2245
2246
2237
2246
2247
2238
2247
2248
2239
2249
2240
2249
2250
2241
2250
2251
2242
2251
2252
2243
2252
2253
2244
2253
2254
2245
2254
2255
2246
2255
2256
2247
2256
2257
2248
2257
2258
2249
2259
2250
2259
2260
2251
2260
2261
2252
2261
2262
2253
2262
2263
2254
2263
2264
2255
2264
2265
2256
2265
2266
2257
2266
2267
2258
2267
2259
2268
2260
2268
2269
2261
2269
2270
2262
2270
2271
2263
2271
2272
2264
2272
2273
2265
2273
2274
2266
2274
2275
2267
2275
2268
2276
2269
2276
2277
2270
2277
2278
2271
2278
2279
2272
2279
2280
2273
2280
2281
2274
2281
2282
2275
2282
2276
2283
2277
2283
2284
2278
2284
2285
2279
2285
2286
2280
2286
2287
2281
2287
2288
2282
2288
2283
2289
2284
2289
2290
2285
2290
2291
2286
2291
2292
2287
2292
2293
2288
2293
2289
2294
2290
2294
2295
2291
2295
2296
2292
2296
2297
2293
2297
2294
2298
2295
2298
2299
2296
2299
2300
2297
2300
2301
2301
2302
2302
2303
2303
2304
2304
2305
2305
2306
2306
2307
2298
2308
2299
2308
2309
2300
2309
2310
2301
2310
2311
2302
2311
2312
2303
2312
2313
2304
2313
2314
2305
2314
2315
2306
2315
2316
2307
2316
2317
2308
2318
2309
2318
2319
2310
2319
2320
2311
2320
2321
2312
2321
2322
2313
2322
2323
2314
2323
2324
2315
2324
2325
2316
2325
2326
2317
2326
2327
2318
2328
2319
2328
2329
2320
2329
2330
2321
2330
2331
2322
2331
2332
2323
2332
2333
2324
2333
2334
2325
2334
2335
2326
2335
2336
2327
2336
2337
2328
2338
2329
2338
2339
2330
2339
2340
2331
2340
2341
2332
2341
2342
2333
2342
2343
2334
2343
2344
2335
2344
2345
2336
2345
2346
2337
2346
2347
2348
2349
2349
2350
2350
2351
2351
2352
2352
2353
2353
2354
2354
2355
2348
2356
2357
2349
2357
2358
2350
2358
2359
2351
2359
2360
2352
2360
2361
2353
2361
2362
2354
2362
2363
2355
2363
2364
2356
2365
2366
2357
2366
2367
2358
2367
2368
2359
2368
2369
2360
2369
2370
2361
2370
2371
2362
2371
2372
2363
2372
2373
2364
2373
2374
2365
2375
2366
2375
2376
2367
2376
2377
2368
2377
2378
2369
2378
2379
2370
2379
2380
2371
2380
2381
2372
2381
2382
2373
2382
2383
2374
2383
2384
2375
2385
2376
2385
2386
2377
2386
2387
2378
2387
2388
2379
2388
2389
2380
2389
2390
2381
2390
2391
2382
2391
2392
2383
2392
2393
2384
2393
2394
2385
2395
2386
2395
2396
2387
2396
2397
2388
2397
2398
2389
2398
2399
2390
2399
2400
2391
2400
2401
2392
2401
2402
2393
2402
2403
2394
2403
2404
2395
2405
2396
2405
2406
2397
2406
2407
2398
2407
2408
2399
2408
2409
2400
2409
2410
2401
2410
2411
2402
2411
2412
2403
2412
2413
2404
2413
2414
2405
2415
2406
2415
2416
2407
2416
2417
2408
2417
2418
2409
2418
2419
2410
2419
2420
2411
2420
2421
2412
2421
2422
2413
2422
2423
2414
2423
2424
2415
2425
2416
2425
2426
2417
2426
2427
2418
2427
2428
2419
2428
2429
2420
2429
2430
2421
2430
2431
2422
2431
2432
2423
2432
2433
2424
2433
2425
2434
2426
2434
2435
2427
2435
2436
2428
2436
2437
2429
2437
2438
2430
2438
2439
2431
2439
2440
2432
2440
2441
2433
2441
2434
2442
2435
2442
2443
2436
2443
2444
2437
2444
2445
2438
2445
2446
2439
2446
2447
2440
2447
2448
2441
2448
2442
2449
2443
2449
2450
2444
2450
2451
2445
2451
2452
2446
2452
2453
2447
2453
2454
2448
2454
2449
2455
2450
2455
2456
2451
2456
2457
2452
2457
2458
2453
2458
2459
2454
2459
2455
2460
2456
2460
2461
2457
2461
2462
2458
2462
2463
2459
2463
2460
2464
2461
2464
2465
2462
2465
2466
2463
2466
2464
2467
2465
2467
2468
2466
2468
2469
2469
2470
2470
2471
2471
2472
2472
2473
2473
2474
2474
2475
2475
2476
2467
2477
2468
2477
2478
2469
2478
2479
2470
2479
2480
2471
2480
2481
2472
2481
2482
2473
2482
2483
2474
2483
2484
2475
2484
2485
2476
2485
2486
2477
2487
2478
2487
2488
2479
2488
2489
2480
2489
2490
2481
2490
2491
2482
2491
2492
2483
2492
2493
2484
2493
2494
2485
2494
2495
2486
2495
2496
2487
2497
2488
2497
2498
2489
2498
2499
2490
2499
2500
2491
2500
2501
2492
2501
2502
2493
2502
2503
2494
2503
2504
2495
2504
2505
2496
2505
2506
2497
2507
2498
2507
2508
2499
2508
2509
2500
2509
2510
2501
2510
2511
2502
2511
2512
2503
2512
2513
2504
2513
2514
2505
2514
2515
2506
2515
2516
2517
2518
2518
2519
2519
2520
2520
2521
2521
2522
2522
2523
2523
2524
2524
2525
2517
2526
2527
2518
2527
2528
2519
2528
2529
2520
2529
2530
2521
2530
2531
2522
2531
2532
2523
2532
2533
2524
2533
2534
2525
2534
2535
2526
2536
2527
2536
2537
2528
2537
2538
2529
2538
2539
2530
2539
2540
2531
2540
2541
2532
2541
2542
2533
2542
2543
2534
2543
2544
2535
2544
2545
2536
2546
2537
2546
2547
2538
2547
2548
2539
2548
2549
2540
2549
2550
2541
2550
2551
2542
2551
2552
2543
2552
2553
2544
2553
2554
2545
2554
2555
2546
2556
2547
2556
2557
2548
2557
2558
2549
2558
2559
2550
2559
2560
2551
2560
2561
2552
2561
2562
2553
2562
2563
2554
2563
2564
2555
2564
2565
2556
2566
2557
2566
2567
2558
2567
2568
2559
2568
2569
2560
2569
2570
2561
2570
2571
2562
2571
2572
2563
2572
2573
2564
2573
2574
2565
2574
2575
2566
2576
2567
2576
2577
2568
2577
2578
2569
2578
2579
2570
2579
2580
2571
2580
2581
2572
2581
2582
2573
2582
2583
2574
2583
2584
2575
2584
2585
2576
2586
2577
2586
2587
2578
2587
2588
2579
2588
2589
2580
2589
2590
2581
2590
2591
2582
2591
2592
2583
2592
2593
2584
2593
2594
2585
2594
2586
2595
2587
2595
2596
2588
2596
2597
2589
2597
2598
2590
2598
2599
2591
2599
2600
2592
2600
2601
2593
2601
2602
2594
2602
2595
2603
2596
2603
2604
2597
2604
2605
2598
2605
2606
2599
2606
2607
2600
2607
2608
2601
2608
2609
2602
2609
2603
2610
2604
2610
2611
2605
2611
2612
2606
2612
2613
2607
2613
2614
2608
2614
2615
2609
2615
2610
2616
2611
2616
2617
2612
2617
2618
2613
2618
2619
2614
2619
2620
2615
2620
2616
2621
2617
2621
2622
2618
2622
2623
2619
2623
2624
2620
2624
2621
2625
2622
2625
2626
2623
2626
2627
2624
2627
2625
2628
2626
2628
2629
2627
2629
2628
2630
2629
2630
2631
2631
2632
2632
2633
2633
2634
2634
2635
2635
2636
2636
2637
2637
2638
2638
2639
2630
2640
2631
2640
2641
2632
2641
2642
2633
2642
2643
2634
2643
2644
2635
2644
2645
2636
2645
2646
2637
2646
2647
2638
2647
2648
2639
2648
2649
2640
2650
2641
2650
2651
2642
2651
2652
2643
2652
2653
2644
2653
2654
2645
2654
2655
2646
2655
2656
2647
2656
2657
2648
2657
2658
2649
2658
2659
2650
2660
2651
2660
2661
2652
2661
2662
2653
2662
2663
2654
2663
2664
2655
2664
2665
2656
2665
2666
2657
2666
2667
2658
2667
2668
2659
2668
2669
2660
2670
2661
2670
2671
2662
2671
2672
2663
2672
2673
2664
2673
2674
2665
2674
2675
2666
2675
2676
2667
2676
2677
2668
2677
2678
2669
2678
2679
2680
2681
2681
2682
2682
2683
2683
2684
2684
2685
2685
2686
2686
2687
2687
2688
2688
2689
2680
2690
2681
2690
2691
2682
2691
2692
2683
2692
2693
2684
2693
2694
2685
2694
2695
2686
2695
2696
2687
2696
2697
2688
2697
2698
2689
2698
2699
2690
2700
2691
2700
2701
2692
2701
2702
2693
2702
2703
2694
2703
2704
2695
2704
2705
2696
2705
2706
2697
2706
2707
2698
2707
2708
2699
2708
2709
2700
2710
2701
2710
2711
2702
2711
2712
2703
2712
2713
2704
2713
2714
2705
2714
2715
2706
2715
2716
2707
2716
2717
2708
2717
2718
2709
2718
2719
2710
2720
2711
2720
2721
2712
2721
2722
2713
2722
2723
2714
2723
2724
2715
2724
2725
2716
2725
2726
2717
2726
2727
2718
2727
2728
2719
2728
2729
2720
2730
2721
2730
2731
2722
2731
2732
2723
2732
2733
2724
2733
2734
2725
2734
2735
2726
2735
2736
2727
2736
2737
2728
2737
2738
2729
2738
2739
2730
2740
2731
2740
2741
2732
2741
2742
2733
2742
2743
2734
2743
2744
2735
2744
2745
2736
2745
2746
2737
2746
2747
2738
2747
2748
2739
2748
2740
2749
2741
2749
2750
2742
2750
2751
2743
2751
2752
2744
2752
2753
2745
2753
2754
2746
2754
2755
2747
2755
2756
2748
2756
2749
2757
2750
2757
2758
2751
2758
2759
2752
2759
2760
2753
2760
2761
2754
2761
2762
2755
2762
2763
2756
2763
2757
2764
2758
2764
2765
2759
2765
2766
2760
2766
2767
2761
2767
2768
2762
2768
2769
2763
2769
2764
2770
2765
2770
2771
2766
2771
2772
2767
2772
2773
2768
2773
2774
2769
2774
2770
2775
2771
2775
2776
2772
2776
2777
2773
2777
2778
2774
2778
2775
2779
2776
2779
2780
2777
2780
2781
2778
2781
2779
2782
2780
2782
2783
2781
2783
2782
2784
2783
2784
2784
2785
2785
2786
2786
2787
2787
2788
2788
2789
2789
2790
2790
2791
2791
2792
2792
2793
2793
2794
2785
2795
2786
2795
2796
2787
2796
2797
2788
2797
2798
2789
2798
2799
2790
2799
2800
2791
2800
2801
2792
2801
2802
2793
2802
2803
2794
2803
2804
2795
2805
2796
2805
2806
2797
2806
2807
2798
2807
2808
2799
2808
2809
2800
2809
2810
2801
2810
2811
2802
2811
2812
2803
2812
2813
2804
2813
2814
2805
2815
2806
2815
2816
2807
2816
2817
2808
2817
2818
2809
2818
2819
2810
2819
2820
2811
2820
2821
2812
2821
2822
2813
2822
2823
2814
2823
2824
2815
2825
2816
2825
2826
2817
2826
2827
2818
2827
2828
2819
2828
2829
2820
2829
2830
2821
2830
2831
2822
2831
2832
2823
2832
2833
2824
2833
2834
2835
2835
2836
2836
2837
2837
2838
2838
2839
2839
2840
2840
2841
2841
2842
2842
2843
2843
2844
2835
2845
2836
2845
2846
2837
2846
2847
2838
2847
2848
2839
2848
2849
2840
2849
2850
2841
2850
2851
2842
2851
2852
2843
2852
2853
2844
2853
2854
2845
2855
2846
2855
2856
2847
2856
2857
2848
2857
2858
2849
2858
2859
2850
2859
2860
2851
2860
2861
2852
2861
2862
2853
2862
2863
2854
2863
2864
2855
2865
2856
2865
2866
2857
2866
2867
2858
2867
2868
2859
2868
2869
2860
2869
2870
2861
2870
2871
2862
2871
2872
2863
2872
2873
2864
2873
2874
2865
2875
2866
2875
2876
2867
2876
2877
2868
2877
2878
2869
2878
2879
2870
2879
2880
2871
2880
2881
2872
2881
2882
2873
2882
2883
2874
2883
2884
2875
2885
2876
2885
2886
2877
2886
2887
2878
2887
2888
2879
2888
2889
2880
2889
2890
2881
2890
2891
2882
2891
2892
2883
2892
2893
2884
2893
2885
2894
2886
2894
2895
2887
2895
2896
2888
2896
2897
2889
2897
2898
2890
2898
2899
2891
2899
2900
2892
2900
2901
2893
2901
2894
2902
2895
2902
2903
2896
2903
2904
2897
2904
2905
2898
2905
2906
2899
2906
2907
2900
2907
2908
2901
2908
2902
2909
2903
2909
2910
2904
2910
2911
2905
2911
2912
2906
2912
2913
2907
2913
2914
2908
2914
2909
2915
2910
2915
2916
2911
2916
2917
2912
2917
2918
2913
2918
2919
2914
2919
2915
2920
2916
2920
2921
2917
2921
2922
2918
2922
2923
2919
2923
2920
2924
2921
2924
2925
2922
2925
2926
2923
2926
2924
2927
2925
2927
2928
2926
2928
2927
2929
2928
2929
2929
2930
2930
2931
2931
2932
2932
2933
2933
2934
2934
2935
2935
2936
2936
2937
2937
2938
2938
2939
2930
2940
2931
2940
2941
2932
2941
2942
2933
2942
2943
2934
2943
2944
2935
2944
2945
2936
2945
2946
2937
2946
2947
2938
2947
2948
2939
2948
2949
2940
2950
2941
2950
2951
2942
2951
2952
2943
2952
2953
2944
2953
2954
2945
2954
2955
2946
2955
2956
2947
2956
2957
2948
2957
2958
2949
2958
2959
2950
2960
2951
2960
2961
2952
2961
2962
2953
2962
2963
2954
2963
2964
2955
2964
2965
2956
2965
2966
2957
2966
2967
2958
2967
2968
2959
2968
2969
2960
2970
2961
2970
2971
2962
2971
2972
2963
2972
2973
2964
2973
2974
2965
2974
2975
2966
2975
2976
2967
2976
2977
2968
2977
2978
2969
2978
2979
2980
2980
2981
2981
2982
2982
2983
2983
2984
2984
2985
2985
2986
2986
2987
2987
2988
2988
2989
2980
2990
2981
2990
2991
2982
2991
2992
2983
2992
2993
2984
2993
2994
2985
2994
2995
2986
2995
2996
2987
2996
2997
2988
2997
2998
2989
2998
2999
2990
3000
2991
3000
3001
2992
3001
3002
2993
3002
3003
2994
3003
3004
2995
3004
3005
2996
3005
3006
2997
3006
3007
2998
3007
3008
2999
3008
3009
3000
3010
3001
3010
3011
3002
3011
3012
3003
3012
3013
3004
3013
3014
3005
3014
3015
3006
3015
3016
3007
3016
3017
3008
3017
3018
3009
3018
3019
3010
3020
3011
3020
3021
3012
3021
3022
3013
3022
3023
3014
3023
3024
3015
3024
3025
3016
3025
3026
3017
3026
3027
3018
3027
3028
3019
3028
3029
3020
3030
3021
3030
3031
3022
3031
3032
3023
3032
3033
3024
3033
3034
3025
3034
3035
3026
3035
3036
3027
3036
3037
3028
3037
3030
3038
3031
3038
3039
3032
3039
3040
3033
3040
3041
3034
3041
3042
3035
3042
3043
3036
3043
3044
3037
3044
3038
3045
3039
3045
3046
3040
3046
3047
3041
3047
3048
3042
3048
3049
3043
3049
3050
3044
3050
3045
3051
3046
3051
3052
3047
3052
3053
3048
3053
3054
3049
3054
3055
3050
3055
3051
3056
3052
3056
3057
3053
3057
3058
3054
3058
3059
3055
3059
3056
3060
3057
3060
3061
3058
3061
3062
3059
3062
3060
3063
3061
3063
3064
3062
3064
3063
3065
3064
3065
3065
3067
3067
3068
3068
3069
3069
3070
3070
3071
3071
3072
3072
3073
3073
3074
3074
3075
3066
3075
3076
3067
3077
3068
3077
3078
3069
3078
3079
3070
3079
3080
3071
3080
3081
3072
3081
3082
3073
3082
3083
3074
3083
3084
3075
3084
3085
3076
3085
3086
3077
3087
3078
3087
3088
3079
3088
3089
3080
3089
3090
3081
3090
3091
3082
3091
3092
3083
3092
3093
3084
3093
3094
3085
3094
3095
3086
3095
3096
3087
3097
3088
3097
3098
3089
3098
3099
3090
3099
3100
3091
3100
3101
3092
3101
3102
3093
3102
3103
3094
3103
3104
3095
3104
3105
3096
3105
3106
3097
3107
3098
3107
3108
3099
3108
3109
3100
3109
3110
3101
3110
3111
3102
3111
3112
3103
3112
3113
3104
3113
3114
3105
3114
3115
3106
3115
3116
3116
3117
3117
3118
3118
3119
3119
3120
3120
3121
3121
3122
3122
3123
3123
3124
3124
3125
3116
3126
3117
3126
3127
3118
3127
3128
3119
3128
3129
3120
3129
3130
3121
3130
3131
3122
3131
3132
3123
3132
3133
3124
3133
3134
3125
3134
3135
3126
3136
3127
3136
3137
3128
3137
3138
3129
3138
3139
3130
3139
3140
3131
3140
3141
3132
3141
3142
3133
3142
3143
3134
3143
3144
3135
3144
3145
3136
3146
3137
3146
3147
3138
3147
3148
3139
3148
3149
3140
3149
3150
3141
3150
3151
3142
3151
3152
3143
3152
3153
3144
3153
3154
3145
3154
3155
3146
3156
3147
3156
3157
3148
3157
3158
3149
3158
3159
3150
3159
3160
3151
3160
3161
3152
3161
3162
3153
3162
3163
3154
3163
3164
3155
3164
3165
3156
3166
3157
3166
3167
3158
3167
3168
3159
3168
3169
3160
3169
3170
3161
3170
3171
3162
3171
3172
3163
3172
3166
3173
3167
3173
3174
3168
3174
3175
3169
3175
3176
3170
3176
3177
3171
3177
3178
3172
3178
3173
3179
3174
3179
3180
3175
3180
3181
3176
3181
3182
3177
3182
3183
3178
3183
3179
3184
3180
3184
3185
3181
3185
3186
3182
3186
3187
3183
3187
3184
3188
3185
3188
3189
3186
3189
3190
3187
3190
3188
3191
3189
3191
3192
3190
3192
3191
3193
3192
3193
3193
3194
3195
3196
3197
3197
3198
3198
3199
3199
3200
3200
3201
3201
3202
3202
3203
3203
3204
3195
3204
3205
3196
3205
3206
3197
3207
3198
3207
3208
3199
3208
3209
3200
3209
3210
3201
3210
3211
3202
3211
3212
3203
3212
3213
3204
3213
3214
3205
3214
3215
3206
3215
3216
3207
3217
3208
3217
3218
3209
3218
3219
3210
3219
3220
3211
3220
3221
3212
3221
3222
3213
3222
3223
3214
3223
3224
3215
3224
3225
3216
3225
3226
3217
3227
3218
3227
3228
3219
3228
3229
3220
3229
3230
3221
3230
3231
3222
3231
3232
3223
3232
3233
3224
3233
3234
3225
3234
3235
3226
3235
3227
3236
3228
3236
3237
3229
3237
3238
3230
3238
3239
3231
3239
3240
3232
3240
3241
3233
3241
3242
3234
3242
3243
3235
3243
3244
3244
3245
3245
3246
3246
3247
3247
3248
3248
3249
3249
3250
3250
3251
3251
3252
3252
3253
3244
3254
3245
3254
3255
3246
3255
3256
3247
3256
3257
3248
3257
3258
3249
3258
3259
3250
3259
3260
3251
3260
3261
3252
3261
3262
3253
3262
3263
3254
3264
3255
3264
3265
3256
3265
3266
3257
3266
3267
3258
3267
3268
3259
3268
3269
3260
3269
3270
3261
3270
3271
3262
3271
3272
3263
3272
3273
3264
3274
3265
3274
3275
3266
3275
3276
3267
3276
3277
3268
3277
3278
3269
3278
3279
3270
3279
3280
3271
3280
3281
3272
3281
3282
3273
3282
3283
3274
3284
3275
3284
3285
3276
3285
3286
3277
3286
3287
3278
3287
3288
3279
3288
3289
3280
3289
3290
3281
3290
3291
3282
3291
3292
3283
3292
3293
3284
3294
3285
3294
3295
3286
3295
3296
3287
3296
3297
3288
3297
3298
3289
3298
3299
3290
3299
3294
3300
3295
3300
3301
3296
3301
3302
3297
3302
3303
3298
3303
3304
3299
3304
3300
3305
3301
3305
3306
3302
3306
3307
3303
3307
3308
3304
3308
3305
3309
3306
3309
3310
3307
3310
3311
3308
3311
3309
3312
3310
3312
3313
3311
3313
3312
3314
3313
3314
3314
3315
3316
3317
3316
3318
3319
3317
3319
3320
3321
3321
3322
3322
3323
3323
3324
3324
3325
3325
3326
3326
3327
3318
3327
3328
3319
3328
3329
3320
3329
3330
3321
3331
3322
3331
3332
3323
3332
3333
3324
3333
3334
3325
3334
3335
3326
3335
3336
3327
3336
3337
3328
3337
3338
3329
3338
3339
3330
3339
3340
3331
3341
3332
3341
3342
3333
3342
3343
3334
3343
3344
3335
3344
3345
3336
3345
3346
3337
3346
3347
3338
3347
3348
3339
3348
3349
3340
3349
3341
3350
3342
3350
3351
3343
3351
3352
3344
3352
3353
3345
3353
3354
3346
3354
3355
3347
3355
3356
3348
3356
3357
3349
3357
3350
3358
3351
3358
3359
3352
3359
3360
3353
3360
3361
3354
3361
3362
3355
3362
3363
3356
3363
3364
3357
3364
3365
3365
3366
3366
3367
3367
3368
3368
3369
3369
3370
3370
3371
3371
3372
3372
3373
3373
3374
3365
3375
3366
3375
3376
3367
3376
3377
3368
3377
3378
3369
3378
3379
3370
3379
3380
3371
3380
3381
3372
3381
3382
3373
3382
3383
3374
3383
3384
3375
3385
3376
3385
3386
3377
3386
3387
3378
3387
3388
3379
3388
3389
3380
3389
3390
3381
3390
3391
3382
3391
3392
3383
3392
3393
3384
3393
3394
3385
3395
3386
3395
3396
3387
3396
3397
3388
3397
3398
3389
3398
3399
3390
3399
3400
3391
3400
3401
3392
3401
3402
3393
3402
3403
3394
3403
3404
3395
3405
3396
3405
3406
3397
3406
3407
3398
3407
3408
3399
3408
3409
3400
3409
3410
3401
3410
3411
3402
3411
3412
3403
3412
3413
3404
3413
3414
3405
3415
3406
3415
3416
3407
3416
3417
3408
3417
3418
3409
3418
3419
3410
3419
3415
3420
3416
3420
3421
3417
3421
3422
3418
3422
3423
3419
3423
3420
3424
3421
3424
3425
3422
3425
3426
3423
3426
3424
3427
3425
3427
3428
3426
3428
3427
3429
3428
3429
3429
3430
3431
3432
3431
3433
3434
3432
3434
3435
3433
3436
3437
3434
3437
3438
3435
3438
3439
3440
3440
3441
3441
3442
3442
3443
3443
3444
3444
3445
3436
3445
3446
3437
3446
3447
3438
3447
3448
3439
3448
3449
3440
3450
3441
3450
3451
3442
3451
3452
3443
3452
3453
3444
3453
3454
3445
3454
3455
3446
3455
3456
3447
3456
3457
3448
3457
3458
3449
3458
3450
3459
3451
3459
3460
3452
3460
3461
3453
3461
3462
3454
3462
3463
3455
3463
3464
3456
3464
3465
3457
3465
3466
3458
3466
3459
3467
3460
3467
3468
3461
3468
3469
3462
3469
3470
3463
3470
3471
3464
3471
3472
3465
3472
3473
3466
3473
3467
3474
3468
3474
3475
3469
3475
3476
3470
3476
3477
3471
3477
3478
3472
3478
3479
3473
3479
3480
3480
3481
3481
3482
3482
3483
3483
3484
3484
3485
3485
3486
3486
3487
3487
3488
3488
3489
3480
3490
3481
3490
3491
3482
3491
3492
3483
3492
3493
3484
3493
3494
3485
3494
3495
3486
3495
3496
3487
3496
3497
3488
3497
3498
3489
3498
3499
3490
3500
3491
3500
3501
3492
3501
3502
3493
3502
3503
3494
3503
3504
3495
3504
3505
3496
3505
3506
3497
3506
3507
3498
3507
3508
3499
3508
3509
3500
3510
3501
3510
3511
3502
3511
3512
3503
3512
3513
3504
3513
3514
3505
3514
3515
3506
3515
3516
3507
3516
3517
3508
3517
3518
3509
3518
3519
3510
3520
3511
3520
3521
3512
3521
3522
3513
3522
3523
3514
3523
3524
3515
3524
3525
3516
3525
3526
3517
3526
3527
3518
3527
3528
3519
3528
3529
3520
3530
3521
3530
3531
3522
3531
3532
3523
3532
3533
3524
3533
3530
3534
3531
3534
3535
3532
3535
3536
3533
3536
3534
3537
3535
3537
3538
3536
3538
3537
3539
3538
3539
3539
3540
3541
3542
3541
3543
3544
3542
3544
3545
3543
3546
3547
3544
3547
3548
3545
3548
3549
3546
3550
3551
3547
3551
3552
3548
3552
3553
3549
3553
3554
3555
3555
3556
3556
3557
3557
3558
3558
3559
3550
3559
3560
3551
3560
3561
3552
3561
3562
3553
3562
3563
3554
3563
3555
3564
3556
3564
3565
3557
3565
3566
3558
3566
3567
3559
3567
3568
3560
3568
3569
3561
3569
3570
3562
3570
3571
3563
3571
3564
3572
3565
3572
3573
3566
3573
3574
3567
3574
3575
3568
3575
3576
3569
3576
3577
3570
3577
3578
3571
3578
3572
3579
3573
3579
3580
3574
3580
3581
3575
3581
3582
3576
3582
3583
3577
3583
3584
3578
3584
3579
3585
3580
3585
3586
3581
3586
3587
3582
3587
3588
3583
3588
3589
3584
3589
3590
3590
3591
3591
3592
3592
3593
3593
3594
3594
3595
3595
3596
3596
3597
3597
3598
3598
3599
3590
3600
3591
3600
3601
3592
3601
3602
3593
3602
3603
3594
3603
3604
3595
3604
3605
3596
3605
3606
3597
3606
3607
3598
3607
3608
3599
3608
3609
3600
3610
3601
3610
3611
3602
3611
3612
3603
3612
3613
3604
3613
3614
3605
3614
3615
3606
3615
3616
3607
3616
3617
3608
3617
3618
3609
3618
3619
3610
3620
3611
3620
3621
3612
3621
3622
3613
3622
3623
3614
3623
3624
3615
3624
3625
3616
3625
3626
3617
3626
3627
3618
3627
3628
3619
3628
3629
3620
3630
3621
3630
3631
3622
3631
3632
3623
3632
3633
3624
3633
3634
3625
3634
3635
3626
3635
3636
3627
3636
3637
3628
3637
3638
3629
3638
3639
3630
3640
3631
3640
3641
3632
3641
3642
3633
3642
3640
3643
3641
3643
3644
3642
3644
3643
3645
3644
3645
3645
3646
3647
3648
3647
3649
3650
3648
3650
3651
3649
3652
3653
3650
3653
3654
3651
3654
3655
3652
3656
3657
3653
3657
3658
3654
3658
3659
3655
3659
3660
3656
3661
3662
3657
3662
3663
3658
3663
3664
3659
3664
3665
3660
3665
3666
3666
3667
3667
3668
3668
3669
3661
3669
3670
3662
3670
3671
3663
3671
3672
3664
3672
3673
3665
3673
3666
3674
3667
3674
3675
3668
3675
3676
3669
3676
3677
3670
3677
3678
3671
3678
3679
3672
3679
3680
3673
3680
3674
3681
3675
3681
3682
3676
3682
3683
3677
3683
3684
3678
3684
3685
3679
3685
3686
3680
3686
3681
3687
3682
3687
3688
3683
3688
3689
3684
3689
3690
3685
3690
3691
3686
3691
3687
3692
3688
3692
3693
3689
3693
3694
3690
3694
3695
3691
3695
3696
3696
3697
3697
3698
3698
3699
3699
3700
3700
3701
3701
3702
3702
3703
3703
3704
3704
3705
3696
3706
3697
3706
3707
3698
3707
3708
3699
3708
3709
3700
3709
3710
3701
3710
3711
3702
3711
3712
3703
3712
3713
3704
3713
3714
3705
3714
3715
3706
3716
3707
3716
3717
3708
3717
3718
3709
3718
3719
3710
3719
3720
3711
3720
3721
3712
3721
3722
3713
3722
3723
3714
3723
3724
3715
3724
3725
3716
3726
3717
3726
3727
3718
3727
3728
3719
3728
3729
3720
3729
3730
3721
3730
3731
3722
3731
3732
3723
3732
3733
3724
3733
3734
3725
3734
3735
3726
3736
3727
3736
3737
3728
3737
3738
3729
3738
3739
3730
3739
3740
3731
3740
3741
3732
3741
3742
3733
3742
3743
3734
3743
3744
3735
3744
3745
3736
3746
3737
3746
3747
3738
3747
3746
3748
3747
3748
3748
3749
3750
3751
3750
3752
3753
3751
3753
3754
3752
3755
3756
3753
3756
3757
3754
3757
3758
3755
3759
3760
3756
3760
3761
3757
3761
3762
3758
3762
3763
3759
3764
3765
3760
3765
3766
3761
3766
3767
3762
3767
3768
3763
3768
3764
3769
3770
3765
3770
3771
3766
3771
3772
3767
3772
3773
3768
3773
3774
3774
3775
3775
3776
3769
3776
3777
3770
3777
3778
3771
3778
3779
3772
3779
3780
3773
3780
3774
3781
3775
3781
3782
3776
3782
3783
3777
3783
3784
3778
3784
3785
3779
3785
3786
3780
3786
3781
3787
3782
3787
3788
3783
3788
3789
3784
3789
3790
3785
3790
3791
3786
3791
3787
3792
3788
3792
3793
3789
3793
3794
3790
3794
3795
3791
3795
3792
3796
3793
3796
3797
3794
3797
3798
3795
3798
3799
3799
3800
3800
3801
3801
3802
3802
3803
3803
3804
3804
3805
3805
3806
3806
3807
3807
3808
3799
3809
3800
3809
3810
3801
3810
3811
3802
3811
3812
3803
3812
3813
3804
3813
3814
3805
3814
3815
3806
3815
3816
3807
3816
3817
3808
3817
3818
3809
3819
3810
3819
3820
3811
3820
3821
3812
3821
3822
3813
3822
3823
3814
3823
3824
3815
3824
3825
3816
3825
3826
3817
3826
3827
3818
3827
3828
3819
3829
3820
3829
3830
3821
3830
3831
3822
3831
3832
3823
3832
3833
3824
3833
3834
3825
3834
3835
3826
3835
3836
3827
3836
3837
3828
3837
3838
3829
3839
3830
3839
3840
3831
3840
3841
3832
3841
3842
3833
3842
3843
3834
3843
3844
3835
3844
3845
3836
3845
3846
3837
3846
3847
3838
3847
3848
3839
3849
3840
3849
3849
3850
3851
3852
3851
3853
3854
3852
3854
3855
3853
3856
3857
3854
3857
3858
3855
3858
3859
3856
3860
3861
3857
3861
3862
3858
3862
3863
3859
3863
3864
3860
3865
3866
3861
3866
3867
3862
3867
3868
3863
3868
3869
3864
3869
3865
3870
3871
3866
3871
3872
3867
3872
3873
3868
3873
3874
3869
3874
3870
3875
3876
3871
3876
3877
3872
3877
3878
3873
3878
3879
3874
3879
3880
3880
3881
3875
3881
3882
3876
3882
3883
3877
3883
3884
3878
3884
3885
3879
3885
3880
3886
3881
3886
3887
3882
3887
3888
3883
3888
3889
3884
3889
3890
3885
3890
3886
3891
3887
3891
3892
3888
3892
3893
3889
3893
3894
3890
3894
3891
3895
3892
3895
3896
3893
3896
3897
3894
3897
3895
3898
3896
3898
3899
3897
3899
3900
3900
3901
3901
3902
3902
3903
3903
3904
3904
3905
3905
3906
3906
3907
3907
3908
3908
3909
3900
3910
3901
3910
3911
3902
3911
3912
3903
3912
3913
3904
3913
3914
3905
3914
3915
3906
3915
3916
3907
3916
3917
3908
3917
3918
3909
3918
3919
3910
3920
3911
3920
3921
3912
3921
3922
3913
3922
3923
3914
3923
3924
3915
3924
3925
3916
3925
3926
3917
3926
3927
3918
3927
3928
3919
3928
3929
3920
3930
3921
3930
3931
3922
3931
3932
3923
3932
3933
3924
3933
3934
3925
3934
3935
3926
3935
3936
3927
3936
3937
3928
3937
3938
3929
3938
3939
3930
3940
3931
3940
3941
3932
3941
3942
3933
3942
3943
3934
3943
3944
3935
3944
3945
3936
3945
3946
3937
3946
3947
3938
3947
3948
3939
3948
3949
3940
3950
3951
3952
3951
3953
3954
3952
3954
3955
3953
3956
3957
3954
3957
3958
3955
3958
3959
3956
3960
3961
3957
3961
3962
3958
3962
3963
3959
3963
3964
3960
3965
3966
3961
3966
3967
3962
3967
3968
3963
3968
3969
3964
3969
3965
3970
3971
3966
3971
3972
3967
3972
3973
3968
3973
3974
3969
3974
3970
3975
3976
3971
3976
3977
3972
3977
3978
3973
3978
3979
3974
3979
3975
3980
3981
3976
3981
3982
3977
3982
3983
3978
3983
3984
3979
3984
3985
3980
3985
3986
3981
3986
3987
3982
3987
3988
3983
3988
3989
3984
3989
3985
3990
3986
3990
3991
3987
3991
3992
3988
3992
3993
3989
3993
3990
3994
3991
3994
3995
3992
3995
3996
3993
3996
3994
3997
3995
3997
3998
3996
3998
3997
3999
3998
3999
4000
4000
4001
4001
4002
4002
4003
4003
4004
4004
4005
4005
4006
4006
4007
4007
4008
4008
4009
4000
4010
4001
4010
4011
4002
4011
4012
4003
4012
4013
4004
4013
4014
4005
4014
4015
4006
4015
4016
4007
4016
4017
4008
4017
4018
4009
4018
4019
4010
4020
4011
4020
4021
4012
4021
4022
4013
4022
4023
4014
4023
4024
4015
4024
4025
4016
4025
4026
4017
4026
4027
4018
4027
4028
4019
4028
4029
4020
4030
4021
4030
4031
4022
4031
4032
4023
4032
4033
4024
4033
4034
4025
4034
4035
4026
4035
4036
4027
4036
4037
4028
4037
4038
4029
4038
4039
4030
4040
4031
4040
4041
4032
4041
4042
4033
4042
4043
4034
4043
4044
4035
4044
4045
4036
4045
4046
4037
4046
4047
4038
4047
4048
4039
4048
4049
4050
4051
4052
4051
4053
4054
4052
4054
4055
4053
4056
4057
4054
4057
4058
4055
4058
4059
4056
4060
4061
4057
4061
4062
4058
4062
4063
4059
4063
4064
4060
4065
4066
4061
4066
4067
4062
4067
4068
4063
4068
4069
4064
4069
4065
4070
4071
4066
4071
4072
4067
4072
4073
4068
4073
4074
4069
4074
4070
4075
4076
4071
4076
4077
4072
4077
4078
4073
4078
4079
4074
4079
4075
4080
4081
4076
4081
4082
4077
4082
4083
4078
4083
4084
4079
4084
4080
4085
4086
4081
4086
4087
4082
4087
4088
4083
4088
4089
4084
4089
4085
4090
4086
4090
4091
4087
4091
4092
4088
4092
4093
4089
4093
4090
4094
4091
4094
4095
4092
4095
4096
4093
4096
4094
4097
4095
4097
4098
4096
4098
4097
4099
4098
4099
4099
4100
4100
4101
4101
4102
4102
4103
4103
4104
4104
4105
4105
4106
4106
4107
4107
4108
4108
4109
4100
4110
4101
4110
4111
4102
4111
4112
4103
4112
4113
4104
4113
4114
4105
4114
4115
4106
4115
4116
4107
4116
4117
4108
4117
4118
4109
4118
4119
4110
4120
4111
4120
4121
4112
4121
4122
4113
4122
4123
4114
4123
4124
4115
4124
4125
4116
4125
4126
4117
4126
4127
4118
4127
4128
4119
4128
4129
4120
4130
4121
4130
4131
4122
4131
4132
4123
4132
4133
4124
4133
4134
4125
4134
4135
4126
4135
4136
4127
4136
4137
4128
4137
4138
4129
4138
4139
4130
4140
4131
4140
4141
4132
4141
4142
4133
4142
4143
4134
4143
4144
4135
4144
4145
4136
4145
4146
4137
4146
4147
4138
4147
4148
4139
4148
4149
4149
4150
4151
4150
4152
4153
4151
4153
4154
4152
4155
4156
4153
4156
4157
4154
4157
4158
4155
4159
4160
4156
4160
4161
4157
4161
4162
4158
4162
4163
4159
4164
4165
4160
4165
4166
4161
4166
4167
4162
4167
4168
4163
4168
4164
4169
4170
4165
4170
4171
4166
4171
4172
4167
4172
4173
4168
4173
4169
4174
4175
4170
4175
4176
4171
4176
4177
4172
4177
4178
4173
4178
4174
4179
4180
4175
4180
4181
4176
4181
4182
4177
4182
4183
4178
4183
4179
4184
4185
4180
4185
4186
4181
4186
4187
4182
4187
4188
4183
4188
4184
4189
4185
4189
4190
4186
4190
4191
4187
4191
4192
4188
4192
4189
4193
4190
4193
4194
4191
4194
4195
4192
4195
4193
4196
4194
4196
4197
4195
4197
4196
4198
4197
4198
4198
4199
4199
4200
4200
4201
4201
4202
4202
4203
4203
4204
4204
4205
4205
4206
4206
4207
4207
4208
4199
4209
4200
4209
4210
4201
4210
4211
4202
4211
4212
4203
4212
4213
4204
4213
4214
4205
4214
4215
4206
4215
4216
4207
4216
4217
4208
4217
4218
4209
4219
4210
4219
4220
4211
4220
4221
4212
4221
4222
4213
4222
4223
4214
4223
4224
4215
4224
4225
4216
4225
4226
4217
4226
4227
4218
4227
4228
4219
4229
4220
4229
4230
4221
4230
4231
4222
4231
4232
4223
4232
4233
4224
4233
4234
4225
4234
4235
4226
4235
4236
4227
4236
4237
4228
4237
4238
4229
4239
4230
4239
4240
4231
4240
4241
4232
4241
4242
4233
4242
4243
4234
4243
4244
4235
4244
4245
4236
4245
4246
4237
4246
4247
4238
4247
4248
4247
4249
4250
4248
4250
4251
4249
4252
4253
4250
4253
4254
4251
4254
4255
4252
4256
4257
4253
4257
4258
4254
4258
4259
4255
4259
4260
4256
4261
4262
4257
4262
4263
4258
4263
4264
4259
4264
4265
4260
4265
4261
4266
4267
4262
4267
4268
4263
4268
4269
4264
4269
4270
4265
4270
4266
4271
4272
4267
4272
4273
4268
4273
4274
4269
4274
4275
4270
4275
4271
4276
4277
4272
4277
4278
4273
4278
4279
4274
4279
4280
4275
4280
4276
4281
4282
4277
4282
4283
4278
4283
4284
4279
4284
4285
4280
4285
4281
4286
4282
4286
4287
4283
4287
4288
4284
4288
4289
4285
4289
4286
4290
4287
4290
4291
4288
4291
4292
4289
4292
4290
4293
4291
4293
4294
4292
4294
4293
4295
4294
4295
4295
4296
4296
4297
4297
4298
4298
4299
4299
4300
4300
4301
4301
4302
4302
4303
4303
4304
4304
4305
4296
4306
4297
4306
4307
4298
4307
4308
4299
4308
4309
4300
4309
4310
4301
4310
4311
4302
4311
4312
4303
4312
4313
4304
4313
4314
4305
4314
4315
4306
4316
4307
4316
4317
4308
4317
4318
4309
4318
4319
4310
4319
4320
4311
4320
4321
4312
4321
4322
4313
4322
4323
4314
4323
4324
4315
4324
4325
4316
4326
4317
4326
4327
4318
4327
4328
4319
4328
4329
4320
4329
4330
4321
4330
4331
4322
4331
4332
4323
4332
4333
4324
4333
4334
4325
4334
4335
4326
4336
4327
4336
4337
4328
4337
4338
4329
4338
4339
4330
4339
4340
4331
4340
4341
4332
4341
4342
4333
4342
4343
4334
4343
4344
4335
4344
4345
4343
4346
4347
4344
4347
4348
4345
4348
4349
4346
4350
4351
4347
4351
4352
4348
4352
4353
4349
4353
4354
4350
4355
4356
4351
4356
4357
4352
4357
4358
4353
4358
4359
4354
4359
4355
4360
4361
4356
4361
4362
4357
4362
4363
4358
4363
4364
4359
4364
4360
4365
4366
4361
4366
4367
4362
4367
4368
4363
4368
4369
4364
4369
4365
4370
4371
4366
4371
4372
4367
4372
4373
4368
4373
4374
4369
4374
4370
4375
4376
4371
4376
4377
4372
4377
4378
4373
4378
4379
4374
4379
4375
4380
4376
4380
4381
4377
4381
4382
4378
4382
4383
4379
4383
4380
4384
4381
4384
4385
4382
4385
4386
4383
4386
4384
4387
4385
4387
4388
4386
4388
4387
4389
4388
4389
4389
4390
4390
4391
4391
4392
4392
4393
4393
4394
4394
4395
4395
4396
4396
4397
4397
4398
4398
4399
4390
4400
4391
4400
4401
4392
4401
4402
4393
4402
4403
4394
4403
4404
4395
4404
4405
4396
4405
4406
4397
4406
4407
4398
4407
4408
4399
4408
4409
4400
4410
4401
4410
4411
4402
4411
4412
4403
4412
4413
4404
4413
4414
4405
4414
4415
4406
4415
4416
4407
4416
4417
4408
4417
4418
4409
4418
4419
4410
4420
4411
4420
4421
4412
4421
4422
4413
4422
4423
4414
4423
4424
4415
4424
4425
4416
4425
4426
4417
4426
4427
4418
4427
4428
4419
4428
4429
4420
4430
4421
4430
4431
4422
4431
4432
4423
4432
4433
4424
4433
4434
4425
4434
4435
4426
4435
4436
4427
4436
4437
4428
4437
4438
4429
4438
4439
4436
4440
4441
4437
4441
4442
4438
4442
4443
4439
4443
4444
4440
4445
4446
4441
4446
4447
4442
4447
4448
4443
4448
4449
4444
4449
4445
4450
4451
4446
4451
4452
4447
4452
4453
4448
4453
4454
4449
4454
4450
4455
4456
4451
4456
4457
4452
4457
4458
4453
4458
4459
4454
4459
4455
4460
4461
4456
4461
4462
4457
4462
4463
4458
4463
4464
4459
4464
4460
4465
4466
4461
4466
4467
4462
4467
4468
4463
4468
4469
4464
4469
4465
4470
4466
4470
4471
4467
4471
4472
4468
4472
4473
4469
4473
4470
4474
4471
4474
4475
4472
4475
4476
4473
4476
4474
4477
4475
4477
4478
4476
4478
4477
4479
4478
4479
4479
4480
4480
4481
4481
4482
4482
4483
4483
4484
4484
4485
4485
4486
4486
4487
4487
4488
4488
4489
4480
4490
4481
4490
4491
4482
4491
4492
4483
4492
4493
4484
4493
4494
4485
4494
4495
4486
4495
4496
4487
4496
4497
4488
4497
4498
4489
4498
4499
4490
4500
4491
4500
4501
4492
4501
4502
4493
4502
4503
4494
4503
4504
4495
4504
4505
4496
4505
4506
4497
4506
4507
4498
4507
4508
4499
4508
4509
4500
4510
4501
4510
4511
4502
4511
4512
4503
4512
4513
4504
4513
4514
4505
4514
4515
4506
4515
4516
4507
4516
4517
4508
4517
4518
4509
4518
4519
4510
4520
4511
4520
4521
4512
4521
4522
4513
4522
4523
4514
4523
4524
4515
4524
4525
4516
4525
4526
4517
4526
4527
4518
4527
4528
4519
4528
4529
4525
4530
4531
4526
4531
4532
4527
4532
4533
4528
4533
4534
4529
4534
4530
4535
4536
4531
4536
4537
4532
4537
4538
4533
4538
4539
4534
4539
4535
4540
4541
4536
4541
4542
4537
4542
4543
4538
4543
4544
4539
4544
4540
4545
4546
4541
4546
4547
4542
4547
4548
4543
4548
4549
4544
4549
4545
4550
4551
4546
4551
4552
4547
4552
4553
4548
4553
4554
4549
4554
4550
4555
4551
4555
4556
4552
4556
4557
4553
4557
4558
4554
4558
4555
4559
4556
4559
4560
4557
4560
4561
4558
4561
4559
4562
4560
4562
4563
4561
4563
4562
4564
4563
4564
4564
4565
4565
4566
4566
4567
4567
4568
4568
4569
4569
4570
4570
4571
4571
4572
4572
4573
4573
4574
4565
4575
4566
4575
4576
4567
4576
4577
4568
4577
4578
4569
4578
4579
4570
4579
4580
4571
4580
4581
4572
4581
4582
4573
4582
4583
4574
4583
4584
4575
4585
4576
4585
4586
4577
4586
4587
4578
4587
4588
4579
4588
4589
4580
4589
4590
4581
4590
4591
4582
4591
4592
4583
4592
4593
4584
4593
4594
4585
4595
4586
4595
4596
4587
4596
4597
4588
4597
4598
4589
4598
4599
4590
4599
4600
4591
4600
4601
4592
4601
4602
4593
4602
4603
4594
4603
4604
4595
4605
4596
4605
4606
4597
4606
4607
4598
4607
4608
4599
4608
4609
4600
4609
4610
4601
4610
4611
4602
4611
4612
4603
4612
4613
4604
4613
4609
4614
4615
4610
4615
4616
4611
4616
4617
4612
4617
4618
4613
4618
4614
4619
4620
4615
4620
4621
4616
4621
4622
4617
4622
4623
4618
4623
4619
4624
4625
4620
4625
4626
4621
4626
4627
4622
4627
4628
4623
4628
4624
4629
4630
4625
4630
4631
4626
4631
4632
4627
4632
4633
4628
4633
4629
4634
4630
4634
4635
4631
4635
4636
4632
4636
4637
4633
4637
4634
4638
4635
4638
4639
4636
4639
4640
4637
4640
4638
4641
4639
4641
4642
4640
4642
4641
4643
4642
4643
4643
4644
4644
4645
4645
4646
4646
4647
4647
4648
4648
4649
4649
4650
4650
4651
4651
4652
4652
4653
4644
4654
4645
4654
4655
4646
4655
4656
4647
4656
4657
4648
4657
4658
4649
4658
4659
4650
4659
4660
4651
4660
4661
4652
4661
4662
4653
4662
4663
4654
4664
4655
4664
4665
4656
4665
4666
4657
4666
4667
4658
4667
4668
4659
4668
4669
4660
4669
4670
4661
4670
4671
4662
4671
4672
4663
4672
4673
4664
4674
4665
4674
4675
4666
4675
4676
4667
4676
4677
4668
4677
4678
4669
4678
4679
4670
4679
4680
4671
4680
4681
4672
4681
4682
4673
4682
4674
4683
4675
4683
4684
4676
4684
4685
4677
4685
4686
4678
4686
4687
4679
4687
4688
4680
4688
4689
4681
4689
4690
4682
4690
4686
4691
4692
4687
4692
4693
4688
4693
4694
4689
4694
4695
4690
4695
4691
4696
4697
4692
4697
4698
4693
4698
4699
4694
4699
4700
4695
4700
4696
4701
4702
4697
4702
4703
4698
4703
4704
4699
4704
4705
4700
4705
4701
4706
4702
4706
4707
4703
4707
4708
4704
4708
4709
4705
4709
4706
4710
4707
4710
4711
4708
4711
4712
4709
4712
4710
4713
4711
4713
4714
4712
4714
4713
4715
4714
4715
4715
4716
4716
4717
4717
4718
4718
4719
4719
4720
4720
4721
4721
4722
4722
4723
4723
4724
4724
4725
4716
4726
4717
4726
4727
4718
4727
4728
4719
4728
4729
4720
4729
4730
4721
4730
4731
4722
4731
4732
4723
4732
4733
4724
4733
4734
4725
4734
4735
4726
4736
4727
4736
4737
4728
4737
4738
4729
4738
4739
4730
4739
4740
4731
4740
4741
4732
4741
4742
4733
4742
4743
4734
4743
4744
4735
4744
4736
4745
4737
4745
4746
4738
4746
4747
4739
4747
4748
4740
4748
4749
4741
4749
4750
4742
4750
4751
4743
4751
4752
4744
4752
4745
4753
4746
4753
4754
4747
4754
4755
4748
4755
4756
4749
4756
4757
4750
4757
4758
4751
4758
4759
4752
4759
4755
4760
4761
4756
4761
4762
4757
4762
4763
4758
4763
4764
4759
4764
4760
4765
4766
4761
4766
4767
4762
4767
4768
4763
4768
4769
4764
4769
4765
4770
4766
4770
4771
4767
4771
4772
4768
4772
4773
4769
4773
4770
4774
4771
4774
4775
4772
4775
4776
4773
4776
4774
4777
4775
4777
4778
4776
4778
4777
4779
4778
4779
4779
4780
4780
4781
4781
4782
4782
4783
4783
4784
4784
4785
4785
4786
4786
4787
4787
4788
4788
4789
4780
4790
4781
4790
4791
4782
4791
4792
4783
4792
4793
4784
4793
4794
4785
4794
4795
4786
4795
4796
4787
4796
4797
4788
4797
4798
4789
4798
4790
4799
4791
4799
4800
4792
4800
4801
4793
4801
4802
4794
4802
4803
4795
4803
4804
4796
4804
4805
4797
4805
4806
4798
4806
4799
4807
4800
4807
4808
4801
4808
4809
4802
4809
4810
4803
4810
4811
4804
4811
4812
4805
4812
4813
4806
4813
4807
4814
4808
4814
4815
4809
4815
4816
4810
4816
4817
4811
4817
4818
4812
4818
4819
4813
4819
4815
4820
4821
4816
4821
4822
4817
4822
4823
4818
4823
4824
4819
4824
4820
4825
4821
4825
4826
4822
4826
4827
4823
4827
4828
4824
4828
4825
4829
4826
4829
4830
4827
4830
4831
4828
4831
4829
4832
4830
4832
4833
4831
4833
4832
4834
4833
4834
4834
4835
4835
4836
4836
4837
4837
4838
4838
4839
4839
4840
4840
4841
4841
4842
4842
4843
4843
4835
4844
4836
4844
4845
4837
4845
4846
4838
4846
4847
4839
4847
4848
4840
4848
4849
4841
4849
4850
4842
4850
4851
4843
4851
4844
4852
4845
4852
4853
4846
4853
4854
4847
4854
4855
4848
4855
4856
4849
4856
4857
4850
4857
4858
4851
4858
4852
4859
4853
4859
4860
4854
4860
4861
4855
4861
4862
4856
4862
4863
4857
4863
4864
4858
4864
4859
4865
4860
4865
4866
4861
4866
4867
4862
4867
4868
4863
4868
4869
4864
4869
4865
4870
4866
4870
4871
4867
4871
4872
4868
4872
4873
4869
4873
4870
4874
4871
4874
4875
4872
4875
4876
4873
4876
4874
4877
4875
4877
4878
4876
4878
4877
4879
4878
4879
4879
4880
4880
4881
4881
4882
4882
4883
4883
4884
4884
4885
4885
4886
4886
4887
4887
4880
4888
4881
4888
4889
4882
4889
4890
4883
4890
4891
4884
4891
4892
4885
4892
4893
4886
4893
4894
4887
4894
4888
4895
4889
4895
4896
4890
4896
4897
4891
4897
4898
4892
4898
4899
4893
4899
4900
4894
4900
4895
4901
4896
4901
4902
4897
4902
4903
4898
4903
4904
4899
4904
4905
4900
4905
4901
4906
4902
4906
4907
4903
4907
4908
4904
4908
4909
4905
4909
4906
4910
4907
4910
4911
4908
4911
4912
4909
4912
4910
4913
4911
4913
4914
4912
4914
4913
4915
4914
4915
4915
4916
4916
4917
4917
4918
4918
4919
4919
4920
4920
4921
4921
4922
4922
4916
4923
4917
4923
4924
4918
4924
4925
4919
4925
4926
4920
4926
4927
4921
4927
4928
4922
4928
4923
4929
4924
4929
4930
4925
4930
4931
4926
4931
4932
4927
4932
4933
4928
4933
4929
4934
4930
4934
4935
4931
4935
4936
4932
4936
4937
4933
4937
4934
4938
4935
4938
4939
4936
4939
4940
4937
4940
4938
4941
4939
4941
4942
4940
4942
4941
4943
4942
4943
4943
4944
4944
4945
4945
4946
4946
4947
4947
4948
4948
4949
4949
4944
4950
4945
4950
4951
4946
4951
4952
4947
4952
4953
4948
4953
4954
4949
4954
4950
4955
4951
4955
4956
4952
4956
4957
4953
4957
4958
4954
4958
4955
4959
4956
4959
4960
4957
4960
4961
4958
4961
4959
4962
4960
4962
4963
4961
4963
4962
4964
4963
4964
4964
4965
4965
4966
4966
4967
4967
4968
4968
4969
4969
4965
4970
4966
4970
4971
4967
4971
4972
4968
4972
4973
4969
4973
4970
4974
4971
4974
4975
4972
4975
4976
4973
4976
4974
4977
4975
4977
4978
4976
4978
4977
4979
4978
4979
4979
4980
4980
4981
4981
4982
4982
4983
4983
4980
4984
4981
4984
4985
4982
4985
4986
4983
4986
4984
4987
4985
4987
4988
4986
4988
4987
4989
4988
4989
4989
4990
4990
4991
4991
4992
4992
4990
4993
4991
4993
4994
4992
4994
4993
4995
4994
4995
4995
4996
4996
4997
4997
4996
4998
4997
4998
4998
4999
4999
4999
)
)

// processor2

66223
(
13800
(
1
2
3
4
5
6
5
7
8
6
8
9
10
11
12
11
13
14
12
14
15
13
16
17
14
17
18
15
18
19
20
21
22
21
23
24
22
24
25
23
26
27
24
27
28
25
28
29
26
30
31
27
31
32
28
32
33
29
33
34
35
36
37
36
38
39
37
39
40
38
41
42
39
42
43
40
43
44
41
45
46
42
46
47
43
47
48
44
48
49
45
50
51
46
51
52
47
52
53
48
53
54
49
54
55
56
57
58
57
59
60
58
60
61
59
62
63
60
63
64
61
64
65
62
66
67
63
67
68
64
68
69
65
69
70
66
71
72
67
72
73
68
73
74
69
74
75
70
75
76
71
77
78
72
78
79
73
79
80
74
80
81
75
81
82
76
82
83
84
85
86
85
87
88
86
88
89
87
90
91
88
91
92
89
92
93
90
94
95
91
95
96
92
96
97
93
97
98
94
99
100
95
100
101
96
101
102
97
102
103
98
103
104
99
105
106
100
106
107
101
107
108
102
108
109
103
109
110
104
110
111
105
112
113
106
113
114
107
114
115
108
115
116
109
116
117
110
117
118
111
118
119
120
121
122
121
123
124
122
124
125
123
126
127
124
127
128
125
128
129
126
130
131
127
131
132
128
132
133
129
133
134
130
135
136
131
136
137
132
137
138
133
138
139
134
139
140
135
141
142
136
142
143
137
143
144
138
144
145
139
145
146
140
146
147
141
148
149
142
149
150
143
150
151
144
151
152
145
152
153
146
153
154
147
154
155
148
156
157
149
157
158
150
158
159
151
159
160
152
160
161
153
161
162
154
162
163
155
163
164
165
166
167
166
168
169
167
169
170
168
171
172
169
172
173
170
173
174
171
175
176
172
176
177
173
177
178
174
178
179
175
180
181
176
181
182
177
182
183
178
183
184
179
184
185
180
186
187
181
187
188
182
188
189
183
189
190
184
190
191
185
191
192
186
193
194
187
194
195
188
195
196
189
196
197
190
197
198
191
198
199
192
199
200
193
201
202
194
202
203
195
203
204
196
204
205
197
205
206
198
206
207
199
207
208
200
208
209
201
210
211
202
211
212
203
212
213
204
213
214
205
214
215
206
215
216
207
216
217
208
217
218
209
218
219
220
221
222
221
223
224
222
224
225
223
226
227
224
227
228
225
228
229
226
230
231
227
231
232
228
232
233
229
233
234
230
235
236
231
236
237
232
237
238
233
238
239
234
239
240
235
241
242
236
242
243
237
243
244
238
244
245
239
245
246
240
246
247
241
248
249
242
249
250
243
250
251
244
251
252
245
252
253
246
253
254
247
254
255
248
256
257
249
257
258
250
258
259
251
259
260
252
260
261
253
261
262
254
262
263
255
263
264
256
265
266
257
266
267
258
267
268
259
268
269
260
269
270
261
270
271
262
271
272
263
272
273
264
273
274
265
275
266
275
276
267
276
277
268
277
278
269
278
279
270
279
280
271
280
281
272
281
282
273
282
283
274
283
284
285
286
287
286
288
289
287
289
290
288
291
292
289
292
293
290
293
294
291
295
296
292
296
297
293
297
298
294
298
299
295
300
301
296
301
302
297
302
303
298
303
304
299
304
305
300
306
307
301
307
308
302
308
309
303
309
310
304
310
311
305
311
312
306
313
314
307
314
315
308
315
316
309
316
317
310
317
318
311
318
319
312
319
320
313
321
322
314
322
323
315
323
324
316
324
325
317
325
326
318
326
327
319
327
328
320
328
329
321
330
331
322
331
332
323
332
333
324
333
334
325
334
335
326
335
336
327
336
337
328
337
338
329
338
339
330
340
331
340
341
332
341
342
333
342
343
334
343
344
335
344
345
336
345
346
337
346
347
338
347
348
339
348
349
340
350
341
350
351
342
351
352
343
352
353
344
353
354
345
354
355
346
355
356
347
356
357
348
357
358
349
358
359
360
361
362
361
363
364
362
364
365
363
366
367
364
367
368
365
368
369
366
370
371
367
371
372
368
372
373
369
373
374
370
375
376
371
376
377
372
377
378
373
378
379
374
379
380
375
381
382
376
382
383
377
383
384
378
384
385
379
385
386
380
386
387
381
388
389
382
389
390
383
390
391
384
391
392
385
392
393
386
393
394
387
394
395
388
396
397
389
397
398
390
398
399
391
399
400
392
400
401
393
401
402
394
402
403
395
403
404
396
405
406
397
406
407
398
407
408
399
408
409
400
409
410
401
410
411
402
411
412
403
412
413
404
413
414
405
415
406
415
416
407
416
417
408
417
418
409
418
419
410
419
420
411
420
421
412
421
422
413
422
423
414
423
424
415
425
416
425
426
417
426
427
418
427
428
419
428
429
420
429
430
421
430
431
422
431
432
423
432
433
424
433
434
425
435
426
435
436
427
436
437
428
437
438
429
438
439
430
439
440
431
440
441
432
441
442
433
442
443
434
443
444
445
446
447
446
448
449
447
449
450
448
451
452
449
452
453
450
453
454
451
455
456
452
456
457
453
457
458
454
458
459
455
460
461
456
461
462
457
462
463
458
463
464
459
464
465
460
466
467
461
467
468
462
468
469
463
469
470
464
470
471
465
471
472
466
473
474
467
474
475
468
475
476
469
476
477
470
477
478
471
478
479
472
479
480
473
481
482
474
482
483
475
483
484
476
484
485
477
485
486
478
486
487
479
487
488
480
488
489
481
490
491
482
491
492
483
492
493
484
493
494
485
494
495
486
495
496
487
496
497
488
497
498
489
498
499
490
500
491
500
501
492
501
502
493
502
503
494
503
504
495
504
505
496
505
506
497
506
507
498
507
508
499
508
509
500
510
501
510
511
502
511
512
503
512
513
504
513
514
505
514
515
506
515
516
507
516
517
508
517
518
509
518
519
510
520
511
520
521
512
521
522
513
522
523
514
523
524
515
524
525
516
525
526
517
526
527
518
527
528
519
528
529
520
530
521
530
531
522
531
532
523
532
533
524
533
534
525
534
535
526
535
536
527
536
537
528
537
538
529
538
539
540
541
542
541
543
544
542
544
545
543
546
547
544
547
548
545
548
549
546
550
551
547
551
552
548
552
553
549
553
554
550
555
556
551
556
557
552
557
558
553
558
559
554
559
560
555
561
562
556
562
563
557
563
564
558
564
565
559
565
566
560
566
567
561
568
569
562
569
570
563
570
571
564
571
572
565
572
573
566
573
574
567
574
575
568
576
577
569
577
578
570
578
579
571
579
580
572
580
581
573
581
582
574
582
583
575
583
584
576
585
586
577
586
587
578
587
588
579
588
589
580
589
590
581
590
591
582
591
592
583
592
593
584
593
594
585
595
586
595
596
587
596
597
588
597
598
589
598
599
590
599
600
591
600
601
592
601
602
593
602
603
594
603
604
595
605
596
605
606
597
606
607
598
607
608
599
608
609
600
609
610
601
610
611
602
611
612
603
612
613
604
613
614
605
615
606
615
616
607
616
617
608
617
618
609
618
619
610
619
620
611
620
621
612
621
622
613
622
623
614
623
624
615
625
616
625
626
617
626
627
618
627
628
619
628
629
620
629
630
621
630
631
622
631
632
623
632
633
624
633
634
625
635
626
635
636
627
636
637
628
637
638
629
638
639
630
639
640
631
640
641
632
641
642
633
642
643
634
643
644
645
646
647
646
648
649
647
649
650
648
651
652
649
652
653
650
653
654
651
655
656
652
656
657
653
657
658
654
658
659
655
660
661
656
661
662
657
662
663
658
663
664
659
664
665
660
666
667
661
667
668
662
668
669
663
669
670
664
670
671
665
671
672
666
673
674
667
674
675
668
675
676
669
676
677
670
677
678
671
678
679
672
679
680
673
681
682
674
682
683
675
683
684
676
684
685
677
685
686
678
686
687
679
687
688
680
688
689
681
690
691
682
691
692
683
692
693
684
693
694
685
694
695
686
695
696
687
696
697
688
697
698
689
698
699
690
700
691
700
701
692
701
702
693
702
703
694
703
704
695
704
705
696
705
706
697
706
707
698
707
708
699
708
709
700
710
701
710
711
702
711
712
703
712
713
704
713
714
705
714
715
706
715
716
707
716
717
708
717
718
709
718
719
710
720
711
720
721
712
721
722
713
722
723
714
723
724
715
724
725
716
725
726
717
726
727
718
727
728
719
728
729
720
730
721
730
731
722
731
732
723
732
733
724
733
734
725
734
735
726
735
736
727
736
737
728
737
738
729
738
739
730
740
731
740
741
732
741
742
733
742
743
734
743
744
735
744
745
736
745
746
737
746
747
738
747
748
739
748
749
740
750
741
750
751
742
751
752
743
752
753
744
753
754
745
754
755
746
755
756
747
756
757
748
757
758
749
758
759
760
761
762
761
763
764
762
764
765
763
766
767
764
767
768
765
768
769
766
770
771
767
771
772
768
772
773
769
773
774
770
775
776
771
776
777
772
777
778
773
778
779
774
779
780
775
781
782
776
782
783
777
783
784
778
784
785
779
785
786
780
786
787
781
788
789
782
789
790
783
790
791
784
791
792
785
792
793
786
793
794
787
794
795
788
796
797
789
797
798
790
798
799
791
799
800
792
800
801
793
801
802
794
802
803
795
803
804
796
805
806
797
806
807
798
807
808
799
808
809
800
809
810
801
810
811
802
811
812
803
812
813
804
813
814
805
815
806
815
816
807
816
817
808
817
818
809
818
819
810
819
820
811
820
821
812
821
822
813
822
823
814
823
824
815
825
816
825
826
817
826
827
818
827
828
819
828
829
820
829
830
821
830
831
822
831
832
823
832
833
824
833
834
825
835
826
835
836
827
836
837
828
837
838
829
838
839
830
839
840
831
840
841
832
841
842
833
842
843
834
843
844
835
845
836
845
846
837
846
847
838
847
848
839
848
849
840
849
850
841
850
851
842
851
852
843
852
853
844
853
854
845
855
846
855
856
847
856
857
848
857
858
849
858
859
850
859
860
851
860
861
852
861
862
853
862
863
854
863
864
855
865
856
865
866
857
866
867
858
867
868
859
868
869
860
869
870
861
870
871
862
871
872
863
872
873
864
873
874
865
875
866
875
876
867
876
877
868
877
878
869
878
879
870
879
880
871
880
881
872
881
882
873
882
883
874
883
884
885
886
887
886
888
889
887
889
890
888
891
892
889
892
893
890
893
894
891
895
896
892
896
897
893
897
898
894
898
899
895
900
901
896
901
902
897
902
903
898
903
904
899
904
905
900
906
907
901
907
908
902
908
909
903
909
910
904
910
911
905
911
912
906
913
914
907
914
915
908
915
916
909
916
917
910
917
918
911
918
919
912
919
920
913
921
922
914
922
923
915
923
924
916
924
925
917
925
926
918
926
927
919
927
928
920
928
929
921
930
931
922
931
932
923
932
933
924
933
934
925
934
935
926
935
936
927
936
937
928
937
938
929
938
939
930
940
931
940
941
932
941
942
933
942
943
934
943
944
935
944
945
936
945
946
937
946
947
938
947
948
939
948
949
940
950
941
950
951
942
951
952
943
952
953
944
953
954
945
954
955
946
955
956
947
956
957
948
957
958
949
958
959
950
960
951
960
961
952
961
962
953
962
963
954
963
964
955
964
965
956
965
966
957
966
967
958
967
968
959
968
969
960
970
961
970
971
962
971
972
963
972
973
964
973
974
965
974
975
966
975
976
967
976
977
968
977
978
969
978
979
970
980
971
980
981
972
981
982
973
982
983
974
983
984
975
984
985
976
985
986
977
986
987
978
987
988
979
988
989
980
990
981
990
991
982
991
992
983
992
993
984
993
994
985
994
995
986
995
996
987
996
997
988
997
998
989
998
999
990
1000
991
1000
1001
992
1001
1002
993
1002
1003
994
1003
1004
995
1004
1005
996
1005
1006
997
1006
1007
998
1007
1008
999
1008
1009
1000
1010
1001
1010
1011
1002
1011
1012
1003
1012
1013
1004
1013
1014
1005
1014
1015
1006
1015
1016
1007
1016
1017
1008
1017
1018
1009
1018
1019
1020
1021
1022
1021
1023
1024
1022
1024
1025
1023
1026
1027
1024
1027
1028
1025
1028
1029
1026
1030
1031
1027
1031
1032
1028
1032
1033
1029
1033
1034
1030
1035
1036
1031
1036
1037
1032
1037
1038
1033
1038
1039
1034
1039
1040
1035
1041
1042
1036
1042
1043
1037
1043
1044
1038
1044
1045
1039
1045
1046
1040
1046
1047
1041
1048
1049
1042
1049
1050
1043
1050
1051
1044
1051
1052
1045
1052
1053
1046
1053
1054
1047
1054
1055
1048
1056
1057
1049
1057
1058
1050
1058
1059
1051
1059
1060
1052
1060
1061
1053
1061
1062
1054
1062
1063
1055
1063
1064
1056
1065
1066
1057
1066
1067
1058
1067
1068
1059
1068
1069
1060
1069
1070
1061
1070
1071
1062
1071
1072
1063
1072
1073
1064
1073
1074
1065
1075
1066
1075
1076
1067
1076
1077
1068
1077
1078
1069
1078
1079
1070
1079
1080
1071
1080
1081
1072
1081
1082
1073
1082
1083
1074
1083
1084
1075
1085
1076
1085
1086
1077
1086
1087
1078
1087
1088
1079
1088
1089
1080
1089
1090
1081
1090
1091
1082
1091
1092
1083
1092
1093
1084
1093
1094
1085
1095
1086
1095
1096
1087
1096
1097
1088
1097
1098
1089
1098
1099
1090
1099
1100
1091
1100
1101
1092
1101
1102
1093
1102
1103
1094
1103
1104
1095
1105
1096
1105
1106
1097
1106
1107
1098
1107
1108
1099
1108
1109
1100
1109
1110
1101
1110
1111
1102
1111
1112
1103
1112
1113
1104
1113
1114
1105
1115
1106
1115
1116
1107
1116
1117
1108
1117
1118
1109
1118
1119
1110
1119
1120
1111
1120
1121
1112
1121
1122
1113
1122
1123
1114
1123
1124
1115
1125
1116
1125
1126
1117
1126
1127
1118
1127
1128
1119
1128
1129
1120
1129
1130
1121
1130
1131
1122
1131
1132
1123
1132
1133
1124
1133
1134
1125
1135
1126
1135
1136
1127
1136
1137
1128
1137
1138
1129
1138
1139
1130
1139
1140
1131
1140
1141
1132
1141
1142
1133
1142
1143
1134
1143
1144
1135
1145
1136
1145
1146
1137
1146
1147
1138
1147
1148
1139
1148
1149
1140
1149
1150
1141
1150
1151
1142
1151
1152
1143
1152
1153
1144
1153
1154
1145
1155
1146
1155
1156
1147
1156
1157
1148
1157
1158
1149
1158
1159
1150
1159
1160
1151
1160
1161
1152
1161
1162
1153
1162
1163
1154
1163
1164
1165
1166
1167
1166
1168
1169
1167
1169
1170
1168
1171
1172
1169
1172
1173
1170
1173
1174
1171
1175
1176
1172
1176
1177
1173
1177
1178
1174
1178
1179
1175
1180
1181
1176
1181
1182
1177
1182
1183
1178
1183
1184
1179
1184
1185
1180
1186
1187
1181
1187
1188
1182
1188
1189
1183
1189
1190
1184
1190
1191
1185
1191
1192
1186
1193
1194
1187
1194
1195
1188
1195
1196
1189
1196
1197
1190
1197
1198
1191
1198
1199
1192
1199
1200
1193
1201
1202
1194
1202
1203
1195
1203
1204
1196
1204
1205
1197
1205
1206
1198
1206
1207
1199
1207
1208
1200
1208
1209
1201
1210
1211
1202
1211
1212
1203
1212
1213
1204
1213
1214
1205
1214
1215
1206
1215
1216
1207
1216
1217
1208
1217
1218
1209
1218
1219
1210
1220
1211
1220
1221
1212
1221
1222
1213
1222
1223
1214
1223
1224
1215
1224
1225
1216
1225
1226
1217
1226
1227
1218
1227
1228
1219
1228
1229
1220
1230
1221
1230
1231
1222
1231
1232
1223
1232
1233
1224
1233
1234
1225
1234
1235
1226
1235
1236
1227
1236
1237
1228
1237
1238
1229
1238
1239
1230
1240
1231
1240
1241
1232
1241
1242
1233
1242
1243
1234
1243
1244
1235
1244
1245
1236
1245
1246
1237
1246
1247
1238
1247
1248
1239
1248
1249
1240
1250
1241
1250
1251
1242
1251
1252
1243
1252
1253
1244
1253
1254
1245
1254
1255
1246
1255
1256
1247
1256
1257
1248
1257
1258
1249
1258
1259
1250
1260
1251
1260
1261
1252
1261
1262
1253
1262
1263
1254
1263
1264
1255
1264
1265
1256
1265
1266
1257
1266
1267
1258
1267
1268
1259
1268
1269
1260
1270
1261
1270
1271
1262
1271
1272
1263
1272
1273
1264
1273
1274
1265
1274
1275
1266
1275
1276
1267
1276
1277
1268
1277
1278
1269
1278
1279
1270
1280
1271
1280
1281
1272
1281
1282
1273
1282
1283
1274
1283
1284
1275
1284
1285
1276
1285
1286
1277
1286
1287
1278
1287
1288
1279
1288
1289
1280
1290
1281
1290
1291
1282
1291
1292
1283
1292
1293
1284
1293
1294
1285
1294
1295
1286
1295
1296
1287
1296
1297
1288
1297
1298
1289
1298
1299
1290
1300
1291
1300
1301
1292
1301
1302
1293
1302
1303
1294
1303
1304
1295
1304
1305
1296
1305
1306
1297
1306
1307
1298
1307
1308
1299
1308
1309
1300
1310
1301
1310
1311
1302
1311
1312
1303
1312
1313
1304
1313
1314
1305
1314
1315
1306
1315
1316
1307
1316
1317
1308
1317
1318
1309
1318
1319
1320
1321
1320
1322
1323
1321
1323
1324
1322
1325
1326
1323
1326
1327
1324
1327
1328
1325
1329
1330
1326
1330
1331
1327
1331
1332
1328
1332
1333
1329
1334
1335
1330
1335
1336
1331
1336
1337
1332
1337
1338
1333
1338
1339
1334
1340
1341
1335
1341
1342
1336
1342
1343
1337
1343
1344
1338
1344
1345
1339
1345
1346
1340
1347
1348
1341
1348
1349
1342
1349
1350
1343
1350
1351
1344
1351
1352
1345
1352
1353
1346
1353
1354
1347
1355
1356
1348
1356
1357
1349
1357
1358
1350
1358
1359
1351
1359
1360
1352
1360
1361
1353
1361
1362
1354
1362
1363
1355
1364
1365
1356
1365
1366
1357
1366
1367
1358
1367
1368
1359
1368
1369
1360
1369
1370
1361
1370
1371
1362
1371
1372
1363
1372
1373
1364
1374
1365
1374
1375
1366
1375
1376
1367
1376
1377
1368
1377
1378
1369
1378
1379
1370
1379
1380
1371
1380
1381
1372
1381
1382
1373
1382
1383
1374
1384
1375
1384
1385
1376
1385
1386
1377
1386
1387
1378
1387
1388
1379
1388
1389
1380
1389
1390
1381
1390
1391
1382
1391
1392
1383
1392
1393
1384
1394
1385
1394
1395
1386
1395
1396
1387
1396
1397
1388
1397
1398
1389
1398
1399
1390
1399
1400
1391
1400
1401
1392
1401
1402
1393
1402
1403
1394
1404
1395
1404
1405
1396
1405
1406
1397
1406
1407
1398
1407
1408
1399
1408
1409
1400
1409
1410
1401
1410
1411
1402
1411
1412
1403
1412
1413
1404
1414
1405
1414
1415
1406
1415
1416
1407
1416
1417
1408
1417
1418
1409
1418
1419
1410
1419
1420
1411
1420
1421
1412
1421
1422
1413
1422
1423
1414
1424
1415
1424
1425
1416
1425
1426
1417
1426
1427
1418
1427
1428
1419
1428
1429
1420
1429
1430
1421
1430
1431
1422
1431
1432
1423
1432
1424
1433
1425
1433
1434
1426
1434
1435
1427
1435
1436
1428
1436
1437
1429
1437
1438
1430
1438
1439
1431
1439
1440
1432
1440
1441
1441
1442
1433
1443
1434
1443
1444
1435
1444
1445
1436
1445
1446
1437
1446
1447
1438
1447
1448
1439
1448
1449
1440
1449
1450
1441
1450
1451
1442
1451
1452
1443
1453
1444
1453
1454
1445
1454
1455
1446
1455
1456
1447
1456
1457
1448
1457
1458
1449
1458
1459
1450
1459
1460
1451
1460
1461
1452
1461
1462
1453
1463
1454
1463
1464
1455
1464
1465
1456
1465
1466
1457
1466
1467
1458
1467
1468
1459
1468
1469
1460
1469
1470
1461
1470
1471
1462
1471
1472
1463
1473
1464
1473
1474
1465
1474
1475
1466
1475
1476
1467
1476
1477
1468
1477
1478
1469
1478
1479
1470
1479
1480
1471
1480
1481
1472
1481
1482
1483
1484
1484
1485
1483
1486
1487
1484
1487
1488
1485
1488
1489
1486
1490
1491
1487
1491
1492
1488
1492
1493
1489
1493
1494
1490
1495
1496
1491
1496
1497
1492
1497
1498
1493
1498
1499
1494
1499
1500
1495
1501
1502
1496
1502
1503
1497
1503
1504
1498
1504
1505
1499
1505
1506
1500
1506
1507
1501
1508
1509
1502
1509
1510
1503
1510
1511
1504
1511
1512
1505
1512
1513
1506
1513
1514
1507
1514
1515
1508
1516
1517
1509
1517
1518
1510
1518
1519
1511
1519
1520
1512
1520
1521
1513
1521
1522
1514
1522
1523
1515
1523
1524
1516
1525
1526
1517
1526
1527
1518
1527
1528
1519
1528
1529
1520
1529
1530
1521
1530
1531
1522
1531
1532
1523
1532
1533
1524
1533
1534
1525
1535
1526
1535
1536
1527
1536
1537
1528
1537
1538
1529
1538
1539
1530
1539
1540
1531
1540
1541
1532
1541
1542
1533
1542
1543
1534
1543
1544
1535
1545
1536
1545
1546
1537
1546
1547
1538
1547
1548
1539
1548
1549
1540
1549
1550
1541
1550
1551
1542
1551
1552
1543
1552
1553
1544
1553
1554
1545
1555
1546
1555
1556
1547
1556
1557
1548
1557
1558
1549
1558
1559
1550
1559
1560
1551
1560
1561
1552
1561
1562
1553
1562
1563
1554
1563
1564
1555
1565
1556
1565
1566
1557
1566
1567
1558
1567
1568
1559
1568
1569
1560
1569
1570
1561
1570
1571
1562
1571
1572
1563
1572
1573
1564
1573
1574
1565
1575
1566
1575
1576
1567
1576
1577
1568
1577
1578
1569
1578
1579
1570
1579
1580
1571
1580
1581
1572
1581
1582
1573
1582
1583
1574
1583
1584
1575
1585
1576
1585
1586
1577
1586
1587
1578
1587
1588
1579
1588
1589
1580
1589
1590
1581
1590
1591
1582
1591
1592
1583
1592
1593
1584
1593
1585
1594
1586
1594
1595
1587
1595
1596
1588
1596
1597
1589
1597
1598
1590
1598
1599
1591
1599
1600
1592
1600
1601
1593
1601
1594
1602
1595
1602
1603
1596
1603
1604
1597
1604
1605
1598
1605
1606
1599
1606
1607
1600
1607
1608
1601
1608
1609
1609
1610
1610
1611
1602
1612
1603
1612
1613
1604
1613
1614
1605
1614
1615
1606
1615
1616
1607
1616
1617
1608
1617
1618
1609
1618
1619
1610
1619
1620
1611
1620
1621
1612
1622
1613
1622
1623
1614
1623
1624
1615
1624
1625
1616
1625
1626
1617
1626
1627
1618
1627
1628
1619
1628
1629
1620
1629
1630
1621
1630
1631
1622
1632
1623
1632
1633
1624
1633
1634
1625
1634
1635
1626
1635
1636
1627
1636
1637
1628
1637
1638
1629
1638
1639
1630
1639
1640
1631
1640
1641
1632
1642
1633
1642
1643
1634
1643
1644
1635
1644
1645
1636
1645
1646
1637
1646
1647
1638
1647
1648
1639
1648
1649
1640
1649
1650
1641
1650
1651
1652
1653
1653
1654
1654
1655
1652
1656
1657
1653
1657
1658
1654
1658
1659
1655
1659
1660
1656
1661
1662
1657
1662
1663
1658
1663
1664
1659
1664
1665
1660
1665
1666
1661
1667
1668
1662
1668
1669
1663
1669
1670
1664
1670
1671
1665
1671
1672
1666
1672
1673
1667
1674
1675
1668
1675
1676
1669
1676
1677
1670
1677
1678
1671
1678
1679
1672
1679
1680
1673
1680
1681
1674
1682
1683
1675
1683
1684
1676
1684
1685
1677
1685
1686
1678
1686
1687
1679
1687
1688
1680
1688
1689
1681
1689
1690
1682
1691
1692
1683
1692
1693
1684
1693
1694
1685
1694
1695
1686
1695
1696
1687
1696
1697
1688
1697
1698
1689
1698
1699
1690
1699
1700
1691
1701
1692
1701
1702
1693
1702
1703
1694
1703
1704
1695
1704
1705
1696
1705
1706
1697
1706
1707
1698
1707
1708
1699
1708
1709
1700
1709
1710
1701
1711
1702
1711
1712
1703
1712
1713
1704
1713
1714
1705
1714
1715
1706
1715
1716
1707
1716
1717
1708
1717
1718
1709
1718
1719
1710
1719
1720
1711
1721
1712
1721
1722
1713
1722
1723
1714
1723
1724
1715
1724
1725
1716
1725
1726
1717
1726
1727
1718
1727
1728
1719
1728
1729
1720
1729
1730
1721
1731
1722
1731
1732
1723
1732
1733
1724
1733
1734
1725
1734
1735
1726
1735
1736
1727
1736
1737
1728
1737
1738
1729
1738
1739
1730
1739
1740
1731
1741
1732
1741
1742
1733
1742
1743
1734
1743
1744
1735
1744
1745
1736
1745
1746
1737
1746
1747
1738
1747
1748
1739
1748
1749
1740
1749
1750
1741
1751
1742
1751
1752
1743
1752
1753
1744
1753
1754
1745
1754
1755
1746
1755
1756
1747
1756
1757
1748
1757
1758
1749
1758
1759
1750
1759
1751
1760
1752
1760
1761
1753
1761
1762
1754
1762
1763
1755
1763
1764
1756
1764
1765
1757
1765
1766
1758
1766
1767
1759
1767
1760
1768
1761
1768
1769
1762
1769
1770
1763
1770
1771
1764
1771
1772
1765
1772
1773
1766
1773
1774
1767
1774
1768
1775
1769
1775
1776
1770
1776
1777
1771
1777
1778
1772
1778
1779
1773
1779
1780
1774
1780
1781
1781
1782
1782
1783
1783
1784
1775
1785
1776
1785
1786
1777
1786
1787
1778
1787
1788
1779
1788
1789
1780
1789
1790
1781
1790
1791
1782
1791
1792
1783
1792
1793
1784
1793
1794
1785
1795
1786
1795
1796
1787
1796
1797
1788
1797
1798
1789
1798
1799
1790
1799
1800
1791
1800
1801
1792
1801
1802
1793
1802
1803
1794
1803
1804
1795
1805
1796
1805
1806
1797
1806
1807
1798
1807
1808
1799
1808
1809
1800
1809
1810
1801
1810
1811
1802
1811
1812
1803
1812
1813
1804
1813
1814
1805
1815
1806
1815
1816
1807
1816
1817
1808
1817
1818
1809
1818
1819
1810
1819
1820
1811
1820
1821
1812
1821
1822
1813
1822
1823
1814
1823
1824
1825
1826
1826
1827
1827
1828
1828
1829
1825
1830
1831
1826
1831
1832
1827
1832
1833
1828
1833
1834
1829
1834
1835
1830
1836
1837
1831
1837
1838
1832
1838
1839
1833
1839
1840
1834
1840
1841
1835
1841
1842
1836
1843
1844
1837
1844
1845
1838
1845
1846
1839
1846
1847
1840
1847
1848
1841
1848
1849
1842
1849
1850
1843
1851
1852
1844
1852
1853
1845
1853
1854
1846
1854
1855
1847
1855
1856
1848
1856
1857
1849
1857
1858
1850
1858
1859
1851
1860
1861
1852
1861
1862
1853
1862
1863
1854
1863
1864
1855
1864
1865
1856
1865
1866
1857
1866
1867
1858
1867
1868
1859
1868
1869
1860
1870
1861
1870
1871
1862
1871
1872
1863
1872
1873
1864
1873
1874
1865
1874
1875
1866
1875
1876
1867
1876
1877
1868
1877
1878
1869
1878
1879
1870
1880
1871
1880
1881
1872
1881
1882
1873
1882
1883
1874
1883
1884
1875
1884
1885
1876
1885
1886
1877
1886
1887
1878
1887
1888
1879
1888
1889
1880
1890
1881
1890
1891
1882
1891
1892
1883
1892
1893
1884
1893
1894
1885
1894
1895
1886
1895
1896
1887
1896
1897
1888
1897
1898
1889
1898
1899
1890
1900
1891
1900
1901
1892
1901
1902
1893
1902
1903
1894
1903
1904
1895
1904
1905
1896
1905
1906
1897
1906
1907
1898
1907
1908
1899
1908
1909
1900
1910
1901
1910
1911
1902
1911
1912
1903
1912
1913
1904
1913
1914
1905
1914
1915
1906
1915
1916
1907
1916
1917
1908
1917
1918
1909
1918
1919
1910
1920
1911
1920
1921
1912
1921
1922
1913
1922
1923
1914
1923
1924
1915
1924
1925
1916
1925
1926
1917
1926
1927
1918
1927
1928
1919
1928
1920
1929
1921
1929
1930
1922
1930
1931
1923
1931
1932
1924
1932
1933
1925
1933
1934
1926
1934
1935
1927
1935
1936
1928
1936
1929
1937
1930
1937
1938
1931
1938
1939
1932
1939
1940
1933
1940
1941
1934
1941
1942
1935
1942
1943
1936
1943
1937
1944
1938
1944
1945
1939
1945
1946
1940
1946
1947
1941
1947
1948
1942
1948
1949
1943
1949
1944
1950
1945
1950
1951
1946
1951
1952
1947
1952
1953
1948
1953
1954
1949
1954
1955
1955
1956
1956
1957
1957
1958
1958
1959
1950
1960
1951
1960
1961
1952
1961
1962
1953
1962
1963
1954
1963
1964
1955
1964
1965
1956
1965
1966
1957
1966
1967
1958
1967
1968
1959
1968
1969
1960
1970
1961
1970
1971
1962
1971
1972
1963
1972
1973
1964
1973
1974
1965
1974
1975
1966
1975
1976
1967
1976
1977
1968
1977
1978
1969
1978
1979
1970
1980
1971
1980
1981
1972
1981
1982
1973
1982
1983
1974
1983
1984
1975
1984
1985
1976
1985
1986
1977
1986
1987
1978
1987
1988
1979
1988
1989
1980
1990
1981
1990
1991
1982
1991
1992
1983
1992
1993
1984
1993
1994
1985
1994
1995
1986
1995
1996
1987
1996
1997
1988
1997
1998
1989
1998
1999
2000
2001
2001
2002
2002
2003
2003
2004
2004
2005
2000
2006
2007
2001
2007
2008
2002
2008
2009
2003
2009
2010
2004
2010
2011
2005
2011
2012
2006
2013
2014
2007
2014
2015
2008
2015
2016
2009
2016
2017
2010
2017
2018
2011
2018
2019
2012
2019
2020
2013
2021
2022
2014
2022
2023
2015
2023
2024
2016
2024
2025
2017
2025
2026
2018
2026
2027
2019
2027
2028
2020
2028
2029
2021
2030
2031
2022
2031
2032
2023
2032
2033
2024
2033
2034
2025
2034
2035
2026
2035
2036
2027
2036
2037
2028
2037
2038
2029
2038
2039
2030
2040
2031
2040
2041
2032
2041
2042
2033
2042
2043
2034
2043
2044
2035
2044
2045
2036
2045
2046
2037
2046
2047
2038
2047
2048
2039
2048
2049
2040
2050
2041
2050
2051
2042
2051
2052
2043
2052
2053
2044
2053
2054
2045
2054
2055
2046
2055
2056
2047
2056
2057
2048
2057
2058
2049
2058
2059
2050
2060
2051
2060
2061
2052
2061
2062
2053
2062
2063
2054
2063
2064
2055
2064
2065
2056
2065
2066
2057
2066
2067
2058
2067
2068
2059
2068
2069
2060
2070
2061
2070
2071
2062
2071
2072
2063
2072
2073
2064
2073
2074
2065
2074
2075
2066
2075
2076
2067
2076
2077
2068
2077
2078
2069
2078
2079
2070
2080
2071
2080
2081
2072
2081
2082
2073
2082
2083
2074
2083
2084
2075
2084
2085
2076
2085
2086
2077
2086
2087
2078
2087
2088
2079
2088
2089
2080
2090
2081
2090
2091
2082
2091
2092
2083
2092
2093
2084
2093
2094
2085
2094
2095
2086
2095
2096
2087
2096
2097
2088
2097
2098
2089
2098
2090
2099
2091
2099
2100
2092
2100
2101
2093
2101
2102
2094
2102
2103
2095
2103
2104
2096
2104
2105
2097
2105
2106
2098
2106
2099
2107
2100
2107
2108
2101
2108
2109
2102
2109
2110
2103
2110
2111
2104
2111
2112
2105
2112
2113
2106
2113
2107
2114
2108
2114
2115
2109
2115
2116
2110
2116
2117
2111
2117
2118
2112
2118
2119
2113
2119
2114
2120
2115
2120
2121
2116
2121
2122
2117
2122
2123
2118
2123
2124
2119
2124
2120
2125
2121
2125
2126
2122
2126
2127
2123
2127
2128
2124
2128
2129
2129
2130
2130
2131
2131
2132
2132
2133
2133
2134
2125
2135
2126
2135
2136
2127
2136
2137
2128
2137
2138
2129
2138
2139
2130
2139
2140
2131
2140
2141
2132
2141
2142
2133
2142
2143
2134
2143
2144
2135
2145
2136
2145
2146
2137
2146
2147
2138
2147
2148
2139
2148
2149
2140
2149
2150
2141
2150
2151
2142
2151
2152
2143
2152
2153
2144
2153
2154
2145
2155
2146
2155
2156
2147
2156
2157
2148
2157
2158
2149
2158
2159
2150
2159
2160
2151
2160
2161
2152
2161
2162
2153
2162
2163
2154
2163
2164
2155
2165
2156
2165
2166
2157
2166
2167
2158
2167
2168
2159
2168
2169
2160
2169
2170
2161
2170
2171
2162
2171
2172
2163
2172
2173
2164
2173
2174
2175
2176
2176
2177
2177
2178
2178
2179
2179
2180
2180
2181
2175
2182
2183
2176
2183
2184
2177
2184
2185
2178
2185
2186
2179
2186
2187
2180
2187
2188
2181
2188
2189
2182
2190
2191
2183
2191
2192
2184
2192
2193
2185
2193
2194
2186
2194
2195
2187
2195
2196
2188
2196
2197
2189
2197
2198
2190
2199
2200
2191
2200
2201
2192
2201
2202
2193
2202
2203
2194
2203
2204
2195
2204
2205
2196
2205
2206
2197
2206
2207
2198
2207
2208
2199
2209
2200
2209
2210
2201
2210
2211
2202
2211
2212
2203
2212
2213
2204
2213
2214
2205
2214
2215
2206
2215
2216
2207
2216
2217
2208
2217
2218
2209
2219
2210
2219
2220
2211
2220
2221
2212
2221
2222
2213
2222
2223
2214
2223
2224
2215
2224
2225
2216
2225
2226
2217
2226
2227
2218
2227
2228
2219
2229
2220
2229
2230
2221
2230
2231
2222
2231
2232
2223
2232
2233
2224
2233
2234
2225
2234
2235
2226
2235
2236
2227
2236
2237
2228
2237
2238
2229
2239
2230
2239
2240
2231
2240
2241
2232
2241
2242
2233
2242
2243
2234
2243
2244
2235
2244
2245
2236
2245
2246
2237
2246
2247
2238
2247
2248
2239
2249
2240
2249
2250
2241
2250
2251
2242
2251
2252
2243
2252
2253
2244
2253
2254
2245
2254
2255
2246
2255
2256
2247
2256
2257
2248
2257
2258
2249
2259
2250
2259
2260
2251
2260
2261
2252
2261
2262
2253
2262
2263
2254
2263
2264
2255
2264
2265
2256
2265
2266
2257
2266
2267
2258
2267
2259
2268
2260
2268
2269
2261
2269
2270
2262
2270
2271
2263
2271
2272
2264
2272
2273
2265
2273
2274
2266
2274
2275
2267
2275
2268
2276
2269
2276
2277
2270
2277
2278
2271
2278
2279
2272
2279
2280
2273
2280
2281
2274
2281
2282
2275
2282
2276
2283
2277
2283
2284
2278
2284
2285
2279
2285
2286
2280
2286
2287
2281
2287
2288
2282
2288
2283
2289
2284
2289
2290
2285
2290
2291
2286
2291
2292
2287
2292
2293
2288
2293
2289
2294
2290
2294
2295
2291
2295
2296
2292
2296
2297
2293
2297
2294
2298
2295
2298
2299
2296
2299
2300
2297
2300
2301
2301
2302
2302
2303
2303
2304
2304
2305
2305
2306
2306
2307
2298
2308
2299
2308
2309
2300
2309
2310
2301
2310
2311
2302
2311
2312
2303
2312
2313
2304
2313
2314
2305
2314
2315
2306
2315
2316
2307
2316
2317
2308
2318
2309
2318
2319
2310
2319
2320
2311
2320
2321
2312
2321
2322
2313
2322
2323
2314
2323
2324
2315
2324
2325
2316
2325
2326
2317
2326
2327
2318
2328
2319
2328
2329
2320
2329
2330
2321
2330
2331
2322
2331
2332
2323
2332
2333
2324
2333
2334
2325
2334
2335
2326
2335
2336
2327
2336
2337
2328
2338
2329
2338
2339
2330
2339
2340
2331
2340
2341
2332
2341
2342
2333
2342
2343
2334
2343
2344
2335
2344
2345
2336
2345
2346
2337
2346
2347
2348
2349
2349
2350
2350
2351
2351
2352
2352
2353
2353
2354
2354
2355
2348
2356
2357
2349
2357
2358
2350
2358
2359
2351
2359
2360
2352
2360
2361
2353
2361
2362
2354
2362
2363
2355
2363
2364
2356
2365
2366
2357
2366
2367
2358
2367
2368
2359
2368
2369
2360
2369
2370
2361
2370
2371
2362
2371
2372
2363
2372
2373
2364
2373
2374
2365
2375
2366
2375
2376
2367
2376
2377
2368
2377
2378
2369
2378
2379
2370
2379
2380
2371
2380
2381
2372
2381
2382
2373
2382
2383
2374
2383
2384
2375
2385
2376
2385
2386
2377
2386
2387
2378
2387
2388
2379
2388
2389
2380
2389
2390
2381
2390
2391
2382
2391
2392
2383
2392
2393
2384
2393
2394
2385
2395
2386
2395
2396
2387
2396
2397
2388
2397
2398
2389
2398
2399
2390
2399
2400
2391
2400
2401
2392
2401
2402
2393
2402
2403
2394
2403
2404
2395
2405
2396
2405
2406
2397
2406
2407
2398
2407
2408
2399
2408
2409
2400
2409
2410
2401
2410
2411
2402
2411
2412
2403
2412
2413
2404
2413
2414
2405
2415
2406
2415
2416
2407
2416
2417
2408
2417
2418
2409
2418
2419
2410
2419
2420
2411
2420
2421
2412
2421
2422
2413
2422
2423
2414
2423
2424
2415
2425
2416
2425
2426
2417
2426
2427
2418
2427
2428
2419
2428
2429
2420
2429
2430
2421
2430
2431
2422
2431
2432
2423
2432
2433
2424
2433
2425
2434
2426
2434
2435
2427
2435
2436
2428
2436
2437
2429
2437
2438
2430
2438
2439
2431
2439
2440
2432
2440
2441
2433
2441
2434
2442
2435
2442
2443
2436
2443
2444
2437
2444
2445
2438
2445
2446
2439
2446
2447
2440
2447
2448
2441
2448
2442
2449
2443
2449
2450
2444
2450
2451
2445
2451
2452
2446
2452
2453
2447
2453
2454
2448
2454
2449
2455
2450
2455
2456
2451
2456
2457
2452
2457
2458
2453
2458
2459
2454
2459
2455
2460
2456
2460
2461
2457
2461
2462
2458
2462
2463
2459
2463
2460
2464
2461
2464
2465
2462
2465
2466
2463
2466
2464
2467
2465
2467
2468
2466
2468
2469
2469
2470
2470
2471
2471
2472
2472
2473
2473
2474
2474
2475
2475
2476
2467
2477
2468
2477
2478
2469
2478
2479
2470
2479
2480
2471
2480
2481
2472
2481
2482
2473
2482
2483
2474
2483
2484
2475
2484
2485
2476
2485
2486
2477
2487
2478
2487
2488
2479
2488
2489
2480
2489
2490
2481
2490
2491
2482
2491
2492
2483
2492
2493
2484
2493
2494
2485
2494
2495
2486
2495
2496
2487
2497
2488
2497
2498
2489
2498
2499
2490
2499
2500
2491
2500
2501
2492
2501
2502
2493
2502
2503
2494
2503
2504
2495
2504
2505
2496
2505
2506
2497
2507
2498
2507
2508
2499
2508
2509
2500
2509
2510
2501
2510
2511
2502
2511
2512
2503
2512
2513
2504
2513
2514
2505
2514
2515
2506
2515
2516
2517
2518
2518
2519
2519
2520
2520
2521
2521
2522
2522
2523
2523
2524
2524
2525
2517
2526
2527
2518
2527
2528
2519
2528
2529
2520
2529
2530
2521
2530
2531
2522
2531
2532
2523
2532
2533
2524
2533
2534
2525
2534
2535
2526
2536
2527
2536
2537
2528
2537
2538
2529
2538
2539
2530
2539
2540
2531
2540
2541
2532
2541
2542
2533
2542
2543
2534
2543
2544
2535
2544
2545
2536
2546
2537
2546
2547
2538
2547
2548
2539
2548
2549
2540
2549
2550
2541
2550
2551
2542
2551
2552
2543
2552
2553
2544
2553
2554
2545
2554
2555
2546
2556
2547
2556
2557
2548
2557
2558
2549
2558
2559
2550
2559
2560
2551
2560
2561
2552
2561
2562
2553
2562
2563
2554
2563
2564
2555
2564
2565
2556
2566
2557
2566
2567
2558
2567
2568
2559
2568
2569
2560
2569
2570
2561
2570
2571
2562
2571
2572
2563
2572
2573
2564
2573
2574
2565
2574
2575
2566
2576
2567
2576
2577
2568
2577
2578
2569
2578
2579
2570
2579
2580
2571
2580
2581
2572
2581
2582
2573
2582
2583
2574
2583
2584
2575
2584
2585
2576
2586
2577
2586
2587
2578
2587
2588
2579
2588
2589
2580
2589
2590
2581
2590
2591
2582
2591
2592
2583
2592
2593
2584
2593
2594
2585
2594
2586
2595
2587
2595
2596
2588
2596
2597
2589
2597
2598
2590
2598
2599
2591
2599
2600
2592
2600
2601
2593
2601
2602
2594
2602
2595
2603
2596
2603
2604
2597
2604
2605
2598
2605
2606
2599
2606
2607
2600
2607
2608
2601
2608
2609
2602
2609
2603
2610
2604
2610
2611
2605
2611
2612
2606
2612
2613
2607
2613
2614
2608
2614
2615
2609
2615
2610
2616
2611
2616
2617
2612
2617
2618
2613
2618
2619
2614
2619
2620
2615
2620
2616
2621
2617
2621
2622
2618
2622
2623
2619
2623
2624
2620
2624
2621
2625
2622
2625
2626
2623
2626
2627
2624
2627
2625
2628
2626
2628
2629
2627
2629
2628
2630
2629
2630
2631
2631
2632
2632
2633
2633
2634
2634
2635
2635
2636
2636
2637
2637
2638
2638
2639
2630
2640
2631
2640
2641
2632
2641
2642
2633
2642
2643
2634
2643
2644
2635
2644
2645
2636
2645
2646
2637
2646
2647
2638
2647
2648
2639
2648
2649
2640
2650
2641
2650
2651
2642
2651
2652
2643
2652
2653
2644
2653
2654
2645
2654
2655
2646
2655
2656
2647
2656
2657
2648
2657
2658
2649
2658
2659
2650
2660
2651
2660
2661
2652
2661
2662
2653
2662
2663
2654
2663
2664
2655
2664
2665
2656
2665
2666
2657
2666
2667
2658
2667
2668
2659
2668
2669
2660
2670
2661
2670
2671
2662
2671
2672
2663
2672
2673
2664
2673
2674
2665
2674
2675
2666
2675
2676
2667
2676
2677
2668
2677
2678
2669
2678
2679
2680
2681
2681
2682
2682
2683
2683
2684
2684
2685
2685
2686
2686
2687
2687
2688
2688
2689
2680
2690
2681
2690
2691
2682
2691
2692
2683
2692
2693
2684
2693
2694
2685
2694
2695
2686
2695
2696
2687
2696
2697
2688
2697
2698
2689
2698
2699
2690
2700
2691
2700
2701
2692
2701
2702
2693
2702
2703
2694
2703
2704
2695
2704
2705
2696
2705
2706
2697
2706
2707
2698
2707
2708
2699
2708
2709
2700
2710
2701
2710
2711
2702
2711
2712
2703
2712
2713
2704
2713
2714
2705
2714
2715
2706
2715
2716
2707
2716
2717
2708
2717
2718
2709
2718
2719
2710
2720
2711
2720
2721
2712
2721
2722
2713
2722
2723
2714
2723
2724
2715
2724
2725
2716
2725
2726
2717
2726
2727
2718
2727
2728
2719
2728
2729
2720
2730
2721
2730
2731
2722
2731
2732
2723
2732
2733
2724
2733
2734
2725
2734
2735
2726
2735
2736
2727
2736
2737
2728
2737
2738
2729
2738
2739
2730
2740
2731
2740
2741
2732
2741
2742
2733
2742
2743
2734
2743
2744
2735
2744
2745
2736
2745
2746
2737
2746
2747
2738
2747
2748
2739
2748
2740
2749
2741
2749
2750
2742
2750
2751
2743
2751
2752
2744
2752
2753
2745
2753
2754
2746
2754
2755
2747
2755
2756
2748
2756
2749
2757
2750
2757
2758
2751
2758
2759
2752
2759
2760
2753
2760
2761
2754
2761
2762
2755
2762
2763
2756
2763
2757
2764
2758
2764
2765
2759
2765
2766
2760
2766
2767
2761
2767
2768
2762
2768
2769
2763
2769
2764
2770
2765
2770
2771
2766
2771
2772
2767
2772
2773
2768
2773
2774
2769
2774
2770
2775
2771
2775
2776
2772
2776
2777
2773
2777
2778
2774
2778
2775
2779
2776
2779
2780
2777
2780
2781
2778
2781
2779
2782
2780
2782
2783
2781
2783
2782
2784
2783
2784
2784
2785
2785
2786
2786
2787
2787
2788
2788
2789
2789
2790
2790
2791
2791
2792
2792
2793
2793
2794
2785
2795
2786
2795
2796
2787
2796
2797
2788
2797
2798
2789
2798
2799
2790
2799
2800
2791
2800
2801
2792
2801
2802
2793
2802
2803
2794
2803
2804
2795
2805
2796
2805
2806
2797
2806
2807
2798
2807
2808
2799
2808
2809
2800
2809
2810
2801
2810
2811
2802
2811
2812
2803
2812
2813
2804
2813
2814
2805
2815
2806
2815
2816
2807
2816
2817
2808
2817
2818
2809
2818
2819
2810
2819
2820
2811
2820
2821
2812
2821
2822
2813
2822
2823
2814
2823
2824
2815
2825
2816
2825
2826
2817
2826
2827
2818
2827
2828
2819
2828
2829
2820
2829
2830
2821
2830
2831
2822
2831
2832
2823
2832
2833
2824
2833
2834
2835
2835
2836
2836
2837
2837
2838
2838
2839
2839
2840
2840
2841
2841
2842
2842
2843
2843
2844
2835
2845
2836
2845
2846
2837
2846
2847
2838
2847
2848
2839
2848
2849
2840
2849
2850
2841
2850
2851
2842
2851
2852
2843
2852
2853
2844
2853
2854
2845
2855
2846
2855
2856
2847
2856
2857
2848
2857
2858
2849
2858
2859
2850
2859
2860
2851
2860
2861
2852
2861
2862
2853
2862
2863
2854
2863
2864
2855
2865
2856
2865
2866
2857
2866
2867
2858
2867
2868
2859
2868
2869
2860
2869
2870
2861
2870
2871
2862
2871
2872
2863
2872
2873
2864
2873
2874
2865
2875
2866
2875
2876
2867
2876
2877
2868
2877
2878
2869
2878
2879
2870
2879
2880
2871
2880
2881
2872
2881
2882
2873
2882
2883
2874
2883
2884
2875
2885
2876
2885
2886
2877
2886
2887
2878
2887
2888
2879
2888
2889
2880
2889
2890
2881
2890
2891
2882
2891
2892
2883
2892
2893
2884
2893
2885
2894
2886
2894
2895
2887
2895
2896
2888
2896
2897
2889
2897
2898
2890
2898
2899
2891
2899
2900
2892
2900
2901
2893
2901
2894
2902
2895
2902
2903
2896
2903
2904
2897
2904
2905
2898
2905
2906
2899
2906
2907
2900
2907
2908
2901
2908
2902
2909
2903
2909
2910
2904
2910
2911
2905
2911
2912
2906
2912
2913
2907
2913
2914
2908
2914
2909
2915
2910
2915
2916
2911
2916
2917
2912
2917
2918
2913
2918
2919
2914
2919
2915
2920
2916
2920
2921
2917
2921
2922
2918
2922
2923
2919
2923
2920
2924
2921
2924
2925
2922
2925
2926
2923
2926
2924
2927
2925
2927
2928
2926
2928
2927
2929
2928
2929
2929
2930
2930
2931
2931
2932
2932
2933
2933
2934
2934
2935
2935
2936
2936
2937
2937
2938
2938
2939
2930
2940
2931
2940
2941
2932
2941
2942
2933
2942
2943
2934
2943
2944
2935
2944
2945
2936
2945
2946
2937
2946
2947
2938
2947
2948
2939
2948
2949
2940
2950
2941
2950
2951
2942
2951
2952
2943
2952
2953
2944
2953
2954
2945
2954
2955
2946
2955
2956
2947
2956
2957
2948
2957
2958
2949
2958
2959
2950
2960
2951
2960
2961
2952
2961
2962
2953
2962
2963
2954
2963
2964
2955
2964
2965
2956
2965
2966
2957
2966
2967
2958
2967
2968
2959
2968
2969
2960
2970
2961
2970
2971
2962
2971
2972
2963
2972
2973
2964
2973
2974
2965
2974
2975
2966
2975
2976
2967
2976
2977
2968
2977
2978
2969
2978
2979
2980
2980
2981
2981
2982
2982
2983
2983
2984
2984
2985
2985
2986
2986
2987
2987
2988
2988
2989
2980
2990
2981
2990
2991
2982
2991
2992
2983
2992
2993
2984
2993
2994
2985
2994
2995
2986
2995
2996
2987
2996
2997
2988
2997
2998
2989
2998
2999
2990
3000
2991
3000
3001
2992
3001
3002
2993
3002
3003
2994
3003
3004
2995
3004
3005
2996
3005
3006
2997
3006
3007
2998
3007
3008
2999
3008
3009
3000
3010
3001
3010
3011
3002
3011
3012
3003
3012
3013
3004
3013
3014
3005
3014
3015
3006
3015
3016
3007
3016
3017
3008
3017
3018
3009
3018
3019
3010
3020
3011
3020
3021
3012
3021
3022
3013
3022
3023
3014
3023
3024
3015
3024
3025
3016
3025
3026
3017
3026
3027
3018
3027
3028
3019
3028
3029
3020
3030
3021
3030
3031
3022
3031
3032
3023
3032
3033
3024
3033
3034
3025
3034
3035
3026
3035
3036
3027
3036
3037
3028
3037
3030
3038
3031
3038
3039
3032
3039
3040
3033
3040
3041
3034
3041
3042
3035
3042
3043
3036
3043
3044
3037
3044
3038
3045
3039
3045
3046
3040
3046
3047
3041
3047
3048
3042
3048
3049
3043
3049
3050
3044
3050
3045
3051
3046
3051
3052
3047
3052
3053
3048
3053
3054
3049
3054
3055
3050
3055
3051
3056
3052
3056
3057
3053
3057
3058
3054
3058
3059
3055
3059
3056
3060
3057
3060
3061
3058
3061
3062
3059
3062
3060
3063
3061
3063
3064
3062
3064
3063
3065
3064
3065
3065
3067
3067
3068
3068
3069
3069
3070
3070
3071
3071
3072
3072
3073
3073
3074
3074
3075
3066
3075
3076
3067
3077
3068
3077
3078
3069
3078
3079
3070
3079
3080
3071
3080
3081
3072
3081
3082
3073
3082
3083
3074
3083
3084
3075
3084
3085
3076
3085
3086
3077
3087
3078
3087
3088
3079
3088
3089
3080
3089
3090
3081
3090
3091
3082
3091
3092
3083
3092
3093
3084
3093
3094
3085
3094
3095
3086
3095
3096
3087
3097
3088
3097
3098
3089
3098
3099
3090
3099
3100
3091
3100
3101
3092
3101
3102
3093
3102
3103
3094
3103
3104
3095
3104
3105
3096
3105
3106
3097
3107
3098
3107
3108
3099
3108
3109
3100
3109
3110
3101
3110
3111
3102
3111
3112
3103
3112
3113
3104
3113
3114
3105
3114
3115
3106
3115
3116
3116
3117
3117
3118
3118
3119
3119
3120
3120
3121
3121
3122
3122
3123
3123
3124
3124
3125
3116
3126
3117
3126
3127
3118
3127
3128
3119
3128
3129
3120
3129
3130
3121
3130
3131
3122
3131
3132
3123
3132
3133
3124
3133
3134
3125
3134
3135
3126
3136
3127
3136
3137
3128
3137
3138
3129
3138
3139
3130
3139
3140
3131
3140
3141
3132
3141
3142
3133
3142
3143
3134
3143
3144
3135
3144
3145
3136
3146
3137
3146
3147
3138
3147
3148
3139
3148
3149
3140
3149
3150
3141
3150
3151
3142
3151
3152
3143
3152
3153
3144
3153
3154
3145
3154
3155
3146
3156
3147
3156
3157
3148
3157
3158
3149
3158
3159
3150
3159
3160
3151
3160
3161
3152
3161
3162
3153
3162
3163
3154
3163
3164
3155
3164
3165
3156
3166
3157
3166
3167
3158
3167
3168
3159
3168
3169
3160
3169
3170
3161
3170
3171
3162
3171
3172
3163
3172
3166
3173
3167
3173
3174
3168
3174
3175
3169
3175
3176
3170
3176
3177
3171
3177
3178
3172
3178
3173
3179
3174
3179
3180
3175
3180
3181
3176
3181
3182
3177
3182
3183
3178
3183
3179
3184
3180
3184
3185
3181
3185
3186
3182
3186
3187
3183
3187
3184
3188
3185
3188
3189
3186
3189
3190
3187
3190
3188
3191
3189
3191
3192
3190
3192
3191
3193
3192
3193
3193
3194
3195
3196
3197
3197
3198
3198
3199
3199
3200
3200
3201
3201
3202
3202
3203
3203
3204
3195
3204
3205
3196
3205
3206
3197
3207
3198
3207
3208
3199
3208
3209
3200
3209
3210
3201
3210
3211
3202
3211
3212
3203
3212
3213
3204
3213
3214
3205
3214
3215
3206
3215
3216
3207
3217
3208
3217
3218
3209
3218
3219
3210
3219
3220
3211
3220
3221
3212
3221
3222
3213
3222
3223
3214
3223
3224
3215
3224
3225
3216
3225
3226
3217
3227
3218
3227
3228
3219
3228
3229
3220
3229
3230
3221
3230
3231
3222
3231
3232
3223
3232
3233
3224
3233
3234
3225
3234
3235
3226
3235
3227
3236
3228
3236
3237
3229
3237
3238
3230
3238
3239
3231
3239
3240
3232
3240
3241
3233
3241
3242
3234
3242
3243
3235
3243
3244
3244
3245
3245
3246
3246
3247
3247
3248
3248
3249
3249
3250
3250
3251
3251
3252
3252
3253
3244
3254
3245
3254
3255
3246
3255
3256
3247
3256
3257
3248
3257
3258
3249
3258
3259
3250
3259
3260
3251
3260
3261
3252
3261
3262
3253
3262
3263
3254
3264
3255
3264
3265
3256
3265
3266
3257
3266
3267
3258
3267
3268
3259
3268
3269
3260
3269
3270
3261
3270
3271
3262
3271
3272
3263
3272
3273
3264
3274
3265
3274
3275
3266
3275
3276
3267
3276
3277
3268
3277
3278
3269
3278
3279
3270
3279
3280
3271
3280
3281
3272
3281
3282
3273
3282
3283
3274
3284
3275
3284
3285
3276
3285
3286
3277
3286
3287
3278
3287
3288
3279
3288
3289
3280
3289
3290
3281
3290
3291
3282
3291
3292
3283
3292
3293
3284
3294
3285
3294
3295
3286
3295
3296
3287
3296
3297
3288
3297
3298
3289
3298
3299
3290
3299
3294
3300
3295
3300
3301
3296
3301
3302
3297
3302
3303
3298
3303
3304
3299
3304
3300
3305
3301
3305
3306
3302
3306
3307
3303
3307
3308
3304
3308
3305
3309
3306
3309
3310
3307
3310
3311
3308
3311
3309
3312
3310
3312
3313
3311
3313
3312
3314
3313
3314
3314
3315
3316
3317
3316
3318
3319
3317
3319
3320
3321
3321
3322
3322
3323
3323
3324
3324
3325
3325
3326
3326
3327
3318
3327
3328
3319
3328
3329
3320
3329
3330
3321
3331
3322
3331
3332
3323
3332
3333
3324
3333
3334
3325
3334
3335
3326
3335
3336
3327
3336
3337
3328
3337
3338
3329
3338
3339
3330
3339
3340
3331
3341
3332
3341
3342
3333
3342
3343
3334
3343
3344
3335
3344
3345
3336
3345
3346
3337
3346
3347
3338
3347
3348
3339
3348
3349
3340
3349
3341
3350
3342
3350
3351
3343
3351
3352
3344
3352
3353
3345
3353
3354
3346
3354
3355
3347
3355
3356
3348
3356
3357
3349
3357
3350
3358
3351
3358
3359
3352
3359
3360
3353
3360
3361
3354
3361
3362
3355
3362
3363
3356
3363
3364
3357
3364
3365
3365
3366
3366
3367
3367
3368
3368
3369
3369
3370
3370
3371
3371
3372
3372
3373
3373
3374
3365
3375
3366
3375
3376
3367
3376
3377
3368
3377
3378
3369
3378
3379
3370
3379
3380
3371
3380
3381
3372
3381
3382
3373
3382
3383
3374
3383
3384
3375
3385
3376
3385
3386
3377
3386
3387
3378
3387
3388
3379
3388
3389
3380
3389
3390
3381
3390
3391
3382
3391
3392
3383
3392
3393
3384
3393
3394
3385
3395
3386
3395
3396
3387
3396
3397
3388
3397
3398
3389
3398
3399
3390
3399
3400
3391
3400
3401
3392
3401
3402
3393
3402
3403
3394
3403
3404
3395
3405
3396
3405
3406
3397
3406
3407
3398
3407
3408
3399
3408
3409
3400
3409
3410
3401
3410
3411
3402
3411
3412
3403
3412
3413
3404
3413
3414
3405
3415
3406
3415
3416
3407
3416
3417
3408
3417
3418
3409
3418
3419
3410
3419
3415
3420
3416
3420
3421
3417
3421
3422
3418
3422
3423
3419
3423
3420
3424
3421
3424
3425
3422
3425
3426
3423
3426
3424
3427
3425
3427
3428
3426
3428
3427
3429
3428
3429
3429
3430
3431
3432
3431
3433
3434
3432
3434
3435
3433
3436
3437
3434
3437
3438
3435
3438
3439
3440
3440
3441
3441
3442
3442
3443
3443
3444
3444
3445
3436
3445
3446
3437
3446
3447
3438
3447
3448
3439
3448
3449
3440
3450
3441
3450
3451
3442
3451
3452
3443
3452
3453
3444
3453
3454
3445
3454
3455
3446
3455
3456
3447
3456
3457
3448
3457
3458
3449
3458
3450
3459
3451
3459
3460
3452
3460
3461
3453
3461
3462
3454
3462
3463
3455
3463
3464
3456
3464
3465
3457
3465
3466
3458
3466
3459
3467
3460
3467
3468
3461
3468
3469
3462
3469
3470
3463
3470
3471
3464
3471
3472
3465
3472
3473
3466
3473
3467
3474
3468
3474
3475
3469
3475
3476
3470
3476
3477
3471
3477
3478
3472
3478
3479
3473
3479
3480
3480
3481
3481
3482
3482
3483
3483
3484
3484
3485
3485
3486
3486
3487
3487
3488
3488
3489
3480
3490
3481
3490
3491
3482
3491
3492
3483
3492
3493
3484
3493
3494
3485
3494
3495
3486
3495
3496
3487
3496
3497
3488
3497
3498
3489
3498
3499
3490
3500
3491
3500
3501
3492
3501
3502
3493
3502
3503
3494
3503
3504
3495
3504
3505
3496
3505
3506
3497
3506
3507
3498
3507
3508
3499
3508
3509
3500
3510
3501
3510
3511
3502
3511
3512
3503
3512
3513
3504
3513
3514
3505
3514
3515
3506
3515
3516
3507
3516
3517
3508
3517
3518
3509
3518
3519
3510
3520
3511
3520
3521
3512
3521
3522
3513
3522
3523
3514
3523
3524
3515
3524
3525
3516
3525
3526
3517
3526
3527
3518
3527
3528
3519
3528
3529
3520
3530
3521
3530
3531
3522
3531
3532
3523
3532
3533
3524
3533
3530
3534
3531
3534
3535
3532
3535
3536
3533
3536
3534
3537
3535
3537
3538
3536
3538
3537
3539
3538
3539
3539
3540
3541
3542
3541
3543
3544
3542
3544
3545
3543
3546
3547
3544
3547
3548
3545
3548
3549
3546
3550
3551
3547
3551
3552
3548
3552
3553
3549
3553
3554
3555
3555
3556
3556
3557
3557
3558
3558
3559
3550
3559
3560
3551
3560
3561
3552
3561
3562
3553
3562
3563
3554
3563
3555
3564
3556
3564
3565
3557
3565
3566
3558
3566
3567
3559
3567
3568
3560
3568
3569
3561
3569
3570
3562
3570
3571
3563
3571
3564
3572
3565
3572
3573
3566
3573
3574
3567
3574
3575
3568
3575
3576
3569
3576
3577
3570
3577
3578
3571
3578
3572
3579
3573
3579
3580
3574
3580
3581
3575
3581
3582
3576
3582
3583
3577
3583
3584
3578
3584
3579
3585
3580
3585
3586
3581
3586
3587
3582
3587
3588
3583
3588
3589
3584
3589
3590
3590
3591
3591
3592
3592
3593
3593
3594
3594
3595
3595
3596
3596
3597
3597
3598
3598
3599
3590
3600
3591
3600
3601
3592
3601
3602
3593
3602
3603
3594
3603
3604
3595
3604
3605
3596
3605
3606
3597
3606
3607
3598
3607
3608
3599
3608
3609
3600
3610
3601
3610
3611
3602
3611
3612
3603
3612
3613
3604
3613
3614
3605
3614
3615
3606
3615
3616
3607
3616
3617
3608
3617
3618
3609
3618
3619
3610
3620
3611
3620
3621
3612
3621
3622
3613
3622
3623
3614
3623
3624
3615
3624
3625
3616
3625
3626
3617
3626
3627
3618
3627
3628
3619
3628
3629
3620
3630
3621
3630
3631
3622
3631
3632
3623
3632
3633
3624
3633
3634
3625
3634
3635
3626
3635
3636
3627
3636
3637
3628
3637
3638
3629
3638
3639
3630
3640
3631
3640
3641
3632
3641
3642
3633
3642
3640
3643
3641
3643
3644
3642
3644
3643
3645
3644
3645
3645
3646
3647
3648
3647
3649
3650
3648
3650
3651
3649
3652
3653
3650
3653
3654
3651
3654
3655
3652
3656
3657
3653
3657
3658
3654
3658
3659
3655
3659
3660
3656
3661
3662
3657
3662
3663
3658
3663
3664
3659
3664
3665
3660
3665
3666
3666
3667
3667
3668
3668
3669
3661
3669
3670
3662
3670
3671
3663
3671
3672
3664
3672
3673
3665
3673
3666
3674
3667
3674
3675
3668
3675
3676
3669
3676
3677
3670
3677
3678
3671
3678
3679
3672
3679
3680
3673
3680
3674
3681
3675
3681
3682
3676
3682
3683
3677
3683
3684
3678
3684
3685
3679
3685
3686
3680
3686
3681
3687
3682
3687
3688
3683
3688
3689
3684
3689
3690
3685
3690
3691
3686
3691
3687
3692
3688
3692
3693
3689
3693
3694
3690
3694
3695
3691
3695
3696
3696
3697
3697
3698
3698
3699
3699
3700
3700
3701
3701
3702
3702
3703
3703
3704
3704
3705
3696
3706
3697
3706
3707
3698
3707
3708
3699
3708
3709
3700
3709
3710
3701
3710
3711
3702
3711
3712
3703
3712
3713
3704
3713
3714
3705
3714
3715
3706
3716
3707
3716
3717
3708
3717
3718
3709
3718
3719
3710
3719
3720
3711
3720
3721
3712
3721
3722
3713
3722
3723
3714
3723
3724
3715
3724
3725
3716
3726
3717
3726
3727
3718
3727
3728
3719
3728
3729
3720
3729
3730
3721
3730
3731
3722
3731
3732
3723
3732
3733
3724
3733
3734
3725
3734
3735
3726
3736
3727
3736
3737
3728
3737
3738
3729
3738
3739
3730
3739
3740
3731
3740
3741
3732
3741
3742
3733
3742
3743
3734
3743
3744
3735
3744
3745
3736
3746
3737
3746
3747
3738
3747
3746
3748
3747
3748
3748
3749
3750
3751
3750
3752
3753
3751
3753
3754
3752
3755
3756
3753
3756
3757
3754
3757
3758
3755
3759
3760
3756
3760
3761
3757
3761
3762
3758
3762
3763
3759
3764
3765
3760
3765
3766
3761
3766
3767
3762
3767
3768
3763
3768
3764
3769
3770
3765
3770
3771
3766
3771
3772
3767
3772
3773
3768
3773
3774
3774
3775
3775
3776
3769
3776
3777
3770
3777
3778
3771
3778
3779
3772
3779
3780
3773
3780
3774
3781
3775
3781
3782
3776
3782
3783
3777
3783
3784
3778
3784
3785
3779
3785
3786
3780
3786
3781
3787
3782
3787
3788
3783
3788
3789
3784
3789
3790
3785
3790
3791
3786
3791
3787
3792
3788
3792
3793
3789
3793
3794
3790
3794
3795
3791
3795
3792
3796
3793
3796
3797
3794
3797
3798
3795
3798
3799
3799
3800
3800
3801
3801
3802
3802
3803
3803
3804
3804
3805
3805
3806
3806
3807
3807
3808
3799
3809
3800
3809
3810
3801
3810
3811
3802
3811
3812
3803
3812
3813
3804
3813
3814
3805
3814
3815
3806
3815
3816
3807
3816
3817
3808
3817
3818
3809
3819
3810
3819
3820
3811
3820
3821
3812
3821
3822
3813
3822
3823
3814
3823
3824
3815
3824
3825
3816
3825
3826
3817
3826
3827
3818
3827
3828
3819
3829
3820
3829
3830
3821
3830
3831
3822
3831
3832
3823
3832
3833
3824
3833
3834
3825
3834
3835
3826
3835
3836
3827
3836
3837
3828
3837
3838
3829
3839
3830
3839
3840
3831
3840
3841
3832
3841
3842
3833
3842
3843
3834
3843
3844
3835
3844
3845
3836
3845
3846
3837
3846
3847
3838
3847
3848
3839
3849
3840
3849
3849
3850
3851
3852
3851
3853
3854
3852
3854
3855
3853
3856
3857
3854
3857
3858
3855
3858
3859
3856
3860
3861
3857
3861
3862
3858
3862
3863
3859
3863
3864
3860
3865
3866
3861
3866
3867
3862
3867
3868
3863
3868
3869
3864
3869
3865
3870
3871
3866
3871
3872
3867
3872
3873
3868
3873
3874
3869
3874
3870
3875
3876
3871
3876
3877
3872
3877
3878
3873
3878
3879
3874
3879
3880
3880
3881
3875
3881
3882
3876
3882
3883
3877
3883
3884
3878
3884
3885
3879
3885
3880
3886
3881
3886
3887
3882
3887
3888
3883
3888
3889
3884
3889
3890
3885
3890
3886
3891
3887
3891
3892
3888
3892
3893
3889
3893
3894
3890
3894
3891
3895
3892
3895
3896
3893
3896
3897
3894
3897
3895
3898
3896
3898
3899
3897
3899
3900
3900
3901
3901
3902
3902
3903
3903
3904
3904
3905
3905
3906
3906
3907
3907
3908
3908
3909
3900
3910
3901
3910
3911
3902
3911
3912
3903
3912
3913
3904
3913
3914
3905
3914
3915
3906
3915
3916
3907
3916
3917
3908
3917
3918
3909
3918
3919
3910
3920
3911
3920
3921
3912
3921
3922
3913
3922
3923
3914
3923
3924
3915
3924
3925
3916
3925
3926
3917
3926
3927
3918
3927
3928
3919
3928
3929
3920
3930
3921
3930
3931
3922
3931
3932
3923
3932
3933
3924
3933
3934
3925
3934
3935
3926
3935
3936
3927
3936
3937
3928
3937
3938
3929
3938
3939
3930
3940
3931
3940
3941
3932
3941
3942
3933
3942
3943
3934
3943
3944
3935
3944
3945
3936
3945
3946
3937
3946
3947
3938
3947
3948
3939
3948
3949
3940
3950
3951
3952
3951
3953
3954
3952
3954
3955
3953
3956
3957
3954
3957
3958
3955
3958
3959
3956
3960
3961
3957
3961
3962
3958
3962
3963
3959
3963
3964
3960
3965
3966
3961
3966
3967
3962
3967
3968
3963
3968
3969
3964
3969
3965
3970
3971
3966
3971
3972
3967
3972
3973
3968
3973
3974
3969
3974
3970
3975
3976
3971
3976
3977
3972
3977
3978
3973
3978
3979
3974
3979
3975
3980
3981
3976
3981
3982
3977
3982
3983
3978
3983
3984
3979
3984
3985
3980
3985
3986
3981
3986
3987
3982
3987
3988
3983
3988
3989
3984
3989
3985
3990
3986
3990
3991
3987
3991
3992
3988
3992
3993
3989
3993
3990
3994
3991
3994
3995
3992
3995
3996
3993
3996
3994
3997
3995
3997
3998
3996
3998
3997
3999
3998
3999
4000
4000
4001
4001
4002
4002
4003
4003
4004
4004
4005
4005
4006
4006
4007
4007
4008
4008
4009
4000
4010
4001
4010
4011
4002
4011
4012
4003
4012
4013
4004
4013
4014
4005
4014
4015
4006
4015
4016
4007
4016
4017
4008
4017
4018
4009
4018
4019
4010
4020
4011
4020
4021
4012
4021
4022
4013
4022
4023
4014
4023
4024
4015
4024
4025
4016
4025
4026
4017
4026
4027
4018
4027
4028
4019
4028
4029
4020
4030
4021
4030
4031
4022
4031
4032
4023
4032
4033
4024
4033
4034
4025
4034
4035
4026
4035
4036
4027
4036
4037
4028
4037
4038
4029
4038
4039
4030
4040
4031
4040
4041
4032
4041
4042
4033
4042
4043
4034
4043
4044
4035
4044
4045
4036
4045
4046
4037
4046
4047
4038
4047
4048
4039
4048
4049
4050
4051
4052
4051
4053
4054
4052
4054
4055
4053
4056
4057
4054
4057
4058
4055
4058
4059
4056
4060
4061
4057
4061
4062
4058
4062
4063
4059
4063
4064
4060
4065
4066
4061
4066
4067
4062
4067
4068
4063
4068
4069
4064
4069
4065
4070
4071
4066
4071
4072
4067
4072
4073
4068
4073
4074
4069
4074
4070
4075
4076
4071
4076
4077
4072
4077
4078
4073
4078
4079
4074
4079
4075
4080
4081
4076
4081
4082
4077
4082
4083
4078
4083
4084
4079
4084
4080
4085
4086
4081
4086
4087
4082
4087
4088
4083
4088
4089
4084
4089
4085
4090
4086
4090
4091
4087
4091
4092
4088
4092
4093
4089
4093
4090
4094
4091
4094
4095
4092
4095
4096
4093
4096
4094
4097
4095
4097
4098
4096
4098
4097
4099
4098
4099
4099
4100
4100
4101
4101
4102
4102
4103
4103
4104
4104
4105
4105
4106
4106
4107
4107
4108
4108
4109
4100
4110
4101
4110
4111
4102
4111
4112
4103
4112
4113
4104
4113
4114
4105
4114
4115
4106
4115
4116
4107
4116
4117
4108
4117
4118
4109
4118
4119
4110
4120
4111
4120
4121
4112
4121
4122
4113
4122
4123
4114
4123
4124
4115
4124
4125
4116
4125
4126
4117
4126
4127
4118
4127
4128
4119
4128
4129
4120
4130
4121
4130
4131
4122
4131
4132
4123
4132
4133
4124
4133
4134
4125
4134
4135
4126
4135
4136
4127
4136
4137
4128
4137
4138
4129
4138
4139
4130
4140
4131
4140
4141
4132
4141
4142
4133
4142
4143
4134
4143
4144
4135
4144
4145
4136
4145
4146
4137
4146
4147
4138
4147
4148
4139
4148
4149
4149
4150
4151
4150
4152
4153
4151
4153
4154
4152
4155
4156
4153
4156
4157
4154
4157
4158
4155
4159
4160
4156
4160
4161
4157
4161
4162
4158
4162
4163
4159
4164
4165
4160
4165
4166
4161
4166
4167
4162
4167
4168
4163
4168
4164
4169
4170
4165
4170
4171
4166
4171
4172
4167
4172
4173
4168
4173
4169
4174
4175
4170
4175
4176
4171
4176
4177
4172
4177
4178
4173
4178
4174
4179
4180
4175
4180
4181
4176
4181
4182
4177
4182
4183
4178
4183
4179
4184
4185
4180
4185
4186
4181
4186
4187
4182
4187
4188
4183
4188
4184
4189
4185
4189
4190
4186
4190
4191
4187
4191
4192
4188
4192
4189
4193
4190
4193
4194
4191
4194
4195
4192
4195
4193
4196
4194
4196
4197
4195
4197
4196
4198
4197
4198
4198
4199
4199
4200
4200
4201
4201
4202
4202
4203
4203
4204
4204
4205
4205
4206
4206
4207
4207
4208
4199
4209
4200
4209
4210
4201
4210
4211
4202
4211
4212
4203
4212
4213
4204
4213
4214
4205
4214
4215
4206
4215
4216
4207
4216
4217
4208
4217
4218
4209
4219
4210
4219
4220
4211
4220
4221
4212
4221
4222
4213
4222
4223
4214
4223
4224
4215
4224
4225
4216
4225
4226
4217
4226
4227
4218
4227
4228
4219
4229
4220
4229
4230
4221
4230
4231
4222
4231
4232
4223
4232
4233
4224
4233
4234
4225
4234
4235
4226
4235
4236
4227
4236
4237
4228
4237
4238
4229
4239
4230
4239
4240
4231
4240
4241
4232
4241
4242
4233
4242
4243
4234
4243
4244
4235
4244
4245
4236
4245
4246
4237
4246
4247
4238
4247
4248
4247
4249
4250
4248
4250
4251
4249
4252
4253
4250
4253
4254
4251
4254
4255
4252
4256
4257
4253
4257
4258
4254
4258
4259
4255
4259
4260
4256
4261
4262
4257
4262
4263
4258
4263
4264
4259
4264
4265
4260
4265
4261
4266
4267
4262
4267
4268
4263
4268
4269
4264
4269
4270
4265
4270
4266
4271
4272
4267
4272
4273
4268
4273
4274
4269
4274
4275
4270
4275
4271
4276
4277
4272
4277
4278
4273
4278
4279
4274
4279
4280
4275
4280
4276
4281
4282
4277
4282
4283
4278
4283
4284
4279
4284
4285
4280
4285
4281
4286
4282
4286
4287
4283
4287
4288
4284
4288
4289
4285
4289
4286
4290
4287
4290
4291
4288
4291
4292
4289
4292
4290
4293
4291
4293
4294
4292
4294
4293
4295
4294
4295
4295
4296
4296
4297
4297
4298
4298
4299
4299
4300
4300
4301
4301
4302
4302
4303
4303
4304
4304
4305
4296
4306
4297
4306
4307
4298
4307
4308
4299
4308
4309
4300
4309
4310
4301
4310
4311
4302
4311
4312
4303
4312
4313
4304
4313
4314
4305
4314
4315
4306
4316
4307
4316
4317
4308
4317
4318
4309
4318
4319
4310
4319
4320
4311
4320
4321
4312
4321
4322
4313
4322
4323
4314
4323
4324
4315
4324
4325
4316
4326
4317
4326
4327
4318
4327
4328
4319
4328
4329
4320
4329
4330
4321
4330
4331
4322
4331
4332
4323
4332
4333
4324
4333
4334
4325
4334
4335
4326
4336
4327
4336
4337
4328
4337
4338
4329
4338
4339
4330
4339
4340
4331
4340
4341
4332
4341
4342
4333
4342
4343
4334
4343
4344
4335
4344
4345
4343
4346
4347
4344
4347
4348
4345
4348
4349
4346
4350
4351
4347
4351
4352
4348
4352
4353
4349
4353
4354
4350
4355
4356
4351
4356
4357
4352
4357
4358
4353
4358
4359
4354
4359
4355
4360
4361
4356
4361
4362
4357
4362
4363
4358
4363
4364
4359
4364
4360
4365
4366
4361
4366
4367
4362
4367
4368
4363
4368
4369
4364
4369
4365
4370
4371
4366
4371
4372
4367
4372
4373
4368
4373
4374
4369
4374
4370
4375
4376
4371
4376
4377
4372
4377
4378
4373
4378
4379
4374
4379
4375
4380
4376
4380
4381
4377
4381
4382
4378
4382
4383
4379
4383
4380
4384
4381
4384
4385
4382
4385
4386
4383
4386
4384
4387
4385
4387
4388
4386
4388
4387
4389
4388
4389
4389
4390
4390
4391
4391
4392
4392
4393
4393
4394
4394
4395
4395
4396
4396
4397
4397
4398
4398
4399
4390
4400
4391
4400
4401
4392
4401
4402
4393
4402
4403
4394
4403
4404
4395
4404
4405
4396
4405
4406
4397
4406
4407
4398
4407
4408
4399
4408
4409
4400
4410
4401
4410
4411
4402
4411
4412
4403
4412
4413
4404
4413
4414
4405
4414
4415
4406
4415
4416
4407
4416
4417
4408
4417
4418
4409
4418
4419
4410
4420
4411
4420
4421
4412
4421
4422
4413
4422
4423
4414
4423
4424
4415
4424
4425
4416
4425
4426
4417
4426
4427
4418
4427
4428
4419
4428
4429
4420
4430
4421
4430
4431
4422
4431
4432
4423
4432
4433
4424
4433
4434
4425
4434
4435
4426
4435
4436
4427
4436
4437
4428
4437
4438
4429
4438
4439
4436
4440
4441
4437
4441
4442
4438
4442
4443
4439
4443
4444
4440
4445
4446
4441
4446
4447
4442
4447
4448
4443
4448
4449
4444
4449
4445
4450
4451
4446
4451
4452
4447
4452
4453
4448
4453
4454
4449
4454
4450
4455
4456
4451
4456
4457
4452
4457
4458
4453
4458
4459
4454
4459
4455
4460
4461
4456
4461
4462
4457
4462
4463
4458
4463
4464
4459
4464
4460
4465
4466
4461
4466
4467
4462
4467
4468
4463
4468
4469
4464
4469
4465
4470
4466
4470
4471
4467
4471
4472
4468
4472
4473
4469
4473
4470
4474
4471
4474
4475
4472
4475
4476
4473
4476
4474
4477
4475
4477
4478
4476
4478
4477
4479
4478
4479
4479
4480
4480
4481
4481
4482
4482
4483
4483
4484
4484
4485
4485
4486
4486
4487
4487
4488
4488
4489
4480
4490
4481
4490
4491
4482
4491
4492
4483
4492
4493
4484
4493
4494
4485
4494
4495
4486
4495
4496
4487
4496
4497
4488
4497
4498
4489
4498
4499
4490
4500
4491
4500
4501
4492
4501
4502
4493
4502
4503
4494
4503
4504
4495
4504
4505
4496
4505
4506
4497
4506
4507
4498
4507
4508
4499
4508
4509
4500
4510
4501
4510
4511
4502
4511
4512
4503
4512
4513
4504
4513
4514
4505
4514
4515
4506
4515
4516
4507
4516
4517
4508
4517
4518
4509
4518
4519
4510
4520
4511
4520
4521
4512
4521
4522
4513
4522
4523
4514
4523
4524
4515
4524
4525
4516
4525
4526
4517
4526
4527
4518
4527
4528
4519
4528
4529
4525
4530
4531
4526
4531
4532
4527
4532
4533
4528
4533
4534
4529
4534
4530
4535
4536
4531
4536
4537
4532
4537
4538
4533
4538
4539
4534
4539
4535
4540
4541
4536
4541
4542
4537
4542
4543
4538
4543
4544
4539
4544
4540
4545
4546
4541
4546
4547
4542
4547
4548
4543
4548
4549
4544
4549
4545
4550
4551
4546
4551
4552
4547
4552
4553
4548
4553
4554
4549
4554
4550
4555
4551
4555
4556
4552
4556
4557
4553
4557
4558
4554
4558
4555
4559
4556
4559
4560
4557
4560
4561
4558
4561
4559
4562
4560
4562
4563
4561
4563
4562
4564
4563
4564
4564
4565
4565
4566
4566
4567
4567
4568
4568
4569
4569
4570
4570
4571
4571
4572
4572
4573
4573
4574
4565
4575
4566
4575
4576
4567
4576
4577
4568
4577
4578
4569
4578
4579
4570
4579
4580
4571
4580
4581
4572
4581
4582
4573
4582
4583
4574
4583
4584
4575
4585
4576
4585
4586
4577
4586
4587
4578
4587
4588
4579
4588
4589
4580
4589
4590
4581
4590
4591
4582
4591
4592
4583
4592
4593
4584
4593
4594
4585
4595
4586
4595
4596
4587
4596
4597
4588
4597
4598
4589
4598
4599
4590
4599
4600
4591
4600
4601
4592
4601
4602
4593
4602
4603
4594
4603
4604
4595
4605
4596
4605
4606
4597
4606
4607
4598
4607
4608
4599
4608
4609
4600
4609
4610
4601
4610
4611
4602
4611
4612
4603
4612
4613
4604
4613
4609
4614
4615
4610
4615
4616
4611
4616
4617
4612
4617
4618
4613
4618
4614
4619
4620
4615
4620
4621
4616
4621
4622
4617
4622
4623
4618
4623
4619
4624
4625
4620
4625
4626
4621
4626
4627
4622
4627
4628
4623
4628
4624
4629
4630
4625
4630
4631
4626
4631
4632
4627
4632
4633
4628
4633
4629
4634
4630
4634
4635
4631
4635
4636
4632
4636
4637
4633
4637
4634
4638
4635
4638
4639
4636
4639
4640
4637
4640
4638
4641
4639
4641
4642
4640
4642
4641
4643
4642
4643
4643
4644
4644
4645
4645
4646
4646
4647
4647
4648
4648
4649
4649
4650
4650
4651
4651
4652
4652
4653
4644
4654
4645
4654
4655
4646
4655
4656
4647
4656
4657
4648
4657
4658
4649
4658
4659
4650
4659
4660
4651
4660
4661
4652
4661
4662
4653
4662
4663
4654
4664
4655
4664
4665
4656
4665
4666
4657
4666
4667
4658
4667
4668
4659
4668
4669
4660
4669
4670
4661
4670
4671
4662
4671
4672
4663
4672
4673
4664
4674
4665
4674
4675
4666
4675
4676
4667
4676
4677
4668
4677
4678
4669
4678
4679
4670
4679
4680
4671
4680
4681
4672
4681
4682
4673
4682
4674
4683
4675
4683
4684
4676
4684
4685
4677
4685
4686
4678
4686
4687
4679
4687
4688
4680
4688
4689
4681
4689
4690
4682
4690
4686
4691
4692
4687
4692
4693
4688
4693
4694
4689
4694
4695
4690
4695
4691
4696
4697
4692
4697
4698
4693
4698
4699
4694
4699
4700
4695
4700
4696
4701
4702
4697
4702
4703
4698
4703
4704
4699
4704
4705
4700
4705
4701
4706
4702
4706
4707
4703
4707
4708
4704
4708
4709
4705
4709
4706
4710
4707
4710
4711
4708
4711
4712
4709
4712
4710
4713
4711
4713
4714
4712
4714
4713
4715
4714
4715
4715
4716
4716
4717
4717
4718
4718
4719
4719
4720
4720
4721
4721
4722
4722
4723
4723
4724
4724
4725
4716
4726
4717
4726
4727
4718
4727
4728
4719
4728
4729
4720
4729
4730
4721
4730
4731
4722
4731
4732
4723
4732
4733
4724
4733
4734
4725
4734
4735
4726
4736
4727
4736
4737
4728
4737
4738
4729
4738
4739
4730
4739
4740
4731
4740
4741
4732
4741
4742
4733
4742
4743
4734
4743
4744
4735
4744
4736
4745
4737
4745
4746
4738
4746
4747
4739
4747
4748
4740
4748
4749
4741
4749
4750
4742
4750
4751
4743
4751
4752
4744
4752
4745
4753
4746
4753
4754
4747
4754
4755
4748
4755
4756
4749
4756
4757
4750
4757
4758
4751
4758
4759
4752
4759
4755
4760
4761
4756
4761
4762
4757
4762
4763
4758
4763
4764
4759
4764
4760
4765
4766
4761
4766
4767
4762
4767
4768
4763
4768
4769
4764
4769
4765
4770
4766
4770
4771
4767
4771
4772
4768
4772
4773
4769
4773
4770
4774
4771
4774
4775
4772
4775
4776
4773
4776
4774
4777
4775
4777
4778
4776
4778
4777
4779
4778
4779
4779
4780
4780
4781
4781
4782
4782
4783
4783
4784
4784
4785
4785
4786
4786
4787
4787
4788
4788
4789
4780
4790
4781
4790
4791
4782
4791
4792
4783
4792
4793
4784
4793
4794
4785
4794
4795
4786
4795
4796
4787
4796
4797
4788
4797
4798
4789
4798
4790
4799
4791
4799
4800
4792
4800
4801
4793
4801
4802
4794
4802
4803
4795
4803
4804
4796
4804
4805
4797
4805
4806
4798
4806
4799
4807
4800
4807
4808
4801
4808
4809
4802
4809
4810
4803
4810
4811
4804
4811
4812
4805
4812
4813
4806
4813
4807
4814
4808
4814
4815
4809
4815
4816
4810
4816
4817
4811
4817
4818
4812
4818
4819
4813
4819
4815
4820
4821
4816
4821
4822
4817
4822
4823
4818
4823
4824
4819
4824
4820
4825
4821
4825
4826
4822
4826
4827
4823
4827
4828
4824
4828
4825
4829
4826
4829
4830
4827
4830
4831
4828
4831
4829
4832
4830
4832
4833
4831
4833
4832
4834
4833
4834
4834
4835
4835
4836
4836
4837
4837
4838
4838
4839
4839
4840
4840
4841
4841
4842
4842
4843
4843
4835
4844
4836
4844
4845
4837
4845
4846
4838
4846
4847
4839
4847
4848
4840
4848
4849
4841
4849
4850
4842
4850
4851
4843
4851
4844
4852
4845
4852
4853
4846
4853
4854
4847
4854
4855
4848
4855
4856
4849
4856
4857
4850
4857
4858
4851
4858
4852
4859
4853
4859
4860
4854
4860
4861
4855
4861
4862
4856
4862
4863
4857
4863
4864
4858
4864
4859
4865
4860
4865
4866
4861
4866
4867
4862
4867
4868
4863
4868
4869
4864
4869
4865
4870
4866
4870
4871
4867
4871
4872
4868
4872
4873
4869
4873
4870
4874
4871
4874
4875
4872
4875
4876
4873
4876
4874
4877
4875
4877
4878
4876
4878
4877
4879
4878
4879
4879
4880
4880
4881
4881
4882
4882
4883
4883
4884
4884
4885
4885
4886
4886
4887
4887
4880
4888
4881
4888
4889
4882
4889
4890
4883
4890
4891
4884
4891
4892
4885
4892
4893
4886
4893
4894
4887
4894
4888
4895
4889
4895
4896
4890
4896
4897
4891
4897
4898
4892
4898
4899
4893
4899
4900
4894
4900
4895
4901
4896
4901
4902
4897
4902
4903
4898
4903
4904
4899
4904
4905
4900
4905
4901
4906
4902
4906
4907
4903
4907
4908
4904
4908
4909
4905
4909
4906
4910
4907
4910
4911
4908
4911
4912
4909
4912
4910
4913
4911
4913
4914
4912
4914
4913
4915
4914
4915
4915
4916
4916
4917
4917
4918
4918
4919
4919
4920
4920
4921
4921
4922
4922
4916
4923
4917
4923
4924
4918
4924
4925
4919
4925
4926
4920
4926
4927
4921
4927
4928
4922
4928
4923
4929
4924
4929
4930
4925
4930
4931
4926
4931
4932
4927
4932
4933
4928
4933
4929
4934
4930
4934
4935
4931
4935
4936
4932
4936
4937
4933
4937
4934
4938
4935
4938
4939
4936
4939
4940
4937
4940
4938
4941
4939
4941
4942
4940
4942
4941
4943
4942
4943
4943
4944
4944
4945
4945
4946
4946
4947
4947
4948
4948
4949
4949
4944
4950
4945
4950
4951
4946
4951
4952
4947
4952
4953
4948
4953
4954
4949
4954
4950
4955
4951
4955
4956
4952
4956
4957
4953
4957
4958
4954
4958
4955
4959
4956
4959
4960
4957
4960
4961
4958
4961
4959
4962
4960
4962
4963
4961
4963
4962
4964
4963
4964
4964
4965
4965
4966
4966
4967
4967
4968
4968
4969
4969
4965
4970
4966
4970
4971
4967
4971
4972
4968
4972
4973
4969
4973
4970
4974
4971
4974
4975
4972
4975
4976
4973
4976
4974
4977
4975
4977
4978
4976
4978
4977
4979
4978
4979
4979
4980
4980
4981
4981
4982
4982
4983
4983
4980
4984
4981
4984
4985
4982
4985
4986
4983
4986
4984
4987
4985
4987
4988
4986
4988
4987
4989
4988
4989
4989
4990
4990
4991
4991
4992
4992
4990
4993
4991
4993
4994
4992
4994
4993
4995
4994
4995
4995
4996
4996
4997
4997
4996
4998
4997
4998
4998
4999
4999
4999
)
)

// processor3

66223
(
13800
(
1
2
3
4
5
6
5
7
8
6
8
9
10
11
12
11
13
14
12
14
15
13
16
17
14
17
18
15
18
19
20
21
22
21
23
24
22
24
25
23
26
27
24
27
28
25
28
29
26
30
31
27
31
32
28
32
33
29
33
34
35
36
37
36
38
39
37
39
40
38
41
42
39
42
43
40
43
44
41
45
46
42
46
47
43
47
48
44
48
49
45
50
51
46
51
52
47
52
53
48
53
54
49
54
55
56
57
58
57
59
60
58
60
61
59
62
63
60
63
64
61
64
65
62
66
67
63
67
68
64
68
69
65
69
70
66
71
72
67
72
73
68
73
74
69
74
75
70
75
76
71
77
78
72
78
79
73
79
80
74
80
81
75
81
82
76
82
83
84
85
86
85
87
88
86
88
89
87
90
91
88
91
92
89
92
93
90
94
95
91
95
96
92
96
97
93
97
98
94
99
100
95
100
101
96
101
102
97
102
103
98
103
104
99
105
106
100
106
107
101
107
108
102
108
109
103
109
110
104
110
111
105
112
113
106
113
114
107
114
115
108
115
116
109
116
117
110
117
118
111
118
119
120
121
122
121
123
124
122
124
125
123
126
127
124
127
128
125
128
129
126
130
131
127
131
132
128
132
133
129
133
134
130
135
136
131
136
137
132
137
138
133
138
139
134
139
140
135
141
142
136
142
143
137
143
144
138
144
145
139
145
146
140
146
147
141
148
149
142
149
150
143
150
151
144
151
152
145
152
153
146
153
154
147
154
155
148
156
157
149
157
158
150
158
159
151
159
160
152
160
161
153
161
162
154
162
163
155
163
164
165
166
167
166
168
169
167
169
170
168
171
172
169
172
173
170
173
174
171
175
176
172
176
177
173
177
178
174
178
179
175
180
181
176
181
182
177
182
183
178
183
184
179
184
185
180
186
187
181
187
188
182
188
189
183
189
190
184
190
191
185
191
192
186
193
194
187
194
195
188
195
196
189
196
197
190
197
198
191
198
199
192
199
200
193
201
202
194
202
203
195
203
204
196
204
205
197
205
206
198
206
207
199
207
208
200
208
209
201
210
211
202
211
212
203
212
213
204
213
214
205
214
215
206
215
216
207
216
217
208
217
218
209
218
219
220
221
222
221
223
224
222
224
225
223
226
227
224
227
228
225
228
229
226
230
231
227
231
232
228
232
233
229
233
234
230
235
236
231
236
237
232
237
238
233
238
239
234
239
240
235
241
242
236
242
243
237
243
244
238
244
245
239
245
246
240
246
247
241
248
249
242
249
250
243
250
251
244
251
252
245
252
253
246
253
254
247
254
255
248
256
257
249
257
258
250
258
259
251
259
260
252
260
261
253
261
262
254
262
263
255
263
264
256
265
266
257
266
267
258
267
268
259
268
269
260
269
270
261
270
271
262
271
272
263
272
273
264
273
274
265
275
266
275
276
267
276
277
268
277
278
269
278
279
270
279
280
271
280
281
272
281
282
273
282
283
274
283
284
285
286
287
286
288
289
287
289
290
288
291
292
289
292
293
290
293
294
291
295
296
292
296
297
293
297
298
294
298
299
295
300
301
296
301
302
297
302
303
298
303
304
299
304
305
300
306
307
301
307
308
302
308
309
303
309
310
304
310
311
305
311
312
306
313
314
307
314
315
308
315
316
309
316
317
310
317
318
311
318
319
312
319
320
313
321
322
314
322
323
315
323
324
316
324
325
317
325
326
318
326
327
319
327
328
320
328
329
321
330
331
322
331
332
323
332
333
324
333
334
325
334
335
326
335
336
327
336
337
328
337
338
329
338
339
330
340
331
340
341
332
341
342
333
342
343
334
343
344
335
344
345
336
345
346
337
346
347
338
347
348
339
348
349
340
350
341
350
351
342
351
352
343
352
353
344
353
354
345
354
355
346
355
356
347
356
357
348
357
358
349
358
359
360
361
362
361
363
364
362
364
365
363
366
367
364
367
368
365
368
369
366
370
371
367
371
372
368
372
373
369
373
374
370
375
376
371
376
377
372
377
378
373
378
379
374
379
380
375
381
382
376
382
383
377
383
384
378
384
385
379
385
386
380
386
387
381
388
389
382
389
390
383
390
391
384
391
392
385
392
393
386
393
394
387
394
395
388
396
397
389
397
398
390
398
399
391
399
400
392
400
401
393
401
402
394
402
403
395
403
404
396
405
406
397
406
407
398
407
408
399
408
409
400
409
410
401
410
411
402
411
412
403
412
413
404
413
414
405
415
406
415
416
407
416
417
408
417
418
409
418
419
410
419
420
411
420
421
412
421
422
413
422
423
414
423
424
415
425
416
425
426
417
426
427
418
427
428
419
428
429
420
429
430
421
430
431
422
431
432
423
432
433
424
433
434
425
435
426
435
436
427
436
437
428
437
438
429
438
439
430
439
440
431
440
441
432
441
442
433
442
443
434
443
444
445
446
447
446
448
449
447
449
450
448
451
452
449
452
453
450
453
454
451
455
456
452
456
457
453
457
458
454
458
459
455
460
461
456
461
462
457
462
463
458
463
464
459
464
465
460
466
467
461
467
468
462
468
469
463
469
470
464
470
471
465
471
472
466
473
474
467
474
475
468
475
476
469
476
477
470
477
478
471
478
479
472
479
480
473
481
482
474
482
483
475
483
484
476
484
485
477
485
486
478
486
487
479
487
488
480
488
489
481
490
491
482
491
492
483
492
493
484
493
494
485
494
495
486
495
496
487
496
497
488
497
498
489
498
499
490
500
491
500
501
492
501
502
493
502
503
494
503
504
495
504
505
496
505
506
497
506
507
498
507
508
499
508
509
500
510
501
510
511
502
511
512
503
512
513
504
513
514
505
514
515
506
515
516
507
516
517
508
517
518
509
518
519
510
520
511
520
521
512
521
522
513
522
523
514
523
524
515
524
525
516
525
526
517
526
527
518
527
528
519
528
529
520
530
521
530
531
522
531
532
523
532
533
524
533
534
525
534
535
526
535
536
527
536
537
528
537
538
529
538
539
540
541
542
541
543
544
542
544
545
543
546
547
544
547
548
545
548
549
546
550
551
547
551
552
548
552
553
549
553
554
550
555
556
551
556
557
552
557
558
553
558
559
554
559
560
555
561
562
556
562
563
557
563
564
558
564
565
559
565
566
560
566
567
561
568
569
562
569
570
563
570
571
564
571
572
565
572
573
566
573
574
567
574
575
568
576
577
569
577
578
570
578
579
571
579
580
572
580
581
573
581
582
574
582
583
575
583
584
576
585
586
577
586
587
578
587
588
579
588
589
580
589
590
581
590
591
582
591
592
583
592
593
584
593
594
585
595
586
595
596
587
596
597
588
597
598
589
598
599
590
599
600
591
600
601
592
601
602
593
602
603
594
603
604
595
605
596
605
606
597
606
607
598
607
608
599
608
609
600
609
610
601
610
611
602
611
612
603
612
613
604
613
614
605
615
606
615
616
607
616
617
608
617
618
609
618
619
610
619
620
611
620
621
612
621
622
613
622
623
614
623
624
615
625
616
625
626
617
626
627
618
627
628
619
628
629
620
629
630
621
630
631
622
631
632
623
632
633
624
633
634
625
635
626
635
636
627
636
637
628
637
638
629
638
639
630
639
640
631
640
641
632
641
642
633
642
643
634
643
644
645
646
647
646
648
649
647
649
650
648
651
652
649
652
653
650
653
654
651
655
656
652
656
657
653
657
658
654
658
659
655
660
661
656
661
662
657
662
663
658
663
664
659
664
665
660
666
667
661
667
668
662
668
669
663
669
670
664
670
671
665
671
672
666
673
674
667
674
675
668
675
676
669
676
677
670
677
678
671
678
679
672
679
680
673
681
682
674
682
683
675
683
684
676
684
685
677
685
686
678
686
687
679
687
688
680
688
689
681
690
691
682
691
692
683
692
693
684
693
694
685
694
695
686
695
696
687
696
697
688
697
698
689
698
699
690
700
691
700
701
692
701
702
693
702
703
694
703
704
695
704
705
696
705
706
697
706
707
698
707
708
699
708
709
700
710
701
710
711
702
711
712
703
712
713
704
713
714
705
714
715
706
715
716
707
716
717
708
717
718
709
718
719
710
720
711
720
721
712
721
722
713
722
723
714
723
724
715
724
725
716
725
726
717
726
727
718
727
728
719
728
729
720
730
721
730
731
722
731
732
723
732
733
724
733
734
725
734
735
726
735
736
727
736
737
728
737
738
729
738
739
730
740
731
740
741
732
741
742
733
742
743
734
743
744
735
744
745
736
745
746
737
746
747
738
747
748
739
748
749
740
750
741
750
751
742
751
752
743
752
753
744
753
754
745
754
755
746
755
756
747
756
757
748
757
758
749
758
759
760
761
762
761
763
764
762
764
765
763
766
767
764
767
768
765
768
769
766
770
771
767
771
772
768
772
773
769
773
774
770
775
776
771
776
777
772
777
778
773
778
779
774
779
780
775
781
782
776
782
783
777
783
784
778
784
785
779
785
786
780
786
787
781
788
789
782
789
790
783
790
791
784
791
792
785
792
793
786
793
794
787
794
795
788
796
797
789
797
798
790
798
799
791
799
800
792
800
801
793
801
802
794
802
803
795
803
804
796
805
806
797
806
807
798
807
808
799
808
809
800
809
810
801
810
811
802
811
812
803
812
813
804
813
814
805
815
806
815
816
807
816
817
808
817
818
809
818
819
810
819
820
811
820
821
812
821
822
813
822
823
814
823
824
815
825
816
825
826
817
826
827
818
827
828
819
828
829
820
829
830
821
830
831
822
831
832
823
832
833
824
833
834
825
835
826
835
836
827
836
837
828
837
838
829
838
839
830
839
840
831
840
841
832
841
842
833
842
843
834
843
844
835
845
836
845
846
837
846
847
838
847
848
839
848
849
840
849
850
841
850
851
842
851
852
843
852
853
844
853
854
845
855
846
855
856
847
856
857
848
857
858
849
858
859
850
859
860
851
860
861
852
861
862
853
862
863
854
863
864
855
865
856
865
866
857
866
867
858
867
868
859
868
869
860
869
870
861
870
871
862
871
872
863
872
873
864
873
874
865
875
866
875
876
867
876
877
868
877
878
869
878
879
870
879
880
871
880
881
872
881
882
873
882
883
874
883
884
885
886
887
886
888
889
887
889
890
888
891
892
889
892
893
890
893
894
891
895
896
892
896
897
893
897
898
894
898
899
895
900
901
896
901
902
897
902
903
898
903
904
899
904
905
900
906
907
901
907
908
902
908
909
903
909
910
904
910
911
905
911
912
906
913
914
907
914
915
908
915
916
909
916
917
910
917
918
911
918
919
912
919
920
913
921
922
914
922
923
915
923
924
916
924
925
917
925
926
918
926
927
919
927
928
920
928
929
921
930
931
922
931
932
923
932
933
924
933
934
925
934
935
926
935
936
927
936
937
928
937
938
929
938
939
930
940
931
940
941
932
941
942
933
942
943
934
943
944
935
944
945
936
945
946
937
946
947
938
947
948
939
948
949
940
950
941
950
951
942
951
952
943
952
953
944
953
954
945
954
955
946
955
956
947
956
957
948
957
958
949
958
959
950
960
951
960
961
952
961
962
953
962
963
954
963
964
955
964
965
956
965
966
957
966
967
958
967
968
959
968
969
960
970
961
970
971
962
971
972
963
972
973
964
973
974
965
974
975
966
975
976
967
976
977
968
977
978
969
978
979
970
980
971
980
981
972
981
982
973
982
983
974
983
984
975
984
985
976
985
986
977
986
987
978
987
988
979
988
989
980
990
981
990
991
982
991
992
983
992
993
984
993
994
985
994
995
986
995
996
987
996
997
988
997
998
989
998
999
990
1000
991
1000
1001
992
1001
1002
993
1002
1003
994
1003
1004
995
1004
1005
996
1005
1006
997
1006
1007
998
1007
1008
999
1008
1009
1000
1010
1001
1010
1011
1002
1011
1012
1003
1012
1013
1004
1013
1014
1005
1014
1015
1006
1015
1016
1007
1016
1017
1008
1017
1018
1009
1018
1019
1020
1021
1022
1021
1023
1024
1022
1024
1025
1023
1026
1027
1024
1027
1028
1025
1028
1029
1026
1030
1031
1027
1031
1032
1028
1032
1033
1029
1033
1034
1030
1035
1036
1031
1036
1037
1032
1037
1038
1033
1038
1039
1034
1039
1040
1035
1041
1042
1036
1042
1043
1037
1043
1044
1038
1044
1045
1039
1045
1046
1040
1046
1047
1041
1048
1049
1042
1049
1050
1043
1050
1051
1044
1051
1052
1045
1052
1053
1046
1053
1054
1047
1054
1055
1048
1056
1057
1049
1057
1058
1050
1058
1059
1051
1059
1060
1052
1060
1061
1053
1061
1062
1054
1062
1063
1055
1063
1064
1056
1065
1066
1057
1066
1067
1058
1067
1068
1059
1068
1069
1060
1069
1070
1061
1070
1071
1062
1071
1072
1063
1072
1073
1064
1073
1074
1065
1075
1066
1075
1076
1067
1076
1077
1068
1077
1078
1069
1078
1079
1070
1079
1080
1071
1080
1081
1072
1081
1082
1073
1082
1083
1074
1083
1084
1075
1085
1076
1085
1086
1077
1086
1087
1078
1087
1088
1079
1088
1089
1080
1089
1090
1081
1090
1091
1082
1091
1092
1083
1092
1093
1084
1093
1094
1085
1095
1086
1095
1096
1087
1096
1097
1088
1097
1098
1089
1098
1099
1090
1099
1100
1091
1100
1101
1092
1101
1102
1093
1102
1103
1094
1103
1104
1095
1105
1096
1105
1106
1097
1106
1107
1098
1107
1108
1099
1108
1109
1100
1109
1110
1101
1110
1111
1102
1111
1112
1103
1112
1113
1104
1113
1114
1105
1115
1106
1115
1116
1107
1116
1117
1108
1117
1118
1109
1118
1119
1110
1119
1120
1111
1120
1121
1112
1121
1122
1113
1122
1123
1114
1123
1124
1115
1125
1116
1125
1126
1117
1126
1127
1118
1127
1128
1119
1128
1129
1120
1129
1130
1121
1130
1131
1122
1131
1132
1123
1132
1133
1124
1133
1134
1125
1135
1126
1135
1136
1127
1136
1137
1128
1137
1138
1129
1138
1139
1130
1139
1140
1131
1140
1141
1132
1141
1142
1133
1142
1143
1134
1143
1144
1135
1145
1136
1145
1146
1137
1146
1147
1138
1147
1148
1139
1148
1149
1140
1149
1150
1141
1150
1151
1142
1151
1152
1143
1152
1153
1144
1153
1154
1145
1155
1146
1155
1156
1147
1156
1157
1148
1157
1158
1149
1158
1159
1150
1159
1160
1151
1160
1161
1152
1161
1162
1153
1162
1163
1154
1163
1164
1165
1166
1167
1166
1168
1169
1167
1169
1170
1168
1171
1172
1169
1172
1173
1170
1173
1174
1171
1175
1176
1172
1176
1177
1173
1177
1178
1174
1178
1179
1175
1180
1181
1176
1181
1182
1177
1182
1183
1178
1183
1184
1179
1184
1185
1180
1186
1187
1181
1187
1188
1182
1188
1189
1183
1189
1190
1184
1190
1191
1185
1191
1192
1186
1193
1194
1187
1194
1195
1188
1195
1196
1189
1196
1197
1190
1197
1198
1191
1198
1199
1192
1199
1200
1193
1201
1202
1194
1202
1203
1195
1203
1204
1196
1204
1205
1197
1205
1206
1198
1206
1207
1199
1207
1208
1200
1208
1209
1201
1210
1211
1202
1211
1212
1203
1212
1213
1204
1213
1214
1205
1214
1215
1206
1215
1216
1207
1216
1217
1208
1217
1218
1209
1218
1219
1210
1220
1211
1220
1221
1212
1221
1222
1213
1222
1223
1214
1223
1224
1215
1224
1225
1216
1225
1226
1217
1226
1227
1218
1227
1228
1219
1228
1229
1220
1230
1221
1230
1231
1222
1231
1232
1223
1232
1233
1224
1233
1234
1225
1234
1235
1226
1235
1236
1227
1236
1237
1228
1237
1238
1229
1238
1239
1230
1240
1231
1240
1241
1232
1241
1242
1233
1242
1243
1234
1243
1244
1235
1244
1245
1236
1245
1246
1237
1246
1247
1238
1247
1248
1239
1248
1249
1240
1250
1241
1250
1251
1242
1251
1252
1243
1252
1253
1244
1253
1254
1245
1254
1255
1246
1255
1256
1247
1256
1257
1248
1257
1258
1249
1258
1259
1250
1260
1251
1260
1261
1252
1261
1262
1253
1262
1263
1254
1263
1264
1255
1264
1265
1256
1265
1266
1257
1266
1267
1258
1267
1268
1259
1268
1269
1260
1270
1261
1270
1271
1262
1271
1272
1263
1272
1273
1264
1273
1274
1265
1274
1275
1266
1275
1276
1267
1276
1277
1268
1277
1278
1269
1278
1279
1270
1280
1271
1280
1281
1272
1281
1282
1273
1282
1283
1274
1283
1284
1275
1284
1285
1276
1285
1286
1277
1286
1287
1278
1287
1288
1279
1288
1289
1280
1290
1281
1290
1291
1282
1291
1292
1283
1292
1293
1284
1293
1294
1285
1294
1295
1286
1295
1296
1287
1296
1297
1288
1297
1298
1289
1298
1299
1290
1300
1291
1300
1301
1292
1301
1302
1293
1302
1303
1294
1303
1304
1295
1304
1305
1296
1305
1306
1297
1306
1307
1298
1307
1308
1299
1308
1309
1300
1310
1301
1310
1311
1302
1311
1312
1303
1312
1313
1304
1313
1314
1305
1314
1315
1306
1315
1316
1307
1316
1317
1308
1317
1318
1309
1318
1319
1320
1321
1320
1322
1323
1321
1323
1324
1322
1325
1326
1323
1326
1327
1324
1327
1328
1325
1329
1330
1326
1330
1331
1327
1331
1332
1328
1332
1333
1329
1334
1335
1330
1335
1336
1331
1336
1337
1332
1337
1338
1333
1338
1339
1334
1340
1341
1335
1341
1342
1336
1342
1343
1337
1343
1344
1338
1344
1345
1339
1345
1346
1340
1347
1348
1341
1348
1349
1342
1349
1350
1343
1350
1351
1344
1351
1352
1345
1352
1353
1346
1353
1354
1347
1355
1356
1348
1356
1357
1349
1357
1358
1350
1358
1359
1351
1359
1360
1352
1360
1361
1353
1361
1362
1354
1362
1363
1355
1364
1365
1356
1365
1366
1357
1366
1367
1358
1367
1368
1359
1368
1369
1360
1369
1370
1361
1370
1371
1362
1371
1372
1363
1372
1373
1364
1374
1365
1374
1375
1366
1375
1376
1367
1376
1377
1368
1377
1378
1369
1378
1379
1370
1379
1380
1371
1380
1381
1372
1381
1382
1373
1382
1383
1374
1384
1375
1384
1385
1376
1385
1386
1377
1386
1387
1378
1387
1388
1379
1388
1389
1380
1389
1390
1381
1390
1391
1382
1391
1392
1383
1392
1393
1384
1394
1385
1394
1395
1386
1395
1396
1387
1396
1397
1388
1397
1398
1389
1398
1399
1390
1399
1400
1391
1400
1401
1392
1401
1402
1393
1402
1403
1394
1404
1395
1404
1405
1396
1405
1406
1397
1406
1407
1398
1407
1408
1399
1408
1409
1400
1409
1410
1401
1410
1411
1402
1411
1412
1403
1412
1413
1404
1414
1405
1414
1415
1406
1415
1416
1407
1416
1417
1408
1417
1418
1409
1418
1419
1410
1419
1420
1411
1420
1421
1412
1421
1422
1413
1422
1423
1414
1424
1415
1424
1425
1416
1425
1426
1417
1426
1427
1418
1427
1428
1419
1428
1429
1420
1429
1430
1421
1430
1431
1422
1431
1432
1423
1432
1424
1433
1425
1433
1434
1426
1434
1435
1427
1435
1436
1428
1436
1437
1429
1437
1438
1430
1438
1439
1431
1439
1440
1432
1440
1441
1441
1442
1433
1443
1434
1443
1444
1435
1444
1445
1436
1445
1446
1437
1446
1447
1438
1447
1448
1439
1448
1449
1440
1449
1450
1441
1450
1451
1442
1451
1452
1443
1453
1444
1453
1454
1445
1454
1455
1446
1455
1456
1447
1456
1457
1448
1457
1458
1449
1458
1459
1450
1459
1460
1451
1460
1461
1452
1461
1462
1453
1463
1454
1463
1464
1455
1464
1465
1456
1465
1466
1457
1466
1467
1458
1467
1468
1459
1468
1469
1460
1469
1470
1461
1470
1471
1462
1471
1472
1463
1473
1464
1473
1474
1465
1474
1475
1466
1475
1476
1467
1476
1477
1468
1477
1478
1469
1478
1479
1470
1479
1480
1471
1480
1481
1472
1481
1482
1483
1484
1484
1485
1483
1486
1487
1484
1487
1488
1485
1488
1489
1486
1490
1491
1487
1491
1492
1488
1492
1493
1489
1493
1494
1490
1495
1496
1491
1496
1497
1492
1497
1498
1493
1498
1499
1494
1499
1500
1495
1501
1502
1496
1502
1503
1497
1503
1504
1498
1504
1505
1499
1505
1506
1500
1506
1507
1501
1508
1509
1502
1509
1510
1503
1510
1511
1504
1511
1512
1505
1512
1513
1506
1513
1514
1507
1514
1515
1508
1516
1517
1509
1517
1518
1510
1518
1519
1511
1519
1520
1512
1520
1521
1513
1521
1522
1514
1522
1523
1515
1523
1524
1516
1525
1526
1517
1526
1527
1518
1527
1528
1519
1528
1529
1520
1529
1530
1521
1530
1531
1522
1531
1532
1523
1532
1533
1524
1533
1534
1525
1535
1526
1535
1536
1527
1536
1537
1528
1537
1538
1529
1538
1539
1530
1539
1540
1531
1540
1541
1532
1541
1542
1533
1542
1543
1534
1543
1544
1535
1545
1536
1545
1546
1537
1546
1547
1538
1547
1548
1539
1548
1549
1540
1549
1550
1541
1550
1551
1542
1551
1552
1543
1552
1553
1544
1553
1554
1545
1555
1546
1555
1556
1547
1556
1557
1548
1557
1558
1549
1558
1559
1550
1559
1560
1551
1560
1561
1552
1561
1562
1553
1562
1563
1554
1563
1564
1555
1565
1556
1565
1566
1557
1566
1567
1558
1567
1568
1559
1568
1569
1560
1569
1570
1561
1570
1571
1562
1571
1572
1563
1572
1573
1564
1573
1574
1565
1575
1566
1575
1576
1567
1576
1577
1568
1577
1578
1569
1578
1579
1570
1579
1580
1571
1580
1581
1572
1581
1582
1573
1582
1583
1574
1583
1584
1575
1585
1576
1585
1586
1577
1586
1587
1578
1587
1588
1579
1588
1589
1580
1589
1590
1581
1590
1591
1582
1591
1592
1583
1592
1593
1584
1593
1585
1594
1586
1594
1595
1587
1595
1596
1588
1596
1597
1589
1597
1598
1590
1598
1599
1591
1599
1600
1592
1600
1601
1593
1601
1594
1602
1595
1602
1603
1596
1603
1604
1597
1604
1605
1598
1605
1606
1599
1606
1607
1600
1607
1608
1601
1608
1609
1609
1610
1610
1611
1602
1612
1603
1612
1613
1604
1613
1614
1605
1614
1615
1606
1615
1616
1607
1616
1617
1608
1617
1618
1609
1618
1619
1610
1619
1620
1611
1620
1621
1612
1622
1613
1622
1623
1614
1623
1624
1615
1624
1625
1616
1625
1626
1617
1626
1627
1618
1627
1628
1619
1628
1629
1620
1629
1630
1621
1630
1631
1622
1632
1623
1632
1633
1624
1633
1634
1625
1634
1635
1626
1635
1636
1627
1636
1637
1628
1637
1638
1629
1638
1639
1630
1639
1640
1631
1640
1641
1632
1642
1633
1642
1643
1634
1643
1644
1635
1644
1645
1636
1645
1646
1637
1646
1647
1638
1647
1648
1639
1648
1649
1640
1649
1650
1641
1650
1651
1652
1653
1653
1654
1654
1655
1652
1656
1657
1653
1657
1658
1654
1658
1659
1655
1659
1660
1656
1661
1662
1657
1662
1663
1658
1663
1664
1659
1664
1665
1660
1665
1666
1661
1667
1668
1662
1668
1669
1663
1669
1670
1664
1670
1671
1665
1671
1672
1666
1672
1673
1667
1674
1675
1668
1675
1676
1669
1676
1677
1670
1677
1678
1671
1678
1679
1672
1679
1680
1673
1680
1681
1674
1682
1683
1675
1683
1684
1676
1684
1685
1677
1685
1686
1678
1686
1687
1679
1687
1688
1680
1688
1689
1681
1689
1690
1682
1691
1692
1683
1692
1693
1684
1693
1694
1685
1694
1695
1686
1695
1696
1687
1696
1697
1688
1697
1698
1689
1698
1699
1690
1699
1700
1691
1701
1692
1701
1702
1693
1702
1703
1694
1703
1704
1695
1704
1705
1696
1705
1706
1697
1706
1707
1698
1707
1708
1699
1708
1709
1700
1709
1710
1701
1711
1702
1711
1712
1703
1712
1713
1704
1713
1714
1705
1714
1715
1706
1715
1716
1707
1716
1717
1708
1717
1718
1709
1718
1719
1710
1719
1720
1711
1721
1712
1721
1722
1713
1722
1723
1714
1723
1724
1715
1724
1725
1716
1725
1726
1717
1726
1727
1718
1727
1728
1719
1728
1729
1720
1729
1730
1721
1731
1722
1731
1732
1723
1732
1733
1724
1733
1734
1725
1734
1735
1726
1735
1736
1727
1736
1737
1728
1737
1738
1729
1738
1739
1730
1739
1740
1731
1741
1732
1741
1742
1733
1742
1743
1734
1743
1744
1735
1744
1745
1736
1745
1746
1737
1746
1747
1738
1747
1748
1739
1748
1749
1740
1749
1750
1741
1751
1742
1751
1752
1743
1752
1753
1744
1753
1754
1745
1754
1755
1746
1755
1756
1747
1756
1757
1748
1757
1758
1749
1758
1759
1750
1759
1751
1760
1752
1760
1761
1753
1761
1762
1754
1762
1763
1755
1763
1764
1756
1764
1765
1757
1765
1766
1758
1766
1767
1759
1767
1760
1768
1761
1768
1769
1762
1769
1770
1763
1770
1771
1764
1771
1772
1765
1772
1773
1766
1773
1774
1767
1774
1768
1775
1769
1775
1776
1770
1776
1777
1771
1777
1778
1772
1778
1779
1773
1779
1780
1774
1780
1781
1781
1782
1782
1783
1783
1784
1775
1785
1776
1785
1786
1777
1786
1787
1778
1787
1788
1779
1788
1789
1780
1789
1790
1781
1790
1791
1782
1791
1792
1783
1792
1793
1784
1793
1794
1785
1795
1786
1795
1796
1787
1796
1797
1788
1797
1798
1789
1798
1799
1790
1799
1800
1791
1800
1801
1792
1801
1802
1793
1802
1803
1794
1803
1804
1795
1805
1796
1805
1806
1797
1806
1807
1798
1807
1808
1799
1808
1809
1800
1809
1810
1801
1810
1811
1802
1811
1812
1803
1812
1813
1804
1813
1814
1805
1815
1806
1815
1816
1807
1816
1817
1808
1817
1818
1809
1818
1819
1810
1819
1820
1811
1820
1821
1812
1821
1822
1813
1822
1823
1814
1823
1824
1825
1826
1826
1827
1827
1828
1828
1829
1825
1830
1831
1826
1831
1832
1827
1832
1833
1828
1833
1834
1829
1834
1835
1830
1836
1837
1831
1837
1838
1832
1838
1839
1833
1839
1840
1834
1840
1841
1835
1841
1842
1836
1843
1844
1837
1844
1845
1838
1845
1846
1839
1846
1847
1840
1847
1848
1841
1848
1849
1842
1849
1850
1843
1851
1852
1844
1852
1853
1845
1853
1854
1846
1854
1855
1847
1855
1856
1848
1856
1857
1849
1857
1858
1850
1858
1859
1851
1860
1861
1852
1861
1862
1853
1862
1863
1854
1863
1864
1855
1864
1865
1856
1865
1866
1857
1866
1867
1858
1867
1868
1859
1868
1869
1860
1870
1861
1870
1871
1862
1871
1872
1863
1872
1873
1864
1873
1874
1865
1874
1875
1866
1875
1876
1867
1876
1877
1868
1877
1878
1869
1878
1879
1870
1880
1871
1880
1881
1872
1881
1882
1873
1882
1883
1874
1883
1884
1875
1884
1885
1876
1885
1886
1877
1886
1887
1878
1887
1888
1879
1888
1889
1880
1890
1881
1890
1891
1882
1891
1892
1883
1892
1893
1884
1893
1894
1885
1894
1895
1886
1895
1896
1887
1896
1897
1888
1897
1898
1889
1898
1899
1890
1900
1891
1900
1901
1892
1901
1902
1893
1902
1903
1894
1903
1904
1895
1904
1905
1896
1905
1906
1897
1906
1907
1898
1907
1908
1899
1908
1909
1900
1910
1901
1910
1911
1902
1911
1912
1903
1912
1913
1904
1913
1914
1905
1914
1915
1906
1915
1916
1907
1916
1917
1908
1917
1918
1909
1918
1919
1910
1920
1911
1920
1921
1912
1921
1922
1913
1922
1923
1914
1923
1924
1915
1924
1925
1916
1925
1926
1917
1926
1927
1918
1927
1928
1919
1928
1920
1929
1921
1929
1930
1922
1930
1931
1923
1931
1932
1924
1932
1933
1925
1933
1934
1926
1934
1935
1927
1935
1936
1928
1936
1929
1937
1930
1937
1938
1931
1938
1939
1932
1939
1940
1933
1940
1941
1934
1941
1942
1935
1942
1943
1936
1943
1937
1944
1938
1944
1945
1939
1945
1946
1940
1946
1947
1941
1947
1948
1942
1948
1949
1943
1949
1944
1950
1945
1950
1951
1946
1951
1952
1947
1952
1953
1948
1953
1954
1949
1954
1955
1955
1956
1956
1957
1957
1958
1958
1959
1950
1960
1951
1960
1961
1952
1961
1962
1953
1962
1963
1954
1963
1964
1955
1964
1965
1956
1965
1966
1957
1966
1967
1958
1967
1968
1959
1968
1969
1960
1970
1961
1970
1971
1962
1971
1972
1963
1972
1973
1964
1973
1974
1965
1974
1975
1966
1975
1976
1967
1976
1977
1968
1977
1978
1969
1978
1979
1970
1980
1971
1980
1981
1972
1981
1982
1973
1982
1983
1974
1983
1984
1975
1984
1985
1976
1985
1986
1977
1986
1987
1978
1987
1988
1979
1988
1989
1980
1990
1981
1990
1991
1982
1991
1992
1983
1992
1993
1984
1993
1994
1985
1994
1995
1986
1995
1996
1987
1996
1997
1988
1997
1998
1989
1998
1999
2000
2001
2001
2002
2002
2003
2003
2004
2004
2005
2000
2006
2007
2001
2007
2008
2002
2008
2009
2003
2009
2010
2004
2010
2011
2005
2011
2012
2006
2013
2014
2007
2014
2015
2008
2015
2016
2009
2016
2017
2010
2017
2018
2011
2018
2019
2012
2019
2020
2013
2021
2022
2014
2022
2023
2015
2023
2024
2016
2024
2025
2017
2025
2026
2018
2026
2027
2019
2027
2028
2020
2028
2029
2021
2030
2031
2022
2031
2032
2023
2032
2033
2024
2033
2034
2025
2034
2035
2026
2035
2036
2027
2036
2037
2028
2037
2038
2029
2038
2039
2030
2040
2031
2040
2041
2032
2041
2042
2033
2042
2043
2034
2043
2044
2035
2044
2045
2036
2045
2046
2037
2046
2047
2038
2047
2048
2039
2048
2049
2040
2050
2041
2050
2051
2042
2051
2052
2043
2052
2053
2044
2053
2054
2045
2054
2055
2046
2055
2056
2047
2056
2057
2048
2057
2058
2049
2058
2059
2050
2060
2051
2060
2061
2052
2061
2062
2053
2062
2063
2054
2063
2064
2055
2064
2065
2056
2065
2066
2057
2066
2067
2058
2067
2068
2059
2068
2069
2060
2070
2061
2070
2071
2062
2071
2072
2063
2072
2073
2064
2073
2074
2065
2074
2075
2066
2075
2076
2067
2076
2077
2068
2077
2078
2069
2078
2079
2070
2080
2071
2080
2081
2072
2081
2082
2073
2082
2083
2074
2083
2084
2075
2084
2085
2076
2085
2086
2077
2086
2087
2078
2087
2088
2079
2088
2089
2080
2090
2081
2090
2091
2082
2091
2092
2083
2092
2093
2084
2093
2094
2085
2094
2095
2086
2095
2096
2087
2096
2097
2088
2097
2098
2089
2098
2090
2099
2091
2099
2100
2092
2100
2101
2093
2101
2102
2094
2102
2103
2095
2103
2104
2096
2104
2105
2097
2105
2106
2098
2106
2099
2107
2100
2107
2108
2101
2108
2109
2102
2109
2110
2103
2110
2111
2104
2111
2112
2105
2112
2113
2106
2113
2107
2114
2108
2114
2115
2109
2115
2116
2110
2116
2117
2111
2117
2118
2112
2118
2119
2113
2119
2114
2120
2115
2120
2121
2116
2121
2122
2117
2122
2123
2118
2123
2124
2119
2124
2120
2125
2121
2125
2126
2122
2126
2127
2123
2127
2128
2124
2128
2129
2129
2130
2130
2131
2131
2132
2132
2133
2133
2134
2125
2135
2126
2135
2136
2127
2136
2137
2128
2137
2138
2129
2138
2139
2130
2139
2140
2131
2140
2141
2132
2141
2142
2133
2142
2143
2134
2143
2144
2135
2145
2136
2145
2146
2137
2146
2147
2138
2147
2148
2139
2148
2149
2140
2149
2150
2141
2150
2151
2142
2151
2152
2143
2152
2153
2144
2153
2154
2145
2155
2146
2155
2156
2147
2156
2157
2148
2157
2158
2149
2158
2159
2150
2159
2160
2151
2160
2161
2152
2161
2162
2153
2162
2163
2154
2163
2164
2155
2165
2156
2165
2166
2157
2166
2167
2158
2167
2168
2159
2168
2169
2160
2169
2170
2161
2170
2171
2162
2171
2172
2163
2172
2173
2164
2173
2174
2175
2176
2176
2177
2177
2178
2178
2179
2179
2180
2180
2181
2175
2182
2183
2176
2183
2184
2177
2184
2185
2178
2185
2186
2179
2186
2187
2180
2187
2188
2181
2188
2189
2182
2190
2191
2183
2191
2192
2184
2192
2193
2185
2193
2194
2186
2194
2195
2187
2195
2196
2188
2196
2197
2189
2197
2198
2190
2199
2200
2191
2200
2201
2192
2201
2202
2193
2202
2203
2194
2203
2204
2195
2204
2205
2196
2205
2206
2197
2206
2207
2198
2207
2208
2199
2209
2200
2209
2210
2201
2210
2211
2202
2211
2212
2203
2212
2213
2204
2213
2214
2205
2214
2215
2206
2215
2216
2207
2216
2217
2208
2217
2218
2209
2219
2210
2219
2220
2211
2220
2221
2212
2221
2222
2213
2222
2223
2214
2223
2224
2215
2224
2225
2216
2225
2226
2217
2226
2227
2218
2227
2228
2219
2229
2220
2229
2230
2221
2230
2231
2222
2231
2232
2223
2232
2233
2224
2233
2234
2225
2234
2235
2226
2235
2236
2227
2236
2237
2228
2237
2238
2229
2239
2230
2239
2240
2231
2240
2241
2232
2241
2242
2233
2242
2243
2234
2243
2244
2235
2244
2245
2236
2245
2246
2237
2246
2247
2238
2247
2248
2239
2249
2240
2249
2250
2241
2250
2251
2242
2251
2252
2243
2252
2253
2244
2253
2254
2245
2254
2255
2246
2255
2256
2247
2256
2257
2248
2257
2258
2249
2259
2250
2259
2260
2251
2260
2261
2252
2261
2262
2253
2262
2263
2254
2263
2264
2255
2264
2265
2256
2265
2266
2257
2266
2267
2258
2267
2259
2268
2260
2268
2269
2261
2269
2270
2262
2270
2271
2263
2271
2272
2264
2272
2273
2265
2273
2274
2266
2274
2275
2267
2275
2268
2276
2269
2276
2277
2270
2277
2278
2271
2278
2279
2272
2279
2280
2273
2280
2281
2274
2281
2282
2275
2282
2276
2283
2277
2283
2284
2278
2284
2285
2279
2285
2286
2280
2286
2287
2281
2287
2288
2282
2288
2283
2289
2284
2289
2290
2285
2290
2291
2286
2291
2292
2287
2292
2293
2288
2293
2289
2294
2290
2294
2295
2291
2295
2296
2292
2296
2297
2293
2297
2294
2298
2295
2298
2299
2296
2299
2300
2297
2300
2301
2301
2302
2302
2303
2303
2304
2304
2305
2305
2306
2306
2307
2298
2308
2299
2308
2309
2300
2309
2310
2301
2310
2311
2302
2311
2312
2303
2312
2313
2304
2313
2314
2305
2314
2315
2306
2315
2316
2307
2316
2317
2308
2318
2309
2318
2319
2310
2319
2320
2311
2320
2321
2312
2321
2322
2313
2322
2323
2314
2323
2324
2315
2324
2325
2316
2325
2326
2317
2326
2327
2318
2328
2319
2328
2329
2320
2329
2330
2321
2330
2331
2322
2331
2332
2323
2332
2333
2324
2333
2334
2325
2334
2335
2326
2335
2336
2327
2336
2337
2328
2338
2329
2338
2339
2330
2339
2340
2331
2340
2341
2332
2341
2342
2333
2342
2343
2334
2343
2344
2335
2344
2345
2336
2345
2346
2337
2346
2347
2348
2349
2349
2350
2350
2351
2351
2352
2352
2353
2353
2354
2354
2355
2348
2356
2357
2349
2357
2358
2350
2358
2359
2351
2359
2360
2352
2360
2361
2353
2361
2362
2354
2362
2363
2355
2363
2364
2356
2365
2366
2357
2366
2367
2358
2367
2368
2359
2368
2369
2360
2369
2370
2361
2370
2371
2362
2371
2372
2363
2372
2373
2364
2373
2374
2365
2375
2366
2375
2376
2367
2376
2377
2368
2377
2378
2369
2378
2379
2370
2379
2380
2371
2380
2381
2372
2381
2382
2373
2382
2383
2374
2383
2384
2375
2385
2376
2385
2386
2377
2386
2387
2378
2387
2388
2379
2388
2389
2380
2389
2390
2381
2390
2391
2382
2391
2392
2383
2392
2393
2384
2393
2394
2385
2395
2386
2395
2396
2387
2396
2397
2388
2397
2398
2389
2398
2399
2390
2399
2400
2391
2400
2401
2392
2401
2402
2393
2402
2403
2394
2403
2404
2395
2405
2396
2405
2406
2397
2406
2407
2398
2407
2408
2399
2408
2409
2400
2409
2410
2401
2410
2411
2402
2411
2412
2403
2412
2413
2404
2413
2414
2405
2415
2406
2415
2416
2407
2416
2417
2408
2417
2418
2409
2418
2419
2410
2419
2420
2411
2420
2421
2412
2421
2422
2413
2422
2423
2414
2423
2424
2415
2425
2416
2425
2426
2417
2426
2427
2418
2427
2428
2419
2428
2429
2420
2429
2430
2421
2430
2431
2422
2431
2432
2423
2432
2433
2424
2433
2425
2434
2426
2434
2435
2427
2435
2436
2428
2436
2437
2429
2437
2438
2430
2438
2439
2431
2439
2440
2432
2440
2441
2433
2441
2434
2442
2435
2442
2443
2436
2443
2444
2437
2444
2445
2438
2445
2446
2439
2446
2447
2440
2447
2448
2441
2448
2442
2449
2443
2449
2450
2444
2450
2451
2445
2451
2452
2446
2452
2453
2447
2453
2454
2448
2454
2449
2455
2450
2455
2456
2451
2456
2457
2452
2457
2458
2453
2458
2459
2454
2459
2455
2460
2456
2460
2461
2457
2461
2462
2458
2462
2463
2459
2463
2460
2464
2461
2464
2465
2462
2465
2466
2463
2466
2464
2467
2465
2467
2468
2466
2468
2469
2469
2470
2470
2471
2471
2472
2472
2473
2473
2474
2474
2475
2475
2476
2467
2477
2468
2477
2478
2469
2478
2479
2470
2479
2480
2471
2480
2481
2472
2481
2482
2473
2482
2483
2474
2483
2484
2475
2484
2485
2476
2485
2486
2477
2487
2478
2487
2488
2479
2488
2489
2480
2489
2490
2481
2490
2491
2482
2491
2492
2483
2492
2493
2484
2493
2494
2485
2494
2495
2486
2495
2496
2487
2497
2488
2497
2498
2489
2498
2499
2490
2499
2500
2491
2500
2501
2492
2501
2502
2493
2502
2503
2494
2503
2504
2495
2504
2505
2496
2505
2506
2497
2507
2498
2507
2508
2499
2508
2509
2500
2509
2510
2501
2510
2511
2502
2511
2512
2503
2512
2513
2504
2513
2514
2505
2514
2515
2506
2515
2516
2517
2518
2518
2519
2519
2520
2520
2521
2521
2522
2522
2523
2523
2524
2524
2525
2517
2526
2527
2518
2527
2528
2519
2528
2529
2520
2529
2530
2521
2530
2531
2522
2531
2532
2523
2532
2533
2524
2533
2534
2525
2534
2535
2526
2536
2527
2536
2537
2528
2537
2538
2529
2538
2539
2530
2539
2540
2531
2540
2541
2532
2541
2542
2533
2542
2543
2534
2543
2544
2535
2544
2545
2536
2546
2537
2546
2547
2538
2547
2548
2539
2548
2549
2540
2549
2550
2541
2550
2551
2542
2551
2552
2543
2552
2553
2544
2553
2554
2545
2554
2555
2546
2556
2547
2556
2557
2548
2557
2558
2549
2558
2559
2550
2559
2560
2551
2560
2561
2552
2561
2562
2553
2562
2563
2554
2563
2564
2555
2564
2565
2556
2566
2557
2566
2567
2558
2567
2568
2559
2568
2569
2560
2569
2570
2561
2570
2571
2562
2571
2572
2563
2572
2573
2564
2573
2574
2565
2574
2575
2566
2576
2567
2576
2577
2568
2577
2578
2569
2578
2579
2570
2579
2580
2571
2580
2581
2572
2581
2582
2573
2582
2583
2574
2583
2584
2575
2584
2585
2576
2586
2577
2586
2587
2578
2587
2588
2579
2588
2589
2580
2589
2590
2581
2590
2591
2582
2591
2592
2583
2592
2593
2584
2593
2594
2585
2594
2586
2595
2587
2595
2596
2588
2596
2597
2589
2597
2598
2590
2598
2599
2591
2599
2600
2592
2600
2601
2593
2601
2602
2594
2602
2595
2603
2596
2603
2604
2597
2604
2605
2598
2605
2606
2599
2606
2607
2600
2607
2608
2601
2608
2609
2602
2609
2603
2610
2604
2610
2611
2605
2611
2612
2606
2612
2613
2607
2613
2614
2608
2614
2615
2609
2615
2610
2616
2611
2616
2617
2612
2617
2618
2613
2618
2619
2614
2619
2620
2615
2620
2616
2621
2617
2621
2622
2618
2622
2623
2619
2623
2624
2620
2624
2621
2625
2622
2625
2626
2623
2626
2627
2624
2627
2625
2628
2626
2628
2629
2627
2629
2628
2630
2629
2630
2631
2631
2632
2632
2633
2633
2634
2634
2635
2635
2636
2636
2637
2637
2638
2638
2639
2630
2640
2631
2640
2641
2632
2641
2642
2633
2642
2643
2634
2643
2644
2635
2644
2645
2636
2645
2646
2637
2646
2647
2638
2647
2648
2639
2648
2649
2640
2650
2641
2650
2651
2642
2651
2652
2643
2652
2653
2644
2653
2654
2645
2654
2655
2646
2655
2656
2647
2656
2657
2648
2657
2658
2649
2658
2659
2650
2660
2651
2660
2661
2652
2661
2662
2653
2662
2663
2654
2663
2664
2655
2664
2665
2656
2665
2666
2657
2666
2667
2658
2667
2668
2659
2668
2669
2660
2670
2661
2670
2671
2662
2671
2672
2663
2672
2673
2664
2673
2674
2665
2674
2675
2666
2675
2676
2667
2676
2677
2668
2677
2678
2669
2678
2679
2680
2681
2681
2682
2682
2683
2683
2684
2684
2685
2685
2686
2686
2687
2687
2688
2688
2689
2680
2690
2681
2690
2691
2682
2691
2692
2683
2692
2693
2684
2693
2694
2685
2694
2695
2686
2695
2696
2687
2696
2697
2688
2697
2698
2689
2698
2699
2690
2700
2691
2700
2701
2692
2701
2702
2693
2702
2703
2694
2703
2704
2695
2704
2705
2696
2705
2706
2697
2706
2707
2698
2707
2708
2699
2708
2709
2700
2710
2701
2710
2711
2702
2711
2712
2703
2712
2713
2704
2713
2714
2705
2714
2715
2706
2715
2716
2707
2716
2717
2708
2717
2718
2709
2718
2719
2710
2720
2711
2720
2721
2712
2721
2722
2713
2722
2723
2714
2723
2724
2715
2724
2725
2716
2725
2726
2717
2726
2727
2718
2727
2728
2719
2728
2729
2720
2730
2721
2730
2731
2722
2731
2732
2723
2732
2733
2724
2733
2734
2725
2734
2735
2726
2735
2736
2727
2736
2737
2728
2737
2738
2729
2738
2739
2730
2740
2731
2740
2741
2732
2741
2742
2733
2742
2743
2734
2743
2744
2735
2744
2745
2736
2745
2746
2737
2746
2747
2738
2747
2748
2739
2748
2740
2749
2741
2749
2750
2742
2750
2751
2743
2751
2752
2744
2752
2753
2745
2753
2754
2746
2754
2755
2747
2755
2756
2748
2756
2749
2757
2750
2757
2758
2751
2758
2759
2752
2759
2760
2753
2760
2761
2754
2761
2762
2755
2762
2763
2756
2763
2757
2764
2758
2764
2765
2759
2765
2766
2760
2766
2767
2761
2767
2768
2762
2768
2769
2763
2769
2764
2770
2765
2770
2771
2766
2771
2772
2767
2772
2773
2768
2773
2774
2769
2774
2770
2775
2771
2775
2776
2772
2776
2777
2773
2777
2778
2774
2778
2775
2779
2776
2779
2780
2777
2780
2781
2778
2781
2779
2782
2780
2782
2783
2781
2783
2782
2784
2783
2784
2784
2785
2785
2786
2786
2787
2787
2788
2788
2789
2789
2790
2790
2791
2791
2792
2792
2793
2793
2794
2785
2795
2786
2795
2796
2787
2796
2797
2788
2797
2798
2789
2798
2799
2790
2799
2800
2791
2800
2801
2792
2801
2802
2793
2802
2803
2794
2803
2804
2795
2805
2796
2805
2806
2797
2806
2807
2798
2807
2808
2799
2808
2809
2800
2809
2810
2801
2810
2811
2802
2811
2812
2803
2812
2813
2804
2813
2814
2805
2815
2806
2815
2816
2807
2816
2817
2808
2817
2818
2809
2818
2819
2810
2819
2820
2811
2820
2821
2812
2821
2822
2813
2822
2823
2814
2823
2824
2815
2825
2816
2825
2826
2817
2826
2827
2818
2827
2828
2819
2828
2829
2820
2829
2830
2821
2830
2831
2822
2831
2832
2823
2832
2833
2824
2833
2834
2835
2835
2836
2836
2837
2837
2838
2838
2839
2839
2840
2840
2841
2841
2842
2842
2843
2843
2844
2835
2845
2836
2845
2846
2837
2846
2847
2838
2847
2848
2839
2848
2849
2840
2849
2850
2841
2850
2851
2842
2851
2852
2843
2852
2853
2844
2853
2854
2845
2855
2846
2855
2856
2847
2856
2857
2848
2857
2858
2849
2858
2859
2850
2859
2860
2851
2860
2861
2852
2861
2862
2853
2862
2863
2854
2863
2864
2855
2865
2856
2865
2866
2857
2866
2867
2858
2867
2868
2859
2868
2869
2860
2869
2870
2861
2870
2871
2862
2871
2872
2863
2872
2873
2864
2873
2874
2865
2875
2866
2875
2876
2867
2876
2877
2868
2877
2878
2869
2878
2879
2870
2879
2880
2871
2880
2881
2872
2881
2882
2873
2882
2883
2874
2883
2884
2875
2885
2876
2885
2886
2877
2886
2887
2878
2887
2888
2879
2888
2889
2880
2889
2890
2881
2890
2891
2882
2891
2892
2883
2892
2893
2884
2893
2885
2894
2886
2894
2895
2887
2895
2896
2888
2896
2897
2889
2897
2898
2890
2898
2899
2891
2899
2900
2892
2900
2901
2893
2901
2894
2902
2895
2902
2903
2896
2903
2904
2897
2904
2905
2898
2905
2906
2899
2906
2907
2900
2907
2908
2901
2908
2902
2909
2903
2909
2910
2904
2910
2911
2905
2911
2912
2906
2912
2913
2907
2913
2914
2908
2914
2909
2915
2910
2915
2916
2911
2916
2917
2912
2917
2918
2913
2918
2919
2914
2919
2915
2920
2916
2920
2921
2917
2921
2922
2918
2922
2923
2919
2923
2920
2924
2921
2924
2925
2922
2925
2926
2923
2926
2924
2927
2925
2927
2928
2926
2928
2927
2929
2928
2929
2929
2930
2930
2931
2931
2932
2932
2933
2933
2934
2934
2935
2935
2936
2936
2937
2937
2938
2938
2939
2930
2940
2931
2940
2941
2932
2941
2942
2933
2942
2943
2934
2943
2944
2935
2944
2945
2936
2945
2946
2937
2946
2947
2938
2947
2948
2939
2948
2949
2940
2950
2941
2950
2951
2942
2951
2952
2943
2952
2953
2944
2953
2954
2945
2954
2955
2946
2955
2956
2947
2956
2957
2948
2957
2958
2949
2958
2959
2950
2960
2951
2960
2961
2952
2961
2962
2953
2962
2963
2954
2963
2964
2955
2964
2965
2956
2965
2966
2957
2966
2967
2958
2967
2968
2959
2968
2969
2960
2970
2961
2970
2971
2962
2971
2972
2963
2972
2973
2964
2973
2974
2965
2974
2975
2966
2975
2976
2967
2976
2977
2968
2977
2978
2969
2978
2979
2980
2980
2981
2981
2982
2982
2983
2983
2984
2984
2985
2985
2986
2986
2987
2987
2988
2988
2989
2980
2990
2981
2990
2991
2982
2991
2992
2983
2992
2993
2984
2993
2994
2985
2994
2995
2986
2995
2996
2987
2996
2997
2988
2997
2998
2989
2998
2999
2990
3000
2991
3000
3001
2992
3001
3002
2993
3002
3003
2994
3003
3004
2995
3004
3005
2996
3005
3006
2997
3006
3007
2998
3007
3008
2999
3008
3009
3000
3010
3001
3010
3011
3002
3011
3012
3003
3012
3013
3004
3013
3014
3005
3014
3015
3006
3015
3016
3007
3016
3017
3008
3017
3018
3009
3018
3019
3010
3020
3011
3020
3021
3012
3021
3022
3013
3022
3023
3014
3023
3024
3015
3024
3025
3016
3025
3026
3017
3026
3027
3018
3027
3028
3019
3028
3029
3020
3030
3021
3030
3031
3022
3031
3032
3023
3032
3033
3024
3033
3034
3025
3034
3035
3026
3035
3036
3027
3036
3037
3028
3037
3030
3038
3031
3038
3039
3032
3039
3040
3033
3040
3041
3034
3041
3042
3035
3042
3043
3036
3043
3044
3037
3044
3038
3045
3039
3045
3046
3040
3046
3047
3041
3047
3048
3042
3048
3049
3043
3049
3050
3044
3050
3045
3051
3046
3051
3052
3047
3052
3053
3048
3053
3054
3049
3054
3055
3050
3055
3051
3056
3052
3056
3057
3053
3057
3058
3054
3058
3059
3055
3059
3056
3060
3057
3060
3061
3058
3061
3062
3059
3062
3060
3063
3061
3063
3064
3062
3064
3063
3065
3064
3065
3065
3067
3067
3068
3068
3069
3069
3070
3070
3071
3071
3072
3072
3073
3073
3074
3074
3075
3066
3075
3076
3067
3077
3068
3077
3078
3069
3078
3079
3070
3079
3080
3071
3080
3081
3072
3081
3082
3073
3082
3083
3074
3083
3084
3075
3084
3085
3076
3085
3086
3077
3087
3078
3087
3088
3079
3088
3089
3080
3089
3090
3081
3090
3091
3082
3091
3092
3083
3092
3093
3084
3093
3094
3085
3094
3095
3086
3095
3096
3087
3097
3088
3097
3098
3089
3098
3099
3090
3099
3100
3091
3100
3101
3092
3101
3102
3093
3102
3103
3094
3103
3104
3095
3104
3105
3096
3105
3106
3097
3107
3098
3107
3108
3099
3108
3109
3100
3109
3110
3101
3110
3111
3102
3111
3112
3103
3112
3113
3104
3113
3114
3105
3114
3115
3106
3115
3116
3116
3117
3117
3118
3118
3119
3119
3120
3120
3121
3121
3122
3122
3123
3123
3124
3124
3125
3116
3126
3117
3126
3127
3118
3127
3128
3119
3128
3129
3120
3129
3130
3121
3130
3131
3122
3131
3132
3123
3132
3133
3124
3133
3134
3125
3134
3135
3126
3136
3127
3136
3137
3128
3137
3138
3129
3138
3139
3130
3139
3140
3131
3140
3141
3132
3141
3142
3133
3142
3143
3134
3143
3144
3135
3144
3145
3136
3146
3137
3146
3147
3138
3147
3148
3139
3148
3149
3140
3149
3150
3141
3150
3151
3142
3151
3152
3143
3152
3153
3144
3153
3154
3145
3154
3155
3146
3156
3147
3156
3157
3148
3157
3158
3149
3158
3159
3150
3159
3160
3151
3160
3161
3152
3161
3162
3153
3162
3163
3154
3163
3164
3155
3164
3165
3156
3166
3157
3166
3167
3158
3167
3168
3159
3168
3169
3160
3169
3170
3161
3170
3171
3162
3171
3172
3163
3172
3166
3173
3167
3173
3174
3168
3174
3175
3169
3175
3176
3170
3176
3177
3171
3177
3178
3172
3178
3173
3179
3174
3179
3180
3175
3180
3181
3176
3181
3182
3177
3182
3183
3178
3183
3179
3184
3180
3184
3185
3181
3185
3186
3182
3186
3187
3183
3187
3184
3188
3185
3188
3189
3186
3189
3190
3187
3190
3188
3191
3189
3191
3192
3190
3192
3191
3193
3192
3193
3193
3194
3195
3196
3197
3197
3198
3198
3199
3199
3200
3200
3201
3201
3202
3202
3203
3203
3204
3195
3204
3205
3196
3205
3206
3197
3207
3198
3207
3208
3199
3208
3209
3200
3209
3210
3201
3210
3211
3202
3211
3212
3203
3212
3213
3204
3213
3214
3205
3214
3215
3206
3215
3216
3207
3217
3208
3217
3218
3209
3218
3219
3210
3219
3220
3211
3220
3221
3212
3221
3222
3213
3222
3223
3214
3223
3224
3215
3224
3225
3216
3225
3226
3217
3227
3218
3227
3228
3219
3228
3229
3220
3229
3230
3221
3230
3231
3222
3231
3232
3223
3232
3233
3224
3233
3234
3225
3234
3235
3226
3235
3227
3236
3228
3236
3237
3229
3237
3238
3230
3238
3239
3231
3239
3240
3232
3240
3241
3233
3241
3242
3234
3242
3243
3235
3243
3244
3244
3245
3245
3246
3246
3247
3247
3248
3248
3249
3249
3250
3250
3251
3251
3252
3252
3253
3244
3254
3245
3254
3255
3246
3255
3256
3247
3256
3257
3248
3257
3258
3249
3258
3259
3250
3259
3260
3251
3260
3261
3252
3261
3262
3253
3262
3263
3254
3264
3255
3264
3265
3256
3265
3266
3257
3266
3267
3258
3267
3268
3259
3268
3269
3260
3269
3270
3261
3270
3271
3262
3271
3272
3263
3272
3273
3264
3274
3265
3274
3275
3266
3275
3276
3267
3276
3277
3268
3277
3278
3269
3278
3279
3270
3279
3280
3271
3280
3281
3272
3281
3282
3273
3282
3283
3274
3284
3275
3284
3285
3276
3285
3286
3277
3286
3287
3278
3287
3288
3279
3288
3289
3280
3289
3290
3281
3290
3291
3282
3291
3292
3283
3292
3293
3284
3294
3285
3294
3295
3286
3295
3296
3287
3296
3297
3288
3297
3298
3289
3298
3299
3290
3299
3294
3300
3295
3300
3301
3296
3301
3302
3297
3302
3303
3298
3303
3304
3299
3304
3300
3305
3301
3305
3306
3302
3306
3307
3303
3307
3308
3304
3308
3305
3309
3306
3309
3310
3307
3310
3311
3308
3311
3309
3312
3310
3312
3313
3311
3313
3312
3314
3313
3314
3314
3315
3316
3317
3316
3318
3319
3317
3319
3320
3321
3321
3322
3322
3323
3323
3324
3324
3325
3325
3326
3326
3327
3318
3327
3328
3319
3328
3329
3320
3329
3330
3321
3331
3322
3331
3332
3323
3332
3333
3324
3333
3334
3325
3334
3335
3326
3335
3336
3327
3336
3337
3328
3337
3338
3329
3338
3339
3330
3339
3340
3331
3341
3332
3341
3342
3333
3342
3343
3334
3343
3344
3335
3344
3345
3336
3345
3346
3337
3346
3347
3338
3347
3348
3339
3348
3349
3340
3349
3341
3350
3342
3350
3351
3343
3351
3352
3344
3352
3353
3345
3353
3354
3346
3354
3355
3347
3355
3356
3348
3356
3357
3349
3357
3350
3358
3351
3358
3359
3352
3359
3360
3353
3360
3361
3354
3361
3362
3355
3362
3363
3356
3363
3364
3357
3364
3365
3365
3366
3366
3367
3367
3368
3368
3369
3369
3370
3370
3371
3371
3372
3372
3373
3373
3374
3365
3375
3366
3375
3376
3367
3376
3377
3368
3377
3378
3369
3378
3379
3370
3379
3380
3371
3380
3381
3372
3381
3382
3373
3382
3383
3374
3383
3384
3375
3385
3376
3385
3386
3377
3386
3387
3378
3387
3388
3379
3388
3389
3380
3389
3390
3381
3390
3391
3382
3391
3392
3383
3392
3393
3384
3393
3394
3385
3395
3386
3395
3396
3387
3396
3397
3388
3397
3398
3389
3398
3399
3390
3399
3400
3391
3400
3401
3392
3401
3402
3393
3402
3403
3394
3403
3404
3395
3405
3396
3405
3406
3397
3406
3407
3398
3407
3408
3399
3408
3409
3400
3409
3410
3401
3410
3411
3402
3411
3412
3403
3412
3413
3404
3413
3414
3405
3415
3406
3415
3416
3407
3416
3417
3408
3417
3418
3409
3418
3419
3410
3419
3415
3420
3416
3420
3421
3417
3421
3422
3418
3422
3423
3419
3423
3420
3424
3421
3424
3425
3422
3425
3426
3423
3426
3424
3427
3425
3427
3428
3426
3428
3427
3429
3428
3429
3429
3430
3431
3432
3431
3433
3434
3432
3434
3435
3433
3436
3437
3434
3437
3438
3435
3438
3439
3440
3440
3441
3441
3442
3442
3443
3443
3444
3444
3445
3436
3445
3446
3437
3446
3447
3438
3447
3448
3439
3448
3449
3440
3450
3441
3450
3451
3442
3451
3452
3443
3452
3453
3444
3453
3454
3445
3454
3455
3446
3455
3456
3447
3456
3457
3448
3457
3458
3449
3458
3450
3459
3451
3459
3460
3452
3460
3461
3453
3461
3462
3454
3462
3463
3455
3463
3464
3456
3464
3465
3457
3465
3466
3458
3466
3459
3467
3460
3467
3468
3461
3468
3469
3462
3469
3470
3463
3470
3471
3464
3471
3472
3465
3472
3473
3466
3473
3467
3474
3468
3474
3475
3469
3475
3476
3470
3476
3477
3471
3477
3478
3472
3478
3479
3473
3479
3480
3480
3481
3481
3482
3482
3483
3483
3484
3484
3485
3485
3486
3486
3487
3487
3488
3488
3489
3480
3490
3481
3490
3491
3482
3491
3492
3483
3492
3493
3484
3493
3494
3485
3494
3495
3486
3495
3496
3487
3496
3497
3488
3497
3498
3489
3498
3499
3490
3500
3491
3500
3501
3492
3501
3502
3493
3502
3503
3494
3503
3504
3495
3504
3505
3496
3505
3506
3497
3506
3507
3498
3507
3508
3499
3508
3509
3500
3510
3501
3510
3511
3502
3511
3512
3503
3512
3513
3504
3513
3514
3505
3514
3515
3506
3515
3516
3507
3516
3517
3508
3517
3518
3509
3518
3519
3510
3520
3511
3520
3521
3512
3521
3522
3513
3522
3523
3514
3523
3524
3515
3524
3525
3516
3525
3526
3517
3526
3527
3518
3527
3528
3519
3528
3529
3520
3530
3521
3530
3531
3522
3531
3532
3523
3532
3533
3524
3533
3530
3534
3531
3534
3535
3532
3535
3536
3533
3536
3534
3537
3535
3537
3538
3536
3538
3537
3539
3538
3539
3539
3540
3541
3542
3541
3543
3544
3542
3544
3545
3543
3546
3547
3544
3547
3548
3545
3548
3549
3546
3550
3551
3547
3551
3552
3548
3552
3553
3549
3553
3554
3555
3555
3556
3556
3557
3557
3558
3558
3559
3550
3559
3560
3551
3560
3561
3552
3561
3562
3553
3562
3563
3554
3563
3555
3564
3556
3564
3565
3557
3565
3566
3558
3566
3567
3559
3567
3568
3560
3568
3569
3561
3569
3570
3562
3570
3571
3563
3571
3564
3572
3565
3572
3573
3566
3573
3574
3567
3574
3575
3568
3575
3576
3569
3576
3577
3570
3577
3578
3571
3578
3572
3579
3573
3579
3580
3574
3580
3581
3575
3581
3582
3576
3582
3583
3577
3583
3584
3578
3584
3579
3585
3580
3585
3586
3581
3586
3587
3582
3587
3588
3583
3588
3589
3584
3589
3590
3590
3591
3591
3592
3592
3593
3593
3594
3594
3595
3595
3596
3596
3597
3597
3598
3598
3599
3590
3600
3591
3600
3601
3592
3601
3602
3593
3602
3603
3594
3603
3604
3595
3604
3605
3596
3605
3606
3597
3606
3607
3598
3607
3608
3599
3608
3609
3600
3610
3601
3610
3611
3602
3611
3612
3603
3612
3613
3604
3613
3614
3605
3614
3615
3606
3615
3616
3607
3616
3617
3608
3617
3618
3609
3618
3619
3610
3620
3611
3620
3621
3612
3621
3622
3613
3622
3623
3614
3623
3624
3615
3624
3625
3616
3625
3626
3617
3626
3627
3618
3627
3628
3619
3628
3629
3620
3630
3621
3630
3631
3622
3631
3632
3623
3632
3633
3624
3633
3634
3625
3634
3635
3626
3635
3636
3627
3636
3637
3628
3637
3638
3629
3638
3639
3630
3640
3631
3640
3641
3632
3641
3642
3633
3642
3640
3643
3641
3643
3644
3642
3644
3643
3645
3644
3645
3645
3646
3647
3648
3647
3649
3650
3648
3650
3651
3649
3652
3653
3650
3653
3654
3651
3654
3655
3652
3656
3657
3653
3657
3658
3654
3658
3659
3655
3659
3660
3656
3661
3662
3657
3662
3663
3658
3663
3664
3659
3664
3665
3660
3665
3666
3666
3667
3667
3668
3668
3669
3661
3669
3670
3662
3670
3671
3663
3671
3672
3664
3672
3673
3665
3673
3666
3674
3667
3674
3675
3668
3675
3676
3669
3676
3677
3670
3677
3678
3671
3678
3679
3672
3679
3680
3673
3680
3674
3681
3675
3681
3682
3676
3682
3683
3677
3683
3684
3678
3684
3685
3679
3685
3686
3680
3686
3681
3687
3682
3687
3688
3683
3688
3689
3684
3689
3690
3685
3690
3691
3686
3691
3687
3692
3688
3692
3693
3689
3693
3694
3690
3694
3695
3691
3695
3696
3696
3697
3697
3698
3698
3699
3699
3700
3700
3701
3701
3702
3702
3703
3703
3704
3704
3705
3696
3706
3697
3706
3707
3698
3707
3708
3699
3708
3709
3700
3709
3710
3701
3710
3711
3702
3711
3712
3703
3712
3713
3704
3713
3714
3705
3714
3715
3706
3716
3707
3716
3717
3708
3717
3718
3709
3718
3719
3710
3719
3720
3711
3720
3721
3712
3721
3722
3713
3722
3723
3714
3723
3724
3715
3724
3725
3716
3726
3717
3726
3727
3718
3727
3728
3719
3728
3729
3720
3729
3730
3721
3730
3731
3722
3731
3732
3723
3732
3733
3724
3733
3734
3725
3734
3735
3726
3736
3727
3736
3737
3728
3737
3738
3729
3738
3739
3730
3739
3740
3731
3740
3741
3732
3741
3742
3733
3742
3743
3734
3743
3744
3735
3744
3745
3736
3746
3737
3746
3747
3738
3747
3746
3748
3747
3748
3748
3749
3750
3751
3750
3752
3753
3751
3753
3754
3752
3755
3756
3753
3756
3757
3754
3757
3758
3755
3759
3760
3756
3760
3761
3757
3761
3762
3758
3762
3763
3759
3764
3765
3760
3765
3766
3761
3766
3767
3762
3767
3768
3763
3768
3764
3769
3770
3765
3770
3771
3766
3771
3772
3767
3772
3773
3768
3773
3774
3774
3775
3775
3776
3769
3776
3777
3770
3777
3778
3771
3778
3779
3772
3779
3780
3773
3780
3774
3781
3775
3781
3782
3776
3782
3783
3777
3783
3784
3778
3784
3785
3779
3785
3786
3780
3786
3781
3787
3782
3787
3788
3783
3788
3789
3784
3789
3790
3785
3790
3791
3786
3791
3787
3792
3788
3792
3793
3789
3793
3794
3790
3794
3795
3791
3795
3792
3796
3793
3796
3797
3794
3797
3798
3795
3798
3799
3799
3800
3800
3801
3801
3802
3802
3803
3803
3804
3804
3805
3805
3806
3806
3807
3807
3808
3799
3809
3800
3809
3810
3801
3810
3811
3802
3811
3812
3803
3812
3813
3804
3813
3814
3805
3814
3815
3806
3815
3816
3807
3816
3817
3808
3817
3818
3809
3819
3810
3819
3820
3811
3820
3821
3812
3821
3822
3813
3822
3823
3814
3823
3824
3815
3824
3825
3816
3825
3826
3817
3826
3827
3818
3827
3828
3819
3829
3820
3829
3830
3821
3830
3831
3822
3831
3832
3823
3832
3833
3824
3833
3834
3825
3834
3835
3826
3835
3836
3827
3836
3837
3828
3837
3838
3829
3839
3830
3839
3840
3831
3840
3841
3832
3841
3842
3833
3842
3843
3834
3843
3844
3835
3844
3845
3836
3845
3846
3837
3846
3847
3838
3847
3848
3839
3849
3840
3849
3849
3850
3851
3852
3851
3853
3854
3852
3854
3855
3853
3856
3857
3854
3857
3858
3855
3858
3859
3856
3860
3861
3857
3861
3862
3858
3862
3863
3859
3863
3864
3860
3865
3866
3861
3866
3867
3862
3867
3868
3863
3868
3869
3864
3869
3865
3870
3871
3866
3871
3872
3867
3872
3873
3868
3873
3874
3869
3874
3870
3875
3876
3871
3876
3877
3872
3877
3878
3873
3878
3879
3874
3879
3880
3880
3881
3875
3881
3882
3876
3882
3883
3877
3883
3884
3878
3884
3885
3879
3885
3880
3886
3881
3886
3887
3882
3887
3888
3883
3888
3889
3884
3889
3890
3885
3890
3886
3891
3887
3891
3892
3888
3892
3893
3889
3893
3894
3890
3894
3891
3895
3892
3895
3896
3893
3896
3897
3894
3897
3895
3898
3896
3898
3899
3897
3899
3900
3900
3901
3901
3902
3902
3903
3903
3904
3904
3905
3905
3906
3906
3907
3907
3908
3908
3909
3900
3910
3901
3910
3911
3902
3911
3912
3903
3912
3913
3904
3913
3914
3905
3914
3915
3906
3915
3916
3907
3916
3917
3908
3917
3918
3909
3918
3919
3910
3920
3911
3920
3921
3912
3921
3922
3913
3922
3923
3914
3923
3924
3915
3924
3925
3916
3925
3926
3917
3926
3927
3918
3927
3928
3919
3928
3929
3920
3930
3921
3930
3931
3922
3931
3932
3923
3932
3933
3924
3933
3934
3925
3934
3935
3926
3935
3936
3927
3936
3937
3928
3937
3938
3929
3938
3939
3930
3940
3931
3940
3941
3932
3941
3942
3933
3942
3943
3934
3943
3944
3935
3944
3945
3936
3945
3946
3937
3946
3947
3938
3947
3948
3939
3948
3949
3940
3950
3951
3952
3951
3953
3954
3952
3954
3955
3953
3956
3957
3954
3957
3958
3955
3958
3959
3956
3960
3961
3957
3961
3962
3958
3962
3963
3959
3963
3964
3960
3965
3966
3961
3966
3967
3962
3967
3968
3963
3968
3969
3964
3969
3965
3970
3971
3966
3971
3972
3967
3972
3973
3968
3973
3974
3969
3974
3970
3975
3976
3971
3976
3977
3972
3977
3978
3973
3978
3979
3974
3979
3975
3980
3981
3976
3981
3982
3977
3982
3983
3978
3983
3984
3979
3984
3985
3980
3985
3986
3981
3986
3987
3982
3987
3988
3983
3988
3989
3984
3989
3985
3990
3986
3990
3991
3987
3991
3992
3988
3992
3993
3989
3993
3990
3994
3991
3994
3995
3992
3995
3996
3993
3996
3994
3997
3995
3997
3998
3996
3998
3997
3999
3998
3999
4000
4000
4001
4001
4002
4002
4003
4003
4004
4004
4005
4005
4006
4006
4007
4007
4008
4008
4009
4000
4010
4001
4010
4011
4002
4011
4012
4003
4012
4013
4004
4013
4014
4005
4014
4015
4006
4015
4016
4007
4016
4017
4008
4017
4018
4009
4018
4019
4010
4020
4011
4020
4021
4012
4021
4022
4013
4022
4023
4014
4023
4024
4015
4024
4025
4016
4025
4026
4017
4026
4027
4018
4027
4028
4019
4028
4029
4020
4030
4021
4030
4031
4022
4031
4032
4023
4032
4033
4024
4033
4034
4025
4034
4035
4026
4035
4036
4027
4036
4037
4028
4037
4038
4029
4038
4039
4030
4040
4031
4040
4041
4032
4041
4042
4033
4042
4043
4034
4043
4044
4035
4044
4045
4036
4045
4046
4037
4046
4047
4038
4047
4048
4039
4048
4049
4050
4051
4052
4051
4053
4054
4052
4054
4055
4053
4056
4057
4054
4057
4058
4055
4058
4059
4056
4060
4061
4057
4061
4062
4058
4062
4063
4059
4063
4064
4060
4065
4066
4061
4066
4067
4062
4067
4068
4063
4068
4069
4064
4069
4065
4070
4071
4066
4071
4072
4067
4072
4073
4068
4073
4074
4069
4074
4070
4075
4076
4071
4076
4077
4072
4077
4078
4073
4078
4079
4074
4079
4075
4080
4081
4076
4081
4082
4077
4082
4083
4078
4083
4084
4079
4084
4080
4085
4086
4081
4086
4087
4082
4087
4088
4083
4088
4089
4084
4089
4085
4090
4086
4090
4091
4087
4091
4092
4088
4092
4093
4089
4093
4090
4094
4091
4094
4095
4092
4095
4096
4093
4096
4094
4097
4095
4097
4098
4096
4098
4097
4099
4098
4099
4099
4100
4100
4101
4101
4102
4102
4103
4103
4104
4104
4105
4105
4106
4106
4107
4107
4108
4108
4109
4100
4110
4101
4110
4111
4102
4111
4112
4103
4112
4113
4104
4113
4114
4105
4114
4115
4106
4115
4116
4107
4116
4117
4108
4117
4118
4109
4118
4119
4110
4120
4111
4120
4121
4112
4121
4122
4113
4122
4123
4114
4123
4124
4115
4124
4125
4116
4125
4126
4117
4126
4127
4118
4127
4128
4119
4128
4129
4120
4130
4121
4130
4131
4122
4131
4132
4123
4132
4133
4124
4133
4134
4125
4134
4135
4126
4135
4136
4127
4136
4137
4128
4137
4138
4129
4138
4139
4130
4140
4131
4140
4141
4132
4141
4142
4133
4142
4143
4134
4143
4144
4135
4144
4145
4136
4145
4146
4137
4146
4147
4138
4147
4148
4139
4148
4149
4149
4150
4151
4150
4152
4153
4151
4153
4154
4152
4155
4156
4153
4156
4157
4154
4157
4158
4155
4159
4160
4156
4160
4161
4157
4161
4162
4158
4162
4163
4159
4164
4165
4160
4165
4166
4161
4166
4167
4162
4167
4168
4163
4168
4164
4169
4170
4165
4170
4171
4166
4171
4172
4167
4172
4173
4168
4173
4169
4174
4175
4170
4175
4176
4171
4176
4177
4172
4177
4178
4173
4178
4174
4179
4180
4175
4180
4181
4176
4181
4182
4177
4182
4183
4178
4183
4179
4184
4185
4180
4185
4186
4181
4186
4187
4182
4187
4188
4183
4188
4184
4189
4185
4189
4190
4186
4190
4191
4187
4191
4192
4188
4192
4189
4193
4190
4193
4194
4191
4194
4195
4192
4195
4193
4196
4194
4196
4197
4195
4197
4196
4198
4197
4198
4198
4199
4199
4200
4200
4201
4201
4202
4202
4203
4203
4204
4204
4205
4205
4206
4206
4207
4207
4208
4199
4209
4200
4209
4210
4201
4210
4211
4202
4211
4212
4203
4212
4213
4204
4213
4214
4205
4214
4215
4206
4215
4216
4207
4216
4217
4208
4217
4218
4209
4219
4210
4219
4220
4211
4220
4221
4212
4221
4222
4213
4222
4223
4214
4223
4224
4215
4224
4225
4216
4225
4226
4217
4226
4227
4218
4227
4228
4219
4229
4220
4229
4230
4221
4230
4231
4222
4231
4232
4223
4232
4233
4224
4233
4234
4225
4234
4235
4226
4235
4236
4227
4236
4237
4228
4237
4238
4229
4239
4230
4239
4240
4231
4240
4241
4232
4241
4242
4233
4242
4243
4234
4243
4244
4235
4244
4245
4236
4245
4246
4237
4246
4247
4238
4247
4248
4247
4249
4250
4248
4250
4251
4249
4252
4253
4250
4253
4254
4251
4254
4255
4252
4256
4257
4253
4257
4258
4254
4258
4259
4255
4259
4260
4256
4261
4262
4257
4262
4263
4258
4263
4264
4259
4264
4265
4260
4265
4261
4266
4267
4262
4267
4268
4263
4268
4269
4264
4269
4270
4265
4270
4266
4271
4272
4267
4272
4273
4268
4273
4274
4269
4274
4275
4270
4275
4271
4276
4277
4272
4277
4278
4273
4278
4279
4274
4279
4280
4275
4280
4276
4281
4282
4277
4282
4283
4278
4283
4284
4279
4284
4285
4280
4285
4281
4286
4282
4286
4287
4283
4287
4288
4284
4288
4289
4285
4289
4286
4290
4287
4290
4291
4288
4291
4292
4289
4292
4290
4293
4291
4293
4294
4292
4294
4293
4295
4294
4295
4295
4296
4296
4297
4297
4298
4298
4299
4299
4300
4300
4301
4301
4302
4302
4303
4303
4304
4304
4305
4296
4306
4297
4306
4307
4298
4307
4308
4299
4308
4309
4300
4309
4310
4301
4310
4311
4302
4311
4312
4303
4312
4313
4304
4313
4314
4305
4314
4315
4306
4316
4307
4316
4317
4308
4317
4318
4309
4318
4319
4310
4319
4320
4311
4320
4321
4312
4321
4322
4313
4322
4323
4314
4323
4324
4315
4324
4325
4316
4326
4317
4326
4327
4318
4327
4328
4319
4328
4329
4320
4329
4330
4321
4330
4331
4322
4331
4332
4323
4332
4333
4324
4333
4334
4325
4334
4335
4326
4336
4327
4336
4337
4328
4337
4338
4329
4338
4339
4330
4339
4340
4331
4340
4341
4332
4341
4342
4333
4342
4343
4334
4343
4344
4335
4344
4345
4343
4346
4347
4344
4347
4348
4345
4348
4349
4346
4350
4351
4347
4351
4352
4348
4352
4353
4349
4353
4354
4350
4355
4356
4351
4356
4357
4352
4357
4358
4353
4358
4359
4354
4359
4355
4360
4361
4356
4361
4362
4357
4362
4363
4358
4363
4364
4359
4364
4360
4365
4366
4361
4366
4367
4362
4367
4368
4363
4368
4369
4364
4369
4365
4370
4371
4366
4371
4372
4367
4372
4373
4368
4373
4374
4369
4374
4370
4375
4376
4371
4376
4377
4372
4377
4378
4373
4378
4379
4374
4379
4375
4380
4376
4380
4381
4377
4381
4382
4378
4382
4383
4379
4383
4380
4384
4381
4384
4385
4382
4385
4386
4383
4386
4384
4387
4385
4387
4388
4386
4388
4387
4389
4388
4389
4389
4390
4390
4391
4391
4392
4392
4393
4393
4394
4394
4395
4395
4396
4396
4397
4397
4398
4398
4399
4390
4400
4391
4400
4401
4392
4401
4402
4393
4402
4403
4394
4403
4404
4395
4404
4405
4396
4405
4406
4397
4406
4407
4398
4407
4408
4399
4408
4409
4400
4410
4401
4410
4411
4402
4411
4412
4403
4412
4413
4404
4413
4414
4405
4414
4415
4406
4415
4416
4407
4416
4417
4408
4417
4418
4409
4418
4419
4410
4420
4411
4420
4421
4412
4421
4422
4413
4422
4423
4414
4423
4424
4415
4424
4425
4416
4425
4426
4417
4426
4427
4418
4427
4428
4419
4428
4429
4420
4430
4421
4430
4431
4422
4431
4432
4423
4432
4433
4424
4433
4434
4425
4434
4435
4426
4435
4436
4427
4436
4437
4428
4437
4438
4429
4438
4439
4436
4440
4441
4437
4441
4442
4438
4442
4443
4439
4443
4444
4440
4445
4446
4441
4446
4447
4442
4447
4448
4443
4448
4449
4444
4449
4445
4450
4451
4446
4451
4452
4447
4452
4453
4448
4453
4454
4449
4454
4450
4455
4456
4451
4456
4457
4452
4457
4458
4453
4458
4459
4454
4459
4455
4460
4461
4456
4461
4462
4457
4462
4463
4458
4463
4464
4459
4464
4460
4465
4466
4461
4466
4467
4462
4467
4468
4463
4468
4469
4464
4469
4465
4470
4466
4470
4471
4467
4471
4472
4468
4472
4473
4469
4473
4470
4474
4471
4474
4475
4472
4475
4476
4473
4476
4474
4477
4475
4477
4478
4476
4478
4477
4479
4478
4479
4479
4480
4480
4481
4481
4482
4482
4483
4483
4484
4484
4485
4485
4486
4486
4487
4487
4488
4488
4489
4480
4490
4481
4490
4491
4482
4491
4492
4483
4492
4493
4484
4493
4494
4485
4494
4495
4486
4495
4496
4487
4496
4497
4488
4497
4498
4489
4498
4499
4490
4500
4491
4500
4501
4492
4501
4502
4493
4502
4503
4494
4503
4504
4495
4504
4505
4496
4505
4506
4497
4506
4507
4498
4507
4508
4499
4508
4509
4500
4510
4501
4510
4511
4502
4511
4512
4503
4512
4513
4504
4513
4514
4505
4514
4515
4506
4515
4516
4507
4516
4517
4508
4517
4518
4509
4518
4519
4510
4520
4511
4520
4521
4512
4521
4522
4513
4522
4523
4514
4523
4524
4515
4524
4525
4516
4525
4526
4517
4526
4527
4518
4527
4528
4519
4528
4529
4525
4530
4531
4526
4531
4532
4527
4532
4533
4528
4533
4534
4529
4534
4530
4535
4536
4531
4536
4537
4532
4537
4538
4533
4538
4539
4534
4539
4535
4540
4541
4536
4541
4542
4537
4542
4543
4538
4543
4544
4539
4544
4540
4545
4546
4541
4546
4547
4542
4547
4548
4543
4548
4549
4544
4549
4545
4550
4551
4546
4551
4552
4547
4552
4553
4548
4553
4554
4549
4554
4550
4555
4551
4555
4556
4552
4556
4557
4553
4557
4558
4554
4558
4555
4559
4556
4559
4560
4557
4560
4561
4558
4561
4559
4562
4560
4562
4563
4561
4563
4562
4564
4563
4564
4564
4565
4565
4566
4566
4567
4567
4568
4568
4569
4569
4570
4570
4571
4571
4572
4572
4573
4573
4574
4565
4575
4566
4575
4576
4567
4576
4577
4568
4577
4578
4569
4578
4579
4570
4579
4580
4571
4580
4581
4572
4581
4582
4573
4582
4583
4574
4583
4584
4575
4585
4576
4585
4586
4577
4586
4587
4578
4587
4588
4579
4588
4589
4580
4589
4590
4581
4590
4591
4582
4591
4592
4583
4592
4593
4584
4593
4594
4585
4595
4586
4595
4596
4587
4596
4597
4588
4597
4598
4589
4598
4599
4590
4599
4600
4591
4600
4601
4592
4601
4602
4593
4602
4603
4594
4603
4604
4595
4605
4596
4605
4606
4597
4606
4607
4598
4607
4608
4599
4608
4609
4600
4609
4610
4601
4610
4611
4602
4611
4612
4603
4612
4613
4604
4613
4609
4614
4615
4610
4615
4616
4611
4616
4617
4612
4617
4618
4613
4618
4614
4619
4620
4615
4620
4621
4616
4621
4622
4617
4622
4623
4618
4623
4619
4624
4625
4620
4625
4626
4621
4626
4627
4622
4627
4628
4623
4628
4624
4629
4630
4625
4630
4631
4626
4631
4632
4627
4632
4633
4628
4633
4629
4634
4630
4634
4635
4631
4635
4636
4632
4636
4637
4633
4637
4634
4638
4635
4638
4639
4636
4639
4640
4637
4640
4638
4641
4639
4641
4642
4640
4642
4641
4643
4642
4643
4643
4644
4644
4645
4645
4646
4646
4647
4647
4648
4648
4649
4649
4650
4650
4651
4651
4652
4652
4653
4644
4654
4645
4654
4655
4646
4655
4656
4647
4656
4657
4648
4657
4658
4649
4658
4659
4650
4659
4660
4651
4660
4661
4652
4661
4662
4653
4662
4663
4654
4664
4655
4664
4665
4656
4665
4666
4657
4666
4667
4658
4667
4668
4659
4668
4669
4660
4669
4670
4661
4670
4671
4662
4671
4672
4663
4672
4673
4664
4674
4665
4674
4675
4666
4675
4676
4667
4676
4677
4668
4677
4678
4669
4678
4679
4670
4679
4680
4671
4680
4681
4672
4681
4682
4673
4682
4674
4683
4675
4683
4684
4676
4684
4685
4677
4685
4686
4678
4686
4687
4679
4687
4688
4680
4688
4689
4681
4689
4690
4682
4690
4686
4691
4692
4687
4692
4693
4688
4693
4694
4689
4694
4695
4690
4695
4691
4696
4697
4692
4697
4698
4693
4698
4699
4694
4699
4700
4695
4700
4696
4701
4702
4697
4702
4703
4698
4703
4704
4699
4704
4705
4700
4705
4701
4706
4702
4706
4707
4703
4707
4708
4704
4708
4709
4705
4709
4706
4710
4707
4710
4711
4708
4711
4712
4709
4712
4710
4713
4711
4713
4714
4712
4714
4713
4715
4714
4715
4715
4716
4716
4717
4717
4718
4718
4719
4719
4720
4720
4721
4721
4722
4722
4723
4723
4724
4724
4725
4716
4726
4717
4726
4727
4718
4727
4728
4719
4728
4729
4720
4729
4730
4721
4730
4731
4722
4731
4732
4723
4732
4733
4724
4733
4734
4725
4734
4735
4726
4736
4727
4736
4737
4728
4737
4738
4729
4738
4739
4730
4739
4740
4731
4740
4741
4732
4741
4742
4733
4742
4743
4734
4743
4744
4735
4744
4736
4745
4737
4745
4746
4738
4746
4747
4739
4747
4748
4740
4748
4749
4741
4749
4750
4742
4750
4751
4743
4751
4752
4744
4752
4745
4753
4746
4753
4754
4747
4754
4755
4748
4755
4756
4749
4756
4757
4750
4757
4758
4751
4758
4759
4752
4759
4755
4760
4761
4756
4761
4762
4757
4762
4763
4758
4763
4764
4759
4764
4760
4765
4766
4761
4766
4767
4762
4767
4768
4763
4768
4769
4764
4769
4765
4770
4766
4770
4771
4767
4771
4772
4768
4772
4773
4769
4773
4770
4774
4771
4774
4775
4772
4775
4776
4773
4776
4774
4777
4775
4777
4778
4776
4778
4777
4779
4778
4779
4779
4780
4780
4781
4781
4782
4782
4783
4783
4784
4784
4785
4785
4786
4786
4787
4787
4788
4788
4789
4780
4790
4781
4790
4791
4782
4791
4792
4783
4792
4793
4784
4793
4794
4785
4794
4795
4786
4795
4796
4787
4796
4797
4788
4797
4798
4789
4798
4790
4799
4791
4799
4800
4792
4800
4801
4793
4801
4802
4794
4802
4803
4795
4803
4804
4796
4804
4805
4797
4805
4806
4798
4806
4799
4807
4800
4807
4808
4801
4808
4809
4802
4809
4810
4803
4810
4811
4804
4811
4812
4805
4812
4813
4806
4813
4807
4814
4808
4814
4815
4809
4815
4816
4810
4816
4817
4811
4817
4818
4812
4818
4819
4813
4819
4815
4820
4821
4816
4821
4822
4817
4822
4823
4818
4823
4824
4819
4824
4820
4825
4821
4825
4826
4822
4826
4827
4823
4827
4828
4824
4828
4825
4829
4826
4829
4830
4827
4830
4831
4828
4831
4829
4832
4830
4832
4833
4831
4833
4832
4834
4833
4834
4834
4835
4835
4836
4836
4837
4837
4838
4838
4839
4839
4840
4840
4841
4841
4842
4842
4843
4843
4835
4844
4836
4844
4845
4837
4845
4846
4838
4846
4847
4839
4847
4848
4840
4848
4849
4841
4849
4850
4842
4850
4851
4843
4851
4844
4852
4845
4852
4853
4846
4853
4854
4847
4854
4855
4848
4855
4856
4849
4856
4857
4850
4857
4858
4851
4858
4852
4859
4853
4859
4860
4854
4860
4861
4855
4861
4862
4856
4862
4863
4857
4863
4864
4858
4864
4859
4865
4860
4865
4866
4861
4866
4867
4862
4867
4868
4863
4868
4869
4864
4869
4865
4870
4866
4870
4871
4867
4871
4872
4868
4872
4873
4869
4873
4870
4874
4871
4874
4875
4872
4875
4876
4873
4876
4874
4877
4875
4877
4878
4876
4878
4877
4879
4878
4879
4879
4880
4880
4881
4881
4882
4882
4883
4883
4884
4884
4885
4885
4886
4886
4887
4887
4880
4888
4881
4888
4889
4882
4889
4890
4883
4890
4891
4884
4891
4892
4885
4892
4893
4886
4893
4894
4887
4894
4888
4895
4889
4895
4896
4890
4896
4897
4891
4897
4898
4892
4898
4899
4893
4899
4900
4894
4900
4895
4901
4896
4901
4902
4897
4902
4903
4898
4903
4904
4899
4904
4905
4900
4905
4901
4906
4902
4906
4907
4903
4907
4908
4904
4908
4909
4905
4909
4906
4910
4907
4910
4911
4908
4911
4912
4909
4912
4910
4913
4911
4913
4914
4912
4914
4913
4915
4914
4915
4915
4916
4916
4917
4917
4918
4918
4919
4919
4920
4920
4921
4921
4922
4922
4916
4923
4917
4923
4924
4918
4924
4925
4919
4925
4926
4920
4926
4927
4921
4927
4928
4922
4928
4923
4929
4924
4929
4930
4925
4930
4931
4926
4931
4932
4927
4932
4933
4928
4933
4929
4934
4930
4934
4935
4931
4935
4936
4932
4936
4937
4933
4937
4934
4938
4935
4938
4939
4936
4939
4940
4937
4940
4938
4941
4939
4941
4942
4940
4942
4941
4943
4942
4943
4943
4944
4944
4945
4945
4946
4946
4947
4947
4948
4948
4949
4949
4944
4950
4945
4950
4951
4946
4951
4952
4947
4952
4953
4948
4953
4954
4949
4954
4950
4955
4951
4955
4956
4952
4956
4957
4953
4957
4958
4954
4958
4955
4959
4956
4959
4960
4957
4960
4961
4958
4961
4959
4962
4960
4962
4963
4961
4963
4962
4964
4963
4964
4964
4965
4965
4966
4966
4967
4967
4968
4968
4969
4969
4965
4970
4966
4970
4971
4967
4971
4972
4968
4972
4973
4969
4973
4970
4974
4971
4974
4975
4972
4975
4976
4973
4976
4974
4977
4975
4977
4978
4976
4978
4977
4979
4978
4979
4979
4980
4980
4981
4981
4982
4982
4983
4983
4980
4984
4981
4984
4985
4982
4985
4986
4983
4986
4984
4987
4985
4987
4988
4986
4988
4987
4989
4988
4989
4989
4990
4990
4991
4991
4992
4992
4990
4993
4991
4993
4994
4992
4994
4993
4995
4994
4995
4995
4996
4996
4997
4997
4996
4998
4997
4998
4998
4999
4999
4999
)
)

// processor4

3
(0())

// processor5

3
(0())

// processor6

3
(0())

// processor7

3
(0())
