/*--------------------------------*- C++ -*----------------------------------*\
| =========                 |                                                 |
| \\      /  F ield         | OpenFOAM: The Open Source CFD Toolbox           |
|  \\    /   O peration     | Version:  2306                                  |
|   \\  /    A nd           | Website:  www.openfoam.com                      |
|    \\/     M anipulation  |                                                 |
\*---------------------------------------------------------------------------*/
FoamFile
{
    version     2.0;
    format      binary;
    arch        "LSB;label=32;scalar=64";
    class       decomposedBlockData;
    object      rhoCp;
    data.format     ascii;
    data.class      volScalarField;
}
// * * * * * * * * * * * * * * * * * * * * * * * * * * * * * * * * * * * * * //


// processor0

132381
(FoamFile
{
    version     2.0;
    format      ascii;
    arch        "LSB;label=32;scalar=64";
    class       volScalarField;
    location    "1.5";
    object      rhoCp;
}
dimensions      [1 -1 -2 -1 0 0 0];

internalField   nonuniform List<scalar> 
14000
(
5346000
5346000
5346000
5346000
5346000
5346000
5346000
5346000
5346000
5346000
5346000
5346000
5346000
5346000
5346000
5346000
5346000
5346000
5346000
5346000
5346000
5346000
5346000
5346000
5346000
5346000
5346000
5346000
5346000
5346000
5346000
5346000
5346000
5346000
5346000
5346000
5346000
5346000
5346000
5346000
5346000
5346000
5346000
5346000
5346000
5346000
5346000
5346000
5346000
5346000
5346000
5346000
5346000
5346000
5346000
5346000
5346000
5346000
5346000
5346000
5346000
5346000
5346000
5346000
5346000
5346000
5346000
5346000
5346000
5346000
5346000
5346000
5346000
5346000
5346000
5346000
5346000
5346000
5346000
5346000
5346000
5346000
5346000
5346000
5346000
5346000
5346000
5346000
5346000
5346000
5346000
5346000
5346000
5346000
5346000
5346000
5346000
5346000
5346000
5346000
5346000
5346000
5346000
5346000
5346000
5346000
5346000
5346000
5346000
5346000
5346000
5346000
5346000
5346000
5346000
5346000
5346000
5346000
5346000
5346000
5346000
5346000
5346000
5346000
5346000
5346000
5346000
5346000
5346000
5346000
5346000
5346000
5346000
5346000
5346000
5346000
5346000
5346000
5346000
5346000
5346000
5346000
5346000
5346000
5346000
5346000
5346000
5346000
5346000
5346000
5346000
5346000
5346000
5346000
5346000
5346000
5346000
5346000
5346000
5346000
5346000
5346000
5346000
5346000
5346000
5346000
5346000
5346000
5346000
5346000
5346000
5346000
5346000
5346000
5346000
5346000
5346000
5346000
5346000
5346000
5346000
5346000
5346000
5346000
5346000
5346000
5346000
5346000
5346000
5346000
5346000
5346000
5346000
5346000
5346000
5346000
5346000
5346000
5346000
5346000
5346000
5346000
5346000
5346000
5346000
5346000
5346000
5346000
5346000
5346000
5346000
5346000
5346000
5346000
5346000
5346000
5346000
5346000
5346000
5346000
5346000
5346000
5346000
5346000
5346000
5346000
5346000
5346000
5346000
5346000
5346000
5346000
5346000
5346000
5346000
5346000
5346000
5346000
5346000
5346000
1558.758
5346000
5346000
5346000
5346000
5346000
5346000
5346000
5346000
5346000
5346000
5346000
5346000
5346000
5346000
5346000
5346000
5346000
5346000
5346000
5346000
5346000
5346000
5346000
5346000
5346000
5346000
5346000
5346000
5346000
5346000
5346000
5346000
5346000
5346000
5346000
5346000
5346000
5346000
5346000
5346000
5346000
5346000
5346000
5346000
5346000
5346000
5346000
5346000
5346000
5346000
5346000
5346000
5346000
5346000
5346000
5346000
5346000
5346000
5346000
5346000
5346000
5346000
5346000
5346000
1558.877
5346000
5346000
5346000
5346000
5346000
1558.496
1558.776
5346000
5346000
5346000
5346000
5346000
5346000
5346000
5346000
5346000
5346000
5346000
5346000
5346000
5346000
5346000
5346000
5346000
5346000
5346000
5346000
5346000
5346000
5346000
5346000
5346000
5346000
5346000
5346000
5346000
5346000
5346000
5346000
5346000
5346000
5346000
5346000
5346000
5346000
5346000
5346000
5346000
5346000
5346000
5346000
5346000
5346000
5346000
5346000
5346000
5346000
5346000
5346000
5346000
5346000
5346000
5346000
5346000
5346000
5346000
5346000
5346000
5346000
5346000
5346000
5346000
5346000
5346000
1558.906
5346000
5346000
5346000
5346000
5346000
1558.647
1558.954
5346000
5346000
5346000
5346000
5346000
1558.361
1558.466
1558.757
5346000
5346000
5346000
5346000
5346000
5346000
5346000
5346000
5346000
5346000
5346000
5346000
5346000
5346000
5346000
5346000
5346000
5346000
5346000
5346000
5346000
5346000
5346000
5346000
5346000
5346000
5346000
5346000
5346000
5346000
5346000
5346000
5346000
5346000
5346000
5346000
5346000
5346000
5346000
5346000
5346000
5346000
5346000
5346000
5346000
5346000
5346000
5346000
5346000
5346000
5346000
5346000
5346000
5346000
5346000
5346000
5346000
5346000
5346000
5346000
5346000
5346000
5346000
5346000
5346000
5346000
5346000
5346000
5346000
1558.914
5346000
5346000
5346000
5346000
5346000
1558.71
1558.987
5346000
5346000
5346000
5346000
5346000
1558.504
1558.722
1558.965
5346000
5346000
5346000
5346000
5346000
1558.269
1558.29
1558.427
1558.727
5346000
5346000
5346000
5346000
5346000
5346000
5346000
5346000
5346000
5346000
5346000
5346000
5346000
5346000
5346000
5346000
5346000
5346000
5346000
5346000
5346000
5346000
5346000
5346000
5346000
5346000
5346000
5346000
5346000
5346000
5346000
5346000
5346000
5346000
5346000
5346000
5346000
5346000
5346000
5346000
5346000
5346000
5346000
5346000
5346000
5346000
5346000
5346000
5346000
5346000
5346000
5346000
5346000
5346000
5346000
5346000
5346000
5346000
5346000
5346000
5346000
5346000
5346000
5346000
5346000
5346000
5346000
5346000
5346000
5346000
1558.916
5346000
5346000
5346000
5346000
5346000
1558.734
1558.991
5346000
5346000
5346000
5346000
5346000
1558.576
1558.822
1559.002
5346000
5346000
5346000
5346000
5346000
1558.403
1558.542
1558.745
1558.962
5346000
5346000
5346000
5346000
5346000
1558.195
1558.178
1558.233
1558.374
1558.696
5346000
5346000
5346000
5346000
5346000
5346000
5346000
5346000
5346000
5346000
5346000
5346000
5346000
5346000
5346000
5346000
5346000
5346000
5346000
5346000
5346000
5346000
5346000
5346000
5346000
5346000
5346000
5346000
5346000
5346000
5346000
5346000
5346000
5346000
5346000
5346000
5346000
5346000
5346000
5346000
5346000
5346000
5346000
5346000
5346000
5346000
5346000
5346000
5346000
5346000
5346000
5346000
5346000
5346000
5346000
5346000
5346000
5346000
5346000
5346000
5346000
5346000
5346000
5346000
5346000
5346000
5346000
5346000
5346000
5346000
1558.916
5346000
5346000
5346000
5346000
5346000
1558.742
1558.991
5346000
5346000
5346000
5346000
5346000
1558.61
1558.851
1559.005
5346000
5346000
5346000
5346000
5346000
1558.478
1558.673
1558.865
1559.004
5346000
5346000
5346000
5346000
5346000
1558.324
1558.408
1558.56
1558.737
1558.957
5346000
5346000
5346000
5346000
1558.133
1558.094
1558.11
1558.171
1558.319
1558.657
5346000
5346000
5346000
5346000
5346000
5346000
5346000
5346000
5346000
5346000
5346000
5346000
5346000
5346000
5346000
5346000
5346000
5346000
5346000
5346000
5346000
5346000
5346000
5346000
5346000
5346000
5346000
5346000
5346000
5346000
5346000
5346000
5346000
5346000
5346000
5346000
5346000
5346000
5346000
5346000
5346000
5346000
5346000
5346000
5346000
5346000
5346000
5346000
5346000
1560.769
5346000
5346000
5346000
5346000
5346000
5346000
5346000
5346000
5346000
5346000
5346000
5346000
5346000
5346000
5346000
5346000
5346000
5346000
5346000
5346000
1558.914
5346000
5346000
5346000
5346000
5346000
1558.742
1558.991
5346000
5346000
5346000
5346000
5346000
1558.623
1558.858
1559.004
5346000
5346000
5346000
5346000
5346000
1558.516
1558.726
1558.896
1559.007
5346000
5346000
5346000
5346000
5346000
1558.4
1558.548
1558.727
1558.872
1559.005
5346000
5346000
5346000
5346000
1558.257
1558.309
1558.411
1558.552
1558.721
1558.948
5346000
5346000
5346000
1558.078
1558.024
1558.018
1558.042
1558.101
1558.264
1558.603
5346000
5346000
5346000
5346000
5346000
5346000
5346000
5346000
5346000
5346000
5346000
5346000
5346000
5346000
5346000
5346000
5346000
5346000
5346000
5346000
5346000
5346000
5346000
5346000
5346000
5346000
5346000
5346000
5346000
5346000
5346000
5346000
5346000
5346000
5346000
5346000
5346000
5346000
5346000
1560.581
5346000
5346000
5346000
5346000
5346000
5346000
5346000
5346000
1560.857
1558.765
5346000
5346000
5346000
5346000
5346000
5346000
5346000
5346000
5346000
5346000
5346000
5346000
5346000
5346000
5346000
5346000
5346000
5346000
5346000
5346000
1558.906
5346000
5346000
5346000
5346000
5346000
1558.734
1558.991
5346000
5346000
5346000
5346000
5346000
1558.623
1558.858
1559.004
5346000
5346000
5346000
5346000
5346000
1558.532
1558.742
1558.902
1559.005
5346000
5346000
5346000
5346000
5346000
1558.441
1558.615
1558.788
1558.905
1559.009
5346000
5346000
5346000
5346000
1558.332
1558.452
1558.595
1558.744
1558.868
1559.006
5346000
5346000
5346000
1558.199
1558.223
1558.301
1558.396
1558.528
1558.699
1558.924
5346000
5346000
1558.027
1557.963
1557.944
1557.946
1557.967
1558.017
1558.192
1558.51
5346000
5346000
5346000
5346000
5346000
5346000
5346000
5346000
5346000
5346000
5346000
5346000
5346000
5346000
5346000
5346000
5346000
5346000
5346000
5346000
5346000
5346000
5346000
5346000
5346000
5346000
5346000
5346000
5346000
1560.187
5346000
5346000
5346000
5346000
5346000
5346000
5346000
5346000
1560.667
1558.544
5346000
5346000
5346000
5346000
5346000
5346000
5346000
1560.929
1558.811
1556.828
5346000
5346000
5346000
5346000
5346000
5346000
5346000
5346000
5346000
5346000
5346000
5346000
5346000
5346000
5346000
5346000
5346000
5346000
5346000
5346000
1558.877
5346000
5346000
5346000
5346000
5346000
1558.71
1558.987
5346000
5346000
5346000
5346000
5346000
1558.61
1558.851
1559.005
5346000
5346000
5346000
5346000
5346000
1558.532
1558.742
1558.902
1559.005
5346000
5346000
5346000
5346000
5346000
1558.459
1558.64
1558.804
1558.912
1559.005
5346000
5346000
5346000
5346000
1558.374
1558.528
1558.679
1558.809
1558.904
1559.015
5346000
5346000
5346000
1558.273
1558.364
1558.494
1558.609
1558.741
1558.857
1559
5346000
5346000
1558.145
1558.154
1558.202
1558.279
1558.356
1558.476
1558.651
1558.856
5346000
1557.979
1557.908
1557.881
1557.868
1557.867
1557.872
1557.889
1558.017
1558.242
5346000
5346000
5346000
5346000
5346000
5346000
5346000
5346000
5346000
5346000
5346000
5346000
5346000
5346000
5346000
5346000
5346000
5346000
5346000
1559.515
5346000
5346000
5346000
5346000
5346000
5346000
5346000
5346000
1560.266
1558.069
5346000
5346000
5346000
5346000
5346000
5346000
5346000
1560.738
1558.579
1556.583
5346000
5346000
5346000
5346000
5346000
5346000
1560.984
1558.859
1556.835
1554.897
5346000
5346000
5346000
5346000
5346000
5346000
5346000
5346000
5346000
5346000
5346000
5346000
5346000
5346000
5346000
5346000
5346000
5346000
5346000
5346000
1558.758
5346000
5346000
5346000
5346000
5346000
1558.647
1558.954
5346000
5346000
5346000
5346000
5346000
1558.576
1558.822
1559.002
5346000
5346000
5346000
5346000
5346000
1558.516
1558.726
1558.896
1559.007
5346000
5346000
5346000
5346000
5346000
1558.459
1558.64
1558.804
1558.912
1559.005
5346000
5346000
5346000
5346000
1558.393
1558.559
1558.708
1558.825
1558.914
1559.015
5346000
5346000
5346000
1558.316
1558.445
1558.593
1558.705
1558.81
1558.893
1559.019
5346000
5346000
1558.217
1558.292
1558.393
1558.508
1558.591
1558.709
1558.802
1558.947
5346000
1558.095
1558.087
1558.124
1558.167
1558.227
1558.257
1558.314
1558.381
1558.473
1557.931
1557.857
1557.822
1557.803
1557.782
1557.767
1557.719
1557.614
1557.391
1556.885
5346000
5346000
5346000
5346000
5346000
5346000
5346000
5346000
5346000
1558.161
5346000
5346000
5346000
5346000
5346000
5346000
5346000
5346000
1559.572
1557.221
5346000
5346000
5346000
5346000
5346000
5346000
5346000
1560.332
1558.074
1556.053
5346000
5346000
5346000
5346000
5346000
5346000
1560.791
1558.62
1556.57
1554.639
5346000
5346000
5346000
5346000
5346000
1561.027
1558.9
1556.86
1554.868
1552.676
5346000
5346000
5346000
5346000
5346000
5346000
5346000
5346000
5346000
5346000
5346000
5346000
5346000
5346000
5346000
5346000
5346000
5346000
5346000
5346000
5346000
5346000
5346000
5346000
5346000
1558.496
1558.776
5346000
5346000
5346000
5346000
5346000
1558.504
1558.722
1558.965
5346000
5346000
5346000
5346000
5346000
1558.478
1558.673
1558.865
1559.004
5346000
5346000
5346000
5346000
5346000
1558.441
1558.615
1558.788
1558.905
1559.009
5346000
5346000
5346000
5346000
1558.393
1558.559
1558.708
1558.825
1558.914
1559.015
5346000
5346000
5346000
1558.336
1558.48
1558.63
1558.735
1558.826
1558.9
1559.024
5346000
5346000
1558.26
1558.376
1558.501
1558.622
1558.695
1558.783
1558.833
1558.976
5346000
1558.165
1558.221
1558.313
1558.392
1558.482
1558.504
1558.554
1558.506
1558.528
1558.043
1558.028
1558.046
1558.081
1558.089
1558.094
1557.977
1557.737
1557.167
1556.297
1557.804
1557.768
1557.741
1557.717
1557.67
1557.594
1557.377
1556.843
1555.222
1552.435
5346000
5346000
5346000
5346000
5346000
5346000
5346000
5346000
1558.122
1555.583
5346000
5346000
5346000
5346000
5346000
5346000
5346000
1559.626
1557.158
1555.125
5346000
5346000
5346000
5346000
5346000
5346000
1560.384
1558.099
1555.993
1554.087
5346000
5346000
5346000
5346000
5346000
1560.834
1558.657
1556.584
1554.584
1552.424
5346000
5346000
5346000
5346000
1561.062
1558.933
1556.886
1554.869
1552.61
1551.156
5346000
5346000
5346000
5346000
5346000
5346000
5346000
5346000
5346000
5346000
5346000
5346000
5346000
5346000
5346000
5346000
5346000
5346000
5346000
5346000
5346000
5346000
5346000
5346000
5346000
5346000
5346000
5346000
5346000
5346000
1558.361
1558.466
1558.757
5346000
5346000
5346000
5346000
5346000
1558.403
1558.542
1558.745
1558.962
5346000
5346000
5346000
5346000
5346000
1558.4
1558.548
1558.727
1558.872
1559.005
5346000
5346000
5346000
5346000
1558.374
1558.528
1558.679
1558.809
1558.904
1559.015
5346000
5346000
5346000
1558.336
1558.48
1558.63
1558.735
1558.826
1558.9
1559.024
5346000
5346000
1558.28
1558.413
1558.547
1558.661
1558.728
1558.8
1558.839
1558.985
5346000
1558.208
1558.306
1558.427
1558.521
1558.604
1558.613
1558.632
1558.523
1558.543
1558.111
1558.158
1558.228
1558.305
1558.332
1558.351
1558.18
1557.868
1557.052
1555.976
1557.964
1557.978
1557.988
1557.989
1557.894
1557.712
1557.149
1555.977
1553.31
1550.159
1557.711
1557.686
1557.65
1557.601
1557.477
1557.222
1556.534
1554.585
1551.612
1551.77
5346000
5346000
5346000
5346000
5346000
5346000
5346000
1558.123
1555.339
1553.514
5346000
5346000
5346000
5346000
5346000
5346000
1559.671
1557.146
1554.967
1553.152
5346000
5346000
5346000
5346000
5346000
1560.426
1558.127
1555.981
1553.973
1551.893
5346000
5346000
5346000
5346000
1560.87
1558.689
1556.605
1554.572
1552.33
1550.92
5346000
5346000
5346000
1561.09
1558.963
1556.911
1554.881
1552.587
1551.07
1549.57
5346000
5346000
5346000
5346000
5346000
5346000
5346000
5346000
5346000
5346000
5346000
5346000
5346000
5346000
5346000
5346000
5346000
5346000
5346000
5346000
5346000
5346000
5346000
5346000
5346000
5346000
5346000
5346000
5346000
5346000
5346000
5346000
5346000
5346000
5346000
1558.269
1558.29
1558.427
1558.727
5346000
5346000
5346000
5346000
5346000
1558.324
1558.408
1558.56
1558.737
1558.957
5346000
5346000
5346000
5346000
1558.332
1558.452
1558.595
1558.744
1558.868
1559.006
5346000
5346000
5346000
1558.316
1558.445
1558.593
1558.705
1558.81
1558.893
1559.019
5346000
5346000
1558.28
1558.413
1558.547
1558.661
1558.728
1558.8
1558.839
1558.985
5346000
1558.228
1558.346
1558.477
1558.573
1558.646
1558.646
1558.65
1558.522
1558.547
1558.153
1558.241
1558.345
1558.439
1558.472
1558.478
1558.271
1557.914
1556.97
1555.801
1558.087
1558.151
1558.201
1558.225
1558.11
1557.885
1557.126
1555.642
1552.409
1548.989
1557.901
1557.908
1557.866
1557.761
1557.408
1556.712
1555.078
1551.717
1548.724
1549.604
1557.624
1557.594
1557.525
1557.402
1557.088
1556.36
1554.309
1551.204
1550.963
1550.774
5346000
5346000
5346000
5346000
5346000
5346000
1558.141
1555.229
1553.146
1551.674
5346000
5346000
5346000
5346000
5346000
1559.71
1557.154
1554.902
1552.921
1551.023
5346000
5346000
5346000
5346000
1560.462
1558.155
1555.988
1553.928
1551.733
1550.424
5346000
5346000
5346000
1560.897
1558.718
1556.627
1554.577
1552.291
1550.806
1549.348
5346000
5346000
1561.111
1558.985
1556.934
1554.897
1552.583
1551.033
1549.474
1545.131
5346000
5346000
5346000
5346000
5346000
5346000
5346000
5346000
5346000
5346000
5346000
5346000
5346000
5346000
5346000
5346000
5346000
5346000
5346000
5346000
5346000
5346000
5346000
5346000
5346000
5346000
5346000
5346000
5346000
5346000
5346000
5346000
5346000
5346000
5346000
5346000
5346000
5346000
5346000
5346000
1558.195
1558.178
1558.233
1558.374
1558.696
5346000
5346000
5346000
5346000
1558.257
1558.309
1558.411
1558.552
1558.721
1558.948
5346000
5346000
5346000
1558.273
1558.364
1558.494
1558.609
1558.741
1558.857
1559
5346000
5346000
1558.26
1558.376
1558.501
1558.622
1558.695
1558.783
1558.833
1558.976
5346000
1558.228
1558.346
1558.477
1558.573
1558.646
1558.646
1558.65
1558.522
1558.547
1558.173
1558.281
1558.4
1558.495
1558.528
1558.521
1558.297
1557.919
1556.925
1555.722
1558.17
1558.267
1558.342
1558.368
1558.245
1557.99
1557.121
1555.465
1551.932
1548.361
1558.063
1558.106
1558.08
1557.954
1557.472
1556.558
1554.431
1550.386
1547.136
1548.383
1557.812
1557.768
1557.584
1557.213
1556.279
1554.488
1550.864
1547.952
1548.283
1548.854
1557.526
1557.468
1557.314
1557.008
1556.233
1554.18
1550.998
1550.552
1549.97
1549.584
5346000
5346000
5346000
5346000
5346000
1558.165
1555.184
1552.969
1551.231
1549.745
5346000
5346000
5346000
5346000
1559.744
1557.171
1554.881
1552.816
1550.74
1549.625
5346000
5346000
5346000
1560.489
1558.18
1556.003
1553.916
1551.659
1550.247
1548.884
5346000
5346000
1560.919
1558.74
1556.647
1554.588
1552.278
1550.752
1549.231
1544.923
5346000
1561.126
1559.003
1556.952
1554.912
1552.586
1551.019
1549.438
1545.027
1536.666
5346000
5346000
5346000
5346000
5346000
5346000
5346000
5346000
5346000
5346000
5346000
5346000
5346000
5346000
5346000
5346000
5346000
5346000
5346000
5346000
5346000
5346000
5346000
5346000
5346000
5346000
5346000
5346000
5346000
5346000
5346000
5346000
5346000
5346000
5346000
5346000
5346000
5346000
5346000
5346000
5346000
5346000
5346000
5346000
1558.133
1558.094
1558.11
1558.171
1558.319
1558.657
5346000
5346000
5346000
1558.199
1558.223
1558.301
1558.396
1558.528
1558.699
1558.924
5346000
5346000
1558.217
1558.292
1558.393
1558.508
1558.591
1558.709
1558.802
1558.947
5346000
1558.208
1558.306
1558.427
1558.521
1558.604
1558.613
1558.632
1558.523
1558.543
1558.173
1558.281
1558.4
1558.495
1558.528
1558.521
1558.297
1557.919
1556.925
1555.722
1558.21
1558.322
1558.407
1558.429
1558.3
1558.029
1557.112
1555.385
1551.717
1548.08
1558.177
1558.243
1558.23
1558.086
1557.542
1556.518
1554.123
1549.685
1546.248
1547.707
1557.992
1557.954
1557.719
1557.214
1555.927
1553.594
1549.188
1546.103
1546.682
1547.664
1557.639
1557.46
1556.956
1556.014
1554.015
1550.41
1547.536
1547.574
1547.617
1547.929
1557.391
1557.26
1556.916
1556.165
1554.104
1550.894
1550.342
1549.558
1548.784
1548.129
5346000
5346000
5346000
5346000
1558.189
1555.17
1552.886
1551.013
1549.256
1548.488
5346000
5346000
5346000
1559.771
1557.189
1554.879
1552.771
1550.603
1549.329
1548.149
5346000
5346000
1560.512
1558.201
1556.018
1553.918
1551.628
1550.158
1548.715
1544.508
5346000
1560.934
1558.757
1556.664
1554.601
1552.277
1550.73
1549.177
1544.818
1536.441
1561.134
1559.015
1556.966
1554.925
1552.591
1551.013
1549.425
1545.009
1536.588
1524.293
5346000
5346000
5346000
5346000
5346000
5346000
5346000
5346000
5346000
5346000
5346000
5346000
5346000
5346000
5346000
5346000
5346000
5346000
5346000
5346000
5346000
5346000
5346000
5346000
5346000
5346000
5346000
5346000
5346000
5346000
5346000
5346000
5346000
5346000
5346000
5346000
5346000
5346000
5346000
5346000
5346000
5346000
5346000
5346000
5346000
5346000
5346000
1558.078
1558.024
1558.018
1558.042
1558.101
1558.264
1558.603
5346000
5346000
1558.145
1558.154
1558.202
1558.279
1558.356
1558.476
1558.651
1558.856
5346000
1558.165
1558.221
1558.313
1558.392
1558.482
1558.504
1558.554
1558.506
1558.528
1558.153
1558.241
1558.345
1558.439
1558.472
1558.478
1558.271
1557.914
1556.97
1555.801
1558.21
1558.322
1558.407
1558.429
1558.3
1558.029
1557.112
1555.385
1551.717
1548.08
1558.234
1558.308
1558.3
1558.143
1557.573
1556.502
1553.995
1549.376
1545.843
1547.402
1558.125
1558.091
1557.838
1557.264
1555.793
1553.184
1548.319
1545.05
1545.761
1546.978
1557.788
1557.545
1556.841
1555.539
1552.866
1548.512
1545.525
1545.742
1546.083
1546.82
1557.279
1556.807
1555.696
1553.741
1550.111
1547.312
1547.192
1546.957
1546.756
1546.748
1557.172
1556.872
1556.091
1554.069
1550.83
1550.234
1549.346
1548.376
1547.337
1547.106
5346000
5346000
5346000
1558.21
1555.168
1552.849
1550.906
1549.014
1547.996
1547.12
5346000
5346000
1559.794
1557.206
1554.884
1552.754
1550.538
1549.181
1547.874
1543.885
5346000
1560.527
1558.217
1556.033
1553.924
1551.616
1550.117
1548.628
1544.371
1536.046
1560.942
1558.769
1556.678
1554.612
1552.279
1550.72
1549.156
1544.78
1536.396
1524.001
1559.019
1556.975
1554.935
1552.596
1551.011
1549.415
1545.007
1536.627
1524.312
1510.46
5346000
5346000
5346000
5346000
5346000
5346000
5346000
5346000
5346000
5346000
5346000
5346000
5346000
5346000
5346000
5346000
5346000
5346000
5346000
5346000
5346000
5346000
5346000
5346000
5346000
5346000
5346000
5346000
5346000
5346000
5346000
5346000
5346000
5346000
5346000
5346000
5346000
5346000
5346000
5346000
5346000
5346000
5346000
5346000
5346000
5346000
5346000
5346000
5346000
1558.027
1557.963
1557.944
1557.946
1557.967
1558.017
1558.192
1558.51
5346000
1558.095
1558.087
1558.124
1558.167
1558.227
1558.257
1558.314
1558.381
1558.473
1558.111
1558.158
1558.228
1558.305
1558.332
1558.351
1558.18
1557.868
1557.052
1555.976
1558.17
1558.267
1558.342
1558.368
1558.245
1557.99
1557.121
1555.465
1551.932
1548.361
1558.234
1558.308
1558.3
1558.143
1557.573
1556.502
1553.995
1549.376
1545.843
1547.402
1558.191
1558.159
1557.9
1557.292
1555.743
1553.006
1547.937
1544.566
1545.336
1546.663
1557.914
1557.637
1556.835
1555.344
1552.31
1547.528
1544.364
1544.668
1545.166
1546.154
1557.292
1556.613
1555.042
1552.437
1548.042
1545.202
1545.219
1545.22
1545.333
1545.761
1556.561
1555.54
1553.448
1549.95
1547.165
1546.984
1546.603
1546.139
1545.627
1545.897
1556.782
1556.065
1554.031
1550.798
1550.166
1549.234
1548.164
1546.937
1546.336
1545.883
5346000
5346000
1558.228
1555.173
1552.83
1550.854
1548.892
1547.75
1546.666
1543.056
5346000
1559.809
1557.219
1554.892
1552.748
1550.507
1549.107
1547.733
1543.67
1535.502
1560.535
1558.229
1556.043
1553.932
1551.611
1550.097
1548.589
1544.309
1535.98
1523.55
1558.773
1556.686
1554.621
1552.282
1550.714
1549.142
1544.771
1536.416
1524.081
1510.086
1556.976
1554.941
1552.599
1551.01
1549.408
1544.998
1536.667
1524.459
1510.648
1499.306
5346000
5346000
5346000
5346000
5346000
5346000
5346000
5346000
5346000
5346000
5346000
5346000
5346000
5346000
5346000
5346000
5346000
5346000
5346000
5346000
5346000
5346000
5346000
5346000
5346000
5346000
5346000
5346000
5346000
5346000
5346000
5346000
5346000
5346000
5346000
5346000
5346000
5346000
5346000
5346000
5346000
5346000
5346000
5346000
5346000
5346000
5346000
5346000
5346000
5346000
1557.979
1557.908
1557.881
1557.868
1557.867
1557.872
1557.889
1558.017
1558.242
1558.043
1558.028
1558.046
1558.081
1558.089
1558.094
1557.977
1557.737
1557.167
1556.297
1558.087
1558.151
1558.201
1558.225
1558.11
1557.885
1557.126
1555.642
1552.409
1548.989
1558.177
1558.243
1558.23
1558.086
1557.542
1556.518
1554.123
1549.685
1546.248
1547.707
1558.191
1558.159
1557.9
1557.292
1555.743
1553.006
1547.937
1544.566
1545.336
1546.663
1557.981
1557.689
1556.846
1555.274
1552.084
1547.085
1543.827
1544.169
1544.736
1545.842
1557.353
1556.56
1554.743
1551.787
1546.943
1543.975
1544.049
1544.164
1544.449
1545.145
1556.247
1554.788
1551.958
1547.783
1544.984
1544.928
1544.744
1544.537
1544.352
1545.01
1555.254
1553.323
1549.79
1547.084
1546.848
1546.409
1545.809
1545.051
1544.819
1544.817
1555.99
1554.023
1550.766
1550.131
1549.164
1548.051
1546.728
1545.949
1545.17
1542.101
5346000
1558.242
1555.175
1552.824
1550.824
1548.828
1547.623
1546.434
1542.701
1534.847
1559.817
1557.229
1554.897
1552.748
1550.489
1549.067
1547.662
1543.563
1535.396
1522.961
1558.231
1556.051
1553.937
1551.61
1550.084
1548.565
1544.285
1535.997
1523.593
1509.537
1556.686
1554.626
1552.284
1550.711
1549.132
1544.758
1536.45
1524.22
1510.324
1498.908
1554.937
1552.6
1551.008
1549.405
1544.989
1536.677
1524.58
1510.925
1499.675
1491.554
5346000
5346000
5346000
5346000
5346000
5346000
5346000
5346000
5346000
5346000
5346000
5346000
5346000
5346000
5346000
5346000
5346000
5346000
5346000
5346000
5346000
5346000
5346000
5346000
5346000
5346000
5346000
5346000
5346000
5346000
5346000
5346000
5346000
5346000
5346000
5346000
5346000
5346000
5346000
5346000
5346000
5346000
5346000
5346000
5346000
5346000
5346000
5346000
5346000
5346000
1557.931
1557.857
1557.822
1557.803
1557.782
1557.767
1557.719
1557.614
1557.391
1556.885
1557.964
1557.978
1557.988
1557.989
1557.894
1557.712
1557.149
1555.977
1553.31
1550.159
1558.063
1558.106
1558.08
1557.954
1557.472
1556.558
1554.431
1550.386
1547.136
1548.383
1558.125
1558.091
1557.838
1557.264
1555.793
1553.184
1548.319
1545.05
1545.761
1546.978
1557.981
1557.689
1556.846
1555.274
1552.084
1547.085
1543.827
1544.169
1544.736
1545.842
1557.394
1556.55
1554.63
1551.519
1546.462
1543.403
1543.501
1543.664
1544.027
1544.851
1556.126
1554.424
1551.188
1546.618
1543.705
1543.699
1543.602
1543.525
1543.53
1544.447
1554.34
1551.745
1547.52
1544.861
1544.732
1544.479
1544.102
1543.617
1543.657
1544.038
1553.069
1549.727
1547.006
1546.773
1546.283
1545.628
1544.743
1544.271
1543.812
1541.334
1553.975
1550.756
1550.098
1549.127
1547.979
1546.615
1545.745
1544.809
1541.534
1534.176
1558.244
1555.181
1552.816
1550.81
1548.788
1547.553
1546.313
1542.519
1534.653
1522.29
1557.227
1554.903
1552.747
1550.48
1549.042
1547.62
1543.513
1535.373
1522.985
1508.806
1556.048
1553.941
1551.608
1550.077
1548.548
1544.263
1536.021
1523.759
1509.684
1498.323
1554.621
1552.284
1550.708
1549.126
1544.746
1536.457
1524.338
1510.62
1499.26
1491.189
1552.592
1551.006
1549.402
1544.986
1536.679
1524.64
1511.146
1500.047
1492.095
1486.668
5346000
5346000
5346000
5346000
5346000
5346000
5346000
5346000
5346000
5346000
5346000
5346000
5346000
5346000
5346000
5346000
5346000
5346000
5346000
5346000
5346000
5346000
5346000
5346000
5346000
5346000
5346000
5346000
5346000
5346000
5346000
5346000
5346000
5346000
5346000
5346000
5346000
5346000
5346000
5346000
5346000
5346000
5346000
5346000
5346000
5346000
5346000
5346000
5346000
5346000
1557.804
1557.768
1557.741
1557.717
1557.67
1557.594
1557.377
1556.843
1555.222
1552.435
1557.901
1557.908
1557.866
1557.761
1557.408
1556.712
1555.078
1551.717
1548.724
1549.604
1557.992
1557.954
1557.719
1557.214
1555.927
1553.594
1549.188
1546.103
1546.682
1547.664
1557.914
1557.637
1556.835
1555.344
1552.31
1547.528
1544.364
1544.668
1545.166
1546.154
1557.394
1556.55
1554.63
1551.519
1546.462
1543.403
1543.501
1543.664
1544.027
1544.851
1556.09
1554.279
1550.862
1546.099
1543.107
1543.12
1543.058
1543.037
1543.129
1544.175
1553.875
1550.913
1546.284
1543.551
1543.459
1543.285
1543.013
1542.678
1542.893
1543.544
1551.337
1547.412
1544.743
1544.62
1544.301
1543.859
1543.218
1542.96
1542.774
1540.796
1549.573
1546.974
1546.701
1546.211
1545.509
1544.574
1543.977
1543.3
1540.519
1533.724
1550.708
1550.085
1549.091
1547.94
1546.541
1545.631
1544.614
1541.247
1533.833
1521.674
1555.168
1552.816
1550.795
1548.767
1547.508
1546.242
1542.424
1534.578
1522.277
1507.949
1554.893
1552.748
1550.472
1549.028
1547.591
1543.475
1535.383
1523.109
1508.928
1497.52
1553.933
1551.607
1550.07
1548.538
1544.244
1536.021
1523.875
1510.036
1498.51
1490.616
1552.274
1550.705
1549.122
1544.74
1536.457
1524.396
1510.841
1499.692
1491.595
1486.362
1550.994
1549.399
1544.986
1536.69
1524.68
1511.276
1500.343
1492.532
1487.349
1484.375
5346000
5346000
5346000
5346000
5346000
5346000
5346000
5346000
5346000
5346000
5346000
5346000
5346000
5346000
5346000
5346000
5346000
5346000
5346000
5346000
5346000
5346000
5346000
5346000
5346000
5346000
5346000
5346000
5346000
5346000
5346000
5346000
5346000
5346000
5346000
5346000
5346000
5346000
5346000
5346000
5346000
5346000
5346000
5346000
5346000
5346000
5346000
5346000
5346000
1558.161
1557.711
1557.685
1557.65
1557.601
1557.477
1557.222
1556.534
1554.585
1551.612
1551.77
1557.812
1557.768
1557.584
1557.213
1556.279
1554.488
1550.864
1547.952
1548.283
1548.854
1557.788
1557.545
1556.841
1555.539
1552.866
1548.512
1545.525
1545.742
1546.083
1546.82
1557.353
1556.56
1554.743
1551.787
1546.943
1543.975
1544.049
1544.164
1544.449
1545.145
1556.09
1554.279
1550.862
1546.099
1543.107
1543.12
1543.058
1543.037
1543.129
1544.175
1553.684
1550.556
1545.729
1542.936
1542.857
1542.714
1542.486
1542.216
1542.517
1543.305
1550.402
1546.143
1543.403
1543.32
1543.069
1542.725
1542.211
1542.085
1542.09
1540.465
1547.175
1544.691
1544.514
1544.2
1543.697
1542.996
1542.581
1542.12
1539.765
1533.469
1546.883
1546.67
1546.144
1545.441
1544.461
1543.812
1543.02
1540.105
1533.208
1521.309
1550.035
1549.077
1547.902
1546.499
1545.556
1544.501
1541.086
1533.686
1521.572
1507.135
1552.793
1550.79
1548.746
1547.481
1546.193
1542.36
1534.551
1522.365
1508.062
1496.551
1552.732
1550.468
1549.014
1547.573
1543.444
1535.37
1523.229
1509.222
1497.654
1489.792
1551.593
1550.065
1548.53
1544.233
1536.014
1523.929
1510.262
1499.014
1490.776
1485.816
1550.691
1549.118
1544.738
1536.465
1524.434
1510.971
1499.989
1492.14
1486.774
1484.118
1549.387
1544.984
1536.706
1524.727
1511.372
1500.531
1492.876
1487.838
1485.131
1666000
5346000
5346000
5346000
5346000
5346000
5346000
5346000
5346000
5346000
5346000
5346000
5346000
5346000
5346000
5346000
5346000
5346000
5346000
5346000
5346000
5346000
5346000
5346000
5346000
5346000
5346000
5346000
5346000
5346000
5346000
5346000
5346000
5346000
5346000
5346000
5346000
5346000
5346000
5346000
1559.515
5346000
5346000
5346000
5346000
5346000
5346000
5346000
5346000
1558.122
1555.583
1557.624
1557.594
1557.525
1557.402
1557.088
1556.36
1554.309
1551.204
1550.963
1550.774
1557.639
1557.46
1556.956
1556.014
1554.015
1550.41
1547.536
1547.574
1547.617
1547.929
1557.292
1556.613
1555.042
1552.437
1548.042
1545.202
1545.219
1545.22
1545.333
1545.761
1556.126
1554.424
1551.188
1546.618
1543.705
1543.699
1543.602
1543.525
1543.53
1544.447
1553.684
1550.556
1545.729
1542.936
1542.857
1542.714
1542.486
1542.216
1542.517
1543.305
1549.995
1545.571
1542.772
1542.704
1542.478
1542.173
1541.713
1541.651
1541.753
1540.307
1545.849
1543.336
1543.189
1542.944
1542.53
1541.947
1541.642
1541.332
1539.275
1533.341
1544.564
1544.466
1544.104
1543.603
1542.847
1542.368
1541.76
1539.231
1532.801
1521.186
1546.583
1546.114
1545.378
1544.396
1543.703
1542.859
1539.87
1532.972
1521.123
1506.617
1549.025
1547.886
1546.46
1545.51
1544.424
1540.984
1533.606
1521.62
1507.222
1495.598
1550.761
1548.736
1547.456
1546.163
1542.311
1534.518
1522.456
1508.325
1496.688
1488.753
1550.446
1549.006
1547.558
1543.423
1535.353
1523.276
1509.469
1498.074
1489.853
1484.98
1550.048
1548.524
1544.227
1536.016
1523.962
1510.39
1499.318
1491.392
1485.904
1483.596
1549.103
1544.736
1536.478
1524.479
1511.066
1500.177
1492.485
1487.416
1484.513
1666000
1544.975
1536.718
1524.778
1511.47
1500.676
1493.104
1488.213
1485.66
1666000
1666000
5346000
5346000
5346000
5346000
5346000
5346000
5346000
5346000
5346000
5346000
5346000
5346000
5346000
5346000
5346000
5346000
5346000
5346000
5346000
5346000
5346000
5346000
5346000
5346000
5346000
5346000
5346000
5346000
5346000
1560.187
5346000
5346000
5346000
5346000
5346000
5346000
5346000
5346000
1559.572
1557.221
5346000
5346000
5346000
5346000
5346000
5346000
5346000
1558.123
1555.339
1553.514
1557.526
1557.468
1557.314
1557.008
1556.233
1554.18
1550.998
1550.552
1549.97
1549.584
1557.279
1556.807
1555.696
1553.741
1550.111
1547.312
1547.192
1546.957
1546.756
1546.748
1556.247
1554.788
1551.958
1547.783
1544.984
1544.928
1544.744
1544.537
1544.352
1545.01
1553.875
1550.913
1546.284
1543.551
1543.459
1543.285
1543.013
1542.678
1542.893
1543.544
1549.995
1545.571
1542.772
1542.704
1542.478
1542.173
1541.713
1541.651
1541.753
1540.307
1545.248
1542.698
1542.559
1542.341
1541.961
1541.428
1541.174
1540.94
1539.034
1533.286
1543.182
1543.129
1542.827
1542.416
1541.77
1541.392
1540.91
1538.652
1532.56
1521.172
1544.348
1544.06
1543.515
1542.76
1542.225
1541.552
1538.925
1532.476
1520.899
1506.455
1546.032
1545.349
1544.335
1543.637
1542.748
1539.724
1532.833
1521.116
1506.703
1495.008
1547.833
1546.441
1545.469
1544.375
1540.909
1533.542
1521.67
1507.46
1495.785
1487.674
1548.702
1547.443
1546.136
1542.278
1534.487
1522.492
1508.547
1497.068
1488.816
1483.865
1548.981
1547.548
1543.409
1535.342
1523.299
1509.595
1498.41
1490.36
1484.915
1482.759
1548.506
1544.222
1536.026
1524
1510.482
1499.505
1491.745
1486.608
1483.615
1666000
1544.725
1536.49
1524.528
1511.161
1500.321
1492.713
1487.792
1485.22
1666000
1666000
1536.722
1524.821
1511.568
1500.815
1493.284
1488.468
1486.049
1666000
1666000
1666000
5346000
5346000
5346000
5346000
5346000
5346000
5346000
5346000
5346000
5346000
5346000
5346000
5346000
5346000
5346000
5346000
5346000
5346000
5346000
1560.581
5346000
5346000
5346000
5346000
5346000
5346000
5346000
5346000
1560.266
1558.069
5346000
5346000
5346000
5346000
5346000
5346000
5346000
1559.626
1557.158
1555.125
5346000
5346000
5346000
5346000
5346000
5346000
1558.141
1555.229
1553.146
1551.674
1557.391
1557.26
1556.916
1556.165
1554.104
1550.894
1550.342
1549.558
1548.784
1548.129
1556.561
1555.54
1553.448
1549.95
1547.165
1546.984
1546.603
1546.139
1545.627
1545.897
1554.34
1551.745
1547.52
1544.861
1544.732
1544.479
1544.102
1543.617
1543.657
1544.038
1550.402
1546.143
1543.403
1543.32
1543.069
1542.725
1542.211
1542.085
1542.09
1540.465
1545.248
1542.698
1542.559
1542.341
1541.961
1541.428
1541.174
1540.94
1539.034
1533.286
1542.529
1542.492
1542.212
1541.836
1541.235
1540.903
1540.485
1538.364
1532.444
1521.18
1542.987
1542.772
1542.31
1541.666
1541.222
1540.667
1538.292
1532.166
1520.8
1506.447
1543.95
1543.474
1542.679
1542.14
1541.41
1538.737
1532.28
1520.825
1506.46
1494.878
1545.27
1544.307
1543.576
1542.68
1539.618
1532.732
1521.125
1506.902
1495.276
1487.022
1546.388
1545.448
1544.331
1540.858
1533.488
1521.685
1507.65
1496.142
1487.868
1482.619
1547.406
1546.12
1542.252
1534.466
1522.509
1508.671
1497.377
1489.265
1483.795
1481.588
1547.523
1543.401
1535.344
1523.322
1509.678
1498.597
1490.746
1485.488
1482.584
1666000
1544.207
1536.034
1524.046
1510.571
1499.647
1491.972
1486.991
1484.375
1666000
1666000
1536.492
1524.57
1511.258
1500.457
1492.892
1488.046
1485.61
1666000
1666000
1666000
1524.854
1511.651
1500.95
1493.452
1488.671
1486.317
1666000
1666000
1666000
1666000
5346000
5346000
5346000
5346000
5346000
5346000
5346000
5346000
5346000
1560.769
5346000
5346000
5346000
5346000
5346000
5346000
5346000
5346000
1560.667
1558.544
5346000
5346000
5346000
5346000
5346000
5346000
5346000
1560.332
1558.074
1556.053
5346000
5346000
5346000
5346000
5346000
5346000
1559.671
1557.146
1554.967
1553.152
5346000
5346000
5346000
5346000
5346000
1558.165
1555.184
1552.969
1551.231
1549.745
1557.172
1556.872
1556.091
1554.069
1550.83
1550.234
1549.346
1548.376
1547.337
1547.106
1555.254
1553.323
1549.79
1547.084
1546.848
1546.409
1545.809
1545.051
1544.819
1544.817
1551.337
1547.412
1544.743
1544.62
1544.301
1543.859
1543.218
1542.96
1542.774
1540.796
1545.849
1543.336
1543.189
1542.944
1542.53
1541.947
1541.642
1541.332
1539.275
1533.341
1542.529
1542.492
1542.212
1541.836
1541.235
1540.903
1540.485
1538.364
1532.444
1521.18
1542.339
1542.151
1541.72
1541.122
1540.719
1540.222
1537.976
1532.015
1520.758
1506.463
1542.642
1542.26
1541.57
1541.121
1540.5
1538.073
1531.926
1520.665
1506.365
1494.92
1543.372
1542.64
1542.061
1541.323
1538.603
1532.144
1520.791
1506.596
1495.086
1486.914
1544.231
1543.546
1542.617
1539.548
1532.652
1521.111
1507.062
1495.598
1487.358
1481.852
1545.393
1544.308
1540.814
1533.451
1521.688
1507.761
1496.419
1488.28
1482.76
1480.21
1546.083
1542.236
1534.454
1522.526
1508.756
1497.564
1489.62
1484.286
1481.406
1666000
1543.379
1535.348
1523.36
1509.751
1498.728
1490.972
1485.902
1483.198
1666000
1666000
1536.034
1524.086
1510.665
1499.777
1492.149
1487.244
1484.772
1666000
1666000
1666000
1524.602
1511.341
1500.592
1493.058
1488.249
1485.877
1666000
1666000
1666000
1666000
1511.722
1501.066
1493.613
1488.859
1486.532
1666000
1666000
1666000
1666000
1666000
5346000
5346000
5346000
5346000
5346000
5346000
5346000
5346000
1560.857
1558.765
5346000
5346000
5346000
5346000
5346000
5346000
5346000
1560.738
1558.579
1556.583
5346000
5346000
5346000
5346000
5346000
5346000
1560.384
1558.099
1555.993
1554.087
5346000
5346000
5346000
5346000
5346000
1559.71
1557.154
1554.902
1552.921
1551.023
5346000
5346000
5346000
5346000
1558.189
1555.17
1552.886
1551.013
1549.256
1548.488
1556.782
1556.065
1554.031
1550.798
1550.166
1549.234
1548.164
1546.937
1546.336
1545.883
1553.069
1549.727
1547.006
1546.773
1546.283
1545.628
1544.743
1544.271
1543.812
1541.334
1547.175
1544.691
1544.514
1544.2
1543.697
1542.996
1542.581
1542.12
1539.765
1533.469
1543.182
1543.129
1542.827
1542.416
1541.77
1541.392
1540.91
1538.652
1532.56
1521.172
1542.339
1542.151
1541.72
1541.122
1540.719
1540.222
1537.976
1532.015
1520.758
1506.463
1542.01
1541.665
1541.017
1540.61
1540.042
1537.74
1531.752
1520.589
1506.328
1494.968
1542.14
1541.523
1541.028
1540.398
1537.916
1531.763
1520.592
1506.432
1495.051
1486.991
1542.544
1542.022
1541.243
1538.516
1532.038
1520.746
1506.719
1495.35
1487.194
1481.711
1543.472
1542.584
1539.485
1532.597
1521.092
1507.15
1495.849
1487.728
1482.18
1479.349
1544.254
1540.789
1533.421
1521.693
1507.84
1496.597
1488.6
1483.193
1480.302
1666000
1542.203
1534.45
1522.552
1508.829
1497.702
1489.845
1484.665
1481.92
1666000
1666000
1535.343
1523.397
1509.839
1498.841
1491.138
1486.153
1483.625
1666000
1666000
1666000
1524.116
1510.747
1499.91
1492.308
1487.444
1485.037
1666000
1666000
1666000
1666000
1511.411
1500.707
1493.218
1488.434
1486.091
1666000
1666000
1666000
1666000
1666000
1501.166
1493.751
1489.037
1486.73
1666000
1666000
1666000
1666000
1666000
1666000
5346000
5346000
5346000
5346000
5346000
5346000
5346000
1560.929
1558.811
1556.828
5346000
5346000
5346000
5346000
5346000
5346000
1560.792
1558.62
1556.57
1554.639
5346000
5346000
5346000
5346000
5346000
1560.426
1558.127
1555.981
1553.973
1551.893
5346000
5346000
5346000
5346000
1559.744
1557.171
1554.881
1552.816
1550.74
1549.625
5346000
5346000
5346000
1558.21
1555.168
1552.849
1550.906
1549.014
1547.996
1547.12
1555.99
1554.023
1550.766
1550.131
1549.164
1548.051
1546.728
1545.949
1545.17
1542.101
1549.573
1546.974
1546.701
1546.211
1545.509
1544.574
1543.977
1543.3
1540.519
1533.724
1544.564
1544.466
1544.104
1543.603
1542.847
1542.368
1541.76
1539.231
1532.801
1521.186
1542.987
1542.772
1542.31
1541.666
1541.222
1540.667
1538.292
1532.166
1520.8
1506.447
1542.01
1541.665
1541.017
1540.61
1540.042
1537.74
1531.752
1520.589
1506.328
1494.968
1541.535
1540.966
1540.509
1539.932
1537.571
1531.574
1520.494
1506.354
1495.053
1487.06
1541.411
1540.982
1540.304
1537.816
1531.638
1520.522
1506.515
1495.248
1487.194
1481.774
1541.929
1541.201
1538.436
1531.967
1520.705
1506.779
1495.568
1487.503
1481.965
1479.168
1542.511
1539.45
1532.547
1521.083
1507.213
1496.005
1488.019
1482.554
1479.653
1666000
1540.74
1533.407
1521.703
1507.907
1496.731
1488.815
1483.533
1480.742
1666000
1666000
1534.434
1522.581
1508.907
1497.818
1490.018
1484.914
1482.31
1666000
1666000
1666000
1523.427
1509.92
1498.967
1491.279
1486.342
1483.888
1666000
1666000
1666000
1666000
1510.817
1500.024
1492.467
1487.623
1485.249
1666000
1666000
1666000
1666000
1666000
1500.808
1493.356
1488.611
1486.286
1666000
1666000
1666000
1666000
1666000
1666000
1493.872
1489.19
1486.916
1666000
1666000
1666000
1666000
1666000
1666000
1666000
5346000
5346000
5346000
5346000
5346000
5346000
1560.984
1558.859
1556.835
1554.897
5346000
5346000
5346000
5346000
5346000
1560.834
1558.657
1556.584
1554.584
1552.424
5346000
5346000
5346000
5346000
1560.462
1558.155
1555.988
1553.928
1551.733
1550.424
5346000
5346000
5346000
1559.771
1557.189
1554.879
1552.771
1550.603
1549.329
1548.149
5346000
5346000
1558.228
1555.173
1552.83
1550.854
1548.892
1547.75
1546.666
1543.056
1553.975
1550.756
1550.098
1549.127
1547.979
1546.615
1545.744
1544.809
1541.534
1534.176
1546.883
1546.67
1546.144
1545.441
1544.461
1543.812
1543.02
1540.105
1533.208
1521.309
1544.348
1544.06
1543.515
1542.76
1542.225
1541.552
1538.925
1532.476
1520.899
1506.455
1542.642
1542.26
1541.57
1541.121
1540.5
1538.073
1531.926
1520.665
1506.365
1494.92
1541.535
1540.966
1540.509
1539.932
1537.571
1531.574
1520.494
1506.354
1495.053
1487.06
1540.846
1540.459
1539.83
1537.463
1531.439
1520.41
1506.413
1495.21
1487.218
1481.839
1540.875
1540.255
1537.723
1531.554
1520.462
1506.548
1495.427
1487.435
1481.938
1479.206
1541.109
1538.39
1531.9
1520.68
1506.82
1495.695
1487.76
1482.27
1479.383
1666000
1539.383
1532.521
1521.074
1507.268
1496.123
1488.21
1482.86
1480.023
1666000
1666000
1533.377
1521.723
1507.973
1496.843
1488.984
1483.77
1481.09
1666000
1666000
1666000
1522.601
1508.98
1497.936
1490.163
1485.109
1482.57
1666000
1666000
1666000
1666000
1509.994
1499.082
1491.431
1486.503
1484.088
1666000
1666000
1666000
1666000
1666000
1500.125
1492.603
1487.798
1485.437
1666000
1666000
1666000
1666000
1666000
1666000
1493.477
1488.764
1486.472
1666000
1666000
1666000
1666000
1666000
1666000
1666000
1489.324
1487.076
1666000
1666000
1666000
1666000
1666000
1666000
1666000
1666000
5346000
5346000
5346000
5346000
5346000
1561.027
1558.9
1556.86
1554.868
1552.676
5346000
5346000
5346000
5346000
1560.87
1558.689
1556.605
1554.572
1552.33
1550.92
5346000
5346000
5346000
1560.489
1558.18
1556.003
1553.916
1551.659
1550.247
1548.884
5346000
5346000
1559.794
1557.206
1554.884
1552.754
1550.538
1549.181
1547.874
1543.885
5346000
1558.242
1555.175
1552.824
1550.824
1548.828
1547.623
1546.434
1542.701
1534.847
1550.708
1550.085
1549.091
1547.94
1546.541
1545.631
1544.614
1541.247
1533.833
1521.674
1546.583
1546.114
1545.378
1544.396
1543.703
1542.858
1539.87
1532.972
1521.123
1506.617
1543.95
1543.474
1542.679
1542.14
1541.41
1538.737
1532.28
1520.825
1506.46
1494.878
1542.14
1541.523
1541.028
1540.398
1537.916
1531.763
1520.592
1506.432
1495.051
1486.991
1540.846
1540.459
1539.83
1537.463
1531.439
1520.41
1506.413
1495.21
1487.218
1481.839
1540.343
1539.778
1537.363
1531.348
1520.341
1506.43
1495.365
1487.42
1481.951
1479.26
1540.15
1537.67
1531.477
1520.427
1506.571
1495.528
1487.653
1482.168
1479.32
1666000
1538.306
1531.864
1520.656
1506.862
1495.792
1487.922
1482.537
1479.676
1666000
1666000
1532.476
1521.085
1507.319
1496.224
1488.362
1483.07
1480.333
1666000
1666000
1666000
1521.732
1508.04
1496.95
1489.125
1483.96
1481.336
1666000
1666000
1666000
1666000
1509.045
1498.042
1490.306
1485.274
1482.776
1666000
1666000
1666000
1666000
1666000
1499.188
1491.568
1486.671
1484.259
1666000
1666000
1666000
1666000
1666000
1666000
1492.725
1487.95
1485.621
1666000
1666000
1666000
1666000
1666000
1666000
1666000
1488.898
1486.632
1666000
1666000
1666000
1666000
1666000
1666000
1666000
1666000
1487.217
1666000
1666000
1666000
1666000
1666000
1666000
1666000
1666000
1666000
5346000
5346000
5346000
5346000
1561.063
1558.934
1556.886
1554.869
1552.61
1551.156
5346000
5346000
5346000
1560.897
1558.718
1556.627
1554.577
1552.291
1550.806
1549.348
5346000
5346000
1560.512
1558.201
1556.018
1553.918
1551.628
1550.158
1548.715
1544.508
5346000
1559.809
1557.219
1554.892
1552.748
1550.507
1549.107
1547.733
1543.67
1535.503
1558.244
1555.181
1552.816
1550.81
1548.788
1547.553
1546.313
1542.519
1534.653
1522.29
1550.035
1549.077
1547.902
1546.499
1545.556
1544.501
1541.086
1533.686
1521.572
1507.135
1546.032
1545.349
1544.335
1543.637
1542.748
1539.724
1532.833
1521.116
1506.703
1495.008
1543.372
1542.64
1542.061
1541.323
1538.603
1532.144
1520.791
1506.596
1495.085
1486.914
1541.411
1540.982
1540.304
1537.816
1531.638
1520.521
1506.515
1495.248
1487.194
1481.774
1540.343
1539.778
1537.363
1531.348
1520.341
1506.43
1495.364
1487.42
1481.951
1479.26
1539.665
1537.307
1531.265
1520.3
1506.443
1495.45
1487.612
1482.138
1479.316
1666000
1537.573
1531.432
1520.394
1506.603
1495.607
1487.787
1482.391
1479.532
1666000
1666000
1531.804
1520.657
1506.898
1495.878
1488.051
1482.714
1479.942
1666000
1666000
1666000
1521.082
1507.38
1496.316
1488.49
1483.241
1480.551
1666000
1666000
1666000
1666000
1508.098
1497.05
1489.257
1484.12
1481.537
1666000
1666000
1666000
1666000
1666000
1498.138
1490.434
1485.434
1482.951
1666000
1666000
1666000
1666000
1666000
1666000
1491.695
1486.824
1484.435
1666000
1666000
1666000
1666000
1666000
1666000
1666000
1488.085
1485.78
1666000
1666000
1666000
1666000
1666000
1666000
1666000
1666000
1486.772
1666000
1666000
1666000
1666000
1666000
1666000
1666000
1666000
1666000
1666000
1666000
1666000
1666000
1666000
1666000
1666000
1666000
1666000
1666000
5346000
5346000
5346000
1561.09
1558.963
1556.911
1554.881
1552.587
1551.07
1549.57
5346000
5346000
1560.919
1558.74
1556.647
1554.588
1552.278
1550.752
1549.231
1544.923
5346000
1560.527
1558.217
1556.033
1553.924
1551.616
1550.117
1548.628
1544.371
1536.046
1559.817
1557.229
1554.897
1552.748
1550.489
1549.067
1547.662
1543.563
1535.396
1522.961
1555.168
1552.816
1550.795
1548.767
1547.508
1546.242
1542.424
1534.578
1522.277
1507.949
1549.025
1547.886
1546.46
1545.51
1544.424
1540.984
1533.605
1521.62
1507.222
1495.598
1545.27
1544.307
1543.576
1542.68
1539.618
1532.732
1521.125
1506.902
1495.276
1487.022
1542.544
1542.022
1541.243
1538.516
1532.038
1520.745
1506.719
1495.35
1487.194
1481.711
1540.875
1540.255
1537.723
1531.554
1520.462
1506.548
1495.427
1487.435
1481.938
1479.206
1539.665
1537.307
1531.265
1520.3
1506.443
1495.45
1487.612
1482.138
1479.316
1666000
1537.203
1531.215
1520.262
1506.469
1495.518
1487.731
1482.333
1479.481
1666000
1666000
1531.36
1520.386
1506.631
1495.683
1487.896
1482.538
1479.751
1666000
1666000
1666000
1520.645
1506.953
1495.955
1488.163
1482.861
1480.125
1666000
1666000
1666000
1666000
1507.43
1496.411
1488.608
1483.388
1480.731
1666000
1666000
1666000
1666000
1666000
1497.141
1489.379
1484.269
1481.706
1666000
1666000
1666000
1666000
1666000
1666000
1490.55
1485.577
1483.119
1666000
1666000
1666000
1666000
1666000
1666000
1666000
1486.963
1484.595
1666000
1666000
1666000
1666000
1666000
1666000
1666000
1666000
1485.921
1666000
1666000
1666000
1666000
1666000
1666000
1666000
1666000
1666000
1666000
1666000
1666000
1666000
1666000
1666000
1666000
1666000
1666000
1666000
1666000
1666000
1666000
1666000
1666000
1666000
1666000
1666000
1666000
1540.954
5346000
5346000
1561.111
1558.985
1556.934
1554.897
1552.583
1551.033
1549.474
1545.131
5346000
1560.934
1558.757
1556.664
1554.601
1552.277
1550.73
1549.177
1544.818
1536.441
1560.535
1558.229
1556.043
1553.932
1551.611
1550.097
1548.589
1544.309
1535.98
1523.55
1557.227
1554.903
1552.747
1550.48
1549.042
1547.62
1543.513
1535.373
1522.985
1508.806
1552.793
1550.79
1548.746
1547.481
1546.193
1542.359
1534.551
1522.365
1508.062
1496.551
1547.833
1546.441
1545.469
1544.375
1540.909
1533.541
1521.67
1507.46
1495.785
1487.674
1544.231
1543.546
1542.617
1539.548
1532.651
1521.11
1507.062
1495.598
1487.358
1481.852
1541.929
1541.201
1538.436
1531.967
1520.705
1506.778
1495.568
1487.503
1481.965
1479.168
1540.15
1537.67
1531.477
1520.427
1506.571
1495.528
1487.652
1482.169
1479.32
1666000
1537.203
1531.216
1520.263
1506.469
1495.518
1487.731
1482.333
1479.481
1666000
1666000
1531.137
1520.249
1506.495
1495.588
1487.83
1482.464
1479.67
1666000
1666000
1666000
1520.364
1506.679
1495.752
1487.998
1482.664
1479.902
1666000
1666000
1666000
1666000
1506.997
1496.044
1488.265
1482.99
1480.28
1666000
1666000
1666000
1666000
1666000
1496.495
1488.724
1483.523
1480.886
1666000
1666000
1666000
1666000
1666000
1666000
1489.488
1484.406
1481.864
1666000
1666000
1666000
1666000
1666000
1666000
1666000
1485.706
1483.269
1666000
1666000
1666000
1666000
1666000
1666000
1666000
1666000
1484.741
1666000
1666000
1666000
1666000
1666000
1666000
1666000
1666000
1666000
1666000
1666000
1666000
1666000
1666000
1666000
1666000
1666000
1666000
1666000
1666000
1666000
1666000
1666000
1666000
1666000
1666000
1666000
1666000
1540.823
1666000
1666000
1666000
1666000
1666000
1666000
1666000
1666000
1540.715
1541.011
5346000
1561.126
1559.003
1556.952
1554.912
1552.586
1551.019
1549.438
1545.027
1536.666
1560.942
1558.769
1556.678
1554.612
1552.279
1550.72
1549.155
1544.78
1536.396
1524.001
1558.231
1556.051
1553.937
1551.61
1550.084
1548.565
1544.285
1535.997
1523.593
1509.537
1554.893
1552.748
1550.472
1549.028
1547.591
1543.474
1535.383
1523.109
1508.928
1497.52
1550.761
1548.736
1547.456
1546.163
1542.311
1534.517
1522.456
1508.325
1496.688
1488.753
1546.388
1545.448
1544.331
1540.858
1533.488
1521.684
1507.649
1496.142
1487.868
1482.619
1543.472
1542.584
1539.485
1532.597
1521.092
1507.15
1495.849
1487.728
1482.18
1479.349
1541.109
1538.391
1531.9
1520.68
1506.82
1495.694
1487.76
1482.271
1479.383
1666000
1537.573
1531.432
1520.394
1506.603
1495.606
1487.786
1482.39
1479.532
1666000
1666000
1531.137
1520.249
1506.495
1495.588
1487.83
1482.464
1479.67
1666000
1666000
1666000
1520.221
1506.536
1495.655
1487.925
1482.578
1479.804
1666000
1666000
1666000
1666000
1506.716
1495.833
1488.092
1482.782
1480.035
1666000
1666000
1666000
1666000
1666000
1496.124
1488.374
1483.108
1480.417
1666000
1666000
1666000
1666000
1666000
1666000
1488.826
1483.652
1481.03
1666000
1666000
1666000
1666000
1666000
1666000
1666000
1484.527
1482.008
1666000
1666000
1666000
1666000
1666000
1666000
1666000
1666000
1483.404
1666000
1666000
1666000
1666000
1666000
1666000
1666000
1666000
1666000
1666000
1666000
1666000
1666000
1666000
1666000
1666000
1666000
1666000
1666000
1666000
1666000
1666000
1666000
1666000
1666000
1666000
1666000
1666000
1540.534
1666000
1666000
1666000
1666000
1666000
1666000
1666000
1666000
1540.547
1540.88
1666000
1666000
1666000
1666000
1666000
1666000
1666000
1540.6
1540.772
1541.078
1561.134
1559.015
1556.966
1554.925
1552.591
1551.013
1549.425
1545.009
1536.588
1524.293
1558.773
1556.686
1554.621
1552.282
1550.714
1549.142
1544.771
1536.416
1524.081
1510.086
1556.048
1553.941
1551.608
1550.077
1548.548
1544.262
1536.021
1523.759
1509.684
1498.323
1552.732
1550.468
1549.014
1547.573
1543.443
1535.37
1523.229
1509.222
1497.654
1489.792
1548.702
1547.443
1546.136
1542.278
1534.486
1522.491
1508.547
1497.069
1488.816
1483.865
1545.393
1544.308
1540.814
1533.451
1521.687
1507.76
1496.419
1488.28
1482.76
1480.21
1542.51
1539.45
1532.547
1521.083
1507.212
1496.004
1488.019
1482.554
1479.653
1666000
1538.306
1531.864
1520.657
1506.862
1495.791
1487.921
1482.536
1479.676
1666000
1666000
1531.36
1520.386
1506.632
1495.683
1487.896
1482.538
1479.75
1666000
1666000
1666000
1520.221
1506.536
1495.655
1487.925
1482.578
1479.804
1666000
1666000
1666000
1666000
1506.567
1495.729
1488.016
1482.688
1479.924
1666000
1666000
1666000
1666000
1666000
1495.905
1488.192
1482.891
1480.16
1666000
1666000
1666000
1666000
1666000
1666000
1488.472
1483.231
1480.543
1666000
1666000
1666000
1666000
1666000
1666000
1666000
1483.766
1481.167
1666000
1666000
1666000
1666000
1666000
1666000
1666000
1666000
1482.135
1666000
1666000
1666000
1666000
1666000
1666000
1666000
1666000
1666000
1666000
1666000
1666000
1666000
1666000
1666000
1666000
1666000
1666000
1666000
1666000
1666000
1666000
1666000
1666000
1666000
1666000
1666000
1666000
1540.04
1666000
1666000
1666000
1666000
1666000
1666000
1666000
1666000
1540.175
1540.592
1666000
1666000
1666000
1666000
1666000
1666000
1666000
1540.412
1540.604
1540.948
1666000
1666000
1666000
1666000
1666000
1666000
1540.517
1540.657
1540.839
1541.151
1559.019
1556.975
1554.935
1552.596
1551.011
1549.415
1545.007
1536.627
1524.312
1510.46
1556.686
1554.626
1552.284
1550.711
1549.132
1544.758
1536.45
1524.22
1510.324
1498.908
1553.933
1551.607
1550.07
1548.538
1544.243
1536.02
1523.875
1510.036
1498.51
1490.617
1550.446
1549.006
1547.558
1543.423
1535.352
1523.275
1509.469
1498.075
1489.853
1484.98
1547.406
1546.12
1542.252
1534.466
1522.508
1508.67
1497.377
1489.265
1483.795
1481.588
1544.254
1540.789
1533.421
1521.694
1507.839
1496.596
1488.6
1483.193
1480.302
1666000
1539.383
1532.522
1521.075
1507.268
1496.122
1488.21
1482.86
1480.023
1666000
1666000
1531.804
1520.658
1506.898
1495.878
1488.05
1482.713
1479.942
1666000
1666000
1666000
1520.364
1506.679
1495.753
1487.998
1482.664
1479.902
1666000
1666000
1666000
1666000
1506.567
1495.729
1488.016
1482.688
1479.924
1666000
1666000
1666000
1666000
1666000
1495.795
1488.109
1482.795
1480.042
1666000
1666000
1666000
1666000
1666000
1666000
1488.282
1483.004
1480.276
1666000
1666000
1666000
1666000
1666000
1666000
1666000
1483.339
1480.674
1666000
1666000
1666000
1666000
1666000
1666000
1666000
1666000
1481.285
1666000
1666000
1666000
1666000
1666000
1666000
1666000
1666000
1666000
1666000
1666000
1666000
1666000
1666000
1666000
1666000
1666000
1666000
1666000
1666000
1666000
1666000
1666000
1666000
1666000
1666000
1666000
1666000
1539.297
1666000
1666000
1666000
1666000
1666000
1666000
1666000
1666000
1539.537
1540.097
1666000
1666000
1666000
1666000
1666000
1666000
1666000
1539.997
1540.233
1540.659
1666000
1666000
1666000
1666000
1666000
1666000
1540.318
1540.469
1540.671
1541.021
1666000
1666000
1666000
1666000
1666000
1540.465
1540.574
1540.723
1540.911
1541.231
1556.976
1554.941
1552.599
1551.01
1549.408
1544.998
1536.666
1524.459
1510.648
1499.306
1554.621
1552.284
1550.708
1549.126
1544.745
1536.457
1524.338
1510.62
1499.26
1491.189
1551.593
1550.065
1548.53
1544.233
1536.014
1523.928
1510.261
1499.014
1490.776
1485.816
1548.981
1547.548
1543.41
1535.343
1523.298
1509.594
1498.41
1490.36
1484.915
1482.759
1546.083
1542.236
1534.454
1522.526
1508.755
1497.563
1489.619
1484.286
1481.406
1666000
1540.74
1533.407
1521.704
1507.907
1496.731
1488.814
1483.533
1480.742
1666000
1666000
1532.476
1521.085
1507.319
1496.224
1488.361
1483.07
1480.332
1666000
1666000
1666000
1520.645
1506.954
1495.956
1488.163
1482.86
1480.125
1666000
1666000
1666000
1666000
1506.715
1495.833
1488.092
1482.782
1480.034
1666000
1666000
1666000
1666000
1666000
1495.795
1488.109
1482.795
1480.042
1666000
1666000
1666000
1666000
1666000
1666000
1488.193
1482.901
1480.155
1666000
1666000
1666000
1666000
1666000
1666000
1666000
1483.104
1480.397
1666000
1666000
1666000
1666000
1666000
1666000
1666000
1666000
1480.786
1666000
1666000
1666000
1666000
1666000
1666000
1666000
1666000
1666000
1666000
1666000
1666000
1666000
1666000
1666000
1666000
1666000
1666000
1666000
1666000
1666000
1666000
1666000
1666000
1666000
1666000
1666000
1666000
1538.358
1666000
1666000
1666000
1666000
1666000
1666000
1666000
1666000
1538.574
1539.353
1666000
1666000
1666000
1666000
1666000
1666000
1666000
1539.286
1539.595
1540.165
1666000
1666000
1666000
1666000
1666000
1666000
1539.879
1540.054
1540.3
1540.733
1666000
1666000
1666000
1666000
1666000
1540.259
1540.375
1540.535
1540.744
1541.101
1666000
1666000
1666000
1666000
1540.423
1540.521
1540.64
1540.795
1540.991
1541.315
1554.937
1552.6
1551.008
1549.405
1544.988
1536.676
1524.58
1510.925
1499.675
1491.554
1552.274
1550.705
1549.122
1544.74
1536.456
1524.396
1510.841
1499.692
1491.595
1486.362
1550.048
1548.524
1544.227
1536.016
1523.961
1510.389
1499.318
1491.392
1485.904
1483.596
1547.523
1543.401
1535.344
1523.322
1509.677
1498.596
1490.745
1485.488
1482.584
1666000
1542.203
1534.45
1522.553
1508.829
1497.701
1489.844
1484.664
1481.92
1666000
1666000
1533.377
1521.723
1507.974
1496.843
1488.983
1483.769
1481.089
1666000
1666000
1666000
1521.082
1507.381
1496.317
1488.49
1483.24
1480.55
1666000
1666000
1666000
1666000
1506.997
1496.045
1488.266
1482.99
1480.279
1666000
1666000
1666000
1666000
1666000
1495.905
1488.192
1482.891
1480.16
1666000
1666000
1666000
1666000
1666000
1666000
1488.193
1482.901
1480.155
1666000
1666000
1666000
1666000
1666000
1666000
1666000
1482.994
1480.268
1666000
1666000
1666000
1666000
1666000
1666000
1666000
1666000
1480.501
1666000
1666000
1666000
1666000
1666000
1666000
1666000
1666000
1666000
1666000
1666000
1666000
1666000
1666000
1666000
1666000
1666000
1666000
1666000
1666000
1666000
1666000
1666000
1666000
1666000
1666000
1666000
1666000
1537.473
1666000
1666000
1666000
1666000
1666000
1666000
1666000
1666000
1537.344
1538.413
1666000
1666000
1666000
1666000
1666000
1666000
1666000
1538.212
1538.63
1539.42
1666000
1666000
1666000
1666000
1666000
1666000
1539.127
1539.343
1539.662
1540.238
1666000
1666000
1666000
1666000
1666000
1539.805
1539.936
1540.121
1540.373
1540.813
1666000
1666000
1666000
1666000
1540.213
1540.315
1540.441
1540.607
1540.823
1541.185
1666000
1666000
1666000
1540.39
1540.48
1540.587
1540.712
1540.874
1541.075
1541.405
1552.592
1551.006
1549.402
1544.986
1536.678
1524.64
1511.145
1500.047
1492.095
1486.668
1550.691
1549.118
1544.738
1536.465
1524.434
1510.97
1499.989
1492.14
1486.774
1484.118
1548.506
1544.222
1536.026
1524
1510.481
1499.504
1491.745
1486.609
1483.615
1666000
1543.379
1535.349
1523.361
1509.751
1498.727
1490.971
1485.902
1483.198
1666000
1666000
1534.434
1522.581
1508.908
1497.818
1490.017
1484.913
1482.309
1666000
1666000
1666000
1521.732
1508.041
1496.951
1489.125
1483.959
1481.336
1666000
1666000
1666000
1666000
1507.43
1496.412
1488.609
1483.388
1480.73
1666000
1666000
1666000
1666000
1666000
1496.124
1488.375
1483.108
1480.417
1666000
1666000
1666000
1666000
1666000
1666000
1488.282
1483.005
1480.276
1666000
1666000
1666000
1666000
1666000
1666000
1666000
1482.994
1480.268
1666000
1666000
1666000
1666000
1666000
1666000
1666000
1666000
1480.365
1666000
1666000
1666000
1666000
1666000
1666000
1666000
1666000
1666000
1666000
1666000
1666000
1666000
1666000
1666000
1666000
1666000
1666000
1666000
1666000
1666000
1666000
1666000
1666000
1666000
1666000
1666000
1666000
1536.787
1666000
1666000
1666000
1666000
1666000
1666000
1666000
1666000
1536.154
1537.526
1666000
1666000
1666000
1666000
1666000
1666000
1666000
1536.834
1537.396
1538.476
1666000
1666000
1666000
1666000
1666000
1666000
1537.991
1538.268
1538.696
1539.492
1666000
1666000
1666000
1666000
1666000
1539.028
1539.184
1539.41
1539.734
1540.319
1666000
1666000
1666000
1666000
1539.749
1539.862
1540.003
1540.194
1540.453
1540.898
1666000
1666000
1666000
1540.176
1540.269
1540.382
1540.513
1540.687
1540.908
1541.276
1666000
1666000
1540.358
1540.447
1540.546
1540.659
1540.79
1540.958
1541.165
1541.495
1550.994
1549.399
1544.986
1536.69
1524.679
1511.275
1500.343
1492.532
1487.349
1484.375
1549.103
1544.736
1536.479
1524.479
1511.065
1500.176
1492.485
1487.416
1484.513
1666000
1544.207
1536.035
1524.046
1510.571
1499.646
1491.972
1486.991
1484.375
1666000
1666000
1535.343
1523.398
1509.84
1498.842
1491.136
1486.153
1483.624
1666000
1666000
1666000
1522.6
1508.981
1497.936
1490.163
1485.108
1482.569
1666000
1666000
1666000
1666000
1508.098
1497.051
1489.258
1484.12
1481.536
1666000
1666000
1666000
1666000
1666000
1496.495
1488.724
1483.523
1480.886
1666000
1666000
1666000
1666000
1666000
1666000
1488.472
1483.232
1480.543
1666000
1666000
1666000
1666000
1666000
1666000
1666000
1483.104
1480.397
1666000
1666000
1666000
1666000
1666000
1666000
1666000
1666000
1480.365
1666000
1666000
1666000
1666000
1666000
1666000
1666000
1666000
1666000
1666000
1666000
1666000
1666000
1666000
1666000
1666000
1666000
1666000
1666000
1666000
1666000
1666000
1666000
1666000
1666000
1666000
1666000
1666000
1536.335
1666000
1666000
1666000
1666000
1666000
1666000
1666000
1666000
1535.204
1536.838
1666000
1666000
1666000
1666000
1666000
1666000
1666000
1535.487
1536.204
1537.587
1666000
1666000
1666000
1666000
1666000
1666000
1536.531
1536.887
1537.458
1538.545
1666000
1666000
1666000
1666000
1666000
1537.855
1538.047
1538.333
1538.767
1539.571
1666000
1666000
1666000
1666000
1538.954
1539.085
1539.251
1539.482
1539.814
1540.404
1666000
1666000
1666000
1539.705
1539.805
1539.929
1540.075
1540.273
1540.538
1540.989
1666000
1666000
1540.142
1540.233
1540.335
1540.453
1540.592
1540.771
1540.998
1541.366
1666000
1540.33
1540.415
1540.512
1540.617
1540.737
1540.874
1541.047
1541.255
1541.586
1549.387
1544.985
1536.706
1524.728
1511.371
1500.531
1492.875
1487.838
1485.131
1666000
1544.725
1536.49
1524.529
1511.161
1500.32
1492.712
1487.791
1485.221
1666000
1666000
1536.033
1524.086
1510.666
1499.777
1492.148
1487.243
1484.771
1666000
1666000
1666000
1523.427
1509.922
1498.969
1491.28
1486.341
1483.887
1666000
1666000
1666000
1666000
1509.045
1498.042
1490.307
1485.274
1482.775
1666000
1666000
1666000
1666000
1666000
1497.141
1489.379
1484.27
1481.706
1666000
1666000
1666000
1666000
1666000
1666000
1488.826
1483.653
1481.03
1666000
1666000
1666000
1666000
1666000
1666000
1666000
1483.339
1480.674
1666000
1666000
1666000
1666000
1666000
1666000
1666000
1666000
1480.501
1666000
1666000
1666000
1666000
1666000
1666000
1666000
1666000
1666000
1666000
1666000
1666000
1666000
1666000
1666000
1666000
1666000
1666000
1666000
1666000
1666000
1666000
1666000
1666000
1666000
1666000
1666000
1666000
1536.114
1666000
1666000
1666000
1666000
1666000
1666000
1666000
1666000
1534.564
1536.386
1666000
1666000
1666000
1666000
1666000
1666000
1666000
1534.399
1535.252
1536.898
1666000
1666000
1666000
1666000
1666000
1666000
1535.095
1535.537
1536.261
1537.653
1666000
1666000
1666000
1666000
1666000
1536.345
1536.583
1536.948
1537.524
1538.62
1666000
1666000
1666000
1666000
1537.754
1537.911
1538.112
1538.404
1538.845
1539.655
1666000
1666000
1666000
1538.899
1539.011
1539.152
1539.323
1539.562
1539.899
1540.495
1666000
1666000
1539.664
1539.762
1539.872
1540.001
1540.155
1540.358
1540.628
1541.08
1666000
1540.111
1540.198
1540.298
1540.407
1540.532
1540.676
1540.861
1541.088
1541.457
1540.292
1540.386
1540.48
1540.583
1540.694
1540.82
1540.963
1541.137
1541.345
1541.677
1544.975
1536.719
1524.779
1511.47
1500.675
1493.103
1488.212
1485.66
1666000
1666000
1536.492
1524.571
1511.258
1500.458
1492.891
1488.045
1485.61
1666000
1666000
1666000
1524.116
1510.748
1499.91
1492.308
1487.443
1485.037
1666000
1666000
1666000
1666000
1509.993
1499.084
1491.432
1486.503
1484.087
1666000
1666000
1666000
1666000
1666000
1498.138
1490.435
1485.434
1482.951
1666000
1666000
1666000
1666000
1666000
1666000
1489.488
1484.406
1481.864
1666000
1666000
1666000
1666000
1666000
1666000
1666000
1483.766
1481.167
1666000
1666000
1666000
1666000
1666000
1666000
1666000
1666000
1480.786
1666000
1666000
1666000
1666000
1666000
1666000
1666000
1666000
1666000
1666000
1666000
1666000
1666000
1666000
1666000
1666000
1666000
1666000
1666000
1666000
1666000
1666000
1666000
1666000
1666000
1666000
1666000
1666000
1536.114
1666000
1666000
1666000
1666000
1666000
1666000
1666000
1666000
1534.247
1536.165
1666000
1666000
1666000
1666000
1666000
1666000
1666000
1533.658
1534.611
1536.445
1666000
1666000
1666000
1666000
1666000
1666000
1533.927
1534.446
1535.307
1536.962
1666000
1666000
1666000
1666000
1666000
1534.857
1535.145
1535.594
1536.323
1537.725
1666000
1666000
1666000
1666000
1536.209
1536.398
1536.644
1537.013
1537.596
1538.699
1666000
1666000
1666000
1537.681
1537.809
1537.976
1538.182
1538.481
1538.928
1539.743
1666000
1666000
1538.848
1538.956
1539.077
1539.224
1539.402
1539.646
1539.99
1540.586
1666000
1539.63
1539.721
1539.828
1539.944
1540.08
1540.239
1540.448
1540.719
1541.171
1540.07
1540.167
1540.264
1540.37
1540.485
1540.615
1540.766
1540.951
1541.179
1541.548
1540.348
1540.451
1540.551
1540.661
1540.778
1540.909
1541.053
1541.228
1541.436
1542.581
1536.722
1524.822
1511.568
1500.815
1493.283
1488.467
1486.049
1666000
1666000
1666000
1524.602
1511.342
1500.592
1493.058
1488.248
1485.877
1666000
1666000
1666000
1666000
1510.817
1500.025
1492.467
1487.623
1485.248
1666000
1666000
1666000
1666000
1666000
1499.188
1491.57
1486.672
1484.259
1666000
1666000
1666000
1666000
1666000
1666000
1490.55
1485.577
1483.119
1666000
1666000
1666000
1666000
1666000
1666000
1666000
1484.527
1482.008
1666000
1666000
1666000
1666000
1666000
1666000
1666000
1666000
1481.285
1666000
1666000
1666000
1666000
1666000
1666000
1666000
1666000
1666000
1666000
1666000
1666000
1666000
1666000
1666000
1666000
1666000
1666000
1666000
1666000
1666000
1666000
1666000
1666000
1666000
1666000
1666000
1666000
1536.335
1666000
1666000
1666000
1666000
1666000
1666000
1666000
1666000
1534.247
1536.165
1666000
1666000
1666000
1666000
1666000
1666000
1666000
1533.287
1534.293
1536.224
1666000
1666000
1666000
1666000
1666000
1666000
1533.127
1533.704
1534.665
1536.508
1666000
1666000
1666000
1666000
1666000
1533.64
1533.974
1534.5
1535.366
1537.032
1666000
1666000
1666000
1666000
1534.682
1534.906
1535.201
1535.655
1536.391
1537.8
1666000
1666000
1666000
1536.114
1536.261
1536.458
1536.709
1537.085
1537.672
1538.782
1666000
1666000
1537.614
1537.737
1537.874
1538.046
1538.26
1538.564
1539.016
1539.833
1666000
1538.807
1538.904
1539.022
1539.149
1539.302
1539.487
1539.737
1540.081
1540.677
1539.583
1539.687
1539.787
1539.9
1540.022
1540.164
1540.329
1540.539
1540.811
1541.263
1540.127
1540.233
1540.335
1540.447
1540.568
1540.705
1540.856
1541.042
1541.27
1542.456
1540.413
1540.522
1540.628
1540.744
1540.867
1540.999
1541.143
1541.318
1542.343
1544.346
1524.854
1511.652
1500.951
1493.452
1488.67
1486.317
1666000
1666000
1666000
1666000
1511.411
1500.708
1493.219
1488.434
1486.09
1666000
1666000
1666000
1666000
1666000
1500.125
1492.604
1487.799
1485.437
1666000
1666000
1666000
1666000
1666000
1666000
1491.695
1486.825
1484.436
1666000
1666000
1666000
1666000
1666000
1666000
1666000
1485.705
1483.27
1666000
1666000
1666000
1666000
1666000
1666000
1666000
1666000
1482.135
1666000
1666000
1666000
1666000
1666000
1666000
1666000
1666000
1666000
1666000
1666000
1666000
1666000
1666000
1666000
1666000
1666000
1666000
1666000
1666000
1666000
1666000
1666000
1666000
1666000
1666000
1666000
1666000
1536.787
1666000
1666000
1666000
1666000
1666000
1666000
1666000
1666000
1534.564
1536.386
1666000
1666000
1666000
1666000
1666000
1666000
1666000
1533.287
1534.293
1536.224
1666000
1666000
1666000
1666000
1666000
1666000
1532.725
1533.333
1534.346
1536.287
1666000
1666000
1666000
1666000
1666000
1532.805
1533.173
1533.757
1534.723
1536.577
1666000
1666000
1666000
1666000
1533.432
1533.687
1534.028
1534.558
1535.43
1537.105
1666000
1666000
1666000
1534.563
1534.732
1534.963
1535.262
1535.721
1536.461
1537.878
1666000
1666000
1536.026
1536.167
1536.322
1536.523
1536.78
1537.16
1537.753
1538.865
1666000
1537.565
1537.67
1537.802
1537.944
1538.123
1538.342
1538.652
1539.104
1539.922
1538.75
1538.864
1538.97
1539.093
1539.227
1539.387
1539.577
1539.828
1540.172
1540.769
1539.64
1539.753
1539.859
1539.978
1540.106
1540.254
1540.42
1540.631
1540.903
1542.176
1540.192
1540.304
1540.412
1540.531
1540.658
1540.795
1540.947
1541.133
1542.182
1544.233
1540.484
1540.599
1540.711
1540.832
1540.956
1541.089
1541.234
1542.226
1544.122
1546.145
1511.721
1501.067
1493.613
1488.859
1486.531
1666000
1666000
1666000
1666000
1666000
1500.807
1493.357
1488.612
1486.286
1666000
1666000
1666000
1666000
1666000
1666000
1492.725
1487.951
1485.622
1666000
1666000
1666000
1666000
1666000
1666000
1666000
1486.963
1484.597
1666000
1666000
1666000
1666000
1666000
1666000
1666000
1666000
1483.404
1666000
1666000
1666000
1666000
1666000
1666000
1666000
1666000
1666000
1666000
1666000
1666000
1666000
1666000
1666000
1666000
1666000
1666000
1666000
1666000
1666000
1666000
1666000
1666000
1666000
1666000
1666000
1666000
1537.473
1666000
1666000
1666000
1666000
1666000
1666000
1666000
1666000
1535.204
1536.838
1666000
1666000
1666000
1666000
1666000
1666000
1666000
1533.658
1534.611
1536.445
1666000
1666000
1666000
1666000
1666000
1666000
1532.725
1533.333
1534.346
1536.287
1666000
1666000
1666000
1666000
1666000
1532.384
1532.77
1533.385
1534.403
1536.355
1666000
1666000
1666000
1666000
1532.57
1532.851
1533.225
1533.813
1534.785
1536.649
1666000
1666000
1666000
1533.291
1533.478
1533.741
1534.085
1534.62
1535.497
1537.181
1666000
1666000
1534.453
1534.612
1534.788
1535.023
1535.327
1535.79
1536.535
1537.957
1666000
1535.966
1536.079
1536.227
1536.386
1536.594
1536.855
1537.24
1537.833
1538.948
1537.491
1537.621
1537.735
1537.872
1538.021
1538.205
1538.429
1538.74
1539.193
1540.012
1538.806
1538.93
1539.042
1539.172
1539.311
1539.477
1539.668
1539.92
1540.265
1541.684
1539.706
1539.824
1539.937
1540.062
1540.196
1540.345
1540.512
1540.723
1541.822
1543.976
1540.263
1540.381
1540.495
1540.62
1540.748
1540.886
1541.038
1542.046
1543.977
1546.051
1540.561
1540.682
1540.8
1540.922
1541.046
1541.179
1542.141
1544.012
1545.942
1547.974
1501.166
1493.752
1489.037
1486.73
1666000
1666000
1666000
1666000
1666000
1666000
1493.477
1488.765
1486.472
1666000
1666000
1666000
1666000
1666000
1666000
1666000
1488.085
1485.781
1666000
1666000
1666000
1666000
1666000
1666000
1666000
1666000
1484.741
1666000
1666000
1666000
1666000
1666000
1666000
1666000
1666000
1666000
1666000
1666000
1666000
1666000
1666000
1666000
1666000
1666000
1666000
1666000
1666000
1666000
1666000
1666000
1666000
1666000
1666000
1666000
1666000
1538.358
1666000
1666000
1666000
1666000
1666000
1666000
1666000
1666000
1536.154
1537.526
1666000
1666000
1666000
1666000
1666000
1666000
1666000
1534.399
1535.252
1536.898
1666000
1666000
1666000
1666000
1666000
1666000
1533.127
1533.704
1534.665
1536.508
1666000
1666000
1666000
1666000
1666000
1532.384
1532.77
1533.385
1534.403
1536.355
1666000
1666000
1666000
1666000
1532.135
1532.429
1532.821
1533.44
1534.464
1536.426
1666000
1666000
1666000
1532.413
1532.616
1532.902
1533.28
1533.873
1534.85
1536.724
1666000
1666000
1533.16
1533.337
1533.532
1533.798
1534.146
1534.686
1535.568
1537.257
1666000
1534.38
1534.502
1534.669
1534.848
1535.087
1535.395
1535.863
1536.61
1538.035
1535.871
1536.018
1536.139
1536.291
1536.457
1536.668
1536.935
1537.32
1537.914
1539.031
1537.547
1537.685
1537.804
1537.948
1538.103
1538.292
1538.518
1538.829
1539.283
1540.905
1538.872
1539.001
1539.12
1539.256
1539.402
1539.568
1539.76
1540.013
1541.187
1543.502
1539.777
1539.902
1540.02
1540.152
1540.287
1540.436
1540.604
1541.645
1543.647
1545.833
1540.34
1540.464
1540.585
1540.71
1540.838
1540.977
1541.951
1543.85
1545.821
1547.905
1540.643
1540.77
1540.889
1541.012
1541.136
1542.086
1543.93
1545.842
1547.796
1549.826
1493.872
1489.191
1486.916
1666000
1666000
1666000
1666000
1666000
1666000
1666000
1488.898
1486.633
1666000
1666000
1666000
1666000
1666000
1666000
1666000
1666000
1485.921
1666000
1666000
1666000
1666000
1666000
1666000
1666000
1666000
1666000
1666000
1666000
1666000
1666000
1666000
1666000
1666000
1666000
1666000
1666000
1666000
1666000
1666000
1666000
1666000
1666000
1666000
1666000
1666000
1539.297
1666000
1666000
1666000
1666000
1666000
1666000
1666000
1666000
1537.344
1538.413
1666000
1666000
1666000
1666000
1666000
1666000
1666000
1535.487
1536.204
1537.587
1666000
1666000
1666000
1666000
1666000
1666000
1533.927
1534.446
1535.307
1536.962
1666000
1666000
1666000
1666000
1666000
1532.805
1533.173
1533.757
1534.723
1536.577
1666000
1666000
1666000
1666000
1532.135
1532.429
1532.821
1533.44
1534.464
1536.426
1666000
1666000
1666000
1531.969
1532.18
1532.48
1532.876
1533.499
1534.529
1536.501
1666000
1666000
1532.267
1532.458
1532.667
1532.957
1533.339
1533.936
1534.919
1536.799
1666000
1533.076
1533.206
1533.39
1533.588
1533.858
1534.211
1534.755
1535.638
1537.333
1534.263
1534.429
1534.558
1534.728
1534.912
1535.155
1535.468
1535.936
1536.683
1538.113
1535.923
1536.078
1536.203
1536.361
1536.531
1536.748
1537.014
1537.4
1537.994
1539.85
1537.611
1537.755
1537.88
1538.03
1538.19
1538.381
1538.607
1538.919
1540.177
1542.678
1538.943
1539.079
1539.204
1539.346
1539.493
1539.66
1539.853
1540.939
1543.038
1545.407
1539.855
1539.986
1540.11
1540.243
1540.378
1540.528
1541.527
1543.483
1545.542
1547.744
1540.423
1540.553
1540.674
1540.8
1540.929
1541.889
1543.759
1545.708
1547.708
1549.789
1540.732
1540.86
1540.979
1541.102
1542.043
1543.877
1545.765
1547.709
1549.678
5346000
1489.324
1487.077
1666000
1666000
1666000
1666000
1666000
1666000
1666000
1666000
1486.772
1666000
1666000
1666000
1666000
1666000
1666000
1666000
1666000
1666000
1666000
1666000
1666000
1666000
1666000
1666000
1666000
1666000
1666000
1666000
1666000
1666000
1666000
1666000
1666000
1666000
1666000
1666000
1666000
1540.04
1666000
1666000
1666000
1666000
1666000
1666000
1666000
1666000
1538.574
1539.353
1666000
1666000
1666000
1666000
1666000
1666000
1666000
1536.834
1537.396
1538.476
1666000
1666000
1666000
1666000
1666000
1666000
1535.095
1535.537
1536.261
1537.653
1666000
1666000
1666000
1666000
1666000
1533.64
1533.974
1534.5
1535.366
1537.032
1666000
1666000
1666000
1666000
1532.57
1532.851
1533.225
1533.813
1534.785
1536.649
1666000
1666000
1666000
1531.969
1532.18
1532.48
1532.876
1533.499
1534.529
1536.501
1666000
1666000
1531.815
1532.014
1532.231
1532.534
1532.933
1533.561
1534.596
1536.576
1666000
1532.175
1532.312
1532.509
1532.721
1533.015
1533.401
1534.003
1534.987
1536.874
1532.938
1533.123
1533.259
1533.447
1533.648
1533.922
1534.279
1534.823
1535.708
1537.409
1534.312
1534.485
1534.617
1534.792
1534.98
1535.228
1535.541
1536.009
1536.757
1538.883
1535.983
1536.142
1536.272
1536.435
1536.61
1536.827
1537.094
1537.48
1538.794
1541.405
1537.681
1537.831
1537.962
1538.117
1538.279
1538.47
1538.697
1539.817
1541.974
1544.561
1539.021
1539.163
1539.294
1539.437
1539.584
1539.753
1540.781
1542.808
1544.996
1547.413
1539.938
1540.075
1540.201
1540.334
1540.47
1541.451
1543.372
1545.398
1547.503
1549.704
1540.512
1540.643
1540.765
1540.891
1541.841
1543.7
1545.624
1547.612
1549.63
5346000
1540.821
1540.949
1541.069
1542.008
1543.834
1545.715
1547.639
1549.606
5346000
5346000
1487.217
1666000
1666000
1666000
1666000
1666000
1666000
1666000
1666000
1666000
1666000
1666000
1666000
1666000
1666000
1666000
1666000
1666000
1666000
1666000
1666000
1666000
1666000
1666000
1666000
1666000
1666000
1666000
1666000
1540.534
1666000
1666000
1666000
1666000
1666000
1666000
1666000
1666000
1539.537
1540.097
1666000
1666000
1666000
1666000
1666000
1666000
1666000
1538.212
1538.63
1539.42
1666000
1666000
1666000
1666000
1666000
1666000
1536.531
1536.887
1537.458
1538.545
1666000
1666000
1666000
1666000
1666000
1534.857
1535.145
1535.594
1536.323
1537.725
1666000
1666000
1666000
1666000
1533.432
1533.687
1534.028
1534.558
1535.43
1537.105
1666000
1666000
1666000
1532.413
1532.616
1532.902
1533.28
1533.873
1534.85
1536.724
1666000
1666000
1531.815
1532.014
1532.231
1532.534
1532.933
1533.561
1534.596
1536.576
1666000
1531.719
1531.859
1532.064
1532.284
1532.591
1532.995
1533.627
1534.664
1536.65
1532.021
1532.22
1532.363
1532.563
1532.779
1533.077
1533.467
1534.069
1535.055
1536.948
1532.985
1533.176
1533.315
1533.506
1533.712
1533.99
1534.347
1534.892
1535.777
1538.154
1534.367
1534.544
1534.681
1534.86
1535.052
1535.3
1535.613
1536.081
1537.483
1540.311
1536.047
1536.211
1536.346
1536.514
1536.69
1536.907
1537.174
1538.277
1540.313
1542.933
1537.756
1537.912
1538.049
1538.205
1538.368
1538.56
1539.597
1541.633
1543.91
1546.624
1539.105
1539.253
1539.385
1539.529
1539.677
1540.682
1542.66
1544.795
1547.08
1549.531
1540.028
1540.166
1540.292
1540.426
1541.393
1543.3
1545.297
1547.385
1549.522
5346000
1540.602
1540.733
1540.855
1541.803
1543.654
1545.568
1547.537
1549.553
5346000
5346000
1540.911
1541.039
1541.974
1543.8
1545.674
1547.592
1549.544
5346000
5346000
5346000
1666000
1666000
1666000
1666000
1666000
1666000
1666000
1666000
1666000
1666000
1666000
1666000
1666000
1666000
1666000
1666000
1666000
1666000
1666000
1540.823
1666000
1666000
1666000
1666000
1666000
1666000
1666000
1666000
1540.175
1540.592
1666000
1666000
1666000
1666000
1666000
1666000
1666000
1539.286
1539.595
1540.165
1666000
1666000
1666000
1666000
1666000
1666000
1537.991
1538.268
1538.696
1539.492
1666000
1666000
1666000
1666000
1666000
1536.345
1536.583
1536.948
1537.524
1538.62
1666000
1666000
1666000
1666000
1534.682
1534.906
1535.201
1535.655
1536.391
1537.8
1666000
1666000
1666000
1533.291
1533.478
1533.741
1534.085
1534.62
1535.497
1537.181
1666000
1666000
1532.267
1532.458
1532.667
1532.957
1533.339
1533.936
1534.919
1536.799
1666000
1531.719
1531.859
1532.064
1532.284
1532.591
1532.995
1533.627
1534.664
1536.65
1531.557
1531.763
1531.91
1532.117
1532.341
1532.651
1533.06
1533.692
1534.731
1536.724
1532.066
1532.271
1532.417
1532.621
1532.84
1533.142
1533.533
1534.135
1535.122
1537.683
1533.037
1533.231
1533.375
1533.57
1533.779
1534.058
1534.414
1534.959
1536.463
1539.531
1534.426
1534.607
1534.748
1534.932
1535.124
1535.372
1535.684
1536.798
1538.818
1541.681
1536.116
1536.285
1536.425
1536.594
1536.769
1536.987
1537.97
1539.798
1541.806
1544.389
1537.838
1537.999
1538.138
1538.294
1538.457
1539.46
1541.424
1543.602
1546.076
1549.017
1539.195
1539.344
1539.476
1539.621
1540.606
1542.566
1544.663
1546.919
1549.302
5346000
1540.118
1540.257
1540.384
1541.349
1543.245
1545.231
1547.297
1549.434
5346000
5346000
1540.692
1540.824
1541.767
1543.616
1545.524
1547.486
1549.488
5346000
5346000
5346000
1541.001
1541.944
1543.767
1545.64
1547.554
1549.502
5346000
5346000
5346000
5346000
1666000
1666000
1666000
1666000
1666000
1666000
1666000
1666000
1666000
1540.954
1666000
1666000
1666000
1666000
1666000
1666000
1666000
1666000
1540.547
1540.88
1666000
1666000
1666000
1666000
1666000
1666000
1666000
1539.997
1540.233
1540.659
1666000
1666000
1666000
1666000
1666000
1666000
1539.127
1539.343
1539.662
1540.238
1666000
1666000
1666000
1666000
1666000
1537.855
1538.047
1538.333
1538.767
1539.571
1666000
1666000
1666000
1666000
1536.209
1536.398
1536.644
1537.013
1537.596
1538.699
1666000
1666000
1666000
1534.563
1534.732
1534.963
1535.262
1535.721
1536.461
1537.878
1666000
1666000
1533.16
1533.337
1533.532
1533.798
1534.146
1534.686
1535.568
1537.257
1666000
1532.175
1532.312
1532.509
1532.721
1533.015
1533.401
1534.003
1534.987
1536.874
1531.557
1531.763
1531.91
1532.117
1532.341
1532.651
1533.06
1533.692
1534.731
1536.724
1531.601
1531.813
1531.962
1532.174
1532.401
1532.716
1533.124
1533.757
1534.797
1537.455
1532.117
1532.325
1532.474
1532.682
1532.905
1533.207
1533.597
1534.2
1535.788
1539.044
1533.093
1533.29
1533.438
1533.637
1533.847
1534.125
1534.481
1535.63
1537.709
1540.855
1534.489
1534.675
1534.82
1535.003
1535.195
1535.443
1536.397
1538.115
1540.075
1542.969
1536.19
1536.364
1536.505
1536.673
1536.849
1537.782
1539.494
1541.295
1543.226
1545.686
1537.925
1538.088
1538.226
1538.384
1539.359
1541.293
1543.411
1545.821
1548.654
5346000
1539.285
1539.435
1539.569
1540.55
1542.495
1544.578
1546.808
1549.192
5346000
5346000
1540.209
1540.349
1541.307
1543.201
1545.18
1547.239
1549.363
5346000
5346000
5346000
1540.782
1541.735
1543.581
1545.488
1547.445
1549.444
5346000
5346000
5346000
5346000
1541.905
1543.737
1545.608
1547.522
1549.467
5346000
5346000
5346000
5346000
5346000
1666000
1666000
1666000
1666000
1666000
1666000
1666000
1666000
1540.715
1541.011
1666000
1666000
1666000
1666000
1666000
1666000
1666000
1540.412
1540.604
1540.948
1666000
1666000
1666000
1666000
1666000
1666000
1539.879
1540.054
1540.3
1540.733
1666000
1666000
1666000
1666000
1666000
1539.028
1539.184
1539.41
1539.734
1540.319
1666000
1666000
1666000
1666000
1537.754
1537.911
1538.112
1538.404
1538.845
1539.655
1666000
1666000
1666000
1536.114
1536.261
1536.458
1536.709
1537.085
1537.672
1538.782
1666000
1666000
1534.453
1534.612
1534.788
1535.023
1535.327
1535.79
1536.535
1537.957
1666000
1533.076
1533.206
1533.39
1533.588
1533.858
1534.211
1534.755
1535.638
1537.333
1532.021
1532.22
1532.363
1532.563
1532.779
1533.077
1533.467
1534.069
1535.055
1536.948
1531.601
1531.813
1531.962
1532.174
1532.401
1532.716
1533.124
1533.757
1534.797
1537.455
1531.651
1531.866
1532.018
1532.233
1532.465
1532.779
1533.188
1533.821
1535.455
1538.812
1532.171
1532.381
1532.534
1532.746
1532.97
1533.271
1533.661
1534.848
1536.996
1540.36
1533.152
1533.353
1533.505
1533.704
1533.913
1534.191
1535.145
1536.843
1538.873
1542.116
1534.556
1534.746
1534.891
1535.074
1535.266
1536.154
1537.707
1539.349
1541.224
1544.148
1536.268
1536.443
1536.584
1536.752
1537.643
1539.307
1540.995
1542.723
1544.475
1548.903
1538.013
1538.176
1538.316
1539.285
1541.196
1543.291
1545.659
1548.487
5346000
5346000
1539.377
1539.528
1540.498
1542.441
1544.512
1546.735
1549.108
5346000
5346000
5346000
1540.301
1541.271
1543.161
1545.138
1547.193
1549.313
5346000
5346000
5346000
5346000
1541.694
1543.549
1545.454
1547.411
1549.407
5346000
5346000
5346000
5346000
5346000
1543.698
1545.578
1547.491
1549.436
5346000
5346000
5346000
5346000
5346000
5346000
1666000
1666000
1666000
1666000
1666000
1666000
1666000
1540.6
1540.772
1541.078
1666000
1666000
1666000
1666000
1666000
1666000
1540.318
1540.469
1540.671
1541.021
1666000
1666000
1666000
1666000
1666000
1539.805
1539.936
1540.121
1540.373
1540.813
1666000
1666000
1666000
1666000
1538.954
1539.085
1539.251
1539.482
1539.814
1540.404
1666000
1666000
1666000
1537.681
1537.809
1537.976
1538.182
1538.481
1538.928
1539.743
1666000
1666000
1536.026
1536.167
1536.322
1536.523
1536.78
1537.16
1537.753
1538.865
1666000
1534.38
1534.502
1534.669
1534.848
1535.087
1535.395
1535.863
1536.61
1538.035
1532.938
1533.123
1533.259
1533.447
1533.648
1533.922
1534.279
1534.823
1535.708
1537.409
1532.066
1532.271
1532.417
1532.621
1532.84
1533.142
1533.533
1534.135
1535.122
1537.683
1531.651
1531.866
1532.018
1532.233
1532.465
1532.779
1533.188
1533.821
1535.455
1538.812
1531.704
1531.922
1532.077
1532.297
1532.528
1532.842
1533.251
1534.459
1536.651
1540.128
1532.227
1532.442
1532.598
1532.81
1533.033
1533.335
1534.3
1536.015
1538.129
1541.627
1533.214
1533.42
1533.571
1533.77
1533.979
1534.851
1536.343
1537.965
1539.94
1543.308
1534.628
1534.818
1534.962
1535.145
1535.975
1537.459
1538.932
1540.469
1542.223
1547.712
1536.347
1536.522
1536.663
1537.546
1539.168
1540.811
1542.43
1543.984
1547.457
1550.456
1538.102
1538.266
1539.217
1541.125
1543.2
1545.556
1548.371
5346000
5346000
5346000
1539.469
1540.457
1542.391
1544.462
1546.678
1549.05
5346000
5346000
5346000
5346000
1541.224
1543.126
1545.1
1547.155
1549.273
5346000
5346000
5346000
5346000
5346000
1543.508
1545.423
1547.379
1549.376
5346000
5346000
5346000
5346000
5346000
5346000
1545.541
1547.462
1549.407
5346000
5346000
5346000
5346000
5346000
5346000
5346000
1666000
1666000
1666000
1666000
1666000
1666000
1540.517
1540.657
1540.839
1541.151
1666000
1666000
1666000
1666000
1666000
1540.259
1540.375
1540.535
1540.744
1541.101
1666000
1666000
1666000
1666000
1539.749
1539.862
1540.003
1540.194
1540.453
1540.898
1666000
1666000
1666000
1538.899
1539.011
1539.152
1539.323
1539.562
1539.899
1540.495
1666000
1666000
1537.614
1537.737
1537.874
1538.046
1538.26
1538.564
1539.016
1539.833
1666000
1535.966
1536.079
1536.227
1536.387
1536.594
1536.855
1537.24
1537.833
1538.948
1534.263
1534.429
1534.558
1534.728
1534.912
1535.155
1535.468
1535.936
1536.683
1538.113
1532.985
1533.176
1533.315
1533.506
1533.712
1533.99
1534.347
1534.892
1535.777
1538.154
1532.117
1532.325
1532.474
1532.682
1532.905
1533.207
1533.597
1534.2
1535.788
1539.044
1531.704
1531.922
1532.077
1532.297
1532.528
1532.842
1533.251
1534.459
1536.651
1540.128
1531.759
1531.981
1532.141
1532.36
1532.59
1532.905
1533.879
1535.609
1537.774
1541.402
1532.287
1532.506
1532.662
1532.874
1533.096
1533.969
1535.447
1537.095
1539.178
1542.845
1533.281
1533.487
1533.637
1533.836
1534.636
1536.04
1537.446
1538.981
1540.898
1547.142
1534.699
1534.889
1535.033
1535.852
1537.276
1538.679
1540.04
1541.431
1545.013
1550.213
1536.426
1536.601
1537.456
1539.072
1540.674
1542.249
1543.698
1546.998
1549.306
1550.989
1538.192
1539.167
1541.059
1543.133
1545.477
1548.295
5346000
5346000
5346000
5346000
1540.399
1542.351
1544.415
1546.633
1549.004
5346000
5346000
5346000
5346000
5346000
1543.08
1545.066
1547.119
1549.24
5346000
5346000
5346000
5346000
5346000
5346000
1545.384
1547.349
1549.346
5346000
5346000
5346000
5346000
5346000
5346000
5346000
1547.426
1549.379
5346000
5346000
5346000
5346000
5346000
5346000
5346000
5346000
1666000
1666000
1666000
1666000
1666000
1540.465
1540.574
1540.723
1540.911
1541.231
1666000
1666000
1666000
1666000
1540.213
1540.315
1540.441
1540.607
1540.823
1541.185
1666000
1666000
1666000
1539.705
1539.805
1539.929
1540.075
1540.273
1540.538
1540.989
1666000
1666000
1538.848
1538.956
1539.077
1539.224
1539.402
1539.646
1539.99
1540.586
1666000
1537.565
1537.67
1537.802
1537.944
1538.123
1538.342
1538.652
1539.104
1539.922
1535.871
1536.018
1536.139
1536.291
1536.457
1536.668
1536.935
1537.32
1537.914
1539.031
1534.312
1534.485
1534.617
1534.792
1534.98
1535.228
1535.541
1536.009
1536.757
1538.883
1533.037
1533.231
1533.375
1533.57
1533.779
1534.058
1534.414
1534.959
1536.463
1539.531
1532.171
1532.381
1532.534
1532.746
1532.97
1533.271
1533.661
1534.848
1536.996
1540.36
1531.759
1531.981
1532.141
1532.36
1532.59
1532.905
1533.879
1535.609
1537.774
1541.402
1531.818
1532.044
1532.203
1532.422
1532.652
1533.527
1535.006
1536.676
1538.822
1542.637
1532.351
1532.57
1532.725
1532.937
1533.726
1535.104
1536.5
1538.079
1540.14
1546.854
1533.347
1533.552
1533.702
1534.49
1535.818
1537.132
1538.437
1539.875
1543.78
1550.074
1534.77
1534.959
1535.738
1537.152
1538.492
1539.78
1540.987
1544.055
1548.018
1551.23
1536.505
1537.394
1538.981
1540.578
1542.114
1543.522
1546.741
1548.869
1550.157
1551.216
1539.093
1541.01
1543.071
1545.417
1548.234
5346000
5346000
5346000
5346000
5346000
1542.295
1544.376
1546.591
1548.966
5346000
5346000
5346000
5346000
5346000
5346000
1545.022
1547.087
1549.207
5346000
5346000
5346000
5346000
5346000
5346000
5346000
1547.312
1549.317
5346000
5346000
5346000
5346000
5346000
5346000
5346000
5346000
1549.345
5346000
5346000
5346000
5346000
5346000
5346000
5346000
5346000
5346000
1666000
1666000
1666000
1666000
1540.423
1540.521
1540.64
1540.795
1540.991
1541.315
1666000
1666000
1666000
1540.176
1540.269
1540.382
1540.513
1540.687
1540.908
1541.276
1666000
1666000
1539.664
1539.762
1539.872
1540.001
1540.155
1540.358
1540.628
1541.08
1666000
1538.807
1538.904
1539.022
1539.149
1539.302
1539.487
1539.737
1540.081
1540.677
1537.491
1537.621
1537.735
1537.872
1538.021
1538.205
1538.429
1538.74
1539.193
1540.012
1535.923
1536.078
1536.203
1536.361
1536.531
1536.748
1537.014
1537.4
1537.994
1539.85
1534.367
1534.544
1534.681
1534.86
1535.052
1535.3
1535.613
1536.081
1537.483
1540.311
1533.093
1533.29
1533.438
1533.637
1533.847
1534.125
1534.481
1535.63
1537.709
1540.855
1532.227
1532.442
1532.598
1532.81
1533.033
1533.335
1534.3
1536.015
1538.129
1541.627
1531.818
1532.044
1532.203
1532.422
1532.652
1533.527
1535.006
1536.676
1538.822
1542.637
1531.881
1532.106
1532.265
1532.483
1533.27
1534.641
1536.043
1537.653
1539.792
1546.731
1532.414
1532.632
1532.788
1533.563
1534.852
1536.141
1537.452
1538.964
1543.142
1550.007
1533.413
1533.618
1534.355
1535.669
1536.901
1538.108
1539.299
1542.497
1547.342
1551.351
1534.84
1535.664
1537.035
1538.365
1539.588
1540.718
1543.547
1547.03
1549.742
1551.629
1537.298
1538.919
1540.488
1542.019
1543.389
1546.581
1548.605
1549.77
1550.599
1551.341
1540.938
1543.024
1545.362
1548.187
5346000
5346000
5346000
5346000
5346000
5346000
1544.324
1546.555
1548.93
5346000
5346000
5346000
5346000
5346000
5346000
5346000
1547.047
1549.177
5346000
5346000
5346000
5346000
5346000
5346000
5346000
5346000
1549.282
5346000
5346000
5346000
5346000
5346000
5346000
5346000
5346000
5346000
5346000
5346000
5346000
5346000
5346000
5346000
5346000
5346000
5346000
5346000
1666000
1666000
1666000
1540.39
1540.48
1540.587
1540.712
1540.874
1541.075
1541.405
1666000
1666000
1540.142
1540.233
1540.335
1540.453
1540.592
1540.771
1540.998
1541.366
1666000
1539.63
1539.721
1539.828
1539.944
1540.08
1540.239
1540.448
1540.719
1541.171
1538.75
1538.864
1538.97
1539.093
1539.227
1539.387
1539.577
1539.828
1540.172
1540.769
1537.547
1537.685
1537.804
1537.948
1538.103
1538.292
1538.518
1538.829
1539.283
1540.905
1535.983
1536.142
1536.272
1536.435
1536.61
1536.827
1537.094
1537.48
1538.794
1541.405
1534.426
1534.607
1534.748
1534.932
1535.124
1535.372
1535.684
1536.798
1538.818
1541.681
1533.152
1533.353
1533.505
1533.704
1533.913
1534.191
1535.145
1536.843
1538.873
1542.116
1532.287
1532.506
1532.662
1532.874
1533.096
1533.969
1535.447
1537.095
1539.178
1542.845
1531.881
1532.106
1532.265
1532.483
1533.27
1534.641
1536.043
1537.653
1539.792
1546.731
1531.943
1532.168
1532.326
1533.098
1534.374
1535.66
1536.983
1538.542
1542.864
1549.98
1532.477
1532.695
1533.412
1534.684
1535.878
1537.073
1538.295
1541.662
1547.009
1551.415
1533.478
1534.269
1535.529
1536.746
1537.866
1538.952
1541.792
1545.992
1549.549
1551.85
1535.544
1536.96
1538.245
1539.457
1540.519
1543.244
1546.447
1548.898
1550.658
1551.778
1538.824
1540.426
1541.93
1543.295
1546.459
1548.439
1549.513
1550.286
1550.851
1551.429
1542.957
1545.318
1548.142
5346000
5346000
5346000
5346000
5346000
5346000
5346000
1546.508
1548.897
5346000
5346000
5346000
5346000
5346000
5346000
5346000
5346000
1549.141
5346000
5346000
5346000
5346000
5346000
5346000
5346000
5346000
5346000
5346000
5346000
5346000
5346000
5346000
5346000
5346000
5346000
5346000
5346000
5346000
5346000
5346000
5346000
5346000
5346000
5346000
5346000
5346000
5346000
1666000
1666000
1540.358
1540.447
1540.546
1540.659
1540.79
1540.958
1541.165
1541.495
1666000
1540.111
1540.198
1540.298
1540.407
1540.532
1540.676
1540.861
1541.088
1541.457
1539.583
1539.687
1539.787
1539.9
1540.022
1540.164
1540.329
1540.539
1540.811
1541.263
1538.806
1538.93
1539.042
1539.172
1539.311
1539.477
1539.668
1539.92
1540.265
1541.684
1537.611
1537.755
1537.88
1538.03
1538.19
1538.381
1538.607
1538.919
1540.177
1542.678
1536.047
1536.211
1536.346
1536.514
1536.69
1536.907
1537.174
1538.277
1540.313
1542.933
1534.489
1534.675
1534.82
1535.003
1535.195
1535.443
1536.397
1538.115
1540.075
1542.969
1533.214
1533.42
1533.571
1533.77
1533.979
1534.851
1536.343
1537.965
1539.94
1543.308
1532.351
1532.57
1532.725
1532.937
1533.726
1535.104
1536.5
1538.079
1540.14
1546.854
1531.943
1532.168
1532.326
1533.098
1534.374
1535.66
1536.983
1538.542
1542.864
1549.98
1532.004
1532.229
1532.938
1534.195
1535.378
1536.577
1537.824
1541.293
1546.872
1551.441
1532.539
1533.318
1534.526
1535.702
1536.793
1537.891
1540.824
1545.457
1549.47
1551.954
1534.127
1535.441
1536.6
1537.703
1538.696
1541.373
1545.151
1548.416
1550.756
1552.009
1536.838
1538.169
1539.333
1540.384
1543.018
1546.092
1548.326
1550.026
1551.12
1551.837
1540.331
1541.869
1543.207
1546.372
1548.31
1549.343
1550.055
1550.607
1551.011
1551.503
1545.258
1548.104
5346000
5346000
5346000
5346000
5346000
5346000
5346000
5346000
1548.857
5346000
5346000
5346000
5346000
5346000
5346000
5346000
5346000
5346000
5346000
5346000
5346000
5346000
5346000
5346000
5346000
5346000
5346000
5346000
5346000
5346000
5346000
5346000
5346000
5346000
5346000
5346000
5346000
5346000
5346000
5346000
5346000
5346000
5346000
5346000
5346000
5346000
5346000
5346000
1666000
1540.33
1540.415
1540.512
1540.617
1540.737
1540.874
1541.047
1541.255
1541.586
1540.07
1540.167
1540.264
1540.37
1540.485
1540.615
1540.766
1540.951
1541.179
1541.548
1539.64
1539.753
1539.859
1539.978
1540.106
1540.254
1540.42
1540.631
1540.903
1542.176
1538.872
1539.001
1539.12
1539.256
1539.402
1539.568
1539.76
1540.013
1541.187
1543.502
1537.681
1537.831
1537.962
1538.117
1538.279
1538.47
1538.697
1539.817
1541.974
1544.561
1536.116
1536.285
1536.425
1536.594
1536.769
1536.987
1537.97
1539.798
1541.806
1544.389
1534.556
1534.746
1534.891
1535.074
1535.266
1536.154
1537.707
1539.349
1541.224
1544.148
1533.281
1533.487
1533.637
1533.836
1534.636
1536.04
1537.446
1538.981
1540.898
1547.142
1532.414
1532.632
1532.788
1533.563
1534.852
1536.141
1537.452
1538.964
1543.142
1550.007
1532.004
1532.229
1532.938
1534.195
1535.378
1536.577
1537.824
1541.293
1546.872
1551.441
1532.065
1532.84
1534.028
1535.191
1536.278
1537.391
1540.39
1545.233
1549.445
1551.993
1533.159
1534.43
1535.536
1536.608
1537.593
1540.323
1544.445
1548.193
1550.84
1552.113
1535.295
1536.51
1537.55
1538.525
1541.062
1544.633
1547.592
1549.935
1551.346
1552.047
1538.044
1539.256
1540.255
1542.866
1545.82
1547.954
1549.532
1550.675
1551.343
1551.866
1541.776
1543.147
1546.289
1548.217
1549.205
1549.893
1550.411
1550.82
1551.128
1551.57
1548.056
5346000
5346000
5346000
5346000
5346000
5346000
5346000
5346000
5346000
5346000
5346000
5346000
5346000
5346000
5346000
5346000
5346000
5346000
5346000
5346000
5346000
5346000
5346000
5346000
5346000
5346000
5346000
5346000
5346000
5346000
5346000
5346000
5346000
5346000
5346000
5346000
5346000
5346000
5346000
5346000
5346000
5346000
5346000
5346000
5346000
5346000
5346000
5346000
5346000
1540.292
1540.386
1540.48
1540.583
1540.694
1540.82
1540.963
1541.137
1541.345
1541.677
1540.127
1540.233
1540.335
1540.447
1540.568
1540.705
1540.856
1541.042
1541.27
1542.456
1539.706
1539.824
1539.937
1540.062
1540.196
1540.345
1540.512
1540.723
1541.822
1543.976
1538.943
1539.079
1539.204
1539.346
1539.493
1539.66
1539.853
1540.939
1543.038
1545.407
1537.756
1537.912
1538.049
1538.205
1538.368
1538.56
1539.597
1541.633
1543.91
1546.624
1536.19
1536.364
1536.505
1536.673
1536.849
1537.782
1539.494
1541.295
1543.226
1545.686
1534.628
1534.818
1534.962
1535.145
1535.975
1537.459
1538.932
1540.469
1542.223
1547.712
1533.347
1533.552
1533.702
1534.49
1535.818
1537.132
1538.437
1539.875
1543.78
1550.074
1532.477
1532.695
1533.412
1534.684
1535.878
1537.073
1538.295
1541.662
1547.009
1551.415
1532.065
1532.84
1534.028
1535.191
1536.278
1537.391
1540.39
1545.233
1549.445
1551.993
1532.673
1533.927
1535.015
1536.081
1537.07
1539.844
1544.139
1548.109
1550.884
1552.15
1534.266
1535.437
1536.432
1537.396
1539.949
1543.811
1547.206
1549.934
1551.498
1552.141
1536.359
1537.458
1538.362
1540.858
1544.236
1547.045
1549.238
1550.799
1551.598
1552.05
1539.128
1540.176
1542.72
1545.64
1547.654
1549.186
1550.284
1551.032
1551.451
1551.881
1543.055
1546.232
1548.127
1549.107
1549.754
1550.266
1550.658
1550.972
1551.227
1551.633
5346000
5346000
5346000
5346000
5346000
5346000
5346000
5346000
5346000
5346000
5346000
5346000
5346000
5346000
5346000
5346000
5346000
5346000
5346000
5346000
5346000
5346000
5346000
5346000
5346000
5346000
5346000
5346000
5346000
5346000
5346000
5346000
5346000
5346000
5346000
5346000
5346000
5346000
5346000
5346000
5346000
5346000
5346000
5346000
5346000
5346000
5346000
5346000
5346000
5346000
1540.348
1540.451
1540.551
1540.661
1540.778
1540.909
1541.053
1541.228
1541.436
1542.581
1540.192
1540.304
1540.412
1540.531
1540.658
1540.795
1540.947
1541.133
1542.182
1544.233
1539.777
1539.902
1540.02
1540.152
1540.287
1540.436
1540.604
1541.645
1543.647
1545.833
1539.021
1539.163
1539.294
1539.437
1539.584
1539.753
1540.781
1542.808
1544.996
1547.413
1537.838
1537.999
1538.138
1538.294
1538.457
1539.46
1541.424
1543.602
1546.076
1549.017
1536.268
1536.443
1536.584
1536.752
1537.643
1539.307
1540.995
1542.723
1544.475
1548.903
1534.699
1534.889
1535.033
1535.852
1537.276
1538.679
1540.04
1541.431
1545.013
1550.213
1533.413
1533.618
1534.355
1535.669
1536.901
1538.108
1539.299
1542.497
1547.342
1551.351
1532.539
1533.318
1534.526
1535.702
1536.793
1537.891
1540.824
1545.457
1549.47
1551.954
1532.673
1533.927
1535.015
1536.081
1537.07
1539.844
1544.139
1548.109
1550.884
1552.15
1533.754
1534.911
1535.893
1536.86
1539.437
1543.444
1547.047
1549.95
1551.569
1552.174
1535.267
1536.33
1537.208
1539.707
1543.319
1546.535
1549.111
1550.918
1551.76
1552.132
1537.301
1538.267
1540.659
1543.98
1546.597
1548.736
1550.264
1551.243
1551.69
1552.035
1540.045
1542.636
1545.46
1547.455
1548.885
1549.991
1550.736
1551.224
1551.51
1551.88
1546.148
1548.069
1549.008
1549.654
1550.135
1550.532
1550.839
1551.097
1551.326
1551.691
5346000
5346000
5346000
5346000
5346000
5346000
5346000
5346000
5346000
5346000
5346000
5346000
5346000
5346000
5346000
5346000
5346000
5346000
5346000
5346000
5346000
5346000
5346000
5346000
5346000
5346000
5346000
5346000
5346000
5346000
5346000
5346000
5346000
5346000
5346000
5346000
5346000
5346000
5346000
5346000
5346000
5346000
5346000
5346000
5346000
5346000
5346000
5346000
5346000
5346000
1540.413
1540.522
1540.628
1540.744
1540.867
1540.999
1541.143
1541.318
1542.343
1544.346
1540.263
1540.381
1540.495
1540.62
1540.748
1540.886
1541.038
1542.046
1543.977
1546.051
1539.855
1539.986
1540.11
1540.243
1540.378
1540.528
1541.527
1543.483
1545.542
1547.744
1539.105
1539.253
1539.385
1539.529
1539.677
1540.682
1542.66
1544.795
1547.08
1549.531
1537.925
1538.088
1538.226
1538.384
1539.359
1541.293
1543.411
1545.821
1548.654
5346000
1536.347
1536.522
1536.663
1537.546
1539.168
1540.811
1542.43
1543.984
1547.457
1550.456
1534.77
1534.959
1535.738
1537.152
1538.492
1539.78
1540.987
1544.055
1548.018
1551.23
1533.478
1534.269
1535.529
1536.746
1537.866
1538.952
1541.792
1545.992
1549.549
1551.85
1533.159
1534.43
1535.536
1536.608
1537.593
1540.323
1544.445
1548.193
1550.84
1552.113
1533.754
1534.911
1535.893
1536.86
1539.437
1543.444
1547.047
1549.95
1551.569
1552.174
1534.731
1535.785
1536.658
1539.176
1542.902
1546.313
1549.071
1550.987
1551.829
1552.16
1536.151
1537.102
1539.47
1543.007
1545.976
1548.503
1550.3
1551.405
1551.836
1552.104
1538.102
1540.554
1543.719
1546.308
1548.288
1549.85
1550.854
1551.446
1551.711
1551.996
1542.49
1545.366
1547.247
1548.683
1549.715
1550.502
1551.003
1551.334
1551.549
1551.844
1547.979
1548.946
1549.551
1550.038
1550.414
1550.732
1550.986
1551.218
1551.452
5346000
5346000
5346000
5346000
5346000
5346000
5346000
5346000
5346000
5346000
5346000
5346000
5346000
5346000
5346000
5346000
5346000
5346000
5346000
5346000
5346000
5346000
5346000
5346000
5346000
5346000
5346000
5346000
5346000
5346000
5346000
5346000
5346000
5346000
5346000
5346000
5346000
5346000
5346000
5346000
5346000
5346000
5346000
5346000
5346000
5346000
5346000
5346000
5346000
5346000
1540.484
1540.599
1540.711
1540.832
1540.956
1541.089
1541.234
1542.226
1544.122
1546.145
1540.34
1540.464
1540.585
1540.71
1540.838
1540.977
1541.951
1543.85
1545.821
1547.905
1539.938
1540.075
1540.201
1540.334
1540.47
1541.451
1543.372
1545.398
1547.503
1549.704
1539.195
1539.344
1539.476
1539.621
1540.606
1542.566
1544.663
1546.919
1549.302
5346000
1538.013
1538.176
1538.316
1539.285
1541.196
1543.291
1545.659
1548.487
5346000
5346000
1536.426
1536.601
1537.456
1539.072
1540.674
1542.249
1543.698
1546.998
1549.306
1550.989
1534.84
1535.664
1537.035
1538.365
1539.588
1540.718
1543.547
1547.03
1549.742
1551.629
1534.127
1535.441
1536.6
1537.703
1538.696
1541.373
1545.151
1548.416
1550.756
1552.009
1534.266
1535.437
1536.432
1537.396
1539.949
1543.811
1547.206
1549.934
1551.498
1552.141
1534.731
1535.785
1536.658
1539.176
1542.902
1546.313
1549.071
1550.987
1551.829
1552.16
1535.595
1536.546
1538.917
1542.559
1545.695
1548.41
1550.333
1551.494
1551.902
1552.13
1536.913
1539.349
1542.685
1545.618
1547.945
1549.807
1550.966
1551.606
1551.832
1552.049
1540.359
1543.595
1546
1547.994
1549.445
1550.536
1551.167
1551.529
1551.7
1551.91
1545.192
1547.144
1548.463
1549.526
1550.267
1550.822
1551.168
1551.415
1551.596
5346000
1548.849
1549.487
1549.936
1550.325
1550.629
1550.895
1551.126
1551.372
5346000
5346000
5346000
5346000
5346000
5346000
5346000
5346000
5346000
5346000
5346000
5346000
5346000
5346000
5346000
5346000
5346000
5346000
5346000
5346000
5346000
5346000
5346000
5346000
5346000
5346000
5346000
5346000
5346000
5346000
5346000
5346000
5346000
5346000
5346000
5346000
5346000
5346000
5346000
5346000
5346000
5346000
5346000
5346000
5346000
5346000
5346000
5346000
5346000
1540.561
1540.682
1540.8
1540.922
1541.046
1541.179
1542.141
1544.012
1545.942
1547.974
1540.423
1540.553
1540.674
1540.8
1540.929
1541.889
1543.759
1545.708
1547.708
1549.789
1540.028
1540.166
1540.292
1540.426
1541.393
1543.3
1545.297
1547.385
1549.522
5346000
1539.285
1539.435
1539.569
1540.55
1542.495
1544.578
1546.808
1549.192
5346000
5346000
1538.102
1538.266
1539.217
1541.125
1543.2
1545.556
1548.371
5346000
5346000
5346000
1536.505
1537.394
1538.981
1540.578
1542.114
1543.522
1546.741
1548.869
1550.157
1551.216
1535.544
1536.96
1538.245
1539.457
1540.519
1543.244
1546.447
1548.898
1550.658
1551.778
1535.295
1536.51
1537.55
1538.525
1541.062
1544.633
1547.592
1549.935
1551.346
1552.047
1535.267
1536.33
1537.208
1539.707
1543.319
1546.535
1549.111
1550.918
1551.76
1552.132
1535.595
1536.546
1538.917
1542.559
1545.695
1548.41
1550.333
1551.494
1551.902
1552.13
1536.344
1538.788
1542.204
1545.301
1547.795
1549.804
1551.032
1551.687
1551.888
1552.068
1539.118
1542.537
1545.232
1547.582
1549.308
1550.597
1551.298
1551.663
1551.788
1551.942
1543.348
1545.857
1547.665
1549.174
1550.198
1550.933
1551.328
1551.563
1551.679
5346000
1546.945
1548.354
1549.31
1550.101
1550.632
1551.032
1551.294
1551.509
5346000
5346000
1549.385
1549.872
1550.229
1550.549
1550.809
1551.05
1551.3
5346000
5346000
5346000
5346000
5346000
5346000
5346000
5346000
5346000
5346000
5346000
5346000
5346000
5346000
5346000
5346000
5346000
5346000
5346000
5346000
5346000
5346000
5346000
5346000
5346000
5346000
5346000
5346000
5346000
5346000
5346000
5346000
5346000
5346000
5346000
5346000
5346000
5346000
5346000
5346000
5346000
5346000
5346000
5346000
5346000
5346000
5346000
1540.643
1540.77
1540.889
1541.012
1541.136
1542.086
1543.93
1545.842
1547.796
1549.826
1540.512
1540.643
1540.765
1540.891
1541.841
1543.7
1545.624
1547.612
1549.63
5346000
1540.118
1540.257
1540.384
1541.349
1543.245
1545.231
1547.298
1549.434
5346000
5346000
1539.377
1539.528
1540.498
1542.441
1544.512
1546.735
1549.108
5346000
5346000
5346000
1538.192
1539.167
1541.059
1543.133
1545.477
1548.295
5346000
5346000
5346000
5346000
1537.298
1538.919
1540.488
1542.019
1543.389
1546.581
1548.605
1549.77
1550.599
1551.341
1536.838
1538.169
1539.333
1540.384
1543.018
1546.092
1548.326
1550.026
1551.12
1551.837
1536.359
1537.458
1538.362
1540.858
1544.236
1547.045
1549.238
1550.799
1551.598
1552.05
1536.151
1537.102
1539.47
1543.007
1545.976
1548.503
1550.3
1551.405
1551.836
1552.104
1536.344
1538.788
1542.204
1545.301
1547.795
1549.804
1551.032
1551.687
1551.888
1552.068
1538.539
1542.043
1544.872
1547.395
1549.256
1550.641
1551.37
1551.731
1551.829
1551.955
1542.236
1545.059
1547.167
1548.976
1550.186
1551.033
1551.447
1551.66
1551.727
5346000
1545.567
1547.513
1548.853
1549.967
1550.669
1551.159
1551.423
1551.593
5346000
5346000
1548.14
1549.202
1549.906
1550.495
1550.886
1551.194
1551.431
5346000
5346000
5346000
1549.77
1550.166
1550.464
1550.739
1550.98
1551.239
5346000
5346000
5346000
5346000
5346000
5346000
5346000
5346000
5346000
5346000
5346000
5346000
5346000
5346000
5346000
5346000
5346000
5346000
5346000
5346000
5346000
5346000
5346000
5346000
5346000
5346000
5346000
5346000
5346000
5346000
5346000
5346000
5346000
5346000
5346000
5346000
5346000
5346000
5346000
5346000
5346000
5346000
5346000
5346000
1540.732
1540.86
1540.979
1541.102
1542.043
1543.877
1545.765
1547.709
1549.678
5346000
1540.602
1540.733
1540.855
1541.803
1543.654
1545.568
1547.537
1549.553
5346000
5346000
1540.209
1540.349
1541.307
1543.201
1545.18
1547.239
1549.363
5346000
5346000
5346000
1539.469
1540.457
1542.391
1544.462
1546.678
1549.05
5346000
5346000
5346000
5346000
1539.093
1541.01
1543.071
1545.417
1548.234
5346000
5346000
5346000
5346000
5346000
1538.824
1540.426
1541.93
1543.295
1546.459
1548.439
1549.513
1550.286
1550.851
1551.429
1538.044
1539.256
1540.255
1542.866
1545.82
1547.954
1549.532
1550.675
1551.343
1551.866
1537.301
1538.267
1540.659
1543.98
1546.597
1548.736
1550.264
1551.243
1551.69
1552.035
1536.913
1539.349
1542.685
1545.618
1547.945
1549.807
1550.966
1551.606
1551.832
1552.049
1538.539
1542.043
1544.872
1547.395
1549.256
1550.641
1551.37
1551.731
1551.829
1551.955
1541.713
1544.683
1546.934
1548.892
1550.193
1551.092
1551.509
1551.708
1551.749
5346000
1544.7
1546.982
1548.574
1549.907
1550.717
1551.258
1551.511
1551.644
5346000
5346000
1547.198
1548.703
1549.68
1550.483
1550.964
1551.304
1551.509
5346000
5346000
5346000
1548.988
1549.805
1550.33
1550.778
1551.09
1551.363
5346000
5346000
5346000
5346000
1550.069
1550.405
1550.665
1550.921
1551.184
5346000
5346000
5346000
5346000
5346000
5346000
5346000
5346000
5346000
5346000
5346000
5346000
5346000
5346000
5346000
5346000
5346000
5346000
5346000
5346000
5346000
5346000
5346000
5346000
5346000
5346000
5346000
5346000
5346000
5346000
5346000
5346000
5346000
5346000
5346000
5346000
5346000
5346000
5346000
5346000
1540.821
1540.949
1541.069
1542.008
1543.834
1545.715
1547.639
1549.606
5346000
5346000
1540.692
1540.824
1541.767
1543.616
1545.524
1547.486
1549.488
5346000
5346000
5346000
1540.301
1541.271
1543.161
1545.138
1547.193
1549.313
5346000
5346000
5346000
5346000
1540.399
1542.351
1544.415
1546.633
1549.004
5346000
5346000
5346000
5346000
5346000
1540.938
1543.024
1545.362
1548.187
5346000
5346000
5346000
5346000
5346000
5346000
1540.331
1541.869
1543.207
1546.372
1548.31
1549.343
1550.055
1550.607
1551.011
1551.503
1539.128
1540.176
1542.72
1545.64
1547.654
1549.186
1550.284
1551.032
1551.451
1551.881
1538.102
1540.554
1543.719
1546.308
1548.288
1549.85
1550.854
1551.446
1551.711
1551.996
1539.118
1542.537
1545.232
1547.582
1549.308
1550.597
1551.298
1551.663
1551.788
1551.942
1541.713
1544.683
1546.934
1548.892
1550.193
1551.092
1551.509
1551.708
1551.749
5346000
1544.285
1546.73
1548.446
1549.889
1550.75
1551.313
1551.557
1551.669
5346000
5346000
1546.588
1548.391
1549.55
1550.497
1551.03
1551.382
1551.557
5346000
5346000
5346000
1548.387
1549.542
1550.246
1550.823
1551.174
1551.436
5346000
5346000
5346000
5346000
1549.606
1550.24
1550.648
1551.009
1551.299
5346000
5346000
5346000
5346000
5346000
1550.316
1550.611
1550.86
1551.136
5346000
5346000
5346000
5346000
5346000
5346000
5346000
5346000
5346000
5346000
5346000
5346000
5346000
5346000
5346000
5346000
5346000
5346000
5346000
5346000
5346000
5346000
5346000
5346000
5346000
5346000
5346000
5346000
5346000
5346000
5346000
5346000
5346000
5346000
5346000
1540.911
1541.039
1541.974
1543.8
1545.674
1547.592
1549.544
5346000
5346000
5346000
1540.782
1541.735
1543.581
1545.488
1547.445
1549.444
5346000
5346000
5346000
5346000
1541.224
1543.126
1545.1
1547.155
1549.273
5346000
5346000
5346000
5346000
5346000
1542.295
1544.376
1546.591
1548.966
5346000
5346000
5346000
5346000
5346000
5346000
1542.957
1545.318
1548.142
5346000
5346000
5346000
5346000
5346000
5346000
5346000
1541.776
1543.147
1546.289
1548.217
1549.205
1549.893
1550.411
1550.82
1551.128
1551.57
1540.045
1542.636
1545.46
1547.455
1548.885
1549.991
1550.736
1551.224
1551.51
1551.88
1540.359
1543.595
1546
1547.994
1549.445
1550.536
1551.167
1551.529
1551.7
1551.91
1542.236
1545.059
1547.167
1548.976
1550.186
1551.033
1551.447
1551.66
1551.727
5346000
1544.285
1546.73
1548.446
1549.889
1550.75
1551.313
1551.557
1551.669
5346000
5346000
1546.293
1548.245
1549.495
1550.512
1551.069
1551.423
1551.581
5346000
5346000
5346000
1547.995
1549.384
1550.206
1550.866
1551.233
1551.481
5346000
5346000
5346000
5346000
1549.25
1550.127
1550.642
1551.073
1551.364
5346000
5346000
5346000
5346000
5346000
1550.068
1550.572
1550.915
1551.244
5346000
5346000
5346000
5346000
5346000
1550.535
1550.811
1551.089
5346000
5346000
5346000
5346000
5346000
5346000
5346000
5346000
5346000
5346000
5346000
5346000
5346000
5346000
5346000
5346000
5346000
5346000
5346000
5346000
5346000
5346000
5346000
5346000
5346000
5346000
5346000
5346000
5346000
5346000
1541.001
1541.944
1543.767
1545.64
1547.554
1549.502
5346000
5346000
5346000
5346000
1541.694
1543.549
1545.454
1547.411
1549.407
5346000
5346000
5346000
5346000
5346000
1543.08
1545.066
1547.119
1549.24
5346000
5346000
5346000
5346000
5346000
5346000
1544.324
1546.555
1548.93
5346000
5346000
5346000
5346000
5346000
5346000
5346000
1545.258
1548.104
5346000
5346000
5346000
5346000
5346000
5346000
5346000
5346000
1543.055
1546.232
1548.127
1549.107
1549.754
1550.266
1550.658
1550.972
1551.227
1551.633
1542.49
1545.366
1547.247
1548.683
1549.715
1550.502
1551.003
1551.334
1551.549
1551.844
1543.348
1545.857
1547.665
1549.174
1550.198
1550.933
1551.328
1551.563
1551.679
5346000
1544.7
1546.982
1548.574
1549.907
1550.717
1551.258
1551.511
1551.644
5346000
5346000
1546.293
1548.245
1549.495
1550.512
1551.069
1551.423
1551.581
5346000
5346000
5346000
1547.805
1549.312
1550.192
1550.893
1551.264
1551.503
5346000
5346000
5346000
5346000
1549.019
1550.064
1550.648
1551.12
1551.403
5346000
5346000
5346000
5346000
5346000
1549.878
1550.546
1550.951
1551.303
5346000
5346000
5346000
5346000
5346000
1550.434
1550.855
1551.187
5346000
5346000
5346000
5346000
5346000
1550.749
1551.047
5346000
5346000
5346000
5346000
5346000
5346000
5346000
5346000
5346000
5346000
5346000
5346000
5346000
5346000
5346000
5346000
5346000
5346000
5346000
5346000
5346000
5346000
5346000
5346000
5346000
1541.905
1543.736
1545.608
1547.522
1549.467
5346000
5346000
5346000
5346000
5346000
1543.508
1545.423
1547.379
1549.376
5346000
5346000
5346000
5346000
5346000
5346000
1545.022
1547.087
1549.207
5346000
5346000
5346000
5346000
5346000
5346000
5346000
1546.508
1548.897
5346000
5346000
5346000
5346000
5346000
5346000
5346000
5346000
1548.056
5346000
5346000
5346000
5346000
5346000
5346000
5346000
5346000
5346000
1546.148
1548.069
1549.008
1549.654
1550.135
1550.532
1550.839
1551.097
1551.326
1551.691
1545.192
1547.144
1548.463
1549.526
1550.267
1550.822
1551.168
1551.415
1551.596
5346000
1545.567
1547.513
1548.853
1549.967
1550.669
1551.159
1551.423
1551.593
5346000
5346000
1546.588
1548.391
1549.55
1550.497
1551.03
1551.382
1551.557
5346000
5346000
5346000
1547.805
1549.312
1550.192
1550.893
1551.264
1551.503
5346000
5346000
5346000
5346000
1548.908
1550.039
1550.654
1551.144
1551.422
5346000
5346000
5346000
5346000
5346000
1549.756
1550.536
1550.975
1551.338
5346000
5346000
5346000
5346000
5346000
1550.353
1550.878
1551.236
5346000
5346000
5346000
5346000
5346000
1550.755
1551.141
5346000
5346000
5346000
5346000
5346000
1551
5346000
5346000
5346000
5346000
5346000
5346000
5346000
5346000
5346000
5346000
5346000
5346000
5346000
5346000
5346000
5346000
5346000
5346000
5346000
5346000
1543.698
1545.578
1547.491
1549.436
5346000
5346000
5346000
5346000
5346000
5346000
1545.384
1547.349
1549.346
5346000
5346000
5346000
5346000
5346000
5346000
5346000
1547.047
1549.177
5346000
5346000
5346000
5346000
5346000
5346000
5346000
5346000
1548.857
5346000
5346000
5346000
5346000
5346000
5346000
5346000
5346000
5346000
5346000
5346000
5346000
5346000
5346000
5346000
5346000
5346000
5346000
5346000
1547.979
1548.946
1549.551
1550.038
1550.414
1550.732
1550.986
1551.218
1551.452
5346000
1546.945
1548.354
1549.31
1550.101
1550.632
1551.032
1551.294
1551.509
5346000
5346000
1547.198
1548.703
1549.68
1550.483
1550.964
1551.304
1551.509
5346000
5346000
5346000
1547.995
1549.384
1550.206
1550.866
1551.233
1551.481
5346000
5346000
5346000
5346000
1548.908
1550.039
1550.654
1551.144
1551.422
5346000
5346000
5346000
5346000
5346000
1549.698
1550.534
1550.988
1551.355
5346000
5346000
5346000
5346000
5346000
1550.3
1550.893
1551.264
5346000
5346000
5346000
5346000
5346000
1550.746
1551.187
5346000
5346000
5346000
5346000
5346000
1551.082
5346000
5346000
5346000
5346000
5346000
5346000
5346000
5346000
5346000
5346000
5346000
5346000
5346000
5346000
5346000
5346000
5346000
5346000
5346000
5346000
1545.541
1547.462
1549.407
5346000
5346000
5346000
5346000
5346000
5346000
5346000
1547.312
1549.317
5346000
5346000
5346000
5346000
5346000
5346000
5346000
5346000
1549.141
5346000
5346000
5346000
5346000
5346000
5346000
5346000
5346000
5346000
5346000
5346000
5346000
5346000
5346000
5346000
5346000
5346000
5346000
5346000
5346000
5346000
5346000
5346000
5346000
5346000
5346000
5346000
5346000
5346000
1548.849
1549.487
1549.936
1550.325
1550.629
1550.895
1551.126
1551.372
5346000
5346000
1548.14
1549.202
1549.906
1550.495
1550.886
1551.194
1551.431
5346000
5346000
5346000
1548.387
1549.542
1550.246
1550.823
1551.174
1551.436
5346000
5346000
5346000
5346000
1549.019
1550.064
1550.648
1551.12
1551.403
5346000
5346000
5346000
5346000
5346000
1549.698
1550.534
1550.988
1551.355
5346000
5346000
5346000
5346000
5346000
1550.275
1550.901
1551.277
5346000
5346000
5346000
5346000
5346000
1550.736
1551.211
5346000
5346000
5346000
5346000
5346000
1551.117
5346000
5346000
5346000
5346000
5346000
5346000
5346000
5346000
5346000
5346000
5346000
5346000
5346000
5346000
5346000
5346000
5346000
5346000
5346000
5346000
1547.426
1549.379
5346000
5346000
5346000
5346000
5346000
5346000
5346000
5346000
1549.282
5346000
5346000
5346000
5346000
5346000
5346000
5346000
5346000
5346000
5346000
5346000
5346000
5346000
5346000
5346000
5346000
5346000
5346000
5346000
5346000
5346000
5346000
5346000
5346000
5346000
5346000
5346000
5346000
5346000
5346000
5346000
5346000
5346000
5346000
5346000
5346000
5346000
5346000
5346000
1549.385
1549.872
1550.229
1550.549
1550.809
1551.05
1551.3
5346000
5346000
5346000
1548.988
1549.805
1550.33
1550.778
1551.09
1551.363
5346000
5346000
5346000
5346000
1549.25
1550.127
1550.642
1551.073
1551.364
5346000
5346000
5346000
5346000
5346000
1549.756
1550.536
1550.975
1551.338
5346000
5346000
5346000
5346000
5346000
1550.275
1550.901
1551.277
5346000
5346000
5346000
5346000
5346000
1550.73
1551.223
5346000
5346000
5346000
5346000
5346000
1551.134
5346000
5346000
5346000
5346000
5346000
5346000
5346000
5346000
5346000
5346000
5346000
5346000
5346000
5346000
5346000
5346000
5346000
5346000
5346000
5346000
1549.345
5346000
5346000
5346000
5346000
5346000
5346000
5346000
5346000
5346000
5346000
5346000
5346000
5346000
5346000
5346000
5346000
5346000
5346000
5346000
5346000
5346000
5346000
5346000
5346000
5346000
5346000
5346000
5346000
5346000
5346000
5346000
5346000
5346000
5346000
5346000
5346000
5346000
5346000
5346000
5346000
5346000
5346000
5346000
5346000
5346000
5346000
5346000
5346000
5346000
1549.77
1550.166
1550.464
1550.739
1550.98
1551.239
5346000
5346000
5346000
5346000
1549.606
1550.24
1550.648
1551.009
1551.299
5346000
5346000
5346000
5346000
5346000
1549.878
1550.546
1550.951
1551.303
5346000
5346000
5346000
5346000
5346000
1550.3
1550.893
1551.264
5346000
5346000
5346000
5346000
5346000
1550.73
1551.223
5346000
5346000
5346000
5346000
5346000
1551.141
5346000
5346000
5346000
5346000
5346000
5346000
5346000
5346000
5346000
5346000
5346000
5346000
5346000
5346000
5346000
5346000
5346000
5346000
5346000
5346000
5346000
5346000
5346000
5346000
5346000
5346000
5346000
5346000
5346000
5346000
5346000
5346000
5346000
5346000
5346000
5346000
5346000
5346000
5346000
5346000
5346000
5346000
5346000
5346000
5346000
5346000
5346000
5346000
5346000
5346000
5346000
5346000
5346000
5346000
5346000
5346000
5346000
5346000
5346000
5346000
5346000
5346000
5346000
5346000
5346000
5346000
5346000
5346000
5346000
5346000
1550.069
1550.405
1550.665
1550.921
1551.184
5346000
5346000
5346000
5346000
5346000
1550.068
1550.572
1550.915
1551.244
5346000
5346000
5346000
5346000
5346000
1550.353
1550.878
1551.236
5346000
5346000
5346000
5346000
5346000
1550.736
1551.211
5346000
5346000
5346000
5346000
5346000
1551.141
5346000
5346000
5346000
5346000
5346000
5346000
5346000
5346000
5346000
5346000
5346000
5346000
5346000
5346000
5346000
5346000
5346000
5346000
5346000
5346000
5346000
5346000
5346000
5346000
5346000
5346000
5346000
5346000
5346000
5346000
5346000
5346000
5346000
5346000
5346000
5346000
5346000
5346000
5346000
5346000
5346000
5346000
5346000
5346000
5346000
5346000
5346000
5346000
5346000
5346000
5346000
5346000
5346000
5346000
5346000
5346000
5346000
5346000
5346000
5346000
5346000
5346000
5346000
5346000
5346000
5346000
5346000
5346000
5346000
5346000
1550.316
1550.611
1550.86
1551.136
5346000
5346000
5346000
5346000
5346000
1550.434
1550.855
1551.187
5346000
5346000
5346000
5346000
5346000
1550.746
1551.187
5346000
5346000
5346000
5346000
5346000
1551.134
5346000
5346000
5346000
5346000
5346000
5346000
5346000
5346000
5346000
5346000
5346000
5346000
5346000
5346000
5346000
5346000
5346000
5346000
5346000
5346000
5346000
5346000
5346000
5346000
5346000
5346000
5346000
5346000
5346000
5346000
5346000
5346000
5346000
5346000
5346000
5346000
5346000
5346000
5346000
5346000
5346000
5346000
5346000
5346000
5346000
5346000
5346000
5346000
5346000
5346000
5346000
5346000
5346000
5346000
5346000
5346000
5346000
5346000
5346000
5346000
5346000
5346000
5346000
5346000
5346000
5346000
5346000
5346000
5346000
1550.535
1550.811
1551.089
5346000
5346000
5346000
5346000
5346000
1550.755
1551.141
5346000
5346000
5346000
5346000
5346000
1551.117
5346000
5346000
5346000
5346000
5346000
5346000
5346000
5346000
5346000
5346000
5346000
5346000
5346000
5346000
5346000
5346000
5346000
5346000
5346000
5346000
5346000
5346000
5346000
5346000
5346000
5346000
5346000
5346000
5346000
5346000
5346000
5346000
5346000
5346000
5346000
5346000
5346000
5346000
5346000
5346000
5346000
5346000
5346000
5346000
5346000
5346000
5346000
5346000
5346000
5346000
5346000
5346000
5346000
5346000
5346000
5346000
5346000
5346000
5346000
5346000
5346000
5346000
5346000
5346000
5346000
5346000
5346000
1550.749
1551.047
5346000
5346000
5346000
5346000
5346000
1551.082
5346000
5346000
5346000
5346000
5346000
5346000
5346000
5346000
5346000
5346000
5346000
5346000
5346000
5346000
5346000
5346000
5346000
5346000
5346000
5346000
5346000
5346000
5346000
5346000
5346000
5346000
5346000
5346000
5346000
5346000
5346000
5346000
5346000
5346000
5346000
5346000
5346000
5346000
5346000
5346000
5346000
5346000
5346000
5346000
5346000
5346000
5346000
5346000
5346000
5346000
5346000
5346000
5346000
5346000
5346000
5346000
5346000
5346000
5346000
5346000
5346000
5346000
5346000
5346000
1551
5346000
5346000
5346000
5346000
5346000
5346000
5346000
5346000
5346000
5346000
5346000
5346000
5346000
5346000
5346000
5346000
5346000
5346000
5346000
5346000
5346000
5346000
5346000
5346000
5346000
5346000
5346000
5346000
5346000
5346000
5346000
5346000
5346000
5346000
5346000
5346000
5346000
5346000
5346000
5346000
5346000
5346000
5346000
5346000
5346000
5346000
5346000
5346000
5346000
5346000
5346000
5346000
5346000
5346000
5346000
5346000
5346000
5346000
5346000
5346000
5346000
5346000
5346000
5346000
5346000
5346000
5346000
5346000
5346000
5346000
5346000
5346000
5346000
5346000
5346000
5346000
5346000
5346000
5346000
5346000
5346000
5346000
5346000
5346000
5346000
5346000
5346000
5346000
5346000
5346000
5346000
5346000
5346000
5346000
5346000
5346000
5346000
5346000
5346000
5346000
5346000
5346000
5346000
5346000
5346000
5346000
5346000
5346000
5346000
5346000
5346000
5346000
5346000
5346000
5346000
5346000
5346000
5346000
5346000
5346000
5346000
5346000
5346000
5346000
5346000
5346000
5346000
5346000
5346000
5346000
5346000
5346000
5346000
5346000
5346000
5346000
5346000
5346000
5346000
5346000
5346000
5346000
5346000
5346000
5346000
5346000
5346000
5346000
5346000
5346000
5346000
5346000
5346000
5346000
5346000
5346000
5346000
5346000
5346000
5346000
5346000
5346000
5346000
5346000
5346000
5346000
5346000
5346000
5346000
5346000
5346000
5346000
5346000
5346000
5346000
5346000
5346000
5346000
5346000
5346000
5346000
5346000
5346000
5346000
5346000
5346000
5346000
5346000
5346000
5346000
5346000
5346000
5346000
5346000
5346000
5346000
5346000
5346000
5346000
5346000
5346000
5346000
5346000
5346000
5346000
5346000
5346000
5346000
5346000
5346000
5346000
5346000
5346000
5346000
5346000
5346000
5346000
5346000
5346000
5346000
5346000
5346000
5346000
5346000
5346000
5346000
5346000
5346000
5346000
5346000
5346000
5346000
5346000
5346000
5346000
5346000
5346000
5346000
5346000
5346000
)
;

boundaryField
{
    interconnect0
    {
        type            calculated;
        value           uniform 0;
    }
    interconnectSides
    {
        type            calculated;
        value           uniform 0;
    }
    airInlet
    {
        type            calculated;
        value           uniform 0;
    }
    airOutlet
    {
        type            calculated;
        value           nonuniform List<scalar> 0();
    }
    cathodeSides
    {
        type            calculated;
        value           uniform 0;
    }
    electrolyteSides
    {
        type            calculated;
        value           uniform 0;
    }
    anodeSides
    {
        type            calculated;
        value           uniform 0;
    }
    fuelInlet
    {
        type            calculated;
        value           uniform 0;
    }
    fuelOutlet
    {
        type            calculated;
        value           nonuniform List<scalar> 0();
    }
    interconnect1
    {
        type            calculated;
        value           uniform 0;
    }
    procBoundary0to1
    {
        type            processor;
        value           nonuniform List<scalar> 
1400
(
5346000
5346000
5346000
5346000
5346000
5346000
5346000
5346000
5346000
5346000
5346000
5346000
5346000
5346000
5346000
5346000
5346000
5346000
5346000
5346000
5346000
5346000
5346000
5346000
5346000
5346000
5346000
5346000
5346000
5346000
5346000
5346000
5346000
5346000
5346000
5346000
5346000
5346000
5346000
5346000
5346000
5346000
5346000
5346000
5346000
5346000
5346000
5346000
5346000
5346000
5346000
5346000
5346000
5346000
5346000
5346000
5346000
5346000
5346000
5346000
1557.836
5346000
5346000
5346000
5346000
5346000
5346000
5346000
5346000
5346000
5346000
1557.86
1557.61
5346000
5346000
5346000
5346000
5346000
5346000
5346000
5346000
5346000
5346000
1557.852
1557.496
1557.413
5346000
5346000
5346000
5346000
5346000
5346000
5346000
5346000
5346000
5346000
1557.839
1557.384
1557.121
1557.215
5346000
5346000
5346000
5346000
5346000
5346000
5346000
5346000
5346000
5346000
1557.831
1557.298
1556.869
1556.69
1557.005
5346000
5346000
5346000
5346000
5346000
5346000
5346000
5346000
5346000
5346000
1557.831
1557.252
1556.686
1556.247
1556.161
1556.78
5346000
5346000
5346000
5346000
1561.128
5346000
5346000
5346000
5346000
5346000
1557.839
1557.252
1556.589
1555.93
1555.455
1555.494
1556.528
5346000
5346000
5346000
1560.936
1559.008
5346000
5346000
5346000
5346000
5346000
1557.851
1557.298
1556.589
1555.764
1554.954
1554.433
1554.631
1556.19
5346000
5346000
1560.527
1558.759
1556.958
5346000
5346000
5346000
5346000
5346000
1557.86
1557.384
1556.686
1555.764
1554.694
1553.69
1553.115
1553.459
1555.542
5346000
1559.802
1558.21
1556.665
1554.915
5346000
5346000
5346000
5346000
5346000
1557.836
1557.496
1556.869
1555.93
1554.694
1553.309
1552.082
1551.41
1551.724
1553.716
1558.208
1557.193
1556.018
1554.594
1552.563
5346000
5346000
5346000
5346000
5346000
1557.61
1557.121
1556.247
1554.954
1553.309
1551.56
1550.072
1549.158
1548.875
1550.515
1555.095
1554.843
1553.894
1552.24
1550.962
5346000
5346000
5346000
5346000
5346000
1557.413
1556.69
1555.455
1553.69
1551.56
1549.413
1547.579
1546.09
1546.536
1549.847
1552.701
1552.671
1551.547
1550.654
1549.354
5346000
5346000
5346000
5346000
5346000
1557.215
1556.161
1554.433
1552.082
1549.413
1546.825
1544.469
1544.08
1546.27
1548.843
1550.659
1550.378
1549.999
1549.066
1544.944
5346000
5346000
5346000
5346000
5346000
1557.005
1555.494
1553.115
1550.072
1546.825
1543.709
1542.595
1543.923
1545.749
1547.66
1548.596
1548.912
1548.458
1544.691
1536.702
5346000
5346000
5346000
5346000
5346000
1556.78
1554.631
1551.41
1547.579
1543.709
1541.887
1542.477
1543.575
1545.015
1546.226
1547.302
1547.456
1544.165
1536.47
1524.857
5346000
5346000
5346000
5346000
5346000
1556.528
1553.459
1549.158
1544.469
1541.887
1541.782
1542.198
1543.043
1544.004
1545.24
1545.984
1543.323
1536.008
1524.606
1511.757
5346000
5346000
5346000
5346000
5346000
1556.19
1551.724
1546.09
1542.595
1541.782
1541.528
1541.753
1542.257
1543.261
1544.108
1542.119
1535.31
1524.12
1511.447
1501.227
5346000
5346000
5346000
5346000
5346000
1555.542
1548.875
1544.08
1542.477
1541.528
1541.118
1541.078
1541.665
1542.311
1540.616
1534.38
1523.431
1510.858
1500.87
1493.95
5346000
5346000
5346000
5346000
5346000
1553.716
1546.536
1543.923
1542.198
1541.118
1540.487
1540.569
1540.859
1539.212
1533.292
1522.591
1510.04
1500.193
1493.557
1489.414
5346000
5346000
5346000
5346000
5346000
1550.515
1546.27
1543.575
1541.753
1540.487
1540.016
1539.86
1538.091
1532.355
1521.702
1509.082
1499.265
1492.809
1488.989
1487.312
5346000
5346000
5346000
5346000
1558.208
1549.847
1545.749
1543.043
1541.078
1540.016
1539.353
1537.324
1531.649
1521.027
1508.12
1498.207
1491.789
1488.18
1486.869
1666000
5346000
5346000
5346000
1559.802
1555.095
1548.843
1545.015
1542.257
1540.569
1539.353
1536.935
1531.178
1520.562
1507.434
1497.198
1490.635
1487.066
1486.021
1666000
1666000
5346000
5346000
1560.527
1557.193
1552.701
1547.66
1544.004
1541.665
1539.86
1536.935
1530.941
1520.258
1506.978
1496.538
1489.561
1485.797
1484.848
1666000
1666000
1666000
5346000
1560.936
1558.21
1554.843
1550.659
1546.226
1543.261
1540.859
1537.324
1530.941
1520.104
1506.672
1496.148
1488.886
1484.605
1483.498
1666000
1666000
1666000
1666000
1561.128
1558.759
1556.018
1552.671
1548.596
1545.24
1542.311
1538.091
1531.178
1520.104
1506.515
1495.907
1488.514
1483.829
1482.214
1666000
1666000
1666000
1666000
1666000
1559.008
1556.665
1553.894
1550.378
1547.302
1544.108
1539.212
1531.649
1520.258
1506.515
1495.792
1488.305
1483.383
1481.348
1666000
1666000
1666000
1666000
1666000
1666000
1556.958
1554.594
1551.547
1548.912
1545.984
1540.616
1532.355
1520.562
1506.672
1495.792
1488.211
1483.127
1480.828
1666000
1666000
1666000
1666000
1666000
1666000
1666000
1554.915
1552.24
1549.999
1547.456
1542.119
1533.292
1521.027
1506.978
1495.907
1488.211
1483.011
1480.519
1666000
1666000
1666000
1666000
1666000
1666000
1666000
1666000
1552.563
1550.654
1548.458
1543.323
1534.38
1521.702
1507.434
1496.148
1488.305
1483.011
1480.377
1666000
1666000
1666000
1666000
1666000
1666000
1666000
1666000
1666000
1550.962
1549.066
1544.165
1535.31
1522.591
1508.12
1496.538
1488.514
1483.127
1480.377
1666000
1666000
1666000
1666000
1666000
1666000
1666000
1666000
1666000
1666000
1549.354
1544.691
1536.008
1523.431
1509.082
1497.198
1488.886
1483.383
1480.519
1666000
1666000
1666000
1666000
1666000
1666000
1666000
1666000
1666000
1666000
1540.237
1544.944
1536.47
1524.12
1510.04
1498.207
1489.561
1483.829
1480.828
1666000
1666000
1666000
1666000
1666000
1666000
1666000
1666000
1666000
1666000
1540.009
1540.293
1536.702
1524.606
1510.858
1499.265
1490.635
1484.605
1481.348
1666000
1666000
1666000
1666000
1666000
1666000
1666000
1666000
1666000
1666000
1539.507
1540.065
1540.358
1524.858
1511.448
1500.193
1491.788
1485.797
1482.214
1666000
1666000
1666000
1666000
1666000
1666000
1666000
1666000
1666000
1666000
1538.649
1539.564
1540.13
1540.428
1511.757
1500.87
1492.81
1487.066
1483.498
1666000
1666000
1666000
1666000
1666000
1666000
1666000
1666000
1666000
1666000
1537.354
1538.706
1539.63
1540.201
1540.505
1501.227
1493.557
1488.18
1484.848
1666000
1666000
1666000
1666000
1666000
1666000
1666000
1666000
1666000
1666000
1535.683
1537.41
1538.772
1539.701
1540.278
1540.587
1493.95
1488.989
1486.021
1666000
1666000
1666000
1666000
1666000
1666000
1666000
1666000
1666000
1666000
1534.019
1535.735
1537.474
1538.843
1539.778
1540.361
1540.676
1489.414
1486.869
1666000
1666000
1666000
1666000
1666000
1666000
1666000
1666000
1666000
1666000
1532.643
1534.069
1535.795
1537.544
1538.921
1539.862
1540.45
1540.765
1487.312
1666000
1666000
1666000
1666000
1666000
1666000
1666000
1666000
1666000
1666000
1531.687
1532.69
1534.124
1535.859
1537.619
1539.005
1539.952
1540.54
1540.855
1666000
1666000
1666000
1666000
1666000
1666000
1666000
1666000
1666000
1666000
1531.202
1531.733
1532.743
1534.183
1535.928
1537.701
1539.094
1540.042
1540.63
1540.945
1666000
1666000
1666000
1666000
1666000
1666000
1666000
1666000
1666000
1531.202
1531.246
1531.784
1532.798
1534.246
1536.002
1537.788
1539.185
1540.133
1540.72
1541.85
1666000
1666000
1666000
1666000
1666000
1666000
1666000
1666000
1531.687
1531.246
1531.296
1531.837
1532.857
1534.313
1536.081
1537.876
1539.277
1540.225
1541.632
1543.645
1666000
1666000
1666000
1666000
1666000
1666000
1666000
1532.643
1531.733
1531.296
1531.349
1531.893
1532.92
1534.385
1536.16
1537.965
1539.369
1541.149
1543.45
1545.492
1666000
1666000
1666000
1666000
1666000
1666000
1534.019
1532.69
1531.784
1531.349
1531.404
1531.953
1532.987
1534.456
1536.239
1538.055
1540.301
1543.01
1545.33
1547.381
1666000
1666000
1666000
1666000
1666000
1535.683
1534.069
1532.743
1531.837
1531.404
1531.463
1532.017
1533.053
1534.527
1536.318
1538.959
1542.204
1544.959
1547.264
1549.305
1666000
1666000
1666000
1666000
1537.354
1535.735
1534.124
1532.798
1531.893
1531.463
1531.526
1532.081
1533.118
1534.597
1537.112
1540.812
1544.243
1546.992
1549.241
5346000
1666000
1666000
1666000
1538.649
1537.41
1535.795
1534.183
1532.857
1531.953
1531.526
1531.588
1532.143
1533.183
1535.301
1538.643
1542.843
1546.44
1549.095
5346000
5346000
1666000
1666000
1539.507
1538.706
1537.474
1535.859
1534.246
1532.92
1532.017
1531.588
1531.649
1532.205
1533.833
1536.596
1540.155
1545.162
1548.805
5346000
5346000
5346000
1666000
1540.009
1539.564
1538.772
1537.544
1535.928
1534.313
1532.987
1532.081
1531.649
1531.71
1532.826
1534.999
1537.802
1541.606
1547.987
5346000
5346000
5346000
5346000
1540.237
1540.065
1539.63
1538.843
1537.619
1536.002
1534.385
1533.053
1532.143
1531.71
1532.317
1533.928
1536.057
1538.883
1542.892
5346000
5346000
5346000
5346000
5346000
1540.293
1540.13
1539.701
1538.921
1537.701
1536.081
1534.456
1533.118
1532.205
1532.317
1533.394
1534.92
1536.989
1539.793
1546.004
5346000
5346000
5346000
5346000
5346000
1540.358
1540.201
1539.778
1539.005
1537.788
1536.16
1534.527
1533.183
1532.826
1533.394
1534.36
1535.79
1537.776
1542.211
1547.826
5346000
5346000
5346000
5346000
5346000
1540.428
1540.278
1539.862
1539.094
1537.876
1536.239
1534.597
1533.833
1533.928
1534.36
1535.208
1536.531
1539.969
1544.849
1548.678
5346000
5346000
5346000
5346000
5346000
1540.505
1540.361
1539.952
1539.185
1537.965
1536.318
1535.301
1534.999
1534.92
1535.208
1535.932
1538.648
1542.837
1546.539
1549.201
5346000
5346000
5346000
5346000
5346000
1540.587
1540.45
1540.042
1539.277
1538.055
1537.112
1536.596
1536.057
1535.79
1535.932
1538.025
1541.598
1544.945
1547.692
1549.583
5346000
5346000
5346000
5346000
5346000
1540.676
1540.54
1540.133
1539.369
1538.959
1538.643
1537.802
1536.989
1536.531
1538.025
1541.005
1543.908
1546.5
1548.53
1549.891
5346000
5346000
5346000
5346000
5346000
1540.765
1540.63
1540.225
1540.301
1540.812
1540.155
1538.883
1537.776
1538.648
1541.005
1543.4
1545.692
1547.67
1549.174
1550.159
5346000
5346000
5346000
5346000
5346000
1540.855
1540.72
1541.149
1542.204
1542.843
1541.606
1539.793
1539.969
1541.598
1543.4
1545.288
1547.072
1548.577
1549.697
1550.407
5346000
5346000
5346000
5346000
5346000
1540.945
1541.632
1543.01
1544.243
1545.162
1542.892
1542.211
1542.837
1543.908
1545.288
1546.767
1548.153
1549.304
1550.147
1550.654
5346000
5346000
5346000
5346000
5346000
1541.85
1543.45
1544.959
1546.44
1547.987
1546.004
1544.849
1544.945
1545.692
1546.767
1547.934
1549.021
1549.917
1550.565
1550.94
5346000
5346000
5346000
5346000
5346000
1543.645
1545.33
1546.992
1548.805
5346000
1547.826
1546.539
1546.5
1547.072
1547.934
1548.874
1549.747
1550.468
1550.992
5346000
5346000
5346000
5346000
5346000
1545.492
1547.264
1549.095
5346000
5346000
1548.678
1547.692
1547.67
1548.153
1548.874
1549.657
1550.389
1550.998
5346000
5346000
5346000
5346000
5346000
1547.381
1549.241
5346000
5346000
5346000
1549.201
1548.53
1548.577
1549.021
1549.657
1550.345
1550.992
5346000
5346000
5346000
5346000
5346000
1549.305
5346000
5346000
5346000
5346000
1549.583
1549.174
1549.304
1549.747
1550.345
1550.986
5346000
5346000
5346000
5346000
5346000
5346000
5346000
5346000
5346000
5346000
1549.891
1549.697
1549.917
1550.389
1550.986
5346000
5346000
5346000
5346000
5346000
5346000
5346000
5346000
5346000
5346000
1550.159
1550.147
1550.468
1550.992
5346000
5346000
5346000
5346000
5346000
5346000
5346000
5346000
5346000
5346000
1550.407
1550.565
1550.998
5346000
5346000
5346000
5346000
5346000
5346000
5346000
5346000
5346000
5346000
1550.654
1550.992
5346000
5346000
5346000
5346000
5346000
5346000
5346000
5346000
5346000
5346000
1550.94
5346000
5346000
5346000
5346000
5346000
5346000
5346000
5346000
5346000
5346000
5346000
5346000
5346000
5346000
5346000
5346000
5346000
5346000
5346000
5346000
5346000
5346000
5346000
5346000
5346000
5346000
5346000
5346000
5346000
5346000
5346000
5346000
5346000
5346000
5346000
5346000
5346000
5346000
5346000
5346000
5346000
5346000
5346000
5346000
5346000
5346000
5346000
5346000
5346000
5346000
5346000
5346000
5346000
5346000
5346000
5346000
5346000
5346000
5346000
5346000
)
;
    }
}
)

// processor1

144376
(dimensions      [1 -1 -2 -1 0 0 0];

internalField   nonuniform List<scalar> 
14000
(
5346000
5346000
5346000
5346000
5346000
5346000
5346000
5346000
5346000
5346000
5346000
5346000
5346000
5346000
5346000
5346000
5346000
5346000
5346000
5346000
5346000
5346000
5346000
5346000
5346000
5346000
5346000
5346000
5346000
5346000
5346000
5346000
5346000
5346000
5346000
5346000
5346000
5346000
5346000
5346000
5346000
5346000
5346000
5346000
5346000
5346000
5346000
5346000
5346000
5346000
5346000
5346000
5346000
5346000
5346000
5346000
5346000
5346000
5346000
5346000
5346000
5346000
5346000
5346000
5346000
5346000
5346000
5346000
5346000
5346000
5346000
5346000
5346000
5346000
5346000
5346000
5346000
5346000
5346000
5346000
5346000
5346000
5346000
5346000
5346000
5346000
5346000
5346000
5346000
5346000
5346000
5346000
5346000
5346000
5346000
5346000
5346000
5346000
5346000
5346000
5346000
5346000
5346000
5346000
5346000
5346000
5346000
5346000
5346000
5346000
5346000
5346000
5346000
5346000
5346000
5346000
5346000
5346000
5346000
5346000
5346000
5346000
5346000
5346000
5346000
5346000
5346000
5346000
5346000
5346000
5346000
5346000
5346000
5346000
5346000
5346000
5346000
5346000
5346000
5346000
5346000
5346000
5346000
5346000
5346000
5346000
5346000
5346000
5346000
5346000
5346000
5346000
5346000
5346000
5346000
5346000
5346000
5346000
5346000
5346000
5346000
5346000
5346000
5346000
5346000
5346000
5346000
5346000
5346000
5346000
5346000
5346000
5346000
5346000
5346000
5346000
5346000
5346000
5346000
5346000
5346000
5346000
5346000
5346000
5346000
5346000
5346000
5346000
5346000
5346000
5346000
5346000
5346000
5346000
5346000
5346000
5346000
5346000
5346000
5346000
5346000
5346000
5346000
5346000
5346000
5346000
5346000
5346000
5346000
5346000
5346000
5346000
5346000
5346000
5346000
5346000
5346000
5346000
5346000
5346000
5346000
5346000
5346000
5346000
5346000
5346000
5346000
5346000
5346000
5346000
5346000
5346000
5346000
5346000
5346000
5346000
5346000
5346000
5346000
5346000
1557.836
5346000
5346000
5346000
5346000
5346000
5346000
5346000
5346000
5346000
5346000
5346000
5346000
5346000
5346000
5346000
5346000
5346000
5346000
5346000
5346000
5346000
5346000
5346000
5346000
5346000
5346000
5346000
5346000
5346000
5346000
5346000
5346000
5346000
5346000
5346000
5346000
5346000
5346000
5346000
5346000
5346000
5346000
5346000
5346000
5346000
5346000
5346000
5346000
5346000
5346000
5346000
5346000
5346000
5346000
5346000
5346000
5346000
5346000
5346000
5346000
5346000
5346000
5346000
5346000
1557.86
5346000
5346000
5346000
5346000
5346000
1557.796
1557.61
5346000
5346000
5346000
5346000
5346000
5346000
5346000
5346000
5346000
5346000
5346000
5346000
5346000
5346000
5346000
5346000
5346000
5346000
5346000
5346000
5346000
5346000
5346000
5346000
5346000
5346000
5346000
5346000
5346000
5346000
5346000
5346000
5346000
5346000
5346000
5346000
5346000
5346000
5346000
5346000
5346000
5346000
5346000
5346000
5346000
5346000
5346000
5346000
5346000
5346000
5346000
5346000
5346000
5346000
5346000
5346000
5346000
5346000
5346000
5346000
5346000
5346000
5346000
5346000
5346000
5346000
5346000
1557.852
5346000
5346000
5346000
5346000
5346000
1557.819
1557.496
5346000
5346000
5346000
5346000
5346000
1557.757
1557.57
1557.413
5346000
5346000
5346000
5346000
5346000
5346000
5346000
5346000
5346000
5346000
5346000
5346000
5346000
5346000
5346000
5346000
5346000
5346000
5346000
5346000
5346000
5346000
5346000
5346000
5346000
5346000
5346000
5346000
5346000
5346000
5346000
5346000
5346000
5346000
5346000
5346000
5346000
5346000
5346000
5346000
5346000
5346000
5346000
5346000
5346000
5346000
5346000
5346000
5346000
5346000
5346000
5346000
5346000
5346000
5346000
5346000
5346000
5346000
5346000
5346000
5346000
5346000
5346000
5346000
5346000
5346000
5346000
5346000
5346000
1557.839
5346000
5346000
5346000
5346000
5346000
1557.809
1557.384
5346000
5346000
5346000
5346000
5346000
1557.779
1557.454
1557.121
5346000
5346000
5346000
5346000
5346000
1557.724
1557.531
1557.375
1557.215
5346000
5346000
5346000
5346000
5346000
5346000
5346000
5346000
5346000
5346000
5346000
5346000
5346000
5346000
5346000
5346000
5346000
5346000
5346000
5346000
5346000
5346000
5346000
5346000
5346000
5346000
5346000
5346000
5346000
5346000
5346000
5346000
5346000
5346000
5346000
5346000
5346000
5346000
5346000
5346000
5346000
5346000
5346000
5346000
5346000
5346000
5346000
5346000
5346000
5346000
5346000
5346000
5346000
5346000
5346000
5346000
5346000
5346000
5346000
5346000
5346000
5346000
5346000
5346000
5346000
5346000
5346000
5346000
5346000
5346000
1557.831
5346000
5346000
5346000
5346000
5346000
1557.796
1557.298
5346000
5346000
5346000
5346000
5346000
1557.769
1557.34
1556.869
5346000
5346000
5346000
5346000
5346000
1557.744
1557.413
1557.08
1556.69
5346000
5346000
5346000
5346000
5346000
1557.689
1557.498
1557.337
1557.181
1557.005
5346000
5346000
5346000
5346000
5346000
5346000
5346000
5346000
5346000
5346000
5346000
5346000
5346000
5346000
5346000
5346000
5346000
5346000
5346000
5346000
5346000
5346000
5346000
5346000
5346000
5346000
5346000
5346000
5346000
5346000
5346000
5346000
5346000
5346000
5346000
5346000
5346000
5346000
5346000
5346000
5346000
5346000
5346000
5346000
5346000
5346000
5346000
5346000
5346000
5346000
5346000
5346000
5346000
5346000
5346000
5346000
5346000
5346000
5346000
5346000
5346000
5346000
5346000
5346000
5346000
5346000
5346000
5346000
5346000
5346000
1557.831
5346000
5346000
5346000
5346000
5346000
1557.787
1557.252
5346000
5346000
5346000
5346000
5346000
1557.754
1557.252
1556.686
5346000
5346000
5346000
5346000
5346000
1557.732
1557.297
1556.824
1556.247
5346000
5346000
5346000
5346000
5346000
1557.708
1557.376
1557.039
1556.652
1556.161
5346000
5346000
5346000
5346000
1557.66
1557.463
1557.306
1557.147
1556.979
1556.78
5346000
5346000
5346000
5346000
5346000
5346000
5346000
5346000
5346000
5346000
5346000
5346000
5346000
5346000
5346000
5346000
5346000
5346000
5346000
5346000
5346000
5346000
5346000
5346000
5346000
5346000
5346000
5346000
5346000
5346000
5346000
5346000
5346000
5346000
5346000
5346000
5346000
5346000
5346000
5346000
5346000
5346000
5346000
5346000
5346000
5346000
5346000
5346000
5346000
1561.128
5346000
5346000
5346000
5346000
5346000
5346000
5346000
5346000
5346000
5346000
5346000
5346000
5346000
5346000
5346000
5346000
5346000
5346000
5346000
5346000
1557.839
5346000
5346000
5346000
5346000
5346000
1557.787
1557.252
5346000
5346000
5346000
5346000
5346000
1557.745
1557.205
1556.589
5346000
5346000
5346000
5346000
5346000
1557.715
1557.208
1556.637
1555.93
5346000
5346000
5346000
5346000
5346000
1557.694
1557.256
1556.781
1556.204
1555.455
5346000
5346000
5346000
5346000
1557.677
1557.338
1557.002
1556.614
1556.131
1555.494
5346000
5346000
5346000
1557.628
1557.434
1557.272
1557.12
1556.951
1556.764
1556.528
5346000
5346000
5346000
5346000
5346000
5346000
5346000
5346000
5346000
5346000
5346000
5346000
5346000
5346000
5346000
5346000
5346000
5346000
5346000
5346000
5346000
5346000
5346000
5346000
5346000
5346000
5346000
5346000
5346000
5346000
5346000
5346000
5346000
5346000
5346000
5346000
5346000
5346000
5346000
1560.936
5346000
5346000
5346000
5346000
5346000
5346000
5346000
5346000
1561.135
1559.008
5346000
5346000
5346000
5346000
5346000
5346000
5346000
5346000
5346000
5346000
5346000
5346000
5346000
5346000
5346000
5346000
5346000
5346000
5346000
5346000
1557.851
5346000
5346000
5346000
5346000
5346000
1557.796
1557.298
5346000
5346000
5346000
5346000
5346000
1557.745
1557.205
1556.589
5346000
5346000
5346000
5346000
5346000
1557.705
1557.16
1556.539
1555.764
5346000
5346000
5346000
5346000
5346000
1557.677
1557.164
1556.592
1555.881
1554.954
5346000
5346000
5346000
5346000
1557.661
1557.215
1556.738
1556.161
1555.418
1554.433
5346000
5346000
5346000
1557.644
1557.304
1556.964
1556.58
1556.098
1555.474
1554.631
5346000
5346000
1557.602
1557.402
1557.245
1557.09
1556.931
1556.746
1556.523
1556.19
5346000
5346000
5346000
5346000
5346000
5346000
5346000
5346000
5346000
5346000
5346000
5346000
5346000
5346000
5346000
5346000
5346000
5346000
5346000
5346000
5346000
5346000
5346000
5346000
5346000
5346000
5346000
5346000
5346000
1560.527
5346000
5346000
5346000
5346000
5346000
5346000
5346000
5346000
1560.942
1558.759
5346000
5346000
5346000
5346000
5346000
5346000
5346000
1561.141
1559.013
1556.958
5346000
5346000
5346000
5346000
5346000
5346000
5346000
5346000
5346000
5346000
5346000
5346000
5346000
5346000
5346000
5346000
5346000
5346000
5346000
5346000
1557.86
5346000
5346000
5346000
5346000
5346000
1557.809
1557.384
5346000
5346000
5346000
5346000
5346000
1557.754
1557.252
1556.686
5346000
5346000
5346000
5346000
5346000
1557.705
1557.16
1556.539
1555.764
5346000
5346000
5346000
5346000
5346000
1557.667
1557.115
1556.493
1555.713
1554.694
5346000
5346000
5346000
5346000
1557.642
1557.122
1556.546
1555.836
1554.91
1553.69
5346000
5346000
5346000
1557.626
1557.178
1556.696
1556.121
1555.38
1554.405
1553.115
5346000
5346000
1557.615
1557.269
1556.93
1556.544
1556.07
1555.45
1554.624
1553.459
5346000
1557.571
1557.376
1557.215
1557.067
1556.907
1556.735
1556.515
1556.197
1555.542
5346000
5346000
5346000
5346000
5346000
5346000
5346000
5346000
5346000
5346000
5346000
5346000
5346000
5346000
5346000
5346000
5346000
5346000
5346000
1559.802
5346000
5346000
5346000
5346000
5346000
5346000
5346000
5346000
1560.534
1558.21
5346000
5346000
5346000
5346000
5346000
5346000
5346000
1560.949
1558.764
1556.665
5346000
5346000
5346000
5346000
5346000
5346000
1561.149
1559.018
1556.961
1554.915
5346000
5346000
5346000
5346000
5346000
5346000
5346000
5346000
5346000
5346000
5346000
5346000
5346000
5346000
5346000
5346000
5346000
5346000
5346000
5346000
1557.836
5346000
5346000
5346000
5346000
5346000
1557.819
1557.496
5346000
5346000
5346000
5346000
5346000
1557.769
1557.34
1556.869
5346000
5346000
5346000
5346000
5346000
1557.715
1557.208
1556.637
1555.93
5346000
5346000
5346000
5346000
5346000
1557.667
1557.115
1556.493
1555.713
1554.694
5346000
5346000
5346000
5346000
1557.63
1557.072
1556.445
1555.667
1554.646
1553.309
5346000
5346000
5346000
1557.606
1557.081
1556.502
1555.791
1554.868
1553.655
1552.082
5346000
5346000
1557.595
1557.14
1556.657
1556.081
1555.346
1554.377
1553.101
1551.41
5346000
1557.584
1557.239
1556.895
1556.513
1556.04
1555.432
1554.612
1553.465
1551.724
1557.547
1557.346
1557.19
1557.04
1556.891
1556.719
1556.514
1556.199
1555.555
1553.716
5346000
5346000
5346000
5346000
5346000
5346000
5346000
5346000
5346000
1558.208
5346000
5346000
5346000
5346000
5346000
5346000
5346000
5346000
1559.811
1557.193
5346000
5346000
5346000
5346000
5346000
5346000
5346000
1560.541
1558.215
1556.018
5346000
5346000
5346000
5346000
5346000
5346000
1560.958
1558.769
1556.668
1554.594
5346000
5346000
5346000
5346000
5346000
1561.153
1559.025
1556.966
1554.916
1552.563
5346000
5346000
5346000
5346000
5346000
5346000
5346000
5346000
5346000
5346000
5346000
5346000
5346000
5346000
5346000
5346000
5346000
5346000
5346000
5346000
5346000
5346000
5346000
5346000
5346000
1557.796
1557.61
5346000
5346000
5346000
5346000
5346000
1557.779
1557.454
1557.121
5346000
5346000
5346000
5346000
5346000
1557.732
1557.297
1556.824
1556.247
5346000
5346000
5346000
5346000
5346000
1557.677
1557.164
1556.592
1555.881
1554.954
5346000
5346000
5346000
5346000
1557.63
1557.072
1556.445
1555.667
1554.646
1553.309
5346000
5346000
5346000
1557.594
1557.029
1556.4
1555.619
1554.602
1553.27
1551.56
5346000
5346000
1557.573
1557.042
1556.458
1555.748
1554.828
1553.621
1552.059
1550.072
5346000
1557.563
1557.105
1556.618
1556.043
1555.31
1554.352
1553.085
1551.411
1549.158
1557.557
1557.206
1556.864
1556.48
1556.015
1555.41
1554.604
1553.464
1551.737
1548.875
1557.321
1557.162
1557.019
1556.869
1556.71
1556.508
1556.207
1555.564
1553.726
1550.515
5346000
5346000
5346000
5346000
5346000
5346000
5346000
5346000
1558.217
1555.095
5346000
5346000
5346000
5346000
5346000
5346000
5346000
1559.819
1557.198
1554.843
5346000
5346000
5346000
5346000
5346000
5346000
1560.551
1558.222
1556.02
1553.894
5346000
5346000
5346000
5346000
5346000
1560.963
1558.777
1556.673
1554.594
1552.24
5346000
5346000
5346000
5346000
1561.159
1559.03
1556.973
1554.919
1552.561
1550.962
5346000
5346000
5346000
5346000
5346000
5346000
5346000
5346000
5346000
5346000
5346000
5346000
5346000
5346000
5346000
5346000
5346000
5346000
5346000
5346000
5346000
5346000
5346000
5346000
5346000
5346000
5346000
5346000
5346000
5346000
1557.757
1557.57
1557.413
5346000
5346000
5346000
5346000
5346000
1557.744
1557.413
1557.08
1556.69
5346000
5346000
5346000
5346000
5346000
1557.695
1557.256
1556.781
1556.204
1555.455
5346000
5346000
5346000
5346000
1557.642
1557.122
1556.546
1555.836
1554.91
1553.69
5346000
5346000
5346000
1557.594
1557.029
1556.4
1555.619
1554.602
1553.27
1551.56
5346000
5346000
1557.56
1556.989
1556.354
1555.575
1554.56
1553.232
1551.533
1549.413
5346000
1557.54
1557.003
1556.417
1555.706
1554.789
1553.591
1552.038
1550.065
1547.579
1557.533
1557.07
1556.581
1556.006
1555.278
1554.326
1553.073
1551.407
1549.166
1546.09
1557.176
1556.832
1556.452
1555.987
1555.394
1554.593
1553.467
1551.742
1548.88
1546.536
1557.138
1556.994
1556.854
1556.696
1556.508
1556.209
1555.578
1553.736
1550.515
1549.847
5346000
5346000
5346000
5346000
5346000
5346000
5346000
1558.227
1555.099
1552.701
5346000
5346000
5346000
5346000
5346000
5346000
1559.83
1557.205
1554.846
1552.671
5346000
5346000
5346000
5346000
5346000
1560.556
1558.231
1556.026
1553.894
1551.547
5346000
5346000
5346000
5346000
1560.969
1558.782
1556.68
1554.598
1552.237
1550.654
5346000
5346000
5346000
1561.161
1559.035
1556.977
1554.924
1552.561
1550.956
1549.354
5346000
5346000
5346000
5346000
5346000
5346000
5346000
5346000
5346000
5346000
5346000
5346000
5346000
5346000
5346000
5346000
5346000
5346000
5346000
5346000
5346000
5346000
5346000
5346000
5346000
5346000
5346000
5346000
5346000
5346000
5346000
5346000
5346000
5346000
5346000
1557.724
1557.531
1557.375
1557.215
5346000
5346000
5346000
5346000
5346000
1557.708
1557.376
1557.039
1556.652
1556.161
5346000
5346000
5346000
5346000
1557.661
1557.216
1556.738
1556.161
1555.418
1554.433
5346000
5346000
5346000
1557.606
1557.081
1556.502
1555.791
1554.868
1553.655
1552.082
5346000
5346000
1557.56
1556.989
1556.354
1555.575
1554.56
1553.232
1551.533
1549.413
5346000
1557.526
1556.948
1556.312
1555.53
1554.519
1553.2
1551.509
1549.402
1546.825
1557.508
1556.967
1556.375
1555.665
1554.753
1553.562
1552.022
1550.057
1547.582
1544.469
1557.034
1556.546
1555.97
1555.246
1554.303
1553.058
1551.408
1549.169
1546.09
1544.08
1556.8
1556.423
1555.964
1555.374
1554.587
1553.465
1551.751
1548.885
1546.529
1546.27
1556.974
1556.834
1556.688
1556.502
1556.216
1555.585
1553.751
1550.523
1549.844
1548.843
5346000
5346000
5346000
5346000
5346000
5346000
1558.239
1555.107
1552.701
1550.659
5346000
5346000
5346000
5346000
5346000
1559.837
1557.215
1554.852
1552.671
1550.378
5346000
5346000
5346000
5346000
1560.563
1558.236
1556.034
1553.898
1551.544
1549.999
5346000
5346000
5346000
1560.971
1558.788
1556.684
1554.604
1552.238
1550.648
1549.066
5346000
5346000
1561.165
1559.037
1556.981
1554.927
1552.563
1550.954
1549.346
1544.944
5346000
5346000
5346000
5346000
5346000
5346000
5346000
5346000
5346000
5346000
5346000
5346000
5346000
5346000
5346000
5346000
5346000
5346000
5346000
5346000
5346000
5346000
5346000
5346000
5346000
5346000
5346000
5346000
5346000
5346000
5346000
5346000
5346000
5346000
5346000
5346000
5346000
5346000
5346000
5346000
1557.689
1557.498
1557.337
1557.181
1557.005
5346000
5346000
5346000
5346000
1557.677
1557.338
1557.002
1556.614
1556.131
1555.494
5346000
5346000
5346000
1557.626
1557.178
1556.696
1556.121
1555.38
1554.405
1553.115
5346000
5346000
1557.573
1557.042
1556.458
1555.748
1554.828
1553.621
1552.059
1550.072
5346000
1557.526
1556.948
1556.312
1555.529
1554.519
1553.2
1551.509
1549.402
1546.825
1557.493
1556.912
1556.267
1555.487
1554.48
1553.168
1551.491
1549.391
1546.824
1543.709
1556.927
1556.338
1555.625
1554.717
1553.535
1552.005
1550.056
1547.582
1544.465
1542.595
1556.506
1555.937
1555.216
1554.28
1553.048
1551.404
1549.177
1546.093
1544.068
1543.923
1556.392
1555.94
1555.359
1554.576
1553.469
1551.756
1548.898
1546.536
1546.262
1545.749
1556.819
1556.675
1556.501
1556.217
1555.598
1553.761
1550.537
1549.852
1548.838
1547.66
5346000
5346000
5346000
5346000
5346000
1558.248
1555.119
1552.708
1550.656
1548.596
5346000
5346000
5346000
5346000
1559.845
1557.221
1554.861
1552.676
1550.374
1548.912
5346000
5346000
5346000
1560.567
1558.243
1556.039
1553.905
1551.544
1549.992
1548.458
5346000
5346000
1560.976
1558.79
1556.689
1554.607
1552.241
1550.646
1549.058
1544.691
5346000
1561.166
1559.04
1556.983
1554.931
1552.563
1550.954
1549.342
1544.935
1536.702
5346000
5346000
5346000
5346000
5346000
5346000
5346000
5346000
5346000
5346000
5346000
5346000
5346000
5346000
5346000
5346000
5346000
5346000
5346000
5346000
5346000
5346000
5346000
5346000
5346000
5346000
5346000
5346000
5346000
5346000
5346000
5346000
5346000
5346000
5346000
5346000
5346000
5346000
5346000
5346000
5346000
5346000
5346000
5346000
1557.66
1557.463
1557.306
1557.147
1556.979
1556.78
5346000
5346000
5346000
1557.644
1557.304
1556.964
1556.58
1556.098
1555.474
1554.631
5346000
5346000
1557.595
1557.14
1556.657
1556.081
1555.346
1554.376
1553.101
1551.41
5346000
1557.54
1557.003
1556.417
1555.706
1554.789
1553.591
1552.038
1550.065
1547.579
1557.493
1556.912
1556.267
1555.487
1554.48
1553.168
1551.491
1549.391
1546.824
1543.709
1556.869
1556.23
1555.445
1554.442
1553.14
1551.472
1549.388
1546.822
1543.702
1541.887
1556.292
1555.589
1554.683
1553.509
1551.993
1550.051
1547.589
1544.466
1542.579
1542.477
1555.898
1555.188
1554.259
1553.035
1551.405
1549.181
1546.105
1544.074
1543.909
1543.575
1555.914
1555.342
1554.57
1553.467
1551.766
1548.906
1546.55
1546.268
1545.739
1545.015
1556.666
1556.495
1556.223
1555.603
1553.775
1550.545
1549.864
1548.845
1547.653
1546.226
5346000
5346000
5346000
5346000
1558.258
1555.126
1552.718
1550.661
1548.59
1547.302
5346000
5346000
5346000
1559.849
1557.229
1554.866
1552.683
1550.375
1548.904
1547.456
5346000
5346000
1560.572
1558.245
1556.045
1553.909
1551.548
1549.99
1548.448
1544.165
5346000
1560.976
1558.794
1556.691
1554.611
1552.241
1550.646
1549.053
1544.681
1536.47
1561.167
1559.04
1556.986
1554.931
1552.564
1550.951
1549.34
1544.931
1536.7
1524.857
5346000
5346000
5346000
5346000
5346000
5346000
5346000
5346000
5346000
5346000
5346000
5346000
5346000
5346000
5346000
5346000
5346000
5346000
5346000
5346000
5346000
5346000
5346000
5346000
5346000
5346000
5346000
5346000
5346000
5346000
5346000
5346000
5346000
5346000
5346000
5346000
5346000
5346000
5346000
5346000
5346000
5346000
5346000
5346000
5346000
5346000
5346000
1557.628
1557.434
1557.272
1557.12
1556.951
1556.764
1556.528
5346000
5346000
1557.615
1557.269
1556.93
1556.544
1556.07
1555.45
1554.624
1553.459
5346000
1557.563
1557.105
1556.618
1556.043
1555.31
1554.352
1553.085
1551.411
1549.158
1557.508
1556.967
1556.375
1555.665
1554.753
1553.562
1552.022
1550.057
1547.582
1544.469
1556.869
1556.23
1555.445
1554.442
1553.14
1551.472
1549.388
1546.822
1543.702
1541.887
1556.181
1555.407
1554.406
1553.112
1551.458
1549.383
1546.829
1543.702
1541.869
1541.782
1555.543
1554.652
1553.485
1551.978
1550.052
1547.593
1544.478
1542.584
1542.459
1542.198
1555.154
1554.239
1553.026
1551.403
1549.19
1546.113
1544.088
1543.915
1543.561
1543.043
1555.324
1554.562
1553.469
1551.77
1548.918
1546.559
1546.281
1545.745
1545.004
1544.004
1556.493
1556.223
1555.614
1553.782
1550.557
1549.872
1548.856
1547.658
1546.216
1545.24
5346000
5346000
5346000
1558.263
1555.135
1552.725
1550.67
1548.592
1547.293
1545.984
5346000
5346000
1559.855
1557.233
1554.873
1552.688
1550.38
1548.902
1547.446
1543.323
5346000
1560.572
1558.25
1556.047
1553.914
1551.549
1549.991
1548.444
1544.153
1536.008
1560.978
1558.794
1556.694
1554.612
1552.242
1550.644
1549.052
1544.676
1536.467
1524.606
1559.041
1556.985
1554.933
1552.562
1550.95
1549.336
1544.929
1536.702
1524.875
1511.757
5346000
5346000
5346000
5346000
5346000
5346000
5346000
5346000
5346000
5346000
5346000
5346000
5346000
5346000
5346000
5346000
5346000
5346000
5346000
5346000
5346000
5346000
5346000
5346000
5346000
5346000
5346000
5346000
5346000
5346000
5346000
5346000
5346000
5346000
5346000
5346000
5346000
5346000
5346000
5346000
5346000
5346000
5346000
5346000
5346000
5346000
5346000
5346000
5346000
1557.602
1557.402
1557.245
1557.09
1556.931
1556.746
1556.523
1556.19
5346000
1557.584
1557.239
1556.895
1556.513
1556.04
1555.432
1554.612
1553.465
1551.724
1557.533
1557.07
1556.581
1556.006
1555.278
1554.326
1553.073
1551.407
1549.166
1546.09
1556.927
1556.338
1555.625
1554.717
1553.535
1552.005
1550.056
1547.582
1544.465
1542.595
1556.181
1555.407
1554.406
1553.112
1551.458
1549.383
1546.829
1543.702
1541.869
1541.782
1555.359
1554.373
1553.087
1551.443
1549.383
1546.832
1543.714
1541.873
1541.762
1541.528
1554.612
1553.463
1551.967
1550.049
1547.603
1544.486
1542.598
1542.464
1542.179
1541.753
1554.214
1553.015
1551.404
1549.194
1546.125
1544.097
1543.928
1543.565
1543.027
1542.257
1554.553
1553.468
1551.778
1548.925
1546.571
1546.289
1545.757
1545.009
1543.991
1543.261
1556.226
1555.617
1553.793
1550.563
1549.883
1548.863
1547.668
1546.219
1545.228
1544.108
5346000
5346000
1558.271
1555.14
1552.733
1550.676
1548.598
1547.291
1545.973
1542.119
5346000
1559.857
1557.238
1554.876
1552.694
1550.382
1548.904
1547.441
1543.31
1535.31
1560.575
1558.25
1556.051
1553.915
1551.551
1549.989
1548.443
1544.147
1536.001
1524.12
1558.795
1556.694
1554.614
1552.24
1550.642
1549.048
1544.674
1536.468
1524.621
1511.447
1556.986
1554.931
1552.561
1550.944
1549.332
1544.924
1536.707
1524.896
1511.804
1501.227
5346000
5346000
5346000
5346000
5346000
5346000
5346000
5346000
5346000
5346000
5346000
5346000
5346000
5346000
5346000
5346000
5346000
5346000
5346000
5346000
5346000
5346000
5346000
5346000
5346000
5346000
5346000
5346000
5346000
5346000
5346000
5346000
5346000
5346000
5346000
5346000
5346000
5346000
5346000
5346000
5346000
5346000
5346000
5346000
5346000
5346000
5346000
5346000
5346000
5346000
1557.571
1557.376
1557.215
1557.067
1556.907
1556.735
1556.515
1556.197
1555.542
1557.557
1557.206
1556.864
1556.48
1556.015
1555.41
1554.604
1553.464
1551.737
1548.875
1557.034
1556.546
1555.97
1555.246
1554.303
1553.058
1551.408
1549.169
1546.09
1544.08
1556.292
1555.589
1554.683
1553.509
1551.993
1550.051
1547.589
1544.466
1542.579
1542.477
1555.359
1554.373
1553.087
1551.443
1549.383
1546.832
1543.714
1541.873
1541.762
1541.528
1554.331
1553.063
1551.432
1549.38
1546.842
1543.722
1541.887
1541.767
1541.508
1541.118
1553.434
1551.956
1550.05
1547.608
1544.499
1542.607
1542.477
1542.183
1541.734
1541.078
1553.002
1551.402
1549.202
1546.132
1544.11
1543.936
1543.577
1543.031
1542.24
1541.665
1553.468
1551.782
1548.935
1546.578
1546.3
1545.764
1545.019
1543.994
1543.246
1542.311
1555.624
1553.798
1550.573
1549.888
1548.873
1547.674
1546.226
1545.228
1544.094
1540.616
5346000
1558.274
1555.147
1552.737
1550.683
1548.601
1547.294
1545.968
1542.105
1534.38
1559.861
1557.24
1554.881
1552.696
1550.385
1548.903
1547.44
1543.301
1535.302
1523.431
1558.252
1556.051
1553.918
1551.55
1549.989
1548.439
1544.145
1536.001
1524.132
1510.858
1556.695
1554.612
1552.239
1550.637
1549.045
1544.668
1536.472
1524.642
1511.492
1500.87
1554.931
1552.556
1550.94
1549.325
1544.919
1536.706
1524.92
1511.852
1501.299
1493.95
5346000
5346000
5346000
5346000
5346000
5346000
5346000
5346000
5346000
5346000
5346000
5346000
5346000
5346000
5346000
5346000
5346000
5346000
5346000
5346000
5346000
5346000
5346000
5346000
5346000
5346000
5346000
5346000
5346000
5346000
5346000
5346000
5346000
5346000
5346000
5346000
5346000
5346000
5346000
5346000
5346000
5346000
5346000
5346000
5346000
5346000
5346000
5346000
5346000
5346000
1557.547
1557.346
1557.19
1557.04
1556.891
1556.719
1556.514
1556.199
1555.555
1553.716
1557.176
1556.832
1556.452
1555.987
1555.394
1554.593
1553.467
1551.742
1548.88
1546.536
1556.506
1555.937
1555.216
1554.28
1553.048
1551.404
1549.177
1546.093
1544.068
1543.923
1555.543
1554.652
1553.485
1551.978
1550.052
1547.593
1544.478
1542.584
1542.459
1542.198
1554.331
1553.063
1551.432
1549.38
1546.842
1543.722
1541.887
1541.767
1541.508
1541.118
1553.033
1551.419
1549.382
1546.848
1543.736
1541.896
1541.78
1541.512
1541.097
1540.487
1551.941
1550.049
1547.617
1544.507
1542.621
1542.485
1542.196
1541.738
1541.058
1540.569
1551.4
1549.206
1546.143
1544.117
1543.948
1543.585
1543.042
1542.243
1541.647
1540.859
1551.787
1548.94
1546.588
1546.306
1545.775
1545.026
1544.003
1543.246
1542.293
1539.212
1553.806
1550.576
1549.897
1548.878
1547.683
1546.23
1545.232
1544.089
1540.599
1533.292
1558.279
1555.149
1552.743
1550.686
1548.606
1547.294
1545.967
1542.094
1534.372
1522.591
1557.243
1554.882
1552.7
1550.384
1548.903
1547.437
1543.298
1535.297
1523.444
1510.04
1556.052
1553.917
1551.55
1549.984
1548.436
1544.139
1536.004
1524.15
1510.899
1500.193
1554.612
1552.235
1550.633
1549.037
1544.663
1536.472
1524.665
1511.54
1500.94
1493.557
1552.553
1550.932
1549.317
1544.908
1536.706
1524.935
1511.902
1501.371
1494.041
1489.414
5346000
5346000
5346000
5346000
5346000
5346000
5346000
5346000
5346000
5346000
5346000
5346000
5346000
5346000
5346000
5346000
5346000
5346000
5346000
5346000
5346000
5346000
5346000
5346000
5346000
5346000
5346000
5346000
5346000
5346000
5346000
5346000
5346000
5346000
5346000
5346000
5346000
5346000
5346000
5346000
5346000
5346000
5346000
5346000
5346000
5346000
5346000
5346000
5346000
5346000
1557.321
1557.162
1557.019
1556.869
1556.71
1556.508
1556.207
1555.564
1553.726
1550.515
1556.8
1556.423
1555.964
1555.374
1554.587
1553.465
1551.751
1548.885
1546.529
1546.27
1555.898
1555.188
1554.259
1553.035
1551.405
1549.181
1546.105
1544.074
1543.909
1543.575
1554.612
1553.463
1551.967
1550.049
1547.603
1544.486
1542.598
1542.464
1542.179
1541.753
1553.033
1551.419
1549.382
1546.848
1543.736
1541.896
1541.78
1541.512
1541.097
1540.487
1551.405
1549.381
1546.858
1543.744
1541.91
1541.788
1541.524
1541.1
1540.466
1540.016
1550.047
1547.622
1544.519
1542.628
1542.498
1542.204
1541.749
1541.061
1540.549
1539.86
1549.211
1546.149
1544.128
1543.955
1543.597
1543.049
1542.253
1541.647
1540.838
1538.091
1548.947
1546.592
1546.316
1545.78
1545.036
1544.007
1543.252
1542.289
1539.19
1532.355
1550.582
1549.899
1548.885
1547.687
1546.236
1545.233
1544.089
1540.588
1533.281
1521.702
1555.153
1552.745
1550.691
1548.606
1547.296
1545.964
1542.09
1534.361
1522.606
1509.082
1554.885
1552.699
1550.386
1548.9
1547.434
1543.292
1535.298
1523.454
1510.084
1499.265
1553.917
1551.546
1549.981
1548.43
1544.134
1536.003
1524.172
1510.944
1500.259
1492.809
1552.232
1550.626
1549.03
1544.653
1536.471
1524.679
1511.59
1501.011
1493.645
1488.989
1550.926
1549.307
1544.896
1536.697
1524.95
1511.941
1501.443
1494.129
1489.517
1487.312
5346000
5346000
5346000
5346000
5346000
5346000
5346000
5346000
5346000
5346000
5346000
5346000
5346000
5346000
5346000
5346000
5346000
5346000
5346000
5346000
5346000
5346000
5346000
5346000
5346000
5346000
5346000
5346000
5346000
5346000
5346000
5346000
5346000
5346000
5346000
5346000
5346000
5346000
5346000
5346000
5346000
5346000
5346000
5346000
5346000
5346000
5346000
5346000
5346000
1558.208
1557.138
1556.994
1556.854
1556.696
1556.508
1556.209
1555.578
1553.736
1550.515
1549.847
1556.392
1555.94
1555.359
1554.576
1553.469
1551.756
1548.898
1546.536
1546.262
1545.749
1555.154
1554.239
1553.026
1551.403
1549.19
1546.113
1544.088
1543.915
1543.561
1543.043
1553.434
1551.956
1550.05
1547.608
1544.499
1542.607
1542.477
1542.183
1541.734
1541.078
1551.405
1549.381
1546.858
1543.744
1541.91
1541.788
1541.524
1541.1
1540.466
1540.016
1549.381
1546.863
1543.757
1541.918
1541.801
1541.532
1541.112
1540.469
1539.994
1539.353
1547.628
1544.525
1542.64
1542.505
1542.216
1541.757
1541.071
1540.549
1539.836
1537.324
1546.156
1544.133
1543.965
1543.603
1543.06
1542.258
1541.654
1540.834
1538.065
1531.649
1546.599
1546.319
1545.789
1545.04
1544.015
1543.254
1542.29
1539.179
1532.339
1521.027
1549.905
1548.887
1547.693
1546.238
1545.237
1544.086
1540.581
1533.268
1521.714
1508.12
1552.748
1550.692
1548.609
1547.294
1545.963
1542.083
1534.359
1522.61
1509.13
1498.207
1552.701
1550.383
1548.898
1547.429
1543.287
1535.295
1523.475
1510.121
1499.335
1491.789
1551.544
1549.974
1548.423
1544.125
1536.001
1524.186
1510.994
1500.328
1492.895
1488.18
1550.62
1549.02
1544.641
1536.463
1524.694
1511.628
1501.084
1493.733
1489.091
1486.869
1549.299
1544.882
1536.683
1524.952
1511.979
1501.502
1494.219
1489.617
1487.421
1666000
5346000
5346000
5346000
5346000
5346000
5346000
5346000
5346000
5346000
5346000
5346000
5346000
5346000
5346000
5346000
5346000
5346000
5346000
5346000
5346000
5346000
5346000
5346000
5346000
5346000
5346000
5346000
5346000
5346000
5346000
5346000
5346000
5346000
5346000
5346000
5346000
5346000
5346000
5346000
1559.802
5346000
5346000
5346000
5346000
5346000
5346000
5346000
5346000
1558.217
1555.095
1556.974
1556.834
1556.688
1556.502
1556.216
1555.585
1553.751
1550.523
1549.844
1548.843
1555.914
1555.342
1554.57
1553.467
1551.766
1548.906
1546.55
1546.268
1545.739
1545.015
1554.214
1553.015
1551.404
1549.194
1546.125
1544.097
1543.928
1543.565
1543.027
1542.257
1551.941
1550.049
1547.617
1544.507
1542.621
1542.485
1542.196
1541.738
1541.058
1540.569
1549.381
1546.863
1543.757
1541.918
1541.801
1541.532
1541.112
1540.469
1539.994
1539.353
1546.871
1543.764
1541.93
1541.809
1541.544
1541.119
1540.479
1539.994
1539.328
1536.935
1544.534
1542.645
1542.516
1542.222
1541.768
1541.077
1540.556
1539.832
1537.295
1531.178
1544.14
1543.969
1543.612
1543.065
1542.267
1541.657
1540.835
1538.053
1531.627
1520.562
1546.325
1545.792
1545.048
1544.018
1543.259
1542.288
1539.171
1532.327
1521.036
1507.434
1548.892
1547.695
1546.243
1545.236
1544.086
1540.572
1533.26
1521.717
1508.169
1497.198
1550.694
1548.607
1547.294
1545.958
1542.077
1534.353
1522.625
1509.162
1498.281
1490.635
1550.381
1548.892
1547.423
1543.278
1535.293
1523.487
1510.17
1499.394
1491.877
1487.066
1549.969
1548.413
1544.113
1535.994
1524.2
1511.031
1500.4
1492.98
1488.278
1486.021
1549.012
1544.627
1536.449
1524.697
1511.666
1501.142
1493.822
1489.19
1486.976
1666000
1544.872
1536.669
1524.946
1512
1501.561
1494.293
1489.718
1487.527
1666000
1666000
5346000
5346000
5346000
5346000
5346000
5346000
5346000
5346000
5346000
5346000
5346000
5346000
5346000
5346000
5346000
5346000
5346000
5346000
5346000
5346000
5346000
5346000
5346000
5346000
5346000
5346000
5346000
5346000
5346000
1560.527
5346000
5346000
5346000
5346000
5346000
5346000
5346000
5346000
1559.811
1557.193
5346000
5346000
5346000
5346000
5346000
5346000
5346000
1558.227
1555.099
1552.701
1556.819
1556.675
1556.501
1556.217
1555.598
1553.761
1550.537
1549.852
1548.838
1547.66
1555.324
1554.562
1553.469
1551.77
1548.918
1546.559
1546.281
1545.745
1545.004
1544.004
1553.002
1551.402
1549.202
1546.132
1544.11
1543.936
1543.577
1543.031
1542.24
1541.665
1550.047
1547.622
1544.519
1542.628
1542.498
1542.204
1541.749
1541.061
1540.549
1539.86
1546.871
1543.764
1541.93
1541.809
1541.544
1541.119
1540.479
1539.994
1539.328
1536.935
1543.773
1541.935
1541.82
1541.551
1541.131
1540.485
1540.002
1539.324
1536.904
1530.941
1542.653
1542.52
1542.232
1541.773
1541.086
1540.56
1539.834
1537.282
1531.151
1520.258
1543.976
1543.616
1543.074
1542.27
1541.663
1540.834
1538.045
1531.612
1520.567
1506.978
1545.797
1545.05
1544.024
1543.26
1542.289
1539.161
1532.314
1521.04
1507.482
1496.538
1547.698
1546.242
1545.237
1544.082
1540.566
1533.25
1521.723
1508.2
1497.272
1489.561
1548.607
1547.289
1545.954
1542.067
1534.349
1522.633
1509.205
1498.336
1490.728
1485.797
1548.888
1547.414
1543.267
1535.285
1523.5
1510.206
1499.466
1491.954
1487.168
1484.848
1548.406
1544.098
1535.98
1524.204
1511.069
1500.458
1493.069
1488.375
1486.125
1666000
1544.616
1536.433
1524.691
1511.689
1501.201
1493.896
1489.291
1487.081
1666000
1666000
1536.661
1524.94
1512.012
1501.599
1494.366
1489.802
1487.634
1666000
1666000
1666000
5346000
5346000
5346000
5346000
5346000
5346000
5346000
5346000
5346000
5346000
5346000
5346000
5346000
5346000
5346000
5346000
5346000
5346000
5346000
1560.936
5346000
5346000
5346000
5346000
5346000
5346000
5346000
5346000
1560.534
1558.21
5346000
5346000
5346000
5346000
5346000
5346000
5346000
1559.819
1557.198
1554.843
5346000
5346000
5346000
5346000
5346000
5346000
1558.239
1555.107
1552.701
1550.659
1556.666
1556.495
1556.223
1555.603
1553.775
1550.545
1549.864
1548.845
1547.653
1546.226
1554.553
1553.468
1551.778
1548.925
1546.571
1546.289
1545.757
1545.009
1543.991
1543.261
1551.4
1549.206
1546.143
1544.117
1543.948
1543.585
1543.042
1542.243
1541.647
1540.859
1547.628
1544.525
1542.64
1542.505
1542.216
1541.757
1541.071
1540.549
1539.836
1537.324
1543.773
1541.935
1541.82
1541.551
1541.131
1540.485
1540.002
1539.324
1536.904
1530.941
1541.943
1541.824
1541.561
1541.137
1540.495
1540.005
1539.327
1536.89
1530.912
1520.104
1542.527
1542.236
1541.783
1541.091
1540.567
1539.833
1537.274
1531.135
1520.259
1506.672
1543.621
1543.076
1542.277
1541.664
1540.836
1538.034
1531.6
1520.571
1507.025
1496.148
1545.055
1544.024
1543.263
1542.285
1539.154
1532.3
1521.041
1507.518
1496.611
1488.886
1546.243
1545.234
1544.08
1540.556
1533.243
1521.727
1508.234
1497.326
1489.653
1484.605
1547.286
1545.946
1542.058
1534.339
1522.643
1509.238
1498.402
1490.799
1485.903
1483.498
1547.407
1543.252
1535.273
1523.503
1510.244
1499.523
1492.042
1487.257
1484.957
1666000
1544.087
1535.962
1524.199
1511.093
1500.516
1493.142
1488.476
1486.229
1666000
1666000
1536.425
1524.683
1511.701
1501.241
1493.97
1489.375
1487.188
1666000
1666000
1666000
1524.943
1512.023
1501.629
1494.419
1489.887
1487.723
1666000
1666000
1666000
1666000
5346000
5346000
5346000
5346000
5346000
5346000
5346000
5346000
5346000
1561.128
5346000
5346000
5346000
5346000
5346000
5346000
5346000
5346000
1560.942
1558.759
5346000
5346000
5346000
5346000
5346000
5346000
5346000
1560.541
1558.215
1556.018
5346000
5346000
5346000
5346000
5346000
5346000
1559.83
1557.205
1554.846
1552.671
5346000
5346000
5346000
5346000
5346000
1558.248
1555.119
1552.708
1550.656
1548.596
1556.493
1556.223
1555.614
1553.782
1550.557
1549.872
1548.856
1547.658
1546.216
1545.24
1553.468
1551.782
1548.935
1546.578
1546.3
1545.764
1545.019
1543.994
1543.246
1542.311
1549.211
1546.149
1544.128
1543.955
1543.597
1543.049
1542.253
1541.647
1540.838
1538.091
1544.534
1542.645
1542.516
1542.222
1541.768
1541.077
1540.556
1539.832
1537.295
1531.178
1541.943
1541.824
1541.561
1541.137
1540.495
1540.005
1539.327
1536.89
1530.912
1520.104
1541.832
1541.565
1541.146
1540.499
1540.013
1539.326
1536.882
1530.894
1520.103
1506.515
1542.242
1541.786
1541.098
1540.569
1539.836
1537.263
1531.123
1520.261
1506.717
1495.907
1543.082
1542.279
1541.669
1540.833
1538.027
1531.582
1520.574
1507.063
1496.22
1488.514
1544.027
1543.261
1542.285
1539.144
1532.291
1521.039
1507.548
1496.67
1488.976
1483.829
1545.233
1544.074
1540.547
1533.231
1521.733
1508.263
1497.383
1489.724
1484.71
1482.214
1545.939
1542.044
1534.329
1522.645
1509.273
1498.455
1490.882
1485.987
1483.611
1666000
1543.24
1535.254
1523.502
1510.267
1499.582
1492.114
1487.358
1485.051
1666000
1666000
1535.953
1524.187
1511.106
1500.558
1493.216
1488.56
1486.335
1666000
1666000
1666000
1524.686
1511.709
1501.271
1494.024
1489.46
1487.278
1666000
1666000
1666000
1666000
1512.044
1501.656
1494.463
1489.949
1487.813
1666000
1666000
1666000
1666000
1666000
5346000
5346000
5346000
5346000
5346000
5346000
5346000
5346000
1561.135
1559.008
5346000
5346000
5346000
5346000
5346000
5346000
5346000
1560.949
1558.764
1556.665
5346000
5346000
5346000
5346000
5346000
5346000
1560.55
1558.222
1556.02
1553.894
5346000
5346000
5346000
5346000
5346000
1559.837
1557.215
1554.852
1552.671
1550.378
5346000
5346000
5346000
5346000
1558.258
1555.126
1552.718
1550.661
1548.59
1547.302
1556.226
1555.617
1553.793
1550.563
1549.883
1548.863
1547.668
1546.219
1545.228
1544.108
1551.787
1548.94
1546.588
1546.306
1545.775
1545.026
1544.003
1543.246
1542.293
1539.212
1546.156
1544.133
1543.965
1543.603
1543.06
1542.258
1541.654
1540.834
1538.065
1531.649
1542.653
1542.52
1542.232
1541.773
1541.086
1540.56
1539.834
1537.282
1531.152
1520.258
1541.832
1541.565
1541.146
1540.499
1540.013
1539.326
1536.882
1530.894
1520.103
1506.515
1541.572
1541.15
1540.507
1540.015
1539.329
1536.871
1530.882
1520.104
1506.558
1495.792
1541.791
1541.1
1540.575
1539.834
1537.255
1531.103
1520.268
1506.756
1495.978
1488.305
1542.282
1541.668
1540.833
1538.017
1531.571
1520.566
1507.1
1496.28
1488.603
1483.383
1543.261
1542.279
1539.135
1532.277
1521.044
1507.572
1496.722
1489.05
1483.931
1481.348
1544.068
1540.535
1533.22
1521.73
1508.294
1497.431
1489.798
1484.793
1482.326
1666000
1542.031
1534.311
1522.645
1509.295
1498.511
1490.951
1486.083
1483.702
1666000
1666000
1535.241
1523.488
1510.286
1499.624
1492.189
1487.441
1485.158
1666000
1666000
1666000
1524.188
1511.109
1500.589
1493.272
1488.644
1486.424
1666000
1666000
1666000
1666000
1511.73
1501.295
1494.068
1489.524
1487.367
1666000
1666000
1666000
1666000
1666000
1501.694
1494.503
1490.004
1487.88
1666000
1666000
1666000
1666000
1666000
1666000
5346000
5346000
5346000
5346000
5346000
5346000
5346000
1561.141
1559.012
1556.958
5346000
5346000
5346000
5346000
5346000
5346000
1560.958
1558.769
1556.668
1554.594
5346000
5346000
5346000
5346000
5346000
1560.556
1558.231
1556.026
1553.894
1551.547
5346000
5346000
5346000
5346000
1559.845
1557.221
1554.861
1552.676
1550.374
1548.912
5346000
5346000
5346000
1558.263
1555.135
1552.725
1550.67
1548.592
1547.293
1545.984
1555.624
1553.798
1550.573
1549.888
1548.873
1547.674
1546.226
1545.228
1544.094
1540.616
1548.947
1546.592
1546.316
1545.78
1545.036
1544.007
1543.252
1542.289
1539.19
1532.355
1544.14
1543.969
1543.612
1543.065
1542.267
1541.657
1540.835
1538.053
1531.627
1520.562
1542.527
1542.236
1541.783
1541.091
1540.567
1539.833
1537.274
1531.135
1520.259
1506.672
1541.572
1541.15
1540.507
1540.015
1539.329
1536.871
1530.882
1520.104
1506.558
1495.792
1541.155
1540.51
1540.021
1539.327
1536.863
1530.862
1520.11
1506.595
1495.86
1488.211
1541.105
1540.575
1539.835
1537.244
1531.089
1520.257
1506.799
1496.038
1488.39
1483.127
1541.67
1540.829
1538.008
1531.555
1520.569
1507.117
1496.339
1488.677
1483.484
1480.828
1542.276
1539.123
1532.264
1521.039
1507.604
1496.765
1489.119
1484.018
1481.457
1666000
1540.522
1533.203
1521.73
1508.313
1497.483
1489.86
1484.88
1482.416
1666000
1666000
1534.294
1522.633
1509.317
1498.551
1491.022
1486.163
1483.804
1666000
1666000
1666000
1523.484
1510.288
1499.661
1492.245
1487.527
1485.247
1666000
1666000
1666000
1666000
1511.129
1500.607
1493.317
1488.71
1486.514
1666000
1666000
1666000
1666000
1666000
1501.333
1494.105
1489.579
1487.437
1666000
1666000
1666000
1666000
1666000
1666000
1494.554
1490.053
1487.941
1666000
1666000
1666000
1666000
1666000
1666000
1666000
5346000
5346000
5346000
5346000
5346000
5346000
1561.149
1559.018
1556.961
1554.915
5346000
5346000
5346000
5346000
5346000
1560.963
1558.777
1556.673
1554.594
1552.24
5346000
5346000
5346000
5346000
1560.563
1558.236
1556.034
1553.898
1551.544
1549.999
5346000
5346000
5346000
1559.849
1557.229
1554.866
1552.683
1550.375
1548.904
1547.456
5346000
5346000
1558.271
1555.14
1552.733
1550.676
1548.598
1547.291
1545.973
1542.119
1553.806
1550.576
1549.897
1548.878
1547.683
1546.23
1545.232
1544.089
1540.599
1533.292
1546.599
1546.319
1545.789
1545.04
1544.015
1543.254
1542.29
1539.179
1532.339
1521.027
1543.976
1543.616
1543.074
1542.27
1541.663
1540.834
1538.045
1531.612
1520.567
1506.978
1542.242
1541.786
1541.098
1540.569
1539.836
1537.263
1531.123
1520.261
1506.717
1495.907
1541.155
1540.51
1540.021
1539.327
1536.863
1530.862
1520.11
1506.595
1495.86
1488.211
1540.514
1540.022
1539.328
1536.852
1530.846
1520.101
1506.64
1495.918
1488.294
1483.011
1540.577
1539.831
1537.236
1531.072
1520.257
1506.814
1496.103
1488.464
1483.224
1480.519
1540.826
1537.996
1531.541
1520.563
1507.149
1496.374
1488.751
1483.571
1480.935
1666000
1539.112
1532.247
1521.037
1507.622
1496.818
1489.177
1484.1
1481.551
1666000
1666000
1533.186
1521.72
1508.333
1497.519
1489.927
1484.954
1482.51
1666000
1666000
1666000
1522.624
1509.321
1498.592
1491.076
1486.246
1483.89
1666000
1666000
1666000
1666000
1510.301
1499.678
1492.296
1487.592
1485.338
1666000
1666000
1666000
1666000
1666000
1500.644
1493.348
1488.767
1486.586
1666000
1666000
1666000
1666000
1666000
1666000
1494.156
1489.625
1487.497
1666000
1666000
1666000
1666000
1666000
1666000
1666000
1490.114
1487.994
1666000
1666000
1666000
1666000
1666000
1666000
1666000
1666000
5346000
5346000
5346000
5346000
5346000
1561.153
1559.025
1556.966
1554.916
1552.563
5346000
5346000
5346000
5346000
1560.969
1558.782
1556.68
1554.598
1552.237
1550.654
5346000
5346000
5346000
1560.567
1558.242
1556.039
1553.905
1551.544
1549.992
1548.458
5346000
5346000
1559.855
1557.233
1554.873
1552.688
1550.38
1548.902
1547.446
1543.323
5346000
1558.274
1555.147
1552.737
1550.683
1548.601
1547.294
1545.968
1542.105
1534.38
1550.582
1549.899
1548.885
1547.687
1546.236
1545.233
1544.089
1540.588
1533.281
1521.702
1546.325
1545.792
1545.048
1544.018
1543.259
1542.288
1539.171
1532.326
1521.036
1507.434
1543.621
1543.076
1542.277
1541.664
1540.836
1538.034
1531.6
1520.571
1507.025
1496.148
1541.791
1541.1
1540.575
1539.834
1537.255
1531.103
1520.268
1506.756
1495.978
1488.305
1540.514
1540.022
1539.328
1536.852
1530.846
1520.101
1506.64
1495.918
1488.294
1483.011
1540.024
1539.325
1536.844
1530.829
1520.099
1506.659
1495.984
1488.365
1483.107
1480.377
1539.829
1537.224
1531.057
1520.251
1506.845
1496.136
1488.544
1483.311
1480.624
1666000
1537.986
1531.523
1520.56
1507.168
1496.427
1488.801
1483.658
1481.03
1666000
1666000
1532.232
1521.028
1507.643
1496.853
1489.244
1484.17
1481.641
1666000
1666000
1666000
1521.71
1508.342
1497.558
1489.976
1485.033
1482.59
1666000
1666000
1666000
1666000
1509.33
1498.613
1491.131
1486.31
1483.979
1666000
1666000
1666000
1666000
1666000
1499.708
1492.328
1487.655
1485.409
1666000
1666000
1666000
1666000
1666000
1666000
1493.398
1488.807
1486.648
1666000
1666000
1666000
1666000
1666000
1666000
1666000
1489.686
1487.548
1666000
1666000
1666000
1666000
1666000
1666000
1666000
1666000
1488.06
1666000
1666000
1666000
1666000
1666000
1666000
1666000
1666000
1666000
5346000
5346000
5346000
5346000
1561.159
1559.03
1556.973
1554.919
1552.561
1550.962
5346000
5346000
5346000
1560.971
1558.788
1556.684
1554.604
1552.238
1550.648
1549.066
5346000
5346000
1560.572
1558.245
1556.044
1553.909
1551.548
1549.99
1548.449
1544.165
5346000
1559.857
1557.238
1554.876
1552.694
1550.382
1548.904
1547.441
1543.31
1535.31
1558.279
1555.149
1552.743
1550.686
1548.606
1547.294
1545.967
1542.094
1534.372
1522.591
1549.905
1548.887
1547.693
1546.238
1545.237
1544.087
1540.581
1533.268
1521.714
1508.12
1545.797
1545.05
1544.024
1543.26
1542.289
1539.161
1532.314
1521.04
1507.482
1496.538
1543.082
1542.279
1541.669
1540.833
1538.027
1531.582
1520.575
1507.063
1496.22
1488.514
1541.105
1540.575
1539.835
1537.244
1531.089
1520.257
1506.8
1496.038
1488.39
1483.127
1540.024
1539.325
1536.844
1530.829
1520.099
1506.659
1495.984
1488.365
1483.107
1480.377
1539.323
1536.832
1530.813
1520.091
1506.687
1496.02
1488.444
1483.19
1480.479
1666000
1537.214
1531.039
1520.246
1506.864
1496.186
1488.59
1483.404
1480.718
1666000
1666000
1531.509
1520.55
1507.189
1496.462
1488.868
1483.72
1481.125
1666000
1666000
1666000
1521.021
1507.653
1496.892
1489.292
1484.249
1481.717
1666000
1666000
1666000
1666000
1508.35
1497.582
1490.029
1485.093
1482.675
1666000
1666000
1666000
1666000
1666000
1498.638
1491.165
1486.376
1484.049
1666000
1666000
1666000
1666000
1666000
1666000
1492.371
1487.696
1485.477
1666000
1666000
1666000
1666000
1666000
1666000
1666000
1488.867
1486.693
1666000
1666000
1666000
1666000
1666000
1666000
1666000
1666000
1487.614
1666000
1666000
1666000
1666000
1666000
1666000
1666000
1666000
1666000
1666000
1666000
1666000
1666000
1666000
1666000
1666000
1666000
1666000
1666000
5346000
5346000
5346000
1561.161
1559.035
1556.977
1554.924
1552.561
1550.956
1549.354
5346000
5346000
1560.976
1558.79
1556.689
1554.607
1552.241
1550.646
1549.058
1544.691
5346000
1560.572
1558.25
1556.047
1553.914
1551.549
1549.991
1548.444
1544.153
1536.008
1559.861
1557.24
1554.881
1552.696
1550.385
1548.903
1547.44
1543.301
1535.302
1523.431
1555.153
1552.745
1550.691
1548.606
1547.296
1545.964
1542.09
1534.361
1522.606
1509.082
1548.892
1547.695
1546.243
1545.236
1544.086
1540.572
1533.26
1521.717
1508.169
1497.198
1545.055
1544.024
1543.263
1542.285
1539.154
1532.3
1521.041
1507.518
1496.611
1488.886
1542.282
1541.668
1540.833
1538.017
1531.571
1520.567
1507.1
1496.28
1488.603
1483.383
1540.577
1539.831
1537.236
1531.072
1520.257
1506.815
1496.104
1488.464
1483.225
1480.519
1539.323
1536.832
1530.813
1520.091
1506.687
1496.02
1488.444
1483.19
1480.479
1666000
1536.822
1530.794
1520.087
1506.706
1496.067
1488.494
1483.282
1480.57
1666000
1666000
1531.024
1520.236
1506.886
1496.221
1488.653
1483.462
1480.818
1666000
1666000
1666000
1520.546
1507.199
1496.501
1488.915
1483.799
1481.193
1666000
1666000
1666000
1666000
1507.667
1496.917
1489.345
1484.308
1481.803
1666000
1666000
1666000
1666000
1666000
1497.606
1490.066
1485.157
1482.741
1666000
1666000
1666000
1666000
1666000
1666000
1491.204
1486.42
1484.12
1666000
1666000
1666000
1666000
1666000
1666000
1666000
1487.749
1485.524
1666000
1666000
1666000
1666000
1666000
1666000
1666000
1666000
1486.757
1666000
1666000
1666000
1666000
1666000
1666000
1666000
1666000
1666000
1666000
1666000
1666000
1666000
1666000
1666000
1666000
1666000
1666000
1666000
1666000
1666000
1666000
1666000
1666000
1666000
1666000
1666000
1666000
1540.237
5346000
5346000
1561.165
1559.037
1556.981
1554.927
1552.563
1550.954
1549.346
1544.944
5346000
1560.976
1558.794
1556.691
1554.611
1552.241
1550.646
1549.053
1544.681
1536.47
1560.575
1558.25
1556.051
1553.915
1551.551
1549.989
1548.443
1544.147
1536.001
1524.12
1557.243
1554.882
1552.7
1550.384
1548.903
1547.437
1543.298
1535.296
1523.444
1510.04
1552.748
1550.692
1548.609
1547.294
1545.963
1542.083
1534.359
1522.61
1509.131
1498.207
1547.698
1546.242
1545.237
1544.082
1540.566
1533.251
1521.723
1508.2
1497.272
1489.561
1544.027
1543.261
1542.285
1539.144
1532.291
1521.04
1507.548
1496.67
1488.976
1483.829
1541.67
1540.829
1538.008
1531.555
1520.569
1507.117
1496.339
1488.677
1483.484
1480.828
1539.829
1537.224
1531.057
1520.251
1506.845
1496.136
1488.544
1483.311
1480.624
1666000
1536.822
1530.794
1520.087
1506.706
1496.068
1488.494
1483.282
1480.57
1666000
1666000
1530.778
1520.076
1506.728
1496.102
1488.555
1483.344
1480.671
1666000
1666000
1666000
1520.232
1506.897
1496.261
1488.701
1483.538
1480.884
1666000
1666000
1666000
1666000
1507.219
1496.526
1488.968
1483.857
1481.28
1666000
1666000
1666000
1666000
1666000
1496.949
1489.382
1484.372
1481.868
1666000
1666000
1666000
1666000
1666000
1666000
1490.105
1485.204
1482.811
1666000
1666000
1666000
1666000
1666000
1666000
1666000
1486.47
1484.17
1666000
1666000
1666000
1666000
1666000
1666000
1666000
1666000
1485.582
1666000
1666000
1666000
1666000
1666000
1666000
1666000
1666000
1666000
1666000
1666000
1666000
1666000
1666000
1666000
1666000
1666000
1666000
1666000
1666000
1666000
1666000
1666000
1666000
1666000
1666000
1666000
1666000
1540.009
1666000
1666000
1666000
1666000
1666000
1666000
1666000
1666000
1540.21
1540.293
5346000
1561.166
1559.04
1556.983
1554.931
1552.563
1550.954
1549.342
1544.935
1536.702
1560.978
1558.794
1556.694
1554.612
1552.242
1550.644
1549.052
1544.676
1536.467
1524.606
1558.252
1556.051
1553.918
1551.55
1549.989
1548.439
1544.145
1536.001
1524.132
1510.858
1554.885
1552.699
1550.386
1548.9
1547.435
1543.292
1535.298
1523.454
1510.085
1499.265
1550.694
1548.607
1547.294
1545.958
1542.077
1534.354
1522.625
1509.161
1498.282
1490.635
1546.244
1545.234
1544.08
1540.556
1533.244
1521.727
1508.234
1497.326
1489.653
1484.605
1543.261
1542.279
1539.135
1532.277
1521.044
1507.572
1496.723
1489.05
1483.931
1481.348
1540.826
1537.996
1531.541
1520.564
1507.15
1496.375
1488.752
1483.571
1480.935
1666000
1537.214
1531.039
1520.246
1506.864
1496.186
1488.59
1483.404
1480.718
1666000
1666000
1530.778
1520.075
1506.728
1496.102
1488.555
1483.344
1480.671
1666000
1666000
1666000
1520.07
1506.739
1496.141
1488.6
1483.417
1480.74
1666000
1666000
1666000
1666000
1506.918
1496.286
1488.753
1483.596
1480.967
1666000
1666000
1666000
1666000
1666000
1496.563
1489.005
1483.921
1481.344
1666000
1666000
1666000
1666000
1666000
1666000
1489.427
1484.42
1481.938
1666000
1666000
1666000
1666000
1666000
1666000
1666000
1485.253
1482.864
1666000
1666000
1666000
1666000
1666000
1666000
1666000
1666000
1484.225
1666000
1666000
1666000
1666000
1666000
1666000
1666000
1666000
1666000
1666000
1666000
1666000
1666000
1666000
1666000
1666000
1666000
1666000
1666000
1666000
1666000
1666000
1666000
1666000
1666000
1666000
1666000
1666000
1539.507
1666000
1666000
1666000
1666000
1666000
1666000
1666000
1666000
1539.981
1540.065
1666000
1666000
1666000
1666000
1666000
1666000
1666000
1540.19
1540.266
1540.358
1561.167
1559.04
1556.986
1554.931
1552.564
1550.951
1549.34
1544.931
1536.7
1524.858
1558.795
1556.694
1554.614
1552.24
1550.642
1549.048
1544.674
1536.468
1524.621
1511.448
1556.052
1553.917
1551.55
1549.984
1548.436
1544.139
1536.004
1524.15
1510.899
1500.193
1552.701
1550.383
1548.898
1547.429
1543.287
1535.295
1523.475
1510.121
1499.335
1491.788
1548.607
1547.289
1545.954
1542.067
1534.349
1522.634
1509.205
1498.335
1490.728
1485.797
1545.233
1544.074
1540.547
1533.231
1521.733
1508.263
1497.383
1489.724
1484.71
1482.214
1542.276
1539.123
1532.264
1521.04
1507.604
1496.766
1489.119
1484.018
1481.457
1666000
1537.986
1531.523
1520.56
1507.168
1496.427
1488.802
1483.659
1481.029
1666000
1666000
1531.024
1520.236
1506.886
1496.221
1488.654
1483.462
1480.819
1666000
1666000
1666000
1520.07
1506.739
1496.141
1488.601
1483.417
1480.74
1666000
1666000
1666000
1666000
1506.76
1496.167
1488.653
1483.474
1480.82
1666000
1666000
1666000
1666000
1666000
1496.324
1488.79
1483.66
1481.032
1666000
1666000
1666000
1666000
1666000
1666000
1489.053
1483.968
1481.415
1666000
1666000
1666000
1666000
1666000
1666000
1666000
1484.475
1481.992
1666000
1666000
1666000
1666000
1666000
1666000
1666000
1666000
1482.918
1666000
1666000
1666000
1666000
1666000
1666000
1666000
1666000
1666000
1666000
1666000
1666000
1666000
1666000
1666000
1666000
1666000
1666000
1666000
1666000
1666000
1666000
1666000
1666000
1666000
1666000
1666000
1666000
1538.649
1666000
1666000
1666000
1666000
1666000
1666000
1666000
1666000
1539.477
1539.564
1666000
1666000
1666000
1666000
1666000
1666000
1666000
1539.96
1540.037
1540.13
1666000
1666000
1666000
1666000
1666000
1666000
1540.172
1540.245
1540.331
1540.428
1559.041
1556.985
1554.933
1552.562
1550.95
1549.336
1544.929
1536.702
1524.875
1511.757
1556.695
1554.612
1552.239
1550.637
1549.045
1544.668
1536.473
1524.642
1511.493
1500.87
1553.917
1551.546
1549.981
1548.43
1544.134
1536.003
1524.172
1510.944
1500.259
1492.81
1550.381
1548.892
1547.423
1543.278
1535.293
1523.487
1510.17
1499.394
1491.878
1487.066
1547.286
1545.946
1542.058
1534.339
1522.644
1509.238
1498.402
1490.799
1485.903
1483.498
1544.068
1540.534
1533.22
1521.73
1508.294
1497.431
1489.798
1484.793
1482.326
1666000
1539.112
1532.247
1521.037
1507.622
1496.818
1489.177
1484.101
1481.551
1666000
1666000
1531.509
1520.55
1507.189
1496.462
1488.868
1483.721
1481.125
1666000
1666000
1666000
1520.231
1506.897
1496.261
1488.701
1483.538
1480.884
1666000
1666000
1666000
1666000
1506.76
1496.167
1488.653
1483.474
1480.821
1666000
1666000
1666000
1666000
1666000
1496.203
1488.689
1483.538
1480.884
1666000
1666000
1666000
1666000
1666000
1666000
1488.839
1483.707
1481.103
1666000
1666000
1666000
1666000
1666000
1666000
1666000
1484.028
1481.468
1666000
1666000
1666000
1666000
1666000
1666000
1666000
1666000
1482.053
1666000
1666000
1666000
1666000
1666000
1666000
1666000
1666000
1666000
1666000
1666000
1666000
1666000
1666000
1666000
1666000
1666000
1666000
1666000
1666000
1666000
1666000
1666000
1666000
1666000
1666000
1666000
1666000
1537.354
1666000
1666000
1666000
1666000
1666000
1666000
1666000
1666000
1538.616
1538.706
1666000
1666000
1666000
1666000
1666000
1666000
1666000
1539.456
1539.534
1539.63
1666000
1666000
1666000
1666000
1666000
1666000
1539.942
1540.016
1540.102
1540.201
1666000
1666000
1666000
1666000
1666000
1540.153
1540.227
1540.311
1540.401
1540.505
1556.986
1554.931
1552.561
1550.944
1549.332
1544.924
1536.707
1524.896
1511.804
1501.227
1554.612
1552.235
1550.633
1549.037
1544.664
1536.472
1524.665
1511.54
1500.94
1493.557
1551.544
1549.974
1548.423
1544.125
1536.002
1524.186
1510.994
1500.327
1492.895
1488.18
1548.888
1547.414
1543.267
1535.285
1523.5
1510.207
1499.467
1491.954
1487.169
1484.848
1545.939
1542.044
1534.329
1522.645
1509.273
1498.456
1490.883
1485.987
1483.611
1666000
1540.522
1533.203
1521.73
1508.313
1497.483
1489.861
1484.88
1482.416
1666000
1666000
1532.232
1521.028
1507.643
1496.853
1489.244
1484.17
1481.641
1666000
1666000
1666000
1520.545
1507.199
1496.501
1488.915
1483.799
1481.194
1666000
1666000
1666000
1666000
1506.918
1496.286
1488.753
1483.596
1480.967
1666000
1666000
1666000
1666000
1666000
1496.203
1488.689
1483.538
1480.884
1666000
1666000
1666000
1666000
1666000
1666000
1488.737
1483.584
1480.954
1666000
1666000
1666000
1666000
1666000
1666000
1666000
1483.767
1481.155
1666000
1666000
1666000
1666000
1666000
1666000
1666000
1666000
1481.533
1666000
1666000
1666000
1666000
1666000
1666000
1666000
1666000
1666000
1666000
1666000
1666000
1666000
1666000
1666000
1666000
1666000
1666000
1666000
1666000
1666000
1666000
1666000
1666000
1666000
1666000
1666000
1666000
1535.683
1666000
1666000
1666000
1666000
1666000
1666000
1666000
1666000
1537.315
1537.41
1666000
1666000
1666000
1666000
1666000
1666000
1666000
1538.592
1538.672
1538.772
1666000
1666000
1666000
1666000
1666000
1666000
1539.436
1539.512
1539.6
1539.701
1666000
1666000
1666000
1666000
1666000
1539.923
1539.998
1540.081
1540.173
1540.278
1666000
1666000
1666000
1666000
1540.136
1540.209
1540.292
1540.381
1540.478
1540.587
1554.931
1552.556
1550.94
1549.325
1544.919
1536.707
1524.92
1511.852
1501.299
1493.95
1552.232
1550.626
1549.03
1544.653
1536.471
1524.68
1511.591
1501.011
1493.645
1488.989
1549.969
1548.413
1544.113
1535.994
1524.2
1511.032
1500.401
1492.98
1488.278
1486.021
1547.407
1543.252
1535.273
1523.503
1510.244
1499.524
1492.043
1487.257
1484.957
1666000
1542.031
1534.311
1522.645
1509.295
1498.512
1490.951
1486.083
1483.702
1666000
1666000
1533.186
1521.72
1508.333
1497.519
1489.927
1484.955
1482.51
1666000
1666000
1666000
1521.021
1507.653
1496.892
1489.292
1484.249
1481.717
1666000
1666000
1666000
1666000
1507.219
1496.526
1488.968
1483.857
1481.28
1666000
1666000
1666000
1666000
1666000
1496.324
1488.79
1483.66
1481.032
1666000
1666000
1666000
1666000
1666000
1666000
1488.737
1483.584
1480.954
1666000
1666000
1666000
1666000
1666000
1666000
1666000
1483.643
1481.007
1666000
1666000
1666000
1666000
1666000
1666000
1666000
1666000
1481.222
1666000
1666000
1666000
1666000
1666000
1666000
1666000
1666000
1666000
1666000
1666000
1666000
1666000
1666000
1666000
1666000
1666000
1666000
1666000
1666000
1666000
1666000
1666000
1666000
1666000
1666000
1666000
1666000
1534.019
1666000
1666000
1666000
1666000
1666000
1666000
1666000
1666000
1535.638
1535.735
1666000
1666000
1666000
1666000
1666000
1666000
1666000
1537.29
1537.371
1537.474
1666000
1666000
1666000
1666000
1666000
1666000
1538.572
1538.649
1538.738
1538.843
1666000
1666000
1666000
1666000
1666000
1539.417
1539.493
1539.578
1539.671
1539.778
1666000
1666000
1666000
1666000
1539.905
1539.979
1540.063
1540.152
1540.25
1540.361
1666000
1666000
1666000
1540.118
1540.192
1540.274
1540.363
1540.457
1540.56
1540.676
1552.553
1550.932
1549.317
1544.908
1536.706
1524.935
1511.903
1501.37
1494.041
1489.414
1550.62
1549.02
1544.641
1536.463
1524.694
1511.629
1501.084
1493.733
1489.091
1486.869
1548.406
1544.098
1535.98
1524.204
1511.069
1500.458
1493.07
1488.375
1486.126
1666000
1543.24
1535.254
1523.502
1510.268
1499.582
1492.115
1487.358
1485.051
1666000
1666000
1534.294
1522.633
1509.317
1498.552
1491.023
1486.163
1483.804
1666000
1666000
1666000
1521.71
1508.342
1497.558
1489.976
1485.033
1482.591
1666000
1666000
1666000
1666000
1507.667
1496.917
1489.345
1484.308
1481.803
1666000
1666000
1666000
1666000
1666000
1496.563
1489.004
1483.921
1481.344
1666000
1666000
1666000
1666000
1666000
1666000
1488.839
1483.707
1481.103
1666000
1666000
1666000
1666000
1666000
1666000
1666000
1483.643
1481.007
1666000
1666000
1666000
1666000
1666000
1666000
1666000
1666000
1481.072
1666000
1666000
1666000
1666000
1666000
1666000
1666000
1666000
1666000
1666000
1666000
1666000
1666000
1666000
1666000
1666000
1666000
1666000
1666000
1666000
1666000
1666000
1666000
1666000
1666000
1666000
1666000
1666000
1532.643
1666000
1666000
1666000
1666000
1666000
1666000
1666000
1666000
1533.968
1534.069
1666000
1666000
1666000
1666000
1666000
1666000
1666000
1535.61
1535.69
1535.795
1666000
1666000
1666000
1666000
1666000
1666000
1537.268
1537.345
1537.435
1537.544
1666000
1666000
1666000
1666000
1666000
1538.552
1538.628
1538.715
1538.809
1538.921
1666000
1666000
1666000
1666000
1539.399
1539.474
1539.558
1539.649
1539.748
1539.862
1666000
1666000
1666000
1539.887
1539.961
1540.044
1540.133
1540.229
1540.333
1540.45
1666000
1666000
1540.1
1540.173
1540.256
1540.344
1540.439
1540.54
1540.649
1540.765
1550.926
1549.307
1544.896
1536.697
1524.95
1511.942
1501.444
1494.129
1489.517
1487.312
1549.012
1544.627
1536.449
1524.697
1511.667
1501.143
1493.823
1489.19
1486.976
1666000
1544.087
1535.962
1524.199
1511.093
1500.516
1493.143
1488.477
1486.228
1666000
1666000
1535.241
1523.488
1510.286
1499.624
1492.19
1487.442
1485.159
1666000
1666000
1666000
1522.624
1509.322
1498.592
1491.076
1486.246
1483.89
1666000
1666000
1666000
1666000
1508.35
1497.582
1490.029
1485.093
1482.675
1666000
1666000
1666000
1666000
1666000
1496.949
1489.382
1484.372
1481.868
1666000
1666000
1666000
1666000
1666000
1666000
1489.053
1483.968
1481.415
1666000
1666000
1666000
1666000
1666000
1666000
1666000
1483.767
1481.155
1666000
1666000
1666000
1666000
1666000
1666000
1666000
1666000
1481.072
1666000
1666000
1666000
1666000
1666000
1666000
1666000
1666000
1666000
1666000
1666000
1666000
1666000
1666000
1666000
1666000
1666000
1666000
1666000
1666000
1666000
1666000
1666000
1666000
1666000
1666000
1666000
1666000
1531.687
1666000
1666000
1666000
1666000
1666000
1666000
1666000
1666000
1532.587
1532.69
1666000
1666000
1666000
1666000
1666000
1666000
1666000
1533.938
1534.017
1534.124
1666000
1666000
1666000
1666000
1666000
1666000
1535.587
1535.662
1535.75
1535.859
1666000
1666000
1666000
1666000
1666000
1537.246
1537.323
1537.41
1537.505
1537.619
1666000
1666000
1666000
1666000
1538.532
1538.608
1538.694
1538.786
1538.887
1539.005
1666000
1666000
1666000
1539.38
1539.455
1539.539
1539.629
1539.726
1539.832
1539.952
1666000
1666000
1539.869
1539.943
1540.026
1540.115
1540.21
1540.312
1540.422
1540.54
1666000
1540.081
1540.156
1540.238
1540.326
1540.42
1540.521
1540.628
1540.738
1540.855
1549.299
1544.882
1536.683
1524.952
1511.979
1501.503
1494.219
1489.617
1487.421
1666000
1544.616
1536.433
1524.692
1511.689
1501.201
1493.897
1489.291
1487.081
1666000
1666000
1535.953
1524.187
1511.107
1500.558
1493.216
1488.56
1486.336
1666000
1666000
1666000
1523.483
1510.288
1499.661
1492.245
1487.527
1485.248
1666000
1666000
1666000
1666000
1509.33
1498.613
1491.131
1486.31
1483.979
1666000
1666000
1666000
1666000
1666000
1497.606
1490.066
1485.157
1482.741
1666000
1666000
1666000
1666000
1666000
1666000
1489.427
1484.42
1481.938
1666000
1666000
1666000
1666000
1666000
1666000
1666000
1484.028
1481.468
1666000
1666000
1666000
1666000
1666000
1666000
1666000
1666000
1481.222
1666000
1666000
1666000
1666000
1666000
1666000
1666000
1666000
1666000
1666000
1666000
1666000
1666000
1666000
1666000
1666000
1666000
1666000
1666000
1666000
1666000
1666000
1666000
1666000
1666000
1666000
1666000
1666000
1531.202
1666000
1666000
1666000
1666000
1666000
1666000
1666000
1666000
1531.627
1531.733
1666000
1666000
1666000
1666000
1666000
1666000
1666000
1532.554
1532.633
1532.743
1666000
1666000
1666000
1666000
1666000
1666000
1533.913
1533.987
1534.073
1534.183
1666000
1666000
1666000
1666000
1666000
1535.564
1535.639
1535.722
1535.814
1535.928
1666000
1666000
1666000
1666000
1537.226
1537.302
1537.388
1537.479
1537.58
1537.701
1666000
1666000
1666000
1538.512
1538.589
1538.674
1538.765
1538.863
1538.971
1539.094
1666000
1666000
1539.361
1539.436
1539.52
1539.61
1539.706
1539.809
1539.921
1540.042
1666000
1539.85
1539.925
1540.008
1540.097
1540.191
1540.293
1540.4
1540.511
1540.63
1540.063
1540.137
1540.22
1540.308
1540.403
1540.503
1540.61
1540.717
1540.827
1540.945
1544.871
1536.669
1524.947
1512
1501.561
1494.293
1489.718
1487.527
1666000
1666000
1536.424
1524.683
1511.701
1501.241
1493.97
1489.376
1487.189
1666000
1666000
1666000
1524.187
1511.109
1500.59
1493.272
1488.644
1486.425
1666000
1666000
1666000
1666000
1510.301
1499.678
1492.297
1487.592
1485.339
1666000
1666000
1666000
1666000
1666000
1498.638
1491.165
1486.376
1484.049
1666000
1666000
1666000
1666000
1666000
1666000
1490.104
1485.204
1482.811
1666000
1666000
1666000
1666000
1666000
1666000
1666000
1484.475
1481.992
1666000
1666000
1666000
1666000
1666000
1666000
1666000
1666000
1481.533
1666000
1666000
1666000
1666000
1666000
1666000
1666000
1666000
1666000
1666000
1666000
1666000
1666000
1666000
1666000
1666000
1666000
1666000
1666000
1666000
1666000
1666000
1666000
1666000
1666000
1666000
1666000
1666000
1531.202
1666000
1666000
1666000
1666000
1666000
1666000
1666000
1666000
1531.139
1531.246
1666000
1666000
1666000
1666000
1666000
1666000
1666000
1531.593
1531.672
1531.784
1666000
1666000
1666000
1666000
1666000
1666000
1532.528
1532.601
1532.686
1532.798
1666000
1666000
1666000
1666000
1666000
1533.888
1533.962
1534.043
1534.132
1534.246
1666000
1666000
1666000
1666000
1535.542
1535.616
1535.698
1535.786
1535.883
1536.002
1666000
1666000
1666000
1537.205
1537.281
1537.366
1537.457
1537.554
1537.662
1537.788
1666000
1666000
1538.493
1538.569
1538.654
1538.745
1538.843
1538.947
1539.06
1539.185
1666000
1539.342
1539.417
1539.501
1539.591
1539.687
1539.79
1539.899
1540.012
1540.133
1539.831
1539.906
1539.99
1540.078
1540.173
1540.274
1540.382
1540.49
1540.601
1540.72
1540.118
1540.201
1540.29
1540.384
1540.485
1540.591
1540.699
1540.806
1540.917
1541.85
1536.661
1524.94
1512.013
1501.6
1494.366
1489.803
1487.634
1666000
1666000
1666000
1524.686
1511.709
1501.271
1494.024
1489.46
1487.278
1666000
1666000
1666000
1666000
1511.128
1500.607
1493.318
1488.71
1486.515
1666000
1666000
1666000
1666000
1666000
1499.708
1492.328
1487.655
1485.409
1666000
1666000
1666000
1666000
1666000
1666000
1491.204
1486.42
1484.12
1666000
1666000
1666000
1666000
1666000
1666000
1666000
1485.253
1482.864
1666000
1666000
1666000
1666000
1666000
1666000
1666000
1666000
1482.053
1666000
1666000
1666000
1666000
1666000
1666000
1666000
1666000
1666000
1666000
1666000
1666000
1666000
1666000
1666000
1666000
1666000
1666000
1666000
1666000
1666000
1666000
1666000
1666000
1666000
1666000
1666000
1666000
1531.687
1666000
1666000
1666000
1666000
1666000
1666000
1666000
1666000
1531.139
1531.246
1666000
1666000
1666000
1666000
1666000
1666000
1666000
1531.105
1531.184
1531.296
1666000
1666000
1666000
1666000
1666000
1666000
1531.565
1531.638
1531.723
1531.837
1666000
1666000
1666000
1666000
1666000
1532.502
1532.574
1532.654
1532.742
1532.857
1666000
1666000
1666000
1666000
1533.865
1533.937
1534.017
1534.101
1534.195
1534.313
1666000
1666000
1666000
1535.519
1535.594
1535.675
1535.762
1535.855
1535.957
1536.081
1666000
1666000
1537.184
1537.26
1537.345
1537.435
1537.532
1537.636
1537.749
1537.876
1666000
1538.473
1538.549
1538.634
1538.725
1538.822
1538.926
1539.037
1539.151
1539.277
1539.322
1539.398
1539.483
1539.572
1539.668
1539.77
1539.879
1539.989
1540.103
1540.225
1539.887
1539.971
1540.06
1540.154
1540.256
1540.363
1540.471
1540.58
1540.692
1541.632
1540.183
1540.271
1540.366
1540.466
1540.573
1540.68
1540.788
1540.896
1541.822
1543.645
1524.943
1512.023
1501.629
1494.419
1489.887
1487.724
1666000
1666000
1666000
1666000
1511.73
1501.295
1494.068
1489.524
1487.368
1666000
1666000
1666000
1666000
1666000
1500.643
1493.348
1488.767
1486.586
1666000
1666000
1666000
1666000
1666000
1666000
1492.371
1487.696
1485.478
1666000
1666000
1666000
1666000
1666000
1666000
1666000
1486.47
1484.17
1666000
1666000
1666000
1666000
1666000
1666000
1666000
1666000
1482.918
1666000
1666000
1666000
1666000
1666000
1666000
1666000
1666000
1666000
1666000
1666000
1666000
1666000
1666000
1666000
1666000
1666000
1666000
1666000
1666000
1666000
1666000
1666000
1666000
1666000
1666000
1666000
1666000
1532.643
1666000
1666000
1666000
1666000
1666000
1666000
1666000
1666000
1531.627
1531.733
1666000
1666000
1666000
1666000
1666000
1666000
1666000
1531.105
1531.184
1531.296
1666000
1666000
1666000
1666000
1666000
1666000
1531.077
1531.149
1531.234
1531.349
1666000
1666000
1666000
1666000
1666000
1531.539
1531.611
1531.689
1531.776
1531.893
1666000
1666000
1666000
1666000
1532.478
1532.549
1532.627
1532.709
1532.8
1532.92
1666000
1666000
1666000
1533.842
1533.914
1533.993
1534.076
1534.164
1534.262
1534.385
1666000
1666000
1535.498
1535.571
1535.653
1535.739
1535.831
1535.929
1536.036
1536.16
1666000
1537.163
1537.24
1537.324
1537.415
1537.51
1537.613
1537.723
1537.837
1537.965
1538.453
1538.529
1538.615
1538.705
1538.802
1538.905
1539.016
1539.127
1539.243
1539.369
1539.378
1539.463
1539.553
1539.649
1539.751
1539.86
1539.97
1540.08
1540.194
1541.149
1539.952
1540.041
1540.136
1540.237
1540.344
1540.452
1540.561
1540.67
1541.604
1543.45
1540.252
1540.347
1540.448
1540.554
1540.662
1540.769
1540.878
1541.801
1543.618
1545.492
1512.044
1501.656
1494.463
1489.95
1487.813
1666000
1666000
1666000
1666000
1666000
1501.332
1494.105
1489.579
1487.437
1666000
1666000
1666000
1666000
1666000
1666000
1493.398
1488.807
1486.648
1666000
1666000
1666000
1666000
1666000
1666000
1666000
1487.749
1485.524
1666000
1666000
1666000
1666000
1666000
1666000
1666000
1666000
1484.225
1666000
1666000
1666000
1666000
1666000
1666000
1666000
1666000
1666000
1666000
1666000
1666000
1666000
1666000
1666000
1666000
1666000
1666000
1666000
1666000
1666000
1666000
1666000
1666000
1666000
1666000
1666000
1666000
1534.019
1666000
1666000
1666000
1666000
1666000
1666000
1666000
1666000
1532.587
1532.69
1666000
1666000
1666000
1666000
1666000
1666000
1666000
1531.593
1531.672
1531.784
1666000
1666000
1666000
1666000
1666000
1666000
1531.077
1531.149
1531.234
1531.349
1666000
1666000
1666000
1666000
1666000
1531.05
1531.121
1531.199
1531.286
1531.404
1666000
1666000
1666000
1666000
1531.515
1531.585
1531.662
1531.743
1531.832
1531.953
1666000
1666000
1666000
1532.454
1532.525
1532.601
1532.682
1532.768
1532.863
1532.987
1666000
1666000
1533.819
1533.891
1533.969
1534.051
1534.138
1534.231
1534.333
1534.456
1666000
1535.475
1535.55
1535.631
1535.717
1535.808
1535.904
1536.007
1536.115
1536.239
1537.142
1537.218
1537.304
1537.393
1537.49
1537.592
1537.701
1537.811
1537.926
1538.055
1538.509
1538.594
1538.686
1538.782
1538.886
1538.995
1539.107
1539.219
1539.335
1540.301
1539.444
1539.534
1539.63
1539.732
1539.841
1539.95
1540.061
1540.172
1541.118
1543.01
1540.022
1540.117
1540.218
1540.325
1540.434
1540.542
1540.651
1541.582
1543.422
1545.33
1540.328
1540.429
1540.536
1540.643
1540.751
1540.859
1541.782
1543.597
1545.465
1547.381
1501.693
1494.502
1490.005
1487.881
1666000
1666000
1666000
1666000
1666000
1666000
1494.156
1489.625
1487.497
1666000
1666000
1666000
1666000
1666000
1666000
1666000
1488.866
1486.693
1666000
1666000
1666000
1666000
1666000
1666000
1666000
1666000
1485.582
1666000
1666000
1666000
1666000
1666000
1666000
1666000
1666000
1666000
1666000
1666000
1666000
1666000
1666000
1666000
1666000
1666000
1666000
1666000
1666000
1666000
1666000
1666000
1666000
1666000
1666000
1666000
1666000
1535.683
1666000
1666000
1666000
1666000
1666000
1666000
1666000
1666000
1533.968
1534.069
1666000
1666000
1666000
1666000
1666000
1666000
1666000
1532.554
1532.633
1532.743
1666000
1666000
1666000
1666000
1666000
1666000
1531.565
1531.638
1531.723
1531.837
1666000
1666000
1666000
1666000
1666000
1531.05
1531.121
1531.199
1531.286
1531.404
1666000
1666000
1666000
1666000
1531.025
1531.095
1531.171
1531.252
1531.341
1531.463
1666000
1666000
1666000
1531.49
1531.56
1531.635
1531.715
1531.799
1531.892
1532.017
1666000
1666000
1532.431
1532.501
1532.577
1532.657
1532.741
1532.83
1532.93
1533.053
1666000
1533.796
1533.868
1533.946
1534.028
1534.114
1534.205
1534.303
1534.404
1534.527
1535.453
1535.527
1535.609
1535.694
1535.785
1535.881
1535.983
1536.086
1536.194
1536.318
1537.197
1537.282
1537.373
1537.468
1537.571
1537.679
1537.789
1537.9
1538.016
1538.959
1538.574
1538.665
1538.763
1538.865
1538.975
1539.086
1539.198
1539.311
1540.267
1542.204
1539.514
1539.61
1539.713
1539.821
1539.931
1540.041
1540.152
1541.095
1542.979
1544.959
1540.098
1540.199
1540.307
1540.415
1540.524
1540.632
1541.563
1543.4
1545.302
1547.264
1540.41
1540.517
1540.625
1540.732
1540.841
1541.763
1543.578
1545.444
1547.355
1549.305
1494.554
1490.053
1487.941
1666000
1666000
1666000
1666000
1666000
1666000
1666000
1489.686
1487.548
1666000
1666000
1666000
1666000
1666000
1666000
1666000
1666000
1486.757
1666000
1666000
1666000
1666000
1666000
1666000
1666000
1666000
1666000
1666000
1666000
1666000
1666000
1666000
1666000
1666000
1666000
1666000
1666000
1666000
1666000
1666000
1666000
1666000
1666000
1666000
1666000
1666000
1537.354
1666000
1666000
1666000
1666000
1666000
1666000
1666000
1666000
1535.638
1535.735
1666000
1666000
1666000
1666000
1666000
1666000
1666000
1533.938
1534.017
1534.124
1666000
1666000
1666000
1666000
1666000
1666000
1532.528
1532.601
1532.686
1532.798
1666000
1666000
1666000
1666000
1666000
1531.539
1531.611
1531.689
1531.776
1531.893
1666000
1666000
1666000
1666000
1531.025
1531.095
1531.171
1531.252
1531.341
1531.463
1666000
1666000
1666000
1531
1531.07
1531.145
1531.223
1531.307
1531.4
1531.526
1666000
1666000
1531.466
1531.535
1531.611
1531.688
1531.771
1531.859
1531.956
1532.081
1666000
1532.407
1532.477
1532.553
1532.633
1532.715
1532.803
1532.897
1532.996
1533.118
1533.773
1533.845
1533.923
1534.005
1534.09
1534.181
1534.277
1534.374
1534.475
1534.597
1535.505
1535.587
1535.673
1535.763
1535.859
1535.96
1536.062
1536.165
1536.273
1537.112
1537.261
1537.351
1537.448
1537.549
1537.658
1537.767
1537.878
1537.99
1538.92
1540.812
1538.645
1538.742
1538.846
1538.955
1539.066
1539.177
1539.29
1540.243
1542.17
1544.243
1539.591
1539.693
1539.802
1539.912
1540.022
1540.132
1541.075
1542.957
1544.93
1546.992
1540.18
1540.288
1540.396
1540.505
1540.614
1541.543
1543.381
1545.281
1547.237
1549.241
1540.498
1540.606
1540.714
1540.822
1541.745
1543.559
1545.425
1547.334
1549.28
5346000
1490.114
1487.994
1666000
1666000
1666000
1666000
1666000
1666000
1666000
1666000
1487.614
1666000
1666000
1666000
1666000
1666000
1666000
1666000
1666000
1666000
1666000
1666000
1666000
1666000
1666000
1666000
1666000
1666000
1666000
1666000
1666000
1666000
1666000
1666000
1666000
1666000
1666000
1666000
1666000
1538.649
1666000
1666000
1666000
1666000
1666000
1666000
1666000
1666000
1537.315
1537.41
1666000
1666000
1666000
1666000
1666000
1666000
1666000
1535.61
1535.69
1535.795
1666000
1666000
1666000
1666000
1666000
1666000
1533.913
1533.987
1534.073
1534.183
1666000
1666000
1666000
1666000
1666000
1532.502
1532.574
1532.654
1532.742
1532.857
1666000
1666000
1666000
1666000
1531.515
1531.585
1531.662
1531.743
1531.832
1531.953
1666000
1666000
1666000
1531
1531.07
1531.145
1531.223
1531.307
1531.4
1531.526
1666000
1666000
1530.976
1531.045
1531.12
1531.197
1531.278
1531.365
1531.463
1531.588
1666000
1531.442
1531.511
1531.586
1531.664
1531.744
1531.831
1531.922
1532.02
1532.143
1532.383
1532.454
1532.53
1532.608
1532.691
1532.777
1532.87
1532.963
1533.061
1533.183
1533.821
1533.9
1533.982
1534.067
1534.157
1534.252
1534.348
1534.444
1534.545
1535.301
1535.564
1535.65
1535.741
1535.836
1535.937
1536.039
1536.141
1536.244
1537.067
1538.643
1537.33
1537.426
1537.529
1537.636
1537.746
1537.856
1537.967
1538.893
1540.774
1542.843
1538.722
1538.825
1538.935
1539.046
1539.157
1539.27
1540.221
1542.146
1544.211
1546.44
1539.674
1539.783
1539.893
1540.002
1540.113
1541.055
1542.937
1544.907
1546.963
1549.095
1540.269
1540.377
1540.486
1540.595
1541.525
1543.361
1545.261
1547.215
1549.215
5346000
1540.587
1540.695
1540.804
1541.726
1543.54
1545.406
1547.315
1549.259
5346000
5346000
1488.06
1666000
1666000
1666000
1666000
1666000
1666000
1666000
1666000
1666000
1666000
1666000
1666000
1666000
1666000
1666000
1666000
1666000
1666000
1666000
1666000
1666000
1666000
1666000
1666000
1666000
1666000
1666000
1666000
1539.507
1666000
1666000
1666000
1666000
1666000
1666000
1666000
1666000
1538.616
1538.706
1666000
1666000
1666000
1666000
1666000
1666000
1666000
1537.29
1537.371
1537.474
1666000
1666000
1666000
1666000
1666000
1666000
1535.587
1535.662
1535.75
1535.859
1666000
1666000
1666000
1666000
1666000
1533.888
1533.962
1534.043
1534.132
1534.246
1666000
1666000
1666000
1666000
1532.478
1532.549
1532.627
1532.709
1532.8
1532.92
1666000
1666000
1666000
1531.49
1531.56
1531.635
1531.715
1531.799
1531.892
1532.017
1666000
1666000
1530.976
1531.045
1531.12
1531.197
1531.278
1531.365
1531.463
1531.588
1666000
1530.952
1531.021
1531.095
1531.172
1531.251
1531.337
1531.428
1531.525
1531.649
1531.417
1531.487
1531.562
1531.639
1531.719
1531.804
1531.894
1531.986
1532.082
1532.205
1532.429
1532.506
1532.585
1532.666
1532.753
1532.844
1532.936
1533.028
1533.126
1533.833
1533.877
1533.959
1534.044
1534.134
1534.228
1534.323
1534.418
1534.514
1535.249
1536.596
1535.628
1535.719
1535.814
1535.915
1536.016
1536.117
1536.22
1537.038
1538.597
1540.155
1537.405
1537.507
1537.616
1537.724
1537.834
1537.945
1538.87
1540.747
1542.806
1545.162
1538.805
1538.915
1539.026
1539.137
1539.25
1540.2
1542.125
1544.187
1546.409
1548.805
1539.763
1539.873
1539.983
1540.094
1541.036
1542.917
1544.887
1546.941
1549.068
5346000
1540.358
1540.467
1540.576
1541.505
1543.343
1545.242
1547.196
1549.193
5346000
5346000
1540.676
1540.784
1541.707
1543.521
1545.387
1547.296
1549.24
5346000
5346000
5346000
1666000
1666000
1666000
1666000
1666000
1666000
1666000
1666000
1666000
1666000
1666000
1666000
1666000
1666000
1666000
1666000
1666000
1666000
1666000
1540.009
1666000
1666000
1666000
1666000
1666000
1666000
1666000
1666000
1539.477
1539.564
1666000
1666000
1666000
1666000
1666000
1666000
1666000
1538.592
1538.672
1538.772
1666000
1666000
1666000
1666000
1666000
1666000
1537.268
1537.345
1537.435
1537.544
1666000
1666000
1666000
1666000
1666000
1535.564
1535.639
1535.722
1535.814
1535.928
1666000
1666000
1666000
1666000
1533.865
1533.937
1534.017
1534.101
1534.195
1534.313
1666000
1666000
1666000
1532.454
1532.525
1532.601
1532.682
1532.768
1532.863
1532.987
1666000
1666000
1531.466
1531.535
1531.611
1531.688
1531.771
1531.859
1531.956
1532.081
1666000
1530.952
1531.021
1531.095
1531.172
1531.251
1531.337
1531.428
1531.525
1531.649
1530.927
1530.997
1531.071
1531.147
1531.226
1531.31
1531.399
1531.49
1531.586
1531.71
1531.462
1531.538
1531.615
1531.694
1531.779
1531.868
1531.957
1532.048
1532.144
1532.826
1532.482
1532.561
1532.643
1532.729
1532.819
1532.91
1533.001
1533.093
1533.775
1534.999
1533.935
1534.021
1534.111
1534.205
1534.299
1534.393
1534.488
1535.218
1536.544
1537.802
1535.696
1535.792
1535.893
1535.994
1536.095
1536.196
1537.013
1538.568
1540.111
1541.606
1537.485
1537.594
1537.704
1537.813
1537.924
1538.848
1540.724
1542.78
1545.127
1547.987
1538.894
1539.005
1539.117
1539.229
1540.18
1542.104
1544.166
1546.386
1548.777
5346000
1539.853
1539.963
1540.075
1541.016
1542.898
1544.867
1546.921
1549.046
5346000
5346000
1540.447
1540.557
1541.487
1543.324
1545.224
1547.177
1549.174
5346000
5346000
5346000
1540.765
1541.688
1543.503
1545.368
1547.278
1549.221
5346000
5346000
5346000
5346000
1666000
1666000
1666000
1666000
1666000
1666000
1666000
1666000
1666000
1540.237
1666000
1666000
1666000
1666000
1666000
1666000
1666000
1666000
1539.981
1540.065
1666000
1666000
1666000
1666000
1666000
1666000
1666000
1539.456
1539.534
1539.63
1666000
1666000
1666000
1666000
1666000
1666000
1538.572
1538.649
1538.738
1538.843
1666000
1666000
1666000
1666000
1666000
1537.246
1537.323
1537.41
1537.505
1537.619
1666000
1666000
1666000
1666000
1535.542
1535.616
1535.698
1535.786
1535.883
1536.002
1666000
1666000
1666000
1533.842
1533.914
1533.993
1534.076
1534.164
1534.262
1534.385
1666000
1666000
1532.431
1532.501
1532.577
1532.657
1532.741
1532.83
1532.93
1533.053
1666000
1531.442
1531.511
1531.586
1531.664
1531.744
1531.831
1531.922
1532.02
1532.143
1530.927
1530.997
1531.071
1531.147
1531.226
1531.31
1531.399
1531.49
1531.586
1531.71
1530.971
1531.046
1531.122
1531.201
1531.285
1531.373
1531.461
1531.551
1531.646
1532.317
1531.513
1531.591
1531.67
1531.754
1531.843
1531.931
1532.02
1532.11
1532.764
1533.928
1532.537
1532.619
1532.705
1532.795
1532.885
1532.975
1533.066
1533.742
1534.942
1536.057
1533.997
1534.087
1534.182
1534.276
1534.37
1534.463
1535.192
1536.513
1537.75
1538.883
1535.769
1535.87
1535.971
1536.072
1536.174
1536.989
1538.543
1540.082
1541.562
1542.892
1537.572
1537.682
1537.792
1537.902
1538.827
1540.702
1542.757
1545.101
1547.955
5346000
1538.985
1539.097
1539.209
1540.16
1542.084
1544.145
1546.365
1548.754
5346000
5346000
1539.944
1540.055
1540.997
1542.878
1544.848
1546.902
1549.027
5346000
5346000
5346000
1540.537
1541.467
1543.305
1545.204
1547.159
1549.155
5346000
5346000
5346000
5346000
1541.669
1543.483
1545.35
1547.259
1549.203
5346000
5346000
5346000
5346000
5346000
1666000
1666000
1666000
1666000
1666000
1666000
1666000
1666000
1540.21
1540.293
1666000
1666000
1666000
1666000
1666000
1666000
1666000
1539.96
1540.037
1540.13
1666000
1666000
1666000
1666000
1666000
1666000
1539.436
1539.512
1539.6
1539.701
1666000
1666000
1666000
1666000
1666000
1538.552
1538.628
1538.715
1538.809
1538.921
1666000
1666000
1666000
1666000
1537.226
1537.302
1537.388
1537.479
1537.58
1537.701
1666000
1666000
1666000
1535.519
1535.594
1535.675
1535.762
1535.855
1535.957
1536.081
1666000
1666000
1533.819
1533.891
1533.969
1534.051
1534.138
1534.231
1534.333
1534.456
1666000
1532.407
1532.477
1532.553
1532.633
1532.715
1532.803
1532.897
1532.996
1533.118
1531.417
1531.487
1531.562
1531.639
1531.719
1531.804
1531.894
1531.986
1532.082
1532.205
1530.971
1531.046
1531.122
1531.201
1531.285
1531.373
1531.461
1531.551
1531.646
1532.317
1531.021
1531.098
1531.177
1531.26
1531.347
1531.434
1531.522
1531.612
1532.254
1533.394
1531.566
1531.646
1531.73
1531.818
1531.906
1531.993
1532.082
1532.73
1533.867
1534.92
1532.594
1532.681
1532.771
1532.861
1532.95
1533.04
1533.714
1534.908
1536
1536.989
1534.064
1534.158
1534.253
1534.346
1534.44
1535.166
1536.486
1537.718
1538.832
1539.793
1535.848
1535.949
1536.05
1536.151
1536.966
1538.519
1540.056
1541.533
1542.849
1546.004
1537.66
1537.77
1537.881
1538.805
1540.681
1542.735
1545.079
1547.93
5346000
5346000
1539.076
1539.189
1540.14
1542.063
1544.125
1546.344
1548.733
5346000
5346000
5346000
1540.035
1540.977
1542.859
1544.828
1546.883
1549.007
5346000
5346000
5346000
5346000
1541.448
1543.285
1545.186
1547.14
1549.137
5346000
5346000
5346000
5346000
5346000
1543.464
1545.331
1547.241
1549.185
5346000
5346000
5346000
5346000
5346000
5346000
1666000
1666000
1666000
1666000
1666000
1666000
1666000
1540.19
1540.266
1540.358
1666000
1666000
1666000
1666000
1666000
1666000
1539.942
1540.016
1540.102
1540.201
1666000
1666000
1666000
1666000
1666000
1539.417
1539.493
1539.578
1539.671
1539.778
1666000
1666000
1666000
1666000
1538.532
1538.608
1538.694
1538.786
1538.887
1539.005
1666000
1666000
1666000
1537.205
1537.281
1537.366
1537.457
1537.554
1537.662
1537.788
1666000
1666000
1535.498
1535.571
1535.653
1535.739
1535.831
1535.929
1536.036
1536.16
1666000
1533.796
1533.868
1533.946
1534.028
1534.114
1534.205
1534.303
1534.404
1534.527
1532.383
1532.454
1532.53
1532.608
1532.691
1532.777
1532.87
1532.963
1533.061
1533.183
1531.462
1531.538
1531.615
1531.694
1531.779
1531.868
1531.957
1532.048
1532.144
1532.826
1531.021
1531.098
1531.177
1531.26
1531.347
1531.434
1531.522
1531.612
1532.254
1533.394
1531.073
1531.152
1531.235
1531.322
1531.409
1531.495
1531.583
1532.219
1533.331
1534.36
1531.621
1531.706
1531.794
1531.881
1531.968
1532.055
1532.701
1533.832
1534.859
1535.79
1532.656
1532.747
1532.837
1532.926
1533.015
1533.688
1534.879
1535.965
1536.932
1537.776
1534.135
1534.229
1534.323
1534.416
1535.142
1536.46
1537.691
1538.799
1539.743
1542.211
1535.926
1536.027
1536.129
1536.943
1538.496
1540.032
1541.507
1542.819
1545.965
1547.826
1537.749
1537.86
1538.784
1540.659
1542.713
1545.057
1547.909
5346000
5346000
5346000
1539.168
1540.119
1542.043
1544.104
1546.324
1548.713
5346000
5346000
5346000
5346000
1540.957
1542.838
1544.809
1546.863
1548.989
5346000
5346000
5346000
5346000
5346000
1543.266
1545.166
1547.121
1549.118
5346000
5346000
5346000
5346000
5346000
5346000
1545.312
1547.222
1549.167
5346000
5346000
5346000
5346000
5346000
5346000
5346000
1666000
1666000
1666000
1666000
1666000
1666000
1540.172
1540.245
1540.331
1540.428
1666000
1666000
1666000
1666000
1666000
1539.923
1539.998
1540.081
1540.173
1540.278
1666000
1666000
1666000
1666000
1539.399
1539.474
1539.558
1539.649
1539.748
1539.862
1666000
1666000
1666000
1538.512
1538.589
1538.674
1538.765
1538.863
1538.971
1539.094
1666000
1666000
1537.184
1537.26
1537.345
1537.435
1537.532
1537.636
1537.749
1537.876
1666000
1535.475
1535.55
1535.631
1535.717
1535.808
1535.904
1536.007
1536.115
1536.239
1533.773
1533.845
1533.923
1534.005
1534.09
1534.181
1534.277
1534.374
1534.475
1534.597
1532.429
1532.506
1532.585
1532.666
1532.753
1532.844
1532.936
1533.028
1533.126
1533.833
1531.513
1531.591
1531.67
1531.754
1531.843
1531.931
1532.02
1532.11
1532.764
1533.928
1531.073
1531.152
1531.235
1531.322
1531.409
1531.495
1531.583
1532.219
1533.331
1534.36
1531.127
1531.211
1531.298
1531.384
1531.47
1531.556
1532.189
1533.295
1534.297
1535.208
1531.681
1531.769
1531.857
1531.943
1532.03
1532.674
1533.802
1534.823
1535.73
1536.531
1532.723
1532.813
1532.902
1532.99
1533.663
1534.853
1535.937
1536.897
1537.72
1539.969
1534.205
1534.299
1534.393
1535.118
1536.436
1537.665
1538.771
1539.709
1542.163
1544.849
1536.005
1536.106
1536.921
1538.473
1540.009
1541.482
1542.793
1545.934
1547.789
1548.678
1537.838
1538.762
1540.638
1542.692
1545.036
1547.887
5346000
5346000
5346000
5346000
1540.098
1542.023
1544.084
1546.304
1548.693
5346000
5346000
5346000
5346000
5346000
1542.818
1544.789
1546.844
1548.969
5346000
5346000
5346000
5346000
5346000
5346000
1545.147
1547.102
1549.1
5346000
5346000
5346000
5346000
5346000
5346000
5346000
1547.203
1549.148
5346000
5346000
5346000
5346000
5346000
5346000
5346000
5346000
1666000
1666000
1666000
1666000
1666000
1540.153
1540.227
1540.311
1540.401
1540.505
1666000
1666000
1666000
1666000
1539.905
1539.979
1540.063
1540.152
1540.25
1540.361
1666000
1666000
1666000
1539.38
1539.455
1539.539
1539.629
1539.726
1539.832
1539.952
1666000
1666000
1538.493
1538.569
1538.654
1538.745
1538.843
1538.947
1539.06
1539.185
1666000
1537.163
1537.24
1537.324
1537.415
1537.51
1537.613
1537.723
1537.837
1537.965
1535.453
1535.527
1535.609
1535.694
1535.785
1535.881
1535.983
1536.086
1536.194
1536.318
1533.821
1533.9
1533.982
1534.067
1534.157
1534.252
1534.348
1534.444
1534.545
1535.301
1532.482
1532.561
1532.643
1532.729
1532.819
1532.91
1533.001
1533.093
1533.775
1534.999
1531.566
1531.646
1531.73
1531.818
1531.906
1531.993
1532.082
1532.73
1533.867
1534.92
1531.127
1531.211
1531.298
1531.384
1531.47
1531.556
1532.189
1533.295
1534.297
1535.208
1531.185
1531.273
1531.359
1531.445
1531.53
1532.162
1533.265
1534.26
1535.145
1535.932
1531.744
1531.832
1531.919
1532.004
1532.648
1533.775
1534.793
1535.693
1536.471
1538.648
1532.788
1532.878
1532.967
1533.638
1534.827
1535.909
1536.867
1537.684
1539.917
1542.837
1534.275
1534.369
1535.095
1536.412
1537.64
1538.744
1539.681
1542.128
1544.806
1546.539
1536.083
1536.898
1538.451
1539.985
1541.459
1542.768
1545.908
1547.757
1548.641
1549.201
1538.74
1540.616
1542.67
1545.014
1547.866
5346000
5346000
5346000
5346000
5346000
1542.002
1544.064
1546.284
1548.673
5346000
5346000
5346000
5346000
5346000
5346000
1544.769
1546.824
1548.95
5346000
5346000
5346000
5346000
5346000
5346000
5346000
1547.082
1549.081
5346000
5346000
5346000
5346000
5346000
5346000
5346000
5346000
1549.129
5346000
5346000
5346000
5346000
5346000
5346000
5346000
5346000
5346000
1666000
1666000
1666000
1666000
1540.136
1540.209
1540.292
1540.381
1540.478
1540.587
1666000
1666000
1666000
1539.887
1539.961
1540.044
1540.133
1540.229
1540.333
1540.45
1666000
1666000
1539.361
1539.436
1539.52
1539.61
1539.706
1539.809
1539.921
1540.042
1666000
1538.473
1538.549
1538.634
1538.725
1538.822
1538.926
1539.037
1539.151
1539.277
1537.142
1537.218
1537.304
1537.393
1537.49
1537.592
1537.701
1537.811
1537.926
1538.055
1535.505
1535.587
1535.673
1535.763
1535.859
1535.96
1536.062
1536.165
1536.273
1537.112
1533.877
1533.959
1534.044
1534.134
1534.228
1534.323
1534.418
1534.514
1535.249
1536.596
1532.537
1532.619
1532.705
1532.795
1532.885
1532.975
1533.066
1533.742
1534.942
1536.057
1531.621
1531.706
1531.794
1531.881
1531.968
1532.055
1532.701
1533.832
1534.859
1535.79
1531.185
1531.273
1531.359
1531.445
1531.53
1532.162
1533.265
1534.26
1535.145
1535.932
1531.248
1531.335
1531.42
1531.505
1532.136
1533.237
1534.23
1535.107
1535.871
1538.025
1531.807
1531.894
1531.98
1532.623
1533.749
1534.765
1535.662
1536.433
1538.592
1541.598
1532.853
1532.942
1533.614
1534.802
1535.883
1536.839
1537.653
1539.878
1542.79
1544.945
1534.345
1535.071
1536.388
1537.615
1538.719
1539.653
1542.098
1544.769
1546.498
1547.692
1536.875
1538.428
1539.963
1541.435
1542.744
1545.882
1547.73
1548.609
1549.164
1549.583
1540.594
1542.649
1544.993
1547.845
5346000
5346000
5346000
5346000
5346000
5346000
1544.043
1546.263
1548.653
5346000
5346000
5346000
5346000
5346000
5346000
5346000
1546.804
1548.931
5346000
5346000
5346000
5346000
5346000
5346000
5346000
5346000
1549.062
5346000
5346000
5346000
5346000
5346000
5346000
5346000
5346000
5346000
5346000
5346000
5346000
5346000
5346000
5346000
5346000
5346000
5346000
5346000
1666000
1666000
1666000
1540.118
1540.192
1540.274
1540.363
1540.457
1540.56
1540.676
1666000
1666000
1539.869
1539.943
1540.026
1540.115
1540.21
1540.312
1540.422
1540.54
1666000
1539.342
1539.417
1539.501
1539.591
1539.687
1539.79
1539.899
1540.012
1540.133
1538.453
1538.529
1538.615
1538.705
1538.802
1538.905
1539.016
1539.127
1539.243
1539.369
1537.197
1537.282
1537.373
1537.468
1537.571
1537.679
1537.789
1537.9
1538.016
1538.959
1535.564
1535.65
1535.741
1535.836
1535.937
1536.039
1536.141
1536.244
1537.067
1538.643
1533.935
1534.021
1534.111
1534.205
1534.299
1534.393
1534.488
1535.218
1536.544
1537.802
1532.594
1532.681
1532.771
1532.861
1532.95
1533.04
1533.714
1534.908
1536
1536.989
1531.681
1531.769
1531.857
1531.943
1532.03
1532.674
1533.802
1534.823
1535.73
1536.531
1531.248
1531.335
1531.42
1531.505
1532.136
1533.237
1534.23
1535.107
1535.871
1538.025
1531.309
1531.395
1531.48
1532.11
1533.211
1534.201
1535.076
1535.832
1537.967
1541.005
1531.869
1531.956
1532.598
1533.723
1534.738
1535.633
1536.401
1538.551
1541.548
1543.908
1532.918
1533.589
1534.777
1535.858
1536.813
1537.624
1539.845
1542.75
1544.902
1546.5
1535.047
1536.364
1537.591
1538.694
1539.628
1542.07
1544.737
1546.461
1547.652
1548.53
1538.404
1539.939
1541.412
1542.719
1545.857
1547.703
1548.581
1549.131
1549.546
1549.891
1542.627
1544.971
1547.824
5346000
5346000
5346000
5346000
5346000
5346000
5346000
1546.243
1548.633
5346000
5346000
5346000
5346000
5346000
5346000
5346000
5346000
1548.911
5346000
5346000
5346000
5346000
5346000
5346000
5346000
5346000
5346000
5346000
5346000
5346000
5346000
5346000
5346000
5346000
5346000
5346000
5346000
5346000
5346000
5346000
5346000
5346000
5346000
5346000
5346000
5346000
5346000
1666000
1666000
1540.1
1540.173
1540.256
1540.344
1540.439
1540.54
1540.649
1540.765
1666000
1539.85
1539.925
1540.008
1540.097
1540.191
1540.293
1540.4
1540.511
1540.63
1539.322
1539.398
1539.483
1539.572
1539.668
1539.77
1539.879
1539.989
1540.103
1540.225
1538.509
1538.594
1538.686
1538.782
1538.886
1538.995
1539.107
1539.219
1539.335
1540.301
1537.261
1537.351
1537.448
1537.549
1537.658
1537.767
1537.878
1537.99
1538.92
1540.812
1535.628
1535.719
1535.814
1535.915
1536.016
1536.117
1536.22
1537.038
1538.597
1540.155
1533.997
1534.087
1534.182
1534.276
1534.37
1534.463
1535.192
1536.513
1537.75
1538.883
1532.656
1532.747
1532.837
1532.926
1533.015
1533.688
1534.879
1535.965
1536.932
1537.776
1531.744
1531.832
1531.919
1532.004
1532.648
1533.775
1534.793
1535.693
1536.471
1538.648
1531.309
1531.395
1531.48
1532.11
1533.211
1534.201
1535.076
1535.832
1537.967
1541.005
1531.37
1531.455
1532.085
1533.185
1534.174
1535.046
1535.799
1537.925
1540.955
1543.4
1531.93
1532.573
1533.698
1534.712
1535.606
1536.372
1538.516
1541.505
1543.863
1545.692
1533.564
1534.753
1535.833
1536.787
1537.597
1539.815
1542.714
1544.861
1546.458
1547.67
1536.339
1537.567
1538.67
1539.602
1542.043
1544.707
1546.427
1547.615
1548.49
1549.174
1539.916
1541.389
1542.696
1545.833
1547.678
1548.553
1549.102
1549.512
1549.854
1550.159
1544.95
1547.803
5346000
5346000
5346000
5346000
5346000
5346000
5346000
5346000
1548.613
5346000
5346000
5346000
5346000
5346000
5346000
5346000
5346000
5346000
5346000
5346000
5346000
5346000
5346000
5346000
5346000
5346000
5346000
5346000
5346000
5346000
5346000
5346000
5346000
5346000
5346000
5346000
5346000
5346000
5346000
5346000
5346000
5346000
5346000
5346000
5346000
5346000
5346000
5346000
1666000
1540.081
1540.156
1540.238
1540.326
1540.42
1540.521
1540.628
1540.738
1540.855
1539.831
1539.906
1539.99
1540.078
1540.173
1540.274
1540.382
1540.49
1540.601
1540.72
1539.378
1539.463
1539.553
1539.649
1539.751
1539.86
1539.97
1540.08
1540.194
1541.149
1538.574
1538.665
1538.763
1538.865
1538.975
1539.086
1539.198
1539.311
1540.267
1542.204
1537.33
1537.426
1537.528
1537.636
1537.746
1537.856
1537.967
1538.893
1540.774
1542.843
1535.696
1535.792
1535.893
1535.994
1536.095
1536.196
1537.013
1538.568
1540.111
1541.606
1534.064
1534.158
1534.253
1534.346
1534.44
1535.166
1536.486
1537.718
1538.832
1539.793
1532.723
1532.813
1532.902
1532.99
1533.663
1534.853
1535.937
1536.897
1537.72
1539.969
1531.807
1531.894
1531.98
1532.623
1533.749
1534.765
1535.662
1536.433
1538.592
1541.598
1531.37
1531.455
1532.085
1533.185
1534.174
1535.046
1535.799
1537.925
1540.955
1543.4
1531.43
1532.06
1533.159
1534.147
1535.019
1535.769
1537.89
1540.911
1543.354
1545.288
1532.548
1533.673
1534.686
1535.579
1536.344
1538.485
1541.467
1543.82
1545.649
1547.072
1534.728
1535.808
1536.761
1537.571
1539.787
1542.682
1544.823
1546.417
1547.629
1548.577
1537.542
1538.645
1539.577
1542.017
1544.679
1546.396
1547.58
1548.453
1549.135
1549.697
1541.365
1542.672
1545.809
1547.652
1548.527
1549.073
1549.482
1549.82
1550.122
1550.407
1547.781
5346000
5346000
5346000
5346000
5346000
5346000
5346000
5346000
5346000
5346000
5346000
5346000
5346000
5346000
5346000
5346000
5346000
5346000
5346000
5346000
5346000
5346000
5346000
5346000
5346000
5346000
5346000
5346000
5346000
5346000
5346000
5346000
5346000
5346000
5346000
5346000
5346000
5346000
5346000
5346000
5346000
5346000
5346000
5346000
5346000
5346000
5346000
5346000
5346000
1540.063
1540.137
1540.22
1540.308
1540.403
1540.503
1540.61
1540.717
1540.827
1540.945
1539.887
1539.971
1540.06
1540.154
1540.256
1540.363
1540.471
1540.58
1540.692
1541.632
1539.444
1539.534
1539.63
1539.732
1539.841
1539.95
1540.061
1540.172
1541.118
1543.01
1538.645
1538.742
1538.846
1538.955
1539.066
1539.177
1539.29
1540.243
1542.17
1544.243
1537.405
1537.507
1537.616
1537.724
1537.834
1537.945
1538.87
1540.747
1542.806
1545.162
1535.769
1535.87
1535.971
1536.072
1536.174
1536.989
1538.543
1540.082
1541.562
1542.892
1534.135
1534.229
1534.323
1534.416
1535.142
1536.46
1537.691
1538.799
1539.743
1542.211
1532.788
1532.878
1532.967
1533.638
1534.827
1535.909
1536.867
1537.684
1539.917
1542.837
1531.869
1531.956
1532.598
1533.723
1534.738
1535.633
1536.401
1538.551
1541.548
1543.908
1531.43
1532.06
1533.159
1534.147
1535.019
1535.769
1537.89
1540.911
1543.354
1545.288
1532.035
1533.134
1534.122
1534.992
1535.741
1537.857
1540.872
1543.31
1545.244
1546.767
1533.647
1534.661
1535.553
1536.316
1538.455
1541.433
1543.78
1545.607
1547.029
1548.153
1535.782
1536.736
1537.545
1539.759
1542.651
1544.788
1546.379
1547.589
1548.535
1549.304
1538.62
1539.552
1541.991
1544.651
1546.366
1547.547
1548.418
1549.097
1549.657
1550.147
1542.648
1545.784
1547.628
1548.5
1549.046
1549.452
1549.789
1550.087
1550.369
1550.654
5346000
5346000
5346000
5346000
5346000
5346000
5346000
5346000
5346000
5346000
5346000
5346000
5346000
5346000
5346000
5346000
5346000
5346000
5346000
5346000
5346000
5346000
5346000
5346000
5346000
5346000
5346000
5346000
5346000
5346000
5346000
5346000
5346000
5346000
5346000
5346000
5346000
5346000
5346000
5346000
5346000
5346000
5346000
5346000
5346000
5346000
5346000
5346000
5346000
5346000
1540.118
1540.201
1540.29
1540.384
1540.485
1540.591
1540.698
1540.806
1540.917
1541.85
1539.952
1540.041
1540.136
1540.237
1540.344
1540.452
1540.561
1540.67
1541.604
1543.45
1539.514
1539.61
1539.713
1539.821
1539.931
1540.041
1540.152
1541.095
1542.979
1544.959
1538.722
1538.825
1538.935
1539.046
1539.157
1539.27
1540.221
1542.146
1544.211
1546.44
1537.485
1537.594
1537.704
1537.813
1537.924
1538.848
1540.724
1542.78
1545.127
1547.987
1535.848
1535.949
1536.05
1536.151
1536.966
1538.519
1540.056
1541.533
1542.849
1546.004
1534.205
1534.299
1534.393
1535.118
1536.436
1537.665
1538.771
1539.709
1542.163
1544.849
1532.853
1532.942
1533.614
1534.802
1535.883
1536.839
1537.653
1539.878
1542.79
1544.945
1531.93
1532.573
1533.698
1534.712
1535.606
1536.372
1538.516
1541.505
1543.863
1545.692
1532.035
1533.134
1534.122
1534.992
1535.741
1537.857
1540.872
1543.31
1545.244
1546.767
1533.108
1534.096
1534.965
1535.713
1537.827
1540.836
1543.269
1545.2
1546.723
1547.934
1534.635
1535.527
1536.29
1538.426
1541.4
1543.743
1545.566
1546.987
1548.11
1549.021
1536.71
1537.519
1539.732
1542.621
1544.756
1546.343
1547.55
1548.495
1549.264
1549.917
1539.527
1541.965
1544.624
1546.337
1547.516
1548.384
1549.062
1549.62
1550.109
1550.565
1545.76
1547.602
1548.475
1549.019
1549.425
1549.759
1550.056
1550.335
1550.618
1550.94
5346000
5346000
5346000
5346000
5346000
5346000
5346000
5346000
5346000
5346000
5346000
5346000
5346000
5346000
5346000
5346000
5346000
5346000
5346000
5346000
5346000
5346000
5346000
5346000
5346000
5346000
5346000
5346000
5346000
5346000
5346000
5346000
5346000
5346000
5346000
5346000
5346000
5346000
5346000
5346000
5346000
5346000
5346000
5346000
5346000
5346000
5346000
5346000
5346000
5346000
1540.183
1540.271
1540.366
1540.466
1540.573
1540.68
1540.788
1540.896
1541.822
1543.645
1540.022
1540.117
1540.218
1540.325
1540.434
1540.542
1540.651
1541.582
1543.422
1545.33
1539.591
1539.693
1539.802
1539.912
1540.022
1540.132
1541.075
1542.957
1544.93
1546.992
1538.805
1538.915
1539.026
1539.137
1539.25
1540.2
1542.125
1544.187
1546.409
1548.805
1537.572
1537.682
1537.792
1537.902
1538.827
1540.702
1542.757
1545.101
1547.955
5346000
1535.926
1536.027
1536.129
1536.943
1538.496
1540.032
1541.507
1542.819
1545.965
1547.826
1534.275
1534.369
1535.095
1536.412
1537.64
1538.744
1539.681
1542.128
1544.806
1546.539
1532.918
1533.589
1534.777
1535.858
1536.813
1537.624
1539.845
1542.75
1544.902
1546.5
1532.548
1533.673
1534.686
1535.579
1536.344
1538.485
1541.467
1543.82
1545.649
1547.072
1533.108
1534.096
1534.965
1535.713
1537.827
1540.836
1543.269
1545.2
1546.723
1547.934
1534.069
1534.94
1535.686
1537.798
1540.803
1543.231
1545.158
1546.681
1547.891
1548.874
1535.5
1536.264
1538.398
1541.37
1543.708
1545.528
1546.946
1548.069
1548.979
1549.747
1537.493
1539.706
1542.593
1544.725
1546.309
1547.513
1548.457
1549.224
1549.878
1550.468
1541.939
1544.598
1546.309
1547.487
1548.353
1549.028
1549.586
1550.072
1550.528
1550.992
1547.578
1548.449
1548.993
1549.397
1549.731
1550.026
1550.305
1550.584
1550.905
5346000
5346000
5346000
5346000
5346000
5346000
5346000
5346000
5346000
5346000
5346000
5346000
5346000
5346000
5346000
5346000
5346000
5346000
5346000
5346000
5346000
5346000
5346000
5346000
5346000
5346000
5346000
5346000
5346000
5346000
5346000
5346000
5346000
5346000
5346000
5346000
5346000
5346000
5346000
5346000
5346000
5346000
5346000
5346000
5346000
5346000
5346000
5346000
5346000
5346000
1540.252
1540.347
1540.448
1540.554
1540.662
1540.769
1540.878
1541.801
1543.618
1545.492
1540.098
1540.199
1540.307
1540.415
1540.524
1540.632
1541.563
1543.4
1545.302
1547.264
1539.674
1539.783
1539.893
1540.002
1540.113
1541.055
1542.937
1544.907
1546.963
1549.095
1538.894
1539.005
1539.117
1539.229
1540.18
1542.104
1544.166
1546.386
1548.776
5346000
1537.66
1537.77
1537.881
1538.805
1540.681
1542.735
1545.079
1547.93
5346000
5346000
1536.005
1536.106
1536.921
1538.473
1540.009
1541.482
1542.793
1545.934
1547.789
1548.678
1534.345
1535.071
1536.388
1537.615
1538.719
1539.653
1542.098
1544.769
1546.498
1547.692
1533.564
1534.753
1535.833
1536.787
1537.597
1539.815
1542.714
1544.861
1546.458
1547.67
1533.647
1534.661
1535.553
1536.316
1538.455
1541.433
1543.78
1545.607
1547.029
1548.153
1534.069
1534.94
1535.686
1537.798
1540.803
1543.231
1545.158
1546.681
1547.891
1548.874
1534.912
1535.66
1537.77
1540.771
1543.194
1545.119
1546.638
1547.849
1548.831
1549.657
1536.236
1538.372
1541.339
1543.676
1545.491
1546.908
1548.028
1548.939
1549.707
1550.389
1539.678
1542.565
1544.694
1546.277
1547.478
1548.421
1549.187
1549.84
1550.43
1550.998
1544.571
1546.282
1547.457
1548.322
1548.996
1549.552
1550.039
1550.494
1550.957
5346000
1548.424
1548.966
1549.37
1549.702
1549.998
1550.274
1550.554
1550.873
5346000
5346000
5346000
5346000
5346000
5346000
5346000
5346000
5346000
5346000
5346000
5346000
5346000
5346000
5346000
5346000
5346000
5346000
5346000
5346000
5346000
5346000
5346000
5346000
5346000
5346000
5346000
5346000
5346000
5346000
5346000
5346000
5346000
5346000
5346000
5346000
5346000
5346000
5346000
5346000
5346000
5346000
5346000
5346000
5346000
5346000
5346000
5346000
5346000
1540.328
1540.429
1540.536
1540.643
1540.751
1540.859
1541.782
1543.597
1545.465
1547.381
1540.18
1540.288
1540.396
1540.505
1540.614
1541.543
1543.381
1545.281
1547.237
1549.241
1539.763
1539.873
1539.983
1540.094
1541.036
1542.917
1544.887
1546.941
1549.068
5346000
1538.985
1539.097
1539.209
1540.16
1542.084
1544.145
1546.365
1548.754
5346000
5346000
1537.749
1537.86
1538.784
1540.659
1542.713
1545.057
1547.909
5346000
5346000
5346000
1536.083
1536.898
1538.451
1539.985
1541.459
1542.768
1545.908
1547.757
1548.641
1549.201
1535.047
1536.364
1537.591
1538.694
1539.628
1542.07
1544.737
1546.461
1547.652
1548.53
1534.728
1535.808
1536.761
1537.571
1539.787
1542.682
1544.823
1546.417
1547.629
1548.577
1534.635
1535.527
1536.29
1538.426
1541.4
1543.743
1545.566
1546.987
1548.11
1549.021
1534.912
1535.66
1537.77
1540.771
1543.194
1545.119
1546.638
1547.849
1548.831
1549.657
1535.632
1537.743
1540.74
1543.161
1545.081
1546.599
1547.807
1548.79
1549.616
1550.345
1538.343
1541.311
1543.643
1545.457
1546.87
1547.99
1548.899
1549.668
1550.35
1550.992
1542.536
1544.666
1546.245
1547.446
1548.385
1549.151
1549.804
1550.394
1550.963
5346000
1546.254
1547.43
1548.292
1548.966
1549.521
1550.006
1550.462
1550.925
5346000
5346000
1548.94
1549.343
1549.675
1549.969
1550.246
1550.524
1550.843
5346000
5346000
5346000
5346000
5346000
5346000
5346000
5346000
5346000
5346000
5346000
5346000
5346000
5346000
5346000
5346000
5346000
5346000
5346000
5346000
5346000
5346000
5346000
5346000
5346000
5346000
5346000
5346000
5346000
5346000
5346000
5346000
5346000
5346000
5346000
5346000
5346000
5346000
5346000
5346000
5346000
5346000
5346000
5346000
5346000
5346000
5346000
1540.41
1540.517
1540.625
1540.732
1540.841
1541.763
1543.578
1545.444
1547.355
1549.305
1540.269
1540.377
1540.486
1540.595
1541.525
1543.361
1545.261
1547.215
1549.215
5346000
1539.853
1539.963
1540.075
1541.016
1542.898
1544.867
1546.921
1549.046
5346000
5346000
1539.076
1539.189
1540.14
1542.063
1544.125
1546.344
1548.733
5346000
5346000
5346000
1537.838
1538.762
1540.638
1542.692
1545.035
1547.887
5346000
5346000
5346000
5346000
1536.875
1538.428
1539.963
1541.435
1542.744
1545.882
1547.73
1548.609
1549.164
1549.583
1536.339
1537.567
1538.67
1539.602
1542.043
1544.707
1546.427
1547.615
1548.49
1549.174
1535.782
1536.736
1537.545
1539.759
1542.651
1544.788
1546.379
1547.589
1548.535
1549.304
1535.5
1536.264
1538.398
1541.37
1543.708
1545.528
1546.946
1548.069
1548.979
1549.747
1535.632
1537.743
1540.74
1543.161
1545.081
1546.599
1547.807
1548.79
1549.616
1550.345
1537.714
1540.712
1543.128
1545.046
1546.56
1547.768
1548.75
1549.577
1550.306
1550.986
1541.281
1543.614
1545.423
1546.836
1547.952
1548.862
1549.631
1550.314
1550.957
5346000
1544.636
1546.215
1547.413
1548.353
1549.117
1549.77
1550.361
1550.93
5346000
5346000
1547.401
1548.264
1548.936
1549.49
1549.975
1550.43
1550.895
5346000
5346000
5346000
1549.316
1549.648
1549.941
1550.217
1550.496
1550.814
5346000
5346000
5346000
5346000
5346000
5346000
5346000
5346000
5346000
5346000
5346000
5346000
5346000
5346000
5346000
5346000
5346000
5346000
5346000
5346000
5346000
5346000
5346000
5346000
5346000
5346000
5346000
5346000
5346000
5346000
5346000
5346000
5346000
5346000
5346000
5346000
5346000
5346000
5346000
5346000
5346000
5346000
5346000
5346000
1540.498
1540.606
1540.714
1540.822
1541.745
1543.559
1545.425
1547.334
1549.28
5346000
1540.358
1540.467
1540.576
1541.505
1543.343
1545.242
1547.196
1549.193
5346000
5346000
1539.944
1540.055
1540.997
1542.878
1544.848
1546.902
1549.027
5346000
5346000
5346000
1539.168
1540.119
1542.043
1544.104
1546.324
1548.713
5346000
5346000
5346000
5346000
1538.74
1540.616
1542.67
1545.014
1547.866
5346000
5346000
5346000
5346000
5346000
1538.404
1539.939
1541.412
1542.719
1545.857
1547.703
1548.581
1549.131
1549.546
1549.891
1537.542
1538.645
1539.577
1542.017
1544.679
1546.396
1547.58
1548.453
1549.135
1549.697
1536.71
1537.519
1539.732
1542.621
1544.756
1546.343
1547.55
1548.495
1549.264
1549.917
1536.236
1538.372
1541.339
1543.676
1545.491
1546.908
1548.028
1548.939
1549.707
1550.389
1537.714
1540.712
1543.128
1545.046
1546.56
1547.768
1548.75
1549.577
1550.306
1550.986
1540.681
1543.098
1545.011
1546.525
1547.729
1548.711
1549.539
1550.269
1550.951
5346000
1543.582
1545.393
1546.801
1547.918
1548.826
1549.595
1550.279
1550.923
5346000
5346000
1546.184
1547.383
1548.32
1549.084
1549.737
1550.328
1550.899
5346000
5346000
5346000
1548.234
1548.907
1549.46
1549.945
1550.401
1550.865
5346000
5346000
5346000
5346000
1549.621
1549.914
1550.19
1550.467
1550.786
5346000
5346000
5346000
5346000
5346000
5346000
5346000
5346000
5346000
5346000
5346000
5346000
5346000
5346000
5346000
5346000
5346000
5346000
5346000
5346000
5346000
5346000
5346000
5346000
5346000
5346000
5346000
5346000
5346000
5346000
5346000
5346000
5346000
5346000
5346000
5346000
5346000
5346000
5346000
5346000
1540.587
1540.695
1540.804
1541.726
1543.54
1545.406
1547.315
1549.259
5346000
5346000
1540.447
1540.557
1541.487
1543.324
1545.224
1547.177
1549.174
5346000
5346000
5346000
1540.035
1540.977
1542.859
1544.828
1546.883
1549.007
5346000
5346000
5346000
5346000
1540.098
1542.023
1544.084
1546.304
1548.693
5346000
5346000
5346000
5346000
5346000
1540.594
1542.649
1544.993
1547.845
5346000
5346000
5346000
5346000
5346000
5346000
1539.916
1541.389
1542.696
1545.833
1547.678
1548.553
1549.102
1549.512
1549.854
1550.159
1538.62
1539.552
1541.991
1544.651
1546.366
1547.547
1548.418
1549.097
1549.657
1550.147
1537.493
1539.706
1542.593
1544.725
1546.309
1547.513
1548.457
1549.224
1549.878
1550.468
1538.343
1541.311
1543.643
1545.457
1546.87
1547.99
1548.899
1549.668
1550.35
1550.992
1540.681
1543.098
1545.011
1546.525
1547.729
1548.711
1549.539
1550.269
1550.951
5346000
1543.066
1544.98
1546.488
1547.694
1548.674
1549.502
1550.235
1550.918
5346000
5346000
1545.36
1546.769
1547.883
1548.792
1549.56
1550.246
1550.892
5346000
5346000
5346000
1547.351
1548.289
1549.052
1549.705
1550.297
1550.869
5346000
5346000
5346000
5346000
1548.877
1549.431
1549.916
1550.371
1550.837
5346000
5346000
5346000
5346000
5346000
1549.887
1550.162
1550.44
1550.758
5346000
5346000
5346000
5346000
5346000
5346000
5346000
5346000
5346000
5346000
5346000
5346000
5346000
5346000
5346000
5346000
5346000
5346000
5346000
5346000
5346000
5346000
5346000
5346000
5346000
5346000
5346000
5346000
5346000
5346000
5346000
5346000
5346000
5346000
5346000
1540.676
1540.784
1541.707
1543.521
1545.387
1547.296
1549.24
5346000
5346000
5346000
1540.537
1541.467
1543.305
1545.204
1547.159
1549.155
5346000
5346000
5346000
5346000
1540.957
1542.838
1544.809
1546.863
1548.989
5346000
5346000
5346000
5346000
5346000
1542.002
1544.064
1546.284
1548.673
5346000
5346000
5346000
5346000
5346000
5346000
1542.627
1544.971
1547.824
5346000
5346000
5346000
5346000
5346000
5346000
5346000
1541.365
1542.672
1545.809
1547.652
1548.527
1549.073
1549.482
1549.82
1550.122
1550.407
1539.527
1541.965
1544.624
1546.337
1547.516
1548.384
1549.062
1549.62
1550.109
1550.565
1539.678
1542.565
1544.694
1546.277
1547.478
1548.421
1549.187
1549.84
1550.43
1550.998
1541.281
1543.614
1545.423
1546.836
1547.952
1548.862
1549.631
1550.314
1550.957
5346000
1543.066
1544.98
1546.488
1547.694
1548.674
1549.502
1550.235
1550.918
5346000
5346000
1544.946
1546.457
1547.658
1548.639
1549.467
1550.201
1550.886
5346000
5346000
5346000
1546.736
1547.852
1548.758
1549.528
1550.214
1550.862
5346000
5346000
5346000
5346000
1548.258
1549.022
1549.674
1550.267
1550.84
5346000
5346000
5346000
5346000
5346000
1549.402
1549.887
1550.343
1550.808
5346000
5346000
5346000
5346000
5346000
1550.135
1550.412
1550.731
5346000
5346000
5346000
5346000
5346000
5346000
5346000
5346000
5346000
5346000
5346000
5346000
5346000
5346000
5346000
5346000
5346000
5346000
5346000
5346000
5346000
5346000
5346000
5346000
5346000
5346000
5346000
5346000
5346000
5346000
1540.765
1541.688
1543.503
1545.368
1547.278
1549.221
5346000
5346000
5346000
5346000
1541.448
1543.285
1545.186
1547.14
1549.137
5346000
5346000
5346000
5346000
5346000
1542.818
1544.789
1546.844
1548.969
5346000
5346000
5346000
5346000
5346000
5346000
1544.043
1546.263
1548.653
5346000
5346000
5346000
5346000
5346000
5346000
5346000
1544.95
1547.803
5346000
5346000
5346000
5346000
5346000
5346000
5346000
5346000
1542.648
1545.784
1547.628
1548.5
1549.046
1549.452
1549.789
1550.087
1550.369
1550.654
1541.939
1544.598
1546.309
1547.487
1548.353
1549.028
1549.586
1550.072
1550.528
1550.992
1542.536
1544.666
1546.245
1547.446
1548.385
1549.151
1549.804
1550.394
1550.963
5346000
1543.582
1545.393
1546.801
1547.918
1548.826
1549.595
1550.279
1550.923
5346000
5346000
1544.946
1546.457
1547.658
1548.639
1549.467
1550.201
1550.886
5346000
5346000
5346000
1546.422
1547.626
1548.604
1549.434
1550.168
1550.856
5346000
5346000
5346000
5346000
1547.818
1548.727
1549.495
1550.183
1550.833
5346000
5346000
5346000
5346000
5346000
1548.99
1549.644
1550.237
1550.811
5346000
5346000
5346000
5346000
5346000
1549.858
1550.314
1550.78
5346000
5346000
5346000
5346000
5346000
1550.385
1550.703
5346000
5346000
5346000
5346000
5346000
5346000
5346000
5346000
5346000
5346000
5346000
5346000
5346000
5346000
5346000
5346000
5346000
5346000
5346000
5346000
5346000
5346000
5346000
5346000
5346000
1541.669
1543.483
1545.35
1547.259
1549.203
5346000
5346000
5346000
5346000
5346000
1543.266
1545.166
1547.121
1549.118
5346000
5346000
5346000
5346000
5346000
5346000
1544.769
1546.824
1548.95
5346000
5346000
5346000
5346000
5346000
5346000
5346000
1546.243
1548.633
5346000
5346000
5346000
5346000
5346000
5346000
5346000
5346000
1547.781
5346000
5346000
5346000
5346000
5346000
5346000
5346000
5346000
5346000
1545.76
1547.602
1548.475
1549.019
1549.425
1549.759
1550.056
1550.335
1550.618
1550.94
1544.571
1546.282
1547.457
1548.322
1548.996
1549.552
1550.039
1550.494
1550.957
5346000
1544.636
1546.215
1547.413
1548.353
1549.117
1549.77
1550.361
1550.93
5346000
5346000
1545.36
1546.769
1547.883
1548.792
1549.56
1550.246
1550.892
5346000
5346000
5346000
1546.422
1547.626
1548.604
1549.434
1550.168
1550.856
5346000
5346000
5346000
5346000
1547.591
1548.573
1549.401
1550.137
1550.826
5346000
5346000
5346000
5346000
5346000
1548.694
1549.465
1550.153
1550.803
5346000
5346000
5346000
5346000
5346000
1549.614
1550.208
1550.783
5346000
5346000
5346000
5346000
5346000
1550.286
1550.752
5346000
5346000
5346000
5346000
5346000
1550.677
5346000
5346000
5346000
5346000
5346000
5346000
5346000
5346000
5346000
5346000
5346000
5346000
5346000
5346000
5346000
5346000
5346000
5346000
5346000
5346000
1543.464
1545.331
1547.241
1549.185
5346000
5346000
5346000
5346000
5346000
5346000
1545.147
1547.102
1549.1
5346000
5346000
5346000
5346000
5346000
5346000
5346000
1546.804
1548.931
5346000
5346000
5346000
5346000
5346000
5346000
5346000
5346000
1548.613
5346000
5346000
5346000
5346000
5346000
5346000
5346000
5346000
5346000
5346000
5346000
5346000
5346000
5346000
5346000
5346000
5346000
5346000
5346000
1547.578
1548.449
1548.993
1549.397
1549.731
1550.026
1550.305
1550.584
1550.905
5346000
1546.254
1547.43
1548.292
1548.966
1549.521
1550.006
1550.462
1550.925
5346000
5346000
1546.184
1547.383
1548.32
1549.084
1549.737
1550.328
1550.899
5346000
5346000
5346000
1546.736
1547.852
1548.758
1549.528
1550.214
1550.862
5346000
5346000
5346000
5346000
1547.591
1548.573
1549.401
1550.137
1550.826
5346000
5346000
5346000
5346000
5346000
1548.539
1549.37
1550.106
1550.797
5346000
5346000
5346000
5346000
5346000
1549.434
1550.123
1550.775
5346000
5346000
5346000
5346000
5346000
1550.179
1550.755
5346000
5346000
5346000
5346000
5346000
1550.726
5346000
5346000
5346000
5346000
5346000
5346000
5346000
5346000
5346000
5346000
5346000
5346000
5346000
5346000
5346000
5346000
5346000
5346000
5346000
5346000
1545.312
1547.222
1549.167
5346000
5346000
5346000
5346000
5346000
5346000
5346000
1547.082
1549.081
5346000
5346000
5346000
5346000
5346000
5346000
5346000
5346000
1548.911
5346000
5346000
5346000
5346000
5346000
5346000
5346000
5346000
5346000
5346000
5346000
5346000
5346000
5346000
5346000
5346000
5346000
5346000
5346000
5346000
5346000
5346000
5346000
5346000
5346000
5346000
5346000
5346000
5346000
1548.424
1548.966
1549.37
1549.702
1549.998
1550.274
1550.554
1550.873
5346000
5346000
1547.401
1548.264
1548.936
1549.49
1549.975
1550.43
1550.895
5346000
5346000
5346000
1547.351
1548.289
1549.052
1549.705
1550.297
1550.869
5346000
5346000
5346000
5346000
1547.818
1548.727
1549.495
1550.183
1550.833
5346000
5346000
5346000
5346000
5346000
1548.539
1549.37
1550.106
1550.797
5346000
5346000
5346000
5346000
5346000
1549.338
1550.076
1550.769
5346000
5346000
5346000
5346000
5346000
1550.093
1550.747
5346000
5346000
5346000
5346000
5346000
1550.728
5346000
5346000
5346000
5346000
5346000
5346000
5346000
5346000
5346000
5346000
5346000
5346000
5346000
5346000
5346000
5346000
5346000
5346000
5346000
5346000
1547.203
1549.148
5346000
5346000
5346000
5346000
5346000
5346000
5346000
5346000
1549.062
5346000
5346000
5346000
5346000
5346000
5346000
5346000
5346000
5346000
5346000
5346000
5346000
5346000
5346000
5346000
5346000
5346000
5346000
5346000
5346000
5346000
5346000
5346000
5346000
5346000
5346000
5346000
5346000
5346000
5346000
5346000
5346000
5346000
5346000
5346000
5346000
5346000
5346000
5346000
1548.94
1549.343
1549.675
1549.969
1550.246
1550.524
1550.843
5346000
5346000
5346000
1548.234
1548.907
1549.46
1549.945
1550.401
1550.865
5346000
5346000
5346000
5346000
1548.258
1549.022
1549.674
1550.267
1550.84
5346000
5346000
5346000
5346000
5346000
1548.694
1549.465
1550.153
1550.803
5346000
5346000
5346000
5346000
5346000
1549.338
1550.076
1550.769
5346000
5346000
5346000
5346000
5346000
1550.046
1550.74
5346000
5346000
5346000
5346000
5346000
1550.719
5346000
5346000
5346000
5346000
5346000
5346000
5346000
5346000
5346000
5346000
5346000
5346000
5346000
5346000
5346000
5346000
5346000
5346000
5346000
5346000
1549.129
5346000
5346000
5346000
5346000
5346000
5346000
5346000
5346000
5346000
5346000
5346000
5346000
5346000
5346000
5346000
5346000
5346000
5346000
5346000
5346000
5346000
5346000
5346000
5346000
5346000
5346000
5346000
5346000
5346000
5346000
5346000
5346000
5346000
5346000
5346000
5346000
5346000
5346000
5346000
5346000
5346000
5346000
5346000
5346000
5346000
5346000
5346000
5346000
5346000
1549.316
1549.648
1549.941
1550.217
1550.496
1550.814
5346000
5346000
5346000
5346000
1548.877
1549.431
1549.916
1550.371
1550.837
5346000
5346000
5346000
5346000
5346000
1548.99
1549.644
1550.237
1550.811
5346000
5346000
5346000
5346000
5346000
1549.434
1550.123
1550.775
5346000
5346000
5346000
5346000
5346000
1550.046
1550.74
5346000
5346000
5346000
5346000
5346000
1550.712
5346000
5346000
5346000
5346000
5346000
5346000
5346000
5346000
5346000
5346000
5346000
5346000
5346000
5346000
5346000
5346000
5346000
5346000
5346000
5346000
5346000
5346000
5346000
5346000
5346000
5346000
5346000
5346000
5346000
5346000
5346000
5346000
5346000
5346000
5346000
5346000
5346000
5346000
5346000
5346000
5346000
5346000
5346000
5346000
5346000
5346000
5346000
5346000
5346000
5346000
5346000
5346000
5346000
5346000
5346000
5346000
5346000
5346000
5346000
5346000
5346000
5346000
5346000
5346000
5346000
5346000
5346000
5346000
5346000
5346000
1549.621
1549.914
1550.19
1550.467
1550.786
5346000
5346000
5346000
5346000
5346000
1549.402
1549.887
1550.343
1550.808
5346000
5346000
5346000
5346000
5346000
1549.614
1550.208
1550.783
5346000
5346000
5346000
5346000
5346000
1550.093
1550.747
5346000
5346000
5346000
5346000
5346000
1550.712
5346000
5346000
5346000
5346000
5346000
5346000
5346000
5346000
5346000
5346000
5346000
5346000
5346000
5346000
5346000
5346000
5346000
5346000
5346000
5346000
5346000
5346000
5346000
5346000
5346000
5346000
5346000
5346000
5346000
5346000
5346000
5346000
5346000
5346000
5346000
5346000
5346000
5346000
5346000
5346000
5346000
5346000
5346000
5346000
5346000
5346000
5346000
5346000
5346000
5346000
5346000
5346000
5346000
5346000
5346000
5346000
5346000
5346000
5346000
5346000
5346000
5346000
5346000
5346000
5346000
5346000
5346000
5346000
5346000
5346000
1549.887
1550.162
1550.44
1550.758
5346000
5346000
5346000
5346000
5346000
1549.858
1550.314
1550.78
5346000
5346000
5346000
5346000
5346000
1550.179
1550.755
5346000
5346000
5346000
5346000
5346000
1550.719
5346000
5346000
5346000
5346000
5346000
5346000
5346000
5346000
5346000
5346000
5346000
5346000
5346000
5346000
5346000
5346000
5346000
5346000
5346000
5346000
5346000
5346000
5346000
5346000
5346000
5346000
5346000
5346000
5346000
5346000
5346000
5346000
5346000
5346000
5346000
5346000
5346000
5346000
5346000
5346000
5346000
5346000
5346000
5346000
5346000
5346000
5346000
5346000
5346000
5346000
5346000
5346000
5346000
5346000
5346000
5346000
5346000
5346000
5346000
5346000
5346000
5346000
5346000
5346000
5346000
5346000
5346000
5346000
5346000
1550.135
1550.412
1550.731
5346000
5346000
5346000
5346000
5346000
1550.286
1550.752
5346000
5346000
5346000
5346000
5346000
1550.728
5346000
5346000
5346000
5346000
5346000
5346000
5346000
5346000
5346000
5346000
5346000
5346000
5346000
5346000
5346000
5346000
5346000
5346000
5346000
5346000
5346000
5346000
5346000
5346000
5346000
5346000
5346000
5346000
5346000
5346000
5346000
5346000
5346000
5346000
5346000
5346000
5346000
5346000
5346000
5346000
5346000
5346000
5346000
5346000
5346000
5346000
5346000
5346000
5346000
5346000
5346000
5346000
5346000
5346000
5346000
5346000
5346000
5346000
5346000
5346000
5346000
5346000
5346000
5346000
5346000
5346000
5346000
1550.385
1550.703
5346000
5346000
5346000
5346000
5346000
1550.726
5346000
5346000
5346000
5346000
5346000
5346000
5346000
5346000
5346000
5346000
5346000
5346000
5346000
5346000
5346000
5346000
5346000
5346000
5346000
5346000
5346000
5346000
5346000
5346000
5346000
5346000
5346000
5346000
5346000
5346000
5346000
5346000
5346000
5346000
5346000
5346000
5346000
5346000
5346000
5346000
5346000
5346000
5346000
5346000
5346000
5346000
5346000
5346000
5346000
5346000
5346000
5346000
5346000
5346000
5346000
5346000
5346000
5346000
5346000
5346000
5346000
5346000
5346000
5346000
1550.677
5346000
5346000
5346000
5346000
5346000
5346000
5346000
5346000
5346000
5346000
5346000
5346000
5346000
5346000
5346000
5346000
5346000
5346000
5346000
5346000
5346000
5346000
5346000
5346000
5346000
5346000
5346000
5346000
5346000
5346000
5346000
5346000
5346000
5346000
5346000
5346000
5346000
5346000
5346000
5346000
5346000
5346000
5346000
5346000
5346000
5346000
5346000
5346000
5346000
5346000
5346000
5346000
5346000
5346000
5346000
5346000
5346000
5346000
5346000
5346000
5346000
5346000
5346000
5346000
5346000
5346000
5346000
5346000
5346000
5346000
5346000
5346000
5346000
5346000
5346000
5346000
5346000
5346000
5346000
5346000
5346000
5346000
5346000
5346000
5346000
5346000
5346000
5346000
5346000
5346000
5346000
5346000
5346000
5346000
5346000
5346000
5346000
5346000
5346000
5346000
5346000
5346000
5346000
5346000
5346000
5346000
5346000
5346000
5346000
5346000
5346000
5346000
5346000
5346000
5346000
5346000
5346000
5346000
5346000
5346000
5346000
5346000
5346000
5346000
5346000
5346000
5346000
5346000
5346000
5346000
5346000
5346000
5346000
5346000
5346000
5346000
5346000
5346000
5346000
5346000
5346000
5346000
5346000
5346000
5346000
5346000
5346000
5346000
5346000
5346000
5346000
5346000
5346000
5346000
5346000
5346000
5346000
5346000
5346000
5346000
5346000
5346000
5346000
5346000
5346000
5346000
5346000
5346000
5346000
5346000
5346000
5346000
5346000
5346000
5346000
5346000
5346000
5346000
5346000
5346000
5346000
5346000
5346000
5346000
5346000
5346000
5346000
5346000
5346000
5346000
5346000
5346000
5346000
5346000
5346000
5346000
5346000
5346000
5346000
5346000
5346000
5346000
5346000
5346000
5346000
5346000
5346000
5346000
5346000
5346000
5346000
5346000
5346000
5346000
5346000
5346000
5346000
5346000
5346000
5346000
5346000
5346000
5346000
5346000
5346000
5346000
5346000
5346000
5346000
5346000
5346000
5346000
5346000
5346000
5346000
5346000
5346000
5346000
5346000
5346000
)
;

boundaryField
{
    interconnect0
    {
        type            calculated;
        value           uniform 0;
    }
    interconnectSides
    {
        type            calculated;
        value           uniform 0;
    }
    airInlet
    {
        type            calculated;
        value           nonuniform List<scalar> 0();
    }
    airOutlet
    {
        type            calculated;
        value           nonuniform List<scalar> 0();
    }
    cathodeSides
    {
        type            calculated;
        value           uniform 0;
    }
    electrolyteSides
    {
        type            calculated;
        value           uniform 0;
    }
    anodeSides
    {
        type            calculated;
        value           uniform 0;
    }
    fuelInlet
    {
        type            calculated;
        value           nonuniform List<scalar> 0();
    }
    fuelOutlet
    {
        type            calculated;
        value           nonuniform List<scalar> 0();
    }
    interconnect1
    {
        type            calculated;
        value           uniform 0;
    }
    procBoundary1to0
    {
        type            processor;
        value           nonuniform List<scalar> 
1400
(
5346000
5346000
5346000
5346000
5346000
5346000
5346000
5346000
5346000
5346000
5346000
5346000
5346000
5346000
5346000
5346000
5346000
5346000
5346000
5346000
5346000
5346000
5346000
5346000
5346000
5346000
5346000
5346000
5346000
5346000
5346000
5346000
5346000
5346000
5346000
5346000
5346000
5346000
5346000
5346000
5346000
5346000
5346000
5346000
5346000
5346000
5346000
5346000
5346000
5346000
5346000
5346000
5346000
5346000
5346000
5346000
5346000
5346000
5346000
5346000
1557.931
5346000
5346000
5346000
5346000
5346000
5346000
5346000
5346000
5346000
5346000
1558.043
1557.804
5346000
5346000
5346000
5346000
5346000
5346000
5346000
5346000
5346000
5346000
1558.111
1557.964
1557.711
5346000
5346000
5346000
5346000
5346000
5346000
5346000
5346000
5346000
5346000
1558.153
1558.087
1557.901
1557.624
5346000
5346000
5346000
5346000
5346000
5346000
5346000
5346000
5346000
5346000
1558.173
1558.17
1558.063
1557.812
1557.526
5346000
5346000
5346000
5346000
5346000
5346000
5346000
5346000
5346000
5346000
1558.173
1558.21
1558.177
1557.992
1557.639
1557.391
5346000
5346000
5346000
5346000
1561.134
5346000
5346000
5346000
5346000
5346000
1558.153
1558.21
1558.234
1558.125
1557.788
1557.279
1557.172
5346000
5346000
5346000
1560.942
1559.019
5346000
5346000
5346000
5346000
5346000
1558.111
1558.17
1558.234
1558.191
1557.914
1557.292
1556.561
1556.782
5346000
5346000
1560.535
1558.773
1556.976
5346000
5346000
5346000
5346000
5346000
1558.043
1558.087
1558.177
1558.191
1557.981
1557.353
1556.247
1555.254
1555.99
5346000
1559.817
1558.231
1556.686
1554.937
5346000
5346000
5346000
5346000
5346000
1557.931
1557.964
1558.063
1558.125
1557.981
1557.394
1556.126
1554.34
1553.069
1553.975
1558.244
1557.227
1556.048
1554.621
1552.592
5346000
5346000
5346000
5346000
5346000
1557.804
1557.901
1557.992
1557.914
1557.394
1556.09
1553.875
1551.337
1549.573
1550.708
1555.168
1554.893
1553.933
1552.274
1550.994
5346000
5346000
5346000
5346000
5346000
1557.711
1557.812
1557.788
1557.353
1556.09
1553.684
1550.402
1547.175
1546.883
1550.035
1552.793
1552.732
1551.593
1550.691
1549.387
5346000
5346000
5346000
5346000
5346000
1557.624
1557.639
1557.292
1556.126
1553.684
1549.995
1545.849
1544.564
1546.583
1549.025
1550.761
1550.446
1550.048
1549.103
1544.975
5346000
5346000
5346000
5346000
5346000
1557.526
1557.279
1556.247
1553.875
1549.995
1545.248
1543.182
1544.348
1546.032
1547.833
1548.702
1548.981
1548.506
1544.725
1536.722
5346000
5346000
5346000
5346000
5346000
1557.391
1556.561
1554.34
1550.402
1545.248
1542.529
1542.987
1543.95
1545.27
1546.388
1547.406
1547.523
1544.207
1536.492
1524.854
5346000
5346000
5346000
5346000
5346000
1557.172
1555.254
1551.337
1545.849
1542.529
1542.339
1542.642
1543.372
1544.231
1545.393
1546.083
1543.379
1536.034
1524.602
1511.722
5346000
5346000
5346000
5346000
5346000
1556.782
1553.069
1547.175
1543.182
1542.339
1542.01
1542.14
1542.544
1543.472
1544.254
1542.203
1535.343
1524.116
1511.411
1501.166
5346000
5346000
5346000
5346000
5346000
1555.99
1549.573
1544.564
1542.987
1542.01
1541.535
1541.411
1541.929
1542.511
1540.74
1534.434
1523.427
1510.817
1500.808
1493.872
5346000
5346000
5346000
5346000
5346000
1553.975
1546.883
1544.348
1542.642
1541.535
1540.846
1540.875
1541.109
1539.383
1533.377
1522.601
1509.994
1500.125
1493.477
1489.324
5346000
5346000
5346000
5346000
5346000
1550.708
1546.583
1543.95
1542.14
1540.846
1540.343
1540.15
1538.306
1532.476
1521.732
1509.045
1499.188
1492.725
1488.898
1487.217
5346000
5346000
5346000
5346000
1558.244
1550.035
1546.032
1543.372
1541.411
1540.343
1539.665
1537.573
1531.804
1521.082
1508.098
1498.138
1491.695
1488.085
1486.772
1666000
5346000
5346000
5346000
1559.817
1555.168
1549.025
1545.27
1542.544
1540.875
1539.665
1537.203
1531.36
1520.645
1507.43
1497.141
1490.55
1486.963
1485.921
1666000
1666000
5346000
5346000
1560.535
1557.227
1552.793
1547.833
1544.231
1541.929
1540.15
1537.203
1531.137
1520.364
1506.997
1496.495
1489.488
1485.706
1484.741
1666000
1666000
1666000
5346000
1560.942
1558.231
1554.893
1550.761
1546.388
1543.472
1541.109
1537.573
1531.137
1520.221
1506.716
1496.124
1488.826
1484.527
1483.404
1666000
1666000
1666000
1666000
1561.134
1558.773
1556.048
1552.732
1548.702
1545.393
1542.51
1538.306
1531.36
1520.221
1506.567
1495.905
1488.472
1483.766
1482.135
1666000
1666000
1666000
1666000
1666000
1559.019
1556.686
1553.933
1550.446
1547.406
1544.254
1539.383
1531.804
1520.364
1506.567
1495.795
1488.282
1483.339
1481.285
1666000
1666000
1666000
1666000
1666000
1666000
1556.976
1554.621
1551.593
1548.981
1546.083
1540.74
1532.476
1520.645
1506.715
1495.795
1488.193
1483.104
1480.786
1666000
1666000
1666000
1666000
1666000
1666000
1666000
1554.937
1552.274
1550.048
1547.523
1542.203
1533.377
1521.082
1506.997
1495.905
1488.193
1482.994
1480.501
1666000
1666000
1666000
1666000
1666000
1666000
1666000
1666000
1552.592
1550.691
1548.506
1543.379
1534.434
1521.732
1507.43
1496.124
1488.282
1482.994
1480.365
1666000
1666000
1666000
1666000
1666000
1666000
1666000
1666000
1666000
1550.994
1549.103
1544.207
1535.343
1522.6
1508.098
1496.495
1488.472
1483.104
1480.365
1666000
1666000
1666000
1666000
1666000
1666000
1666000
1666000
1666000
1666000
1549.387
1544.725
1536.033
1523.427
1509.045
1497.141
1488.826
1483.339
1480.501
1666000
1666000
1666000
1666000
1666000
1666000
1666000
1666000
1666000
1666000
1540.292
1544.975
1536.492
1524.116
1509.993
1498.138
1489.488
1483.766
1480.786
1666000
1666000
1666000
1666000
1666000
1666000
1666000
1666000
1666000
1666000
1540.07
1540.348
1536.722
1524.602
1510.817
1499.188
1490.55
1484.527
1481.285
1666000
1666000
1666000
1666000
1666000
1666000
1666000
1666000
1666000
1666000
1539.583
1540.127
1540.413
1524.854
1511.411
1500.125
1491.695
1485.705
1482.135
1666000
1666000
1666000
1666000
1666000
1666000
1666000
1666000
1666000
1666000
1538.75
1539.64
1540.192
1540.484
1511.721
1500.807
1492.725
1486.963
1483.404
1666000
1666000
1666000
1666000
1666000
1666000
1666000
1666000
1666000
1666000
1537.491
1538.806
1539.706
1540.263
1540.561
1501.166
1493.477
1488.085
1484.741
1666000
1666000
1666000
1666000
1666000
1666000
1666000
1666000
1666000
1666000
1535.871
1537.547
1538.872
1539.777
1540.34
1540.643
1493.872
1488.898
1485.921
1666000
1666000
1666000
1666000
1666000
1666000
1666000
1666000
1666000
1666000
1534.263
1535.923
1537.611
1538.943
1539.855
1540.423
1540.732
1489.324
1486.772
1666000
1666000
1666000
1666000
1666000
1666000
1666000
1666000
1666000
1666000
1532.938
1534.312
1535.983
1537.681
1539.021
1539.938
1540.512
1540.821
1487.217
1666000
1666000
1666000
1666000
1666000
1666000
1666000
1666000
1666000
1666000
1532.021
1532.985
1534.367
1536.047
1537.756
1539.105
1540.028
1540.602
1540.911
1666000
1666000
1666000
1666000
1666000
1666000
1666000
1666000
1666000
1666000
1531.557
1532.066
1533.037
1534.426
1536.116
1537.838
1539.195
1540.118
1540.692
1541.001
1666000
1666000
1666000
1666000
1666000
1666000
1666000
1666000
1666000
1531.557
1531.601
1532.117
1533.093
1534.489
1536.19
1537.925
1539.285
1540.209
1540.782
1541.905
1666000
1666000
1666000
1666000
1666000
1666000
1666000
1666000
1532.021
1531.601
1531.651
1532.171
1533.152
1534.556
1536.268
1538.013
1539.377
1540.301
1541.694
1543.698
1666000
1666000
1666000
1666000
1666000
1666000
1666000
1532.938
1532.066
1531.651
1531.704
1532.227
1533.214
1534.628
1536.347
1538.102
1539.469
1541.224
1543.508
1545.541
1666000
1666000
1666000
1666000
1666000
1666000
1534.263
1532.985
1532.117
1531.704
1531.759
1532.287
1533.281
1534.699
1536.426
1538.192
1540.399
1543.08
1545.384
1547.426
1666000
1666000
1666000
1666000
1666000
1535.871
1534.312
1533.037
1532.171
1531.759
1531.818
1532.351
1533.347
1534.77
1536.505
1539.093
1542.295
1545.022
1547.312
1549.345
1666000
1666000
1666000
1666000
1537.491
1535.923
1534.367
1533.093
1532.227
1531.818
1531.881
1532.414
1533.413
1534.84
1537.298
1540.938
1544.324
1547.047
1549.282
5346000
1666000
1666000
1666000
1538.75
1537.547
1535.983
1534.426
1533.152
1532.287
1531.881
1531.943
1532.477
1533.478
1535.544
1538.824
1542.957
1546.508
1549.141
5346000
5346000
1666000
1666000
1539.583
1538.806
1537.611
1536.047
1534.489
1533.214
1532.351
1531.943
1532.004
1532.539
1534.127
1536.838
1540.331
1545.258
1548.857
5346000
5346000
5346000
1666000
1540.07
1539.64
1538.872
1537.681
1536.116
1534.556
1533.281
1532.414
1532.004
1532.065
1533.159
1535.295
1538.044
1541.776
1548.056
5346000
5346000
5346000
5346000
1540.292
1540.127
1539.706
1538.943
1537.756
1536.19
1534.628
1533.347
1532.477
1532.065
1532.673
1534.266
1536.359
1539.128
1543.055
5346000
5346000
5346000
5346000
5346000
1540.348
1540.192
1539.777
1539.021
1537.838
1536.268
1534.699
1533.413
1532.539
1532.673
1533.754
1535.267
1537.301
1540.045
1546.148
5346000
5346000
5346000
5346000
5346000
1540.413
1540.263
1539.855
1539.105
1537.925
1536.347
1534.77
1533.478
1533.159
1533.754
1534.731
1536.151
1538.102
1542.49
1547.979
5346000
5346000
5346000
5346000
5346000
1540.484
1540.34
1539.938
1539.195
1538.013
1536.426
1534.84
1534.127
1534.266
1534.731
1535.595
1536.913
1540.359
1545.192
1548.849
5346000
5346000
5346000
5346000
5346000
1540.561
1540.423
1540.028
1539.285
1538.102
1536.505
1535.544
1535.295
1535.267
1535.595
1536.344
1539.118
1543.348
1546.945
1549.385
5346000
5346000
5346000
5346000
5346000
1540.643
1540.512
1540.118
1539.377
1538.192
1537.298
1536.838
1536.359
1536.151
1536.344
1538.539
1542.236
1545.567
1548.14
1549.77
5346000
5346000
5346000
5346000
5346000
1540.732
1540.602
1540.209
1539.469
1539.093
1538.824
1538.044
1537.301
1536.913
1538.539
1541.713
1544.7
1547.198
1548.988
1550.069
5346000
5346000
5346000
5346000
5346000
1540.821
1540.692
1540.301
1540.399
1540.938
1540.331
1539.128
1538.102
1539.118
1541.713
1544.285
1546.588
1548.387
1549.606
1550.316
5346000
5346000
5346000
5346000
5346000
1540.911
1540.782
1541.224
1542.295
1542.957
1541.776
1540.045
1540.359
1542.236
1544.285
1546.293
1547.995
1549.25
1550.068
1550.535
5346000
5346000
5346000
5346000
5346000
1541.001
1541.694
1543.08
1544.324
1545.258
1543.055
1542.49
1543.348
1544.7
1546.293
1547.805
1549.019
1549.878
1550.434
1550.749
5346000
5346000
5346000
5346000
5346000
1541.905
1543.508
1545.022
1546.508
1548.056
1546.148
1545.192
1545.567
1546.588
1547.805
1548.908
1549.756
1550.353
1550.755
1551
5346000
5346000
5346000
5346000
5346000
1543.698
1545.384
1547.047
1548.857
5346000
1547.979
1546.945
1547.198
1547.995
1548.908
1549.698
1550.3
1550.746
1551.082
5346000
5346000
5346000
5346000
5346000
1545.541
1547.312
1549.141
5346000
5346000
1548.849
1548.14
1548.387
1549.019
1549.698
1550.275
1550.736
1551.117
5346000
5346000
5346000
5346000
5346000
1547.426
1549.282
5346000
5346000
5346000
1549.385
1548.988
1549.25
1549.756
1550.275
1550.73
1551.134
5346000
5346000
5346000
5346000
5346000
1549.345
5346000
5346000
5346000
5346000
1549.77
1549.606
1549.878
1550.3
1550.73
1551.141
5346000
5346000
5346000
5346000
5346000
5346000
5346000
5346000
5346000
5346000
1550.069
1550.068
1550.353
1550.736
1551.141
5346000
5346000
5346000
5346000
5346000
5346000
5346000
5346000
5346000
5346000
1550.316
1550.434
1550.746
1551.134
5346000
5346000
5346000
5346000
5346000
5346000
5346000
5346000
5346000
5346000
1550.535
1550.755
1551.117
5346000
5346000
5346000
5346000
5346000
5346000
5346000
5346000
5346000
5346000
1550.749
1551.082
5346000
5346000
5346000
5346000
5346000
5346000
5346000
5346000
5346000
5346000
1551
5346000
5346000
5346000
5346000
5346000
5346000
5346000
5346000
5346000
5346000
5346000
5346000
5346000
5346000
5346000
5346000
5346000
5346000
5346000
5346000
5346000
5346000
5346000
5346000
5346000
5346000
5346000
5346000
5346000
5346000
5346000
5346000
5346000
5346000
5346000
5346000
5346000
5346000
5346000
5346000
5346000
5346000
5346000
5346000
5346000
5346000
5346000
5346000
5346000
5346000
5346000
5346000
5346000
5346000
5346000
5346000
5346000
5346000
5346000
5346000
)
;
    }
    procBoundary1to2
    {
        type            processor;
        value           nonuniform List<scalar> 
1400
(
5346000
5346000
5346000
5346000
5346000
5346000
5346000
5346000
5346000
5346000
5346000
5346000
5346000
5346000
5346000
5346000
5346000
5346000
5346000
5346000
5346000
5346000
5346000
5346000
5346000
5346000
5346000
5346000
5346000
5346000
5346000
5346000
5346000
5346000
5346000
5346000
5346000
5346000
5346000
5346000
5346000
5346000
5346000
5346000
5346000
5346000
5346000
5346000
5346000
5346000
5346000
5346000
5346000
5346000
5346000
5346000
5346000
5346000
5346000
5346000
1557.513
5346000
5346000
5346000
5346000
5346000
5346000
5346000
5346000
5346000
5346000
1557.511
1557.276
5346000
5346000
5346000
5346000
5346000
5346000
5346000
5346000
5346000
5346000
1557.477
1557.099
1557.086
5346000
5346000
5346000
5346000
5346000
5346000
5346000
5346000
5346000
5346000
1557.443
1556.927
1556.696
1556.918
5346000
5346000
5346000
5346000
5346000
5346000
5346000
5346000
5346000
5346000
1557.424
1556.795
1556.352
1556.269
1556.764
5346000
5346000
5346000
5346000
5346000
5346000
5346000
5346000
5346000
5346000
1557.424
1556.724
1556.1
1555.711
1555.787
1556.618
5346000
5346000
5346000
5346000
1561.164
5346000
5346000
5346000
5346000
5346000
1557.443
1556.724
1555.967
1555.308
1554.957
1555.206
1556.455
5346000
5346000
5346000
1560.975
1559.038
5346000
5346000
5346000
5346000
5346000
1557.477
1556.795
1555.967
1555.097
1554.363
1554.031
1554.455
1556.201
5346000
5346000
1560.573
1558.792
1556.982
5346000
5346000
5346000
5346000
5346000
1557.511
1556.926
1556.1
1555.097
1554.055
1553.203
1552.852
1553.397
1555.609
5346000
1559.859
1558.25
1556.691
1554.926
5346000
5346000
5346000
5346000
5346000
1557.513
1557.099
1556.352
1555.308
1554.055
1552.778
1551.753
1551.291
1551.743
1553.799
1558.277
1557.24
1556.049
1554.608
1552.546
5346000
5346000
5346000
5346000
5346000
1557.276
1556.696
1555.711
1554.363
1552.778
1551.198
1549.913
1549.144
1548.927
1550.577
1555.15
1554.881
1553.913
1552.225
1550.917
5346000
5346000
5346000
5346000
5346000
1557.086
1556.269
1554.957
1553.203
1551.198
1549.234
1547.546
1546.126
1546.59
1549.899
1552.744
1552.696
1551.537
1550.611
1549.287
5346000
5346000
5346000
5346000
5346000
1556.918
1555.786
1554.031
1551.753
1549.234
1546.782
1544.497
1544.128
1546.317
1548.886
1550.689
1550.375
1549.96
1549
1544.856
5346000
5346000
5346000
5346000
5346000
1556.764
1555.206
1552.852
1549.913
1546.782
1543.734
1542.639
1543.965
1545.789
1547.692
1548.6
1548.878
1548.394
1544.601
1536.646
5346000
5346000
5346000
5346000
5346000
1556.618
1554.455
1551.291
1547.546
1543.734
1541.928
1542.515
1543.612
1545.047
1546.236
1547.277
1547.394
1544.071
1536.409
1524.936
5346000
5346000
5346000
5346000
5346000
1556.455
1553.397
1549.144
1544.497
1541.928
1541.818
1542.231
1543.073
1544.019
1545.223
1545.927
1543.223
1535.937
1524.678
1512.052
5346000
5346000
5346000
5346000
5346000
1556.201
1551.743
1546.126
1542.639
1541.818
1541.56
1541.781
1542.273
1543.251
1544.055
1542.012
1535.223
1524.179
1511.738
1501.716
5346000
5346000
5346000
5346000
5346000
1555.609
1548.927
1544.128
1542.515
1541.56
1541.145
1541.095
1541.659
1542.262
1540.502
1534.272
1523.473
1511.136
1501.355
1494.588
5346000
5346000
5346000
5346000
5346000
1553.799
1546.59
1543.965
1542.231
1541.145
1540.504
1540.566
1540.813
1539.091
1533.161
1522.608
1510.305
1500.666
1494.191
1490.157
5346000
5346000
5346000
5346000
5346000
1550.577
1546.317
1543.612
1541.781
1540.504
1540.013
1539.816
1537.965
1532.205
1521.688
1509.328
1499.727
1493.432
1489.729
1488.107
5346000
5346000
5346000
5346000
1558.277
1549.899
1545.789
1543.073
1541.095
1540.013
1539.31
1537.194
1531.482
1520.998
1508.342
1498.651
1492.402
1488.909
1487.661
1666000
5346000
5346000
5346000
1559.859
1555.15
1548.886
1545.047
1542.273
1540.566
1539.31
1536.802
1530.998
1520.524
1507.658
1497.612
1491.23
1487.789
1486.804
1666000
1666000
5346000
5346000
1560.573
1557.24
1552.744
1547.692
1544.019
1541.659
1539.816
1536.802
1530.753
1520.213
1507.213
1496.953
1490.123
1486.505
1485.627
1666000
1666000
1666000
5346000
1560.975
1558.25
1554.881
1550.689
1546.236
1543.251
1540.813
1537.194
1530.753
1520.052
1506.918
1496.571
1489.443
1485.281
1484.265
1666000
1666000
1666000
1666000
1561.164
1558.792
1556.049
1552.696
1548.6
1545.223
1542.262
1537.965
1530.998
1520.052
1506.761
1496.337
1489.072
1484.501
1482.951
1666000
1666000
1666000
1666000
1666000
1559.038
1556.691
1553.913
1550.375
1547.277
1544.055
1539.091
1531.482
1520.213
1506.761
1496.218
1488.863
1484.056
1482.084
1666000
1666000
1666000
1666000
1666000
1666000
1556.982
1554.608
1551.537
1548.878
1545.927
1540.502
1532.205
1520.524
1506.918
1496.218
1488.761
1483.8
1481.567
1666000
1666000
1666000
1666000
1666000
1666000
1666000
1554.926
1552.225
1549.96
1547.394
1542.012
1533.161
1520.998
1507.213
1496.337
1488.761
1483.677
1481.26
1666000
1666000
1666000
1666000
1666000
1666000
1666000
1666000
1552.546
1550.611
1548.394
1543.223
1534.272
1521.688
1507.658
1496.571
1488.863
1483.677
1481.111
1666000
1666000
1666000
1666000
1666000
1666000
1666000
1666000
1666000
1550.917
1549
1544.071
1535.223
1522.608
1508.342
1496.953
1489.072
1483.8
1481.111
1666000
1666000
1666000
1666000
1666000
1666000
1666000
1666000
1666000
1666000
1549.287
1544.601
1535.937
1523.473
1509.328
1497.612
1489.443
1484.056
1481.26
1666000
1666000
1666000
1666000
1666000
1666000
1666000
1666000
1666000
1666000
1540.042
1544.856
1536.409
1524.179
1510.305
1498.651
1490.123
1484.501
1481.567
1666000
1666000
1666000
1666000
1666000
1666000
1666000
1666000
1666000
1666000
1539.81
1540.098
1536.646
1524.678
1511.135
1499.727
1491.23
1485.281
1482.084
1666000
1666000
1666000
1666000
1666000
1666000
1666000
1666000
1666000
1666000
1539.301
1539.866
1540.162
1524.936
1511.738
1500.665
1492.402
1486.505
1482.951
1666000
1666000
1666000
1666000
1666000
1666000
1666000
1666000
1666000
1666000
1538.43
1539.357
1539.931
1540.232
1512.052
1501.355
1493.432
1487.789
1484.265
1666000
1666000
1666000
1666000
1666000
1666000
1666000
1666000
1666000
1666000
1537.117
1538.486
1539.422
1540.001
1540.308
1501.716
1494.191
1488.909
1485.627
1666000
1666000
1666000
1666000
1666000
1666000
1666000
1666000
1666000
1666000
1535.426
1537.173
1538.551
1539.492
1540.077
1540.39
1494.588
1489.729
1486.804
1666000
1666000
1666000
1666000
1666000
1666000
1666000
1666000
1666000
1666000
1533.744
1535.478
1537.236
1538.622
1539.569
1540.159
1540.478
1490.157
1487.661
1666000
1666000
1666000
1666000
1666000
1666000
1666000
1666000
1666000
1666000
1532.352
1533.792
1535.537
1537.305
1538.699
1539.652
1540.248
1540.566
1488.107
1666000
1666000
1666000
1666000
1666000
1666000
1666000
1666000
1666000
1666000
1531.385
1532.398
1533.847
1535.601
1537.38
1538.782
1539.741
1540.337
1540.655
1666000
1666000
1666000
1666000
1666000
1666000
1666000
1666000
1666000
1666000
1530.894
1531.43
1532.451
1533.906
1535.669
1537.461
1538.871
1539.831
1540.426
1540.745
1666000
1666000
1666000
1666000
1666000
1666000
1666000
1666000
1666000
1530.894
1530.938
1531.481
1532.505
1533.968
1535.742
1537.548
1538.962
1539.922
1540.516
1541.648
1666000
1666000
1666000
1666000
1666000
1666000
1666000
1666000
1531.385
1530.938
1530.988
1531.533
1532.563
1534.034
1535.82
1537.635
1539.053
1540.013
1541.426
1543.444
1666000
1666000
1666000
1666000
1666000
1666000
1666000
1532.352
1531.43
1530.988
1531.04
1531.589
1532.625
1534.105
1535.899
1537.724
1539.145
1540.935
1543.245
1545.291
1666000
1666000
1666000
1666000
1666000
1666000
1533.744
1532.398
1531.481
1531.04
1531.094
1531.648
1532.692
1534.176
1535.977
1537.813
1540.075
1542.797
1545.126
1547.182
1666000
1666000
1666000
1666000
1666000
1535.426
1533.792
1532.451
1531.533
1531.094
1531.152
1531.712
1532.757
1534.246
1536.056
1538.715
1541.979
1544.748
1547.062
1549.109
1666000
1666000
1666000
1666000
1537.117
1535.478
1533.847
1532.505
1531.589
1531.152
1531.214
1531.774
1532.822
1534.316
1536.848
1540.569
1544.02
1546.783
1549.041
5346000
1666000
1666000
1666000
1538.43
1537.173
1535.537
1533.906
1532.563
1531.648
1531.214
1531.276
1531.836
1532.886
1535.017
1538.377
1542.602
1546.221
1548.891
5346000
5346000
1666000
1666000
1539.301
1538.486
1537.236
1535.601
1533.968
1532.625
1531.712
1531.276
1531.337
1531.898
1533.533
1536.31
1539.889
1544.926
1548.591
5346000
5346000
5346000
1666000
1539.81
1539.357
1538.551
1537.305
1535.669
1534.034
1532.692
1531.774
1531.337
1531.397
1532.515
1534.696
1537.512
1541.338
1547.758
5346000
5346000
5346000
5346000
1540.042
1539.866
1539.422
1538.622
1537.38
1535.742
1534.105
1532.757
1531.836
1531.397
1532.001
1533.614
1535.75
1538.59
1542.621
5346000
5346000
5346000
5346000
5346000
1540.098
1539.931
1539.492
1538.699
1537.461
1535.82
1534.176
1532.822
1531.898
1532.001
1533.074
1534.601
1536.677
1539.496
1545.732
5346000
5346000
5346000
5346000
5346000
1540.162
1540.001
1539.569
1538.782
1537.548
1535.899
1534.246
1532.886
1532.515
1533.074
1534.035
1535.466
1537.459
1541.907
1547.549
5346000
5346000
5346000
5346000
5346000
1540.232
1540.077
1539.652
1538.871
1537.635
1535.977
1534.316
1533.533
1533.614
1534.035
1534.877
1536.201
1539.643
1544.537
1548.394
5346000
5346000
5346000
5346000
5346000
1540.308
1540.159
1539.741
1538.962
1537.724
1536.056
1535.017
1534.696
1534.601
1534.877
1535.596
1538.305
1542.497
1546.218
1548.91
5346000
5346000
5346000
5346000
5346000
1540.39
1540.248
1539.831
1539.053
1537.813
1536.848
1536.31
1535.75
1535.466
1535.596
1537.674
1541.238
1544.593
1547.363
1549.286
5346000
5346000
5346000
5346000
5346000
1540.478
1540.337
1539.922
1539.145
1538.715
1538.377
1537.512
1536.677
1536.201
1537.674
1540.636
1543.534
1546.139
1548.196
1549.59
5346000
5346000
5346000
5346000
5346000
1540.566
1540.426
1540.013
1540.075
1540.569
1539.889
1538.59
1537.459
1538.305
1540.636
1543.015
1545.308
1547.304
1548.839
1549.856
5346000
5346000
5346000
5346000
5346000
1540.655
1540.516
1540.935
1541.979
1542.602
1541.338
1539.496
1539.643
1541.238
1543.015
1544.891
1546.683
1548.212
1549.365
1550.105
5346000
5346000
5346000
5346000
5346000
1540.745
1541.426
1542.797
1544.02
1544.926
1542.621
1541.907
1542.497
1543.534
1544.891
1546.366
1547.766
1548.947
1549.823
1550.356
5346000
5346000
5346000
5346000
5346000
1541.648
1543.245
1544.748
1546.221
1547.758
1545.732
1544.537
1544.593
1545.308
1546.366
1547.536
1548.646
1549.575
1550.254
1550.648
5346000
5346000
5346000
5346000
5346000
1543.444
1545.126
1546.783
1548.591
5346000
1547.549
1546.218
1546.139
1546.683
1547.536
1548.488
1549.39
1550.145
1550.697
5346000
5346000
5346000
5346000
5346000
1545.291
1547.062
1548.891
5346000
5346000
1548.394
1547.363
1547.304
1547.766
1548.488
1549.293
1550.057
1550.698
5346000
5346000
5346000
5346000
5346000
1547.182
1549.041
5346000
5346000
5346000
1548.91
1548.196
1548.212
1548.646
1549.293
1550.008
1550.688
5346000
5346000
5346000
5346000
5346000
1549.109
5346000
5346000
5346000
5346000
1549.286
1548.839
1548.947
1549.39
1550.008
1550.681
5346000
5346000
5346000
5346000
5346000
5346000
5346000
5346000
5346000
5346000
1549.59
1549.365
1549.575
1550.057
1550.681
5346000
5346000
5346000
5346000
5346000
5346000
5346000
5346000
5346000
5346000
1549.856
1549.823
1550.145
1550.688
5346000
5346000
5346000
5346000
5346000
5346000
5346000
5346000
5346000
5346000
1550.105
1550.254
1550.698
5346000
5346000
5346000
5346000
5346000
5346000
5346000
5346000
5346000
5346000
1550.356
1550.697
5346000
5346000
5346000
5346000
5346000
5346000
5346000
5346000
5346000
5346000
1550.648
5346000
5346000
5346000
5346000
5346000
5346000
5346000
5346000
5346000
5346000
5346000
5346000
5346000
5346000
5346000
5346000
5346000
5346000
5346000
5346000
5346000
5346000
5346000
5346000
5346000
5346000
5346000
5346000
5346000
5346000
5346000
5346000
5346000
5346000
5346000
5346000
5346000
5346000
5346000
5346000
5346000
5346000
5346000
5346000
5346000
5346000
5346000
5346000
5346000
5346000
5346000
5346000
5346000
5346000
5346000
5346000
5346000
5346000
5346000
5346000
)
;
    }
}
)

// processor2

144410
(dimensions      [1 -1 -2 -1 0 0 0];

internalField   nonuniform List<scalar> 
14000
(
5346000
5346000
5346000
5346000
5346000
5346000
5346000
5346000
5346000
5346000
5346000
5346000
5346000
5346000
5346000
5346000
5346000
5346000
5346000
5346000
5346000
5346000
5346000
5346000
5346000
5346000
5346000
5346000
5346000
5346000
5346000
5346000
5346000
5346000
5346000
5346000
5346000
5346000
5346000
5346000
5346000
5346000
5346000
5346000
5346000
5346000
5346000
5346000
5346000
5346000
5346000
5346000
5346000
5346000
5346000
5346000
5346000
5346000
5346000
5346000
5346000
5346000
5346000
5346000
5346000
5346000
5346000
5346000
5346000
5346000
5346000
5346000
5346000
5346000
5346000
5346000
5346000
5346000
5346000
5346000
5346000
5346000
5346000
5346000
5346000
5346000
5346000
5346000
5346000
5346000
5346000
5346000
5346000
5346000
5346000
5346000
5346000
5346000
5346000
5346000
5346000
5346000
5346000
5346000
5346000
5346000
5346000
5346000
5346000
5346000
5346000
5346000
5346000
5346000
5346000
5346000
5346000
5346000
5346000
5346000
5346000
5346000
5346000
5346000
5346000
5346000
5346000
5346000
5346000
5346000
5346000
5346000
5346000
5346000
5346000
5346000
5346000
5346000
5346000
5346000
5346000
5346000
5346000
5346000
5346000
5346000
5346000
5346000
5346000
5346000
5346000
5346000
5346000
5346000
5346000
5346000
5346000
5346000
5346000
5346000
5346000
5346000
5346000
5346000
5346000
5346000
5346000
5346000
5346000
5346000
5346000
5346000
5346000
5346000
5346000
5346000
5346000
5346000
5346000
5346000
5346000
5346000
5346000
5346000
5346000
5346000
5346000
5346000
5346000
5346000
5346000
5346000
5346000
5346000
5346000
5346000
5346000
5346000
5346000
5346000
5346000
5346000
5346000
5346000
5346000
5346000
5346000
5346000
5346000
5346000
5346000
5346000
5346000
5346000
5346000
5346000
5346000
5346000
5346000
5346000
5346000
5346000
5346000
5346000
5346000
5346000
5346000
5346000
5346000
5346000
5346000
5346000
5346000
5346000
5346000
5346000
5346000
5346000
5346000
5346000
1557.513
5346000
5346000
5346000
5346000
5346000
5346000
5346000
5346000
5346000
5346000
5346000
5346000
5346000
5346000
5346000
5346000
5346000
5346000
5346000
5346000
5346000
5346000
5346000
5346000
5346000
5346000
5346000
5346000
5346000
5346000
5346000
5346000
5346000
5346000
5346000
5346000
5346000
5346000
5346000
5346000
5346000
5346000
5346000
5346000
5346000
5346000
5346000
5346000
5346000
5346000
5346000
5346000
5346000
5346000
5346000
5346000
5346000
5346000
5346000
5346000
5346000
5346000
5346000
5346000
1557.511
5346000
5346000
5346000
5346000
5346000
1557.491
1557.276
5346000
5346000
5346000
5346000
5346000
5346000
5346000
5346000
5346000
5346000
5346000
5346000
5346000
5346000
5346000
5346000
5346000
5346000
5346000
5346000
5346000
5346000
5346000
5346000
5346000
5346000
5346000
5346000
5346000
5346000
5346000
5346000
5346000
5346000
5346000
5346000
5346000
5346000
5346000
5346000
5346000
5346000
5346000
5346000
5346000
5346000
5346000
5346000
5346000
5346000
5346000
5346000
5346000
5346000
5346000
5346000
5346000
5346000
5346000
5346000
5346000
5346000
5346000
5346000
5346000
5346000
5346000
1557.477
5346000
5346000
5346000
5346000
5346000
1557.489
1557.099
5346000
5346000
5346000
5346000
5346000
1557.464
1557.256
1557.086
5346000
5346000
5346000
5346000
5346000
5346000
5346000
5346000
5346000
5346000
5346000
5346000
5346000
5346000
5346000
5346000
5346000
5346000
5346000
5346000
5346000
5346000
5346000
5346000
5346000
5346000
5346000
5346000
5346000
5346000
5346000
5346000
5346000
5346000
5346000
5346000
5346000
5346000
5346000
5346000
5346000
5346000
5346000
5346000
5346000
5346000
5346000
5346000
5346000
5346000
5346000
5346000
5346000
5346000
5346000
5346000
5346000
5346000
5346000
5346000
5346000
5346000
5346000
5346000
5346000
5346000
5346000
5346000
5346000
1557.443
5346000
5346000
5346000
5346000
5346000
1557.454
1556.927
5346000
5346000
5346000
5346000
5346000
1557.461
1557.077
1556.696
5346000
5346000
5346000
5346000
5346000
1557.444
1557.229
1557.068
1556.918
5346000
5346000
5346000
5346000
5346000
5346000
5346000
5346000
5346000
5346000
5346000
5346000
5346000
5346000
5346000
5346000
5346000
5346000
5346000
5346000
5346000
5346000
5346000
5346000
5346000
5346000
5346000
5346000
5346000
5346000
5346000
5346000
5346000
5346000
5346000
5346000
5346000
5346000
5346000
5346000
5346000
5346000
5346000
5346000
5346000
5346000
5346000
5346000
5346000
5346000
5346000
5346000
5346000
5346000
5346000
5346000
5346000
5346000
5346000
5346000
5346000
5346000
5346000
5346000
5346000
5346000
5346000
5346000
5346000
5346000
1557.424
5346000
5346000
5346000
5346000
5346000
1557.419
1556.795
5346000
5346000
5346000
5346000
5346000
1557.425
1556.903
1556.352
5346000
5346000
5346000
5346000
5346000
1557.441
1557.049
1556.676
1556.269
5346000
5346000
5346000
5346000
5346000
1557.418
1557.21
1557.043
1556.903
1556.764
5346000
5346000
5346000
5346000
5346000
5346000
5346000
5346000
5346000
5346000
5346000
5346000
5346000
5346000
5346000
5346000
5346000
5346000
5346000
5346000
5346000
5346000
5346000
5346000
5346000
5346000
5346000
5346000
5346000
5346000
5346000
5346000
5346000
5346000
5346000
5346000
5346000
5346000
5346000
5346000
5346000
5346000
5346000
5346000
5346000
5346000
5346000
5346000
5346000
5346000
5346000
5346000
5346000
5346000
5346000
5346000
5346000
5346000
5346000
5346000
5346000
5346000
5346000
5346000
5346000
5346000
5346000
5346000
5346000
5346000
1557.424
5346000
5346000
5346000
5346000
5346000
1557.399
1556.724
5346000
5346000
5346000
5346000
5346000
1557.389
1556.77
1556.1
5346000
5346000
5346000
5346000
5346000
1557.403
1556.874
1556.33
1555.711
5346000
5346000
5346000
5346000
5346000
1557.414
1557.029
1556.65
1556.253
1555.787
5346000
5346000
5346000
5346000
1557.4
1557.185
1557.026
1556.881
1556.755
1556.618
5346000
5346000
5346000
5346000
5346000
5346000
5346000
5346000
5346000
5346000
5346000
5346000
5346000
5346000
5346000
5346000
5346000
5346000
5346000
5346000
5346000
5346000
5346000
5346000
5346000
5346000
5346000
5346000
5346000
5346000
5346000
5346000
5346000
5346000
5346000
5346000
5346000
5346000
5346000
5346000
5346000
5346000
5346000
5346000
5346000
5346000
5346000
5346000
5346000
1561.164
5346000
5346000
5346000
5346000
5346000
5346000
5346000
5346000
5346000
5346000
5346000
5346000
5346000
5346000
5346000
5346000
5346000
5346000
5346000
5346000
1557.443
5346000
5346000
5346000
5346000
5346000
1557.399
1556.724
5346000
5346000
5346000
5346000
5346000
1557.368
1556.699
1555.967
5346000
5346000
5346000
5346000
5346000
1557.366
1556.74
1556.076
1555.308
5346000
5346000
5346000
5346000
5346000
1557.376
1556.853
1556.303
1555.694
1554.957
5346000
5346000
5346000
5346000
1557.395
1557.003
1556.631
1556.23
1555.776
1555.206
5346000
5346000
5346000
1557.375
1557.168
1557.002
1556.868
1556.737
1556.614
1556.455
5346000
5346000
5346000
5346000
5346000
5346000
5346000
5346000
5346000
5346000
5346000
5346000
5346000
5346000
5346000
5346000
5346000
5346000
5346000
5346000
5346000
5346000
5346000
5346000
5346000
5346000
5346000
5346000
5346000
5346000
5346000
5346000
5346000
5346000
5346000
5346000
5346000
5346000
5346000
1560.975
5346000
5346000
5346000
5346000
5346000
5346000
5346000
5346000
1561.164
1559.038
5346000
5346000
5346000
5346000
5346000
5346000
5346000
5346000
5346000
5346000
5346000
5346000
5346000
5346000
5346000
5346000
5346000
5346000
5346000
5346000
1557.477
5346000
5346000
5346000
5346000
5346000
1557.419
1556.795
5346000
5346000
5346000
5346000
5346000
1557.368
1556.699
1555.967
5346000
5346000
5346000
5346000
5346000
1557.345
1556.668
1555.943
1555.097
5346000
5346000
5346000
5346000
5346000
1557.338
1556.717
1556.047
1555.288
1554.363
5346000
5346000
5346000
5346000
1557.356
1556.825
1556.283
1555.669
1554.945
1554.031
5346000
5346000
5346000
1557.37
1556.984
1556.606
1556.215
1555.757
1555.201
1554.455
5346000
5346000
1557.359
1557.143
1556.987
1556.847
1556.728
1556.601
1556.457
1556.201
5346000
5346000
5346000
5346000
5346000
5346000
5346000
5346000
5346000
5346000
5346000
5346000
5346000
5346000
5346000
5346000
5346000
5346000
5346000
5346000
5346000
5346000
5346000
5346000
5346000
5346000
5346000
5346000
5346000
1560.573
5346000
5346000
5346000
5346000
5346000
5346000
5346000
5346000
1560.975
1558.792
5346000
5346000
5346000
5346000
5346000
5346000
5346000
1561.161
1559.038
1556.982
5346000
5346000
5346000
5346000
5346000
5346000
5346000
5346000
5346000
5346000
5346000
5346000
5346000
5346000
5346000
5346000
5346000
5346000
5346000
5346000
1557.511
5346000
5346000
5346000
5346000
5346000
1557.454
1556.926
5346000
5346000
5346000
5346000
5346000
1557.389
1556.77
1556.1
5346000
5346000
5346000
5346000
5346000
1557.345
1556.668
1555.943
1555.097
5346000
5346000
5346000
5346000
5346000
1557.316
1556.644
1555.913
1555.076
1554.055
5346000
5346000
5346000
5346000
1557.317
1556.688
1556.026
1555.262
1554.35
1553.203
5346000
5346000
5346000
1557.33
1556.805
1556.256
1555.652
1554.925
1554.026
1552.852
5346000
5346000
1557.353
1556.959
1556.589
1556.192
1555.747
1555.188
1554.457
1553.397
5346000
1557.335
1557.127
1556.963
1556.834
1556.711
1556.597
1556.449
1556.206
1555.609
5346000
5346000
5346000
5346000
5346000
5346000
5346000
5346000
5346000
5346000
5346000
5346000
5346000
5346000
5346000
5346000
5346000
5346000
5346000
1559.859
5346000
5346000
5346000
5346000
5346000
5346000
5346000
5346000
1560.574
1558.25
5346000
5346000
5346000
5346000
5346000
5346000
5346000
1560.972
1558.792
1556.691
5346000
5346000
5346000
5346000
5346000
5346000
1561.16
1559.034
1556.981
1554.926
5346000
5346000
5346000
5346000
5346000
5346000
5346000
5346000
5346000
5346000
5346000
5346000
5346000
5346000
5346000
5346000
5346000
5346000
5346000
5346000
1557.513
5346000
5346000
5346000
5346000
5346000
1557.489
1557.099
5346000
5346000
5346000
5346000
5346000
1557.425
1556.903
1556.352
5346000
5346000
5346000
5346000
5346000
1557.366
1556.74
1556.076
1555.308
5346000
5346000
5346000
5346000
5346000
1557.316
1556.644
1555.913
1555.076
1554.055
5346000
5346000
5346000
5346000
1557.295
1556.615
1555.89
1555.049
1554.04
1552.778
5346000
5346000
5346000
1557.29
1556.667
1555.998
1555.244
1554.328
1553.197
1551.753
5346000
5346000
1557.311
1556.779
1556.237
1555.628
1554.913
1554.012
1552.854
1551.291
5346000
1557.328
1556.942
1556.565
1556.179
1555.728
1555.183
1554.45
1553.404
1551.743
1557.32
1557.104
1556.949
1556.814
1556.702
1556.584
1556.45
1556.203
1555.617
1553.799
5346000
5346000
5346000
5346000
5346000
5346000
5346000
5346000
5346000
1558.277
5346000
5346000
5346000
5346000
5346000
5346000
5346000
5346000
1559.861
1557.24
5346000
5346000
5346000
5346000
5346000
5346000
5346000
1560.571
1558.25
1556.049
5346000
5346000
5346000
5346000
5346000
5346000
1560.972
1558.789
1556.691
1554.608
5346000
5346000
5346000
5346000
5346000
1561.157
1559.034
1556.977
1554.924
1552.546
5346000
5346000
5346000
5346000
5346000
5346000
5346000
5346000
5346000
5346000
5346000
5346000
5346000
5346000
5346000
5346000
5346000
5346000
5346000
5346000
5346000
5346000
5346000
5346000
5346000
1557.491
1557.276
5346000
5346000
5346000
5346000
5346000
1557.461
1557.077
1556.696
5346000
5346000
5346000
5346000
5346000
1557.403
1556.874
1556.33
1555.711
5346000
5346000
5346000
5346000
5346000
1557.338
1556.717
1556.047
1555.288
1554.363
5346000
5346000
5346000
5346000
1557.295
1556.615
1555.89
1555.049
1554.04
1552.778
5346000
5346000
5346000
1557.267
1556.593
1555.861
1555.03
1554.018
1552.772
1551.198
5346000
5346000
1557.271
1556.639
1555.977
1555.218
1554.316
1553.182
1551.755
1549.913
5346000
1557.286
1556.76
1556.212
1555.613
1554.893
1554.007
1552.846
1551.299
1549.144
1557.312
1556.917
1556.549
1556.157
1555.719
1555.17
1554.451
1553.401
1551.752
1548.927
1557.089
1556.927
1556.802
1556.685
1556.58
1556.441
1556.207
1555.616
1553.806
1550.577
5346000
5346000
5346000
5346000
5346000
5346000
5346000
5346000
1558.281
1555.15
5346000
5346000
5346000
5346000
5346000
5346000
5346000
1559.859
1557.242
1554.881
5346000
5346000
5346000
5346000
5346000
5346000
1560.571
1558.247
1556.049
1553.913
5346000
5346000
5346000
5346000
5346000
1560.969
1558.788
1556.687
1554.606
1552.225
5346000
5346000
5346000
5346000
1561.156
1559.029
1556.976
1554.92
1552.541
1550.917
5346000
5346000
5346000
5346000
5346000
5346000
5346000
5346000
5346000
5346000
5346000
5346000
5346000
5346000
5346000
5346000
5346000
5346000
5346000
5346000
5346000
5346000
5346000
5346000
5346000
5346000
5346000
5346000
5346000
5346000
1557.464
1557.256
1557.086
5346000
5346000
5346000
5346000
5346000
1557.441
1557.049
1556.676
1556.269
5346000
5346000
5346000
5346000
5346000
1557.376
1556.853
1556.303
1555.694
1554.957
5346000
5346000
5346000
5346000
1557.317
1556.688
1556.026
1555.262
1554.35
1553.203
5346000
5346000
5346000
1557.267
1556.593
1555.861
1555.03
1554.018
1552.772
1551.198
5346000
5346000
1557.248
1556.565
1555.84
1555.004
1554.005
1552.756
1551.2
1549.234
5346000
1557.245
1556.62
1555.951
1555.201
1554.295
1553.177
1551.748
1549.921
1547.546
1557.269
1556.735
1556.194
1555.589
1554.883
1553.992
1552.848
1551.297
1549.154
1546.126
1556.901
1556.526
1556.144
1555.7
1555.165
1554.442
1553.406
1551.751
1548.935
1546.59
1556.914
1556.782
1556.677
1556.567
1556.441
1556.202
1555.622
1553.806
1550.582
1549.899
5346000
5346000
5346000
5346000
5346000
5346000
5346000
1558.279
1555.153
1552.744
5346000
5346000
5346000
5346000
5346000
5346000
1559.86
1557.239
1554.882
1552.696
5346000
5346000
5346000
5346000
5346000
1560.568
1558.247
1556.046
1553.912
1551.537
5346000
5346000
5346000
5346000
1560.968
1558.784
1556.686
1554.602
1552.221
1550.611
5346000
5346000
5346000
1561.151
1559.028
1556.972
1554.917
1552.534
1550.909
1549.287
5346000
5346000
5346000
5346000
5346000
5346000
5346000
5346000
5346000
5346000
5346000
5346000
5346000
5346000
5346000
5346000
5346000
5346000
5346000
5346000
5346000
5346000
5346000
5346000
5346000
5346000
5346000
5346000
5346000
5346000
5346000
5346000
5346000
5346000
5346000
1557.444
1557.229
1557.068
1556.918
5346000
5346000
5346000
5346000
5346000
1557.414
1557.029
1556.65
1556.253
1555.786
5346000
5346000
5346000
5346000
1557.356
1556.825
1556.283
1555.669
1554.945
1554.031
5346000
5346000
5346000
1557.29
1556.667
1555.998
1555.244
1554.328
1553.197
1551.753
5346000
5346000
1557.248
1556.565
1555.84
1555.004
1554.005
1552.756
1551.2
1549.234
5346000
1557.221
1556.544
1555.813
1554.986
1553.983
1552.751
1551.193
1549.242
1546.782
1557.227
1556.593
1555.932
1555.177
1554.283
1553.162
1551.75
1549.92
1547.557
1544.497
1556.717
1556.169
1555.575
1554.863
1553.988
1552.839
1551.304
1549.155
1546.136
1544.128
1556.511
1556.122
1555.692
1555.151
1554.443
1553.401
1551.758
1548.935
1546.596
1546.317
1556.771
1556.66
1556.563
1556.432
1556.205
1555.619
1553.812
1550.581
1549.904
1548.886
5346000
5346000
5346000
5346000
5346000
5346000
1558.282
1555.152
1552.747
1550.689
5346000
5346000
5346000
5346000
5346000
1559.857
1557.24
1554.88
1552.697
1550.375
5346000
5346000
5346000
5346000
1560.568
1558.244
1556.045
1553.908
1551.533
1549.96
5346000
5346000
5346000
1560.963
1558.783
1556.682
1554.6
1552.214
1550.604
1549
5346000
5346000
1561.149
1559.023
1556.97
1554.912
1552.528
1550.899
1549.277
1544.856
5346000
5346000
5346000
5346000
5346000
5346000
5346000
5346000
5346000
5346000
5346000
5346000
5346000
5346000
5346000
5346000
5346000
5346000
5346000
5346000
5346000
5346000
5346000
5346000
5346000
5346000
5346000
5346000
5346000
5346000
5346000
5346000
5346000
5346000
5346000
5346000
5346000
5346000
5346000
5346000
1557.418
1557.21
1557.043
1556.903
1556.764
5346000
5346000
5346000
5346000
1557.395
1557.003
1556.631
1556.23
1555.776
1555.206
5346000
5346000
5346000
1557.33
1556.805
1556.256
1555.652
1554.925
1554.026
1552.852
5346000
5346000
1557.271
1556.639
1555.977
1555.218
1554.316
1553.182
1551.755
1549.913
5346000
1557.221
1556.544
1555.813
1554.986
1553.983
1552.751
1551.193
1549.242
1546.782
1557.203
1556.517
1555.793
1554.961
1553.972
1552.736
1551.195
1549.241
1546.794
1543.734
1556.575
1555.906
1555.161
1554.263
1553.158
1551.742
1549.928
1547.559
1544.508
1542.639
1556.153
1555.552
1554.854
1553.973
1552.841
1551.3
1549.164
1546.136
1544.135
1543.965
1556.11
1555.673
1555.147
1554.433
1553.406
1551.756
1548.942
1546.595
1546.322
1545.789
1556.652
1556.549
1556.432
1556.199
1555.624
1553.81
1550.586
1549.902
1548.89
1547.692
5346000
5346000
5346000
5346000
5346000
1558.279
1555.154
1552.745
1550.691
1548.6
5346000
5346000
5346000
5346000
1559.858
1557.237
1554.88
1552.693
1550.372
1548.878
5346000
5346000
5346000
1560.563
1558.243
1556.041
1553.906
1551.526
1549.953
1548.394
5346000
5346000
1560.962
1558.778
1556.68
1554.594
1552.208
1550.593
1548.99
1544.601
5346000
1561.143
1559.021
1556.964
1554.909
1552.519
1550.89
1549.263
1544.842
1536.646
5346000
5346000
5346000
5346000
5346000
5346000
5346000
5346000
5346000
5346000
5346000
5346000
5346000
5346000
5346000
5346000
5346000
5346000
5346000
5346000
5346000
5346000
5346000
5346000
5346000
5346000
5346000
5346000
5346000
5346000
5346000
5346000
5346000
5346000
5346000
5346000
5346000
5346000
5346000
5346000
5346000
5346000
5346000
5346000
1557.4
1557.185
1557.026
1556.881
1556.755
1556.618
5346000
5346000
5346000
1557.37
1556.984
1556.606
1556.215
1555.757
1555.201
1554.455
5346000
5346000
1557.311
1556.779
1556.237
1555.628
1554.913
1554.012
1552.854
1551.291
5346000
1557.245
1556.62
1555.951
1555.201
1554.294
1553.177
1551.748
1549.921
1547.546
1557.203
1556.517
1555.793
1554.961
1553.972
1552.736
1551.195
1549.241
1546.794
1543.734
1556.498
1555.767
1554.945
1553.951
1552.731
1551.187
1549.25
1546.796
1543.744
1541.928
1555.888
1555.137
1554.252
1553.143
1551.744
1549.925
1547.569
1544.509
1542.646
1542.515
1555.538
1554.834
1553.969
1552.832
1551.306
1549.163
1546.144
1544.135
1543.971
1543.612
1555.665
1555.133
1554.433
1553.4
1551.762
1548.94
1546.601
1546.322
1545.794
1545.047
1556.546
1556.421
1556.202
1555.62
1553.814
1550.583
1549.906
1548.888
1547.695
1546.236
5346000
5346000
5346000
5346000
1558.281
1555.151
1552.746
1550.688
1548.599
1547.277
5346000
5346000
5346000
1559.854
1557.237
1554.876
1552.692
1550.366
1548.873
1547.394
5346000
5346000
1560.562
1558.238
1556.04
1553.901
1551.522
1549.944
1548.384
1544.071
5346000
1560.956
1558.776
1556.675
1554.591
1552.2
1550.585
1548.977
1544.587
1536.409
1561.141
1559.015
1556.962
1554.902
1552.512
1550.877
1549.25
1544.823
1536.631
1524.936
5346000
5346000
5346000
5346000
5346000
5346000
5346000
5346000
5346000
5346000
5346000
5346000
5346000
5346000
5346000
5346000
5346000
5346000
5346000
5346000
5346000
5346000
5346000
5346000
5346000
5346000
5346000
5346000
5346000
5346000
5346000
5346000
5346000
5346000
5346000
5346000
5346000
5346000
5346000
5346000
5346000
5346000
5346000
5346000
5346000
5346000
5346000
1557.375
1557.168
1557.002
1556.868
1556.737
1556.614
1556.455
5346000
5346000
1557.353
1556.959
1556.589
1556.192
1555.747
1555.188
1554.457
1553.397
5346000
1557.286
1556.76
1556.212
1555.613
1554.893
1554.007
1552.846
1551.299
1549.144
1557.227
1556.593
1555.932
1555.177
1554.283
1553.162
1551.75
1549.92
1547.557
1544.497
1556.498
1555.767
1554.945
1553.951
1552.731
1551.187
1549.25
1546.796
1543.744
1541.928
1555.749
1554.92
1553.94
1552.716
1551.19
1549.248
1546.807
1543.746
1541.936
1541.818
1555.123
1554.232
1553.139
1551.735
1549.932
1547.569
1544.518
1542.647
1542.522
1542.231
1554.825
1553.955
1552.833
1551.301
1549.17
1546.143
1544.142
1543.971
1543.617
1543.073
1555.129
1554.423
1553.403
1551.758
1548.945
1546.599
1546.326
1545.793
1545.051
1544.019
1556.421
1556.194
1555.624
1553.811
1550.586
1549.903
1548.891
1547.693
1546.237
1545.223
5346000
5346000
5346000
1558.277
1555.152
1552.743
1550.689
1548.594
1547.273
1545.927
5346000
5346000
1559.853
1557.232
1554.876
1552.688
1550.363
1548.864
1547.386
1543.223
5346000
1560.557
1558.237
1556.035
1553.899
1551.514
1549.936
1548.371
1544.057
1535.937
1560.953
1558.77
1556.672
1554.585
1552.193
1550.572
1548.964
1544.568
1536.394
1524.678
1559.012
1556.955
1554.898
1552.502
1550.866
1549.233
1544.803
1536.608
1524.929
1512.052
5346000
5346000
5346000
5346000
5346000
5346000
5346000
5346000
5346000
5346000
5346000
5346000
5346000
5346000
5346000
5346000
5346000
5346000
5346000
5346000
5346000
5346000
5346000
5346000
5346000
5346000
5346000
5346000
5346000
5346000
5346000
5346000
5346000
5346000
5346000
5346000
5346000
5346000
5346000
5346000
5346000
5346000
5346000
5346000
5346000
5346000
5346000
5346000
5346000
1557.359
1557.143
1556.987
1556.847
1556.728
1556.601
1556.457
1556.201
5346000
1557.328
1556.942
1556.565
1556.179
1555.728
1555.183
1554.45
1553.404
1551.743
1557.269
1556.735
1556.194
1555.589
1554.883
1553.992
1552.848
1551.297
1549.154
1546.126
1556.575
1555.906
1555.161
1554.263
1553.158
1551.742
1549.928
1547.559
1544.508
1542.639
1555.749
1554.92
1553.94
1552.716
1551.19
1549.248
1546.807
1543.746
1541.936
1541.818
1554.905
1553.919
1552.712
1551.182
1549.256
1546.808
1543.756
1541.937
1541.825
1541.56
1554.222
1553.124
1551.738
1549.928
1547.578
1544.518
1542.654
1542.522
1542.237
1541.781
1553.95
1552.823
1551.306
1549.167
1546.149
1544.14
1543.976
1543.617
1543.077
1542.273
1554.423
1553.396
1551.763
1548.942
1546.602
1546.324
1545.797
1545.049
1544.021
1543.251
1556.196
1555.618
1553.814
1550.582
1549.906
1548.888
1547.694
1546.232
1545.221
1544.055
5346000
5346000
1558.278
1555.148
1552.743
1550.684
1548.592
1547.265
1545.919
1542.012
5346000
1559.848
1557.232
1554.871
1552.686
1550.355
1548.858
1547.373
1543.21
1535.223
1560.555
1558.231
1556.033
1553.893
1551.508
1549.924
1548.359
1544.039
1535.921
1524.179
1558.767
1556.666
1554.581
1552.183
1550.562
1548.947
1544.548
1536.372
1524.671
1511.738
1556.951
1554.89
1552.495
1550.852
1549.218
1544.778
1536.583
1524.91
1512.06
1501.716
5346000
5346000
5346000
5346000
5346000
5346000
5346000
5346000
5346000
5346000
5346000
5346000
5346000
5346000
5346000
5346000
5346000
5346000
5346000
5346000
5346000
5346000
5346000
5346000
5346000
5346000
5346000
5346000
5346000
5346000
5346000
5346000
5346000
5346000
5346000
5346000
5346000
5346000
5346000
5346000
5346000
5346000
5346000
5346000
5346000
5346000
5346000
5346000
5346000
5346000
1557.335
1557.127
1556.963
1556.834
1556.711
1556.597
1556.449
1556.206
1555.609
1557.312
1556.917
1556.549
1556.157
1555.719
1555.17
1554.451
1553.401
1551.752
1548.927
1556.717
1556.169
1555.575
1554.863
1553.988
1552.839
1551.304
1549.155
1546.136
1544.128
1555.888
1555.137
1554.252
1553.143
1551.744
1549.925
1547.569
1544.509
1542.646
1542.515
1554.905
1553.919
1552.712
1551.182
1549.256
1546.808
1543.756
1541.937
1541.825
1541.56
1553.909
1552.697
1551.185
1549.253
1546.817
1543.756
1541.944
1541.826
1541.566
1541.145
1553.12
1551.728
1549.935
1547.576
1544.525
1542.653
1542.528
1542.237
1541.787
1541.095
1552.824
1551.299
1549.173
1546.146
1544.145
1543.974
1543.621
1543.076
1542.277
1541.659
1553.399
1551.758
1548.946
1546.599
1546.327
1545.794
1545.052
1544.018
1543.251
1542.262
1555.621
1553.809
1550.584
1549.901
1548.89
1547.691
1546.232
1545.215
1544.049
1540.502
5346000
1558.273
1555.148
1552.739
1550.684
1548.586
1547.26
1545.908
1541.999
1534.272
1559.847
1557.226
1554.87
1552.68
1550.351
1548.847
1547.363
1543.19
1535.207
1523.473
1558.229
1556.027
1553.89
1551.498
1549.915
1548.343
1544.02
1535.898
1524.172
1511.136
1556.662
1554.574
1552.176
1550.548
1548.933
1544.523
1536.347
1524.652
1511.746
1501.355
1554.886
1552.484
1550.841
1549.2
1544.755
1536.55
1524.886
1512.053
1501.74
1494.588
5346000
5346000
5346000
5346000
5346000
5346000
5346000
5346000
5346000
5346000
5346000
5346000
5346000
5346000
5346000
5346000
5346000
5346000
5346000
5346000
5346000
5346000
5346000
5346000
5346000
5346000
5346000
5346000
5346000
5346000
5346000
5346000
5346000
5346000
5346000
5346000
5346000
5346000
5346000
5346000
5346000
5346000
5346000
5346000
5346000
5346000
5346000
5346000
5346000
5346000
1557.32
1557.104
1556.949
1556.814
1556.702
1556.584
1556.45
1556.203
1555.617
1553.799
1556.901
1556.526
1556.144
1555.7
1555.165
1554.442
1553.406
1551.751
1548.935
1546.59
1556.153
1555.552
1554.854
1553.973
1552.841
1551.3
1549.164
1546.136
1544.135
1543.965
1555.123
1554.232
1553.139
1551.735
1549.932
1547.569
1544.518
1542.647
1542.522
1542.231
1553.909
1552.697
1551.185
1549.253
1546.817
1543.756
1541.944
1541.826
1541.566
1541.145
1552.694
1551.175
1549.26
1546.816
1543.764
1541.943
1541.832
1541.566
1541.151
1540.504
1551.73
1549.929
1547.584
1544.523
1542.658
1542.526
1542.242
1541.786
1541.099
1540.566
1551.304
1549.169
1546.151
1544.141
1543.978
1543.619
1543.08
1542.274
1541.66
1540.813
1551.761
1548.941
1546.601
1546.323
1545.797
1545.049
1544.019
1543.245
1542.257
1539.091
1553.811
1550.579
1549.903
1548.885
1547.692
1546.227
1545.212
1544.038
1540.488
1533.161
1558.273
1555.142
1552.738
1550.679
1548.583
1547.251
1545.899
1541.98
1534.255
1522.608
1557.224
1554.864
1552.678
1550.342
1548.839
1547.348
1543.174
1535.183
1523.464
1510.305
1556.024
1553.882
1551.492
1549.901
1548.33
1543.996
1535.875
1524.152
1511.144
1500.666
1554.569
1552.165
1550.537
1548.914
1544.501
1536.314
1524.629
1511.738
1501.378
1494.191
1552.476
1550.827
1549.185
1544.728
1536.52
1524.853
1512.041
1501.746
1494.625
1490.157
5346000
5346000
5346000
5346000
5346000
5346000
5346000
5346000
5346000
5346000
5346000
5346000
5346000
5346000
5346000
5346000
5346000
5346000
5346000
5346000
5346000
5346000
5346000
5346000
5346000
5346000
5346000
5346000
5346000
5346000
5346000
5346000
5346000
5346000
5346000
5346000
5346000
5346000
5346000
5346000
5346000
5346000
5346000
5346000
5346000
5346000
5346000
5346000
5346000
5346000
1557.089
1556.927
1556.802
1556.685
1556.58
1556.441
1556.207
1555.616
1553.806
1550.577
1556.511
1556.122
1555.692
1555.151
1554.443
1553.401
1551.758
1548.935
1546.596
1546.317
1555.538
1554.834
1553.969
1552.832
1551.306
1549.163
1546.144
1544.135
1543.971
1543.612
1554.222
1553.124
1551.738
1549.928
1547.578
1544.518
1542.654
1542.522
1542.237
1541.781
1552.694
1551.175
1549.26
1546.816
1543.764
1541.943
1541.832
1541.566
1541.151
1540.504
1551.178
1549.255
1546.825
1543.762
1541.949
1541.831
1541.572
1541.15
1540.509
1540.013
1549.936
1547.58
1544.529
1542.655
1542.531
1542.24
1541.791
1541.097
1540.568
1539.816
1549.174
1546.147
1544.145
1543.975
1543.622
1543.078
1542.277
1541.656
1540.809
1537.965
1548.944
1546.596
1546.325
1545.792
1545.051
1544.014
1543.244
1542.248
1539.077
1532.205
1550.58
1549.897
1548.886
1547.686
1546.225
1545.204
1544.031
1540.469
1533.14
1521.688
1555.142
1552.733
1550.677
1548.575
1547.244
1545.885
1541.964
1534.23
1522.595
1509.328
1554.861
1552.671
1550.336
1548.826
1547.335
1543.149
1535.161
1523.443
1510.312
1499.727
1553.878
1551.482
1549.891
1548.312
1543.974
1535.842
1524.131
1511.136
1500.69
1493.432
1552.158
1550.523
1548.9
1544.473
1536.284
1524.595
1511.727
1501.384
1494.227
1489.729
1550.815
1549.166
1544.705
1536.484
1524.823
1512.015
1501.748
1494.642
1490.203
1488.107
5346000
5346000
5346000
5346000
5346000
5346000
5346000
5346000
5346000
5346000
5346000
5346000
5346000
5346000
5346000
5346000
5346000
5346000
5346000
5346000
5346000
5346000
5346000
5346000
5346000
5346000
5346000
5346000
5346000
5346000
5346000
5346000
5346000
5346000
5346000
5346000
5346000
5346000
5346000
5346000
5346000
5346000
5346000
5346000
5346000
5346000
5346000
5346000
5346000
1558.277
1556.914
1556.782
1556.677
1556.567
1556.441
1556.202
1555.622
1553.806
1550.582
1549.899
1556.11
1555.673
1555.147
1554.433
1553.406
1551.756
1548.942
1546.595
1546.322
1545.789
1554.825
1553.955
1552.833
1551.301
1549.17
1546.143
1544.142
1543.971
1543.617
1543.073
1553.12
1551.728
1549.935
1547.576
1544.525
1542.653
1542.528
1542.237
1541.787
1541.095
1551.178
1549.255
1546.825
1543.762
1541.949
1541.831
1541.572
1541.15
1540.509
1540.013
1549.263
1546.822
1543.769
1541.946
1541.836
1541.57
1541.155
1540.507
1540.016
1539.31
1547.587
1544.525
1542.659
1542.528
1542.244
1541.788
1541.101
1540.565
1539.813
1537.194
1546.151
1544.139
1543.978
1543.618
1543.08
1542.273
1541.656
1540.801
1537.952
1531.482
1546.598
1546.32
1545.794
1545.046
1544.014
1543.237
1542.242
1539.058
1532.182
1520.998
1549.897
1548.88
1547.686
1546.218
1545.199
1544.019
1540.454
1533.114
1521.671
1508.342
1552.731
1550.671
1548.571
1547.233
1545.874
1541.941
1534.208
1522.572
1509.331
1498.651
1552.668
1550.326
1548.817
1547.317
1543.127
1535.128
1523.424
1510.304
1499.75
1492.402
1551.474
1549.877
1548.297
1543.946
1535.812
1524.096
1511.128
1500.694
1493.47
1488.909
1550.512
1548.882
1544.451
1536.247
1524.565
1511.701
1501.387
1494.244
1489.775
1487.661
1549.15
1544.679
1536.454
1524.784
1511.996
1501.734
1494.656
1490.229
1488.157
1666000
5346000
5346000
5346000
5346000
5346000
5346000
5346000
5346000
5346000
5346000
5346000
5346000
5346000
5346000
5346000
5346000
5346000
5346000
5346000
5346000
5346000
5346000
5346000
5346000
5346000
5346000
5346000
5346000
5346000
5346000
5346000
5346000
5346000
5346000
5346000
5346000
5346000
5346000
5346000
1559.859
5346000
5346000
5346000
5346000
5346000
5346000
5346000
5346000
1558.281
1555.15
1556.771
1556.66
1556.563
1556.432
1556.205
1555.619
1553.812
1550.581
1549.904
1548.886
1555.665
1555.133
1554.433
1553.4
1551.762
1548.94
1546.601
1546.322
1545.794
1545.047
1553.95
1552.823
1551.306
1549.167
1546.149
1544.14
1543.976
1543.617
1543.077
1542.273
1551.73
1549.929
1547.584
1544.523
1542.658
1542.526
1542.242
1541.786
1541.099
1540.566
1549.263
1546.822
1543.769
1541.946
1541.836
1541.57
1541.155
1540.507
1540.016
1539.31
1546.83
1543.765
1541.95
1541.832
1541.574
1541.153
1540.511
1540.013
1539.308
1536.802
1544.53
1542.654
1542.531
1542.24
1541.792
1541.097
1540.566
1539.805
1537.181
1530.998
1544.142
1543.972
1543.62
1543.076
1542.274
1541.651
1540.797
1537.934
1531.459
1520.524
1546.321
1545.788
1545.047
1544.008
1543.235
1542.232
1539.044
1532.154
1520.977
1507.658
1548.88
1547.68
1546.216
1545.19
1544.01
1540.433
1533.091
1521.645
1508.341
1497.612
1550.668
1548.561
1547.225
1545.858
1541.921
1534.177
1522.553
1509.32
1498.669
1491.23
1550.32
1548.803
1547.303
1543.098
1535.097
1523.389
1510.297
1499.755
1492.437
1487.789
1549.867
1548.279
1543.923
1535.774
1524.066
1511.1
1500.701
1493.485
1488.957
1486.804
1548.866
1544.425
1536.217
1524.525
1511.682
1501.373
1494.26
1489.801
1487.711
1666000
1544.654
1536.419
1524.755
1511.963
1501.727
1494.654
1490.253
1488.188
1666000
1666000
5346000
5346000
5346000
5346000
5346000
5346000
5346000
5346000
5346000
5346000
5346000
5346000
5346000
5346000
5346000
5346000
5346000
5346000
5346000
5346000
5346000
5346000
5346000
5346000
5346000
5346000
5346000
5346000
5346000
1560.573
5346000
5346000
5346000
5346000
5346000
5346000
5346000
5346000
1559.861
1557.24
5346000
5346000
5346000
5346000
5346000
5346000
5346000
1558.279
1555.153
1552.744
1556.652
1556.549
1556.432
1556.199
1555.624
1553.81
1550.586
1549.902
1548.89
1547.692
1555.129
1554.423
1553.403
1551.758
1548.945
1546.599
1546.326
1545.793
1545.051
1544.019
1552.824
1551.299
1549.173
1546.146
1544.145
1543.974
1543.621
1543.076
1542.277
1541.659
1549.936
1547.58
1544.529
1542.655
1542.531
1542.24
1541.791
1541.097
1540.568
1539.816
1546.83
1543.765
1541.95
1541.832
1541.574
1541.153
1540.511
1540.013
1539.308
1536.802
1543.771
1541.945
1541.835
1541.57
1541.156
1540.508
1540.014
1539.301
1536.79
1530.753
1542.656
1542.525
1542.242
1541.787
1541.099
1540.561
1539.802
1537.163
1530.975
1520.213
1543.974
1543.615
1543.077
1542.269
1541.65
1540.787
1537.92
1531.429
1520.502
1507.213
1545.788
1545.041
1544.007
1543.227
1542.225
1539.024
1532.13
1520.947
1507.652
1496.953
1547.679
1546.207
1545.184
1543.996
1540.415
1533.061
1521.625
1508.326
1497.627
1490.123
1548.557
1547.213
1545.845
1541.893
1534.147
1522.52
1509.314
1498.67
1491.261
1486.505
1548.794
1547.284
1543.074
1535.056
1523.358
1510.271
1499.762
1492.454
1487.834
1485.627
1548.264
1543.896
1535.743
1524.023
1511.078
1500.683
1493.505
1488.981
1486.856
1666000
1544.402
1536.184
1524.495
1511.647
1501.366
1494.257
1489.826
1487.742
1666000
1666000
1536.387
1524.718
1511.943
1501.706
1494.66
1490.259
1488.216
1666000
1666000
1666000
5346000
5346000
5346000
5346000
5346000
5346000
5346000
5346000
5346000
5346000
5346000
5346000
5346000
5346000
5346000
5346000
5346000
5346000
5346000
1560.975
5346000
5346000
5346000
5346000
5346000
5346000
5346000
5346000
1560.574
1558.25
5346000
5346000
5346000
5346000
5346000
5346000
5346000
1559.859
1557.242
1554.881
5346000
5346000
5346000
5346000
5346000
5346000
1558.282
1555.152
1552.747
1550.689
1556.546
1556.421
1556.202
1555.62
1553.814
1550.583
1549.906
1548.888
1547.695
1546.236
1554.423
1553.396
1551.763
1548.942
1546.602
1546.324
1545.797
1545.049
1544.021
1543.251
1551.304
1549.169
1546.152
1544.141
1543.978
1543.619
1543.08
1542.274
1541.66
1540.813
1547.587
1544.525
1542.659
1542.527
1542.244
1541.788
1541.101
1540.565
1539.813
1537.194
1543.771
1541.945
1541.836
1541.57
1541.156
1540.508
1540.014
1539.301
1536.79
1530.753
1541.947
1541.829
1541.572
1541.152
1540.51
1540.01
1539.298
1536.772
1530.73
1520.052
1542.526
1542.236
1541.788
1541.094
1540.561
1539.793
1537.15
1530.945
1520.192
1506.918
1543.615
1543.071
1542.268
1541.642
1540.782
1537.901
1531.405
1520.469
1507.207
1496.571
1545.04
1543.999
1543.223
1542.212
1539.008
1532.101
1520.925
1507.632
1496.962
1489.443
1546.204
1545.173
1543.985
1540.389
1533.033
1521.593
1508.319
1497.624
1490.15
1485.281
1547.205
1545.827
1541.871
1534.106
1522.489
1509.289
1498.678
1491.274
1486.545
1484.265
1547.27
1543.045
1535.023
1523.312
1510.251
1499.749
1492.474
1487.861
1485.677
1666000
1543.873
1535.706
1523.991
1511.038
1500.674
1493.497
1489.01
1486.885
1666000
1666000
1536.153
1524.457
1511.625
1501.342
1494.262
1489.831
1487.772
1666000
1666000
1666000
1524.685
1511.913
1501.698
1494.649
1490.274
1488.227
1666000
1666000
1666000
1666000
5346000
5346000
5346000
5346000
5346000
5346000
5346000
5346000
5346000
1561.164
5346000
5346000
5346000
5346000
5346000
5346000
5346000
5346000
1560.975
1558.792
5346000
5346000
5346000
5346000
5346000
5346000
5346000
1560.571
1558.25
1556.049
5346000
5346000
5346000
5346000
5346000
5346000
1559.86
1557.239
1554.882
1552.696
5346000
5346000
5346000
5346000
5346000
1558.279
1555.154
1552.745
1550.691
1548.6
1556.421
1556.194
1555.624
1553.811
1550.586
1549.903
1548.891
1547.693
1546.237
1545.223
1553.399
1551.758
1548.946
1546.599
1546.327
1545.794
1545.052
1544.018
1543.251
1542.262
1549.174
1546.147
1544.145
1543.975
1543.622
1543.078
1542.277
1541.656
1540.809
1537.965
1544.53
1542.654
1542.531
1542.24
1541.792
1541.097
1540.566
1539.805
1537.181
1530.998
1541.948
1541.829
1541.572
1541.152
1540.51
1540.01
1539.298
1536.772
1530.73
1520.052
1541.829
1541.564
1541.153
1540.505
1540.01
1539.29
1536.759
1530.701
1520.032
1506.761
1542.235
1541.781
1541.094
1540.554
1539.789
1537.132
1530.92
1520.158
1506.914
1496.337
1543.07
1542.261
1541.64
1540.771
1537.886
1531.376
1520.445
1507.183
1496.579
1489.072
1543.997
1543.213
1542.204
1538.985
1532.074
1520.893
1507.625
1496.954
1489.465
1484.501
1545.166
1543.969
1540.368
1532.994
1521.564
1508.296
1497.632
1490.159
1485.319
1482.951
1545.815
1541.842
1534.073
1522.442
1509.268
1498.665
1491.294
1486.568
1484.31
1666000
1543.024
1534.983
1523.278
1510.213
1499.743
1492.474
1487.89
1485.708
1666000
1666000
1535.676
1523.951
1511.016
1500.642
1493.5
1489.011
1486.919
1666000
1666000
1666000
1524.426
1511.591
1501.331
1494.249
1489.846
1487.782
1666000
1666000
1666000
1666000
1511.888
1501.677
1494.653
1490.272
1488.247
1666000
1666000
1666000
1666000
1666000
5346000
5346000
5346000
5346000
5346000
5346000
5346000
5346000
1561.164
1559.038
5346000
5346000
5346000
5346000
5346000
5346000
5346000
1560.972
1558.792
1556.691
5346000
5346000
5346000
5346000
5346000
5346000
1560.571
1558.247
1556.049
1553.913
5346000
5346000
5346000
5346000
5346000
1559.857
1557.24
1554.88
1552.697
1550.375
5346000
5346000
5346000
5346000
1558.281
1555.151
1552.746
1550.688
1548.599
1547.277
1556.196
1555.618
1553.814
1550.582
1549.906
1548.888
1547.694
1546.232
1545.221
1544.055
1551.761
1548.941
1546.601
1546.323
1545.796
1545.049
1544.019
1543.245
1542.257
1539.091
1546.151
1544.139
1543.977
1543.618
1543.08
1542.273
1541.656
1540.801
1537.952
1531.482
1542.657
1542.525
1542.242
1541.787
1541.099
1540.561
1539.802
1537.163
1530.975
1520.213
1541.83
1541.565
1541.153
1540.505
1540.01
1539.29
1536.759
1530.701
1520.032
1506.761
1541.562
1541.144
1540.506
1540.004
1539.286
1536.741
1530.675
1519.999
1506.759
1496.218
1541.779
1541.087
1540.553
1539.779
1537.118
1530.891
1520.131
1506.889
1496.347
1488.863
1542.259
1541.631
1540.764
1537.865
1531.35
1520.413
1507.174
1496.566
1489.094
1484.056
1543.208
1542.188
1538.966
1532.038
1520.866
1507.601
1496.961
1489.469
1484.534
1482.084
1543.958
1540.339
1532.961
1521.517
1508.277
1497.619
1490.179
1485.337
1482.995
1666000
1541.821
1534.03
1522.406
1509.225
1498.657
1491.292
1486.598
1484.338
1666000
1666000
1534.953
1523.234
1510.189
1499.719
1492.481
1487.9
1485.742
1666000
1666000
1666000
1523.92
1510.983
1500.632
1493.477
1489.023
1486.925
1666000
1666000
1666000
1666000
1511.567
1501.304
1494.249
1489.84
1487.802
1666000
1666000
1666000
1666000
1666000
1501.664
1494.643
1490.285
1488.249
1666000
1666000
1666000
1666000
1666000
1666000
5346000
5346000
5346000
5346000
5346000
5346000
5346000
1561.161
1559.038
1556.982
5346000
5346000
5346000
5346000
5346000
5346000
1560.972
1558.789
1556.691
1554.608
5346000
5346000
5346000
5346000
5346000
1560.568
1558.247
1556.046
1553.912
1551.537
5346000
5346000
5346000
5346000
1559.858
1557.237
1554.88
1552.693
1550.372
1548.878
5346000
5346000
5346000
1558.277
1555.152
1552.743
1550.689
1548.594
1547.273
1545.927
1555.621
1553.809
1550.584
1549.901
1548.89
1547.691
1546.232
1545.215
1544.049
1540.502
1548.944
1546.596
1546.325
1545.792
1545.051
1544.014
1543.244
1542.248
1539.077
1532.205
1544.142
1543.972
1543.62
1543.076
1542.274
1541.65
1540.797
1537.934
1531.459
1520.524
1542.526
1542.236
1541.788
1541.094
1540.561
1539.793
1537.15
1530.945
1520.192
1506.918
1541.564
1541.145
1540.506
1540.004
1539.286
1536.741
1530.675
1519.999
1506.759
1496.218
1541.142
1540.498
1540.004
1539.276
1536.728
1530.646
1519.971
1506.735
1496.23
1488.761
1541.085
1540.545
1539.774
1537.098
1530.865
1520.099
1506.876
1496.333
1488.885
1483.8
1541.627
1540.75
1537.848
1531.317
1520.386
1507.15
1496.571
1489.092
1484.089
1481.567
1542.179
1538.938
1532.007
1520.822
1507.586
1496.948
1489.488
1484.547
1482.123
1666000
1540.318
1532.916
1521.481
1508.233
1497.614
1490.178
1485.368
1483.018
1666000
1666000
1534
1522.354
1509.198
1498.624
1491.297
1486.605
1484.373
1666000
1666000
1666000
1523.204
1510.152
1499.708
1492.471
1487.917
1485.757
1666000
1666000
1666000
1666000
1510.961
1500.61
1493.48
1489.009
1486.942
1666000
1666000
1666000
1666000
1666000
1501.29
1494.229
1489.85
1487.797
1666000
1666000
1666000
1666000
1666000
1666000
1494.641
1490.283
1488.267
1666000
1666000
1666000
1666000
1666000
1666000
1666000
5346000
5346000
5346000
5346000
5346000
5346000
1561.16
1559.034
1556.981
1554.926
5346000
5346000
5346000
5346000
5346000
1560.969
1558.788
1556.687
1554.606
1552.225
5346000
5346000
5346000
5346000
1560.568
1558.244
1556.045
1553.908
1551.533
1549.96
5346000
5346000
5346000
1559.854
1557.237
1554.876
1552.692
1550.366
1548.873
1547.394
5346000
5346000
1558.278
1555.148
1552.743
1550.684
1548.592
1547.265
1545.919
1542.012
1553.811
1550.579
1549.903
1548.885
1547.692
1546.227
1545.212
1544.038
1540.488
1533.161
1546.598
1546.319
1545.794
1545.046
1544.014
1543.237
1542.242
1539.059
1532.182
1520.998
1543.973
1543.614
1543.077
1542.268
1541.65
1540.787
1537.92
1531.429
1520.502
1507.213
1542.235
1541.781
1541.094
1540.554
1539.789
1537.132
1530.92
1520.158
1506.914
1496.337
1541.143
1540.499
1540.004
1539.276
1536.728
1530.646
1519.971
1506.736
1496.23
1488.761
1540.497
1539.996
1539.272
1536.709
1530.621
1519.938
1506.721
1496.216
1488.785
1483.677
1540.543
1539.762
1537.083
1530.834
1520.072
1506.853
1496.333
1488.882
1483.834
1481.26
1540.742
1537.822
1531.287
1520.346
1507.135
1496.557
1489.109
1484.097
1481.606
1666000
1538.918
1531.962
1520.786
1507.546
1496.945
1489.485
1484.577
1482.142
1666000
1666000
1532.884
1521.423
1508.206
1497.58
1490.185
1485.376
1483.054
1666000
1666000
1666000
1522.323
1509.148
1498.61
1491.276
1486.62
1484.385
1666000
1666000
1666000
1666000
1510.132
1499.684
1492.473
1487.918
1485.779
1666000
1666000
1666000
1666000
1666000
1500.601
1493.469
1489.02
1486.934
1666000
1666000
1666000
1666000
1666000
1666000
1494.225
1489.837
1487.814
1666000
1666000
1666000
1666000
1666000
1666000
1666000
1490.29
1488.269
1666000
1666000
1666000
1666000
1666000
1666000
1666000
1666000
5346000
5346000
5346000
5346000
5346000
1561.157
1559.033
1556.977
1554.924
1552.546
5346000
5346000
5346000
5346000
1560.968
1558.784
1556.686
1554.602
1552.221
1550.611
5346000
5346000
5346000
1560.564
1558.243
1556.041
1553.906
1551.526
1549.953
1548.394
5346000
5346000
1559.853
1557.232
1554.876
1552.688
1550.363
1548.864
1547.386
1543.223
5346000
1558.273
1555.148
1552.739
1550.684
1548.586
1547.26
1545.908
1541.999
1534.272
1550.58
1549.897
1548.886
1547.686
1546.225
1545.204
1544.031
1540.469
1533.14
1521.688
1546.321
1545.788
1545.047
1544.008
1543.235
1542.232
1539.044
1532.154
1520.977
1507.658
1543.615
1543.07
1542.268
1541.642
1540.782
1537.901
1531.405
1520.469
1507.208
1496.571
1541.78
1541.087
1540.553
1539.779
1537.118
1530.891
1520.132
1506.89
1496.347
1488.863
1540.498
1539.996
1539.272
1536.709
1530.621
1519.938
1506.721
1496.217
1488.785
1483.677
1539.995
1539.261
1536.694
1530.59
1519.912
1506.697
1496.215
1488.783
1483.712
1481.111
1539.755
1537.06
1530.806
1520.035
1506.839
1496.32
1488.895
1483.841
1481.3
1666000
1537.803
1531.244
1520.313
1507.101
1496.555
1489.106
1484.125
1481.62
1666000
1666000
1531.928
1520.728
1507.519
1496.914
1489.495
1484.584
1482.178
1666000
1666000
1666000
1521.388
1508.149
1497.565
1490.162
1485.393
1483.067
1666000
1666000
1666000
1666000
1509.127
1498.57
1491.274
1486.609
1484.405
1666000
1666000
1666000
1666000
1666000
1499.676
1492.462
1487.93
1485.785
1666000
1666000
1666000
1666000
1666000
1666000
1493.472
1489.019
1486.946
1666000
1666000
1666000
1666000
1666000
1666000
1666000
1489.841
1487.804
1666000
1666000
1666000
1666000
1666000
1666000
1666000
1666000
1488.28
1666000
1666000
1666000
1666000
1666000
1666000
1666000
1666000
1666000
5346000
5346000
5346000
5346000
1561.156
1559.029
1556.976
1554.92
1552.541
1550.917
5346000
5346000
5346000
1560.963
1558.783
1556.682
1554.6
1552.214
1550.604
1549
5346000
5346000
1560.562
1558.238
1556.04
1553.901
1551.522
1549.944
1548.384
1544.071
5346000
1559.848
1557.232
1554.871
1552.686
1550.355
1548.858
1547.373
1543.21
1535.223
1558.273
1555.142
1552.738
1550.679
1548.583
1547.251
1545.899
1541.98
1534.255
1522.608
1549.897
1548.88
1547.686
1546.218
1545.199
1544.019
1540.454
1533.114
1521.672
1508.342
1545.788
1545.04
1544.007
1543.227
1542.225
1539.025
1532.131
1520.947
1507.652
1496.953
1543.07
1542.261
1541.64
1540.771
1537.886
1531.376
1520.446
1507.184
1496.58
1489.072
1541.086
1540.545
1539.774
1537.098
1530.865
1520.099
1506.877
1496.333
1488.885
1483.8
1539.995
1539.261
1536.694
1530.59
1519.912
1506.697
1496.215
1488.783
1483.712
1481.111
1539.256
1536.673
1530.562
1519.875
1506.685
1496.2
1488.794
1483.72
1481.153
1666000
1537.042
1530.766
1520.003
1506.808
1496.318
1488.891
1483.865
1481.313
1666000
1666000
1531.211
1520.256
1507.077
1496.53
1489.116
1484.131
1481.654
1666000
1666000
1666000
1520.689
1507.46
1496.9
1489.475
1484.605
1482.19
1666000
1666000
1666000
1666000
1508.122
1497.516
1490.159
1485.379
1483.09
1666000
1666000
1666000
1666000
1666000
1498.561
1491.245
1486.617
1484.399
1666000
1666000
1666000
1666000
1666000
1666000
1492.467
1487.93
1485.803
1666000
1666000
1666000
1666000
1666000
1666000
1666000
1489.031
1486.95
1666000
1666000
1666000
1666000
1666000
1666000
1666000
1666000
1487.812
1666000
1666000
1666000
1666000
1666000
1666000
1666000
1666000
1666000
1666000
1666000
1666000
1666000
1666000
1666000
1666000
1666000
1666000
1666000
5346000
5346000
5346000
1561.151
1559.028
1556.972
1554.917
1552.534
1550.909
1549.287
5346000
5346000
1560.962
1558.778
1556.68
1554.594
1552.208
1550.593
1548.99
1544.601
5346000
1560.557
1558.237
1556.035
1553.899
1551.514
1549.936
1548.371
1544.058
1535.937
1559.847
1557.226
1554.87
1552.68
1550.351
1548.847
1547.363
1543.191
1535.207
1523.473
1555.142
1552.732
1550.677
1548.575
1547.244
1545.885
1541.964
1534.23
1522.596
1509.328
1548.88
1547.68
1546.216
1545.189
1544.01
1540.433
1533.091
1521.646
1508.341
1497.612
1545.04
1543.999
1543.223
1542.212
1539.008
1532.101
1520.926
1507.633
1496.963
1489.443
1542.259
1541.631
1540.764
1537.865
1531.35
1520.413
1507.174
1496.567
1489.094
1484.056
1540.543
1539.762
1537.083
1530.834
1520.073
1506.853
1496.334
1488.883
1483.834
1481.26
1539.256
1536.673
1530.562
1519.875
1506.685
1496.201
1488.794
1483.72
1481.153
1666000
1536.657
1530.524
1519.844
1506.653
1496.2
1488.789
1483.742
1481.166
1666000
1666000
1530.734
1519.949
1506.786
1496.296
1488.902
1483.871
1481.343
1666000
1666000
1666000
1520.216
1507.019
1496.517
1489.101
1484.153
1481.665
1666000
1666000
1666000
1666000
1507.428
1496.849
1489.473
1484.594
1482.216
1666000
1666000
1666000
1666000
1666000
1497.501
1490.121
1485.387
1483.081
1666000
1666000
1666000
1666000
1666000
1666000
1491.248
1486.597
1484.412
1666000
1666000
1666000
1666000
1666000
1666000
1666000
1487.943
1485.807
1666000
1666000
1666000
1666000
1666000
1666000
1666000
1666000
1486.967
1666000
1666000
1666000
1666000
1666000
1666000
1666000
1666000
1666000
1666000
1666000
1666000
1666000
1666000
1666000
1666000
1666000
1666000
1666000
1666000
1666000
1666000
1666000
1666000
1666000
1666000
1666000
1666000
1540.042
5346000
5346000
1561.149
1559.023
1556.97
1554.912
1552.528
1550.899
1549.277
1544.856
5346000
1560.956
1558.776
1556.675
1554.591
1552.2
1550.585
1548.977
1544.587
1536.409
1560.555
1558.231
1556.033
1553.893
1551.508
1549.924
1548.36
1544.039
1535.921
1524.179
1557.224
1554.864
1552.678
1550.342
1548.839
1547.348
1543.174
1535.184
1523.464
1510.305
1552.731
1550.671
1548.571
1547.233
1545.874
1541.942
1534.208
1522.573
1509.332
1498.651
1547.679
1546.207
1545.184
1543.995
1540.415
1533.062
1521.626
1508.326
1497.627
1490.123
1543.996
1543.212
1542.204
1538.984
1532.075
1520.894
1507.626
1496.955
1489.465
1484.501
1541.627
1540.75
1537.848
1531.316
1520.386
1507.151
1496.571
1489.093
1484.089
1481.567
1539.755
1537.06
1530.806
1520.035
1506.84
1496.32
1488.895
1483.841
1481.3
1666000
1536.657
1530.524
1519.844
1506.653
1496.2
1488.789
1483.742
1481.167
1666000
1666000
1530.493
1519.793
1506.633
1496.177
1488.801
1483.747
1481.195
1666000
1666000
1666000
1519.91
1506.731
1496.286
1488.889
1483.892
1481.355
1666000
1666000
1666000
1666000
1506.986
1496.467
1489.1
1484.147
1481.692
1666000
1666000
1666000
1666000
1666000
1496.828
1489.433
1484.603
1482.21
1666000
1666000
1666000
1666000
1666000
1666000
1490.118
1485.359
1483.095
1666000
1666000
1666000
1666000
1666000
1666000
1666000
1486.61
1484.397
1666000
1666000
1666000
1666000
1666000
1666000
1666000
1666000
1485.826
1666000
1666000
1666000
1666000
1666000
1666000
1666000
1666000
1666000
1666000
1666000
1666000
1666000
1666000
1666000
1666000
1666000
1666000
1666000
1666000
1666000
1666000
1666000
1666000
1666000
1666000
1666000
1666000
1539.81
1666000
1666000
1666000
1666000
1666000
1666000
1666000
1666000
1540.024
1540.098
5346000
1561.143
1559.021
1556.964
1554.908
1552.519
1550.89
1549.263
1544.842
1536.646
1560.954
1558.77
1556.672
1554.585
1552.193
1550.572
1548.964
1544.568
1536.394
1524.678
1558.229
1556.027
1553.89
1551.498
1549.915
1548.344
1544.021
1535.899
1524.172
1511.135
1554.862
1552.671
1550.336
1548.826
1547.335
1543.149
1535.162
1523.444
1510.313
1499.727
1550.668
1548.561
1547.226
1545.857
1541.921
1534.177
1522.554
1509.32
1498.669
1491.23
1546.204
1545.173
1543.985
1540.388
1533.034
1521.594
1508.32
1497.625
1490.15
1485.281
1543.207
1542.188
1538.966
1532.037
1520.866
1507.602
1496.962
1489.469
1484.534
1482.084
1540.742
1537.823
1531.287
1520.345
1507.136
1496.558
1489.109
1484.098
1481.606
1666000
1537.042
1530.767
1520.004
1506.807
1496.319
1488.892
1483.865
1481.314
1666000
1666000
1530.493
1519.793
1506.633
1496.177
1488.801
1483.747
1481.195
1666000
1666000
1666000
1519.754
1506.581
1496.168
1488.787
1483.769
1481.205
1666000
1666000
1666000
1666000
1506.698
1496.237
1488.891
1483.889
1481.382
1666000
1666000
1666000
1666000
1666000
1496.445
1489.061
1484.157
1481.691
1666000
1666000
1666000
1666000
1666000
1666000
1489.424
1484.573
1482.225
1666000
1666000
1666000
1666000
1666000
1666000
1666000
1485.366
1483.071
1666000
1666000
1666000
1666000
1666000
1666000
1666000
1666000
1484.414
1666000
1666000
1666000
1666000
1666000
1666000
1666000
1666000
1666000
1666000
1666000
1666000
1666000
1666000
1666000
1666000
1666000
1666000
1666000
1666000
1666000
1666000
1666000
1666000
1666000
1666000
1666000
1666000
1539.301
1666000
1666000
1666000
1666000
1666000
1666000
1666000
1666000
1539.791
1539.866
1666000
1666000
1666000
1666000
1666000
1666000
1666000
1540.004
1540.079
1540.162
1561.141
1559.015
1556.962
1554.902
1552.512
1550.877
1549.25
1544.823
1536.631
1524.936
1558.767
1556.666
1554.581
1552.183
1550.562
1548.947
1544.549
1536.372
1524.671
1511.738
1556.024
1553.882
1551.492
1549.901
1548.33
1543.996
1535.875
1524.152
1511.144
1500.665
1552.668
1550.326
1548.817
1547.316
1543.127
1535.129
1523.425
1510.304
1499.75
1492.402
1548.557
1547.213
1545.845
1541.892
1534.147
1522.521
1509.315
1498.671
1491.261
1486.505
1545.166
1543.969
1540.369
1532.992
1521.565
1508.297
1497.632
1490.159
1485.319
1482.951
1542.178
1538.939
1532.007
1520.819
1507.586
1496.949
1489.488
1484.548
1482.124
1666000
1537.804
1531.247
1520.314
1507.099
1496.556
1489.107
1484.126
1481.621
1666000
1666000
1530.734
1519.952
1506.787
1496.295
1488.902
1483.871
1481.344
1666000
1666000
1666000
1519.753
1506.582
1496.168
1488.787
1483.769
1481.206
1666000
1666000
1666000
1666000
1506.548
1496.123
1488.79
1483.765
1481.234
1666000
1666000
1666000
1666000
1666000
1496.215
1488.853
1483.901
1481.384
1666000
1666000
1666000
1666000
1666000
1666000
1489.051
1484.127
1481.708
1666000
1666000
1666000
1666000
1666000
1666000
1666000
1484.575
1482.2
1666000
1666000
1666000
1666000
1666000
1666000
1666000
1666000
1483.084
1666000
1666000
1666000
1666000
1666000
1666000
1666000
1666000
1666000
1666000
1666000
1666000
1666000
1666000
1666000
1666000
1666000
1666000
1666000
1666000
1666000
1666000
1666000
1666000
1666000
1666000
1666000
1666000
1538.43
1666000
1666000
1666000
1666000
1666000
1666000
1666000
1666000
1539.281
1539.357
1666000
1666000
1666000
1666000
1666000
1666000
1666000
1539.772
1539.847
1539.931
1666000
1666000
1666000
1666000
1666000
1666000
1539.986
1540.06
1540.144
1540.232
1559.012
1556.955
1554.898
1552.502
1550.866
1549.233
1544.804
1536.609
1524.929
1512.052
1556.662
1554.574
1552.176
1550.548
1548.933
1544.524
1536.347
1524.652
1511.746
1501.355
1553.878
1551.481
1549.891
1548.312
1543.974
1535.843
1524.133
1511.136
1500.69
1493.432
1550.32
1548.803
1547.303
1543.097
1535.097
1523.39
1510.299
1499.755
1492.437
1487.789
1547.205
1545.828
1541.872
1534.104
1522.49
1509.29
1498.679
1491.274
1486.546
1484.265
1543.957
1540.34
1532.962
1521.514
1508.278
1497.621
1490.18
1485.337
1482.995
1666000
1538.917
1531.965
1520.788
1507.542
1496.946
1489.487
1484.578
1482.143
1666000
1666000
1531.211
1520.26
1507.078
1496.528
1489.117
1484.132
1481.654
1666000
1666000
1666000
1519.91
1506.735
1496.286
1488.888
1483.893
1481.355
1666000
1666000
1666000
1666000
1506.548
1496.124
1488.79
1483.765
1481.234
1666000
1666000
1666000
1666000
1666000
1496.1
1488.755
1483.778
1481.235
1666000
1666000
1666000
1666000
1666000
1666000
1488.842
1483.873
1481.402
1666000
1666000
1666000
1666000
1666000
1666000
1666000
1484.128
1481.683
1666000
1666000
1666000
1666000
1666000
1666000
1666000
1666000
1482.207
1666000
1666000
1666000
1666000
1666000
1666000
1666000
1666000
1666000
1666000
1666000
1666000
1666000
1666000
1666000
1666000
1666000
1666000
1666000
1666000
1666000
1666000
1666000
1666000
1666000
1666000
1666000
1666000
1537.117
1666000
1666000
1666000
1666000
1666000
1666000
1666000
1666000
1538.41
1538.486
1666000
1666000
1666000
1666000
1666000
1666000
1666000
1539.262
1539.338
1539.422
1666000
1666000
1666000
1666000
1666000
1666000
1539.753
1539.828
1539.912
1540.001
1666000
1666000
1666000
1666000
1666000
1539.967
1540.042
1540.124
1540.213
1540.308
1556.952
1554.89
1552.495
1550.852
1549.218
1544.778
1536.584
1524.91
1512.06
1501.716
1554.569
1552.165
1550.537
1548.914
1544.501
1536.314
1524.63
1511.739
1501.379
1494.191
1551.474
1549.877
1548.297
1543.946
1535.812
1524.097
1511.129
1500.695
1493.47
1488.909
1548.793
1547.284
1543.075
1535.054
1523.358
1510.273
1499.764
1492.455
1487.835
1485.627
1545.815
1541.842
1534.074
1522.439
1509.268
1498.667
1491.295
1486.568
1484.311
1666000
1540.317
1532.919
1521.482
1508.23
1497.615
1490.179
1485.368
1483.019
1666000
1666000
1531.928
1520.734
1507.521
1496.911
1489.496
1484.585
1482.178
1666000
1666000
1666000
1520.216
1507.025
1496.518
1489.099
1484.153
1481.666
1666000
1666000
1666000
1666000
1506.698
1496.241
1488.891
1483.888
1481.382
1666000
1666000
1666000
1666000
1666000
1496.1
1488.756
1483.779
1481.235
1666000
1666000
1666000
1666000
1666000
1666000
1488.744
1483.754
1481.254
1666000
1666000
1666000
1666000
1666000
1666000
1666000
1483.873
1481.379
1666000
1666000
1666000
1666000
1666000
1666000
1666000
1666000
1481.69
1666000
1666000
1666000
1666000
1666000
1666000
1666000
1666000
1666000
1666000
1666000
1666000
1666000
1666000
1666000
1666000
1666000
1666000
1666000
1666000
1666000
1666000
1666000
1666000
1666000
1666000
1666000
1666000
1535.426
1666000
1666000
1666000
1666000
1666000
1666000
1666000
1666000
1537.097
1537.173
1666000
1666000
1666000
1666000
1666000
1666000
1666000
1538.389
1538.466
1538.551
1666000
1666000
1666000
1666000
1666000
1666000
1539.243
1539.318
1539.403
1539.492
1666000
1666000
1666000
1666000
1666000
1539.734
1539.809
1539.892
1539.982
1540.077
1666000
1666000
1666000
1666000
1539.949
1540.022
1540.106
1540.194
1540.289
1540.39
1554.886
1552.484
1550.841
1549.2
1544.756
1536.551
1524.888
1512.053
1501.74
1494.588
1552.158
1550.523
1548.9
1544.473
1536.284
1524.596
1511.729
1501.385
1494.227
1489.729
1549.866
1548.279
1543.924
1535.773
1524.067
1511.101
1500.703
1493.486
1488.957
1486.804
1547.27
1543.045
1535.024
1523.31
1510.252
1499.751
1492.476
1487.861
1485.677
1666000
1541.819
1534.031
1522.408
1509.221
1498.658
1491.294
1486.599
1484.338
1666000
1666000
1532.882
1521.428
1508.208
1497.576
1490.186
1485.377
1483.055
1666000
1666000
1666000
1520.688
1507.467
1496.902
1489.472
1484.605
1482.191
1666000
1666000
1666000
1666000
1506.986
1496.473
1489.101
1484.144
1481.693
1666000
1666000
1666000
1666000
1666000
1496.215
1488.857
1483.902
1481.383
1666000
1666000
1666000
1666000
1666000
1666000
1488.744
1483.755
1481.254
1666000
1666000
1666000
1666000
1666000
1666000
1666000
1483.753
1481.235
1666000
1666000
1666000
1666000
1666000
1666000
1666000
1666000
1481.386
1666000
1666000
1666000
1666000
1666000
1666000
1666000
1666000
1666000
1666000
1666000
1666000
1666000
1666000
1666000
1666000
1666000
1666000
1666000
1666000
1666000
1666000
1666000
1666000
1666000
1666000
1666000
1666000
1533.744
1666000
1666000
1666000
1666000
1666000
1666000
1666000
1666000
1535.405
1535.478
1666000
1666000
1666000
1666000
1666000
1666000
1666000
1537.075
1537.152
1537.236
1666000
1666000
1666000
1666000
1666000
1666000
1538.37
1538.445
1538.531
1538.622
1666000
1666000
1666000
1666000
1666000
1539.223
1539.299
1539.383
1539.473
1539.569
1666000
1666000
1666000
1666000
1539.716
1539.79
1539.874
1539.962
1540.058
1540.159
1666000
1666000
1666000
1539.929
1540.004
1540.087
1540.176
1540.269
1540.371
1540.478
1552.476
1550.827
1549.185
1544.728
1536.521
1524.854
1512.042
1501.747
1494.625
1490.157
1550.512
1548.882
1544.451
1536.247
1524.566
1511.703
1501.389
1494.245
1489.775
1487.661
1548.264
1543.896
1535.744
1524.021
1511.079
1500.685
1493.507
1488.981
1486.857
1666000
1543.022
1534.982
1523.28
1510.21
1499.744
1492.475
1487.892
1485.708
1666000
1666000
1533.998
1522.356
1509.2
1498.621
1491.298
1486.607
1484.374
1666000
1666000
1666000
1521.385
1508.155
1497.567
1490.158
1485.394
1483.068
1666000
1666000
1666000
1666000
1507.427
1496.856
1489.475
1484.591
1482.216
1666000
1666000
1666000
1666000
1666000
1496.444
1489.067
1484.158
1481.689
1666000
1666000
1666000
1666000
1666000
1666000
1488.842
1483.877
1481.403
1666000
1666000
1666000
1666000
1666000
1666000
1666000
1483.753
1481.236
1666000
1666000
1666000
1666000
1666000
1666000
1666000
1666000
1481.241
1666000
1666000
1666000
1666000
1666000
1666000
1666000
1666000
1666000
1666000
1666000
1666000
1666000
1666000
1666000
1666000
1666000
1666000
1666000
1666000
1666000
1666000
1666000
1666000
1666000
1666000
1666000
1666000
1532.352
1666000
1666000
1666000
1666000
1666000
1666000
1666000
1666000
1533.721
1533.792
1666000
1666000
1666000
1666000
1666000
1666000
1666000
1535.382
1535.456
1535.537
1666000
1666000
1666000
1666000
1666000
1666000
1537.055
1537.13
1537.216
1537.305
1666000
1666000
1666000
1666000
1666000
1538.349
1538.426
1538.511
1538.602
1538.699
1666000
1666000
1666000
1666000
1539.204
1539.279
1539.364
1539.453
1539.55
1539.652
1666000
1666000
1666000
1539.696
1539.771
1539.854
1539.944
1540.038
1540.14
1540.248
1666000
1666000
1539.911
1539.985
1540.068
1540.156
1540.251
1540.351
1540.459
1540.566
1550.815
1549.166
1544.706
1536.484
1524.824
1512.016
1501.749
1494.643
1490.203
1488.107
1548.866
1544.425
1536.218
1524.524
1511.682
1501.374
1494.262
1489.802
1487.712
1666000
1543.872
1535.706
1523.992
1511.036
1500.675
1493.499
1489.012
1486.885
1666000
1666000
1534.951
1523.234
1510.19
1499.717
1492.482
1487.901
1485.743
1666000
1666000
1666000
1522.32
1509.151
1498.612
1491.272
1486.621
1484.387
1666000
1666000
1666000
1666000
1508.118
1497.522
1490.161
1485.376
1483.091
1666000
1666000
1666000
1666000
1666000
1496.827
1489.44
1484.604
1482.207
1666000
1666000
1666000
1666000
1666000
1666000
1489.05
1484.133
1481.708
1666000
1666000
1666000
1666000
1666000
1666000
1666000
1483.873
1481.383
1666000
1666000
1666000
1666000
1666000
1666000
1666000
1666000
1481.241
1666000
1666000
1666000
1666000
1666000
1666000
1666000
1666000
1666000
1666000
1666000
1666000
1666000
1666000
1666000
1666000
1666000
1666000
1666000
1666000
1666000
1666000
1666000
1666000
1666000
1666000
1666000
1666000
1531.385
1666000
1666000
1666000
1666000
1666000
1666000
1666000
1666000
1532.329
1532.398
1666000
1666000
1666000
1666000
1666000
1666000
1666000
1533.698
1533.77
1533.847
1666000
1666000
1666000
1666000
1666000
1666000
1535.361
1535.434
1535.516
1535.601
1666000
1666000
1666000
1666000
1666000
1537.033
1537.11
1537.194
1537.284
1537.38
1666000
1666000
1666000
1666000
1538.33
1538.405
1538.491
1538.581
1538.678
1538.782
1666000
1666000
1666000
1539.184
1539.26
1539.344
1539.434
1539.529
1539.632
1539.741
1666000
1666000
1539.677
1539.752
1539.836
1539.924
1540.019
1540.12
1540.228
1540.337
1666000
1539.891
1539.966
1540.049
1540.138
1540.231
1540.333
1540.439
1540.547
1540.655
1549.15
1544.678
1536.455
1524.784
1511.996
1501.735
1494.658
1490.229
1488.158
1666000
1544.402
1536.183
1524.496
1511.646
1501.367
1494.258
1489.828
1487.743
1666000
1666000
1535.675
1523.95
1511.017
1500.639
1493.501
1489.013
1486.921
1666000
1666000
1666000
1523.201
1510.152
1499.71
1492.469
1487.918
1485.758
1666000
1666000
1666000
1666000
1509.123
1498.573
1491.276
1486.605
1484.406
1666000
1666000
1666000
1666000
1666000
1497.497
1490.128
1485.389
1483.078
1666000
1666000
1666000
1666000
1666000
1666000
1489.423
1484.58
1482.226
1666000
1666000
1666000
1666000
1666000
1666000
1666000
1484.128
1481.689
1666000
1666000
1666000
1666000
1666000
1666000
1666000
1666000
1481.386
1666000
1666000
1666000
1666000
1666000
1666000
1666000
1666000
1666000
1666000
1666000
1666000
1666000
1666000
1666000
1666000
1666000
1666000
1666000
1666000
1666000
1666000
1666000
1666000
1666000
1666000
1666000
1666000
1530.894
1666000
1666000
1666000
1666000
1666000
1666000
1666000
1666000
1531.362
1531.43
1666000
1666000
1666000
1666000
1666000
1666000
1666000
1532.306
1532.376
1532.451
1666000
1666000
1666000
1666000
1666000
1666000
1533.677
1533.747
1533.825
1533.906
1666000
1666000
1666000
1666000
1666000
1535.339
1535.413
1535.493
1535.579
1535.669
1666000
1666000
1666000
1666000
1537.013
1537.089
1537.174
1537.263
1537.359
1537.461
1666000
1666000
1666000
1538.309
1538.386
1538.47
1538.561
1538.658
1538.762
1538.871
1666000
1666000
1539.165
1539.24
1539.325
1539.414
1539.51
1539.612
1539.722
1539.831
1666000
1539.658
1539.733
1539.816
1539.905
1540
1540.101
1540.209
1540.318
1540.426
1539.873
1539.947
1540.031
1540.118
1540.213
1540.313
1540.421
1540.528
1540.636
1540.745
1544.654
1536.419
1524.756
1511.963
1501.728
1494.655
1490.254
1488.188
1666000
1666000
1536.153
1524.457
1511.626
1501.34
1494.263
1489.833
1487.773
1666000
1666000
1666000
1523.918
1510.982
1500.634
1493.475
1489.024
1486.926
1666000
1666000
1666000
1666000
1510.129
1499.684
1492.475
1487.917
1485.78
1666000
1666000
1666000
1666000
1666000
1498.557
1491.248
1486.619
1484.395
1666000
1666000
1666000
1666000
1666000
1666000
1490.115
1485.365
1483.096
1666000
1666000
1666000
1666000
1666000
1666000
1666000
1484.574
1482.206
1666000
1666000
1666000
1666000
1666000
1666000
1666000
1666000
1481.69
1666000
1666000
1666000
1666000
1666000
1666000
1666000
1666000
1666000
1666000
1666000
1666000
1666000
1666000
1666000
1666000
1666000
1666000
1666000
1666000
1666000
1666000
1666000
1666000
1666000
1666000
1666000
1666000
1530.894
1666000
1666000
1666000
1666000
1666000
1666000
1666000
1666000
1530.871
1530.938
1666000
1666000
1666000
1666000
1666000
1666000
1666000
1531.338
1531.407
1531.481
1666000
1666000
1666000
1666000
1666000
1666000
1532.284
1532.352
1532.428
1532.505
1666000
1666000
1666000
1666000
1666000
1533.654
1533.725
1533.802
1533.883
1533.968
1666000
1666000
1666000
1666000
1535.318
1535.391
1535.472
1535.557
1535.647
1535.742
1666000
1666000
1666000
1536.992
1537.068
1537.152
1537.242
1537.337
1537.44
1537.548
1666000
1666000
1538.289
1538.365
1538.451
1538.541
1538.638
1538.741
1538.851
1538.962
1666000
1539.145
1539.221
1539.305
1539.395
1539.49
1539.593
1539.701
1539.812
1539.922
1539.639
1539.713
1539.797
1539.886
1539.981
1540.082
1540.19
1540.298
1540.407
1540.516
1539.928
1540.011
1540.1
1540.193
1540.295
1540.401
1540.509
1540.617
1540.726
1541.648
1536.387
1524.717
1511.945
1501.705
1494.66
1490.26
1488.218
1666000
1666000
1666000
1524.425
1511.591
1501.332
1494.247
1489.847
1487.783
1666000
1666000
1666000
1666000
1510.959
1500.61
1493.481
1489.008
1486.942
1666000
1666000
1666000
1666000
1666000
1499.674
1492.463
1487.932
1485.785
1666000
1666000
1666000
1666000
1666000
1666000
1491.244
1486.6
1484.414
1666000
1666000
1666000
1666000
1666000
1666000
1666000
1485.362
1483.077
1666000
1666000
1666000
1666000
1666000
1666000
1666000
1666000
1482.206
1666000
1666000
1666000
1666000
1666000
1666000
1666000
1666000
1666000
1666000
1666000
1666000
1666000
1666000
1666000
1666000
1666000
1666000
1666000
1666000
1666000
1666000
1666000
1666000
1666000
1666000
1666000
1666000
1531.385
1666000
1666000
1666000
1666000
1666000
1666000
1666000
1666000
1530.871
1530.938
1666000
1666000
1666000
1666000
1666000
1666000
1666000
1530.847
1530.915
1530.988
1666000
1666000
1666000
1666000
1666000
1666000
1531.316
1531.383
1531.457
1531.533
1666000
1666000
1666000
1666000
1666000
1532.26
1532.33
1532.404
1532.483
1532.563
1666000
1666000
1666000
1666000
1533.632
1533.702
1533.78
1533.86
1533.945
1534.034
1666000
1666000
1666000
1535.296
1535.37
1535.45
1535.535
1535.625
1535.72
1535.82
1666000
1666000
1536.971
1537.047
1537.132
1537.221
1537.317
1537.418
1537.527
1537.635
1666000
1538.269
1538.345
1538.43
1538.521
1538.617
1538.721
1538.83
1538.941
1539.053
1539.126
1539.2
1539.286
1539.375
1539.471
1539.573
1539.682
1539.791
1539.902
1540.013
1539.695
1539.778
1539.867
1539.961
1540.063
1540.17
1540.279
1540.387
1540.497
1541.426
1539.992
1540.08
1540.175
1540.275
1540.382
1540.49
1540.598
1540.706
1541.629
1543.444
1524.684
1511.912
1501.699
1494.648
1490.275
1488.228
1666000
1666000
1666000
1666000
1511.565
1501.303
1494.25
1489.837
1487.802
1666000
1666000
1666000
1666000
1666000
1500.6
1493.469
1489.021
1486.934
1666000
1666000
1666000
1666000
1666000
1666000
1492.465
1487.931
1485.804
1666000
1666000
1666000
1666000
1666000
1666000
1666000
1486.606
1484.4
1666000
1666000
1666000
1666000
1666000
1666000
1666000
1666000
1483.08
1666000
1666000
1666000
1666000
1666000
1666000
1666000
1666000
1666000
1666000
1666000
1666000
1666000
1666000
1666000
1666000
1666000
1666000
1666000
1666000
1666000
1666000
1666000
1666000
1666000
1666000
1666000
1666000
1532.352
1666000
1666000
1666000
1666000
1666000
1666000
1666000
1666000
1531.362
1531.43
1666000
1666000
1666000
1666000
1666000
1666000
1666000
1530.847
1530.915
1530.988
1666000
1666000
1666000
1666000
1666000
1666000
1530.824
1530.891
1530.965
1531.04
1666000
1666000
1666000
1666000
1666000
1531.292
1531.361
1531.434
1531.51
1531.589
1666000
1666000
1666000
1666000
1532.238
1532.307
1532.382
1532.459
1532.54
1532.625
1666000
1666000
1666000
1533.609
1533.681
1533.757
1533.838
1533.922
1534.012
1534.105
1666000
1666000
1535.274
1535.347
1535.429
1535.513
1535.603
1535.698
1535.799
1535.899
1666000
1536.95
1537.026
1537.11
1537.2
1537.295
1537.397
1537.505
1537.614
1537.724
1538.249
1538.325
1538.41
1538.5
1538.597
1538.7
1538.81
1538.92
1539.033
1539.145
1539.181
1539.265
1539.356
1539.451
1539.554
1539.662
1539.772
1539.882
1539.993
1540.935
1539.759
1539.847
1539.942
1540.043
1540.151
1540.259
1540.368
1540.477
1541.407
1543.245
1540.062
1540.155
1540.256
1540.363
1540.471
1540.578
1540.687
1541.609
1543.424
1545.291
1511.887
1501.677
1494.654
1490.271
1488.248
1666000
1666000
1666000
1666000
1666000
1501.288
1494.228
1489.851
1487.794
1666000
1666000
1666000
1666000
1666000
1666000
1493.471
1489.018
1486.948
1666000
1666000
1666000
1666000
1666000
1666000
1666000
1487.942
1485.808
1666000
1666000
1666000
1666000
1666000
1666000
1666000
1666000
1484.41
1666000
1666000
1666000
1666000
1666000
1666000
1666000
1666000
1666000
1666000
1666000
1666000
1666000
1666000
1666000
1666000
1666000
1666000
1666000
1666000
1666000
1666000
1666000
1666000
1666000
1666000
1666000
1666000
1533.744
1666000
1666000
1666000
1666000
1666000
1666000
1666000
1666000
1532.329
1532.398
1666000
1666000
1666000
1666000
1666000
1666000
1666000
1531.338
1531.407
1531.481
1666000
1666000
1666000
1666000
1666000
1666000
1530.824
1530.891
1530.965
1531.04
1666000
1666000
1666000
1666000
1666000
1530.801
1530.869
1530.941
1531.016
1531.094
1666000
1666000
1666000
1666000
1531.27
1531.337
1531.411
1531.486
1531.565
1531.648
1666000
1666000
1666000
1532.215
1532.284
1532.359
1532.437
1532.517
1532.602
1532.692
1666000
1666000
1533.587
1533.657
1533.736
1533.815
1533.9
1533.988
1534.083
1534.176
1666000
1535.252
1535.326
1535.406
1535.492
1535.581
1535.676
1535.776
1535.877
1535.977
1536.929
1537.005
1537.09
1537.179
1537.275
1537.376
1537.484
1537.593
1537.703
1537.813
1538.305
1538.389
1538.481
1538.576
1538.68
1538.789
1538.901
1539.012
1539.124
1540.075
1539.246
1539.335
1539.432
1539.533
1539.643
1539.752
1539.862
1539.973
1540.915
1542.797
1539.828
1539.922
1540.024
1540.131
1540.24
1540.348
1540.458
1541.387
1543.225
1545.126
1540.136
1540.237
1540.344
1540.451
1540.56
1540.668
1541.59
1543.405
1545.272
1547.182
1501.664
1494.642
1490.286
1488.249
1666000
1666000
1666000
1666000
1666000
1666000
1494.223
1489.836
1487.815
1666000
1666000
1666000
1666000
1666000
1666000
1666000
1489.03
1486.95
1666000
1666000
1666000
1666000
1666000
1666000
1666000
1666000
1485.825
1666000
1666000
1666000
1666000
1666000
1666000
1666000
1666000
1666000
1666000
1666000
1666000
1666000
1666000
1666000
1666000
1666000
1666000
1666000
1666000
1666000
1666000
1666000
1666000
1666000
1666000
1666000
1666000
1535.426
1666000
1666000
1666000
1666000
1666000
1666000
1666000
1666000
1533.721
1533.792
1666000
1666000
1666000
1666000
1666000
1666000
1666000
1532.306
1532.376
1532.451
1666000
1666000
1666000
1666000
1666000
1666000
1531.316
1531.383
1531.457
1531.533
1666000
1666000
1666000
1666000
1666000
1530.801
1530.869
1530.941
1531.016
1531.094
1666000
1666000
1666000
1666000
1530.778
1530.845
1530.918
1530.992
1531.07
1531.152
1666000
1666000
1666000
1531.246
1531.315
1531.387
1531.464
1531.541
1531.625
1531.712
1666000
1666000
1532.193
1532.261
1532.336
1532.413
1532.494
1532.579
1532.668
1532.757
1666000
1533.564
1533.636
1533.712
1533.794
1533.877
1533.967
1534.059
1534.153
1534.246
1535.231
1535.304
1535.385
1535.469
1535.56
1535.654
1535.755
1535.854
1535.955
1536.056
1536.984
1537.068
1537.158
1537.253
1537.355
1537.463
1537.572
1537.681
1537.792
1538.715
1538.37
1538.46
1538.557
1538.659
1538.77
1538.88
1538.992
1539.103
1540.054
1541.979
1539.316
1539.411
1539.514
1539.622
1539.733
1539.842
1539.954
1540.895
1542.777
1544.748
1539.904
1540.004
1540.113
1540.22
1540.33
1540.438
1541.368
1543.205
1545.107
1547.062
1540.218
1540.324
1540.433
1540.54
1540.649
1541.57
1543.386
1545.252
1547.163
1549.109
1494.641
1490.282
1488.268
1666000
1666000
1666000
1666000
1666000
1666000
1666000
1489.838
1487.803
1666000
1666000
1666000
1666000
1666000
1666000
1666000
1666000
1486.966
1666000
1666000
1666000
1666000
1666000
1666000
1666000
1666000
1666000
1666000
1666000
1666000
1666000
1666000
1666000
1666000
1666000
1666000
1666000
1666000
1666000
1666000
1666000
1666000
1666000
1666000
1666000
1666000
1537.117
1666000
1666000
1666000
1666000
1666000
1666000
1666000
1666000
1535.405
1535.478
1666000
1666000
1666000
1666000
1666000
1666000
1666000
1533.698
1533.77
1533.847
1666000
1666000
1666000
1666000
1666000
1666000
1532.284
1532.352
1532.428
1532.505
1666000
1666000
1666000
1666000
1666000
1531.292
1531.361
1531.434
1531.51
1531.589
1666000
1666000
1666000
1666000
1530.778
1530.845
1530.918
1530.992
1531.07
1531.152
1666000
1666000
1666000
1530.754
1530.823
1530.894
1530.97
1531.046
1531.129
1531.214
1666000
1666000
1531.224
1531.291
1531.365
1531.44
1531.519
1531.601
1531.688
1531.774
1666000
1532.169
1532.239
1532.313
1532.391
1532.471
1532.556
1532.645
1532.734
1532.822
1533.542
1533.612
1533.691
1533.77
1533.855
1533.943
1534.037
1534.13
1534.223
1534.316
1535.282
1535.363
1535.448
1535.537
1535.633
1535.732
1535.833
1535.933
1536.034
1536.848
1537.048
1537.137
1537.233
1537.333
1537.442
1537.55
1537.66
1537.77
1538.694
1540.569
1538.44
1538.536
1538.639
1538.749
1538.86
1538.971
1539.084
1540.033
1541.958
1544.02
1539.392
1539.494
1539.603
1539.712
1539.823
1539.933
1540.875
1542.756
1544.728
1546.783
1539.985
1540.092
1540.201
1540.31
1540.419
1541.348
1543.186
1545.087
1547.043
1549.041
1540.306
1540.413
1540.521
1540.629
1541.551
1543.366
1545.233
1547.144
1549.09
5346000
1490.29
1488.268
1666000
1666000
1666000
1666000
1666000
1666000
1666000
1666000
1487.809
1666000
1666000
1666000
1666000
1666000
1666000
1666000
1666000
1666000
1666000
1666000
1666000
1666000
1666000
1666000
1666000
1666000
1666000
1666000
1666000
1666000
1666000
1666000
1666000
1666000
1666000
1666000
1666000
1538.43
1666000
1666000
1666000
1666000
1666000
1666000
1666000
1666000
1537.097
1537.173
1666000
1666000
1666000
1666000
1666000
1666000
1666000
1535.382
1535.456
1535.537
1666000
1666000
1666000
1666000
1666000
1666000
1533.677
1533.747
1533.825
1533.906
1666000
1666000
1666000
1666000
1666000
1532.26
1532.33
1532.404
1532.483
1532.563
1666000
1666000
1666000
1666000
1531.27
1531.337
1531.411
1531.486
1531.565
1531.648
1666000
1666000
1666000
1530.754
1530.823
1530.894
1530.97
1531.046
1531.129
1531.214
1666000
1666000
1530.732
1530.798
1530.872
1530.946
1531.024
1531.105
1531.191
1531.276
1666000
1531.2
1531.269
1531.341
1531.418
1531.495
1531.578
1531.664
1531.751
1531.836
1532.147
1532.215
1532.291
1532.367
1532.449
1532.533
1532.622
1532.71
1532.799
1532.886
1533.591
1533.667
1533.749
1533.832
1533.921
1534.014
1534.108
1534.2
1534.293
1535.017
1535.341
1535.426
1535.516
1535.61
1535.711
1535.81
1535.911
1536.011
1536.826
1538.377
1537.116
1537.211
1537.313
1537.42
1537.53
1537.639
1537.749
1538.672
1540.548
1542.602
1538.516
1538.618
1538.729
1538.839
1538.951
1539.063
1540.013
1541.937
1544
1546.221
1539.474
1539.583
1539.693
1539.803
1539.914
1540.855
1542.737
1544.708
1546.764
1548.891
1540.073
1540.181
1540.291
1540.4
1541.329
1543.166
1545.068
1547.023
1549.022
5346000
1540.394
1540.501
1540.61
1541.531
1543.347
1545.214
1547.125
1549.071
5346000
5346000
1488.28
1666000
1666000
1666000
1666000
1666000
1666000
1666000
1666000
1666000
1666000
1666000
1666000
1666000
1666000
1666000
1666000
1666000
1666000
1666000
1666000
1666000
1666000
1666000
1666000
1666000
1666000
1666000
1666000
1539.301
1666000
1666000
1666000
1666000
1666000
1666000
1666000
1666000
1538.41
1538.486
1666000
1666000
1666000
1666000
1666000
1666000
1666000
1537.075
1537.152
1537.236
1666000
1666000
1666000
1666000
1666000
1666000
1535.361
1535.434
1535.516
1535.601
1666000
1666000
1666000
1666000
1666000
1533.654
1533.725
1533.802
1533.883
1533.968
1666000
1666000
1666000
1666000
1532.238
1532.307
1532.382
1532.459
1532.54
1532.625
1666000
1666000
1666000
1531.246
1531.315
1531.387
1531.464
1531.541
1531.625
1531.712
1666000
1666000
1530.732
1530.798
1530.872
1530.946
1531.024
1531.105
1531.191
1531.276
1666000
1530.708
1530.776
1530.848
1530.923
1531
1531.082
1531.167
1531.252
1531.337
1531.177
1531.245
1531.319
1531.394
1531.473
1531.554
1531.642
1531.727
1531.813
1531.898
1532.193
1532.267
1532.345
1532.425
1532.51
1532.599
1532.688
1532.775
1532.863
1533.533
1533.645
1533.725
1533.81
1533.898
1533.992
1534.085
1534.178
1534.27
1534.994
1536.31
1535.404
1535.493
1535.589
1535.688
1535.789
1535.889
1535.99
1536.803
1538.355
1539.889
1537.19
1537.291
1537.4
1537.508
1537.618
1537.728
1538.651
1540.526
1542.581
1544.926
1538.598
1538.708
1538.819
1538.93
1539.043
1539.992
1541.917
1543.979
1546.201
1548.591
1539.563
1539.672
1539.783
1539.894
1540.835
1542.717
1544.688
1546.743
1548.871
5346000
1540.162
1540.271
1540.381
1541.309
1543.147
1545.048
1547.004
1549.003
5346000
5346000
1540.482
1540.59
1541.512
1543.327
1545.195
1547.106
1549.052
5346000
5346000
5346000
1666000
1666000
1666000
1666000
1666000
1666000
1666000
1666000
1666000
1666000
1666000
1666000
1666000
1666000
1666000
1666000
1666000
1666000
1666000
1539.81
1666000
1666000
1666000
1666000
1666000
1666000
1666000
1666000
1539.281
1539.357
1666000
1666000
1666000
1666000
1666000
1666000
1666000
1538.389
1538.466
1538.551
1666000
1666000
1666000
1666000
1666000
1666000
1537.055
1537.13
1537.216
1537.305
1666000
1666000
1666000
1666000
1666000
1535.339
1535.413
1535.493
1535.579
1535.669
1666000
1666000
1666000
1666000
1533.632
1533.702
1533.78
1533.86
1533.945
1534.034
1666000
1666000
1666000
1532.215
1532.284
1532.359
1532.437
1532.517
1532.602
1532.692
1666000
1666000
1531.224
1531.291
1531.365
1531.44
1531.519
1531.601
1531.688
1531.774
1666000
1530.708
1530.776
1530.848
1530.923
1531
1531.082
1531.167
1531.252
1531.337
1530.685
1530.752
1530.825
1530.899
1530.977
1531.058
1531.144
1531.228
1531.313
1531.397
1531.222
1531.295
1531.371
1531.448
1531.532
1531.618
1531.704
1531.789
1531.874
1532.515
1532.245
1532.321
1532.403
1532.487
1532.576
1532.664
1532.753
1532.839
1533.51
1534.696
1533.703
1533.787
1533.876
1533.969
1534.063
1534.155
1534.248
1534.971
1536.287
1537.512
1535.472
1535.566
1535.667
1535.766
1535.867
1535.967
1536.781
1538.332
1539.866
1541.338
1537.27
1537.378
1537.487
1537.596
1537.707
1538.629
1540.505
1542.559
1544.904
1547.758
1538.688
1538.798
1538.91
1539.022
1539.972
1541.896
1543.959
1546.18
1548.571
5346000
1539.653
1539.763
1539.874
1540.815
1542.697
1544.668
1546.724
1548.851
5346000
5346000
1540.252
1540.36
1541.289
1543.127
1545.029
1546.984
1548.984
5346000
5346000
5346000
1540.572
1541.492
1543.309
1545.176
1547.087
1549.033
5346000
5346000
5346000
5346000
1666000
1666000
1666000
1666000
1666000
1666000
1666000
1666000
1666000
1540.042
1666000
1666000
1666000
1666000
1666000
1666000
1666000
1666000
1539.791
1539.866
1666000
1666000
1666000
1666000
1666000
1666000
1666000
1539.262
1539.338
1539.422
1666000
1666000
1666000
1666000
1666000
1666000
1538.37
1538.445
1538.531
1538.622
1666000
1666000
1666000
1666000
1666000
1537.033
1537.11
1537.194
1537.284
1537.38
1666000
1666000
1666000
1666000
1535.318
1535.391
1535.472
1535.557
1535.647
1535.742
1666000
1666000
1666000
1533.609
1533.681
1533.757
1533.838
1533.922
1534.012
1534.105
1666000
1666000
1532.193
1532.261
1532.336
1532.413
1532.494
1532.579
1532.668
1532.757
1666000
1531.2
1531.269
1531.341
1531.418
1531.495
1531.578
1531.664
1531.751
1531.836
1530.685
1530.752
1530.825
1530.899
1530.977
1531.058
1531.144
1531.228
1531.313
1531.397
1530.729
1530.801
1530.877
1530.953
1531.035
1531.12
1531.205
1531.289
1531.373
1532.001
1531.272
1531.347
1531.426
1531.508
1531.595
1531.68
1531.766
1531.85
1532.491
1533.614
1532.299
1532.379
1532.464
1532.552
1532.642
1532.729
1532.817
1533.486
1534.672
1535.75
1533.765
1533.853
1533.947
1534.039
1534.133
1534.224
1534.949
1536.263
1537.489
1538.59
1535.544
1535.644
1535.745
1535.845
1535.946
1536.758
1538.31
1539.843
1541.315
1542.621
1537.357
1537.465
1537.575
1537.685
1538.608
1540.483
1542.538
1544.883
1547.738
5346000
1538.778
1538.889
1539.002
1539.951
1541.876
1543.938
1546.16
1548.551
5346000
5346000
1539.743
1539.854
1540.795
1542.677
1544.649
1546.704
1548.832
5346000
5346000
5346000
1540.341
1541.269
1543.108
1545.009
1546.966
1548.965
5346000
5346000
5346000
5346000
1541.473
1543.289
1545.157
1547.068
1549.015
5346000
5346000
5346000
5346000
5346000
1666000
1666000
1666000
1666000
1666000
1666000
1666000
1666000
1540.024
1540.098
1666000
1666000
1666000
1666000
1666000
1666000
1666000
1539.772
1539.847
1539.931
1666000
1666000
1666000
1666000
1666000
1666000
1539.243
1539.318
1539.403
1539.492
1666000
1666000
1666000
1666000
1666000
1538.349
1538.426
1538.511
1538.602
1538.699
1666000
1666000
1666000
1666000
1537.013
1537.088
1537.174
1537.263
1537.359
1537.461
1666000
1666000
1666000
1535.296
1535.37
1535.45
1535.535
1535.625
1535.72
1535.82
1666000
1666000
1533.587
1533.657
1533.736
1533.815
1533.9
1533.988
1534.083
1534.176
1666000
1532.169
1532.239
1532.313
1532.391
1532.471
1532.556
1532.645
1532.734
1532.822
1531.177
1531.245
1531.319
1531.394
1531.473
1531.554
1531.642
1531.727
1531.813
1531.898
1530.729
1530.801
1530.877
1530.953
1531.035
1531.12
1531.205
1531.289
1531.373
1532.001
1530.779
1530.852
1530.93
1531.011
1531.097
1531.181
1531.266
1531.349
1531.977
1533.074
1531.325
1531.402
1531.485
1531.571
1531.658
1531.742
1531.827
1532.467
1533.59
1534.601
1532.356
1532.44
1532.53
1532.618
1532.707
1532.793
1533.463
1534.648
1535.726
1536.677
1533.831
1533.923
1534.017
1534.109
1534.202
1534.925
1536.241
1537.465
1538.566
1539.496
1535.622
1535.722
1535.823
1535.923
1536.737
1538.287
1539.821
1541.292
1542.598
1545.732
1537.444
1537.553
1537.664
1538.586
1540.462
1542.516
1544.862
1547.716
5346000
5346000
1538.869
1538.98
1539.93
1541.855
1543.918
1546.139
1548.531
5346000
5346000
5346000
1539.834
1540.774
1542.657
1544.628
1546.685
1548.812
5346000
5346000
5346000
5346000
1541.25
1543.088
1544.99
1546.946
1548.946
5346000
5346000
5346000
5346000
5346000
1543.27
1545.137
1547.049
1548.995
5346000
5346000
5346000
5346000
5346000
5346000
1666000
1666000
1666000
1666000
1666000
1666000
1666000
1540.004
1540.079
1540.162
1666000
1666000
1666000
1666000
1666000
1666000
1539.753
1539.828
1539.912
1540.001
1666000
1666000
1666000
1666000
1666000
1539.223
1539.299
1539.383
1539.473
1539.569
1666000
1666000
1666000
1666000
1538.33
1538.405
1538.491
1538.581
1538.678
1538.782
1666000
1666000
1666000
1536.992
1537.068
1537.152
1537.242
1537.337
1537.44
1537.548
1666000
1666000
1535.274
1535.347
1535.429
1535.513
1535.603
1535.698
1535.799
1535.899
1666000
1533.564
1533.636
1533.712
1533.794
1533.877
1533.967
1534.059
1534.153
1534.246
1532.147
1532.215
1532.291
1532.367
1532.449
1532.533
1532.622
1532.71
1532.799
1532.886
1531.222
1531.295
1531.371
1531.448
1531.532
1531.618
1531.704
1531.789
1531.874
1532.515
1530.779
1530.852
1530.93
1531.011
1531.097
1531.181
1531.266
1531.349
1531.977
1533.074
1530.83
1530.906
1530.988
1531.073
1531.159
1531.242
1531.326
1531.953
1533.05
1534.035
1531.379
1531.461
1531.548
1531.633
1531.719
1531.803
1532.444
1533.565
1534.577
1535.466
1532.418
1532.506
1532.596
1532.683
1532.771
1533.439
1534.625
1535.702
1536.654
1537.459
1533.901
1533.994
1534.087
1534.179
1534.903
1536.217
1537.443
1538.542
1539.472
1541.907
1535.701
1535.8
1535.902
1536.714
1538.265
1539.798
1541.27
1542.574
1545.709
1547.549
1537.533
1537.642
1538.566
1540.44
1542.496
1544.84
1547.695
5346000
5346000
5346000
1538.96
1539.909
1541.835
1543.897
1546.119
1548.51
5346000
5346000
5346000
5346000
1540.755
1542.637
1544.609
1546.665
1548.793
5346000
5346000
5346000
5346000
5346000
1543.069
1544.97
1546.927
1548.927
5346000
5346000
5346000
5346000
5346000
5346000
1545.118
1547.03
1548.977
5346000
5346000
5346000
5346000
5346000
5346000
5346000
1666000
1666000
1666000
1666000
1666000
1666000
1539.986
1540.06
1540.144
1540.232
1666000
1666000
1666000
1666000
1666000
1539.734
1539.809
1539.892
1539.982
1540.077
1666000
1666000
1666000
1666000
1539.204
1539.279
1539.364
1539.453
1539.55
1539.652
1666000
1666000
1666000
1538.309
1538.386
1538.47
1538.561
1538.658
1538.762
1538.871
1666000
1666000
1536.971
1537.047
1537.132
1537.221
1537.317
1537.418
1537.527
1537.635
1666000
1535.252
1535.326
1535.406
1535.492
1535.581
1535.676
1535.776
1535.877
1535.977
1533.542
1533.612
1533.691
1533.77
1533.855
1533.943
1534.037
1534.13
1534.223
1534.316
1532.193
1532.267
1532.345
1532.425
1532.51
1532.599
1532.688
1532.775
1532.863
1533.533
1531.272
1531.347
1531.426
1531.508
1531.595
1531.68
1531.766
1531.85
1532.491
1533.614
1530.83
1530.906
1530.988
1531.073
1531.159
1531.242
1531.326
1531.953
1533.05
1534.035
1530.883
1530.964
1531.05
1531.134
1531.219
1531.302
1531.93
1533.025
1534.011
1534.877
1531.438
1531.524
1531.611
1531.695
1531.781
1532.42
1533.542
1534.552
1535.442
1536.201
1532.484
1532.571
1532.66
1532.747
1533.416
1534.601
1535.679
1536.629
1537.435
1539.643
1533.972
1534.064
1534.157
1534.879
1536.195
1537.419
1538.519
1539.448
1541.884
1544.537
1535.779
1535.879
1536.692
1538.242
1539.776
1541.246
1542.551
1545.685
1547.526
1548.394
1537.622
1538.543
1540.42
1542.474
1544.819
1547.674
5346000
5346000
5346000
5346000
1539.889
1541.814
1543.877
1546.098
1548.491
5346000
5346000
5346000
5346000
5346000
1542.617
1544.589
1546.646
1548.773
5346000
5346000
5346000
5346000
5346000
5346000
1544.951
1546.907
1548.908
5346000
5346000
5346000
5346000
5346000
5346000
5346000
1547.011
1548.958
5346000
5346000
5346000
5346000
5346000
5346000
5346000
5346000
1666000
1666000
1666000
1666000
1666000
1539.967
1540.042
1540.124
1540.213
1540.308
1666000
1666000
1666000
1666000
1539.716
1539.79
1539.874
1539.962
1540.058
1540.159
1666000
1666000
1666000
1539.184
1539.26
1539.344
1539.434
1539.529
1539.632
1539.741
1666000
1666000
1538.289
1538.365
1538.451
1538.541
1538.638
1538.741
1538.851
1538.962
1666000
1536.95
1537.026
1537.11
1537.2
1537.295
1537.397
1537.505
1537.614
1537.724
1535.231
1535.304
1535.385
1535.469
1535.56
1535.654
1535.755
1535.854
1535.955
1536.056
1533.591
1533.667
1533.749
1533.832
1533.921
1534.014
1534.108
1534.2
1534.293
1535.017
1532.245
1532.321
1532.403
1532.487
1532.576
1532.664
1532.753
1532.839
1533.51
1534.696
1531.325
1531.402
1531.485
1531.571
1531.658
1531.742
1531.827
1532.467
1533.59
1534.601
1530.883
1530.964
1531.05
1531.134
1531.219
1531.302
1531.93
1533.025
1534.011
1534.877
1530.941
1531.026
1531.112
1531.195
1531.279
1531.905
1533.002
1533.986
1534.853
1535.596
1531.501
1531.587
1531.673
1531.756
1532.397
1533.518
1534.529
1535.417
1536.177
1538.305
1532.549
1532.636
1532.724
1533.392
1534.578
1535.655
1536.606
1537.41
1539.618
1542.497
1534.042
1534.133
1534.857
1536.171
1537.396
1538.495
1539.425
1541.859
1544.513
1546.218
1535.857
1536.669
1538.221
1539.753
1541.224
1542.528
1545.662
1547.501
1548.371
1548.91
1538.522
1540.397
1542.453
1544.797
1547.653
5346000
5346000
5346000
5346000
5346000
1541.793
1543.856
1546.079
1548.47
5346000
5346000
5346000
5346000
5346000
5346000
1544.569
1546.625
1548.754
5346000
5346000
5346000
5346000
5346000
5346000
5346000
1546.889
1548.889
5346000
5346000
5346000
5346000
5346000
5346000
5346000
5346000
1548.939
5346000
5346000
5346000
5346000
5346000
5346000
5346000
5346000
5346000
1666000
1666000
1666000
1666000
1539.949
1540.022
1540.106
1540.194
1540.289
1540.39
1666000
1666000
1666000
1539.696
1539.771
1539.854
1539.944
1540.038
1540.14
1540.248
1666000
1666000
1539.165
1539.24
1539.325
1539.414
1539.51
1539.612
1539.722
1539.831
1666000
1538.269
1538.345
1538.43
1538.521
1538.617
1538.721
1538.83
1538.941
1539.053
1536.929
1537.005
1537.09
1537.179
1537.275
1537.376
1537.484
1537.593
1537.703
1537.813
1535.282
1535.363
1535.448
1535.537
1535.632
1535.732
1535.833
1535.933
1536.034
1536.848
1533.645
1533.725
1533.81
1533.898
1533.992
1534.085
1534.178
1534.27
1534.994
1536.31
1532.299
1532.379
1532.464
1532.552
1532.642
1532.729
1532.817
1533.486
1534.672
1535.75
1531.379
1531.461
1531.548
1531.633
1531.719
1531.803
1532.444
1533.565
1534.577
1535.466
1530.941
1531.026
1531.112
1531.195
1531.279
1531.905
1533.002
1533.986
1534.853
1535.596
1531.003
1531.087
1531.172
1531.254
1531.882
1532.978
1533.963
1534.828
1535.572
1537.674
1531.564
1531.648
1531.734
1532.372
1533.495
1534.504
1535.393
1536.152
1538.281
1541.238
1532.614
1532.7
1533.37
1534.554
1535.632
1536.581
1537.387
1539.593
1542.473
1544.593
1534.111
1534.833
1536.148
1537.372
1538.472
1539.4
1541.835
1544.488
1546.194
1547.363
1536.647
1538.197
1539.731
1541.201
1542.505
1545.638
1547.478
1548.345
1548.886
1549.286
1540.377
1542.431
1544.777
1547.631
5346000
5346000
5346000
5346000
5346000
5346000
1543.836
1546.058
1548.451
5346000
5346000
5346000
5346000
5346000
5346000
5346000
1546.606
1548.734
5346000
5346000
5346000
5346000
5346000
5346000
5346000
5346000
1548.87
5346000
5346000
5346000
5346000
5346000
5346000
5346000
5346000
5346000
5346000
5346000
5346000
5346000
5346000
5346000
5346000
5346000
5346000
5346000
1666000
1666000
1666000
1539.929
1540.004
1540.087
1540.175
1540.269
1540.371
1540.478
1666000
1666000
1539.677
1539.752
1539.836
1539.924
1540.019
1540.12
1540.228
1540.337
1666000
1539.145
1539.221
1539.305
1539.395
1539.49
1539.593
1539.701
1539.812
1539.922
1538.249
1538.325
1538.41
1538.5
1538.597
1538.7
1538.81
1538.92
1539.033
1539.145
1536.984
1537.068
1537.158
1537.253
1537.355
1537.463
1537.572
1537.681
1537.792
1538.715
1535.341
1535.426
1535.516
1535.61
1535.711
1535.81
1535.911
1536.011
1536.826
1538.377
1533.703
1533.787
1533.876
1533.969
1534.063
1534.155
1534.248
1534.971
1536.287
1537.512
1532.356
1532.44
1532.53
1532.618
1532.707
1532.793
1533.463
1534.648
1535.726
1536.677
1531.438
1531.524
1531.611
1531.695
1531.781
1532.42
1533.542
1534.552
1535.442
1536.201
1531.003
1531.087
1531.172
1531.254
1531.882
1532.978
1533.963
1534.828
1535.572
1537.674
1531.064
1531.148
1531.232
1531.858
1532.954
1533.938
1534.804
1535.546
1537.65
1540.636
1531.625
1531.709
1532.349
1533.47
1534.481
1535.369
1536.128
1538.256
1541.214
1543.534
1532.677
1533.345
1534.531
1535.607
1536.558
1537.362
1539.57
1542.448
1544.569
1546.139
1534.811
1536.125
1537.35
1538.448
1539.377
1541.81
1544.464
1546.168
1547.338
1548.196
1538.176
1539.708
1541.179
1542.481
1545.615
1547.453
1548.322
1548.86
1549.261
1549.59
1542.41
1544.755
1547.611
5346000
5346000
5346000
5346000
5346000
5346000
5346000
1546.038
1548.43
5346000
5346000
5346000
5346000
5346000
5346000
5346000
5346000
1548.715
5346000
5346000
5346000
5346000
5346000
5346000
5346000
5346000
5346000
5346000
5346000
5346000
5346000
5346000
5346000
5346000
5346000
5346000
5346000
5346000
5346000
5346000
5346000
5346000
5346000
5346000
5346000
5346000
5346000
1666000
1666000
1539.911
1539.985
1540.068
1540.156
1540.251
1540.351
1540.459
1540.566
1666000
1539.658
1539.733
1539.816
1539.905
1540
1540.101
1540.209
1540.318
1540.426
1539.126
1539.2
1539.286
1539.375
1539.471
1539.573
1539.682
1539.791
1539.902
1540.013
1538.305
1538.389
1538.481
1538.576
1538.68
1538.789
1538.901
1539.012
1539.124
1540.075
1537.048
1537.137
1537.233
1537.333
1537.442
1537.55
1537.66
1537.77
1538.694
1540.569
1535.404
1535.493
1535.589
1535.688
1535.789
1535.889
1535.99
1536.803
1538.355
1539.889
1533.765
1533.853
1533.947
1534.039
1534.133
1534.224
1534.949
1536.263
1537.489
1538.59
1532.418
1532.506
1532.596
1532.683
1532.771
1533.439
1534.625
1535.702
1536.654
1537.459
1531.501
1531.587
1531.673
1531.756
1532.397
1533.518
1534.529
1535.417
1536.177
1538.305
1531.064
1531.148
1531.232
1531.858
1532.954
1533.938
1534.804
1535.546
1537.65
1540.636
1531.125
1531.207
1531.835
1532.93
1533.914
1534.779
1535.522
1537.624
1540.612
1543.015
1531.686
1532.325
1533.447
1534.456
1535.345
1536.103
1538.232
1541.189
1543.51
1545.308
1533.322
1534.507
1535.584
1536.533
1537.338
1539.544
1542.424
1544.543
1546.114
1547.304
1536.102
1537.326
1538.425
1539.352
1541.787
1544.439
1546.144
1547.313
1548.171
1548.839
1539.686
1541.155
1542.459
1545.591
1547.43
1548.297
1548.836
1549.235
1549.565
1549.856
1544.734
1547.589
5346000
5346000
5346000
5346000
5346000
5346000
5346000
5346000
1548.41
5346000
5346000
5346000
5346000
5346000
5346000
5346000
5346000
5346000
5346000
5346000
5346000
5346000
5346000
5346000
5346000
5346000
5346000
5346000
5346000
5346000
5346000
5346000
5346000
5346000
5346000
5346000
5346000
5346000
5346000
5346000
5346000
5346000
5346000
5346000
5346000
5346000
5346000
5346000
1666000
1539.891
1539.966
1540.049
1540.138
1540.231
1540.333
1540.439
1540.547
1540.655
1539.639
1539.713
1539.797
1539.886
1539.981
1540.082
1540.19
1540.298
1540.407
1540.516
1539.181
1539.265
1539.356
1539.451
1539.554
1539.662
1539.772
1539.882
1539.993
1540.935
1538.37
1538.46
1538.557
1538.659
1538.77
1538.88
1538.992
1539.103
1540.054
1541.979
1537.116
1537.211
1537.313
1537.42
1537.53
1537.639
1537.749
1538.672
1540.548
1542.602
1535.472
1535.566
1535.667
1535.766
1535.867
1535.967
1536.781
1538.332
1539.866
1541.338
1533.831
1533.923
1534.017
1534.109
1534.202
1534.925
1536.241
1537.465
1538.566
1539.496
1532.484
1532.571
1532.66
1532.747
1533.416
1534.601
1535.679
1536.629
1537.435
1539.643
1531.564
1531.648
1531.734
1532.372
1533.495
1534.504
1535.393
1536.152
1538.281
1541.238
1531.125
1531.207
1531.835
1532.93
1533.914
1534.779
1535.522
1537.624
1540.612
1543.015
1531.184
1531.81
1532.907
1533.89
1534.756
1535.497
1537.6
1540.586
1542.991
1544.891
1532.302
1533.423
1534.433
1535.32
1536.079
1538.206
1541.165
1543.484
1545.284
1546.683
1534.484
1535.56
1536.51
1537.313
1539.521
1542.399
1544.519
1546.088
1547.28
1548.212
1537.303
1538.401
1539.329
1541.762
1544.416
1546.119
1547.288
1548.145
1548.814
1549.365
1541.133
1542.435
1545.568
1547.405
1548.273
1548.811
1549.21
1549.538
1549.831
1550.105
1547.569
5346000
5346000
5346000
5346000
5346000
5346000
5346000
5346000
5346000
5346000
5346000
5346000
5346000
5346000
5346000
5346000
5346000
5346000
5346000
5346000
5346000
5346000
5346000
5346000
5346000
5346000
5346000
5346000
5346000
5346000
5346000
5346000
5346000
5346000
5346000
5346000
5346000
5346000
5346000
5346000
5346000
5346000
5346000
5346000
5346000
5346000
5346000
5346000
5346000
1539.873
1539.947
1540.031
1540.118
1540.213
1540.313
1540.421
1540.528
1540.636
1540.745
1539.695
1539.778
1539.867
1539.961
1540.063
1540.17
1540.279
1540.387
1540.497
1541.426
1539.246
1539.335
1539.432
1539.533
1539.643
1539.752
1539.862
1539.973
1540.915
1542.797
1538.44
1538.536
1538.639
1538.749
1538.86
1538.971
1539.083
1540.033
1541.958
1544.02
1537.19
1537.291
1537.4
1537.508
1537.618
1537.728
1538.651
1540.526
1542.581
1544.926
1535.544
1535.644
1535.745
1535.845
1535.946
1536.758
1538.31
1539.843
1541.315
1542.621
1533.901
1533.994
1534.087
1534.179
1534.903
1536.217
1537.443
1538.542
1539.472
1541.907
1532.549
1532.636
1532.724
1533.392
1534.578
1535.655
1536.606
1537.41
1539.618
1542.497
1531.625
1531.709
1532.349
1533.47
1534.481
1535.369
1536.128
1538.256
1541.214
1543.534
1531.184
1531.81
1532.907
1533.89
1534.756
1535.497
1537.6
1540.586
1542.991
1544.891
1531.787
1532.882
1533.866
1534.731
1535.473
1537.575
1540.562
1542.965
1544.867
1546.366
1533.399
1534.408
1535.297
1536.054
1538.182
1541.139
1543.46
1545.258
1546.658
1547.766
1535.537
1536.485
1537.29
1539.495
1542.375
1544.493
1546.064
1547.253
1548.187
1548.947
1538.378
1539.305
1541.739
1544.391
1546.095
1547.262
1548.12
1548.787
1549.339
1549.823
1542.413
1545.544
1547.382
1548.248
1548.787
1549.184
1549.513
1549.804
1550.079
1550.356
5346000
5346000
5346000
5346000
5346000
5346000
5346000
5346000
5346000
5346000
5346000
5346000
5346000
5346000
5346000
5346000
5346000
5346000
5346000
5346000
5346000
5346000
5346000
5346000
5346000
5346000
5346000
5346000
5346000
5346000
5346000
5346000
5346000
5346000
5346000
5346000
5346000
5346000
5346000
5346000
5346000
5346000
5346000
5346000
5346000
5346000
5346000
5346000
5346000
5346000
1539.928
1540.011
1540.1
1540.193
1540.295
1540.401
1540.509
1540.617
1540.726
1541.648
1539.759
1539.847
1539.942
1540.043
1540.151
1540.259
1540.368
1540.477
1541.407
1543.245
1539.316
1539.411
1539.514
1539.622
1539.732
1539.842
1539.954
1540.895
1542.777
1544.748
1538.516
1538.618
1538.729
1538.839
1538.951
1539.063
1540.013
1541.937
1544
1546.221
1537.27
1537.378
1537.487
1537.596
1537.707
1538.629
1540.505
1542.559
1544.904
1547.758
1535.622
1535.722
1535.823
1535.923
1536.737
1538.287
1539.821
1541.292
1542.598
1545.732
1533.972
1534.064
1534.157
1534.879
1536.195
1537.419
1538.519
1539.448
1541.884
1544.537
1532.614
1532.7
1533.37
1534.554
1535.632
1536.581
1537.387
1539.593
1542.473
1544.593
1531.686
1532.325
1533.447
1534.456
1535.345
1536.103
1538.232
1541.189
1543.51
1545.308
1531.787
1532.882
1533.866
1534.731
1535.473
1537.575
1540.562
1542.965
1544.867
1546.366
1532.858
1533.841
1534.707
1535.448
1537.551
1540.536
1542.941
1544.841
1546.341
1547.536
1534.385
1535.272
1536.03
1538.157
1541.115
1543.434
1545.233
1546.632
1547.741
1548.646
1536.462
1537.265
1539.472
1542.349
1544.469
1546.038
1547.229
1548.16
1548.922
1549.575
1539.282
1541.714
1544.367
1546.07
1547.238
1548.094
1548.762
1549.312
1549.798
1550.254
1545.521
1547.358
1548.225
1548.761
1549.16
1549.487
1549.779
1550.052
1550.33
1550.648
5346000
5346000
5346000
5346000
5346000
5346000
5346000
5346000
5346000
5346000
5346000
5346000
5346000
5346000
5346000
5346000
5346000
5346000
5346000
5346000
5346000
5346000
5346000
5346000
5346000
5346000
5346000
5346000
5346000
5346000
5346000
5346000
5346000
5346000
5346000
5346000
5346000
5346000
5346000
5346000
5346000
5346000
5346000
5346000
5346000
5346000
5346000
5346000
5346000
5346000
1539.992
1540.08
1540.175
1540.275
1540.382
1540.489
1540.598
1540.706
1541.629
1543.444
1539.828
1539.922
1540.024
1540.131
1540.24
1540.348
1540.458
1541.387
1543.225
1545.126
1539.392
1539.494
1539.603
1539.712
1539.823
1539.933
1540.875
1542.756
1544.728
1546.783
1538.598
1538.708
1538.819
1538.93
1539.043
1539.992
1541.917
1543.979
1546.201
1548.591
1537.357
1537.465
1537.575
1537.685
1538.608
1540.483
1542.538
1544.883
1547.737
5346000
1535.701
1535.8
1535.902
1536.714
1538.265
1539.798
1541.27
1542.574
1545.709
1547.549
1534.042
1534.133
1534.857
1536.171
1537.396
1538.495
1539.425
1541.859
1544.513
1546.218
1532.677
1533.345
1534.531
1535.607
1536.558
1537.362
1539.57
1542.448
1544.569
1546.139
1532.302
1533.423
1534.433
1535.32
1536.079
1538.206
1541.165
1543.484
1545.284
1546.683
1532.858
1533.841
1534.707
1535.448
1537.551
1540.536
1542.941
1544.841
1546.341
1547.536
1533.818
1534.682
1535.424
1537.525
1540.512
1542.915
1544.816
1546.314
1547.511
1548.488
1535.248
1536.005
1538.133
1541.089
1543.41
1545.207
1546.607
1547.714
1548.62
1549.39
1537.241
1539.447
1542.326
1544.444
1546.014
1547.202
1548.135
1548.895
1549.549
1550.145
1541.691
1544.342
1546.046
1547.213
1548.07
1548.736
1549.287
1549.771
1550.228
1550.697
1547.335
1548.199
1548.738
1549.134
1549.463
1549.752
1550.027
1550.303
1550.623
5346000
5346000
5346000
5346000
5346000
5346000
5346000
5346000
5346000
5346000
5346000
5346000
5346000
5346000
5346000
5346000
5346000
5346000
5346000
5346000
5346000
5346000
5346000
5346000
5346000
5346000
5346000
5346000
5346000
5346000
5346000
5346000
5346000
5346000
5346000
5346000
5346000
5346000
5346000
5346000
5346000
5346000
5346000
5346000
5346000
5346000
5346000
5346000
5346000
5346000
1540.062
1540.155
1540.256
1540.363
1540.471
1540.578
1540.687
1541.609
1543.424
1545.291
1539.904
1540.004
1540.113
1540.22
1540.33
1540.438
1541.368
1543.205
1545.107
1547.062
1539.474
1539.583
1539.693
1539.803
1539.914
1540.855
1542.737
1544.708
1546.764
1548.891
1538.688
1538.798
1538.91
1539.022
1539.972
1541.896
1543.959
1546.18
1548.571
5346000
1537.444
1537.553
1537.664
1538.586
1540.462
1542.516
1544.862
1547.716
5346000
5346000
1535.779
1535.879
1536.692
1538.242
1539.776
1541.246
1542.551
1545.685
1547.526
1548.394
1534.111
1534.833
1536.148
1537.372
1538.472
1539.4
1541.835
1544.488
1546.194
1547.363
1533.322
1534.507
1535.584
1536.533
1537.338
1539.544
1542.424
1544.543
1546.114
1547.304
1533.399
1534.408
1535.297
1536.054
1538.182
1541.139
1543.46
1545.258
1546.658
1547.766
1533.818
1534.682
1535.424
1537.525
1540.512
1542.915
1544.816
1546.314
1547.511
1548.488
1534.658
1535.399
1537.501
1540.487
1542.89
1544.79
1546.289
1547.484
1548.462
1549.293
1535.981
1538.107
1541.066
1543.384
1545.183
1546.58
1547.689
1548.593
1549.365
1550.057
1539.423
1542.3
1544.42
1545.988
1547.178
1548.108
1548.869
1549.522
1550.119
1550.698
1544.319
1546.021
1547.189
1548.043
1548.711
1549.261
1549.745
1550.201
1550.671
5346000
1548.176
1548.712
1549.11
1549.436
1549.728
1550
1550.278
1550.596
5346000
5346000
5346000
5346000
5346000
5346000
5346000
5346000
5346000
5346000
5346000
5346000
5346000
5346000
5346000
5346000
5346000
5346000
5346000
5346000
5346000
5346000
5346000
5346000
5346000
5346000
5346000
5346000
5346000
5346000
5346000
5346000
5346000
5346000
5346000
5346000
5346000
5346000
5346000
5346000
5346000
5346000
5346000
5346000
5346000
5346000
5346000
5346000
5346000
1540.136
1540.237
1540.344
1540.451
1540.56
1540.668
1541.59
1543.405
1545.272
1547.182
1539.985
1540.092
1540.201
1540.31
1540.419
1541.348
1543.186
1545.087
1547.043
1549.041
1539.563
1539.672
1539.783
1539.894
1540.835
1542.717
1544.688
1546.743
1548.871
5346000
1538.778
1538.889
1539.002
1539.951
1541.876
1543.938
1546.16
1548.551
5346000
5346000
1537.533
1537.642
1538.566
1540.44
1542.496
1544.84
1547.695
5346000
5346000
5346000
1535.857
1536.669
1538.221
1539.753
1541.224
1542.528
1545.662
1547.501
1548.371
1548.91
1534.811
1536.125
1537.35
1538.448
1539.377
1541.81
1544.464
1546.168
1547.338
1548.196
1534.484
1535.56
1536.51
1537.313
1539.521
1542.399
1544.519
1546.088
1547.28
1548.212
1534.385
1535.272
1536.03
1538.157
1541.115
1543.434
1545.233
1546.632
1547.741
1548.646
1534.658
1535.399
1537.501
1540.487
1542.89
1544.79
1546.289
1547.484
1548.462
1549.293
1535.375
1537.476
1540.463
1542.864
1544.765
1546.263
1547.459
1548.435
1549.267
1550.008
1538.083
1541.04
1543.36
1545.156
1546.556
1547.662
1548.568
1549.337
1550.031
1550.688
1542.277
1544.394
1545.964
1547.151
1548.083
1548.842
1549.496
1550.092
1550.672
5346000
1545.997
1547.163
1548.019
1548.685
1549.236
1549.718
1550.176
1550.644
5346000
5346000
1548.688
1549.084
1549.412
1549.701
1549.975
1550.251
1550.57
5346000
5346000
5346000
5346000
5346000
5346000
5346000
5346000
5346000
5346000
5346000
5346000
5346000
5346000
5346000
5346000
5346000
5346000
5346000
5346000
5346000
5346000
5346000
5346000
5346000
5346000
5346000
5346000
5346000
5346000
5346000
5346000
5346000
5346000
5346000
5346000
5346000
5346000
5346000
5346000
5346000
5346000
5346000
5346000
5346000
5346000
5346000
1540.218
1540.324
1540.432
1540.54
1540.649
1541.57
1543.386
1545.252
1547.163
1549.109
1540.074
1540.181
1540.291
1540.4
1541.329
1543.166
1545.068
1547.023
1549.022
5346000
1539.653
1539.763
1539.874
1540.815
1542.697
1544.668
1546.724
1548.851
5346000
5346000
1538.869
1538.98
1539.93
1541.855
1543.918
1546.139
1548.531
5346000
5346000
5346000
1537.622
1538.543
1540.42
1542.474
1544.819
1547.674
5346000
5346000
5346000
5346000
1536.647
1538.198
1539.731
1541.201
1542.505
1545.638
1547.478
1548.345
1548.886
1549.286
1536.102
1537.326
1538.425
1539.352
1541.787
1544.439
1546.144
1547.313
1548.171
1548.839
1535.537
1536.485
1537.29
1539.495
1542.375
1544.493
1546.064
1547.253
1548.187
1548.947
1535.248
1536.005
1538.133
1541.089
1543.41
1545.207
1546.607
1547.714
1548.62
1549.39
1535.375
1537.476
1540.463
1542.864
1544.765
1546.263
1547.459
1548.435
1549.267
1550.008
1537.452
1540.437
1542.84
1544.739
1546.238
1547.432
1548.41
1549.24
1549.982
1550.681
1541.016
1543.334
1545.132
1546.529
1547.638
1548.541
1549.312
1550.003
1550.663
5346000
1544.37
1545.938
1547.127
1548.057
1548.818
1549.469
1550.066
1550.645
5346000
5346000
1547.139
1547.993
1548.66
1549.209
1549.694
1550.149
1550.618
5346000
5346000
5346000
1549.061
1549.386
1549.677
1549.949
1550.226
1550.543
5346000
5346000
5346000
5346000
5346000
5346000
5346000
5346000
5346000
5346000
5346000
5346000
5346000
5346000
5346000
5346000
5346000
5346000
5346000
5346000
5346000
5346000
5346000
5346000
5346000
5346000
5346000
5346000
5346000
5346000
5346000
5346000
5346000
5346000
5346000
5346000
5346000
5346000
5346000
5346000
5346000
5346000
5346000
5346000
1540.306
1540.413
1540.521
1540.629
1541.551
1543.366
1545.233
1547.144
1549.09
5346000
1540.162
1540.271
1540.381
1541.309
1543.147
1545.048
1547.004
1549.003
5346000
5346000
1539.743
1539.854
1540.795
1542.677
1544.649
1546.704
1548.832
5346000
5346000
5346000
1538.96
1539.909
1541.835
1543.897
1546.119
1548.51
5346000
5346000
5346000
5346000
1538.522
1540.397
1542.453
1544.797
1547.653
5346000
5346000
5346000
5346000
5346000
1538.176
1539.708
1541.179
1542.481
1545.615
1547.453
1548.322
1548.86
1549.261
1549.59
1537.303
1538.401
1539.329
1541.762
1544.416
1546.119
1547.288
1548.145
1548.814
1549.365
1536.462
1537.265
1539.472
1542.349
1544.469
1546.038
1547.229
1548.16
1548.922
1549.575
1535.981
1538.107
1541.066
1543.384
1545.183
1546.58
1547.689
1548.593
1549.365
1550.057
1537.452
1540.437
1542.84
1544.739
1546.238
1547.432
1548.41
1549.24
1549.982
1550.681
1540.413
1542.814
1544.715
1546.212
1547.407
1548.383
1549.214
1549.955
1550.655
5346000
1543.31
1545.106
1546.505
1547.611
1548.516
1549.285
1549.978
1550.635
5346000
5346000
1545.914
1547.101
1548.032
1548.791
1549.444
1550.039
1550.62
5346000
5346000
5346000
1547.969
1548.634
1549.185
1549.667
1550.124
1550.591
5346000
5346000
5346000
5346000
1549.362
1549.65
1549.924
1550.199
1550.519
5346000
5346000
5346000
5346000
5346000
5346000
5346000
5346000
5346000
5346000
5346000
5346000
5346000
5346000
5346000
5346000
5346000
5346000
5346000
5346000
5346000
5346000
5346000
5346000
5346000
5346000
5346000
5346000
5346000
5346000
5346000
5346000
5346000
5346000
5346000
5346000
5346000
5346000
5346000
5346000
1540.394
1540.501
1540.61
1541.531
1543.347
1545.214
1547.125
1549.071
5346000
5346000
1540.252
1540.36
1541.289
1543.127
1545.029
1546.984
1548.984
5346000
5346000
5346000
1539.834
1540.774
1542.657
1544.628
1546.685
1548.812
5346000
5346000
5346000
5346000
1539.889
1541.814
1543.877
1546.098
1548.491
5346000
5346000
5346000
5346000
5346000
1540.377
1542.431
1544.777
1547.631
5346000
5346000
5346000
5346000
5346000
5346000
1539.686
1541.155
1542.459
1545.591
1547.43
1548.297
1548.836
1549.235
1549.565
1549.856
1538.378
1539.305
1541.739
1544.391
1546.095
1547.262
1548.12
1548.787
1549.339
1549.823
1537.241
1539.447
1542.326
1544.444
1546.014
1547.202
1548.135
1548.895
1549.549
1550.145
1538.083
1541.04
1543.36
1545.156
1546.556
1547.662
1548.568
1549.337
1550.031
1550.688
1540.413
1542.814
1544.715
1546.212
1547.407
1548.383
1549.214
1549.955
1550.655
5346000
1542.79
1544.689
1546.187
1547.38
1548.358
1549.187
1549.929
1550.628
5346000
5346000
1545.082
1546.478
1547.586
1548.489
1549.26
1549.951
1550.61
5346000
5346000
5346000
1547.077
1548.006
1548.766
1549.418
1550.014
1550.593
5346000
5346000
5346000
5346000
1548.61
1549.158
1549.642
1550.097
1550.566
5346000
5346000
5346000
5346000
5346000
1549.626
1549.897
1550.175
1550.492
5346000
5346000
5346000
5346000
5346000
5346000
5346000
5346000
5346000
5346000
5346000
5346000
5346000
5346000
5346000
5346000
5346000
5346000
5346000
5346000
5346000
5346000
5346000
5346000
5346000
5346000
5346000
5346000
5346000
5346000
5346000
5346000
5346000
5346000
5346000
1540.482
1540.59
1541.512
1543.327
1545.195
1547.106
1549.052
5346000
5346000
5346000
1540.341
1541.269
1543.108
1545.009
1546.966
1548.965
5346000
5346000
5346000
5346000
1540.755
1542.637
1544.609
1546.665
1548.793
5346000
5346000
5346000
5346000
5346000
1541.794
1543.856
1546.079
1548.47
5346000
5346000
5346000
5346000
5346000
5346000
1542.41
1544.755
1547.611
5346000
5346000
5346000
5346000
5346000
5346000
5346000
1541.133
1542.435
1545.568
1547.405
1548.273
1548.811
1549.21
1549.538
1549.831
1550.105
1539.282
1541.714
1544.367
1546.07
1547.238
1548.094
1548.762
1549.312
1549.798
1550.254
1539.423
1542.3
1544.42
1545.988
1547.178
1548.108
1548.869
1549.522
1550.119
1550.698
1541.016
1543.334
1545.132
1546.529
1547.638
1548.541
1549.312
1550.003
1550.663
5346000
1542.79
1544.689
1546.187
1547.38
1548.358
1549.187
1549.929
1550.628
5346000
5346000
1544.665
1546.161
1547.356
1548.331
1549.162
1549.902
1550.603
5346000
5346000
5346000
1546.454
1547.56
1548.464
1549.233
1549.926
1550.583
5346000
5346000
5346000
5346000
1547.982
1548.74
1549.393
1549.987
1550.568
5346000
5346000
5346000
5346000
5346000
1549.134
1549.616
1550.073
1550.54
5346000
5346000
5346000
5346000
5346000
1549.873
1550.148
1550.467
5346000
5346000
5346000
5346000
5346000
5346000
5346000
5346000
5346000
5346000
5346000
5346000
5346000
5346000
5346000
5346000
5346000
5346000
5346000
5346000
5346000
5346000
5346000
5346000
5346000
5346000
5346000
5346000
5346000
5346000
1540.572
1541.492
1543.309
1545.176
1547.087
1549.033
5346000
5346000
5346000
5346000
1541.25
1543.088
1544.99
1546.946
1548.946
5346000
5346000
5346000
5346000
5346000
1542.617
1544.589
1546.646
1548.773
5346000
5346000
5346000
5346000
5346000
5346000
1543.836
1546.058
1548.451
5346000
5346000
5346000
5346000
5346000
5346000
5346000
1544.734
1547.589
5346000
5346000
5346000
5346000
5346000
5346000
5346000
5346000
1542.413
1545.544
1547.382
1548.248
1548.787
1549.184
1549.513
1549.804
1550.079
1550.356
1541.691
1544.342
1546.046
1547.213
1548.07
1548.736
1549.287
1549.771
1550.228
1550.697
1542.277
1544.394
1545.964
1547.151
1548.083
1548.842
1549.496
1550.092
1550.672
5346000
1543.31
1545.106
1546.505
1547.611
1548.516
1549.285
1549.978
1550.635
5346000
5346000
1544.665
1546.161
1547.356
1548.331
1549.162
1549.902
1550.603
5346000
5346000
5346000
1546.137
1547.329
1548.306
1549.135
1549.877
1550.576
5346000
5346000
5346000
5346000
1547.535
1548.437
1549.208
1549.899
1550.558
5346000
5346000
5346000
5346000
5346000
1548.715
1549.366
1549.963
1550.541
5346000
5346000
5346000
5346000
5346000
1549.591
1550.046
1550.515
5346000
5346000
5346000
5346000
5346000
1550.124
1550.441
5346000
5346000
5346000
5346000
5346000
5346000
5346000
5346000
5346000
5346000
5346000
5346000
5346000
5346000
5346000
5346000
5346000
5346000
5346000
5346000
5346000
5346000
5346000
5346000
5346000
1541.473
1543.289
1545.157
1547.068
1549.015
5346000
5346000
5346000
5346000
5346000
1543.069
1544.97
1546.927
1548.927
5346000
5346000
5346000
5346000
5346000
5346000
1544.569
1546.625
1548.754
5346000
5346000
5346000
5346000
5346000
5346000
5346000
1546.038
1548.43
5346000
5346000
5346000
5346000
5346000
5346000
5346000
5346000
1547.569
5346000
5346000
5346000
5346000
5346000
5346000
5346000
5346000
5346000
1545.521
1547.358
1548.225
1548.761
1549.16
1549.487
1549.779
1550.052
1550.33
1550.648
1544.319
1546.021
1547.189
1548.043
1548.711
1549.261
1549.745
1550.201
1550.671
5346000
1544.37
1545.938
1547.127
1548.057
1548.818
1549.469
1550.066
1550.645
5346000
5346000
1545.082
1546.478
1547.586
1548.489
1549.26
1549.951
1550.61
5346000
5346000
5346000
1546.137
1547.329
1548.306
1549.135
1549.877
1550.576
5346000
5346000
5346000
5346000
1547.305
1548.279
1549.11
1549.85
1550.551
5346000
5346000
5346000
5346000
5346000
1548.413
1549.181
1549.874
1550.531
5346000
5346000
5346000
5346000
5346000
1549.342
1549.936
1550.516
5346000
5346000
5346000
5346000
5346000
1550.022
1550.488
5346000
5346000
5346000
5346000
5346000
1550.416
5346000
5346000
5346000
5346000
5346000
5346000
5346000
5346000
5346000
5346000
5346000
5346000
5346000
5346000
5346000
5346000
5346000
5346000
5346000
5346000
1543.27
1545.137
1547.049
1548.995
5346000
5346000
5346000
5346000
5346000
5346000
1544.951
1546.907
1548.908
5346000
5346000
5346000
5346000
5346000
5346000
5346000
1546.606
1548.734
5346000
5346000
5346000
5346000
5346000
5346000
5346000
5346000
1548.411
5346000
5346000
5346000
5346000
5346000
5346000
5346000
5346000
5346000
5346000
5346000
5346000
5346000
5346000
5346000
5346000
5346000
5346000
5346000
1547.335
1548.199
1548.738
1549.134
1549.463
1549.752
1550.027
1550.303
1550.623
5346000
1545.997
1547.163
1548.019
1548.685
1549.236
1549.718
1550.176
1550.644
5346000
5346000
1545.914
1547.101
1548.032
1548.791
1549.444
1550.039
1550.62
5346000
5346000
5346000
1546.454
1547.56
1548.464
1549.233
1549.926
1550.583
5346000
5346000
5346000
5346000
1547.305
1548.279
1549.11
1549.85
1550.551
5346000
5346000
5346000
5346000
5346000
1548.255
1549.083
1549.825
1550.524
5346000
5346000
5346000
5346000
5346000
1549.157
1549.847
1550.506
5346000
5346000
5346000
5346000
5346000
1549.911
1550.489
5346000
5346000
5346000
5346000
5346000
1550.464
5346000
5346000
5346000
5346000
5346000
5346000
5346000
5346000
5346000
5346000
5346000
5346000
5346000
5346000
5346000
5346000
5346000
5346000
5346000
5346000
1545.118
1547.03
1548.977
5346000
5346000
5346000
5346000
5346000
5346000
5346000
1546.889
1548.889
5346000
5346000
5346000
5346000
5346000
5346000
5346000
5346000
1548.715
5346000
5346000
5346000
5346000
5346000
5346000
5346000
5346000
5346000
5346000
5346000
5346000
5346000
5346000
5346000
5346000
5346000
5346000
5346000
5346000
5346000
5346000
5346000
5346000
5346000
5346000
5346000
5346000
5346000
1548.176
1548.712
1549.11
1549.436
1549.728
1550
1550.278
1550.596
5346000
5346000
1547.139
1547.993
1548.66
1549.209
1549.694
1550.149
1550.618
5346000
5346000
5346000
1547.077
1548.006
1548.766
1549.418
1550.014
1550.593
5346000
5346000
5346000
5346000
1547.535
1548.437
1549.208
1549.899
1550.558
5346000
5346000
5346000
5346000
5346000
1548.255
1549.083
1549.825
1550.524
5346000
5346000
5346000
5346000
5346000
1549.059
1549.798
1550.499
5346000
5346000
5346000
5346000
5346000
1549.823
1550.48
5346000
5346000
5346000
5346000
5346000
1550.465
5346000
5346000
5346000
5346000
5346000
5346000
5346000
5346000
5346000
5346000
5346000
5346000
5346000
5346000
5346000
5346000
5346000
5346000
5346000
5346000
1547.011
1548.958
5346000
5346000
5346000
5346000
5346000
5346000
5346000
5346000
1548.87
5346000
5346000
5346000
5346000
5346000
5346000
5346000
5346000
5346000
5346000
5346000
5346000
5346000
5346000
5346000
5346000
5346000
5346000
5346000
5346000
5346000
5346000
5346000
5346000
5346000
5346000
5346000
5346000
5346000
5346000
5346000
5346000
5346000
5346000
5346000
5346000
5346000
5346000
5346000
1548.688
1549.084
1549.412
1549.701
1549.975
1550.251
1550.57
5346000
5346000
5346000
1547.969
1548.634
1549.185
1549.667
1550.124
1550.591
5346000
5346000
5346000
5346000
1547.982
1548.74
1549.393
1549.987
1550.568
5346000
5346000
5346000
5346000
5346000
1548.413
1549.181
1549.874
1550.531
5346000
5346000
5346000
5346000
5346000
1549.059
1549.798
1550.499
5346000
5346000
5346000
5346000
5346000
1549.774
1550.472
5346000
5346000
5346000
5346000
5346000
1550.455
5346000
5346000
5346000
5346000
5346000
5346000
5346000
5346000
5346000
5346000
5346000
5346000
5346000
5346000
5346000
5346000
5346000
5346000
5346000
5346000
1548.939
5346000
5346000
5346000
5346000
5346000
5346000
5346000
5346000
5346000
5346000
5346000
5346000
5346000
5346000
5346000
5346000
5346000
5346000
5346000
5346000
5346000
5346000
5346000
5346000
5346000
5346000
5346000
5346000
5346000
5346000
5346000
5346000
5346000
5346000
5346000
5346000
5346000
5346000
5346000
5346000
5346000
5346000
5346000
5346000
5346000
5346000
5346000
5346000
5346000
1549.061
1549.386
1549.677
1549.949
1550.226
1550.543
5346000
5346000
5346000
5346000
1548.61
1549.158
1549.642
1550.097
1550.566
5346000
5346000
5346000
5346000
5346000
1548.715
1549.366
1549.963
1550.541
5346000
5346000
5346000
5346000
5346000
1549.157
1549.847
1550.506
5346000
5346000
5346000
5346000
5346000
1549.774
1550.472
5346000
5346000
5346000
5346000
5346000
1550.448
5346000
5346000
5346000
5346000
5346000
5346000
5346000
5346000
5346000
5346000
5346000
5346000
5346000
5346000
5346000
5346000
5346000
5346000
5346000
5346000
5346000
5346000
5346000
5346000
5346000
5346000
5346000
5346000
5346000
5346000
5346000
5346000
5346000
5346000
5346000
5346000
5346000
5346000
5346000
5346000
5346000
5346000
5346000
5346000
5346000
5346000
5346000
5346000
5346000
5346000
5346000
5346000
5346000
5346000
5346000
5346000
5346000
5346000
5346000
5346000
5346000
5346000
5346000
5346000
5346000
5346000
5346000
5346000
5346000
5346000
1549.362
1549.65
1549.924
1550.199
1550.519
5346000
5346000
5346000
5346000
5346000
1549.134
1549.616
1550.073
1550.54
5346000
5346000
5346000
5346000
5346000
1549.342
1549.936
1550.516
5346000
5346000
5346000
5346000
5346000
1549.823
1550.48
5346000
5346000
5346000
5346000
5346000
1550.448
5346000
5346000
5346000
5346000
5346000
5346000
5346000
5346000
5346000
5346000
5346000
5346000
5346000
5346000
5346000
5346000
5346000
5346000
5346000
5346000
5346000
5346000
5346000
5346000
5346000
5346000
5346000
5346000
5346000
5346000
5346000
5346000
5346000
5346000
5346000
5346000
5346000
5346000
5346000
5346000
5346000
5346000
5346000
5346000
5346000
5346000
5346000
5346000
5346000
5346000
5346000
5346000
5346000
5346000
5346000
5346000
5346000
5346000
5346000
5346000
5346000
5346000
5346000
5346000
5346000
5346000
5346000
5346000
5346000
5346000
1549.626
1549.897
1550.175
1550.492
5346000
5346000
5346000
5346000
5346000
1549.591
1550.046
1550.515
5346000
5346000
5346000
5346000
5346000
1549.911
1550.489
5346000
5346000
5346000
5346000
5346000
1550.455
5346000
5346000
5346000
5346000
5346000
5346000
5346000
5346000
5346000
5346000
5346000
5346000
5346000
5346000
5346000
5346000
5346000
5346000
5346000
5346000
5346000
5346000
5346000
5346000
5346000
5346000
5346000
5346000
5346000
5346000
5346000
5346000
5346000
5346000
5346000
5346000
5346000
5346000
5346000
5346000
5346000
5346000
5346000
5346000
5346000
5346000
5346000
5346000
5346000
5346000
5346000
5346000
5346000
5346000
5346000
5346000
5346000
5346000
5346000
5346000
5346000
5346000
5346000
5346000
5346000
5346000
5346000
5346000
5346000
1549.873
1550.148
1550.467
5346000
5346000
5346000
5346000
5346000
1550.022
1550.488
5346000
5346000
5346000
5346000
5346000
1550.465
5346000
5346000
5346000
5346000
5346000
5346000
5346000
5346000
5346000
5346000
5346000
5346000
5346000
5346000
5346000
5346000
5346000
5346000
5346000
5346000
5346000
5346000
5346000
5346000
5346000
5346000
5346000
5346000
5346000
5346000
5346000
5346000
5346000
5346000
5346000
5346000
5346000
5346000
5346000
5346000
5346000
5346000
5346000
5346000
5346000
5346000
5346000
5346000
5346000
5346000
5346000
5346000
5346000
5346000
5346000
5346000
5346000
5346000
5346000
5346000
5346000
5346000
5346000
5346000
5346000
5346000
5346000
1550.124
1550.441
5346000
5346000
5346000
5346000
5346000
1550.464
5346000
5346000
5346000
5346000
5346000
5346000
5346000
5346000
5346000
5346000
5346000
5346000
5346000
5346000
5346000
5346000
5346000
5346000
5346000
5346000
5346000
5346000
5346000
5346000
5346000
5346000
5346000
5346000
5346000
5346000
5346000
5346000
5346000
5346000
5346000
5346000
5346000
5346000
5346000
5346000
5346000
5346000
5346000
5346000
5346000
5346000
5346000
5346000
5346000
5346000
5346000
5346000
5346000
5346000
5346000
5346000
5346000
5346000
5346000
5346000
5346000
5346000
5346000
5346000
1550.416
5346000
5346000
5346000
5346000
5346000
5346000
5346000
5346000
5346000
5346000
5346000
5346000
5346000
5346000
5346000
5346000
5346000
5346000
5346000
5346000
5346000
5346000
5346000
5346000
5346000
5346000
5346000
5346000
5346000
5346000
5346000
5346000
5346000
5346000
5346000
5346000
5346000
5346000
5346000
5346000
5346000
5346000
5346000
5346000
5346000
5346000
5346000
5346000
5346000
5346000
5346000
5346000
5346000
5346000
5346000
5346000
5346000
5346000
5346000
5346000
5346000
5346000
5346000
5346000
5346000
5346000
5346000
5346000
5346000
5346000
5346000
5346000
5346000
5346000
5346000
5346000
5346000
5346000
5346000
5346000
5346000
5346000
5346000
5346000
5346000
5346000
5346000
5346000
5346000
5346000
5346000
5346000
5346000
5346000
5346000
5346000
5346000
5346000
5346000
5346000
5346000
5346000
5346000
5346000
5346000
5346000
5346000
5346000
5346000
5346000
5346000
5346000
5346000
5346000
5346000
5346000
5346000
5346000
5346000
5346000
5346000
5346000
5346000
5346000
5346000
5346000
5346000
5346000
5346000
5346000
5346000
5346000
5346000
5346000
5346000
5346000
5346000
5346000
5346000
5346000
5346000
5346000
5346000
5346000
5346000
5346000
5346000
5346000
5346000
5346000
5346000
5346000
5346000
5346000
5346000
5346000
5346000
5346000
5346000
5346000
5346000
5346000
5346000
5346000
5346000
5346000
5346000
5346000
5346000
5346000
5346000
5346000
5346000
5346000
5346000
5346000
5346000
5346000
5346000
5346000
5346000
5346000
5346000
5346000
5346000
5346000
5346000
5346000
5346000
5346000
5346000
5346000
5346000
5346000
5346000
5346000
5346000
5346000
5346000
5346000
5346000
5346000
5346000
5346000
5346000
5346000
5346000
5346000
5346000
5346000
5346000
5346000
5346000
5346000
5346000
5346000
5346000
5346000
5346000
5346000
5346000
5346000
5346000
5346000
5346000
5346000
5346000
5346000
5346000
5346000
5346000
5346000
5346000
5346000
5346000
5346000
5346000
5346000
5346000
5346000
)
;

boundaryField
{
    interconnect0
    {
        type            calculated;
        value           uniform 0;
    }
    interconnectSides
    {
        type            calculated;
        value           uniform 0;
    }
    airInlet
    {
        type            calculated;
        value           nonuniform List<scalar> 0();
    }
    airOutlet
    {
        type            calculated;
        value           nonuniform List<scalar> 0();
    }
    cathodeSides
    {
        type            calculated;
        value           uniform 0;
    }
    electrolyteSides
    {
        type            calculated;
        value           uniform 0;
    }
    anodeSides
    {
        type            calculated;
        value           uniform 0;
    }
    fuelInlet
    {
        type            calculated;
        value           nonuniform List<scalar> 0();
    }
    fuelOutlet
    {
        type            calculated;
        value           nonuniform List<scalar> 0();
    }
    interconnect1
    {
        type            calculated;
        value           uniform 0;
    }
    procBoundary2to1
    {
        type            processor;
        value           nonuniform List<scalar> 
1400
(
5346000
5346000
5346000
5346000
5346000
5346000
5346000
5346000
5346000
5346000
5346000
5346000
5346000
5346000
5346000
5346000
5346000
5346000
5346000
5346000
5346000
5346000
5346000
5346000
5346000
5346000
5346000
5346000
5346000
5346000
5346000
5346000
5346000
5346000
5346000
5346000
5346000
5346000
5346000
5346000
5346000
5346000
5346000
5346000
5346000
5346000
5346000
5346000
5346000
5346000
5346000
5346000
5346000
5346000
5346000
5346000
5346000
5346000
5346000
5346000
1557.547
5346000
5346000
5346000
5346000
5346000
5346000
5346000
5346000
5346000
5346000
1557.557
1557.321
5346000
5346000
5346000
5346000
5346000
5346000
5346000
5346000
5346000
5346000
1557.533
1557.176
1557.138
5346000
5346000
5346000
5346000
5346000
5346000
5346000
5346000
5346000
5346000
1557.508
1557.034
1556.8
1556.974
5346000
5346000
5346000
5346000
5346000
5346000
5346000
5346000
5346000
5346000
1557.493
1556.927
1556.506
1556.392
1556.819
5346000
5346000
5346000
5346000
5346000
5346000
5346000
5346000
5346000
5346000
1557.493
1556.869
1556.292
1555.898
1555.914
1556.666
5346000
5346000
5346000
5346000
1561.167
5346000
5346000
5346000
5346000
5346000
1557.508
1556.869
1556.181
1555.543
1555.154
1555.324
1556.493
5346000
5346000
5346000
1560.978
1559.041
5346000
5346000
5346000
5346000
5346000
1557.533
1556.927
1556.181
1555.359
1554.612
1554.214
1554.553
1556.226
5346000
5346000
1560.575
1558.795
1556.986
5346000
5346000
5346000
5346000
5346000
1557.557
1557.034
1556.292
1555.359
1554.331
1553.434
1553.002
1553.468
1555.624
5346000
1559.861
1558.252
1556.695
1554.931
5346000
5346000
5346000
5346000
5346000
1557.547
1557.176
1556.506
1555.543
1554.331
1553.033
1551.941
1551.4
1551.787
1553.806
1558.279
1557.243
1556.052
1554.612
1552.553
5346000
5346000
5346000
5346000
5346000
1557.321
1556.8
1555.898
1554.612
1553.033
1551.405
1550.047
1549.211
1548.947
1550.582
1555.153
1554.885
1553.917
1552.232
1550.926
5346000
5346000
5346000
5346000
5346000
1557.138
1556.392
1555.154
1553.434
1551.405
1549.381
1547.628
1546.156
1546.599
1549.905
1552.748
1552.701
1551.544
1550.62
1549.299
5346000
5346000
5346000
5346000
5346000
1556.974
1555.914
1554.214
1551.941
1549.381
1546.871
1544.534
1544.14
1546.325
1548.892
1550.694
1550.381
1549.969
1549.012
1544.872
5346000
5346000
5346000
5346000
5346000
1556.819
1555.324
1553.002
1550.047
1546.871
1543.773
1542.653
1543.976
1545.797
1547.698
1548.607
1548.888
1548.406
1544.616
1536.661
5346000
5346000
5346000
5346000
5346000
1556.666
1554.553
1551.4
1547.628
1543.773
1541.943
1542.527
1543.621
1545.055
1546.243
1547.286
1547.407
1544.087
1536.425
1524.943
5346000
5346000
5346000
5346000
5346000
1556.493
1553.468
1549.211
1544.534
1541.943
1541.832
1542.242
1543.082
1544.027
1545.233
1545.939
1543.24
1535.953
1524.686
1512.044
5346000
5346000
5346000
5346000
5346000
1556.226
1551.787
1546.156
1542.653
1541.832
1541.572
1541.791
1542.282
1543.261
1544.068
1542.031
1535.241
1524.188
1511.73
1501.694
5346000
5346000
5346000
5346000
5346000
1555.624
1548.947
1544.14
1542.527
1541.572
1541.155
1541.105
1541.67
1542.276
1540.522
1534.294
1523.484
1511.129
1501.333
1494.554
5346000
5346000
5346000
5346000
5346000
1553.806
1546.599
1543.976
1542.242
1541.155
1540.514
1540.577
1540.826
1539.112
1533.186
1522.624
1510.301
1500.644
1494.156
1490.114
5346000
5346000
5346000
5346000
5346000
1550.582
1546.325
1543.621
1541.791
1540.514
1540.024
1539.829
1537.986
1532.232
1521.71
1509.33
1499.708
1493.398
1489.686
1488.06
5346000
5346000
5346000
5346000
1558.279
1549.905
1545.797
1543.082
1541.105
1540.024
1539.323
1537.214
1531.509
1521.021
1508.35
1498.638
1492.371
1488.867
1487.614
1666000
5346000
5346000
5346000
1559.861
1555.153
1548.892
1545.055
1542.282
1540.577
1539.323
1536.822
1531.024
1520.546
1507.667
1497.606
1491.204
1487.749
1486.757
1666000
1666000
5346000
5346000
1560.575
1557.243
1552.748
1547.698
1544.027
1541.67
1539.829
1536.822
1530.778
1520.232
1507.219
1496.949
1490.105
1486.47
1485.582
1666000
1666000
1666000
5346000
1560.978
1558.252
1554.885
1550.694
1546.244
1543.261
1540.826
1537.214
1530.778
1520.07
1506.918
1496.563
1489.427
1485.253
1484.225
1666000
1666000
1666000
1666000
1561.167
1558.795
1556.052
1552.701
1548.607
1545.233
1542.276
1537.986
1531.024
1520.07
1506.76
1496.324
1489.053
1484.475
1482.918
1666000
1666000
1666000
1666000
1666000
1559.041
1556.695
1553.917
1550.381
1547.286
1544.068
1539.112
1531.509
1520.231
1506.76
1496.203
1488.839
1484.028
1482.053
1666000
1666000
1666000
1666000
1666000
1666000
1556.986
1554.612
1551.544
1548.888
1545.939
1540.522
1532.232
1520.545
1506.918
1496.203
1488.737
1483.767
1481.533
1666000
1666000
1666000
1666000
1666000
1666000
1666000
1554.931
1552.232
1549.969
1547.407
1542.031
1533.186
1521.021
1507.219
1496.324
1488.737
1483.643
1481.222
1666000
1666000
1666000
1666000
1666000
1666000
1666000
1666000
1552.553
1550.62
1548.406
1543.24
1534.294
1521.71
1507.667
1496.563
1488.839
1483.643
1481.072
1666000
1666000
1666000
1666000
1666000
1666000
1666000
1666000
1666000
1550.926
1549.012
1544.087
1535.241
1522.624
1508.35
1496.949
1489.053
1483.767
1481.072
1666000
1666000
1666000
1666000
1666000
1666000
1666000
1666000
1666000
1666000
1549.299
1544.616
1535.953
1523.483
1509.33
1497.606
1489.427
1484.028
1481.222
1666000
1666000
1666000
1666000
1666000
1666000
1666000
1666000
1666000
1666000
1540.063
1544.871
1536.424
1524.187
1510.301
1498.638
1490.104
1484.475
1481.533
1666000
1666000
1666000
1666000
1666000
1666000
1666000
1666000
1666000
1666000
1539.831
1540.118
1536.661
1524.686
1511.128
1499.708
1491.204
1485.253
1482.053
1666000
1666000
1666000
1666000
1666000
1666000
1666000
1666000
1666000
1666000
1539.322
1539.887
1540.183
1524.943
1511.73
1500.643
1492.371
1486.47
1482.918
1666000
1666000
1666000
1666000
1666000
1666000
1666000
1666000
1666000
1666000
1538.453
1539.378
1539.952
1540.252
1512.044
1501.332
1493.398
1487.749
1484.225
1666000
1666000
1666000
1666000
1666000
1666000
1666000
1666000
1666000
1666000
1537.142
1538.509
1539.444
1540.022
1540.328
1501.693
1494.156
1488.866
1485.582
1666000
1666000
1666000
1666000
1666000
1666000
1666000
1666000
1666000
1666000
1535.453
1537.197
1538.574
1539.514
1540.098
1540.41
1494.554
1489.686
1486.757
1666000
1666000
1666000
1666000
1666000
1666000
1666000
1666000
1666000
1666000
1533.773
1535.505
1537.261
1538.645
1539.591
1540.18
1540.498
1490.114
1487.614
1666000
1666000
1666000
1666000
1666000
1666000
1666000
1666000
1666000
1666000
1532.383
1533.821
1535.564
1537.33
1538.722
1539.674
1540.269
1540.587
1488.06
1666000
1666000
1666000
1666000
1666000
1666000
1666000
1666000
1666000
1666000
1531.417
1532.429
1533.877
1535.628
1537.405
1538.805
1539.763
1540.358
1540.676
1666000
1666000
1666000
1666000
1666000
1666000
1666000
1666000
1666000
1666000
1530.927
1531.462
1532.482
1533.935
1535.696
1537.485
1538.894
1539.853
1540.447
1540.765
1666000
1666000
1666000
1666000
1666000
1666000
1666000
1666000
1666000
1530.927
1530.971
1531.513
1532.537
1533.997
1535.769
1537.572
1538.985
1539.944
1540.537
1541.669
1666000
1666000
1666000
1666000
1666000
1666000
1666000
1666000
1531.417
1530.971
1531.021
1531.566
1532.594
1534.064
1535.848
1537.66
1539.076
1540.035
1541.448
1543.464
1666000
1666000
1666000
1666000
1666000
1666000
1666000
1532.383
1531.462
1531.021
1531.073
1531.621
1532.656
1534.135
1535.926
1537.749
1539.168
1540.957
1543.266
1545.312
1666000
1666000
1666000
1666000
1666000
1666000
1533.773
1532.429
1531.513
1531.073
1531.127
1531.681
1532.723
1534.205
1536.005
1537.838
1540.098
1542.818
1545.147
1547.203
1666000
1666000
1666000
1666000
1666000
1535.453
1533.821
1532.482
1531.566
1531.127
1531.185
1531.744
1532.788
1534.275
1536.083
1538.74
1542.002
1544.769
1547.082
1549.129
1666000
1666000
1666000
1666000
1537.142
1535.505
1533.877
1532.537
1531.621
1531.185
1531.248
1531.807
1532.853
1534.345
1536.875
1540.594
1544.043
1546.804
1549.062
5346000
1666000
1666000
1666000
1538.453
1537.197
1535.564
1533.935
1532.594
1531.681
1531.248
1531.309
1531.869
1532.918
1535.047
1538.404
1542.627
1546.243
1548.911
5346000
5346000
1666000
1666000
1539.322
1538.509
1537.261
1535.628
1533.997
1532.656
1531.744
1531.309
1531.37
1531.93
1533.564
1536.339
1539.916
1544.95
1548.613
5346000
5346000
5346000
1666000
1539.831
1539.378
1538.574
1537.33
1535.696
1534.064
1532.723
1531.807
1531.37
1531.43
1532.548
1534.728
1537.542
1541.365
1547.781
5346000
5346000
5346000
5346000
1540.063
1539.887
1539.444
1538.645
1537.405
1535.769
1534.135
1532.788
1531.869
1531.43
1532.035
1533.647
1535.782
1538.62
1542.648
5346000
5346000
5346000
5346000
5346000
1540.118
1539.952
1539.514
1538.722
1537.485
1535.848
1534.205
1532.853
1531.93
1532.035
1533.108
1534.635
1536.71
1539.527
1545.76
5346000
5346000
5346000
5346000
5346000
1540.183
1540.022
1539.591
1538.805
1537.572
1535.926
1534.275
1532.918
1532.548
1533.108
1534.069
1535.5
1537.493
1541.939
1547.578
5346000
5346000
5346000
5346000
5346000
1540.252
1540.098
1539.674
1538.894
1537.66
1536.005
1534.345
1533.564
1533.647
1534.069
1534.912
1536.236
1539.678
1544.571
1548.424
5346000
5346000
5346000
5346000
5346000
1540.328
1540.18
1539.763
1538.985
1537.749
1536.083
1535.047
1534.728
1534.635
1534.912
1535.632
1538.343
1542.536
1546.254
1548.94
5346000
5346000
5346000
5346000
5346000
1540.41
1540.269
1539.853
1539.076
1537.838
1536.875
1536.339
1535.782
1535.5
1535.632
1537.714
1541.281
1544.636
1547.401
1549.316
5346000
5346000
5346000
5346000
5346000
1540.498
1540.358
1539.944
1539.168
1538.74
1538.404
1537.542
1536.71
1536.236
1537.714
1540.681
1543.582
1546.184
1548.234
1549.621
5346000
5346000
5346000
5346000
5346000
1540.587
1540.447
1540.035
1540.098
1540.594
1539.916
1538.62
1537.493
1538.343
1540.681
1543.066
1545.36
1547.351
1548.877
1549.887
5346000
5346000
5346000
5346000
5346000
1540.676
1540.537
1540.957
1542.002
1542.627
1541.365
1539.527
1539.678
1541.281
1543.066
1544.946
1546.736
1548.258
1549.402
1550.135
5346000
5346000
5346000
5346000
5346000
1540.765
1541.448
1542.818
1544.043
1544.95
1542.648
1541.939
1542.536
1543.582
1544.946
1546.422
1547.818
1548.99
1549.858
1550.385
5346000
5346000
5346000
5346000
5346000
1541.669
1543.266
1544.769
1546.243
1547.781
1545.76
1544.571
1544.636
1545.36
1546.422
1547.591
1548.694
1549.614
1550.286
1550.677
5346000
5346000
5346000
5346000
5346000
1543.464
1545.147
1546.804
1548.613
5346000
1547.578
1546.254
1546.184
1546.736
1547.591
1548.539
1549.434
1550.179
1550.726
5346000
5346000
5346000
5346000
5346000
1545.312
1547.082
1548.911
5346000
5346000
1548.424
1547.401
1547.351
1547.818
1548.539
1549.338
1550.093
1550.728
5346000
5346000
5346000
5346000
5346000
1547.203
1549.062
5346000
5346000
5346000
1548.94
1548.234
1548.258
1548.694
1549.338
1550.046
1550.719
5346000
5346000
5346000
5346000
5346000
1549.129
5346000
5346000
5346000
5346000
1549.316
1548.877
1548.99
1549.434
1550.046
1550.712
5346000
5346000
5346000
5346000
5346000
5346000
5346000
5346000
5346000
5346000
1549.621
1549.402
1549.614
1550.093
1550.712
5346000
5346000
5346000
5346000
5346000
5346000
5346000
5346000
5346000
5346000
1549.887
1549.858
1550.179
1550.719
5346000
5346000
5346000
5346000
5346000
5346000
5346000
5346000
5346000
5346000
1550.135
1550.286
1550.728
5346000
5346000
5346000
5346000
5346000
5346000
5346000
5346000
5346000
5346000
1550.385
1550.726
5346000
5346000
5346000
5346000
5346000
5346000
5346000
5346000
5346000
5346000
1550.677
5346000
5346000
5346000
5346000
5346000
5346000
5346000
5346000
5346000
5346000
5346000
5346000
5346000
5346000
5346000
5346000
5346000
5346000
5346000
5346000
5346000
5346000
5346000
5346000
5346000
5346000
5346000
5346000
5346000
5346000
5346000
5346000
5346000
5346000
5346000
5346000
5346000
5346000
5346000
5346000
5346000
5346000
5346000
5346000
5346000
5346000
5346000
5346000
5346000
5346000
5346000
5346000
5346000
5346000
5346000
5346000
5346000
5346000
5346000
5346000
)
;
    }
    procBoundary2to3
    {
        type            processor;
        value           nonuniform List<scalar> 
1400
(
5346000
5346000
5346000
5346000
5346000
5346000
5346000
5346000
5346000
5346000
5346000
5346000
5346000
5346000
5346000
5346000
5346000
5346000
5346000
5346000
5346000
5346000
5346000
5346000
5346000
5346000
5346000
5346000
5346000
5346000
5346000
5346000
5346000
5346000
5346000
5346000
5346000
5346000
5346000
5346000
5346000
5346000
5346000
5346000
5346000
5346000
5346000
5346000
5346000
5346000
5346000
5346000
5346000
5346000
5346000
5346000
5346000
5346000
5346000
5346000
1557.296
5346000
5346000
5346000
5346000
5346000
5346000
5346000
5346000
5346000
5346000
1557.286
1557.064
5346000
5346000
5346000
5346000
5346000
5346000
5346000
5346000
5346000
5346000
1557.242
1556.872
1556.889
5346000
5346000
5346000
5346000
5346000
5346000
5346000
5346000
5346000
5346000
1557.198
1556.683
1556.479
1556.748
5346000
5346000
5346000
5346000
5346000
5346000
5346000
5346000
5346000
5346000
1557.173
1556.538
1556.115
1556.079
1556.632
5346000
5346000
5346000
5346000
5346000
5346000
5346000
5346000
5346000
5346000
1557.173
1556.459
1555.845
1555.499
1555.637
1556.529
5346000
5346000
5346000
5346000
1561.134
5346000
5346000
5346000
5346000
5346000
1557.198
1556.459
1555.702
1555.078
1554.79
1555.106
1556.408
5346000
5346000
5346000
1560.947
1559.004
5346000
5346000
5346000
5346000
5346000
1557.242
1556.538
1555.702
1554.857
1554.183
1553.923
1554.406
1556.186
5346000
5346000
1560.548
1558.76
1556.944
5346000
5346000
5346000
5346000
5346000
1557.286
1556.683
1555.845
1554.857
1553.867
1553.091
1552.805
1553.387
1555.613
5346000
1559.84
1558.221
1556.655
1554.877
5346000
5346000
5346000
5346000
5346000
1557.296
1556.872
1556.115
1555.078
1553.867
1552.664
1551.712
1551.292
1551.753
1553.804
1558.266
1557.217
1556.016
1554.56
1552.464
5346000
5346000
5346000
5346000
5346000
1557.064
1556.479
1555.499
1554.183
1552.664
1551.161
1549.925
1549.165
1548.936
1550.572
1555.135
1554.854
1553.87
1552.146
1550.799
5346000
5346000
5346000
5346000
5346000
1556.889
1556.079
1554.79
1553.091
1551.161
1549.254
1547.58
1546.143
1546.59
1549.89
1552.724
1552.66
1551.463
1550.496
1549.129
5346000
5346000
5346000
5346000
5346000
1556.748
1555.637
1553.923
1551.712
1549.254
1546.824
1544.523
1544.134
1546.313
1548.872
1550.66
1550.309
1549.851
1548.847
1544.626
5346000
5346000
5346000
5346000
5346000
1556.632
1555.106
1552.805
1549.925
1546.824
1543.764
1542.649
1543.966
1545.78
1547.671
1548.546
1548.779
1548.244
1544.375
1536.35
5346000
5346000
5346000
5346000
5346000
1556.529
1554.406
1551.292
1547.58
1543.764
1541.939
1542.517
1543.606
1545.032
1546.194
1547.192
1547.251
1543.844
1536.117
1524.644
5346000
5346000
5346000
5346000
5346000
1556.408
1553.387
1549.165
1544.523
1541.939
1541.818
1542.224
1543.06
1543.987
1545.154
1545.798
1542.995
1535.637
1524.385
1511.852
5346000
5346000
5346000
5346000
5346000
1556.186
1551.753
1546.143
1542.649
1541.82
1541.55
1541.768
1542.249
1543.196
1543.941
1541.794
1534.915
1523.878
1511.529
1501.638
5346000
5346000
5346000
5346000
5346000
1555.613
1548.936
1544.134
1542.517
1541.551
1541.129
1541.075
1541.616
1542.163
1540.293
1533.964
1523.163
1510.925
1501.258
1494.625
5346000
5346000
5346000
5346000
5346000
1553.804
1546.59
1543.965
1542.225
1541.131
1540.487
1540.533
1540.727
1538.893
1532.848
1522.283
1510.098
1500.577
1494.2
1490.282
5346000
5346000
5346000
5346000
5346000
1550.572
1546.313
1543.606
1541.769
1540.487
1539.986
1539.742
1537.78
1531.892
1521.348
1509.092
1499.654
1493.459
1489.822
1488.276
5346000
5346000
5346000
5346000
1558.266
1549.89
1545.78
1543.06
1541.076
1539.986
1539.244
1537.021
1531.176
1520.647
1508.086
1498.535
1492.457
1489.027
1487.797
1666000
5346000
5346000
5346000
1559.84
1555.135
1548.872
1545.031
1542.249
1540.533
1539.243
1536.636
1530.7
1520.175
1507.39
1497.474
1491.232
1487.943
1486.968
1666000
1666000
5346000
5346000
1560.548
1557.217
1552.724
1547.67
1543.986
1541.616
1539.742
1536.636
1530.46
1519.869
1506.948
1496.799
1490.102
1486.602
1485.829
1666000
1666000
1666000
5346000
1560.947
1558.222
1554.854
1550.66
1546.194
1543.195
1540.727
1537.02
1530.459
1519.713
1506.662
1496.415
1489.405
1485.357
1484.411
1666000
1666000
1666000
1666000
1561.134
1558.76
1556.016
1552.66
1548.546
1545.154
1542.162
1537.78
1530.699
1519.712
1506.512
1496.186
1489.03
1484.564
1483.079
1666000
1666000
1666000
1666000
1666000
1559.004
1556.655
1553.87
1550.309
1547.192
1543.941
1538.892
1531.175
1519.867
1506.511
1496.071
1488.823
1484.116
1482.201
1666000
1666000
1666000
1666000
1666000
1666000
1556.944
1554.561
1551.463
1548.779
1545.797
1540.292
1531.891
1520.172
1506.659
1496.07
1488.724
1483.862
1481.683
1666000
1666000
1666000
1666000
1666000
1666000
1666000
1554.877
1552.146
1549.851
1547.251
1541.793
1532.847
1520.645
1506.945
1496.183
1488.723
1483.742
1481.379
1666000
1666000
1666000
1666000
1666000
1666000
1666000
1666000
1552.463
1550.496
1548.244
1542.994
1533.962
1521.345
1507.387
1496.411
1488.82
1483.742
1481.234
1666000
1666000
1666000
1666000
1666000
1666000
1666000
1666000
1666000
1550.799
1548.846
1543.843
1534.914
1522.281
1508.083
1496.796
1489.027
1483.86
1481.233
1666000
1666000
1666000
1666000
1666000
1666000
1666000
1666000
1666000
1666000
1549.129
1544.374
1535.636
1523.161
1509.089
1497.471
1489.402
1484.113
1481.377
1666000
1666000
1666000
1666000
1666000
1666000
1666000
1666000
1666000
1666000
1539.853
1544.625
1536.116
1523.876
1510.096
1498.533
1490.099
1484.561
1481.68
1666000
1666000
1666000
1666000
1666000
1666000
1666000
1666000
1666000
1666000
1539.619
1539.908
1536.349
1524.383
1510.923
1499.653
1491.23
1485.354
1482.198
1666000
1666000
1666000
1666000
1666000
1666000
1666000
1666000
1666000
1666000
1539.105
1539.674
1539.972
1524.642
1511.526
1500.575
1492.456
1486.6
1483.077
1666000
1666000
1666000
1666000
1666000
1666000
1666000
1666000
1666000
1666000
1538.228
1539.161
1539.739
1540.042
1511.85
1501.254
1493.458
1487.942
1484.409
1666000
1666000
1666000
1666000
1666000
1666000
1666000
1666000
1666000
1666000
1536.907
1538.283
1539.225
1539.808
1540.116
1501.636
1494.196
1489.026
1485.829
1666000
1666000
1666000
1666000
1666000
1666000
1666000
1666000
1666000
1666000
1535.208
1536.962
1538.348
1539.295
1539.883
1540.198
1494.623
1489.817
1486.967
1666000
1666000
1666000
1666000
1666000
1666000
1666000
1666000
1666000
1666000
1533.518
1535.259
1537.025
1538.418
1539.371
1539.965
1540.285
1490.28
1487.792
1666000
1666000
1666000
1666000
1666000
1666000
1666000
1666000
1666000
1666000
1532.122
1533.567
1535.318
1537.094
1538.494
1539.453
1540.053
1540.374
1488.274
1666000
1666000
1666000
1666000
1666000
1666000
1666000
1666000
1666000
1666000
1531.152
1532.168
1533.622
1535.381
1537.168
1538.577
1539.542
1540.142
1540.462
1666000
1666000
1666000
1666000
1666000
1666000
1666000
1666000
1666000
1666000
1530.66
1531.197
1532.22
1533.679
1535.448
1537.248
1538.666
1539.632
1540.231
1540.551
1666000
1666000
1666000
1666000
1666000
1666000
1666000
1666000
1666000
1530.66
1530.704
1531.247
1532.274
1533.741
1535.521
1537.335
1538.756
1539.722
1540.321
1541.453
1666000
1666000
1666000
1666000
1666000
1666000
1666000
1666000
1531.152
1530.704
1530.753
1531.3
1532.332
1533.807
1535.599
1537.422
1538.847
1539.813
1541.229
1543.249
1666000
1666000
1666000
1666000
1666000
1666000
1666000
1532.122
1531.197
1530.753
1530.805
1531.354
1532.393
1533.877
1535.677
1537.51
1538.939
1540.734
1543.048
1545.098
1666000
1666000
1666000
1666000
1666000
1666000
1533.518
1532.168
1531.247
1530.805
1530.858
1531.413
1532.459
1533.948
1535.755
1537.599
1539.867
1542.596
1544.931
1546.991
1666000
1666000
1666000
1666000
1666000
1535.208
1533.567
1532.22
1531.3
1530.858
1530.916
1531.476
1532.524
1534.017
1535.834
1538.5
1541.772
1544.548
1546.868
1548.919
1666000
1666000
1666000
1666000
1536.907
1535.259
1533.622
1532.274
1531.354
1530.916
1530.978
1531.539
1532.589
1534.087
1536.624
1540.354
1543.814
1546.585
1548.85
5346000
1666000
1666000
1666000
1538.228
1536.962
1535.318
1533.679
1532.332
1531.413
1530.978
1531.039
1531.6
1532.653
1534.786
1538.152
1542.388
1546.016
1548.695
5346000
5346000
1666000
1666000
1539.105
1538.284
1537.025
1535.381
1533.741
1532.393
1531.476
1531.039
1531.099
1531.661
1533.297
1536.078
1539.662
1544.712
1548.389
5346000
5346000
5346000
1666000
1539.619
1539.161
1538.348
1537.094
1535.448
1533.807
1532.459
1531.539
1531.099
1531.159
1532.276
1534.459
1537.278
1541.109
1547.547
5346000
5346000
5346000
5346000
1539.853
1539.674
1539.226
1538.418
1537.168
1535.521
1533.877
1532.524
1531.6
1531.159
1531.761
1533.374
1535.511
1538.353
1542.389
5346000
5346000
5346000
5346000
5346000
1539.908
1539.739
1539.295
1538.494
1537.248
1535.599
1533.948
1532.589
1531.661
1531.761
1532.833
1534.359
1536.436
1539.256
1545.496
5346000
5346000
5346000
5346000
5346000
1539.973
1539.808
1539.371
1538.577
1537.335
1535.677
1534.017
1532.653
1532.276
1532.833
1533.792
1535.222
1537.215
1541.665
1547.309
5346000
5346000
5346000
5346000
5346000
1540.042
1539.883
1539.454
1538.666
1537.422
1535.755
1534.087
1533.297
1533.374
1533.792
1534.632
1535.954
1539.396
1544.292
1548.15
5346000
5346000
5346000
5346000
5346000
1540.116
1539.965
1539.542
1538.756
1537.51
1535.834
1534.786
1534.459
1534.359
1534.632
1535.348
1538.056
1542.249
1545.97
1548.662
5346000
5346000
5346000
5346000
5346000
1540.198
1540.053
1539.632
1538.847
1537.599
1536.624
1536.078
1535.511
1535.222
1535.348
1537.424
1540.988
1544.342
1547.112
1549.034
5346000
5346000
5346000
5346000
5346000
1540.285
1540.142
1539.722
1538.939
1538.5
1538.152
1537.278
1536.436
1535.954
1537.424
1540.384
1543.281
1545.885
1547.942
1549.335
5346000
5346000
5346000
5346000
5346000
1540.374
1540.231
1539.813
1539.867
1540.354
1539.662
1538.353
1537.215
1538.056
1540.384
1542.761
1545.053
1547.048
1548.582
1549.599
5346000
5346000
5346000
5346000
5346000
1540.462
1540.321
1540.734
1541.772
1542.388
1541.109
1539.256
1539.396
1540.988
1542.761
1544.635
1546.425
1547.953
1549.106
1549.846
5346000
5346000
5346000
5346000
5346000
1540.551
1541.229
1542.596
1543.815
1544.712
1542.389
1541.665
1542.249
1543.281
1544.635
1546.106
1547.506
1548.687
1549.564
1550.097
5346000
5346000
5346000
5346000
5346000
1541.453
1543.049
1544.548
1546.017
1547.547
1545.496
1544.292
1544.342
1545.053
1546.106
1547.275
1548.384
1549.314
1549.994
1550.39
5346000
5346000
5346000
5346000
5346000
1543.249
1544.931
1546.586
1548.389
5346000
1547.309
1545.97
1545.885
1546.425
1547.275
1548.226
1549.128
1549.884
1550.437
5346000
5346000
5346000
5346000
5346000
1545.098
1546.868
1548.695
5346000
5346000
1548.15
1547.112
1547.048
1547.506
1548.226
1549.03
1549.795
1550.438
5346000
5346000
5346000
5346000
5346000
1546.991
1548.85
5346000
5346000
5346000
1548.662
1547.942
1547.953
1548.384
1549.03
1549.746
1550.428
5346000
5346000
5346000
5346000
5346000
1548.92
5346000
5346000
5346000
5346000
1549.034
1548.582
1548.687
1549.128
1549.746
1550.421
5346000
5346000
5346000
5346000
5346000
5346000
5346000
5346000
5346000
5346000
1549.335
1549.106
1549.314
1549.795
1550.421
5346000
5346000
5346000
5346000
5346000
5346000
5346000
5346000
5346000
5346000
1549.599
1549.564
1549.884
1550.428
5346000
5346000
5346000
5346000
5346000
5346000
5346000
5346000
5346000
5346000
1549.846
1549.994
1550.438
5346000
5346000
5346000
5346000
5346000
5346000
5346000
5346000
5346000
5346000
1550.097
1550.437
5346000
5346000
5346000
5346000
5346000
5346000
5346000
5346000
5346000
5346000
1550.39
5346000
5346000
5346000
5346000
5346000
5346000
5346000
5346000
5346000
5346000
5346000
5346000
5346000
5346000
5346000
5346000
5346000
5346000
5346000
5346000
5346000
5346000
5346000
5346000
5346000
5346000
5346000
5346000
5346000
5346000
5346000
5346000
5346000
5346000
5346000
5346000
5346000
5346000
5346000
5346000
5346000
5346000
5346000
5346000
5346000
5346000
5346000
5346000
5346000
5346000
5346000
5346000
5346000
5346000
5346000
5346000
5346000
5346000
5346000
5346000
)
;
    }
}
)

// processor3

132334
(dimensions      [1 -1 -2 -1 0 0 0];

internalField   nonuniform List<scalar> 
14000
(
5346000
5346000
5346000
5346000
5346000
5346000
5346000
5346000
5346000
5346000
5346000
5346000
5346000
5346000
5346000
5346000
5346000
5346000
5346000
5346000
5346000
5346000
5346000
5346000
5346000
5346000
5346000
5346000
5346000
5346000
5346000
5346000
5346000
5346000
5346000
5346000
5346000
5346000
5346000
5346000
5346000
5346000
5346000
5346000
5346000
5346000
5346000
5346000
5346000
5346000
5346000
5346000
5346000
5346000
5346000
5346000
5346000
5346000
5346000
5346000
5346000
5346000
5346000
5346000
5346000
5346000
5346000
5346000
5346000
5346000
5346000
5346000
5346000
5346000
5346000
5346000
5346000
5346000
5346000
5346000
5346000
5346000
5346000
5346000
5346000
5346000
5346000
5346000
5346000
5346000
5346000
5346000
5346000
5346000
5346000
5346000
5346000
5346000
5346000
5346000
5346000
5346000
5346000
5346000
5346000
5346000
5346000
5346000
5346000
5346000
5346000
5346000
5346000
5346000
5346000
5346000
5346000
5346000
5346000
5346000
5346000
5346000
5346000
5346000
5346000
5346000
5346000
5346000
5346000
5346000
5346000
5346000
5346000
5346000
5346000
5346000
5346000
5346000
5346000
5346000
5346000
5346000
5346000
5346000
5346000
5346000
5346000
5346000
5346000
5346000
5346000
5346000
5346000
5346000
5346000
5346000
5346000
5346000
5346000
5346000
5346000
5346000
5346000
5346000
5346000
5346000
5346000
5346000
5346000
5346000
5346000
5346000
5346000
5346000
5346000
5346000
5346000
5346000
5346000
5346000
5346000
5346000
5346000
5346000
5346000
5346000
5346000
5346000
5346000
5346000
5346000
5346000
5346000
5346000
5346000
5346000
5346000
5346000
5346000
5346000
5346000
5346000
5346000
5346000
5346000
5346000
5346000
5346000
5346000
5346000
5346000
5346000
5346000
5346000
5346000
5346000
5346000
5346000
5346000
5346000
5346000
5346000
5346000
5346000
5346000
5346000
5346000
5346000
5346000
5346000
5346000
5346000
5346000
5346000
5346000
5346000
5346000
5346000
5346000
5346000
1557.296
5346000
5346000
5346000
5346000
5346000
5346000
5346000
5346000
5346000
5346000
5346000
5346000
5346000
5346000
5346000
5346000
5346000
5346000
5346000
5346000
5346000
5346000
5346000
5346000
5346000
5346000
5346000
5346000
5346000
5346000
5346000
5346000
5346000
5346000
5346000
5346000
5346000
5346000
5346000
5346000
5346000
5346000
5346000
5346000
5346000
5346000
5346000
5346000
5346000
5346000
5346000
5346000
5346000
5346000
5346000
5346000
5346000
5346000
5346000
5346000
5346000
5346000
5346000
5346000
1557.286
5346000
5346000
5346000
5346000
5346000
1557.282
1557.064
5346000
5346000
5346000
5346000
5346000
5346000
5346000
5346000
5346000
5346000
5346000
5346000
5346000
5346000
5346000
5346000
5346000
5346000
5346000
5346000
5346000
5346000
5346000
5346000
5346000
5346000
5346000
5346000
5346000
5346000
5346000
5346000
5346000
5346000
5346000
5346000
5346000
5346000
5346000
5346000
5346000
5346000
5346000
5346000
5346000
5346000
5346000
5346000
5346000
5346000
5346000
5346000
5346000
5346000
5346000
5346000
5346000
5346000
5346000
5346000
5346000
5346000
5346000
5346000
5346000
5346000
5346000
1557.242
5346000
5346000
5346000
5346000
5346000
1557.272
1556.872
5346000
5346000
5346000
5346000
5346000
1557.259
1557.051
1556.889
5346000
5346000
5346000
5346000
5346000
5346000
5346000
5346000
5346000
5346000
5346000
5346000
5346000
5346000
5346000
5346000
5346000
5346000
5346000
5346000
5346000
5346000
5346000
5346000
5346000
5346000
5346000
5346000
5346000
5346000
5346000
5346000
5346000
5346000
5346000
5346000
5346000
5346000
5346000
5346000
5346000
5346000
5346000
5346000
5346000
5346000
5346000
5346000
5346000
5346000
5346000
5346000
5346000
5346000
5346000
5346000
5346000
5346000
5346000
5346000
5346000
5346000
5346000
5346000
5346000
5346000
5346000
5346000
5346000
1557.198
5346000
5346000
5346000
5346000
5346000
1557.226
1556.683
5346000
5346000
5346000
5346000
5346000
1557.249
1556.858
1556.479
5346000
5346000
5346000
5346000
5346000
1557.246
1557.029
1556.877
1556.748
5346000
5346000
5346000
5346000
5346000
5346000
5346000
5346000
5346000
5346000
5346000
5346000
5346000
5346000
5346000
5346000
5346000
5346000
5346000
5346000
5346000
5346000
5346000
5346000
5346000
5346000
5346000
5346000
5346000
5346000
5346000
5346000
5346000
5346000
5346000
5346000
5346000
5346000
5346000
5346000
5346000
5346000
5346000
5346000
5346000
5346000
5346000
5346000
5346000
5346000
5346000
5346000
5346000
5346000
5346000
5346000
5346000
5346000
5346000
5346000
5346000
5346000
5346000
5346000
5346000
5346000
5346000
5346000
5346000
5346000
1557.173
5346000
5346000
5346000
5346000
5346000
1557.182
1556.538
5346000
5346000
5346000
5346000
5346000
1557.203
1556.669
1556.115
5346000
5346000
5346000
5346000
5346000
1557.236
1556.836
1556.467
1556.079
5346000
5346000
5346000
5346000
5346000
1557.225
1557.016
1556.856
1556.738
1556.632
5346000
5346000
5346000
5346000
5346000
5346000
5346000
5346000
5346000
5346000
5346000
5346000
5346000
5346000
5346000
5346000
5346000
5346000
5346000
5346000
5346000
5346000
5346000
5346000
5346000
5346000
5346000
5346000
5346000
5346000
5346000
5346000
5346000
5346000
5346000
5346000
5346000
5346000
5346000
5346000
5346000
5346000
5346000
5346000
5346000
5346000
5346000
5346000
5346000
5346000
5346000
5346000
5346000
5346000
5346000
5346000
5346000
5346000
5346000
5346000
5346000
5346000
5346000
5346000
5346000
5346000
5346000
5346000
5346000
5346000
1557.173
5346000
5346000
5346000
5346000
5346000
1557.157
1556.459
5346000
5346000
5346000
5346000
5346000
1557.159
1556.522
1555.845
5346000
5346000
5346000
5346000
5346000
1557.189
1556.646
1556.101
1555.499
5346000
5346000
5346000
5346000
5346000
1557.214
1556.823
1556.446
1556.069
1555.637
5346000
5346000
5346000
5346000
1557.212
1556.995
1556.845
1556.719
1556.625
1556.529
5346000
5346000
5346000
5346000
5346000
5346000
5346000
5346000
5346000
5346000
5346000
5346000
5346000
5346000
5346000
5346000
5346000
5346000
5346000
5346000
5346000
5346000
5346000
5346000
5346000
5346000
5346000
5346000
5346000
5346000
5346000
5346000
5346000
5346000
5346000
5346000
5346000
5346000
5346000
5346000
5346000
5346000
5346000
5346000
5346000
5346000
5346000
5346000
5346000
1561.134
5346000
5346000
5346000
5346000
5346000
5346000
5346000
5346000
5346000
5346000
5346000
5346000
5346000
5346000
5346000
5346000
5346000
5346000
5346000
5346000
1557.198
5346000
5346000
5346000
5346000
5346000
1557.157
1556.459
5346000
5346000
5346000
5346000
5346000
1557.133
1556.443
1555.702
5346000
5346000
5346000
5346000
5346000
1557.144
1556.498
1555.831
1555.078
5346000
5346000
5346000
5346000
5346000
1557.167
1556.632
1556.079
1555.489
1554.79
5346000
5346000
5346000
5346000
1557.201
1556.801
1556.434
1556.049
1555.63
1555.106
5346000
5346000
5346000
1557.192
1556.983
1556.825
1556.71
1556.608
1556.526
1556.408
5346000
5346000
5346000
5346000
5346000
5346000
5346000
5346000
5346000
5346000
5346000
5346000
5346000
5346000
5346000
5346000
5346000
5346000
5346000
5346000
5346000
5346000
5346000
5346000
5346000
5346000
5346000
5346000
5346000
5346000
5346000
5346000
5346000
5346000
5346000
5346000
5346000
5346000
5346000
1560.947
5346000
5346000
5346000
5346000
5346000
5346000
5346000
5346000
1561.13
1559.004
5346000
5346000
5346000
5346000
5346000
5346000
5346000
5346000
5346000
5346000
5346000
5346000
5346000
5346000
5346000
5346000
5346000
5346000
5346000
5346000
1557.242
5346000
5346000
5346000
5346000
5346000
1557.182
1556.538
5346000
5346000
5346000
5346000
5346000
1557.133
1556.443
1555.702
5346000
5346000
5346000
5346000
5346000
1557.118
1556.419
1555.687
1554.857
5346000
5346000
5346000
5346000
5346000
1557.121
1556.484
1555.808
1555.067
1554.183
5346000
5346000
5346000
5346000
1557.153
1556.61
1556.067
1555.468
1554.783
1553.923
5346000
5346000
5346000
1557.181
1556.789
1556.413
1556.04
1555.613
1555.103
1554.406
5346000
5346000
1557.178
1556.963
1556.814
1556.691
1556.602
1556.511
1556.408
1556.186
5346000
5346000
5346000
5346000
5346000
5346000
5346000
5346000
5346000
5346000
5346000
5346000
5346000
5346000
5346000
5346000
5346000
5346000
5346000
5346000
5346000
5346000
5346000
5346000
5346000
5346000
5346000
5346000
5346000
1560.548
5346000
5346000
5346000
5346000
5346000
5346000
5346000
5346000
1560.943
1558.76
5346000
5346000
5346000
5346000
5346000
5346000
5346000
1561.123
1559.001
1556.944
5346000
5346000
5346000
5346000
5346000
5346000
5346000
5346000
5346000
5346000
5346000
5346000
5346000
5346000
5346000
5346000
5346000
5346000
5346000
5346000
1557.286
5346000
5346000
5346000
5346000
5346000
1557.226
1556.683
5346000
5346000
5346000
5346000
5346000
1557.159
1556.522
1555.845
5346000
5346000
5346000
5346000
5346000
1557.118
1556.419
1555.687
1554.857
5346000
5346000
5346000
5346000
5346000
1557.095
1556.404
1555.664
1554.845
1553.867
5346000
5346000
5346000
5346000
1557.108
1556.461
1555.795
1555.046
1554.176
1553.091
5346000
5346000
5346000
1557.132
1556.597
1556.045
1555.458
1554.765
1553.921
1552.805
5346000
5346000
1557.166
1556.768
1556.402
1556.02
1555.607
1555.088
1554.407
1553.387
5346000
1557.168
1556.95
1556.795
1556.683
1556.585
1556.508
1556.396
1556.188
1555.613
5346000
5346000
5346000
5346000
5346000
5346000
5346000
5346000
5346000
5346000
5346000
5346000
5346000
5346000
5346000
5346000
5346000
5346000
5346000
1559.84
5346000
5346000
5346000
5346000
5346000
5346000
5346000
5346000
1560.545
1558.221
5346000
5346000
5346000
5346000
5346000
5346000
5346000
1560.936
1558.757
1556.655
5346000
5346000
5346000
5346000
5346000
5346000
1561.119
1558.993
1556.94
1554.877
5346000
5346000
5346000
5346000
5346000
5346000
5346000
5346000
5346000
5346000
5346000
5346000
5346000
5346000
5346000
5346000
5346000
5346000
5346000
5346000
1557.296
5346000
5346000
5346000
5346000
5346000
1557.272
1556.872
5346000
5346000
5346000
5346000
5346000
1557.203
1556.669
1556.115
5346000
5346000
5346000
5346000
5346000
1557.144
1556.498
1555.831
1555.078
5346000
5346000
5346000
5346000
5346000
1557.095
1556.404
1555.664
1554.845
1553.867
5346000
5346000
5346000
5346000
1557.081
1556.381
1555.65
1554.824
1553.86
1552.664
5346000
5346000
5346000
1557.086
1556.447
1555.773
1555.035
1554.157
1553.088
1551.712
5346000
5346000
1557.117
1556.576
1556.033
1555.438
1554.759
1553.906
1552.806
1551.292
5346000
1557.155
1556.754
1556.382
1556.011
1555.589
1555.086
1554.395
1553.39
1551.753
1557.15
1556.939
1556.782
1556.665
1556.579
1556.493
1556.395
1556.178
1555.615
1553.804
5346000
5346000
5346000
5346000
5346000
5346000
5346000
5346000
5346000
1558.266
5346000
5346000
5346000
5346000
5346000
5346000
5346000
5346000
1559.838
1557.217
5346000
5346000
5346000
5346000
5346000
5346000
5346000
1560.538
1558.218
1556.016
5346000
5346000
5346000
5346000
5346000
5346000
1560.932
1558.749
1556.651
1554.56
5346000
5346000
5346000
5346000
5346000
1561.11
1558.988
1556.931
1554.871
1552.464
5346000
5346000
5346000
5346000
5346000
5346000
5346000
5346000
5346000
5346000
5346000
5346000
5346000
5346000
5346000
5346000
5346000
5346000
5346000
5346000
5346000
5346000
5346000
5346000
5346000
1557.282
1557.064
5346000
5346000
5346000
5346000
5346000
1557.249
1556.858
1556.479
5346000
5346000
5346000
5346000
5346000
1557.189
1556.646
1556.101
1555.499
5346000
5346000
5346000
5346000
5346000
1557.121
1556.484
1555.808
1555.067
1554.183
5346000
5346000
5346000
5346000
1557.081
1556.381
1555.65
1554.824
1553.86
1552.664
5346000
5346000
5346000
1557.059
1556.367
1555.628
1554.813
1553.841
1552.661
1551.161
5346000
5346000
1557.071
1556.426
1555.76
1555.015
1554.151
1553.074
1551.714
1549.925
5346000
1557.106
1556.561
1556.013
1555.429
1554.741
1553.903
1552.795
1551.296
1549.165
1557.137
1556.744
1556.369
1555.993
1555.583
1555.071
1554.395
1553.38
1551.756
1548.936
1556.922
1556.773
1556.654
1556.563
1556.49
1556.382
1556.179
1555.607
1553.806
1550.572
5346000
5346000
5346000
5346000
5346000
5346000
5346000
5346000
1558.265
1555.135
5346000
5346000
5346000
5346000
5346000
5346000
5346000
1559.831
1557.215
1554.854
5346000
5346000
5346000
5346000
5346000
5346000
1560.535
1558.21
1556.013
1553.87
5346000
5346000
5346000
5346000
5346000
1560.924
1558.745
1556.642
1554.555
1552.146
5346000
5346000
5346000
5346000
1561.106
1558.98
1556.926
1554.862
1552.455
1550.799
5346000
5346000
5346000
5346000
5346000
5346000
5346000
5346000
5346000
5346000
5346000
5346000
5346000
5346000
5346000
5346000
5346000
5346000
5346000
5346000
5346000
5346000
5346000
5346000
5346000
5346000
5346000
5346000
5346000
5346000
1557.259
1557.051
1556.889
5346000
5346000
5346000
5346000
5346000
1557.236
1556.836
1556.467
1556.079
5346000
5346000
5346000
5346000
5346000
1557.167
1556.632
1556.079
1555.489
1554.79
5346000
5346000
5346000
5346000
1557.108
1556.461
1555.795
1555.046
1554.176
1553.091
5346000
5346000
5346000
1557.059
1556.367
1555.628
1554.813
1553.841
1552.661
1551.161
5346000
5346000
1557.043
1556.345
1555.615
1554.792
1553.835
1552.646
1551.163
1549.254
5346000
1557.059
1556.411
1555.739
1555.004
1554.132
1553.071
1551.702
1549.93
1547.58
1557.087
1556.55
1555.999
1555.41
1554.735
1553.888
1552.796
1551.286
1549.17
1546.143
1556.725
1556.359
1555.982
1555.566
1555.068
1554.382
1553.383
1551.748
1548.938
1546.59
1556.756
1556.646
1556.555
1556.475
1556.382
1556.168
1555.609
1553.798
1550.573
1549.89
5346000
5346000
5346000
5346000
5346000
5346000
5346000
1558.258
1555.133
1552.724
5346000
5346000
5346000
5346000
5346000
5346000
1559.828
1557.207
1554.851
1552.66
5346000
5346000
5346000
5346000
5346000
1560.526
1558.207
1556.004
1553.865
1551.463
5346000
5346000
5346000
5346000
1560.92
1558.736
1556.638
1554.546
1552.137
1550.496
5346000
5346000
5346000
1561.097
1558.975
1556.917
1554.856
1552.442
1550.786
1549.129
5346000
5346000
5346000
5346000
5346000
5346000
5346000
5346000
5346000
5346000
5346000
5346000
5346000
5346000
5346000
5346000
5346000
5346000
5346000
5346000
5346000
5346000
5346000
5346000
5346000
5346000
5346000
5346000
5346000
5346000
5346000
5346000
5346000
5346000
5346000
1557.246
1557.029
1556.877
1556.748
5346000
5346000
5346000
5346000
5346000
1557.214
1556.823
1556.446
1556.069
1555.637
5346000
5346000
5346000
5346000
1557.153
1556.61
1556.067
1555.468
1554.783
1553.923
5346000
5346000
5346000
1557.086
1556.447
1555.773
1555.035
1554.157
1553.088
1551.712
5346000
5346000
1557.043
1556.345
1555.615
1554.792
1553.835
1552.646
1551.163
1549.254
5346000
1557.032
1556.329
1555.594
1554.782
1553.816
1552.644
1551.152
1549.259
1546.824
1557.04
1556.4
1555.724
1554.986
1554.126
1553.056
1551.704
1549.921
1547.585
1544.523
1556.531
1555.99
1555.397
1554.718
1553.885
1552.783
1551.29
1549.162
1546.147
1544.134
1556.342
1555.974
1555.558
1555.053
1554.382
1553.372
1551.75
1548.93
1546.591
1546.313
1556.631
1556.548
1556.47
1556.369
1556.169
1555.599
1553.8
1550.565
1549.89
1548.872
5346000
5346000
5346000
5346000
5346000
5346000
1558.256
1555.125
1552.722
1550.66
5346000
5346000
5346000
5346000
5346000
1559.82
1557.204
1554.843
1552.656
1550.309
5346000
5346000
5346000
5346000
1560.523
1558.198
1556.001
1553.856
1551.455
1549.851
5346000
5346000
5346000
1560.911
1558.732
1556.629
1554.54
1552.124
1550.484
1548.847
5346000
5346000
1561.093
1558.966
1556.912
1554.846
1552.432
1550.769
1549.112
1544.626
5346000
5346000
5346000
5346000
5346000
5346000
5346000
5346000
5346000
5346000
5346000
5346000
5346000
5346000
5346000
5346000
5346000
5346000
5346000
5346000
5346000
5346000
5346000
5346000
5346000
5346000
5346000
5346000
5346000
5346000
5346000
5346000
5346000
5346000
5346000
5346000
5346000
5346000
5346000
5346000
1557.225
1557.016
1556.856
1556.738
1556.632
5346000
5346000
5346000
5346000
1557.201
1556.801
1556.434
1556.049
1555.63
1555.106
5346000
5346000
5346000
1557.132
1556.597
1556.045
1555.458
1554.765
1553.921
1552.805
5346000
5346000
1557.071
1556.426
1555.76
1555.015
1554.151
1553.073
1551.714
1549.925
5346000
1557.032
1556.329
1555.594
1554.782
1553.816
1552.644
1551.152
1549.259
1546.824
1557.012
1556.318
1555.579
1554.763
1553.809
1552.629
1551.153
1549.25
1546.83
1543.764
1556.379
1555.716
1554.97
1554.109
1553.053
1551.691
1549.925
1547.578
1544.527
1542.649
1555.97
1555.391
1554.708
1553.871
1552.784
1551.279
1549.166
1546.139
1544.136
1543.966
1555.958
1555.551
1555.047
1554.369
1553.374
1551.741
1548.932
1546.583
1546.314
1545.78
1556.536
1556.465
1556.365
1556.158
1555.601
1553.79
1550.565
1549.881
1548.871
1547.671
5346000
5346000
5346000
5346000
5346000
1558.248
1555.124
1552.714
1550.658
1548.546
5346000
5346000
5346000
5346000
1559.817
1557.196
1554.84
1552.647
1550.302
1548.779
5346000
5346000
5346000
1560.514
1558.194
1555.991
1553.851
1551.442
1549.84
1548.244
5346000
5346000
1560.907
1558.722
1556.624
1554.53
1552.115
1550.468
1548.83
1544.375
5346000
1561.089
1558.962
1556.903
1554.84
1552.419
1550.756
1549.091
1544.599
1536.35
5346000
5346000
5346000
5346000
5346000
5346000
5346000
5346000
5346000
5346000
5346000
5346000
5346000
5346000
5346000
5346000
5346000
5346000
5346000
5346000
5346000
5346000
5346000
5346000
5346000
5346000
5346000
5346000
5346000
5346000
5346000
5346000
5346000
5346000
5346000
5346000
5346000
5346000
5346000
5346000
5346000
5346000
5346000
5346000
1557.212
1556.995
1556.845
1556.719
1556.625
1556.529
5346000
5346000
5346000
1557.181
1556.789
1556.413
1556.04
1555.613
1555.103
1554.406
5346000
5346000
1557.117
1556.576
1556.033
1555.438
1554.759
1553.906
1552.806
1551.292
5346000
1557.059
1556.411
1555.739
1555.004
1554.132
1553.071
1551.702
1549.93
1547.58
1557.012
1556.318
1555.579
1554.763
1553.809
1552.628
1551.153
1549.25
1546.83
1543.764
1556.297
1555.571
1554.746
1553.793
1552.626
1551.141
1549.255
1546.823
1543.769
1541.939
1555.693
1554.976
1554.096
1553.04
1551.692
1549.915
1547.582
1544.52
1542.65
1542.517
1555.371
1554.704
1553.864
1552.771
1551.282
1549.156
1546.141
1544.127
1543.966
1543.606
1555.538
1555.042
1554.366
1553.362
1551.743
1548.923
1546.584
1546.305
1545.78
1545.032
1556.455
1556.362
1556.156
1555.59
1553.791
1550.555
1549.881
1548.863
1547.669
1546.194
5346000
5346000
5346000
5346000
1558.246
1555.115
1552.711
1550.649
1548.541
1547.192
5346000
5346000
5346000
1559.808
1557.192
1554.831
1552.643
1550.29
1548.769
1547.251
5346000
5346000
1560.51
1558.185
1555.987
1553.841
1551.434
1549.824
1548.227
1543.844
5346000
1560.903
1558.718
1556.614
1554.524
1552.102
1550.455
1548.81
1544.35
1536.117
1561.086
1558.957
1556.898
1554.829
1552.409
1550.739
1549.074
1544.57
1536.315
1524.644
5346000
5346000
5346000
5346000
5346000
5346000
5346000
5346000
5346000
5346000
5346000
5346000
5346000
5346000
5346000
5346000
5346000
5346000
5346000
5346000
5346000
5346000
5346000
5346000
5346000
5346000
5346000
5346000
5346000
5346000
5346000
5346000
5346000
5346000
5346000
5346000
5346000
5346000
5346000
5346000
5346000
5346000
5346000
5346000
5346000
5346000
5346000
1557.192
1556.983
1556.825
1556.71
1556.608
1556.526
1556.408
5346000
5346000
1557.166
1556.768
1556.402
1556.02
1555.607
1555.088
1554.407
1553.387
5346000
1557.106
1556.561
1556.013
1555.429
1554.741
1553.903
1552.795
1551.296
1549.165
1557.04
1556.4
1555.724
1554.986
1554.126
1553.056
1551.704
1549.921
1547.585
1544.523
1556.297
1555.571
1554.746
1553.793
1552.626
1551.141
1549.255
1546.823
1543.769
1541.939
1555.547
1554.754
1553.779
1552.613
1551.143
1549.245
1546.828
1543.762
1541.94
1541.818
1554.933
1554.108
1553.03
1551.681
1549.919
1547.573
1544.523
1542.64
1542.516
1542.224
1554.686
1553.862
1552.768
1551.271
1549.16
1546.132
1544.128
1543.957
1543.605
1543.06
1555.032
1554.363
1553.361
1551.732
1548.924
1546.574
1546.305
1545.771
1545.03
1543.987
1556.356
1556.154
1555.589
1553.781
1550.555
1549.871
1548.861
1547.66
1546.19
1545.154
5346000
5346000
5346000
1558.237
1555.112
1552.702
1550.646
1548.53
1547.183
1545.798
5346000
5346000
1559.805
1557.183
1554.827
1552.633
1550.283
1548.753
1547.236
1542.995
5346000
1560.506
1558.181
1555.977
1553.835
1551.421
1549.811
1548.207
1543.818
1535.637
1560.9
1558.713
1556.61
1554.514
1552.093
1550.439
1548.793
1544.323
1536.083
1524.385
1558.954
1556.892
1554.823
1552.395
1550.726
1549.053
1544.545
1536.276
1524.607
1511.852
5346000
5346000
5346000
5346000
5346000
5346000
5346000
5346000
5346000
5346000
5346000
5346000
5346000
5346000
5346000
5346000
5346000
5346000
5346000
5346000
5346000
5346000
5346000
5346000
5346000
5346000
5346000
5346000
5346000
5346000
5346000
5346000
5346000
5346000
5346000
5346000
5346000
5346000
5346000
5346000
5346000
5346000
5346000
5346000
5346000
5346000
5346000
5346000
5346000
1557.178
1556.963
1556.814
1556.691
1556.602
1556.511
1556.408
1556.186
5346000
1557.155
1556.754
1556.382
1556.011
1555.589
1555.086
1554.395
1553.39
1551.753
1557.087
1556.55
1555.999
1555.41
1554.735
1553.888
1552.796
1551.286
1549.17
1546.143
1556.379
1555.716
1554.97
1554.11
1553.053
1551.691
1549.925
1547.578
1544.527
1542.649
1555.547
1554.755
1553.779
1552.613
1551.143
1549.245
1546.828
1543.762
1541.94
1541.82
1554.708
1553.793
1552.602
1551.132
1549.249
1546.819
1543.766
1541.929
1541.816
1541.55
1554.062
1553.045
1551.677
1549.908
1547.578
1544.514
1542.64
1542.504
1542.221
1541.768
1553.848
1552.766
1551.27
1549.149
1546.134
1544.118
1543.956
1543.595
1543.058
1542.249
1554.356
1553.358
1551.732
1548.914
1546.574
1546.295
1545.77
1545.02
1543.983
1543.196
1556.15
1555.587
1553.78
1550.545
1549.87
1548.852
1547.658
1546.179
1545.147
1543.941
5346000
5346000
1558.235
1555.103
1552.699
1550.636
1548.524
1547.169
1545.784
1541.794
5346000
1559.801
1557.18
1554.817
1552.628
1550.27
1548.742
1547.215
1542.97
1534.915
1560.504
1558.177
1555.973
1553.825
1551.412
1549.795
1548.19
1543.787
1535.601
1523.878
1558.711
1556.605
1554.508
1552.079
1550.426
1548.772
1544.297
1536.047
1524.348
1511.529
1556.889
1554.817
1552.386
1550.709
1549.036
1544.517
1536.243
1524.564
1511.822
1501.638
5346000
5346000
5346000
5346000
5346000
5346000
5346000
5346000
5346000
5346000
5346000
5346000
5346000
5346000
5346000
5346000
5346000
5346000
5346000
5346000
5346000
5346000
5346000
5346000
5346000
5346000
5346000
5346000
5346000
5346000
5346000
5346000
5346000
5346000
5346000
5346000
5346000
5346000
5346000
5346000
5346000
5346000
5346000
5346000
5346000
5346000
5346000
5346000
5346000
5346000
1557.168
1556.949
1556.795
1556.683
1556.585
1556.508
1556.396
1556.188
1555.613
1557.137
1556.744
1556.369
1555.993
1555.583
1555.071
1554.395
1553.38
1551.756
1548.936
1556.531
1555.99
1555.397
1554.718
1553.885
1552.783
1551.29
1549.162
1546.147
1544.134
1555.693
1554.977
1554.095
1553.04
1551.692
1549.915
1547.582
1544.52
1542.65
1542.517
1554.708
1553.794
1552.602
1551.132
1549.249
1546.819
1543.766
1541.929
1541.817
1541.551
1553.743
1552.622
1551.125
1549.24
1546.824
1543.757
1541.926
1541.801
1541.546
1541.129
1553.001
1551.68
1549.908
1547.568
1544.517
1542.627
1542.498
1542.207
1541.765
1541.075
1552.758
1551.269
1549.149
1546.124
1544.117
1543.944
1543.592
1543.047
1542.246
1541.616
1553.354
1551.729
1548.913
1546.564
1546.294
1545.76
1545.018
1543.973
1543.19
1542.163
1555.585
1553.777
1550.543
1549.86
1548.85
1547.647
1546.174
1545.134
1543.93
1540.293
5346000
1558.232
1555.1
1552.689
1550.632
1548.511
1547.159
1545.765
1541.771
1533.964
1559.8
1557.176
1554.814
1552.618
1550.263
1548.726
1547.199
1542.939
1534.879
1523.163
1558.175
1555.968
1553.82
1551.399
1549.783
1548.168
1543.761
1535.56
1523.839
1510.925
1556.602
1554.502
1552.071
1550.409
1548.756
1544.267
1536.012
1524.305
1511.496
1501.258
1554.813
1552.378
1550.697
1549.016
1544.493
1536.207
1524.529
1511.784
1501.619
1494.625
5346000
5346000
5346000
5346000
5346000
5346000
5346000
5346000
5346000
5346000
5346000
5346000
5346000
5346000
5346000
5346000
5346000
5346000
5346000
5346000
5346000
5346000
5346000
5346000
5346000
5346000
5346000
5346000
5346000
5346000
5346000
5346000
5346000
5346000
5346000
5346000
5346000
5346000
5346000
5346000
5346000
5346000
5346000
5346000
5346000
5346000
5346000
5346000
5346000
5346000
1557.15
1556.939
1556.782
1556.665
1556.579
1556.493
1556.395
1556.178
1555.615
1553.804
1556.725
1556.36
1555.982
1555.566
1555.067
1554.382
1553.383
1551.748
1548.938
1546.59
1555.97
1555.392
1554.708
1553.871
1552.784
1551.279
1549.166
1546.139
1544.136
1543.965
1554.933
1554.11
1553.028
1551.681
1549.919
1547.573
1544.523
1542.64
1542.516
1542.225
1553.742
1552.624
1551.125
1549.24
1546.824
1543.757
1541.927
1541.802
1541.547
1541.131
1552.57
1551.146
1549.239
1546.815
1543.76
1541.91
1541.792
1541.528
1541.125
1540.487
1551.665
1549.908
1547.569
1544.507
1542.623
1542.48
1542.199
1541.751
1541.073
1540.533
1551.264
1549.147
1546.124
1544.105
1543.94
1543.578
1543.042
1542.235
1541.612
1540.727
1551.726
1548.909
1546.562
1546.283
1545.757
1545.006
1543.969
1543.178
1542.153
1538.893
1553.777
1550.54
1549.858
1548.839
1547.644
1546.162
1545.126
1543.912
1540.272
1532.848
1558.232
1555.097
1552.686
1550.621
1548.505
1547.144
1545.751
1541.741
1533.93
1522.283
1557.175
1554.809
1552.613
1550.249
1548.715
1547.178
1542.913
1534.838
1523.124
1510.098
1555.966
1553.814
1551.391
1549.766
1548.152
1543.73
1535.524
1523.794
1510.895
1500.577
1554.499
1552.062
1550.397
1548.734
1544.242
1535.971
1524.267
1511.453
1501.233
1494.2
1552.372
1550.686
1549.001
1544.467
1536.177
1524.487
1511.754
1501.59
1494.617
1490.282
5346000
5346000
5346000
5346000
5346000
5346000
5346000
5346000
5346000
5346000
5346000
5346000
5346000
5346000
5346000
5346000
5346000
5346000
5346000
5346000
5346000
5346000
5346000
5346000
5346000
5346000
5346000
5346000
5346000
5346000
5346000
5346000
5346000
5346000
5346000
5346000
5346000
5346000
5346000
5346000
5346000
5346000
5346000
5346000
5346000
5346000
5346000
5346000
5346000
5346000
1556.922
1556.773
1556.654
1556.563
1556.49
1556.382
1556.179
1555.607
1553.806
1550.572
1556.342
1555.974
1555.557
1555.053
1554.382
1553.372
1551.75
1548.93
1546.591
1546.313
1555.371
1554.705
1553.864
1552.771
1551.282
1549.156
1546.142
1544.127
1543.966
1543.606
1554.06
1553.049
1551.659
1549.908
1547.578
1544.514
1542.639
1542.503
1542.221
1541.769
1552.569
1551.146
1549.239
1546.815
1543.76
1541.911
1541.793
1541.53
1541.126
1540.487
1551.101
1549.242
1546.816
1543.75
1541.901
1541.767
1541.515
1541.109
1540.485
1539.986
1549.903
1547.568
1544.507
1542.6
1542.469
1542.177
1541.742
1541.062
1540.53
1539.742
1549.144
1546.119
1544.097
1543.924
1543.572
1543.028
1542.231
1541.6
1540.72
1537.78
1548.908
1546.557
1546.279
1545.745
1545.003
1543.956
1543.172
1542.137
1538.874
1531.892
1550.539
1549.854
1548.836
1547.632
1546.157
1545.112
1543.9
1540.244
1532.817
1521.348
1555.096
1552.683
1550.618
1548.492
1547.134
1545.73
1541.717
1533.889
1522.245
1509.092
1554.808
1552.609
1550.242
1548.698
1547.163
1542.882
1534.802
1523.079
1510.068
1499.654
1553.812
1551.383
1549.754
1548.13
1543.705
1535.481
1523.755
1510.855
1500.559
1493.459
1552.057
1550.387
1548.718
1544.212
1535.938
1524.22
1511.42
1501.192
1494.184
1489.822
1550.678
1548.988
1544.445
1536.142
1524.455
1511.712
1501.569
1494.598
1490.283
1488.276
5346000
5346000
5346000
5346000
5346000
5346000
5346000
5346000
5346000
5346000
5346000
5346000
5346000
5346000
5346000
5346000
5346000
5346000
5346000
5346000
5346000
5346000
5346000
5346000
5346000
5346000
5346000
5346000
5346000
5346000
5346000
5346000
5346000
5346000
5346000
5346000
5346000
5346000
5346000
5346000
5346000
5346000
5346000
5346000
5346000
5346000
5346000
5346000
5346000
1558.266
1556.756
1556.646
1556.554
1556.475
1556.382
1556.168
1555.609
1553.798
1550.573
1549.89
1555.958
1555.552
1555.047
1554.369
1553.374
1551.741
1548.932
1546.583
1546.313
1545.78
1554.685
1553.864
1552.768
1551.271
1549.16
1546.132
1544.127
1543.956
1543.605
1543.06
1552.992
1551.683
1549.908
1547.568
1544.517
1542.626
1542.497
1542.206
1541.765
1541.076
1551.101
1549.243
1546.816
1543.75
1541.902
1541.769
1541.517
1541.109
1540.485
1539.986
1549.233
1546.816
1543.751
1541.865
1541.747
1541.486
1541.096
1540.473
1539.985
1539.244
1547.565
1544.505
1542.572
1542.44
1542.163
1541.721
1541.057
1540.52
1539.736
1537.021
1546.119
1544.083
1543.911
1543.553
1543.021
1542.217
1541.595
1540.705
1537.763
1531.176
1546.554
1546.273
1545.739
1544.989
1543.951
1543.158
1542.126
1538.849
1531.863
1520.647
1549.853
1548.833
1547.628
1546.143
1545.103
1543.881
1540.221
1532.777
1521.313
1508.086
1552.682
1550.614
1548.485
1547.118
1545.716
1541.686
1533.853
1522.199
1509.062
1498.535
1552.607
1550.234
1548.687
1547.142
1542.858
1534.76
1523.04
1510.029
1499.638
1492.457
1551.378
1549.744
1548.113
1543.674
1535.448
1523.707
1510.824
1500.531
1493.454
1489.027
1550.38
1548.706
1544.186
1535.897
1524.184
1511.375
1501.169
1494.147
1489.813
1487.797
1548.978
1544.43
1536.114
1524.415
1511.684
1501.529
1494.585
1490.271
1488.282
1666000
5346000
5346000
5346000
5346000
5346000
5346000
5346000
5346000
5346000
5346000
5346000
5346000
5346000
5346000
5346000
5346000
5346000
5346000
5346000
5346000
5346000
5346000
5346000
5346000
5346000
5346000
5346000
5346000
5346000
5346000
5346000
5346000
5346000
5346000
5346000
5346000
5346000
5346000
5346000
1559.84
5346000
5346000
5346000
5346000
5346000
5346000
5346000
5346000
1558.265
1555.135
1556.631
1556.549
1556.469
1556.369
1556.169
1555.599
1553.8
1550.565
1549.89
1548.872
1555.538
1555.043
1554.366
1553.362
1551.743
1548.923
1546.584
1546.305
1545.78
1545.031
1553.846
1552.768
1551.27
1549.149
1546.134
1544.117
1543.954
1543.593
1543.057
1542.249
1551.663
1549.909
1547.569
1544.507
1542.62
1542.478
1542.197
1541.75
1541.073
1540.533
1549.233
1546.816
1543.751
1541.871
1541.748
1541.489
1541.098
1540.473
1539.984
1539.243
1546.812
1543.741
1541.817
1541.705
1541.464
1541.07
1540.468
1539.975
1539.239
1536.636
1544.498
1542.541
1542.402
1542.134
1541.708
1541.041
1540.517
1539.723
1537.004
1530.7
1544.076
1543.889
1543.539
1543.003
1542.211
1541.582
1540.696
1537.739
1531.147
1520.175
1546.269
1545.734
1544.983
1543.937
1543.15
1542.109
1538.828
1531.825
1520.615
1507.39
1548.832
1547.625
1546.137
1545.087
1543.868
1540.193
1532.742
1521.266
1508.06
1497.474
1550.614
1548.479
1547.108
1545.695
1541.663
1533.812
1522.16
1509.021
1498.517
1491.232
1550.23
1548.677
1547.125
1542.828
1534.728
1522.994
1509.999
1499.612
1492.453
1487.943
1549.739
1548.101
1543.647
1535.406
1523.672
1510.782
1500.512
1493.438
1489.032
1486.968
1548.702
1544.172
1535.861
1524.137
1511.346
1501.132
1494.134
1489.781
1487.792
1666000
1544.418
1536.099
1524.382
1511.643
1501.508
1494.548
1490.265
1488.274
1666000
1666000
5346000
5346000
5346000
5346000
5346000
5346000
5346000
5346000
5346000
5346000
5346000
5346000
5346000
5346000
5346000
5346000
5346000
5346000
5346000
5346000
5346000
5346000
5346000
5346000
5346000
5346000
5346000
5346000
5346000
1560.548
5346000
5346000
5346000
5346000
5346000
5346000
5346000
5346000
1559.838
1557.217
5346000
5346000
5346000
5346000
5346000
5346000
5346000
1558.258
1555.133
1552.724
1556.536
1556.465
1556.365
1556.158
1555.601
1553.79
1550.565
1549.881
1548.871
1547.67
1555.032
1554.364
1553.361
1551.732
1548.924
1546.574
1546.304
1545.77
1545.029
1543.986
1552.758
1551.269
1549.149
1546.124
1544.115
1543.94
1543.588
1543.045
1542.246
1541.616
1549.901
1547.568
1544.507
1542.6
1542.464
1542.174
1541.741
1541.061
1540.53
1539.742
1546.812
1543.744
1541.84
1541.707
1541.465
1541.072
1540.468
1539.975
1539.238
1536.636
1543.747
1541.773
1541.641
1541.426
1541.051
1540.45
1539.974
1539.227
1536.621
1530.46
1542.544
1542.336
1542.098
1541.682
1541.033
1540.505
1539.717
1536.983
1530.671
1519.869
1543.866
1543.52
1542.991
1542.196
1541.575
1540.68
1537.721
1531.111
1520.141
1506.948
1545.733
1544.981
1543.932
1543.135
1542.097
1538.8
1531.791
1520.569
1507.367
1496.799
1547.628
1546.133
1545.079
1543.848
1540.171
1532.7
1521.225
1508.015
1497.459
1490.102
1548.475
1547.099
1545.68
1541.634
1533.78
1522.115
1508.991
1498.487
1491.226
1486.602
1548.672
1547.114
1542.802
1534.687
1522.961
1509.96
1499.595
1492.44
1487.95
1485.829
1548.099
1543.632
1535.369
1523.626
1510.755
1500.482
1493.432
1489.026
1486.977
1666000
1544.176
1535.845
1524.097
1511.302
1501.113
1494.108
1489.776
1487.762
1666000
1666000
1536.095
1524.372
1511.611
1501.467
1494.535
1490.232
1488.271
1666000
1666000
1666000
5346000
5346000
5346000
5346000
5346000
5346000
5346000
5346000
5346000
5346000
5346000
5346000
5346000
5346000
5346000
5346000
5346000
5346000
5346000
1560.947
5346000
5346000
5346000
5346000
5346000
5346000
5346000
5346000
1560.546
1558.222
5346000
5346000
5346000
5346000
5346000
5346000
5346000
1559.831
1557.215
1554.854
5346000
5346000
5346000
5346000
5346000
5346000
1558.256
1555.125
1552.722
1550.66
1556.455
1556.362
1556.156
1555.59
1553.791
1550.555
1549.881
1548.862
1547.668
1546.194
1554.356
1553.359
1551.732
1548.914
1546.574
1546.294
1545.768
1545.019
1543.983
1543.195
1551.264
1549.148
1546.124
1544.102
1543.935
1543.572
1543.039
1542.234
1541.612
1540.727
1547.564
1544.505
1542.586
1542.434
1542.156
1541.719
1541.056
1540.52
1539.736
1537.02
1543.747
1541.815
1541.664
1541.424
1541.051
1540.451
1539.974
1539.227
1536.621
1530.459
1541.795
1541.516
1541.37
1541.018
1540.44
1539.963
1539.223
1536.601
1530.431
1519.713
1542.244
1542.038
1541.656
1541.016
1540.501
1539.703
1536.968
1530.637
1519.833
1506.662
1543.508
1542.981
1542.189
1541.561
1540.67
1537.696
1531.08
1520.097
1506.923
1496.415
1544.985
1543.931
1543.129
1542.078
1538.78
1531.751
1520.529
1507.324
1496.787
1489.405
1546.131
1545.073
1543.835
1540.142
1532.668
1521.175
1507.981
1497.422
1490.098
1485.357
1547.093
1545.669
1541.609
1533.741
1522.082
1508.951
1498.47
1491.207
1486.605
1484.411
1547.11
1542.786
1534.651
1522.917
1509.935
1499.567
1492.436
1487.946
1485.841
1666000
1543.637
1535.352
1523.586
1510.714
1500.466
1493.415
1489.029
1486.976
1666000
1666000
1535.869
1524.083
1511.268
1501.079
1494.099
1489.758
1487.762
1666000
1666000
1666000
1524.396
1511.61
1501.438
1494.496
1490.224
1488.241
1666000
1666000
1666000
1666000
5346000
5346000
5346000
5346000
5346000
5346000
5346000
5346000
5346000
1561.134
5346000
5346000
5346000
5346000
5346000
5346000
5346000
5346000
1560.944
1558.76
5346000
5346000
5346000
5346000
5346000
5346000
5346000
1560.538
1558.219
1556.016
5346000
5346000
5346000
5346000
5346000
5346000
1559.828
1557.207
1554.851
1552.66
5346000
5346000
5346000
5346000
5346000
1558.248
1555.124
1552.714
1550.658
1548.546
1556.356
1556.154
1555.589
1553.781
1550.555
1549.871
1548.861
1547.659
1546.189
1545.154
1553.354
1551.729
1548.913
1546.563
1546.292
1545.756
1545.015
1543.971
1543.19
1542.162
1549.144
1546.12
1544.097
1543.917
1543.563
1543.022
1542.229
1541.6
1540.719
1537.78
1544.499
1542.574
1542.414
1542.123
1541.701
1541.04
1540.517
1539.723
1537.004
1530.699
1541.831
1541.605
1541.386
1541.014
1540.439
1539.963
1539.223
1536.601
1530.43
1519.712
1541.359
1541.244
1540.974
1540.419
1539.959
1539.21
1536.588
1530.399
1519.677
1506.512
1541.976
1541.612
1541.005
1540.489
1539.696
1536.947
1530.61
1519.792
1506.633
1496.186
1542.982
1542.188
1541.558
1540.653
1537.677
1531.043
1520.061
1506.881
1496.4
1489.03
1543.932
1543.128
1542.068
1538.753
1531.72
1520.48
1507.29
1496.751
1489.405
1484.564
1545.068
1543.826
1540.119
1532.629
1521.14
1507.933
1497.399
1490.071
1485.364
1483.079
1545.663
1541.593
1533.706
1522.039
1508.928
1498.441
1491.203
1486.596
1484.419
1666000
1542.788
1534.633
1522.878
1509.897
1499.554
1492.421
1487.952
1485.842
1666000
1666000
1535.369
1523.57
1510.682
1500.437
1493.41
1489.022
1486.984
1666000
1666000
1666000
1524.132
1511.259
1501.056
1494.076
1489.758
1487.748
1666000
1666000
1666000
1666000
1511.68
1501.446
1494.471
1490.189
1488.236
1666000
1666000
1666000
1666000
1666000
5346000
5346000
5346000
5346000
5346000
5346000
5346000
5346000
1561.131
1559.004
5346000
5346000
5346000
5346000
5346000
5346000
5346000
1560.936
1558.757
1556.655
5346000
5346000
5346000
5346000
5346000
5346000
1560.535
1558.211
1556.013
1553.87
5346000
5346000
5346000
5346000
5346000
1559.82
1557.204
1554.843
1552.656
1550.309
5346000
5346000
5346000
5346000
1558.246
1555.114
1552.711
1550.649
1548.541
1547.192
1556.15
1555.587
1553.78
1550.545
1549.87
1548.851
1547.656
1546.178
1545.147
1543.941
1551.726
1548.909
1546.561
1546.28
1545.753
1545.002
1543.966
1543.177
1542.153
1538.892
1546.119
1544.089
1543.909
1543.542
1543.012
1542.214
1541.595
1540.705
1537.762
1531.175
1542.578
1542.397
1542.105
1541.672
1541.03
1540.505
1539.718
1536.984
1530.67
1519.867
1541.524
1541.345
1540.985
1540.415
1539.958
1539.21
1536.588
1530.398
1519.676
1506.511
1541.096
1540.885
1540.399
1539.947
1539.204
1536.568
1530.373
1519.636
1506.482
1496.071
1541.584
1540.987
1540.489
1539.683
1536.931
1530.576
1519.759
1506.594
1496.167
1488.823
1542.19
1541.561
1540.646
1537.653
1531.014
1520.014
1506.852
1496.366
1489.027
1484.116
1543.125
1542.064
1538.732
1531.681
1520.445
1507.241
1496.728
1489.378
1484.573
1482.201
1543.82
1540.104
1532.596
1521.097
1507.906
1497.359
1490.06
1485.345
1483.091
1666000
1541.589
1533.686
1522.003
1508.891
1498.429
1491.185
1486.601
1484.414
1666000
1666000
1534.644
1522.861
1509.867
1499.527
1492.418
1487.946
1485.853
1666000
1666000
1666000
1523.602
1510.671
1500.416
1493.393
1489.026
1486.981
1666000
1666000
1666000
1666000
1511.33
1501.053
1494.064
1489.744
1487.752
1666000
1666000
1666000
1666000
1666000
1501.563
1494.486
1490.167
1488.203
1666000
1666000
1666000
1666000
1666000
1666000
5346000
5346000
5346000
5346000
5346000
5346000
5346000
1561.123
1559.001
1556.944
5346000
5346000
5346000
5346000
5346000
5346000
1560.932
1558.749
1556.651
1554.561
5346000
5346000
5346000
5346000
5346000
1560.526
1558.207
1556.005
1553.865
1551.463
5346000
5346000
5346000
5346000
1559.817
1557.195
1554.84
1552.647
1550.302
1548.779
5346000
5346000
5346000
1558.237
1555.112
1552.702
1550.645
1548.529
1547.183
1545.797
1555.585
1553.777
1550.543
1549.86
1548.848
1547.645
1546.173
1545.133
1543.929
1540.292
1548.908
1546.556
1546.277
1545.739
1544.996
1543.952
1543.17
1542.136
1538.873
1531.891
1544.086
1543.901
1543.534
1542.992
1542.206
1541.581
1540.696
1537.739
1531.146
1520.172
1542.375
1542.1
1541.659
1541.01
1540.501
1539.704
1536.969
1530.637
1519.832
1506.659
1541.312
1540.965
1540.403
1539.944
1539.204
1536.568
1530.372
1519.636
1506.481
1496.07
1540.803
1540.359
1539.947
1539.191
1536.554
1530.341
1519.605
1506.444
1496.051
1488.724
1540.975
1540.493
1539.68
1536.91
1530.549
1519.715
1506.568
1496.135
1488.815
1483.862
1541.563
1540.648
1537.636
1530.977
1519.981
1506.805
1496.347
1489.002
1484.123
1481.683
1542.059
1538.72
1531.649
1520.398
1507.215
1496.687
1489.367
1484.555
1482.216
1666000
1540.099
1532.575
1521.062
1507.868
1497.344
1490.029
1485.343
1483.076
1666000
1666000
1533.689
1521.983
1508.864
1498.404
1491.186
1486.593
1484.425
1666000
1666000
1666000
1522.885
1509.855
1499.509
1492.404
1487.953
1485.852
1666000
1666000
1666000
1666000
1510.714
1500.412
1493.385
1489.018
1486.989
1666000
1666000
1666000
1666000
1666000
1501.13
1494.067
1489.742
1487.742
1666000
1666000
1666000
1666000
1666000
1666000
1494.641
1490.188
1488.184
1666000
1666000
1666000
1666000
1666000
1666000
1666000
5346000
5346000
5346000
5346000
5346000
5346000
1561.119
1558.993
1556.94
1554.877
5346000
5346000
5346000
5346000
5346000
1560.924
1558.745
1556.642
1554.556
1552.146
5346000
5346000
5346000
5346000
1560.523
1558.198
1556.001
1553.856
1551.455
1549.851
5346000
5346000
5346000
1559.808
1557.192
1554.83
1552.643
1550.29
1548.769
1547.251
5346000
5346000
1558.235
1555.103
1552.699
1550.635
1548.523
1547.168
1545.784
1541.793
1553.776
1550.539
1549.857
1548.838
1547.64
1546.159
1545.124
1543.911
1540.271
1532.847
1546.553
1546.272
1545.735
1544.982
1543.946
1543.154
1542.125
1538.848
1531.862
1520.645
1543.893
1543.531
1542.985
1542.19
1541.574
1540.68
1537.722
1531.111
1520.139
1506.945
1542.1
1541.663
1541.004
1540.487
1539.697
1536.948
1530.61
1519.792
1506.631
1496.183
1540.973
1540.402
1539.945
1539.189
1536.554
1530.341
1519.605
1506.443
1496.05
1488.723
1540.315
1539.934
1539.19
1536.533
1530.315
1519.563
1506.42
1496.02
1488.715
1483.742
1540.494
1539.686
1536.897
1530.514
1519.684
1506.524
1496.119
1488.792
1483.866
1481.379
1540.646
1537.631
1530.948
1519.935
1506.781
1496.306
1488.994
1484.106
1481.695
1666000
1538.714
1531.63
1520.364
1507.17
1496.671
1489.334
1484.554
1482.201
1666000
1666000
1532.574
1521.041
1507.844
1497.316
1490.025
1485.321
1483.08
1666000
1666000
1666000
1522
1508.852
1498.39
1491.17
1486.602
1484.42
1666000
1666000
1666000
1666000
1509.89
1499.505
1492.398
1487.947
1485.863
1666000
1666000
1666000
1666000
1666000
1500.456
1493.387
1489.02
1486.986
1666000
1666000
1666000
1666000
1666000
1666000
1494.142
1489.749
1487.745
1666000
1666000
1666000
1666000
1666000
1666000
1666000
1490.367
1488.206
1666000
1666000
1666000
1666000
1666000
1666000
1666000
1666000
5346000
5346000
5346000
5346000
5346000
1561.11
1558.989
1556.931
1554.872
1552.463
5346000
5346000
5346000
5346000
1560.92
1558.736
1556.638
1554.546
1552.137
1550.496
5346000
5346000
5346000
1560.514
1558.194
1555.991
1553.851
1551.442
1549.839
1548.244
5346000
5346000
1559.805
1557.183
1554.827
1552.633
1550.283
1548.753
1547.235
1542.994
5346000
1558.231
1555.1
1552.689
1550.631
1548.51
1547.159
1545.765
1541.77
1533.962
1550.538
1549.853
1548.834
1547.628
1546.153
1545.109
1543.898
1540.244
1532.815
1521.345
1546.267
1545.731
1544.977
1543.932
1543.147
1542.107
1538.827
1531.825
1520.613
1507.387
1543.532
1542.989
1542.185
1541.56
1540.67
1537.698
1531.082
1520.097
1506.92
1496.411
1541.677
1541.009
1540.485
1539.683
1536.933
1530.577
1519.76
1506.593
1496.165
1488.82
1540.407
1539.958
1539.188
1536.532
1530.315
1519.563
1506.42
1496.019
1488.714
1483.742
1539.89
1539.175
1536.521
1530.28
1519.532
1506.378
1496.005
1488.692
1483.744
1481.234
1539.686
1536.897
1530.488
1519.639
1506.502
1496.081
1488.786
1483.85
1481.388
1666000
1537.623
1530.933
1519.901
1506.735
1496.293
1488.962
1484.109
1481.683
1666000
1666000
1531.626
1520.343
1507.145
1496.633
1489.33
1484.529
1482.206
1666000
1666000
1666000
1521.052
1507.83
1497.306
1490.008
1485.327
1483.062
1666000
1666000
1666000
1666000
1508.886
1498.386
1491.169
1486.595
1484.435
1666000
1666000
1666000
1666000
1666000
1499.543
1492.4
1487.951
1485.861
1666000
1666000
1666000
1666000
1666000
1666000
1493.429
1489.027
1486.993
1666000
1666000
1666000
1666000
1666000
1666000
1666000
1489.821
1487.754
1666000
1666000
1666000
1666000
1666000
1666000
1666000
1666000
1488.396
1666000
1666000
1666000
1666000
1666000
1666000
1666000
1666000
1666000
5346000
5346000
5346000
5346000
1561.106
1558.98
1556.927
1554.862
1552.455
1550.799
5346000
5346000
5346000
1560.911
1558.732
1556.629
1554.54
1552.124
1550.484
1548.846
5346000
5346000
1560.51
1558.185
1555.987
1553.841
1551.434
1549.824
1548.227
1543.843
5346000
1559.801
1557.18
1554.817
1552.628
1550.27
1548.742
1547.215
1542.968
1534.914
1558.231
1555.096
1552.686
1550.621
1548.504
1547.143
1545.75
1541.741
1533.928
1522.281
1549.851
1548.831
1547.624
1546.14
1545.1
1543.879
1540.221
1532.776
1521.311
1508.083
1545.73
1544.977
1543.927
1543.132
1542.095
1538.801
1531.792
1520.569
1507.364
1496.796
1542.998
1542.189
1541.554
1540.654
1537.68
1531.047
1520.063
1506.881
1496.398
1489.027
1541.015
1540.49
1539.676
1536.911
1530.551
1519.718
1506.569
1496.135
1488.813
1483.86
1539.962
1539.198
1536.519
1530.28
1519.533
1506.379
1496.005
1488.692
1483.743
1481.233
1539.133
1536.5
1530.252
1519.486
1506.356
1495.969
1488.688
1483.729
1481.242
1666000
1536.892
1530.477
1519.607
1506.455
1496.068
1488.756
1483.855
1481.377
1666000
1666000
1530.924
1519.883
1506.71
1496.253
1488.959
1484.085
1481.691
1666000
1666000
1666000
1520.352
1507.132
1496.622
1489.301
1484.534
1482.186
1666000
1666000
1666000
1666000
1507.863
1497.301
1490.011
1485.318
1483.073
1666000
1666000
1666000
1666000
1666000
1498.432
1491.173
1486.604
1484.432
1666000
1666000
1666000
1666000
1666000
1666000
1492.438
1487.958
1485.87
1666000
1666000
1666000
1666000
1666000
1666000
1666000
1489.068
1487.003
1666000
1666000
1666000
1666000
1666000
1666000
1666000
1666000
1487.826
1666000
1666000
1666000
1666000
1666000
1666000
1666000
1666000
1666000
1666000
1666000
1666000
1666000
1666000
1666000
1666000
1666000
1666000
1666000
5346000
5346000
5346000
1561.097
1558.975
1556.917
1554.856
1552.442
1550.786
1549.129
5346000
5346000
1560.907
1558.722
1556.624
1554.53
1552.115
1550.468
1548.83
1544.374
5346000
1560.506
1558.182
1555.978
1553.836
1551.421
1549.812
1548.207
1543.817
1535.636
1559.8
1557.176
1554.814
1552.618
1550.263
1548.726
1547.2
1542.939
1534.877
1523.161
1555.096
1552.682
1550.617
1548.491
1547.133
1545.73
1541.716
1533.888
1522.243
1509.089
1548.83
1547.622
1546.134
1545.085
1543.866
1540.193
1532.742
1521.265
1508.057
1497.471
1544.982
1543.927
1543.125
1542.077
1538.78
1531.754
1520.531
1507.323
1496.784
1489.402
1542.196
1541.558
1540.644
1537.655
1531.018
1520.02
1506.854
1496.366
1489.025
1484.113
1540.488
1539.677
1536.894
1530.516
1519.687
1506.528
1496.12
1488.791
1483.864
1481.377
1539.2
1536.518
1530.251
1519.487
1506.356
1495.97
1488.689
1483.729
1481.241
1666000
1536.464
1530.229
1519.454
1506.31
1495.957
1488.66
1483.735
1481.231
1666000
1666000
1530.469
1519.592
1506.434
1496.028
1488.755
1483.833
1481.388
1666000
1666000
1666000
1519.888
1506.699
1496.239
1488.928
1484.092
1481.671
1666000
1666000
1666000
1666000
1507.165
1496.618
1489.302
1484.513
1482.196
1666000
1666000
1666000
1666000
1666000
1497.351
1490.015
1485.331
1483.067
1666000
1666000
1666000
1666000
1666000
1666000
1491.227
1486.613
1484.445
1666000
1666000
1666000
1666000
1666000
1666000
1666000
1487.997
1485.88
1666000
1666000
1666000
1666000
1666000
1666000
1666000
1666000
1487.045
1666000
1666000
1666000
1666000
1666000
1666000
1666000
1666000
1666000
1666000
1666000
1666000
1666000
1666000
1666000
1666000
1666000
1666000
1666000
1666000
1666000
1666000
1666000
1666000
1666000
1666000
1666000
1666000
1539.853
5346000
5346000
1561.093
1558.966
1556.912
1554.846
1552.432
1550.769
1549.112
1544.625
5346000
1560.903
1558.718
1556.614
1554.524
1552.102
1550.456
1548.81
1544.349
1536.116
1560.504
1558.177
1555.973
1553.825
1551.413
1549.795
1548.19
1543.787
1535.599
1523.876
1557.174
1554.809
1552.613
1550.25
1548.716
1547.179
1542.913
1534.837
1523.121
1510.096
1552.681
1550.613
1548.484
1547.117
1545.716
1541.688
1533.853
1522.198
1509.059
1498.533
1547.625
1546.13
1545.076
1543.846
1540.17
1532.703
1521.225
1508.014
1497.456
1490.099
1543.93
1543.124
1542.065
1538.753
1531.723
1520.486
1507.291
1496.75
1489.402
1484.561
1541.56
1540.644
1537.635
1530.981
1519.986
1506.812
1496.348
1489.001
1484.121
1481.68
1539.671
1536.887
1530.485
1519.641
1506.504
1496.084
1488.787
1483.85
1481.387
1666000
1536.515
1530.237
1519.453
1506.311
1495.957
1488.661
1483.736
1481.231
1666000
1666000
1530.207
1519.438
1506.29
1495.917
1488.659
1483.715
1481.243
1666000
1666000
1666000
1519.596
1506.426
1496.019
1488.723
1483.841
1481.37
1666000
1666000
1666000
1666000
1506.729
1496.238
1488.927
1484.068
1481.684
1666000
1666000
1666000
1666000
1666000
1496.67
1489.307
1484.525
1482.179
1666000
1666000
1666000
1666000
1666000
1666000
1490.078
1485.342
1483.086
1666000
1666000
1666000
1666000
1666000
1666000
1666000
1486.674
1484.458
1666000
1666000
1666000
1666000
1666000
1666000
1666000
1666000
1485.921
1666000
1666000
1666000
1666000
1666000
1666000
1666000
1666000
1666000
1666000
1666000
1666000
1666000
1666000
1666000
1666000
1666000
1666000
1666000
1666000
1666000
1666000
1666000
1666000
1666000
1666000
1666000
1666000
1539.619
1666000
1666000
1666000
1666000
1666000
1666000
1666000
1666000
1539.835
1539.908
5346000
1561.088
1558.962
1556.903
1554.84
1552.419
1550.756
1549.091
1544.598
1536.349
1560.9
1558.713
1556.61
1554.514
1552.093
1550.439
1548.794
1544.322
1536.082
1524.383
1558.175
1555.968
1553.82
1551.399
1549.783
1548.169
1543.761
1535.559
1523.836
1510.923
1554.807
1552.608
1550.242
1548.699
1547.164
1542.884
1534.802
1523.078
1510.065
1499.653
1550.613
1548.477
1547.106
1545.695
1541.664
1533.815
1522.16
1509.02
1498.514
1491.23
1546.129
1545.07
1543.833
1540.141
1532.67
1521.181
1507.981
1497.421
1490.095
1485.354
1543.124
1542.062
1538.731
1531.683
1520.45
1507.249
1496.729
1489.377
1484.57
1482.198
1540.642
1537.627
1530.948
1519.939
1506.786
1496.313
1488.995
1484.106
1481.693
1666000
1536.874
1530.47
1519.606
1506.458
1496.071
1488.76
1483.856
1481.377
1666000
1666000
1530.231
1519.436
1506.289
1495.918
1488.659
1483.716
1481.244
1666000
1666000
1666000
1519.443
1506.289
1495.911
1488.629
1483.724
1481.228
1666000
1666000
1666000
1666000
1506.457
1496.02
1488.726
1483.817
1481.384
1666000
1666000
1666000
1666000
1666000
1496.288
1488.934
1484.078
1481.664
1666000
1666000
1666000
1666000
1666000
1666000
1489.373
1484.537
1482.196
1666000
1666000
1666000
1666000
1666000
1666000
1666000
1485.414
1483.1
1666000
1666000
1666000
1666000
1666000
1666000
1666000
1666000
1484.522
1666000
1666000
1666000
1666000
1666000
1666000
1666000
1666000
1666000
1666000
1666000
1666000
1666000
1666000
1666000
1666000
1666000
1666000
1666000
1666000
1666000
1666000
1666000
1666000
1666000
1666000
1666000
1666000
1539.105
1666000
1666000
1666000
1666000
1666000
1666000
1666000
1666000
1539.6
1539.674
1666000
1666000
1666000
1666000
1666000
1666000
1666000
1539.815
1539.89
1539.972
1561.086
1558.956
1556.898
1554.829
1552.409
1550.74
1549.074
1544.57
1536.313
1524.642
1558.711
1556.605
1554.508
1552.079
1550.426
1548.773
1544.297
1536.046
1524.345
1511.526
1555.966
1553.814
1551.391
1549.766
1548.153
1543.732
1535.524
1523.793
1510.891
1500.575
1552.606
1550.234
1548.687
1547.142
1542.86
1534.764
1523.041
1510.029
1499.636
1492.456
1548.474
1547.097
1545.679
1541.634
1533.782
1522.119
1508.991
1498.486
1491.223
1486.6
1545.066
1543.824
1540.117
1532.63
1521.145
1507.94
1497.4
1490.07
1485.361
1483.077
1542.059
1538.72
1531.649
1520.402
1507.221
1496.694
1489.368
1484.554
1482.213
1666000
1537.618
1530.93
1519.901
1506.739
1496.297
1488.968
1484.109
1481.682
1666000
1666000
1530.456
1519.589
1506.433
1496.03
1488.757
1483.836
1481.388
1666000
1666000
1666000
1519.441
1506.281
1495.911
1488.629
1483.725
1481.229
1666000
1666000
1666000
1666000
1506.328
1495.919
1488.635
1483.702
1481.242
1666000
1666000
1666000
1666000
1666000
1496.07
1488.736
1483.831
1481.365
1666000
1666000
1666000
1666000
1666000
1666000
1488.997
1484.092
1481.679
1666000
1666000
1666000
1666000
1666000
1666000
1666000
1484.612
1482.212
1666000
1666000
1666000
1666000
1666000
1666000
1666000
1666000
1483.177
1666000
1666000
1666000
1666000
1666000
1666000
1666000
1666000
1666000
1666000
1666000
1666000
1666000
1666000
1666000
1666000
1666000
1666000
1666000
1666000
1666000
1666000
1666000
1666000
1666000
1666000
1666000
1666000
1538.228
1666000
1666000
1666000
1666000
1666000
1666000
1666000
1666000
1539.086
1539.161
1666000
1666000
1666000
1666000
1666000
1666000
1666000
1539.58
1539.656
1539.739
1666000
1666000
1666000
1666000
1666000
1666000
1539.796
1539.87
1539.954
1540.042
1558.953
1556.892
1554.823
1552.395
1550.727
1549.054
1544.545
1536.276
1524.604
1511.85
1556.601
1554.502
1552.071
1550.409
1548.756
1544.269
1536.013
1524.304
1511.492
1501.254
1553.811
1551.383
1549.754
1548.131
1543.707
1535.485
1523.755
1510.854
1500.556
1493.458
1550.229
1548.677
1547.125
1542.829
1534.731
1522.999
1510
1499.611
1492.452
1487.942
1547.091
1545.668
1541.608
1533.742
1522.085
1508.956
1498.47
1491.207
1486.603
1484.409
1543.819
1540.103
1532.595
1521.1
1507.911
1497.366
1490.06
1485.344
1483.088
1666000
1538.715
1531.631
1520.364
1507.174
1496.677
1489.341
1484.554
1482.201
1666000
1666000
1530.919
1519.882
1506.709
1496.256
1488.963
1484.09
1481.691
1666000
1666000
1666000
1519.59
1506.425
1496.018
1488.725
1483.844
1481.374
1666000
1666000
1666000
1666000
1506.312
1495.913
1488.635
1483.703
1481.242
1666000
1666000
1666000
1666000
1666000
1495.976
1488.65
1483.72
1481.225
1666000
1666000
1666000
1666000
1666000
1666000
1488.799
1483.849
1481.384
1666000
1666000
1666000
1666000
1666000
1666000
1666000
1484.165
1481.697
1666000
1666000
1666000
1666000
1666000
1666000
1666000
1666000
1482.292
1666000
1666000
1666000
1666000
1666000
1666000
1666000
1666000
1666000
1666000
1666000
1666000
1666000
1666000
1666000
1666000
1666000
1666000
1666000
1666000
1666000
1666000
1666000
1666000
1666000
1666000
1666000
1666000
1536.907
1666000
1666000
1666000
1666000
1666000
1666000
1666000
1666000
1538.208
1538.283
1666000
1666000
1666000
1666000
1666000
1666000
1666000
1539.065
1539.142
1539.225
1666000
1666000
1666000
1666000
1666000
1666000
1539.562
1539.636
1539.72
1539.808
1666000
1666000
1666000
1666000
1666000
1539.776
1539.852
1539.934
1540.023
1540.116
1556.889
1554.817
1552.386
1550.709
1549.037
1544.518
1536.244
1524.564
1511.819
1501.636
1554.498
1552.062
1550.397
1548.735
1544.244
1535.975
1524.267
1511.451
1501.227
1494.196
1551.378
1549.744
1548.113
1543.675
1535.452
1523.713
1510.824
1500.53
1493.452
1489.026
1548.671
1547.113
1542.801
1534.689
1522.964
1509.965
1499.595
1492.44
1487.949
1485.829
1545.662
1541.592
1533.705
1522.041
1508.931
1498.445
1491.203
1486.595
1484.417
1666000
1540.098
1532.575
1521.061
1507.871
1497.349
1490.036
1485.344
1483.076
1666000
1666000
1531.626
1520.344
1507.145
1496.637
1489.335
1484.536
1482.206
1666000
1666000
1666000
1519.883
1506.699
1496.238
1488.931
1484.095
1481.677
1666000
1666000
1666000
1666000
1506.453
1496.019
1488.725
1483.819
1481.386
1666000
1666000
1666000
1666000
1666000
1495.96
1488.645
1483.719
1481.225
1666000
1666000
1666000
1666000
1666000
1666000
1488.717
1483.74
1481.248
1666000
1666000
1666000
1666000
1666000
1666000
1666000
1483.921
1481.406
1666000
1666000
1666000
1666000
1666000
1666000
1666000
1666000
1481.776
1666000
1666000
1666000
1666000
1666000
1666000
1666000
1666000
1666000
1666000
1666000
1666000
1666000
1666000
1666000
1666000
1666000
1666000
1666000
1666000
1666000
1666000
1666000
1666000
1666000
1666000
1666000
1666000
1535.208
1666000
1666000
1666000
1666000
1666000
1666000
1666000
1666000
1536.887
1536.962
1666000
1666000
1666000
1666000
1666000
1666000
1666000
1538.187
1538.264
1538.348
1666000
1666000
1666000
1666000
1666000
1666000
1539.046
1539.121
1539.206
1539.295
1666000
1666000
1666000
1666000
1666000
1539.541
1539.617
1539.7
1539.789
1539.883
1666000
1666000
1666000
1666000
1539.758
1539.832
1539.916
1540.003
1540.098
1540.198
1554.813
1552.377
1550.697
1549.016
1544.494
1536.209
1524.529
1511.783
1501.616
1494.623
1552.057
1550.387
1548.718
1544.213
1535.942
1524.226
1511.42
1501.191
1494.177
1489.817
1549.738
1548.101
1543.647
1535.408
1523.677
1510.788
1500.512
1493.438
1489.03
1486.967
1547.109
1542.786
1534.65
1522.919
1509.939
1499.571
1492.436
1487.946
1485.841
1666000
1541.588
1533.685
1522.001
1508.893
1498.433
1491.189
1486.601
1484.414
1666000
1666000
1532.573
1521.041
1507.843
1497.319
1490.03
1485.328
1483.08
1666000
1666000
1666000
1520.351
1507.133
1496.621
1489.304
1484.539
1482.192
1666000
1666000
1666000
1666000
1506.725
1496.237
1488.926
1484.071
1481.687
1666000
1666000
1666000
1666000
1666000
1496.066
1488.735
1483.831
1481.367
1666000
1666000
1666000
1666000
1666000
1666000
1488.705
1483.736
1481.247
1666000
1666000
1666000
1666000
1666000
1666000
1666000
1483.816
1481.272
1666000
1666000
1666000
1666000
1666000
1666000
1666000
1666000
1481.484
1666000
1666000
1666000
1666000
1666000
1666000
1666000
1666000
1666000
1666000
1666000
1666000
1666000
1666000
1666000
1666000
1666000
1666000
1666000
1666000
1666000
1666000
1666000
1666000
1666000
1666000
1666000
1666000
1533.518
1666000
1666000
1666000
1666000
1666000
1666000
1666000
1666000
1535.187
1535.259
1666000
1666000
1666000
1666000
1666000
1666000
1666000
1536.865
1536.942
1537.025
1666000
1666000
1666000
1666000
1666000
1666000
1538.167
1538.243
1538.329
1538.418
1666000
1666000
1666000
1666000
1666000
1539.026
1539.102
1539.186
1539.276
1539.371
1666000
1666000
1666000
1666000
1539.523
1539.597
1539.681
1539.769
1539.864
1539.965
1666000
1666000
1666000
1539.738
1539.813
1539.895
1539.984
1540.078
1540.179
1540.285
1552.371
1550.686
1549.001
1544.467
1536.178
1524.491
1511.754
1501.589
1494.614
1490.28
1550.38
1548.706
1544.186
1535.9
1524.19
1511.382
1501.169
1494.146
1489.806
1487.792
1548.098
1543.632
1535.369
1523.629
1510.76
1500.487
1493.432
1489.025
1486.976
1666000
1542.786
1534.632
1522.877
1509.899
1499.557
1492.424
1487.952
1485.842
1666000
1666000
1533.688
1521.983
1508.863
1498.406
1491.188
1486.596
1484.425
1666000
1666000
1666000
1521.051
1507.83
1497.304
1490.01
1485.331
1483.068
1666000
1666000
1666000
1666000
1507.163
1496.618
1489.301
1484.516
1482.201
1666000
1666000
1666000
1666000
1666000
1496.284
1488.933
1484.076
1481.667
1666000
1666000
1666000
1666000
1666000
1666000
1488.794
1483.847
1481.384
1666000
1666000
1666000
1666000
1666000
1666000
1666000
1483.806
1481.268
1666000
1666000
1666000
1666000
1666000
1666000
1666000
1666000
1481.353
1666000
1666000
1666000
1666000
1666000
1666000
1666000
1666000
1666000
1666000
1666000
1666000
1666000
1666000
1666000
1666000
1666000
1666000
1666000
1666000
1666000
1666000
1666000
1666000
1666000
1666000
1666000
1666000
1532.122
1666000
1666000
1666000
1666000
1666000
1666000
1666000
1666000
1533.497
1533.567
1666000
1666000
1666000
1666000
1666000
1666000
1666000
1535.164
1535.238
1535.318
1666000
1666000
1666000
1666000
1666000
1666000
1536.845
1536.92
1537.005
1537.094
1666000
1666000
1666000
1666000
1666000
1538.146
1538.223
1538.307
1538.399
1538.494
1666000
1666000
1666000
1666000
1539.007
1539.081
1539.167
1539.255
1539.352
1539.453
1666000
1666000
1666000
1539.502
1539.578
1539.661
1539.75
1539.844
1539.946
1540.053
1666000
1666000
1539.721
1539.793
1539.877
1539.964
1540.059
1540.159
1540.267
1540.374
1550.678
1548.988
1544.445
1536.143
1524.458
1511.719
1501.568
1494.596
1490.28
1488.274
1548.701
1544.171
1535.861
1524.141
1511.352
1501.139
1494.135
1489.78
1487.784
1666000
1543.636
1535.352
1523.586
1510.718
1500.47
1493.418
1489.029
1486.976
1666000
1666000
1534.642
1522.861
1509.866
1499.529
1492.421
1487.948
1485.853
1666000
1666000
1666000
1521.999
1508.852
1498.389
1491.172
1486.604
1484.423
1666000
1666000
1666000
1666000
1507.861
1497.301
1490.009
1485.32
1483.077
1666000
1666000
1666000
1666000
1666000
1496.667
1489.307
1484.524
1482.182
1666000
1666000
1666000
1666000
1666000
1666000
1488.993
1484.091
1481.678
1666000
1666000
1666000
1666000
1666000
1666000
1666000
1483.917
1481.403
1666000
1666000
1666000
1666000
1666000
1666000
1666000
1666000
1481.344
1666000
1666000
1666000
1666000
1666000
1666000
1666000
1666000
1666000
1666000
1666000
1666000
1666000
1666000
1666000
1666000
1666000
1666000
1666000
1666000
1666000
1666000
1666000
1666000
1666000
1666000
1666000
1666000
1531.152
1666000
1666000
1666000
1666000
1666000
1666000
1666000
1666000
1532.1
1532.168
1666000
1666000
1666000
1666000
1666000
1666000
1666000
1533.473
1533.545
1533.622
1666000
1666000
1666000
1666000
1666000
1666000
1535.143
1535.215
1535.297
1535.381
1666000
1666000
1666000
1666000
1666000
1536.822
1536.9
1536.983
1537.073
1537.168
1666000
1666000
1666000
1666000
1538.127
1538.202
1538.288
1538.377
1538.475
1538.577
1666000
1666000
1666000
1538.986
1539.063
1539.146
1539.236
1539.331
1539.434
1539.542
1666000
1666000
1539.485
1539.558
1539.642
1539.73
1539.825
1539.926
1540.034
1540.142
1666000
1539.697
1539.776
1539.857
1539.946
1540.039
1540.14
1540.246
1540.355
1540.462
1548.977
1544.43
1536.114
1524.417
1511.691
1501.537
1494.584
1490.269
1488.278
1666000
1544.176
1535.845
1524.097
1511.307
1501.12
1494.115
1489.777
1487.761
1666000
1666000
1535.368
1523.57
1510.682
1500.44
1493.413
1489.024
1486.984
1666000
1666000
1666000
1522.883
1509.855
1499.509
1492.405
1487.955
1485.854
1666000
1666000
1666000
1666000
1508.885
1498.386
1491.168
1486.597
1484.437
1666000
1666000
1666000
1666000
1666000
1497.349
1490.015
1485.329
1483.07
1666000
1666000
1666000
1666000
1666000
1666000
1489.369
1484.537
1482.195
1666000
1666000
1666000
1666000
1666000
1666000
1666000
1484.161
1481.696
1666000
1666000
1666000
1666000
1666000
1666000
1666000
1666000
1481.479
1666000
1666000
1666000
1666000
1666000
1666000
1666000
1666000
1666000
1666000
1666000
1666000
1666000
1666000
1666000
1666000
1666000
1666000
1666000
1666000
1666000
1666000
1666000
1666000
1666000
1666000
1666000
1666000
1530.66
1666000
1666000
1666000
1666000
1666000
1666000
1666000
1666000
1531.131
1531.197
1666000
1666000
1666000
1666000
1666000
1666000
1666000
1532.076
1532.147
1532.22
1666000
1666000
1666000
1666000
1666000
1666000
1533.452
1533.522
1533.6
1533.679
1666000
1666000
1666000
1666000
1666000
1535.12
1535.195
1535.274
1535.36
1535.448
1666000
1666000
1666000
1666000
1536.803
1536.877
1536.963
1537.051
1537.147
1537.248
1666000
1666000
1666000
1538.105
1538.182
1538.266
1538.358
1538.453
1538.557
1538.666
1666000
1666000
1538.968
1539.041
1539.127
1539.216
1539.312
1539.413
1539.523
1539.632
1666000
1539.461
1539.54
1539.622
1539.711
1539.805
1539.907
1540.014
1540.123
1540.231
1539.693
1539.752
1539.839
1539.925
1540.02
1540.12
1540.228
1540.335
1540.443
1540.551
1544.418
1536.099
1524.383
1511.648
1501.517
1494.558
1490.264
1488.271
1666000
1666000
1535.868
1524.083
1511.268
1501.084
1494.105
1489.764
1487.763
1666000
1666000
1666000
1523.6
1510.672
1500.417
1493.396
1489.028
1486.983
1666000
1666000
1666000
1666000
1509.889
1499.505
1492.398
1487.948
1485.865
1666000
1666000
1666000
1666000
1666000
1498.43
1491.173
1486.603
1484.433
1666000
1666000
1666000
1666000
1666000
1666000
1490.076
1485.342
1483.084
1666000
1666000
1666000
1666000
1666000
1666000
1666000
1484.609
1482.211
1666000
1666000
1666000
1666000
1666000
1666000
1666000
1666000
1481.771
1666000
1666000
1666000
1666000
1666000
1666000
1666000
1666000
1666000
1666000
1666000
1666000
1666000
1666000
1666000
1666000
1666000
1666000
1666000
1666000
1666000
1666000
1666000
1666000
1666000
1666000
1666000
1666000
1530.66
1666000
1666000
1666000
1666000
1666000
1666000
1666000
1666000
1530.638
1530.704
1666000
1666000
1666000
1666000
1666000
1666000
1666000
1531.106
1531.175
1531.247
1666000
1666000
1666000
1666000
1666000
1666000
1532.055
1532.123
1532.198
1532.274
1666000
1666000
1666000
1666000
1666000
1533.428
1533.5
1533.576
1533.658
1533.741
1666000
1666000
1666000
1666000
1535.1
1535.172
1535.254
1535.337
1535.427
1535.521
1666000
1666000
1666000
1536.78
1536.857
1536.941
1537.031
1537.125
1537.228
1537.335
1666000
1666000
1538.087
1538.16
1538.247
1538.336
1538.433
1538.536
1538.646
1538.756
1666000
1538.943
1539.024
1539.106
1539.197
1539.291
1539.394
1539.502
1539.613
1539.722
1539.457
1539.516
1539.604
1539.691
1539.786
1539.886
1539.995
1540.102
1540.212
1540.321
1539.748
1539.816
1539.908
1540
1540.101
1540.207
1540.316
1540.423
1540.532
1541.453
1536.095
1524.373
1511.612
1501.475
1494.546
1490.243
1488.27
1666000
1666000
1666000
1524.131
1511.259
1501.056
1494.08
1489.763
1487.754
1666000
1666000
1666000
1666000
1510.712
1500.413
1493.386
1489.02
1486.992
1666000
1666000
1666000
1666000
1666000
1499.542
1492.4
1487.952
1485.863
1666000
1666000
1666000
1666000
1666000
1666000
1491.225
1486.613
1484.445
1666000
1666000
1666000
1666000
1666000
1666000
1666000
1485.412
1483.1
1666000
1666000
1666000
1666000
1666000
1666000
1666000
1666000
1482.289
1666000
1666000
1666000
1666000
1666000
1666000
1666000
1666000
1666000
1666000
1666000
1666000
1666000
1666000
1666000
1666000
1666000
1666000
1666000
1666000
1666000
1666000
1666000
1666000
1666000
1666000
1666000
1666000
1531.152
1666000
1666000
1666000
1666000
1666000
1666000
1666000
1666000
1530.638
1530.704
1666000
1666000
1666000
1666000
1666000
1666000
1666000
1530.614
1530.682
1530.753
1666000
1666000
1666000
1666000
1666000
1666000
1531.084
1531.151
1531.225
1531.3
1666000
1666000
1666000
1666000
1666000
1532.031
1532.101
1532.174
1532.253
1532.332
1666000
1666000
1666000
1666000
1533.407
1533.477
1533.555
1533.634
1533.719
1533.807
1666000
1666000
1666000
1535.076
1535.151
1535.23
1535.316
1535.404
1535.5
1535.599
1666000
1666000
1536.762
1536.835
1536.921
1537.009
1537.105
1537.205
1537.314
1537.422
1666000
1538.059
1538.143
1538.225
1538.317
1538.412
1538.516
1538.625
1538.736
1538.847
1538.941
1538.998
1539.088
1539.175
1539.272
1539.373
1539.483
1539.592
1539.703
1539.813
1539.513
1539.58
1539.673
1539.765
1539.868
1539.974
1540.084
1540.192
1540.302
1541.229
1539.811
1539.884
1539.982
1540.081
1540.189
1540.295
1540.404
1540.512
1541.434
1543.249
1524.396
1511.611
1501.44
1494.506
1490.237
1488.252
1666000
1666000
1666000
1666000
1511.327
1501.053
1494.065
1489.747
1487.757
1666000
1666000
1666000
1666000
1666000
1500.455
1493.387
1489.021
1486.988
1666000
1666000
1666000
1666000
1666000
1666000
1492.437
1487.958
1485.871
1666000
1666000
1666000
1666000
1666000
1666000
1666000
1486.672
1484.458
1666000
1666000
1666000
1666000
1666000
1666000
1666000
1666000
1483.175
1666000
1666000
1666000
1666000
1666000
1666000
1666000
1666000
1666000
1666000
1666000
1666000
1666000
1666000
1666000
1666000
1666000
1666000
1666000
1666000
1666000
1666000
1666000
1666000
1666000
1666000
1666000
1666000
1532.122
1666000
1666000
1666000
1666000
1666000
1666000
1666000
1666000
1531.131
1531.197
1666000
1666000
1666000
1666000
1666000
1666000
1666000
1530.614
1530.682
1530.753
1666000
1666000
1666000
1666000
1666000
1666000
1530.592
1530.658
1530.731
1530.805
1666000
1666000
1666000
1666000
1666000
1531.06
1531.129
1531.201
1531.278
1531.354
1666000
1666000
1666000
1666000
1532.009
1532.077
1532.153
1532.229
1532.31
1532.393
1666000
1666000
1666000
1533.383
1533.456
1533.531
1533.613
1533.695
1533.785
1533.877
1666000
1666000
1535.058
1535.127
1535.21
1535.293
1535.383
1535.477
1535.578
1535.677
1666000
1536.731
1536.817
1536.898
1536.989
1537.082
1537.185
1537.292
1537.402
1537.51
1538.059
1538.115
1538.207
1538.295
1538.392
1538.494
1538.605
1538.715
1538.827
1538.939
1538.996
1539.062
1539.158
1539.251
1539.354
1539.462
1539.573
1539.682
1539.794
1540.734
1539.577
1539.649
1539.748
1539.847
1539.956
1540.063
1540.173
1540.281
1541.21
1543.048
1539.88
1539.959
1540.063
1540.168
1540.277
1540.384
1540.493
1541.414
1543.231
1545.098
1511.68
1501.447
1494.473
1490.2
1488.249
1666000
1666000
1666000
1666000
1666000
1501.126
1494.067
1489.742
1487.745
1666000
1666000
1666000
1666000
1666000
1666000
1493.428
1489.027
1486.994
1666000
1666000
1666000
1666000
1666000
1666000
1666000
1487.996
1485.881
1666000
1666000
1666000
1666000
1666000
1666000
1666000
1666000
1484.521
1666000
1666000
1666000
1666000
1666000
1666000
1666000
1666000
1666000
1666000
1666000
1666000
1666000
1666000
1666000
1666000
1666000
1666000
1666000
1666000
1666000
1666000
1666000
1666000
1666000
1666000
1666000
1666000
1533.518
1666000
1666000
1666000
1666000
1666000
1666000
1666000
1666000
1532.1
1532.168
1666000
1666000
1666000
1666000
1666000
1666000
1666000
1531.106
1531.175
1531.247
1666000
1666000
1666000
1666000
1666000
1666000
1530.592
1530.658
1530.731
1530.805
1666000
1666000
1666000
1666000
1666000
1530.567
1530.636
1530.707
1530.783
1530.858
1666000
1666000
1666000
1666000
1531.038
1531.105
1531.179
1531.253
1531.332
1531.413
1666000
1666000
1666000
1531.984
1532.055
1532.128
1532.207
1532.286
1532.371
1532.459
1666000
1666000
1533.365
1533.431
1533.51
1533.589
1533.674
1533.761
1533.856
1533.948
1666000
1535.023
1535.109
1535.186
1535.272
1535.36
1535.456
1535.555
1535.656
1535.755
1536.734
1536.785
1536.88
1536.966
1537.062
1537.163
1537.271
1537.379
1537.49
1537.599
1538.115
1538.179
1538.277
1538.37
1538.475
1538.583
1538.695
1538.805
1538.919
1539.867
1539.061
1539.132
1539.233
1539.333
1539.443
1539.551
1539.663
1539.773
1540.714
1542.596
1539.645
1539.723
1539.829
1539.935
1540.044
1540.152
1540.262
1541.19
1543.029
1544.931
1539.954
1540.04
1540.151
1540.256
1540.365
1540.473
1541.395
1543.21
1545.079
1546.991
1501.563
1494.487
1490.17
1488.214
1666000
1666000
1666000
1666000
1666000
1666000
1494.137
1489.749
1487.745
1666000
1666000
1666000
1666000
1666000
1666000
1666000
1489.067
1487.003
1666000
1666000
1666000
1666000
1666000
1666000
1666000
1666000
1485.92
1666000
1666000
1666000
1666000
1666000
1666000
1666000
1666000
1666000
1666000
1666000
1666000
1666000
1666000
1666000
1666000
1666000
1666000
1666000
1666000
1666000
1666000
1666000
1666000
1666000
1666000
1666000
1666000
1535.208
1666000
1666000
1666000
1666000
1666000
1666000
1666000
1666000
1533.497
1533.567
1666000
1666000
1666000
1666000
1666000
1666000
1666000
1532.076
1532.147
1532.22
1666000
1666000
1666000
1666000
1666000
1666000
1531.084
1531.151
1531.225
1531.3
1666000
1666000
1666000
1666000
1666000
1530.567
1530.636
1530.707
1530.783
1530.858
1666000
1666000
1666000
1666000
1530.546
1530.611
1530.685
1530.758
1530.836
1530.916
1666000
1666000
1666000
1531.013
1531.083
1531.155
1531.231
1531.308
1531.391
1531.476
1666000
1666000
1531.966
1532.03
1532.107
1532.183
1532.264
1532.347
1532.437
1532.524
1666000
1533.327
1533.413
1533.486
1533.568
1533.65
1533.74
1533.832
1533.926
1534.017
1535.029
1535.074
1535.168
1535.248
1535.339
1535.433
1535.534
1535.633
1535.734
1535.834
1536.788
1536.848
1536.948
1537.039
1537.142
1537.249
1537.359
1537.467
1537.578
1538.5
1538.179
1538.249
1538.353
1538.453
1538.564
1538.673
1538.786
1538.897
1539.847
1541.772
1539.13
1539.207
1539.315
1539.421
1539.532
1539.642
1539.753
1540.693
1542.577
1544.548
1539.72
1539.805
1539.917
1540.023
1540.133
1540.242
1541.17
1543.009
1544.912
1546.868
1540.035
1540.127
1540.239
1540.344
1540.454
1541.374
1543.191
1545.059
1546.972
1548.919
1494.64
1490.189
1488.187
1666000
1666000
1666000
1666000
1666000
1666000
1666000
1489.814
1487.755
1666000
1666000
1666000
1666000
1666000
1666000
1666000
1666000
1487.044
1666000
1666000
1666000
1666000
1666000
1666000
1666000
1666000
1666000
1666000
1666000
1666000
1666000
1666000
1666000
1666000
1666000
1666000
1666000
1666000
1666000
1666000
1666000
1666000
1666000
1666000
1666000
1666000
1536.907
1666000
1666000
1666000
1666000
1666000
1666000
1666000
1666000
1535.187
1535.259
1666000
1666000
1666000
1666000
1666000
1666000
1666000
1533.473
1533.545
1533.622
1666000
1666000
1666000
1666000
1666000
1666000
1532.055
1532.123
1532.198
1532.274
1666000
1666000
1666000
1666000
1666000
1531.06
1531.129
1531.201
1531.278
1531.354
1666000
1666000
1666000
1666000
1530.546
1530.611
1530.685
1530.758
1530.836
1530.916
1666000
1666000
1666000
1530.52
1530.59
1530.66
1530.736
1530.811
1530.894
1530.978
1666000
1666000
1530.995
1531.058
1531.133
1531.207
1531.286
1531.367
1531.454
1531.539
1666000
1531.926
1532.012
1532.082
1532.161
1532.239
1532.325
1532.413
1532.502
1532.589
1533.335
1533.375
1533.468
1533.543
1533.629
1533.716
1533.81
1533.902
1533.996
1534.087
1535.08
1535.133
1535.231
1535.315
1535.412
1535.511
1535.612
1535.711
1535.812
1536.624
1536.852
1536.916
1537.021
1537.119
1537.229
1537.336
1537.447
1537.556
1538.479
1540.354
1538.249
1538.324
1538.435
1538.542
1538.654
1538.764
1538.877
1539.825
1541.752
1543.814
1539.205
1539.289
1539.404
1539.511
1539.622
1539.732
1540.674
1542.556
1544.529
1546.585
1539.801
1539.893
1540.006
1540.112
1540.223
1541.15
1542.99
1544.892
1546.85
1548.85
1540.122
1540.215
1540.327
1540.433
1541.355
1543.171
1545.04
1546.952
1548.901
5346000
1490.367
1488.208
1666000
1666000
1666000
1666000
1666000
1666000
1666000
1666000
1487.819
1666000
1666000
1666000
1666000
1666000
1666000
1666000
1666000
1666000
1666000
1666000
1666000
1666000
1666000
1666000
1666000
1666000
1666000
1666000
1666000
1666000
1666000
1666000
1666000
1666000
1666000
1666000
1666000
1538.228
1666000
1666000
1666000
1666000
1666000
1666000
1666000
1666000
1536.887
1536.962
1666000
1666000
1666000
1666000
1666000
1666000
1666000
1535.164
1535.238
1535.318
1666000
1666000
1666000
1666000
1666000
1666000
1533.452
1533.522
1533.6
1533.679
1666000
1666000
1666000
1666000
1666000
1532.031
1532.101
1532.174
1532.253
1532.332
1666000
1666000
1666000
1666000
1531.038
1531.105
1531.179
1531.253
1531.332
1531.413
1666000
1666000
1666000
1530.52
1530.59
1530.66
1530.736
1530.811
1530.894
1530.978
1666000
1666000
1530.502
1530.564
1530.639
1530.711
1530.789
1530.869
1530.956
1531.039
1666000
1530.954
1531.04
1531.107
1531.185
1531.261
1531.345
1531.43
1531.516
1531.6
1531.936
1531.972
1532.064
1532.136
1532.218
1532.301
1532.391
1532.478
1532.567
1532.653
1533.383
1533.43
1533.525
1533.604
1533.695
1533.786
1533.881
1533.972
1534.065
1534.786
1535.139
1535.195
1535.297
1535.388
1535.49
1535.589
1535.69
1535.789
1536.602
1538.152
1536.919
1536.99
1537.101
1537.206
1537.316
1537.424
1537.536
1538.457
1540.333
1542.388
1538.324
1538.406
1538.524
1538.631
1538.744
1538.855
1539.805
1541.73
1543.795
1546.016
1539.287
1539.378
1539.493
1539.601
1539.713
1540.653
1542.536
1544.508
1546.566
1548.695
1539.889
1539.981
1540.095
1540.202
1541.131
1542.969
1544.873
1546.829
1548.832
5346000
1540.21
1540.303
1540.416
1541.334
1543.152
1545.02
1546.934
1548.881
5346000
5346000
1488.396
1666000
1666000
1666000
1666000
1666000
1666000
1666000
1666000
1666000
1666000
1666000
1666000
1666000
1666000
1666000
1666000
1666000
1666000
1666000
1666000
1666000
1666000
1666000
1666000
1666000
1666000
1666000
1666000
1539.105
1666000
1666000
1666000
1666000
1666000
1666000
1666000
1666000
1538.208
1538.284
1666000
1666000
1666000
1666000
1666000
1666000
1666000
1536.865
1536.942
1537.025
1666000
1666000
1666000
1666000
1666000
1666000
1535.143
1535.215
1535.297
1535.381
1666000
1666000
1666000
1666000
1666000
1533.428
1533.5
1533.577
1533.658
1533.741
1666000
1666000
1666000
1666000
1532.009
1532.077
1532.153
1532.229
1532.31
1532.393
1666000
1666000
1666000
1531.013
1531.083
1531.155
1531.231
1531.308
1531.391
1531.476
1666000
1666000
1530.502
1530.564
1530.639
1530.711
1530.789
1530.869
1530.956
1531.039
1666000
1530.46
1530.546
1530.613
1530.69
1530.765
1530.847
1530.931
1531.017
1531.099
1530.965
1530.999
1531.089
1531.159
1531.239
1531.32
1531.408
1531.492
1531.578
1531.661
1531.982
1532.024
1532.118
1532.193
1532.279
1532.366
1532.456
1532.542
1532.631
1533.297
1533.438
1533.487
1533.586
1533.67
1533.765
1533.857
1533.95
1534.041
1534.765
1536.078
1535.201
1535.262
1535.37
1535.466
1535.568
1535.667
1535.768
1536.579
1538.131
1539.662
1536.993
1537.07
1537.188
1537.293
1537.404
1537.513
1538.436
1540.311
1542.367
1544.712
1538.406
1538.495
1538.614
1538.722
1538.836
1539.784
1541.71
1543.773
1545.997
1548.389
1539.376
1539.467
1539.583
1539.692
1540.633
1542.515
1544.489
1546.546
1548.676
5346000
1539.977
1540.07
1540.184
1541.11
1542.95
1544.852
1546.811
1548.812
5346000
5346000
1540.299
1540.392
1541.317
1543.131
1545.001
1546.914
1548.863
5346000
5346000
5346000
1666000
1666000
1666000
1666000
1666000
1666000
1666000
1666000
1666000
1666000
1666000
1666000
1666000
1666000
1666000
1666000
1666000
1666000
1666000
1539.619
1666000
1666000
1666000
1666000
1666000
1666000
1666000
1666000
1539.086
1539.161
1666000
1666000
1666000
1666000
1666000
1666000
1666000
1538.187
1538.264
1538.348
1666000
1666000
1666000
1666000
1666000
1666000
1536.845
1536.92
1537.005
1537.094
1666000
1666000
1666000
1666000
1666000
1535.12
1535.195
1535.274
1535.36
1535.448
1666000
1666000
1666000
1666000
1533.407
1533.477
1533.555
1533.634
1533.719
1533.807
1666000
1666000
1666000
1531.984
1532.055
1532.128
1532.207
1532.286
1532.371
1532.459
1666000
1666000
1530.995
1531.058
1531.133
1531.207
1531.286
1531.367
1531.454
1531.539
1666000
1530.46
1530.546
1530.613
1530.69
1530.765
1530.847
1530.931
1531.017
1531.099
1530.471
1530.504
1530.595
1530.664
1530.743
1530.822
1530.909
1530.992
1531.077
1531.159
1531.009
1531.049
1531.141
1531.214
1531.298
1531.383
1531.47
1531.554
1531.639
1532.276
1532.033
1532.078
1532.174
1532.254
1532.345
1532.432
1532.521
1532.606
1533.275
1534.459
1533.495
1533.548
1533.652
1533.74
1533.835
1533.926
1534.019
1534.741
1536.056
1537.278
1535.268
1535.335
1535.448
1535.544
1535.646
1535.745
1536.558
1538.107
1539.641
1541.109
1537.073
1537.156
1537.275
1537.381
1537.493
1538.413
1540.29
1542.345
1544.691
1547.547
1538.495
1538.585
1538.704
1538.814
1539.764
1541.689
1543.753
1545.976
1548.37
5346000
1539.465
1539.557
1539.674
1540.612
1542.496
1544.468
1546.527
1548.656
5346000
5346000
1540.066
1540.159
1541.092
1542.929
1544.833
1546.79
1548.793
5346000
5346000
5346000
1540.388
1541.292
1543.114
1544.981
1546.895
1548.843
5346000
5346000
5346000
5346000
1666000
1666000
1666000
1666000
1666000
1666000
1666000
1666000
1666000
1539.853
1666000
1666000
1666000
1666000
1666000
1666000
1666000
1666000
1539.6
1539.674
1666000
1666000
1666000
1666000
1666000
1666000
1666000
1539.065
1539.142
1539.226
1666000
1666000
1666000
1666000
1666000
1666000
1538.167
1538.243
1538.329
1538.418
1666000
1666000
1666000
1666000
1666000
1536.822
1536.9
1536.983
1537.074
1537.168
1666000
1666000
1666000
1666000
1535.1
1535.172
1535.254
1535.337
1535.427
1535.521
1666000
1666000
1666000
1533.383
1533.456
1533.531
1533.613
1533.695
1533.785
1533.877
1666000
1666000
1531.966
1532.03
1532.107
1532.182
1532.264
1532.347
1532.437
1532.524
1666000
1530.954
1531.04
1531.107
1531.185
1531.261
1531.345
1531.43
1531.516
1531.6
1530.471
1530.504
1530.595
1530.664
1530.743
1530.822
1530.909
1530.992
1531.077
1531.159
1530.515
1530.553
1530.646
1530.717
1530.8
1530.884
1530.97
1531.052
1531.137
1531.761
1531.059
1531.1
1531.195
1531.272
1531.361
1531.445
1531.531
1531.614
1532.254
1533.374
1532.087
1532.135
1532.236
1532.32
1532.41
1532.496
1532.584
1533.251
1534.436
1535.511
1533.556
1533.614
1533.722
1533.81
1533.905
1533.995
1534.719
1536.031
1537.256
1538.353
1535.34
1535.412
1535.526
1535.622
1535.724
1536.534
1538.086
1539.617
1541.087
1542.389
1537.159
1537.243
1537.363
1537.47
1538.393
1540.268
1542.324
1544.669
1547.526
5346000
1538.585
1538.676
1538.796
1539.742
1541.669
1543.732
1545.956
1548.349
5346000
5346000
1539.555
1539.648
1540.594
1542.475
1544.449
1546.506
1548.637
5346000
5346000
5346000
1540.156
1541.067
1542.912
1544.813
1546.772
1548.773
5346000
5346000
5346000
5346000
1541.289
1543.089
1544.964
1546.875
1548.825
5346000
5346000
5346000
5346000
5346000
1666000
1666000
1666000
1666000
1666000
1666000
1666000
1666000
1539.835
1539.908
1666000
1666000
1666000
1666000
1666000
1666000
1666000
1539.58
1539.656
1539.739
1666000
1666000
1666000
1666000
1666000
1666000
1539.046
1539.121
1539.206
1539.295
1666000
1666000
1666000
1666000
1666000
1538.146
1538.223
1538.307
1538.399
1538.494
1666000
1666000
1666000
1666000
1536.803
1536.877
1536.963
1537.051
1537.147
1537.248
1666000
1666000
1666000
1535.076
1535.151
1535.23
1535.316
1535.404
1535.5
1535.599
1666000
1666000
1533.365
1533.431
1533.51
1533.589
1533.674
1533.761
1533.856
1533.948
1666000
1531.926
1532.012
1532.082
1532.161
1532.239
1532.325
1532.413
1532.502
1532.589
1530.965
1530.999
1531.089
1531.159
1531.239
1531.32
1531.408
1531.492
1531.578
1531.661
1530.515
1530.553
1530.646
1530.717
1530.8
1530.884
1530.97
1531.052
1531.137
1531.761
1530.564
1530.604
1530.699
1530.775
1530.862
1530.945
1531.03
1531.112
1531.739
1532.833
1531.111
1531.154
1531.254
1531.335
1531.423
1531.507
1531.592
1532.229
1533.351
1534.359
1532.144
1532.196
1532.301
1532.385
1532.474
1532.56
1533.229
1534.412
1535.489
1536.436
1533.622
1533.684
1533.792
1533.88
1533.974
1534.695
1536.01
1537.232
1538.331
1539.256
1535.418
1535.49
1535.604
1535.7
1536.513
1538.062
1539.596
1541.064
1542.367
1545.496
1537.246
1537.331
1537.452
1538.37
1540.248
1542.302
1544.649
1547.504
5346000
5346000
1538.676
1538.767
1539.724
1541.647
1543.712
1545.934
1548.33
5346000
5346000
5346000
1539.646
1540.567
1542.457
1544.428
1546.487
1548.616
5346000
5346000
5346000
5346000
1541.064
1542.886
1544.795
1546.751
1548.755
5346000
5346000
5346000
5346000
5346000
1543.086
1544.939
1546.858
1548.805
5346000
5346000
5346000
5346000
5346000
5346000
1666000
1666000
1666000
1666000
1666000
1666000
1666000
1539.815
1539.89
1539.973
1666000
1666000
1666000
1666000
1666000
1666000
1539.562
1539.636
1539.72
1539.808
1666000
1666000
1666000
1666000
1666000
1539.026
1539.102
1539.186
1539.276
1539.371
1666000
1666000
1666000
1666000
1538.127
1538.202
1538.288
1538.377
1538.475
1538.577
1666000
1666000
1666000
1536.78
1536.857
1536.941
1537.031
1537.125
1537.228
1537.335
1666000
1666000
1535.058
1535.127
1535.21
1535.293
1535.383
1535.477
1535.578
1535.677
1666000
1533.327
1533.413
1533.486
1533.568
1533.65
1533.74
1533.832
1533.926
1534.017
1531.936
1531.972
1532.064
1532.136
1532.218
1532.301
1532.391
1532.478
1532.567
1532.653
1531.009
1531.048
1531.141
1531.214
1531.298
1531.383
1531.47
1531.554
1531.639
1532.276
1530.564
1530.604
1530.699
1530.775
1530.862
1530.945
1531.03
1531.112
1531.739
1532.833
1530.615
1530.657
1530.756
1530.836
1530.923
1531.005
1531.09
1531.714
1532.81
1533.792
1531.165
1531.213
1531.317
1531.398
1531.485
1531.567
1532.207
1533.326
1534.336
1535.222
1532.205
1532.261
1532.366
1532.449
1532.538
1533.204
1534.39
1535.464
1536.413
1537.215
1533.692
1533.754
1533.862
1533.949
1534.673
1535.985
1537.21
1538.306
1539.234
1541.665
1535.496
1535.568
1535.682
1536.489
1538.041
1539.572
1541.042
1542.343
1545.474
1547.309
1537.334
1537.42
1538.352
1540.224
1542.281
1544.626
1547.484
5346000
5346000
5346000
1538.767
1539.694
1541.629
1543.69
1545.915
1548.308
5346000
5346000
5346000
5346000
1540.566
1542.43
1544.41
1546.466
1548.598
5346000
5346000
5346000
5346000
5346000
1542.884
1544.77
1546.734
1548.734
5346000
5346000
5346000
5346000
5346000
5346000
1544.936
1546.833
1548.788
5346000
5346000
5346000
5346000
5346000
5346000
5346000
1666000
1666000
1666000
1666000
1666000
1666000
1539.796
1539.87
1539.954
1540.042
1666000
1666000
1666000
1666000
1666000
1539.541
1539.617
1539.7
1539.789
1539.883
1666000
1666000
1666000
1666000
1539.007
1539.081
1539.167
1539.255
1539.352
1539.454
1666000
1666000
1666000
1538.105
1538.182
1538.266
1538.358
1538.453
1538.557
1538.666
1666000
1666000
1536.762
1536.835
1536.921
1537.009
1537.105
1537.205
1537.314
1537.422
1666000
1535.023
1535.109
1535.186
1535.272
1535.36
1535.456
1535.555
1535.656
1535.755
1533.335
1533.375
1533.468
1533.543
1533.629
1533.716
1533.81
1533.902
1533.996
1534.087
1531.982
1532.024
1532.118
1532.193
1532.279
1532.366
1532.456
1532.542
1532.631
1533.297
1531.059
1531.1
1531.195
1531.272
1531.361
1531.445
1531.531
1531.614
1532.254
1533.374
1530.615
1530.657
1530.756
1530.836
1530.923
1531.005
1531.09
1531.714
1532.81
1533.792
1530.668
1530.715
1530.818
1530.897
1530.983
1531.065
1531.692
1532.785
1533.769
1534.632
1531.224
1531.276
1531.379
1531.459
1531.546
1532.182
1533.304
1534.311
1535.199
1535.954
1532.271
1532.326
1532.431
1532.513
1533.182
1534.365
1535.442
1536.388
1537.192
1539.396
1533.762
1533.823
1533.931
1534.648
1535.964
1537.185
1538.284
1539.209
1541.642
1544.292
1535.574
1535.646
1536.471
1538.017
1539.551
1541.018
1542.321
1545.449
1547.287
1548.15
1537.423
1538.319
1540.207
1542.258
1544.606
1547.462
5346000
5346000
5346000
5346000
1539.696
1541.599
1543.673
1545.893
1548.289
5346000
5346000
5346000
5346000
5346000
1542.43
1544.383
1546.449
1548.577
5346000
5346000
5346000
5346000
5346000
5346000
1544.768
1546.708
1548.717
5346000
5346000
5346000
5346000
5346000
5346000
5346000
1546.831
1548.763
5346000
5346000
5346000
5346000
5346000
5346000
5346000
5346000
1666000
1666000
1666000
1666000
1666000
1539.776
1539.852
1539.934
1540.023
1540.116
1666000
1666000
1666000
1666000
1539.523
1539.597
1539.681
1539.769
1539.864
1539.965
1666000
1666000
1666000
1538.986
1539.062
1539.146
1539.236
1539.331
1539.434
1539.542
1666000
1666000
1538.087
1538.16
1538.247
1538.336
1538.433
1538.536
1538.646
1538.756
1666000
1536.731
1536.817
1536.898
1536.989
1537.082
1537.185
1537.292
1537.402
1537.51
1535.029
1535.074
1535.168
1535.248
1535.339
1535.433
1535.534
1535.633
1535.734
1535.834
1533.383
1533.43
1533.525
1533.604
1533.695
1533.786
1533.881
1533.972
1534.065
1534.786
1532.033
1532.078
1532.174
1532.254
1532.345
1532.432
1532.521
1532.606
1533.275
1534.459
1531.111
1531.154
1531.254
1531.335
1531.423
1531.507
1531.592
1532.229
1533.351
1534.359
1530.668
1530.715
1530.818
1530.897
1530.983
1531.065
1531.692
1532.785
1533.769
1534.632
1530.726
1530.776
1530.879
1530.957
1531.043
1531.666
1532.762
1533.744
1534.609
1535.348
1531.287
1531.338
1531.441
1531.52
1532.16
1533.279
1534.289
1535.174
1535.931
1538.056
1532.336
1532.39
1532.494
1533.156
1534.343
1535.417
1536.366
1537.167
1539.373
1542.249
1533.832
1533.892
1534.63
1535.938
1537.164
1538.259
1539.186
1541.617
1544.27
1545.97
1535.652
1536.434
1537.999
1539.526
1540.997
1542.296
1545.427
1547.262
1548.128
1548.662
1538.324
1540.172
1542.241
1544.583
1547.442
5346000
5346000
5346000
5346000
5346000
1541.602
1543.642
1545.876
1548.267
5346000
5346000
5346000
5346000
5346000
5346000
1544.383
1546.421
1548.56
5346000
5346000
5346000
5346000
5346000
5346000
5346000
1546.707
1548.692
5346000
5346000
5346000
5346000
5346000
5346000
5346000
5346000
1548.761
5346000
5346000
5346000
5346000
5346000
5346000
5346000
5346000
5346000
1666000
1666000
1666000
1666000
1539.758
1539.831
1539.916
1540.003
1540.098
1540.198
1666000
1666000
1666000
1539.502
1539.578
1539.661
1539.75
1539.844
1539.946
1540.053
1666000
1666000
1538.968
1539.041
1539.127
1539.215
1539.312
1539.413
1539.523
1539.632
1666000
1538.059
1538.143
1538.225
1538.317
1538.412
1538.516
1538.625
1538.736
1538.847
1536.734
1536.785
1536.88
1536.966
1537.062
1537.162
1537.271
1537.379
1537.49
1537.599
1535.08
1535.133
1535.231
1535.315
1535.412
1535.51
1535.612
1535.711
1535.812
1536.624
1533.438
1533.487
1533.586
1533.67
1533.765
1533.857
1533.95
1534.041
1534.765
1536.078
1532.087
1532.135
1532.236
1532.32
1532.41
1532.496
1532.584
1533.251
1534.436
1535.511
1531.165
1531.213
1531.317
1531.398
1531.485
1531.567
1532.207
1533.326
1534.336
1535.222
1530.726
1530.776
1530.879
1530.957
1531.043
1531.666
1532.762
1533.744
1534.609
1535.348
1530.787
1530.837
1530.939
1531.017
1531.644
1532.737
1533.721
1534.583
1535.325
1537.424
1531.349
1531.399
1531.501
1532.134
1533.257
1534.263
1535.151
1535.906
1538.033
1540.988
1532.401
1532.454
1533.138
1534.317
1535.395
1536.341
1537.144
1539.348
1542.226
1544.342
1533.901
1534.589
1535.921
1537.138
1538.238
1539.161
1541.595
1544.244
1545.947
1547.112
1536.443
1537.96
1539.509
1540.972
1542.275
1545.403
1547.24
1548.102
1548.639
1549.034
1540.179
1542.206
1544.566
1547.419
5346000
5346000
5346000
5346000
5346000
5346000
1543.646
1545.845
1548.251
5346000
5346000
5346000
5346000
5346000
5346000
5346000
1546.422
1548.532
5346000
5346000
5346000
5346000
5346000
5346000
5346000
5346000
1548.691
5346000
5346000
5346000
5346000
5346000
5346000
5346000
5346000
5346000
5346000
5346000
5346000
5346000
5346000
5346000
5346000
5346000
5346000
5346000
1666000
1666000
1666000
1539.738
1539.813
1539.895
1539.984
1540.078
1540.179
1540.285
1666000
1666000
1539.485
1539.557
1539.642
1539.73
1539.825
1539.926
1540.034
1540.142
1666000
1538.943
1539.024
1539.106
1539.196
1539.291
1539.394
1539.502
1539.613
1539.722
1538.059
1538.115
1538.207
1538.295
1538.392
1538.494
1538.605
1538.715
1538.827
1538.939
1536.788
1536.848
1536.948
1537.039
1537.142
1537.249
1537.359
1537.467
1537.578
1538.5
1535.139
1535.195
1535.297
1535.388
1535.49
1535.589
1535.69
1535.789
1536.602
1538.152
1533.495
1533.548
1533.652
1533.74
1533.835
1533.926
1534.02
1534.741
1536.056
1537.278
1532.144
1532.196
1532.301
1532.385
1532.474
1532.56
1533.229
1534.412
1535.489
1536.436
1531.224
1531.276
1531.379
1531.459
1531.546
1532.182
1533.304
1534.311
1535.199
1535.954
1530.787
1530.837
1530.939
1531.017
1531.644
1532.737
1533.721
1534.583
1535.325
1537.424
1530.848
1530.897
1530.998
1531.618
1532.715
1533.696
1534.561
1535.299
1537.401
1540.384
1531.41
1531.459
1532.116
1533.231
1534.241
1535.126
1535.883
1538.008
1540.965
1543.281
1532.464
1533.096
1534.299
1535.368
1536.319
1537.119
1539.325
1542.201
1544.319
1545.885
1534.601
1535.878
1537.121
1538.212
1539.14
1541.569
1544.222
1545.922
1547.089
1547.942
1537.972
1539.468
1540.955
1542.25
1545.381
1547.215
1548.08
1548.613
1549.011
1549.335
1542.214
1544.53
1547.403
5346000
5346000
5346000
5346000
5346000
5346000
5346000
1545.85
1548.219
5346000
5346000
5346000
5346000
5346000
5346000
5346000
5346000
1548.534
5346000
5346000
5346000
5346000
5346000
5346000
5346000
5346000
5346000
5346000
5346000
5346000
5346000
5346000
5346000
5346000
5346000
5346000
5346000
5346000
5346000
5346000
5346000
5346000
5346000
5346000
5346000
5346000
5346000
1666000
1666000
1539.721
1539.793
1539.877
1539.964
1540.059
1540.159
1540.267
1540.374
1666000
1539.461
1539.54
1539.622
1539.711
1539.805
1539.907
1540.014
1540.123
1540.231
1538.941
1538.998
1539.088
1539.175
1539.272
1539.373
1539.483
1539.592
1539.703
1539.813
1538.115
1538.179
1538.277
1538.37
1538.475
1538.583
1538.695
1538.806
1538.919
1539.867
1536.852
1536.916
1537.021
1537.119
1537.229
1537.336
1537.447
1537.556
1538.479
1540.354
1535.201
1535.262
1535.37
1535.466
1535.568
1535.667
1535.768
1536.579
1538.131
1539.662
1533.556
1533.614
1533.722
1533.81
1533.905
1533.995
1534.719
1536.031
1537.256
1538.353
1532.205
1532.261
1532.366
1532.449
1532.538
1533.204
1534.39
1535.464
1536.413
1537.215
1531.287
1531.338
1531.441
1531.52
1532.16
1533.279
1534.289
1535.174
1535.931
1538.056
1530.848
1530.897
1530.998
1531.618
1532.715
1533.696
1534.561
1535.299
1537.401
1540.384
1530.909
1530.956
1531.6
1532.689
1533.673
1534.535
1535.277
1537.375
1540.362
1542.761
1531.471
1532.072
1533.213
1534.215
1535.103
1535.857
1537.985
1540.939
1543.259
1545.053
1533.11
1534.254
1535.351
1536.292
1537.097
1539.299
1542.178
1544.294
1545.862
1547.048
1535.893
1537.076
1538.195
1539.113
1541.547
1544.196
1545.899
1547.063
1547.918
1548.582
1539.482
1540.911
1542.233
1545.355
1547.193
1548.054
1548.591
1548.985
1549.312
1549.599
1544.541
1547.366
5346000
5346000
5346000
5346000
5346000
5346000
5346000
5346000
1548.225
5346000
5346000
5346000
5346000
5346000
5346000
5346000
5346000
5346000
5346000
5346000
5346000
5346000
5346000
5346000
5346000
5346000
5346000
5346000
5346000
5346000
5346000
5346000
5346000
5346000
5346000
5346000
5346000
5346000
5346000
5346000
5346000
5346000
5346000
5346000
5346000
5346000
5346000
5346000
1666000
1539.697
1539.776
1539.856
1539.946
1540.039
1540.14
1540.246
1540.355
1540.462
1539.457
1539.516
1539.604
1539.691
1539.786
1539.886
1539.995
1540.103
1540.212
1540.321
1538.996
1539.062
1539.158
1539.251
1539.354
1539.462
1539.573
1539.682
1539.794
1540.734
1538.179
1538.249
1538.353
1538.453
1538.564
1538.673
1538.786
1538.897
1539.847
1541.772
1536.919
1536.99
1537.101
1537.206
1537.316
1537.424
1537.536
1538.457
1540.333
1542.388
1535.268
1535.335
1535.448
1535.544
1535.646
1535.745
1536.558
1538.107
1539.641
1541.109
1533.622
1533.684
1533.792
1533.88
1533.974
1534.695
1536.01
1537.232
1538.331
1539.256
1532.271
1532.326
1532.431
1532.513
1533.182
1534.365
1535.442
1536.388
1537.192
1539.396
1531.349
1531.399
1531.501
1532.134
1533.257
1534.263
1535.151
1535.906
1538.033
1540.988
1530.909
1530.956
1531.6
1532.689
1533.673
1534.535
1535.277
1537.375
1540.362
1542.761
1530.968
1531.555
1532.671
1533.647
1534.513
1535.251
1537.353
1540.336
1542.738
1544.635
1532.087
1533.167
1534.198
1535.076
1535.835
1537.959
1540.917
1543.233
1545.03
1546.425
1534.272
1535.304
1536.275
1537.07
1539.277
1542.152
1544.271
1545.836
1547.025
1547.953
1537.094
1538.147
1539.097
1541.52
1544.175
1545.874
1547.04
1547.892
1548.559
1549.106
1540.93
1542.185
1545.34
1547.166
1548.033
1548.565
1548.962
1549.286
1549.576
1549.846
1547.378
5346000
5346000
5346000
5346000
5346000
5346000
5346000
5346000
5346000
5346000
5346000
5346000
5346000
5346000
5346000
5346000
5346000
5346000
5346000
5346000
5346000
5346000
5346000
5346000
5346000
5346000
5346000
5346000
5346000
5346000
5346000
5346000
5346000
5346000
5346000
5346000
5346000
5346000
5346000
5346000
5346000
5346000
5346000
5346000
5346000
5346000
5346000
5346000
5346000
1539.693
1539.752
1539.839
1539.925
1540.02
1540.12
1540.228
1540.335
1540.443
1540.551
1539.513
1539.58
1539.673
1539.765
1539.868
1539.974
1540.084
1540.192
1540.302
1541.229
1539.06
1539.132
1539.233
1539.333
1539.443
1539.551
1539.663
1539.773
1540.714
1542.596
1538.249
1538.324
1538.435
1538.542
1538.654
1538.764
1538.877
1539.825
1541.752
1543.815
1536.993
1537.07
1537.188
1537.293
1537.404
1537.513
1538.436
1540.311
1542.367
1544.712
1535.34
1535.412
1535.526
1535.622
1535.724
1536.534
1538.086
1539.617
1541.087
1542.389
1533.692
1533.754
1533.862
1533.949
1534.673
1535.985
1537.21
1538.306
1539.234
1541.665
1532.336
1532.39
1532.494
1533.156
1534.343
1535.417
1536.366
1537.167
1539.373
1542.249
1531.41
1531.459
1532.116
1533.231
1534.241
1535.126
1535.883
1538.008
1540.965
1543.281
1530.968
1531.555
1532.671
1533.647
1534.513
1535.251
1537.353
1540.336
1542.738
1544.635
1531.571
1532.624
1533.63
1534.486
1535.228
1537.326
1540.313
1542.712
1544.612
1546.106
1533.185
1534.148
1535.06
1535.808
1537.937
1540.89
1543.21
1545.004
1546.402
1547.506
1535.324
1536.225
1537.054
1539.25
1542.131
1544.245
1545.814
1546.999
1547.93
1548.687
1538.169
1539.045
1541.506
1544.147
1545.852
1547.014
1547.869
1548.532
1549.083
1549.564
1542.208
1545.285
1547.152
1548.005
1548.543
1548.935
1549.262
1549.549
1549.823
1550.097
5346000
5346000
5346000
5346000
5346000
5346000
5346000
5346000
5346000
5346000
5346000
5346000
5346000
5346000
5346000
5346000
5346000
5346000
5346000
5346000
5346000
5346000
5346000
5346000
5346000
5346000
5346000
5346000
5346000
5346000
5346000
5346000
5346000
5346000
5346000
5346000
5346000
5346000
5346000
5346000
5346000
5346000
5346000
5346000
5346000
5346000
5346000
5346000
5346000
5346000
1539.748
1539.816
1539.908
1539.999
1540.101
1540.207
1540.316
1540.423
1540.532
1541.453
1539.576
1539.649
1539.748
1539.847
1539.955
1540.063
1540.173
1540.281
1541.21
1543.049
1539.13
1539.207
1539.315
1539.421
1539.532
1539.641
1539.753
1540.693
1542.577
1544.548
1538.324
1538.406
1538.524
1538.631
1538.744
1538.855
1539.805
1541.73
1543.795
1546.017
1537.073
1537.156
1537.275
1537.381
1537.493
1538.413
1540.29
1542.345
1544.691
1547.547
1535.418
1535.49
1535.604
1535.7
1536.513
1538.062
1539.596
1541.064
1542.367
1545.496
1533.762
1533.823
1533.931
1534.648
1535.964
1537.185
1538.284
1539.209
1541.642
1544.292
1532.401
1532.454
1533.138
1534.317
1535.395
1536.341
1537.144
1539.348
1542.226
1544.342
1531.471
1532.072
1533.213
1534.215
1535.103
1535.857
1537.985
1540.939
1543.259
1545.053
1531.571
1532.624
1533.63
1534.486
1535.228
1537.326
1540.313
1542.712
1544.612
1546.106
1532.643
1533.58
1534.469
1535.201
1537.304
1540.287
1542.69
1544.586
1546.083
1547.275
1534.171
1535.007
1535.792
1537.909
1540.869
1543.184
1544.981
1546.375
1547.483
1548.384
1536.25
1536.999
1539.235
1542.102
1544.223
1545.787
1546.976
1547.903
1548.663
1549.314
1539.072
1541.448
1544.133
1545.824
1546.992
1547.843
1548.509
1549.056
1549.54
1549.994
1545.318
1547.092
1547.992
1548.515
1548.913
1549.236
1549.526
1549.796
1550.073
1550.39
5346000
5346000
5346000
5346000
5346000
5346000
5346000
5346000
5346000
5346000
5346000
5346000
5346000
5346000
5346000
5346000
5346000
5346000
5346000
5346000
5346000
5346000
5346000
5346000
5346000
5346000
5346000
5346000
5346000
5346000
5346000
5346000
5346000
5346000
5346000
5346000
5346000
5346000
5346000
5346000
5346000
5346000
5346000
5346000
5346000
5346000
5346000
5346000
5346000
5346000
1539.811
1539.884
1539.982
1540.081
1540.189
1540.295
1540.404
1540.512
1541.434
1543.249
1539.645
1539.723
1539.829
1539.935
1540.044
1540.152
1540.262
1541.19
1543.029
1544.931
1539.205
1539.289
1539.404
1539.511
1539.622
1539.732
1540.674
1542.556
1544.529
1546.586
1538.406
1538.495
1538.614
1538.722
1538.836
1539.784
1541.71
1543.773
1545.997
1548.389
1537.159
1537.243
1537.363
1537.47
1538.393
1540.268
1542.324
1544.669
1547.527
5346000
1535.496
1535.568
1535.682
1536.489
1538.041
1539.572
1541.042
1542.343
1545.474
1547.309
1533.832
1533.892
1534.63
1535.938
1537.164
1538.259
1539.186
1541.617
1544.27
1545.97
1532.464
1533.096
1534.299
1535.368
1536.319
1537.119
1539.325
1542.201
1544.319
1545.885
1532.087
1533.167
1534.198
1535.076
1535.835
1537.959
1540.917
1543.233
1545.03
1546.425
1532.643
1533.58
1534.469
1535.201
1537.304
1540.287
1542.69
1544.586
1546.083
1547.275
1533.603
1534.416
1535.185
1537.276
1540.265
1542.663
1544.563
1546.057
1547.252
1548.226
1535.034
1535.736
1537.894
1540.84
1543.162
1544.954
1546.353
1547.456
1548.36
1549.128
1537.029
1539.175
1542.089
1544.195
1545.765
1546.949
1547.88
1548.637
1549.29
1549.884
1541.483
1544.071
1545.811
1546.964
1547.821
1548.483
1549.033
1549.513
1549.971
1550.437
1547.134
1547.928
1548.502
1548.885
1549.214
1549.499
1549.773
1550.046
1550.366
5346000
5346000
5346000
5346000
5346000
5346000
5346000
5346000
5346000
5346000
5346000
5346000
5346000
5346000
5346000
5346000
5346000
5346000
5346000
5346000
5346000
5346000
5346000
5346000
5346000
5346000
5346000
5346000
5346000
5346000
5346000
5346000
5346000
5346000
5346000
5346000
5346000
5346000
5346000
5346000
5346000
5346000
5346000
5346000
5346000
5346000
5346000
5346000
5346000
5346000
1539.88
1539.959
1540.063
1540.168
1540.277
1540.384
1540.493
1541.414
1543.231
1545.098
1539.72
1539.805
1539.917
1540.023
1540.133
1540.242
1541.17
1543.009
1544.912
1546.868
1539.287
1539.378
1539.493
1539.601
1539.713
1540.652
1542.536
1544.508
1546.566
1548.695
1538.495
1538.585
1538.704
1538.814
1539.764
1541.689
1543.753
1545.976
1548.37
5346000
1537.246
1537.331
1537.452
1538.37
1540.248
1542.302
1544.649
1547.504
5346000
5346000
1535.574
1535.646
1536.471
1538.017
1539.551
1541.018
1542.321
1545.449
1547.287
1548.15
1533.901
1534.589
1535.921
1537.138
1538.238
1539.161
1541.595
1544.244
1545.947
1547.112
1533.11
1534.254
1535.351
1536.292
1537.097
1539.299
1542.178
1544.294
1545.862
1547.048
1533.185
1534.148
1535.06
1535.808
1537.937
1540.89
1543.21
1545.004
1546.402
1547.506
1533.603
1534.416
1535.185
1537.276
1540.265
1542.663
1544.563
1546.057
1547.252
1548.226
1534.444
1535.128
1537.262
1540.236
1542.642
1544.536
1546.034
1547.225
1548.202
1549.03
1535.767
1537.832
1540.827
1543.133
1544.933
1546.326
1547.433
1548.334
1549.105
1549.795
1539.212
1542.024
1544.182
1545.736
1546.927
1547.853
1548.613
1549.263
1549.86
1550.438
1544.114
1545.744
1546.951
1547.792
1548.46
1549.006
1549.49
1549.944
1550.413
5346000
1547.975
1548.436
1548.872
1549.185
1549.477
1549.746
1550.023
1550.339
5346000
5346000
5346000
5346000
5346000
5346000
5346000
5346000
5346000
5346000
5346000
5346000
5346000
5346000
5346000
5346000
5346000
5346000
5346000
5346000
5346000
5346000
5346000
5346000
5346000
5346000
5346000
5346000
5346000
5346000
5346000
5346000
5346000
5346000
5346000
5346000
5346000
5346000
5346000
5346000
5346000
5346000
5346000
5346000
5346000
5346000
5346000
5346000
5346000
1539.954
1540.04
1540.151
1540.256
1540.365
1540.473
1541.395
1543.21
1545.079
1546.991
1539.801
1539.893
1540.006
1540.112
1540.223
1541.15
1542.99
1544.892
1546.85
1548.85
1539.376
1539.467
1539.583
1539.692
1540.633
1542.515
1544.489
1546.546
1548.676
5346000
1538.585
1538.676
1538.796
1539.741
1541.669
1543.732
1545.956
1548.349
5346000
5346000
1537.334
1537.42
1538.352
1540.224
1542.281
1544.626
1547.484
5346000
5346000
5346000
1535.652
1536.434
1537.999
1539.526
1540.997
1542.296
1545.427
1547.262
1548.128
1548.662
1534.601
1535.878
1537.121
1538.212
1539.14
1541.569
1544.222
1545.922
1547.089
1547.942
1534.272
1535.304
1536.275
1537.07
1539.277
1542.152
1544.271
1545.836
1547.025
1547.953
1534.171
1535.007
1535.792
1537.909
1540.869
1543.184
1544.981
1546.375
1547.483
1548.384
1534.444
1535.128
1537.262
1540.236
1542.642
1544.536
1546.034
1547.225
1548.202
1549.03
1535.161
1537.199
1540.223
1542.612
1544.515
1546.007
1547.202
1548.175
1549.006
1549.746
1537.872
1540.76
1543.121
1544.904
1546.304
1547.406
1548.31
1549.078
1549.771
1550.428
1542.07
1544.113
1545.724
1546.898
1547.831
1548.587
1549.24
1549.833
1550.414
5346000
1545.794
1546.883
1547.78
1548.431
1548.984
1549.463
1549.92
1550.387
5346000
5346000
1548.486
1548.805
1549.172
1549.448
1549.723
1549.996
1550.315
5346000
5346000
5346000
5346000
5346000
5346000
5346000
5346000
5346000
5346000
5346000
5346000
5346000
5346000
5346000
5346000
5346000
5346000
5346000
5346000
5346000
5346000
5346000
5346000
5346000
5346000
5346000
5346000
5346000
5346000
5346000
5346000
5346000
5346000
5346000
5346000
5346000
5346000
5346000
5346000
5346000
5346000
5346000
5346000
5346000
5346000
5346000
1540.035
1540.127
1540.239
1540.344
1540.454
1541.374
1543.191
1545.059
1546.972
1548.92
1539.889
1539.981
1540.095
1540.202
1541.131
1542.969
1544.873
1546.829
1548.832
5346000
1539.465
1539.557
1539.674
1540.612
1542.496
1544.468
1546.527
1548.656
5346000
5346000
1538.676
1538.767
1539.724
1541.647
1543.712
1545.934
1548.33
5346000
5346000
5346000
1537.423
1538.319
1540.207
1542.258
1544.606
1547.462
5346000
5346000
5346000
5346000
1536.443
1537.96
1539.509
1540.972
1542.275
1545.403
1547.24
1548.102
1548.639
1549.034
1535.893
1537.076
1538.195
1539.113
1541.547
1544.196
1545.899
1547.063
1547.918
1548.582
1535.324
1536.225
1537.054
1539.25
1542.131
1544.245
1545.814
1546.999
1547.93
1548.687
1535.034
1535.736
1537.894
1540.84
1543.162
1544.954
1546.353
1547.456
1548.36
1549.128
1535.161
1537.199
1540.223
1542.612
1544.515
1546.007
1547.202
1548.175
1549.006
1549.746
1537.24
1540.155
1542.6
1544.485
1545.986
1547.175
1548.152
1548.98
1549.722
1550.421
1540.808
1543.051
1544.892
1546.275
1547.384
1548.284
1549.055
1549.744
1550.404
5346000
1544.165
1545.654
1546.886
1547.802
1548.564
1549.213
1549.81
1550.387
5346000
5346000
1546.935
1547.711
1548.418
1548.955
1549.441
1549.894
1550.363
5346000
5346000
5346000
1548.856
1549.105
1549.434
1549.694
1549.973
1550.289
5346000
5346000
5346000
5346000
5346000
5346000
5346000
5346000
5346000
5346000
5346000
5346000
5346000
5346000
5346000
5346000
5346000
5346000
5346000
5346000
5346000
5346000
5346000
5346000
5346000
5346000
5346000
5346000
5346000
5346000
5346000
5346000
5346000
5346000
5346000
5346000
5346000
5346000
5346000
5346000
5346000
5346000
5346000
5346000
1540.122
1540.215
1540.327
1540.433
1541.355
1543.171
1545.04
1546.952
1548.901
5346000
1539.977
1540.07
1540.184
1541.11
1542.95
1544.852
1546.811
1548.812
5346000
5346000
1539.555
1539.648
1540.594
1542.475
1544.449
1546.506
1548.637
5346000
5346000
5346000
1538.767
1539.694
1541.629
1543.69
1545.915
1548.308
5346000
5346000
5346000
5346000
1538.324
1540.172
1542.241
1544.583
1547.442
5346000
5346000
5346000
5346000
5346000
1537.972
1539.468
1540.955
1542.25
1545.381
1547.215
1548.08
1548.613
1549.011
1549.335
1537.094
1538.147
1539.097
1541.52
1544.175
1545.874
1547.04
1547.892
1548.559
1549.106
1536.25
1536.999
1539.235
1542.102
1544.223
1545.787
1546.976
1547.903
1548.663
1549.314
1535.767
1537.832
1540.827
1543.133
1544.933
1546.326
1547.433
1548.334
1549.105
1549.795
1537.24
1540.155
1542.6
1544.485
1545.986
1547.175
1548.152
1548.98
1549.722
1550.421
1540.205
1542.529
1544.474
1545.956
1547.153
1548.125
1548.956
1549.696
1550.397
5346000
1543.104
1544.82
1546.263
1547.355
1548.261
1549.028
1549.721
1550.377
5346000
5346000
1545.708
1546.816
1547.789
1548.535
1549.19
1549.783
1550.364
5346000
5346000
5346000
1547.763
1548.35
1548.941
1549.412
1549.871
1550.336
5346000
5346000
5346000
5346000
1549.155
1549.368
1549.681
1549.945
1550.266
5346000
5346000
5346000
5346000
5346000
5346000
5346000
5346000
5346000
5346000
5346000
5346000
5346000
5346000
5346000
5346000
5346000
5346000
5346000
5346000
5346000
5346000
5346000
5346000
5346000
5346000
5346000
5346000
5346000
5346000
5346000
5346000
5346000
5346000
5346000
5346000
5346000
5346000
5346000
5346000
1540.21
1540.303
1540.416
1541.334
1543.152
1545.02
1546.934
1548.881
5346000
5346000
1540.066
1540.159
1541.092
1542.929
1544.833
1546.79
1548.793
5346000
5346000
5346000
1539.646
1540.567
1542.457
1544.427
1546.487
1548.616
5346000
5346000
5346000
5346000
1539.696
1541.599
1543.673
1545.893
1548.289
5346000
5346000
5346000
5346000
5346000
1540.179
1542.206
1544.566
1547.419
5346000
5346000
5346000
5346000
5346000
5346000
1539.482
1540.911
1542.233
1545.355
1547.193
1548.054
1548.591
1548.985
1549.312
1549.599
1538.169
1539.045
1541.506
1544.147
1545.852
1547.014
1547.869
1548.532
1549.083
1549.564
1537.029
1539.175
1542.089
1544.195
1545.765
1546.949
1547.88
1548.637
1549.29
1549.884
1537.872
1540.76
1543.121
1544.904
1546.304
1547.406
1548.31
1549.078
1549.771
1550.428
1540.205
1542.529
1544.474
1545.956
1547.153
1548.125
1548.956
1549.696
1550.397
5346000
1542.584
1544.402
1545.944
1547.124
1548.103
1548.929
1549.672
1550.37
5346000
5346000
1544.876
1546.192
1547.342
1548.232
1549.005
1549.694
1550.354
5346000
5346000
5346000
1546.87
1547.72
1548.522
1549.161
1549.76
1550.337
5346000
5346000
5346000
5346000
1548.402
1548.874
1549.398
1549.842
1550.313
5346000
5346000
5346000
5346000
5346000
1549.417
1549.615
1549.93
1550.237
5346000
5346000
5346000
5346000
5346000
5346000
5346000
5346000
5346000
5346000
5346000
5346000
5346000
5346000
5346000
5346000
5346000
5346000
5346000
5346000
5346000
5346000
5346000
5346000
5346000
5346000
5346000
5346000
5346000
5346000
5346000
5346000
5346000
5346000
5346000
1540.299
1540.392
1541.317
1543.131
1545.001
1546.914
1548.863
5346000
5346000
5346000
1540.156
1541.067
1542.912
1544.812
1546.772
1548.773
5346000
5346000
5346000
5346000
1540.566
1542.43
1544.41
1546.466
1548.598
5346000
5346000
5346000
5346000
5346000
1541.602
1543.642
1545.876
1548.267
5346000
5346000
5346000
5346000
5346000
5346000
1542.214
1544.53
1547.403
5346000
5346000
5346000
5346000
5346000
5346000
5346000
1540.93
1542.185
1545.34
1547.166
1548.033
1548.565
1548.962
1549.286
1549.576
1549.846
1539.072
1541.448
1544.133
1545.824
1546.992
1547.843
1548.509
1549.056
1549.54
1549.994
1539.212
1542.024
1544.182
1545.736
1546.927
1547.853
1548.613
1549.263
1549.86
1550.438
1540.808
1543.051
1544.892
1546.275
1547.384
1548.284
1549.055
1549.744
1550.404
5346000
1542.584
1544.402
1545.944
1547.124
1548.103
1548.929
1549.672
1550.37
5346000
5346000
1544.458
1545.873
1547.111
1548.074
1548.907
1549.645
1550.346
5346000
5346000
5346000
1546.247
1547.272
1548.219
1548.976
1549.671
1550.327
5346000
5346000
5346000
5346000
1547.773
1548.454
1549.148
1549.731
1550.314
5346000
5346000
5346000
5346000
5346000
1548.924
1549.332
1549.828
1550.285
5346000
5346000
5346000
5346000
5346000
1549.662
1549.866
1550.223
5346000
5346000
5346000
5346000
5346000
5346000
5346000
5346000
5346000
5346000
5346000
5346000
5346000
5346000
5346000
5346000
5346000
5346000
5346000
5346000
5346000
5346000
5346000
5346000
5346000
5346000
5346000
5346000
5346000
5346000
1540.388
1541.292
1543.114
1544.981
1546.895
1548.843
5346000
5346000
5346000
5346000
1541.064
1542.886
1544.795
1546.751
1548.755
5346000
5346000
5346000
5346000
5346000
1542.43
1544.383
1546.449
1548.577
5346000
5346000
5346000
5346000
5346000
5346000
1543.646
1545.845
1548.251
5346000
5346000
5346000
5346000
5346000
5346000
5346000
1544.541
1547.366
5346000
5346000
5346000
5346000
5346000
5346000
5346000
5346000
1542.208
1545.285
1547.152
1548.005
1548.543
1548.935
1549.262
1549.549
1549.823
1550.097
1541.483
1544.071
1545.811
1546.964
1547.821
1548.483
1549.033
1549.513
1549.971
1550.437
1542.07
1544.113
1545.724
1546.898
1547.831
1548.587
1549.24
1549.833
1550.414
5346000
1543.104
1544.82
1546.263
1547.355
1548.261
1549.028
1549.721
1550.377
5346000
5346000
1544.458
1545.873
1547.111
1548.074
1548.907
1549.645
1550.346
5346000
5346000
5346000
1545.928
1547.041
1548.061
1548.877
1549.622
1550.319
5346000
5346000
5346000
5346000
1547.326
1548.15
1548.962
1549.642
1550.304
5346000
5346000
5346000
5346000
5346000
1548.505
1549.081
1549.717
1550.285
5346000
5346000
5346000
5346000
5346000
1549.38
1549.763
1550.271
5346000
5346000
5346000
5346000
5346000
1549.911
1550.159
5346000
5346000
5346000
5346000
5346000
5346000
5346000
5346000
5346000
5346000
5346000
5346000
5346000
5346000
5346000
5346000
5346000
5346000
5346000
5346000
5346000
5346000
5346000
5346000
5346000
1541.289
1543.089
1544.964
1546.875
1548.825
5346000
5346000
5346000
5346000
5346000
1542.884
1544.77
1546.734
1548.734
5346000
5346000
5346000
5346000
5346000
5346000
1544.383
1546.421
1548.56
5346000
5346000
5346000
5346000
5346000
5346000
5346000
1545.85
1548.219
5346000
5346000
5346000
5346000
5346000
5346000
5346000
5346000
1547.378
5346000
5346000
5346000
5346000
5346000
5346000
5346000
5346000
5346000
1545.318
1547.092
1547.992
1548.515
1548.913
1549.236
1549.526
1549.796
1550.073
1550.39
1544.114
1545.744
1546.951
1547.792
1548.46
1549.006
1549.49
1549.944
1550.413
5346000
1544.165
1545.654
1546.886
1547.802
1548.564
1549.213
1549.81
1550.387
5346000
5346000
1544.876
1546.192
1547.342
1548.232
1549.005
1549.694
1550.354
5346000
5346000
5346000
1545.928
1547.041
1548.061
1548.877
1549.622
1550.319
5346000
5346000
5346000
5346000
1547.095
1547.992
1548.864
1549.593
1550.297
5346000
5346000
5346000
5346000
5346000
1548.202
1548.895
1549.628
1550.275
5346000
5346000
5346000
5346000
5346000
1549.13
1549.652
1550.271
5346000
5346000
5346000
5346000
5346000
1549.809
1550.206
5346000
5346000
5346000
5346000
5346000
1550.203
5346000
5346000
5346000
5346000
5346000
5346000
5346000
5346000
5346000
5346000
5346000
5346000
5346000
5346000
5346000
5346000
5346000
5346000
5346000
5346000
1543.086
1544.939
1546.858
1548.805
5346000
5346000
5346000
5346000
5346000
5346000
1544.768
1546.708
1548.717
5346000
5346000
5346000
5346000
5346000
5346000
5346000
1546.422
1548.532
5346000
5346000
5346000
5346000
5346000
5346000
5346000
5346000
1548.225
5346000
5346000
5346000
5346000
5346000
5346000
5346000
5346000
5346000
5346000
5346000
5346000
5346000
5346000
5346000
5346000
5346000
5346000
5346000
1547.134
1547.928
1548.502
1548.885
1549.214
1549.499
1549.773
1550.046
1550.366
5346000
1545.794
1546.883
1547.78
1548.431
1548.984
1549.463
1549.92
1550.387
5346000
5346000
1545.708
1546.816
1547.789
1548.535
1549.19
1549.783
1550.364
5346000
5346000
5346000
1546.247
1547.272
1548.219
1548.976
1549.671
1550.327
5346000
5346000
5346000
5346000
1547.095
1547.992
1548.864
1549.593
1550.297
5346000
5346000
5346000
5346000
5346000
1548.044
1548.796
1549.58
1550.268
5346000
5346000
5346000
5346000
5346000
1548.945
1549.562
1550.261
5346000
5346000
5346000
5346000
5346000
1549.699
1550.206
5346000
5346000
5346000
5346000
5346000
1550.251
5346000
5346000
5346000
5346000
5346000
5346000
5346000
5346000
5346000
5346000
5346000
5346000
5346000
5346000
5346000
5346000
5346000
5346000
5346000
5346000
1544.936
1546.833
1548.788
5346000
5346000
5346000
5346000
5346000
5346000
5346000
1546.707
1548.692
5346000
5346000
5346000
5346000
5346000
5346000
5346000
5346000
1548.534
5346000
5346000
5346000
5346000
5346000
5346000
5346000
5346000
5346000
5346000
5346000
5346000
5346000
5346000
5346000
5346000
5346000
5346000
5346000
5346000
5346000
5346000
5346000
5346000
5346000
5346000
5346000
5346000
5346000
1547.975
1548.436
1548.872
1549.185
1549.477
1549.746
1550.023
1550.339
5346000
5346000
1546.935
1547.711
1548.418
1548.955
1549.441
1549.894
1550.363
5346000
5346000
5346000
1546.87
1547.72
1548.522
1549.161
1549.76
1550.337
5346000
5346000
5346000
5346000
1547.326
1548.15
1548.962
1549.642
1550.304
5346000
5346000
5346000
5346000
5346000
1548.044
1548.796
1549.58
1550.268
5346000
5346000
5346000
5346000
5346000
1548.847
1549.513
1550.254
5346000
5346000
5346000
5346000
5346000
1549.61
1550.196
5346000
5346000
5346000
5346000
5346000
1550.252
5346000
5346000
5346000
5346000
5346000
5346000
5346000
5346000
5346000
5346000
5346000
5346000
5346000
5346000
5346000
5346000
5346000
5346000
5346000
5346000
1546.831
1548.763
5346000
5346000
5346000
5346000
5346000
5346000
5346000
5346000
1548.691
5346000
5346000
5346000
5346000
5346000
5346000
5346000
5346000
5346000
5346000
5346000
5346000
5346000
5346000
5346000
5346000
5346000
5346000
5346000
5346000
5346000
5346000
5346000
5346000
5346000
5346000
5346000
5346000
5346000
5346000
5346000
5346000
5346000
5346000
5346000
5346000
5346000
5346000
5346000
1548.486
1548.805
1549.172
1549.448
1549.723
1549.996
1550.315
5346000
5346000
5346000
1547.763
1548.35
1548.941
1549.412
1549.871
1550.336
5346000
5346000
5346000
5346000
1547.773
1548.454
1549.148
1549.731
1550.314
5346000
5346000
5346000
5346000
5346000
1548.202
1548.895
1549.628
1550.275
5346000
5346000
5346000
5346000
5346000
1548.847
1549.513
1550.254
5346000
5346000
5346000
5346000
5346000
1549.562
1550.188
5346000
5346000
5346000
5346000
5346000
1550.243
5346000
5346000
5346000
5346000
5346000
5346000
5346000
5346000
5346000
5346000
5346000
5346000
5346000
5346000
5346000
5346000
5346000
5346000
5346000
5346000
1548.761
5346000
5346000
5346000
5346000
5346000
5346000
5346000
5346000
5346000
5346000
5346000
5346000
5346000
5346000
5346000
5346000
5346000
5346000
5346000
5346000
5346000
5346000
5346000
5346000
5346000
5346000
5346000
5346000
5346000
5346000
5346000
5346000
5346000
5346000
5346000
5346000
5346000
5346000
5346000
5346000
5346000
5346000
5346000
5346000
5346000
5346000
5346000
5346000
5346000
1548.856
1549.105
1549.434
1549.694
1549.973
1550.289
5346000
5346000
5346000
5346000
1548.402
1548.874
1549.398
1549.842
1550.313
5346000
5346000
5346000
5346000
5346000
1548.505
1549.081
1549.717
1550.285
5346000
5346000
5346000
5346000
5346000
1548.945
1549.562
1550.261
5346000
5346000
5346000
5346000
5346000
1549.562
1550.188
5346000
5346000
5346000
5346000
5346000
1550.235
5346000
5346000
5346000
5346000
5346000
5346000
5346000
5346000
5346000
5346000
5346000
5346000
5346000
5346000
5346000
5346000
5346000
5346000
5346000
5346000
5346000
5346000
5346000
5346000
5346000
5346000
5346000
5346000
5346000
5346000
5346000
5346000
5346000
5346000
5346000
5346000
5346000
5346000
5346000
5346000
5346000
5346000
5346000
5346000
5346000
5346000
5346000
5346000
5346000
5346000
5346000
5346000
5346000
5346000
5346000
5346000
5346000
5346000
5346000
5346000
5346000
5346000
5346000
5346000
5346000
5346000
5346000
5346000
5346000
5346000
1549.155
1549.368
1549.681
1549.945
1550.266
5346000
5346000
5346000
5346000
5346000
1548.924
1549.332
1549.828
1550.285
5346000
5346000
5346000
5346000
5346000
1549.13
1549.652
1550.271
5346000
5346000
5346000
5346000
5346000
1549.61
1550.196
5346000
5346000
5346000
5346000
5346000
1550.235
5346000
5346000
5346000
5346000
5346000
5346000
5346000
5346000
5346000
5346000
5346000
5346000
5346000
5346000
5346000
5346000
5346000
5346000
5346000
5346000
5346000
5346000
5346000
5346000
5346000
5346000
5346000
5346000
5346000
5346000
5346000
5346000
5346000
5346000
5346000
5346000
5346000
5346000
5346000
5346000
5346000
5346000
5346000
5346000
5346000
5346000
5346000
5346000
5346000
5346000
5346000
5346000
5346000
5346000
5346000
5346000
5346000
5346000
5346000
5346000
5346000
5346000
5346000
5346000
5346000
5346000
5346000
5346000
5346000
5346000
1549.417
1549.615
1549.93
1550.237
5346000
5346000
5346000
5346000
5346000
1549.38
1549.763
1550.271
5346000
5346000
5346000
5346000
5346000
1549.699
1550.206
5346000
5346000
5346000
5346000
5346000
1550.243
5346000
5346000
5346000
5346000
5346000
5346000
5346000
5346000
5346000
5346000
5346000
5346000
5346000
5346000
5346000
5346000
5346000
5346000
5346000
5346000
5346000
5346000
5346000
5346000
5346000
5346000
5346000
5346000
5346000
5346000
5346000
5346000
5346000
5346000
5346000
5346000
5346000
5346000
5346000
5346000
5346000
5346000
5346000
5346000
5346000
5346000
5346000
5346000
5346000
5346000
5346000
5346000
5346000
5346000
5346000
5346000
5346000
5346000
5346000
5346000
5346000
5346000
5346000
5346000
5346000
5346000
5346000
5346000
5346000
1549.662
1549.866
1550.223
5346000
5346000
5346000
5346000
5346000
1549.809
1550.206
5346000
5346000
5346000
5346000
5346000
1550.252
5346000
5346000
5346000
5346000
5346000
5346000
5346000
5346000
5346000
5346000
5346000
5346000
5346000
5346000
5346000
5346000
5346000
5346000
5346000
5346000
5346000
5346000
5346000
5346000
5346000
5346000
5346000
5346000
5346000
5346000
5346000
5346000
5346000
5346000
5346000
5346000
5346000
5346000
5346000
5346000
5346000
5346000
5346000
5346000
5346000
5346000
5346000
5346000
5346000
5346000
5346000
5346000
5346000
5346000
5346000
5346000
5346000
5346000
5346000
5346000
5346000
5346000
5346000
5346000
5346000
5346000
5346000
1549.911
1550.159
5346000
5346000
5346000
5346000
5346000
1550.251
5346000
5346000
5346000
5346000
5346000
5346000
5346000
5346000
5346000
5346000
5346000
5346000
5346000
5346000
5346000
5346000
5346000
5346000
5346000
5346000
5346000
5346000
5346000
5346000
5346000
5346000
5346000
5346000
5346000
5346000
5346000
5346000
5346000
5346000
5346000
5346000
5346000
5346000
5346000
5346000
5346000
5346000
5346000
5346000
5346000
5346000
5346000
5346000
5346000
5346000
5346000
5346000
5346000
5346000
5346000
5346000
5346000
5346000
5346000
5346000
5346000
5346000
5346000
5346000
1550.203
5346000
5346000
5346000
5346000
5346000
5346000
5346000
5346000
5346000
5346000
5346000
5346000
5346000
5346000
5346000
5346000
5346000
5346000
5346000
5346000
5346000
5346000
5346000
5346000
5346000
5346000
5346000
5346000
5346000
5346000
5346000
5346000
5346000
5346000
5346000
5346000
5346000
5346000
5346000
5346000
5346000
5346000
5346000
5346000
5346000
5346000
5346000
5346000
5346000
5346000
5346000
5346000
5346000
5346000
5346000
5346000
5346000
5346000
5346000
5346000
5346000
5346000
5346000
5346000
5346000
5346000
5346000
5346000
5346000
5346000
5346000
5346000
5346000
5346000
5346000
5346000
5346000
5346000
5346000
5346000
5346000
5346000
5346000
5346000
5346000
5346000
5346000
5346000
5346000
5346000
5346000
5346000
5346000
5346000
5346000
5346000
5346000
5346000
5346000
5346000
5346000
5346000
5346000
5346000
5346000
5346000
5346000
5346000
5346000
5346000
5346000
5346000
5346000
5346000
5346000
5346000
5346000
5346000
5346000
5346000
5346000
5346000
5346000
5346000
5346000
5346000
5346000
5346000
5346000
5346000
5346000
5346000
5346000
5346000
5346000
5346000
5346000
5346000
5346000
5346000
5346000
5346000
5346000
5346000
5346000
5346000
5346000
5346000
5346000
5346000
5346000
5346000
5346000
5346000
5346000
5346000
5346000
5346000
5346000
5346000
5346000
5346000
5346000
5346000
5346000
5346000
5346000
5346000
5346000
5346000
5346000
5346000
5346000
5346000
5346000
5346000
5346000
5346000
5346000
5346000
5346000
5346000
5346000
5346000
5346000
5346000
5346000
5346000
5346000
5346000
5346000
5346000
5346000
5346000
5346000
5346000
5346000
5346000
5346000
5346000
5346000
5346000
5346000
5346000
5346000
5346000
5346000
5346000
5346000
5346000
5346000
5346000
5346000
5346000
5346000
5346000
5346000
5346000
5346000
5346000
5346000
5346000
5346000
5346000
5346000
5346000
5346000
5346000
5346000
5346000
5346000
5346000
5346000
5346000
5346000
5346000
5346000
5346000
5346000
5346000
)
;

boundaryField
{
    interconnect0
    {
        type            calculated;
        value           uniform 0;
    }
    interconnectSides
    {
        type            calculated;
        value           uniform 0;
    }
    airInlet
    {
        type            calculated;
        value           nonuniform List<scalar> 0();
    }
    airOutlet
    {
        type            calculated;
        value           uniform 0;
    }
    cathodeSides
    {
        type            calculated;
        value           uniform 0;
    }
    electrolyteSides
    {
        type            calculated;
        value           uniform 0;
    }
    anodeSides
    {
        type            calculated;
        value           uniform 0;
    }
    fuelInlet
    {
        type            calculated;
        value           nonuniform List<scalar> 0();
    }
    fuelOutlet
    {
        type            calculated;
        value           uniform 0;
    }
    interconnect1
    {
        type            calculated;
        value           uniform 0;
    }
    procBoundary3to2
    {
        type            processor;
        value           nonuniform List<scalar> 
1400
(
5346000
5346000
5346000
5346000
5346000
5346000
5346000
5346000
5346000
5346000
5346000
5346000
5346000
5346000
5346000
5346000
5346000
5346000
5346000
5346000
5346000
5346000
5346000
5346000
5346000
5346000
5346000
5346000
5346000
5346000
5346000
5346000
5346000
5346000
5346000
5346000
5346000
5346000
5346000
5346000
5346000
5346000
5346000
5346000
5346000
5346000
5346000
5346000
5346000
5346000
5346000
5346000
5346000
5346000
5346000
5346000
5346000
5346000
5346000
5346000
1557.32
5346000
5346000
5346000
5346000
5346000
5346000
5346000
5346000
5346000
5346000
1557.312
1557.089
5346000
5346000
5346000
5346000
5346000
5346000
5346000
5346000
5346000
5346000
1557.269
1556.901
1556.914
5346000
5346000
5346000
5346000
5346000
5346000
5346000
5346000
5346000
5346000
1557.227
1556.717
1556.511
1556.771
5346000
5346000
5346000
5346000
5346000
5346000
5346000
5346000
5346000
5346000
1557.203
1556.575
1556.153
1556.11
1556.652
5346000
5346000
5346000
5346000
5346000
5346000
5346000
5346000
5346000
5346000
1557.203
1556.498
1555.888
1555.538
1555.665
1556.546
5346000
5346000
5346000
5346000
1561.141
5346000
5346000
5346000
5346000
5346000
1557.227
1556.498
1555.749
1555.123
1554.825
1555.129
1556.421
5346000
5346000
5346000
1560.953
1559.012
5346000
5346000
5346000
5346000
5346000
1557.269
1556.575
1555.749
1554.905
1554.222
1553.95
1554.423
1556.196
5346000
5346000
1560.555
1558.767
1556.951
5346000
5346000
5346000
5346000
5346000
1557.312
1556.717
1555.888
1554.905
1553.909
1553.12
1552.824
1553.399
1555.621
5346000
1559.847
1558.229
1556.662
1554.886
5346000
5346000
5346000
5346000
5346000
1557.32
1556.901
1556.153
1555.123
1553.909
1552.694
1551.73
1551.304
1551.761
1553.811
1558.273
1557.224
1556.024
1554.569
1552.476
5346000
5346000
5346000
5346000
5346000
1557.089
1556.511
1555.538
1554.222
1552.694
1551.178
1549.936
1549.174
1548.944
1550.58
1555.142
1554.861
1553.878
1552.158
1550.815
5346000
5346000
5346000
5346000
5346000
1556.914
1556.11
1554.825
1553.12
1551.178
1549.263
1547.587
1546.151
1546.598
1549.897
1552.731
1552.668
1551.474
1550.512
1549.15
5346000
5346000
5346000
5346000
5346000
1556.771
1555.665
1553.95
1551.73
1549.263
1546.83
1544.53
1544.142
1546.321
1548.88
1550.668
1550.32
1549.867
1548.866
1544.654
5346000
5346000
5346000
5346000
5346000
1556.652
1555.129
1552.824
1549.936
1546.83
1543.771
1542.656
1543.974
1545.788
1547.679
1548.557
1548.794
1548.264
1544.402
1536.387
5346000
5346000
5346000
5346000
5346000
1556.546
1554.423
1551.304
1547.587
1543.771
1541.947
1542.526
1543.615
1545.04
1546.204
1547.205
1547.27
1543.873
1536.153
1524.685
5346000
5346000
5346000
5346000
5346000
1556.421
1553.399
1549.174
1544.53
1541.948
1541.829
1542.235
1543.07
1543.997
1545.166
1545.815
1543.024
1535.676
1524.426
1511.888
5346000
5346000
5346000
5346000
5346000
1556.196
1551.761
1546.151
1542.657
1541.83
1541.562
1541.779
1542.259
1543.208
1543.958
1541.821
1534.953
1523.92
1511.567
1501.664
5346000
5346000
5346000
5346000
5346000
1555.621
1548.944
1544.142
1542.526
1541.564
1541.142
1541.085
1541.627
1542.179
1540.318
1534
1523.204
1510.961
1501.29
1494.641
5346000
5346000
5346000
5346000
5346000
1553.811
1546.598
1543.973
1542.235
1541.143
1540.497
1540.543
1540.742
1538.918
1532.884
1522.323
1510.132
1500.601
1494.225
1490.29
5346000
5346000
5346000
5346000
5346000
1550.58
1546.321
1543.615
1541.78
1540.498
1539.995
1539.755
1537.803
1531.928
1521.388
1509.127
1499.676
1493.472
1489.841
1488.28
5346000
5346000
5346000
5346000
1558.273
1549.897
1545.788
1543.07
1541.086
1539.995
1539.256
1537.042
1531.211
1520.689
1508.122
1498.561
1492.467
1489.031
1487.812
1666000
5346000
5346000
5346000
1559.847
1555.142
1548.88
1545.04
1542.259
1540.543
1539.256
1536.657
1530.734
1520.216
1507.428
1497.501
1491.248
1487.943
1486.967
1666000
1666000
5346000
5346000
1560.555
1557.224
1552.731
1547.679
1543.996
1541.627
1539.755
1536.657
1530.493
1519.91
1506.986
1496.828
1490.118
1486.61
1485.826
1666000
1666000
1666000
5346000
1560.954
1558.229
1554.862
1550.668
1546.204
1543.207
1540.742
1537.042
1530.493
1519.754
1506.698
1496.445
1489.424
1485.366
1484.414
1666000
1666000
1666000
1666000
1561.141
1558.767
1556.024
1552.668
1548.557
1545.166
1542.178
1537.804
1530.734
1519.753
1506.548
1496.215
1489.051
1484.575
1483.084
1666000
1666000
1666000
1666000
1666000
1559.012
1556.662
1553.878
1550.32
1547.205
1543.957
1538.917
1531.211
1519.91
1506.548
1496.1
1488.842
1484.128
1482.207
1666000
1666000
1666000
1666000
1666000
1666000
1556.952
1554.569
1551.474
1548.793
1545.815
1540.317
1531.928
1520.216
1506.698
1496.1
1488.744
1483.873
1481.69
1666000
1666000
1666000
1666000
1666000
1666000
1666000
1554.886
1552.158
1549.866
1547.27
1541.819
1532.882
1520.688
1506.986
1496.215
1488.744
1483.753
1481.386
1666000
1666000
1666000
1666000
1666000
1666000
1666000
1666000
1552.476
1550.512
1548.264
1543.022
1533.998
1521.385
1507.427
1496.444
1488.842
1483.753
1481.241
1666000
1666000
1666000
1666000
1666000
1666000
1666000
1666000
1666000
1550.815
1548.866
1543.872
1534.951
1522.32
1508.118
1496.827
1489.05
1483.873
1481.241
1666000
1666000
1666000
1666000
1666000
1666000
1666000
1666000
1666000
1666000
1549.15
1544.402
1535.675
1523.201
1509.123
1497.497
1489.423
1484.128
1481.386
1666000
1666000
1666000
1666000
1666000
1666000
1666000
1666000
1666000
1666000
1539.873
1544.654
1536.153
1523.918
1510.129
1498.557
1490.115
1484.574
1481.69
1666000
1666000
1666000
1666000
1666000
1666000
1666000
1666000
1666000
1666000
1539.639
1539.928
1536.387
1524.425
1510.959
1499.674
1491.244
1485.362
1482.206
1666000
1666000
1666000
1666000
1666000
1666000
1666000
1666000
1666000
1666000
1539.126
1539.695
1539.992
1524.684
1511.565
1500.6
1492.465
1486.606
1483.08
1666000
1666000
1666000
1666000
1666000
1666000
1666000
1666000
1666000
1666000
1538.249
1539.181
1539.759
1540.062
1511.887
1501.288
1493.471
1487.942
1484.41
1666000
1666000
1666000
1666000
1666000
1666000
1666000
1666000
1666000
1666000
1536.929
1538.305
1539.246
1539.828
1540.136
1501.664
1494.223
1489.03
1485.825
1666000
1666000
1666000
1666000
1666000
1666000
1666000
1666000
1666000
1666000
1535.231
1536.984
1538.37
1539.316
1539.904
1540.218
1494.641
1489.838
1486.966
1666000
1666000
1666000
1666000
1666000
1666000
1666000
1666000
1666000
1666000
1533.542
1535.282
1537.048
1538.44
1539.392
1539.985
1540.306
1490.29
1487.809
1666000
1666000
1666000
1666000
1666000
1666000
1666000
1666000
1666000
1666000
1532.147
1533.591
1535.341
1537.116
1538.516
1539.474
1540.073
1540.394
1488.28
1666000
1666000
1666000
1666000
1666000
1666000
1666000
1666000
1666000
1666000
1531.177
1532.193
1533.645
1535.404
1537.19
1538.598
1539.563
1540.162
1540.482
1666000
1666000
1666000
1666000
1666000
1666000
1666000
1666000
1666000
1666000
1530.685
1531.222
1532.245
1533.703
1535.472
1537.27
1538.688
1539.653
1540.252
1540.572
1666000
1666000
1666000
1666000
1666000
1666000
1666000
1666000
1666000
1530.685
1530.729
1531.272
1532.299
1533.765
1535.544
1537.357
1538.778
1539.743
1540.341
1541.473
1666000
1666000
1666000
1666000
1666000
1666000
1666000
1666000
1531.177
1530.729
1530.779
1531.325
1532.356
1533.831
1535.622
1537.444
1538.869
1539.834
1541.25
1543.27
1666000
1666000
1666000
1666000
1666000
1666000
1666000
1532.147
1531.222
1530.779
1530.83
1531.379
1532.418
1533.901
1535.701
1537.533
1538.96
1540.755
1543.069
1545.118
1666000
1666000
1666000
1666000
1666000
1666000
1533.542
1532.193
1531.272
1530.83
1530.883
1531.438
1532.484
1533.972
1535.779
1537.622
1539.889
1542.617
1544.951
1547.011
1666000
1666000
1666000
1666000
1666000
1535.231
1533.591
1532.245
1531.325
1530.883
1530.941
1531.501
1532.549
1534.042
1535.857
1538.522
1541.793
1544.569
1546.889
1548.939
1666000
1666000
1666000
1666000
1536.929
1535.282
1533.645
1532.299
1531.379
1530.941
1531.003
1531.564
1532.614
1534.111
1536.647
1540.377
1543.836
1546.606
1548.87
5346000
1666000
1666000
1666000
1538.249
1536.984
1535.341
1533.703
1532.356
1531.438
1531.003
1531.064
1531.625
1532.677
1534.811
1538.176
1542.41
1546.038
1548.715
5346000
5346000
1666000
1666000
1539.126
1538.305
1537.048
1535.404
1533.765
1532.418
1531.501
1531.064
1531.125
1531.686
1533.322
1536.102
1539.686
1544.734
1548.41
5346000
5346000
5346000
1666000
1539.639
1539.181
1538.37
1537.116
1535.472
1533.831
1532.484
1531.564
1531.125
1531.184
1532.302
1534.484
1537.303
1541.133
1547.569
5346000
5346000
5346000
5346000
1539.873
1539.695
1539.246
1538.44
1537.19
1535.544
1533.901
1532.549
1531.625
1531.184
1531.787
1533.399
1535.537
1538.378
1542.413
5346000
5346000
5346000
5346000
5346000
1539.928
1539.759
1539.316
1538.516
1537.27
1535.622
1533.972
1532.614
1531.686
1531.787
1532.858
1534.385
1536.462
1539.282
1545.521
5346000
5346000
5346000
5346000
5346000
1539.992
1539.828
1539.392
1538.598
1537.357
1535.701
1534.042
1532.677
1532.302
1532.858
1533.818
1535.248
1537.241
1541.691
1547.335
5346000
5346000
5346000
5346000
5346000
1540.062
1539.904
1539.474
1538.688
1537.444
1535.779
1534.111
1533.322
1533.399
1533.818
1534.658
1535.981
1539.423
1544.319
1548.176
5346000
5346000
5346000
5346000
5346000
1540.136
1539.985
1539.563
1538.778
1537.533
1535.857
1534.811
1534.484
1534.385
1534.658
1535.375
1538.083
1542.277
1545.997
1548.688
5346000
5346000
5346000
5346000
5346000
1540.218
1540.074
1539.653
1538.869
1537.622
1536.647
1536.102
1535.537
1535.248
1535.375
1537.452
1541.016
1544.37
1547.139
1549.061
5346000
5346000
5346000
5346000
5346000
1540.306
1540.162
1539.743
1538.96
1538.522
1538.176
1537.303
1536.462
1535.981
1537.452
1540.413
1543.31
1545.914
1547.969
1549.362
5346000
5346000
5346000
5346000
5346000
1540.394
1540.252
1539.834
1539.889
1540.377
1539.686
1538.378
1537.241
1538.083
1540.413
1542.79
1545.082
1547.077
1548.61
1549.626
5346000
5346000
5346000
5346000
5346000
1540.482
1540.341
1540.755
1541.794
1542.41
1541.133
1539.282
1539.423
1541.016
1542.79
1544.665
1546.454
1547.982
1549.134
1549.873
5346000
5346000
5346000
5346000
5346000
1540.572
1541.25
1542.617
1543.836
1544.734
1542.413
1541.691
1542.277
1543.31
1544.665
1546.137
1547.535
1548.715
1549.591
1550.124
5346000
5346000
5346000
5346000
5346000
1541.473
1543.069
1544.569
1546.038
1547.569
1545.521
1544.319
1544.37
1545.082
1546.137
1547.305
1548.413
1549.342
1550.022
1550.416
5346000
5346000
5346000
5346000
5346000
1543.27
1544.951
1546.606
1548.411
5346000
1547.335
1545.997
1545.914
1546.454
1547.305
1548.255
1549.157
1549.911
1550.464
5346000
5346000
5346000
5346000
5346000
1545.118
1546.889
1548.715
5346000
5346000
1548.176
1547.139
1547.077
1547.535
1548.255
1549.059
1549.823
1550.465
5346000
5346000
5346000
5346000
5346000
1547.011
1548.87
5346000
5346000
5346000
1548.688
1547.969
1547.982
1548.413
1549.059
1549.774
1550.455
5346000
5346000
5346000
5346000
5346000
1548.939
5346000
5346000
5346000
5346000
1549.061
1548.61
1548.715
1549.157
1549.774
1550.448
5346000
5346000
5346000
5346000
5346000
5346000
5346000
5346000
5346000
5346000
1549.362
1549.134
1549.342
1549.823
1550.448
5346000
5346000
5346000
5346000
5346000
5346000
5346000
5346000
5346000
5346000
1549.626
1549.591
1549.911
1550.455
5346000
5346000
5346000
5346000
5346000
5346000
5346000
5346000
5346000
5346000
1549.873
1550.022
1550.465
5346000
5346000
5346000
5346000
5346000
5346000
5346000
5346000
5346000
5346000
1550.124
1550.464
5346000
5346000
5346000
5346000
5346000
5346000
5346000
5346000
5346000
5346000
1550.416
5346000
5346000
5346000
5346000
5346000
5346000
5346000
5346000
5346000
5346000
5346000
5346000
5346000
5346000
5346000
5346000
5346000
5346000
5346000
5346000
5346000
5346000
5346000
5346000
5346000
5346000
5346000
5346000
5346000
5346000
5346000
5346000
5346000
5346000
5346000
5346000
5346000
5346000
5346000
5346000
5346000
5346000
5346000
5346000
5346000
5346000
5346000
5346000
5346000
5346000
5346000
5346000
5346000
5346000
5346000
5346000
5346000
5346000
5346000
5346000
)
;
    }
}
)

// processor4

1278
(dimensions      [1 -1 -2 -1 0 0 0];

internalField   nonuniform List<scalar> 0();

boundaryField
{
    interconnect0
    {
        type            calculated;
        value           nonuniform List<scalar> 0();
    }
    interconnectSides
    {
        type            calculated;
        value           nonuniform List<scalar> 0();
    }
    airInlet
    {
        type            calculated;
        value           nonuniform List<scalar> 0();
    }
    airOutlet
    {
        type            calculated;
        value           nonuniform List<scalar> 0();
    }
    cathodeSides
    {
        type            calculated;
        value           nonuniform List<scalar> 0();
    }
    electrolyteSides
    {
        type            calculated;
        value           nonuniform List<scalar> 0();
    }
    anodeSides
    {
        type            calculated;
        value           nonuniform List<scalar> 0();
    }
    fuelInlet
    {
        type            calculated;
        value           nonuniform List<scalar> 0();
    }
    fuelOutlet
    {
        type            calculated;
        value           nonuniform List<scalar> 0();
    }
    interconnect1
    {
        type            calculated;
        value           nonuniform List<scalar> 0();
    }
}
)

// processor5

1278
(dimensions      [1 -1 -2 -1 0 0 0];

internalField   nonuniform List<scalar> 0();

boundaryField
{
    interconnect0
    {
        type            calculated;
        value           nonuniform List<scalar> 0();
    }
    interconnectSides
    {
        type            calculated;
        value           nonuniform List<scalar> 0();
    }
    airInlet
    {
        type            calculated;
        value           nonuniform List<scalar> 0();
    }
    airOutlet
    {
        type            calculated;
        value           nonuniform List<scalar> 0();
    }
    cathodeSides
    {
        type            calculated;
        value           nonuniform List<scalar> 0();
    }
    electrolyteSides
    {
        type            calculated;
        value           nonuniform List<scalar> 0();
    }
    anodeSides
    {
        type            calculated;
        value           nonuniform List<scalar> 0();
    }
    fuelInlet
    {
        type            calculated;
        value           nonuniform List<scalar> 0();
    }
    fuelOutlet
    {
        type            calculated;
        value           nonuniform List<scalar> 0();
    }
    interconnect1
    {
        type            calculated;
        value           nonuniform List<scalar> 0();
    }
}
)

// processor6

1278
(dimensions      [1 -1 -2 -1 0 0 0];

internalField   nonuniform List<scalar> 0();

boundaryField
{
    interconnect0
    {
        type            calculated;
        value           nonuniform List<scalar> 0();
    }
    interconnectSides
    {
        type            calculated;
        value           nonuniform List<scalar> 0();
    }
    airInlet
    {
        type            calculated;
        value           nonuniform List<scalar> 0();
    }
    airOutlet
    {
        type            calculated;
        value           nonuniform List<scalar> 0();
    }
    cathodeSides
    {
        type            calculated;
        value           nonuniform List<scalar> 0();
    }
    electrolyteSides
    {
        type            calculated;
        value           nonuniform List<scalar> 0();
    }
    anodeSides
    {
        type            calculated;
        value           nonuniform List<scalar> 0();
    }
    fuelInlet
    {
        type            calculated;
        value           nonuniform List<scalar> 0();
    }
    fuelOutlet
    {
        type            calculated;
        value           nonuniform List<scalar> 0();
    }
    interconnect1
    {
        type            calculated;
        value           nonuniform List<scalar> 0();
    }
}
)

// processor7

1278
(dimensions      [1 -1 -2 -1 0 0 0];

internalField   nonuniform List<scalar> 0();

boundaryField
{
    interconnect0
    {
        type            calculated;
        value           nonuniform List<scalar> 0();
    }
    interconnectSides
    {
        type            calculated;
        value           nonuniform List<scalar> 0();
    }
    airInlet
    {
        type            calculated;
        value           nonuniform List<scalar> 0();
    }
    airOutlet
    {
        type            calculated;
        value           nonuniform List<scalar> 0();
    }
    cathodeSides
    {
        type            calculated;
        value           nonuniform List<scalar> 0();
    }
    electrolyteSides
    {
        type            calculated;
        value           nonuniform List<scalar> 0();
    }
    anodeSides
    {
        type            calculated;
        value           nonuniform List<scalar> 0();
    }
    fuelInlet
    {
        type            calculated;
        value           nonuniform List<scalar> 0();
    }
    fuelOutlet
    {
        type            calculated;
        value           nonuniform List<scalar> 0();
    }
    interconnect1
    {
        type            calculated;
        value           nonuniform List<scalar> 0();
    }
}
)
